batch_id,d1_ns,d2_ns,d3_ns,d4_ns,d5_ns,d6_ns,svc_ns,total_ns,num_faults,num_va_spaces,num_blocks
7659,68602,56431,910,337731,330773,10987,341183,477765,173,1,1
7660,14095,12702,150,156941,155052,13714,157908,198749,51,1,1
7661,21042,16424,164,87131,85095,4412,88125,130358,63,1,1
7662,2577,264,152,102578,102295,4863,103008,111013,1,1,1
7663,45820,53088,185,140057,134922,2258,141923,243412,178,1,1
7664,5719,281,163,33080,32791,2133,33541,42028,1,1,1
7665,10034,7484,125,110108,108979,6329,110806,134951,34,1,1
7666,17544,15950,149,99338,97298,2209,100377,136411,66,1,1
7667,59415,41087,165,135725,131908,16920,137296,255050,140,1,1
7668,24227,15622,149,127872,126086,11788,128796,180747,60,1,1
7669,30168,25985,152,104844,102168,2278,106062,164808,97,1,1
7670,13507,10740,156,92000,90574,2088,92812,119439,47,1,1
7671,58548,39908,151,132272,128531,13092,133781,245639,137,1,1
7672,15026,8923,161,109461,108237,13100,110246,147599,38,1,1
7673,27772,25080,153,111884,109286,2231,113106,168520,91,1,1
7674,11847,9062,145,91696,90461,2153,92442,115813,40,1,1
7675,60169,62585,175,135253,130891,10004,136977,270060,158,1,1
7676,17025,11310,145,109955,108471,14049,110751,153448,47,1,1
7677,34062,38989,143,108297,104493,2267,109828,185465,136,1,1
7678,16121,15317,139,113658,111777,2222,114603,148570,64,1,1
7679,59815,40016,138,134638,130799,23768,136136,260058,138,1,1
7680,17477,10681,142,109884,108427,16467,110662,155620,44,1,1
7681,29649,27968,146,103281,100411,2246,104581,164761,104,1,1
7682,20193,21164,144,97182,94862,2265,98250,142188,80,1,1
7683,59685,36769,152,129242,125675,34611,130706,262086,128,1,1
7684,18020,9068,141,109973,108663,19927,110704,158015,39,1,1
7685,30542,29048,179,103952,101045,2196,105265,167368,103,1,1
7686,15766,14542,150,94516,92803,2097,95409,128110,58,1,1
7687,59553,37592,156,130215,126646,28789,131816,258058,130,1,1
7688,20729,12582,249,125801,124181,15227,126752,175603,50,1,1
7689,24941,24320,159,98672,95965,2198,99882,151668,93,1,1
7690,18437,16815,154,95025,93024,2231,96011,133792,68,1,1
7691,59497,39150,147,143637,139990,33300,145132,277384,134,1,1
7692,17024,9373,155,109369,108078,16828,110127,153655,40,1,1
7693,23905,20576,163,96354,94101,2258,97443,144513,81,1,1
7694,16415,13368,166,91325,89601,2190,92235,124512,56,1,1
7695,28765,4423,159,106322,105529,38832,106950,179276,21,1,1
7696,18456,6035,147,108881,107915,15748,109524,150052,28,1,1
7697,28540,27121,148,100336,97506,2300,101649,159921,101,1,1
7698,15608,14661,172,67392,65665,2140,68373,101080,59,1,1
7699,5758,191,154,79345,79046,2144,79808,88214,1,1,1
7700,59377,39953,144,130510,126785,23956,132049,255682,139,1,1
7701,58981,43961,142,127543,123412,5803,129136,238200,148,1,1
7702,23547,23404,154,96824,94287,2588,98032,147899,86,1,1
7703,17894,18217,165,70867,68756,2599,71874,110899,71,1,1
7704,8553,2686,169,176928,176071,2176,177515,191270,15,1,2
7705,14137,11006,146,111506,110060,6917,112285,144667,46,1,1
7706,31266,32486,180,88998,85717,2142,90400,156626,117,1,1
7707,17021,15656,171,66477,64566,2128,67417,102529,63,1,1
7708,6209,230,147,65473,65177,2128,65948,74843,1,1,1
7709,59309,45896,230,194131,189855,28204,195880,329617,157,1,2
7710,17491,7899,150,107002,105857,15744,107740,149480,34,1,1
7711,16863,18055,158,48009,46114,1876,48756,85650,91,1,1
7712,11818,10705,109,39627,38358,1841,40149,64608,58,1,1
7713,23207,21664,117,80011,77834,1774,80733,127479,106,1,1
7714,13792,14247,142,76916,75147,1842,77561,107540,77,1,1
7715,16214,15845,136,45280,43556,1820,45942,79919,82,1,1
7716,10301,9993,101,39648,38416,1827,40166,62378,55,1,1
7717,39121,30849,144,83503,80672,1857,84389,156322,142,1,1
7718,9043,7801,98,72529,71444,1776,73001,91714,46,1,1
7719,20311,17135,160,43655,41873,1870,44349,83770,85,1,1
7720,13191,12003,112,38648,37311,1730,39208,66234,63,1,1
7721,22344,23962,116,79314,76959,1769,80075,128242,116,1,1
7722,12828,12326,107,73011,71581,1782,73568,100591,67,1,1
7723,14033,12465,140,41353,39941,1772,41963,70330,66,1,1
7724,10296,9136,103,40574,39136,2035,41088,62660,52,1,1
7725,4318,233,116,27725,27516,1952,28094,34685,1,1,1
7726,6395,3539,96,45350,44726,5061,45750,60840,24,1,1
7727,15680,8460,106,64481,63414,1896,64970,91098,47,1,1
7728,16274,14949,107,74437,72810,2145,75039,108504,78,1,1
7729,42764,11801,125,35353,33629,22575,35941,113176,61,1,1
7730,12266,3529,97,25637,25004,11644,26033,53561,24,1,1
7731,15796,6058,105,22825,22010,6991,23266,52209,35,1,1
7732,4144,196,92,23967,23779,1746,24283,30457,1,1,1
7733,24666,25148,109,78835,76403,1816,79614,131336,121,1,1
7734,12596,11995,99,88939,87477,1891,89537,116117,67,1,1
7735,12365,10077,119,32202,31027,1903,32738,57176,53,1,1
7736,7570,3151,90,38766,38214,1830,39143,51797,20,1,1
7737,4499,197,90,24388,24187,1805,24687,31271,1,1,1
7738,25763,24853,108,82926,80513,1967,83695,136382,121,1,1
7739,7254,4868,101,63528,62759,2800,63994,79017,30,1,1
7740,11650,5923,169,59492,58670,1747,60003,79413,35,1,1
7741,9763,6175,110,30073,29209,1721,30552,48304,36,1,1
7742,7437,5036,101,29708,28934,1775,30124,44465,31,1,1
7743,4208,206,98,24816,24606,1802,25138,31438,1,1,1
7744,22545,22584,106,59468,57235,2325,60171,107720,110,1,1
7745,12802,6302,100,58866,58032,1806,59323,80330,36,1,1
7746,10804,9863,152,74930,73700,1774,75497,98031,56,1,1
7747,10601,5896,225,51705,50109,2840,52570,72321,30,1,1
7748,5832,567,241,38374,37638,2464,39060,48732,3,1,1
7749,6276,489,270,37827,37476,2352,38482,47783,1,1,1
7750,5828,458,154,22900,22663,1930,23312,31615,2,1,1
7751,5273,3220,89,49889,48853,6075,50269,64933,21,1,1
7752,13509,4597,104,60135,59252,1898,60559,80659,29,1,1
7753,13504,14605,151,60547,58657,2555,61198,91968,75,1,1
7754,7701,1315,105,57297,56862,1786,57648,68542,10,1,1
7755,4117,199,101,25533,25271,1786,25853,32045,1,1,1
7756,4275,271,99,18968,18740,1847,19285,25766,2,1,1
7757,4561,306,100,22510,22252,1840,22827,29632,3,1,1
7758,23295,24078,104,85673,83113,1768,86423,135663,117,1,1
7759,11682,11275,220,58941,57529,1897,59677,84631,61,1,1
7760,9870,376,102,56383,56142,1796,56719,68849,3,1,1
7761,1277,198,103,24027,23823,1056,24350,26972,1,1,1
7762,4049,196,96,524,346,5261,810,10397,1,1,1
7763,19574,18667,98,61296,59350,2302,62011,102645,95,1,1
7764,8997,7826,100,58974,57947,1788,59443,78146,45,1,1
7765,11236,1445,127,59633,59258,1824,60028,74630,10,1,1
7766,24734,30057,107,75932,73055,1750,76762,133405,140,1,1
7767,4251,199,98,22510,22296,1883,22823,29244,1,1,1
7768,16415,16253,100,59805,58096,3137,60415,96311,84,1,1
7769,14528,15214,112,74639,72829,1699,75300,106838,82,1,1
7770,42201,25033,113,72740,70404,12723,73509,153561,116,1,1
7771,13263,8233,102,62398,61367,10433,62877,94900,46,1,1
7772,18915,17282,126,66944,65145,1892,67620,105818,86,1,1
7773,9289,6707,147,57980,57014,1826,58492,76410,40,1,1
7774,41779,37623,111,78965,75650,7975,79895,167371,168,1,1
7775,12817,9170,103,61773,60650,12897,62268,97245,50,1,1
7776,24615,26573,116,64260,61740,1744,65049,118075,125,1,1
7777,10566,7389,139,57435,56387,1725,57952,77726,44,1,1
7778,41766,39216,104,85159,81717,8023,86110,175218,176,1,1
7779,11989,7119,99,62453,61510,13652,62912,95766,40,1,1
7780,19636,19954,115,63249,61209,1775,63950,105416,100,1,1
7781,12048,11502,140,59761,58418,1848,60348,85842,63,1,1
7782,41764,27489,109,73347,70741,22081,74147,165584,131,1,1
7783,12484,7180,177,59632,58687,16335,60177,96272,41,1,1
7784,20173,21780,106,74416,72205,1776,75179,119013,109,1,1
7785,14243,12732,98,57319,55856,2047,57881,86997,69,1,1
7786,44447,29541,145,75956,73153,20754,76844,171870,138,1,1
7787,9628,2503,101,72224,71622,16629,72606,101474,17,1,1
7788,19377,18073,229,63550,61611,1794,64342,103683,92,1,1
7789,11489,10890,106,57760,56452,1802,58307,82581,60,1,1
7790,42286,28714,108,73578,70865,25276,74384,170760,134,1,1
7791,12901,7756,102,60512,59541,14946,60987,96679,43,1,1
7792,18078,18865,138,62696,60733,1802,63409,102258,94,1,1
7793,15265,15538,101,58397,56701,2057,59003,91957,82,1,1
7794,42490,30677,122,75900,73076,16543,76752,166566,142,1,1
7795,7572,3644,96,59652,59028,10853,60039,82193,23,1,1
7796,16190,15188,131,62705,60982,1808,63356,96636,79,1,1
7797,8367,6907,97,53555,52528,1866,54015,71244,42,1,1
7798,42329,27376,135,72921,70350,28155,73734,171694,129,1,1
7799,10407,3632,104,58640,58017,14179,59045,87353,24,1,1
7800,16807,15273,271,68105,66174,2386,69104,103884,67,1,1
7801,5747,224,147,43259,43009,1842,43702,51629,1,1,1
7802,12949,11309,128,42672,41137,1809,43245,69414,62,1,1
7803,4057,204,97,36803,36609,2169,37109,43629,1,1,1
7804,42074,29645,113,74173,71209,27224,74997,174040,137,1,1
7805,23960,5452,204,61893,61073,12674,62461,104645,32,1,1
7806,18842,21384,105,59256,56948,1795,59949,102116,102,1,1
7807,14058,13401,112,46260,44707,1885,46838,76275,71,1,1
7808,42333,30442,111,73565,70697,13840,74408,161125,142,1,1
7809,12527,12036,105,89106,87578,1861,89749,116272,67,1,1
7810,43163,13907,132,68762,67158,34977,69372,161523,70,1,1
7811,9001,1756,106,24520,24049,17205,24889,52943,13,1,1
7812,20763,8559,96,34372,33356,12299,34845,76558,46,1,1
7813,25258,17638,111,31486,29739,1867,32096,76951,82,1,1
7814,4739,199,104,37852,37649,1737,38176,44939,1,1,1
7815,1442,205,92,55302,55120,1016,55597,58355,1,1,1
7816,42342,34177,186,11613,8546,26280,12606,115494,154,1,1
7817,10892,9100,93,73751,72559,1902,74272,96255,52,1,1
7818,16147,15190,121,42798,41160,1771,43424,76636,78,1,1
7819,11956,10152,107,38832,37496,1810,39359,63368,56,1,1
7820,26887,24765,136,91322,88871,1765,92153,145673,122,1,1
7821,11877,10378,100,72792,71508,1715,73321,97385,59,1,1
7822,15936,14200,125,41578,39995,1738,42192,74166,75,1,1
7823,9511,7574,95,37318,36333,1803,37780,56763,43,1,1
7824,22144,23640,179,103750,101484,1770,104955,152616,110,1,1
7825,10563,9415,116,70821,69626,2992,71365,94425,53,1,1
7826,17029,15368,101,43140,41367,1816,43755,78071,80,1,1
7827,12044,11022,105,38551,37282,1781,39084,64030,59,1,1
7828,19318,21411,113,89053,86914,1798,89812,132440,105,1,1
7829,9584,7869,107,48274,47236,2700,48758,69005,46,1,1
7830,17698,12992,105,72853,71321,4191,73422,108402,68,1,1
7831,11825,8428,100,38882,37779,1771,39379,61493,48,1,1
7832,12275,10501,101,31225,29996,1753,31742,56368,57,1,1
7833,4485,213,97,25282,25077,1863,25590,32231,1,1,1
7834,16518,15693,144,74262,72539,3596,74929,110841,82,1,1
7835,11131,9663,106,71825,70630,3417,72334,96632,54,1,1
7836,13630,10470,119,31889,30638,1785,32454,58437,57,1,1
7837,8187,5016,90,27243,26489,1770,27658,42722,31,1,1
7838,4297,211,101,25329,25119,2082,25641,32313,1,1,1
7839,22613,35420,149,77295,74849,1802,78119,138061,123,1,1
7840,12576,13343,103,78099,76574,2191,78687,106889,73,1,1
7841,9181,5490,100,29577,28734,1741,30027,46532,34,1,1
7842,7592,3843,95,30094,29450,1724,30503,43752,25,1,1
7843,3776,196,96,23570,23380,2267,23881,30212,1,1,1
7844,23286,20612,103,101166,99045,2120,101898,148018,103,1,1
7845,12476,8875,104,60786,59623,1719,61325,84488,51,1,1
7846,4066,199,100,56653,56458,1791,56968,63109,1,1,1
7847,3456,1259,98,27301,26926,3819,27649,36272,10,1,1
7848,8203,5681,99,32189,31368,1873,32630,48481,34,1,1
7849,25382,25753,114,93511,91059,1837,94327,147400,123,1,1
7850,12705,13154,104,78941,77462,1734,79510,107189,69,1,1
7851,9771,3920,104,31812,31171,1732,32240,47763,24,1,1
7852,4601,608,88,22274,21979,1830,22601,29732,5,1,1
7853,4149,203,102,25286,25081,1827,25595,31861,1,1,1
7854,4318,197,95,17366,17182,1816,17665,24090,1,1,1
7855,8026,6782,95,66083,65128,4794,66543,86243,41,1,1
7856,4696,204,90,55968,55773,1840,56272,63102,1,1,1
7857,11198,10275,105,53507,52234,2044,54026,77636,58,1,1
7858,6162,199,95,54735,54519,2830,55036,64316,1,1,1
7859,4358,309,101,23187,22959,1728,23513,30002,2,1,1
7860,4075,198,96,18746,18538,1816,19050,25227,1,1,1
7861,4531,197,99,22136,21943,1809,22438,29064,1,1,1
7862,22913,34632,148,65227,62882,2121,66034,125803,116,1,1
7863,11666,3294,92,104168,103437,3989,104547,123584,21,1,2
7864,7972,197,118,58583,58373,1778,58932,68976,1,1,1
7865,4594,205,96,23220,22984,1746,23528,30162,1,1,1
7866,28378,29101,115,78476,75661,1783,79350,138719,137,1,1
7867,13027,12010,135,68223,66779,1811,68821,95767,64,1,1
7868,5605,197,122,57695,57477,1787,58035,65709,1,1,1
7869,40963,44577,104,79418,75424,4469,80465,170571,202,1,1
7870,20927,29773,157,62373,60333,1809,63084,115703,91,1,1
7871,9040,8124,101,43479,42449,1784,43953,62993,46,1,1
7872,12121,17754,98,49163,48007,1729,49673,81378,52,1,1
7873,42130,31440,137,76701,73744,12614,77657,163983,144,1,1
7874,13969,8460,94,62274,61218,10300,62747,95571,47,1,1
7875,17680,15544,137,64212,62511,1808,64880,100011,81,1,1
7876,9599,7213,93,56006,55030,1960,56465,75326,43,1,1
7877,42054,34145,113,75922,72869,12404,76801,165503,154,1,1
7878,14129,9316,98,74764,73660,12373,75291,111201,50,1,1
7879,22547,23145,119,65635,63401,1850,66381,114023,111,1,1
7880,12192,11322,249,88295,86470,2194,89160,115167,51,1,1
7881,52652,48682,244,135890,130550,9507,137794,249005,180,1,1
7882,21822,16831,300,102823,100946,10909,103901,153578,70,1,1
7883,24278,23920,395,106290,103540,2452,107644,158434,91,1,1
7884,16052,16896,185,93738,91825,2533,94632,130253,66,1,1
7885,53220,52210,195,126201,122400,23484,127843,257212,139,1,1
7886,22772,13888,164,105365,103691,18227,106260,161297,57,1,1
7887,31603,29244,152,103085,100040,2432,104381,167987,113,1,1
7888,13966,12660,146,111477,109404,2420,112409,141600,57,1,1
7889,55775,36308,197,123645,120193,23376,125199,240974,136,1,1
7890,20782,8115,123,99532,98223,14660,100216,144069,39,1,1
7891,54871,11710,163,62695,61277,32028,63484,162397,49,1,1
7892,28189,24810,180,70815,69632,5020,71563,129888,41,1,1
7893,16644,3839,105,42427,41671,17992,42968,81787,20,1,1
7894,34138,17623,120,71315,69162,11871,72169,136196,71,1,1
7895,12484,3900,167,64832,64077,2294,65450,84283,18,1,1
7896,50612,36246,271,102614,99386,25324,104026,216569,140,1,1
7897,14523,7296,135,120355,119365,18239,121069,161442,32,1,1
7898,20809,22104,198,69263,66882,1921,70133,115059,105,1,1
7899,12613,13469,103,56469,54931,1891,57054,85120,69,1,1
7900,42881,26575,117,74708,72142,26866,75490,171906,124,1,1
7901,13899,6580,93,75582,74694,12875,76056,109511,37,1,1
7902,19815,19385,106,60187,58230,1771,60865,101933,95,1,1
7903,11029,9752,112,56421,55213,2104,56937,79920,54,1,1
7904,42099,26971,110,71981,69463,22454,72755,164380,126,1,1
7905,12735,2958,137,59129,58591,11458,59553,86800,19,1,1
7906,20864,23564,107,65776,63472,1799,66517,112836,114,1,1
7907,16080,14285,114,41904,40317,1912,42507,74876,75,1,1
7908,4507,198,119,39015,38796,1750,39358,45900,1,1,1
7909,41388,18956,104,69827,67902,27692,70481,158618,92,1,1
7910,14120,5112,140,60848,60100,13510,61313,94154,30,1,1
7911,20489,24263,111,50030,47733,1823,50783,97455,115,1,1
7912,13074,12581,106,43189,41729,1778,43755,71286,69,1,1
7913,4539,199,94,37234,37037,1809,37543,44180,1,1,1
7914,41884,30865,107,72664,69896,14228,73500,160573,140,1,1
7915,13170,11715,142,74360,72967,2132,74956,102070,66,1,1
7916,18173,18326,108,44525,42655,1687,45180,83469,91,1,1
7917,12667,12094,106,40073,38689,1800,40628,67287,66,1,1
7918,4200,207,100,37307,37092,1719,37619,43832,1,1,1
7919,8572,1868,100,58637,58220,28135,58998,97656,13,1,1
7920,17697,17489,144,76620,74766,2627,77302,115213,89,1,1
7921,17102,22861,122,44153,42528,1863,44794,86712,79,1,1
7922,12718,11157,103,38843,37559,1781,39373,65121,60,1,1
7923,26139,23242,120,77763,75487,1897,78512,129876,114,1,1
7924,12916,11245,146,72930,71583,1741,73519,99514,62,1,1
7925,16205,15695,107,41674,39979,1797,42283,76079,80,1,1
7926,8764,6853,96,40735,39823,1807,41192,58707,40,1,1
7927,22220,24207,116,79569,77185,1870,80343,128730,118,1,1
7928,11023,9351,159,72662,71453,1828,73241,95536,54,1,1
7929,15598,14150,108,41593,40035,1792,42188,73819,74,1,1
7930,12100,11133,106,32288,31018,1730,32821,57875,59,1,1
7931,4716,356,98,25327,25073,1903,25668,32732,3,1,1
7932,21969,19460,119,77774,75768,1743,78465,121723,98,1,1
7933,12508,12564,167,72409,70959,3526,73041,101734,68,1,1
7934,16361,15663,101,40776,39093,1766,41395,75285,81,1,1
7935,10169,9256,101,30770,29640,1890,31260,52670,52,1,1
7936,10530,7248,106,95143,94010,1698,95623,115193,43,1,2
7937,11268,10199,193,72429,71105,2878,73051,97496,58,1,1
7938,16249,13423,106,38250,36766,1733,38822,70371,69,1,1
7939,8278,6005,100,29779,28914,1858,30216,46448,37,1,1
7940,4626,206,98,25385,25176,1792,25696,32409,1,1,1
7941,19791,20167,112,75869,73833,1806,76556,118413,100,1,1
7942,11773,10236,138,76097,74818,1509,76666,100284,58,1,1
7943,10582,6721,106,29764,28868,1857,30233,49484,39,1,1
7944,7620,3282,101,33879,33291,1919,34270,47191,22,1,1
7945,4132,200,99,25689,25475,1802,25995,32216,1,1,1
7946,25439,25407,108,80994,78611,1793,81772,134499,121,1,1
7947,10198,8673,144,55071,53954,2309,55615,76888,51,1,1
7948,8929,6205,102,81047,80018,1937,81515,98714,37,1,1
7949,12307,5563,376,51970,51052,2252,52987,73263,26,1,1
7950,5593,784,144,31633,31299,2079,32066,40677,4,1,1
7951,5463,262,140,32668,32377,2153,33057,41088,1,1,1
7952,5570,237,130,24956,24639,2018,25502,33463,1,1,1
7953,29982,31890,159,105982,103116,1898,107445,171546,123,1,1
7954,11823,10074,259,91412,89885,2332,92241,116607,45,1,1
7955,15719,4515,136,96094,95333,2204,96669,119394,23,1,1
7956,13799,6607,156,47093,46147,2223,47792,70562,31,1,1
7957,5447,593,128,31038,30713,2137,31482,39794,3,1,1
7958,5159,260,116,33066,32777,2129,33456,41133,1,1,1
7959,9348,4029,148,121185,120142,2112,121747,137381,20,1,2
7960,15928,1652,155,148860,148217,2133,149354,169217,8,1,2
7961,20199,19329,152,110080,107730,2184,111142,153018,80,1,1
7962,5595,290,121,93013,92694,3717,93405,103113,1,1,1
7963,5454,264,122,32277,32015,2239,32717,40803,1,1,1
7964,5144,236,144,25228,24959,2113,25658,33290,1,1,1
7965,5625,217,95,30606,30388,2065,30923,38962,1,1,1
7966,29892,29094,221,119541,116387,2094,120718,181934,113,1,1
7967,17385,17196,308,104419,102316,2171,105672,142610,67,1,1
7968,50173,48525,242,129556,124388,5050,131272,235370,189,1,1
7969,3910,459,204,32943,32647,2389,33481,40357,1,1,1
7970,24217,24295,111,67764,65325,2347,68528,119490,116,1,1
7971,11183,10422,95,64637,63343,1810,65149,88665,57,1,1
7972,14027,2821,132,60790,60261,1860,61220,80031,18,1,1
7973,3912,1432,105,60121,59695,8129,60478,74043,11,1,1
7974,42283,22042,131,87299,85123,15034,88033,167496,103,1,1
7975,7892,2431,94,30542,30046,11885,30905,53202,16,1,1
7976,19320,14015,103,51459,49901,7727,52025,93181,71,1,1
7977,41846,34011,108,77105,74058,12242,77993,166201,153,1,1
7978,14115,10670,144,63976,62696,10718,64548,100153,58,1,1
7979,18869,19561,110,63197,61201,1796,63874,104205,96,1,1
7980,11056,10310,132,59033,57764,1824,59585,82876,57,1,1
7981,42203,29996,103,75196,72487,12283,75997,160583,134,1,1
7982,12802,7014,143,61666,60720,11808,62175,93893,40,1,1
7983,23888,24963,110,64179,61763,1519,64936,115408,120,1,1
7984,12352,11202,93,58644,57324,1813,59165,84626,62,1,1
7985,41856,29482,108,86863,84125,21304,87729,180474,138,1,1
7986,14428,8244,101,60940,59923,15432,61417,99613,45,1,1
7987,23663,22965,125,65194,62877,1793,65950,114481,114,1,1
7988,13193,13030,105,56762,55267,1790,57334,85448,71,1,1
7989,42062,43461,146,74865,71910,20843,75794,182272,150,1,1
7990,10765,7099,100,61427,60487,15819,61887,95664,41,1,1
7991,21830,23026,113,66597,64325,1844,67335,114136,112,1,1
7992,13462,12111,102,56312,54900,1781,56879,84322,66,1,1
7993,43634,24389,140,72946,70688,27727,73709,169573,112,1,1
7994,11760,7014,102,59989,59065,15287,60453,94608,40,1,1
7995,21359,23274,129,64036,61738,1840,64801,111397,114,1,1
7996,13568,12990,104,55177,53702,1828,55737,84219,70,1,1
7997,42712,25653,159,73341,70891,26092,74161,168723,121,1,1
7998,12861,7708,102,58396,57433,14810,58861,94332,43,1,1
7999,20078,21697,116,61488,59362,1783,62202,105861,105,1,1
8000,14631,14847,102,57198,55572,1866,57791,89234,79,1,1
8001,42272,30204,164,75550,72774,25045,76450,174076,140,1,1
8002,14524,7697,96,61185,60204,12704,61652,96674,43,1,1
8003,19261,19922,109,60311,58280,1764,61003,102050,99,1,1
8004,12824,12079,106,58957,57567,1722,59510,86228,66,1,1
8005,42093,29643,130,73901,71168,20348,74748,166937,137,1,1
8006,13666,7354,97,60807,59831,10080,61270,92466,43,1,1
8007,18578,18769,116,56870,54965,1799,57542,96800,93,1,1
8008,15635,15402,105,55497,53834,2329,56129,89600,79,1,1
8009,4696,189,100,39390,39184,1801,39708,46539,1,1,1
8010,41755,17017,106,67770,66038,28626,68394,155902,83,1,1
8011,13578,4965,120,59337,58579,12819,59795,91259,31,1,1
8012,18757,18543,109,47977,46047,1875,48637,87909,93,1,1
8013,13651,13305,105,41306,39761,1916,41879,70848,72,1,1
8014,4857,329,133,38964,38704,1887,39329,46508,3,1,1
8015,42101,31165,133,72402,69516,21250,73270,167877,145,1,1
8016,10594,8351,96,70046,68967,1757,70534,91329,48,1,1
8017,19576,20616,147,64099,61570,2540,65079,107930,96,1,1
8018,17727,18703,273,72833,70001,3228,74066,113938,60,1,1
8019,34723,33571,334,128189,123692,2749,130152,201636,114,1,1
8020,14952,12191,247,137291,135423,2285,138384,167979,51,1,1
8021,23858,21846,236,72517,70031,2224,73772,121858,82,1,1
8022,15794,14544,152,63353,61648,2290,64340,97123,60,1,1
8023,31698,27426,148,131763,128864,2177,133104,194563,100,1,1
8024,18880,17251,138,127091,124997,2180,128037,166499,70,1,1
8025,23219,22499,187,70155,67746,2170,71359,119381,85,1,1
8026,13528,10930,155,66023,64581,2274,66869,93735,45,1,1
8027,27382,24655,180,134767,132250,2237,135981,190453,91,1,1
8028,13717,11765,139,135368,133669,2269,136238,164154,51,1,1
8029,18148,13936,171,69621,67822,2260,70588,105065,58,1,1
8030,16457,11877,149,48986,47379,2580,49863,80925,49,1,1
8031,5473,244,141,41879,41572,2567,42290,50708,1,1,1
8032,25878,25416,173,125783,123080,2243,127047,180744,94,1,1
8033,20181,21073,182,129040,126869,2139,130178,173721,80,1,1
8034,24549,16899,175,68780,67103,2250,69747,113584,66,1,1
8035,14806,13159,156,50931,49199,2212,51789,82087,54,1,1
8036,28633,27985,172,138929,135855,2233,140226,199212,103,1,1
8037,15639,15005,192,132178,130309,2118,133208,166121,62,1,1
8038,16589,13188,154,52329,50653,2244,53217,85404,53,1,1
8039,10312,6958,144,44769,43706,2206,45457,65072,32,1,1
8040,5645,288,163,42664,42401,2160,43114,51358,1,1,1
8041,12007,8815,155,82990,81672,18284,83726,122962,37,1,1
8042,29248,15653,214,176363,174261,4548,177266,227015,61,1,2
8043,14908,14829,149,135550,133781,2221,136517,168606,59,1,1
8044,58647,13063,145,49827,48144,14684,50698,137226,52,1,1
8045,19365,8074,152,35058,33993,10560,35749,73886,32,1,1
8046,42825,10222,196,34632,33323,3274,35435,92065,41,1,1
8047,6174,394,137,37735,37413,2285,38193,47196,2,1,1
8048,36430,34680,155,144942,141532,2124,146450,219826,127,1,1
8049,15077,11983,144,132834,131141,2220,133607,163012,53,1,1
8050,12542,5656,226,45734,44719,2200,46509,67050,28,1,1
8051,5847,320,139,30505,30234,2122,30928,39333,1,1,1
8052,6047,1094,139,59178,58545,2150,59644,69056,7,1,2
8053,33835,34460,150,144866,141200,2262,146357,217058,126,1,1
8054,15236,14813,138,131685,129759,2290,132550,165045,60,1,1
8055,13084,4882,211,44241,43310,2207,44951,65268,25,1,1
8056,6154,516,137,31199,30843,2056,31639,40528,3,1,1
8057,28321,27031,164,144558,141656,2237,145829,203558,100,1,1
8058,15721,15262,147,98574,96615,2202,99516,132837,65,1,1
8059,19862,3433,197,104722,103985,2277,105348,131062,16,1,1
8060,5885,237,142,34564,34263,2203,35004,43482,1,1,1
8061,5800,217,148,26883,26584,2327,27287,35794,1,1,1
8062,5979,235,143,34300,34017,2057,34704,43122,1,1,1
8063,14775,19171,152,98809,97241,5823,99674,139608,55,1,1
8064,18135,18011,150,102418,100203,2280,103442,142014,73,1,1
8065,9478,255,140,115855,115549,2456,116324,128817,1,1,1
8066,58136,59016,163,141666,136415,3611,143640,264756,197,1,1
8067,5557,252,140,32084,31769,2307,32526,40780,1,1,1
8068,33761,34911,147,115834,112358,2660,117241,188695,121,1,1
8069,16570,28003,196,105148,103184,2207,106175,153090,64,1,1
8070,8082,285,166,99869,99557,2172,100328,111015,1,1,1
8071,15318,10193,148,112418,111069,9421,113213,148282,42,1,1
8072,18101,17856,149,68980,67071,1921,69693,107690,87,1,1
8073,9407,9170,178,42632,41405,1865,43230,63768,51,1,1
8074,13097,12059,93,48662,47220,1810,49197,76251,64,1,1
8075,42225,30820,108,78040,75219,11126,78860,163130,139,1,1
8076,10248,4471,103,59375,58670,10950,59785,85541,27,1,1
8077,24627,21827,150,77778,75255,2041,78568,127350,98,1,1
8078,9712,7323,106,57165,56159,1790,57646,76563,42,1,1
8079,41947,46665,149,82219,78689,6904,83219,178839,177,1,1
8080,11600,8255,97,62050,61037,13284,62524,95750,45,1,1
8081,22962,35315,152,65573,63196,1799,66385,126564,118,1,1
8082,11397,10648,102,60622,59347,1791,61154,85084,60,1,1
8083,42036,27292,112,74436,71927,21230,75237,165879,126,1,1
8084,14749,8787,105,62380,61325,15166,62860,101655,46,1,1
8085,22921,25041,155,65678,63224,1684,66499,116242,121,1,1
8086,16279,19356,173,69213,67132,1928,70242,108097,75,1,1
8087,42716,35416,103,79987,76686,17543,80902,176669,163,1,1
8088,17956,14191,106,80300,78686,10014,80932,123194,74,1,1
8089,14495,10512,102,57306,56016,2231,57847,85181,57,1,1
8090,7315,4596,87,59961,59121,1875,60394,74278,30,1,1
8091,52325,28802,152,74863,72066,24524,75757,181694,133,1,1
8092,12532,5529,105,72735,71848,16523,73227,107909,34,1,1
8093,15652,14096,104,61864,60186,1887,62457,94184,74,1,1
8094,12364,11802,226,58780,57284,1859,64834,90964,66,1,1
8095,42624,23353,104,74037,71709,25847,74785,166708,114,1,1
8096,12699,17103,147,60420,59551,12024,60935,102846,36,1,1
8097,18594,19670,105,60696,58637,1795,61378,101537,99,1,1
8098,13850,12824,100,57830,56345,2059,58391,87227,69,1,1
8099,42506,25660,108,72357,69911,26305,73120,167691,121,1,1
8100,12530,3373,135,58825,58237,12980,59256,88238,22,1,1
8101,18810,19392,108,60421,58466,1749,61097,101148,95,1,1
8102,11588,10388,190,55673,54438,1897,56282,80245,58,1,1
8103,41721,29503,103,73550,70827,27719,74369,173401,136,1,1
8104,14597,7104,227,62148,61202,14490,62728,99014,41,1,1
8105,12047,8685,103,58268,57165,1916,58770,81520,50,1,1
8106,15423,15934,103,46808,45096,2398,47439,81288,84,1,1
8107,4211,206,99,39563,39358,1787,39878,46167,1,1,1
8108,42336,26645,109,86109,83594,19144,86923,175144,125,1,1
8109,12210,5471,100,63379,62577,10592,63806,92172,32,1,1
8110,29576,22520,140,51281,49091,1894,52033,106167,109,1,1
8111,13810,12638,101,52753,51261,1829,53318,81703,69,1,1
8112,4380,227,106,40076,39862,1815,40415,46924,1,1,1
8113,41507,41717,162,73724,70893,20248,74623,178202,141,1,1
8114,9987,8678,107,73762,72640,1804,74269,94830,49,1,1
8115,20048,20864,115,48826,46705,1823,49552,92384,103,1,1
8116,15857,15426,101,45412,43757,2041,46010,79433,80,1,1
8117,23658,22175,105,93060,90801,1982,93820,141738,111,1,1
8118,12790,12250,107,73386,71927,1672,73949,100752,67,1,1
8119,50711,19057,284,116864,112962,30547,119343,220115,80,1,1
8120,27309,25500,142,156647,152215,6395,157888,217504,99,1,1
8121,25861,23087,325,137913,135022,2356,139305,190973,93,1,1
8122,17351,14598,178,122951,120307,3192,124337,159998,59,1,1
8123,20726,16110,335,54228,52328,2416,55144,94517,78,1,1
8124,8320,6090,139,39624,38662,1860,40109,56473,36,1,1
8125,22485,19869,110,78695,76605,1838,79372,123647,96,1,1
8126,8660,6658,117,71762,70754,1750,72236,89396,39,1,1
8127,15280,13415,108,42048,40544,1819,42625,73236,70,1,1
8128,14332,9297,537,60177,58393,2943,61410,88526,41,1,1
8129,6115,903,166,47057,46744,2196,47632,57071,1,1,1
8130,27788,29390,257,145731,141512,2476,147347,207379,115,1,1
8131,12449,11231,226,80863,79260,1889,81620,107293,60,1,1
8132,15154,10208,138,35840,34590,1802,36434,63700,54,1,1
8133,9332,6823,107,30132,29191,1887,30596,48729,40,1,1
8134,4684,198,87,25167,24975,1793,25460,32225,1,1,1
8135,20485,20393,105,77083,74987,2287,77781,121034,99,1,1
8136,9043,7165,104,74184,73129,1810,74659,92767,44,1,1
8137,14264,11152,188,32925,31615,1793,33603,60911,60,1,1
8138,9032,6326,96,28129,27232,1733,28574,45756,38,1,1
8139,4335,209,99,25550,25338,1749,25860,32246,1,1,1
8140,16330,18029,109,51646,49800,3568,52289,90307,89,1,1
8141,8586,5854,96,60349,59495,2066,60799,77395,36,1,1
8142,14089,14609,101,76000,74362,2812,76605,108208,77,1,1
8143,11780,7020,128,30456,29516,1882,30989,51770,41,1,1
8144,7492,3614,91,30296,29679,1821,30693,43712,24,1,1
8145,4304,210,101,24960,24751,1816,25288,31704,1,1,1
8146,5125,2896,94,48377,47812,5518,48755,62389,21,1,1
8147,16928,6571,121,61170,60247,3454,61658,88704,38,1,1
8148,13703,11874,98,77874,76440,2230,78420,106316,66,1,1
8149,9760,5216,126,35499,34720,1825,35996,52895,32,1,1
8150,4621,269,88,22225,21997,2016,22524,29524,2,1,1
8151,4592,200,94,23876,23684,1674,24167,30716,1,1,1
8152,4249,197,96,17035,16850,1607,17337,23476,1,1,1
8153,25159,26152,127,82433,79916,1467,83230,136100,125,1,1
8154,13138,8987,144,60289,59129,1865,60861,84941,52,1,1
8155,4288,198,119,67424,67205,1753,67839,74168,1,1,1
8156,4256,194,98,23341,23146,1817,23644,30000,1,1,1
8157,4304,198,95,17522,17349,2645,17800,25029,1,1,1
8158,4471,197,94,24349,24173,1877,24655,31288,1,1,1
8159,20230,20075,125,81517,79465,1813,82235,124451,101,1,1
8160,10057,9290,99,58617,57455,1945,59114,80509,53,1,1
8161,9235,927,116,56957,56630,1780,57322,69353,7,1,1
8162,4244,199,191,23630,23414,1903,24071,30510,1,1,1
8163,4541,200,123,18592,18375,1826,18921,25614,1,1,1
8164,4222,195,95,23554,23369,1957,23844,30310,1,1,1
8165,19075,20180,105,59798,57733,3173,60483,103003,102,1,1
8166,14032,11264,110,45923,44595,5678,46463,77532,62,1,1
8167,12297,11267,100,49343,48033,1670,49920,75243,61,1,1
8168,5657,317,94,56730,56480,1714,57077,64855,3,1,1
8169,41817,39605,196,78958,75397,3708,80041,165269,182,1,1
8170,4265,196,126,22478,22277,2093,22812,29456,1,1,1
8171,21548,19182,126,68684,66714,1854,69389,112095,97,1,1
8172,14077,14691,108,62323,60682,1807,62937,93606,78,1,1
8173,41934,29231,123,86571,83928,11282,87451,170000,134,1,1
8174,11455,4868,96,60507,59771,10721,60941,88073,30,1,1
8175,19559,18229,133,61852,59943,1868,62547,102302,92,1,1
8176,9552,8633,102,67036,65724,3055,67559,88919,49,1,1
8177,52663,32294,191,76804,73896,14547,77761,177363,148,1,1
8178,12836,9072,97,62263,61142,11196,62750,95952,51,1,1
8179,18768,17751,108,62085,60234,1871,62746,101237,90,1,1
8180,8782,7611,97,57444,56399,1790,57922,76203,46,1,1
8181,42033,36623,162,78394,75094,8685,79387,166835,168,1,1
8182,10913,6963,100,60665,59727,16136,61119,95223,41,1,1
8183,21826,22311,111,63662,61427,1809,64396,110444,111,1,1
8184,10586,10226,100,58128,56887,1786,58651,81342,58,1,1
8185,41824,31454,131,77696,74820,18829,78575,170785,145,1,1
8186,13089,8593,107,68019,66953,14841,68503,105123,47,1,1
8187,20343,20889,119,63903,61798,1801,64614,107739,104,1,1
8188,13356,13496,99,58393,56843,1876,58968,87786,74,1,1
8189,42079,24975,128,74058,71608,26640,74847,168647,121,1,1
8190,12384,6356,102,59937,59062,14945,60380,94154,37,1,1
8191,20978,20290,108,61159,59096,1766,61854,104989,101,1,1
8192,18954,17395,332,108474,106509,2100,110232,148981,70,1,1
8193,41819,22733,167,74776,72438,26982,75593,167233,109,1,1
8194,13791,7937,103,61828,60815,15982,62301,100105,44,1,1
8195,20732,21968,109,60463,58236,1779,61180,105765,107,1,1
8196,11831,11003,142,58858,57505,1911,59449,84288,60,1,1
8197,42154,28130,104,74173,71493,19082,74968,164437,133,1,1
8198,13269,8923,106,61083,59986,11498,61577,95351,50,1,1
8199,41675,41649,118,224770,221158,7574,225799,316801,185,1,1
8200,42165,27769,97,51415,48812,8801,52209,131047,131,1,1
8201,4334,304,97,36870,36623,1786,37198,43712,3,1,1
8202,41846,34084,115,76596,73498,10915,77506,164455,156,1,1
8203,16109,11041,106,63512,62226,7231,64048,98520,60,1,1
8204,22136,22069,134,61718,59580,1860,62469,108638,106,1,1
8205,9336,7870,104,51834,50785,1807,52325,71428,47,1,1
8206,42077,31768,103,71930,69094,27419,72774,174140,144,1,1
8207,9071,3860,95,57512,56885,14352,57898,85271,24,1,1
8208,18728,17419,132,57718,55850,1832,58409,96525,90,1,1
8209,13839,13364,96,41588,40087,1851,42142,71289,71,1,1
8210,4371,208,100,37736,37519,1795,38041,44495,1,1,1
8211,2408,196,94,54990,54803,27513,55294,85500,1,1,1
8212,15050,5899,102,59728,58896,10895,60170,92107,35,1,1
8213,24735,24080,134,48889,46565,1806,49676,100400,116,1,1
8214,12472,12228,106,40972,39582,1884,41523,68198,64,1,1
8215,4264,203,98,38031,37818,1787,38343,44676,1,1,1
8216,41990,30213,113,72224,69393,16388,73059,161738,141,1,1
8217,11274,9813,107,72983,71777,1783,73503,96460,55,1,1
8218,17572,15563,140,44309,42621,1851,44972,80056,81,1,1
8219,12553,11203,106,40373,39016,1816,40919,66585,63,1,1
8220,22040,20571,122,82226,80100,1817,82941,127472,104,1,1
8221,11718,10378,100,72111,70830,1787,72640,96611,60,1,1
8222,15028,12238,133,43499,42070,1714,44104,73190,67,1,1
8223,10799,8855,96,38658,37539,1783,39146,60675,51,1,1
8224,26936,29812,105,79909,77104,1757,80753,139357,142,1,1
8225,9866,8666,102,71025,69886,1724,71531,91879,51,1,1
8226,16734,14548,131,42411,40792,1795,43048,76259,77,1,1
8227,9888,8237,101,36566,35503,1752,37049,57018,48,1,1
8228,27901,28285,105,80104,77426,1793,80911,138996,135,1,1
8229,11061,9270,100,70038,68855,2208,70570,93201,54,1,1
8230,15682,12321,137,43235,41835,1791,43852,73751,66,1,1
8231,12519,8747,103,31187,30095,1822,31680,54860,49,1,1
8232,4497,197,99,25403,25190,1959,25711,32447,1,1,1
8233,20371,21942,115,77223,75008,1706,77944,122060,110,1,1
8234,12763,11320,107,71417,70061,2787,71962,98926,64,1,1
8235,13803,11404,164,34155,32813,1749,34775,61826,63,1,1
8236,8620,5644,98,27521,26684,1755,27953,44065,35,1,1
8237,4226,200,100,24032,23848,1784,24335,30632,1,1,1
8238,22143,21214,116,79024,76905,2153,79754,125370,105,1,1
8239,10717,10166,104,56856,55611,2143,57397,80515,57,1,1
8240,16244,8596,148,60148,59090,2119,60682,87734,47,1,1
8241,13710,9486,102,31519,30343,1464,32030,56782,53,1,1
8242,8269,4200,105,26451,25771,1696,26861,41118,27,1,1
8243,25665,25331,110,81352,78927,2031,82111,135237,121,1,1
8244,12402,10278,100,74813,73537,2556,75333,100657,59,1,1
8245,8921,6037,127,29831,28959,1844,30320,47221,36,1,1
8246,7685,4297,96,30493,29817,1772,30894,44751,27,1,1
8247,4300,214,99,25456,25240,1729,25769,32094,1,1,1
8248,12982,13166,95,56258,54774,4821,56820,87875,71,1,1
8249,9876,3707,103,58870,58253,1871,59276,74827,24,1,1
8250,15953,18044,103,72815,70905,2309,73508,109919,93,1,1
8251,8658,1163,104,58643,58312,1746,58993,70653,8,1,1
8252,10275,4377,101,31784,31070,1778,32208,48737,28,1,1
8253,4342,198,100,23660,23460,1716,23965,30317,1,1,1
8254,4770,198,99,25724,25508,1814,26017,32882,1,1,1
8255,4190,195,93,17747,17529,1723,18035,24234,1,1,1
8256,23037,24658,109,81772,79458,1871,82528,132190,116,1,1
8257,9495,18130,116,54310,53332,1826,54858,84393,43,1,1
8258,5746,585,96,55893,55617,3872,56211,66507,5,1,1
8259,4305,196,105,24335,24127,10282,24647,39517,1,1,1
8260,4673,350,95,49158,48720,2253,49506,56897,3,1,2
8261,22446,22451,126,84425,82154,1881,85188,132066,110,1,1
8262,10561,9674,103,74579,73353,1809,75135,97278,55,1,1
8263,16512,2448,108,57401,56887,1848,57803,78707,16,1,1
8264,4182,196,92,22300,22100,2170,22614,29248,1,1,1
8265,25429,24526,105,64111,61845,1771,64847,116674,113,1,1
8266,9816,8050,102,59683,58641,1771,60163,79894,47,1,1
8267,7420,197,139,59856,59617,1824,60203,69729,1,1,1
8268,41232,43645,102,79826,75944,4100,80874,169948,198,1,1
8269,4575,296,101,23181,22952,1810,23517,30288,2,1,1
8270,4874,3131,96,52111,51531,5025,52512,65629,21,1,1
8271,8899,7916,102,57363,56293,1959,57929,76789,47,1,1
8272,41418,32255,132,76211,73321,10852,77089,161715,147,1,1
8273,12206,8494,104,61932,60861,10124,62418,93334,48,1,1
8274,19961,17938,120,62360,60531,1857,63019,102877,89,1,1
8275,10698,8723,105,61341,60206,1740,61849,83104,50,1,1
8276,41856,35028,132,79452,76374,11398,80380,168765,158,1,1
8277,13181,7525,105,89092,87209,11822,89664,122333,41,1,1
8278,55245,31396,329,146406,142414,15550,148045,250714,108,1,1
8279,17558,8015,218,65287,63953,16511,66152,108560,35,1,1
8280,45714,32520,170,110314,106280,9076,111829,199461,113,1,1
8281,59298,51069,303,90501,86528,5358,92318,208382,182,1,1
8282,13978,8729,105,64774,63641,10352,65284,98438,48,1,1
8283,21612,21438,133,68899,66671,1931,69649,114736,104,1,1
8284,11190,10604,106,57850,56530,1981,58454,82325,59,1,1
8285,41878,41623,173,122446,114986,24526,124151,232513,154,1,1
8286,24214,15358,304,140195,137737,16572,141452,198078,60,1,1
8287,23473,25433,282,78974,76549,2044,80531,131831,100,1,1
8288,13541,13853,107,60562,58885,1770,61197,90457,74,1,1
8289,41920,24872,111,74247,71838,20101,75012,162047,119,1,1
8290,13170,5590,146,61217,60387,14094,61708,94657,33,1,1
8291,20355,19419,103,60900,58834,1825,61584,103279,97,1,1
8292,11655,9752,132,57214,56006,2067,57767,81340,55,1,1
8293,42207,23245,106,70216,67958,19888,70939,156378,111,1,1
8294,13003,8169,143,62044,61018,11434,62566,95262,45,1,1
8295,21539,23156,110,61658,59400,1841,62377,109012,110,1,1
8296,14798,14564,98,56284,54686,1768,56871,88096,76,1,1
8297,42695,24735,104,84472,82099,24968,85257,177756,118,1,1
8298,12800,6253,96,60925,60110,15412,61373,95935,34,1,1
8299,20438,21628,110,58850,56734,1897,59556,103619,104,1,1
8300,10683,9148,103,53228,52080,1771,53735,75428,52,1,1
8301,42304,28172,112,83326,80680,27310,84165,182046,133,1,1
8302,12187,4250,97,60710,60017,13721,61127,91380,27,1,1
8303,20613,19769,121,59013,56967,1949,59710,102144,100,1,1
8304,11310,9062,108,40609,39444,1744,41117,63323,53,1,1
8305,4592,218,96,36880,36688,1698,37178,43776,1,1,1
8306,52404,19966,156,70076,68024,24850,70832,168159,101,1,1
8307,11994,5219,94,59007,58239,12339,59423,89067,32,1,1
8308,17003,17135,112,58969,57141,1852,59614,95700,88,1,1
8309,12931,13145,112,44390,42901,1802,44964,72937,71,1,1
8310,4346,199,100,38203,37994,2029,38522,45186,1,1,1
8311,14123,4106,146,62473,61826,16803,62922,98046,24,1,1
8312,17280,9417,102,62674,61528,8623,63177,98588,52,1,1
8313,21447,21046,111,50883,48805,1785,51574,95956,102,1,1
8314,10543,9316,98,41504,40317,1758,42009,63715,54,1,1
8315,4466,367,102,38956,38698,1792,39290,46017,3,1,1
8316,54631,35779,161,74012,70855,11414,74990,176923,162,1,1
8317,12651,10871,99,73307,71984,2177,73831,99618,60,1,1
8318,18501,16303,112,43079,41321,1771,43729,80404,85,1,1
8319,10143,8654,96,38443,37327,1938,38940,59764,51,1,1
8320,21039,31133,169,79078,76998,2111,79849,134241,102,1,1
8321,15431,15557,98,76178,74460,1800,76781,109660,83,1,1
8322,12982,12159,114,42015,40585,1765,42589,69588,67,1,1
8323,12947,11357,97,40003,38671,1939,40535,66885,63,1,1
8324,31613,20128,147,78144,76085,1774,78885,132509,101,1,1
8325,8552,6626,178,71289,70366,1716,71822,88805,40,1,1
8326,15336,12680,136,41259,39825,1833,41854,71805,66,1,1
8327,12203,9491,147,62370,61034,2274,63079,87187,47,1,1
8328,43083,27693,357,125315,122133,2361,126948,200264,113,1,1
8329,11788,9949,190,79514,78178,1752,80168,103750,54,1,1
8330,15073,10574,186,56361,54932,1698,57279,84936,51,1,1
8331,13932,11471,183,46820,45281,2663,47605,75797,48,1,1
8332,5798,282,211,38187,37890,2511,38697,47404,1,1,1
8333,9597,7880,132,69768,68561,6138,70414,94177,38,1,1
8334,11863,8474,129,100266,98916,2149,100914,123709,43,1,1
8335,22265,22149,123,123319,120747,2175,124358,171062,88,1,1
8336,19859,14453,139,52789,51110,2267,53718,90486,60,1,1
8337,14733,9876,186,47166,45939,2282,47954,74985,45,1,1
8338,4511,328,158,38389,38105,2460,38850,46255,1,1,1
8339,30484,29832,110,124985,121745,2403,126113,188960,115,1,1
8340,12566,10180,172,124396,122816,2156,125268,150293,46,1,1
8341,14851,9281,226,46751,45487,2160,47532,73981,43,1,1
8342,10112,5043,128,41764,40907,2027,42300,59612,25,1,1
8343,5555,263,131,31965,31736,2055,32366,40393,1,1,1
8344,32388,29399,172,133739,130450,2174,135121,199436,117,1,1
8345,15590,14758,408,121956,120169,2684,123255,156451,58,1,1
8346,12554,9485,311,52168,50737,2298,53310,77769,45,1,1
8347,10563,6357,148,45132,44216,2205,45890,65128,29,1,1
8348,5382,477,140,34958,34679,1889,35352,43217,2,1,1
8349,21880,24452,120,64101,61472,1811,64859,113101,119,1,1
8350,16048,3450,102,58760,58172,7455,59144,86192,21,1,1
8351,12727,12664,105,55049,53517,1772,55605,82861,69,1,1
8352,8717,2294,180,59871,59384,4622,60335,76058,16,1,1
8353,42082,9763,104,34773,33603,4406,35278,91621,51,1,1
8354,14380,3616,104,27389,26750,3479,27794,49366,25,1,1
8355,4076,196,121,25269,25055,1836,25611,31800,1,1,1
8356,4189,204,98,17230,17037,1790,17520,23796,1,1,1
8357,3032,773,92,31558,31228,6234,31888,42018,7,1,1
8358,16364,13844,104,69065,67484,1812,69637,101752,73,1,1
8359,15244,27735,135,78808,77033,2172,79486,124721,84,1,1
8360,4748,208,100,23074,22870,1891,23389,30322,1,1,1
8361,4141,307,118,18842,18607,1772,19182,25484,2,1,1
8362,4219,204,92,21655,21433,1743,21953,28207,1,1,1
8363,20287,20344,131,83263,81205,1857,83971,126551,100,1,1
8364,10078,9120,97,68667,67444,1701,69214,90204,53,1,1
8365,9368,1225,99,57995,57633,1735,58356,70788,9,1,1
8366,4464,212,122,22272,22071,1747,22615,29127,1,1,1
8367,23107,19680,133,63798,61759,1733,64503,109132,98,1,1
8368,12563,11706,105,63830,62457,1781,64370,90513,64,1,1
8369,11185,11334,147,57779,57466,1804,58195,82620,6,1,1
8370,28667,33479,135,78417,75398,1740,79333,143340,154,1,1
8371,4127,197,178,23036,22825,1876,23415,29704,1,1,1
8372,14859,14543,106,60138,58526,3127,60729,93352,78,1,1
8373,12071,11274,111,60822,59453,1889,61384,86706,64,1,1
8374,42096,31484,155,76879,74000,11152,77787,162622,146,1,1
8375,13908,8558,104,61209,60113,9768,61708,94036,49,1,1
8376,16672,14582,110,61236,59632,1762,61849,94966,76,1,1
8377,11154,9432,97,56166,54974,1751,56672,79106,55,1,1
8378,42064,35805,132,77434,74274,11845,78371,168188,161,1,1
8379,11310,5147,100,59325,58575,13412,59741,89692,30,1,1
8380,22584,23147,128,63896,61623,1776,64657,112266,113,1,1
8381,9702,7886,99,64730,63689,1896,65266,84851,46,1,1
8382,41877,42737,113,79805,76196,7510,80818,173045,187,1,1
8383,11654,7087,121,64162,63219,12912,64662,96407,40,1,1
8384,20773,22284,105,63890,61637,1829,64619,109605,111,1,1
8385,23522,12534,236,59112,57652,1959,59814,97928,69,1,1
8386,42164,29109,106,75482,72783,19469,76310,167144,137,1,1
8387,12374,6673,106,59663,58758,16008,60117,95262,39,1,1
8388,23440,23359,106,63397,61112,1765,64133,112796,114,1,1
8389,12666,12186,153,59820,58367,1855,60452,87253,68,1,1
8390,42245,27886,110,72664,70100,22022,73461,165712,129,1,1
8391,13651,4544,177,59828,59110,16201,60317,94799,28,1,1
8392,20777,19998,111,60348,58296,1813,61041,103722,101,1,1
8393,10155,8632,130,56150,55036,1820,56693,77400,50,1,1
8394,42593,30664,105,74233,71492,27980,75056,176392,139,1,1
8395,12465,6930,101,59156,58245,15439,59609,94538,40,1,1
8396,24116,23190,105,75041,72736,1842,75818,125072,112,1,1
8397,13655,12540,103,55390,53918,1767,55954,84008,69,1,1
8398,47498,27213,144,81610,78581,30200,82455,187506,130,1,1
8399,22431,14545,157,104661,103121,13118,105690,155913,60,1,1
8400,23041,26264,216,96362,93630,2135,97647,149228,118,1,1
8401,11882,10381,216,61312,59944,1916,62008,86292,57,1,1
8402,56156,24636,157,115192,112462,29944,116262,227292,95,1,1
8403,19161,6421,156,118359,117286,13744,119088,158535,32,1,1
8404,17065,15205,199,92378,90467,2124,93332,128025,64,1,1
8405,20352,19376,144,76727,74324,2325,77758,119962,78,1,1
8406,5958,335,126,60843,60494,2355,61234,70022,1,1,1
8407,56660,35701,169,118082,114648,27156,119630,239353,131,1,1
8408,19224,10516,202,103887,102566,15146,104827,149861,47,1,1
8409,22870,20908,140,87187,84863,2300,88254,134462,85,1,1
8410,20647,20771,196,73262,70668,2369,74491,118619,88,1,1
8411,59085,33222,196,116544,113477,29641,117880,240170,130,1,1
8412,12954,11839,134,103055,101367,2139,103787,131004,57,1,1
8413,19620,21227,271,56020,53859,1953,56959,99857,101,1,1
8414,12088,11282,99,40897,39487,1728,41445,66634,59,1,1
8415,4142,211,106,39423,39207,2004,39750,46188,1,1,1
8416,54095,32331,175,74382,71323,21675,75322,183531,148,1,1
8417,11051,10434,106,72841,71550,1440,73360,96381,57,1,1
8418,19006,16412,117,42912,41142,1756,43554,80819,84,1,1
8419,12734,10558,100,38864,37600,1609,39399,64396,59,1,1
8420,24440,36601,227,82128,79585,1811,83557,146520,124,1,1
8421,11968,11159,111,74190,72863,1717,74737,99670,62,1,1
8422,17237,14651,108,41645,40071,1722,42259,75968,75,1,1
8423,9556,8959,104,40031,38970,1788,40537,60930,48,1,1
8424,23568,33501,151,80788,78528,1691,81584,140446,112,1,1
8425,11652,9745,105,71281,70084,1696,71794,94983,55,1,1
8426,42563,16871,108,68928,67230,23806,69569,152914,81,1,1
8427,11015,3450,103,24434,23864,15459,24834,54850,21,1,1
8428,20415,8560,104,24913,23898,20537,25419,75018,46,1,1
8429,17069,5793,139,28408,27607,1837,28901,53700,34,1,1
8430,18956,20226,110,78488,76469,1800,79181,120260,100,1,1
8431,9796,8173,120,72494,71442,3036,72998,94096,46,1,1
8432,13345,11634,105,40524,39114,1829,41081,67982,63,1,1
8433,11911,10495,108,45249,43977,1839,45813,70158,57,1,1
8434,4395,208,97,25808,25599,1868,26126,32674,1,1,1
8435,23597,25149,107,77142,74714,1978,77892,128713,122,1,1
8436,11575,10673,104,73030,71718,2662,73573,98571,60,1,1
8437,15278,9972,119,32139,30928,1797,32680,59834,55,1,1
8438,8321,4566,101,27106,26357,1771,27528,42280,30,1,1
8439,4196,195,133,26128,25925,1849,26490,32827,1,1,1
8440,26359,25935,108,78755,76299,1797,79530,133715,123,1,1
8441,9984,9642,96,55341,54111,2867,55860,78441,56,1,1
8442,17500,11557,96,61330,59994,2004,61857,93013,62,1,1
8443,11028,6199,104,29341,28498,1820,29790,48929,35,1,1
8444,8720,4594,146,30691,29994,1830,31156,46397,28,1,1
8445,3348,199,92,24085,23892,2274,24386,30299,1,1,1
8446,21708,23763,108,82194,79864,1740,82933,130230,116,1,1
8447,10719,9843,103,54171,52970,1876,54703,77234,55,1,1
8448,7153,3786,98,58423,57789,7806,58825,77663,24,1,1
8449,19843,7170,124,29857,28914,1760,30369,59242,41,1,1
8450,7406,3544,91,28999,28379,1805,29384,42235,24,1,1
8451,25760,27903,105,81885,79255,1831,82685,138270,132,1,1
8452,11340,10580,120,80554,79256,1842,81106,104965,59,1,1
8453,9597,4030,103,41455,40772,1794,41911,57434,26,1,1
8454,4401,363,95,22063,21813,1821,22371,29050,3,1,1
8455,4429,289,100,42080,41700,1830,42407,49044,2,1,2
8456,5489,2872,102,49379,48832,5454,49786,63693,20,1,1
8457,7549,594,96,56770,56495,1824,57095,67154,5,1,1
8458,10986,8601,105,54974,53849,1747,55473,76902,51,1,1
8459,5050,316,96,55267,55030,3579,55580,64616,3,1,1
8460,4704,185,143,23401,23203,1708,23775,30462,1,1,1
8461,4406,202,98,18590,18386,1718,18901,25313,1,1,1
8462,4101,204,100,21641,21459,1744,21944,28080,1,1,1
8463,25123,25274,109,84050,81613,1775,84819,137078,122,1,1
8464,11345,10453,100,59590,58320,1826,60107,83822,59,1,1
8465,9617,620,100,56529,56255,1789,56878,69024,5,1,1
8466,1773,204,178,22370,22174,2550,22768,27388,1,1,1
8467,20293,20075,109,63977,61984,2046,64659,107165,99,1,1
8468,12094,10514,105,62002,60726,1886,62529,87117,59,1,1
8469,8170,213,98,58038,57837,1836,58358,68671,1,1,1
8470,34585,40473,112,81566,77915,1859,82564,159579,186,1,1
8471,20514,21340,163,65844,63741,1871,66616,110449,103,1,1
8472,9551,7929,106,53003,51990,1810,53492,72874,46,1,1
8473,11209,7869,126,67137,65892,2185,67674,89080,44,1,1
8474,51330,38228,193,129392,125249,15153,130997,236244,139,1,1
8475,17608,11414,371,111222,109450,12364,112252,153957,53,1,1
8476,27387,26901,191,105173,102303,2404,106341,163344,104,1,1
8477,13583,12160,171,91805,90114,2193,92724,120803,53,1,1
8478,57066,55310,204,131064,127128,13909,132711,259151,151,1,1
8479,20206,13029,168,107718,106024,14082,108638,156106,55,1,1
8480,33405,31036,188,112881,109378,2366,114275,181245,118,1,1
8481,14414,14140,166,91229,89412,2252,92023,122982,60,1,1
8482,55258,55079,194,127200,122229,7997,129037,247549,191,1,1
8483,21421,16267,190,116633,114543,14609,117645,170280,65,1,1
8484,30360,32487,184,94656,91558,2335,95901,161405,131,1,1
8485,19693,20033,187,100653,98457,2413,101744,144024,75,1,1
8486,41696,39408,235,81975,78854,15520,83011,179734,149,1,1
8487,11800,6470,99,61849,60989,14700,62297,95357,36,1,1
8488,21521,20461,118,75659,73525,1821,76393,120306,102,1,1
8489,10921,10642,114,55896,54579,1843,56451,79949,60,1,1
8490,42064,31474,104,74726,71869,26009,75565,175198,144,1,1
8491,11993,3869,107,58174,57547,13031,58577,87562,24,1,1
8492,19291,14992,160,58821,57193,1818,59481,95686,77,1,1
8493,8030,6141,102,52822,51913,1935,53269,69475,38,1,1
8494,41998,27415,112,70837,68273,27836,71632,168976,128,1,1
8495,10820,4310,99,58786,58126,15469,59188,89880,26,1,1
8496,20744,19029,171,62663,60692,1864,63413,105150,95,1,1
8497,12249,11095,98,55571,54240,1830,56102,81366,62,1,1
8498,41856,30381,106,75220,72509,27740,76044,176120,137,1,1
8499,10653,5186,102,59794,59011,13973,60219,90120,32,1,1
8500,16438,17299,132,59546,57754,2043,60229,96114,86,1,1
8501,10251,8011,104,55512,54486,1830,55991,76177,46,1,1
8502,42089,25251,122,72604,70191,26576,73367,167385,118,1,1
8503,10090,2555,99,57028,56533,15331,57393,85456,17,1,1
8504,42019,9242,126,40160,39049,28524,40701,120583,49,1,1
8505,9945,603,106,37667,37367,2071,37997,50711,5,1,1
8506,9558,2711,96,23947,23435,16653,24326,53337,18,1,1
8507,23572,8336,101,38113,37050,11832,38593,82425,47,1,1
8508,24600,11880,106,32446,31127,5847,32986,75407,62,1,1
8509,4630,197,97,36440,36244,1555,36743,43214,1,1,1
8510,42211,31389,114,73034,70189,20406,73894,167992,144,1,1
8511,14723,7021,146,62393,61482,10916,62902,95653,39,1,1
8512,18996,19470,110,46257,44261,1757,46932,87246,96,1,1
8513,13970,13066,99,77918,76298,1817,78493,107440,70,1,2
8514,42432,28780,123,70454,67807,25324,71274,167915,133,1,1
8515,12347,11596,163,74855,73493,1818,75467,101327,64,1,1
8516,21734,22868,110,49401,47137,1905,50138,96778,112,1,1
8517,15228,16410,104,45697,43961,1811,46316,79861,84,1,1
8518,4384,209,102,37507,37300,1864,37835,44372,1,1,1
8519,10397,602,97,58316,58047,28968,58636,98694,5,1,1
8520,15309,14387,150,75310,73695,1767,75963,107533,77,1,1
8521,17388,17580,102,53822,51967,1803,54467,91340,90,1,1
8522,10133,8864,101,38982,37880,1898,39487,60473,50,1,1
8523,21369,23286,106,80602,78301,1759,81346,127862,114,1,1
8524,13596,12301,145,73366,71884,1843,73980,101812,69,1,1
8525,16617,15591,130,41474,39799,1749,42114,76163,80,1,1
8526,9673,9073,107,37339,36239,1818,37835,58491,49,1,1
8527,26793,25008,130,78391,75984,1825,79175,132901,121,1,1
8528,12542,10996,141,72281,70980,2156,72861,98638,61,1,1
8529,17111,18528,107,41836,39948,1727,42498,79957,92,1,1
8530,10277,9029,110,30557,29463,1785,31056,52242,50,1,1
8531,3933,206,94,24259,24068,1369,24560,30153,1,1,1
8532,24666,27940,129,78348,75686,1512,79189,133402,135,1,1
8533,5389,4190,133,45585,44901,4256,46027,59953,27,1,1
8534,11595,8252,100,60393,59360,2053,60862,82856,46,1,1
8535,14385,12100,130,40420,39020,1768,41016,69373,65,1,1
8536,11594,9561,104,30403,29208,1782,30910,53938,54,1,1
8537,9377,5985,96,94253,93222,1770,94717,111930,37,1,2
8538,10808,9379,141,49179,48031,3739,49752,73770,53,1,1
8539,10751,6880,101,60197,59275,1812,60652,80187,41,1,1
8540,12428,9784,137,33416,32232,2070,33987,58368,54,1,1
8541,8084,5041,91,29968,29198,1916,30389,45521,32,1,1
8542,4262,200,122,25715,25497,2024,26056,32624,1,1,1
8543,16207,14452,103,74431,72868,1843,75026,107635,75,1,1
8544,9454,8271,177,53753,52672,1845,54329,73995,49,1,1
8545,7736,3436,100,59129,58527,9857,59522,80640,23,1,1
8546,10709,6114,102,29594,28716,1709,30053,48675,36,1,1
8547,7487,5322,95,30549,29766,2008,30987,45896,33,1,1
8548,4119,198,120,24936,24722,1733,25281,31413,1,1,1
8549,21212,18724,112,79668,77742,1769,80340,122140,95,1,1
8550,12356,11905,134,75577,74183,1839,76165,102366,65,1,1
8551,9439,4210,187,30746,30053,1753,31256,46783,27,1,1
8552,4525,578,97,21935,21650,1816,22258,29274,5,1,1
8553,4371,529,91,40947,40547,1879,41264,48139,5,1,2
8554,22650,23415,114,80717,78454,1783,81469,129415,114,1,1
8555,10349,9742,144,76780,75556,1731,77340,99256,55,1,1
8556,8505,3758,100,30478,29840,1714,30888,44956,24,1,1
8557,4308,550,89,22124,21843,1909,22441,29306,5,1,1
8558,4306,210,117,24929,24719,1996,25265,31854,1,1,1
8559,6134,1898,102,66277,65689,1827,66640,76590,14,1,2
8560,11035,10912,156,59572,58255,12037,60150,94223,60,1,1
8561,5166,326,160,111950,111584,1693,112335,119615,3,1,2
8562,4369,212,116,28666,28429,1783,29034,35501,1,1,1
8563,4633,211,121,18957,18754,1759,19295,25981,1,1,1
8564,4284,200,100,23496,23280,1903,23793,30276,1,1,1
8565,4549,2844,95,50935,50385,1196,51334,60008,19,1,1
8566,18907,13398,108,94042,92415,1720,94614,128724,69,1,2
8567,19731,19762,147,62413,60306,2383,63152,105112,100,1,1
8568,41496,40203,129,78756,75176,4432,79757,165988,181,1,1
8569,4551,199,123,22370,22149,1851,22706,29394,1,1,1
8570,25455,25438,128,65565,63123,1806,66376,119180,123,1,1
8571,26593,19385,150,66839,64924,1841,67539,115481,92,1,1
8572,4888,196,119,57633,57428,1864,57976,65008,1,1,1
8573,2997,1059,92,57125,56796,9171,57460,70780,8,1,1
8574,18037,18105,125,57091,55241,1818,57758,95812,90,1,1
8575,10056,9240,107,54985,53851,1794,55544,76733,51,1,1
8576,14396,14127,101,48303,46747,1858,48892,79371,74,1,1
8577,41716,33271,111,78231,75254,10358,79106,164537,150,1,1
8578,8882,4850,100,57833,57097,10836,58249,82905,30,1,1
8579,18114,17600,108,60068,58258,1761,60715,98289,88,1,1
8580,11734,10820,184,59250,57961,1762,59880,84291,60,1,1
8581,41685,32286,129,80229,72033,10720,81134,165925,149,1,1
8582,13948,8903,100,62388,61302,11243,62882,97064,49,1,1
8583,24111,27137,133,66326,63784,2206,67143,120697,128,1,1
8584,12229,11297,178,62626,61278,1780,63252,88654,62,1,1
8585,42342,29238,124,77273,74607,22616,78109,172397,136,1,1
8586,11135,3974,100,59388,58733,16548,59785,91533,25,1,1
8587,42393,16653,127,81201,79467,21259,81877,162292,81,1,1
8588,19157,8218,98,44904,43874,7791,45382,80646,45,1,1
8589,10515,3911,103,27110,26470,13678,27500,55694,24,1,1
8590,18414,9866,104,47653,46492,7554,48163,84091,53,1,1
8591,42133,30334,108,75520,72760,13861,76353,162783,139,1,1
8592,11699,6553,100,60397,59522,15055,60837,94234,38,1,1
8593,21371,22449,170,63522,61308,1826,64320,110071,109,1,1
8594,12719,11350,102,55448,54133,1756,55993,81916,62,1,1
8595,41902,29931,106,73395,70669,14294,74216,160440,139,1,1
8596,9941,6198,101,71033,70188,13910,71529,101670,36,1,1
8597,17511,17236,113,58202,56397,2271,58856,95968,87,1,1
8598,8464,6122,102,61584,60681,1841,62043,78566,38,1,1
8599,41830,30221,132,75353,72539,22261,76249,170648,141,1,1
8600,12248,8295,98,70446,69425,13391,70975,105002,46,1,1
8601,14234,14016,106,60449,58851,2229,61059,91635,74,1,1
8602,12569,11877,106,58647,57260,2722,59195,86458,65,1,1
8603,41714,34729,106,73347,70327,18912,74214,169664,152,1,1
8604,10433,5915,140,61509,60671,11612,61992,90049,34,1,1
8605,22208,24338,124,59731,57415,1806,60493,108948,116,1,1
8606,12582,12319,108,54078,52702,1740,54630,81365,65,1,1
8607,42269,29095,127,72338,69672,21031,73170,165747,134,1,1
8608,13803,6893,150,64797,63887,11212,65307,97312,40,1,1
8609,20878,22264,106,60074,57857,2187,60822,106251,110,1,1
8610,15339,16639,109,42460,40682,1851,43087,77011,85,1,1
8611,4300,198,127,38935,38727,1772,39285,45637,1,1,1
8612,52539,28959,306,117992,114839,33573,119413,234767,116,1,1
8613,14169,7973,174,68862,67760,13730,69488,105464,42,1,1
8614,28076,28203,190,62654,60205,2025,63805,122227,110,1,1
8615,14419,14865,124,43505,41849,1947,44151,75477,78,1,1
8616,5698,261,282,45281,45012,1945,45820,53850,1,1,1
8617,54252,32596,163,90479,86915,21220,91418,199616,144,1,1
8618,11950,11733,120,77494,76048,1902,78076,103755,63,1,1
8619,19906,23924,184,68855,66410,2744,69976,116671,97,1,1
8620,17984,17409,180,54021,51971,2517,55275,93341,69,1,1
8621,39158,24905,213,92035,89824,1966,93207,159362,93,1,1
8622,13570,10832,166,95367,93964,2388,96185,123142,45,1,1
8623,23206,20271,243,54905,53046,2190,56113,101913,79,1,1
8624,10983,10340,195,59383,58056,1922,60269,83622,52,1,1
8625,31673,21404,164,85090,82702,1916,85914,141354,105,1,1
8626,15730,10893,172,77520,76170,2772,78141,107659,52,1,1
8627,17197,21573,132,68313,66265,2200,69230,110317,84,1,1
8628,12902,10710,178,74443,72907,2105,75361,101380,54,1,1
8629,36020,35996,220,134166,130418,2244,135531,210130,137,1,1
8630,16069,13440,296,125834,123780,2431,126876,158975,61,1,1
8631,24167,21692,352,97608,95393,2663,99049,147910,75,1,1
8632,17419,15195,307,60240,58321,2854,61404,97211,59,1,1
8633,6808,344,164,49767,49404,2397,50248,60112,1,1,1
8634,28652,28159,138,121382,117943,2424,122575,182142,118,1,1
8635,21330,22040,160,135202,132701,2723,136361,182750,85,1,1
8636,20855,18350,304,65997,64151,2339,67069,108929,76,1,1
8637,13661,9366,107,49642,48370,2203,50283,75838,46,1,1
8638,30712,31835,165,131077,127526,2454,132437,197782,121,1,1
8639,16574,16986,330,157182,154606,2514,158529,194982,64,1,1
8640,16297,13434,280,79087,77512,2312,80170,112381,56,1,1
8641,11333,6865,260,53752,51678,3001,54691,76323,34,1,1
8642,5994,274,151,42824,42481,4503,43295,54203,1,1,1
8643,24324,24791,182,132371,128943,3864,133538,186890,88,1,1
8644,11122,10935,292,132971,129981,3244,134220,159947,46,1,1
8645,13104,13350,279,58942,57608,2549,60031,89385,31,1,1
8646,10410,5814,151,49517,48454,3505,50437,70498,28,1,1
8647,5933,564,159,40216,39806,2169,40746,49607,2,1,1
8648,32266,36944,299,90782,87740,1846,91858,163033,139,1,1
8649,11645,10211,145,56147,54791,2285,56795,81041,57,1,1
8650,14827,8224,98,60595,59547,2601,61062,86804,45,1,1
8651,9764,3070,125,31745,31151,1745,32176,46857,21,1,1
8652,4414,204,99,22044,21856,1766,22354,28828,1,1,1
8653,4432,196,93,24023,23826,1673,24303,30684,1,1,1
8654,4365,200,99,17014,16839,2196,17324,24174,1,1,1
8655,25584,23518,106,81747,79445,1700,82488,133385,113,1,1
8656,11869,12034,149,61807,60396,1798,62401,88204,65,1,1
8657,4226,198,100,57080,56903,1783,57398,63699,1,1,1
8658,1420,277,90,27648,27401,1419,27954,31165,2,1,1
8659,12675,5054,95,25435,24541,1716,25848,45389,31,1,2
8660,25410,25379,104,63561,61157,1808,64306,117000,119,1,1
8661,14014,4383,141,105567,104731,3287,106030,127810,26,1,2
8662,17109,3579,103,59125,58540,1747,59540,82081,22,1,1
8663,10818,659,104,24076,23774,1723,24416,37718,5,1,1
8664,4222,200,99,18750,18542,1739,19062,25319,1,1,1
8665,7431,193,99,21419,21238,3399,21725,32844,1,1,1
8666,18196,23267,144,69972,67876,3380,71076,116039,100,1,1
8667,16107,16403,180,62729,60937,4759,63451,100824,83,1,1
8668,5592,201,93,56417,56201,1775,56721,64378,1,1,1
8669,41504,40860,118,79962,76317,4203,80975,167686,186,1,1
8670,4405,206,102,24095,23873,1832,24414,30953,1,1,1
8671,24241,27622,126,78121,75496,1803,78987,132760,132,1,1
8672,12191,11882,104,63974,62566,2737,64534,91439,66,1,1
8673,6515,208,100,57394,57205,1698,57727,66244,1,1,1
8674,12016,9410,104,69113,67876,6440,69618,97581,55,1,1
8675,17159,15292,127,63616,61941,1742,64254,98550,80,1,1
8676,10295,8826,153,58260,57132,1819,58824,79867,50,1,1
8677,41638,36207,116,77211,73923,9012,78153,165110,166,1,1
8678,11703,8024,99,60772,59724,9216,61246,90281,46,1,1
8679,18230,17063,117,73530,71711,1840,74222,111453,88,1,1
8680,8714,8224,102,55079,54029,1702,55561,74295,47,1,1
8681,42282,34901,105,79240,76141,11796,80130,169203,158,1,1
8682,12257,9344,101,62909,61779,12138,63397,97225,50,1,1
8683,24772,25561,167,67959,65477,1772,68797,121002,123,1,1
8684,11896,11818,152,62957,61507,2095,63558,89461,66,1,1
8685,41512,29992,132,77815,75109,21386,78681,171675,138,1,1
8686,14293,8777,98,60875,59810,16059,61356,100582,48,1,1
8687,20712,19920,132,64825,62769,1939,65541,108212,100,1,1
8688,13803,14045,105,58390,56787,2133,58984,89062,76,1,1
8689,42018,33268,116,75572,72520,16599,76473,168457,154,1,1
8690,15250,9739,170,112242,110937,13282,113082,151639,43,1,1
8691,30599,28589,503,108020,104862,2183,109785,171489,106,1,1
8692,15897,15487,158,99483,97577,2356,100426,134489,62,1,1
8693,59497,30713,161,141521,138561,30601,142933,264077,111,1,1
8694,19355,7026,164,111285,110195,18361,112040,156933,31,1,1
8695,28903,32144,143,94550,91780,2152,95643,159151,113,1,1
8696,14125,15292,110,61885,60208,1855,62501,93865,78,1,1
8697,56577,27590,172,77097,74500,14885,77957,177118,122,1,1
8698,12606,6683,102,60274,59384,10186,60719,90282,37,1,1
8699,17779,19881,125,67708,65576,1760,68418,107959,98,1,1
8700,14071,14707,99,59172,57566,1801,59772,90445,78,1,1
8701,42976,19964,138,71647,69635,29045,72359,164448,96,1,1
8702,12790,5128,103,60404,59626,12908,60833,91743,32,1,1
8703,20993,21886,121,60026,57877,1764,60759,105503,105,1,1
8704,12294,11727,103,55734,54362,1742,56273,82133,63,1,1
8705,42087,26771,134,85247,82703,28605,86065,183627,126,1,1
8706,14997,7339,107,63083,62148,13729,63556,99716,41,1,1
8707,20133,21757,105,59530,57370,2034,60251,104278,107,1,1
8708,13199,12564,151,46332,44872,1777,46951,74593,67,1,1
8709,4066,198,137,40653,40442,1817,41015,47196,1,1,1
8710,42189,27930,118,76343,73601,27095,77164,174477,132,1,1
8711,12570,6529,102,59144,58297,13601,59589,92383,36,1,1
8712,19623,19326,112,47244,45223,1747,47929,88724,96,1,1
8713,10969,10651,103,44032,42727,1708,44572,68001,58,1,1
8714,4496,203,131,39803,39588,1679,40161,46642,1,1,1
8715,49664,35182,167,75858,73001,25021,76754,186918,137,1,1
8716,8321,7353,116,66422,65356,1935,66901,84615,42,1,1
8717,13863,9527,104,64386,63253,15320,64890,103694,50,1,1
8718,20371,21614,188,51984,49783,1940,52771,96806,105,1,1
8719,15712,13525,178,45437,43852,1738,46105,77190,70,1,1
8720,19177,19657,103,80070,77925,2082,80835,121851,100,1,1
8721,12575,11634,106,72101,70718,1690,72661,98655,65,1,1
8722,17471,18262,116,47457,45528,1829,48131,85792,91,1,1
8723,11612,10523,146,40212,38925,1730,40799,64757,58,1,1
8724,20045,18116,126,76906,74982,1716,77605,117583,92,1,1
8725,11532,11391,109,73682,72311,1684,74227,98930,64,1,1
8726,16965,15232,138,42289,40652,1690,42935,76923,78,1,1
8727,12099,11249,422,40426,39110,1926,41296,66665,61,1,1
8728,30115,30643,109,82854,80019,1671,83705,146231,143,1,1
8729,9860,8457,95,72670,71596,1693,73148,93250,49,1,1
8730,14535,12633,111,41052,39610,1716,41636,70622,67,1,1
8731,12618,12336,151,39096,37666,1714,39701,66466,66,1,1
8732,4126,199,101,26197,25987,1751,26513,32683,1,1,1
8733,20745,21922,108,77489,75309,1688,78205,122666,108,1,1
8734,13226,13974,140,75441,73880,2701,76065,106067,75,1,1
8735,54218,12858,150,60176,58757,26059,60783,154017,65,1,1
8736,16860,7099,102,54658,53562,2649,55115,81817,41,1,2
8737,23604,26082,113,78253,75710,2273,79053,131111,126,1,1
8738,12460,12109,111,74895,73492,1758,75455,101874,67,1,1
8739,13064,10350,132,32150,30920,1724,32715,57949,56,1,1
8740,8642,6894,99,28455,27493,1704,28914,46243,41,1,1
8741,4445,212,99,25299,25082,2197,25611,32555,1,1,1
8742,17033,14449,99,50908,49341,2896,51485,85961,76,1,1
8743,8241,3678,105,58441,57820,1683,58838,72534,24,1,1
8744,4914,3248,94,45750,45161,8307,46152,62704,22,1,1
8745,8062,4266,98,57173,56479,2108,57587,72111,28,1,1
8746,10125,5677,122,30156,29321,1820,30634,48361,35,1,1
8747,7447,4259,96,29976,29304,1702,30375,43878,27,1,1
8748,4065,190,104,24771,24556,1761,25087,31207,1,1,1
8749,4192,1885,95,46904,46460,7014,47268,60445,14,1,1
8750,14475,5943,98,59168,58349,4271,59593,84380,34,1,1
8751,16157,16626,112,75985,74172,1958,76623,111459,87,1,1
8752,9121,2948,168,31355,30794,1850,31826,45852,20,1,1
8753,4212,195,92,21516,21335,2193,21801,28492,1,1,1
8754,2865,196,94,23907,23725,2283,24204,29631,1,1,1
8755,4068,203,98,16914,16732,1730,17217,23303,1,1,1
8756,25634,27670,118,60621,58049,1740,61419,116563,129,1,1
8757,13601,5855,121,99228,98283,7900,99681,127136,33,1,2
8758,8041,6004,106,74083,73219,1740,74529,90406,36,1,1
8759,4277,211,124,24575,24371,1796,24925,31302,1,1,1
8760,4753,194,97,17676,17503,1689,17972,24691,1,1,1
8761,4120,195,99,21043,20861,1713,21336,27453,1,1,1
8762,22382,21277,107,64577,62445,1687,65279,110727,105,1,1
8763,13231,11512,106,141094,139498,5111,141674,171632,63,1,2
8764,10862,1928,113,69280,68810,2239,69701,84834,13,1,1
8765,4237,297,104,24572,24342,1712,24911,31257,2,1,1
8766,4275,203,100,18603,18398,1709,18911,25189,1,1,1
8767,4475,196,96,26062,25878,1835,26356,32955,1,1,1
8768,18538,19829,104,62887,60813,3416,63558,105434,99,1,1
8769,11126,11933,103,58191,56831,2854,58741,84744,63,1,1
8770,5382,205,91,54741,54550,2224,55030,62930,1,1,1
8771,36721,41096,140,81730,78124,1713,82765,162400,184,1,1
8772,4310,200,115,22920,22680,2247,23245,30102,1,1,1
8773,24260,20596,102,62677,60624,1809,63357,110126,101,1,1
8774,9469,8319,97,59560,58482,2056,60037,79972,48,1,1
8775,42236,34008,104,90118,87128,12408,91019,179770,151,1,1
8776,9871,7460,105,63013,62019,11402,63490,92319,42,1,1
8777,21503,24727,180,75146,72823,1747,76354,124445,111,1,1
8778,12702,11238,103,60533,59169,1894,61097,87024,62,1,1
8779,42323,33264,145,78192,75199,11432,79098,166216,153,1,1
8780,14148,9484,97,61994,60866,10267,62481,96475,51,1,1
8781,19617,19601,107,62636,60658,1413,63326,104051,97,1,1
8782,11140,9283,97,55023,53892,1697,55516,77725,52,1,1
8783,41198,40233,135,81727,78222,6816,82738,171086,180,1,1
8784,10437,7384,104,62171,61194,10799,62637,91349,43,1,1
8785,22496,22914,120,68273,65836,1898,69044,116454,112,1,1
8786,10044,9322,101,57517,56334,1755,58023,79243,53,1,1
8787,41812,31440,144,78353,75471,18377,79236,170976,145,1,1
8788,9387,4942,101,59771,59025,16842,60201,91461,30,1,1
8789,22077,24512,115,64135,61790,1712,64897,113300,117,1,1
8790,12858,11347,102,72860,71504,1722,73437,99471,63,1,1
8791,42144,27304,110,75183,72660,26392,75987,171933,127,1,1
8792,15810,10139,116,66142,64937,15700,66674,108420,55,1,1
8793,23103,20196,107,62698,60665,1740,63395,108534,100,1,1
8794,11889,10769,156,61435,60119,1815,62033,86606,61,1,1
8795,41938,31641,156,76173,73272,15473,77073,166239,144,1,1
8796,16056,9630,109,60296,59168,14701,60873,101356,52,1,1
8797,17816,17195,111,58932,57105,1782,59581,96503,87,1,1
8798,12716,11642,143,56556,55177,1842,57145,83446,64,1,1
8799,42376,27541,105,74006,71445,28482,74789,173285,127,1,1
8800,13075,9622,100,60263,59115,15490,60756,99036,52,1,1
8801,18126,18032,106,58511,56649,1793,59166,97218,89,1,1
8802,11843,10424,152,54929,53690,1704,55513,79582,57,1,1
8803,42159,30877,106,73581,70790,22239,74422,169796,142,1,1
8804,17967,10142,105,64382,63220,11097,64899,104198,53,1,1
8805,15873,13263,112,72462,70990,1754,73083,104073,69,1,1
8806,9369,8018,321,42988,41962,1725,43706,62913,46,1,1
8807,42422,29913,106,83179,80431,29192,84013,185675,138,1,1
8808,17089,15326,107,74581,72883,2350,75182,110036,81,1,1
8809,18931,19582,153,59425,57380,1737,60186,100539,100,1,1
8810,15981,18086,170,45075,43199,1705,45783,81650,92,1,1
8811,4185,210,103,38348,38141,1685,38663,44834,1,1,1
8812,6491,1587,90,58602,58192,11922,58942,79033,11,1,1
8813,17522,11814,97,63778,62428,6380,64327,100134,64,1,1
8814,42823,13278,165,41307,39857,28111,41946,126270,67,1,1
8815,11172,3261,92,24134,23574,16686,24510,55718,21,1,1
8816,20170,7521,103,26858,25883,13090,27329,68205,43,1,1
8817,26075,13812,102,30196,28783,1965,30749,72694,67,1,1
8818,4730,196,96,37025,36824,1743,37334,44092,1,1,1
8819,42298,34986,109,73021,69909,11301,73914,162603,157,1,1
8820,9819,7498,98,94462,93214,2695,94994,115133,44,1,1
8821,19907,19732,114,50693,48664,1789,51399,92930,96,1,1
8822,13448,12312,103,40243,38863,1712,40801,68369,65,1,1
8823,25165,25736,152,87158,84704,1809,88312,141139,121,1,1
8824,11556,8623,96,84929,83809,2225,85470,107974,49,1,1
8825,19182,20741,107,45200,43145,1755,45893,87672,100,1,1
8826,24036,16001,139,41710,40002,1728,42364,84239,83,1,1
8827,27611,27975,99,80841,78207,1687,81636,139002,132,1,1
8828,11484,10613,148,72245,70899,2303,72844,97330,60,1,1
8829,18123,17414,104,42627,40814,1758,43273,80666,87,1,1
8830,11875,8886,103,36733,35623,1763,37233,59855,50,1,1
8831,25219,24944,115,80370,77956,1789,81145,133246,121,1,1
8832,11813,8911,150,73154,72016,2307,73805,96938,51,1,1
8833,15217,13270,104,39197,37756,1684,39770,70039,68,1,1
8834,13193,12317,103,30685,29316,1689,31233,58524,65,1,1
8835,4301,215,102,25480,25278,1690,25802,32150,1,1,1
8836,19310,17761,170,76632,74748,2118,77359,116650,92,1,1
8837,9896,8424,152,48606,47516,2968,49152,70533,49,1,1
8838,21480,19832,154,97309,95537,2231,98316,141975,82,1,1
8839,13656,10581,130,35110,33781,1783,35684,61805,57,1,1
8840,8596,7095,95,28986,28024,2403,29458,47644,42,1,1
8841,5867,295,124,40172,39879,2232,40572,49122,1,1,1
8842,25871,23537,116,80324,77852,2144,81121,132769,114,1,1
8843,9877,9076,143,55502,54244,2476,56049,77577,51,1,1
8844,17615,8265,150,64394,63321,2364,64974,93324,44,1,1
8845,15140,12690,116,44523,42837,2002,45159,75129,67,1,1
8846,8681,5427,110,33549,32676,1791,34007,50012,33,1,1
8847,20356,20949,109,83593,81336,1769,84293,127473,102,1,1
8848,12306,12684,147,56896,55399,2678,57517,85280,67,1,1
8849,15229,8298,98,60602,59588,2315,61071,87009,46,1,1
8850,10175,6903,101,29690,28737,1842,30165,49186,40,1,1
8851,8503,4591,96,32949,32227,1844,33365,48396,29,1,1
8852,4274,200,103,25224,25018,2568,25536,32677,1,1,1
8853,17363,16957,106,57968,56136,3880,58605,96901,87,1,1
8854,9065,3475,142,60072,59465,1792,60538,74973,23,1,1
8855,12008,11557,102,54830,53439,2503,55381,81533,64,1,1
8856,6148,1124,98,57514,57190,2435,57851,67652,8,1,1
8857,8829,3225,127,30708,30123,1702,31140,45000,21,1,1
8858,4756,746,92,22400,22104,1685,22724,30002,6,1,1
8859,4196,199,99,24862,24646,1720,25167,31378,1,1,1
8860,4413,278,99,18052,17831,2280,18392,25453,2,1,1
8861,25495,25647,127,70878,68473,1710,71690,124647,120,1,1
8862,11816,1686,97,58374,57964,6434,58732,78762,12,1,1
8863,8878,6484,101,51646,50762,1737,52112,69298,38,1,1
8864,8837,3556,105,56845,56228,3509,57248,73241,23,1,1
8865,4075,203,119,22284,22080,1808,22621,28805,1,1,1
8866,4717,500,93,38427,38034,1721,38736,45769,4,1,2
8867,19696,20065,125,75014,72982,1726,75832,117424,99,1,1
8868,11236,8589,99,110098,108892,3737,110598,134254,48,1,2
8869,11494,973,128,61663,61325,1903,62070,76554,6,1,1
8870,3003,200,96,23487,23299,2327,23788,29406,1,1,1
8871,25124,24828,108,65819,63288,2327,66577,118959,117,1,1
8872,15106,15856,144,65706,63862,1728,66374,99168,84,1,1
8873,5389,217,98,57195,56994,1757,57505,65009,1,1,1
8874,40937,47350,115,80830,76806,3198,81908,173495,206,1,1
8875,4422,200,103,22864,22660,2929,23182,30831,1,1,1
8876,9082,6385,102,69283,68385,4615,69766,89952,38,1,1
8877,11398,11418,104,63600,62226,2281,64143,89339,62,1,1
8878,42037,32704,111,76137,73185,12985,77008,164829,149,1,1
8879,9150,5343,96,60502,59720,11000,60944,86523,32,1,1
8880,20346,30918,152,63372,61341,1767,64115,117241,99,1,1
8881,9391,8528,102,55886,54808,1841,56378,76228,49,1,1
8882,41682,33538,105,77645,74657,11056,78509,164889,152,1,1
8883,12497,5740,104,61500,60695,11230,61942,91501,34,1,1
8884,20074,18056,132,59830,57957,1777,60531,100538,91,1,1
8885,6352,4018,178,35321,34642,1821,35800,48087,27,1,1
8886,10436,8143,100,53733,52689,1700,54213,74595,47,1,1
8887,42109,32876,106,78089,75248,12105,78928,166115,144,1,1
8888,11923,6250,105,60037,59170,14063,60486,92823,36,1,1
8889,22812,23580,133,72388,70084,1817,73163,121472,112,1,1
8890,11152,9238,101,58475,57216,1810,58990,81289,53,1,1
8891,41981,34810,108,79041,75830,11996,79947,168839,162,1,1
8892,13907,8618,111,76332,75246,10871,76877,110376,48,1,1
8893,20320,18313,190,67880,65879,1814,68633,109230,91,1,1
8894,12692,11496,284,63064,61727,1849,63850,90398,50,1,1
8895,42509,28908,126,75500,72801,25825,76331,173676,132,1,1
8896,8571,1278,139,58460,58061,16716,58848,85505,10,1,1
8897,42877,14842,118,67282,65636,28517,67893,154230,74,1,1
8898,19402,7535,103,43507,42517,8725,43981,79737,42,1,1
8899,7916,3354,98,30654,30073,17328,31037,59730,21,1,1
8900,28517,18567,101,51653,49787,10191,52278,109642,88,1,1
8901,16702,7275,106,46670,45676,1804,47127,73004,42,1,1
8902,54091,30776,204,76050,73205,18891,76974,180833,140,1,1
8903,12624,6807,95,61315,60396,11898,61760,93185,39,1,1
8904,16615,16937,112,60725,58855,1707,61372,96745,87,1,1
8905,13451,14067,102,58018,56471,1692,58596,87898,74,1,1
8906,42042,29706,144,75184,72390,22802,76041,170713,135,1,1
8907,12461,6829,105,60309,59390,14541,60767,94698,39,1,1
8908,15436,14072,121,58555,56990,1756,59157,90530,72,1,1
8909,9708,8236,98,52122,51055,1740,52600,72373,47,1,1
8910,42592,26463,127,74648,72135,21940,75437,166535,123,1,1
8911,16500,8208,102,61788,60749,11739,62271,98815,47,1,1
8912,22372,23101,112,59547,57270,1867,60298,107771,112,1,1
8913,12321,12433,104,41812,40400,1742,42360,68947,66,1,1
8914,4803,326,135,39330,39082,1736,39695,46672,3,1,1
8915,41823,35109,103,74066,71014,13092,74939,165062,156,1,1
8916,13307,9029,106,62144,61093,9685,62630,94752,47,1,1
8917,13616,11588,107,54674,53331,1777,55231,82315,61,1,1
8918,16922,18030,98,58578,56683,2248,59254,96570,91,1,1
8919,4995,665,106,96005,95571,1727,96355,103836,5,1,2
8920,14341,12489,100,74432,73035,2985,74981,104894,66,1,1
8921,20314,20856,135,48389,46246,1815,49174,92259,102,1,1
8922,12668,11799,107,39779,38380,1919,40345,66826,64,1,1
8923,4143,202,168,40071,39871,1742,40463,46648,1,1,1
8924,41801,28092,109,108528,105755,13723,109335,193059,133,1,2
8925,12272,4467,104,58766,58074,8459,59185,84475,27,1,1
8926,19800,18176,112,46951,44959,2208,47630,87925,94,1,1
8927,11137,9989,107,39293,38070,1698,39817,62734,56,1,1
8928,21759,18982,164,80144,78199,1756,80879,123551,95,1,1
8929,14052,11059,110,73877,72547,1774,74434,101417,62,1,1
8930,17784,19967,119,43693,41695,2489,44377,84727,98,1,1
8931,11489,9497,104,43865,42720,12016,44374,77475,53,1,1
8932,26691,26248,133,82564,79997,1687,83389,138116,128,1,1
8933,10998,8598,109,71296,70195,1687,71792,93162,50,1,1
8934,17468,15045,107,42243,40599,2616,42864,78097,79,1,1
8935,11664,10521,100,51364,50088,1721,51941,75950,59,1,1
8936,28860,28513,155,98726,96270,1775,99866,159157,117,1,1
8937,7265,5634,113,71440,70627,1977,71896,86875,34,1,1
8938,16533,13691,107,41736,40195,2417,42319,75063,71,1,1
8939,11664,9184,100,44197,43044,1688,44731,67369,51,1,1
8940,4156,206,101,26087,25886,1898,26392,32743,1,1,1
8941,4819,2731,101,43636,43123,5578,44012,57236,18,1,1
8942,13126,10365,97,62909,61656,2148,63417,89138,57,1,1
8943,16230,17435,109,72512,70651,1696,73159,108610,90,1,1
8944,15008,10608,105,31897,30613,1724,32437,59876,59,1,1
8945,8271,5249,97,39131,38337,1688,39597,54906,32,1,1
8946,4252,199,97,25980,25773,2382,26297,33220,1,1,1
8947,24334,24984,115,78137,75747,1693,78952,130063,120,1,1
8948,9651,8639,114,52072,50982,2677,52569,73627,48,1,1
8949,13242,8796,94,60177,59067,1711,60670,84507,50,1,1
8950,10159,7402,108,43999,43009,2311,44514,64487,42,1,1
8951,8629,5255,106,34705,33912,1687,35152,50823,32,1,1
8952,4512,334,93,24910,24672,1736,25218,31889,3,1,1
8953,29587,29574,108,84187,81444,1738,85010,146006,139,1,1
8954,14235,12124,97,74369,72957,2139,74907,103499,67,1,1
8955,21305,5205,149,30090,29324,1715,30582,58910,31,1,1
8956,7469,3703,90,29040,28394,1703,29430,42398,24,1,1
8957,4762,207,100,25026,24795,1743,25344,32150,1,1,1
8958,20857,19921,104,57674,55676,2918,58338,102134,98,1,1
8959,12008,13867,107,104992,103921,3719,105461,135150,40,1,2
8960,6920,1256,95,57538,57195,3092,57876,69241,9,1,1
8961,9883,5124,136,31481,30719,1775,31957,48837,31,1,1
8962,4415,589,93,21842,21548,1734,22168,28998,5,1,1
8963,4153,201,102,25241,25031,1736,25543,31725,1,1,1
8964,4413,201,91,17236,17047,1817,17537,24057,1,1,1
8965,3461,1390,163,46847,46445,908,47244,53094,11,1,1
8966,39337,28989,106,66682,64018,1696,67479,137586,135,1,1
8967,11949,13239,111,55998,54540,1976,56562,83815,69,1,1
8968,6052,532,94,55003,54732,1619,55323,63616,5,1,1
8969,3944,207,133,24243,24038,1707,24597,30549,1,1,1
8970,3834,198,97,19048,18854,1367,19353,24840,1,1,1
8971,4227,198,92,21166,20981,1813,21470,27801,1,1,1
8972,21581,20814,105,81721,79601,1643,82417,126554,104,1,1
8973,11648,11347,109,57981,56617,1707,58541,83330,63,1,1
8974,6198,198,95,57234,57030,11786,57552,75825,1,1,1
8975,4460,198,164,23434,23230,1728,23827,30311,1,1,1
8976,24702,25783,103,64248,61831,1680,65011,117320,122,1,1
8977,11155,9290,98,60436,59284,1702,60934,83172,53,1,1
8978,11648,1002,100,57420,57100,1690,57773,72215,7,1,1
8979,35217,52645,145,80609,76958,1713,81639,171319,184,1,1
8980,12348,1163,106,26883,26516,1702,27242,42554,8,1,1
8981,18063,16520,100,61502,59793,3896,62118,100685,84,1,1
8982,6865,1588,109,32396,31990,9970,32768,51290,12,1,1
8983,19296,13509,102,58875,57393,6430,59440,98769,71,1,1
8984,41364,33199,110,86758,83794,12779,87652,175094,149,1,1
8985,15351,9111,100,62397,61295,10290,62892,97741,50,1,1
8986,19387,15468,105,61484,59816,1741,62110,98805,80,1,1
8987,9620,7395,92,53005,52004,1714,53485,72303,44,1,1
8988,42351,41911,168,76753,73864,11251,77672,173319,146,1,1
8989,13363,7175,97,60713,59785,11543,61164,93339,41,1,1
8990,22054,20023,115,62725,60713,2144,63434,107755,99,1,1
8991,7327,4995,96,53702,52939,1361,54116,67890,31,1,1
8992,42499,37883,168,79042,75756,10343,80041,170866,169,1,1
8993,12797,9617,104,63316,62186,12599,63821,98919,50,1,1
8994,18581,20354,108,63620,61521,1472,64326,104834,103,1,1
8995,10654,10741,103,55674,54385,2423,56211,80118,60,1,1
8996,42293,27409,142,74170,71674,20083,74994,164883,126,1,1
8997,12583,6070,173,58320,57465,23418,58834,101000,36,1,1
8998,17023,16698,128,63590,61810,1812,64259,99888,85,1,1
8999,13164,13345,132,61200,59656,1891,61808,90305,71,1,1
9000,42029,30590,121,75842,72992,15969,76699,165384,143,1,1
9001,14611,5652,100,60297,59462,14706,60727,95786,35,1,1
9002,23771,24830,196,64309,61866,1768,65174,115644,121,1,1
9003,10775,9017,173,67220,66113,1758,67820,89464,50,1,1
9004,42582,25735,132,74229,71769,25486,75034,168936,123,1,1
9005,12419,7717,111,60918,59925,13625,61391,95241,43,1,1
9006,14206,12161,107,55496,54110,1744,56054,84265,64,1,1
9007,10035,9542,93,65742,64551,1700,66273,87647,54,1,1
9008,41950,28021,104,74374,71719,25502,75181,170748,133,1,1
9009,17178,9757,103,63840,62652,12176,64362,103565,54,1,1
9010,21974,21806,109,59593,57436,1724,60304,105909,106,1,1
9011,12949,12430,142,58500,57044,1716,59100,86299,68,1,1
9012,41986,32503,183,75445,72479,26720,76390,177704,151,1,1
9013,12740,7111,110,62064,61161,11524,62550,94022,39,1,1
9014,16094,17847,105,57973,56113,1924,58617,94583,91,1,1
9015,15346,17468,148,47553,45729,1704,48234,82847,88,1,1
9016,4118,204,120,37575,37374,1742,37908,44063,1,1,1
9017,42150,26846,123,71988,69495,21948,72782,163823,126,1,1
9018,12989,5686,103,59539,58735,12339,59981,91090,34,1,1
9019,14520,14835,111,67337,65685,1761,67993,99208,78,1,1
9020,13451,12277,103,41104,39693,2433,41668,69924,66,1,1
9021,42160,24387,105,107879,105369,23603,108630,198878,117,1,2
9022,16908,9425,175,60975,59924,10210,61532,98168,48,1,1
9023,20112,22921,118,57295,55077,1817,58073,103024,110,1,1
9024,13073,12307,108,40417,38982,1798,41002,68284,67,1,1
9025,4235,201,120,37328,37116,2225,37660,44413,1,1,1
9026,41952,31208,110,71013,68203,25991,71853,171103,142,1,1
9027,14902,14573,106,73331,71723,1754,73922,105248,76,1,1
9028,17155,16629,162,44952,43162,1727,45652,81292,87,1,1
9029,13790,12210,104,40237,38841,2211,40791,69101,66,1,1
9030,25038,22170,107,85804,83589,1773,86520,135605,109,1,1
9031,12136,10709,101,73183,71889,1777,73711,98428,60,1,1
9032,17445,17482,159,43617,41811,1787,44332,81149,87,1,1
9033,10150,9027,106,36860,35757,2223,37350,58841,50,1,1
9034,23971,26186,105,80786,78268,1703,81570,133575,125,1,1
9035,10504,8178,98,71238,70156,1779,71732,92276,48,1,1
9036,18584,16091,170,43299,41599,2037,43990,80801,81,1,1
9037,10670,8550,112,38146,37044,2175,38642,60129,49,1,1
9038,22156,21965,108,76234,74010,1694,76950,122900,110,1,1
9039,10893,10203,103,69941,68701,2811,70457,94453,57,1,1
9040,15955,11721,164,39525,38130,1724,40151,69652,64,1,1
9041,11922,9892,100,29206,28017,2142,29706,53753,55,1,1
9042,4258,208,103,25399,25185,1688,25717,31964,1,1,1
9043,17186,18433,100,76185,74248,3641,76848,116201,95,1,1
9044,15415,15585,110,72785,71062,1736,73425,106254,83,1,1
9045,14491,11056,155,32882,31570,2585,33477,61721,60,1,1
9046,8905,5592,96,28575,27770,1714,29006,45309,34,1,1
9047,4320,196,120,25287,25044,2110,25623,32344,1,1,1
9048,21089,20205,108,84595,82512,1735,85292,128424,102,1,1
9049,10964,10400,106,75968,74684,2910,76497,100863,59,1,1
9050,42991,11516,157,54530,53244,8003,55127,117741,58,1,1
9051,11259,2855,102,23923,23370,6275,24294,44779,19,1,1
9052,16876,4254,92,20467,19810,1814,20864,43894,26,1,1
9053,4349,194,92,24006,23779,2253,24291,31173,1,1,1
9054,24209,22964,120,82053,79780,1748,82797,131812,113,1,1
9055,13156,12558,105,76160,74703,1542,76717,104065,69,1,1
9056,11292,7640,152,33831,32819,1704,34375,55107,44,1,1
9057,7804,3553,92,29875,29261,2062,30261,43773,23,1,1
9058,27229,27187,119,82179,79617,1993,82984,139490,129,1,1
9059,10345,10017,176,77161,75949,1766,77762,99987,56,1,1
9060,9716,4277,130,30951,30260,1766,31410,47274,27,1,1
9061,4334,194,88,21539,21312,2481,21826,28923,1,1,1
9062,4104,204,102,25248,25037,1678,25557,31635,1,1,1
9063,4151,195,98,17002,16808,1716,17290,23439,1,1,1
9064,7283,5543,94,50046,49237,4685,50478,68078,34,1,1
9065,18243,9051,99,109682,108378,4805,110177,142371,51,1,2
9066,8507,204,145,56336,56143,2129,56691,67621,1,1,1
9067,4290,208,98,23153,22914,1736,23459,29791,1,1,1
9068,4501,197,124,18463,18260,1728,18792,25307,1,1,1
9069,4968,194,97,21354,21173,1671,21646,28565,1,1,1
9070,25421,22658,116,91069,88834,1708,91819,141711,111,1,1
9071,12694,11034,162,61552,60359,1780,62234,87869,51,1,1
9072,8776,200,121,57906,57723,1737,58253,69065,1,1,1
9073,2730,196,86,22804,22600,2300,23105,28421,1,1,1
9074,22594,22566,106,64897,62657,1720,65625,112613,110,1,1
9075,12941,12119,104,61942,60513,1735,62509,89395,66,1,1
9076,5476,199,102,56843,56651,1684,57164,64613,1,1,1
9077,42017,43248,131,82246,78449,3928,83303,172587,195,1,1
9078,18445,19175,102,60435,58482,1730,61147,100625,95,1,1
9079,10287,8844,115,55950,54858,1781,56464,77464,49,1,1
9080,42177,33566,110,85883,82884,11489,86803,174133,152,1,1
9081,12321,5147,96,60386,59598,10841,60830,89231,32,1,1
9082,19258,16710,107,57422,55696,1748,58047,95861,83,1,1
9083,10011,9487,104,53176,52046,1674,53694,74957,52,1,1
9084,41552,48262,179,78300,75468,13393,79223,182530,143,1,1
9085,14601,9437,103,63297,62121,12211,63793,100136,52,1,1
9086,20098,22961,141,69460,67240,1762,70218,115189,109,1,1
9087,9264,8074,172,61705,60661,1884,62257,81572,46,1,1
9088,42088,40475,145,79645,76131,9729,80652,173048,182,1,1
9089,11175,6661,98,61415,60532,13483,61856,93264,38,1,1
9090,19716,20669,112,61766,59669,1744,62470,104701,103,1,1
9091,12456,12494,101,58627,57196,1756,59179,85977,68,1,1
9092,41903,34266,132,77115,74129,8647,78013,162931,152,1,1
9093,12236,6616,106,61939,61091,14170,62386,95498,37,1,1
9094,16368,14534,109,58379,56760,1730,58981,91711,76,1,1
9095,9296,6600,101,57077,56144,1816,57535,75341,41,1,1
9096,42727,27654,154,75324,72770,24941,76168,171595,129,1,1
9097,11695,4929,105,61289,60535,13626,61712,92056,30,1,1
9098,18628,17366,112,59604,57786,1770,60261,98126,88,1,1
9099,11222,10325,101,56737,55490,1712,57273,80627,58,1,1
9100,42485,25873,133,73938,71447,26546,74743,169750,124,1,1
9101,10989,12560,132,61625,60767,16285,62114,102040,36,1,1
9102,21730,22741,108,61373,59184,1851,62090,108583,109,1,1
9103,12876,12981,110,70141,68673,1780,70794,98538,69,1,1
9104,42200,32865,106,76669,73720,23604,77542,176311,149,1,1
9105,10185,3343,106,58004,57397,14084,58397,86102,22,1,1
9106,18652,17897,111,58145,56307,1699,58798,97149,90,1,1
9107,13123,11928,140,55753,54352,1760,56351,83254,65,1,1
9108,41941,31076,108,73910,71094,14793,74748,162654,142,1,1
9109,9714,3372,106,59659,59073,9678,60049,82901,22,1,1
9110,21215,21061,112,59295,57154,1698,60011,104117,105,1,1
9111,14153,13853,143,43790,42216,2131,44417,74651,75,1,1
9112,4644,318,102,38287,38038,1799,38623,45480,3,1,1
9113,42108,30436,116,72679,69884,28256,73514,174416,141,1,1
9114,13038,7673,100,59633,58636,13181,60097,94080,44,1,1
9115,19087,20360,110,45315,43223,1668,46018,87235,103,1,1
9116,14869,14876,147,42683,41051,1692,43345,74886,78,1,1
9117,4457,201,96,36994,36805,1659,37293,43700,1,1,1
9118,41822,27135,107,79099,76573,23160,79880,172096,128,1,1
9119,11611,9584,107,75486,74269,1671,76000,98948,55,1,1
9120,21656,30995,146,46400,44321,1707,47153,101610,102,1,1
9121,12508,11355,109,42427,41099,2307,42968,69229,63,1,1
9122,4400,200,116,37567,37356,1683,37906,44291,1,1,1
9123,12587,4593,100,60725,60073,28804,61123,107193,26,1,1
9124,12729,10577,105,72061,70802,1713,72583,97694,58,1,1
9125,51942,13400,143,43974,42500,27923,44601,138010,69,1,1
9126,10041,3143,101,24473,23925,16378,24856,54515,20,1,1
9127,19222,6647,105,36340,35436,12056,36794,74810,39,1,1
9128,26703,14194,102,31400,29931,2276,31962,75225,71,1,1
9129,30594,26859,106,80014,77435,1713,80813,140084,129,1,1
9130,11230,10405,102,72584,71329,1671,73111,96511,59,1,1
9131,20228,17941,136,44977,43135,1705,45657,85630,89,1,1
9132,9626,7456,95,37081,36081,1717,37536,56428,44,1,1
9133,19217,19708,109,77014,74995,1909,77698,118637,100,1,1
9134,8866,6992,99,69616,68660,1682,70071,87699,42,1,1
9135,17532,15551,140,46961,45312,1771,47610,82564,78,1,1
9136,11145,9600,101,32091,30956,1721,32595,55153,52,1,1
9137,4740,628,92,25751,25473,1727,26065,33253,5,1,1
9138,20579,22433,141,79912,77744,1702,80671,125490,108,1,1
9139,11322,11049,220,65563,64209,3521,66470,92494,50,1,1
9140,26683,18871,168,106301,103676,2141,107284,155319,84,1,1
9141,19836,15953,199,74046,72167,2422,75015,113590,59,1,1
9142,14804,11456,151,49684,48165,2129,50465,79178,49,1,1
9143,11301,7396,158,194606,193200,3033,195366,217436,31,1,2
9144,16328,16139,283,108887,106922,3227,109884,145740,69,1,1
9145,17343,16234,216,56488,54781,2378,57487,93930,66,1,1
9146,10718,7181,133,57483,56236,2319,58164,78684,33,1,1
9147,6430,304,174,47129,46720,1908,47629,56417,1,1,1
9148,26490,25245,181,123743,120981,4256,124945,181119,91,1,1
9149,10992,9791,271,85134,83535,2545,85980,109443,42,1,1
9150,9239,3687,156,101145,100298,11243,101748,126216,18,1,1
9151,18396,9860,183,52788,51401,2525,53589,84711,41,1,1
9152,11113,5182,158,45348,44420,4114,46005,66744,25,1,1
9153,5569,308,235,37221,36894,2114,37750,46052,1,1,1
9154,32463,29372,158,157118,153894,2300,158427,222881,108,1,1
9155,12727,11374,231,103011,101469,2196,103925,130510,49,1,1
9156,5444,751,145,82734,82410,2908,83190,92412,3,1,1
9157,9252,4334,116,37900,37134,2113,38340,54127,28,1,1
9158,4401,935,97,49505,49061,1798,49839,57064,7,1,2
9159,4432,203,175,18205,18019,1741,18581,25052,1,1,1
9160,38803,24584,157,86066,83448,1775,86878,152143,118,1,1
9161,8807,7909,107,56230,55137,2432,56709,75947,45,1,1
9162,13555,4013,142,86128,85339,1864,86681,106223,24,1,1
9163,10801,3588,175,40963,40291,1958,41550,58187,20,1,1
9164,4133,264,101,25904,25701,1674,26228,32390,1,1,1
9165,4724,202,130,26285,26077,1754,26638,33417,1,1,1
9166,5932,1435,100,63680,63124,1837,64038,73333,11,1,2
9167,11211,529,100,57040,56793,2486,57367,71687,4,1,1
9168,12258,13130,108,59197,57597,1707,59755,86936,68,1,1
9169,8931,401,101,58093,57852,1696,58430,69553,3,1,1
9170,4124,289,98,32673,32345,1983,33044,39557,2,1,1
9171,15752,197,154,21425,21189,2270,21805,40125,1,1,1
9172,4757,196,98,23414,23235,1720,23713,30477,1,1,1
9173,1697,269,93,21956,21733,979,22259,25295,2,1,1
9174,41272,46121,109,79708,75703,2816,80770,171275,202,1,1
9175,4948,195,100,59674,59441,2630,60003,67865,1,1,1
9176,22377,16441,151,63809,61897,1735,64504,105332,84,1,1
9177,41443,41301,110,94055,90310,3381,95087,181317,188,1,1
9178,4263,195,124,23733,23525,1766,24084,30404,1,1,1
9179,22060,20397,109,64285,62184,2807,64985,110351,103,1,1
9180,14158,15213,126,63651,61953,1699,64271,95443,79,1,1
9181,5526,197,99,57303,57107,1804,57630,65255,1,1,1
9182,42644,47146,159,81601,77563,4038,82726,176655,209,1,1
9183,18558,18903,107,63819,61841,2293,64491,104344,97,1,1
9184,10376,9306,100,62398,61265,2083,62891,84755,52,1,1
9185,41473,34696,125,89887,86771,10772,90840,177885,159,1,1
9186,13123,7831,108,62566,61550,10434,63052,94532,45,1,1
9187,21877,24231,135,64232,61891,2340,65010,113555,116,1,1
9188,10187,8756,102,56013,54921,1726,56501,77269,50,1,1
9189,9184,5940,98,43464,42655,1769,43910,60890,34,1,1
9190,52036,34070,164,76987,74016,10783,77926,174917,152,1,1
9191,19282,11306,105,62782,61514,9652,63315,103649,59,1,1
9192,25961,26533,114,65961,63386,1694,66757,121044,129,1,1
9193,10510,9647,100,56229,55023,1682,56745,78677,55,1,1
9194,41894,28712,148,76795,74116,19681,77653,168041,134,1,1
9195,13353,7466,103,60334,59377,21279,60795,102977,42,1,1
9196,21876,20772,127,63346,61246,1724,64069,108540,104,1,1
9197,10564,10088,100,55729,54506,1766,56239,78747,56,1,1
9198,41958,29862,133,76940,74168,17794,77809,167537,140,1,1
9199,11162,4846,103,60866,60112,12624,61286,90000,30,1,1
9200,22592,23183,128,62822,60526,1756,63574,111204,114,1,1
9201,9880,9342,101,65365,64168,1771,65960,87048,53,1,1
9202,42105,30095,162,77727,74958,19128,78629,170054,141,1,1
9203,12252,7595,101,60073,59117,14704,60532,95165,42,1,1
9204,15147,15219,112,58587,56909,1739,59211,91416,80,1,1
9205,9879,20486,135,57805,56597,1700,58362,90525,55,1,1
9206,42644,28476,140,73294,70675,20104,74134,165458,131,1,1
9207,14218,12302,190,67783,66567,14174,68615,109425,53,1,1
9208,42948,13861,106,68354,66856,28525,68948,154393,69,1,1
9209,43107,22941,188,49109,46938,1752,49896,117799,106,1,1
9210,8796,2882,98,30230,29697,17250,30596,59616,19,1,1
9211,29763,16773,103,35263,33593,10906,35868,93403,80,1,1
9212,17571,8144,117,49085,48038,1803,49573,77192,45,1,1
9213,42272,27747,110,75572,72893,24818,76364,171302,130,1,1
9214,10749,5462,102,59615,58696,16896,60080,93308,32,1,1
9215,18798,18665,146,63330,61334,2729,64071,104370,94,1,1
9216,14204,15353,100,56960,55296,1746,57548,88948,78,1,1
9217,41860,31154,112,73279,70345,14366,74144,161623,146,1,1
9218,13186,6658,104,62840,61927,19636,63310,102883,40,1,1
9219,18331,23256,231,64276,62286,2291,65340,109334,92,1,1
9220,13452,11920,108,41236,39854,1721,41807,68995,65,1,1
9221,4173,205,102,38179,37967,1755,38498,44723,1,1,1
9222,41963,26352,112,73013,70466,23618,73786,165829,126,1,1
9223,42675,39166,238,76030,72577,7711,77125,166768,178,1,1
9224,19292,20094,142,51340,49279,1755,52087,93330,101,1,1
9225,11875,11027,99,40166,38836,1858,40701,65559,62,1,1
9226,4534,198,96,45844,45585,2011,46237,53080,1,1,1
9227,42303,29610,135,111861,108975,18333,112723,203074,136,1,2
9228,16506,7570,182,62433,61453,9775,62996,96943,42,1,1
9229,18964,18535,136,53865,51929,1872,54576,94050,94,1,1
9230,11627,10730,103,41252,39972,1792,41797,66040,60,1,1
9231,21331,19480,107,79289,77298,1695,79982,122587,96,1,1
9232,13230,10979,222,74861,73543,1708,75517,101533,60,1,1
9233,16071,14051,114,45403,43810,2065,46010,78295,75,1,1
9234,12124,10432,104,38684,37422,1736,39217,63601,59,1,1
9235,23777,22792,113,81345,79070,1717,82089,130480,113,1,1
9236,14381,14258,161,76182,74577,2194,76844,107770,77,1,1
9237,15994,16198,136,43094,41370,1990,43745,78030,81,1,1
9238,10919,8794,96,37872,36789,1713,38356,59876,49,1,1
9239,26278,27864,108,82133,79528,1676,82932,138845,131,1,1
9240,10742,10384,142,71799,70523,1722,72381,95322,58,1,1
9241,14342,11494,102,53960,52567,1931,54555,82455,61,1,1
9242,11028,8285,133,37534,36410,1727,38056,59201,47,1,1
9243,4448,208,96,25667,25468,1697,25966,32410,1,1,1
9244,17837,17114,108,76408,74550,1696,77050,113802,88,1,1
9245,11223,8841,140,72513,71398,1688,73061,94915,50,1,1
9246,14480,11135,112,41926,40554,1747,42482,69942,62,1,1
9247,11063,9356,100,31963,30822,1689,32462,54663,52,1,1
9248,22705,22841,112,78164,75926,1767,78894,126305,112,1,1
9249,11608,10868,145,76523,75200,1775,77102,101453,60,1,1
9250,15468,11554,106,31653,30305,1740,32205,61070,63,1,1
9251,9262,5466,101,28294,27472,1716,28727,45259,34,1,1
9252,4489,295,134,26275,26036,1716,26634,33228,2,1,1
9253,4111,2304,97,45702,45215,5396,46075,57970,17,1,1
9254,12280,6428,105,61379,60516,1705,61827,82338,37,1,1
9255,14056,14027,141,78314,76718,1728,78959,108869,76,1,1
9256,10218,7089,109,29444,28480,1701,29926,49028,41,1,1
9257,7948,3763,99,30020,29354,1718,30417,43946,25,1,1
9258,4348,208,100,24952,24746,1698,25256,31607,1,1,1
9259,21996,21541,108,79673,77552,1971,80379,125991,106,1,1
9260,10172,8245,139,53917,52820,1679,54458,74645,49,1,1
9261,6779,2706,101,58393,57850,7214,58777,75566,19,1,1
9262,10415,3784,102,30397,29755,1707,30809,46814,24,1,1
9263,4404,335,96,28870,28633,1739,29184,35761,3,1,1
9264,4450,355,87,41250,40863,1843,41559,48292,3,1,2
9265,22399,25770,116,62212,59802,1786,62987,113041,122,1,1
9266,13154,6488,103,115569,114571,10331,116057,146137,37,1,2
9267,6731,3292,97,45732,45139,1730,46117,57963,22,1,1
9268,9480,3233,89,65039,64427,4572,65414,82797,21,1,1
9269,9656,4241,125,31694,30998,1706,32136,47839,27,1,1
9270,4385,565,94,22962,22693,1699,23278,30016,5,1,1
9271,27600,29713,108,86454,83765,1674,87273,146359,136,1,1
9272,11800,11784,148,59938,58603,1777,60535,85998,61,1,1
9273,7082,211,123,57122,56912,1672,57455,66512,1,1,1
9274,4584,200,103,23714,23491,1680,24024,30587,1,1,1
9275,4276,212,97,18653,18447,1689,18955,25227,1,1,1
9276,4158,198,90,22004,21816,1751,22298,28500,1,1,1
9277,12754,9526,104,55481,54337,5090,55985,83448,53,1,1
9278,41606,44878,182,71859,67875,2007,72975,161564,204,1,1
9279,9058,895,102,56054,55745,1709,56391,68142,7,1,1
9280,41525,43052,105,79081,75283,4912,80100,169691,196,1,1
9281,4168,214,96,22175,21963,1713,22489,28678,1,1,1
9282,23060,23743,104,75955,73564,1689,76750,125360,120,1,1
9283,11686,11112,101,59978,58645,2126,60511,85528,62,1,1
9284,5629,212,122,57574,57348,1719,57919,65568,1,1,1
9285,12247,12087,103,69629,68209,5843,70181,100452,66,1,1
9286,20370,17250,114,76581,74750,1728,77262,116710,88,1,1
9287,9242,7333,102,61185,60185,1740,61657,80062,44,1,1
9288,49163,30992,151,77616,74823,12611,78499,171365,142,1,1
9289,17737,9618,105,63355,62170,9892,63874,101214,53,1,1
9290,59823,28971,169,66713,64244,11580,67576,168223,123,1,1
9291,8541,3244,98,30882,30295,16113,31270,59261,21,1,1
9292,26665,13938,105,39985,38484,9678,40557,90932,72,1,1
9293,17822,9901,96,40719,39540,1720,41217,70753,54,1,1
9294,41477,35007,121,78275,75116,8172,79201,163954,161,1,1
9295,13175,6893,102,73531,72606,12283,74031,106485,40,1,1
9296,19633,18155,117,63984,62102,1820,64652,104358,91,1,1
9297,10403,9517,101,57308,56082,1690,57814,79518,54,1,1
9298,42447,30021,129,75285,72510,14956,76140,163666,141,1,1
9299,14736,7966,139,61365,60349,14845,61896,99538,45,1,1
9300,24679,26563,116,63107,60570,1833,63906,117081,127,1,1
9301,13189,12808,107,58349,56873,1821,58920,86830,71,1,1
9302,42458,25037,110,73220,70797,19930,73981,161506,121,1,1
9303,12666,7209,144,62158,61222,12797,62678,95453,41,1,1
9304,21049,20643,107,60365,58277,1770,61068,104632,102,1,1
9305,10050,7961,118,55933,54879,1698,56427,76238,47,1,1
9306,42591,28369,104,83542,80913,16668,84389,172116,133,1,1
9307,12814,7340,99,61317,60347,12044,61781,94072,43,1,1
9308,16889,15017,105,62417,60713,1863,63039,96906,81,1,1
9309,10647,9228,99,54700,53533,1748,55213,76929,54,1,1
9310,42228,27169,130,87129,84556,16604,87978,174076,129,1,1
9311,14572,9065,97,63645,62569,9801,64137,97670,49,1,1
9312,18062,17626,114,46150,44291,1783,46802,84377,90,1,1
9313,10160,4242,129,39498,38783,1747,39936,56185,29,1,1
9314,11456,10405,96,54486,53229,2344,55003,79313,59,1,1
9315,52744,31242,152,76627,73745,23794,77538,185426,145,1,1
9316,12320,4106,97,59128,58474,12249,59546,88314,26,1,1
9317,21654,20563,115,58635,56540,1792,59352,103463,103,1,1
9318,11622,9243,106,52590,51406,1737,53105,75795,54,1,1
9319,42290,28964,134,74144,71467,26550,74988,172901,134,1,1
9320,10452,4307,102,58379,57704,12527,58792,86169,27,1,1
9321,10513,8451,113,55559,54482,1742,56070,76920,48,1,1
9322,14535,15044,105,44171,42560,1724,44781,76174,78,1,1
9323,4089,210,100,48527,48316,1769,48893,55059,1,1,1
9324,42502,28492,103,72411,69799,28462,73207,172764,131,1,1
9325,9343,3580,101,58067,57470,14049,58456,85520,23,1,1
9326,23062,23880,117,47523,45200,1807,48279,97127,116,1,1
9327,13999,13624,102,40749,39255,1477,41324,70520,72,1,1
9328,4930,196,98,50607,50406,1794,50959,57977,1,1,1
9329,42074,28510,109,71825,69188,20943,72632,164259,134,1,1
9330,10528,9870,102,73140,71931,2290,73649,96427,56,1,1
9331,20606,20953,109,44240,42110,1545,44940,88144,104,1,1
9332,13837,12841,105,39527,38053,1759,40090,68621,70,1,1
9333,23180,22577,158,81163,78944,1710,81947,129515,111,1,1
9334,12366,11080,100,73731,72402,1873,74261,99673,63,1,1
9335,17415,17061,115,45114,43280,1750,45764,82087,89,1,1
9336,11999,10377,95,38350,37089,1804,38861,63143,59,1,1
9337,22999,19475,173,82678,80630,1694,83439,127707,101,1,1
9338,13724,13788,100,84676,83094,1703,85271,114589,76,1,1
9339,13575,13021,113,40613,39128,1699,41195,69591,70,1,1
9340,9320,8196,106,39406,38356,1974,39888,59478,47,1,1
9341,26396,25500,178,82539,80059,1708,83392,137101,125,1,1
9342,13959,13697,101,73082,71510,1956,73659,103362,75,1,1
9343,13994,10529,105,39462,38169,1718,40000,66344,59,1,1
9344,11467,10147,96,33137,31938,1755,33660,57123,56,1,1
9345,4499,376,160,27544,27289,1750,27943,34672,3,1,1
9346,22563,23614,108,80763,78431,1692,81504,129479,116,1,1
9347,10547,9233,93,69986,68819,2881,70477,93234,53,1,1
9348,15209,10507,105,32671,31430,1777,33194,60789,56,1,1
9349,9131,6052,93,28407,27564,1732,28851,45863,36,1,1
9350,4492,198,177,25833,25623,1785,26234,32801,1,1,1
9351,21664,21616,107,76799,74646,1706,77501,122586,107,1,1
9352,10946,9344,108,75065,73881,1750,75571,97694,54,1,1
9353,11797,7260,109,30438,29468,1724,30924,51809,42,1,1
9354,7503,3872,94,27061,26389,1691,27456,40611,26,1,1
9355,6332,193,136,25548,25348,2006,25893,34514,1,1,1
9356,16037,15867,101,50227,48563,3575,50836,86407,81,1,1
9357,7029,3757,100,59443,58812,1684,59838,72400,25,1,1
9358,22435,16467,138,57459,55670,5449,58124,102575,87,1,1
9359,8169,3184,100,58287,57682,1804,58676,71920,22,1,1
9360,11030,7004,105,29791,28837,1693,30262,50087,41,1,1
9361,18247,4618,133,33827,33084,1716,34277,58959,30,1,1
9362,5556,243,130,30293,30062,1761,30670,38342,1,1,1
9363,6685,4772,101,52770,52020,5681,53194,70423,30,1,1
9364,8627,5050,100,60120,59325,1775,60548,76088,33,1,1
9365,16348,16941,108,78701,76870,1692,79336,114409,89,1,1
9366,52381,9871,132,59479,58387,3716,60011,126090,46,1,1
9367,10279,2680,93,24069,23533,3665,24432,41150,18,1,1
9368,4185,200,97,24427,24217,1820,24727,31016,1,1,1
9369,4279,206,91,16942,16763,1704,17222,23497,1,1,1
9370,23091,23356,110,81752,79432,1680,82498,130725,115,1,1
9371,13914,14773,100,79793,78103,1702,80385,110868,78,1,1
9372,4351,217,122,23171,22968,1709,23509,29881,1,1,1
9373,4445,192,95,17421,17249,1667,17721,24111,1,1,1
9374,4651,198,96,21361,21144,1662,21652,28248,1,1,1
9375,24531,22798,105,84557,82269,1666,85290,134385,113,1,1
9376,10128,8201,183,56908,55846,1690,57465,77575,47,1,1
9377,11128,628,106,57167,56889,1680,57508,71045,5,1,1
9378,4560,194,179,23768,23559,1676,24161,30687,1,1,1
9379,4273,204,97,18879,18651,1757,19173,25501,1,1,1
9380,5066,745,97,68064,67658,1786,68385,76075,6,1,2
9381,15361,14368,105,51675,50093,3911,52276,85999,76,1,1
9382,21034,9204,177,54987,53841,7643,55567,93546,51,1,1
9383,5090,200,97,56223,56038,2207,56522,64105,1,1,1
9384,41029,42973,130,92050,88288,5049,93130,182282,194,1,1
9385,4231,198,101,23427,23212,2226,23742,30493,1,1,1
9386,26833,26719,128,64786,62284,1721,65578,120956,125,1,1
9387,9565,7596,93,58874,57881,1758,59345,78354,44,1,1
9388,41968,31962,106,77123,74246,10668,77980,162683,146,1,1
9389,12142,7236,144,62559,61513,9909,63073,92463,43,1,1
9390,21278,19318,105,61921,59957,1781,62595,105071,96,1,1
9391,9997,8193,101,55506,54472,1698,55985,75963,47,1,1
9392,42069,27319,110,85707,83135,12451,86539,168482,129,1,1
9393,12018,5960,103,60051,59213,10758,60497,89327,36,1,1
9394,16754,15455,107,61566,59927,1739,62169,96215,78,1,1
9395,7899,6390,96,41001,40121,1713,41437,57530,38,1,1
9396,12023,8288,98,42472,41441,1692,42941,65035,46,1,1
9397,41630,49021,165,77757,74423,4661,78758,174174,171,1,1
9398,13382,9546,177,63094,61992,9633,63656,96310,50,1,1
9399,19424,20756,129,66799,64684,1800,67523,109605,104,1,1
9400,9107,7548,94,57009,55988,1818,57478,76043,45,1,1
9401,43127,31653,159,76076,73175,18604,76976,170461,147,1,1
9402,11621,7475,104,60604,59694,15351,61057,95595,40,1,1
9403,17369,17785,113,61995,60134,1848,62659,99758,90,1,1
9404,10503,10182,101,62384,61141,1774,62903,85457,58,1,1
9405,42010,34544,132,78157,75062,20849,79092,176597,158,1,1
9406,12298,5297,100,57678,56918,16245,58104,92034,32,1,1
9407,19834,18634,104,61138,59244,1829,61794,102192,92,1,1
9408,9344,6508,102,54957,54029,1771,55415,73129,40,1,1
9409,41744,32564,130,76988,73977,18434,77884,170726,151,1,1
9410,11518,7005,99,59769,58839,13677,60217,92513,40,1,1
9411,19716,19678,123,59171,57177,1776,59868,101138,98,1,1
9412,11271,10707,107,54977,53688,2767,55510,80346,60,1,1
9413,41440,32452,130,74574,71583,16758,75462,166215,150,1,1
9414,12830,7413,103,67409,66460,10153,67870,98367,41,1,1
9415,18680,19751,120,60096,58117,1749,60787,101065,97,1,1
9416,10825,10027,95,65762,64536,1809,66307,89066,56,1,1
9417,42056,29595,115,74029,71249,20006,74868,166627,139,1,1
9418,12629,6678,102,59505,58617,10320,59958,89673,39,1,1
9419,18618,18174,115,58945,57033,2163,59607,98657,92,1,1
9420,13036,11705,147,59805,58438,2200,60397,87440,63,1,1
9421,42675,23911,111,72372,70022,24525,73130,164343,117,1,1
9422,15864,8375,105,60545,59523,10710,61016,96060,45,1,1
9423,19827,21066,108,59492,57353,1451,60203,102645,106,1,1
9424,14117,13819,145,43349,41834,1707,43980,73717,72,1,1
9425,4562,223,97,37640,37433,2191,37959,45026,1,1,1
9426,13369,6742,104,64816,63908,8921,65264,94388,39,1,1
9427,14111,12214,100,64257,62861,4511,64811,95737,66,1,1
9428,17937,17767,108,44841,42953,1757,45498,83059,91,1,1
9429,14291,12772,155,51843,50389,2747,52456,82368,68,1,1
9430,4130,199,97,38257,38049,1736,38566,44723,1,1,1
9431,42109,29344,114,71173,68503,23509,71991,167058,133,1,1
9432,14087,12607,105,75902,74396,1807,76463,105067,67,1,1
9433,16687,16442,104,54299,52514,2313,54960,90500,85,1,1
9434,13783,11958,105,53248,51644,1787,53798,81430,64,1,1
9435,21792,19275,113,80182,78196,1757,80881,123806,96,1,1
9436,14733,14984,103,73240,71636,1704,73824,105343,77,1,1
9437,30861,20027,166,47173,45173,2369,47921,101291,98,1,1
9438,13638,11955,102,40890,39466,1736,41439,68867,67,1,1
9439,24172,24961,130,79533,77104,1796,80321,131348,122,1,1
9440,12081,11023,97,73535,72225,2744,74054,99987,60,1,1
9441,42313,14009,154,42036,40536,28188,42664,127277,70,1,1
9442,9165,1325,96,22887,22509,16308,23241,50132,10,1,1
9443,15513,4446,98,35611,34939,12354,36015,68415,27,1,1
9444,17276,3444,95,26193,25610,1793,26577,49183,22,1,1
9445,25708,26489,129,78823,76237,2311,79646,134256,130,1,1
9446,10575,10110,106,69551,68347,1477,70063,92318,56,1,1
9447,16155,12321,134,41054,39645,1705,41648,71928,65,1,1
9448,11617,8999,105,29830,28740,1720,30327,52753,50,1,1
9449,4272,201,99,25166,24961,2161,25484,32210,1,1,1
9450,23915,24090,136,78187,75828,1722,78958,128788,117,1,1
9451,14111,13524,105,73318,71787,1863,73911,103499,73,1,1
9452,14400,11920,140,33605,32223,1781,34201,62402,64,1,1
9453,8827,5677,101,27728,26874,2283,28179,45059,35,1,1
9454,4540,196,96,23968,23746,1699,24266,30789,1,1,1
9455,20528,18946,110,75346,73402,1765,76021,117363,96,1,1
9456,9173,8504,105,53338,52249,2579,53841,74188,49,1,1
9457,15962,7175,102,73974,73041,2559,74467,100265,41,1,1
9458,13836,9490,105,31906,30710,1729,32431,57588,54,1,1
9459,8274,4825,100,27866,27117,1697,28286,43173,31,1,1
9460,24938,26193,129,81781,79298,1698,82587,135514,124,1,1
9461,9042,8619,104,54450,53343,2768,54947,75458,50,1,1
9462,9275,5129,142,61192,60402,1740,61663,77898,32,1,1
9463,8820,4621,95,29342,28620,1703,29763,45006,29,1,1
9464,8174,5016,98,30282,29540,1749,30701,45728,31,1,1
9465,4658,197,119,24853,24640,2158,25191,32292,1,1,1
9466,15457,14712,105,55780,54182,4130,56368,90761,76,1,1
9467,15445,5466,104,73494,72638,3310,73925,98238,31,1,2
9468,17448,17785,108,92530,90662,1761,93222,130319,92,1,1
9469,9725,3191,107,31123,30542,1719,31534,46263,21,1,1
9470,4263,197,99,22273,22040,1688,22568,28804,1,1,1
9471,4681,287,98,37878,37636,1792,38202,45063,2,1,1
9472,4577,194,96,17308,17106,1719,17612,24191,1,1,1
9473,22532,22760,108,82410,80178,1731,83143,130277,111,1,1
9474,11278,10652,105,87740,86452,1724,88309,112069,60,1,1
9475,4291,209,104,26012,25806,1864,26340,32797,1,1,1
9476,4774,379,90,38142,37781,2240,38443,45932,3,1,2
9477,19661,17163,110,61603,59781,1772,62243,100942,88,1,1
9478,17683,5397,99,82740,81852,4701,83166,111044,31,1,2
9479,13785,24793,224,58047,56587,1754,58757,99189,69,1,1
9480,8532,436,97,57816,57562,1705,58146,68915,3,1,1
9481,4448,206,101,22780,22583,1780,23099,29627,1,1,1
9482,30017,29454,104,66129,63450,1707,66930,128213,135,1,1
9483,11853,12109,104,61348,59910,1737,61902,87693,67,1,1
9484,6326,197,124,58505,58294,1705,58857,67184,1,1,1
9485,40679,48663,112,81303,77111,2603,82413,174459,217,1,1
9486,4443,202,99,23357,23144,1796,23686,30224,1,1,1
9487,5078,3061,90,52170,51601,5234,52543,66006,21,1,1
9488,11893,12068,104,59991,58605,1780,60564,86395,66,1,1
9489,41333,35194,129,78096,74938,10250,79023,165903,160,1,1
9490,8528,3401,108,65274,64690,10345,65674,88046,22,1,1
9491,21350,17698,107,63521,61660,1790,64168,105104,90,1,1
9492,9791,9117,104,58180,57031,1768,58685,79455,52,1,1
9493,41991,29724,128,77185,74489,13246,78027,163090,136,1,1
9494,12619,9245,102,61168,60037,11149,61670,94778,49,1,1
9495,20320,20257,132,62193,60175,1737,62896,105314,99,1,1
9496,8797,7378,105,69031,68043,1730,69536,87542,43,1,1
9497,41928,38254,104,78589,75270,4702,79532,164518,171,1,1
9498,12150,9089,102,61218,60090,10257,61714,93314,51,1,1
9499,18171,18376,109,61057,59133,2016,61718,100380,93,1,1
9500,14054,13525,152,61098,59534,1738,61736,91159,75,1,1
9501,42326,29762,122,74986,72291,18463,75829,166479,137,1,1
9502,13919,8273,105,60611,59613,15646,61084,99022,45,1,1
9503,23628,24653,110,63358,60922,1730,64127,114240,121,1,1
9504,15175,16068,152,60084,58317,1756,60752,93855,84,1,1
9505,42495,30106,107,79839,77093,17717,80663,171078,140,1,1
9506,9849,4922,105,59840,59123,15177,60257,90295,29,1,1
9507,18531,17514,124,61074,59176,1712,61748,99605,91,1,1
9508,8786,6224,142,56927,56023,1716,57439,74262,39,1,1
9509,42376,26302,126,73919,71465,22670,74720,166170,122,1,1
9510,14715,9916,101,61704,60511,13175,62216,100110,55,1,1
9511,20656,23109,109,73479,71169,1411,74248,119546,113,1,1
9512,12727,13050,110,59680,58216,2210,60250,88327,69,1,1
9513,42322,25810,108,74568,72078,27656,75336,171217,123,1,1
9514,14551,5700,105,58959,58177,15350,59393,95088,33,1,1
9515,26610,14905,158,58384,56750,1781,59055,102454,78,1,1
9516,9692,7089,100,55245,54281,1717,55706,74294,42,1,1
9517,42247,28044,101,71622,68990,27654,72414,170461,131,1,1
9518,13034,5276,98,60247,59446,14449,60671,93521,33,1,1
9519,42876,11939,130,66377,65027,28590,66979,150482,63,1,1
9520,7959,210,92,38753,38564,1736,39055,49048,1,1,1
9521,9246,2792,99,29957,29414,16449,30328,58906,19,1,1
9522,32202,18575,100,45518,43608,8644,46224,105748,94,1,1
9523,4622,200,90,36074,35886,1674,36362,42949,1,1,1
9524,42103,33796,114,73392,70318,9197,74286,159483,154,1,1
9525,12072,18119,140,61821,60833,6893,62340,99513,42,1,1
9526,23666,24191,111,47548,45164,1761,48315,98034,118,1,1
9527,4313,199,92,36857,36628,1711,37161,43473,1,1,1
9528,14564,14343,99,41777,40192,1800,42373,73177,76,1,1
9529,41850,27081,108,107348,104617,6994,108129,184153,128,1,2
9530,10718,5622,152,63083,62275,5919,63590,85944,33,1,1
9531,20146,19461,111,44685,42667,2296,45375,87375,98,1,1
9532,11709,10573,101,39434,38172,2114,39972,64461,59,1,1
9533,4526,205,98,37120,36900,1850,37428,44097,1,1,1
9534,41921,34340,107,73281,70185,4221,74164,154753,156,1,1
9535,11510,8551,141,72400,71309,2438,72940,95535,49,1,1
9536,18142,17133,110,43242,41460,1784,43876,81031,86,1,1
9537,12353,10101,102,39132,37889,1833,39660,64039,58,1,1
9538,21001,20144,110,78059,75946,1726,78763,121732,103,1,1
9539,14536,12326,147,73788,72340,2237,74417,103629,68,1,1
9540,16572,15893,110,52427,50674,1844,53112,87524,82,1,1
9541,12462,12490,107,41520,40044,1777,42092,68913,70,1,1
9542,23547,24045,106,79510,77158,1716,80274,129684,118,1,1
9543,10916,9362,147,72312,71143,2192,72877,95439,53,1,1
9544,20593,20413,133,43185,41092,1753,43900,86758,102,1,1
9545,12312,10436,106,37808,36552,1714,38338,62896,58,1,1
9546,26539,27909,110,82305,79657,1703,83114,139371,134,1,1
9547,9780,8138,144,72101,71014,2200,72638,92859,48,1,1
9548,14251,11490,113,38745,37411,1715,39307,66861,62,1,1
9549,11776,10590,104,30457,29219,1690,30993,55142,58,1,1
9550,4692,196,123,25703,25495,1697,26047,32726,1,1,1
9551,3937,1852,97,42466,42029,6484,42825,55190,14,1,1
9552,8940,5434,100,60921,60091,1698,61378,77539,35,1,1
9553,9361,6954,177,70172,69197,4043,70730,91193,43,1,1
9554,11822,8560,110,34544,33420,1761,35052,57293,50,1,1
9555,8039,4837,97,28899,28174,2184,29310,44460,30,1,1
9556,3623,196,100,24256,24064,2201,24567,30673,1,1,1
9557,23261,24305,110,78256,75860,1784,79022,128477,120,1,1
9558,10347,8507,140,54030,52905,2796,54564,76310,50,1,1
9559,8261,6211,101,59637,58775,2174,60077,76819,37,1,1
9560,8648,5422,213,29021,28191,1716,29576,45462,34,1,1
9561,7472,4341,95,29886,29190,1808,30291,44005,28,1,1
9562,4259,277,99,24405,24178,1739,24718,31081,2,1,1
9563,21913,19646,112,78584,76554,2351,79286,123296,100,1,1
9564,14696,14284,152,76383,74727,1729,77032,107823,77,1,1
9565,9503,6462,106,29831,28941,1770,30293,48127,38,1,1
9566,7632,3854,92,29227,28561,2109,29621,43307,26,1,1
9567,5358,999,101,70651,70122,1683,70997,79134,8,1,2
9568,16992,3991,99,57538,56913,3429,57931,82437,24,1,1
9569,13562,13312,150,75823,74316,1823,76438,105238,71,1,1
9570,9210,4409,100,30897,30146,1696,31313,46740,29,1,1
9571,4553,749,91,22798,22503,1703,23125,30228,6,1,1
9572,4140,380,95,42178,41803,1824,42506,48944,3,1,2
9573,19678,20044,110,57883,55855,1726,58574,100127,100,1,1
9574,14426,5654,96,112311,111422,12999,112770,145949,33,1,2
9575,20000,18629,106,70552,68629,1689,71207,111618,95,1,1
9576,8910,3460,102,58172,57560,4286,58579,75326,23,1,1
9577,4075,204,122,22522,22316,1683,22858,28915,1,1,1
9578,4592,286,98,44440,44042,1726,44760,51463,2,1,2
9579,23806,23519,102,84418,82057,1754,85168,134346,117,1,1
9580,13645,13471,186,62693,61156,1761,63366,92338,73,1,1
9581,10685,667,100,63473,63194,2601,63811,77933,5,1,1
9582,3573,196,90,22433,22234,2183,22732,28778,1,1,1
9583,20227,20120,114,62206,60149,1933,62902,105285,102,1,1
9584,9739,9358,106,57738,56567,1779,58245,79213,53,1,1
9585,11281,1136,166,59515,59145,2247,59945,74717,8,1,1
9586,28953,32335,134,78338,75283,1684,79246,142328,153,1,1
9587,4454,199,114,22916,22711,2001,23253,29999,1,1,1
9588,14332,12418,103,58134,56740,3118,58683,88638,66,1,1
9589,9224,8144,111,70365,69263,2321,70897,90684,48,1,1
9590,42038,30621,128,77254,74477,14230,78114,165098,141,1,1
9591,12911,7920,101,61268,60234,10632,61757,93303,46,1,1
9592,15840,13009,111,60585,59075,1786,61161,91898,70,1,1
9593,8923,7290,135,56347,55363,2384,56872,75560,43,1,1
9594,42279,30865,153,75552,72795,13656,76429,163332,140,1,1
9595,12277,5158,96,60910,60162,11897,61344,90766,30,1,1
9596,24436,25539,130,63983,61520,1806,64777,116661,123,1,1
9597,11921,10760,140,66729,65399,2264,67304,92352,61,1,1
9598,41488,34407,122,87040,83936,8722,87948,172670,158,1,1
9599,13176,8063,99,63560,62541,12777,64034,98144,45,1,1
9600,42282,12905,126,39604,38159,28634,40189,124109,67,1,1
9601,19582,7993,178,44373,43373,11228,44922,83823,44,1,1
9602,9484,1738,184,32366,31940,16076,32816,60205,13,1,1
9603,21059,9936,98,46586,45394,11198,47088,89375,54,1,1
9604,14329,6150,99,38817,37963,1742,39249,61566,35,1,1
9605,41710,31234,112,75717,72876,24824,76560,174424,145,1,1
9606,15131,10024,103,60910,59760,15682,61412,102337,53,1,1
9607,22346,23684,146,66388,64009,1944,67173,115247,116,1,1
9608,12752,12096,104,60111,58667,1710,60667,87317,67,1,1
9609,41988,35281,111,75344,72219,11232,76242,164847,160,1,1
9610,12865,6801,105,59945,59048,21932,60396,102089,39,1,1
9611,20886,19770,172,61749,59747,1874,62501,105128,99,1,1
9612,11650,11384,99,56423,55062,1795,56959,81879,63,1,1
9613,42181,28743,109,74413,71758,27296,75221,173539,133,1,1
9614,14306,7418,100,73959,72996,14149,74477,110450,42,1,1
9615,18427,18799,131,60261,58337,1750,60963,100039,94,1,1
9616,10916,11042,128,57516,56201,1820,58076,81962,61,1,1
9617,41970,32324,129,75093,72142,18806,75964,169163,146,1,1
9618,13100,8987,132,61387,60278,13618,61912,97702,48,1,1
9619,19090,19740,103,59594,57619,1711,60269,100908,96,1,1
9620,10099,8696,106,52233,51144,1774,52731,73394,50,1,1
9621,41996,24287,104,71139,68821,25998,71881,164260,116,1,1
9622,10272,5028,136,60013,59249,13197,60480,89079,31,1,1
9623,14990,13670,125,56085,54536,1821,56692,87272,73,1,1
9624,15811,13593,101,41718,40168,1679,42299,73480,75,1,1
9625,4658,198,97,37986,37780,2419,38296,45664,1,1,1
9626,41603,32591,112,82694,79756,7484,83585,165369,149,1,1
9627,14386,10368,106,62773,61516,6525,63296,94668,58,1,1
9628,23515,24459,107,58751,56409,1776,59490,109337,117,1,1
9629,15621,15830,107,41160,39468,2760,41777,76083,82,1,1
9630,42368,25788,103,71416,69011,31472,72169,171901,119,1,1
9631,11045,9228,124,71944,70776,1713,72484,94568,53,1,1
9632,23855,17726,136,45390,43550,1751,46077,89534,90,1,1
9633,11385,10744,102,40949,39689,2521,41470,66227,58,1,1
9634,4275,212,99,37338,37129,1708,37647,43928,1,1,1
9635,42194,29563,106,81421,78669,26615,82281,180760,137,1,1
9636,12159,10628,106,73126,71853,1729,73663,98271,59,1,1
9637,11981,10834,104,44754,43447,2248,45290,70450,60,1,1
9638,10846,9261,106,38052,36890,1684,38562,60454,53,1,1
9639,25626,23866,106,91107,88061,2353,91930,143895,118,1,1
9640,12771,10813,110,73330,72008,1696,73877,99248,61,1,1
9641,18580,17580,124,44303,42472,2178,44962,83399,89,1,1
9642,11461,9065,104,36973,35856,1694,37475,59790,51,1,1
9643,24194,21721,106,88583,86397,1728,89330,137071,108,1,1
9644,11300,10572,106,72092,70835,1710,72622,96298,59,1,1
9645,16624,14640,105,41734,40140,2120,42343,75825,76,1,1
9646,10527,8751,101,36271,35157,2196,36768,58346,51,1,1
9647,21322,22100,104,91714,89469,1705,92465,137689,111,1,1
9648,13808,12923,97,72450,70958,1712,73026,101551,71,1,1
9649,16203,12453,130,41477,40049,2509,42068,73335,67,1,1
9650,11620,8734,99,33348,32215,1708,33844,56009,51,1,1
9651,4721,246,99,25693,25487,2115,26014,33189,1,1,1
9652,9022,6440,96,47072,46175,3635,47518,66729,39,1,1
9653,15903,9070,142,101122,99873,7760,101652,134491,49,1,2
9654,19123,8163,160,91048,89943,5695,91697,124833,42,1,1
9655,17142,12001,235,51905,49767,2160,52743,84378,55,1,1
9656,9528,5620,116,44285,43263,2139,44863,62449,31,1,1
9657,5516,271,152,37633,37295,1964,38060,45963,1,1,1
9658,27805,45221,228,133790,130228,2222,135100,210668,123,1,1
9659,16476,16368,151,117160,115315,2087,118077,153294,72,1,1
9660,12771,9346,150,53332,52044,2349,54327,79123,39,1,1
9661,9657,6115,190,59417,58361,2169,60169,78254,29,1,1
9662,3799,563,136,53880,53550,2602,54395,61497,1,1,1
9663,36094,33586,196,147561,144016,2370,148977,221395,115,1,1
9664,19822,19327,289,137426,135307,2267,138752,180531,69,1,1
9665,12889,7460,201,67043,65841,2416,67846,90942,33,1,1
9666,10523,4351,167,41054,40176,2249,41628,59066,24,1,1
9667,31336,30319,190,144172,141061,2362,145514,209853,109,1,1
9668,17732,17369,152,140503,138405,2257,141497,179167,70,1,1
9669,13020,4563,206,44121,43415,1987,44767,64637,21,1,1
9670,5073,253,136,33348,33115,2141,33772,41385,1,1,1
9671,5304,260,160,31009,30765,2127,31446,39268,1,1,1
9672,5398,244,127,22021,21754,1760,22367,29874,1,1,1
9673,12080,11493,102,60051,58590,3732,60588,87989,61,1,1
9674,5518,577,91,58078,57783,1683,58396,66264,5,1,1
9675,11944,11076,101,57363,55943,1743,57907,82761,61,1,1
9676,7133,475,92,71757,71463,3064,72115,82890,4,1,1
9677,14661,1968,128,55269,54815,1808,55682,74222,13,1,1
9678,4652,199,93,20495,20272,1709,20812,27463,1,1,1
9679,12086,1450,195,34699,34209,1995,35215,50882,8,1,1
9680,20266,16249,159,64508,62606,1735,65189,103741,81,1,1
9681,14699,9089,134,115382,114054,4393,115931,144226,50,1,2
9682,8436,649,172,58882,58569,1824,59313,70323,5,1,1
9683,1244,195,94,23046,22852,1039,23350,25918,1,1,1
9684,4116,192,98,532,353,6248,807,11444,1,1,1
9685,24759,22362,91,63273,61001,1696,63985,112891,108,1,1
9686,11354,11389,101,60328,58998,1748,60857,85439,62,1,1
9687,5718,209,116,61221,60977,1786,61567,69375,1,1,1
9688,42589,41596,175,82765,79056,4248,83847,172391,187,1,1
9689,19687,18738,207,65264,63332,1837,66052,106421,92,1,1
9690,9090,6503,117,56204,55240,1711,56682,74083,39,1,1
9691,42413,33587,104,88541,85483,12813,89438,178358,152,1,1
9692,12488,6421,97,62728,61852,10884,63171,93052,36,1,1
9693,19277,17751,107,61586,59703,1854,62235,101219,89,1,1
9694,11970,10536,100,59742,58459,1731,60259,84585,59,1,1
9695,42509,28330,107,87662,85020,14962,88510,174428,132,1,1
9696,5873,2478,96,57669,57173,13940,58039,80418,17,1,1
9697,21842,22593,104,65271,63030,1896,66000,112431,110,1,1
9698,8739,6816,98,54820,53886,2069,55273,72991,40,1,1
9699,41487,49263,153,78091,74678,7122,79107,177134,176,1,1
9700,18120,12514,114,62992,61607,8934,63560,103220,66,1,1
9701,20062,20774,128,62206,60122,1800,62936,105716,103,1,1
9702,11277,9894,106,56800,55548,1707,57323,80294,57,1,1
9703,42423,30564,129,76264,73489,17616,77124,167830,140,1,1
9704,13780,7510,116,67050,66064,15494,67540,104424,41,1,1
9705,21378,22607,114,66241,63935,1799,67000,112896,111,1,1
9706,13006,13053,101,57088,55588,1745,57649,85547,70,1,1
9707,41502,30374,152,88731,85923,18048,90014,180050,139,1,1
9708,15600,7178,162,109941,108099,12567,110614,146248,33,1,1
9709,32494,35475,289,108017,103241,2655,109996,180989,131,1,1
9710,14021,10387,238,82740,81095,2689,83685,110951,45,1,1
9711,9678,5141,148,68560,67629,2200,69216,86402,27,1,1
9712,58245,32065,150,123378,120074,33652,124746,248870,116,1,1
9713,18919,10089,139,89843,88680,16906,90584,136661,43,1,1
9714,27810,39871,191,99779,96842,2185,100850,170871,100,1,1
9715,18282,17060,136,94643,92629,2209,95633,133320,70,1,1
9716,58111,38573,146,131077,127226,24907,132606,254348,133,1,1
9717,18295,11668,171,123199,121610,14220,124078,168420,48,1,1
9718,27169,27888,180,108426,105428,2221,109738,167174,103,1,1
9719,15388,14568,153,93863,91842,2210,94733,127056,60,1,1
9720,57804,45704,165,133493,129445,35038,135249,274016,147,1,1
9721,23773,11229,200,113777,112179,11040,114699,160886,47,1,1
9722,21323,20986,146,98122,95689,2215,99121,143790,83,1,1
9723,20149,18510,148,68813,66702,2204,69797,110808,70,1,1
9724,5899,346,140,64590,64289,2117,65015,73519,1,1,1
9725,57848,34884,182,127017,123573,25925,128523,247316,125,1,1
9726,22294,12387,143,114086,112582,12878,114991,162712,51,1,1
9727,25432,27618,174,77097,74197,2171,78355,133897,102,1,1
9728,21992,20577,145,137238,134766,15306,138333,196353,82,1,2
9729,58745,38534,211,128041,123899,33107,129713,260239,140,1,1
9730,14973,14063,148,125846,123978,2241,126821,158240,57,1,1
9731,28522,30345,165,78001,74869,2153,79502,140663,113,1,1
9732,15813,14321,191,66131,64314,3223,67067,100562,60,1,1
9733,5196,283,167,65702,65422,2222,66159,74012,1,1,1
9734,15241,929,155,106186,105790,39544,106656,162512,5,1,1
9735,18507,17947,148,131582,129510,2185,132587,171375,70,1,1
9736,26562,38031,194,75998,73085,3163,77289,145434,96,1,1
9737,16948,15145,138,67776,65956,2124,68680,103058,59,1,1
9738,35154,31332,162,136844,133378,2144,138257,207027,116,1,1
9739,15894,12426,143,124646,123019,2300,125601,156353,54,1,1
9740,16362,14727,168,49675,48009,2602,50356,84156,76,1,1
9741,10154,8448,100,38620,37422,1720,39102,59513,48,1,1
9742,23297,22849,108,81316,79026,1750,82041,130049,111,1,1
9743,10664,9129,101,70763,69567,1676,71272,92830,53,1,1
9744,12792,11814,140,42710,41287,2194,43316,70214,62,1,1
9745,9571,6802,96,34518,33535,1713,34988,53166,42,1,1
9746,4616,341,91,25564,25323,1772,25875,32696,3,1,1
9747,23450,22313,105,88876,86593,1798,89603,137265,112,1,1
9748,11383,10723,101,71649,70317,4107,72181,98485,61,1,1
9749,42364,11852,131,40977,39608,25681,41570,121571,62,1,1
9750,9272,2694,97,23581,23068,13635,23983,49677,18,1,1
9751,28650,8322,173,32871,31923,7345,33546,77981,36,1,1
9752,8163,3826,110,100364,99402,1758,100807,114652,24,1,2
9753,10620,10055,99,69780,68477,2676,70297,93745,57,1,1
9754,12789,10036,136,35972,34752,1957,36553,61442,55,1,1
9755,8188,4659,105,30324,29564,1771,30743,45453,30,1,1
9756,4143,200,99,27545,27324,1735,27863,34034,1,1,1
9757,17482,15186,107,76587,74865,1686,77185,111644,78,1,1
9758,9606,8190,151,76499,75323,1844,77067,96809,47,1,1
9759,7969,3932,141,32627,31877,1753,33097,46855,26,1,1
9760,8429,3764,97,31687,31019,1729,32080,46092,24,1,1
9761,1618,205,89,24304,24105,1115,24601,27628,1,1,1
9762,4149,200,181,538,373,5353,895,10674,1,1,1
9763,18654,18950,104,58938,56890,1828,59597,99118,97,1,1
9764,14014,3343,98,58350,57749,8949,58737,85136,22,1,1
9765,11062,10600,109,53634,52223,1789,54181,77722,61,1,1
9766,12258,7537,145,60498,59514,6447,61011,87349,42,1,1
9767,8904,3723,170,31403,30755,1832,31881,46439,24,1,1
9768,4213,373,89,23169,22903,2717,23481,30883,3,1,1
9769,4637,188,92,24124,23938,1748,24412,31080,1,1,1
9770,4839,301,98,17667,17436,1904,17985,25128,3,1,1
9771,24987,26667,110,82294,79801,1717,83070,136544,124,1,1
9772,13141,12266,168,78771,77342,2261,79387,107154,66,1,1
9773,8257,2575,171,32240,31734,1719,32709,45358,17,1,1
9774,4158,196,89,21198,20995,1697,21493,27633,1,1,1
9775,4323,217,108,25514,25307,1748,25837,32217,1,1,1
9776,6542,2145,109,67560,66902,1687,67963,78430,16,1,2
9777,13125,4858,98,87931,87086,1739,88349,108173,29,1,2
9778,11997,11349,111,65080,63366,2215,65677,91339,62,1,1
9779,1411,200,142,61380,61144,1663,61752,65124,1,1,1
9780,8808,198,168,582,402,2231,933,12252,1,1,1
9781,4139,207,89,23222,23033,1764,23499,29699,1,1,1
9782,4350,198,100,18549,18346,1736,18853,25227,1,1,1
9783,4125,195,91,21469,21291,1701,21754,27863,1,1,1
9784,25348,25412,110,84984,82537,1680,85738,138283,120,1,1
9785,10852,10884,157,62964,61504,1797,63568,87210,58,1,1
9786,35201,43123,139,83732,79806,1843,84836,165112,190,1,1
9787,4364,199,98,23950,23743,1718,24272,30648,1,1,1
9788,23446,24621,112,68327,65880,1926,69089,119186,119,1,1
9789,13187,14226,104,61829,60247,1924,62408,91840,74,1,1
9790,5461,198,132,59121,58922,1571,59485,66812,1,1,1
9791,3856,735,100,57704,57375,7402,58038,70122,7,1,1
9792,14630,12640,114,58707,57274,1755,59280,88406,67,1,1
9793,10600,9308,93,56919,55757,1704,57419,79121,52,1,1
9794,52834,32077,166,77902,74981,10862,78833,174711,149,1,1
9795,11791,8487,102,60044,59025,10052,60532,90955,46,1,1
9796,19173,18045,118,84246,82275,1799,84928,124041,92,1,1
9797,10880,9144,120,59576,58364,1757,60124,82001,52,1,1
9798,42107,35385,126,77612,74354,12727,78549,168867,160,1,1
9799,9130,5488,105,59403,58596,12864,59834,87408,33,1,1
9800,18920,18550,113,63007,61068,1815,63672,103056,92,1,1
9801,8366,6848,92,55249,54293,1714,55698,72717,41,1,1
9802,42232,26594,129,74856,72329,24600,75653,169180,124,1,1
9803,8559,3162,101,57885,57294,17277,58269,87349,22,1,1
9804,19386,18662,115,65965,64011,1719,66643,106511,94,1,1
9805,12650,11535,106,56883,55504,1766,57429,83475,64,1,1
9806,41956,32549,140,77030,74104,17956,77930,170493,148,1,1
9807,14010,8552,98,60357,59328,14367,60904,97926,46,1,1
9808,21965,25711,113,63823,61410,1782,64592,114152,120,1,1
9809,12813,12543,102,70945,69500,1733,71539,98732,68,1,1
9810,41951,31434,120,76106,73241,15911,77001,166405,146,1,1
9811,12086,5194,119,62316,61522,8597,62770,88748,31,1,1
9812,20838,21739,105,63916,61758,1776,64656,109119,106,1,1
9813,9844,7982,145,56804,55699,1772,57341,77030,47,1,1
9814,42011,31120,105,74384,71529,20779,75223,169236,144,1,1
9815,10699,5503,104,58241,57436,11947,58677,86927,33,1,1
9816,21552,21844,107,60978,58757,1759,61706,106962,107,1,1
9817,12433,11654,144,56632,55196,2061,57230,83470,66,1,1
9818,42015,27388,104,70756,68123,21985,71549,163037,130,1,1
9819,13703,4153,94,60033,59391,11246,60425,89620,25,1,1
9820,18745,16798,107,60300,58513,1805,60957,98409,86,1,1
9821,9320,7341,137,54483,53478,1767,55001,73530,43,1,1
9822,42087,20474,109,71337,69292,25839,72027,160529,101,1,1
9823,15385,5044,99,59769,59012,11936,60187,92643,31,1,1
9824,18411,19762,104,57439,55428,1720,58141,98136,99,1,1
9825,14224,13457,147,44641,43109,1758,45265,74806,72,1,1
9826,4270,192,122,38128,37928,1719,38467,44745,1,1,1
9827,48489,25897,206,72102,69610,28659,72976,176263,123,1,1
9828,10690,5193,103,61555,60790,13479,61979,91432,31,1,1
9829,52859,14560,151,69564,67930,27873,70211,165602,74,1,1
9830,9309,3476,103,24257,23658,16936,24653,54469,22,1,1
9831,20592,10409,101,25248,24064,11961,25750,68804,55,1,1
9832,26528,11013,106,31975,30630,3702,32509,73848,61,1,1
9833,4450,194,98,36283,36090,1742,36591,43065,1,1,1
9834,42146,26258,107,70978,68500,24563,71753,164826,124,1,1
9835,11510,9990,106,73396,72144,1727,73914,97233,57,1,1
9836,18384,18296,132,46391,44488,1785,47084,85652,92,1,1
9837,13364,11993,98,39967,38580,1777,40501,67727,64,1,1
9838,21753,19772,102,79807,77795,1795,80486,123909,98,1,1
9839,10272,9300,100,71234,70064,1694,71741,93106,54,1,1
9840,19343,17876,133,44711,42851,1746,45395,84463,89,1,1
9841,13725,14640,105,43302,41677,2060,43890,74410,77,1,1
9842,19837,18045,105,78813,76901,1768,79477,119225,94,1,1
9843,13583,13038,103,75976,74431,1997,76550,105255,73,1,1
9844,16647,15961,132,45507,43779,1741,46165,80612,82,1,1
9845,11665,10778,103,39016,37738,1686,39549,63773,59,1,1
9846,22334,22135,133,80063,77828,1711,80812,127097,110,1,1
9847,8123,5987,100,69489,68631,2263,69948,86413,37,1,1
9848,14872,12880,133,41324,39866,1741,41947,71543,68,1,1
9849,12420,11169,99,32389,31058,1680,32930,58289,61,1,1
9850,2872,196,99,24665,24466,2300,24969,30428,1,1,1
9851,21230,20086,106,73972,71912,1670,74654,117740,102,1,1
9852,8180,6133,103,47386,46517,3705,47828,65934,37,1,1
9853,12503,9325,164,61613,60432,1712,62198,85839,53,1,1
9854,15684,15133,108,40728,39086,1781,41330,74026,79,1,1
9855,15071,11544,200,45016,43687,1966,45749,74649,52,1,1
9856,30475,31225,179,124115,120700,2191,125356,189575,126,1,1
9857,10912,10965,486,112374,110945,1829,113831,137658,57,1,1
9858,15188,11577,140,36356,35009,1794,36977,65634,60,1,1
9859,9520,7167,95,29099,28147,1712,29565,48055,41,1,1
9860,4350,201,101,27323,27114,1752,27658,34052,1,1,1
9861,6938,4829,96,45776,45046,5092,46190,63131,29,1,1
9862,9316,5123,97,59868,59088,1759,60309,76590,33,1,1
9863,13315,12034,158,78829,77370,1710,79439,106601,64,1,1
9864,9194,6124,106,29927,29039,1752,30382,47556,36,1,1
9865,7669,4877,115,33595,32817,1705,34037,48386,31,1,1
9866,4305,200,97,25266,25058,1777,25571,31942,1,1,1
9867,22153,22129,114,83601,81402,1686,84319,130382,109,1,1
9868,12204,11948,140,77203,75787,2101,77791,104149,66,1,1
9869,9440,4880,106,31297,30511,1732,31737,47887,31,1,1
9870,4368,341,93,22426,22188,1751,22739,29291,3,1,1
9871,4111,201,94,23958,23771,1704,24267,30366,1,1,1
9872,4331,288,99,18497,18257,1684,18802,25194,3,1,1
9873,23246,25105,108,78713,76372,1682,79460,129598,117,1,1
9874,8844,8292,153,58330,57282,1716,58879,77833,47,1,1
9875,4101,199,97,57077,56891,1675,57378,63449,1,1,1
9876,6689,2327,136,42920,42310,3568,43395,56085,13,1,1
9877,5627,319,146,28954,28697,1897,29329,37431,1,1,1
9878,31599,28244,129,118907,116028,2135,119988,182125,114,1,1
9879,17831,15390,251,90573,88646,1929,91520,126794,72,1,1
9880,4884,263,102,61742,61485,1776,62093,69109,1,1,1
9881,4216,199,97,25280,25050,1712,25583,31848,1,1,1
9882,4264,200,99,19404,19200,2151,19713,26422,1,1,1
9883,4765,346,100,23132,22911,1711,23441,30366,2,1,1
9884,12630,11048,109,57344,56045,4296,57887,85956,59,1,1
9885,11730,11792,108,56489,55046,4869,57061,85538,64,1,1
9886,11030,1003,140,58826,58493,2226,59207,73577,7,1,1
9887,41273,49654,6492,86095,82216,4837,94259,190144,194,1,1
9888,4202,198,100,28642,28425,1797,28969,35308,1,1,1
9889,23972,23600,103,64664,62330,1722,65393,114786,114,1,1
9890,11876,11380,151,66164,64794,2044,66754,92150,63,1,1
9891,9402,223,126,58127,57923,1717,58472,69911,1,1,1
9892,10808,8137,100,65740,64687,8233,66229,93502,47,1,1
9893,16582,16606,127,62169,60406,1696,62825,97815,84,1,1
9894,13418,12889,170,59813,58330,1886,60448,88734,70,1,1
9895,42131,34731,103,77575,74477,12873,78476,168315,159,1,1
9896,13444,8383,106,62082,61026,10268,62574,94763,48,1,1
9897,19630,19030,127,62442,60498,1731,63118,103612,94,1,1
9898,9104,8713,146,57683,56552,1693,58232,77851,49,1,1
9899,42147,38761,106,79872,76467,8629,80829,170466,174,1,1
9900,3869,867,93,57016,56680,13759,57351,75936,7,1,1
9901,24869,26037,108,68625,65597,2063,69455,122538,126,1,1
9902,11818,12175,179,63837,62383,1851,64537,90485,66,1,1
9903,42248,35284,118,90487,87698,20260,91322,189225,139,1,1
9904,14003,6811,102,61109,60214,15917,61584,98410,39,1,1
9905,19371,19476,107,71190,69121,1791,71921,112656,98,1,1
9906,12116,11167,104,64233,62842,1745,64772,89897,63,1,1
9907,42000,30503,113,75997,73171,14498,76840,163946,142,1,1
9908,12249,8491,103,62805,61773,12102,63302,96235,46,1,1
9909,44046,14007,153,42189,40703,26452,42835,127442,70,1,1
9910,20621,6429,98,41985,41068,7425,42428,76998,37,1,1
9911,9652,2776,104,27701,27160,14760,28087,55369,19,1,1
9912,19956,12528,101,49002,47626,7597,49543,89717,64,1,1
9913,42320,29117,112,74192,71454,16982,75089,163604,139,1,1
9914,10325,3394,104,60333,59725,28331,60735,102880,23,1,1
9915,22731,25916,136,63353,60795,1776,64164,114685,123,1,1
9916,13988,12327,93,57304,55868,1775,57854,86037,66,1,1
9917,42445,23436,103,70975,68724,21298,71701,158979,111,1,1
9918,13881,7128,103,74388,73460,10798,74882,106791,39,1,1
9919,18572,17900,108,58545,56651,1735,59216,97523,90,1,1
9920,11819,11411,179,57230,55855,1705,57846,82878,62,1,1
9921,41754,29790,114,74900,72161,19066,75730,166448,137,1,1
9922,14066,6329,135,61636,60762,10558,62118,93160,37,1,1
9923,19296,19219,109,59498,57556,1770,60170,100553,94,1,1
9924,14881,14274,108,59860,58292,1729,60454,91434,76,1,1
9925,41539,16740,112,67915,66179,28903,68559,155844,84,1,1
9926,15034,6664,148,60753,59840,13127,61259,96169,39,1,1
9927,18422,19683,111,59137,57121,1706,59832,99749,99,1,1
9928,15347,15297,103,43465,41792,2274,44073,77085,81,1,1
9929,4273,200,102,37928,37716,1677,38253,44497,1,1,1
9930,42361,29370,108,85678,82974,27195,86541,185569,137,1,1
9931,13786,7996,103,61100,60112,13929,61591,97395,44,1,1
9932,21349,23013,101,47320,45090,1690,48045,94200,110,1,1
9933,12597,11046,102,39689,38381,1723,40222,65680,62,1,1
9934,4124,208,124,36974,36766,1666,37312,43401,1,1,1
9935,41902,24620,101,122762,120265,21045,123548,211216,118,1,2
9936,10761,6809,96,61520,60607,10715,61978,90356,39,1,1
9937,19998,20191,135,45186,43134,1776,45910,87974,101,1,1
9938,15252,13436,133,42109,40878,1765,43066,73635,56,1,1
9939,23395,23056,111,80677,78317,2481,81423,130453,114,1,1
9940,13287,11988,142,75372,73935,1743,75965,103078,67,1,1
9941,16811,14886,108,41544,39899,1867,42153,75815,78,1,1
9942,12343,11841,109,40229,38886,1756,40777,66811,63,1,1
9943,26047,26625,106,81660,79134,2493,82440,137702,127,1,1
9944,12294,10581,167,75235,73899,1715,75869,100568,61,1,1
9945,18201,16182,174,73385,71795,1987,74390,110875,67,1,1
9946,8968,6843,104,40658,39611,2100,41156,59156,40,1,1
9947,25908,22995,171,146063,143624,3266,147349,199679,88,1,1
9948,10292,9371,180,76829,75562,1724,77460,98952,50,1,1
9949,14908,12340,129,42517,41072,1775,43147,72280,64,1,1
9950,10768,8811,104,31516,30336,1746,32009,53423,50,1,1
9951,4475,205,98,26039,25833,2354,26352,33479,1,1,1
9952,24974,37648,150,81511,79022,1719,82344,146835,123,1,1
9953,10218,9238,108,69965,68734,2747,70469,92770,53,1,1
9954,12931,9301,109,33442,32291,1806,33967,58103,51,1,1
9955,8576,5032,143,32048,31240,2276,32520,48504,31,1,1
9956,4775,199,90,24604,24416,1688,24895,31645,1,1,1
9957,20469,20702,114,87133,85042,1768,87876,130915,102,1,1
9958,11707,8960,100,74411,73228,1723,74917,97397,52,1,1
9959,15638,12105,124,33242,31827,2507,33826,64178,64,1,1
9960,8417,4743,95,30359,29634,1720,30767,45746,30,1,1
9961,4593,200,101,25117,24911,1762,25436,32090,1,1,1
9962,16939,16700,106,81365,79594,3047,82024,118808,86,1,1
9963,14050,13246,105,58736,57228,3254,59305,89951,70,1,1
9964,4801,560,95,56043,55764,1389,56380,63223,5,1,1
9965,9220,6323,104,31705,30812,1365,32176,49194,37,1,1
9966,7678,4943,92,31144,30377,1373,31553,45638,31,1,1
9967,4062,197,99,24897,24669,1917,25211,31487,1,1,1
9968,25074,35651,182,80913,78526,2078,81763,144671,120,1,1
9969,10486,10648,102,52768,51472,2184,53303,76715,60,1,1
9970,11958,5024,102,58910,58156,1664,59332,78069,31,1,1
9971,10305,3739,125,30820,30148,2220,31251,47624,24,1,1
9972,4607,376,94,21452,21216,1697,21764,28535,3,1,1
9973,4559,196,119,25022,24818,1689,25362,31895,1,1,1
9974,4270,196,94,27852,27590,2096,28222,34894,1,1,1
9975,23393,23506,112,79822,77532,2203,80577,129779,114,1,1
9976,12075,11358,97,68126,66786,1741,68668,93942,62,1,1
9977,4503,204,124,57651,57440,1780,57998,64576,1,1,1
9978,4452,193,136,23560,23346,1803,23914,30459,1,1,1
9979,4299,196,95,18194,18013,2200,18475,25249,1,1,1
9980,4326,197,95,20723,20548,1736,21016,27366,1,1,1
9981,25994,23466,190,83624,81293,1738,84458,135767,114,1,1
9982,11088,9047,100,56746,55580,1717,57248,79194,52,1,1
9983,16463,2802,105,58428,57901,2362,58816,80543,18,1,1
9984,4136,198,101,22591,22380,1703,22892,29025,1,1,1
9985,4425,197,119,18257,18048,1813,18583,25109,1,1,1
9986,5552,1196,119,82994,82491,1824,83438,92108,9,1,2
9987,8597,7874,103,56308,55304,1690,56780,75031,44,1,1
9988,3626,274,100,56237,56010,3226,56558,63776,2,1,1
9989,41091,44371,108,79281,75512,2586,80299,168442,193,1,1
9990,14602,12506,160,52574,52087,1774,53034,82016,16,1,1
9991,19017,20213,108,66725,64686,1722,67407,108461,100,1,1
9992,8184,4250,95,42550,41881,10938,42949,66416,27,1,1
9993,18801,16067,109,60028,58284,6703,60659,102322,83,1,1
9994,41543,30239,120,74413,71717,11721,75242,158846,137,1,1
9995,9742,4644,106,74678,73986,11140,75152,100780,28,1,1
9996,22051,22500,120,65121,62850,1766,65865,112287,111,1,1
9997,17075,10767,137,61226,59921,1739,61791,91469,60,1,1
9998,41939,33655,118,85489,81893,14784,86414,176907,155,1,1
9999,12767,8312,161,64588,63513,10405,65149,96727,46,1,1
10000,18010,18005,106,62827,60978,1769,63478,101361,89,1,1
10001,8058,6236,92,56438,55557,1762,56879,73029,38,1,1
10002,41749,37823,111,78926,75561,7018,79874,166563,172,1,1
10003,12406,5226,151,60685,59952,13173,61163,92063,30,1,1
10004,23016,22427,103,64352,62118,1718,65065,112331,110,1,1
10005,10196,8985,99,59193,58038,1757,59697,80725,53,1,1
10006,42023,28045,108,72803,70201,28821,73603,172589,131,1,1
10007,12097,6073,172,60645,59817,15578,61158,94994,35,1,1
10008,18870,18577,109,62319,60402,1766,62987,102299,94,1,1
10009,12927,13253,100,60679,59147,1720,61248,89242,73,1,1
10010,42214,30100,129,86186,83446,22934,87071,182416,138,1,1
10011,11612,3963,100,58719,58056,14872,59123,89656,26,1,1
10012,32261,25411,146,64703,62199,1852,65516,125141,125,1,1
10013,13773,14727,100,56553,54923,1693,57151,87437,79,1,1
10014,52712,26830,203,77095,74562,18074,77989,175713,125,1,1
10015,11972,3829,102,59870,59266,12115,60276,88280,23,1,1
10016,21261,24169,112,61713,59347,1793,62462,109783,117,1,1
10017,16326,15787,102,56119,54401,1705,56733,90645,83,1,1
10018,42376,25211,143,75366,73000,28162,76143,171989,115,1,1
10019,11700,6616,103,61320,60470,14661,61770,94831,36,1,1
10020,27118,25139,172,99297,96813,2493,100452,155360,96,1,1
10021,15216,11435,210,108895,107098,2671,109863,139345,55,1,1
10022,49457,34552,248,120051,116587,32782,121492,238425,129,1,1
10023,20383,9372,140,103236,101927,14462,104008,148554,40,1,1
10024,23412,22923,150,229808,227247,2426,230965,279878,87,1,1
10025,14684,12675,146,213678,212049,2074,214548,244140,53,1,1
