batch_id,d1_ns,d2_ns,d3_ns,d4_ns,d5_ns,d6_ns,svc_ns,total_ns,num_faults,num_va_spaces,num_blocks
10026,75523,45910,697,983529,971741,10395,986971,1119402,165,1,1
10027,14786,14042,245,210113,208428,11134,211129,251404,52,1,1
10028,23691,20360,154,142016,139886,3145,143130,190642,77,1,1
10029,6526,255,156,94753,94401,2253,95206,104558,1,1,1
10030,28374,28091,145,120345,117273,2170,121639,180593,104,1,1
10031,16563,16285,153,97469,95391,2569,98431,134176,67,1,1
10032,16454,2532,147,103557,102938,2286,104121,125701,13,1,1
10033,21837,19763,149,65494,63356,2247,66538,110696,75,1,1
10034,21780,18651,160,173654,171359,6223,174685,221654,72,1,2
10035,5797,277,137,40194,39878,2251,40635,49257,1,1,1
10036,34294,28795,153,137514,134702,2207,138769,204386,105,1,1
10037,16680,14676,154,130755,129026,3186,131674,166537,60,1,1
10038,30995,29256,158,122269,119383,2169,123546,186282,106,1,1
10039,20860,7616,152,118853,117737,2191,119545,150532,34,1,1
10040,13802,12624,146,111790,110177,2184,112710,141636,55,1,1
10041,5804,251,144,114204,113862,2168,114649,123186,1,1,1
10042,30580,31836,150,100478,97286,2176,101823,166730,114,1,1
10043,22678,22783,157,80418,77837,2611,81627,130001,87,1,1
10044,6322,213,148,60786,60482,2162,61214,70212,1,1,1
10045,59342,50098,155,200760,195957,7696,202530,319984,165,1,2
10046,21425,15485,152,154748,152783,7361,155644,200224,60,1,2
10047,5320,237,152,38702,38400,2493,39144,47500,1,1,1
10048,5886,182,134,37822,37541,2166,38243,46780,1,1,1
10049,5919,177,142,39126,38830,2072,39547,48012,1,1,1
10050,15629,11162,148,161697,160169,2137,162499,191722,45,1,2
10051,13251,10256,168,121722,120392,2285,122549,148649,44,1,1
10052,25697,24156,143,114660,112102,2156,115930,168252,90,1,1
10053,15852,14807,153,102726,100893,2179,103724,136869,61,1,1
10054,5783,245,158,97884,97539,2077,98325,106741,1,1,1
10055,5721,162,150,96094,95803,2122,96537,104844,1,1,1
10056,31995,31495,133,99093,95888,2120,100424,166351,114,1,1
10057,20877,20415,142,74304,72075,2202,75326,119128,79,1,1
10058,6136,211,168,63997,63697,2169,64471,73297,1,1,1
10059,59050,53549,161,175816,171005,8692,177596,299220,171,1,2
10060,20305,15657,149,144692,142646,7864,145612,189741,62,1,2
10061,6094,218,145,34567,34287,2064,34995,43693,1,1,1
10062,5474,384,151,26609,26284,2108,27064,35328,2,1,1
10063,35701,46137,172,142970,139666,2116,144410,228679,119,1,1
10064,15701,13684,142,115906,114142,2177,116772,148648,58,1,1
10065,16657,10214,149,100535,99249,2095,101295,130557,42,1,1
10066,30042,30618,176,108704,105591,2008,122913,185901,113,1,1
10067,16885,12554,142,90994,89415,2104,91832,123671,52,1,1
10068,5775,486,154,101669,101313,2281,102122,110977,3,1,1
10069,7980,189,144,99866,99565,2236,100293,111006,1,1,1
10070,27387,26007,165,71525,68844,2197,72770,128665,95,1,1
10071,16007,12464,146,60389,58787,2102,61228,92097,52,1,1
10072,6018,213,134,68623,68330,2185,69047,77790,1,1,1
10073,12355,4275,139,179069,178099,2184,179698,198813,21,1,2
10074,8563,4502,143,106408,105570,20919,107016,141298,23,1,1
10075,5789,208,155,33642,33290,2307,34109,42717,1,1,1
10076,10286,3761,150,59777,59011,2220,60361,76943,19,1,1
10077,24532,17542,135,127832,125791,2090,128796,173278,70,1,1
10078,12472,10202,146,106929,105525,2118,107699,132829,45,1,1
10079,15321,11950,151,137320,135750,2157,138180,167937,51,1,1
10080,29773,30879,150,102987,100005,2095,104270,167337,108,1,1
10081,22369,22499,144,95442,93049,2179,96534,143885,86,1,1
10082,59181,48643,151,200933,196398,7966,202660,318761,161,1,2
10083,18938,17977,157,154218,152005,7600,155278,200082,69,1,2
10084,5763,256,134,39972,39661,2121,40406,48850,1,1,1
10085,41129,38955,132,140225,136378,2145,141753,224287,139,1,1
10086,19573,19634,158,133219,130889,2238,134294,176043,77,1,1
10087,27332,25063,145,112977,110304,2198,114177,169098,95,1,1
10088,19247,7530,129,106723,105626,2116,107380,136572,33,1,1
10089,18543,16692,152,97368,95346,2217,98461,136217,69,1,1
10090,16609,5791,150,106201,105250,8477,106836,138013,27,1,1
10091,26298,26716,152,94167,91385,2169,95397,150901,98,1,1
10092,19977,19442,141,92088,89911,15389,93123,148233,77,1,1
10093,5817,1100,172,72621,72187,2152,73178,82549,6,1,1
10094,58841,55685,226,178182,172981,8339,180142,303330,188,1,2
10095,5653,222,147,38687,38393,2079,39136,47403,1,1,1
10096,16379,14508,137,111641,109862,10840,112588,154605,59,1,1
10097,12733,6152,147,59520,58561,3461,60161,82815,28,1,1
10098,5305,261,13745,50325,49120,2974,64528,73633,1,1,1
10099,5366,882,125,31010,30767,1892,31465,39715,1,1,1
10100,26776,26790,144,85452,82236,1985,86333,141998,127,1,1
10101,10764,9282,116,74661,73521,1739,75165,97051,52,1,1
10102,10816,9550,143,94395,93169,4189,95013,119666,53,1,1
10103,11081,10178,112,67283,65978,1876,67812,91038,59,1,1
10104,4548,347,113,65315,65071,1818,65670,72489,2,1,1
10105,4638,330,96,61990,61751,1791,62362,69213,3,1,1
10106,19335,17655,140,60146,58253,2015,60874,99976,89,1,1
10107,7567,4181,93,75552,74739,1728,75945,89512,26,1,2
10108,4793,220,115,37380,37166,1739,37722,44572,1,1,1
10109,41540,36469,130,99276,95911,7140,100209,185456,164,1,2
10110,15678,8060,127,82437,81267,10235,82950,117189,44,1,2
10111,4152,212,181,23229,22994,1824,23632,29913,1,1,1
10112,5133,194,111,26671,26465,2045,26990,34462,1,1,1
10113,4023,180,105,19536,19331,1748,19841,25889,1,1,1
10114,4666,2119,95,44932,44430,6401,45287,58566,15,1,1
10115,20221,13673,103,66241,64770,4298,66797,105084,69,1,1
10116,16040,15570,101,66295,64614,3766,66891,102367,79,1,1
10117,8969,6137,100,57613,56772,1731,58042,74975,35,1,1
10118,21211,18670,186,67005,65128,1778,67745,109504,90,1,1
10119,7953,6008,100,55556,54711,1726,55987,71764,36,1,1
10120,5895,194,128,59339,59121,1776,59808,67783,1,1,1
10121,8412,182,106,57671,57469,1730,57993,68412,1,1,1
10122,14259,13951,185,43030,41499,2590,43687,74584,73,1,1
10123,11510,10558,101,37937,36684,1782,38444,62391,58,1,1
10124,4224,185,98,36842,36653,1853,37135,43486,1,1,1
10125,50610,30120,148,76046,73313,28679,76912,186427,136,1,1
10126,15666,13167,110,73984,72516,1780,74629,105403,70,1,1
10127,5412,198,201,25248,25020,2005,25724,33436,1,1,1
10128,22806,21930,116,85137,82920,1812,85867,132517,109,1,1
10129,10411,9433,92,81193,79892,1956,81772,103725,55,1,1
10130,5323,509,117,62227,61969,1728,62803,70462,3,1,1
10131,20238,18649,192,62153,60152,1777,62967,103733,94,1,1
10132,11318,9957,103,58101,56878,1971,58668,82005,56,1,1
10133,43284,36034,161,112865,109522,6087,113896,199573,158,1,2
10134,13787,23853,136,100096,98615,6853,100690,145347,64,1,2
10135,5347,196,113,27510,27301,1758,27842,35240,1,1,1
10136,17325,15268,136,75877,73999,1744,76514,111106,78,1,1
10137,9988,7041,95,71382,70418,1727,71851,90699,42,1,1
10138,25397,26832,213,85519,82961,1853,86430,140768,128,1,1
10139,10677,2090,100,72483,72034,1785,72923,87740,14,1,1
10140,10363,9378,109,77363,76140,1775,77895,99510,54,1,1
10141,4364,187,96,63109,62925,2079,63406,70128,1,1,1
10142,20749,19471,208,62162,60119,1772,62943,105038,96,1,1
10143,8395,6157,94,50256,49238,3290,50688,68625,38,1,1
10144,3483,188,90,41801,41604,2262,42097,48117,1,1,1
10145,42409,39402,121,102240,98671,3118,103265,188471,175,1,2
10146,13966,11038,101,106876,105335,5439,107475,138013,59,1,2
10147,5414,266,134,26860,26571,1807,27217,34886,1,1,1
10148,4380,188,112,26210,26009,1844,26534,33042,1,1,1
10149,22019,21692,125,79127,76877,1734,79845,125393,107,1,1
10150,6895,5320,97,48869,48087,2306,49287,63899,33,1,1
10151,15607,15843,182,65504,63847,2125,66250,99919,81,1,1
10152,24869,28349,170,79619,76964,1806,80484,135777,133,1,1
10153,13178,13188,111,60562,59033,1756,61132,89350,72,1,1
10154,6307,176,113,63316,63109,1844,63647,72075,1,1,1
10155,4302,191,93,56785,56588,1792,57078,63449,1,1,1
10156,21064,17791,204,50492,48640,1831,51242,92032,90,1,1
10157,10794,9564,98,41516,40256,1946,42011,64409,54,1,1
10158,4414,176,110,38903,38703,1892,39241,45824,1,1,1
10159,4103,186,110,38059,37866,1836,38383,44603,1,1,1
10160,41369,39030,174,101637,97992,5180,102640,188491,171,1,2
10161,12301,7265,175,85394,84237,4916,85945,110525,42,1,2
10162,4654,265,162,24618,24412,1839,24999,31857,1,1,1
10163,5036,177,120,26247,26048,1804,26582,33699,1,1,1
10164,22407,21058,130,83435,81217,1768,84178,129515,106,1,1
10165,10858,10395,108,74668,73297,1698,75198,98244,59,1,1
10166,5944,598,174,54742,54491,1743,55161,63733,3,1,1
10167,25100,25112,120,63096,60688,1757,63848,115931,116,1,1
10168,12766,12231,105,58766,57300,1787,59311,86187,65,1,1
10169,6552,191,87,64029,63830,3316,64331,74476,1,1,1
10170,39056,13429,180,132537,130697,28336,133187,214168,70,1,2
10171,22129,5830,100,42628,41843,8362,43060,79652,33,1,1
10172,15154,11815,104,122050,120740,8475,122572,158111,60,1,1
10173,6020,197,114,39413,39193,1766,39741,47817,1,1,1
10174,42224,29727,129,73854,71131,18888,74687,165632,136,1,1
10175,14878,13842,145,75437,73869,2340,76064,107223,75,1,1
10176,5574,172,115,25302,25073,1855,25626,33324,1,1,1
10177,14709,14734,100,94741,93068,4135,95321,129002,76,1,1
10178,15266,8540,98,67410,66356,1852,67879,93629,47,1,1
10179,12455,12154,101,80791,79301,2994,81381,109075,66,1,1
10180,4321,188,119,56111,55878,1768,56453,62828,1,1,1
10181,21946,24904,120,64071,61560,1766,64842,113559,120,1,1
10182,13638,14229,107,56140,54606,1727,56724,86412,74,1,1
10183,42752,47193,170,111958,108659,6464,112938,209603,161,1,2
10184,12523,10192,94,89433,87968,6191,89937,118940,57,1,2
10185,5973,194,117,39015,38796,1877,39348,47491,1,1,1
10186,4393,294,89,24070,23848,1842,24374,30996,2,1,1
10187,23115,21292,143,79554,77402,1792,80291,126743,105,1,1
10188,8134,6351,176,44461,43568,2761,44993,62338,39,1,1
10189,17324,13196,115,66966,65541,7382,67526,105524,68,1,1
10190,10907,10280,119,62319,61038,3195,62866,87510,57,1,1
10191,18026,8840,107,60082,59061,2096,60562,89613,46,1,1
10192,8924,7979,99,79023,77885,1913,79582,98496,47,1,1
10193,5409,589,94,61694,61433,1780,62008,69876,4,1,1
10194,28069,22201,145,63589,61277,1865,64356,116587,110,1,1
10195,12434,11809,106,45735,44262,2518,46276,73129,65,1,1
10196,4380,286,99,35784,35555,1864,36091,42712,2,1,1
10197,42255,41826,204,106020,102227,3931,107108,195401,183,1,2
10198,12683,11839,102,85770,84295,5361,86302,116282,62,1,2
10199,4701,185,96,27127,26914,1802,27424,34202,1,1,1
10200,4257,184,92,17056,16871,1707,17333,23571,1,1,1
10201,4278,167,117,25597,25385,1713,25930,32187,1,1,1
10202,4038,181,109,25859,25661,1722,26241,32285,1,1,1
10203,6368,3731,97,42778,42133,4868,43180,58238,24,1,1
10204,13993,12039,102,77436,75986,1896,78078,106099,64,1,1
10205,15980,14374,103,78028,76416,1840,78612,110893,77,1,1
10206,21991,22377,147,68891,66605,1876,69675,116179,112,1,1
10207,11986,11769,104,59542,58208,1868,60083,85799,63,1,1
10208,4675,179,174,57822,57617,1840,58227,65024,1,1,1
10209,4320,176,126,56905,56692,2130,57241,63965,1,1,1
10210,20789,23010,126,56258,54027,1847,56997,102742,111,1,1
10211,18146,16033,170,63178,61320,2150,64176,100872,74,1,1
10212,5914,259,143,58284,58064,1889,58742,66904,1,1,1
10213,4510,181,99,37529,37329,1825,37825,44435,1,1,1
10214,42919,39494,146,100814,97209,5537,101804,190061,174,1,2
10215,6242,1996,117,60353,59851,13898,60739,82975,15,1,1
10216,4920,191,120,19989,19779,1773,20328,27312,1,1,1
10217,4087,186,105,23309,23102,1729,23639,29743,1,1,1
10218,21862,20542,136,80902,78620,1747,81618,125873,102,1,1
10219,13651,5246,142,65109,64343,1745,65583,86318,31,1,1
10220,9155,8363,98,82262,81162,1984,82735,102330,48,1,1
10221,7734,1314,100,71260,70875,1689,71601,82429,10,1,1
10222,22812,23961,133,64149,61663,1763,64910,113704,114,1,1
10223,13651,14449,174,60613,59007,1774,61273,91244,77,1,1
10224,5742,314,115,59115,58863,1737,59459,67351,2,1,1
10225,15879,13615,119,41789,40267,1774,42385,73755,71,1,1
10226,10994,8597,105,95030,93813,5848,95521,121057,47,1,2
10227,4391,198,188,37183,36971,1877,37586,44146,1,1,1
10228,5366,267,111,39144,38915,1827,39478,47037,2,1,1
10229,42166,25579,128,72308,69928,24511,73072,165432,118,1,1
10230,10216,8398,101,72413,71345,1740,72885,93332,47,1,1
10231,9262,6929,124,85389,84436,4187,85878,106356,41,1,1
10232,5375,3445,200,54300,53590,2802,54796,66521,24,1,1
10233,13523,8946,99,135665,134355,3669,136157,162392,49,1,2
10234,11119,10072,148,57477,56231,3591,58043,82924,56,1,1
10235,23063,12086,183,49502,48090,1856,50136,87240,66,1,1
10236,4320,404,112,37423,37165,1812,37778,44418,3,1,1
10237,41507,40242,109,106166,102582,6248,107132,195234,176,1,2
10238,9474,7109,94,85101,84012,7062,85550,109291,41,1,2
10239,4480,209,119,26161,25949,1765,26508,33058,1,1,1
10240,4498,200,173,25622,25418,1754,26088,32638,1,1,1
10241,23137,24572,130,80795,78365,1736,81589,131137,120,1,1
10242,8094,5181,97,44769,43992,2180,45188,60738,32,1,1
10243,16130,16442,102,67760,66022,5640,68370,106678,84,1,1
10244,22893,22897,145,82393,79805,2326,83169,131440,111,1,1
10245,7579,5833,301,64927,64023,2419,65615,81645,34,1,1
10246,11458,9699,93,68378,67191,2245,68876,92372,54,1,1
10247,4716,196,115,57531,57300,1789,57866,64660,1,1,1
10248,43237,11314,127,95706,94259,28607,96265,179537,58,1,2
10249,20876,5243,138,42441,41667,4636,42901,73753,31,1,1
10250,10104,1575,104,33524,33134,14390,33868,60029,11,1,1
10251,28268,16211,97,37071,35415,7280,37667,89519,79,1,1
10252,4163,191,141,42202,41979,1957,42560,48957,1,1,1
10253,42346,23900,117,106879,104472,13478,107610,187604,108,1,2
10254,10520,3765,104,80965,80216,11440,81357,107173,23,1,2
10255,5342,200,172,27928,27692,1754,28305,35699,1,1,1
10256,4914,183,129,17277,17087,1868,17598,24654,1,1,1
10257,5254,172,123,26200,25995,1844,26535,33904,1,1,1
10258,8074,6398,106,50406,49546,4743,50849,70155,36,1,1
10259,17395,10328,100,65948,64662,2767,66468,97053,55,1,1
10260,13732,12103,104,76355,74946,1777,76903,104606,66,1,1
10261,23779,26343,211,75865,73353,1876,76749,129007,125,1,1
10262,11956,12774,100,58488,57015,1836,59034,85698,68,1,1
10263,4558,186,91,62653,62462,2248,62937,70022,1,1,1
10264,4761,195,88,54471,54276,1759,54758,61560,1,1,1
10265,27974,16253,168,47346,45652,1821,48043,94195,81,1,1
10266,9305,7588,100,38049,37056,1728,38506,57218,44,1,1
10267,4746,343,126,39089,38851,1762,39447,46398,2,1,1
10268,4087,200,108,37881,37681,1691,38198,44278,1,1,1
10269,41406,39536,126,100536,96939,2783,101511,185341,177,1,2
10270,4016,1453,94,57722,57325,14198,58060,77819,11,1,1
10271,5515,184,186,20400,20184,1818,20799,28413,1,1,1
10272,19329,18898,132,104384,102179,1867,105068,145267,94,1,2
10273,9529,7514,123,84484,83411,1832,84985,103961,44,1,1
10274,18655,10588,115,70611,69371,2090,71141,102570,56,1,1
10275,25788,29347,171,66971,64265,1976,67855,125213,135,1,1
10276,12204,11359,103,55652,54214,1824,56184,81662,62,1,1
10277,12400,1019,123,58370,58031,1779,58734,74038,7,1,1
10278,13705,13204,115,41721,40215,1731,42304,71046,67,1,1
10279,14208,14157,146,97050,95244,6741,97696,132890,74,1,2
10280,31201,30773,139,84988,82060,1748,85882,149865,147,1,1
10281,15094,15658,120,75083,73523,2556,75690,109107,74,1,1
10282,22168,21186,181,82702,80486,1866,83518,128999,104,1,1
10283,10246,10524,192,79025,77805,2703,79780,103359,54,1,1
10284,5920,378,116,66380,66116,1755,66724,74870,3,1,1
10285,5302,194,97,59291,59088,1854,59593,67033,1,1,1
10286,19949,17885,178,64958,63078,1804,65698,105607,88,1,1
10287,12319,11252,116,56581,55216,1886,57147,82696,61,1,1
10288,41280,43511,125,119389,115509,2998,120427,208322,189,1,2
10289,12752,10026,107,104719,103371,5582,105283,133747,54,1,2
10290,5573,188,99,28421,28230,1786,28736,36373,1,1,1
10291,4324,181,97,26397,26209,1810,26694,33099,1,1,1
10292,4458,180,114,25393,25184,1819,25723,32270,1,1,1
10293,7116,2257,110,83277,82660,1789,83660,94929,15,1,2
10294,12628,6464,107,61717,60846,11007,62162,92349,36,1,1
10295,12737,11286,102,72688,71329,1711,73217,99044,63,1,1
10296,15980,14118,214,63749,62207,1756,64456,96416,72,1,1
10297,15761,6267,172,58122,57219,1773,58622,82516,35,1,1
10298,10821,10536,101,60266,59012,1746,60778,83971,58,1,1
10299,4616,358,108,56682,56408,1759,57026,63863,3,1,1
10300,19182,18318,182,60714,58791,1848,61453,100902,92,1,1
10301,11373,11035,103,43283,42020,1900,43803,68201,59,1,1
10302,4776,197,95,35993,35797,1777,36300,43138,1,1,1
10303,42196,42045,145,106914,103259,5191,107919,197609,180,1,2
10304,11834,7523,156,122208,120927,6503,122819,148778,42,1,3
10305,4359,196,120,19600,19362,1771,19928,26356,1,1,1
10306,23320,22410,130,83478,81199,1907,84215,131955,111,1,1
10307,10897,10323,117,53441,52109,2140,53983,77444,57,1,1
10308,13598,9364,98,74859,73713,3022,75411,101491,52,1,1
10309,25628,27295,148,68374,65714,1804,69206,124201,129,1,1
10310,11306,9334,100,54602,53418,2290,55101,78122,53,1,1
10311,4772,188,97,56435,56218,1670,56737,63455,1,1,1
10312,8536,200,110,56894,56653,1733,57214,67780,1,1,1
10313,18773,19400,160,47590,45656,1813,48320,88409,94,1,1
10314,11870,11027,102,38769,37446,1922,39302,64215,61,1,1
10315,4654,177,112,38698,38427,1765,39031,45724,1,1,1
10316,4091,181,105,37383,37188,1722,37699,43788,1,1,1
10317,15341,5096,95,59595,58861,29601,60001,110134,30,1,1
10318,9187,4032,98,71009,70334,15776,71463,100549,26,1,1
10319,1468,186,165,23760,23529,926,24120,26788,1,1,1
10320,3753,186,89,500,322,2194,753,6971,1,1,1
10321,4207,194,83,18530,18352,1868,18794,25151,1,1,1
10322,17089,14917,101,66140,64534,3659,66718,102477,77,1,1
10323,6695,4657,99,63848,63126,1663,64255,77363,29,1,1
10324,16468,18033,96,94817,92933,3214,95454,133261,92,1,1
10325,4122,372,147,69962,69679,1747,70348,76693,3,1,1
10326,42417,11368,122,87710,86398,28939,88269,171101,60,1,1
10327,19498,6629,105,67909,66948,14216,68388,108834,38,1,1
10328,25013,5977,99,47021,46180,5733,47469,84290,35,1,1
10329,11233,3800,94,34162,33540,14910,34549,64582,24,1,1
10330,23475,10241,92,49084,47904,9268,49575,92834,54,1,1
10331,24111,12481,98,60021,58634,2655,60562,99905,64,1,1
10332,42899,41681,185,114793,111072,3804,115869,204515,182,1,2
10333,10740,8656,106,33443,32363,8209,33933,61628,49,1,1
10334,35590,39148,148,115492,111386,3131,116895,194956,153,1,1
10335,5779,328,170,38158,37819,2111,38617,46984,1,1,1
10336,25026,21296,200,134701,132451,2234,135855,184741,81,1,1
10337,11419,10171,163,99078,97670,2458,99882,124221,42,1,1
10338,25038,17922,175,128125,126061,3515,129126,175898,71,1,1
10339,24030,19247,177,139671,137456,2300,140877,186760,73,1,1
10340,17452,2392,149,109488,108939,1866,109995,132016,12,1,1
10341,15381,13410,249,65989,64470,1381,66718,97000,60,1,1
10342,15566,8094,97,63053,61916,8454,63509,95713,44,1,1
10343,21672,21599,216,76903,74637,1817,77784,122985,106,1,1
10344,13859,12873,103,55014,53551,2253,55571,84648,69,1,1
10345,50974,40252,171,142530,137623,5177,143626,240345,177,1,2
10346,14971,11874,112,97382,95868,6036,97941,130923,61,1,2
10347,3380,247,147,26203,25994,2242,26561,32523,1,1,1
10348,5062,188,99,26841,26659,1769,27127,34234,1,1,1
10349,28531,25315,146,81276,78770,1916,82070,138081,122,1,1
10350,9642,7095,108,72295,71348,2052,72751,91632,41,1,1
10351,6813,6864,231,69093,68205,5329,69782,88914,31,1,1
10352,17845,6550,115,62283,61411,2097,62755,89336,37,1,1
10353,12590,13406,137,71698,70107,1911,72306,100317,71,1,1
10354,4694,242,118,63412,63179,1766,63758,70565,1,1,1
10355,33313,20854,203,57179,55049,1876,57988,114128,102,1,1
10356,12602,11214,101,41496,40140,1773,42029,67714,62,1,1
10357,5182,192,106,43937,43733,1674,44269,51417,1,1,1
10358,4127,188,97,35198,35006,1713,35495,41612,1,1,1
10359,42242,42691,137,105147,101307,2623,106182,193997,190,1,2
10360,8964,5280,95,90196,89298,8464,90693,113495,31,1,2
10361,4816,201,118,26746,26547,1813,27082,34026,1,1,1
10362,4562,182,121,19324,19115,1782,19658,26289,1,1,1
10363,19432,16287,129,53833,52099,1738,54470,92036,82,1,1
10364,10778,7037,111,107844,106763,34885,108317,161117,40,1,2
10365,6717,3672,101,58955,58333,17583,59352,87416,24,1,1
10366,22643,23748,177,70682,68333,1888,71502,119885,114,1,1
10367,12854,12252,108,58653,57177,1854,59257,86315,68,1,1
10368,4394,207,116,57490,57266,1737,57831,64271,1,1,1
10369,6114,193,121,57641,57438,1753,57973,66138,1,1,1
10370,2913,755,130,35883,35583,5443,36253,45463,6,1,1
10371,7943,2308,94,26177,25703,1875,26542,38761,16,1,1
10372,10117,9016,99,39018,37923,1827,39493,60551,49,1,1
10373,4357,186,94,36629,36436,1748,36927,43309,1,1,1
10374,10082,2092,123,61195,60748,30933,61593,104807,14,1,1
10375,17040,17127,101,74604,72748,1796,75235,111291,89,1,1
10376,4437,182,189,25127,24884,2030,25548,32303,1,1,1
10377,25837,28245,133,86845,84169,1923,87676,143785,136,1,1
10378,10052,9487,96,81296,80106,1827,81792,103251,54,1,1
10379,5107,801,99,70783,70493,1750,71147,78896,6,1,1
10380,21902,19081,202,60622,58650,1826,61398,104472,96,1,1
10381,9866,7256,99,53799,52808,2070,54264,73547,43,1,1
10382,42405,37743,118,122707,119270,6891,123643,210786,166,1,2
10383,13525,11119,102,116204,114763,6270,116816,147825,60,1,2
10384,4832,354,135,45864,45616,1813,46231,53328,2,1,1
10385,4221,333,104,26956,26720,1798,27281,33725,3,1,1
10386,4764,167,115,25367,25163,1961,25690,32683,1,1,1
10387,18083,15337,127,73857,72248,1776,74471,109770,76,1,1
10388,12857,11591,106,72530,71127,1670,73069,99283,64,1,1
10389,22010,18087,208,68764,66858,1730,69526,111611,91,1,1
10390,17471,8142,95,59456,58467,2211,59920,87838,44,1,1
10391,9797,7995,97,58726,57684,1775,59198,78853,46,1,1
10392,9586,7572,106,72646,71649,1768,73119,92136,45,1,1
10393,11342,8603,201,55424,54306,3892,56037,79973,49,1,1
10394,15102,13553,96,51016,49494,2243,51566,82555,71,1,1
10395,4321,186,100,41593,41397,1860,41908,48364,1,1,1
10396,7140,5652,109,88108,87157,10184,88548,111627,32,1,2
10397,12408,10841,96,103683,93257,5882,104295,133526,59,1,2
10398,3954,188,101,24163,23939,2095,24469,30795,1,1,1
10399,4520,171,108,25948,25738,1744,26272,32805,1,1,1
10400,23516,22585,127,77752,75520,1846,78493,126543,111,1,1
10401,10357,8712,131,76422,75298,1785,76947,97894,51,1,1
10402,43503,17528,167,60072,58294,23180,60783,145254,86,1,1
10403,17931,6479,149,60097,59239,1824,60584,86914,37,1,1
10404,11597,4139,100,40045,39390,14848,40436,71115,25,1,1
10405,21130,14087,99,48886,47385,9563,49446,94323,70,1,1
10406,19354,10078,101,48837,47653,1783,49343,80652,54,1,1
10407,4214,502,114,68131,67834,1790,68527,75139,4,1,1
10408,17827,18888,111,50227,48268,1847,50911,89574,95,1,1
10409,11655,10023,103,41253,39950,2865,41771,66403,58,1,1
10410,4451,190,146,47185,46948,2302,47580,54819,1,1,1
10411,4266,217,138,38166,37925,1900,38518,45003,1,1,1
10412,41435,39415,119,101980,98420,3578,102949,187485,175,1,2
10413,8349,3136,182,60613,60037,13468,61096,86151,21,1,1
10414,5756,211,113,20104,19899,1891,20436,28394,1,1,1
10415,4269,197,86,21356,21137,1685,21643,27883,1,1,1
10416,4595,170,111,25913,25709,1699,26230,32793,1,1,1
10417,28204,25521,126,82796,80231,1832,83578,139236,124,1,1
10418,10962,9848,110,78149,76911,1678,78661,101244,56,1,1
10419,24739,24160,211,66787,64381,1782,67641,118584,117,1,1
10420,15590,16324,129,114949,113109,2283,115581,149879,83,1,2
10421,18417,17387,166,43085,41266,2062,43802,81928,87,1,1
10422,15276,14955,100,99314,97595,3941,99954,134221,77,1,2
10423,4376,197,107,39505,39285,1820,39843,46334,1,1,1
10424,48427,40029,169,77976,75077,28280,79728,196743,143,1,1
10425,11631,8965,104,87666,86475,1793,88211,110693,51,1,1
10426,5876,180,115,28654,28428,1804,28995,36960,1,1,1
10427,7346,5432,105,53499,52693,3562,53925,70354,32,1,1
10428,16012,9786,99,88647,87346,7478,89139,122508,52,1,2
10429,17654,15307,103,52819,51174,9831,53404,96291,77,1,1
10430,17299,12498,181,62824,61428,1837,63442,95178,65,1,1
10431,24341,25540,151,62402,59936,1865,63202,115219,123,1,1
10432,6460,5537,101,46601,45796,3425,47030,62545,33,1,1
10433,8162,4042,98,45232,44569,1906,45623,59816,26,1,1
10434,4211,1644,121,36973,36572,14850,37344,58155,10,1,1
10435,26697,21768,100,81511,79399,8691,82283,139541,103,1,1
10436,15566,15330,107,95402,93633,5737,95998,132727,77,1,2
10437,6491,249,120,38894,38679,1826,39246,47914,1,1,1
10438,4122,183,98,23625,23426,1727,23927,30051,1,1,1
10439,21280,16739,136,79564,77773,1830,80237,120191,86,1,1
10440,14480,14605,139,74481,72835,2723,75109,107009,76,1,1
10441,9599,7690,143,67526,66471,5226,68053,90671,46,1,1
10442,10067,8096,96,127848,126652,1856,128319,148439,47,1,2
10443,4438,382,152,66939,66674,1903,67332,74163,3,1,1
10444,21936,22452,135,59139,56982,1579,59885,106099,106,1,1
10445,13995,13065,101,44342,42900,1509,44903,73569,69,1,1
10446,4588,182,88,35027,34824,2239,35318,42416,1,1,1
10447,5827,3197,109,89821,89117,9598,90218,108942,20,1,2
10448,17598,15262,178,116746,114823,4539,117427,154923,78,1,3
10449,4873,199,98,17396,17200,2198,17716,25078,1,1,1
10450,4180,169,109,25563,25360,1751,25877,32077,1,1,1
10451,4295,166,110,26591,26376,2177,26904,33643,1,1,1
10452,4979,2617,96,42032,41518,6205,42400,56291,17,1,1
10453,22354,19474,108,66659,64730,1947,67308,111177,95,1,1
10454,13646,11505,100,60484,59158,5849,61051,92151,61,1,1
10455,15777,14361,109,65738,64191,1736,66317,98285,74,1,1
10456,19283,17045,142,73569,71787,1789,74250,112473,84,1,1
10457,9328,7321,99,57345,56369,1899,57803,76443,43,1,1
10458,2451,189,91,54829,54642,2425,55129,60282,1,1,1
10459,4743,172,142,58052,57817,1807,58416,65239,1,1,1
10460,20738,22262,133,55382,53177,1779,56121,101001,109,1,1
10461,9196,7199,104,39072,38118,2423,39532,58443,42,1,1
10462,2248,183,88,42136,41941,2783,42418,47722,1,1,1
10463,4766,186,86,36281,36094,1789,36559,43386,1,1,1
10464,42335,34595,142,109486,106208,5355,110461,193011,158,1,2
10465,7300,3450,97,60255,59637,16057,60644,87546,22,1,1
10466,4453,182,113,19740,19534,2028,20069,26826,1,1,1
10467,4067,178,108,26888,26676,1739,27204,33289,1,1,1
10468,6631,1891,109,70186,69723,1853,70557,81034,14,1,1
10469,12771,10491,105,80613,79362,1862,81140,106354,58,1,1
10470,11687,11323,101,83902,82519,1774,84531,109416,64,1,1
10471,17240,16736,130,61904,60155,1740,62569,98394,84,1,1
10472,9134,8026,97,95989,94741,1814,96483,115550,48,1,2
10473,16328,11219,105,43690,42426,2531,44218,74390,59,1,1
10474,9416,219,119,67845,67587,1735,68225,79698,1,1,1
10475,14082,11755,134,43266,41913,2190,43849,71976,63,1,1
10476,9894,7672,94,97934,96839,7381,98395,123434,44,1,2
10477,4589,207,112,36857,36641,1905,37171,43968,1,1,1
10478,5255,307,109,39401,39169,1874,39740,47272,2,1,1
10479,42459,26647,126,74157,71675,39254,74950,183418,124,1,1
10480,16695,15901,136,78097,76342,1938,78743,113365,84,1,1
10481,42703,31545,144,116356,113423,9315,117223,201052,144,1,1
10482,5858,952,98,72052,71745,1855,72377,81132,7,1,1
10483,12271,5390,176,57936,57153,9659,58449,85870,32,1,1
10484,19141,15598,109,79869,78216,5181,80460,120479,78,1,1
10485,8390,2037,94,63666,63213,1854,64019,76394,15,1,1
10486,25171,25285,213,63347,60903,1934,64220,116868,122,1,1
10487,13387,13792,97,54721,53220,1984,55279,84541,71,1,1
10488,2740,1872,184,31284,30894,13092,31732,49545,9,1,1
10489,27327,20174,104,70762,68792,7029,71420,126053,96,1,1
10490,15694,14491,109,89628,87970,6018,90206,126501,73,1,2
10491,2785,204,97,24190,24005,2305,24506,29892,1,1,1
10492,4868,192,116,25616,25398,1765,25951,32874,1,1,1
10493,21285,29984,175,77690,75739,1781,78441,131597,95,1,1
10494,9333,6777,106,69307,68237,1718,69759,87678,42,1,1
10495,3705,2342,125,53759,53325,1200,54149,61506,13,1,1
10496,39631,32945,97,79088,76133,2916,79983,155568,152,1,1
10497,8408,7753,104,54727,53729,1860,55203,73315,44,1,1
10498,13294,7220,103,60293,59368,5633,60745,86987,41,1,1
10499,21263,20636,147,54401,52366,1860,55136,99153,100,1,1
10500,12502,11616,109,43917,42520,1744,44465,70424,63,1,1
10501,4377,187,151,38150,37927,1781,38533,44980,1,1,1
10502,4060,188,108,36250,36055,1844,36558,42747,1,1,1
10503,41534,38154,126,109665,106250,6315,110614,196720,168,1,2
10504,12997,10325,109,114320,112893,5642,114843,143899,55,1,3
10505,4873,188,100,17319,17126,1793,17636,24580,1,1,1
10506,5555,172,110,25510,25308,1783,25828,33433,1,1,1
10507,11153,7994,99,61601,60458,5241,62155,86639,46,1,1
10508,13654,12206,100,66123,64700,1835,66665,94455,66,1,1
10509,16578,17409,106,78756,76927,2022,79384,115488,89,1,1
10510,8479,5701,124,69226,68349,5044,69699,89028,36,1,1
10511,11515,10022,176,58830,57565,1820,59429,82883,57,1,1
10512,4085,187,93,61647,61455,2419,61947,68728,1,1,1
10513,6555,188,89,62278,62063,1869,62581,71290,1,1,1
10514,18176,17848,155,45961,44123,2035,46659,84820,88,1,1
10515,11485,11801,95,41122,39751,1806,41644,66831,63,1,1
10516,15159,190,140,36391,36152,1824,36743,54009,1,1,1
10517,4164,179,109,38699,38485,1900,39018,45357,1,1,1
10518,41023,42215,125,101460,97644,2802,102471,188617,189,1,2
10519,8380,4905,104,58886,58091,7662,59308,80346,31,1,1
10520,4722,184,108,19601,19383,1932,19919,26852,1,1,1
10521,5817,1086,110,63334,62788,1890,63695,72593,9,1,2
10522,17046,13077,180,71863,70395,3458,72491,106173,66,1,1
10523,10236,8339,100,66473,65034,1869,66956,87491,47,1,1
10524,12135,5306,96,56385,55606,1575,56798,75905,32,1,1
10525,24233,25993,142,65013,62545,2049,65829,118219,124,1,1
10526,10340,9573,178,57017,55863,2481,57642,80139,52,1,1
10527,7200,434,118,58551,58325,2315,58907,69129,1,1,1
10528,14594,12740,131,42148,40684,1744,42747,71928,69,1,1
10529,15693,13908,100,97676,96017,4520,98246,132463,71,1,2
10530,34830,33066,204,84517,81435,1798,85565,155536,156,1,1
10531,10155,7892,103,66922,65909,4307,67405,89856,45,1,1
10532,15202,13994,101,74780,73207,1768,75350,106416,75,1,1
10533,5780,3010,125,54324,53710,4792,54747,68437,21,1,1
10534,19507,9173,172,62076,60957,8084,62653,99514,50,1,1
10535,10718,10544,102,56016,54808,1836,56532,79722,56,1,1
10536,15265,10303,104,59901,58721,1813,60400,87876,53,1,1
10537,21101,21519,141,61208,59099,1966,61946,106801,104,1,1
10538,14309,15247,180,55395,53753,1774,56067,87494,79,1,1
10539,41437,38431,127,115725,112285,6063,116691,202897,170,1,2
10540,13875,12669,102,91148,89585,6499,91697,124836,66,1,2
10541,5060,222,155,27447,27246,1787,27812,34966,1,1,1
10542,4286,188,98,25892,25703,13319,26203,44083,1,1,1
10543,4849,178,183,26680,26467,1764,27088,33981,1,1,1
10544,4208,177,111,25763,25562,1810,26075,32371,1,1,1
10545,16916,13450,103,72236,70716,4406,72799,107661,71,1,1
10546,9275,6634,102,62499,61576,3104,62949,82046,40,1,1
10547,12746,10353,99,70985,69778,1714,71487,96388,56,1,1
10548,21276,19962,140,83522,81450,1764,84280,127540,100,1,1
10549,10222,8921,98,65123,63962,1770,65617,86622,52,1,1
10550,4421,189,119,57513,57275,1858,57868,64438,1,1,1
10551,4023,188,105,55594,55401,1784,55910,62007,1,1,1
10552,22270,24419,113,71160,68784,1781,71946,120518,116,1,1
10553,12504,12813,103,53047,51615,1755,53597,80763,67,1,1
10554,5256,172,111,43830,43605,1929,44163,51618,1,1,1
10555,4456,185,88,41354,41169,1738,41637,48106,1,1,1
10556,42892,34702,138,76411,73347,13127,77384,168362,156,1,1
10557,12188,5784,105,30732,29906,1772,31162,50997,34,1,1
10558,14486,8893,100,121649,120388,2511,122172,148157,46,1,3
10559,4385,187,112,19634,19417,1878,19968,26522,1,1,1
10560,17165,15211,114,81860,80207,1764,82468,116716,78,1,1
10561,9834,8799,100,81718,80640,1892,82193,102808,49,1,1
10562,13473,7394,101,68172,67204,1980,68633,91573,43,1,1
10563,26647,28418,166,70254,67561,1836,71135,128306,135,1,1
10564,12628,10340,94,55759,54522,2140,56261,81462,57,1,1
10565,4273,333,98,57702,57470,1964,58017,64682,3,1,1
10566,4566,187,106,57775,57538,1744,58102,64697,1,1,1
10567,16807,17938,236,47108,45271,1828,47890,84565,88,1,1
10568,8709,7468,146,37088,36068,1812,37605,55687,44,1,1
10569,4043,181,107,38216,38005,1763,38534,44618,1,1,1
10570,4224,181,115,38191,37997,1828,38535,44864,1,1,1
10571,7974,1994,98,60829,60397,12155,61182,83396,14,1,1
10572,8545,4346,96,60485,59795,12884,60882,86750,27,1,1
10573,4143,197,172,23156,22939,2069,23545,30053,1,1,1
10574,5219,183,116,19984,19766,1907,20307,27718,1,1,1
10575,15153,14265,100,66550,64976,4324,67122,100951,74,1,1
10576,12590,8954,103,67760,66650,1757,68253,91642,50,1,1
10577,14862,15362,101,88211,86495,1840,88808,120961,82,1,1
10578,3438,186,89,77739,77541,2147,78093,83954,1,1,1
10579,23324,21359,141,64317,62152,2055,65076,111916,105,1,1
10580,11823,11500,102,55020,53663,1836,55565,80817,63,1,1
10581,42030,40810,190,111708,108108,2365,112762,198071,177,1,2
10582,7010,4097,143,31010,30354,6130,31468,48798,26,1,1
10583,17990,18432,106,70237,68301,2109,70895,109521,95,1,1
10584,4613,172,115,25862,25650,1844,26196,32919,1,1,1
10585,22784,20483,111,79090,76996,1870,79772,125019,101,1,1
10586,12001,9616,102,72134,70869,1890,72640,96234,55,1,1
10587,17995,15752,165,65362,63654,1858,66057,101765,81,1,1
10588,18579,7265,100,69072,68069,3525,69532,99002,41,1,1
10589,10869,10199,95,73619,72393,1823,74123,97110,57,1,1
10590,8216,3624,92,80266,79676,1722,80691,94351,22,1,1
10591,18546,17737,141,64026,62198,1838,64714,103120,89,1,1
10592,14662,14991,101,57050,55368,1730,57637,89115,78,1,1
10593,41353,42356,119,104588,100814,3690,105591,193097,186,1,2
10594,12553,8311,175,94075,92941,6392,94623,121978,45,1,2
10595,4280,627,95,51366,50966,1704,51687,58394,5,1,2
10596,26401,22488,139,79226,76957,1735,79981,130868,112,1,1
10597,9427,8473,100,74347,73223,1706,74847,94547,50,1,1
10598,8773,5926,200,56887,56003,4717,57437,76955,36,1,1
10599,16161,8039,102,59899,58944,1916,60357,86566,42,1,1
10600,14523,14144,102,68833,67247,1840,69418,100021,75,1,1
10601,4387,201,119,62551,62341,1729,62894,69316,1,1,1
10602,17507,15610,205,55944,54249,1788,56671,91687,81,1,1
10603,12211,11324,107,40217,38894,1892,40752,66269,62,1,1
10604,6207,537,114,45284,45017,1809,45641,54297,4,1,1
10605,4404,564,91,36463,36170,1794,36796,43656,5,1,1
10606,42574,39604,149,103984,100480,2543,104974,189802,173,1,2
10607,15663,11641,177,88038,86561,4196,88668,120266,63,1,2
10608,4924,178,115,26023,25810,1810,26360,33381,1,1,1
10609,4289,180,110,19619,19424,1780,19938,26289,1,1,1
10610,27169,28398,106,85050,82337,1882,85870,143427,137,1,1
10611,9757,8152,101,58909,57848,2454,59380,79834,47,1,1
10612,18268,13288,179,62709,61210,2233,63357,97248,69,1,1
10613,20610,21505,138,64465,62340,1740,65196,109156,105,1,1
10614,10824,10424,102,55248,53991,2305,55770,79415,58,1,1
10615,4562,188,113,56844,56634,1721,57187,63761,1,1,1
10616,6019,192,174,57606,57387,1693,58083,66083,1,1,1
10617,18232,17957,145,43794,41931,1586,44476,82354,90,1,1
10618,11051,8209,103,36556,35465,1819,37042,58214,49,1,1
10619,4601,187,88,36544,36348,1648,36837,43366,1,1,1
10620,42830,32754,129,75154,72287,20915,76019,172788,146,1,1
10621,15520,25591,147,74814,73081,3183,75454,119850,79,1,1
10622,4227,201,117,23745,23522,1890,24077,30499,1,1,1
10623,17569,15942,128,86727,85013,1798,87370,122784,81,1,1
10624,9744,8693,102,76062,74907,1792,76553,96873,52,1,1
10625,4363,180,183,63622,63402,1882,64032,70571,1,1,1
10626,4290,180,106,54525,54341,1937,54846,61349,1,1,1
10627,12970,12103,102,55892,54486,4465,56435,86074,65,1,1
10628,11527,10704,95,60398,59076,1870,60910,85099,58,1,1
10629,42590,37013,138,150776,147434,6800,151770,238444,165,1,2
10630,4375,362,103,19264,19000,1881,19583,26293,3,1,1
10631,12312,9191,96,89882,88554,10529,90381,122506,50,1,2
10632,4403,1363,91,17752,17358,1764,18086,25708,11,1,1
10633,4838,192,98,42377,42182,1765,42679,49557,1,1,1
10634,4274,187,88,26092,25903,1678,26368,32592,1,1,1
10635,4255,182,113,25337,25138,1709,25664,31914,1,1,1
10636,18941,19112,109,79339,77263,1717,80005,119879,96,1,1
10637,16222,15682,188,76524,74805,2552,77224,111776,83,1,1
10638,22031,21035,152,74001,71869,1769,74744,119840,104,1,1
10639,9368,8585,101,66993,65908,2375,67478,87900,49,1,1
10640,12272,11801,102,90758,89429,1754,91354,117278,62,1,1
10641,4388,189,108,55727,55518,1867,56052,62596,1,1,1
10642,16251,24520,141,60206,58449,1882,60872,103643,84,1,1
10643,13882,12829,101,50796,49320,2026,51345,80175,69,1,1
10644,5062,380,96,42461,42219,1811,42771,50119,3,1,1
10645,9068,6675,180,88360,87334,11613,88898,116355,39,1,2
10646,13649,9638,110,90323,89057,6428,90820,120630,51,1,2
10647,4327,186,91,23832,23625,1676,24131,30412,1,1,1
10648,4726,177,121,26159,25954,1763,26492,33257,1,1,1
10649,21043,20168,113,77157,75118,1726,77840,120881,100,1,1
10650,10296,9320,173,77413,76212,1768,77993,99473,54,1,1
10651,7294,4817,136,54037,53271,4563,54494,71271,31,1,1
10652,16741,6785,178,59981,59114,2333,60497,86450,38,1,1
10653,10084,9816,106,60364,59103,1910,60881,82781,56,1,1
10654,4667,204,186,58977,58746,1777,59390,66138,1,1,1
10655,19417,20436,122,49000,46886,1745,49715,91415,104,1,1
10656,14350,13355,104,42564,41096,1871,43149,72827,70,1,1
10657,1657,203,98,35521,35325,2595,35820,40368,1,1,1
10658,4086,185,106,37426,37225,1903,37747,44019,1,1,1
10659,41623,49552,182,100194,96639,3891,101238,196575,177,1,2
10660,7998,1987,96,58500,58030,12373,58856,81308,14,1,1
10661,5283,186,164,19093,18880,2137,19463,27158,1,1,1
10662,4151,185,96,21506,21317,1881,21780,28086,1,1,1
10663,4473,186,112,25913,25690,1854,26245,32858,1,1,1
10664,17466,17992,108,99330,97256,1835,99980,137380,90,1,2
10665,11880,11778,180,81281,79864,1829,81908,107494,66,1,1
10666,15669,12342,151,60981,59518,1814,61590,91521,67,1,1
10667,14343,10612,98,111830,110446,2167,112344,139558,59,1,2
10668,17474,15514,180,48025,46347,1764,48718,83575,79,1,1
10669,14540,13585,116,97661,96015,4287,98231,130738,70,1,2
10670,4945,337,138,39695,39457,1917,40059,47360,2,1,1
10671,42103,29822,130,75231,72525,20473,76063,168567,137,1,1
10672,17273,15200,184,76000,74285,2670,76687,111922,81,1,1
10673,5383,181,128,23899,23688,1784,24230,31840,1,1,1
10674,6603,3527,94,51659,51067,6327,52033,68582,22,1,1
10675,20603,13202,116,64265,62799,1801,64837,100534,70,1,1
10676,12411,13479,143,107878,106244,2232,108722,137022,59,1,1
10677,2172,202,114,55905,55684,2611,56253,61331,1,1,1
10678,23819,21924,141,71573,69333,1968,72328,120154,106,1,1
10679,11933,9991,104,54857,53625,2025,55357,79404,55,1,1
10680,42236,52932,211,115393,111724,6515,116490,218431,177,1,2
10681,11434,9967,96,87380,86066,6799,87877,116167,54,1,2
10682,5693,183,116,38601,38344,1774,38932,46678,1,1,1
10683,4238,188,93,23853,23664,1903,24148,30569,1,1,1
10684,19763,17135,137,77149,75345,1786,77814,116600,87,1,1
10685,11185,10493,142,73729,72430,1997,74279,98047,57,1,1
10686,24360,23619,134,87168,84793,1776,87931,137961,114,1,1
10687,7596,4863,179,68201,67417,1904,68709,83165,32,1,1
10688,4663,188,133,70308,70061,1865,70667,77489,1,1,1
10689,4179,182,87,61738,61541,1886,62035,68371,1,1,1
10690,21688,21274,141,53118,51024,1813,53856,98886,102,1,1
10691,12984,13336,104,46727,45283,1783,47281,75482,69,1,1
10692,5053,178,196,35883,35677,1777,36284,43391,1,1,1
10693,42278,46550,183,103534,100143,6598,104543,200073,165,1,2
10694,14402,12912,101,100618,98925,2091,101187,130684,70,1,2
10695,4338,186,124,26488,26268,1799,26833,33259,1,1,1
10696,4376,185,102,25946,25750,1953,26273,32892,1,1,1
10697,1992,364,92,39010,38767,1172,39313,42932,3,1,1
10698,28294,28667,101,70220,67512,2030,71014,130100,136,1,1
10699,11989,12119,179,79422,78001,1765,80074,106050,65,1,1
10700,8895,7167,128,59577,58594,5310,60073,81541,42,1,1
10701,13142,11058,151,60003,58673,2203,60578,87077,61,1,1
10702,4325,187,138,56213,56000,1931,56560,63101,1,1,1
10703,4704,183,111,56587,56358,1787,56910,63677,1,1,1
10704,42758,13079,128,41826,40362,28679,42411,127030,68,1,1
10705,11491,1299,99,38107,37735,1671,38448,53010,10,1,1
10706,3532,1190,97,27739,27368,16304,28074,49190,10,1,1
10707,23996,11693,105,35600,34300,9692,36126,81606,60,1,1
10708,26191,15108,99,30755,29183,1781,31324,74502,75,1,1
10709,4855,284,175,37935,37676,1895,38368,45526,2,1,1
10710,43588,28887,163,98047,95257,13417,98906,185070,130,1,2
10711,6250,2502,96,59346,58845,11221,59703,79770,17,1,1
10712,5409,184,120,19882,19666,1784,20211,27685,1,1,1
10713,4482,168,114,23564,23351,2178,23897,30827,1,1,1
10714,4559,195,104,26175,25968,2282,26484,33620,1,1,1
10715,12247,10497,96,49560,48296,4740,50068,77645,58,1,1
10716,13480,11390,178,66498,65121,1757,67108,93838,62,1,1
10717,10884,7321,179,63638,62664,7785,64172,90258,43,1,1
10718,24707,16931,147,80061,78296,1891,80736,124365,86,1,1
10719,16007,14600,132,61453,59777,1879,62091,94679,78,1,1
10720,14454,16107,185,59749,58022,1828,60449,92934,82,1,1
10721,9956,240,112,59061,58846,1758,59405,71455,1,1,1
10722,15020,14368,115,42299,40724,1879,42903,74273,74,1,1
10723,10985,10073,94,102943,101632,7705,103435,132295,54,1,2
10724,5259,195,118,56226,55994,1802,56655,64010,1,1,1
10725,4753,194,116,38557,38356,1947,38887,45883,1,1,1
10726,42473,33842,135,76255,73215,12511,77159,166088,154,1,1
10727,9794,6731,99,71489,70566,1688,71936,90241,40,1,1
10728,9561,8084,135,71180,70110,4493,71703,93942,47,1,1
10729,16888,6224,176,66123,65289,2729,66630,92574,34,1,1
10730,10632,10050,100,66168,64954,1747,66680,89197,56,1,1
10731,17145,10465,172,67104,65918,2564,67671,97942,54,1,1
10732,25200,26085,147,62322,59812,1793,63135,116473,125,1,1
10733,12452,12239,187,57885,56492,2125,58508,85426,64,1,1
10734,340,246,139,26145,25904,1025,26507,28231,1,1,1
10735,41739,44036,142,100527,97088,17972,101482,205344,169,1,2
10736,13976,12569,102,90675,89145,6061,91231,123935,65,1,2
10737,2127,187,143,24457,24217,2386,24816,29605,1,1,1
10738,5025,168,112,26235,26001,1903,26555,33750,1,1,1
10739,21437,17428,133,78845,76987,1748,79506,120220,88,1,1
10740,7702,4809,100,49694,48941,2640,50110,65353,31,1,1
10741,11191,10423,106,63022,61781,1768,63534,87012,57,1,1
10742,9318,6818,132,57518,56570,5196,58004,79436,40,1,1
10743,12031,4984,179,59458,58715,1822,59962,78890,30,1,1
10744,10295,9016,96,69665,68493,1832,70164,91394,53,1,1
10745,4289,387,108,63502,63257,1747,63843,70374,2,1,1
10746,21924,25854,108,55676,53238,1888,56435,106205,121,1,1
10747,12925,13100,190,46141,44677,2502,46799,75421,68,1,1
10748,4389,182,117,37234,37021,1813,37573,44053,1,1,1
10749,4310,182,131,35672,35466,1733,36011,42333,1,1,1
10750,41703,40963,130,113556,109936,2137,114557,199468,179,1,2
10751,11596,4269,113,112413,111513,2553,112843,131357,26,1,3
10752,5468,502,172,18835,18555,1796,19231,27098,4,1,1
10753,5401,163,123,26033,25830,1889,26380,34101,1,1,1
10754,3416,1757,94,44941,44484,5496,45287,56051,13,1,1
10755,17247,11796,104,65186,63803,3010,65730,97874,63,1,1
10756,12855,13288,129,77952,76440,1836,78545,106625,71,1,1
10757,24330,38266,223,73350,70663,1898,74283,139039,132,1,1
10758,10845,10089,113,118389,117026,1799,118909,141732,56,1,2
10759,3794,328,99,55140,54902,2400,55457,62069,3,1,1
10760,21421,23008,142,47214,45004,1807,47984,94482,109,1,1
10761,7505,5944,176,38798,37939,2636,39315,55497,35,1,1
10762,4500,184,86,36564,36363,1829,36867,43471,1,1,1
10763,4068,190,114,38994,38789,1889,39317,45556,1,1,1
10764,41837,41974,115,98150,94435,2224,99144,185282,184,1,2
10765,8342,3422,91,59127,58533,7996,59507,79357,22,1,1
10766,4073,185,109,29701,29472,1866,30065,36280,1,1,1
10767,4611,219,129,23915,23680,1781,24261,30972,1,1,1
10768,14156,14273,111,55747,54137,4582,56341,89443,75,1,1
10769,13529,10205,99,63307,62086,1952,63818,89598,56,1,1
10770,10482,8289,95,53777,52713,6964,54246,80072,47,1,1
10771,14354,11752,104,63614,62273,1794,64158,92142,63,1,1
10772,18282,17326,153,60923,59096,1812,61600,99111,87,1,1
10773,11624,10914,97,54896,53589,1717,55415,79762,61,1,1
10774,9184,252,129,59605,59349,1893,59954,71392,1,1,1
10775,15812,13189,118,40892,39424,1821,41464,72396,68,1,1
10776,14060,12365,100,113262,111751,5792,113863,146182,66,1,2
10777,5480,226,120,51004,50735,2224,51361,59422,1,1,1
10778,42231,38873,165,122901,119351,2130,124517,207906,142,1,1
10779,13424,11848,170,126187,124814,2157,127006,154700,50,1,1
10780,26248,23798,276,124904,122297,2296,126181,178826,87,1,1
10781,16189,6184,162,112336,111376,5173,113010,140857,27,1,1
10782,14868,14740,168,103056,101341,2293,103960,136180,59,1,1
10783,23519,14558,175,95022,93499,2687,95872,136914,62,1,1
10784,43502,13225,154,73540,71949,27105,74185,158291,68,1,1
10785,19499,5138,103,43460,42694,11030,43878,79638,30,1,1
10786,10079,3868,100,44871,44195,13464,45268,72773,24,1,1
10787,21294,9446,99,49001,47846,8029,49497,88359,50,1,1
10788,9648,3282,99,50875,50300,1883,51253,66161,21,1,1
10789,14373,8361,134,142834,141594,12282,143519,178814,40,1,2
10790,13130,8361,148,98542,97257,9753,99103,130464,45,1,2
10791,4833,196,104,29323,29084,2076,29655,36859,1,1,1
10792,4390,185,91,26472,26273,1808,26753,33225,1,1,1
10793,4569,168,121,26179,25976,1777,26512,33127,1,1,1
10794,5005,169,110,26307,26099,2017,26628,33917,1,1,1
10795,9838,7031,104,44837,43893,3754,45304,66020,40,1,1
10796,16703,14495,101,78689,77071,2565,79317,113174,75,1,1
10797,9856,6878,95,44081,43156,1878,44531,63231,40,1,1
10798,13851,5214,121,69721,69024,17230,70212,106786,27,1,1
10799,32961,30508,166,77875,75158,1927,78722,144404,124,1,1
10800,12086,10904,188,77986,76645,1806,78598,103498,61,1,1
10801,4506,357,150,59125,58857,1738,59515,66214,2,1,1
10802,4527,179,110,56058,55846,1801,56383,62995,1,1,1
10803,21652,24059,108,63568,61200,1801,64313,111924,114,1,1
10804,14452,13498,108,49486,47948,2020,50053,80122,70,1,1
10805,5122,215,111,54455,54235,1508,54838,61790,1,1,1
10806,3977,203,88,42898,42695,1870,43198,49331,1,1,1
10807,43343,37291,140,108270,104844,7622,109232,197755,166,1,2
10808,10917,5554,98,82687,81696,6335,83111,106016,33,1,2
10809,7725,223,130,28834,28585,1861,29170,39080,1,1,1
10810,4169,201,92,17382,17194,2222,17662,24342,1,1,1
10811,26068,26083,133,84805,82252,11890,85611,149755,127,1,1
10812,11775,10492,168,77099,75727,1752,77695,101807,60,1,1
10813,9982,8634,129,59357,58234,4936,59893,83709,50,1,1
10814,6389,346,96,57046,56813,1769,57358,65946,3,1,1
10815,12259,11543,144,62210,60818,2074,62799,88772,64,1,1
10816,6912,202,113,59250,59040,1833,59592,68639,1,1,1
10817,19132,19062,114,48000,46056,1824,48668,88787,93,1,1
10818,11196,8543,100,41630,40536,1790,42121,63761,49,1,1
10819,4222,203,112,38254,38038,1862,38585,44972,1,1,1
10820,4028,184,183,38620,38414,1772,39031,45116,1,1,1
10821,41975,34921,126,76120,72955,13328,77031,167359,161,1,1
10822,6675,3308,99,60860,60278,11870,61242,83195,22,1,1
10823,4166,201,94,21912,21709,1757,22198,28418,1,1,1
10824,5327,165,113,19440,19231,1760,19758,27123,1,1,1
10825,7074,4567,99,49137,48418,4667,49547,65945,28,1,1
10826,42304,30007,188,117418,114557,3754,118305,194481,137,1,2
10827,15712,13067,99,75555,74035,3986,76121,108982,71,1,1
10828,17805,15510,138,59068,57392,1963,59714,95250,79,1,1
10829,11008,20178,179,56732,55518,1871,57320,90475,54,1,1
10830,604,246,111,59894,59636,1062,60233,62262,1,1,1
10831,28058,12272,128,41534,40046,2014,42097,84542,64,1,2
10832,14423,13623,107,94074,92389,4808,94651,127602,73,1,2
10833,4290,193,114,26546,26340,1810,26881,33274,1,1,1
10834,29214,28228,176,84491,81789,1893,85382,144824,136,1,1
10835,16507,14968,101,74345,72717,2043,74928,108540,78,1,1
10836,21131,21326,139,78473,76331,2195,79197,124108,103,1,1
10837,5730,1353,138,98014,97501,1783,98413,107383,10,1,2
10838,10117,5974,106,35173,34337,10617,35610,62414,35,1,1
10839,24625,22093,102,78048,75880,4607,78743,130158,107,1,1
10840,4450,173,116,56551,56317,1946,56875,63537,1,1,1
10841,23575,28350,131,62899,60266,1910,63717,117656,132,1,1
10842,12898,12274,184,55022,53595,2713,55656,83634,66,1,1
10843,5182,2550,112,29610,29074,10080,30017,47931,18,1,1
10844,25971,21434,96,72226,70059,4472,72916,125066,107,1,1
10845,16334,12714,103,95947,94385,4869,96519,130528,66,1,2
10846,4996,513,135,62508,62152,1836,62907,70348,4,1,2
10847,27471,23517,146,81314,78895,1806,82099,135150,114,1,1
10848,8329,6840,102,67291,66307,2454,67763,85481,42,1,1
10849,19525,17124,109,68872,67153,1852,69504,108101,84,1,1
10850,4424,2167,123,53333,52833,1193,53743,61621,16,1,1
10851,36327,29715,138,69466,66698,1860,70306,138305,139,1,1
10852,11256,9792,102,67127,65907,1852,67644,90636,56,1,1
10853,4095,184,112,63868,63617,1810,64197,70388,1,1,1
10854,20261,21713,120,58013,55877,1900,58727,102703,106,1,1
10855,12068,9135,207,59295,57994,2067,60025,83410,47,1,1
10856,5529,244,131,45086,44855,1927,45442,53241,1,1,1
10857,4154,196,93,35652,35449,1829,35950,42220,1,1,1
10858,42741,40462,152,105203,101553,4651,106218,194330,178,1,2
10859,13129,10040,100,90719,89430,5200,91221,119694,54,1,2
10860,4263,183,175,26599,26388,2035,26995,33577,1,1,1
10861,4192,179,113,19360,19161,1921,19681,26070,1,1,1
10862,20951,20990,119,83404,81209,1824,84108,127973,104,1,1
10863,10844,8501,99,77397,76340,1748,77872,99058,48,1,1
10864,53187,11928,240,47248,45898,27446,47941,140608,62,1,1
10865,21846,7231,102,57251,56304,16289,57699,103159,40,1,1
10866,6500,186,98,55913,55734,1780,56221,64776,1,1,1
10867,8451,1780,102,38352,37913,15817,38712,64858,13,1,1
10868,22417,10862,102,35053,33834,10320,35584,79278,57,1,1
10869,23464,14110,110,51367,49860,3002,51945,92792,72,1,1
10870,10067,213,126,68379,68160,2239,68761,81382,1,1,1
10871,13690,11413,118,43735,42403,1945,44309,71462,62,1,1
10872,6937,5004,100,72099,71217,1824,72521,86378,31,1,2
10873,41578,32924,116,76949,73965,13674,77825,166104,151,1,1
10874,14959,14281,102,73754,72154,2242,74338,105913,77,1,1
10875,4280,187,186,25311,25097,1809,25728,32100,1,1,1
10876,23490,23269,134,84036,81706,1773,84796,133434,115,1,1
10877,6264,1052,93,64320,63975,1878,64651,73938,8,1,1
10878,13490,13480,100,79829,78330,1738,80398,109201,72,1,1
10879,5255,183,191,62085,61856,1819,62508,69868,1,1,1
10880,18955,18485,117,61458,59574,1789,62133,101466,92,1,1
10881,7433,4752,96,51271,50518,1907,51691,65874,31,1,1
10882,41619,43218,117,121109,117260,2837,122120,209897,188,1,2
10883,16813,17046,175,105385,103465,4359,106099,144410,85,1,2
10884,4628,187,87,43091,42854,1729,43397,50028,1,1,1
10885,4196,184,100,27491,27298,1764,27793,34033,1,1,1
10886,4257,321,103,26061,25827,1745,26390,32814,2,1,1
10887,21230,19478,126,79890,77888,1817,80591,123389,97,1,1
10888,13310,11416,99,83863,82524,1909,84454,111191,63,1,1
10889,23546,19749,157,77981,75887,1853,78724,124157,98,1,1
10890,7711,6931,93,62705,61734,2532,63168,80437,42,1,1
10891,4369,189,124,67831,67603,1822,68215,74698,1,1,1
10892,4614,174,122,55546,55315,2278,55889,63053,1,1,1
10893,19232,18281,112,59572,57617,1748,60232,99596,91,1,1
10894,13195,12319,101,57225,55818,2193,57768,85579,67,1,1
10895,4442,170,126,44479,44260,1763,44821,51300,1,1,1
10896,41486,37705,117,115834,112454,7348,116808,203452,164,1,2
10897,12519,9502,106,93365,92109,7726,93869,123710,51,1,2
10898,4690,211,99,24225,24035,1702,24535,31226,1,1,1
10899,4293,188,114,26207,25999,1964,26554,33098,1,1,1
10900,25123,24373,140,79890,77491,1608,80671,131874,118,1,1
10901,8254,16659,136,54149,53188,2057,54658,81721,42,1,1
10902,18367,15897,110,65182,63410,3497,65790,103646,84,1,1
10903,10746,7085,135,65970,64972,3066,66476,87485,42,1,1
10904,14198,10308,107,111894,110533,9207,112413,146231,57,1,2
10905,16666,12140,141,55654,54244,4012,56259,89176,66,1,1
10906,3152,189,90,55261,55077,2177,55559,61163,1,1,1
10907,19516,18833,162,69477,67211,1905,70471,110830,95,1,1
10908,10846,9752,112,42513,41300,2553,43047,66289,55,1,1
10909,4748,193,124,37656,37449,1807,37994,44834,1,1,1
10910,4099,302,108,38373,38151,1918,38698,45113,2,1,1
10911,51953,35715,167,100734,97409,4915,101699,194385,160,1,2
10912,5509,2691,95,59993,59483,14623,60370,83283,18,1,1
10913,6576,186,92,17841,17642,1412,18137,26401,1,1,1
10914,4138,182,88,21871,21677,2038,22156,28605,1,1,1
10915,4444,159,113,26228,26020,2070,26567,33507,1,1,1
10916,4391,329,109,43449,43089,1489,43792,50105,3,1,2
10917,18251,17320,108,74991,73227,6876,75623,118161,86,1,1
10918,13245,12591,144,78088,76627,2316,78691,106940,69,1,1
10919,19370,19603,141,72339,70323,1572,73041,113687,97,1,1
10920,12324,11675,100,56990,55612,1787,57550,83431,64,1,1
10921,5546,227,149,58164,57901,1853,58535,66263,1,1,1
10922,17704,18869,132,45447,43544,1828,46148,84653,92,1,1
10923,16578,25552,114,106766,104765,3949,107425,153596,90,1,2
10924,4110,198,105,38488,38269,1805,38884,45097,1,1,1
10925,42884,38954,166,74709,72000,24508,75606,182055,135,1,1
10926,15075,13940,105,75781,74216,1818,76361,107281,75,1,1
10927,5596,183,126,23999,23780,1764,24345,31989,1,1,1
10928,18212,14064,133,53391,51878,1836,53990,88205,71,1,1
10929,15105,11821,99,77668,76305,2506,78199,107729,64,1,1
10930,11310,10992,175,49471,48201,1828,50068,74299,59,1,1
10931,17725,15415,109,77973,76321,2097,78581,113910,80,1,1
10932,22810,22821,224,61345,59131,1861,62191,109943,110,1,1
10933,10419,8778,102,53821,52720,1852,54313,75453,50,1,1
10934,41052,38782,192,114431,110993,7728,115449,203114,168,1,2
10935,14331,13188,103,92210,90638,5867,92770,126251,69,1,2
10936,3120,194,89,36134,35948,2560,36430,42394,1,1,1
10937,4636,198,96,23232,23056,1738,23533,30192,1,1,1
10938,22810,33395,144,80547,78220,1725,81328,139524,114,1,1
10939,13269,13787,105,74110,72569,1796,74680,103626,73,1,1
10940,2286,514,159,52587,52277,15770,53005,71702,3,1,1
10941,20328,11293,104,64717,63401,11177,65241,108125,60,1,1
10942,12001,12548,136,59406,58951,1902,59814,86360,15,1,1
10943,8700,2367,97,29561,29066,11811,29917,52893,16,1,1
10944,19028,12935,107,65735,64293,8223,66302,106581,68,1,1
10945,21936,14923,104,68653,67052,1737,69240,107934,77,1,1
10946,4583,183,124,63039,62819,1706,63382,69943,1,1,1
10947,19679,19169,115,53051,51122,1796,53726,94472,93,1,1
10948,12449,12070,184,52132,50745,1925,52756,79293,65,1,1
10949,5051,1051,127,76467,75991,1860,76849,84908,8,1,2
10950,41593,41510,121,102920,99248,6422,103910,193535,181,1,2
10951,13580,8582,96,88149,86970,6893,88623,117771,46,1,2
10952,4272,226,183,26588,26366,1917,26998,33519,1,1,1
10953,4323,184,109,26704,26509,3694,27015,35317,1,1,1
10954,24827,24591,120,80426,78044,1903,81190,132617,120,1,1
10955,10559,9702,103,62982,61803,2542,63487,86390,54,1,1
10956,7674,6102,95,57185,56307,1682,57622,73174,37,1,1
10957,10072,8682,125,72994,71846,4928,73620,97405,51,1,1
10958,14809,14537,106,64756,63101,1755,65339,96534,77,1,1
10959,4763,196,100,56176,55969,1759,56491,63307,1,1,1
10960,4718,193,108,58354,58102,1767,58686,65454,1,1,1
10961,20532,19447,116,63516,61571,2752,64284,107112,95,1,1
10962,13028,12359,103,39897,38488,2131,40453,68067,66,1,1
10963,5423,606,94,42713,42429,1820,43030,50970,5,1,1
10964,4201,446,95,36193,35929,1772,36500,43008,4,1,1
10965,43338,34184,152,98413,95232,5926,99360,183077,156,1,2
10966,5949,1967,97,57368,56931,16979,57736,82722,14,1,1
10967,14327,173,142,18145,17920,1755,18502,34850,1,1,1
10968,4109,181,111,24961,24753,1690,25302,31379,1,1,1
10969,4527,181,104,26719,26509,1717,27040,33565,1,1,1
10970,17188,17719,102,77362,75568,4056,77991,117048,88,1,1
10971,10688,9295,105,71832,70635,1736,72349,94161,54,1,1
10972,7153,2471,112,122984,122309,2455,123454,135629,17,1,2
10973,16602,9237,109,64708,63605,3316,65220,94461,49,1,1
10974,12884,13437,102,60255,58746,1770,60813,89006,71,1,1
10975,10087,418,130,58671,58414,1772,59034,71408,3,1,1
10976,15892,16484,115,42525,40817,2214,43151,77837,82,1,1
10977,13352,11952,98,118638,117155,5817,119258,150479,62,1,2
10978,4209,189,122,44969,44759,1697,45312,51504,1,1,1
10979,4287,167,108,38348,38148,1766,38668,44983,1,1,1
10980,47717,27902,148,74709,72125,22540,75541,173802,129,1,1
10981,11102,10378,100,73121,71838,1699,73714,96986,59,1,1
10982,27109,28735,227,85446,82666,1820,86384,144299,135,1,1
10983,10729,9903,104,63379,62170,2563,63892,87177,55,1,1
10984,4784,1007,95,55083,54761,1704,55413,63000,8,1,1
10985,22161,21510,125,125216,122913,1692,125983,171621,106,1,2
10986,8977,6645,101,53130,52203,1653,53582,70957,39,1,1
10987,10263,6174,131,90919,89918,13293,91400,121226,36,1,2
10988,12872,11349,104,87902,86471,6376,88438,119126,60,1,2
10989,4302,202,132,24612,24374,1996,24947,31543,1,1,1
10990,4490,278,108,26406,26173,2560,26740,34168,2,1,1
10991,18588,16621,136,77876,76095,1706,78536,115555,85,1,1
10992,9988,7527,100,71911,70913,1356,72390,91351,44,1,1
10993,24295,25124,144,71583,69142,1787,72375,123678,121,1,1
10994,10000,8188,182,68380,67251,2231,68950,89464,49,1,1
10995,4669,807,114,118235,117775,1707,118597,125890,6,1,2
10996,20637,23164,112,57598,55358,1701,58324,103924,109,1,1
10997,13248,12568,173,45871,44418,1704,46497,74110,67,1,1
10998,4402,174,113,38074,37859,1713,38403,44797,1,1,1
10999,4416,271,103,36231,36005,1677,36552,43013,2,1,1
11000,41918,38045,123,105901,102493,6000,106829,192893,167,1,2
11001,13922,8709,100,86510,85303,6274,87014,116010,48,1,2
11002,5012,183,192,29224,28995,1718,29636,36651,1,1,1
11003,4546,183,96,17660,17443,1750,17950,24517,1,1,1
11004,4277,343,120,26407,26152,1739,26751,33209,3,1,1
11005,19403,18995,124,80658,78726,1683,81337,121525,93,1,1
11006,11215,10675,154,75423,74164,2180,75996,100157,58,1,1
11007,13441,8806,94,71006,69936,3212,71479,97033,49,1,1
11008,10811,8258,199,57536,56395,3780,58141,81089,49,1,1
11009,9543,1167,94,58658,58300,1713,58994,71511,9,1,1
11010,10263,8113,100,53406,52325,1697,53887,74049,48,1,1
11011,5436,186,142,54858,54658,1716,55196,62628,1,1,1
11012,19636,29349,189,49101,47028,1855,49866,100807,99,1,1
11013,13614,13688,105,43437,41925,1731,44000,73125,72,1,1
11014,4527,185,91,36875,36680,1661,37176,43639,1,1,1
11015,5600,312,128,49941,38438,2096,50312,58586,3,1,1
11016,42081,26485,127,231965,229378,15396,232744,316805,122,1,2
11017,41428,39250,116,87496,84039,8183,88510,177474,176,1,1
11018,4048,184,114,20033,19814,1760,20364,26456,1,1,1
11019,9331,407,112,24158,23900,1803,24486,36123,3,1,1
11020,15990,16198,104,56665,54943,5004,57275,94559,83,1,1
11021,15095,11410,108,64897,63559,1707,65435,93737,61,1,1
11022,14442,11469,98,64163,62822,5556,64691,96249,63,1,1
11023,10677,6232,256,67451,66595,1742,68048,86799,36,1,1
11024,19985,18743,145,62032,60109,2483,62733,104048,92,1,1
11025,13631,13095,105,56111,54654,1672,56671,85163,69,1,1
11026,8599,205,117,58594,58386,1707,58933,69542,1,1,1
11027,15269,13224,173,44210,42734,1758,44844,75188,69,1,1
11028,14014,14264,102,102084,100381,5231,102670,136280,73,1,2
11029,5026,172,114,37856,37648,1688,38195,45171,1,1,1
11030,10742,5226,108,73902,73119,1767,74346,92184,32,1,1
11031,14034,14302,101,77034,75460,2205,77612,108242,76,1,1
11032,26689,28740,203,85329,82655,1725,86234,143637,134,1,1
11033,12285,12150,131,68760,67343,1730,69340,95603,66,1,1
11034,5322,887,90,55231,54925,1747,55549,63597,7,1,1
11035,23887,22864,158,117413,115031,2458,118221,167693,112,1,2
11036,9252,8613,101,57755,56648,2871,58249,79076,49,1,1
11037,5010,2474,113,97272,96659,16675,97667,121929,16,1,2
11038,11466,4890,101,129217,128229,2469,129698,148626,30,1,3
11039,4193,192,93,26323,26122,1737,26613,32827,1,1,1
11040,4760,176,110,25681,25482,1736,26008,32779,1,1,1
11041,4514,162,107,25666,25463,1684,25980,32443,1,1,1
11042,5084,3012,92,42065,41512,5835,42436,56460,20,1,1
11043,15205,12590,101,66791,65359,1682,67341,96912,67,1,1
11044,10052,7372,102,43472,42495,2787,43935,64240,43,1,1
11045,17774,15554,97,76889,75244,1736,77523,112682,79,1,1
11046,22796,23175,144,75459,73169,1704,76234,124174,113,1,1
11047,8330,7283,152,61052,60081,2163,61570,79443,43,1,1
11048,5049,205,112,55825,55597,1703,56158,63207,1,1,1
11049,4285,191,106,67179,66972,1792,67544,73909,1,1,1
11050,22050,23015,129,62352,60079,1788,63096,110052,108,1,1
11051,14686,13720,101,52095,50539,1710,52663,82874,73,1,1
11052,5570,187,126,43845,43632,1767,44173,51800,1,1,1
11053,4520,315,92,42164,41932,1695,42471,49093,3,1,1
11054,42400,39484,133,108961,105484,4840,109939,196928,172,1,2
11055,13368,8863,177,88669,87444,5577,89239,117143,49,1,2
11056,5493,222,114,28527,28315,1757,28860,36429,1,1,1
11057,4221,181,89,17998,17814,1687,18296,24473,1,1,1
11058,18134,16228,139,104805,102985,1817,105462,141744,82,1,2
11059,12967,10896,104,74100,72796,1731,74626,100323,60,1,1
11060,10661,7598,196,59114,58109,5706,59700,83766,44,1,1
11061,7477,361,91,57454,57213,1734,57769,67432,3,1,1
11062,10964,10762,106,56038,54750,1764,56568,80150,60,1,1
11063,7081,177,114,66812,66578,1809,67186,76353,1,1,1
11064,16508,15292,124,45093,43475,2592,45719,80210,77,1,1
11065,10314,8151,95,40070,39008,1690,40536,60783,47,1,1
11066,4066,179,108,37529,37316,1758,37846,43949,1,1,1
11067,4285,178,109,37882,37688,1817,38204,44580,1,1,1
11068,42016,31109,128,75824,73018,22553,76674,172455,141,1,1
11069,9207,6386,136,81972,80968,15712,82466,113865,36,1,2
11070,5680,190,118,19539,19325,1815,19864,27654,1,1,1
11071,4502,1781,98,52953,52500,6528,53311,66205,13,1,1
11072,16534,13579,128,89362,87821,1712,89982,121903,73,1,1
11073,10592,10161,135,85975,84734,1730,86523,109096,57,1,1
11074,5340,642,142,67906,67599,1752,68275,76105,5,1,1
11075,22817,21544,140,63487,61323,1719,64236,110595,107,1,1
11076,11414,9820,100,55597,54377,1702,56106,79136,55,1,1
11077,814,256,116,58612,58378,4194,58960,64331,1,1,1
11078,13141,11632,176,42875,41538,1827,43506,70203,62,1,1
11079,10223,9170,94,88392,87147,7330,88883,115702,51,1,2
11080,4576,266,115,27007,26794,1723,27333,33996,1,1,1
11081,21985,18996,110,79669,77705,1717,80329,123128,93,1,1
11082,11636,9801,99,70630,69419,2133,71159,94813,56,1,1
11083,21560,21179,203,84406,82229,2016,85226,130244,105,1,1
11084,11135,2973,97,70953,70447,1470,71323,86991,18,1,1
11085,13362,12872,108,66398,64921,1386,66970,94684,69,1,1
11086,4698,189,193,56297,56058,1749,56705,63447,1,1,1
11087,22229,24270,108,62866,60529,2211,63611,112593,116,1,1
11088,14149,14420,127,58968,57404,2547,59568,90785,75,1,1
11089,42276,34107,138,122998,119749,11081,123917,211635,157,1,2
11090,7698,987,171,21933,21608,1710,22347,32832,7,1,1
11091,13720,4020,102,114671,113813,10664,115079,143578,24,1,3
11092,4492,184,96,26527,26346,1718,26828,33310,1,1,1
11093,25658,23810,147,79199,76699,1705,80009,131442,118,1,1
11094,11526,9239,96,76765,75613,1665,77259,99784,53,1,1
11095,9052,6803,204,58795,57806,4642,59372,79971,41,1,1
11096,16246,7798,101,60704,59700,2392,61163,87693,42,1,1
11097,12013,11414,102,67043,65717,1797,67577,92894,62,1,1
11098,3751,186,106,75010,74811,2180,75368,81574,1,1,1
11099,21433,20772,147,55143,53075,1743,55888,100097,102,1,1
11100,10384,8991,105,39730,38597,1688,40222,61377,50,1,1
11101,5466,188,113,43984,43764,1690,44327,51769,1,1,1
11102,4133,186,87,35083,34870,1652,35380,41441,1,1,1
11103,42906,41872,141,105132,101447,4294,106153,195481,183,1,2
11104,11403,5657,177,84627,83683,6677,85146,108977,33,1,2
11105,4828,337,116,27402,27142,1730,27743,34735,3,1,1
11106,4201,183,109,26098,25878,1747,26419,32651,1,1,1
11107,25301,25160,118,83067,80615,1808,83834,136210,120,1,1
11108,11084,10715,107,75979,74680,13272,76511,111664,60,1,1
11109,17757,17532,166,67578,65696,1874,68287,105552,89,1,1
11110,10027,9125,105,53796,52639,1714,54297,75251,52,1,1
11111,4223,184,105,57119,56896,1725,57443,63673,1,1,1
11112,5944,183,164,58117,57897,1724,58513,66466,1,1,1
11113,18202,16726,132,46979,45225,1705,47641,84376,85,1,1
11114,6672,2669,90,73981,73351,1787,74335,85566,17,1,2
11115,43059,26165,134,74037,71557,21932,74836,166250,123,1,1
11116,14404,12152,100,82825,81407,2212,83456,112321,67,1,1
11117,4606,190,115,24661,24447,1881,25000,31776,1,1,1
11118,21296,21428,106,80819,78717,1738,81520,126251,103,1,1
11119,12033,4307,102,102461,101689,1708,102856,121010,25,1,2
11120,15761,16472,105,85328,83586,2993,85997,121316,84,1,1
11121,4681,198,87,59741,59540,1664,60036,66667,1,1,1
11122,22023,20803,136,61309,59237,1690,62039,106823,102,1,1
11123,11988,10950,114,57245,55991,1769,57773,82581,58,1,1
11124,41690,39304,106,132397,128955,6010,133409,220517,170,1,2
11125,8929,7637,102,97058,95937,6930,97530,121121,44,1,2
11126,4314,190,90,42863,42661,1698,43157,49449,1,1,1
11127,4305,184,88,26688,26508,1691,26968,33236,1,1,1
11128,4267,184,128,25146,24945,1707,25496,31752,1,1,1
11129,19358,16941,127,75895,74092,1771,76544,114720,85,1,1
11130,11920,11976,189,73512,72115,2062,74145,100195,64,1,1
11131,21391,18537,143,66934,65032,1733,67636,109399,91,1,1
11132,16138,8473,90,59357,58338,2017,59817,86540,46,1,1
11133,12087,11567,106,73926,72579,1732,74457,99933,62,1,1
11134,6680,2764,182,68854,68306,1662,69315,80522,19,1,1
11135,20595,20381,144,60300,58193,1726,61039,103846,103,1,1
11136,5812,4769,100,52186,51468,3866,52589,67129,29,1,1
11137,5060,666,112,44438,44148,1668,44791,52285,5,1,1
11138,41635,42725,110,125246,120944,5453,126339,216267,187,1,2
11139,16396,12392,171,93880,92302,6464,94507,130030,63,1,2
11140,4927,201,122,27027,26818,1809,27372,34406,1,1,1
11141,25731,23963,115,80436,78030,1701,81190,132684,117,1,1
11142,9856,8742,136,79501,78326,1731,80030,100455,51,1,1
11143,22975,23924,139,77657,75204,1747,78459,127357,117,1,1
11144,11097,9264,100,117843,116554,1746,118339,140540,53,1,2
11145,8579,2839,182,59047,58501,2539,59523,73578,18,1,1
11146,11295,9438,140,48615,47417,3560,49172,73565,52,1,1
11147,13275,12944,106,41214,39708,2081,41781,70178,70,1,1
11148,2927,191,98,35281,35086,2206,35583,40998,1,1,1
11149,4444,311,116,38156,37919,2286,38499,45640,2,1,1
11150,41277,40023,114,112783,109137,3206,113810,198597,177,1,2
11151,7891,4358,99,60620,59930,11952,61020,85315,26,1,1
11152,5329,192,98,18170,17944,1785,18468,25861,1,1,1
11153,4320,187,93,21313,21120,1688,21603,27886,1,1,1
11154,4743,168,120,25868,25637,1675,26217,32906,1,1,1
11155,4187,179,119,19260,19057,1683,19586,25736,1,1,1
11156,21440,22220,105,79609,77387,2862,80307,126927,110,1,1
11157,13474,12762,182,80283,78763,1744,80928,109002,71,1,1
11158,11151,9480,122,66257,65029,4176,66800,91711,55,1,1
11159,10951,10144,99,61711,60459,1808,62218,85210,55,1,1
11160,5233,173,127,68527,68291,1789,68960,76252,1,1,1
11161,43028,13898,124,94878,93196,23872,95480,176382,72,1,2
11162,19543,1165,100,25655,25320,10453,25987,57243,8,1,1
11163,12233,4368,94,33536,32858,11978,34003,62671,26,1,1
11164,20680,10556,100,41797,40558,5930,42308,79567,56,1,1
11165,4393,175,113,38229,38025,1737,38558,44953,1,1,1
11166,42178,32893,120,86127,83141,25189,87041,187399,151,1,1
11167,14337,13129,110,72792,71293,2735,73385,103684,71,1,1
11168,5888,180,111,23693,23477,2267,24018,32456,1,1,1
11169,25924,24815,126,88304,85920,1746,89075,141661,119,1,1
11170,11132,10510,138,69348,68062,1730,69919,93383,59,1,1
11171,5964,582,93,54747,54468,1394,55064,63094,5,1,1
11172,20561,18987,125,61483,59529,2146,62188,104148,95,1,1
11173,13132,11399,96,54369,53018,1729,54919,81271,63,1,1
11174,1620,1017,186,43317,42947,14294,43772,60814,6,1,1
11175,26893,20255,99,72092,70067,7960,72760,127962,98,1,1
11176,5993,1165,94,28240,27880,2333,28574,38154,9,1,1
11177,27614,20615,134,96753,94532,4494,97469,150287,101,1,2
11178,5857,200,93,35800,35581,1760,36107,44010,1,1,1
11179,4177,189,85,23235,23040,1676,23517,29650,1,1,1
11180,18249,15597,130,87672,85980,1725,88364,124037,81,1,1
11181,15730,15728,102,74854,73186,2315,75449,109312,80,1,1
11182,21169,19070,138,85805,83810,1824,86523,128859,97,1,1
11183,8409,6048,97,50752,49868,1722,51185,67455,37,1,1
11184,11915,9483,178,57945,56765,1720,58523,81740,53,1,1
11185,4484,198,91,66631,66439,1664,66934,73378,1,1,1
11186,4404,201,90,61294,61115,1764,61600,68055,1,1,1
11187,21340,21747,132,53450,51309,1700,54175,99232,105,1,1
11188,12723,11907,100,51221,49822,1752,51756,78239,65,1,1
11189,4506,396,176,77968,77575,1762,78390,85157,3,1,2
11190,41523,40842,114,104233,100596,3744,105196,191410,178,1,2
11191,14940,10681,159,95346,94016,6062,95917,127702,56,1,2
11192,4284,194,114,26048,25828,1741,26386,32704,1,1,1
11193,4525,182,109,26088,25890,1687,26411,32904,1,1,1
11194,22980,33673,245,79976,77554,2141,80886,139783,119,1,1
11195,11700,9616,111,64150,62975,2719,64672,88802,53,1,1
11196,9790,6981,118,60144,59225,1693,60624,79180,40,1,1
11197,16756,16412,130,65852,64055,1727,66505,101505,84,1,1
11198,8807,1383,175,68198,67742,2814,68682,81814,10,1,1
11199,11230,10434,191,62771,61431,1717,63389,86988,59,1,1
11200,4881,205,132,59172,58930,1798,59537,66525,1,1,1
11201,19509,20839,113,55470,53380,1792,56173,98415,103,1,1
11202,12813,13449,99,95925,94285,1721,96533,124615,70,1,2
11203,4264,184,90,36467,36232,1694,36760,42993,1,1,1
11204,8159,3231,124,83651,82938,13923,84075,109488,21,1,2
11205,6498,2698,96,58549,58004,16878,58919,85089,19,1,1
11206,5319,188,87,17592,17360,1727,17888,25209,1,1,1
11207,4229,185,105,23285,23063,1713,23591,29813,1,1,1
11208,5107,323,137,26584,26354,1753,26940,34217,2,1,1
11209,9630,7591,95,49311,48261,4655,49772,71739,44,1,1
11210,20561,12595,193,65111,63730,1732,65751,100736,65,1,1
11211,9594,7943,95,63386,62357,1753,63850,83232,46,1,1
11212,12335,5961,178,57971,57153,2994,58474,79853,34,1,1
11213,21745,22660,214,79347,76967,2680,80187,127579,108,1,1
11214,17813,16980,259,86993,85079,2033,88030,125179,76,1,1
11215,13663,827,218,88503,88065,2359,89008,106158,1,1,1
11216,16073,13632,195,68759,67069,2429,69761,102266,56,1,1
11217,21909,21332,157,179766,177303,6194,180811,230562,81,1,2
11218,5997,677,168,57079,56765,2014,57539,66372,2,1,1
11219,4817,243,124,53649,53042,2038,54033,61413,1,1,1
11220,49584,34883,164,107506,103885,42330,108973,236162,135,1,1
11221,19053,16943,204,136398,134433,2657,137378,176364,61,1,1
11222,34954,34751,393,108480,105264,2059,110289,182375,118,1,1
11223,11101,10189,194,71740,70405,1875,72378,95651,50,1,1
11224,12481,6576,200,60013,59152,1678,60565,81399,36,1,1
11225,22269,37395,179,126686,124160,1796,127530,189247,112,1,2
11226,9125,7339,102,54228,53228,2581,54707,73844,43,1,1
11227,7192,4528,130,91659,90812,16203,92119,120138,27,1,2
11228,13944,11631,101,112170,109548,9015,112840,147588,60,1,2
11229,5835,579,380,38549,38167,2718,39332,48743,1,1,1
11230,5308,401,119,35658,35248,2470,36124,44438,2,1,1
11231,28080,27989,542,143702,140348,3788,145525,205896,101,1,1
11232,12126,9579,178,96799,95379,2261,97653,121923,40,1,1
11233,20312,14410,121,123098,119549,16693,124114,175977,62,1,1
11234,33071,33554,257,101293,98300,2063,102717,171758,125,1,1
11235,10835,8418,139,72818,71679,2332,73364,95041,48,1,1
11236,2645,741,93,116498,116031,2335,116829,122651,6,1,2
11237,43287,18765,208,74310,72363,22424,75105,159845,89,1,1
11238,20780,5610,269,67136,65727,5490,68009,100310,26,1,1
11239,14991,4937,369,54520,53595,17934,55497,93694,23,1,1
11240,28195,12329,190,58313,56714,11502,59208,111572,51,1,1
11241,33432,14691,170,68338,66495,2676,69264,120234,59,1,1
11242,2817,360,140,58828,58506,3224,59308,66043,1,1,1
11243,57453,32458,191,119945,116615,8597,120907,219513,142,1,2
11244,10220,6925,101,85344,84262,8289,85801,111335,37,1,2
11245,5708,233,108,29681,29462,1740,30011,37793,1,1,1
11246,4261,189,92,17668,17489,1667,17950,24150,1,1,1
11247,4245,185,110,25764,25527,1715,26085,32326,1,1,1
11248,9697,3410,127,69761,69109,1752,70197,85161,22,1,1
11249,9410,4760,184,55978,55257,1672,56488,72429,29,1,1
11250,13574,14163,100,77471,75888,1686,78058,107576,73,1,1
11251,5314,2969,131,56357,55759,5626,56783,70797,20,1,1
11252,11626,1123,89,56911,56539,1714,57239,71791,8,1,1
11253,12671,9707,188,56794,55560,1786,57406,81838,55,1,1
11254,12730,2355,100,57297,56817,1682,57672,74531,16,1,1
11255,19461,17432,146,46661,44795,1766,47338,86274,87,1,1
11256,9128,7312,101,73326,72160,1688,73800,92021,44,1,2
11257,5243,192,119,38089,37873,2280,38433,46241,1,1,1
11258,41241,39245,191,100402,96881,5181,101433,187203,172,1,2
11259,8707,4341,95,60528,59826,8038,60936,82114,27,1,1
11260,4514,190,110,19677,19466,1725,20000,26526,1,1,1
11261,4295,180,108,26912,26702,1733,27222,33532,1,1,1
11262,7361,4616,95,50017,49292,4937,50415,67412,28,1,1
11263,17639,10741,96,64265,63023,5006,64774,98252,57,1,1
11264,17116,16240,192,80048,78262,1640,80764,115864,84,1,1
11265,17279,14631,141,59085,57500,1742,59719,93469,75,1,1
11266,12016,10260,101,116461,115017,1834,116980,141189,59,1,2
11267,17842,12999,106,63769,62387,1935,64372,97245,65,1,1
11268,10807,446,113,58447,58188,2436,58807,72596,3,1,1
11269,17647,14757,132,41746,40163,1803,42364,76676,74,1,1
11270,15944,16685,119,105928,104047,4984,106557,144268,83,1,2
11271,4496,184,106,38574,38330,1845,38895,45528,1,1,1
11272,4129,192,106,39694,39496,1714,40005,46140,1,1,1
11273,8532,2160,170,59538,59049,35062,59987,105843,15,1,1
11274,13626,12988,101,75659,74113,2100,76218,105023,70,1,1
11275,21358,21725,144,86017,83812,2098,86783,132069,108,1,1
11276,5010,190,88,66601,66427,1692,66895,73875,1,1,1
11277,13451,12894,153,87950,86464,1716,88569,116725,69,1,1
11278,4414,184,108,68045,67835,1679,68381,74760,1,1,1
11279,19979,21737,115,61141,58978,1733,61853,105412,107,1,1
11280,13386,13333,96,50549,49027,2200,51101,80113,72,1,1
11281,4626,196,185,37212,36997,1732,37624,44281,1,1,1
11282,40949,40920,112,106003,102346,2281,106976,191234,178,1,2
11283,13091,10895,97,91226,89815,5215,91763,121057,59,1,2
11284,4216,194,107,25781,25532,1712,26124,32353,1,1,1
11285,4297,168,108,34577,34337,1907,34966,41459,1,1,1
11286,8831,5140,114,73236,72448,6568,73791,94493,26,1,1
11287,19115,14542,158,101019,99206,2011,101956,137928,68,1,1
11288,20695,16605,276,119861,117825,2449,120902,160957,74,1,1
11289,29491,30109,209,131629,128498,2212,133130,195257,110,1,1
11290,13512,11834,164,92429,90810,2310,93291,121106,53,1,1
11291,5824,320,145,89220,88910,2033,89682,98091,1,1,1
11292,6084,372,205,99954,99589,2411,100508,109701,1,1,1
11293,26645,31377,183,77398,74291,1925,78401,138460,125,1,1
11294,13716,14020,171,85203,83273,2281,85914,116058,62,1,1
11295,7560,388,128,70145,69867,2470,70597,81172,1,1,1
11296,5330,270,104,71390,71069,2395,71797,79956,1,1,1
11297,52819,53998,214,172684,167573,5428,174361,286946,183,1,2
11298,20751,15913,160,161982,159883,7377,163034,207392,63,1,2
11299,7388,441,163,37347,37092,2180,37826,48143,1,1,1
11300,5528,192,142,22270,21955,1973,22670,30667,1,1,1
11301,6354,1374,122,96886,96184,3212,97363,108635,9,1,2
11302,20560,15817,208,112928,111312,2844,113880,153435,62,1,1
11303,12301,10917,208,80485,79045,1698,81162,106176,59,1,1
11304,21961,21119,177,69478,67328,1804,70279,115260,103,1,1
11305,14716,5420,96,104625,103650,2847,105064,128153,33,1,2
11306,16457,11440,108,47515,46167,6649,48040,82689,61,1,1
11307,7907,962,104,58857,58509,1806,59206,69988,7,1,1
11308,18243,17972,144,47596,45703,1758,48309,86393,89,1,1
11309,11555,8973,96,39111,37918,2176,39607,62414,51,1,1
11310,4199,185,105,39433,39212,1692,39757,45944,1,1,1
11311,4598,311,111,38273,38025,2005,38609,45623,2,1,1
11312,42410,27254,122,73379,70854,28639,74167,172575,123,1,1
11313,11062,5243,143,85169,84249,13343,85639,115379,31,1,2
11314,5226,225,121,20274,20037,2109,20612,28275,1,1,1
11315,20505,19461,137,80736,78787,1748,81430,123252,95,1,1
11316,9797,9130,100,77313,76139,2338,77825,99182,53,1,1
11317,24127,15670,190,104990,103248,2126,105928,148190,66,1,1
11318,57475,12028,207,72297,70762,32780,73171,175787,54,1,1
11319,33929,12597,145,96709,95129,17890,97486,162232,51,1,1
11320,13079,5684,122,50833,49971,17625,51385,88129,31,1,1
11321,25574,12795,110,77261,75834,9520,77998,126188,56,1,1
11322,46189,18269,187,96201,94247,2440,97182,164361,69,1,1
11323,11910,293,212,85203,84866,2515,85709,100782,1,1,1
11324,19091,26818,294,73583,71115,3581,74809,124755,75,1,1
11325,21418,17860,163,162714,160418,9223,163812,212639,69,1,2
11326,6055,412,196,56462,56152,2311,56987,66068,1,1,1
11327,46186,45712,462,142823,138017,2293,145253,239905,133,1,1
11328,10953,8342,202,82347,81204,2213,82971,104593,44,1,1
11329,23802,21569,144,84353,82053,1765,85120,132366,104,1,1
11330,9119,8383,144,66083,65025,2214,66625,86435,46,1,1
11331,5937,246,110,61822,61593,1750,62163,70196,1,1,1
11332,4332,186,97,54226,54045,1816,54521,60945,1,1,1
11333,19408,20147,143,61675,59647,1759,62410,103824,99,1,1
11334,16581,17745,153,51509,49654,1859,52205,88494,88,1,1
11335,5546,183,113,36951,36741,1718,37282,44832,1,1,1
11336,41729,40081,128,105473,101859,4798,106447,193152,176,1,2
11337,14047,8152,100,119397,118097,1723,119868,143883,45,1,3
11338,4393,201,206,29402,29183,2442,29840,36976,1,1,1
11339,30561,29272,123,81757,79000,1724,82608,144435,139,1,1
11340,22875,22765,453,129382,127045,2329,131119,179305,81,1,1
11341,22825,22626,156,99482,97077,1834,100376,147929,108,1,1
11342,13663,12784,131,122795,121331,1741,123770,152253,58,1,2
11343,9759,2662,91,58270,57757,1719,58634,72866,17,1,1
11344,30383,34458,396,106810,103366,2546,108421,176195,112,1,1
11345,15287,13590,215,84984,82979,3526,86045,118808,57,1,1
11346,8201,589,181,64020,63733,1965,64570,75624,1,1,1
11347,4313,221,107,38023,37831,1718,38394,44732,1,1,1
11348,43014,36157,143,108526,104960,6120,109482,195025,161,1,2
11349,9891,5896,101,103028,102015,6969,103537,126418,34,1,2
11350,2164,190,96,25343,25130,2384,25673,30501,1,1,1
11351,4268,182,108,19431,19229,1829,19760,26133,1,1,1
11352,24532,22208,141,84175,81921,1778,84921,133692,108,1,1
11353,12419,11153,96,79450,78093,1667,79977,105312,63,1,1
11354,22005,23496,177,68103,65781,1501,68919,116020,115,1,1
11355,11175,10611,95,60519,59259,1778,61044,84704,59,1,1
11356,6400,589,364,90721,90229,1955,91674,100770,1,1,1
11357,6496,344,138,62727,62508,1748,63118,71805,1,1,1
11358,17137,15618,203,49724,47882,1758,50478,85084,81,1,1
11359,10575,8533,93,41360,40156,1774,41839,62814,49,1,1
11360,5515,192,121,38367,38160,1753,38698,46263,1,1,1
11361,42204,47386,152,79829,76281,10513,81748,182133,175,1,1
11362,17733,16895,105,77343,75500,2115,77988,114819,89,1,1
11363,4084,206,184,30441,30190,2159,30879,37451,1,1,1
11364,32057,31624,200,136623,133949,1874,137927,203779,122,1,1
11365,15788,14402,217,129747,128038,2223,130743,163515,61,1,1
11366,5233,334,228,58059,57798,1664,58541,65874,1,1,1
11367,16556,17477,133,62372,60488,1528,63024,98696,85,1,1
11368,15671,14412,147,170723,168356,3415,171677,205351,62,1,2
11369,14765,6678,298,73434,71687,4895,74342,101057,30,1,1
11370,56988,55166,247,216439,211447,5260,218478,336266,180,1,2
11371,22073,21275,154,238105,235444,5288,239222,288163,82,1,3
11372,5837,534,137,39124,38784,2197,39555,48270,3,1,1
11373,5120,331,163,43136,42782,2110,43647,51384,1,1,1
11374,35240,27968,154,148469,145894,2150,149740,215421,103,1,1
11375,15992,15253,165,136556,134579,2175,137551,171340,65,1,1
11376,9992,6740,160,70064,69023,4960,70758,92604,30,1,1
11377,23100,20437,157,124026,121754,2133,125046,171033,75,1,1
11378,11690,10770,198,67992,66574,2181,68853,93634,47,1,1
11379,17080,15887,146,100219,98143,2278,101166,136543,64,1,1
11380,5885,260,143,102151,101857,2144,102599,111027,1,1,1
11381,29649,32567,160,99778,96392,2199,101111,165839,114,1,1
11382,15094,12937,190,84432,82700,3517,85361,117058,56,1,1
11383,5607,261,148,70506,70230,2188,70935,79142,1,1,1
11384,58233,56300,153,180342,175262,8376,182248,305491,182,1,2
11385,19752,14795,160,155540,153630,7780,156476,198937,60,1,2
11386,5529,623,213,82375,81831,2202,82917,91412,3,1,2
11387,31764,30969,157,137550,134382,2144,138908,204078,113,1,1
11388,16801,13026,153,134252,132551,2203,135135,167306,55,1,1
11389,59611,24305,183,142300,139658,28273,143528,256023,89,1,1
11390,21570,5430,161,102947,101992,2407,103618,133333,27,1,1
11391,25449,24366,147,259960,257177,9524,261325,320802,93,1,1
11392,3932,234,146,116079,115800,2784,116538,123626,1,1,1
11393,24683,24256,172,88414,85737,3172,89773,142190,92,1,1
11394,18131,14894,148,70322,68290,2023,71254,106594,63,1,1
11395,5812,257,138,60940,60655,2148,61357,69714,1,1,1
11396,6145,851,152,65305,64905,2166,65799,75105,5,1,1
11397,59338,66629,212,170986,165981,5962,172840,305093,173,1,2
11398,10344,3859,146,102571,101781,14337,103155,131837,20,1,1
11399,8457,273,148,25869,25583,2142,26309,37329,1,1,1
11400,5220,226,130,28515,28236,2089,28903,36882,1,1,1
11401,5410,242,146,37114,36826,2087,37530,45402,1,1,1
11402,5321,239,147,24698,24431,2082,25128,32903,1,1,1
11403,20559,17930,140,128761,126712,4631,129702,172935,70,1,1
11404,10640,8677,225,83565,82376,1865,84223,105522,47,1,1
11405,11800,4939,96,76481,75741,1784,76901,95522,29,1,1
11406,23416,23466,158,69168,66822,1745,69957,118838,113,1,1
11407,11310,10842,100,57067,55752,1773,57600,81620,59,1,1
11408,5590,469,351,91902,91452,2484,92666,101413,1,1,1
11409,19760,14986,204,114374,112428,1897,115152,151935,76,1,2
11410,9894,8316,99,38273,37113,1776,38765,58843,47,1,1
11411,4729,194,113,39741,39507,1766,40066,46866,1,1,1
11412,42346,29652,174,76117,73209,23465,77024,172598,137,1,1
11413,12756,8673,106,72429,71315,1715,72938,96176,49,1,1
11414,5345,216,116,24202,23989,1755,24536,31954,1,1,1
11415,23992,24137,141,82034,79636,1685,82810,132731,116,1,1
11416,9423,7935,194,68676,67639,2477,69253,89187,46,1,1
11417,4627,587,92,54442,54155,1673,54762,61749,5,1,1
11418,24018,23161,143,116636,114183,1800,117420,166650,114,1,2
11419,9521,7769,98,44504,43465,1737,44975,64101,46,1,1
11420,8842,5053,176,40922,40178,1736,41440,57165,30,1,1
11421,43095,32276,137,112143,109122,10701,113039,199383,145,1,2
11422,24002,23293,164,109374,107365,6828,110450,164794,86,1,2
11423,5239,206,99,37996,37780,1760,38311,45606,1,1,1
11424,4355,190,90,23612,23402,2038,23888,30557,1,1,1
11425,38875,24204,207,84260,81774,1803,85134,150269,118,1,1
11426,15043,13123,107,73053,71584,2412,73615,104289,70,1,1
11427,9815,7850,132,69361,68253,4704,69872,92335,45,1,1
11428,16592,6032,98,76870,76032,2610,77341,102671,35,1,1
11429,12252,11880,96,71358,69671,2102,71946,98296,65,1,1
11430,15767,6852,159,99031,97733,7248,99702,129905,32,1,1
11431,21865,23265,350,78310,76157,2142,79585,127419,91,1,1
11432,14334,10504,185,76652,75388,1888,77333,104349,50,1,1
11433,4798,513,127,81549,81159,2438,81937,89791,3,1,2
11434,42055,38275,140,103893,100331,3656,104859,188949,169,1,2
11435,10136,8413,92,89947,88762,6625,90414,115678,46,1,2
11436,5348,247,114,26918,26697,1365,27239,34305,1,1,1
11437,4386,184,106,38574,38325,2713,38960,46342,1,1,1
11438,21076,19823,149,81061,78958,1741,81792,124686,100,1,1
11439,9400,7226,102,57610,56647,2908,58073,77705,42,1,1
11440,13459,13116,105,66478,65030,1941,67049,95670,69,1,1
11441,20441,21143,143,68508,66354,2265,69247,113199,105,1,1
11442,5967,2133,221,87728,87133,1740,88213,98155,14,1,2
11443,16494,12578,97,51581,50167,9385,52124,90669,66,1,1
11444,7747,1981,96,57458,57028,1724,57808,69352,14,1,1
11445,16850,15150,144,53883,52244,1710,54531,88343,78,1,1
11446,6676,3902,95,91568,90727,1722,92021,104418,26,1,2
11447,4207,190,100,36286,36097,1758,36590,42840,1,1,1
11448,1592,272,153,27895,27633,15054,28298,45329,1,1,1
11449,26080,18060,97,70429,68611,9261,71064,124556,89,1,1
11450,9837,6031,100,59772,58939,14799,60211,90968,35,1,1
11451,4701,277,96,18175,17950,1709,18474,25250,2,1,1
11452,4017,183,106,24171,23954,2334,24487,31116,1,1,1
11453,4269,167,109,26187,25984,1729,26497,32762,1,1,1
11454,6225,2786,92,62977,62396,6440,63392,78946,19,1,1
11455,15082,13402,108,64557,63055,1773,65122,95474,69,1,1
11456,12947,11297,110,65352,64074,5739,65871,95947,58,1,1
11457,12610,9338,90,93982,92827,1722,94463,118226,53,1,1
11458,23280,24075,146,75073,72729,1732,75934,125297,115,1,1
11459,13060,13675,110,59890,58364,1740,60463,89034,73,1,1
11460,5093,187,117,58306,58041,2213,58660,66256,1,1,1
11461,13973,11034,119,42136,40851,1719,42686,69517,59,1,1
11462,16156,16114,102,126269,124404,6347,126918,165641,82,1,2
11463,3504,196,90,44834,44626,2183,45131,51100,1,1,1
11464,4264,186,109,39921,39708,1809,40243,46602,1,1,1
11465,42467,28143,126,73866,71218,22665,74683,168062,132,1,1
11466,17368,16606,200,76792,74972,2167,77508,113744,88,1,1
11467,42609,30862,201,83304,80433,7970,84252,165954,142,1,1
11468,4739,1316,91,38633,38265,9881,38958,54984,10,1,1
11469,23690,18278,119,76127,74255,4491,76773,123321,91,1,1
11470,4223,181,110,55120,54903,1728,55440,61672,1,1,1
11471,35532,20455,211,118067,115807,2396,118879,177526,103,1,2
11472,7892,6689,101,53395,52469,2155,53852,70682,40,1,1
11473,42805,36552,140,107984,104687,8775,108925,197317,160,1,2
11474,13010,10793,104,127082,125609,5636,127650,157185,57,1,3
11475,4292,204,111,26462,26240,1737,26796,33134,1,1,1
11476,25706,22958,125,90127,87755,1908,90877,141553,114,1,1
11477,13323,12433,165,73222,71737,2316,73847,102010,68,1,1
11478,23999,22222,173,70304,68028,1773,71118,119387,110,1,1
11479,17354,7163,99,59313,58417,2069,59763,86443,39,1,1
11480,11023,10622,101,58402,57133,1944,58929,82608,59,1,1
11481,13436,5819,97,58428,57633,4995,58848,83189,34,1,1
11482,20189,17953,212,52935,51053,1767,53709,93727,90,1,1
11483,12820,13160,100,44519,43103,1698,45078,72851,68,1,1
11484,4302,183,107,37733,37524,1777,38056,44418,1,1,1
11485,4564,289,108,36211,35991,1715,36553,43221,2,1,1
11486,41744,38090,110,107106,103736,4598,108080,192785,165,1,2
11487,14072,10934,107,102178,100764,6429,102891,134431,58,1,2
11488,2430,198,88,27336,27137,2840,27623,33182,1,1,1
11489,4178,183,88,17580,17370,1704,17856,24010,1,1,1
11490,4344,187,109,25537,25333,1676,25849,32157,1,1,1
11491,4884,170,108,26102,25904,1666,26421,33236,1,1,1
11492,17253,17458,103,73655,71823,3337,74281,112417,89,1,1
11493,14100,13055,105,78911,77421,2024,79475,108744,71,1,1
11494,11232,8272,193,58125,57063,3941,58720,82266,47,1,1
11495,15187,6297,93,67417,66577,2151,67862,91600,36,1,1
11496,11551,11102,99,63109,61800,1742,63630,88122,61,1,1
11497,5708,190,127,72584,72349,1757,72984,80746,1,1,1
11498,19223,18454,130,48308,46396,1725,48997,88500,92,1,1
11499,5040,1021,91,66682,66209,1725,67010,74887,8,1,2
11500,12825,11550,103,33635,32313,3207,34167,61840,62,1,1
11501,4068,185,112,37560,37354,1684,37889,43923,1,1,1
11502,41529,38012,110,99093,95709,6026,100023,185698,168,1,2
11503,6400,2977,138,60753,60192,11147,61189,81808,20,1,1
11504,4283,189,107,20300,20093,1771,20620,26951,1,1,1
11505,4549,175,110,23364,23156,1692,23676,30192,1,1,1
11506,2924,928,94,37799,37460,922,38132,43001,8,1,1
11507,41367,40205,117,87052,83529,2535,88039,172237,182,1,1
11508,11390,8940,93,54644,53537,2790,55120,78332,50,1,1
11509,13343,9716,181,61797,60617,4180,62396,89733,54,1,1
11510,21912,22941,144,64947,62674,1794,65725,112639,112,1,1
11511,12888,13731,101,55499,53972,1686,56058,84461,71,1,1
11512,7465,199,114,59153,58917,1756,59488,69009,1,1,1
11513,13085,10785,183,41913,40601,1765,42531,68270,59,1,1
11514,14485,14707,108,104573,102855,5570,105164,140025,77,1,2
11515,1664,190,114,36948,36725,2975,37277,42200,1,1,1
11516,5567,191,109,38888,38683,1725,39201,46786,1,1,1
11517,9434,4010,91,63016,62353,16403,63409,93346,25,1,1
11518,15470,15794,102,90721,88993,2346,91412,125125,84,1,1
11519,18969,16851,136,75724,73953,2320,76399,114643,84,1,1
11520,19446,7336,110,65540,64601,2950,66001,95830,41,1,1
11521,10476,9517,100,63963,62765,1758,64458,86301,53,1,1
11522,14651,9781,193,67053,65881,1771,67644,93948,53,1,1
11523,21309,19918,142,61194,59177,2406,61904,105805,98,1,1
11524,13684,14108,102,49653,48058,2486,50226,80605,75,1,1
11525,4638,529,121,37254,36974,1779,37599,44642,4,1,1
11526,41962,34405,108,132661,129459,6442,133563,216470,152,1,2
11527,9259,6550,105,87510,86486,7113,87973,110987,38,1,2
11528,4943,477,150,28568,28267,2009,28959,36493,3,1,1
11529,19535,16257,133,78832,77085,2247,79487,117630,84,1,1
11530,10964,8330,95,86094,85012,3360,86655,109411,49,1,1
11531,9336,5876,126,55363,54205,4424,55867,75605,36,1,1
11532,22312,10510,149,65153,63929,4118,65724,102946,55,1,1
11533,8347,6472,100,61931,60969,1757,62383,79048,40,1,1
11534,10716,22250,182,51577,50441,2288,52172,87521,50,1,1
11535,4891,195,86,56162,55978,1680,56455,63311,1,1,1
11536,23942,24861,215,61299,58911,1804,62161,113045,119,1,1
11537,12150,11895,153,51004,49578,1828,51602,77573,65,1,1
11538,4271,332,94,42733,42477,2194,43048,49934,3,1,1
11539,7779,2435,111,59174,58662,24910,59572,94796,16,1,1
11540,15023,5933,181,60063,59211,1754,60588,83398,35,1,1
11541,14160,11195,98,65235,63915,10112,65765,101322,60,1,1
11542,5928,1188,96,22480,22125,2231,22812,32251,9,1,1
11543,5078,191,96,26834,26609,1681,27127,34160,1,1,1
11544,4118,196,95,16866,16683,1739,17151,23292,1,1,1
11545,5207,179,117,25597,25398,1687,25921,33089,1,1,1
11546,20368,21633,105,80758,78561,4206,81447,127744,106,1,1
11547,12043,11383,154,76731,75396,2427,77318,103265,62,1,1
11548,11909,10065,127,67910,66664,3742,68457,94445,56,1,1
11549,9552,6943,89,54506,53530,1745,54953,73291,42,1,1
11550,6069,200,116,76251,76022,2423,76629,85420,1,1,1
11551,4689,197,99,57960,57763,1686,58258,64917,1,1,1
11552,21249,20795,140,54115,45874,1893,54839,99036,101,1,1
11553,9986,8821,136,40821,39660,1759,41354,62024,50,1,1
11554,4277,192,117,37991,37787,2517,38316,45403,1,1,1
11555,4395,186,108,37803,37603,1677,38117,44471,1,1,1
11556,53221,29659,210,102776,99917,26111,103719,213153,136,1,2
11557,8894,4924,100,60480,59687,14767,60905,89584,30,1,1
11558,5600,165,112,20297,20079,1719,20623,28214,1,1,1
11559,25602,24751,214,83992,81554,1773,84855,137096,122,1,1
11560,9616,19540,222,77606,76467,1736,78237,109238,49,1,1
11561,7453,4075,175,68052,67397,1675,68524,81820,26,1,1
11562,23157,26470,142,64898,62388,1758,65714,117367,124,1,1
11563,13857,15785,101,56219,54571,2071,56805,88612,80,1,1
11564,9640,195,188,57309,57096,1790,57707,69423,1,1,1
11565,16037,13409,129,40916,39434,1739,41519,72805,70,1,1
11566,13689,13638,105,95806,94117,6848,96378,130658,73,1,2
11567,3311,192,87,23622,23406,2125,23910,29624,1,1,1
11568,20556,17145,141,78596,76762,1722,79290,118814,88,1,1
11569,13026,12063,185,74201,72764,2507,74841,102534,66,1,1
11570,27753,19450,146,92588,90117,2171,93348,142858,96,1,1
11571,11610,2025,120,72956,72478,1704,73340,88782,14,1,1
11572,12469,12434,102,84087,82653,1882,84714,111610,66,1,1
11573,4604,177,115,56334,56116,2515,56675,64228,1,1,1
11574,21621,21868,112,60881,58638,1735,61595,106920,108,1,1
11575,11699,10248,101,48569,47294,2766,49090,73895,59,1,1
11576,5219,182,116,36684,36469,1694,37016,44209,1,1,1
11577,23792,18520,185,105450,103443,9272,106173,157849,92,1,2
11578,12440,7645,104,89755,88577,6246,90228,116650,44,1,2
11579,1288,190,91,26857,26650,933,27159,29658,1,1,1
11580,8208,310,94,26546,26247,2384,26852,37846,2,1,2
11581,4603,178,118,25028,24835,1694,25354,31920,1,1,1
11582,25934,24126,135,78778,76363,1738,79561,131464,120,1,1
11583,9578,7953,184,50676,49625,2245,51253,71121,47,1,1
11584,21685,19411,105,66615,64644,3082,67269,111540,96,1,1
11585,12720,8837,142,56260,55053,2956,56815,81592,50,1,1
11586,18142,7709,95,59774,58813,2814,60228,88990,43,1,1
11587,11123,9744,208,59445,58240,1893,60082,82945,55,1,1
11588,11098,9393,90,43106,41913,2648,43605,66830,54,1,1
11589,13609,2184,128,86715,86197,1965,87189,105265,12,1,1
11590,22416,23258,205,71843,69515,1820,73129,120892,106,1,1
11591,12141,11617,118,43225,41850,1749,43800,69399,62,1,1
11592,5366,252,209,40989,40746,2913,41465,50118,1,1,1
11593,42202,44309,149,109849,105860,3523,110920,201223,193,1,2
11594,11400,6453,115,86997,86005,5656,87446,111046,35,1,2
11595,4400,183,88,24225,24027,2295,24516,31483,1,1,1
11596,4069,189,108,19102,18895,1741,19413,25509,1,1,1
11597,22699,22168,126,82663,80420,1712,83399,130087,109,1,1
11598,9704,8614,156,70079,68947,1776,70650,90837,50,1,1
11599,18058,10750,105,63132,61872,2540,63643,95080,57,1,1
11600,19352,17155,131,60900,59088,1812,61576,100001,86,1,1
11601,12126,6676,95,125108,124075,3501,125599,148002,39,1,2
11602,9441,385,136,57904,57664,1747,58277,69952,2,1,1
11603,17166,15251,114,47888,46237,1728,48499,82746,78,1,1
11604,10927,9260,99,37844,36696,1740,38335,60356,52,1,1
11605,5185,189,128,54100,53872,1724,54494,61696,1,1,1
11606,42009,30681,119,112056,109073,16718,112913,202611,143,1,2
11607,8534,3451,100,65875,65311,11676,66274,90036,21,1,1
11608,4738,183,115,30185,29937,2043,30532,37902,1,1,1
11609,29318,29276,140,89479,86682,1854,90346,150898,137,1,1
11610,9781,8117,220,88701,87602,2326,89348,109662,47,1,1
11611,4108,199,110,68232,68015,1772,68566,74733,1,1,1
11612,23476,28076,123,63334,60696,1831,64155,117637,132,1,1
11613,12754,24783,200,63644,62153,2456,64619,104727,66,1,1
11614,41680,32796,113,77322,74307,11320,78196,164097,151,1,1
11615,15267,11707,106,38592,37312,1743,39119,67930,60,1,1
11616,12190,9852,94,63932,62768,10035,64429,96602,53,1,1
11617,11654,5834,105,30269,29435,1814,30725,50131,35,1,1
11618,4218,188,173,26300,26072,2401,26701,33612,1,1,1
11619,24867,24048,132,82069,79722,1725,82842,133583,116,1,1
11620,15617,15336,104,75637,73935,1999,76244,109286,82,1,1
11621,14003,10599,144,68544,67222,4039,69119,98036,59,1,1
11622,10598,9904,192,59220,57970,3015,59821,83431,55,1,1
11623,14646,8088,96,66144,65131,1886,66613,91333,45,1,1
11624,4940,188,94,54001,53802,1748,54312,61274,1,1,1
11625,25247,20683,164,62943,60840,1812,63707,111729,101,1,1
11626,12777,10706,239,56887,55546,2277,57550,83412,59,1,1
11627,4304,177,120,43968,43758,1708,44312,50599,1,1,1
11628,41568,34297,132,102005,98706,7126,102913,186005,153,1,2
11629,11945,9128,163,93162,91881,8951,93715,123829,50,1,2
11630,4873,1199,107,66086,65569,1763,66499,74444,9,1,2
11631,20653,20478,126,80502,78380,1733,81221,124360,103,1,1
11632,11444,11189,103,76749,75375,1912,77299,101936,63,1,1
11633,5855,3258,121,55420,54790,4108,55840,69167,22,1,1
11634,12935,7939,192,68245,67235,1739,68818,91527,45,1,1
11635,11817,11047,106,59407,58060,1804,59957,84721,62,1,1
11636,4891,378,88,55569,55328,1691,55873,62923,3,1,1
11637,18450,18671,212,49275,47350,1769,50052,89041,94,1,1
11638,11648,11099,96,91683,90212,1998,92290,117141,61,1,2
11639,4414,205,111,37335,37118,1743,37677,44147,1,1,1
11640,41968,34373,210,107144,103940,2517,108134,187104,157,1,2
11641,10488,4484,100,78126,77337,11654,78537,105254,27,1,2
11642,5641,154,356,26015,25794,1831,26622,34538,1,1,1
11643,4767,161,109,26420,26205,2863,26732,34630,1,1,1
11644,15445,174,197,20408,20151,1711,20859,38468,1,1,1
11645,7874,5288,100,49462,48635,4383,49880,67515,33,1,1
11646,12726,10848,104,65772,64507,1837,66282,91786,57,1,1
11647,10765,10981,102,78314,77006,2162,78835,102827,61,1,1
11648,24228,27041,139,67093,64504,1744,67913,121202,129,1,1
11649,13160,14027,183,63352,61769,2320,64011,93627,74,1,1
11650,5520,182,114,58547,58303,1752,58885,66450,1,1,1
11651,8261,403,116,57669,57418,2216,58010,68989,3,1,1
11652,15701,13423,105,41218,39729,1684,41780,72686,71,1,1
11653,9143,8352,188,39688,38604,1784,40268,59644,48,1,1
11654,4697,175,124,38652,38437,1763,39002,45745,1,1,1
11655,42054,28542,131,74942,72267,24181,75765,170644,133,1,1
11656,13419,11472,102,72647,71302,2133,73180,100296,63,1,1
11657,5558,310,115,24533,24281,1697,24879,32555,2,1,1
11658,28161,17476,208,83293,81390,1724,84128,131592,91,1,1
11659,12107,11414,107,85783,84388,2555,86327,112501,64,1,1
11660,4535,185,117,62185,61947,1678,62521,69025,1,1,1
11661,28990,22997,162,76161,73894,1810,76990,131054,110,1,1
11662,10709,9770,103,55033,53824,1765,55546,77890,55,1,1
11663,1973,1591,159,37953,37542,13729,38423,55826,9,1,1
11664,23118,17983,99,69820,67959,6814,70458,118460,90,1,1
11665,17946,19343,105,128956,126745,3130,129615,170127,97,1,3
11666,4505,351,171,26011,25740,3117,26407,34481,3,1,1
11667,25400,23821,141,80893,78484,1765,81689,132937,119,1,1
11668,13502,12743,113,74296,72823,2093,74877,103309,70,1,1
11669,10595,9341,140,93931,92694,3603,94515,118156,54,1,1
11670,7294,5512,100,72876,72063,3109,73305,89313,34,1,1
11671,4685,185,89,66726,66540,1675,67015,73662,1,1,1
11672,4390,188,89,59719,59507,1752,60006,66421,1,1,1
11673,20955,23398,144,60033,57758,1735,60800,107158,112,1,1
11674,12842,12273,194,53779,52341,2825,54422,82460,66,1,1
11675,4598,180,113,42620,42410,1677,42938,49491,1,1,1
11676,42061,39883,128,104272,100718,2726,105249,190025,176,1,2
11677,13392,9499,106,90204,88934,6002,90711,119695,53,1,2
11678,4599,204,213,27277,27007,1820,27710,34596,1,1,1
11679,4379,194,105,26256,26064,1709,26572,32949,1,1,1
11680,20928,20543,140,78592,76495,1775,79318,122666,102,1,1
11681,10118,8693,99,72491,71391,2185,72973,94061,50,1,1
11682,5178,3019,126,66933,66317,4550,67400,80242,21,1,1
11683,13531,8027,101,114639,113471,8732,115119,145502,46,1,2
11684,11391,2904,179,56948,56420,1723,57409,73519,18,1,1
11685,7210,368,130,49073,48830,33773,49428,90882,3,1,1
11686,15907,4218,104,22355,21712,39122,22755,82085,25,1,1
11687,26366,9960,179,49004,47826,14490,49595,100507,53,1,1
11688,10009,3260,102,27158,26427,16550,27579,57588,22,1,1
11689,25857,12120,150,29918,28675,8833,30676,77601,50,1,1
11690,27519,11759,141,42624,41251,1769,43213,84525,62,1,1
11691,5325,559,116,42978,42600,2258,43357,51625,1,1,1
11692,42614,32884,143,102098,98940,11526,102989,190120,147,1,2
11693,12356,7411,96,103680,102566,7210,104187,131264,41,1,2
11694,4348,207,115,24995,24762,2136,25320,32113,1,1,1
11695,4548,181,108,27172,26967,1713,27491,34028,1,1,1
11696,19313,14347,131,82900,81250,1753,83515,119034,74,1,1
11697,17473,7740,102,105635,104510,1728,106110,133142,44,1,2
11698,15722,12322,112,80410,78973,3330,81007,112478,67,1,1
11699,15770,11609,156,63223,61802,2284,63838,93777,63,1,1
11700,10387,8426,101,55077,53985,1746,55562,76209,49,1,1
11701,3196,185,88,56825,56632,2681,57118,63270,1,1,1
11702,13191,9372,136,61497,60277,1700,62085,86450,53,1,1
11703,11576,10816,114,108295,106855,6313,108848,137642,58,1,2
11704,4403,202,87,44869,44680,1937,45161,51800,1,1,1
11705,4713,178,113,38343,38139,1793,38681,45452,1,1,1
11706,41494,37424,114,76634,73363,10980,77562,167569,168,1,1
11707,14405,12865,110,88572,87052,1989,89190,118537,70,1,1
11708,4788,195,123,25363,25158,1750,25699,32532,1,1,1
11709,16624,16817,99,68955,67143,3631,69571,106733,87,1,1
11710,8043,3566,100,57000,56403,1734,57387,70819,23,1,1
11711,15487,17380,103,73466,71600,1743,74100,108803,90,1,1
11712,5025,210,166,57052,56815,1924,57448,64873,1,1,1
11713,21064,21657,133,68462,66293,1660,69196,113681,105,1,1
11714,9484,8670,130,56719,55610,1724,57236,77211,49,1,1
11715,41352,38959,110,121307,117797,4989,122286,207689,170,1,2
11716,16946,17046,159,124372,122371,3017,125066,162177,84,1,3
11717,4574,215,132,27234,27011,2283,27570,34744,1,1,1
11718,28577,28377,127,82576,79835,1696,83418,142173,136,1,1
11719,7307,5619,99,58178,57338,3808,58661,75495,34,1,1
11720,18734,16151,104,68581,66864,2548,69193,106719,82,1,1
11721,21834,19374,141,74147,72116,2355,74876,118701,98,1,1
11722,5507,191,89,62119,61899,1695,62414,69893,1,1,1
11723,11700,11714,101,71628,70237,1736,72170,97407,65,1,1
11724,4421,373,150,63524,63249,1984,63909,70798,3,1,1
11725,23028,23666,137,60153,57848,2288,60928,110166,114,1,1
11726,13583,13399,101,44626,43133,2362,45187,74624,70,1,1
11727,4134,187,98,35665,35441,2031,35977,42418,1,1,1
11728,42560,37755,140,129175,125709,7169,130193,217946,167,1,2
11729,12964,9299,108,86815,85584,6179,87332,115871,51,1,2
11730,5207,205,100,29470,29236,1829,29796,37132,1,1,1
11731,4381,198,84,18010,17830,1788,18287,24741,1,1,1
11732,4562,170,114,26537,26326,2583,26859,34276,1,1,1
11733,4936,179,127,26178,25936,1703,26529,33441,1,1,1
11734,18088,17461,99,76278,74453,2774,76906,115316,88,1,1
11735,4368,2227,146,47077,46580,3627,47498,57814,16,1,1
11736,15000,13648,149,66264,64769,2499,66891,98142,70,1,1
11737,22671,24834,141,68890,66437,1793,69685,119254,120,1,1
11738,11325,11577,110,59006,57639,2588,59565,85147,64,1,1
11739,4162,313,142,59188,58927,1760,59571,65909,2,1,1
11740,4034,193,116,57951,57743,2326,58277,64932,1,1,1
11741,17371,17628,115,54515,52642,1769,55170,92041,90,1,1
11742,13231,13084,104,41700,40212,1797,42267,70473,69,1,1
11743,5863,179,119,47367,47159,1959,47705,55806,1,1,1
11744,4140,184,111,36448,36256,2158,36774,43343,1,1,1
11745,43198,34050,173,101483,98250,5856,102437,185797,155,1,2
11746,7814,2607,103,58163,57664,15731,58531,84778,17,1,1
11747,4202,180,108,20287,20082,1760,20611,26850,1,1,1
11748,4584,182,116,24718,24511,1691,25046,31604,1,1,1
11749,20332,16430,108,80661,78889,1718,81296,119877,84,1,1
11750,13226,11399,6525,128455,126982,4855,135438,165024,61,1,2
11751,13439,11049,100,84161,82847,2199,84684,111457,61,1,1
11752,21402,23464,142,67639,65306,1996,68416,115535,115,1,1
11753,9534,7877,96,73201,72111,3017,73728,94257,47,1,1
11754,8514,231,124,59306,59067,1828,59658,70335,1,1,1
11755,14818,11922,126,41942,40560,2315,42523,71683,63,1,1
11756,15710,15395,102,101516,99686,6014,102113,139327,79,1,2
11757,4507,196,99,39593,39398,1823,39895,46509,1,1,1
11758,5236,164,110,49668,49368,2347,50050,57916,1,1,1
11759,46320,31720,192,110050,106352,28043,111260,217644,131,1,1
11760,15921,14652,121,111029,109249,2040,111810,144563,67,1,1
11761,26311,24219,182,150222,147578,2255,151508,204599,90,1,1
11762,14088,12087,217,138220,136595,2425,139203,168117,51,1,1
11763,6354,336,150,115438,115122,2268,115871,124975,1,1,1
11764,5564,241,139,112526,112235,2202,112938,121083,1,1,1
11765,52740,17334,173,84974,81474,34001,86217,190650,68,1,1
11766,33375,8631,323,64195,62771,11539,65439,119429,30,1,1
11767,11663,4275,132,47876,47086,17187,48457,81908,23,1,1
11768,28054,13804,162,79992,77209,10360,80935,133584,59,1,1
11769,24547,9892,332,78150,76636,2416,79203,116279,42,1,1
11770,5920,803,172,67624,67116,2305,68140,77469,4,1,1
11771,57301,46919,215,201286,196056,11319,203313,319208,159,1,2
11772,21937,12472,475,154905,153158,11606,156309,202777,40,1,2
11773,5691,362,185,43239,42943,2278,43871,52741,1,1,1
11774,5396,196,156,42395,42124,2152,42850,50913,1,1,1
11775,40345,34030,132,127504,123839,2421,128904,206019,136,1,1
11776,18947,17453,313,118645,116287,3327,119989,160074,76,1,1
11777,26638,25487,166,108995,106193,2335,110249,165010,95,1,1
11778,19334,8118,169,88372,87284,3829,89055,120612,39,1,1
11779,11491,9542,226,93632,92211,2633,94597,118461,41,1,1
11780,20846,11193,168,94660,93379,5866,95467,133708,47,1,1
11781,23447,24016,358,106996,102573,2815,109294,160032,97,1,1
11782,15535,32366,288,91883,89716,2415,93074,143717,52,1,1
11783,6064,640,175,77397,77012,2344,77986,87333,2,1,1
11784,49589,37754,218,126096,122343,8847,127190,223650,167,1,2
11785,11368,7030,107,84343,83302,7229,84825,110543,39,1,2
11786,6301,193,88,27212,26999,1763,27509,35872,1,1,1
11787,4224,184,88,30993,30760,2294,31400,38212,1,1,1
11788,5545,175,123,26233,26015,1905,26576,34465,1,1,1
11789,15264,13123,105,72843,71261,3663,73404,105553,69,1,1
11790,9577,4340,98,77642,76954,1847,78065,93926,27,1,1
11791,18376,19294,115,79976,77945,2412,80658,120835,97,1,1
11792,18559,19203,144,87230,85176,1759,88007,127630,98,1,1
11793,10368,9216,107,57763,56590,1717,58275,79676,53,1,1
11794,5674,232,109,63391,63141,1717,63725,71434,1,1,1
11795,4314,200,95,54484,54291,1820,54782,61204,1,1,1
11796,19436,18071,136,62057,60158,1738,62829,102180,90,1,1
11797,10726,8461,103,41769,40658,1838,42265,63391,48,1,1
11798,4620,173,112,39376,39153,2077,39709,46662,1,1,1
11799,4190,203,108,38177,37989,1748,38491,44728,1,1,1
11800,40729,36179,129,98370,95023,2467,99301,178774,163,1,2
11801,6244,3423,94,59047,58438,8558,59436,77749,22,1,1
11802,4812,216,201,20722,20450,1715,21169,28040,1,1,1
11803,27876,30252,134,86268,83426,2085,87132,147452,143,1,1
11804,12131,11843,125,78272,76877,2248,78838,105160,65,1,1
11805,6193,1617,92,65703,65285,1689,66059,75643,13,1,1
11806,24481,26903,201,66583,63996,1813,67466,120763,129,1,1
11807,14071,14875,101,57927,56273,1925,58517,89486,79,1,1
11808,9661,222,127,58199,57950,2259,58545,70790,1,1,1
11809,16184,14221,144,43353,41757,1762,43996,76271,75,1,1
11810,14178,13189,97,107184,105561,5240,107821,140528,68,1,2
11811,4067,195,91,23686,23490,2185,23981,30517,1,1,1
11812,25197,23624,146,82558,80115,1756,83337,134021,116,1,1
11813,9226,6880,99,63948,63009,2824,64408,83430,41,1,1
11814,13652,13104,100,71091,69615,2070,71638,100557,68,1,1
11815,25652,24968,222,81743,79277,1516,82628,135028,120,1,1
11816,10527,9677,112,68355,67150,2167,68868,91332,55,1,1
11817,8290,3441,99,63072,62478,1693,63464,76982,22,1,1
11818,6018,190,97,58317,58119,1593,58614,66504,1,1,1
11819,20694,20974,178,60021,57897,2473,60809,105224,104,1,1
11820,11100,10542,94,49377,48087,2654,49883,74268,58,1,1
11821,5389,194,119,36681,36453,1708,37017,44414,1,1,1
11822,41792,35606,129,114202,110863,5001,115130,197638,161,1,2
11823,12182,10072,105,108708,107358,6843,109314,138522,54,1,2
11824,1404,191,100,26971,26777,925,27271,29877,1,1,1
11825,7352,333,92,26628,26346,1769,26929,36478,2,1,2
11826,4253,169,117,26003,25806,1716,26323,32555,1,1,1
11827,13464,11591,126,88019,86555,1709,88587,115453,62,1,2
11828,18488,12339,110,69692,68326,2882,70233,104039,63,1,1
11829,9503,7210,100,69907,68924,1730,70367,88899,43,1,1
11830,8398,5484,196,60982,60157,5299,61530,80809,33,1,1
11831,5801,356,95,56008,55774,1697,56323,64268,3,1,1
11832,13765,14511,109,62568,60915,1756,63161,93282,77,1,1
11833,4701,186,106,59026,58811,1693,59379,66048,1,1,1
11834,25143,28719,229,102479,99383,3297,103871,161353,112,1,1
11835,17502,18728,186,75570,73508,2071,76782,115590,71,1,1
11836,5946,240,160,59719,59404,2124,60175,68890,1,1,1
11837,57420,50999,264,161696,157041,5446,163368,277528,168,1,2
11838,18230,15100,219,138990,136630,7973,139969,181633,65,1,2
11839,4876,274,128,36997,36725,2265,37502,45050,1,1,1
11840,4594,242,126,21650,21426,1867,22017,28979,1,1,1
11841,22804,22001,138,82547,80196,2434,83285,130626,108,1,1
11842,10182,8809,101,79059,77915,1696,79549,100328,51,1,1
11843,4560,1417,152,52274,51898,35869,52691,94647,7,1,1
11844,20370,3177,106,36067,35472,29397,36454,89493,21,1,1
11845,33031,18167,106,52390,50554,21519,53020,125824,90,1,1
11846,6839,418,143,58827,58546,1774,59209,68327,3,1,1
11847,10554,2691,95,34554,34005,15032,34922,63289,18,1,1
11848,27403,28074,161,53292,51705,9224,53955,118754,75,1,1
11849,23905,15353,111,53203,51595,3554,53788,96690,76,1,1
11850,6808,226,115,58993,58777,1722,59335,68182,1,1,1
11851,17220,16037,129,46329,44604,1843,46971,82176,82,1,1
11852,10730,9578,108,39230,38079,1786,39729,61913,52,1,1
11853,5418,221,116,37661,37462,2352,37991,46070,1,1,1
11854,17049,1008,177,100728,100220,1747,101164,121068,8,1,2
11855,7354,5355,112,63370,62522,6171,63805,82777,33,1,1
11856,4283,196,109,24528,24320,1771,24867,31207,1,1,1
11857,9160,6175,116,55254,54352,1732,55727,72891,37,1,1
11858,12837,7305,101,102380,101255,25103,102852,148195,43,1,2
11859,13596,12967,152,70813,69310,1734,71444,99837,70,1,1
11860,19326,19128,142,63931,61982,2634,64652,105837,95,1,1
11861,11163,10809,100,56471,55192,1695,57002,80764,58,1,1
11862,42215,39283,166,113933,110374,4389,114959,201141,174,1,2
11863,12114,11576,109,91744,90294,6455,92299,122541,62,1,2
11864,5543,230,131,35962,35672,2524,36482,45112,1,1,1
11865,21249,16109,283,123882,121885,2121,125021,164662,62,1,1
11866,10883,9247,189,63135,61924,2097,63778,86094,50,1,1
11867,12378,12392,101,63336,61901,2350,63924,91133,66,1,1
11868,21058,21369,142,70964,68756,1875,71711,116270,104,1,1
11869,15339,6456,103,60922,60058,1758,61366,85016,37,1,1
11870,12317,12050,167,69673,68237,1778,70306,96555,65,1,1
11871,4488,189,103,56434,56181,2356,56760,63889,1,1,1
11872,23170,24815,128,64869,62449,1767,65644,115499,121,1,1
11873,12933,12887,102,59300,57821,2772,59864,88558,68,1,1
11874,4308,374,148,45264,45018,1936,45653,52357,3,1,1
11875,42904,40049,136,109562,105974,4726,110579,198514,176,1,2
11876,13693,8471,116,96826,95627,6252,97326,125842,46,1,2
11877,4803,368,109,52909,52565,1732,53243,60233,2,1,2
11878,31151,33153,113,98045,94891,1729,98978,165117,157,1,1
11879,4839,3139,92,45214,44630,3422,45589,57082,21,1,1
11880,13010,13561,104,65117,63618,1736,65682,94080,72,1,1
11881,27907,22647,170,97105,94659,2155,97933,150931,105,1,1
11882,30471,19320,255,110475,108292,2378,111594,163920,79,1,1
11883,6607,388,184,110346,110014,2562,110874,120563,1,1,1
11884,5641,261,109,105432,105124,2066,105870,114171,1,1,1
11885,23897,23211,153,83458,81019,2091,84647,134177,93,1,1
11886,7023,2600,124,133537,132715,2303,134147,146431,13,1,2
11887,12777,3500,157,67104,66349,2473,67760,86655,17,1,1
11888,55125,44484,168,164702,160254,7003,166412,273344,155,1,2
11889,17290,8205,134,123766,122394,8167,124466,158412,40,1,2
11890,5803,293,128,46205,45953,2175,46648,55220,1,1,1
11891,5515,287,144,34279,33998,1987,34726,42814,1,1,1
11892,5227,199,162,23491,23238,2819,23936,32491,1,1,1
11893,5845,2381,124,66608,65988,8103,67140,83787,14,1,1
11894,17173,14371,136,98485,96633,8925,99406,140230,66,1,1
11895,13957,12217,135,77996,76482,5720,78638,110823,57,1,1
11896,18622,17469,132,95537,93750,3020,96430,135887,74,1,1
11897,27253,26950,261,102760,99469,2419,104143,161092,115,1,1
11898,12476,10459,210,84104,82630,2156,84977,110418,51,1,1
11899,5724,372,173,90877,90589,2121,91339,99858,1,1,1
11900,7565,241,149,104334,103986,3401,104823,116352,1,1,1
11901,8071,5002,142,59163,58251,4963,59762,78104,26,1,1
11902,13076,12571,233,55231,53782,2043,56069,84102,53,1,1
11903,5227,213,142,54511,54261,2176,54895,62824,1,1,1
11904,52895,35776,197,112445,109053,29951,113954,232924,133,1,1
11905,17189,15887,112,127832,126066,2073,128748,164418,70,1,1
11906,4962,339,170,40267,39960,2210,40772,48419,1,1,1
11907,26442,24089,155,124718,122185,2230,125900,178976,98,1,1
11908,12076,10163,145,112917,111537,3154,113685,139398,48,1,1
11909,5674,287,223,98136,97854,2157,98721,107145,1,1,1
11910,29577,29814,181,102199,99139,2149,103472,165324,117,1,1
11911,15745,15412,163,80519,78741,2079,81413,114984,65,1,1
11912,64786,50912,289,174170,169520,5569,176045,297489,179,1,2
11913,20776,18139,149,148755,146608,5393,149745,194367,75,1,2
11914,5454,454,136,37112,36804,2309,37545,46066,1,1,1
11915,2177,818,103,61037,60667,2237,61404,66942,5,1,1
11916,51244,59691,218,117097,112993,3479,118613,233362,165,1,1
11917,12223,10973,146,108969,107568,2316,109667,135502,50,1,1
11918,54463,30556,236,131716,128745,15421,133053,233859,112,1,1
11919,41539,14612,216,132475,130633,4431,133413,194145,58,1,1
11920,8396,1637,164,47338,46793,17336,47836,75513,10,1,1
11921,39949,28846,146,135618,132654,9859,136902,215874,105,1,1
11922,6439,325,165,108558,108217,2586,109027,118678,1,1,1
11923,26098,39349,212,108614,105733,3966,109888,179449,99,1,1
11924,19301,20512,170,95254,92982,2213,96413,138596,80,1,1
11925,57407,56918,191,156680,150912,6727,158904,280396,189,1,2
11926,21772,36908,226,155472,150724,8011,156698,223776,87,1,2
11927,2044,337,220,43417,42943,1581,43995,48292,1,1,1
11928,5538,244,143,801,546,2603,1196,9913,1,1,1
11929,5530,209,145,42927,42658,2268,43327,51631,1,1,1
11930,25574,21220,165,134546,131989,2140,135779,185023,82,1,1
11931,15102,12661,372,139556,137578,2377,140881,171461,48,1,1
11932,30118,32234,253,122864,119716,2379,124529,189555,126,1,1
11933,18271,16100,144,97060,95221,2329,98024,135034,67,1,1
11934,8134,331,195,110274,109960,2127,110870,121808,1,1,1
11935,5533,275,184,89908,89566,1960,90409,98488,1,1,1
11936,24074,27923,345,83424,80771,2263,84863,139544,99,1,1
11937,18471,17397,314,85215,82889,2260,86569,125053,68,1,1
11938,6011,443,210,65683,65146,2240,66301,75326,1,1,1
11939,5096,277,170,58969,58672,15037,59425,80146,1,1,1
11940,52978,46308,199,149076,144917,5886,150703,256204,167,1,2
11941,16935,11236,153,128548,126803,5350,129395,163239,53,1,2
11942,5351,490,154,33347,33047,2025,33846,42013,2,1,1
11943,5395,259,151,33142,32884,1908,33570,41442,1,1,1
11944,31921,30202,146,135212,132208,2056,136464,200975,123,1,1
11945,11540,9557,220,101395,100043,2248,102187,125829,45,1,1
11946,19451,9940,127,101610,100322,8993,102393,141063,44,1,1
11947,25920,27978,221,97255,94029,2259,98528,155046,108,1,1
11948,15027,15155,227,91180,89282,2166,92225,124902,65,1,1
11949,11130,1540,184,88436,87977,3510,88928,105416,9,1,1
11950,18478,16132,227,66636,64823,2149,67557,104647,68,1,1
11951,18345,19089,158,182977,166804,7224,184101,229062,80,1,2
11952,5393,329,224,59953,59663,2125,60465,68642,1,1,1
11953,4811,227,160,55607,55312,3088,56031,64436,1,1,1
11954,53540,32860,214,110505,107363,33334,112066,232110,125,1,1
11955,13692,10079,211,112615,111220,2252,113376,139731,46,1,1
11956,5499,369,187,41633,41282,2166,42163,50611,1,1,1
11957,19328,17534,137,90190,88431,4692,91039,133092,72,1,1
11958,11318,6698,160,98019,96918,2142,98697,119209,33,1,1
11959,15947,15545,189,109985,108028,2168,110951,144957,69,1,1
11960,5675,341,186,105370,104982,2220,106023,114554,1,1,1
11961,29364,31568,207,93904,91042,3016,95412,159679,119,1,1
11962,16214,15737,152,81813,79929,2338,82670,117250,69,1,1
11963,54542,52891,308,182301,177645,5560,184216,297565,185,1,2
11964,20745,19903,173,139498,137191,6656,140476,188094,81,1,2
11965,9319,390,144,51953,51702,1973,52430,64256,1,1,1
11966,5897,213,127,34364,34130,2110,34755,43307,1,1,1
11967,29667,22788,171,115408,112957,2063,116474,171329,94,1,1
11968,13756,12461,240,113415,111866,3230,114263,144038,54,1,1
11969,20290,19137,196,95758,93474,2073,96823,138681,81,1,1
11970,20871,9913,121,91135,89928,1786,91818,124666,43,1,1
11971,11327,8913,129,111512,110170,2075,112273,134885,44,1,1
11972,7420,557,210,92963,92589,3596,93498,105397,2,1,1
11973,27432,35226,227,91947,89194,2019,93280,158290,115,1,1
11974,17553,17236,175,67714,65720,2277,68674,106057,75,1,1
11975,5722,759,128,56021,55642,2187,56447,65437,4,1,1
11976,53972,49272,278,164868,160526,4883,166701,275172,174,1,2
11977,18491,11792,162,131719,130029,6533,132558,169662,51,1,2
11978,5594,343,237,37302,36990,2567,37806,46579,1,1,1
11979,5919,476,130,25566,25266,3179,25958,35800,3,1,1
11980,5149,237,156,34342,34047,1968,34761,42439,1,1,1
11981,5433,227,131,37037,36785,2078,37431,45470,1,1,1
11982,9668,5339,134,78355,77447,5049,78963,99333,27,1,1
11983,15330,11480,154,97427,95993,2964,98246,128340,50,1,1
11984,15709,15193,159,117358,115602,1935,118237,151400,67,1,1
11985,27697,26943,273,104231,101482,2267,105568,162779,106,1,1
11986,18547,19157,196,91923,89844,2306,92974,133282,80,1,1
11987,5444,379,175,88539,88244,2985,89003,98102,1,1,1
11988,5161,294,145,85505,85205,2008,85976,93599,1,1,1
11989,28506,27095,186,81658,78882,2277,82880,141120,110,1,1
11990,13355,11356,199,65451,64052,2327,66250,93640,52,1,1
11991,7567,282,139,62824,62536,2876,63275,74322,1,1,1
11992,5093,192,112,53282,53038,1957,53641,61216,1,1,1
11993,54160,23257,204,175785,173192,32330,176897,286960,91,1,2
11994,12785,8241,160,94279,93174,18345,94977,134652,39,1,1
11995,5678,344,227,32490,32165,2181,33048,41385,1,1,1
11996,10983,254,338,35736,35490,1977,36446,49950,1,1,1
11997,30689,33184,182,134183,130937,2220,135478,201931,126,1,1
11998,15154,13839,180,121188,119213,2171,122099,153602,64,1,1
11999,20369,20071,284,98620,96322,2192,99780,142764,79,1,1
12000,19240,16998,156,176785,174562,2121,177767,216452,72,1,2
12001,8404,622,214,96152,95808,2107,96652,108076,3,1,1
12002,18301,29088,271,70593,68555,3192,71648,122538,66,1,1
12003,21042,17160,132,151966,149891,7293,152930,198708,71,1,2
12004,5565,246,158,49645,49321,2392,50077,58617,1,1,1
12005,5637,216,170,60721,60433,2134,61143,69446,1,1,1
12006,52045,35757,185,111280,107920,29310,112794,230207,133,1,1
12007,17745,17368,279,124933,121687,2864,126324,164683,67,1,1
12008,31151,40773,297,140935,137817,2267,142452,216964,121,1,1
12009,13629,12069,230,115386,113797,2984,116271,145269,56,1,1
12010,7092,355,198,101410,101082,2187,101895,111837,1,1,1
12011,5500,233,128,95146,94821,1953,95531,103517,1,1,1
12012,22433,23238,190,93068,90403,2099,94199,142286,98,1,1
12013,17530,17155,134,73081,71125,2087,74007,111124,75,1,1
12014,5024,814,168,55956,55586,2038,56439,64613,5,1,1
12015,53015,47701,174,160058,155635,5253,161675,267987,176,1,2
12016,17430,16081,221,132530,130545,6928,133480,174278,71,1,2
12017,5320,354,232,37364,37047,1970,37877,45810,1,1,1
12018,5149,201,150,49978,49679,2056,50413,58121,1,1,1
12019,26588,26662,162,128946,126116,2123,130025,185692,105,1,1
12020,14662,9968,150,113091,111481,1969,113882,140767,46,1,1
12021,26569,27368,231,102386,99695,2090,103656,160005,104,1,1
12022,20081,7338,189,99560,98507,3058,100247,131033,35,1,1
12023,10767,8872,143,100048,98619,2221,100790,123281,44,1,1
12024,8200,346,127,86058,85788,2039,86502,97396,1,1,1
12025,28375,28944,182,105624,102901,2094,107006,166744,107,1,1
12026,7137,1832,168,121836,121078,2344,122392,134005,10,1,2
12027,12351,6671,176,82625,81670,5134,83302,107750,31,1,1
12028,6405,3300,172,142543,141675,14194,143154,167379,17,1,2
12029,22006,14622,166,132511,130590,6367,133462,176761,61,1,2
12030,7196,394,241,37090,36814,2156,37650,47516,1,1,1
12031,5375,227,158,25688,25407,3104,26120,34997,1,1,1
12032,5505,226,191,36222,35910,2148,36705,44899,1,1,1
12033,16075,11349,141,74800,73340,4446,75518,107528,49,1,1
12034,21392,13259,217,94516,92902,8130,95460,138542,56,1,1
12035,19041,18458,189,113672,111618,2972,114627,155397,76,1,1
12036,24425,24831,311,112721,110006,2234,114112,165942,103,1,1
12037,10105,8867,189,85096,83893,2507,85845,107654,42,1,1
12038,7076,339,276,101421,101146,2289,102001,111859,1,1,1
12039,6323,213,145,107594,107293,3320,108030,118193,1,1,1
12040,26560,27439,203,81819,78915,2201,83040,139584,97,1,1
12041,16928,14063,158,59195,57546,2124,60034,93450,59,1,1
12042,5224,289,175,57792,57494,2269,58262,66333,1,1,1
12043,5120,246,169,61896,61559,3556,62359,71589,1,1,1
12044,52333,43647,200,172288,167913,6840,173877,277054,157,1,2
12045,12571,7108,189,96554,95515,10863,97283,128169,34,1,1
12046,5136,320,176,27305,27044,2163,27791,35726,1,1,1
12047,27256,27162,129,167236,164165,2076,168427,225240,107,1,2
12048,12985,12476,181,143271,141452,2329,144243,172357,56,1,1
12049,30080,34433,226,104811,101239,2220,106356,173397,125,1,1
12050,20805,20497,156,98567,96169,4161,99587,145343,84,1,1
12051,11450,324,204,95825,95477,2066,96343,110502,1,1,1
12052,18278,16478,209,68909,66939,2258,69930,107248,68,1,1
12053,21681,21400,148,154927,152430,6200,155989,205632,83,1,2
12054,35442,33086,247,309598,305613,1962,311137,381968,129,1,1
12055,18584,16424,173,133418,131548,3248,134454,173029,68,1,1
12056,27870,25736,185,115559,112727,2243,116824,173020,98,1,1
12057,7100,250,146,103147,102867,1999,103616,113241,1,1,1
12058,15204,13397,194,101645,99937,2195,102593,133678,57,1,1
12059,19807,9793,138,100699,99312,2100,101410,133388,43,1,1
12060,28057,26866,176,94096,91247,2592,95193,153046,105,1,1
12061,25048,26281,283,99180,96295,2194,100538,154368,102,1,1
12062,56634,45660,165,151129,146534,8606,152901,264101,165,1,2
12063,10144,4382,174,38854,38140,2154,39423,56425,22,1,1
12064,14345,8361,140,103818,102474,12725,104498,140239,41,1,1
12065,12111,2914,242,45359,44641,3226,46032,64562,16,1,1
12066,6472,228,112,38242,37981,1960,38613,47553,1,1,1
12067,5762,228,121,35067,34758,2013,35433,43701,1,1,1
12068,5322,416,120,37680,37360,2124,38077,46284,2,1,1
12069,5188,228,148,37587,37308,3060,37985,46776,1,1,1
12070,31811,31085,129,133014,129733,2784,134261,200293,119,1,1
12071,10082,7573,142,117287,116172,2759,117974,138687,37,1,1
12072,23462,23217,294,112613,109982,2194,113994,163196,93,1,1
12073,25550,8295,193,101758,100479,3181,102380,139666,36,1,1
12074,16225,15440,225,106063,104092,2032,107108,141094,67,1,1
12075,6220,461,198,97321,97020,2100,97835,106898,2,1,1
12076,28564,29941,159,92820,89748,2158,94087,155071,111,1,1
12077,18059,16016,209,73642,71764,3087,74690,112132,67,1,1
12078,5684,259,180,59681,59381,2093,60177,68517,1,1,1
12079,55986,52227,167,183354,178451,7646,185430,301598,180,1,2
12080,18103,11597,156,174755,173032,6593,175615,212216,49,1,3
12081,5439,237,119,26165,25864,2212,26578,34760,1,1,1
12082,25343,23983,161,127161,124477,2191,128277,180105,97,1,1
12083,15927,13788,193,129066,127433,2222,129902,162121,58,1,1
12084,26680,25368,260,108687,105675,2027,109964,164384,101,1,1
12085,11830,11400,150,91944,90516,1908,92777,118221,49,1,1
12086,5605,427,199,97871,97517,2038,98373,106739,2,1,1
12087,10136,310,170,96540,96224,2238,97027,110033,1,1,1
12088,22717,21043,188,76185,73688,2185,77373,123642,87,1,1
12089,11555,9141,123,56375,55104,2019,57016,80035,41,1,1
12090,5745,248,153,64124,63827,2157,64557,73000,1,1,1
12091,5674,252,190,61541,61241,2235,62040,70498,1,1,1
12092,20194,15648,120,116991,114867,15138,117885,169172,67,1,1
12093,13353,7140,149,102570,101457,15780,103242,139812,34,1,1
12094,2427,197,152,31700,31411,2934,32106,37964,1,1,1
12095,5473,226,148,27269,26931,2279,27717,36002,1,1,1
12096,28406,29287,155,137752,134579,3866,139085,200985,110,1,1
12097,11624,5019,180,111037,110161,2055,111714,130718,24,1,1
12098,20243,21323,140,145671,143076,2832,146611,191299,84,1,1
12099,1436,224,124,108814,108508,1447,109211,112613,1,1,1
12100,5040,196,130,730,498,7157,1083,13793,1,1,1
12101,27054,27263,123,116914,114031,2299,118156,175068,104,1,1
12102,15020,13139,117,89703,87899,2058,90555,121147,59,1,1
12103,52504,51760,169,179873,174808,5408,181616,291615,184,1,2
12104,18911,14551,147,160280,158555,8005,161224,203014,61,1,2
12105,5767,316,129,42194,41847,2180,42604,51160,1,1,1
12106,33826,28422,166,143279,140362,2033,144507,209095,108,1,1
12107,13309,10809,200,90604,89046,6253,91407,122087,50,1,1
12108,21787,21189,204,126834,124421,2093,127896,173276,87,1,1
12109,28845,30060,191,120182,117425,2458,121478,183188,107,1,1
12110,8378,530,267,91961,91629,2408,92599,104191,3,1,1
12111,15132,14575,161,106072,104261,3014,107137,140191,65,1,1
12112,5724,371,244,97708,97363,2153,98257,106837,1,1,1
12113,26842,28844,146,102022,99272,2102,103354,161440,107,1,1
12114,20950,22055,222,85586,83356,2827,86697,132820,84,1,1
12115,56363,52573,199,187055,181622,4097,188840,302183,188,1,2
12116,19450,13237,150,148858,147196,6933,149645,189592,56,1,2
12117,5786,1114,122,76900,76339,2135,77424,86753,6,1,2
12118,31838,30049,171,133918,131033,2086,135193,199483,116,1,1
12119,15400,14006,185,134732,132862,2124,135713,167555,62,1,1
12120,21194,26471,201,117787,115609,2513,118885,169396,80,1,1
12121,14726,15186,199,105860,104049,2249,106788,139247,63,1,1
12122,5685,291,216,101244,100919,2232,101759,110277,1,1,1
12123,5519,186,132,101116,100843,2039,101516,109532,1,1,1
12124,24580,24060,174,85776,83218,2173,86863,138014,94,1,1
12125,15448,12405,124,66009,64395,2124,66872,97163,55,1,1
12126,6955,259,188,80212,79893,2261,80729,90544,1,1,1
12127,5242,178,124,56762,56498,2016,57150,64884,1,1,1
12128,54079,48154,136,165607,161189,5094,167174,274993,171,1,2
12129,13467,6032,211,128694,127652,10921,129381,160086,28,1,2
12130,5941,356,166,36877,36551,2205,37368,46190,1,1,1
12131,5252,205,148,25148,24864,2097,25571,33414,1,1,1
12132,25881,22495,148,116722,114310,2023,118005,168735,86,1,1
12133,17527,11053,157,101206,99630,1956,101909,132781,50,1,1
12134,12493,10906,174,93522,92065,2094,94263,120054,49,1,1
12135,21667,14852,146,105679,103740,6766,106563,150147,62,1,1
12136,29208,44732,239,104730,101366,2182,106261,182683,123,1,1
12137,20878,6229,258,166229,164934,1926,166994,196336,30,1,2
12138,23160,13019,151,77165,75512,7436,77895,121801,56,1,1
12139,9865,299,158,92146,91843,2073,92619,105163,1,1,1
12140,57693,14482,231,102818,101143,35278,103868,211623,60,1,1
12141,14918,3799,152,36231,35580,15763,36790,71595,18,1,1
12142,27499,8828,152,35421,34313,10236,36123,83008,39,1,1
12143,34912,13396,122,49347,47723,2569,50138,101332,58,1,1
12144,6102,217,149,60857,60580,3360,61279,71492,1,1,1
12145,55301,51332,150,125057,120085,13270,126658,246892,178,1,1
12146,22731,20494,203,122953,120543,2625,123997,170159,84,1,1
12147,6167,493,157,38224,37887,2901,38694,48546,2,1,1
12148,25318,24014,178,76250,73682,2362,77081,128879,115,1,1
12149,7978,3439,96,57101,56477,1653,57482,70639,22,1,1
12150,15593,13258,164,83631,82106,1713,84274,115113,71,1,1
12151,4542,240,111,61840,61604,1729,62176,68799,1,1,1
12152,22779,26325,117,63472,60966,2576,64251,116041,124,1,1
12153,6772,4044,93,53855,53203,3137,54250,68296,26,1,1
12154,1736,1042,194,47167,46757,1085,47683,51666,7,1,1
12155,41962,37529,100,76723,73375,15192,77621,172391,165,1,2
12156,16416,24100,110,106699,104868,5509,107320,153438,81,1,2
12157,5349,228,126,44689,44431,2104,45045,52821,1,1,1
12158,4225,197,98,26503,26309,1729,26799,33039,1,1,1
12159,5680,182,130,29784,29533,1712,30151,37987,1,1,1
12160,19430,29286,210,62270,60392,1752,63034,113605,87,1,1
12161,13259,12246,102,70968,69558,1670,71510,98783,66,1,1
12162,11438,10264,103,85723,84368,1772,86247,109826,57,1,1
12163,16699,13090,132,71807,70312,6481,72423,108795,67,1,1
12164,23757,24229,141,80139,77717,1777,80922,130947,114,1,1
12165,15025,2963,198,66932,66387,1683,67427,87194,19,1,1
12166,10202,8376,105,64315,63236,1695,64801,85168,48,1,1
12167,5343,215,112,55424,55209,1683,55750,63089,1,1,1
12168,4097,2572,92,36874,36318,5914,37239,49921,18,1,1
12169,9004,4589,95,40976,40236,1689,41376,56748,28,1,1
12170,15742,17177,188,57847,56054,1767,58568,93356,86,1,1
12171,10608,8310,125,90463,89254,11356,90974,121346,46,1,2
12172,13554,11717,108,93452,91989,7174,94005,126551,61,1,2
12173,2903,185,94,24455,24244,2280,24752,30207,1,1,1
12174,4603,196,114,26084,25834,1751,26410,33056,1,1,1
12175,23348,22099,215,81018,78721,1747,81871,129175,112,1,1
12176,7694,6200,91,48330,47442,2676,48761,65421,38,1,1
12177,37573,29911,228,107082,104296,7299,108281,183418,115,1,1
12178,25166,27277,184,123088,119977,2215,124390,179377,110,1,1
12179,17673,19002,139,93167,91305,2096,94056,133123,81,1,1
12180,8260,296,149,90615,90354,2005,91056,101921,1,1,1
12181,4968,172,136,76492,76240,2079,76934,84448,1,1,1
12182,26526,25020,212,84192,81437,2110,85407,139386,106,1,1
12183,16165,13355,149,61502,59938,1980,62373,94204,60,1,1
12184,4991,366,148,55429,55147,2010,55862,63527,1,1,1
12185,5178,179,133,52403,52142,1994,52844,60493,1,1,1
12186,51805,44567,180,141739,137587,7104,143414,247230,168,1,2
12187,9047,5143,146,106838,105779,10739,107613,132861,27,1,1
12188,7914,344,168,31043,30722,2352,31490,42394,1,1,1
12189,5605,432,140,30078,29810,2056,30467,38864,2,1,1
12190,5274,211,145,32112,31827,2860,32517,41145,1,1,1
12191,27805,27474,204,128055,125173,2093,129349,187072,114,1,1
12192,10763,5121,160,102393,101406,2314,102977,121495,27,1,1
12193,17178,16207,115,144072,141969,2150,145038,180864,71,1,1
12194,27284,28206,296,104794,101690,3656,106311,165770,112,1,1
12195,18522,17289,219,87562,85529,2927,88507,127550,77,1,1
12196,8224,431,101,100602,100283,2169,100991,112184,1,1,1
12197,18605,17806,188,70997,68511,2150,71974,110883,80,1,1
12198,18474,17309,130,160642,158266,5808,161519,203424,78,1,2
12199,5510,604,298,61406,61025,2373,62025,70840,1,1,1
12200,57163,37137,314,133120,129586,34234,134953,263850,134,1,1
12201,17024,15226,205,130122,128069,2390,131105,166057,62,1,1
12202,5419,494,297,45813,45400,2320,46397,54960,1,1,1
12203,7138,3352,109,81968,81197,6402,82451,99644,20,1,1
12204,14079,9039,130,66019,64877,1829,66567,91621,49,1,1
12205,14574,11144,179,71129,69665,1788,71759,99540,57,1,1
12206,10373,5954,129,61431,60601,1732,61975,80139,33,1,1
12207,24133,25496,145,65802,63228,1798,66612,118293,122,1,1
12208,13634,13731,105,54971,53393,2365,55535,85363,72,1,1
12209,42513,40103,144,104308,100563,5200,105324,193405,178,1,2
12210,11616,9939,118,84926,83606,4913,85449,112018,53,1,2
12211,6391,380,109,25300,25057,1761,25632,34260,2,1,1
12212,4363,348,89,21549,21304,1733,21878,28409,3,1,1
12213,30615,27095,139,93723,91091,1730,94611,154312,131,1,1
12214,10067,7418,102,66427,65450,3265,66883,87894,43,1,1
12215,12709,13349,121,87095,85717,1698,87793,115649,64,1,1
12216,21089,18231,150,74263,72373,1750,74964,116138,90,1,1
12217,18311,6451,146,59547,58690,2601,60036,87494,36,1,1
12218,9635,7913,103,55796,54758,1752,56289,75679,46,1,1
12219,9195,1356,95,61726,61321,6247,62060,78947,10,1,1
12220,42520,36348,142,230958,227046,34041,231951,345141,160,1,1
12221,60553,32149,157,81019,77972,10732,82345,186103,109,1,1
12222,28774,11112,163,77256,75845,3708,78067,121951,46,1,1
12223,6646,1114,153,64094,63632,2140,64574,75045,7,1,1
12224,60472,32858,157,162864,159529,17440,164180,275255,112,1,2
12225,23111,15151,227,153644,151764,11232,154623,204429,58,1,2
12226,6613,497,161,39423,39056,2556,39908,49878,3,1,1
12227,5211,331,150,26793,26485,1910,27226,34963,2,1,1
12228,5315,243,172,37341,37030,2085,37831,45773,1,1,1
12229,5873,202,145,42029,41730,2029,42449,50855,1,1,1
12230,24568,22026,154,136875,134409,2487,138066,187449,85,1,1
12231,14247,11722,144,140645,139075,2109,141467,169852,51,1,1
12232,25542,25001,174,113321,110769,2221,114586,167663,90,1,1
12233,16637,15028,161,96458,94542,2099,97405,131469,63,1,1
12234,5176,313,162,113243,112893,2128,113702,121629,1,1,1
12235,5825,236,148,104513,104220,2109,104964,113430,1,1,1
12236,28592,28802,162,85630,82653,2116,87042,146844,105,1,1
12237,20027,17983,136,69447,67288,2106,70439,110876,72,1,1
12238,5641,185,143,70183,69897,2926,70616,79677,1,1,1
12239,5979,188,146,62819,62543,2099,63254,71846,1,1,1
12240,59036,48935,180,167639,163009,9971,169363,287625,160,1,2
12241,11305,4258,135,102928,102097,20209,103517,139582,21,1,1
12242,6010,240,137,26493,26207,2265,26904,35711,1,1,1
12243,6252,201,130,31165,30850,2750,31579,41087,1,1,1
12244,13035,7690,156,135890,134684,2119,136635,159753,36,1,1
12245,16063,14730,140,130748,128954,2118,131672,164882,59,1,1
12246,29168,30523,157,106972,103928,2127,108324,170466,110,1,1
12247,13926,11277,144,188542,186869,2126,189373,217025,49,1,2
12248,22037,16762,143,86911,84989,2087,87851,129059,65,1,1
12249,11833,273,153,104481,104173,2086,104932,119429,1,1,1
12250,22001,20020,164,64939,62779,2168,65994,110494,75,1,1
12251,19159,16622,146,180031,177995,7404,180956,224434,65,1,2
12252,6126,291,166,53975,53656,2221,54450,63383,1,1,1
12253,5479,196,168,66552,66250,2227,67021,75226,1,1,1
12254,58766,52473,173,132241,127467,15100,134059,260718,175,1,1
12255,18791,14766,192,127647,125755,2096,128608,164577,61,1,1
12256,27125,26180,176,146095,143457,2159,147438,203202,98,1,1
12257,11332,9567,132,224537,223036,2066,225290,248564,43,1,2
12258,9661,4406,145,118534,117720,2058,119116,135533,21,1,1
12259,1722,720,195,46950,46498,1368,47468,51413,5,1,1
12260,48509,49361,150,97946,93346,2136,99861,200161,168,1,1
12261,18740,16752,136,92807,90874,2176,93748,131716,65,1,1
12262,58850,53863,308,203426,198306,6909,205515,325481,171,1,2
12263,19830,17653,160,154813,152659,7334,155807,200929,69,1,2
12264,5799,270,162,40180,39858,2148,40640,49163,1,1,1
12265,5608,179,145,42772,42473,2088,43209,51387,1,1,1
12266,32998,31633,162,151538,136521,2397,152884,220233,114,1,1
12267,14755,11751,129,124943,123427,3359,125751,155903,50,1,1
12268,31744,27782,161,109136,106131,2143,110440,172415,104,1,1
12269,21056,8267,146,121780,120611,2136,122504,154273,35,1,1
12270,13049,11884,144,110184,108609,2171,111045,138618,51,1,1
12271,5889,229,150,106434,106121,2087,106883,115414,1,1,1
12272,27845,29190,169,87161,84338,2126,88471,147929,105,1,1
12273,14178,11804,148,82365,80801,3139,83268,112693,51,1,1
12274,5565,204,153,64274,63973,2077,64747,72885,1,1,1
12275,6162,176,160,60405,60127,2040,60858,69525,1,1,1
12276,59755,45803,163,186606,182328,9741,188279,303902,154,1,2
12277,19417,10898,152,180265,178572,7129,181049,218796,45,1,3
12278,5932,502,147,40746,40373,2253,41203,50205,3,1,1
12279,5814,241,165,36734,36426,3822,37216,47406,1,1,1
12280,14724,11236,131,88513,86949,5098,89385,120788,48,1,1
12281,23049,17998,134,116245,114128,2189,117238,160773,71,1,1
12282,21719,16333,136,133457,131526,2093,134411,174845,66,1,1
12283,27691,25924,170,114320,111667,3031,115569,172515,97,1,1
12284,14655,12143,153,91225,89664,2341,92077,121507,53,1,1
12285,7935,221,128,105383,105097,2083,105786,116323,1,1,1
12286,6970,192,156,99582,99320,2123,100012,109640,1,1,1
12287,14783,11308,182,68343,66865,5669,69207,101265,47,1,1
12288,16377,13744,156,62788,61011,2105,63685,96362,59,1,1
12289,5260,210,145,63280,62996,2459,63693,71907,1,1,1
12290,5472,226,166,65412,65133,2166,65863,74020,1,1,1
12291,59008,46386,163,161408,156983,6071,163091,274858,157,1,2
12292,11936,7997,169,112214,111103,9804,112967,143004,35,1,1
12293,6060,194,137,27226,26929,2150,27662,36391,1,1,1
12294,5742,163,140,37252,36964,2091,37699,46239,1,1,1
12295,27717,32604,151,137384,134543,4241,138690,203557,97,1,1
12296,8039,3457,126,118302,117560,2121,118870,132810,19,1,1
12297,17462,30266,163,139647,137618,2134,140672,190841,70,1,1
12298,60466,15311,176,103346,101534,35026,104288,215390,59,1,1
12299,28790,9382,159,78630,77346,15420,79372,133252,40,1,1
12300,11822,2230,147,41379,40802,19645,41913,75913,12,1,1
12301,28745,13336,13472,62517,60771,12952,76703,132061,55,1,1
12302,29114,16845,157,93464,91549,5220,94447,146272,66,1,1
12303,7551,236,174,103544,103237,2129,104025,114251,1,1,1
12304,20604,17588,152,67608,65520,2120,68669,109281,68,1,1
12305,22664,14402,148,154243,152368,7662,155110,200129,56,1,2
12306,6929,228,143,40578,40263,3099,41042,51597,1,1,1
12307,6410,4307,150,73734,72963,7201,74355,92568,21,1,1
12308,23313,17846,146,119947,117944,2232,120922,164624,71,1,1
12309,20179,19245,156,128446,126235,2083,129476,171285,76,1,1
12310,39821,28072,170,132983,130157,3279,134262,205709,99,1,1
12311,14606,13935,144,105794,104130,2206,106673,137724,58,1,1
12312,14737,8429,140,208127,206745,2146,208850,234443,37,1,2
12313,28330,27471,177,101191,98475,2141,102476,160726,101,1,1
12314,23084,20175,155,81275,78948,2457,82338,128332,78,1,1
12315,5407,258,159,60669,60362,2098,61122,69174,1,1,1
12316,58921,61042,171,191657,186173,3465,193614,317355,194,1,2
12317,18665,16961,155,163295,161261,6334,164294,206549,65,1,2
12318,7052,234,124,38485,38191,2106,38904,48599,1,1,1
12319,5750,205,134,37443,37172,2451,37849,46542,1,1,1
12320,5395,189,132,41011,40702,2068,41466,49427,1,1,1
12321,5838,172,144,41639,41347,2095,42086,50503,1,1,1
12322,25572,24630,140,126922,124377,4992,128045,183523,91,1,1
12323,12257,10189,166,120613,119214,4410,121431,148587,46,1,1
12324,1653,1038,167,71686,71194,1364,72195,76390,7,1,1
12325,43121,38057,156,139667,135878,2086,141148,224713,134,1,1
12326,12695,11031,150,93705,92239,2160,94587,120758,49,1,1
12327,20028,12113,159,111070,109585,6846,111922,151215,50,1,1
12328,5550,253,173,105384,105071,2128,105866,114101,1,1,1
12329,33362,32350,154,94668,91567,2151,96031,164212,117,1,1
12330,21095,19256,146,79286,77226,2077,80276,123001,73,1,1
12331,6802,273,182,71106,70756,2179,71588,81162,1,1,1
12332,6282,182,144,68689,68419,2115,69088,78001,1,1,1
12333,59208,56603,149,173467,168526,7585,175303,299007,178,1,2
12334,13732,8345,150,175586,174127,4638,176341,203352,35,1,3
12335,5730,202,152,26456,26156,3049,26913,36194,1,1,1
12336,26750,23144,164,137492,134833,2145,138643,190989,89,1,1
12337,19294,18205,145,137778,135641,2134,138764,178678,73,1,1
12338,4649,1748,153,81325,80782,6816,81856,95369,11,1,1
12339,13202,7356,161,105598,104411,3328,106367,130566,34,1,1
12340,17976,17622,157,97865,95725,2135,98953,136990,71,1,1
12341,6086,232,153,98996,98710,2178,99428,108233,1,1,1
12342,10192,235,161,100236,99926,2169,100700,113713,1,1,1
12343,38016,21046,169,72426,70233,2925,73512,135776,79,1,1
12344,14190,13472,151,60814,59150,2122,61660,91770,56,1,1
12345,5703,238,152,65047,64757,2099,65492,73833,1,1,1
12346,5622,379,168,66365,66016,2099,66832,75229,2,1,1
12347,15475,6605,250,112457,111459,24700,113218,160304,30,1,1
12348,8762,4325,143,120616,119792,18465,121209,153265,22,1,1
12349,5540,245,155,31131,30845,2120,31559,39768,1,1,1
12350,5309,179,155,27040,26728,2151,27494,35432,1,1,1
12351,26973,24030,152,110264,107690,4494,111397,167206,91,1,1
12352,13482,8514,142,116549,115321,2119,117253,141702,38,1,1
12353,19586,20430,145,136685,134441,2199,137741,180257,80,1,1
12354,4391,191,150,113058,112761,2783,113518,121182,1,1,1
12355,30435,33280,165,103972,100695,3063,105369,172448,121,1,1
12356,15653,14892,140,92894,91179,3192,93817,127869,61,1,1
12357,59289,61739,192,185969,181460,3883,187798,313228,160,1,2
12358,22550,20831,142,161654,159127,6868,162694,213252,80,1,2
12359,5991,242,173,40852,40545,2155,41333,50034,1,1,1
12360,31756,27402,189,154309,151369,2104,155734,217300,102,1,1
12361,14796,10666,157,123865,122463,2096,124670,152532,46,1,1
12362,28876,25632,183,127967,125307,3816,129226,187857,94,1,1
12363,9409,6591,164,98604,97528,3395,99329,119037,32,1,1
12364,15039,12798,161,220834,219065,2212,221719,252041,53,1,2
12365,3358,2235,179,69466,68860,6385,70022,82167,12,1,1
12366,14272,5886,144,76471,75549,2112,77119,99682,27,1,1
12367,14508,12485,148,104408,102799,3571,105271,136148,53,1,1
12368,59125,57142,164,177843,172675,5488,179822,301888,187,1,2
12369,20019,13022,137,159090,157309,7971,159960,201266,55,1,2
12370,5916,1801,146,77620,76933,2378,78110,88505,10,1,2
12371,31839,25099,162,137913,135225,2177,139128,198552,94,1,1
12372,12244,9853,135,92306,90947,2930,93077,118390,44,1,1
12373,20034,16540,148,111990,110127,3444,113008,153335,66,1,1
12374,60530,38517,178,102157,99129,22683,103606,225792,95,1,1
12375,24792,10751,230,72108,70784,8621,72854,117334,49,1,1
12376,5228,203,96,63067,62845,2965,63358,71849,1,1,1
12377,8398,1411,113,36142,35726,13381,36523,59821,10,1,1
12378,26101,20505,100,75354,73206,7896,76012,130786,98,1,1
12379,2980,197,87,61972,61791,2146,62267,67677,1,1,1
12380,10766,9927,183,54433,53011,4233,55040,80078,55,1,1
12381,13149,11671,102,42358,40850,1858,42896,69668,62,1,1
12382,4955,288,104,43234,43040,1750,43564,50647,1,1,1
12383,4199,210,100,34417,34227,1702,34717,40918,1,1,1
12384,42004,36536,107,105566,102257,5840,106472,191163,161,1,2
12385,11935,7081,189,87798,86650,6190,88353,113652,39,1,2
12386,4178,199,107,27245,27020,1746,27564,33778,1,1,1
12387,4357,197,102,18522,18307,2326,18843,25815,1,1,1
12388,26044,25136,106,82766,80355,1731,83515,136531,120,1,1
12389,6888,4993,106,48663,47920,3377,49087,64437,30,1,1
12390,25224,12089,153,64614,63230,4452,65214,107082,65,1,1
12391,23041,25359,112,67673,65237,2255,68445,119202,122,1,1
12392,10625,10661,132,59367,58069,1744,59949,83081,60,1,1
12393,4176,306,105,57948,57712,1675,58280,64529,2,1,1
12394,6228,197,139,58063,57868,1496,58435,66446,1,1,1
12395,17676,17544,105,43614,41778,2285,44258,82051,88,1,1
12396,10864,10313,101,38436,37227,1988,38964,62219,56,1,1
12397,4210,194,113,38044,37840,1784,38374,44656,1,1,1
12398,42119,44968,118,95309,91487,16711,96279,200200,158,1,1
12399,29208,11343,217,127157,125098,3601,128249,172692,52,1,1
12400,5476,614,346,42154,41792,2620,43002,52070,1,1,1
12401,21247,21033,162,75725,73494,1786,76494,120668,99,1,1
12402,9043,4043,95,59370,58733,1768,59782,74727,25,1,1
12403,10933,10807,96,92082,90730,2854,92661,117369,60,1,1
12404,4600,237,104,62702,62510,1765,63023,69718,1,1,1
12405,20612,21618,116,61553,59416,2005,62276,106614,104,1,1
12406,12393,11179,104,55901,54595,1916,56431,82013,61,1,1
12407,52170,42023,162,124908,121066,6679,125954,227093,183,1,2
12408,13433,12315,101,107244,105726,6954,107786,140591,64,1,2
12409,3110,232,128,48271,48041,2450,48704,54589,1,1,1
12410,4533,207,97,28355,28169,2526,28660,36013,1,1,1
12411,4354,370,106,25376,25108,1694,25714,32226,3,1,1
12412,25272,25394,103,80430,77931,1844,81212,134011,125,1,1
12413,11466,9217,153,70895,69764,3352,71449,95589,51,1,1
12414,7643,5600,109,62485,61645,4582,62941,80877,35,1,1
12415,10700,6811,93,72367,71422,1720,72813,92145,40,1,1
12416,8235,5803,196,60015,59152,1798,60553,76489,36,1,1
12417,9980,7392,107,72963,71969,1753,73430,92645,42,1,1
12418,20604,21851,107,60060,57877,2294,60784,105632,106,1,1
12419,12914,11573,101,51257,49892,1705,51828,78115,63,1,1
12420,4889,468,101,42036,41777,1765,42353,49568,4,1,1
12421,41592,41041,177,104380,100696,3446,105434,191618,182,1,2
12422,14170,9817,104,90988,89687,6221,91520,121820,53,1,2
12423,4570,209,98,23635,23411,1704,23947,30522,1,1,1
12424,4044,199,102,24915,24695,1670,25224,31228,1,1,1
12425,26474,27220,128,80259,77581,2131,81082,137005,131,1,1
12426,10053,8511,186,70328,69225,2338,70909,91899,49,1,1
12427,10212,6360,94,60746,59863,1735,61183,79573,38,1,1
12428,24802,22994,155,76596,74298,1842,77388,127130,113,1,1
12429,12656,12849,106,71254,69778,2551,71951,100106,70,1,1
12430,5533,197,100,64087,63885,1705,64403,71927,1,1,1
12431,4350,198,87,55206,55005,1671,55491,61796,1,1,1
12432,19262,19644,215,48623,46609,1763,49425,90195,98,1,1
12433,12262,11395,103,40209,38858,2195,40743,66687,62,1,1
12434,1484,205,89,35061,34866,908,35359,38046,1,1,1
12435,4300,195,140,629,442,2307,960,7840,1,1,1
12436,4383,197,83,35132,34945,1727,35394,41791,1,1,1
12437,41788,37123,108,137686,134157,4136,138631,221770,166,1,2
12438,6409,2944,103,59231,58702,16004,59625,85069,18,1,1
12439,3703,195,94,17490,17302,2373,17790,24146,1,1,1
12440,4310,196,99,21729,21544,1738,22015,28346,1,1,1
12441,4178,195,101,25490,25272,2205,25800,32501,1,1,1
12442,12991,11736,141,94239,92730,1725,94821,121375,63,1,2
12443,16446,9028,185,106753,105518,2902,107349,135822,49,1,2
12444,16924,14092,102,72340,70743,2176,72920,106207,77,1,1
12445,16898,18851,111,59986,58081,1846,60649,98346,93,1,1
12446,13599,10860,104,119962,118550,2048,120563,147164,59,1,2
12447,16928,16446,196,42617,40883,1741,43341,78560,84,1,1
12448,15328,14853,103,104968,103074,6368,105592,142250,77,1,2
12449,4149,234,124,39638,39428,1910,39983,46406,1,1,1
12450,42914,28502,182,76178,73481,21014,77060,169592,132,1,1
12451,9070,7178,96,70498,69552,2426,70983,89750,42,1,1
12452,9356,255,106,51705,51485,1716,52053,63478,1,1,1
12453,4951,2861,93,51929,51387,6129,52284,66314,18,1,1
12454,16116,10841,95,74135,72825,1750,74750,103564,59,1,1
12455,9310,6230,104,71011,70094,9429,71471,96531,39,1,1
12456,18752,12656,105,96360,94921,1871,96959,130333,66,1,1
12457,18531,19704,106,59953,57944,1774,60631,100744,99,1,1
12458,10699,9807,106,64816,63574,1757,65379,87739,56,1,1
12459,45860,43413,128,179010,175235,7460,180453,277529,164,1,2
12460,18320,13964,163,148384,146492,8212,149283,190097,58,1,2
12461,2609,245,129,55021,54740,3379,55468,61836,1,1,1
12462,6196,224,227,41436,41116,3834,41979,52537,1,1,1
12463,28208,24231,144,104392,102099,1835,105452,160005,94,1,1
12464,13957,14957,184,76068,74385,1740,76787,107534,77,1,1
12465,23193,23357,138,93247,90744,1889,94148,142699,114,1,1
12466,9885,8439,163,60240,59142,2682,60858,81967,49,1,1
12467,10935,6412,98,90959,90107,5980,91395,114835,36,1,1
12468,5812,436,188,94630,94301,2066,95136,103598,1,1,1
12469,23972,26971,206,111822,95146,2686,113185,167133,104,1,1
12470,16716,15130,209,63848,62260,2775,64849,99764,60,1,1
12471,54381,53739,286,176700,172083,3711,178620,290817,186,1,2
12472,10923,6454,206,181513,180114,2566,182374,202634,29,1,3
12473,5094,565,251,28969,28665,2485,29528,37801,3,1,1
12474,6154,739,160,38721,38367,2218,39214,48630,3,1,1
12475,5738,265,153,41409,41083,2357,41842,50339,1,1,1
12476,3519,1078,156,69116,68620,1337,69626,75866,6,1,1
12477,39857,43375,189,128996,124897,5702,130643,219907,156,1,1
12478,17682,14884,256,137931,136029,2509,139059,174452,61,1,1
12479,28452,30545,336,119973,116663,3166,121526,184025,109,1,1
12480,17991,11923,225,182139,180022,14902,183074,228206,49,1,2
12481,23271,14823,238,96262,94438,20081,97213,155534,57,1,1
12482,5505,331,244,99943,99627,1845,100534,108364,1,1,1
12483,24473,24949,168,90636,88371,2614,91672,144244,91,1,1
12484,16515,17002,208,76073,74043,4232,77212,115093,70,1,1
12485,7522,398,157,72788,72408,2565,73287,83894,1,1,1
12486,4956,277,164,64319,64019,2363,64777,72502,1,1,1
12487,68103,42398,259,157801,153373,8565,159370,278765,158,1,2
12488,7430,2872,197,91659,91003,20372,92314,123155,15,1,1
12489,6026,334,144,29033,28723,2293,29505,38457,1,1,1
12490,5540,278,153,33919,33631,2098,34334,42395,1,1,1
12491,5354,224,154,36723,36443,1977,37187,44878,1,1,1
12492,22547,25617,156,100567,98067,4208,101683,154526,96,1,1
12493,9884,4088,280,102837,102055,2188,103638,120121,18,1,1
12494,21408,20527,171,95986,93564,6978,97199,146425,81,1,1
12495,15822,16342,428,74040,72559,1932,75452,109892,62,1,1
12496,29274,28275,179,115606,111613,2676,117218,177885,93,1,1
12497,15056,14566,204,67264,65547,1930,68023,99680,73,1,1
12498,11339,561,108,59908,59652,1765,60280,74067,3,1,1
12499,15845,15360,148,68412,66158,2490,69544,103377,68,1,1
12500,17473,15247,253,177814,174927,8539,179147,220796,58,1,2
12501,5633,503,313,70083,69695,2474,70837,79849,1,1,1
12502,5523,360,180,72384,71943,2457,72923,81607,1,1,1
12503,57054,38306,293,123631,120521,27987,125614,249288,138,1,1
12504,13247,12604,134,76776,75316,1706,77418,105063,66,1,1
12505,24649,20986,159,104906,102486,2197,105681,153633,102,1,1
12506,7223,328,153,113891,113565,2712,114356,124769,1,1,1
12507,20130,14308,171,105298,103405,3693,106132,144414,55,1,1
12508,14351,9909,182,82258,81198,1777,82934,109252,38,1,1
12509,25643,31034,164,68332,65288,1863,69252,127898,144,1,1
12510,13880,14232,104,56331,54816,1901,56907,87010,73,1,1
12511,41635,38297,118,106788,103242,5202,107739,192974,169,1,2
12512,24598,10896,230,90388,88991,7159,91073,133983,59,1,2
12513,4477,196,117,25565,25328,1768,25917,32461,1,1,1
12514,4107,195,100,24605,24420,2114,24917,31423,1,1,1
12515,24711,23723,107,79830,77497,1677,80572,130784,117,1,1
12516,9681,7412,100,49045,48035,3321,49511,70016,43,1,1
12517,15750,12129,144,74972,73540,1760,75657,105583,65,1,1
12518,20289,21009,187,73694,71520,2668,74490,118560,104,1,1
12519,8909,7643,194,58055,56997,1719,58633,77002,46,1,1
12520,11859,5552,100,61307,60514,6887,61741,86132,33,1,1
12521,4431,197,107,63481,63274,1994,63858,70566,1,1,1
12522,9015,8302,104,47797,46758,5064,48293,70773,46,1,1
12523,12597,12337,103,45782,44385,1740,46348,73113,65,1,1
12524,4298,195,101,36162,35949,1823,36476,42884,1,1,1
12525,4409,200,94,34873,34680,1746,35176,41623,1,1,1
12526,42253,34096,107,75282,72197,18647,76154,171366,155,1,1
12527,23790,7728,145,28921,27936,1751,29428,62794,42,1,1
12528,14950,10918,104,63057,61808,10360,63578,99902,58,1,1
12529,5581,987,93,28194,27839,1747,28523,36926,8,1,1
12530,4302,194,114,25172,24952,2247,25488,32324,1,1,1
12531,22000,19674,109,64349,62325,1710,65015,108499,95,1,1
12532,17484,13337,100,69804,68326,2810,70373,104099,71,1,1
12533,9988,8541,102,76554,75392,1790,77088,97500,48,1,1
12534,17272,13338,100,66626,65142,4865,67196,102766,70,1,1
12535,24822,27746,107,75222,72589,1756,76006,130434,132,1,1
12536,11816,11625,97,119546,118076,1703,120078,145318,63,1,2
12537,1994,229,236,58010,57806,3195,58481,64000,1,1,1
12538,16145,14057,112,44282,42706,1744,44869,76917,73,1,1
12539,10466,8231,116,41317,40247,1780,41816,62391,47,1,1
12540,4264,171,87,36598,36402,1784,36889,43383,1,1,1
12541,4274,198,103,37277,37072,1725,37606,43893,1,1,1
12542,41563,38544,107,111087,107520,6004,112076,198287,174,1,2
12543,6388,3171,93,59402,58818,14812,59786,84249,21,1,1
12544,4132,197,96,18647,18430,1709,18969,25101,1,1,1
12545,4238,197,95,22891,22669,2155,23194,29882,1,1,1
12546,17099,16922,108,68761,66924,3384,69398,106900,87,1,1
12547,11329,4799,99,55199,54482,1664,55632,73513,29,1,1
12548,21365,21921,155,93300,91418,2777,94081,140484,86,1,1
12549,13232,11743,126,60044,58634,2212,60616,87937,63,1,1
12550,12151,11086,106,95380,93862,1701,95917,120945,61,1,2
12551,17238,11850,105,44790,43447,5713,45329,80225,62,1,1
12552,6115,199,101,67639,67420,1728,68004,76154,1,1,1
12553,11292,8875,103,39237,38108,1801,39766,61835,51,1,1
12554,18381,18489,103,101195,99187,5372,101853,144191,92,1,2
12555,4307,200,100,37362,37158,1821,37677,44097,1,1,1
12556,34446,33309,111,83285,80177,2117,84178,154333,158,1,1
12557,17074,11919,180,73682,72326,3729,74333,107341,61,1,1
12558,36470,26340,142,74352,71819,1754,75177,139843,126,1,1
12559,6319,201,114,54307,54118,1726,54634,62971,1,1,1
12560,12781,12239,100,77876,76414,2332,78481,105925,68,1,1
12561,3705,196,92,54709,54522,2149,55025,61163,1,1,1
12562,21599,23538,132,61808,59300,1713,62742,109690,117,1,1
12563,13328,15488,188,63919,62338,2521,64727,96279,69,1,1
12564,4304,191,106,36683,36450,2350,37007,43960,1,1,1
12565,51660,37599,139,118594,115102,3856,119569,212943,170,1,2
12566,14061,6425,103,89808,88842,7009,90263,117853,36,1,2
12567,4862,192,91,27403,27210,2467,27713,35320,1,1,1
12568,4205,195,97,26470,26284,1674,26785,32944,1,1,1
12569,4093,203,104,24480,24246,1727,24789,30902,1,1,1
12570,4388,196,99,25096,24898,1782,25400,31861,1,1,1
12571,14620,13067,101,73634,72142,4402,74260,106448,70,1,1
12572,11108,7777,146,69613,68571,1747,70144,90878,46,1,1
12573,20238,18332,108,62128,60213,1745,62786,103204,93,1,1
12574,7747,5552,100,92384,91358,18959,92822,125169,34,1,2
12575,16068,14872,146,65649,63492,4076,66301,101474,76,1,1
12576,8457,2972,286,98448,97337,2996,99312,114250,15,1,1
12577,21983,25536,226,70210,67544,1609,71191,120424,120,1,1
12578,12926,10973,98,48691,47333,2269,49215,75475,60,1,1
12579,4925,207,99,44366,44125,1510,44688,51425,1,1,1
12580,4568,192,188,43025,42819,1530,43421,49792,1,1,1
12581,41797,42982,106,108494,104516,5012,109515,199411,189,1,2
12582,10783,5936,98,121170,118990,8259,121742,146937,35,1,2
12583,8178,610,240,50854,50491,2403,51548,63195,1,1,1
12584,5995,350,154,30477,30162,2075,30942,39507,1,1,1
12585,30617,25176,236,163187,159276,2407,164695,223256,97,1,1
12586,17586,12559,271,89457,87722,1793,90233,122506,61,1,1
12587,22915,27072,108,71786,68989,1761,72617,124466,130,1,1
12588,8482,6148,144,110528,109497,1772,111029,127708,37,1,2
12589,6523,240,98,56020,55820,2230,56352,65442,1,1,1
12590,19057,19263,104,45573,43637,1700,46242,86364,94,1,1
12591,10689,8697,100,36795,35705,1692,37286,58458,48,1,1
12592,4689,309,101,47873,47627,1736,48240,55074,2,1,1
12593,4403,195,102,36476,36278,2157,36797,43647,1,1,1
12594,41500,29391,110,72107,69412,25166,72939,169093,136,1,1
12595,4812,2217,128,61185,60681,18006,61607,86747,16,1,1
12596,4714,194,94,22015,21824,1878,22323,29194,1,1,1
12597,3402,196,101,19229,19034,2855,19542,26091,1,1,1
12598,10519,8365,94,52985,51883,2928,53460,75360,47,1,1
12599,15697,11180,142,108890,107449,10123,109474,146572,59,1,2
12600,9664,6627,100,62717,61826,5016,63156,84553,38,1,1
12601,9168,3194,94,64315,63754,1776,64689,78914,20,1,1
12602,21556,23599,109,61462,59239,1697,62194,109145,110,1,1
12603,20120,8790,141,58059,56916,2892,58597,90664,51,1,1
12604,8642,196,102,56641,56444,1709,56973,67615,1,1,1
12605,11984,1622,100,108691,108154,31087,109059,153860,12,1,2
12606,22120,3764,103,19950,19350,21358,20335,67672,22,1,1
12607,30629,11314,103,31919,30685,12644,32438,87111,58,1,1
12608,15403,10156,107,93509,92279,8706,94062,128426,54,1,1
12609,4082,206,130,24845,24655,1753,25184,31318,1,1,1
12610,21040,18384,127,78430,76565,1724,79097,120349,91,1,1
12611,13400,11821,101,73870,72455,1664,74414,101393,67,1,1
12612,17815,15851,106,71466,69721,2268,72082,108122,81,1,1
12613,6013,2521,143,89057,88424,1717,89477,99822,17,1,2
12614,13972,8879,103,58990,57561,11743,59561,94279,50,1,1
12615,8644,3302,136,66091,65503,1764,66521,80336,21,1,1
12616,17652,19326,124,60598,58565,1773,61282,100172,96,1,1
12617,16086,16394,182,56624,54866,1708,57337,91624,84,1,1
12618,41074,43038,108,104677,100818,5144,105682,195048,189,1,2
12619,13946,10963,107,98198,96773,6529,98732,130262,59,1,2
12620,5364,329,98,50851,50519,1797,51171,58748,2,1,2
12621,32788,31569,141,79663,76713,1734,80569,146765,149,1,1
12622,8525,6568,105,60280,59353,3142,60751,79077,40,1,1
12623,17307,14568,101,61366,59856,1736,61946,95651,73,1,1
12624,23774,26168,112,78232,75700,1729,79017,130797,126,1,1
12625,12008,11509,183,66327,64986,1735,66943,92289,63,1,1
12626,4832,197,91,60353,60133,2606,60646,68372,1,1,1
12627,4227,208,99,60796,60606,1720,61097,67340,1,1,1
12628,18486,18606,135,55381,53435,1717,56079,94988,94,1,1
12629,12813,21772,180,42696,41328,2489,43320,80495,64,1,1
12630,7086,208,96,42815,42575,2359,43121,52874,1,1,1
12631,4612,204,99,36086,35891,1675,36386,42963,1,1,1
12632,41898,49711,207,116108,112519,3543,117182,212449,177,1,2
12633,7480,4688,113,81908,81062,6720,82354,101333,28,1,2
12634,4513,202,97,35674,35453,1861,36031,42703,1,1,1
12635,4537,200,101,18600,18402,1776,18909,25545,1,1,1
12636,22212,21878,107,80358,78196,1677,81057,126932,106,1,1
12637,13635,10271,222,109962,108596,3168,110818,138221,46,1,1
12638,18856,12975,192,89962,88046,4247,90785,127229,59,1,1
12639,29030,31825,348,88412,85753,2022,89894,153056,120,1,1
12640,13857,13333,115,65472,63928,1756,66073,95117,71,1,1
12641,4401,407,98,58343,58081,2477,58680,66059,3,1,1
12642,6115,186,104,55853,55622,1758,56175,64336,1,1,1
12643,19537,16883,140,45589,43800,1780,46263,84564,85,1,1
12644,9345,7720,107,76836,75680,1693,77311,96162,44,1,2
12645,41972,29736,115,74939,72250,19791,75769,167373,135,1,1
12646,16338,12371,95,74754,73299,1696,75296,105799,68,1,1
12647,4341,185,134,24798,24598,1726,25170,31530,1,1,1
12648,22656,23316,105,72492,70245,1720,73216,121011,111,1,1
12649,15284,8005,106,94400,93273,1743,94879,120011,43,1,2
12650,18812,16333,157,74810,72988,5051,75497,115793,84,1,1
12651,8601,4307,96,69171,68491,1779,69566,84342,27,1,1
12652,21528,22791,142,64578,62293,2153,65348,112118,113,1,1
12653,12559,11199,95,54892,53555,2667,55414,81932,61,1,1
12654,51607,37412,151,127158,123749,5336,128144,222771,164,1,2
12655,22950,11623,136,101334,99830,7268,101929,144020,62,1,2
12656,5048,196,97,42651,42456,1671,42957,49964,1,1,1
12657,4639,195,97,27633,27420,1774,27938,34633,1,1,1
12658,4254,196,101,24532,24326,2044,24857,31449,1,1,1
12659,27261,27130,101,81106,78517,2198,81887,138580,129,1,1
12660,11106,10174,102,60744,59517,2955,61251,85583,56,1,1
12661,12841,12000,139,69497,68106,1934,70077,96956,64,1,1
12662,22439,22636,112,74395,72200,1713,75111,122001,108,1,1
12663,6240,476,93,54236,53960,2168,54547,63521,4,1,1
12664,11742,11238,101,63148,61814,1717,63673,88459,62,1,1
12665,1418,232,126,56005,55796,2390,56359,60499,1,1,1
12666,18208,17582,111,58287,56422,1696,58925,96517,88,1,1
12667,13586,13897,125,56271,54693,2554,56881,87017,73,1,1
12668,3807,196,98,43111,42904,1709,43424,49227,1,1,1
12669,42366,34853,109,101963,98764,8766,102851,188939,155,1,2
12670,14076,11174,142,91527,90133,9162,92112,126619,58,1,2
12671,4249,377,96,25024,24761,1749,25333,31801,3,1,1
12672,4497,201,117,24862,24648,1732,25191,31712,1,1,1
12673,15141,13143,106,73540,72004,1785,74123,104297,71,1,1
12674,10210,8629,96,50263,49142,2978,50741,72654,50,1,1
12675,19497,16554,187,68159,66386,2185,68876,107215,82,1,1
12676,19696,21497,117,63526,61343,1810,64242,107348,108,1,1
12677,13618,6132,96,95866,94896,8504,96306,124652,35,1,2
12678,17528,11801,108,55165,53803,8708,55702,93833,62,1,1
12679,8319,2308,138,56954,56448,1876,57360,69964,16,1,1
12680,42375,14505,134,41052,39530,28579,41658,127225,72,1,1
12681,19438,5126,103,39861,39144,5399,40276,70333,29,1,1
12682,10694,3712,95,32925,32284,13112,33317,60926,24,1,1
12683,17681,7509,103,37000,36040,7159,37462,69907,42,1,1
12684,12339,3301,108,37255,36666,1427,37641,54799,22,1,1
12685,42769,42271,150,96785,93787,11455,97675,194279,145,1,2
12686,12210,5745,102,59544,58720,11706,59976,89725,34,1,1
12687,5367,189,128,19382,19155,2194,19745,27634,1,1,1
12688,4167,200,92,21619,21430,2378,21917,28752,1,1,1
12689,4242,194,102,25067,24871,2134,25397,32057,1,1,1
12690,3974,196,119,18146,17950,1525,18472,24256,1,1,1
12691,18299,18193,106,77319,75388,2615,77961,117163,93,1,1
12692,9099,6582,183,79380,78443,1812,79926,97520,41,1,1
12693,13865,5310,96,72914,72143,2256,73331,94854,32,1,1
12694,22856,23707,104,64288,61912,1732,65032,113433,116,1,1
12695,15389,13704,104,56225,54703,1691,56798,87677,73,1,1
12696,2488,222,203,56037,55796,2175,56460,61446,1,1,1
12697,17535,16918,109,42361,40588,2477,42994,80025,86,1,1
12698,15697,15846,109,97739,95882,5541,98362,135543,83,1,2
12699,4154,196,97,38181,37967,1737,38498,44680,1,1,1
12700,42093,25893,103,82237,79823,17140,83078,168488,120,1,1
12701,11211,10874,101,69250,67962,2905,69780,94862,60,1,1
12702,2372,224,100,22184,21972,2149,22505,27343,1,1,1
12703,20233,20652,110,77408,75239,1900,78103,120990,103,1,1
12704,11239,10350,96,74613,73348,2105,75278,99067,58,1,1
12705,14540,9512,100,60340,59245,1734,60840,86715,49,1,1
12706,30664,23058,143,115703,113333,1777,116472,172074,110,1,2
12707,12747,4997,113,45359,44637,1720,45780,65337,29,1,1
12708,11860,12062,107,55036,53681,3669,55576,83263,64,1,1
12709,41937,36900,178,113617,110273,8360,114599,201900,162,1,2
12710,22322,21370,229,150620,147945,7599,151718,203350,79,1,2
12711,6500,585,249,60348,60044,3588,60912,71728,1,1,1
12712,5374,263,137,38402,38096,2136,38841,46921,1,1,1
12713,18587,29950,193,83130,81094,1791,83879,134309,87,1,1
12714,14163,13824,105,75323,73768,1805,75896,105775,74,1,1
12715,23858,26416,108,90865,88293,2537,91646,144557,127,1,1
12716,20669,8737,165,75680,74533,2132,76242,108028,51,1,1
12717,4953,199,100,69679,69468,1865,70011,77132,1,1,1
12718,4280,191,96,61743,61550,1730,62057,68347,1,1,1
12719,20809,20731,111,52712,50653,2235,53427,97302,101,1,1
12720,11856,10921,101,53961,52641,1767,54495,79143,61,1,1
12721,4165,198,130,37088,36868,2156,37452,44073,1,1,1
12722,4928,350,97,42188,41949,1680,42498,49544,3,1,1
12723,41772,41518,117,107492,98337,4132,108549,196080,181,1,2
12724,11591,10395,114,93574,92180,6415,94095,122591,56,1,2
12725,4393,204,94,25195,24982,1700,25504,31888,1,1,1
12726,4439,204,96,24876,24671,2129,25192,32055,1,1,1
12727,22891,23040,154,78995,76697,1756,79793,127583,114,1,1
12728,9580,8553,103,73046,71953,1653,73521,93397,48,1,1
12729,19395,20050,119,65317,63300,1715,66015,107278,99,1,1
12730,10696,10096,142,59317,58074,2592,59871,83345,56,1,1
12731,4867,284,97,54270,54047,1729,54574,61545,2,1,1
12732,4141,209,133,56003,55794,1748,56356,62546,1,1,1
12733,18657,19830,124,52290,50257,1754,53003,93344,100,1,1
12734,13300,11380,106,38050,36723,2869,38585,66230,62,1,1
12735,6692,380,185,44099,43837,1725,44504,53398,3,1,1
12736,4245,302,94,36042,35831,1716,36347,42701,2,1,1
12737,41627,38475,113,97326,93823,4776,98273,183250,173,1,2
12738,6531,2378,92,58648,58146,11619,59017,79637,16,1,1
12739,4034,201,91,17223,17025,1984,17517,23821,1,1,1
12740,4420,204,97,22305,22096,1737,22603,29059,1,1,1
12741,4307,196,98,24761,24571,1692,25065,31348,1,1,1
12742,17403,16900,108,82131,80326,3232,82817,120448,87,1,1
12743,9844,5034,100,61295,60556,1685,61733,78388,30,1,1
12744,15151,14360,99,79352,77705,1768,79944,111327,77,1,1
12745,4576,627,104,79939,79515,2295,80279,87876,5,1,2
12746,20197,14399,102,54500,52967,8724,55082,98495,71,1,1
12747,14069,13761,146,57352,55820,1870,57989,87792,72,1,1
12748,8919,232,120,57402,57189,1861,57756,68871,1,1,1
12749,14828,12201,128,40498,39138,2111,41076,70316,64,1,1
12750,10076,9128,105,103028,101775,6065,103525,128887,50,1,2
12751,4383,193,178,44087,43880,1713,44491,50869,1,1,1
12752,4073,195,104,36828,36610,1719,37140,43254,1,1,1
12753,41848,37144,118,74914,71573,11987,75849,166929,169,1,1
12754,15363,14755,101,74139,72473,2289,74727,107220,78,1,1
12755,22007,23572,107,88680,86332,1741,89476,136899,116,1,1
12756,8044,7392,101,68649,67658,2846,69113,87487,43,1,1
12757,4236,195,107,55337,55126,1686,55667,61874,1,1,1
12758,24710,22312,110,138549,136111,1855,139277,188261,111,1,2
12759,7121,1745,147,30031,29627,13882,30446,53288,12,1,1
12760,17632,9443,91,39132,38073,10261,39618,77040,48,1,1
12761,14552,4652,93,38357,37680,1562,38757,59618,27,1,1
12762,48317,35006,150,105076,101888,9196,106007,198623,155,1,2
12763,12254,5698,100,84491,83576,9689,84925,112661,33,1,2
12764,4548,197,147,24422,24224,2256,24781,31883,1,1,1
12765,4425,192,97,24410,24216,1788,24710,31205,1,1,1
12766,24065,23861,135,78529,76214,1907,79294,129222,116,1,1
12767,9373,7508,95,67717,66710,3114,68174,88260,44,1,1
12768,19099,19908,110,82403,80337,1761,83136,124006,100,1,1
12769,6362,768,91,61822,61505,1671,62139,71031,6,1,1
12770,9629,7310,96,67885,66882,1714,68353,87095,44,1,1
12771,4084,203,96,61244,61051,2204,61554,68139,1,1,1
12772,22490,26671,123,53023,50525,1711,53806,104782,124,1,1
12773,11723,11776,184,45105,43764,2699,45719,72014,61,1,1
12774,4398,195,104,36165,35959,1659,36481,42854,1,1,1
12775,4070,196,95,34185,33996,2220,34498,41074,1,1,1
12776,41572,39848,107,104290,100696,6398,105253,193169,176,1,2
12777,12572,9313,103,87477,86292,5847,87983,115809,49,1,2
12778,5576,191,175,27539,27300,2217,27925,35995,1,1,1
12779,4709,194,86,17112,16928,1691,17396,24084,1,1,1
12780,4571,213,102,24385,24185,1784,24694,31347,1,1,1
12781,2261,513,93,51170,50916,1005,51479,55345,4,1,1
12782,32653,34748,107,99212,96108,8656,100102,176251,159,1,1
12783,15758,14059,123,77739,76194,1702,78334,109952,73,1,1
12784,19140,17982,182,61080,59193,1725,61813,100758,91,1,1
12785,16051,4947,101,95530,94663,3631,95944,120670,30,1,2
12786,16459,10807,104,46870,45644,7244,47379,81981,56,1,1
12787,6746,323,96,55888,55654,1743,56200,65101,3,1,1
12788,21288,21972,161,46200,44023,1764,46957,92084,108,1,1
12789,12637,11178,106,38734,37407,1701,39257,64869,61,1,1
12790,4477,207,89,36696,36495,1679,36994,43444,1,1,1
12791,4469,320,95,37304,37055,1673,37622,44173,3,1,1
12792,41834,36470,105,96431,93164,6572,97341,182318,162,1,2
12793,7373,3016,96,59372,58813,14022,59755,84258,20,1,1
12794,4276,208,207,18953,18737,1680,19384,25641,1,1,1
12795,4419,198,115,25896,25679,1713,26216,32644,1,1,1
12796,17631,16327,104,79721,77997,2593,80331,116975,83,1,1
12797,8322,6933,99,65022,64054,2501,65474,83323,42,1,1
12798,15860,8401,101,57830,56713,1747,58317,84420,47,1,1
12799,20484,20578,208,62811,60720,1825,63607,106593,102,1,1
12800,14548,15390,102,59857,58219,2312,60446,92793,79,1,1
12801,7024,271,112,58583,58337,2189,58915,68497,1,1,1
12802,16485,14255,110,42427,40872,1696,43011,75546,74,1,1
12803,14762,23936,283,105709,104059,5161,106674,150641,68,1,2
12804,4650,239,102,39755,39534,1715,40082,46776,1,1,1
12805,6217,1536,107,60800,60382,2009,61174,71044,11,1,1
12806,14844,12556,137,73120,71709,4285,73715,105499,66,1,1
12807,11270,9008,108,72025,70900,1707,72521,94603,51,1,1
12808,24456,23706,150,81501,79194,1748,82278,132279,113,1,1
12809,18060,5309,106,64660,63924,1699,65075,90236,30,1,1
12810,9783,9448,92,66585,65387,1679,67075,88075,54,1,1
12811,5879,197,97,52864,52683,1665,53162,60992,1,1,1
12812,15463,15314,145,59870,58185,1740,60524,93137,80,1,1
12813,15180,16040,106,49697,47965,2736,50309,84361,84,1,1
12814,4132,194,98,34785,34579,1698,35098,41219,1,1,1
12815,40954,43254,109,114820,111068,2260,115815,202384,188,1,2
12816,16057,11990,105,129310,127647,3789,129893,161837,63,1,3
12817,4357,333,99,26642,26456,1712,26951,33441,1,1,1
12818,4298,199,100,24260,24073,1711,24569,30863,1,1,1
12819,4242,200,119,24199,24015,2525,24521,31577,1,1,1
12820,13244,4356,118,44067,43357,5224,44501,67487,27,1,1
12821,12090,11399,96,65959,64608,1743,66480,91814,62,1,1
12822,12698,10678,110,72452,71151,1749,72989,98212,59,1,1
12823,23632,23853,143,72098,69702,2252,72885,122726,119,1,1
12824,9857,8926,141,70893,69730,1711,71441,92048,51,1,1
12825,6545,1626,97,56716,56304,1771,57090,67132,12,1,1
12826,4388,325,103,64936,64682,1754,65317,71880,3,1,1
12827,19804,21847,135,64379,62185,2726,65119,109596,106,1,1
12828,11607,11280,103,48408,47090,1720,48940,73644,61,1,1
12829,3225,195,89,41617,41410,2436,41910,47853,1,1,1
12830,4204,325,103,41388,41131,1748,41704,48069,3,1,1
12831,41629,35989,107,109450,106161,4857,110345,192917,161,1,2
12832,12712,7117,143,87678,86629,5554,88180,113657,39,1,2
12833,6265,197,101,28464,28223,1906,28787,37253,1,1,1
12834,4257,194,95,17069,16871,2260,17349,24154,1,1,1
12835,10471,9420,110,85224,83908,3548,85745,109275,52,1,2
12836,16685,8093,106,60601,59572,2356,61143,88371,45,1,1
12837,11285,9971,99,74922,73703,1737,75430,98515,56,1,1
12838,42931,14364,188,43519,42001,28612,44188,130199,71,1,1
12839,16742,3765,98,48532,47906,17139,48928,86677,24,1,1
12840,6397,316,92,57149,56891,1773,57457,66034,3,1,1
12841,7628,847,93,29000,28677,16028,29330,53924,7,1,1
12842,27771,15807,96,69105,67433,9056,69695,122426,80,1,1
12843,21771,12615,149,54480,53096,1769,55088,91343,64,1,1
12844,8954,347,102,57938,57691,1707,58279,69390,3,1,1
12845,18995,17470,109,44205,42426,1709,44849,83122,86,1,1
12846,11033,11191,147,52527,51206,1741,53300,77382,59,1,1
12847,4446,202,103,37585,37379,1713,37925,44375,1,1,1
12848,4351,193,98,37299,37101,1761,37606,44001,1,1,1
12849,51778,30462,142,74494,71718,23680,75360,181560,139,1,1
12850,7934,4396,101,83795,82987,14641,84202,111263,27,1,2
12851,1719,226,101,18555,18353,2249,18873,23167,1,1,1
12852,5840,3408,94,50237,49580,6270,50621,66229,22,1,1
12853,20091,11702,97,63038,61712,3923,63558,99368,62,1,1
12854,17473,30439,144,90552,88454,2281,91278,141568,101,1,1
12855,4210,318,97,66767,66524,1716,67079,73414,3,1,1
12856,18499,18829,110,59900,57899,1815,60572,99813,95,1,1
12857,11423,9863,105,54715,53491,2316,55235,78931,57,1,1
12858,11610,976,183,57811,57459,1923,58236,72847,7,1,1
12859,13736,10929,101,39503,38212,1886,40056,66701,61,1,1
12860,10972,9140,101,99675,98404,7178,100182,127570,52,1,2
12861,4033,195,95,26056,25840,1587,26370,32279,1,1,1
12862,14689,13119,111,75036,73525,1813,75619,105346,71,1,1
12863,11163,9477,147,69394,68244,1464,69959,92159,52,1,1
12864,27001,26317,107,83930,81464,1754,84688,140040,123,1,1
12865,9314,7904,154,60237,59178,1720,60776,79805,43,1,1
12866,22747,7631,138,61849,60847,1715,62357,94710,43,1,1
12867,5782,198,184,60565,60366,1730,60971,68804,1,1,1
12868,18091,20549,126,59708,57586,1778,60424,100947,100,1,1
12869,17220,17557,103,60394,58567,1741,61013,97627,89,1,1
12870,40935,52715,152,103343,99508,4095,104387,202249,187,1,2
12871,13248,9311,104,119553,118177,7165,120051,149929,51,1,3
12872,4577,321,100,27092,26836,1751,27411,34156,3,1,1
12873,18926,18849,106,77332,74865,1697,77996,117571,94,1,1
12874,9190,8139,186,74843,73639,1699,75405,94525,47,1,1
12875,16217,14848,107,75616,73795,2152,76221,109551,79,1,1
12876,13155,2234,102,69027,68556,1699,69394,86577,15,1,1
12877,12614,12231,97,66402,64950,1699,66943,93576,67,1,1
12878,3720,195,144,62190,61878,2149,62546,68708,1,1,1
12879,3834,2736,202,47034,46501,5613,47520,59799,18,1,1
12880,13165,10991,105,40177,38864,1738,40700,66691,60,1,1
12881,4574,196,98,41879,41661,2108,42185,49153,1,1,1
12882,4345,210,128,37011,36794,1796,37372,43826,1,1,1
12883,41175,43159,109,115267,111474,4510,116367,205311,186,1,2
12884,10831,5978,100,83472,82520,6419,83915,107238,36,1,2
12885,4457,183,104,25402,25181,1778,25726,32244,1,1,1
12886,4105,199,97,18220,18027,2122,18535,25051,1,1,1
12887,17684,16720,107,77816,75994,1692,78456,114660,87,1,1
12888,15371,27552,318,119129,117165,2000,120444,165693,55,1,1
12889,22836,11121,237,94517,93139,2872,95339,132442,45,1,1
12890,25179,23938,236,94390,92213,2630,95570,147627,92,1,1
12891,10199,8685,108,57291,56215,1737,57812,78522,47,1,1
12892,4308,372,132,58860,58603,1889,59226,65894,3,1,1
12893,5244,196,120,55617,55407,1843,55953,63327,1,1,1
12894,20591,19168,107,45228,43258,2862,45899,88632,94,1,1
12895,5732,2066,93,73231,72573,2037,73585,83511,14,1,2
12896,41764,51952,158,77815,74328,8967,78837,181633,177,1,1
12897,11150,8272,103,73619,72573,1815,74089,95415,47,1,1
12898,4309,200,101,24816,24599,1690,25154,31452,1,1,1
12899,22162,20830,104,80486,78428,1800,81157,126048,99,1,1
12900,10801,23325,184,149700,147916,2282,150398,186950,60,1,1
12901,4414,482,213,63043,62786,2178,63497,70676,3,1,1
12902,4495,207,123,54613,54410,1785,54955,61530,1,1,1
12903,24393,27766,111,65757,63129,1711,66549,120524,132,1,1
12904,15095,16960,115,79261,77427,1799,79961,113923,85,1,1
12905,40969,38739,134,125068,121497,7256,126061,213120,171,1,2
12906,13864,11808,105,102972,101492,6573,103515,135851,62,1,2
12907,4873,351,93,44087,43823,1834,44398,51558,3,1,1
12908,4356,554,95,38281,38002,1767,38622,45391,5,1,1
12909,22059,20917,180,80113,78037,1703,80893,125673,100,1,1
12910,10095,8520,109,64650,63603,2044,65150,85906,47,1,1
12911,16718,13124,105,71836,70396,2747,72394,105076,68,1,1
12912,42290,31489,124,113829,100501,8173,114821,196879,142,1,1
12913,6683,994,130,66645,66307,1736,67021,76526,7,1,1
12914,11099,6799,93,53469,52585,9803,53914,81710,38,1,1
12915,17031,7757,99,70137,69128,5767,70596,101242,43,1,1
12916,17519,8543,107,87315,86276,1737,87801,115692,46,1,1
12917,4072,196,101,69568,69361,1772,69903,76043,1,1,1
12918,19808,22457,216,62973,60789,1766,63808,107940,108,1,1
12919,8524,7656,94,47863,46793,3417,48331,68022,45,1,1
12920,5065,323,99,46017,45770,1727,46332,53536,3,1,1
12921,41666,38500,108,103302,99837,5461,104252,189980,170,1,2
12922,12395,7136,107,98375,97284,6992,98889,125509,41,1,2
12923,4370,196,102,25731,25492,1920,26053,32630,1,1,1
12924,31438,31700,183,129199,125454,2363,130671,196515,126,1,1
12925,8130,6600,137,53866,52900,2563,54373,71767,39,1,1
12926,16865,16014,118,67362,65685,1671,67971,102615,80,1,1
12927,20457,22679,220,67153,64770,1751,68002,113012,110,1,1
12928,14950,6571,99,103431,102313,8044,103884,133552,37,1,2
12929,18950,15564,110,56599,54935,8293,57201,100102,78,1,1
12930,7543,2405,99,56748,56244,1739,57117,68893,17,1,1
12931,18896,18683,180,50360,48408,2357,51126,91160,94,1,1
12932,13078,12714,103,41243,39782,1691,41795,69372,68,1,1
12933,4423,196,99,34946,34747,1691,35253,41650,1,1,1
12934,4366,316,99,36880,36623,1677,37203,43658,3,1,1
12935,41872,36224,108,96233,92917,5441,97138,180780,162,1,2
12936,6701,2296,202,61058,60574,15585,61557,86232,15,1,1
12937,6038,212,95,17928,17700,1668,18224,26231,1,1,1
12938,4324,193,88,21875,21674,1754,22159,28520,1,1,1
12939,4368,203,95,26267,26062,1718,26580,32959,1,1,1
12940,4246,198,98,18168,17964,1696,18470,24701,1,1,1
12941,14136,14909,101,52465,50773,4353,53040,86531,75,1,1
12942,10745,7270,100,62300,61345,1722,62752,82586,42,1,1
12943,13597,10701,96,60361,59131,7640,60864,92894,57,1,1
12944,12801,10674,228,69428,68168,1751,70076,95404,58,1,1
12945,24191,28016,108,67095,64435,1762,67882,121952,130,1,1
12946,14813,15480,103,87842,85394,2212,88453,121077,79,1,1
12947,3760,223,121,61138,60903,1762,61486,67327,1,1,1
12948,18658,18975,156,100381,98245,1827,101102,140668,92,1,2
12949,14815,12787,102,51536,50028,2070,52091,81866,68,1,1
12950,4669,196,109,38424,38227,1923,38751,45629,1,1,1
12951,41985,30711,107,76632,73810,16636,77460,166893,141,1,1
12952,22046,17017,173,78170,76317,1598,78880,119786,87,1,1
12953,3623,214,100,26220,25998,1738,26526,32206,1,1,1
12954,26570,27412,113,85547,82878,2334,86344,142760,130,1,1
12955,10024,8991,170,70648,69498,1713,71211,92034,52,1,1
12956,4458,215,176,57880,57667,1855,58273,64924,1,1,1
12957,22260,24189,129,61043,58680,1895,61809,110252,116,1,1
12958,10118,8316,101,55223,53913,3166,55732,77447,46,1,1
12959,2279,1293,228,55769,55379,1038,56292,61018,6,1,1
12960,51292,55274,51695,132760,128823,21729,185786,314770,160,1,2
12961,21053,18700,170,99209,97153,6128,99957,146104,90,1,2
12962,5475,249,113,38090,37886,1761,38406,45988,1,1,1
12963,4544,193,98,24279,24090,1770,24572,31170,1,1,1
12964,21299,20449,112,77177,75156,1719,77859,121428,98,1,1
12965,13208,11723,148,76095,74702,2187,76680,103901,63,1,1
12966,22299,21800,114,88881,86751,1775,89594,135568,104,1,1
12967,9990,8453,96,71033,69949,1831,71509,91873,49,1,1
12968,6238,394,141,71575,71333,1832,71954,80520,3,1,1
12969,4366,299,92,61652,61415,2487,61946,69260,3,1,1
12970,18890,17962,111,51368,49501,1728,52012,90698,89,1,1
12971,10232,9020,100,49833,48712,1731,50328,71406,51,1,1
12972,4602,1060,121,78278,77804,1723,78660,86136,8,1,2
12973,43963,47693,173,105104,101507,4209,106184,202354,176,1,2
12974,12641,8822,104,89537,88306,6406,90029,117997,48,1,2
12975,4605,192,100,25231,25028,1883,25550,32320,1,1,1
12976,4083,196,100,25638,25441,1707,25952,32029,1,1,1
12977,24050,23892,110,78204,75871,1767,78944,128749,116,1,1
12978,10730,9669,149,77501,76310,1828,78069,100392,54,1,1
12979,20304,20592,108,68329,66179,1772,69023,111978,103,1,1
12980,8941,7188,102,123144,122035,1770,123662,141655,43,1,2
12981,4457,195,99,57004,56807,1690,57324,63758,1,1,1
12982,19559,18882,112,56654,54735,1812,57328,97682,94,1,1
12983,10400,8283,113,84780,83584,1712,85274,105763,48,1,2
12984,4217,773,95,36983,36689,1691,37301,44073,6,1,1
12985,11481,4704,181,61854,61157,11103,62352,89744,28,1,1
12986,4424,196,97,24594,24408,1727,24887,31320,1,1,1
12987,7343,4292,101,61829,61113,12192,62249,86163,28,1,1
12988,5047,196,95,17313,17129,1744,17594,24670,1,1,1
12989,11156,622,104,23346,23053,1823,23696,37397,5,1,1
12990,4883,200,99,25524,25319,1671,25827,32670,1,1,1
12991,8417,6296,93,46706,45829,3825,47128,65759,37,1,1
12992,18432,9474,96,62191,61109,9622,62664,100289,49,1,1
12993,12607,11806,194,74976,73561,1770,75610,101896,64,1,1
12994,12135,10840,155,76466,75137,1737,77083,101903,58,1,1
12995,19647,20732,104,64395,62183,1743,65100,107325,104,1,1
12996,12019,11111,101,55228,53865,1665,55792,80681,62,1,1
12997,8152,199,171,57983,57775,1747,58379,68567,1,1,1
12998,16077,14573,128,40234,38613,1683,40848,73280,76,1,1
12999,14214,12295,103,109165,107634,6352,109716,142669,65,1,2
13000,4453,195,102,43978,43754,1680,44331,50753,1,1,1
13001,4382,193,124,37144,36941,1659,37477,43799,1,1,1
13002,42250,28175,173,73069,70430,20366,73936,164830,133,1,1
13003,13048,12352,95,73927,72548,1744,74475,101704,65,1,1
13004,23441,23145,133,81643,79341,1792,82398,131057,113,1,1
13005,12274,13276,140,72077,70538,1792,72683,100123,71,1,1
13006,4316,195,98,53347,53146,2299,53663,60564,1,1,1
13007,24196,23541,134,115986,113554,1772,116764,166373,114,1,2
13008,11547,9705,101,54026,52836,2395,54528,78264,54,1,1
13009,41752,36876,185,165363,160972,9557,166398,254699,164,1,2
13010,12609,12664,106,92028,90476,6694,92601,124662,65,1,2
13011,4956,336,94,24463,24202,1803,24775,31962,3,1,1
13012,4112,185,102,25045,24845,1747,25365,31507,1,1,1
13013,26899,25918,103,94307,91751,1733,95140,149801,127,1,1
13014,10942,8512,154,54294,53159,3766,54864,78186,48,1,1
13015,13629,13214,106,63347,61829,1763,63900,92596,69,1,1
13016,18913,17435,107,64801,62968,1776,65435,103657,88,1,1
13017,16813,7784,96,60281,59318,2612,60729,88033,43,1,1
13018,11283,10108,145,56534,55266,1755,57099,80341,56,1,1
13019,12978,4894,100,59470,58719,5459,59880,83296,30,1,1
13020,22906,25619,119,55962,53576,1722,56739,107279,120,1,1
13021,13356,12670,100,47641,46215,1803,48193,76112,66,1,1
13022,4148,201,138,36620,36415,1802,36967,43210,1,1,1
13023,4079,193,96,34966,34773,1811,35269,41440,1,1,1
13024,41969,36354,107,105923,102618,6207,106820,191452,160,1,2
13025,13150,6557,101,85772,84775,5741,86217,111757,37,1,2
13026,4113,195,98,28924,28725,1776,29227,35400,1,1,1
13027,4108,190,89,17108,16916,1747,17391,23524,1,1,1
13028,4105,196,97,25225,25003,1768,25527,31685,1,1,1
13029,6006,1651,98,80877,80436,1780,81279,90818,12,1,1
13030,15711,10859,105,104664,103334,3460,105179,135304,56,1,2
13031,14254,14565,97,71632,70032,3508,72209,104630,77,1,1
13032,27868,32601,300,111000,108474,1988,112471,175233,119,1,1
13033,13683,10836,236,93151,91621,2438,94071,121157,52,1,1
13034,29047,6027,361,99284,97838,2716,100386,138522,26,1,1
13035,2233,496,191,88827,88295,3075,89478,95503,1,1,1
13036,5738,516,225,1607,1237,7313,2183,15955,1,1,1
13037,24387,24017,200,87191,84494,2431,88280,139492,91,1,1
13038,16903,14479,220,128141,126163,2144,129175,162843,59,1,2
13039,5645,274,142,66687,66407,3489,67120,76678,1,1,1
13040,64443,51070,184,142008,137733,3966,143877,263655,173,1,2
13041,2702,685,144,98240,97870,20610,98694,123002,4,1,1
13042,5422,301,205,28052,27747,1909,28546,36317,1,1,1
13043,5694,235,138,32613,32323,2097,33042,41197,1,1,1
13044,2806,1096,142,79162,78661,1264,79605,84913,7,1,1
13045,48645,47679,146,142233,137654,2096,143966,242532,167,1,1
13046,15631,13277,152,127086,125380,2141,127928,159129,55,1,1
13047,18287,16415,233,102078,99999,2284,103095,140391,67,1,1
13048,13955,12659,162,190506,188541,2888,191402,221202,54,1,2
13049,15165,407,165,101424,101134,2398,101887,119989,1,1,1
13050,21868,20438,178,86415,84064,3208,87586,133403,78,1,1
13051,20950,20646,157,167271,164729,6185,168360,216447,81,1,2
13052,1298,243,139,52418,52137,1403,52868,55943,1,1,1
13053,5528,240,138,731,465,2792,1116,9825,1,1,1
13054,5634,157,137,61208,60941,2930,61598,70619,1,1,1
13055,17509,6234,142,109926,108917,38044,110566,172674,28,1,1
13056,18688,15755,151,136275,134333,2179,137244,174003,61,1,1
13057,26847,26050,165,153468,150842,2254,154744,210214,94,1,1
13058,13093,10383,148,106424,105014,3605,107206,134587,45,1,1
13059,12647,8990,146,131529,130311,2165,132301,156406,38,1,1
13060,6987,284,155,112666,112384,2240,113142,122781,1,1,1
13061,27021,28870,151,102681,99595,2126,103973,162318,107,1,1
13062,20009,18278,141,82496,80388,3212,83502,125317,75,1,1
13063,5840,274,149,74354,74054,2041,74827,83115,1,1,1
13064,58076,39861,166,148374,144418,14561,149986,262807,138,1,1
13065,16811,10803,144,87227,85815,2173,87985,117884,45,1,1
13066,12884,8463,152,108988,107749,16378,109730,147747,39,1,1
13067,15736,10676,140,44718,43346,2187,45526,74250,43,1,1
13068,5491,252,136,40291,39972,2186,40719,48797,1,1,1
13069,5533,262,198,41814,41512,2192,42301,50440,1,1,1
13070,10612,6429,164,99190,98081,8126,99928,125400,29,1,1
13071,24021,18339,148,117977,115810,2138,118974,163788,70,1,1
13072,13945,9417,147,95028,93691,4156,95784,123462,43,1,1
13073,18793,15443,140,115530,113623,2156,116486,153173,64,1,1
13074,46640,32457,210,127509,124202,2864,129020,211274,122,1,1
13075,15202,12583,139,107285,105724,2072,108098,138259,53,1,1
13076,2985,252,136,101936,101656,2910,102376,108663,1,1,1
13077,5861,370,153,97324,97047,2150,97761,106301,1,1,1
13078,28038,28684,192,90549,87336,3213,91893,152151,107,1,1
13079,13571,13395,152,75422,73682,2148,76284,105753,54,1,1
13080,6449,351,141,70310,69983,2233,70756,80100,2,1,1
13081,5607,534,143,82596,82211,2241,83053,91757,3,1,1
13082,66806,46379,169,188720,184173,7313,190471,311279,154,1,2
13083,18601,14204,143,147521,145544,7437,148390,188930,57,1,2
13084,5664,232,140,39244,38948,3077,39680,48972,1,1,1
13085,5815,192,136,26604,26331,2930,27007,36265,1,1,1
13086,5488,458,145,66909,66371,2155,67383,75819,3,1,2
13087,33907,31432,140,137614,134377,5202,138958,209795,112,1,1
13088,11392,9983,260,89455,88117,3371,90335,115236,42,1,1
13089,27420,19141,144,117113,114900,2744,118210,167648,72,1,1
13090,31983,35213,162,115465,112053,2253,116878,186646,120,1,1
13091,16659,16182,159,112266,110400,3200,113357,149728,65,1,1
13092,5605,276,141,68462,68202,1839,68860,76676,1,1,1
13093,4983,194,90,56486,56297,1736,56770,63773,1,1,1
13094,8396,6952,110,42849,41829,3770,43329,62583,39,1,1
13095,9362,7277,98,36994,35966,1828,37452,56016,42,1,1
13096,4308,228,100,37933,37726,1723,38260,44611,1,1,1
13097,4328,322,128,38420,38163,1799,38781,45320,3,1,1
13098,42312,31050,104,76294,73462,24551,77109,175313,140,1,1
13099,10140,4720,96,82681,81805,12876,83087,110916,29,1,2
13100,4288,199,101,18793,18595,2470,19106,26154,1,1,1
13101,24010,23916,104,83359,81031,1712,84093,133834,114,1,1
13102,10191,10365,189,69328,68036,1810,69940,92403,58,1,1
13103,14514,8921,100,59227,58123,1685,59708,84923,49,1,1
13104,21134,24590,108,61362,58977,2736,62099,110660,117,1,1
13105,12680,10850,103,68734,67445,1778,69297,94706,59,1,1
13106,5585,202,98,57640,57397,1762,57964,65603,1,1,1
13107,3364,1507,96,38232,37831,4355,38581,47904,11,1,1
13108,5094,850,94,37691,37375,2276,38011,46323,7,1,1
13109,17341,18958,101,96989,94908,5663,97637,139688,95,1,2
13110,4163,200,101,24508,24309,1794,24816,31067,1,1,1
13111,30360,36269,160,80208,77580,1691,81075,149498,132,1,1
13112,16251,16498,106,75008,73207,2427,75625,110895,86,1,1
13113,17728,17654,119,73189,71396,1796,73845,111126,87,1,1
13114,17421,7516,137,71735,70816,2234,72267,99531,40,1,1
13115,12494,10612,113,62144,60854,1749,62676,87620,59,1,1
13116,18280,9177,98,61271,60176,1688,61741,90981,50,1,1
13117,23597,27651,109,66984,63722,1940,67816,121150,130,1,1
13118,13816,14211,125,62300,60664,2450,63011,93592,75,1,1
13119,4315,210,119,35961,35753,1757,36296,42670,1,1,1
13120,41856,38936,107,104353,100789,4492,105310,190694,174,1,2
13121,13897,9325,97,116942,115582,1800,117445,142561,51,1,3
13122,4661,348,99,28691,28444,2287,29014,36403,3,1,1
13123,39100,29837,199,81781,78954,1718,82727,153650,143,1,1
13124,10899,10860,104,76069,74792,2988,76589,101431,60,1,1
13125,8950,5915,92,74086,73242,1669,74507,91130,36,1,1
13126,18118,18907,108,76574,74596,2510,77242,116878,96,1,1
13127,9743,7726,186,130034,128879,1784,130596,149940,46,1,2
13128,4762,305,104,62981,62750,1805,63307,70276,2,1,1
13129,19542,20325,111,56422,54389,1412,57107,98673,100,1,1
13130,12425,11530,98,52230,50914,1332,52800,78182,61,1,1
13131,3968,190,94,42101,41893,2291,42392,48929,1,1,1
13132,3870,193,97,34397,34218,1510,34689,40346,1,1,1
13133,41809,38151,110,102960,99575,7151,103901,191120,168,1,2
13134,13969,9668,104,84637,83351,5270,85162,114160,53,1,2
13135,3980,196,99,23635,23442,1955,23941,30161,1,1,1
13136,4270,187,92,18171,17939,1734,18470,24760,1,1,1
13137,34531,25541,180,81141,78669,1859,81985,144173,123,1,1
13138,11814,10350,130,78389,77080,1726,78947,102932,58,1,1
13139,25974,27237,110,68800,66225,1717,69590,124623,130,1,1
13140,12179,11687,186,64000,62575,1804,64632,90392,64,1,1
13141,4558,336,97,58951,58692,1656,59276,65916,3,1,1
13142,5586,286,103,55876,55643,1683,56213,63865,2,1,1
13143,42631,14143,109,42522,40978,26745,43105,126910,73,1,1
13144,13228,2008,96,47821,47372,1702,48227,65259,14,1,1
13145,13702,5743,100,31752,30979,11797,32189,63521,32,1,1
13146,22271,12821,103,41981,40664,5594,42523,83304,62,1,1
13147,42314,28208,105,72271,69676,22017,73061,165701,131,1,1
13148,15383,16136,104,77824,76057,1414,78463,111488,85,1,1
13149,4637,197,97,23713,23511,1828,24031,30790,1,1,1
13150,22334,21373,200,71765,69670,1710,72550,118069,103,1,1
13151,15628,7086,97,58440,57558,1688,58872,83366,38,1,1
13152,12530,11221,100,65476,64103,1771,65997,91614,62,1,1
13153,5647,996,96,55141,54815,1696,55471,63903,8,1,1
13154,16342,15255,113,73129,71505,1727,73823,107249,77,1,1
13155,11439,10658,108,54472,53194,1712,55016,78919,58,1,1
13156,41630,42501,109,120834,117138,3835,121810,209880,183,1,2
13157,13277,11932,102,151663,150052,6101,152252,183653,63,1,3
13158,4395,607,94,28057,27777,1757,28370,35222,5,1,1
13159,4300,194,98,24301,24105,2299,24612,31535,1,1,1
13160,25188,23634,129,79309,76920,1679,80065,130670,116,1,1
13161,11579,10143,93,70369,69153,2720,70864,95395,56,1,1
13162,21723,30477,172,75878,73710,2263,76635,131386,102,1,1
13163,9854,8026,165,64822,63760,3177,65369,86519,47,1,1
13164,11198,8253,128,71163,70110,1782,71676,93002,47,1,1
13165,4269,199,99,54137,53924,1709,54453,60717,1,1,1
13166,4084,197,102,54098,53912,1690,54410,60469,1,1,1
13167,21896,23231,184,60827,58469,2581,61647,109457,115,1,1
13168,12553,12331,101,53798,52349,1716,54342,81036,68,1,1
13169,4266,210,102,42521,42318,1896,42846,49311,1,1,1
13170,41382,41806,106,102979,99261,3822,103962,191077,184,1,2
13171,12166,8709,104,103280,102027,7152,103859,131983,48,1,2
13172,4447,952,100,51962,51513,1947,52307,59744,7,1,2
13173,23269,25567,117,77523,75027,1684,78310,128930,124,1,1
13174,9049,7773,100,60451,59438,2459,60918,80292,45,1,1
13175,12235,9756,104,58483,57300,1676,58979,82741,54,1,1
13176,19074,19041,176,73169,71202,1735,73908,113860,95,1,1
13177,11933,10779,95,120118,118713,2247,120631,145685,61,1,2
13178,4871,197,93,54995,54809,1691,55296,62144,1,1,1
13179,19073,20035,147,47800,45800,1853,48525,89585,98,1,1
13180,13223,12281,100,43243,41834,1782,43786,71165,66,1,1
13181,4815,191,100,36098,35906,2319,36407,43821,1,1,1
13182,4324,492,108,38111,37823,1704,38453,45105,4,1,1
13183,41250,40167,109,99521,95896,2757,100487,184763,180,1,2
13184,7345,3743,100,59334,58665,9563,59732,80475,25,1,1
13185,5930,301,140,19469,19248,1731,19822,27885,2,1,1
13186,4261,326,96,21672,21436,1772,21982,28431,3,1,1
13187,4479,197,100,26259,26054,1756,26567,33093,1,1,1
13188,4224,214,98,19037,18833,1716,19342,25584,1,1,1
13189,16813,13983,104,78965,77424,3361,79539,113785,73,1,1
13190,10102,8679,94,53249,52164,2568,53722,75162,49,1,1
13191,10362,9268,102,62381,61274,1672,62874,84270,51,1,1
13192,21504,23430,141,65729,63386,1737,66516,113289,116,1,1
13193,11318,10977,97,62110,60801,1778,62633,86799,61,1,1
13194,4314,210,101,56465,56279,1672,56793,63079,1,1,1
13195,5164,196,95,55736,55549,1737,56046,63233,1,1,1
13196,16656,15107,145,41676,40056,1724,42321,75899,77,1,1
13197,10283,8690,100,39181,38071,1785,39666,60514,50,1,1
13198,4075,196,97,37188,36974,1707,37483,43551,1,1,1
13199,42072,32063,104,73355,70449,21545,74192,170166,149,1,1
13200,19207,18705,106,75195,73270,2157,75853,116014,95,1,1
13201,3468,236,174,24052,23851,1771,24447,30022,1,1,1
13202,22851,20537,112,81643,79583,1717,82329,127529,102,1,1
13203,11382,11340,126,78212,76865,1756,78791,103368,63,1,1
13204,21116,18332,107,116773,114789,2198,117471,159276,90,1,2
13205,19414,9200,115,93001,91716,7160,93505,129372,51,1,2
13206,13108,10736,95,55203,53958,1830,55721,81491,58,1,1
13207,41371,34821,110,108984,105831,8167,109865,194327,154,1,2
13208,13226,11961,188,89282,87799,6501,89929,121713,63,1,2
13209,4751,198,96,35775,35543,1678,36088,42804,1,1,1
13210,4110,196,89,22998,22810,1728,23282,29404,1,1,1
13211,21056,20855,114,77820,75704,1665,78521,122198,103,1,1
13212,14646,14018,106,73542,72003,2279,74118,105147,74,1,1
13213,24025,26784,184,89778,87211,1705,90652,143264,129,1,1
13214,10347,9596,100,72182,71016,2140,72689,94864,53,1,1
13215,5058,202,99,67199,67009,1673,67501,74522,1,1,1
13216,4167,202,92,71266,71054,1718,71618,77788,1,1,1
13217,42783,10743,104,65799,64542,28578,66333,148542,56,1,1
13218,14807,1848,98,39665,39241,9815,40075,66645,13,1,1
13219,7102,889,112,24428,24088,15001,24774,47865,7,1,1
13220,16538,7520,99,29574,28631,11793,30022,65967,41,1,1
13221,22188,11206,95,56185,54871,6454,56707,96642,61,1,1
13222,4604,198,95,40308,40115,1437,40609,46939,1,1,1
13223,41857,34838,112,111899,108774,7445,112858,197284,153,1,2
13224,10606,3751,99,85204,84477,9520,85595,109564,23,1,2
13225,4292,196,98,25005,24800,1755,25318,31651,1,1,1
13226,4694,194,99,25780,25581,1676,26089,32743,1,1,1
13227,20113,20626,110,77676,75640,1720,78359,120911,102,1,1
13228,9935,6921,140,73924,72891,1705,74435,93088,43,1,1
13229,23677,25345,118,65259,62818,1744,66046,116918,123,1,1
13230,7037,481,91,56490,56230,1923,56797,66327,4,1,1
13231,13891,15043,101,59068,57402,1701,59654,90382,80,1,1
13232,4132,196,137,56360,56145,1729,56721,62869,1,1,1
13233,19500,19812,113,55903,53909,1699,56579,97721,97,1,1
13234,7584,3694,102,79199,78431,1742,79580,92693,24,1,2
13235,4407,193,93,35579,35384,1757,35868,42313,1,1,1
13236,41877,31767,134,107720,104712,4265,108634,186645,147,1,2
13237,4851,2362,97,60289,59794,15721,60650,83677,17,1,1
13238,4452,291,99,17792,17579,1723,18115,24674,2,1,1
13239,4116,197,94,22249,22044,1782,22564,28753,1,1,1
13240,4750,194,110,25656,25455,1694,25981,32720,1,1,1
13241,4182,2590,94,47517,47002,6470,47880,61211,18,1,1
13242,13685,9920,110,62731,61508,1740,63247,88689,55,1,1
13243,15141,14955,101,88185,86552,1775,88839,120800,78,1,1
13244,17832,16587,113,61425,59634,1710,62074,98308,85,1,1
13245,12083,12201,104,57134,55704,1721,57697,83794,66,1,1
13246,10390,368,107,56547,56305,1693,56877,69431,3,1,1
13247,15923,14735,142,40585,39016,1867,41227,73853,74,1,1
13248,10217,8137,95,102833,101667,7755,103301,129500,45,1,2
13249,2427,198,102,42331,42110,2354,42727,47793,1,1,1
13250,4213,195,103,36760,36561,1975,37069,43541,1,1,1
13251,42616,27516,109,71625,69025,23424,72416,166257,128,1,1
13252,16168,15350,143,74868,73174,2216,75511,109337,81,1,1
13253,8797,5196,108,66342,65527,1770,66793,82660,33,1,1
13254,16688,7039,103,57204,56314,2056,57646,83517,39,1,1
13255,13641,14389,103,71867,70281,1849,72448,102419,76,1,1
13256,4208,284,137,54469,54236,2411,54845,61841,2,1,1
13257,21000,22177,107,68004,65833,1846,68730,113856,108,1,1
13258,13656,13102,105,59320,57828,1768,59890,88515,69,1,1
13259,41032,39922,108,118714,115205,4581,119759,205400,175,1,2
13260,12315,10853,103,89886,88502,6359,90414,120032,59,1,2
13261,4498,194,98,23675,23475,1769,23984,30537,1,1,1
13262,4171,195,93,24764,24568,1720,25072,31253,1,1,1
13263,24813,24704,111,77673,75212,2317,78424,130362,121,1,1
13264,16655,15192,153,75757,74101,1825,76414,110199,80,1,1
13265,4716,3709,107,45290,44648,5485,45702,59708,24,1,1
13266,20990,13734,94,66973,65487,1671,67534,104023,71,1,1
13267,9749,7945,102,67939,66892,2380,68411,88579,47,1,1
13268,1624,194,139,61440,61242,2563,61790,66271,1,1,1
13269,20480,23941,108,53870,51597,1746,54602,100872,113,1,1
13270,12606,13522,105,46631,45137,1682,47196,75099,71,1,1
13271,4450,610,96,37567,37278,2536,37903,45596,5,1,1
13272,4109,196,99,34802,34600,1704,35102,41200,1,1,1
13273,41803,48270,150,105470,102147,5859,106431,202474,164,1,2
13274,13150,7813,98,84772,83618,6581,85254,112894,44,1,2
13275,2163,193,111,28160,27927,2610,28490,33552,1,1,1
13276,4217,327,98,17724,17485,1729,18036,24399,3,1,1
13277,4108,192,101,24733,24523,1716,25043,31181,1,1,1
13278,4074,197,100,25026,24831,2189,25338,31892,1,1,1
13279,18443,18468,104,74557,72652,2626,75198,114824,93,1,1
13280,7928,6679,229,50133,49159,3743,50733,69175,40,1,1
13281,12997,11452,96,64195,62874,1720,64719,90981,62,1,1
13282,18592,17241,121,78698,76863,2556,79344,117829,86,1,1
13283,10142,8744,106,57949,56814,1812,58460,79253,51,1,1
13284,4415,195,135,57852,57649,1886,58214,64817,1,1,1
13285,4416,195,127,55945,55733,1769,56278,62747,1,1,1
13286,18949,20497,115,45774,43714,2723,46466,88806,102,1,1
13287,6741,3869,163,71043,70254,1722,71509,83931,24,1,2
13288,4121,192,108,36461,36266,1812,36776,42997,1,1,1
13289,57026,35413,182,105931,102590,5536,106933,205157,163,1,2
13290,7242,4269,107,84947,84248,16049,85445,113135,22,1,1
13291,5564,293,150,28044,27798,2149,28484,36627,1,1,1
13292,4754,182,109,35461,35211,2082,35824,43153,1,1,1
13293,2456,694,150,47543,47177,2478,48038,53811,4,1,1
13294,55766,60582,160,173161,167543,2238,175281,294192,203,1,1
13295,11658,9501,271,119356,118040,2356,120248,144085,40,1,1
13296,26940,16207,201,126111,124231,3114,127140,173723,61,1,1
13297,59629,19815,182,86527,84227,49650,87599,216999,75,1,1
13298,30172,12748,185,87885,86353,14662,88666,146551,55,1,1
13299,8263,2743,106,39971,39406,15119,40365,66588,17,1,1
13300,30372,17307,101,61621,59840,8007,62226,118181,84,1,1
13301,15917,7729,178,52009,50977,2229,52545,78513,43,1,1
13302,11403,388,192,59558,59281,1730,59976,73591,3,1,1
13303,15160,13743,140,41477,39904,1747,42101,72854,70,1,1
13304,8397,5227,144,42739,41921,9619,43220,66562,31,1,1
13305,32571,30444,153,76492,73821,4127,77294,144982,118,1,1
13306,4109,205,150,39818,39595,1977,40197,46588,1,1,1
13307,4051,203,96,38285,38078,1811,38593,44751,1,1,1
13308,9009,4006,95,62365,61628,13689,62751,89550,24,1,1
13309,16758,16444,105,77711,75844,3259,78321,114875,85,1,1
13310,25838,22807,143,94573,92340,1801,95328,145873,109,1,1
13311,8793,5992,135,44819,43952,1783,45308,61970,35,1,1
13312,25039,25819,147,76597,74529,1775,77339,130280,100,1,1
13313,3819,200,133,81398,81135,3427,82255,89821,1,1,1
13314,21708,23298,126,67680,65360,1944,68435,115677,111,1,1
13315,12129,11690,129,50061,48681,3295,50650,77864,64,1,1
13316,4002,198,99,35342,35120,1487,35662,41436,1,1,1
13317,41436,44931,113,115859,111903,3393,116880,206750,194,1,2
13318,11777,9052,151,89715,88446,5335,90270,116537,50,1,2
13319,3526,220,100,26345,26133,1858,26665,32358,1,1,1
13320,3658,1101,92,40427,40080,6199,40760,51816,9,1,1
13321,13880,12175,100,65935,64546,1697,66481,94327,66,1,1
13322,10134,7773,94,70020,68917,1709,70480,90189,46,1,1
13323,20042,16294,148,61334,59594,1774,62001,100214,82,1,1
13324,13032,4726,99,93232,92364,16879,93645,128380,30,1,2
13325,18879,13976,102,53519,52008,2708,54081,89741,72,1,1
13326,4409,275,97,64334,64089,1770,64696,71236,2,1,1
13327,21837,22623,118,60851,58655,1727,61576,107861,108,1,1
13328,10912,10505,92,48838,47623,1693,49336,72539,57,1,1
13329,4350,289,99,41683,41461,1688,41996,48417,2,1,1
13330,41644,40370,107,106444,102872,4905,107400,194421,177,1,2
13331,12270,8547,184,86985,85821,6046,87563,114525,46,1,2
13332,3114,203,91,26931,26747,2710,27228,33343,1,1,1
13333,4210,197,96,16978,16801,1768,17265,23527,1,1,1
13334,4416,358,102,25216,24982,1715,25549,32125,3,1,1
13335,28578,21560,139,84957,82756,2042,85689,137968,107,1,1
13336,13255,12420,101,76875,75424,1751,77425,104942,69,1,1
13337,20040,23052,134,73183,70942,2008,73946,119147,111,1,1
13338,11650,10300,100,58833,57571,1684,59365,83093,59,1,1
13339,5715,196,102,64070,63826,1764,64393,72165,1,1,1
13340,4804,196,92,66338,66140,1690,66721,73503,1,1,1
13341,6358,5095,102,39493,38712,4067,39936,55554,32,1,1
13342,9016,6716,105,35799,34898,1695,36254,53774,39,1,1
13343,4141,194,122,37120,36910,1682,37455,43598,1,1,1
13344,4371,209,99,37501,37279,1716,37820,44203,1,1,1
13345,41959,30629,107,73960,71146,13769,74790,161430,143,1,1
13346,7148,1470,138,79223,78699,4347,79624,92679,11,1,2
13347,3726,232,96,18828,18626,1736,19138,24934,1,1,1
13348,23598,21619,103,79455,77301,1728,80167,127216,105,1,1
13349,10976,10685,100,63745,62489,1687,64261,87703,59,1,1
13350,10275,4359,97,66250,65584,2393,66695,83814,26,1,1
13351,4452,196,97,52469,52261,1723,52812,59275,1,1,1
13352,23764,26317,115,61646,59114,1743,62426,114351,126,1,1
13353,14026,14630,118,57882,56298,1722,58488,88964,76,1,1
13354,7122,203,118,56721,56480,2239,57054,66710,1,1,1
13355,16518,13200,183,41632,40150,1786,42267,73863,68,1,1
13356,16208,15591,104,97066,95213,4568,97677,134139,81,1,2
13357,2960,197,99,23623,23424,2383,23927,29555,1,1,1
13358,6823,5509,100,45596,44805,7461,46056,65941,32,1,1
13359,18549,16077,106,66796,65123,3501,67393,105621,81,1,1
13360,14479,12505,111,82122,80625,3163,82750,112991,69,1,1
13361,20646,21404,130,84209,82070,1795,84951,129087,106,1,1
13362,9491,8280,100,70609,69488,2411,71096,91373,49,1,1
13363,5796,2598,97,66006,65490,1729,66398,76613,18,1,1
13364,6181,197,138,59959,59740,2052,60312,68839,1,1,1
13365,4262,2656,100,52710,52149,5007,53115,65137,20,1,1
13366,15889,17257,106,53207,51036,1979,53882,89126,87,1,1
13367,6340,860,612,67245,66864,2995,68302,78667,1,1,1
13368,53935,54074,195,180221,176180,5380,181954,295481,180,1,2
13369,54486,53289,387,171981,166811,2569,174018,284551,197,1,2
13370,5518,340,144,32265,32026,1731,32657,40351,1,1,1
13371,4245,200,96,28299,28072,1730,28608,34872,1,1,1
13372,4239,197,102,26696,26492,1705,27013,33249,1,1,1
13373,29231,28172,106,97363,94456,1732,98215,157453,134,1,1
13374,9077,7026,95,50763,49819,2887,51220,70304,40,1,1
13375,18553,19291,105,67959,66054,2551,68613,109100,95,1,1
13376,42661,18034,110,92503,90723,21560,93133,175484,86,1,1
13377,20557,6952,104,99056,98122,10104,99566,137284,39,1,1
13378,4793,196,103,63062,62872,1721,63387,70184,1,1,1
13379,9312,2799,101,32187,31651,15920,32556,60682,18,1,1
13380,35857,15708,156,54584,52904,9518,55249,116439,77,1,1
13381,25490,18222,108,67209,65349,2205,67851,113864,91,1,1
13382,20302,20235,111,71980,69952,1811,72707,115155,99,1,1
13383,12422,10332,123,44431,43137,2391,44992,70238,56,1,1
13384,4531,503,98,36864,36608,1724,37171,44021,4,1,1
13385,41347,44861,105,121172,117144,4636,122194,213144,193,1,2
13386,16041,9083,149,154112,152712,7739,154800,187809,39,1,2
13387,6501,925,353,40588,40203,2481,41305,51349,1,1,1
13388,5803,465,150,30027,29698,2220,30460,39091,2,1,1
13389,31303,30335,220,84558,82067,1738,85418,149080,111,1,1
13390,10033,8582,115,76131,74977,1811,76624,97154,48,1,1
13391,4165,360,98,52538,52289,1781,52862,59263,3,1,1
13392,20694,20034,161,69675,67582,1777,70425,113031,98,1,1
13393,8989,6590,100,55999,55057,1692,56452,73813,39,1,1
13394,4191,193,101,57791,57550,1659,58116,64251,1,1,1
13395,6617,200,96,56739,56493,1686,57043,65637,1,1,1
13396,19771,18156,174,47132,45332,1726,47849,87599,86,1,1
13397,11652,11156,103,38701,37371,1676,39224,63803,59,1,1
13398,4094,197,101,37641,37415,1837,37953,44206,1,1,1
13399,49737,37199,154,114631,111185,11916,115614,214574,167,1,2
13400,6541,2840,94,58040,57496,14881,58406,82758,19,1,1
13401,4449,200,174,25630,25401,1826,26041,32612,1,1,1
13402,24754,25082,106,94467,92014,1720,95222,146880,120,1,1
13403,4174,196,91,66456,66261,2186,66757,73401,1,1,1
13404,12204,11976,93,87973,86533,1713,88511,114509,67,1,1
13405,4279,201,101,80376,80152,1932,80755,87274,1,1,1
13406,23253,24607,102,64639,62200,1805,65395,115191,119,1,1
13407,12530,12203,106,63421,61950,2875,63994,91701,68,1,1
13408,41422,43659,106,117261,113373,2188,118266,205636,191,1,2
13409,13758,12751,181,112163,110565,5302,112821,144736,68,1,2
13410,6421,788,95,38863,38543,2322,39191,48811,6,1,1
13411,16063,14170,102,77469,75878,1724,78051,110121,74,1,1
13412,11694,10870,95,74010,72713,1690,74548,98897,60,1,1
13413,23971,26352,147,78311,75807,1744,79141,131307,125,1,1
13414,8223,6227,176,62024,61137,3948,62554,81043,38,1,1
13415,4303,228,135,56411,56159,1724,56771,63136,1,1,1
13416,4269,196,94,54165,53945,1679,54472,60705,1,1,1
13417,21645,23250,151,63980,61652,1766,64776,111538,113,1,1
13418,16052,15707,107,54838,53164,2654,55443,89951,81,1,1
13419,4094,311,99,43051,42817,1811,43378,49687,2,1,1
13420,41482,43617,103,101838,98018,4778,102832,192813,189,1,2
13421,31475,37061,251,107817,104381,2263,108894,179790,165,1,2
13422,4842,1094,102,52590,52134,1858,52940,60828,8,1,2
13423,29458,21345,152,80244,78083,1704,81004,133614,106,1,1
13424,15277,12276,289,97307,95586,1927,98362,128232,56,1,1
13425,18216,20225,195,82926,80707,1729,83744,124016,100,1,1
13426,11537,3249,96,122743,121998,1717,123128,139726,21,1,2
13427,5482,195,92,61821,61636,2047,62125,69937,1,1,1
13428,9916,9947,182,46258,45019,3304,46874,70143,54,1,1
13429,6126,2503,95,72146,71527,1732,72513,82963,17,1,2
13430,4098,196,98,36242,36036,1832,36560,42776,1,1,1
13431,41705,35458,106,96552,93323,5547,97450,180262,159,1,2
13432,9755,4058,137,92698,91895,11102,93205,118221,25,1,2
13433,4391,196,96,23216,23020,1838,23520,30040,1,1,1
13434,4425,194,103,25487,25292,1751,25812,32277,1,1,1
13435,4118,195,161,18881,18687,1847,19248,25498,1,1,1
13436,7970,4377,100,45039,44315,3929,45458,61819,28,1,1
13437,25314,17962,201,113339,111315,14311,114376,172103,68,1,1
13438,10450,9485,178,67909,66787,1995,68794,90862,43,1,1
13439,11464,6046,15865,84748,83876,15487,101111,134207,34,1,1
13440,20660,21865,151,70765,68400,1711,71527,115859,107,1,1
13441,12047,10876,115,59203,57853,1803,59749,84578,61,1,1
13442,4325,213,100,57111,56875,1716,57431,63774,1,1,1
13443,4871,194,103,70374,70166,1742,70733,77627,1,1,1
13444,15070,13640,102,41970,40429,1742,42535,73079,71,1,1
13445,10937,9386,99,45334,44188,1775,45833,68028,53,1,1
13446,1940,195,89,37473,37280,2452,37758,42434,1,1,1
13447,42498,29375,121,73917,71176,28346,74754,175064,137,1,1
13448,15293,14764,102,87444,85863,2673,88071,120913,77,1,1
13449,6958,218,102,40108,39906,1766,40424,49460,1,1,1
13450,24791,24097,108,83562,81205,1737,84300,135027,115,1,1
13451,8109,5579,102,64980,64157,9405,65407,88589,35,1,1
13452,16391,16470,212,104473,102812,4085,105538,142600,76,1,1
13453,8346,3155,182,65333,64755,1987,65819,79407,21,1,1
13454,22929,26717,101,62306,59750,1721,63075,114543,126,1,1
13455,10284,9178,108,55015,53864,2524,55526,77601,52,1,1
13456,41938,48860,146,109793,106273,5066,110788,206784,170,1,2
13457,14195,12704,101,90162,88655,5349,90699,123043,65,1,2
13458,4281,197,113,25865,25653,1783,26182,32539,1,1,1
13459,22147,20521,104,77868,75808,1772,78557,123099,102,1,1
13460,12661,11927,178,77257,75859,2052,77907,104642,64,1,1
13461,19065,18534,127,70310,68369,1800,70989,110489,93,1,1
13462,18657,7236,98,65039,64085,1655,65488,93133,41,1,1
13463,10431,9609,95,73624,72407,1707,74126,95965,55,1,1
13464,3691,191,176,63120,62930,2159,63505,69644,1,1,1
13465,19726,21841,105,60108,57990,1710,60799,104178,104,1,1
13466,10974,10055,107,51820,50569,2545,52329,75993,55,1,1
13467,3266,195,93,40981,40790,2175,41278,47012,1,1,1
13468,41795,50824,146,121219,117553,3644,122291,218650,179,1,2
13469,14604,11058,106,92697,91300,5233,93242,124229,59,1,2
13470,4400,195,97,25286,25050,1753,25608,32047,1,1,1
13471,4080,193,104,25342,25154,1793,25667,31822,1,1,1
13472,25894,24707,103,79256,76808,1715,79999,132410,121,1,1
13473,9247,6042,139,77252,76403,2354,77738,95477,36,1,1
13474,18388,12504,105,83362,81994,1799,83924,116710,65,1,1
13475,23679,24990,108,77156,74760,1849,77918,128537,120,1,1
13476,12377,11155,104,58500,56839,1714,59029,84367,62,1,1
13477,5980,197,134,63328,63140,1720,63677,71663,1,1,1
13478,4232,197,96,55405,55223,1680,55708,61901,1,1,1
13479,5652,3636,123,45315,44675,4479,45737,59600,24,1,1
13480,5648,196,92,41904,41719,1680,42202,49812,1,1,1
13481,12721,11622,100,40949,39617,1704,41472,67614,62,1,1
13482,4887,603,92,36512,36239,1665,36817,44062,5,1,1
13483,41631,40200,184,102800,99131,4132,103844,189909,179,1,2
13484,8843,2499,92,75952,75326,9355,76321,97111,17,1,2
13485,4176,209,100,22491,22292,1721,22812,29012,1,1,1
13486,4440,194,101,25034,24847,1970,25355,32049,1,1,1
13487,3138,1373,96,44043,43659,937,44392,49930,11,1,1
13488,29164,34061,101,71914,68805,1694,72786,137798,160,1,1
13489,12856,12976,218,88663,87372,1709,89711,117380,57,1,1
13490,21565,23940,106,63165,60848,1789,63914,111311,115,1,1
13491,12245,12428,100,54997,53502,1990,55541,82304,67,1,1
13492,5411,196,142,57770,57570,2327,58130,66157,1,1,1
13493,15444,11912,109,40577,39205,1782,41127,70365,64,1,1
13494,20683,11551,137,107028,105553,6483,107612,146431,62,1,2
13495,4280,195,98,43188,42963,2630,43505,50698,1,1,1
13496,4520,197,101,38315,38111,1852,38623,45281,1,1,1
13497,52777,36152,145,75607,72479,13783,76546,179359,160,1,1
13498,12048,9292,100,70077,68925,2274,70577,94287,53,1,1
13499,4127,198,100,22865,22650,2569,23204,30189,1,1,1
13500,11624,9758,100,54164,52984,4496,54701,80670,54,1,1
13501,15660,8608,100,63434,62289,1752,63909,90024,47,1,1
13502,18823,20180,184,71950,69910,3025,72724,114854,100,1,1
13503,4131,193,165,54848,54639,2207,55228,61850,1,1,1
13504,20010,19739,115,62491,60460,1777,63169,104794,98,1,1
13505,11656,11053,105,56155,54835,2100,56690,81600,62,1,1
13506,41661,40816,213,114662,111172,4596,116391,203568,167,1,2
13507,16986,13794,169,183170,181382,2685,184029,217786,57,1,3
13508,4673,354,151,32957,32693,2091,33368,40648,1,1,1
13509,29154,39341,329,99038,95583,2378,100502,171530,100,1,1
13510,8502,5813,131,68916,68056,2237,69409,86060,35,1,1
13511,16520,12869,115,73954,72491,1749,74518,105757,68,1,1
13512,21472,22219,131,77060,74782,1767,77788,123345,108,1,1
13513,11745,10662,153,70030,68736,1776,70611,94896,59,1,1
13514,4783,303,91,114686,114364,1705,114983,121865,2,1,2
13515,18182,19450,106,58249,56364,1732,58899,98362,92,1,1
13516,14050,14319,101,60644,59097,1836,61263,91571,73,1,1
13517,4348,217,103,37563,37354,2300,37888,44849,1,1,1
13518,42057,32354,114,124248,121114,15052,125119,214693,151,1,2
13519,9419,1246,101,19740,19391,1780,20078,32617,9,1,1
13520,13764,8482,98,61211,60175,11834,61683,95854,47,1,1
13521,6291,1125,92,27033,26681,1729,27365,36599,9,1,1
13522,4486,207,87,28330,28143,1691,28616,35083,1,1,1
13523,4161,199,86,18081,17894,1990,18362,24801,1,1,1
13524,4244,201,105,29551,29337,1853,29902,36291,1,1,1
13525,4712,195,98,25872,25667,1777,26190,32964,1,1,1
13526,15950,14186,101,71941,70385,5129,72506,107869,74,1,1
13527,17536,19160,147,80305,78232,1803,81032,119637,99,1,1
13528,22786,23848,131,77859,75504,1767,78657,127171,114,1,1
13529,13736,12777,160,62274,60830,1728,62886,91226,69,1,1
13530,4247,184,103,62627,62431,1694,62955,69185,1,1,1
13531,4076,198,101,57385,57190,1843,57712,63920,1,1,1
13532,17809,18403,105,52883,50936,1701,53532,91556,93,1,1
13533,12110,10036,145,41123,39885,2153,41682,66086,55,1,1
13534,5759,197,97,43835,43631,1678,44149,51874,1,1,1
13535,4356,201,90,35734,35526,1717,36018,42380,1,1,1
13536,7879,4730,101,82929,82066,11147,83355,107217,29,1,2
13537,6086,1786,92,58564,58124,12316,58908,79187,13,1,1
13538,4239,187,104,19095,18889,1760,19417,25701,1,1,1
13539,4094,193,100,22931,22734,1686,23238,29315,1,1,1
13540,19827,27601,191,70307,68450,2210,71040,120789,88,1,1
13541,12338,5352,103,79280,78392,1720,79697,99203,30,1,2
13542,13639,11967,103,80987,79633,1724,81528,108952,64,1,1
13543,19671,19322,114,61889,59910,1684,62567,103347,97,1,1
13544,12323,12182,182,111987,110419,1730,112616,138942,66,1,2
13545,11456,386,177,61729,61464,1735,62177,75909,1,1,1
13546,15509,12722,129,40524,39100,1837,41121,71288,66,1,1
13547,19249,18437,100,104149,102112,4587,104790,147157,92,1,2
13548,4586,203,184,36993,36782,1828,37396,44107,1,1,1
13549,3358,230,97,37758,37542,1749,38059,43485,1,1,1
13550,42412,30954,110,109201,106299,38825,110028,222312,140,1,2
13551,11260,5340,127,60882,60125,16666,61333,94687,30,1,1
13552,18190,18342,108,76631,74634,2105,77282,116019,92,1,1
13553,8875,4448,150,65878,65173,1792,66350,81555,28,1,1
13554,12702,11535,98,81934,80579,2469,82483,109279,64,1,1
13555,4795,509,104,67537,67260,1655,67873,74929,4,1,1
13556,17441,17707,110,58436,56550,1690,59092,96035,91,1,1
13557,15898,18003,181,56360,54451,1726,57084,92816,92,1,1
13558,4351,193,99,35893,35637,2170,36193,43045,1,1,1
13559,41902,39309,105,103315,99859,5383,104240,190938,169,1,2
13560,13757,11395,102,88730,87277,5766,89257,120266,61,1,2
13561,4317,193,174,25160,24952,2215,25549,32367,1,1,1
13562,4403,195,97,24733,24543,1680,25033,31404,1,1,1
13563,26855,25581,127,79876,77353,1810,80679,135032,127,1,1
13564,10195,6739,144,71192,70214,3292,71702,92022,40,1,1
13565,19385,18066,104,87524,85570,2458,88222,128231,93,1,1
13566,8959,5902,100,57265,56398,1726,57733,74413,37,1,1
13567,6384,1737,102,57713,57281,1707,58086,68007,13,1,1
13568,4084,202,93,54929,54739,1739,55245,61362,1,1,1
13569,19400,21262,112,58366,56156,2264,59089,102116,106,1,1
13570,10990,8833,142,89386,88116,1712,89926,111571,51,1,2
13571,4578,197,97,42258,42052,1751,42560,49177,1,1,1
13572,41681,40674,104,107334,103709,4955,108302,195714,178,1,2
13573,14212,10782,105,86227,84865,5556,86744,117388,57,1,2
13574,16676,188,187,27880,27687,1725,28273,46953,1,1,1
13575,4336,198,88,16856,16662,1686,17133,23438,1,1,1
13576,4256,198,102,25701,25491,1864,26009,32416,1,1,1
13577,16776,14898,101,77593,75955,2894,78181,112848,78,1,1
13578,11266,11659,100,75935,74596,1753,76459,101226,62,1,1
13579,20307,21713,106,81009,78820,1732,81772,125628,107,1,1
13580,11920,11633,108,57787,56414,1720,58325,83699,63,1,1
13581,6773,199,98,75144,74919,1726,75456,84248,1,1,1
13582,4234,202,101,55564,55381,1740,55875,62139,1,1,1
13583,2470,1834,97,45002,44568,4874,45359,54635,13,1,1
13584,8540,3927,184,43969,43314,1743,44456,58758,25,1,1
13585,10759,8660,96,44121,43007,1770,44606,65896,49,1,1
13586,4171,196,98,36666,36463,1921,36972,43356,1,1,1
13587,4226,186,96,37047,36855,1685,37356,43552,1,1,1
13588,33809,31844,110,98792,95594,1726,99649,167130,148,1,2
13589,13336,6261,101,60267,59405,16188,60701,96583,37,1,1
13590,4543,197,136,19019,18806,1459,19369,25671,1,1,1
13591,24156,25054,103,82244,79805,2467,82995,134773,122,1,1
13592,11389,10613,101,74369,73055,2193,74903,99192,60,1,1
13593,18740,17784,106,59862,58004,1709,60509,98843,91,1,1
13594,13905,12642,150,114296,112688,1850,114905,143392,69,1,2
13595,7018,214,141,58941,58753,1750,59305,68390,1,1,1
13596,42268,9852,102,39534,38326,26815,40037,119072,53,1,1
13597,11242,10113,100,93216,91837,1832,93730,117009,57,1,2
13598,14004,8339,144,36326,35247,3048,36854,62343,47,1,1
13599,19876,15997,112,78085,76349,1654,78715,116339,84,1,1
13600,13767,12153,283,71728,70586,1764,72518,100314,50,1,1
13601,23282,24159,104,92426,89957,1760,93214,142516,119,1,1
13602,9912,9388,94,73518,72377,2276,74005,95677,52,1,1
13603,5681,1622,101,67150,66698,1978,67520,76892,13,1,1
13604,5436,208,89,59240,59047,2417,59538,67699,1,1,1
13605,449,212,99,23722,23513,934,24042,25730,1,1,1
13606,32316,42844,137,65430,62553,1813,66322,143391,147,1,1
13607,18572,18638,105,51123,49165,2076,51772,91224,95,1,1
13608,3905,219,121,34569,34367,1462,34897,40583,1,1,1
13609,41839,35293,108,114925,111707,4844,115805,197880,155,1,2
13610,15055,10314,102,93589,92255,6627,94094,126187,55,1,2
13611,2723,206,234,27926,27728,2808,28375,34209,1,1,1
13612,4151,203,97,27345,27161,1777,27638,33859,1,1,1
13613,4446,195,101,24647,24447,2306,24965,32001,1,1,1
13614,15489,13907,108,98809,97104,1801,99394,130691,74,1,2
13615,9578,8523,101,70098,68994,1775,70585,90551,49,1,1
13616,21790,22425,192,71609,69336,1714,72416,118448,113,1,1
13617,13496,13605,102,62795,61253,1705,63361,92258,73,1,1
13618,4115,195,97,66316,66053,1984,66628,73029,1,1,1
13619,4217,204,107,56141,55906,1708,56477,62699,1,1,1
13620,21764,38270,184,62976,60436,1779,63836,125749,126,1,1
13621,14225,15020,101,44646,43008,2056,45229,76625,77,1,1
13622,4758,378,99,36642,36404,1910,36957,44093,3,1,1
13623,41278,43421,135,107992,104119,4187,109019,198004,190,1,2
13624,13173,9496,107,86670,85400,5492,87170,115426,51,1,2
13625,4832,194,144,26428,26237,1706,26784,33611,1,1,1
13626,4425,314,99,18927,18694,1759,19256,25844,2,1,1
13627,29194,28008,104,81925,79187,1669,82743,141717,135,1,1
13628,11830,9428,102,74867,73683,1646,75366,98367,54,1,1
13629,15163,13760,138,63569,62014,1712,64223,94960,74,1,1
13630,7997,6357,100,55677,54771,1778,56116,72340,39,1,1
13631,4643,194,102,57071,56839,1667,57387,63980,1,1,1
13632,7090,196,105,56528,56331,1648,56843,65866,1,1,1
13633,18781,28246,178,46276,44425,1753,47008,95887,90,1,1
13634,7674,5516,95,35690,34868,1805,36111,51197,34,1,1
13635,4223,196,100,36769,36562,1668,37088,43265,1,1,1
13636,29745,24872,104,107818,105356,1728,108560,165014,119,1,2
13637,7624,3856,138,60667,59990,16476,61115,89165,25,1,1
13638,4230,202,100,35025,34806,1734,35438,41701,1,1,1
13639,7291,2142,96,50564,50016,2258,50933,62717,15,1,1
13640,11846,4858,103,92724,91867,23208,93143,133148,29,1,2
13641,14637,10257,120,46809,45599,5946,47349,78286,56,1,1
13642,18806,11879,102,62219,60847,3241,62756,96772,62,1,1
13643,21845,23673,111,76414,74005,1734,77197,124550,116,1,1
13644,12675,12808,106,54731,53305,1746,55300,82622,67,1,1
13645,41937,38369,129,108507,105050,5310,109455,195172,168,1,2
13646,12238,11321,93,90216,88792,17096,90732,131478,61,1,2
13647,4195,198,169,25914,25721,1693,26307,32518,1,1,1
13648,27925,28645,104,81462,78710,1775,82275,140723,137,1,1
13649,15985,15495,97,74695,72948,2599,75302,109470,84,1,1
13650,22832,33462,146,68327,66031,1731,69105,127231,114,1,1
13651,16979,7560,99,87380,86339,2606,87838,115086,40,1,2
13652,9373,3909,94,48035,47385,11740,48433,73548,25,1,1
13653,13958,4926,100,57895,57160,2253,58318,79547,30,1,1
13654,18566,17944,120,70537,68572,1809,71331,109756,93,1,1
13655,14576,13644,103,60333,58816,2381,60896,91597,72,1,1
13656,4444,204,100,43829,43627,1861,44149,50752,1,1,1
13657,41097,44484,116,107728,103778,3216,108756,197655,195,1,2
13658,12615,10076,103,95956,94642,5504,96462,124751,55,1,2
13659,4792,196,169,26300,26100,1712,26698,33530,1,1,1
13660,4713,617,91,27260,26983,2514,27578,35507,5,1,1
13661,1898,1366,122,42272,41903,920,42642,46916,10,1,1
13662,37037,38595,102,74191,70674,1823,75140,152688,180,1,1
13663,10705,9069,94,73588,72451,1729,74072,95669,52,1,1
13664,16970,15791,173,59772,58040,2395,60467,95727,83,1,1
13665,16016,12449,108,114622,113040,10175,115191,153928,67,1,2
13666,11197,4910,94,57483,56740,1800,57891,75890,30,1,1
13667,51973,9902,149,65328,64109,28716,65908,156604,54,1,1
13668,21407,7694,96,43561,42597,5158,44028,78376,43,1,1
13669,11192,2947,105,29441,28931,12761,29812,56805,18,1,1
13670,19287,7680,96,33824,32886,6940,34266,68282,41,1,1
13671,12277,3417,96,37621,37027,1716,38001,55502,23,1,1
13672,4151,206,100,36920,36721,1682,37243,43385,1,1,1
13673,41553,32617,107,106587,102884,8766,107442,190480,149,1,2
13674,13303,6435,181,83626,82596,6486,84172,110493,37,1,2
13675,4280,201,95,21426,21243,1711,21720,27998,1,1,1
13676,4134,202,102,24957,24741,1672,25272,31367,1,1,1
13677,4259,199,100,17982,17787,1678,18287,24514,1,1,1
13678,4254,1739,98,53071,43685,6417,53440,65950,13,1,1
13679,14502,12498,105,67972,66541,1726,68525,97345,68,1,1
13680,11475,9526,94,76038,74795,1710,76529,99331,55,1,1
13681,20553,21693,180,65527,63363,1810,66309,110468,107,1,1
13682,11309,9896,107,58884,57643,1919,59403,82620,58,1,1
13683,4266,193,100,56477,56268,1692,56785,63031,1,1,1
13684,6752,193,125,65941,65726,1702,66338,75080,1,1,1
13685,13643,11448,100,40433,39089,2556,40972,68709,62,1,1
13686,9616,9237,120,39473,38301,1745,40010,60703,52,1,1
13687,4566,193,92,38765,38567,1682,39076,45608,1,1,1
13688,42268,37750,106,77623,74249,7445,78563,166125,172,1,1
13689,11853,11251,100,82346,80970,3451,82927,109573,62,1,1
13690,4378,298,102,24117,23887,1777,24443,30991,2,1,1
13691,22537,20967,107,84387,82275,1679,85081,130368,104,1,1
13692,8383,7004,101,66217,65259,1706,66669,83852,41,1,1
13693,23010,5247,173,66408,65634,1794,66925,97081,31,1,1
13694,21059,23020,150,60518,58265,1677,61301,107157,112,1,1
13695,14665,13398,128,58894,57358,1724,59499,89387,72,1,1
13696,41236,37591,106,109917,106446,2511,110841,192282,168,1,2
13697,13893,12556,200,92423,90858,6517,93088,126148,67,1,2
13698,3432,236,111,25520,25282,2102,25848,31708,1,1,1
13699,1444,267,94,37784,37551,944,38099,40841,2,1,1
13700,37389,39592,97,74745,71171,1708,75704,154487,183,1,1
13701,18088,15207,100,85008,83317,1715,85671,120771,82,1,1
13702,25990,28099,103,89754,87060,1770,90565,146524,135,1,1
13703,7403,5684,101,126930,125974,1705,127368,142255,35,1,2
13704,13838,8064,94,70453,69427,1700,70967,94667,45,1,1
13705,19418,22394,107,60954,58762,2283,61671,105871,108,1,1
13706,12863,12599,107,51220,49771,2507,51777,79835,67,1,1
13707,4273,524,95,42800,42531,1843,43129,49866,4,1,1
13708,41683,44959,120,105878,101919,3500,106920,197165,198,1,2
13709,13201,12434,219,98669,97097,5710,99369,130816,67,1,2
13710,4436,196,104,25518,25320,1765,25852,32339,1,1,1
13711,4584,193,111,25682,25483,1770,26014,32664,1,1,1
13712,25682,23796,108,77004,74610,2180,77754,129518,119,1,1
13713,8436,6423,176,85852,84888,2599,86448,104017,38,1,1
13714,16486,13594,101,72807,71275,1797,73370,105337,70,1,1
13715,21941,22198,109,76194,73837,2052,76917,123207,112,1,1
13716,15429,16649,104,61201,59410,2343,61820,96333,87,1,1
13717,5433,202,104,75011,74792,1723,75385,82838,1,1,1
13718,4541,195,97,56391,56158,1945,56695,63462,1,1,1
13719,7720,6882,106,47605,46645,4373,48073,67177,41,1,1
13720,11626,9954,103,40661,39417,2459,41183,65319,57,1,1
13721,4150,190,106,36062,35854,1687,36384,42501,1,1,1
13722,4102,200,117,37682,37487,1686,38011,44151,1,1,1
13723,41617,37902,137,98249,94784,6665,108938,195224,170,1,2
13724,10999,6552,98,81367,80369,2144,81819,101610,39,1,2
13725,4132,198,106,22157,21955,1749,22469,28642,1,1,1
13726,4916,193,102,25247,25057,1689,25567,32454,1,1,1
13727,25723,25334,102,83141,80661,2340,83914,137418,125,1,1
13728,20752,9398,183,95003,93822,1750,95584,127591,53,1,1
13729,22059,30593,164,65249,62950,1799,66046,120609,111,1,1
13730,12722,13159,106,59319,57859,1812,59903,87696,69,1,1
13731,5145,197,86,67279,67084,5012,67624,78069,1,1,1
13732,15928,12920,104,40951,39527,1730,41517,72194,67,1,1
13733,10860,7010,99,101890,100864,7137,102337,127435,40,1,2
13734,4522,197,88,42660,42457,1711,42972,49492,1,1,1
13735,4113,195,99,38181,37978,1666,38492,44561,1,1,1
13736,42283,28789,105,73597,70956,32523,74393,178092,134,1,1
13737,11492,9694,136,72727,71521,1769,73275,96322,55,1,1
13738,4297,205,122,23468,23256,1916,23808,30322,1,1,1
13739,12178,10193,104,58421,57161,5131,58939,86530,58,1,1
13740,14749,8891,95,61071,59978,1676,61551,86958,50,1,1
13741,14383,14586,107,85119,83482,2792,85813,117668,78,1,1
13742,4547,193,101,54061,53861,1808,54369,61011,1,1,1
13743,42500,9016,137,42956,41851,28565,43488,123673,48,1,1
13744,21257,5881,99,36492,35691,13598,36921,77748,34,1,1
13745,24018,6906,99,45185,44296,1729,45628,78374,39,1,1
13746,9047,2842,103,32743,32214,16569,33120,61669,19,1,1
13747,28398,12010,102,75693,74346,9409,76291,126204,63,1,1
13748,10591,2191,93,57881,57271,2166,58295,73355,15,1,1
13749,42587,27066,123,108161,105563,10591,108956,189304,123,1,2
13750,12519,6988,117,86912,85835,9684,87388,116676,40,1,2
13751,5713,201,98,36826,36598,1696,37136,44837,1,1,1
13752,4167,191,99,23282,23092,1748,23569,29772,1,1,1
13753,26066,25281,253,78507,76039,1683,79408,132579,123,1,1
13754,8638,6360,96,68665,67771,2467,69104,86664,39,1,1
13755,27664,23060,151,75735,73078,2143,76540,129696,113,1,1
13756,9610,8683,157,124009,122730,1685,124588,144674,52,1,2
13757,6358,383,93,61501,61274,2233,61818,70876,3,1,1
13758,20599,22337,114,59974,57717,1695,60721,105454,109,1,1
13759,11805,12235,101,46979,45609,1759,47518,73410,64,1,1
13760,4450,197,180,37444,37238,2079,37845,44672,1,1,1
13761,41823,37996,121,106024,102635,4730,106966,191715,167,1,2
13762,12997,9807,102,85907,84598,5932,86406,115414,53,1,2
13763,4543,205,97,26828,26618,1784,27120,33741,1,1,1
13764,4336,198,91,17151,16966,2122,17443,24187,1,1,1
13765,4041,194,108,24868,24667,1705,25185,31215,1,1,1
13766,4249,202,100,24872,24671,2058,25181,31779,1,1,1
13767,6257,3195,98,53114,52533,4661,53587,67802,22,1,1
13768,18840,13627,108,65149,63656,2992,65716,101279,71,1,1
13769,10130,9944,132,77561,76273,7984,78130,106295,57,1,1
13770,19201,18548,109,68893,66941,2187,69557,109601,95,1,1
13771,12412,12464,144,61564,60152,2231,62169,89369,65,1,1
13772,5242,200,101,55623,55422,1810,55946,63321,1,1,1
13773,4459,193,103,56185,55988,1850,56495,63086,1,1,1
13774,18446,18712,108,51627,49664,1700,52297,91256,95,1,1
13775,12839,12822,99,38735,37316,1694,39293,66737,68,1,1
13776,1992,182,134,42599,42387,3266,42952,48496,1,1,1
13777,4314,201,89,35352,35154,1723,35639,41964,1,1,1
13778,5809,2757,100,81895,81230,12371,82278,103306,19,1,2
13779,5558,2343,94,57334,56846,14841,57696,80538,16,1,1
13780,4101,196,100,19196,18996,1707,19520,25612,1,1,1
13781,4262,199,98,23719,23518,1687,24030,30270,1,1,1
13782,22848,23786,106,84283,81956,1782,85015,133534,115,1,1
13783,12382,10188,217,81912,80591,1717,82577,106959,58,1,1
13784,20988,23966,100,64503,62150,1685,65289,112030,116,1,1
13785,10669,9581,100,70999,69793,1763,71550,93662,55,1,1
13786,8656,6217,102,49341,48477,1733,49780,66476,37,1,1
13787,6592,215,100,58717,58475,2192,59069,68177,1,1,1
13788,20501,11954,162,43712,42301,1738,44344,78656,65,1,1
13789,12099,12048,105,100881,99357,5927,101415,131589,64,1,2
13790,4370,194,95,35983,35787,1746,36295,42692,1,1,1
13791,3194,217,119,46524,46316,2563,46909,52993,1,1,1
13792,42154,32064,102,103111,100059,21631,103969,199933,146,1,1
13793,12571,10190,119,76125,74869,1883,76678,101411,57,1,1
13794,21982,19846,153,78800,76719,1902,79517,123350,98,1,1
13795,15998,7628,136,66697,65736,3793,67196,94718,42,1,1
13796,12313,11027,107,66635,65341,1756,67162,92354,60,1,1
13797,17163,9714,95,65739,64585,1771,66225,94974,53,1,1
13798,20295,19787,111,59177,57207,1774,59847,101811,96,1,1
13799,13671,13872,189,49291,47705,2825,49957,80419,74,1,1
13800,4158,194,98,35563,35370,1666,35869,41979,1,1,1
13801,41803,37263,103,105623,102254,5755,106535,191463,165,1,2
13802,12742,11200,105,89884,88469,6015,90436,120490,60,1,2
13803,4192,207,105,35926,35703,1769,36292,42561,1,1,1
13804,4100,182,123,25047,24837,1664,25377,31457,1,1,1
13805,26080,21835,136,78855,76677,1747,79593,129362,109,1,1
13806,12990,11306,139,75777,74393,2600,76372,103371,62,1,1
13807,23778,26882,104,77740,75130,1819,78528,131105,130,1,1
13808,10025,10350,144,64005,62723,1801,64572,86844,57,1,1
13809,6089,195,88,55009,54818,1670,55306,63349,1,1,1
13810,4563,195,104,55800,55602,2383,56113,63342,1,1,1
13811,22035,25036,129,60602,58248,1717,61423,110317,118,1,1
13812,7975,5087,147,86812,85909,1709,87283,102147,31,1,2
13813,4298,314,96,41926,41692,1665,42236,48603,3,1,1
13814,41567,40954,106,106927,103338,5475,107882,195988,179,1,2
13815,9579,5849,105,110679,109677,6843,111116,133487,34,1,3
13816,4387,307,96,17457,17238,2140,17773,24701,2,1,1
13817,3755,202,103,35055,34851,1763,35466,41283,1,1,1
13818,9996,7487,95,49291,48297,4815,49753,72151,44,1,1
13819,15639,11698,100,64854,63505,2892,65379,95708,63,1,1
13820,12392,12185,107,77662,76299,2561,78208,105438,64,1,1
13821,42685,10101,109,82777,81610,27882,83347,164127,52,1,1
13822,18955,6731,101,62864,61994,15946,63315,105041,36,1,1
13823,5767,587,98,72113,71758,2680,72481,81857,5,1,1
13824,30862,14728,237,223367,221640,10580,224119,280404,74,1,1
13825,12679,1102,128,64951,64617,1850,65341,81075,7,1,1
13826,19641,19108,153,48972,46981,1822,49717,90397,92,1,1
13827,8607,6498,100,36684,35764,1695,37154,54043,38,1,1
13828,3276,197,101,37833,37642,2797,38156,44507,1,1,1
13829,4117,374,96,37969,37709,1712,38296,44590,3,1,1
13830,41782,38963,166,136059,132282,5780,137724,224392,160,1,2
13831,8432,3673,126,82821,82081,36588,83469,132463,20,1,1
13832,5925,315,3420,34756,34425,2220,38542,47157,1,1,1
13833,24260,21590,159,145603,142806,2234,146706,195113,87,1,2
13834,23149,12332,159,171741,170028,2516,172584,210887,49,1,2
13835,23583,22166,155,146583,144160,3630,147717,197400,84,1,1
13836,30084,32704,177,96871,93940,2209,98247,163393,118,1,1
13837,13910,14488,147,63658,61879,2162,64462,95119,74,1,1
13838,6281,253,96,60517,60313,1804,60837,69284,1,1,1
13839,16565,14421,141,43539,41936,1717,44180,76986,75,1,1
13840,16803,19199,185,150904,148551,6304,151814,194252,78,1,2
13841,44328,35265,271,86866,83566,1835,87986,169524,157,1,1
13842,12247,10321,106,87603,86331,4773,88169,115611,58,1,1
13843,20091,18399,111,81376,79360,1756,82046,122407,90,1,1
13844,11220,11466,187,65801,64448,1823,66419,91019,63,1,1
13845,9000,657,439,116821,116327,2749,117784,130404,1,1,1
13846,5726,383,183,94413,94034,3477,95021,104779,1,1,1
13847,28192,28818,302,107475,103957,2601,109088,168890,108,1,1
13848,14634,14344,164,62277,60599,1808,62975,93867,74,1,1
13849,41789,37613,118,133695,130003,5318,134718,219535,169,1,2
13850,13711,8411,105,98674,97466,6822,99170,128209,46,1,2
13851,5652,220,94,28980,28771,1843,29284,37090,1,1,1
13852,4318,192,98,26541,26358,1788,26844,33232,1,1,1
13853,4573,208,106,25395,25198,2304,25729,32903,1,1,1
13854,5257,1148,97,81677,81200,1762,82023,90287,9,1,2
13855,14804,9131,102,68187,67089,19007,68678,111712,49,1,1
13856,9812,7844,163,72077,71039,1762,72621,92141,45,1,1
13857,19108,26841,129,71939,69786,1776,72658,120491,103,1,1
13858,11613,9712,140,63772,62544,1729,64336,87489,54,1,1
13859,4636,196,136,57278,57043,1795,57643,64424,1,1,1
13860,4287,205,98,55309,55097,1691,55621,61892,1,1,1
13861,23888,32054,150,92372,89594,1494,93656,151212,129,1,1
13862,13519,13224,161,48921,47314,1580,49582,78009,70,1,1
13863,4197,231,100,37537,37327,1694,37850,44065,1,1,1
13864,44507,32459,176,106648,103510,9159,107592,193822,147,1,2
13865,12725,8886,100,86846,85606,6955,87352,116012,49,1,2
13866,4531,199,100,24173,23954,1821,24493,31130,1,1,1
13867,4649,197,101,18428,18224,1706,18738,25385,1,1,1
13868,22074,20391,104,82257,80071,1721,82953,127243,103,1,1
13869,11640,10235,149,76775,75498,1672,77353,100990,58,1,1
13870,18841,19447,104,60125,58111,1980,60792,101163,97,1,1
13871,10991,8185,95,103431,102265,5288,103897,128458,47,1,2
13872,18937,15860,142,53410,51723,2400,54058,91350,80,1,1
13873,8142,206,121,58553,58341,2082,58890,69412,1,1,1
13874,16619,16965,137,46488,44691,1747,47168,82592,87,1,1
13875,15028,11364,150,40798,39597,2336,41365,70205,53,1,1
13876,4123,232,126,37723,37521,1823,38066,44336,1,1,1
13877,4116,316,97,36987,36744,1780,37308,43612,3,1,1
13878,10140,1331,146,60631,60220,34471,61027,107059,10,1,1
13879,5079,1696,96,57636,57188,18392,57984,83239,14,1,1
13880,4454,193,103,27136,26905,1967,27492,34240,1,1,1
13881,4220,199,133,20270,20039,1745,20616,26877,1,1,1
13882,20372,19919,101,83213,81170,2872,83878,127131,98,1,1
13883,12113,4828,159,78878,78115,2337,79376,98768,29,1,1
13884,15423,13098,212,103019,101650,1755,103889,134302,59,1,1
13885,4319,185,110,67762,67553,1785,68111,74502,1,1,1
13886,22244,22990,106,62161,59849,1769,62897,110003,112,1,1
13887,12702,11125,100,55306,53984,2163,55833,81918,61,1,1
13888,41936,39689,186,110676,107059,4800,111713,198241,175,1,2
13889,11858,9377,104,92996,91727,6201,93514,121043,51,1,2
13890,4089,192,108,25062,24853,2203,25383,31968,1,1,1
13891,15113,11831,111,73844,72491,2044,74399,103492,62,1,1
13892,11839,11503,149,72909,71534,1712,73499,98643,63,1,1
13893,42363,27309,119,74858,72363,12862,75646,158291,126,1,1
13894,4435,220,143,55676,55454,2221,56052,63031,1,1,1
13895,10123,3905,144,44430,43794,10122,44879,69132,24,1,1
13896,20669,15077,114,75883,74235,5762,76496,118102,77,1,1
13897,10846,4866,101,58958,58170,1693,59374,76875,32,1,1
13898,22465,23421,118,59611,57282,2202,60370,108561,114,1,1
13899,19616,22710,192,104131,101672,2648,105258,150374,90,1,1
13900,41401,51870,203,140013,134856,2770,142029,238183,196,1,2
13901,18286,18091,167,103224,101466,6128,104105,146914,72,1,2
13902,4000,750,102,51458,51022,2121,51805,58778,6,1,2
13903,19455,18897,108,91479,89374,1847,92180,132482,95,1,1
13904,12859,12044,106,74907,73444,2286,75467,102750,66,1,1
13905,21928,23248,109,78934,76523,1878,79675,126834,115,1,1
13906,12994,12649,153,69819,68291,1730,70437,97902,70,1,1
13907,5532,197,103,62589,62387,1992,62919,70733,1,1,1
13908,4513,305,116,62071,61846,1893,62403,69208,2,1,1
13909,1727,853,100,44469,44146,5189,44829,52695,7,1,1
13910,11739,7323,194,58619,57770,1728,59336,80417,33,1,1
13911,12405,10975,100,43120,41799,1703,43648,68822,59,1,1
13912,5202,203,172,43415,43217,1738,43812,51082,1,1,1
13913,4302,193,97,36086,35895,1718,36384,42686,1,1,1
13914,3127,572,101,80645,80234,13142,80982,97923,4,1,2
13915,7849,195,92,17764,17579,1731,18053,27918,1,1,1
13916,13858,7598,97,85997,84861,13248,86459,121256,42,1,2
13917,4154,200,99,25358,25150,1745,25673,31860,1,1,1
13918,4217,191,102,18241,18049,1745,18545,24788,1,1,1
13919,15786,14726,111,75765,74156,1710,76406,108732,76,1,1
13920,15103,6432,94,59369,58453,1702,59808,83140,38,1,1
13921,11510,10039,102,78357,77099,1731,78880,102251,56,1,1
13922,21068,21984,135,63820,61557,1728,64571,109454,110,1,1
13923,11951,11603,188,58259,56868,2327,58891,84862,64,1,1
13924,4503,200,100,56521,56318,1721,56836,63354,1,1,1
13925,6578,195,122,55454,55259,1701,55786,64349,1,1,1
13926,2979,862,95,34170,33840,1045,34507,39483,7,1,1
13927,25817,27515,98,44181,41444,1756,44962,100145,131,1,2
13928,4635,195,180,38437,38218,1737,38844,45499,1,1,1
13929,42170,31126,130,74162,71341,20342,75021,168761,143,1,1
13930,15564,21543,105,75576,73911,2659,76192,116053,80,1,1
13931,4472,291,97,23235,22995,1698,23555,30113,2,1,1
13932,21941,25622,153,84918,82908,1716,85926,135318,95,1,1
13933,10639,10826,146,77518,76203,1957,78096,101616,59,1,1
13934,4064,199,102,60391,60177,1756,60712,66818,1,1,1
13935,19819,20868,114,58766,56684,1667,59463,101911,103,1,1
13936,12145,10496,186,56476,55171,1725,57129,81596,59,1,1
13937,41467,39180,195,119794,116258,8480,120823,210052,172,1,2
13938,14440,13022,107,99009,97439,6295,99584,133432,67,1,2
13939,5132,200,101,45018,44812,1692,45326,52446,1,1,1
13940,4224,10182,136,27679,27443,1730,28025,44256,1,1,1
13941,4037,198,100,24123,23924,1716,24498,30572,1,1,1
13942,20949,18356,114,77301,75421,1696,77968,119072,92,1,1
13943,11345,10421,103,71907,70659,1744,72443,96044,58,1,1
13944,26526,27743,116,74182,71534,1707,74994,131073,133,1,1
13945,9939,7938,184,69863,68790,2563,70421,90955,46,1,1
13946,5036,194,92,68197,67995,1691,68501,75519,1,1,1
13947,4052,203,96,54595,54362,1688,54916,60949,1,1,1
13948,19909,18819,114,58029,56046,1702,58696,99225,95,1,1
13949,20214,15984,640,103906,101490,2291,105661,144561,64,1,1
13950,40878,40388,146,110931,107088,4254,112010,197630,179,1,2
13951,9519,6974,104,90865,89813,6915,91325,114839,40,1,2
13952,4091,193,92,24449,24246,2050,24748,31173,1,1,1
13953,4439,196,186,25028,24799,1693,25433,31848,1,1,1
13954,21464,18115,104,77510,75538,1670,78162,119512,93,1,1
13955,11545,11012,113,75380,74057,1692,75914,100253,61,1,1
13956,17061,13666,110,74185,72601,1760,74761,107350,72,1,1
13957,10496,8455,190,60590,59468,1693,61182,81916,50,1,1
13958,6672,199,102,62304,62105,1690,62628,71312,1,1,1
13959,4503,198,97,54950,54771,1659,55239,61687,1,1,1
13960,18755,17930,114,46993,45128,1777,47643,86205,91,1,1
13961,13587,11888,109,51565,50155,1712,52207,79491,65,1,1
13962,4286,339,125,37931,37677,1718,38300,44736,3,1,1
13963,4632,196,107,37136,36933,1696,37462,44073,1,1,1
13964,41736,42593,209,125959,122140,20468,127606,232615,166,1,1
13965,6418,706,126,68504,68122,2353,68992,78651,3,1,1
13966,16047,9917,185,101560,100282,14873,102330,143302,43,1,1
13967,8767,548,199,28799,28466,2192,29303,40977,1,1,1
13968,13881,1742,120,33811,33303,2142,34287,52362,9,1,1
13969,5079,239,131,31956,31673,2003,32357,40007,1,1,1
13970,27663,29612,156,128638,124491,2421,130086,189929,137,1,1
13971,10598,10239,214,71263,69980,2854,71909,95701,57,1,1
13972,12546,9825,97,69430,68217,1869,69930,94263,55,1,1
13973,19102,19827,140,65549,63419,1864,66274,107165,96,1,1
13974,13874,13397,100,114533,112918,2419,115111,144895,70,1,2
13975,17840,15479,112,40821,39195,1773,41418,76608,76,1,1
13976,11990,11749,158,100393,98899,4173,101020,140215,62,1,2
13977,4302,202,102,38480,38280,1786,38800,45184,1,1,1
13978,41922,31142,110,74524,71727,23847,75365,172375,142,1,1
13979,11814,10467,100,73240,71999,1818,73757,97950,57,1,1
13980,4185,211,130,24823,24619,1781,25179,31450,1,1,1
13981,4345,2331,92,49078,48603,4822,49433,61029,16,1,1
13982,16767,15142,106,77347,75722,1727,77940,111663,78,1,1
13983,10708,10326,125,77479,76170,1802,78021,100955,58,1,1
13984,7007,1848,93,66254,65803,1884,66599,77430,14,1,1
13985,23800,25471,140,63721,61250,1748,64540,115656,122,1,1
13986,13255,12671,104,56415,54997,2127,56967,85113,67,1,1
13987,8413,6366,103,95244,94250,10158,95697,120732,36,1,2
13988,12124,9419,100,98793,97537,5291,99341,126273,50,1,2
13989,5769,201,102,38531,38326,1742,38854,46660,1,1,1
13990,4203,195,95,23716,23531,1673,24001,30159,1,1,1
13991,21238,19541,113,78305,76317,1710,78984,121574,96,1,1
13992,10518,8227,108,72897,71840,1705,73387,93928,47,1,1
13993,22569,28266,467,111302,107780,2300,113003,166285,119,1,1
13994,9864,6672,283,208113,206749,2485,208873,228190,33,1,2
13995,7500,1206,307,117108,116640,3068,117840,129759,5,1,1
13996,31404,35179,300,108242,104731,2269,109888,179057,126,1,1
13997,16926,14995,183,80243,78418,2226,81261,115587,60,1,1
13998,6801,314,144,64471,64165,2214,64939,74583,1,1,1
13999,56500,54847,149,142163,137810,2744,143877,258284,199,1,2
14000,30448,30928,472,204227,199460,2902,207221,271886,106,1,3
14001,5533,398,188,32684,32309,2172,33224,41610,1,1,1
14002,6104,319,183,39100,38785,2204,39671,48441,1,1,1
14003,5599,251,141,42110,41836,2106,42580,50671,1,1,1
14004,5882,2033,133,71862,71278,6863,72382,87461,11,1,1
14005,23752,20827,155,109771,106715,2988,110932,158811,79,1,1
14006,21652,22191,611,132054,129837,2311,134397,180799,76,1,1
14007,18810,20178,189,74857,72716,1882,75689,116664,99,1,1
14008,14514,7337,100,107485,106393,8875,107952,138773,41,1,2
14009,13385,7905,148,49397,48399,7527,49926,78848,42,1,1
14010,9040,3168,100,78267,77610,2153,78683,93155,20,1,1
14011,24457,23203,472,92875,90279,2471,94698,145403,86,1,1
14012,14619,10973,202,74250,72532,2503,75172,103449,46,1,1
14013,5073,436,150,70835,70514,3448,71320,80414,1,1,1
14014,5708,731,317,41557,41304,1774,42165,50501,2,1,1
14015,2450,252,132,26007,25811,11538,26369,40708,1,1,1
14016,27463,22758,108,71431,69100,6271,72120,128702,108,1,1
14017,9762,4200,103,58542,57853,22226,58950,95230,26,1,1
14018,4192,206,102,19545,19324,1714,19861,26067,1,1,1
14019,4668,193,97,23321,23122,1827,23639,30425,1,1,1
14020,9829,3764,104,49621,48948,1813,50026,65532,24,1,1
14021,9082,2689,95,58484,57954,20237,58841,90937,18,1,1
14022,11500,8984,137,73218,72033,1759,73747,96084,50,1,1
14023,18084,11569,100,63995,62702,2234,64508,96482,60,1,1
14024,19296,19664,107,61961,59936,1766,62637,103463,98,1,1
14025,11902,11166,95,55471,54131,2202,56005,81366,62,1,1
14026,6081,200,195,58033,57809,1711,58452,66537,1,1,1
14027,15056,14585,112,41290,39694,1765,41900,73410,77,1,1
14028,15954,11792,108,99283,97815,5768,99822,133434,63,1,2
14029,4232,193,100,36713,36525,1650,37048,43211,1,1,1
14030,2143,200,118,37812,37608,2208,38147,42788,1,1,1
14031,42351,33376,182,75274,72202,15685,76248,167763,154,1,1
14032,9234,7919,105,45310,44295,2708,45783,65733,45,1,1
14033,14298,13220,100,66535,65083,1729,67096,96429,70,1,1
14034,21749,21664,101,91630,89488,1784,92339,137635,106,1,1
14035,9527,8634,190,119950,118675,1915,120530,140699,50,1,2
14036,15639,12473,108,71392,70036,3216,71962,103391,63,1,1
14037,23931,25394,114,62300,59866,1688,63063,114174,121,1,1
14038,12905,13037,102,68541,67030,2055,69155,97249,71,1,1
14039,41530,44012,100,109702,105734,5042,110726,201414,196,1,2
14040,1282,194,85,23555,23341,11689,23848,37103,1,1,1
14041,26627,26056,101,71908,69408,5845,72675,131296,126,1,1
14042,7950,1717,100,21064,20653,2079,21416,33247,12,1,1
14043,3542,199,97,23116,22929,3727,23416,30974,1,1,1
14044,4424,264,145,26194,25966,1806,26577,33171,2,1,1
14045,19664,15269,101,75818,74192,1711,76425,113165,79,1,1
14046,9203,6872,173,69801,68867,1678,70321,88163,40,1,1
14047,18472,18120,105,62864,60955,1740,63516,101949,92,1,1
14048,12149,4560,202,61255,60550,2176,61773,80750,28,1,1
14049,8380,6577,99,58261,57343,1803,58709,75559,40,1,1
14050,13416,6427,101,59224,58373,3804,59664,83401,37,1,1
14051,21749,23061,144,53353,51130,1768,54113,100791,111,1,1
14052,10545,9925,100,54883,53692,2684,55431,78680,54,1,1
14053,4183,354,105,37333,37104,1711,37679,44019,2,1,1
14054,4314,195,125,34328,34127,1680,34675,40954,1,1,1
14055,42106,37785,127,114733,105821,7564,115691,203272,168,1,2
14056,8361,3863,102,106599,105802,6573,107002,125889,22,1,3
14057,5057,320,94,18024,17790,1427,18339,25233,3,1,1
14058,3777,201,101,24907,24700,2191,25223,31481,1,1,1
14059,5128,2708,10499,45398,44841,4837,56264,69030,18,1,1
14060,14913,7830,112,63638,62631,4313,64112,91254,44,1,1
14061,9880,9247,99,59879,58719,1824,60373,81405,52,1,1
14062,20890,13420,102,69699,68214,6165,70278,110839,71,1,1
14063,20898,21514,135,73223,71053,1712,73971,118194,107,1,1
14064,12546,13134,181,59676,58142,1778,60326,87875,72,1,1
14065,6211,197,89,61358,61163,1686,61645,69829,1,1,1
14066,5375,197,91,55166,54985,2722,55462,63834,1,1,1
14067,6500,4425,103,39305,38574,3789,39740,54557,29,1,1
14068,8863,6966,103,47159,46202,1773,47709,65408,41,1,1
14069,4402,198,101,44059,43831,2139,44392,51239,1,1,1
14070,5602,288,163,62855,62510,3059,63317,72387,1,1,1
14071,41587,36640,171,154690,149705,8511,156345,243214,163,1,2
14072,8049,5303,139,77983,77200,8604,78483,100541,29,1,1
14073,4208,237,133,22631,22401,1814,22989,29351,1,1,1
14074,4771,359,138,50345,49989,1784,50703,57718,2,1,2
14075,19451,16795,104,82271,80312,6876,82902,126117,85,1,1
14076,10278,9583,114,61704,60506,2951,62225,85134,54,1,1
14077,11041,10030,100,61465,60298,2297,61974,85436,54,1,1
14078,20391,31653,153,61877,59849,1778,62614,116532,99,1,1
14079,13521,13710,100,59489,57932,1778,60050,89154,72,1,1
14080,8817,251,101,58010,57820,1733,58348,69255,1,1,1
14081,15760,11142,121,39421,38125,2202,39978,69178,60,1,1
14082,14147,13435,104,99331,97672,15807,99899,143379,70,1,2
14083,25704,22931,138,81103,78799,1732,81890,132356,114,1,1
14084,16235,16658,100,76707,74893,2803,77323,113109,88,1,1
14085,9222,8028,97,56117,55066,3951,56608,77903,46,1,1
14086,12945,9438,147,99456,98118,24346,100011,146836,54,1,2
14087,14574,11946,103,69221,67783,4308,69767,100691,67,1,1
14088,22207,23359,108,65914,63560,2422,66657,114743,115,1,1
14089,12344,12020,141,49994,48538,1746,50608,76819,67,1,1
14090,4202,293,103,35827,35580,1804,36149,42542,2,1,1
14091,41340,41644,108,127179,123483,2728,128169,213982,184,1,2
14092,16391,12707,106,94243,92725,5557,94803,129551,65,1,2
14093,4824,197,100,38481,38291,1720,38897,45726,1,1,1
14094,4465,195,88,26065,25874,1686,26342,32777,1,1,1
14095,4106,205,101,24957,24761,2227,25269,31895,1,1,1
14096,4246,261,98,25300,25076,1766,25606,31979,2,1,1
14097,22098,23895,96,77750,75433,2571,78467,127127,116,1,1
14098,10174,8258,107,69137,68046,2723,69645,90893,49,1,1
14099,19077,22852,165,113634,109605,4553,114899,161568,98,1,1
14100,4851,572,245,66013,65667,1976,66602,74105,3,1,1
14101,12540,12200,103,66032,64408,1844,66578,93251,67,1,1
14102,4370,198,100,56908,56710,1808,57226,63694,1,1,1
14103,21758,21214,105,73424,71215,2491,74159,119722,104,1,1
14104,13002,13565,100,49576,48035,1702,50157,78513,72,1,1
14105,4855,195,101,42586,42374,2092,42912,50155,1,1,1
14106,4514,193,88,40992,40803,1672,41271,47742,1,1,1
14107,41688,35878,117,103050,99765,6546,103959,188173,160,1,2
14108,9252,4720,102,121950,120976,3265,122450,139787,28,1,3
14109,4430,195,102,18856,18632,1691,19184,25590,1,1,1
14110,18091,16814,101,80214,78407,1729,80841,117569,85,1,1
14111,9374,7407,116,79608,78603,1813,80103,98796,44,1,1
14112,32720,24149,144,67196,64833,1723,68002,126697,117,1,1
14113,13433,12764,108,61848,60349,1721,62416,90433,69,1,1
14114,4682,194,95,56080,55868,1697,56380,63043,1,1,1
14115,5455,195,101,56427,56208,1803,56755,64305,1,1,1
14116,42860,22312,144,78402,77024,28666,79003,172948,65,1,1
14117,21357,3680,101,40830,40221,4253,41227,70614,23,1,1
14118,13664,4972,97,33833,33082,12891,34236,65854,30,1,1
14119,21075,9966,90,40339,39181,6637,40825,78591,54,1,1
14120,14967,3952,95,37691,37021,1711,38092,58812,26,1,1
14121,4288,192,99,36348,36150,1737,36656,42970,1,1,1
14122,4546,197,103,36911,36717,1718,37234,43789,1,1,1
14123,10005,3676,101,61612,60996,24619,61994,100378,23,1,1
14124,5668,2723,97,69257,68690,14062,69678,92226,19,1,1
14125,4186,194,96,21729,21509,2031,22028,28526,1,1,1
14126,3430,228,101,19750,19547,2039,20065,25853,1,1,1
14127,14502,15979,104,65315,63629,4750,65915,101237,81,1,1
14128,8809,3938,101,69042,68403,1779,69435,84057,25,1,1
14129,15385,16171,106,88025,86261,2015,88645,122311,85,1,1
14130,4405,192,183,67711,67510,1760,68108,74561,1,1,1
14131,2648,1638,93,64857,64387,5295,65215,74904,12,1,1
14132,13416,10960,106,77646,70427,1892,78322,104686,60,1,1
14133,11255,10687,99,60101,58793,2376,60621,85032,59,1,1
14134,42530,30042,121,120218,117315,4676,121090,198443,134,1,2
14135,11058,10512,106,90697,89359,7701,91214,120576,56,1,2
14136,4010,193,98,24902,24669,1613,25207,31116,1,1,1
14137,24114,23031,134,79615,77329,2008,80367,129623,113,1,1
14138,12671,11393,101,84409,83066,2356,85006,111519,63,1,1
14139,21892,23125,137,76841,74594,1767,77597,124486,112,1,1
14140,10613,8879,101,118087,116812,2348,118596,140531,52,1,2
14141,4776,412,198,54399,54150,1700,54839,61818,3,1,1
14142,22748,23428,182,96527,93638,2191,97745,146269,95,1,1
14143,20189,21015,444,83656,80785,2359,85149,128887,91,1,1
14144,45250,36881,164,110479,106851,6224,111470,199925,163,1,2
14145,13666,7966,153,95736,94588,8106,96276,126112,44,1,2
14146,4893,941,129,54705,54246,1750,55086,62802,7,1,2
14147,24859,23027,130,82014,79559,1697,82773,132459,115,1,1
14148,7948,6556,105,49227,48296,2844,49685,67128,39,1,1
14149,22547,20642,151,69427,67372,2660,70147,116099,101,1,1
14150,22682,25204,109,80783,78300,1756,81562,131303,124,1,1
14151,12973,13316,102,70280,68718,1713,70858,98950,72,1,1
14152,2301,192,92,61412,61194,2344,61717,66646,1,1,1
14153,4203,196,139,63001,62818,1869,63344,69708,1,1,1
14154,13541,13634,111,52398,50882,1737,52989,82000,72,1,1
14155,12375,11060,113,41903,40587,1706,42439,67675,61,1,1
14156,5641,209,101,42676,42464,1691,42991,50622,1,1,1
14157,7982,200,89,35909,35718,1804,36212,46285,1,1,1
14158,41822,37937,114,116684,113197,3006,117681,200546,171,1,2
14159,11484,7312,104,83908,82766,5581,84384,108850,42,1,2
14160,4400,204,103,25052,24855,1761,25364,31819,1,1,1
14161,4041,200,103,18452,18256,1730,18773,24834,1,1,1
14162,26982,25492,108,83772,81305,1725,84538,138840,123,1,1
14163,9985,18894,138,68710,67635,2392,69251,100635,48,1,1
14164,17576,10148,187,63917,62738,2564,64512,94898,55,1,1
14165,17543,18220,149,69610,67728,1772,70330,107969,91,1,1
14166,8168,6583,102,53489,52554,1726,53937,70504,40,1,1
14167,4322,187,100,67156,66933,1700,67520,73832,1,1,1
14168,5780,199,101,55793,55583,1758,56118,63946,1,1,1
14169,20287,21864,108,48766,46628,1713,49469,93438,106,1,1
14170,10727,10648,100,39394,38121,1729,39900,63096,57,1,1
14171,4904,195,97,36376,36184,1707,36693,43588,1,1,1
14172,41934,27756,111,82555,79938,28656,83413,181868,131,1,1
14173,11241,9336,102,75256,74105,1755,75756,98172,53,1,1
14174,4244,198,122,23341,23135,1675,23690,29901,1,1,1
14175,25849,26272,125,85145,82576,1699,85953,139907,127,1,1
14176,10682,9738,137,77044,75821,1751,77602,99864,56,1,1
14177,4400,204,102,59826,59610,1690,60154,66536,1,1,1
14178,17239,17910,132,60274,58411,1742,60956,97948,90,1,1
14179,9358,7525,95,54021,53033,1705,54497,73179,44,1,1
14180,41364,41515,146,121660,117965,5256,122690,210930,183,1,2
14181,13817,10129,104,104987,103646,6027,105508,135586,55,1,2
14182,2315,214,128,45688,45480,2453,46036,51118,1,1,1
14183,4479,196,92,26257,26076,1807,26542,33115,1,1,1
14184,4129,195,102,24773,24571,1674,25090,31211,1,1,1
14185,15492,14762,100,75301,73664,1736,75899,107984,77,1,1
14186,13581,14113,152,74501,72938,1772,75139,104696,75,1,1
14187,17360,16707,131,70127,68325,1730,70785,106684,87,1,1
14188,10961,8817,101,67846,66694,1709,68356,89936,53,1,1
14189,4262,196,131,55260,55058,1716,55613,61876,1,1,1
14190,4286,322,97,55241,54990,1684,55565,61949,2,1,1
14191,42390,16222,112,41977,40272,26981,42605,128300,80,1,1
14192,17973,2003,96,41238,40784,7529,41591,69190,14,1,1
14193,9761,6069,104,34795,33992,11391,35226,62536,34,1,1
14194,18519,8638,100,57421,56370,6920,57898,92070,47,1,1
14195,4679,332,188,41811,41559,1753,42222,49085,3,1,1
14196,41591,35126,100,100348,97121,7134,101236,185190,156,1,2
14197,10247,4924,105,86731,85879,9107,87158,111526,30,1,2
14198,4201,202,91,23847,23657,1690,24132,30313,1,1,1
14199,4277,203,99,24976,24777,1699,25288,31563,1,1,1
14200,18837,18057,109,75924,74045,1698,76578,115272,91,1,1
14201,9756,7935,197,75468,74407,1712,76048,95543,47,1,1
14202,23994,24082,164,77152,74699,1791,77962,127937,117,1,1
14203,12896,12530,108,60929,59501,12152,61484,99157,68,1,1
14204,4800,193,180,61785,61572,1691,62184,68966,1,1,1
14205,4164,196,96,54991,54794,1679,55281,61404,1,1,1
14206,1748,671,124,46773,46475,5716,47132,55365,5,1,1
14207,8517,2715,100,47474,46943,1768,47849,60933,19,1,1
14208,13810,12934,106,47874,46418,1789,48448,77074,69,1,1
14209,4269,197,102,36158,35936,1683,36479,42717,1,1,1
14210,4079,198,168,36421,36226,1733,36804,42909,1,1,1
14211,41370,31482,130,96473,93488,8611,97333,178898,144,1,2
14212,8542,4216,99,58726,58052,12733,59148,84731,26,1,1
14213,5377,204,101,18653,18438,1738,18973,26384,1,1,1
14214,4238,193,95,20764,20585,1795,21047,27361,1,1,1
14215,4069,195,101,25524,25329,2480,25837,32672,1,1,1
14216,24258,22627,106,98165,95793,1709,98885,147582,111,1,2
14217,15556,14217,188,77181,75573,1787,77855,109511,76,1,1
14218,19473,19712,110,59473,57459,1670,60152,101112,98,1,1
14219,12765,9191,105,121427,120160,1715,121971,145735,52,1,2
14220,18594,18340,110,41896,40033,1778,42552,81366,89,1,1
14221,14979,14467,128,105573,103682,4057,106216,139882,75,1,2
14222,4930,341,148,40609,40358,1769,40985,48124,2,1,1
14223,41734,36784,136,78004,74722,13087,78973,170677,169,1,1
14224,14708,13431,97,75078,73514,2448,75640,106319,73,1,1
14225,4173,199,151,22813,22585,1739,23189,29395,1,1,1
14226,23544,21832,105,72487,70312,2171,73194,120844,108,1,1
14227,9718,4956,142,57020,56256,1702,57488,73959,31,1,1
14228,15109,16146,108,74036,72288,1799,74647,107794,84,1,1
14229,1925,198,92,52980,52795,2415,53287,57913,1,1,1
14230,24464,26643,132,62306,59783,1674,63121,116006,126,1,1
14231,13233,13327,97,65615,64110,1747,66221,94623,72,1,1
14232,41676,42310,111,112420,108713,4123,113415,201627,184,1,2
14233,13353,11490,100,88121,86711,5903,88656,119496,60,1,2
14234,5328,193,104,37576,37338,1701,37890,45202,1,1,1
14235,4442,195,98,23594,23398,1667,23968,30359,1,1,1
14236,7368,5432,149,45700,44919,4286,46185,63408,32,1,1
14237,9070,5750,102,63172,62325,1671,63609,80182,36,1,1
14238,12249,11181,101,72921,71631,2107,78238,103870,60,1,1
14239,22043,24490,150,88378,86389,1813,89105,137550,95,1,1
14240,10298,9441,182,73025,71825,1847,73634,95313,54,1,1
14241,4578,208,103,68129,67936,1682,68454,75013,1,1,1
14242,4368,192,88,61284,61066,1706,61574,67929,1,1,1
14243,8108,7556,116,47132,46112,4286,47621,67671,44,1,1
14244,11986,11496,101,43255,41933,1719,43794,69094,62,1,1
14245,4740,262,192,37220,36980,1681,37645,44425,2,1,1
14246,4117,201,96,34649,34445,1699,34945,41054,1,1,1
14247,41633,37515,119,108163,104829,6983,109088,195316,165,1,2
14248,9467,3296,99,114081,113198,1699,114477,129028,21,1,3
14249,4382,243,89,17623,17393,1891,17919,24525,2,1,1
14250,4296,193,96,24899,24714,1687,25209,31473,1,1,1
14251,4391,194,100,24951,24757,2554,25264,32494,1,1,1
14252,20616,20972,195,78292,76174,1700,79073,122443,103,1,1
14253,9750,8098,95,75868,74836,1666,76334,95944,46,1,1
14254,20184,21448,111,61474,59357,1815,62171,105717,105,1,1
14255,42763,22577,146,114049,111745,4025,114795,184255,108,1,2
14256,18560,13485,103,56532,55017,8582,57117,97831,72,1,1
14257,10050,3473,118,58789,58185,1831,59198,74653,22,1,1
14258,21714,25819,156,57687,55617,1803,58440,107883,101,1,1
14259,10211,7790,104,50462,49430,1725,50981,70798,45,1,1
14260,4198,194,89,42599,42398,2326,42896,49701,1,1,1
14261,4372,196,96,35441,35260,1745,35734,42132,1,1,1
14262,41843,31113,120,97386,94356,9126,98239,180424,145,1,2
14263,6464,2848,96,57852,57310,12870,58221,80493,19,1,1
14264,2832,195,89,17347,17149,2191,17645,22951,1,1,1
14265,4445,192,100,26808,26599,1766,27129,33622,1,1,1
14266,4210,197,96,36003,35803,2746,36354,43603,1,1,1
14267,18578,19692,98,68173,66211,3264,68821,110446,97,1,1
14268,11266,7049,101,67553,66549,1961,68004,88375,41,1,1
14269,14700,14093,104,56852,55271,6436,57431,92753,75,1,1
14270,13937,9853,99,61587,60357,2416,62105,88409,57,1,1
14271,51972,12335,153,73927,72574,28456,74541,167409,62,1,1
14272,20776,3024,98,26593,26065,16082,26968,66947,19,1,1
14273,27537,11353,105,69435,68111,7764,69968,116717,61,1,1
14274,8854,1784,99,32080,31656,16801,32431,59966,13,1,1
14275,26757,12861,111,69429,68014,10036,69987,119736,67,1,1
14276,21952,13406,104,72027,70576,2676,72597,110722,69,1,1
14277,7042,202,101,58721,58530,1752,59041,68129,1,1,1
14278,14738,10647,145,41098,39828,2287,41674,69454,58,1,1
14279,7636,4642,100,44266,43542,8858,44676,65904,29,1,1
14280,19995,20262,101,70996,68941,4244,71661,116258,101,1,1
14281,4346,532,101,45717,45431,1992,46052,53048,4,1,1
14282,4069,207,98,37671,37473,2234,37976,44572,1,1,1
14283,42120,36810,148,73982,71089,16296,74847,170175,135,1,1
14284,14187,12239,146,74243,72840,1746,74851,103122,66,1,1
14285,28874,27905,121,89992,87377,1864,90801,149545,131,1,1
14286,7196,519,99,67212,66940,2249,67534,77589,4,1,1
14287,9985,20047,142,80088,78814,1930,80647,112708,54,1,1
14288,5780,1212,94,67092,66738,1736,67425,76246,9,1,1
14289,22809,26010,110,62559,60083,1683,63411,114017,124,1,1
14290,14177,14093,103,55290,53746,2860,55862,87085,74,1,1
14291,41373,40201,140,109816,106243,4314,110805,196795,176,1,2
14292,13717,13079,112,92205,90641,6073,92769,125728,68,1,2
14293,1446,192,99,23688,23488,1430,24000,27154,1,1,1
14294,4068,204,87,514,339,2084,775,7208,1,1,1
14295,4168,200,83,23317,23125,1744,23580,29780,1,1,1
14296,29971,28158,103,79544,76851,1743,80342,140312,135,1,1
14297,11351,8631,187,72310,71187,2392,72894,95361,51,1,1
14298,26135,26739,106,74651,72069,1730,75438,130146,128,1,1
14299,12224,11282,439,107655,106464,1922,108729,134287,47,1,1
14300,4773,1233,163,121974,121436,1856,122413,130373,8,1,2
14301,22757,24332,159,54360,52021,2159,55151,104499,115,1,1
14302,13465,13254,101,45417,43925,1736,45986,74531,70,1,1
14303,4437,198,96,36920,36716,1711,37246,43680,1,1,1
14304,4146,202,202,35570,35370,1719,35988,42143,1,1,1
14305,41643,38957,113,103746,100203,4313,104708,189717,173,1,2
14306,8954,4150,99,89180,88386,6937,89582,109713,25,1,2
14307,3450,231,107,25388,25192,2019,25712,31501,1,1,1
14308,2401,310,93,28487,28256,7165,28798,38766,3,1,1
14309,17944,18583,176,74209,72292,1713,74929,113265,94,1,1
14310,17497,17344,173,81382,79497,2290,82117,119351,92,1,1
14311,24956,27351,104,74650,72018,1771,75440,129617,130,1,1
14312,14900,15013,107,139063,137258,1757,139717,171483,79,1,2
14313,4128,208,91,56094,55909,2070,56402,62895,1,1,1
14314,16766,16949,108,47267,45464,2094,47907,83818,85,1,1
14315,9577,8036,96,38262,37206,1721,38728,58154,46,1,1
14316,4235,197,99,36664,36482,1692,36958,43171,1,1,1
14317,5774,481,370,76741,76290,2606,77793,86827,1,1,1
14318,41971,40139,132,106974,103245,3656,107982,193856,179,1,2
14319,12426,7331,99,63809,62834,11006,64288,95146,42,1,1
14320,4892,196,102,19245,18996,1759,19551,26489,1,1,1
14321,4176,199,98,22945,22738,1741,23248,29462,1,1,1
14322,10365,10229,100,53837,52579,5002,54338,80025,55,1,1
14323,13391,11693,109,85660,84281,2472,86257,113913,62,1,1
14324,11992,11265,111,55402,54040,7878,55964,87188,62,1,1
14325,13408,10623,99,64058,62714,1809,64583,90516,60,1,1
14326,22038,24085,107,60410,58106,1774,61141,109139,114,1,1
14327,19079,20733,336,103752,101886,2975,106483,149652,81,1,1
14328,8002,582,284,102661,102247,2327,103446,114760,1,1,1
14329,19507,15342,203,73670,71740,2415,74726,112338,61,1,1
14330,24339,23222,151,178755,174374,8793,180207,236934,87,1,2
14331,5278,396,202,77524,77218,1934,78076,85814,1,1,1
14332,32394,27563,168,83633,80673,1724,84543,146325,131,1,1
14333,11360,10221,115,73803,72549,1820,74337,97833,57,1,1
14334,21477,22280,126,78174,75970,1725,78885,124650,104,1,1
14335,25710,12917,220,113947,110981,6270,115008,160395,48,1,1
14336,12393,10728,268,109899,107994,2514,110993,136837,46,1,1
14337,16925,12562,262,121714,120092,1875,122792,154480,53,1,1
14338,6865,5707,210,63307,62352,4427,63968,81064,33,1,1
14339,8614,4526,101,41237,40508,1779,41674,56683,28,1,1
14340,14111,13294,97,56480,54861,2269,57035,86803,71,1,1
14341,41771,39351,106,119236,115631,3678,120182,205087,173,1,2
14342,13994,13195,112,126191,124428,4836,126789,158906,71,1,3
14343,4471,310,178,28114,27899,1817,28510,35207,2,1,1
14344,4395,202,107,24944,24730,1820,25267,31774,1,1,1
14345,4394,199,99,24744,24539,2356,25045,32083,1,1,1
14346,13313,10429,97,70886,69637,3617,71389,98832,57,1,1
14347,9463,8619,103,70047,68927,1765,70539,90477,50,1,1
14348,52811,28796,157,69277,66551,10547,70139,162557,136,1,1
14349,8087,4311,104,59013,58332,2167,59424,74080,27,1,1
14350,11272,5210,116,44357,43635,12617,44789,73986,29,1,1
14351,20363,11179,102,61816,60516,7817,62331,101785,60,1,1
14352,11480,6036,94,59807,58961,1707,60229,79544,36,1,1
14353,22105,25946,178,61019,58532,2299,61857,112305,123,1,1
14354,11446,11288,94,48764,47485,1690,49276,73793,60,1,1
14355,4443,336,100,44394,44139,1735,44718,51336,3,1,1
14356,4224,280,87,41016,40783,1660,41314,47570,2,1,1
14357,41935,36443,113,121913,118580,6058,122824,207361,162,1,2
14358,36233,40005,286,98685,95040,1721,99843,177896,179,1,2
14359,5860,240,97,28409,28213,1788,28721,36701,1,1,1
14360,4198,190,90,17050,16846,2568,17328,24376,1,1,1
14361,28578,27283,113,84578,81958,1684,85373,143023,132,1,1
14362,11930,9596,104,75977,74828,1697,76484,99799,53,1,1
14363,21432,22355,182,64975,62794,1803,65767,111460,108,1,1
14364,7743,6204,100,107434,106432,1670,107882,123591,37,1,2
14365,5042,196,102,56975,56781,1658,57298,64286,1,1,1
14366,17437,15946,141,44302,42599,1773,44954,80213,81,1,1
14367,11080,10253,96,37294,36071,1745,37793,60970,57,1,1
14368,4140,197,110,39188,38961,1714,39521,45670,1,1,1
14369,4577,197,103,37014,36811,1704,37325,43891,1,1,1
14370,42039,30461,105,72402,69684,24245,73224,170074,139,1,1
14371,8704,5106,185,60978,60210,13846,61487,89234,32,1,1
14372,4597,197,88,23654,23448,1674,23954,30507,1,1,1
14373,3073,234,103,18708,18498,2025,19018,24444,1,1,1
14374,7711,5732,97,50022,49193,3719,50459,67721,35,1,1
14375,11837,3135,101,102126,101460,18776,102517,136359,20,1,2
14376,18072,16221,138,76781,75357,1774,77633,114007,65,1,1
14377,23751,27029,180,66029,63463,1947,66894,119724,128,1,1
14378,10784,9589,95,53327,52114,3307,53824,77599,54,1,1
14379,8677,196,100,55445,55242,2238,55765,66969,1,1,1
14380,14234,12667,139,54033,52593,1759,54683,83449,65,1,1
14381,13642,13731,103,101384,99692,5330,101946,134743,71,1,2
14382,4300,195,104,26632,26417,1683,26953,33224,1,1,1
14383,20908,16959,107,79123,77367,1693,79752,119414,86,1,1
14384,13263,12413,101,74539,73111,1775,75085,102629,68,1,1
14385,19969,19532,140,75594,73603,1758,76297,117694,96,1,1
14386,23440,6963,131,65970,65049,2559,66458,99525,39,1,1
14387,11634,11193,98,59970,58667,1770,60492,85179,61,1,1
14388,15152,7801,100,59223,58237,1705,59685,84492,44,1,1
14389,10449,9629,502,70968,69497,5046,72692,98148,40,1,1
14390,14548,7664,200,74952,74023,2019,75596,100114,35,1,1
14391,12906,15600,360,93589,91570,3560,94683,127102,67,1,1
14392,51614,51166,386,163906,158693,5749,165913,274812,179,1,2
14393,19286,14453,158,145741,143965,6447,146554,187035,64,1,2
14394,4957,446,115,54214,53884,1809,54567,61870,2,1,2
14395,22365,20341,120,80369,78117,1818,81093,125711,103,1,1
14396,8414,5901,99,66586,65731,2466,67018,83888,36,1,1
14397,18620,13380,156,68073,66560,2211,68717,103025,69,1,1
14398,19364,18980,115,77488,75541,1736,78155,118338,94,1,1
14399,11084,10524,98,66365,65111,2182,66887,90767,58,1,1
14400,4139,196,97,60556,60371,2123,60868,67413,1,1,1
14401,4339,201,148,62216,62020,2214,62568,69417,1,1,1
14402,26849,28370,393,108595,94653,2810,110619,169191,102,1,1
14403,18356,16777,215,55883,54043,1996,56980,94252,71,1,1
14404,6443,277,139,46275,46063,1870,46632,55329,1,1,1
14405,4365,196,88,35454,35268,2505,35747,42902,1,1,1
14406,54328,38366,157,106126,102471,5330,107115,205422,170,1,2
14407,11762,7268,101,86361,85291,5873,86816,111817,41,1,2
14408,4684,197,101,25675,25447,2716,25983,33670,1,1,1
14409,3872,191,103,18780,18582,1743,19097,24993,1,1,1
14410,25650,23288,106,80282,77988,1981,81004,132026,113,1,1
14411,10006,7588,148,75082,74077,1982,75618,95467,44,1,1
14412,23640,26850,251,97750,94356,3368,99240,153484,127,1,1
14413,12980,11715,375,88559,87339,1830,89647,116474,49,1,1
14414,4367,225,191,60178,59939,1884,60600,67169,1,1,1
14415,7340,209,101,56498,56287,1836,56829,66302,1,1,1
14416,19775,17728,111,44060,42170,2259,44706,84567,90,1,1
14417,9124,7906,108,41086,40000,1739,41570,60441,44,1,1
14418,4520,196,107,37187,37000,1668,37507,43981,1,1,1
14419,42203,41508,175,74245,71548,21930,75135,180884,136,1,1
14420,15294,14877,100,75484,73867,3279,76098,109640,78,1,1
14421,14645,3137,111,53329,52753,1704,53734,73322,20,1,1
14422,17960,15768,108,62442,60770,1775,63039,98640,77,1,1
14423,14869,6727,98,75158,74260,12469,75644,109812,39,1,1
14424,23601,25270,107,84886,82425,2816,85646,137637,123,1,1
14425,4549,572,102,62654,62382,1719,62983,69916,5,1,1
14426,21423,23140,108,61190,58841,1689,61923,108271,113,1,1
14427,13794,13526,101,66768,65283,2203,67396,97010,71,1,1
14428,41173,40767,108,121938,118289,7116,122916,212074,181,1,2
14429,13164,11531,103,99384,97926,6635,99913,131337,61,1,2
14430,4713,193,95,52092,51851,2177,52442,59649,1,1,1
14431,4287,229,117,28922,28721,2162,29251,36025,1,1,1
14432,4077,198,97,24312,24113,1730,24625,30719,1,1,1
14433,23140,21896,173,79705,77492,1760,80488,127421,109,1,1
14434,8582,8027,98,54592,53568,3527,55061,75289,46,1,1
14435,12751,12172,100,69811,68398,2174,70351,97544,67,1,1
14436,21142,20580,105,66351,64228,1772,67039,110638,103,1,1
14437,19756,7653,186,59706,58756,3357,60265,91125,42,1,1
14438,11831,10534,93,59887,58606,1744,60394,84595,59,1,1
14439,10178,5589,113,60440,59627,5374,60896,82133,34,1,1
14440,15696,16854,105,60726,58883,1773,61362,95788,87,1,1
14441,14810,14838,147,56123,54509,1812,56763,88318,77,1,1
14442,4127,206,96,43365,43161,1784,43678,49891,1,1,1
14443,41904,36024,195,99834,96505,6873,100830,185732,161,1,2
14444,12370,10051,102,89776,88472,6556,90288,119362,55,1,2
14445,5102,315,94,24902,24645,1728,25210,32449,3,1,1
14446,4357,198,95,35215,34999,2204,35602,42462,1,1,1
14447,20984,20786,115,78849,76724,1708,79562,123177,104,1,1
14448,11931,10262,102,77004,75750,1687,77533,101501,58,1,1
14449,20881,22796,114,88080,85799,1894,88811,134479,112,1,1
14450,11213,11704,194,61155,59804,2243,61814,87072,62,1,1
14451,6007,197,87,61907,61675,1700,62196,70189,1,1,1
14452,4184,220,97,55583,55397,1747,55893,62135,1,1,1
14453,18800,16810,129,52633,50802,1819,53290,90814,87,1,1
14454,12686,12567,106,55521,54076,2230,56136,83719,68,1,1
14455,2552,194,93,35811,35622,2357,36119,41309,1,1,1
14456,4234,201,101,36309,36112,1788,36631,42943,1,1,1
14457,41172,39005,107,105670,102108,2367,106633,189278,177,1,2
14458,9019,4655,127,64196,63432,13514,64661,91943,28,1,1
14459,5356,195,103,17772,17586,2051,18083,25838,1,1,1
14460,4304,194,99,21489,21309,2460,21772,28819,1,1,1
14461,4243,195,101,41582,41364,2128,41937,48599,1,1,1
14462,5185,174,127,25673,25417,2065,26048,33776,1,1,1
14463,28970,27713,153,133670,130847,2172,135022,194181,106,1,1
14464,10356,9144,345,95492,94279,1898,96263,117766,49,1,1
14465,8799,3689,121,72264,71619,1820,72704,87102,23,1,1
14466,21459,24303,163,68278,65870,1825,69076,116767,115,1,1
14467,13900,13170,105,57232,55772,1747,57794,86704,70,1,1
14468,4187,206,115,58921,58689,1713,59260,65483,1,1,1
14469,17138,15725,106,42568,40851,1763,43192,77925,81,1,1
14470,16480,17542,103,133025,131015,4214,133706,172038,89,1,2
14471,4485,220,121,38460,38230,1802,38805,45400,1,1,1
14472,41301,35481,104,76305,73163,10343,77206,164425,160,1,1
14473,14275,12212,110,73708,72270,2763,74257,103598,67,1,1
14474,4328,208,131,25319,25113,1735,25684,32049,1,1,1
14475,21229,20844,105,84715,82619,1700,85403,129278,103,1,1
14476,8809,8411,130,64041,62926,1837,64561,83716,50,1,1
14477,12567,5467,100,58393,57646,2266,58814,79212,31,1,1
14478,2058,1182,163,51737,51377,1099,52162,56596,8,1,1
14479,29053,32604,101,71724,68821,1770,72565,136086,149,1,1
14480,11340,11800,100,54284,52931,1725,54825,79778,64,1,1
14481,41327,40148,106,111043,107470,4638,112007,198213,177,1,2
14482,21507,8311,151,88355,87154,6296,88893,125268,48,1,2
14483,5120,224,143,35937,35736,2144,36285,43862,1,1,1
14484,4285,192,87,23493,23313,2198,23775,30538,1,1,1
14485,21424,19772,108,76645,74648,1733,77325,120356,98,1,1
14486,10194,9603,100,68820,67648,2440,69318,91645,54,1,1
14487,19163,16738,195,86326,84542,1825,87064,124890,84,1,1
14488,9264,7362,97,71062,70035,2618,71522,90865,44,1,1
14489,5673,200,105,68758,68512,1923,69088,76974,1,1,1
14490,4134,185,98,60962,60772,1755,61261,67437,1,1,1
14491,4553,3741,174,40006,39374,5564,40503,54461,24,1,1
14492,8368,3762,95,38798,38167,2391,39171,53787,24,1,1
14493,15612,15155,104,56833,55161,2233,57436,90535,79,1,1
14494,4334,198,125,43630,43420,1772,43977,50381,1,1,1
14495,42054,33501,105,97158,94005,15126,98034,188818,155,1,2
14496,13361,4614,98,22973,22247,1668,23388,43124,29,1,1
14497,9526,4737,163,60794,60075,12506,61273,88142,29,1,1
14498,11769,4708,117,33596,32892,2276,34046,52914,27,1,1
14499,4167,196,103,26180,25974,2195,26495,33158,1,1,1
14500,4694,240,100,26804,26591,1401,27123,33552,1,1,1
14501,18675,18473,110,78811,76791,1949,79486,118680,95,1,1
14502,9512,9076,107,75951,74795,1608,76474,96773,51,1,1
14503,21595,24153,153,70497,68037,1756,71300,118906,118,1,1
14504,12361,12300,100,64907,63453,1757,65513,92025,69,1,1
14505,4971,192,99,55421,55236,1966,55734,62953,1,1,1
14506,4316,195,96,66726,66528,1768,67078,73449,1,1,1
14507,18774,20039,136,55139,53070,1728,55871,96519,101,1,1
14508,12446,11889,108,40710,39337,1735,41257,67422,65,1,1
14509,5228,200,92,42255,42063,1737,42552,49805,1,1,1
14510,4171,309,91,36031,35791,1748,36335,42655,3,1,1
14511,41967,33204,115,96976,93787,4030,97855,177157,153,1,2
14512,8018,5061,194,61577,60834,12895,62102,88168,30,1,1
14513,4607,196,96,17300,17113,1709,17598,24194,1,1,1
14514,4060,192,98,21840,21626,1927,22150,28418,1,1,1
14515,4082,199,100,24727,24532,2116,25032,31523,1,1,1
14516,16437,22917,104,73650,71936,3649,74267,117367,83,1,1
14517,9068,4844,96,62947,62211,1748,63354,79113,30,1,1
14518,11340,11855,103,76484,75103,3343,77037,103670,64,1,1
14519,6372,3191,189,73105,72514,2173,73589,85426,22,1,1
14520,21001,22230,115,62552,60324,1791,63281,108405,109,1,1
14521,12206,12255,106,55797,54390,1404,56350,82306,66,1,1
14522,7032,195,99,56265,56064,2110,56584,66012,1,1,1
14523,15613,12500,192,40077,38664,2206,40723,71141,65,1,1
14524,13734,12525,100,104892,103325,5717,105441,137514,67,1,2
14525,4323,201,101,43952,43748,1749,44271,50634,1,1,1
14526,4248,295,102,38049,37821,1668,38372,44677,2,1,1
14527,41612,37641,114,75458,72120,13447,76403,169205,171,1,1
14528,17028,16076,189,75870,74095,1702,76580,111478,86,1,1
14529,21055,21750,119,72484,70219,1757,73220,117886,108,1,1
14530,11214,4806,103,57369,56658,1793,57775,75684,29,1,1
14531,13782,12824,102,79283,77786,1894,79891,108489,70,1,1
14532,4601,199,98,55501,55285,1680,55813,62416,1,1,1
14533,24067,33648,145,62416,59850,1466,63236,122518,126,1,1
14534,12324,11633,102,62798,61413,1752,63331,89145,64,1,1
14535,51436,38047,174,108566,105177,7466,109574,206783,167,1,2
14536,13424,12868,101,88330,86789,6736,88878,122059,66,1,2
14537,4244,196,96,23585,23391,1916,23877,30320,1,1,1
14538,4103,197,98,25003,24803,1739,25308,31436,1,1,1
14539,15999,12341,112,71419,70007,1783,71999,102227,66,1,1
14540,9336,5925,189,68236,67394,1746,68773,85871,36,1,1
14541,20156,19130,130,71339,69331,1696,72035,113121,97,1,1
14542,9256,8576,99,67817,66697,1718,68299,87942,50,1,1
14543,4267,369,132,115649,115274,1772,116007,122509,3,1,2
14544,22533,25218,129,55523,53047,2124,56316,106302,119,1,1
14545,13604,14141,101,44662,43117,2337,45233,75410,74,1,1
14546,4360,203,104,35789,35546,1687,36109,42462,1,1,1
14547,4175,203,100,35587,35394,1824,35889,42185,1,1,1
14548,41365,49067,200,104131,100441,2880,105200,198625,180,1,2
14549,11920,7806,105,83366,82239,5892,83844,109554,42,1,2
14550,5376,198,111,29178,28942,1736,29496,36910,1,1,1
14551,4237,329,99,17885,17649,1669,18196,24524,3,1,1
14552,4405,197,104,24357,24173,2199,24670,31560,1,1,1
14553,23941,23997,110,82640,80233,1700,83390,133132,119,1,1
14554,16368,15551,193,77864,76184,2104,78557,112669,80,1,1
14555,23573,24137,107,71395,68977,1691,72138,121643,119,1,1
14556,7899,4907,100,114852,113936,1705,115272,129872,32,1,2
14557,5552,352,260,57293,57045,1714,57782,65500,3,1,1
14558,18999,20770,110,46985,44867,1796,47683,89348,104,1,1
14559,11950,10586,96,38661,37414,1698,39175,63504,58,1,1
14560,4241,196,86,36678,36484,1674,36977,43176,1,1,1
14561,4100,196,127,36403,36202,1675,36733,42792,1,1,1
14562,50874,36615,210,98022,94596,4643,99144,191539,167,1,2
14563,7224,3683,96,60107,59494,10047,60509,81553,23,1,1
14564,4246,217,112,20134,19894,1779,20486,26832,1,1,1
14565,4072,200,105,22708,22505,1779,23024,29167,1,1,1
14566,12193,12042,100,66605,65248,4684,67140,96149,63,1,1
14567,12760,5229,104,69121,68360,2337,69556,89973,31,1,1
14568,13578,12332,192,76622,75152,1730,77270,105013,67,1,1
14569,21250,51989,145,95811,93383,2018,96940,172308,114,1,1
14570,13518,11804,104,120610,118977,1752,121191,148378,65,1,2
14571,8658,413,139,58867,58596,1686,59245,70100,3,1,1
14572,42038,10324,106,64878,63604,27880,65406,145938,53,1,1
14573,16582,15348,102,68097,66399,1768,68704,102495,80,1,1
14574,10396,3560,105,29112,28500,15604,29510,59165,23,1,1
14575,19153,9120,100,27779,26711,10271,28268,66907,48,1,1
14576,21275,4049,101,26923,26296,1754,27339,54510,24,1,1
14577,4272,212,94,36927,36724,1816,37242,43636,1,1,1
14578,11483,4084,183,75030,74345,1687,75532,92881,26,1,1
14579,14993,13666,97,78158,76631,1684,78728,109163,73,1,1
14580,17395,18060,112,78907,77008,1757,79615,116931,92,1,1
14581,14685,3924,149,123473,122656,1775,123941,144419,24,1,2
14582,11072,6718,98,83024,82097,6908,83479,108266,40,1,1
14583,13704,12645,156,51857,50320,1725,52488,80668,68,1,1
14584,4537,197,88,34578,34382,1665,34882,41369,1,1,1
14585,13848,13776,102,48027,46508,1768,48591,78074,71,1,1
14586,4294,195,168,36389,36184,2355,36792,43760,1,1,1
14587,41106,45361,204,116589,112583,2465,117722,206754,197,1,2
14588,13616,10293,132,122232,120788,4340,122778,151122,53,1,3
14589,4468,616,92,27957,27665,1759,28272,35207,5,1,1
14590,4190,195,99,24455,24254,1691,24769,30938,1,1,1
14591,4670,198,103,24610,24413,1772,24927,31661,1,1,1
14592,7936,4161,201,42323,41662,5660,42843,60690,26,1,1
14593,13535,11674,106,67429,66092,1702,67956,94956,62,1,1
14594,12605,10208,100,74859,73623,1688,75362,99956,57,1,1
14595,23710,25290,129,72269,69836,2281,73036,124422,120,1,1
14596,10072,9253,143,64281,63089,1798,64822,86034,54,1,1
14597,4273,186,95,57903,57707,1684,58214,64522,1,1,1
14598,4857,196,123,54421,54224,1700,54757,61598,1,1,1
14599,22350,24115,122,59268,56897,1711,60029,108317,116,1,1
14600,13069,11756,103,47229,45925,1700,47762,74381,61,1,1
14601,4577,200,150,43679,43481,1719,44071,50663,1,1,1
14602,4250,197,100,42051,41862,1660,42368,48560,1,1,1
14603,41259,39140,108,107260,103691,4124,108216,192841,176,1,2
14604,11529,7617,138,87438,86277,5749,87967,112956,43,1,2
14605,5782,203,103,28542,28341,1712,28855,36646,1,1,1
14606,4275,271,96,17561,17342,1784,17864,24286,2,1,1
14607,9635,7839,103,84443,83181,4719,85016,107306,45,1,2
14608,13320,12501,108,66047,64575,1778,66634,94329,67,1,1
14609,15012,16283,105,85656,83867,1850,86285,119534,84,1,1
14610,23242,24289,107,63874,61520,1790,64613,114038,116,1,1
14611,15866,3430,144,98398,97632,2080,98831,120302,21,1,2
14612,26321,9216,103,42241,41095,7193,42752,85744,51,1,1
14613,6931,210,101,55724,55527,1728,56049,65009,1,1,1
14614,18012,18831,107,46299,44416,1776,46960,85681,92,1,1
14615,12275,22652,182,41147,39835,2274,41753,79056,59,1,1
14616,4511,195,103,36575,36364,1711,36900,43440,1,1,1
14617,4376,201,103,36991,36798,1743,37326,43734,1,1,1
14618,42182,27454,107,71419,68891,28747,72195,170680,125,1,1
14619,9504,5099,100,82989,82147,15461,83413,113565,30,1,2
14620,4308,197,99,18547,18347,1731,18873,25200,1,1,1
14621,6378,3989,97,60919,60229,6040,61373,77876,26,1,1
14622,12960,9954,98,61847,60623,2170,62357,87529,56,1,1
14623,12507,11358,107,85095,83736,1737,85637,111328,63,1,1
14624,4280,361,149,68014,67748,1770,68397,74904,3,1,1
14625,21256,24980,114,63706,61262,1813,64467,112619,120,1,1
14626,12352,12588,188,57560,56073,2324,58205,85559,68,1,1
14627,7854,214,102,63848,63633,1714,64178,74061,1,1,1
14628,12621,11473,102,38994,37645,2098,39528,65813,62,1,1
14629,15793,13470,97,92944,91285,5238,93506,128100,71,1,2
14630,4484,196,137,25756,25553,1708,26109,32588,1,1,1
14631,21630,18092,111,76444,74532,1723,77107,118646,91,1,1
14632,9007,6868,105,68621,67663,1744,69080,86790,41,1,1
14633,18813,19987,113,81481,79429,1722,82161,122785,99,1,1
14634,16347,4467,145,105737,104900,2413,106199,129520,27,1,2
14635,12543,9793,94,58380,57137,4895,58879,86203,57,1,1
14636,5204,837,95,64595,64278,1777,64919,72826,7,1,1
14637,15807,17348,112,58040,56188,2202,58698,94156,89,1,1
14638,12113,11126,135,48725,47369,1739,49302,74376,62,1,1
14639,4357,197,101,34764,34559,1690,35074,41411,1,1,1
14640,41911,36322,106,103999,100660,5444,104903,188686,163,1,2
14641,18566,9713,148,120474,119074,6437,121036,156044,51,1,3
14642,7335,637,104,38491,38174,1835,38870,48772,5,1,1
14643,27956,27006,111,80392,77768,1719,81202,137984,130,1,1
14644,6477,4515,97,53543,52649,3692,53993,68795,29,1,1
14645,22754,23528,124,69836,67569,1688,70563,118628,112,1,1
14646,21749,24847,110,77898,75458,1692,78653,127043,120,1,1
14647,13990,14480,228,73109,71455,1706,73831,104101,78,1,1
14648,6197,197,93,61743,61552,1676,62039,70200,1,1,1
14649,4293,194,89,60959,60767,1671,61244,67487,1,1,1
14650,42752,9270,102,39158,38006,28655,39662,120444,50,1,1
14651,19432,4660,186,40902,40172,5482,41412,71077,28,1,1
14652,9989,2246,97,25883,25409,13413,26240,51985,16,1,1
14653,20345,9678,116,38523,37382,9299,39080,78493,50,1,1
14654,24576,14151,107,46260,44793,1826,46826,87466,70,1,1
14655,4417,194,101,35332,35131,1975,35635,42306,1,1,1
14656,42530,29675,186,101361,98542,10025,102246,184750,134,1,2
14657,9240,2752,95,82482,81806,9283,82847,104211,18,1,2
14658,4347,195,184,25711,25505,1717,26122,32480,1,1,1
14659,4174,300,127,19107,18877,1736,19454,25789,2,1,1
14660,17078,16238,110,66379,64611,1696,66993,102101,82,1,1
14661,13185,9004,96,104114,102837,5533,104595,132408,50,1,2
14662,7546,3943,138,60366,59714,10070,60824,82477,25,1,1
14663,23221,24224,184,68663,66257,1738,69489,118774,117,1,1
14664,11599,11190,103,57258,55901,1799,57797,82482,64,1,1
14665,4371,193,96,56728,56513,1731,57046,63435,1,1,1
14666,7372,195,96,55575,55364,2128,55893,65674,1,1,1
14667,16848,14074,162,42191,40622,1750,42837,75610,73,1,1
14668,5616,2749,97,71018,70313,1673,71403,81530,19,1,2
14669,41846,29746,106,72598,69833,28528,73428,173651,139,1,1
14670,15490,13343,100,73385,71874,2686,73962,105568,72,1,1
14671,4334,195,177,23034,22823,1760,23427,29811,1,1,1
14672,20206,18908,120,67998,66103,1758,68663,109636,91,1,1
14673,14294,7220,101,95460,94374,2920,95912,120435,41,1,2
14674,14817,12802,101,56328,54878,3205,56884,87802,68,1,1
14675,8181,4299,98,64400,63721,1746,64803,79119,27,1,1
14676,21271,21623,183,62714,60534,1753,63506,108254,107,1,1
14677,11645,11690,107,54836,53498,2192,55372,80992,62,1,1
14678,41687,40263,130,119033,115403,2857,120034,204943,179,1,2
14679,16891,15918,161,117237,115403,5455,118014,156378,80,1,2
14680,4394,205,98,43526,43328,2326,43830,50845,1,1,1
14681,4429,334,93,27560,27302,1732,27870,34456,3,1,1
14682,4149,280,98,24709,24496,1759,25037,31315,2,1,1
14683,26600,23329,105,85430,83101,1718,86171,137924,115,1,1
14684,12154,10651,104,73334,72058,2986,73849,99733,58,1,1
14685,22423,23316,143,74798,72494,1730,75565,123135,113,1,1
14686,3829,2492,97,54866,54347,3450,55244,65106,18,1,1
14687,12720,6753,100,60679,59763,1698,61126,82389,39,1,1
14688,4046,198,97,53756,53544,2286,54072,60691,1,1,1
14689,19425,21720,150,61369,59227,1744,62169,105161,105,1,1
14690,16538,16866,148,58164,56358,1728,58835,94059,88,1,1
14691,4493,317,154,44429,44172,1704,44808,51418,3,1,1
14692,41664,37356,102,102008,98576,5793,102935,187857,167,1,2
14693,28654,14325,204,94787,93088,5902,95937,145078,72,1,2
14694,4218,199,104,25381,25172,1774,25706,31988,1,1,1
14695,26083,21623,111,81149,78964,2190,81857,131857,107,1,1
14696,10252,8541,100,72637,71500,1703,73154,93740,50,1,1
14697,21100,22110,167,80229,77926,1851,81025,126192,107,1,1
14698,8944,7536,101,127417,126291,2315,127885,146780,44,1,2
14699,4484,338,104,57214,56972,1750,57568,64237,2,1,1
14700,19319,19713,296,51495,49493,1702,52368,93208,96,1,1
14701,13940,12808,103,42774,41324,2168,43325,72333,68,1,1
14702,4286,274,101,37941,37715,1716,38277,44640,2,1,1
14703,4253,191,104,36930,36729,1689,37252,43484,1,1,1
14704,41749,37166,107,98282,94884,5886,99193,184103,165,1,2
14705,6627,3683,95,58641,57993,23564,59037,93006,24,1,1
14706,5861,223,174,18357,18145,2196,18755,27129,1,1,1
14707,4407,194,95,20575,20395,1690,20874,27251,1,1,1
14708,4266,195,102,25089,24886,1688,25401,31644,1,1,1
14709,4073,195,96,18589,18385,1698,18899,24957,1,1,1
14710,20965,24153,104,82258,79895,4268,82995,132471,118,1,1
14711,9671,7824,171,65209,64175,3200,65748,86535,46,1,1
14712,25406,3920,243,97305,96594,1919,97975,129494,20,1,1
14713,21990,24235,140,68172,65708,1905,68964,117195,116,1,1
14714,12614,13113,101,58317,56861,2745,58869,87437,68,1,1
14715,3609,216,113,56170,55927,1790,56498,62213,1,1,1
14716,21956,16412,166,57793,56069,1847,58520,98847,78,1,1
14717,15935,13462,108,97774,96071,6871,98361,134731,70,1,2
14718,4399,196,112,39536,39321,1715,39866,46267,1,1,1
14719,42419,30523,103,74329,71503,20059,75173,168277,143,1,1
14720,15654,14128,102,86646,85021,2070,87275,119218,76,1,1
14721,3220,230,104,23474,23243,2032,23801,29375,1,1,1
14722,26469,26217,103,87198,84647,1721,87965,142577,126,1,1
14723,11334,29229,104,93225,91784,1730,93798,136194,64,1,1
14724,8717,1671,183,72136,71714,1810,72575,84859,11,1,1
14725,42288,11152,119,66882,65460,44543,67456,165540,60,1,1
14726,32507,10252,158,76325,74477,12827,77091,133068,40,1,1
14727,20676,6352,268,59039,57906,15689,59901,102838,30,1,1
14728,31792,17222,176,100951,97955,8651,102221,160556,70,1,1
14729,6034,2302,568,54880,54213,16918,55947,81391,11,1,1
14730,35898,26761,177,128147,125271,8980,129351,201290,97,1,1
14731,5311,219,147,40996,40691,2154,41442,49415,1,1,1
14732,28863,23708,145,159851,157177,6846,160945,220672,85,1,2
14733,4969,206,143,40935,40631,3440,41356,50301,1,1,1
14734,26338,24928,154,141531,138994,2186,142734,196513,90,1,1
14735,13190,10926,151,94164,92672,8688,94992,128138,46,1,1
14736,16519,11987,151,116488,114930,9683,117322,155653,50,1,1
14737,1606,780,146,69236,68829,2274,69698,74491,5,1,1
14738,53724,62547,208,161396,156941,2180,163240,282008,166,1,1
14739,12948,11792,147,121808,120263,2180,122712,149943,49,1,1
14740,5603,300,136,109419,109127,2499,109839,118386,1,1,1
14741,5261,240,140,103382,103114,3249,103775,112665,1,1,1
14742,31258,36015,208,95558,92021,2236,97145,166986,124,1,1
14743,20662,19248,162,82320,80039,2174,83386,125777,76,1,1
14744,5502,1267,165,127893,127229,2145,128396,137531,8,1,2
14745,59590,51740,181,177730,172839,6618,179588,297850,170,1,2
14746,21465,18235,211,156550,154350,6473,157730,204034,68,1,2
14747,5693,269,141,35567,35240,2228,36006,44365,1,1,1
14748,5598,193,147,42922,42628,2123,43365,51597,1,1,1
14749,33101,31913,150,135412,132132,2207,136815,204343,121,1,1
14750,18177,16901,142,148656,146682,2716,149646,187584,66,1,1
14751,31783,39612,191,115502,112152,2164,116885,190788,119,1,1
14752,12842,10750,153,191563,189939,2066,192373,218320,46,1,2
14753,5256,320,346,103492,103181,2182,104148,112046,1,1,1
14754,20654,18665,400,85706,83551,2343,87237,129040,72,1,1
14755,15908,13833,164,134497,132604,2238,135421,167520,55,1,2
14756,5343,284,147,81480,81176,2186,81950,89903,1,1,1
14757,58456,49869,169,166158,161674,6920,167956,283554,165,1,2
14758,6747,1966,160,102107,101572,20394,102632,131889,11,1,1
14759,6433,232,136,24979,24689,2128,25391,34336,1,1,1
14760,5414,196,150,36898,36622,2175,37334,45423,1,1,1
14761,5115,253,145,36808,36522,2162,37233,45117,1,1,1
14762,14447,10743,152,105812,104271,5813,106626,137927,44,1,1
14763,15895,13992,181,114133,112309,2093,115085,147377,57,1,1
14764,12969,11077,148,106621,105111,2170,107442,133803,48,1,1
14765,21055,10291,162,106486,105207,2181,107311,141144,42,1,1
14766,27809,25839,362,117878,114921,4231,119336,177541,97,1,1
14767,17611,16505,156,95995,93991,2259,96998,133508,67,1,1
14768,12503,301,167,102623,102310,2152,103099,118363,1,1,1
14769,21217,17503,170,65844,63954,2208,66808,108018,70,1,1
14770,17421,15487,156,190287,188245,6858,191270,231350,60,1,2
14771,1997,255,168,61282,60989,2897,61727,67015,1,1,1
14772,5853,285,144,65571,65249,2225,65997,74506,1,1,1
14773,59300,42259,148,126114,121983,15534,127661,245092,143,1,1
14774,21394,16843,140,145022,142996,2177,146053,186793,72,1,1
14775,34645,35754,162,139046,135514,2212,140676,213755,126,1,1
14776,16886,14964,160,114409,112528,2236,115366,149834,63,1,1
14777,5824,267,216,95284,94950,2241,95811,104450,1,1,1
14778,24847,25273,135,127606,124861,1858,128421,180503,120,1,2
14779,10782,9804,99,54105,52889,2913,54610,78199,53,1,1
14780,42510,33975,112,105366,102254,8169,106229,190986,149,1,2
14781,12938,7558,181,90127,89039,6385,90684,117659,41,1,2
14782,4517,196,109,24104,23913,1791,24424,31017,1,1,1
14783,4244,199,111,25822,25574,1756,26149,32481,1,1,1
14784,20216,16583,108,76097,74337,2186,76731,115817,84,1,1
14785,8817,6304,100,79627,78727,1748,80117,97088,38,1,1
14786,23323,24327,112,75414,73010,1712,76167,125638,118,1,1
14787,8820,6863,105,68594,67661,1694,69058,86529,41,1,1
14788,4578,1295,107,115284,114802,1696,115649,123314,9,1,2
14789,20583,22037,172,52586,50455,1720,53361,97807,105,1,1
14790,11459,11222,102,44389,43054,1706,44925,69404,61,1,1
14791,4089,193,102,36457,36239,1717,36783,42870,1,1,1
14792,4176,197,106,35586,35394,1684,35900,42044,1,1,1
14793,41920,37277,108,103399,100030,5035,104320,188653,166,1,2
14794,10136,4362,137,84653,83880,6665,85096,106359,25,1,2
14795,4796,195,103,29197,28989,1773,29520,36376,1,1,1
14796,4279,198,99,17131,16942,1650,17449,23666,1,1,1
14797,4228,198,96,24430,24230,1739,24737,30996,1,1,1
14798,9821,5109,105,75521,74719,1672,75956,92661,33,1,1
14799,13054,11187,97,76217,74911,1708,76744,102788,61,1,1
14800,42704,15711,238,60979,59334,28040,61728,148285,78,1,1
14801,24364,4844,102,79550,78800,17054,79992,126376,28,1,1
14802,23665,6599,97,40561,39676,7611,41013,79156,37,1,1
14803,12765,3483,168,60585,59966,1720,61055,79115,23,1,1
14804,13557,4796,95,48217,47488,26691,48626,93774,29,1,1
14805,18366,9844,175,55438,54242,8592,56036,92921,52,1,1
14806,23061,9972,98,52176,50959,3347,52680,89153,54,1,1
14807,4307,208,104,56474,56267,1742,56807,63159,1,1,1
14808,3951,1884,93,35150,34648,4892,35505,46324,14,1,1
14809,4195,193,95,36256,36030,1693,36565,42734,1,1,1
14810,12748,11576,93,40138,38817,1720,40657,66793,62,1,1
14811,4305,192,102,37494,37292,1680,37813,44080,1,1,1
14812,41880,32412,143,99366,96270,6762,100296,181450,149,1,2
14813,9053,5036,103,59430,58677,12820,59853,86854,30,1,1
14814,4409,196,103,18611,18405,2278,18919,25893,1,1,1
14815,4092,195,96,22271,22071,1703,22584,28673,1,1,1
14816,5761,3389,96,48920,48291,5520,49301,64062,23,1,1
14817,17533,14016,104,65752,64218,2224,66335,100203,73,1,1
14818,17139,19145,206,76642,74590,2867,77407,116660,97,1,1
14819,19028,18251,112,59990,58097,1758,60661,99798,93,1,1
14820,12538,11617,103,113364,111880,1723,113907,139878,63,1,2
14821,12007,1217,188,58738,58373,1708,59183,74219,9,1,1
14822,15465,13182,111,40673,39208,1732,41246,71727,69,1,1
14823,19405,28752,206,105832,103685,4947,106608,159814,99,1,2
14824,4485,193,99,37076,36868,1819,37392,43988,1,1,1
14825,4127,195,102,37008,36799,2273,37323,44013,1,1,1
14826,10039,4166,100,71079,70408,19048,71576,104922,26,1,1
14827,15784,16273,105,76239,74456,2581,76875,111607,86,1,1
14828,18832,17638,105,76986,75070,1757,77638,115964,91,1,1
14829,16572,7216,102,65003,64088,2387,65446,91716,40,1,1
14830,10808,10795,157,80361,79018,1686,80941,104327,60,1,1
14831,4088,197,102,67424,67231,1783,67741,73900,1,1,1
14832,19135,19708,105,59605,57622,1704,60267,100916,97,1,1
14833,12795,12715,100,48638,47205,2978,49186,77766,68,1,1
14834,4153,205,132,36578,36377,1745,36927,43124,1,1,1
14835,41686,39857,104,103845,100298,3949,104799,190387,175,1,2
14836,10964,7626,102,88478,87366,7433,88951,115074,44,1,2
14837,4325,196,101,24403,24206,1734,24720,31070,1,1,1
14838,4153,195,95,24738,24539,1676,25038,31150,1,1,1
14839,6131,3577,98,53606,52977,5708,53991,69505,24,1,1
14840,12953,9112,187,73505,72342,2549,74091,98793,51,1,1
14841,14043,13889,109,73015,71463,2031,73594,103651,74,1,1
14842,19544,18348,112,66895,64992,1860,67550,107409,92,1,1
14843,18988,4993,175,58982,58247,1722,59487,85289,29,1,1
14844,10303,8306,159,58464,57395,2279,59014,79992,48,1,1
14845,14041,5983,100,60497,59645,4812,60934,85856,36,1,1
14846,22762,24347,104,62960,60576,1807,63703,112723,117,1,1
14847,14410,14449,100,50719,49166,1811,51304,82063,74,1,1
14848,5638,197,92,54501,54300,2326,54918,63169,1,1,1
14849,4181,194,88,43123,42928,1752,43402,49615,1,1,1
14850,41712,40548,103,109377,105764,4553,110351,197265,180,1,2
14851,12796,6487,106,85336,84326,7467,85788,112629,38,1,2
14852,6135,229,115,31858,31623,1701,32200,40373,1,1,1
14853,4328,196,88,17990,17797,1675,18269,24559,1,1,1
14854,4262,208,107,26404,26178,1717,26724,32998,1,1,1
14855,20832,19753,105,91017,89002,3180,91732,135602,99,1,1
14856,9344,7754,92,74206,73179,2300,74664,94153,44,1,1
14857,7571,5724,109,68301,67489,2106,68751,84242,34,1,1
14858,20689,21745,121,69499,67376,1711,70229,114477,106,1,1
14859,11184,10513,155,57743,56452,2589,58326,82706,59,1,1
14860,5984,205,109,63701,63497,1743,64032,72053,1,1,1
14861,6721,814,313,93291,92709,2878,93997,104647,1,1,1
14862,21909,22731,257,86053,82187,2739,87483,135036,88,1,1
14863,16422,13093,228,74703,72832,3171,75748,108773,57,1,1
14864,5946,256,165,67214,66853,2213,67706,76429,1,1,1
14865,5695,357,164,67182,66872,2333,67609,76138,1,1,1
14866,70186,42096,748,131616,128138,23668,134206,270888,117,1,1
14867,13702,7314,166,94106,93026,9688,94683,125511,38,1,2
14868,3946,229,178,20033,19820,1526,20482,26291,1,1,1
14869,15197,12707,116,78563,77017,1778,79128,108911,66,1,1
14870,14129,5645,95,132985,132034,7083,133407,160358,33,1,2
14871,13014,10551,105,104476,103034,1940,105011,130649,58,1,1
14872,8222,5187,403,99381,97915,5533,100305,119933,31,1,1
14873,13867,12725,312,98194,96237,2566,99263,128603,54,1,1
14874,5023,336,156,62012,61752,2707,62420,70579,1,1,1
14875,6935,4657,107,38022,37277,3737,38471,53888,28,1,1
14876,17498,30451,146,105210,103084,4753,105907,158718,88,1,2
14877,4182,199,99,25463,25255,1738,25777,31987,1,1,1
14878,25759,23387,129,87068,84668,1732,87828,138810,117,1,1
14879,15184,13705,153,77577,76029,1720,78225,108930,72,1,1
14880,42237,27736,135,107890,105221,10006,108710,188790,129,1,1
14881,6900,1304,100,68027,67653,1767,68368,78434,10,1,1
14882,9648,4349,99,38564,37882,10816,38966,63878,26,1,1
14883,20819,12343,98,60637,59211,6089,61178,100714,66,1,1
14884,10281,3578,99,70425,69819,1725,70860,86536,23,1,1
14885,19167,19755,115,61973,59919,1732,62671,103426,98,1,1
14886,16285,17460,97,51309,49398,1702,51942,87481,91,1,1
14887,723,220,101,34949,34736,2515,35269,38819,1,1,1
14888,41772,38910,100,100634,97092,5226,101567,187574,172,1,2
14889,11420,7980,142,120310,119093,2632,120822,142948,44,1,3
14890,4429,743,98,29503,29195,1799,29841,36905,6,1,1
14891,26352,22073,111,79235,77024,1808,79953,130283,109,1,1
14892,12835,11597,103,74961,73547,2300,75504,102332,66,1,1
14893,18989,19472,184,76535,74536,1724,77309,117597,98,1,1
14894,9878,7780,130,135328,133964,1731,135856,155351,46,1,2
14895,4290,203,98,61479,61290,1697,61809,68092,1,1,1
14896,21957,26058,182,58993,56476,1726,59844,109687,124,1,1
14897,13345,13388,107,45390,43864,1705,45970,74503,73,1,1
14898,5670,197,87,41683,41494,1694,41976,49624,1,1,1
14899,4324,195,88,35349,35162,1663,35644,41910,1,1,1
14900,41705,39551,101,105029,101498,5227,105979,192559,176,1,2
14901,12373,7261,190,85043,83942,6094,85596,111417,42,1,2
14902,1864,200,91,24504,24318,2449,24803,29404,1,1,1
14903,4283,291,100,19243,19014,1700,19566,25931,2,1,1
14904,26501,26245,106,82695,80165,1996,83461,138306,127,1,1
14905,12058,11004,101,78222,76908,1740,78744,103644,62,1,1
14906,19338,20505,141,60718,58603,1742,61453,103142,103,1,1
14907,13710,6402,96,106796,105812,2392,107233,129832,37,1,2
14908,4653,224,100,55440,55240,1708,55761,62440,1,1,1
14909,18233,19348,184,46155,44204,1782,46909,86376,96,1,1
14910,10720,9662,98,38874,37720,2357,39373,62203,52,1,1
14911,3445,223,96,42759,42541,1928,43098,48832,1,1,1
14912,41602,37936,112,91543,88191,11644,92479,183771,170,1,1
14913,15960,13379,108,75597,74014,1967,76196,107595,73,1,1
14914,4165,206,137,24998,24796,2306,25352,32126,1,1,1
14915,27937,26577,103,72032,69564,1697,72808,129123,124,1,1
14916,14789,5069,107,58325,57638,2687,58742,81377,28,1,1
14917,11217,9147,101,72562,71403,3005,73051,96514,52,1,1
14918,4775,302,142,59995,59754,2491,60359,68027,2,1,1
14919,22410,23305,116,60351,58052,1800,61106,108725,112,1,1
14920,11936,10050,108,53057,51873,1774,53576,77427,54,1,1
14921,41950,36877,129,157070,153237,5414,158050,242426,164,1,2
14922,23301,19246,219,166266,164088,4434,167051,214325,76,1,3
14923,5826,276,166,38023,37749,2054,38479,46937,1,1,1
14924,5494,497,150,40397,40147,1909,40772,48966,1,1,1
14925,34497,34307,116,114484,109812,2084,115450,186482,160,1,1
14926,15179,11270,13439,80342,78790,3437,94557,124717,55,1,1
14927,24148,24102,124,71646,69192,1833,72432,122618,116,1,1
14928,10054,4426,114,60536,59818,1763,60964,77306,28,1,1
14929,10753,10146,129,62631,61407,1740,63180,85915,56,1,1
14930,15326,9709,147,63738,62587,1761,64294,91184,51,1,1
14931,19997,20904,106,61119,58967,1793,61835,104635,105,1,1
14932,13834,13412,100,55600,54091,2156,56170,85674,72,1,1
14933,4461,225,101,59803,59143,2456,60204,67467,1,1,1
14934,58175,68348,328,140382,136534,6529,142251,275703,167,1,2
14935,13185,7301,153,98538,97468,6889,99077,126556,39,1,2
14936,4235,204,97,28129,27918,1861,28444,34835,1,1,1
14937,4599,209,96,27488,27300,1696,27795,34384,1,1,1
14938,19912,16698,106,77991,76103,1801,78626,117141,85,1,1
14939,10703,8986,149,76815,75702,1703,77373,98863,51,1,1
14940,10517,10160,98,69129,67824,3511,69647,93936,57,1,1
14941,10817,8896,107,118944,117638,1728,119445,140980,53,1,2
14942,4295,211,177,57913,57671,1718,58322,64639,1,1,1
14943,16923,15740,103,47732,46031,2556,48335,83655,80,1,1
14944,12846,12931,125,45836,44354,1715,46426,74015,69,1,1
14945,4733,195,85,35376,35177,1670,35668,42356,1,1,1
14946,4239,203,102,36546,36339,1687,36850,43070,1,1,1
14947,42254,29462,109,83787,80990,19768,84659,176245,139,1,1
14948,5294,206,98,22713,22480,1724,23030,30347,1,1,1
14949,11466,7501,100,61843,60894,11766,62300,93122,42,1,1
14950,5228,198,97,17600,17359,1671,17896,25079,1,1,1
14951,6287,868,100,25131,24826,2087,25465,34804,7,1,1
14952,4255,192,98,25446,25236,1999,25758,32301,1,1,1
14953,4267,290,98,18716,18488,2093,19020,25768,2,1,1
14954,8217,6479,99,49940,49059,3785,50399,68975,38,1,1
14955,9564,6198,101,61098,60212,7520,61557,84930,38,1,1
14956,13043,11259,185,76089,74749,1436,76711,102547,62,1,1
14957,20085,19015,101,62144,60187,1790,62806,103801,95,1,1
14958,9991,8071,131,53736,52684,1708,54240,74101,47,1,1
14959,4320,202,149,57548,57363,2517,57914,65042,1,1,1
14960,28594,20932,133,99771,97502,1702,100494,151826,101,1,2
14961,10433,8760,99,36120,34966,1761,36614,57665,52,1,1
14962,4169,272,102,38119,37882,1677,38449,44662,2,1,1
14963,41453,31577,109,73260,70378,35570,74121,183005,147,1,1
14964,15293,18288,249,83063,81414,1730,83976,119395,74,1,1
14965,3490,227,105,23907,23675,1686,24243,29743,1,1,1
14966,21990,20173,106,80979,78906,1691,81665,125622,101,1,1
14967,10762,9291,99,66763,65611,1623,67255,89029,53,1,1
14968,4958,509,144,54042,53763,1706,54413,61687,4,1,1
14969,25716,27413,110,116447,113685,1940,117260,172433,132,1,2
14970,13042,11035,100,53867,52562,2812,54391,81379,61,1,1
14971,51340,33976,141,108546,105448,9078,109458,204132,151,1,2
14972,14221,12943,103,92754,91200,5885,93302,126448,66,1,2
14973,6274,192,97,36410,36216,2205,36713,45469,1,1,1
14974,4622,195,92,23076,22895,1664,23357,29926,1,1,1
14975,897,396,104,38000,37747,1007,38336,40727,3,1,1
14976,36533,37424,97,83663,80298,1699,84635,160385,173,1,1
14977,11659,9501,99,64034,62870,3515,64530,89296,53,1,1
14978,9365,7896,100,73548,72500,1712,74020,93087,47,1,1
14979,19935,18907,111,83470,81529,1707,84135,124789,94,1,1
14980,8088,6317,96,64468,63588,1786,64907,81189,38,1,1
14981,10671,7520,181,46601,45572,2143,47158,67592,45,1,1
14982,5566,206,95,81775,81556,1706,82083,89661,1,1,1
14983,4351,209,101,61299,61108,1679,61686,68009,1,1,1
14984,2696,1712,101,46019,45599,5677,46388,56574,12,1,1
14985,13323,6720,94,51604,50691,2202,52043,74371,39,1,1
14986,14885,15678,104,56993,55320,2213,57597,90467,80,1,1
14987,4699,199,211,35643,35447,1924,36076,42987,1,1,1
14988,5218,195,88,40814,40626,1796,41101,48403,1,1,1
14989,1436,854,103,26914,26589,12812,27261,42462,7,1,1
14990,26459,22150,106,71292,69129,6263,71990,126956,108,1,1
14991,14503,8871,98,89422,88162,5821,89917,119205,49,1,2
14992,4333,361,99,25445,25208,1760,25768,32317,3,1,1
14993,4096,301,102,25934,25705,1697,26256,32445,2,1,1
14994,18680,18829,106,86071,84070,1829,86787,126235,97,1,1
14995,9543,8902,107,72065,70929,1681,72574,92792,51,1,1
14996,12678,8912,95,68908,67800,3633,69386,94700,50,1,1
14997,2106,1430,141,82870,82299,1305,83391,88370,8,1,1
14998,32938,36310,169,130351,126100,2162,131405,203094,163,1,1
14999,8139,3136,248,135754,134954,1983,136426,149970,16,1,2
15000,15328,9347,105,50556,49410,9454,51069,85287,50,1,1
15001,13941,8289,100,47506,46478,1725,47971,72199,46,1,1
15002,4625,336,100,56685,56453,1748,57017,63818,2,1,1
15003,19821,33329,171,56520,54273,1819,57318,112394,107,1,1
15004,8976,6173,93,81171,80077,1758,81603,98603,38,1,2
15005,4240,242,139,37970,37741,1696,38331,44605,1,1,1
15006,5715,1219,106,82262,81761,11788,82623,101458,9,1,2
15007,8871,4513,95,59427,58707,13984,59835,87295,29,1,1
15008,4270,196,100,17879,17696,1734,18186,24477,1,1,1
15009,4999,184,163,23988,23759,1854,24368,31500,1,1,1
15010,4588,191,97,26424,26225,1814,26726,33416,1,1,1
15011,4965,2833,99,44932,44337,6997,45308,60197,20,1,1
15012,13544,11034,101,63812,62517,1773,64335,90776,59,1,1
15013,11835,10267,98,72306,71062,1788,72812,96786,57,1,1
15014,4124,208,95,52994,52805,1678,53309,59408,1,1,1
15015,12288,23510,157,57924,56448,4646,58544,99092,66,1,1
15016,11865,11000,107,56356,55048,2262,56887,82105,61,1,1
15017,2417,204,100,55806,55591,2378,56121,61207,1,1,1
15018,15140,13714,108,40216,38669,1821,40801,71575,72,1,1
15019,16943,16725,100,109158,107280,15806,109772,159344,85,1,2
15020,3895,235,131,43046,42855,2000,43397,49621,1,1,1
15021,4245,194,100,37362,37167,1839,37670,44042,1,1,1
15022,42538,28246,100,108196,105533,26632,108977,206669,130,1,2
15023,6868,3681,96,57707,57110,16989,58091,85718,23,1,1
15024,7968,3515,104,75171,74518,1811,75674,89070,23,1,1
15025,16584,15309,102,87314,85656,1924,87922,121835,78,1,1
15026,11521,16503,160,74792,73432,2352,75406,105885,61,1,1
15027,4244,196,109,54277,54076,1712,54605,60850,1,1,1
15028,23157,25662,128,72701,70147,1804,73537,124293,124,1,1
15029,11350,10927,100,57881,56580,2922,58406,83704,60,1,1
15030,41400,41679,106,135819,132041,5514,136811,225511,187,1,2
15031,10699,5197,106,84150,83287,8707,84603,109292,31,1,2
15032,12045,5681,185,31120,30301,1903,31639,51365,34,1,1
15033,4107,205,102,25525,25315,2620,25843,32867,1,1,1
15034,19812,16406,108,76605,74859,1684,77233,115231,85,1,1
15035,10219,8072,101,72048,70992,1767,72520,92669,47,1,1
15036,18485,17751,122,80331,78433,1779,81037,119159,91,1,1
15037,9771,7821,101,66922,65871,2107,67402,87198,47,1,1
15038,5185,1616,88,114854,114276,1668,115195,123755,12,1,2
15039,22287,25146,118,54965,52567,1789,55729,105049,120,1,1
15040,12527,10958,219,44493,43177,1695,45142,70412,61,1,1
15041,4216,343,102,37354,37080,1674,37681,44042,3,1,1
15042,4411,198,98,35000,34797,1691,35308,41698,1,1,1
15043,44717,38600,163,106078,102618,3462,107091,194175,168,1,2
15044,15022,11545,103,86000,84558,5368,86541,118570,62,1,2
15045,2574,196,145,27688,27483,2390,28044,33304,1,1,1
15046,4197,284,88,17594,17376,1905,17895,24372,2,1,1
15047,4215,198,104,25119,24920,1696,25436,31632,1,1,1
15048,4261,197,116,25808,25618,1700,26129,32389,1,1,1
15049,19507,19728,121,74573,72446,2803,75270,117401,100,1,1
15050,11308,10957,101,76749,75366,3019,77281,102654,63,1,1
15051,582,310,130,31870,31648,922,32278,34192,2,1,1
15052,38751,44371,104,69956,66144,1724,70964,155905,197,1,1
15053,7745,514,98,56270,56013,1474,56590,66410,4,1,1
15054,13469,12541,101,58688,57243,1727,59234,87060,67,1,1
15055,998,202,106,56319,56127,2546,56643,60483,1,1,1
15056,17948,17364,146,46862,45013,1693,47564,84668,89,1,1
15057,7178,3817,98,69960,69214,1792,70352,83228,24,1,2
15058,4149,195,108,37258,37062,1776,37579,43788,1,1,1
15059,41671,39764,110,97804,94233,2294,98766,182597,178,1,2
15060,4384,1384,94,56842,56443,17433,57204,80497,11,1,1
15061,4236,197,137,19123,18906,1709,19477,25706,1,1,1
15062,4469,196,103,26750,26551,1713,27068,33543,1,1,1
15063,25911,23534,137,84887,82575,1752,85662,136964,115,1,1
15064,10353,8826,153,90374,89203,1826,90940,112041,50,1,1
15065,10023,4631,172,75290,74602,1718,75770,92232,28,1,1
15066,20486,21576,194,64067,61859,1733,64873,108770,108,1,1
15067,13975,13505,103,60335,58794,1715,60917,90207,73,1,1
15068,8893,199,100,56739,56536,1736,57049,67969,1,1,1
15069,14659,12669,129,39927,38496,1699,40509,69643,66,1,1
15070,32234,36983,141,111265,107835,2117,112234,183662,169,1,2
15071,2523,200,91,35652,35462,2390,35961,41162,1,1,1
15072,3785,214,124,36852,36640,1780,37191,43064,1,1,1
15073,10742,3965,90,60823,60189,20896,61203,96895,24,1,1
15074,19322,19108,191,123658,121628,3420,124681,166845,79,1,1
15075,27877,26025,415,132837,130582,2236,134428,190891,96,1,1
15076,8385,1121,107,71631,71285,1788,71997,83383,7,1,1
15077,12007,11549,101,82904,81479,1853,83467,108964,63,1,1
15078,4277,199,187,69319,69111,2608,69723,76907,1,1,1
15079,18805,20926,131,60469,58377,1736,61168,102741,101,1,1
15080,12106,12015,123,51180,49732,1788,51736,77746,63,1,1
15081,4123,210,111,36848,36612,1872,37186,43493,1,1,1
15082,42035,36864,112,104204,100761,6845,105131,190974,164,1,2
15083,12683,10892,154,91435,90051,6644,92020,122340,57,1,2
15084,4413,216,98,24841,24628,1830,25156,31710,1,1,1
15085,4433,195,100,24755,24562,2388,25066,32171,1,1,1
15086,20197,16637,110,75855,73998,1724,76492,115149,86,1,1
15087,9086,6172,100,80348,79465,2178,80838,98371,37,1,1
15088,7047,5037,98,54480,53674,4725,54925,71831,32,1,1
15089,15687,5662,100,60277,59453,5565,60707,87718,34,1,1
15090,11356,10415,99,57625,56347,1804,58135,81800,58,1,1
15091,6785,2837,96,69036,68455,6898,69455,86066,19,1,1
15092,20971,22962,117,59857,57625,1920,60589,106543,110,1,1
15093,10336,8956,94,48798,47708,3350,49267,71998,49,1,1
15094,3673,196,97,42059,41870,2093,42362,48410,1,1,1
15095,41440,39595,101,105997,102444,2473,106947,190564,175,1,2
15096,12430,8518,186,84854,83659,7393,85424,113860,47,1,2
15097,5599,193,98,26906,26720,1938,27207,35027,1,1,1
15098,4462,206,98,17001,16817,1785,17304,23843,1,1,1
15099,3697,221,100,24280,24063,1961,34680,40654,1,1,1
15100,21247,24166,105,81269,78966,4491,82007,131997,116,1,1
15101,9677,7311,145,51434,50481,3352,51967,72403,41,1,1
15102,16424,13008,140,64872,63425,1724,65476,96731,68,1,1
15103,25883,29001,121,77654,74906,1764,78483,135231,137,1,1
15104,12856,13200,105,58884,57401,2443,59459,88051,71,1,1
15105,6072,216,96,63075,62874,1686,63390,71460,1,1,1
15106,5646,304,189,55865,55601,1826,56277,64142,3,1,1
15107,43007,13707,118,40997,39543,28265,41581,126881,69,1,1
15108,13542,3005,101,38090,37537,2240,38464,57345,20,1,1
15109,8870,1753,98,24426,23999,14454,24788,49963,13,1,1
15110,20367,6489,98,25837,24982,9352,26267,62572,36,1,1
15111,21815,12357,101,52664,51311,3568,53201,91035,64,1,1
15112,3850,231,99,37151,36948,2032,37470,43669,1,1,1
15113,42020,32854,190,75809,72862,15016,76756,166748,150,1,1
15114,7533,2040,105,83243,82623,1688,83613,94967,15,1,2
15115,3996,229,125,18543,18335,1700,18889,24907,1,1,1
15116,29682,30077,133,85102,82325,1719,85946,147524,140,1,1
15117,11088,10240,185,80655,79441,1798,81249,104466,55,1,1
15118,7467,3862,99,72110,71496,1759,72495,85673,24,1,1
15119,16627,17691,138,65020,63202,1701,65706,101827,88,1,1
15120,11279,9825,140,59245,57997,1723,59811,82731,55,1,1
15121,12644,1180,161,58770,58403,1813,59177,74915,8,1,1
15122,2016,445,96,25905,25644,1009,26235,29796,4,1,1
15123,24216,18872,99,32642,30781,1680,33279,78139,91,1,1
15124,18363,18017,99,94855,92896,5045,95492,137012,90,1,2
15125,3252,194,103,22797,22605,2217,23117,28873,1,1,1
15126,5744,3395,97,43046,42422,7217,43444,59894,23,1,1
15127,24086,8058,179,64671,63632,4482,65228,102115,47,1,1
15128,15133,13670,102,71019,69493,3397,71581,103874,73,1,1
15129,19386,18699,110,70254,68284,1884,70921,110993,94,1,1
15130,17393,10859,105,99276,97859,14295,99802,142440,59,1,2
15131,10500,7108,180,48765,47780,6026,49322,73055,42,1,1
15132,10326,3996,96,57940,57272,1719,58323,74453,25,1,1
15133,22540,24153,108,59847,57486,1723,60586,109167,117,1,1
15134,12502,12905,105,48282,46804,2210,48837,76546,70,1,1
15135,4204,197,150,35769,35564,1716,36138,42347,1,1,1
15136,37852,39286,104,113490,109926,1732,114441,193410,177,1,2
15137,13544,8937,102,95907,94659,6193,96406,125177,51,1,2
15138,5043,193,96,29151,28920,1755,29460,36540,1,1,1
15139,4523,190,93,26121,25938,1697,26408,32907,1,1,1
15140,6016,345,130,30381,30095,1797,30775,39222,2,1,1
15141,22261,21703,108,86351,84211,1708,87102,132879,106,1,1
15142,10237,9081,100,68046,66905,1682,68546,89637,52,1,1
15143,11092,8419,103,67874,66793,5897,68348,93851,48,1,1
15144,19515,19173,109,77835,75783,1738,78510,119038,96,1,1
15145,17105,4356,142,124850,124022,2397,125317,149272,28,1,2
15146,12637,8539,106,43055,41960,4276,43540,69089,49,1,1
15147,7248,800,91,62997,62696,1762,63324,73222,6,1,1
15148,25552,26234,105,60114,57585,1692,60886,114463,125,1,1
15149,10811,9301,100,49715,48566,2733,50260,73198,52,1,1
15150,4441,716,95,37389,37091,1736,37708,44701,6,1,1
15151,36932,37559,106,104454,101005,1781,105398,181772,170,1,2
15152,12418,8846,101,84152,82962,6213,84637,112207,49,1,2
15153,2973,189,96,24345,24147,2184,24642,30077,1,1,1
15154,4365,205,101,18206,18014,1759,18519,24933,1,1,1
15155,14621,13380,107,61363,59863,1745,61953,91795,71,1,1
15156,12671,8937,198,60546,59446,2442,61133,85273,49,1,1
15157,11204,10309,96,58170,56921,1737,58675,82018,58,1,1
15158,16729,12759,126,62295,60866,2182,62870,94640,67,1,1
15159,18622,18871,106,67636,65240,2225,68312,108155,93,1,1
15160,9848,9138,156,60220,59043,2315,60798,82202,52,1,1
15161,4442,195,104,57250,57058,1720,57569,64017,1,1,1
15162,7869,195,93,55468,55280,1745,55785,65686,1,1,1
15163,17753,18976,108,44216,42251,1780,44879,83491,95,1,1
15164,10672,8714,95,36192,35082,2077,36675,58231,51,1,1
15165,4258,191,204,37054,36847,1710,37484,43735,1,1,1
15166,41991,25856,106,106653,104098,18266,107408,193619,122,1,2
15167,4917,2941,94,57455,56912,16917,57829,82693,20,1,1
15168,4189,195,108,23882,23667,1688,24207,30377,1,1,1
15169,20297,20203,101,94540,92481,1748,95210,137561,100,1,1
15170,8248,2994,190,109014,108319,1965,109490,122788,19,1,2
15171,18651,16339,105,76503,74748,3660,77121,115865,85,1,1
15172,23913,25686,129,61856,59382,1722,62633,114058,123,1,1
15173,12496,11984,188,54639,53252,1694,55265,81533,64,1,1
15174,41230,40898,114,124171,120527,3217,125146,210594,180,1,2
15175,8852,4616,102,144035,143101,1761,144460,159781,28,1,3
15176,4354,295,97,42586,42328,2011,42928,49709,2,1,1
15177,20967,19280,221,80688,78653,1766,81497,123613,98,1,1
15178,12229,10348,108,72888,71640,1700,73411,97780,58,1,1
15179,25624,26030,108,80003,77421,1720,80780,134262,128,1,1
15180,11207,1711,139,65299,64885,1698,65696,80402,12,1,1
15181,12152,10508,96,67988,66703,1734,68513,93001,59,1,1
15182,4389,199,103,55708,55515,1658,56034,62374,1,1,1
15183,42073,17244,118,92588,90795,26948,93226,179596,85,1,1
15184,19821,6855,96,84007,82965,10139,84494,121412,38,1,1
15185,6280,1180,109,27329,26968,16346,27704,51607,9,1,1
15186,21999,11183,107,35529,34278,11481,36049,80808,58,1,1
15187,26774,14442,106,50441,48933,4537,51027,96868,72,1,1
15188,3351,858,98,33739,33414,12484,34075,50870,7,1,1
15189,26362,21466,100,71164,69061,6767,71842,126714,104,1,1
15190,4214,196,100,27198,27004,1738,27501,33739,1,1,1
15191,16846,7708,98,93231,92107,9086,93710,127442,43,1,2
15192,4600,1539,170,53490,52947,1737,53936,61915,12,1,2
15193,20860,20286,106,76011,73929,1723,76698,119840,103,1,1
15194,10029,7885,115,76104,75041,1701,76598,96313,47,1,1
15195,34158,32777,184,82261,79828,1771,83110,152074,121,1,1
15196,12710,3353,94,117176,116465,2517,117564,136237,22,1,2
15197,18401,9986,103,56741,55561,2684,57248,88413,54,1,1
15198,3740,227,98,55897,55700,1790,56212,62063,1,1,1
15199,32266,21019,176,49815,47685,1695,50592,105827,105,1,1
15200,8029,6059,103,74341,73309,1681,74782,90643,37,1,2
15201,4211,202,97,36484,36276,1671,36800,42975,1,1,1
15202,41106,36048,114,99456,96069,4811,100386,182451,166,1,2
15203,9107,6364,101,77212,76205,9214,77652,102428,37,1,2
15204,4172,203,219,24042,23834,1779,24492,30746,1,1,1
15205,4253,194,99,25267,25067,1694,25574,31804,1,1,1
15206,4093,197,102,18691,18500,1658,18999,25039,1,1,1
15207,7911,6631,94,49400,48471,4919,49833,69385,39,1,1
15208,11681,8772,100,61750,60620,1709,62232,84483,49,1,1
15209,12300,11016,106,75873,74517,1665,76425,101497,63,1,1
15210,20637,19673,151,65409,63366,1769,66129,108315,98,1,1
15211,12280,10091,100,57558,56315,1756,58071,82289,56,1,1
15212,4468,199,101,57715,57472,1722,58037,64525,1,1,1
15213,6476,355,97,57763,57514,1681,58086,66693,3,1,1
15214,27157,15408,155,41641,40017,1736,42287,86848,78,1,1
15215,10173,8679,144,40365,39220,1745,40921,61612,50,1,1
15216,2448,192,86,37171,36974,2485,37464,42677,1,1,1
15217,42007,33153,105,75071,72068,29747,75938,181120,152,1,1
15218,12269,11937,105,74781,73386,1704,75340,101341,65,1,1
15219,4572,347,141,26323,26052,1708,26704,33430,3,1,1
15220,19615,19400,100,71928,69918,1678,72577,113377,95,1,1
15221,17219,9111,103,113114,111891,3074,113597,143097,49,1,2
15222,15476,13872,108,77217,75707,3819,77798,111060,73,1,1
15223,22459,22445,143,62142,59916,1864,62895,109764,109,1,1
15224,9793,8631,97,55573,54496,1721,56073,76310,49,1,1
15225,41442,42504,112,110526,106712,4405,111529,199985,187,1,2
15226,11488,10322,96,113878,112507,5793,114448,142157,57,1,2
15227,4728,196,113,25040,24838,1701,25378,32091,1,1,1
15228,20612,18880,130,77139,75145,1729,77840,119159,97,1,1
15229,11225,9106,117,71778,70636,3074,72301,95807,52,1,1
15230,22228,21136,151,383908,381646,1691,384666,429822,107,1,1
15231,2010,540,107,106890,106623,995,107222,110875,4,1,1
15232,14569,10880,112,303219,301953,1588,303775,330904,59,1,1
