batch_id,d1_ns,d2_ns,d3_ns,d4_ns,d5_ns,d6_ns,svc_ns,total_ns,num_faults,num_va_spaces,num_blocks
839,60377,52513,700,454896,447104,10221,457923,581687,168,1,1
840,22098,18457,178,246202,243945,10232,247313,298417,69,1,1
841,19815,13264,163,146559,144925,2276,147465,183122,51,1,1
842,6075,306,181,111113,110780,2224,111625,120551,1,1,1
843,22881,21232,186,101273,98522,2219,102427,149083,82,1,1
844,16227,16114,145,106835,104725,2311,107801,142768,65,1,1
845,10486,262,166,102214,101912,2089,102684,115832,1,1,1
846,5390,2193,148,68401,67791,5211,68939,82032,12,1,1
847,7881,1311,151,57478,56901,2216,57976,69694,7,1,1
848,41198,40695,150,176727,172602,3270,178258,263737,141,1,2
849,5628,189,147,39379,39094,2349,39810,48276,1,1,1
850,35083,34460,155,140296,136696,2193,141752,213797,124,1,1
851,21781,17983,171,130652,128516,2187,131695,173975,71,1,1
852,26522,26665,163,134377,131463,2211,135615,191329,101,1,1
853,13165,11482,157,110097,108528,2113,110946,138171,50,1,1
854,4905,194,162,103537,103239,3170,104006,112583,1,1,1
855,5553,197,137,94708,94441,2188,95126,103368,1,1,1
856,31092,32243,148,100668,97444,2204,102017,167875,115,1,1
857,20989,18128,151,80026,77780,2097,81037,122559,73,1,1
858,6160,215,150,75444,75128,2146,75900,84735,1,1,1
859,59261,47725,150,187568,182984,7923,189264,304486,158,1,2
860,53378,56694,145,175561,170312,2189,177470,290048,185,1,2
861,5346,230,142,39429,39152,2770,39856,48497,1,1,1
862,6040,206,144,37405,37139,2400,37834,46778,1,1,1
863,5715,183,141,54232,53941,2125,54687,63019,1,1,1
864,22928,17877,134,172706,170436,2143,173712,216965,70,1,2
865,12732,10864,152,129813,128393,2157,130611,156611,47,1,1
866,31970,32276,147,135832,132390,2184,137190,203951,115,1,1
867,19210,19170,154,109009,106731,2616,110063,151367,76,1,1
868,6759,273,152,101020,100729,2156,101482,111007,1,1,1
869,5525,183,146,96824,96553,2423,97281,105758,1,1,1
870,31639,46848,194,67242,64658,1814,68547,149163,124,1,1
871,14986,16156,107,47071,45362,1875,47701,80820,82,1,1
872,4551,199,93,36527,36340,2125,36830,43792,1,1,1
873,9921,6769,109,90276,89209,12543,90756,120088,39,1,2
874,14212,12568,113,87743,86196,6487,88302,121665,65,1,2
875,4370,198,145,25431,25238,1738,25797,32207,1,1,1
876,4286,200,97,18774,18570,1800,19077,25466,1,1,1
877,26667,25735,109,84616,81951,1733,85392,139637,125,1,1
878,11858,10656,122,78722,77430,1747,79283,103652,60,1,1
879,36337,22762,205,68965,66872,1871,69752,130826,97,1,1
880,11162,10414,106,57050,55699,1856,57572,81098,59,1,1
881,4568,198,102,57511,57304,1906,57837,64602,1,1,1
882,5298,348,125,58901,58658,1743,59267,66750,3,1,1
883,17965,28530,155,46127,44350,2159,46838,95593,87,1,1
884,11612,11073,96,40366,39017,1788,40914,65477,62,1,1
885,4442,210,106,37927,37721,1788,38247,44824,1,1,1
886,32859,27610,104,109526,106698,1857,110315,172746,131,1,2
887,6315,2549,92,57659,57146,9397,58029,76383,18,1,1
888,15713,212,174,25692,25471,1929,26136,44098,1,1,1
889,4982,860,100,32418,32060,1759,32773,40467,7,1,1
890,14562,13668,108,74198,72669,1902,74772,105001,71,1,1
891,8244,6377,100,70989,70072,1774,71443,87925,40,1,1
892,16284,8436,92,65970,64933,1756,66432,93002,46,1,1
893,19905,8003,160,56371,55328,4193,56930,89132,45,1,1
894,13493,12232,103,54689,53292,2355,55253,83423,66,1,1
895,41418,40595,118,112535,108944,4986,113516,200618,179,1,2
896,12548,10659,102,100603,99249,6472,101172,130946,56,1,2
897,4436,208,123,27291,27041,2171,27646,34565,1,1,1
898,30792,23913,113,79753,77429,1740,80507,137054,115,1,1
899,15635,11741,107,73781,72414,1704,74339,103513,64,1,1
900,45585,28462,387,120680,117518,2441,122338,198977,110,1,1
901,14845,13906,227,87536,85996,1972,88590,119459,58,1,1
902,4442,215,99,57149,56954,1748,57485,63982,1,1,1
903,4425,351,100,55346,55108,1953,55670,62492,2,1,1
904,17334,16486,164,61896,59715,1793,62618,98351,85,1,1
905,14376,14789,99,60398,58754,1824,60981,92065,77,1,1
906,1654,197,96,42699,42488,2561,43007,47511,1,1,1
907,41320,38233,114,104761,101171,7638,105718,193007,174,1,2
908,6464,1544,93,89228,88683,12474,89618,110196,11,1,2
909,5556,319,101,18577,18322,1765,18896,26631,3,1,1
910,4683,191,94,25114,24904,1892,25417,32270,1,1,1
911,4905,197,99,27366,27174,1747,27654,34593,1,1,1
912,21897,20106,109,85731,83487,1964,86432,130503,102,1,1
913,9828,7678,100,74971,73974,1762,75434,94796,44,1,1
914,21650,22736,142,94324,91901,1973,95102,141563,113,1,1
915,10729,9809,104,66513,65287,1826,67050,89512,56,1,1
916,4637,237,116,64050,63825,1823,64392,71180,1,1,1
917,4122,206,92,61757,61563,1739,62045,68199,1,1,1
918,20401,19702,150,49396,47105,1941,50128,92275,98,1,1
919,8545,6515,100,74406,73368,1382,74863,91396,39,1,2
920,4637,346,100,36673,36424,2206,37007,44290,3,1,1
921,41927,38775,117,100086,96507,5090,101060,186952,176,1,2
922,10210,4393,103,87352,86553,8406,87821,110935,27,1,2
923,4568,196,98,21661,21460,1792,21974,28621,1,1,1
924,4082,199,99,24950,24737,1666,25273,31311,1,1,1
925,4545,200,103,18246,18052,1862,18553,25249,1,1,1
926,6375,3555,95,45824,45208,5404,46220,61639,23,1,1
927,17147,15252,105,64756,63108,1848,65357,99699,78,1,1
928,15090,15713,102,77322,75579,1698,77950,110538,83,1,1
929,2276,1407,133,47342,46967,975,47743,52502,10,1,1
930,29876,28714,103,59309,56565,1789,60115,120580,137,1,1
931,10921,9044,128,57428,56271,2255,57966,80290,52,1,1
932,4529,201,98,55706,55513,1736,56027,62595,1,1,1
933,5796,201,101,56150,55881,13408,56471,75967,1,1,1
934,13827,12692,129,41329,39880,2715,41918,71245,67,1,1
935,9564,8066,140,40398,39355,2142,40934,60809,45,1,1
936,4720,198,97,36163,35973,1797,36462,43267,1,1,1
937,3892,1952,102,59544,59110,33746,59927,99611,14,1,1
938,13537,11903,108,75323,73868,2708,75882,104127,66,1,1
939,4233,208,139,23245,23048,1781,23614,29932,1,1,1
940,25373,24244,109,82110,79724,1816,82851,134388,117,1,1
941,4331,199,92,59553,59366,1791,59844,66257,1,1,1
942,13306,13262,100,74981,73477,1937,75543,104142,71,1,1
943,4402,196,102,74063,73816,1814,74457,80972,1,1,1
944,23833,25228,108,60208,57735,1858,60988,112025,123,1,1
945,11358,11000,106,55282,53993,2930,55816,81200,60,1,1
946,41369,40342,110,111442,107796,3877,112415,198106,178,1,2
947,14601,13964,157,93751,92077,5563,94394,128613,73,1,2
948,4718,208,98,25299,25106,1733,25618,32367,1,1,1
949,19294,17173,135,79095,77277,1802,79763,118135,86,1,1
950,10588,8846,112,70893,69787,1812,71397,92733,50,1,1
951,6378,4220,180,64905,64208,5077,65414,81198,27,1,1
952,17889,7837,137,67801,66806,1839,68322,95997,43,1,1
953,11420,11183,118,72880,71569,1869,73426,97986,60,1,1
954,4390,334,99,61300,61073,1769,61621,68204,3,1,1
955,19607,20658,144,60718,58545,1847,61467,103683,102,1,1
956,15592,14981,161,51939,50302,2150,52605,85422,79,1,1
957,4605,1173,102,43271,42911,1832,43632,51337,9,1,1
958,41473,37592,116,101254,97857,3720,102192,185076,168,1,2
959,15026,9201,201,93200,91952,6238,93799,124370,51,1,2
960,4563,212,100,25452,25217,1881,25767,32520,1,1,1
961,4531,204,104,24845,24658,1714,25165,31706,1,1,1
962,25964,25488,117,78642,76151,1732,79425,132709,124,1,1
963,3181,1863,98,45755,45337,970,46128,52232,13,1,1
964,41162,27094,154,69996,67415,2664,70825,141844,130,1,1
965,3886,3329,97,53615,53018,1008,54007,62332,22,1,1
966,30936,25370,129,67575,65087,2102,68358,126867,121,1,1
967,12425,11024,95,60672,59341,1725,61202,86464,61,1,1
968,4332,328,133,58745,58501,1831,59120,65713,3,1,1
969,18021,18085,105,47679,45782,1736,48334,86273,93,1,1
970,13277,12280,145,44109,42651,1771,44733,72155,66,1,1
971,4294,196,95,36980,36771,1738,37292,43611,1,1,1
972,4171,197,100,36142,35948,1819,36467,42794,1,1,1
973,53264,48742,237,141277,137528,3842,143270,249406,169,1,2
974,22193,13402,283,138872,136928,3459,139854,179041,57,1,2
975,4199,260,114,26675,26454,1885,27023,33467,1,1,1
976,4813,195,103,25419,25212,1807,25744,32653,1,1,1
977,20618,20001,119,79751,77460,1838,80445,123004,97,1,1
978,28096,15436,178,120515,118313,2127,121221,167007,69,1,1
979,5927,647,279,89838,89446,2406,90455,99599,1,1,1
980,4031,1951,149,61493,60877,6548,62029,74684,11,1,1
981,16627,12322,156,70511,68515,2204,71348,102661,52,1,1
982,15432,15168,154,95979,94073,2354,96873,129945,62,1,1
983,15499,1475,177,98897,98471,2688,99477,119280,7,1,1
984,57130,12859,195,106759,104966,31376,107806,209351,53,1,1
985,16581,15559,158,279725,277442,2513,280720,315693,67,1,2
986,5934,737,165,60634,60267,2594,61146,70551,3,1,1
987,5700,253,195,59211,58657,2181,59751,68055,1,1,1
988,55577,35724,330,116708,112852,32386,118160,242608,131,1,1
989,22885,17898,209,113063,110978,2288,114151,157381,73,1,1
990,5582,396,168,36996,36716,2134,37491,45747,1,1,1
991,18477,17868,144,113306,111242,5037,114374,156067,69,1,1
992,13145,9306,259,65621,64353,1771,66305,90629,50,1,1
993,15201,16982,104,74529,72570,2063,75165,109505,89,1,1
994,4094,200,98,54810,54574,1735,55134,61256,1,1,1
995,23601,26214,144,79174,76547,1822,80034,131773,126,1,1
996,12471,12261,107,56703,55278,2406,57258,84488,66,1,1
997,41419,39051,116,112576,109018,5611,113528,199716,173,1,2
998,14345,13257,107,90109,88536,5351,90672,123722,69,1,2
999,5641,365,185,38721,38457,1783,39155,47046,3,1,1
1000,4607,287,93,24151,23927,1890,24451,31326,2,1,1
1001,19383,18105,120,75380,73457,1731,76064,115381,92,1,1
1002,9511,7410,116,71385,70387,2188,71874,91079,44,1,1
1003,4814,3392,96,68087,67470,5522,68526,82352,22,1,1
1004,17371,4453,104,60855,60157,3936,61281,87137,28,1,1
1005,8131,6142,96,52875,51956,1816,53310,69489,38,1,1
1006,8894,3716,97,58588,57993,6584,58975,78257,23,1,1
1007,21569,24008,103,60848,58511,1759,61592,109026,116,1,1
1008,13036,12381,164,46653,45190,1919,47285,74713,68,1,1
1009,2315,200,90,35593,35396,2289,35906,40799,1,1,1
1010,8047,6300,108,89896,88906,10648,90360,115488,36,1,2
1011,13039,9980,163,85193,83902,5431,85757,114298,53,1,2
1012,4762,196,99,27402,27217,1756,27707,34510,1,1,1
1013,4189,208,94,17063,16837,1739,17346,23568,1,1,1
1014,5794,185,192,16468,16271,1701,16919,24689,1,1,1
1015,4541,199,99,25304,25101,1890,25607,32325,1,1,1
1016,8525,5895,99,44434,43596,3230,44864,62605,35,1,1
1017,14777,10238,93,65861,64659,1855,66366,93331,56,1,1
1018,9842,8947,112,65294,64169,1780,65796,86459,51,1,1
1019,20910,15715,103,68507,66866,2197,69129,108046,79,1,1
1020,4564,3493,123,66544,65907,1006,67019,76182,23,1,1
1021,30248,25131,102,67038,64622,1730,67782,124991,121,1,1
1022,12828,11316,131,62065,60713,2071,62642,88953,62,1,1
1023,4527,204,98,56677,56437,1755,56993,63570,1,1,1
1024,18699,18435,518,67277,65330,1789,68389,107409,93,1,1
1025,13529,13332,105,40754,39247,1832,41324,70111,71,1,1
1026,2362,195,92,42763,42571,2767,43064,48477,1,1,1
1027,4357,200,92,35400,35206,1935,35699,42277,1,1,1
1028,42153,36868,114,97906,94562,6078,98830,184027,164,1,2
1029,6707,2877,89,57156,56604,13908,57531,81115,19,1,1
1030,4371,204,142,19126,18928,1826,19485,25988,1,1,1
1031,4083,199,97,32835,32601,1899,33142,39423,1,1,1
1032,24474,24273,100,84454,82043,1794,85207,135854,119,1,1
1033,9010,6288,104,63773,62869,2029,64223,81634,38,1,1
1034,11614,6300,102,57022,56146,1744,57460,77210,37,1,1
1035,20327,21597,182,64228,62028,1750,65023,108796,108,1,1
1036,12070,11397,100,59629,58310,1753,60180,85493,62,1,1
1037,9472,214,104,56078,55851,1787,56405,67967,1,1,1
1038,13785,10892,125,39567,38243,1920,40131,66831,61,1,1
1039,10804,9780,106,109010,107726,6788,109572,137036,53,1,2
1040,4287,193,98,35521,35332,1684,35819,42073,1,1,1
1041,4179,208,103,37161,36950,1665,37472,43615,1,1,1
1042,42036,32979,110,77216,74190,24560,78097,177773,154,1,1
1043,12672,10893,108,71688,70346,2882,72221,98758,61,1,1
1044,9048,7684,168,72100,71091,4307,72658,93805,43,1,1
1045,9795,3913,100,63577,62920,1766,63980,79549,26,1,1
1046,12230,11946,109,80639,79242,1905,81206,107379,64,1,1
1047,2396,196,90,65379,65170,2256,65678,70616,1,1,1
1048,21459,23724,146,61616,59248,1845,62420,109551,118,1,1
1049,13668,13765,100,49003,47486,2512,49577,79617,73,1,1
1050,4477,192,100,35191,34984,1729,35514,42016,1,1,1
1051,41452,42118,107,107178,103417,5808,108166,197655,187,1,2
1052,26607,12486,150,91490,89957,5444,92099,136740,67,1,2
1053,4268,204,179,25082,24882,1963,25573,32097,1,1,1
1054,4313,210,103,24848,24656,1747,25158,31519,1,1,1
1055,21774,20122,109,76681,74618,1737,77370,121098,101,1,1
1056,9348,7298,103,43791,42811,2634,44266,63633,44,1,1
1057,18468,15551,107,79836,78158,3947,80494,118561,81,1,1
1058,3316,1949,100,51591,51159,1016,51964,58344,13,1,1
1059,28644,28255,108,86713,83999,1797,87541,146335,138,1,1
1060,8001,6676,97,59856,58921,1755,60301,76821,39,1,1
1061,11256,3464,100,58361,57748,16513,58747,90079,23,1,1
1062,5774,1114,192,25254,24910,35334,25704,68026,8,1,1
1063,19322,2024,104,18214,17767,27942,18577,68003,14,1,1
1064,26059,10747,108,56152,54940,21733,56687,115316,56,1,1
1065,16353,5333,94,33070,32292,13036,33509,68323,32,1,1
1066,20390,8741,106,37797,36734,8081,38291,75594,48,1,1
1067,13010,4448,104,39327,38648,1721,39752,59014,27,1,1
1068,42260,29144,120,116430,113635,11690,117295,200501,133,1,2
1069,16243,7642,137,85914,84757,8985,86432,119585,43,1,2
1070,5578,200,98,27334,27140,1696,27640,35203,1,1,1
1071,4157,200,93,16909,16725,1706,17206,23356,1,1,1
1072,4292,199,100,24574,24373,1735,24892,31210,1,1,1
1073,6374,3924,106,47002,46332,5335,47420,63149,25,1,1
1074,16538,11569,99,64098,62739,7643,64626,100470,62,1,1
1075,14146,14321,188,77381,75797,1772,78046,108395,75,1,1
1076,3428,2804,98,52432,51872,1112,52819,60261,19,1,1
1077,26702,21322,107,64309,62169,1771,65000,114889,105,1,1
1078,12803,12006,104,58018,56602,1843,58581,85323,66,1,1
1079,8863,214,171,57133,56944,1767,57529,68474,1,1,1
1080,18005,16783,102,54307,52184,2163,54957,92019,86,1,1
1081,10998,8996,109,39588,38471,1742,40087,61918,50,1,1
1082,3056,197,93,36780,36576,2339,37079,42760,1,1,1
1083,4721,319,102,37149,36908,1709,37477,44317,2,1,1
1084,41677,46739,165,99792,96555,3804,100755,193087,158,1,2
1085,4871,1965,92,59634,59181,17487,59994,84411,14,1,1
1086,4294,210,102,18794,18587,1809,19114,25516,1,1,1
1087,14928,13460,105,87906,86223,1860,88484,118834,72,1,2
1088,14672,7773,102,102128,101040,2007,102613,127160,43,1,2
1089,19343,19053,153,97290,95285,2106,98012,138617,98,1,1
1090,20161,19950,105,60714,58632,1727,61427,103366,103,1,1
1091,11248,10889,108,55251,53958,1672,55782,79683,60,1,1
1092,21065,468,220,60476,60242,1757,60939,84336,1,1,1
1093,16058,11788,108,40659,39295,1792,41213,70955,63,1,1
1094,15432,14655,103,97131,95430,5333,97712,133227,75,1,2
1095,32660,31869,137,89705,86131,2043,90660,157359,152,1,1
1096,14945,15776,216,78211,76455,3167,78970,112958,83,1,1
1097,16526,15838,114,83020,81215,1801,83661,117928,83,1,1
1098,9837,9540,111,75017,73850,1918,75538,96929,53,1,1
1099,7196,1914,146,69624,69186,1835,70044,81095,13,1,1
1100,5447,196,96,58925,58735,1862,59224,66820,1,1,1
1101,20677,19424,110,59293,57216,1775,59976,101951,97,1,1
1102,13953,14132,100,56726,55112,2079,57307,87561,74,1,1
1103,54009,38259,170,114448,110945,5287,115455,213111,171,1,2
1104,11568,8678,103,89526,88344,6731,90017,117085,48,1,2
1105,1841,201,98,28101,27910,2121,28410,32666,1,1,1
1106,4310,198,94,26225,26041,2766,26521,33883,1,1,1
1107,4109,201,106,24266,24075,1413,24585,30400,1,1,1
1108,6007,1386,95,90499,89968,1807,90865,100163,11,1,2
1109,8038,5095,146,56328,55544,3065,56797,73094,31,1,1
1110,12241,10257,96,66044,64837,1800,66549,90942,56,1,1
1111,3743,3044,103,54186,53609,1006,54589,62481,20,1,1
1112,29426,22391,106,66119,63848,3202,66848,121960,113,1,1
1113,12217,23769,157,65241,63834,1833,65870,103786,65,1,1
1114,4169,212,103,56983,56773,1884,57304,63661,1,1,1
1115,19662,20683,139,59686,57629,1875,60423,102742,102,1,1
1116,12038,10923,97,50706,49419,1750,51231,76031,60,1,1
1117,4237,199,123,36161,35952,2133,36491,43173,1,1,1
1118,41391,46575,140,107983,103860,2965,109076,200119,204,1,2
1119,12388,8283,104,109718,108499,5478,110194,136445,44,1,3
1120,4131,204,102,18766,18570,1800,19070,25297,1,1,1
1121,27274,27842,102,82425,79775,1694,83222,140144,133,1,1
1122,11011,10927,160,78261,76923,1693,78847,102574,61,1,1
1123,10704,9623,131,60430,59203,3923,60974,85333,55,1,1
1124,10836,9249,105,56070,54904,1916,56576,78677,54,1,1
1125,6021,537,181,56978,56780,1761,57387,65800,1,1,1
1126,8276,196,101,55848,55637,2014,56166,66745,1,1,1
1127,17487,17161,116,45461,43663,1963,46103,82816,86,1,1
1128,10028,8228,100,40448,39355,1770,40927,61052,49,1,1
1129,4449,196,98,37918,37710,1794,38228,44757,1,1,1
1130,4319,200,119,37258,37055,1798,37589,43996,1,1,1
1131,15016,8893,191,64709,63567,13013,65302,102319,50,1,1
1132,7642,3599,100,58198,57582,15243,58595,85164,24,1,1
1133,1891,183,113,24964,24758,2755,25287,30212,1,1,1
1134,4424,212,98,18979,18776,1849,19287,25864,1,1,1
1135,17847,18769,107,75686,73796,3367,76339,116409,94,1,1
1136,12555,4905,106,73771,73027,1712,74200,93467,31,1,1
1137,19008,20737,166,94340,92167,1756,95092,136696,105,1,1
1138,4082,197,102,66647,66436,1754,66971,73095,1,1,1
1139,42515,10048,108,84210,83025,29052,84733,166447,53,1,1
1140,21542,4498,106,58727,58025,13907,59139,99181,27,1,1
1141,24485,8275,100,38432,37401,2281,38912,74051,45,1,1
1142,7473,12252,177,25523,25192,16888,25950,62664,7,1,1
1143,19377,9545,100,33486,32296,12905,33985,75904,53,1,1
1144,26632,14157,102,78454,76590,7056,79066,127026,74,1,1
1145,51785,50023,440,167140,162677,2421,169001,273576,182,1,2
1146,17241,9207,216,145615,144004,28499,146347,201607,43,1,2
1147,5679,364,249,38192,37872,2308,38754,47250,1,1,1
1148,26244,22000,158,133181,130569,2591,134137,185329,88,1,1
1149,12776,10747,169,84014,82765,3373,84736,111969,49,1,1
1150,16648,13715,148,89091,87466,2157,89920,122721,63,1,1
1151,18482,15142,195,114515,111911,2246,115458,151676,65,1,1
1152,16356,3141,242,119181,118408,2423,119916,142148,14,1,1
1153,13413,13024,200,73344,71583,1863,74062,102474,60,1,1
1154,15829,6887,115,68939,67985,9605,69440,101870,34,1,1
1155,21677,23546,175,62657,60230,1846,63463,110625,114,1,1
1156,11747,10783,149,53492,52201,2622,54071,79318,59,1,1
1157,41708,42899,113,107609,103807,4174,108614,197505,188,1,2
1158,14603,12980,107,116684,114985,6823,117326,151848,68,1,2
1159,3227,206,124,27197,26966,2493,27545,33564,1,1,1
1160,4697,198,92,35273,35044,2071,35589,42658,1,1,1
1161,35937,42092,314,123198,119494,2606,127236,208203,138,1,1
1162,13804,12130,251,140536,138622,2388,141602,170303,53,1,1
1163,24567,25240,224,138520,132418,3572,140169,193983,98,1,1
1164,16859,12045,289,78547,76852,2142,79474,110654,63,1,1
1165,5052,226,116,64761,64503,1914,65108,72409,1,1,1
1166,4422,204,144,63289,63087,1848,63648,70212,1,1,1
1167,20006,20474,111,57013,54846,1824,57705,100108,100,1,1
1168,20780,12385,138,44098,42663,1754,44689,79709,65,1,1
1169,8154,275,382,61461,61082,3320,62334,74323,1,1,1
1170,5998,715,268,63314,62678,2859,64078,73861,1,1,1
1171,49185,70659,279,190202,183510,4204,192344,316759,190,1,2
1172,10147,410,204,31249,30978,1997,31803,44490,1,1,1
1173,17231,12121,115,93425,91798,11536,94020,135001,62,1,2
1174,4143,208,105,25481,25286,1837,25796,32090,1,1,1
1175,4481,199,97,18252,18054,1890,18556,25218,1,1,1
1176,22690,22505,117,82262,79886,1916,82996,130202,111,1,1
1177,9601,8230,194,73204,72108,2131,73816,93871,49,1,1
1178,4121,206,109,54809,54585,1836,55154,61411,1,1,1
1179,22512,22024,109,65710,63515,1753,66434,112824,108,1,1
1180,10500,9845,97,56117,54906,1818,56615,78872,55,1,1
1181,4227,208,132,58655,58456,1856,59009,65397,1,1,1
1182,7085,396,103,55561,55311,1748,55904,65225,3,1,1
1183,3457,997,95,29494,29150,5063,29848,39453,8,1,1
1184,9660,4062,106,29233,28592,1954,29642,45409,25,1,1
1185,9233,8365,100,36878,35772,1750,37376,56818,48,1,1
1186,4350,198,94,36561,36367,1722,36847,43209,1,1,1
1187,41496,39535,161,74241,71553,13753,75110,169993,133,1,1
1188,13209,10277,100,73492,72212,1857,74009,99440,58,1,1
1189,12810,182,134,25783,25570,1841,26149,41080,1,1,1
1190,21333,22952,107,85483,83142,1807,86219,132417,114,1,1
1191,11145,10064,150,77893,76636,1820,78470,101591,58,1,1
1192,6468,1610,96,72413,72017,1675,72756,82601,12,1,1
1193,21430,23094,108,61915,59629,1735,62650,109006,113,1,1
1194,11188,9507,101,55199,54049,1799,55696,78278,53,1,1
1195,41307,41744,145,124396,120630,4962,125430,213545,186,1,2
1196,18658,16781,162,112864,110992,4166,113556,153257,83,1,2
1197,5364,240,118,44643,44392,1653,44986,52335,1,1,1
1198,4890,205,96,27322,27125,1865,27627,34678,1,1,1
1199,4496,205,97,24376,24171,1884,24679,31395,1,1,1
1200,38395,24603,232,90429,87948,1760,91322,156186,119,1,1
1201,11456,10265,106,70952,69727,2837,71472,96127,56,1,1
1202,8866,8216,152,72450,71492,4115,73048,94371,38,1,1
1203,17531,9237,123,84625,83631,1991,85202,114230,42,1,1
1204,9734,8664,105,72589,71390,2166,73104,93761,49,1,1
1205,5662,405,107,64254,63990,1790,64602,72562,3,1,1
1206,17907,17718,130,56596,54644,1823,57284,94833,91,1,1
1207,7594,933,99,46722,46394,1752,47052,57420,7,1,1
1208,24859,11361,154,57118,55763,2563,57723,96607,63,1,1
1209,41456,42445,104,106779,102893,4186,107777,195965,188,1,2
1210,16483,14906,102,97954,96238,4597,98547,134627,76,1,2
1211,2385,200,96,24200,24003,2386,24506,29569,1,1,1
1212,4656,198,103,25633,25428,1985,25953,32881,1,1,1
1213,19023,16311,150,77977,76186,1759,78659,115859,85,1,1
1214,11207,10394,124,78059,76780,1885,78619,102205,59,1,1
1215,42701,17735,120,74678,72819,24481,75344,160367,86,1,1
1216,44179,23524,189,63359,61061,9309,64166,141286,111,1,1
1217,9184,2411,99,27451,26944,12195,27821,51707,16,1,1
1218,21660,11819,100,49146,47824,6879,49681,90135,62,1,1
1219,5779,1452,92,56678,56299,2148,57026,66491,11,1,1
1220,3029,202,93,63685,63450,3150,64026,70510,1,1,1
1221,15117,13861,123,61896,60303,1810,62606,93496,74,1,1
1222,11177,10202,106,42181,40895,1865,42710,66048,57,1,1
1223,4148,200,100,36326,36125,1745,36643,42829,1,1,1
1224,4308,200,103,36696,36493,1776,37014,43387,1,1,1
1225,54469,46796,181,152835,148396,6532,154597,262762,174,1,2
1226,3754,1609,244,88683,88080,20550,89436,115498,9,1,1
1227,8501,525,208,32100,31713,2349,32640,44337,1,1,1
1228,5622,216,147,32375,32087,2139,32819,40932,1,1,1
1229,4972,429,263,41501,41150,2101,42108,49959,1,1,1
1230,34163,33304,161,139099,134997,2093,140423,210320,137,1,1
1231,13875,12117,171,126204,124664,2827,126988,156118,58,1,1
1232,6079,963,152,72965,72656,1903,73427,82455,6,1,1
1233,20780,22069,114,68188,65875,1830,68924,113714,108,1,1
1234,14529,14987,104,117798,115955,2521,118398,150532,79,1,2
1235,23018,19228,330,79318,75744,2838,80813,126298,71,1,1
1236,26905,26827,203,117609,114996,3997,118501,176554,106,1,2
1237,4346,214,101,38942,38735,1865,39276,45849,1,1,1
1238,41987,28807,116,73804,71011,27632,74622,173151,134,1,1
1239,21299,18936,192,116591,114496,2246,117510,160155,80,1,1
1240,5796,473,139,40740,40484,2266,41151,60050,1,1,1
1241,14354,12896,139,89073,87332,3424,89947,120755,55,1,1
1242,24154,13322,122,142578,140707,9169,143415,190240,55,1,2
1243,24566,24305,217,90521,87883,10043,91808,150893,90,1,1
1244,22560,14148,142,104299,102501,2289,105213,144349,61,1,1
1245,2805,1887,153,68469,67861,1403,69018,75288,10,1,1
1246,42825,40056,134,86295,82610,2255,87742,173178,148,1,1
1247,20593,22219,135,107019,104475,2468,108137,153753,88,1,1
1248,53263,52497,330,175005,170121,4702,176966,287807,191,1,2
1249,21870,20212,191,163690,161023,5755,164761,212974,87,1,2
1250,6089,548,174,65436,65134,2155,65971,74920,1,1,1
1251,5355,272,111,31130,30896,2077,31480,39315,1,1,1
1252,32306,30849,199,113667,110459,2045,114954,180522,132,1,1
1253,23383,24737,415,92441,90271,1866,93808,144097,98,1,1
1254,25427,38080,159,77467,74922,1792,78314,143718,119,1,1
1255,6708,5086,94,134291,133315,1967,134747,148621,30,1,2
1256,4203,215,110,64427,64207,1775,64782,71076,1,1,1
1257,21006,23253,106,72191,57780,1939,72964,119313,111,1,1
1258,11246,9918,105,59623,58393,1740,60151,83169,55,1,1
1259,4355,201,100,36876,36681,1866,37188,43701,1,1,1
1260,41947,54568,174,119954,116005,4343,121772,222804,189,1,2
1261,11732,7859,149,113136,111861,5400,113714,138798,44,1,3
1262,4533,201,146,18505,18294,1779,18879,25496,1,1,1
1263,4306,196,98,24969,24742,1934,25277,31807,1,1,1
1264,4111,209,102,25392,25185,1841,25706,31960,1,1,1
1265,5123,3257,97,43433,42837,5671,43818,57961,21,1,1
1266,13881,11648,104,65254,63866,1699,65786,93107,62,1,1
1267,11289,9189,99,74217,73049,1711,74709,96990,53,1,1
1268,20892,21038,137,68232,66075,1719,68968,112723,106,1,1
1269,14094,13768,101,60732,59185,1765,61319,91041,74,1,1
1270,4292,198,102,55904,55701,1675,56229,62508,1,1,1
1271,4170,204,122,58632,58420,1841,58973,65283,1,1,1
1272,14741,27285,154,52424,50836,1780,53089,97010,75,1,1
1273,11739,11193,99,40172,38878,1891,40696,65609,60,1,1
1274,6005,199,101,43715,43506,1760,44030,52086,1,1,1
1275,4256,199,94,42806,42605,1798,43111,49458,1,1,1
1276,42016,37973,113,99235,95754,5355,100176,185621,171,1,2
1277,8413,4115,96,59082,58428,15312,59478,87409,26,1,1
1278,4431,204,142,19402,19199,1765,19784,26288,1,1,1
1279,4223,201,97,27661,27462,2083,27962,34567,1,1,1
1280,11454,6177,106,62373,61410,2177,62843,82755,38,1,1
1281,13199,7927,102,71928,70937,11679,72403,105300,44,1,1
1282,11914,11035,101,76221,74859,1783,76777,101600,62,1,1
1283,2626,1535,149,38771,38405,4242,39184,47697,8,1,1
1284,17805,16120,106,56331,54606,1749,56958,92728,82,1,1
1285,9810,8028,102,89872,88676,3567,90357,111858,48,1,2
1286,17527,16071,106,59714,57994,3722,60338,97752,84,1,1
1287,7271,389,102,57011,56764,1939,57353,67049,3,1,1
1288,14335,12478,121,49570,48114,1856,50197,78968,67,1,1
1289,13721,11717,106,101235,99727,6241,101781,133556,63,1,2
1290,4584,306,92,36204,35978,1860,36510,43360,2,1,1
1291,4132,224,102,37716,37515,1852,38032,44328,1,1,1
1292,42172,30132,109,72719,69932,35654,73553,181614,141,1,1
1293,11934,9357,112,74103,72890,1842,74632,97867,52,1,1
1294,41781,32791,144,112201,109179,9150,113110,196930,151,1,1
1295,10877,4323,228,122113,121239,2092,122752,140208,21,1,1
1296,16618,9244,153,48168,46667,12415,48761,87160,50,1,1
1297,41801,13332,284,106134,104421,3886,107147,166344,54,1,1
1298,5197,940,146,109983,109548,2272,110472,119014,5,1,1
1299,32652,36032,202,102418,98379,2784,104085,175893,136,1,1
1300,17802,17485,170,90264,88238,1926,91316,128664,74,1,1
1301,57201,44194,207,179289,174858,6999,181044,289795,154,1,2
1302,22922,19952,166,156644,154101,7331,157728,208276,78,1,2
1303,5446,317,173,39867,39575,2273,40400,48585,1,1,1
1304,5766,317,161,37999,37727,2208,38465,46882,1,1,1
1305,31226,41390,231,122243,119143,2215,123590,198576,110,1,1
1306,17289,14118,258,117086,115106,2413,118043,152231,63,1,1
1307,30835,35306,245,110628,107420,2416,112245,181197,135,1,1
1308,13337,12380,278,100336,98527,2364,101314,129558,58,1,1
1309,5642,531,202,72138,71769,2167,72647,81106,1,1,1
1310,4836,468,108,64186,63931,1913,64548,71856,3,1,1
1311,23683,23789,130,55344,52874,1852,56114,105540,115,1,1
1312,13870,13651,156,46958,45331,2324,47589,77539,71,1,1
1313,4157,203,97,36851,36650,1917,37160,43543,1,1,1
1314,4243,202,106,34841,34649,1869,35154,41557,1,1,1
1315,41308,42775,111,108602,104622,4588,109605,198377,187,1,2
1316,13417,7793,103,83356,82204,5552,83831,110688,44,1,2
1317,5189,359,97,27962,27723,1783,28277,35700,3,1,1
1318,4491,304,188,18961,18710,1714,19374,25979,3,1,1
1319,4181,211,98,24605,24370,1864,24906,31252,1,1,1
1320,8807,7060,101,60532,59598,4972,61006,81928,41,1,1
1321,14806,12190,106,70655,69201,1854,71223,100160,67,1,1
1322,13464,11312,100,73356,72011,1824,73903,100593,63,1,1
1323,4726,2648,101,44021,43459,17372,44411,69259,19,1,1
1324,17339,16081,159,58078,56396,1883,58747,94143,81,1,1
1325,13757,14535,101,61521,59925,1864,62104,92353,77,1,1
1326,5754,199,95,61743,61556,1877,62040,69960,1,1,1
1327,5141,195,97,55410,55235,1680,55705,62808,1,1,1
1328,17234,17572,116,57482,55641,1761,58190,94863,89,1,1
1329,9334,6248,101,39729,38821,1720,40176,57570,38,1,1
1330,4385,199,92,36274,36082,1766,36554,42993,1,1,1
1331,4109,200,99,37084,36879,1765,37387,43552,1,1,1
1332,41257,43706,123,102474,98586,3202,103495,191759,192,1,2
1333,4684,1170,93,56601,56255,16125,56935,79005,9,1,1
1334,4922,198,149,18403,18202,1727,18769,25711,1,1,1
1335,7580,3252,104,95464,94662,1832,95873,108638,22,1,2
1336,8151,5805,107,50719,49897,2107,51156,67310,34,1,1
1337,13572,12131,102,62480,61105,1775,63032,90601,65,1,1
1338,4444,216,143,52387,52182,1837,52741,59335,1,1,1
1339,21357,30569,154,59818,57785,1841,60561,114434,98,1,1
1340,13521,13485,104,56127,54618,1828,56700,85624,73,1,1
1341,11406,619,107,57075,56760,1722,57428,71271,5,1,1
1342,15582,12227,113,39832,38394,1825,40413,70148,67,1,1
1343,16626,15363,101,109650,107792,4752,110303,147141,81,1,2
1344,28823,25069,110,83191,80716,1750,83976,139722,121,1,1
1345,16639,13596,107,74133,72583,2904,74728,107955,74,1,1
1346,9986,9004,104,88733,87581,4290,89300,112681,51,1,1
1347,8274,1172,106,72234,71904,1855,72585,83979,8,1,1
1348,10723,18144,192,67870,66500,1905,68731,99611,62,1,1
1349,1406,197,93,53819,53634,930,54116,56740,1,1,1
1350,4188,206,96,554,374,1323,826,6620,1,1,1
1351,37635,43419,94,73707,70047,1790,74731,157675,190,1,1
1352,14168,13377,104,54283,52763,1761,54850,84250,72,1,1
1353,41617,39251,105,114897,111391,4414,115842,201275,174,1,2
1354,13050,9848,104,89491,88179,6852,89996,119841,54,1,2
1355,5235,204,189,28931,28724,1885,29320,36741,1,1,1
1356,4300,198,91,26269,26064,1803,26557,32948,1,1,1
1357,4697,209,124,24738,24532,1820,25073,31889,1,1,1
1358,4428,198,97,25341,25150,1812,25655,32186,1,1,1
1359,18729,18940,105,74557,72596,3518,75210,116495,95,1,1
1360,10833,10300,99,64647,63420,3401,65171,89795,57,1,1
1361,13448,11136,96,70269,68982,1724,70801,97206,61,1,1
1362,1917,832,170,35944,35587,1006,36374,40233,7,1,1
1363,34795,38165,100,65014,61574,2471,65963,141487,176,1,1
1364,9713,8355,92,65070,63993,1850,65545,85561,49,1,1
1365,4624,201,98,56042,55816,1816,56355,63086,1,1,1
1366,4296,197,98,69098,68886,1845,69460,75894,1,1,1
1367,22464,22603,112,60451,58264,1868,61177,108217,108,1,1
1368,15040,15637,103,53054,51383,1870,53653,86295,80,1,1
1369,4997,201,130,57293,57053,2181,57662,65171,1,1,1
1370,5966,256,148,69723,69286,2416,70212,79068,1,1,1
1371,55396,35462,220,114332,111044,24571,115702,231505,132,1,1
1372,22534,10972,227,40207,39101,2036,41053,76724,41,1,1
1373,13477,9723,154,100862,99685,15100,101705,140156,42,1,1
1374,8516,2047,146,34705,34198,2111,35225,48019,11,1,1
1375,5181,276,122,24594,24307,2149,24985,32712,1,1,1
1376,27829,26779,169,103929,101114,2243,105041,162028,104,1,1
1377,22249,11822,153,99693,98307,18476,100439,153142,48,1,1
1378,14561,13681,165,87489,85735,1963,88420,118767,58,1,1
1379,13635,6866,160,103163,102086,17334,103919,141883,32,1,1
1380,30894,33378,161,106801,103220,2554,108251,175214,122,1,1
1381,16633,15660,139,106575,104601,2593,107539,142575,68,1,1
1382,5211,404,185,93251,92954,2227,93766,101728,1,1,1
1383,13424,377,250,90816,90413,2587,91390,108111,1,1,1
1384,24524,22341,206,70267,68155,2174,71444,120640,84,1,1
1385,14707,12481,140,53557,51966,2015,54373,83933,58,1,1
1386,5477,316,197,52431,52152,1984,52931,60878,1,1,1
1387,5055,232,192,63456,63179,2303,63910,71628,1,1,1
1388,17298,7438,150,85614,84591,13069,86312,124313,32,1,1
1389,8744,4123,141,62752,62067,12455,63207,88624,25,1,1
1390,4218,198,92,26701,26507,1887,27005,33396,1,1,1
1391,4458,196,101,19251,19021,1836,19561,26142,1,1,1
1392,16434,14555,102,57009,55262,4204,57588,92879,75,1,1
1393,13318,8085,145,63861,62753,1917,64385,87800,45,1,1
1394,12254,12551,103,88026,86491,1836,88656,115388,69,1,1
1395,3887,196,95,65782,65598,2488,66086,72746,1,1,1
1396,23871,22576,104,62753,60487,1833,63471,111847,111,1,1
1397,12881,12087,200,58102,56658,1855,58750,85669,66,1,1
1398,41557,36823,105,108626,105234,2489,109541,190512,165,1,2
1399,16994,16017,104,92668,90845,6118,93276,132499,82,1,2
1400,4329,200,200,25173,24975,1752,25587,31959,1,1,1
1401,21276,21021,105,80190,78080,1791,80887,125071,104,1,1
1402,9285,6673,102,65383,64472,3230,65837,85127,39,1,1
1403,11392,9730,105,74194,73025,2011,74708,97933,54,1,1
1404,5863,3719,101,46794,46145,4771,47213,61708,24,1,1
1405,29942,16613,209,79359,77641,2171,80081,128905,82,1,1
1406,10544,9974,100,52994,51843,1710,53496,75812,53,1,1
1407,13482,10234,117,59787,58558,1783,60317,85918,56,1,1
1408,4160,199,99,55270,55075,1847,55586,61887,1,1,1
1409,19212,18433,107,63528,61551,1825,64187,103756,94,1,1
1410,15784,15303,157,61107,59363,2215,61785,95190,83,1,1
1411,41585,40777,113,104739,101046,4655,105717,192840,181,1,2
1412,8080,4221,99,90591,89780,7912,91003,111305,27,1,2
1413,16107,843,195,52577,52162,1860,53019,71926,5,1,2
1414,22549,22318,111,78097,75853,1767,78822,125556,109,1,1
1415,10330,9454,99,77215,76052,1737,77710,99352,53,1,1
1416,1654,987,102,40329,39986,1189,40683,44616,8,1,1
1417,35759,39163,198,68783,65246,1789,69834,146650,181,1,1
1418,12448,11429,100,67263,65933,2802,67817,94588,63,1,1
1419,2271,195,97,59903,59721,2442,60210,65206,1,1,1
1420,4268,203,98,60129,59940,1882,60437,66876,1,1,1
1421,19033,19468,105,53075,51105,1763,53742,94105,96,1,1
1422,14000,12655,191,41990,40529,1785,42640,71173,68,1,1
1423,5694,200,98,43205,43000,1730,43521,51236,1,1,1
1424,4413,206,95,34597,34416,1829,34897,41430,1,1,1
1425,41803,37149,131,103918,100544,6126,104859,190079,163,1,2
1426,14402,7667,108,84074,83004,6334,84548,113043,41,1,2
1427,4463,205,174,26252,26032,1930,26643,33344,1,1,1
1428,4130,197,100,18390,18202,1831,18706,24956,1,1,1
1429,28498,28444,171,82038,79352,1770,82914,141734,135,1,1
1430,11549,10878,103,77548,76185,1692,78086,102295,62,1,1
1431,5303,3660,98,71994,71322,5052,72437,86553,24,1,1
1432,9840,7607,105,57123,56072,1801,57604,76947,45,1,1
1433,4330,204,96,56165,55964,1744,56464,62843,1,1,1
1434,6680,197,97,57505,57317,1692,57812,66473,1,1,1
1435,19936,19113,107,53723,40774,1951,54480,95581,94,1,1
1436,9381,6951,100,40475,39525,1771,40927,59122,40,1,1
1437,4689,192,94,37105,36911,1793,37404,44172,1,1,1
1438,42403,28078,110,74090,71462,20672,74898,166152,131,1,1
1439,13208,12318,116,73254,71817,2393,73833,101845,68,1,1
1440,4306,202,98,32912,32695,1767,33266,39640,1,1,1
1441,25142,25219,107,72102,69699,1812,72861,125128,119,1,1
1442,15875,8197,143,98722,97571,1781,99236,125189,45,1,2
1443,16409,13400,111,71609,70123,4454,72182,106539,71,1,1
1444,10274,8706,119,63925,62769,4332,64493,87901,50,1,1
1445,13453,14322,146,63312,61744,2064,63942,93876,75,1,1
1446,41366,40176,102,147709,143982,5778,148687,236116,184,1,2
1447,8992,3223,104,38753,38162,9620,39141,61067,21,1,1
1448,26659,28051,101,88987,86269,4290,89822,148926,133,1,1
1449,4340,200,97,43965,43771,2076,44271,50977,1,1,1
1450,4289,201,98,26663,26489,1804,26962,33349,1,1,1
1451,4324,210,103,24521,24317,1728,24827,31179,1,1,1
1452,20245,18352,114,78348,76401,1864,79022,119584,94,1,1
1453,13359,11760,106,72207,70829,1764,72768,99744,65,1,1
1454,7340,6038,160,53860,52971,4506,54383,72367,36,1,1
1455,18121,7368,184,61139,60176,6551,61692,93827,42,1,1
1456,7870,5987,96,54268,53388,1744,54708,70398,37,1,1
1457,11635,8322,105,75837,74775,1790,76342,98179,48,1,1
1458,20747,21846,191,61605,59445,1969,62409,107072,106,1,1
1459,10380,8669,102,52597,51184,3644,53147,75965,50,1,1
1460,4480,664,123,45380,45084,1838,45742,52816,5,1,1
1461,41885,40841,125,105607,101837,3556,106600,192982,182,1,2
1462,14117,11116,99,103840,102408,5664,104457,135450,60,1,2
1463,4337,336,91,25128,24856,1869,25433,32065,3,1,1
1464,4323,205,100,25637,25433,1743,25960,32321,1,1,1
1465,23671,26069,110,79290,76722,1903,80067,131813,126,1,1
1466,10227,8176,100,74133,73061,1713,74634,94834,48,1,1
1467,8659,7912,191,68713,67683,4446,69307,90426,45,1,1
1468,12468,13025,106,59292,57817,1642,59855,87079,69,1,1
1469,3944,209,98,61473,61246,3011,61769,69025,1,1,1
1470,4550,201,96,54108,53926,1951,54405,61196,1,1,1
1471,20210,20083,187,48944,46921,1776,49773,91942,100,1,1
1472,12300,11003,107,41254,39928,1765,41784,66945,61,1,1
1473,4643,196,103,36172,35968,1837,36481,43251,1,1,1
1474,4489,209,97,35585,35382,1768,35884,42440,1,1,1
1475,41445,33371,112,96934,93775,5686,97826,178433,155,1,2
1476,6960,4521,100,73694,72985,14374,74166,100128,28,1,1
1477,6538,213,102,19777,19535,1739,20096,28682,1,1,1
1478,4125,196,92,21606,21432,1870,21892,28170,1,1,1
1479,4249,213,103,25091,24892,1801,25403,31762,1,1,1
1480,19969,18186,108,96530,94531,8506,97187,143943,90,1,2
1481,11156,10525,105,81557,80278,1866,82104,105752,59,1,1
1482,8938,3994,160,69965,69278,1751,70431,85205,27,1,1
1483,21728,23881,105,62797,60413,2176,63541,111424,116,1,1
1484,9523,6860,103,111397,110308,1738,111852,130061,41,1,2
1485,16084,13980,107,47040,45525,1885,47623,79675,72,1,1
1486,14649,13839,206,103981,102278,5160,104666,138421,73,1,2
1487,4376,199,223,37858,37664,1931,38300,44904,1,1,1
1488,42318,30346,112,75400,72602,17049,76238,166058,143,1,1
1489,15749,12139,101,73357,71928,1730,73924,103632,67,1,1
1490,4231,327,137,24308,24082,1785,24676,31117,2,1,1
1491,2229,609,96,42609,42340,1076,42923,46920,5,1,1
1492,35065,37632,103,83433,80081,1788,84356,158934,171,1,1
1493,9759,2020,134,64930,64482,1781,65323,78976,14,1,1
1494,14142,13846,102,70424,68859,1799,71013,100892,75,1,1
1495,1547,202,236,54278,54081,1063,54733,57647,1,1,1
1496,3910,196,88,521,349,2789,779,7758,1,1,1
1497,37160,44487,94,66066,62317,1840,67050,150627,194,1,1
1498,13415,13111,112,55437,53937,2679,56018,85320,71,1,1
1499,41775,43649,104,121885,118066,5492,122930,213956,190,1,2
1500,12731,12154,108,89328,87842,5662,89869,120515,63,1,2
1501,1911,196,96,36150,35955,2886,36449,41530,1,1,1
1502,4155,202,97,23334,23152,1733,23624,29802,1,1,1
1503,18899,17856,112,73362,71551,1773,74019,112641,88,1,1
1504,13493,12290,103,85444,84022,2101,86049,114036,66,1,1
1505,4224,2995,102,52538,51975,5414,52934,65670,20,1,1
1506,17484,5982,95,60766,59948,4188,61189,88933,35,1,1
1507,11584,10476,115,70002,68717,1844,70538,94531,59,1,1
1508,4167,208,135,62088,61875,1811,62443,68731,1,1,1
1509,19178,18694,107,57598,55719,1989,58260,98225,92,1,1
1510,12860,11648,104,47923,46576,2282,48469,75349,63,1,1
1511,41271,40876,104,105696,102052,4830,106663,193745,181,1,2
1512,9363,4198,147,117547,116628,2505,118000,134165,26,1,3
1513,5260,337,97,18017,17773,1884,18328,25898,3,1,1
1514,4429,200,99,25054,24852,1868,25364,31953,1,1,1
1515,4307,200,123,26101,25891,1900,26432,32936,1,1,1
1516,21565,22358,112,76567,74338,1980,77288,123298,109,1,1
1517,9516,7731,100,72558,71495,12661,73032,103037,46,1,1
1518,8703,6937,181,58740,57777,3682,59298,78720,41,1,1
1519,17633,8343,96,63938,62905,3531,64410,94011,46,1,1
1520,13638,12375,107,59417,57970,1786,59982,87871,68,1,1
1521,22917,3767,153,60119,59495,3432,60565,90783,23,1,1
1522,3201,1040,100,24734,24406,35520,25078,64938,8,1,1
1523,20292,3033,102,25326,24780,26678,25705,75798,19,1,1
1524,27020,9057,101,52484,51430,14546,52971,103681,48,1,1
1525,9800,2341,102,31210,30736,13362,31581,57174,16,1,1
1526,20790,9450,102,32157,31021,6510,32654,69496,52,1,1
1527,7021,209,97,42635,42442,1846,42939,52103,1,1,1
1528,4679,209,95,36250,36063,1932,36548,43456,1,1,1
1529,52677,39678,164,99087,95366,7498,100101,200053,175,1,2
1530,9065,4759,176,60314,59602,11619,60819,86356,29,1,1
1531,3034,204,92,17711,17496,2191,18007,23523,1,1,1
1532,4244,211,98,22426,22222,1851,22730,29132,1,1,1
1533,4733,198,100,25025,24816,1801,25338,32166,1,1,1
1534,19052,16264,103,72228,70472,3065,72847,111325,85,1,1
1535,9230,3943,104,76966,76301,1803,77433,92511,26,1,1
1536,16944,14233,112,49393,47858,6370,49983,87625,73,1,1
1537,16596,17666,96,72697,70863,1921,73324,109593,90,1,1
1538,19224,18566,145,64618,62608,1912,65332,105139,93,1,1
1539,12599,12431,100,57914,56469,1818,58476,85417,68,1,1
1540,11621,995,137,60025,59692,1750,60414,75119,7,1,1
1541,14056,11829,110,39640,38223,1769,40203,67960,63,1,1
1542,15890,16400,103,109650,107823,4730,110265,147378,83,1,2
1543,4268,204,103,43988,43787,1797,44299,50665,1,1,1
1544,4144,207,103,37641,37442,1692,37948,44084,1,1,1
1545,42007,31549,168,76765,73849,14478,77697,165836,148,1,1
1546,14286,12566,103,73622,72132,2142,74184,103270,70,1,1
1547,2812,1439,101,67081,66655,973,67444,72769,11,1,1
1548,26984,25994,104,118529,116066,1760,119286,174115,124,1,1
1549,5917,2177,199,110772,110177,1772,111243,121207,15,1,2
1550,15828,12266,176,74759,73348,10262,75380,113833,67,1,1
1551,7740,2807,151,62618,62111,1772,63048,75456,18,1,1
1552,20408,21377,133,61120,58990,1835,61854,105575,104,1,1
1553,12344,11789,140,56463,55088,1878,57048,83173,64,1,1
1554,41043,44067,110,121523,117664,3956,122544,211714,192,1,2
1555,13460,11229,108,92460,90999,4927,93001,122709,61,1,2
1556,3839,208,131,24071,23848,1985,24403,30532,1,1,1
1557,4388,202,138,25475,25283,2096,25832,32608,1,1,1
1558,28429,28172,105,81917,79246,1856,82730,141286,136,1,1
1559,9200,6383,104,53878,52987,2876,54329,72880,39,1,1
1560,13345,12356,111,60874,59488,1744,61437,88975,66,1,1
1561,2984,2065,101,53265,52789,942,53656,59746,15,1,1
1562,36253,29156,189,68251,65553,2427,69146,137091,137,1,1
1563,11667,11054,123,71576,70217,1813,72135,96759,63,1,1
1564,4147,199,103,61180,60985,1503,61500,67447,1,1,1
1565,22309,24381,111,54112,51753,2315,54888,104002,117,1,1
1566,11306,10520,148,45497,44232,2520,46070,70520,58,1,1
1567,4150,312,100,37390,37148,1682,37713,43963,2,1,1
1568,4431,196,100,34967,34762,1880,35277,41879,1,1,1
1569,41356,44680,115,104791,100864,3404,105828,195372,195,1,2
1570,11300,8768,106,92897,91729,5901,93392,119450,47,1,2
1571,4529,221,176,26091,25890,1738,26486,33072,1,1,1
1572,1817,540,96,35331,35064,1032,35645,39127,4,1,1
1573,32949,31960,101,80921,77962,1791,81769,148562,150,1,1
1574,13210,12494,132,76070,74662,4242,76654,106705,66,1,1
1575,8692,4378,104,73506,72816,1752,73913,88826,28,1,1
1576,21908,23983,155,74210,71801,1881,75007,122880,116,1,1
1577,11169,10209,97,54978,53706,1771,55490,78733,58,1,1
1578,4981,188,91,62376,62191,2084,62669,70014,1,1,1
1579,5332,190,96,54888,54713,1755,55175,62541,1,1,1
1580,28253,15545,185,44831,43168,1818,45532,91249,78,1,1
1581,10034,8200,99,37015,35994,1811,37496,57633,46,1,1
1582,4444,480,93,36953,36689,1824,37263,44112,4,1,1
1583,4221,349,125,37225,36974,1823,37575,44071,3,1,1
1584,41787,33650,106,97530,94318,6843,98416,180798,154,1,2
1585,7977,3391,105,58187,57606,10585,58587,80632,22,1,1
1586,4173,210,142,19577,19372,1782,19940,26202,1,1,1
1587,4370,202,106,22597,22403,1700,22914,29282,1,1,1
1588,17842,18663,103,72648,70655,3521,73293,113404,92,1,1
1589,8755,5394,108,67430,66649,1896,67877,84009,33,1,1
1590,13743,13843,105,76139,74592,1908,76719,106303,74,1,1
1591,7827,4345,92,80531,79833,1799,80982,95053,28,1,1
1592,7400,6881,105,59719,58739,4288,60197,78864,41,1,1
1593,15545,15507,113,62531,60844,2323,63153,96629,81,1,1
1594,9190,204,106,57802,57607,1777,58120,69384,1,1,1
1595,15183,13751,109,40492,38959,1834,41077,71944,71,1,1
1596,16780,15839,149,101958,100143,5650,102605,140973,80,1,2
1597,4515,212,106,38220,37994,1752,38543,45116,1,1,1
1598,33502,32045,117,83355,80409,1705,84222,151578,149,1,1
1599,9892,8498,102,56712,55630,3908,57199,79588,49,1,1
1600,26757,13432,152,64561,63083,1787,65178,107255,70,1,1
1601,16918,16118,104,71852,70100,1837,72476,107448,83,1,1
1602,17490,8045,101,67820,66797,2656,68293,96579,44,1,1
1603,10004,9455,105,60948,59752,1896,61455,82898,55,1,1
1604,13839,7313,101,70244,69307,2681,70755,94688,41,1,1
1605,42898,11090,104,82053,80806,28673,82600,165363,56,1,1
1606,21014,6278,105,60711,59891,12564,61158,101111,34,1,1
1607,9073,3067,100,29844,29279,14812,30222,57265,20,1,1
1608,28375,15929,102,49622,47985,7356,50217,101969,79,1,1
1609,10276,1368,99,45343,44949,1768,45694,59199,11,1,1
1610,54006,38616,161,113293,109814,3593,114300,210613,171,1,2
1611,12285,6999,102,91742,90680,9896,92193,121463,40,1,2
1612,6277,250,131,36118,35846,2248,36519,45622,1,1,1
1613,5098,295,120,35269,35004,2063,35649,43248,1,1,1
1614,5172,226,182,35807,35547,2357,36249,44135,1,1,1
1615,5117,239,117,35052,34752,2518,35422,43411,1,1,1
1616,23249,19663,228,131551,129156,5156,132674,181119,84,1,1
1617,17553,14444,313,117126,115244,2213,118150,152687,65,1,1
1618,29665,27760,186,109547,106965,2102,110854,170679,111,1,1
1619,8306,6076,119,76866,75929,1844,77394,93737,36,1,1
1620,4420,240,118,58361,58155,1861,58706,65341,1,1,1
1621,4205,222,101,54144,53948,1823,54454,60805,1,1,1
1622,20614,20891,117,60008,57861,1898,60715,104222,102,1,1
1623,12749,12238,97,51665,50250,1761,52211,79050,65,1,1
1624,6178,192,143,43736,43507,1808,44099,52433,1,1,1
1625,4316,196,88,42241,42046,1855,42531,48988,1,1,1
1626,41443,44118,116,109434,105524,2875,110474,199012,195,1,2
1627,13996,9833,104,85756,84404,5144,86259,115327,52,1,2
1628,4715,199,99,27849,27636,1984,28155,35158,1,1,1
1629,4369,260,95,17536,17320,1772,17841,24335,2,1,1
1630,27456,25913,106,96284,93765,2129,97131,152770,123,1,1
1631,13044,10571,105,76576,75290,1756,77106,102571,59,1,1
1632,8963,8140,111,64366,63255,4758,64865,86827,47,1,1
1633,7289,3677,153,108103,107327,1800,108554,121416,25,1,2
1634,18061,13607,100,53017,51555,2112,53574,87447,69,1,1
1635,4912,200,119,56387,56192,1760,56726,63705,1,1,1
1636,17696,17778,105,44043,42197,1791,44700,82067,89,1,1
1637,12009,11421,105,38088,36772,1734,38621,63876,62,1,1
1638,4641,200,178,37577,37374,1891,37972,44806,1,1,1
1639,4044,188,120,36660,36474,2099,36996,43433,1,1,1
1640,41775,34056,114,75026,71999,21000,75908,172840,153,1,1
1641,8421,4358,100,59237,58521,13877,59647,86395,28,1,1
1642,5041,203,93,22127,21933,1792,22424,29546,1,1,1
1643,4116,199,102,18513,18307,1864,18849,25132,1,1,1
1644,8864,6258,95,52338,51420,4547,52779,72537,39,1,1
1645,22494,10237,264,63850,62614,4379,64530,101735,55,1,1
1646,10234,8788,106,60454,59338,1880,60946,81941,51,1,1
1647,13630,5791,106,59590,58778,11468,60035,91019,34,1,1
1648,22487,23638,116,60936,58630,1819,61694,109741,114,1,1
1649,15337,15401,213,57028,55339,2144,57742,90727,80,1,1
1650,9733,193,103,56309,56113,1826,56635,68492,1,1,1
1651,13605,11997,117,40015,38659,1844,40580,68128,64,1,1
1652,14999,16244,102,94231,92359,5771,94845,131954,82,1,2
1653,2969,196,153,24834,24607,2332,25199,30787,1,1,1
1654,21056,19501,105,79177,77138,1830,79846,122331,97,1,1
1655,7989,6666,106,44651,43763,3851,45105,63705,39,1,1
1656,10914,9048,103,65309,64179,1849,65824,87725,52,1,1
1657,19499,19649,109,76363,74345,1787,77037,118073,97,1,1
1658,12697,4880,194,64107,63380,3700,64616,85986,29,1,1
1659,9495,9007,99,55047,53931,1769,55541,75902,51,1,1
1660,13822,6378,107,59890,59051,8415,60338,89049,36,1,1
1661,13571,12764,121,55916,54465,1871,56502,84807,68,1,1
1662,16018,15602,193,57227,55458,1847,57935,91500,84,1,1
1663,41852,39277,183,102127,98607,3257,103157,187646,174,1,2
1664,15022,9761,152,94713,93403,5492,95272,125643,54,1,2
1665,4606,314,98,50813,50510,1736,51126,57875,2,1,2
1666,27269,23045,201,80212,77930,2919,81030,134377,113,1,1
1667,9879,7382,171,73399,72388,2771,73938,94053,45,1,1
1668,4425,3571,117,56842,56205,4903,57259,70269,24,1,1
1669,15447,6184,101,71218,70370,1860,71703,95307,36,1,1
1670,12861,12547,107,65613,64136,1902,66182,93583,70,1,1
1671,4232,207,99,62081,61855,1966,62407,68906,1,1,1
1672,20432,21387,184,54808,52641,1974,55602,99497,107,1,1
1673,12582,11617,103,41272,39939,1834,41815,67952,63,1,1
1674,5495,214,180,43396,43191,1800,43798,51407,1,1,1
1675,4230,197,90,35233,35045,1897,35523,41933,1,1,1
1676,36174,39992,114,106028,102514,3927,106981,187176,173,1,2
1677,12336,8548,100,87098,85901,5831,87584,114395,47,1,2
1678,4474,199,103,25497,25296,1922,25814,32506,1,1,1
1679,4251,200,100,19084,18894,1892,19401,25837,1,1,1
1680,21750,32304,163,79330,77176,1820,80098,136117,105,1,1
1681,11122,9557,105,76535,75364,1699,77059,99552,53,1,1
1682,42067,13965,113,42916,41427,27138,43498,126770,70,1,1
1683,19990,5156,153,57570,56820,14518,58087,97855,29,1,1
1684,7153,388,99,56241,56019,1687,56549,65866,2,1,1
1685,9905,3010,97,33519,32994,15405,33893,62304,19,1,1
1686,22137,9154,120,59263,58152,10301,59785,101473,49,1,1
1687,23201,13220,202,61162,59815,3071,62017,101629,60,1,1
1688,7367,242,126,57344,57099,1932,57693,67333,1,1,1
1689,18296,26077,165,43728,42043,1820,44413,90729,77,1,1
1690,5683,2800,98,71535,70842,1829,71912,82318,19,1,2
1691,42379,28819,106,72931,70277,25144,73744,170191,133,1,1
1692,16484,15293,128,76431,74745,1779,77081,110744,79,1,1
1693,4190,194,140,26096,25887,1940,26446,32861,1,1,1
1694,27727,25889,183,82764,80142,1864,83614,139199,124,1,1
1695,10636,8878,114,83292,82129,1831,83813,105254,51,1,1
1696,6660,1121,97,73403,73075,1830,73738,83445,8,1,1
1697,4533,204,97,53244,53046,1770,53560,60158,1,1,1
1698,3439,1591,192,46981,46556,5059,47433,57618,12,1,1
1699,11135,7473,102,55424,54431,1891,55890,76488,43,1,1
1700,12525,12097,103,56219,54824,1847,56763,83321,65,1,1
1701,8457,6984,99,103604,102552,13250,104074,132870,40,1,2
1702,13310,10447,101,98978,97589,6046,99490,129387,56,1,2
1703,5362,200,201,44222,44024,1902,44640,52205,1,1,1
1704,4171,208,92,26667,26485,1814,26962,33248,1,1,1
1705,4289,200,101,24391,24188,1800,24715,31097,1,1,1
1706,25199,24430,104,85906,83485,1797,86656,138194,120,1,1
1707,11545,11352,96,72349,71033,2888,72894,98771,62,1,1
1708,7975,6194,143,69146,68232,4299,69649,88216,37,1,1
1709,10309,9092,100,64762,63652,1990,65255,86741,51,1,1
1710,4309,198,91,54393,54193,1790,54691,61087,1,1,1
1711,4420,202,101,55019,54825,1809,55340,61863,1,1,1
1712,20352,31417,158,59829,57810,2182,60648,114700,100,1,1
1713,14461,14917,110,55690,54126,2286,56285,88039,76,1,1
1714,4246,200,103,42743,42539,1793,43055,49387,1,1,1
1715,41700,41471,112,102269,98538,3189,103260,189737,183,1,2
1716,13293,9444,104,105786,104533,6190,106391,135417,51,1,2
1717,4502,292,94,25052,24826,1865,25365,32119,2,1,1
1718,4143,205,98,25322,25120,1841,25632,31915,1,1,1
1719,22614,21628,105,78235,76114,1733,78936,125015,105,1,1
1720,10134,9307,98,74491,73318,1734,74989,96247,54,1,1
1721,7160,5643,138,58182,57314,4321,58669,75897,35,1,1
1722,19074,6424,100,60049,59216,2513,60485,88589,36,1,1
1723,12837,12204,196,63497,62053,1862,64154,91156,67,1,1
1724,2797,214,90,55458,55274,2342,55766,61206,1,1,1
1725,16470,26457,156,48437,46814,1825,49107,93968,76,1,1
1726,13893,12395,99,42115,40700,2107,42656,71142,67,1,1
1727,2994,196,133,35652,35463,2284,35990,41554,1,1,1
1728,4416,201,97,36613,36404,1790,36925,43426,1,1,1
1729,41562,36521,110,97603,94273,4395,98516,181096,165,1,2
1730,6699,3261,93,59437,58859,12702,59870,82619,21,1,1
1731,4468,200,145,18839,18650,2321,19200,26277,1,1,1
1732,4181,197,93,20933,20754,1811,21231,27508,1,1,1
1733,4374,199,103,25224,25012,1782,25541,31989,1,1,1
1734,5529,793,99,70458,69998,1981,70800,79204,7,1,2
1735,23074,8839,106,68024,66943,9104,68516,109628,47,1,1
1736,10967,9089,106,62179,61038,1729,62675,84552,51,1,1
1737,14452,9610,153,64331,63225,5069,64882,94107,50,1,1
1738,9637,8960,186,62509,61368,5080,63107,86885,50,1,1
1739,13200,13365,101,58511,57028,2307,59079,88044,70,1,1
1740,4810,197,102,55879,55677,1812,56202,63113,1,1,1
1741,17512,16769,111,42626,40885,1810,43268,79460,84,1,1
1742,16325,16911,183,102543,100607,4580,103249,141169,87,1,2
1743,4138,195,100,38633,38428,1924,38944,45295,1,1,1
1744,42036,27554,116,75725,73098,28692,76536,174926,130,1,1
1745,16793,14922,101,75057,73381,1713,75654,109178,79,1,1
1746,4390,199,132,24010,23801,1800,24367,30852,1,1,1
1747,22717,20877,108,70416,68295,1905,71102,116707,103,1,1
1748,8768,4146,107,56990,56322,1698,57409,72113,26,1,1
1749,12401,11406,104,61835,60482,1728,62433,88056,62,1,1
1750,9216,3618,100,56783,56152,1702,57186,71808,24,1,1
1751,7200,5482,144,54126,53291,4832,54628,72242,35,1,1
1752,9698,3076,92,45166,44602,1784,45549,60203,20,1,1
1753,11759,11104,106,54518,53178,2845,55054,80852,62,1,1
1754,41723,40618,106,113759,110161,5366,114730,202542,178,1,2
1755,10116,6599,188,90727,89710,6298,91280,114385,37,1,2
1756,3248,203,95,36142,35953,2456,36447,42445,1,1,1
1757,4900,207,92,24004,23805,1525,24288,31007,1,1,1
1758,23408,23802,105,78304,76003,1910,79041,128260,114,1,1
1759,15267,15360,103,72547,70836,2632,73144,106496,81,1,1
1760,42023,27332,185,103517,100929,9958,104398,183827,129,1,1
1761,7842,2095,107,65463,64997,1813,65854,77709,15,1,1
1762,14043,4115,121,30432,29746,10510,30884,59667,26,1,1
1763,18241,11528,101,50920,49530,6839,51508,88213,63,1,1
1764,9693,2693,194,60183,59642,1872,60678,75031,18,1,1
1765,16025,17682,105,52136,50266,3029,52791,89635,89,1,1
1766,11594,9884,111,49482,48319,2113,50003,73684,54,1,1
1767,4009,709,118,75665,75246,2208,76023,83048,6,1,2
1768,40351,42215,106,103109,99330,1675,104095,188438,186,1,2
1769,16641,16381,193,98703,96895,4989,99424,137537,82,1,2
1770,3981,198,96,25030,24833,1794,25343,31424,1,1,1
1771,4152,199,102,25170,24981,2252,25485,32180,1,1,1
1772,28620,27717,158,79129,76459,1700,79992,138130,135,1,1
1773,11919,10770,105,87581,86260,1822,88165,112771,62,1,1
1774,21408,24445,138,72016,69574,1789,72811,120556,120,1,1
1775,13506,13428,100,64847,63304,2759,65416,95210,74,1,1
1776,4883,193,102,55032,54835,1658,55340,62161,1,1,1
1777,4149,200,176,59004,58804,1771,59390,65609,1,1,1
1778,19436,19533,108,53540,51495,1737,54221,95400,98,1,1
1779,13355,13899,131,42959,41433,2286,43564,73204,73,1,1
1780,4849,197,90,42570,42387,1684,42870,49690,1,1,1
1781,4497,198,100,35622,35440,1900,35920,42602,1,1,1
1782,41838,34718,106,111019,107731,4498,112017,193179,161,1,2
1783,10276,4910,98,62415,61684,14002,62836,92120,30,1,1
1784,4476,205,95,17857,17669,1720,18152,24643,1,1,1
1785,4458,204,111,22340,22133,1753,22664,29175,1,1,1
1786,4220,200,98,24943,24745,1696,25254,31463,1,1,1
1787,17023,15747,105,52346,50661,4471,52962,90305,81,1,1
1788,13668,11982,104,64538,63132,1751,65083,92578,65,1,1
1789,12966,12054,158,73642,72235,4192,74254,103569,64,1,1
1790,7308,3398,97,105260,104523,2216,105667,118689,23,1,2
1791,10687,10100,102,54991,53766,2274,55522,78676,56,1,1
1792,6255,196,102,56775,56582,1754,57087,65389,1,1,1
1793,13749,11525,220,42496,41135,1936,43170,70478,62,1,1
1794,16236,15456,106,112763,111007,4688,113381,149857,79,1,2
1795,4317,203,104,44032,43830,1728,44352,50696,1,1,1
1796,4085,198,100,36917,36717,1768,37238,43384,1,1,1
1797,42075,26155,105,71463,68988,35304,72224,175865,123,1,1
1798,12242,11151,142,75271,73900,1738,75854,101092,62,1,1
1799,6053,4163,131,51784,51084,5371,52231,67922,27,1,1
1800,17234,15752,103,76888,75243,2337,77481,112899,79,1,1
1801,11042,10296,101,75424,74142,1677,76026,99132,57,1,1
1802,11904,7442,104,60036,59087,1745,60513,81705,42,1,1
1803,21430,23103,110,61702,59397,1705,62446,108782,114,1,1
1804,13325,13384,99,55396,53900,1804,55961,84569,72,1,1
1805,52231,44372,175,107796,103884,3797,108886,209398,193,1,2
1806,12139,11122,107,90282,88860,5601,90813,119770,60,1,2
1807,3191,201,96,23892,23706,2293,24195,29972,1,1,1
1808,4366,204,104,24632,24431,1769,24950,31381,1,1,1
1809,19509,17021,109,76028,74221,1685,76662,114981,87,1,1
1810,10597,9997,143,72070,70794,1695,72622,95007,57,1,1
1811,8645,7208,103,64398,63397,4547,64873,85373,44,1,1
1812,9720,7720,99,65525,64470,1729,65999,85257,47,1,1
1813,4591,541,136,118054,117651,1707,118432,125377,4,1,2
1814,21127,23374,113,64442,62155,1896,65182,111684,112,1,1
1815,15053,13811,105,47619,46054,1760,48197,78918,73,1,1
1816,4169,206,103,36064,35854,2575,36388,43433,1,1,1
1817,4577,208,97,34337,34139,1708,34638,41227,1,1,1
1818,51732,37472,163,104934,101463,4665,105923,199894,169,1,2
1819,14551,9816,102,85242,83958,7336,85746,117547,52,1,2
1820,4532,201,99,28479,28275,1742,28790,35357,1,1,1
1821,4332,193,96,17216,17027,1773,17506,23896,1,1,1
1822,4172,199,104,24521,24328,1704,24842,31013,1,1,1
1823,19996,20599,110,81347,79204,2163,82049,124908,103,1,1
1824,13680,13493,154,76322,74805,1699,76949,105916,72,1,1
1825,9664,8706,126,65980,64802,3968,66507,88983,52,1,1
1826,8434,5947,102,117382,116442,1782,117817,134079,35,1,2
1827,4705,196,133,57652,57421,1709,57994,64697,1,1,1
1828,11056,10910,112,43095,41816,3637,43632,69333,59,1,1
1829,13073,12679,99,44988,43550,2168,45538,73549,68,1,1
1830,4540,201,93,35960,35772,2012,36256,43100,1,1,1
1831,4142,210,103,37341,37135,1765,37671,43879,1,1,1
1832,41601,41631,171,230957,228095,11464,231855,326653,138,1,2
1833,41622,40132,115,77489,73896,7899,78473,168230,183,1,1
1834,4104,210,108,19506,19288,2303,19830,26547,1,1,1
1835,7641,205,100,22361,22156,1711,22671,32324,1,1,1
1836,11376,9668,101,62896,61566,6405,63416,91030,55,1,1
1837,16133,12626,135,65394,63936,1794,66002,96661,67,1,1
1838,12996,9518,143,63844,62677,7271,64392,94274,53,1,1
1839,18524,18960,113,88921,86963,2318,89588,129487,97,1,1
1840,21711,24033,105,63165,60788,1850,63914,111612,117,1,1
1841,15452,15107,111,71702,70052,1806,72348,104812,77,1,1
1842,8727,210,94,58505,58302,2409,58822,70260,1,1,1
1843,15020,13789,109,41182,39654,2008,41771,72693,72,1,1
1844,11611,10409,104,96222,94878,6928,96742,125781,56,1,2
1845,4546,197,103,36764,36563,1716,37082,43638,1,1,1
1846,5916,1427,101,53915,53499,1521,54363,63320,11,1,1
1847,15280,9115,105,64495,63364,10295,64998,99785,51,1,1
1848,8166,6137,101,46775,45902,2316,47218,63928,37,1,1
1849,13975,11731,107,63987,62625,5472,64526,95797,64,1,1
1850,23605,22623,116,82761,80506,1692,83500,131524,113,1,1
1851,6973,1490,184,97534,97007,1708,97974,108247,11,1,2
1852,11923,6344,122,55560,54640,8037,56051,82457,37,1,1
1853,13506,7696,120,61720,60695,2323,62212,85848,43,1,1
1854,17850,19003,107,60945,58889,1781,61618,100353,95,1,1
1855,14162,25505,153,55542,54008,3096,56188,99062,72,1,1
1856,4426,327,98,36307,36058,1779,36627,43261,2,1,1
1857,41131,41448,114,115377,111639,2493,116370,201548,182,1,2
1858,9800,7308,144,114743,113534,6038,115258,138497,44,1,3
1859,4494,589,98,27633,27375,1746,27950,34874,5,1,1
1860,4127,204,102,24713,24521,1722,25027,31177,1,1,1
1861,4130,199,127,25669,25477,1711,26004,32142,1,1,1
1862,8492,5974,95,42835,41983,4856,43261,62675,35,1,1
1863,15509,13637,103,65675,64194,1741,66240,97226,70,1,1
1864,12442,10594,106,70790,69500,2671,71312,97108,59,1,1
1865,1422,526,101,29277,29000,962,29609,32618,4,1,1
1866,29664,27960,102,79371,76780,1800,80203,139724,131,1,1
1867,14955,3766,102,97085,96367,2691,97491,118999,23,1,2
1868,15750,10935,103,64482,63224,10353,65003,102136,58,1,1
1869,12933,5771,100,59759,58946,1763,60212,80771,35,1,1
1870,20305,21457,163,59050,56930,1829,59806,103497,104,1,1
1871,14552,15541,194,54588,52928,2721,55278,88193,80,1,1
1872,2300,207,92,41136,40946,2822,41436,46854,1,1,1
1873,4376,511,96,41285,41031,1762,41604,48343,4,1,1
1874,48607,38931,147,108396,104878,3260,109393,200293,174,1,2
1875,12363,8293,106,85530,84342,5965,86010,112729,47,1,2
1876,4961,196,182,28589,28391,2023,28993,36275,1,1,1
1877,4056,195,96,17693,17512,1757,17983,24080,1,1,1
1878,22971,23559,110,84000,81638,2307,84751,133689,116,1,1
1879,4785,458,93,42220,41947,1708,42533,49580,4,1,1
1880,15860,15800,107,84539,82845,1763,85151,118669,83,1,1
1881,5240,3446,180,54270,53646,5354,54768,68908,23,1,1
1882,6372,281,93,57808,57591,2289,58121,67153,2,1,1
1883,13918,14150,106,57911,56326,1738,58500,88395,75,1,1
1884,7090,199,103,56742,56513,1753,57061,66196,1,1,1
1885,17080,16565,106,55821,54031,1756,56501,92055,85,1,1
1886,9877,8824,108,37596,36486,2260,38090,59145,49,1,1
1887,4356,208,104,37832,37622,1708,38152,44518,1,1,1
1888,4143,203,101,36796,36593,1751,37104,43293,1,1,1
1889,41810,32018,108,74062,71117,16827,74928,165685,150,1,1
1890,7522,2658,99,59600,59076,16821,59969,87058,18,1,1
1891,4569,273,189,23867,23631,1695,24273,30907,2,1,1
1892,4123,200,100,18638,18436,1792,18941,25150,1,1,1
1893,4760,1741,100,38720,38300,5836,39076,51507,13,1,1
1894,14903,13072,108,81542,80024,2280,82114,112465,71,1,1
1895,9269,8270,140,78167,77060,1945,78692,98274,48,1,1
1896,5372,1241,89,70724,70378,1701,71057,79464,9,1,1
1897,10119,8660,190,59564,58395,4323,60167,83366,51,1,1
1898,12138,10656,106,55781,54433,3272,56326,82486,61,1,1
1899,1382,240,99,55601,55404,2803,55920,60438,1,1,1
1900,14191,10670,108,40782,39464,1814,41306,68077,59,1,1
1901,15406,12272,101,104434,102918,5364,105039,138180,65,1,2
1902,4275,198,100,25187,24987,1748,25493,31809,1,1,1
1903,28716,25290,110,79179,76675,1702,79954,135758,123,1,1
1904,15197,14637,102,73478,71845,2131,74086,106145,79,1,1
1905,2066,1041,161,62112,61736,5934,62537,71677,8,1,1
1906,15184,11987,96,101764,100044,1956,102350,131571,67,1,1
1907,11558,10920,125,69763,68450,1729,70320,94630,60,1,1
1908,5622,388,118,61552,61282,1766,61902,69777,3,1,1
1909,4210,304,93,53483,53256,1694,53800,60094,3,1,1
1910,22397,24131,137,63162,60716,1745,63952,112341,118,1,1
1911,14964,14560,105,54212,52627,2580,54805,87002,75,1,1
1912,4357,197,123,37147,36909,1833,37498,43986,1,1,1
1913,41272,34958,126,75732,72367,15462,76646,168488,144,1,1
1914,13456,8229,170,77777,76744,1874,78541,102223,40,1,1
1915,15786,8348,103,108536,107239,12471,109022,145725,46,1,3
1916,5836,969,93,17741,17383,1682,18068,26647,7,1,1
1917,4645,194,97,27206,27017,1763,27502,34186,1,1,1
1918,30076,28529,134,81113,78176,1744,81952,142403,136,1,1
1919,13889,13928,106,77314,75737,1786,77900,107596,76,1,1
1920,5451,4254,140,55446,54660,5096,55916,70822,27,1,1
1921,17148,6698,108,60437,59563,2621,60886,87449,37,1,1
1922,14678,14621,108,66604,65022,1725,67200,98314,76,1,1
1923,4505,199,104,72372,72129,1887,72771,79461,1,1,1
1924,20874,21497,188,55219,53080,1718,56010,100199,106,1,1
1925,13380,10165,105,40475,39237,1687,40997,66322,58,1,1
1926,6176,198,94,41285,41060,1699,41584,49747,1,1,1
1927,4461,141,94,34509,34325,1703,34796,41422,1,1,1
1928,5153,3759,98,85680,84899,12251,86089,107353,24,1,2
1929,11827,6279,196,102964,101999,5871,103556,127636,35,1,2
1930,4082,194,100,24661,24461,1998,24973,31338,1,1,1
1931,4211,202,105,18377,18174,1737,18704,24945,1,1,1
1932,25897,22602,109,89898,81620,1899,90653,141258,112,1,1
1933,10243,7988,99,66745,65677,1745,67237,87308,48,1,1
1934,24375,7150,151,58354,57397,1797,58868,92289,40,1,1
1935,17179,15505,107,65885,64145,1754,66500,101036,81,1,1
1936,9085,6950,102,54408,53453,1739,54871,72736,42,1,1
1937,4185,206,101,57136,56905,1714,57450,63650,1,1,1
1938,5097,206,100,56080,55871,1760,56387,63541,1,1,1
1939,18189,16887,138,43635,41898,1800,44297,81273,84,1,1
1940,6329,4022,99,68175,67373,1696,68585,80725,26,1,2
1941,11542,5870,108,28314,27472,1802,28761,48070,35,1,1
1942,41904,31366,167,73672,70827,20823,74584,168781,144,1,1
1943,11657,11141,109,72365,71047,3573,72904,99368,61,1,1
1944,4362,197,175,23356,23157,1548,23763,29970,1,1,1
1945,22583,22127,107,79732,77526,1454,80446,126713,109,1,1
1946,6383,1327,101,63276,62912,1705,63624,73129,10,1,1
1947,12726,12444,107,76916,75514,2439,77462,105165,65,1,1
1948,4315,505,182,62069,61788,1706,62481,69109,4,1,1
1949,19770,19887,107,60283,58262,2068,60965,102791,98,1,1
1950,10868,10359,130,61056,59801,1791,61609,84724,58,1,1
1951,41491,39442,106,121961,118395,5433,122914,209384,175,1,2
1952,14101,12418,164,103224,101727,5800,103838,136250,64,1,2
1953,4948,197,100,42750,42552,1666,43052,49954,1,1,1
1954,4193,201,88,26887,26697,2255,27180,33920,1,1,1
1955,4089,204,99,24437,24233,1722,24744,30860,1,1,1
1956,19760,18616,107,76338,74469,1779,76983,117242,90,1,1
1957,14956,13192,104,85093,83616,2531,85704,116478,70,1,1
1958,18338,17892,103,67610,65706,2174,68267,106769,91,1,1
1959,14338,5737,104,57856,57063,1701,58285,80158,33,1,1
1960,12171,11915,106,66992,65573,1774,67543,93494,66,1,1
1961,4747,206,142,56296,56067,1737,56665,63467,1,1,1
1962,19587,21287,108,59463,57333,2184,60167,103324,105,1,1
1963,13927,13767,104,54546,52998,2522,55124,85433,75,1,1
1964,4351,335,103,42877,42632,1706,43216,49701,3,1,1
1965,41252,41335,124,114590,110850,4254,115688,202632,184,1,2
1966,12999,8387,100,88555,87389,6320,89057,116859,47,1,2
1967,9225,175,128,26400,26194,1762,26751,38017,1,1,1
1968,19805,17456,135,76561,74680,1754,77236,116358,89,1,1
1969,10964,9678,106,76017,74835,2248,76538,99525,55,1,1
1970,3601,2846,129,57221,56658,5456,57651,69654,20,1,1
1971,14080,9624,106,78186,77019,1708,78688,104194,53,1,1
1972,12749,12539,104,59038,57581,1701,59598,86682,69,1,1
1973,4584,178,134,56420,56202,2259,56773,63889,1,1,1
1974,9616,8598,111,43264,42119,4188,43771,66271,50,1,1
1975,11554,10879,103,42437,41147,1789,42966,67278,60,1,1
1976,4671,198,88,35343,35157,1729,35713,42398,1,1,1
1977,4397,362,108,36933,36688,2101,37270,44223,3,1,1
1978,41465,37055,107,100828,97394,4218,101763,184601,170,1,2
1979,8596,4359,186,61560,60881,10717,62071,85834,27,1,1
1980,5802,202,98,17755,17552,1753,18054,25901,1,1,1
1981,4106,209,92,22091,21901,1701,22368,28477,1,1,1
1982,4243,196,117,25077,24869,1728,25406,31668,1,1,1
1983,4196,204,99,18277,18082,1734,18584,24814,1,1,1
1984,19825,21292,104,79867,77776,3857,80551,125624,104,1,1
1985,15121,15884,98,78613,76923,1682,79217,111997,82,1,1
1986,6775,4420,176,58687,57996,4635,59196,75123,27,1,1
1987,12372,12515,130,63428,61941,1705,64015,90710,67,1,1
1988,4747,341,97,57413,57152,1697,57747,64628,3,1,1
1989,54103,14435,217,98555,96756,19999,99281,187924,74,1,2
1990,20595,8651,107,29843,28788,4318,30329,63991,47,1,1
1991,14837,7030,104,34776,33857,10408,35235,67607,40,1,1
1992,22172,10926,104,41618,40352,5031,42139,80362,58,1,1
1993,4075,202,121,37478,37264,1684,37819,43875,1,1,1
1994,41474,40758,110,76364,72765,8252,77343,167926,183,1,1
1995,14390,12930,144,75773,74239,2951,76406,106772,72,1,1
1996,4159,204,98,25347,25146,2258,25665,32381,1,1,1
1997,23727,21889,113,83592,81362,1696,84317,131733,107,1,1
1998,13543,13801,106,81237,79664,1793,81864,111097,74,1,1
1999,4756,321,99,54372,54130,1696,54686,61549,3,1,1
2000,21364,22412,110,60378,58167,2208,61103,107185,110,1,1
2001,14315,14562,101,55903,54300,1673,56486,87128,76,1,1
2002,41124,53368,151,112398,108721,4098,113438,212140,182,1,2
2003,13829,12955,99,89712,88167,5718,90260,122854,66,1,2
2004,5278,191,111,36861,36649,1774,37180,44519,1,1,1
2005,4308,196,90,23225,23032,1660,23514,29767,1,1,1
2006,21617,19036,115,75266,73349,1758,75937,118455,94,1,1
2007,8960,6346,196,54955,54013,2399,55505,73300,39,1,1
2008,12591,11173,106,67015,65669,5216,67560,96630,62,1,1
2009,8903,6872,104,54537,53564,3817,55007,74698,41,1,1
2010,19151,7705,105,61182,60179,2686,61650,91290,44,1,1
2011,9250,7759,96,78739,77672,2259,79257,98624,46,1,1
2012,8682,5506,102,40439,39622,1746,40882,56909,34,1,1
2013,4676,344,103,61525,61270,1705,61864,68689,3,1,1
2014,19546,20955,113,51855,49804,1732,52546,94885,100,1,1
2015,11481,11641,108,49061,47713,3390,49600,76208,62,1,1
2016,4258,745,103,74562,74115,1744,74902,81746,6,1,2
2017,41489,43192,182,104550,100732,2562,105627,192976,189,1,2
2018,13973,11732,104,93395,91961,6277,93927,126002,61,1,2
2019,4309,231,116,34962,34712,1801,35305,41751,1,1,1
2020,4621,203,111,29929,29720,1781,30260,36965,1,1,1
2021,21421,21937,110,78321,76134,1729,79042,124235,109,1,1
2022,12673,11839,154,78861,77393,2686,79463,106757,66,1,1
2023,16974,16204,118,68015,66255,1708,68648,103637,83,1,1
2024,10442,8833,104,110193,108867,1692,110694,131753,53,1,2
2025,10374,2828,148,58414,57876,2289,58835,74426,18,1,1
2026,8396,8554,106,47759,46667,2962,48254,68263,48,1,1
2027,11120,9919,116,81472,80104,2016,82007,105153,57,1,2
2028,4327,295,97,35775,35566,1673,36088,42476,2,1,1
2029,52666,34637,178,97649,94421,6209,98613,192226,154,1,2
2030,5340,1216,104,61075,60705,17023,61437,85118,9,1,1
2031,5153,202,99,18450,18259,1703,18753,25904,1,1,1
2032,4093,284,97,23190,22956,2253,23513,30242,2,1,1
2033,4095,199,102,25172,24965,1738,25478,31607,1,1,1
2034,15969,13393,101,51804,50284,2733,52368,84559,71,1,1
2035,17960,10902,99,92052,90650,4895,92571,126427,58,1,2
2036,15202,10757,150,79883,78523,1748,80467,108278,61,1,1
2037,2512,1822,132,54707,54296,1044,55117,60606,10,1,1
2038,26310,24754,104,55211,52829,1697,55947,108807,119,1,1
2039,12163,12722,100,56014,54601,2749,56563,84286,67,1,1
2040,8669,203,184,58046,57851,1692,58452,69120,1,1,1
2041,14461,13041,116,40844,39367,1690,41421,70712,68,1,1
2042,13774,18881,204,109730,108212,6403,110385,149541,65,1,2
2043,4327,285,101,44724,44485,2361,45057,52125,2,1,1
2044,4124,204,118,37331,37127,1687,37659,43764,1,1,1
2045,52278,28061,181,72313,69690,18341,73197,171980,131,1,1
2046,12995,10943,106,74859,73546,1729,75391,101151,61,1,1
2047,360,230,119,22835,22622,1748,23169,25604,1,1,1
2048,35984,41082,101,92788,89177,1701,93754,172618,185,1,1
2049,12235,11044,209,60945,59635,1711,61591,86681,61,1,1
2050,7804,3736,99,57269,56634,1780,57665,71076,25,1,1
2051,23725,26213,112,116570,113887,1760,117373,169172,126,1,2
2052,10366,9317,109,53956,52788,1745,54458,75977,52,1,1
2053,374,209,132,23532,23316,962,23874,25513,1,1,1
2054,41902,35397,98,97574,94378,21366,98437,197204,157,1,2
2055,16018,13825,101,89667,88040,6243,90241,126427,72,1,2
2056,4348,199,97,23577,23353,1677,23881,30195,1,1,1
2057,4309,210,102,25061,24855,1690,25376,31678,1,1,1
2058,28309,27497,106,92947,90329,1701,93785,151395,132,1,1
2059,12135,9912,105,72017,70798,1682,72535,96357,56,1,1
2060,4220,2739,104,94466,93922,6600,94859,108520,19,1,1
2061,7940,4301,97,83576,82904,1720,83977,98022,26,1,1
2062,11535,10923,216,73379,72001,1776,74050,98386,61,1,1
2063,4482,379,104,56303,56043,1793,56641,63434,3,1,1
2064,5091,308,99,62064,61829,1799,62383,69675,3,1,1
2065,9529,582,131,49245,48913,34397,49620,94258,5,1,1
2066,20769,5555,100,29684,28868,27711,30119,84249,32,1,1
2067,26979,10372,99,50819,49610,17326,51319,106092,53,1,1
2068,9333,2942,198,25277,24739,15635,25758,53769,19,1,1
2069,19616,7984,101,37296,36326,11454,37753,76902,42,1,1
2070,27733,14677,107,41539,39973,3304,42123,87931,72,1,1
2071,3009,197,90,35449,35256,2292,35744,41334,1,1,1
2072,4287,195,107,34889,34690,1811,35210,41599,1,1,1
2073,42456,30138,105,101201,98361,10479,102019,185195,136,1,2
2074,7068,2302,339,78689,78094,10451,79301,99211,15,1,2
2075,5292,197,157,29189,28952,1730,29568,36891,1,1,1
2076,4166,196,94,17057,16868,1685,17348,23484,1,1,1
2077,4206,202,127,25090,24896,1694,25431,31631,1,1,1
2078,9237,4776,109,73747,72984,1698,74189,89997,30,1,1
2079,9957,7189,170,72327,71341,1757,72864,91862,43,1,1
2080,2214,1360,106,50328,49927,5673,50737,60084,10,1,1
2081,14952,13419,101,59529,58027,2065,60112,90646,71,1,1
2082,6283,553,92,94525,94114,1843,94848,103620,5,1,2
2083,17401,6722,165,66758,65855,10141,67274,101640,39,1,1
2084,22960,14476,103,55358,53797,3630,55934,97090,75,1,1
2085,4290,198,100,55989,55792,1683,56308,62571,1,1,1
2086,16159,13934,145,46090,44543,1776,46724,78694,73,1,1
2087,9377,8720,105,77131,75880,1764,77648,97601,50,1,2
2088,4211,299,110,37888,37649,1713,38226,44547,2,1,1
2089,40622,38063,106,97839,94339,3501,98783,181071,173,1,2
2090,7605,4332,106,59918,59225,10372,60336,82733,28,1,1
2091,4244,200,138,19257,19052,2266,19614,26424,1,1,1
2092,4252,199,101,22167,21974,1717,22471,28737,1,1,1
2093,6452,4777,100,49740,49021,4885,50155,66362,30,1,1
2094,18588,10789,104,63126,61928,3740,63656,96862,56,1,1
2095,13269,10487,99,55083,53799,3311,55597,82759,58,1,1
2096,20474,13503,108,62374,60919,2261,62941,99272,69,1,1
2097,22037,23494,146,63965,61639,1817,64753,112197,115,1,1
2098,13626,12944,105,55075,53598,1823,55634,84122,70,1,1
2099,6695,199,100,56709,56511,2192,57023,66208,1,1,1
2100,12728,10067,103,41357,40117,1745,41883,66521,56,1,1
2101,17249,16939,151,101319,99435,6144,102010,142444,85,1,2
2102,4094,198,100,37387,37184,1732,37705,43823,1,1,1
2103,4263,196,107,43958,43757,1664,44280,50504,1,1,1
2104,7188,2238,97,60711,60212,35332,61079,105929,16,1,1
2105,14978,14706,104,75617,73908,1816,76207,107799,78,1,1
2106,9987,8888,140,74107,72910,3867,74665,97507,51,1,1
2107,11404,5570,96,64806,64028,2036,65219,84319,32,1,1
2108,14139,14653,103,73093,71452,1755,73705,104346,78,1,1
2109,11739,5448,105,63993,63208,1670,64439,83381,32,1,1
2110,18958,20063,195,60192,58122,1692,60974,101820,100,1,1
2111,15550,15667,102,50149,48472,2094,50753,84163,82,1,1
2112,4167,199,101,35293,35086,1716,35606,41783,1,1,1
2113,40950,42219,130,105479,101663,3784,106497,193551,187,1,2
2114,33291,35440,164,100598,97321,1750,101569,172207,161,1,2
2115,4352,199,102,24418,24215,1708,24740,31092,1,1,1
2116,4293,204,120,24957,24766,1755,25288,31635,1,1,1
2117,4909,2404,93,44500,44009,6366,44860,58634,17,1,1
2118,16533,15166,99,66278,64563,1702,66870,100369,80,1,1
2119,17044,15504,98,74066,72374,2733,74662,110037,82,1,1
2120,6414,5416,140,58089,57293,4799,58569,75301,33,1,1
2121,23664,6508,120,60363,59496,1735,60828,92833,37,1,1
2122,12626,13386,99,65289,63710,1768,65876,93747,73,1,1
2123,3523,200,91,66343,66138,2151,66687,72654,1,1,1
2124,19254,25591,166,61768,59769,1749,62513,109214,93,1,1
2125,13305,13227,103,49400,47870,1688,49968,78282,71,1,1
2126,5138,195,92,42317,42132,1730,42612,49765,1,1,1
2127,4128,200,98,41599,41421,1686,41894,47996,1,1,1
2128,41316,38701,122,108278,104714,5766,109245,195131,172,1,2
2129,13080,6538,143,88169,87135,5545,88667,113936,38,1,2
2130,1393,196,94,27203,27014,926,27500,30107,1,1,1
2131,9009,312,98,17578,17292,1760,17889,29062,2,1,2
2132,4440,197,102,24292,24093,1694,24617,31044,1,1,1
2133,20474,22219,106,80300,78030,2036,81005,125827,109,1,1
2134,13977,13849,107,74307,72781,1720,74886,104524,74,1,1
2135,24501,24539,168,72626,70227,2173,73448,124763,118,1,1
2136,13147,13049,100,56943,55466,1476,57518,85281,71,1,1
2137,6356,198,121,62438,62131,1705,62788,71141,1,1,1
2138,5220,196,150,56657,56457,1704,57014,64226,1,1,1
2139,17963,17104,107,45360,43491,1697,46003,82864,89,1,1
2140,11356,10118,99,45447,44206,1995,45967,69537,58,1,1
2141,4316,201,114,38506,38299,1690,38835,45139,1,1,1
2142,4193,202,101,37594,37393,1685,37906,44078,1,1,1
2143,42252,30473,111,73920,71144,28596,74746,176167,140,1,1
2144,15029,5704,198,120926,119902,17484,121620,160158,28,1,2
2145,5170,780,126,28371,28016,2128,28773,37012,1,1,1
2146,27789,26937,151,125737,122728,2551,126820,184420,107,1,1
2147,13083,11426,216,146618,144863,2586,147591,175029,47,1,1
2148,20784,13157,226,93083,91601,3549,93980,131815,58,1,1
2149,52257,18811,170,75459,73482,32446,76479,180397,79,1,1
2150,28063,5242,151,69860,68745,18722,70415,122755,25,1,1
2151,16318,5262,250,52884,51948,17942,53681,93533,25,1,1
2152,31522,14203,164,89519,87586,12687,90393,149155,54,1,1
2153,34224,17158,230,80279,78524,3192,81267,136152,64,1,1
2154,9660,284,118,67476,67221,1985,67857,79883,1,1,1
2155,10262,7582,112,45344,44224,3618,45864,67429,39,1,1
2156,16123,15898,112,100163,98198,6770,100772,139654,81,1,2
2157,1672,201,96,24359,24158,928,24667,27556,1,1,1
2158,4421,202,160,658,476,5225,1003,10933,1,1,1
2159,35875,35288,97,83824,80655,2852,84702,158808,158,1,1
2160,11530,9251,107,77957,76793,2518,78461,101856,52,1,1
2161,22836,23670,111,75675,73343,1747,76432,124784,114,1,1
2162,11240,2804,276,133700,131916,2413,134738,151400,14,1,2
2163,29355,28750,274,107432,103980,8444,109045,176005,105,1,1
2164,14327,7004,186,109512,108437,2231,110319,134207,31,1,1
2165,22794,20717,181,100878,97140,3428,102159,149529,79,1,1
2166,21232,19135,247,81970,80025,1985,83283,125911,78,1,1
2167,4556,516,157,39714,39418,1782,40165,47103,3,1,1
2168,41242,50718,147,108057,104122,4956,109109,206133,186,1,2
2169,10534,6382,107,118700,117564,2592,119165,138765,38,1,3
2170,4194,344,188,30626,30354,2412,31055,38108,3,1,1
2171,31272,31652,109,111409,105646,3060,112378,178615,151,1,1
2172,17940,13212,288,151527,149039,2625,152750,186965,58,1,1
2173,20221,20042,239,81541,79202,1992,82624,124994,98,1,1
2174,5984,325,93,62364,62144,2479,62695,71582,2,1,1
2175,11809,11884,121,68793,67307,1714,69381,94883,65,1,1
2176,4957,197,91,60746,60551,1753,61048,68044,1,1,1
2177,35383,24637,160,58938,56493,1806,59752,121687,118,1,1
2178,14703,14564,97,42749,41127,2696,43325,75384,76,1,1
2179,5702,204,94,42216,42020,1717,42520,50233,1,1,1
2180,4390,210,89,34764,34578,2113,35050,41847,1,1,1
2181,10792,8119,120,88935,87695,11743,89447,120198,46,1,2
2182,14084,9023,107,87444,86211,6711,87956,117868,50,1,2
2183,2270,200,192,25418,25225,2388,25820,30767,1,1,1
2184,4285,200,100,18543,18316,1689,18849,25106,1,1,1
2185,24055,22495,110,80371,78114,2126,81095,129878,111,1,1
2186,11010,9608,107,76035,74765,1664,76563,98937,57,1,1
2187,6171,4188,190,60020,59371,5735,60820,77032,20,1,1
2188,5633,204,98,55349,55162,1764,55657,63351,1,1,1
2189,14109,14764,106,63440,61748,2506,64050,95520,79,1,1
2190,5295,246,103,57096,56856,1700,57430,64755,1,1,1
2191,18130,18952,133,56415,54452,1791,57143,96127,94,1,1
2192,12523,12052,105,39589,38202,1910,40149,66730,64,1,1
2193,4365,209,107,37468,37255,2390,37791,44846,1,1,1
2194,42613,34412,153,76409,73765,14861,77256,169239,131,1,1
2195,14205,13684,105,76827,75262,1834,77415,107231,73,1,1
2196,4153,200,159,24451,24238,1779,24826,31051,1,1,1
2197,24209,23729,132,71826,69446,2395,72602,123025,116,1,1
2198,12890,5367,101,58069,57314,1694,58485,78532,31,1,1
2199,10762,10063,105,79497,78264,1802,80019,102738,57,1,1
2200,5675,279,98,70137,69920,1705,70444,78194,2,1,1
2201,15266,12935,138,61359,59864,2281,62017,92598,70,1,1
2202,7371,5227,100,52778,51971,1697,53213,67600,34,1,1
2203,41720,39142,104,118588,115070,4069,119538,204564,174,1,2
2204,13682,13376,108,164977,163259,4965,165608,197734,70,1,3
2205,4586,227,107,28101,27903,1732,28430,35067,1,1,1
2206,4078,203,96,24191,23998,1820,24499,30680,1,1,1
2207,26734,22833,106,78386,76069,1676,79120,130457,113,1,1
2208,11939,9663,99,69357,68146,2582,69856,94139,54,1,1
2209,2329,1528,207,61099,60690,967,61583,66502,11,1,1
2210,30984,21835,102,67211,65069,2358,67893,123162,105,1,1
2211,10342,9742,92,63048,61861,1807,63545,85535,54,1,1
2212,12204,4366,99,59032,58390,8624,59424,84712,25,1,1
2213,4359,209,100,53325,53137,1697,53641,59994,1,1,1
2214,20255,28254,193,70250,67927,1736,71314,121674,112,1,1
2215,13455,12452,116,56095,54639,1688,56683,84371,67,1,1
2216,4244,210,96,42759,42544,1683,43076,49298,1,1,1
2217,36464,38212,109,105908,102389,1784,106844,183407,171,1,2
2218,30160,33737,196,107651,104450,1760,108639,174394,156,1,2
2219,4456,192,104,26098,25866,1739,26415,32891,1,1,1
2220,6604,186,126,28993,28778,1730,29349,37953,1,1,1
2221,25951,27753,128,79437,76717,1803,80270,135871,135,1,1
2222,5244,3090,98,47951,47357,2803,48334,59567,21,1,1
2223,12915,12680,156,65781,64302,1804,66404,93904,68,1,1
2224,11960,3214,118,66098,65480,30152,66525,111951,20,1,1
2225,22945,5699,101,38305,37509,19119,38742,86596,32,1,1
2226,19013,6176,106,51663,50770,12721,52103,90111,34,1,1
2227,16918,6583,97,59351,58482,1709,59787,85091,37,1,1
2228,15432,13107,108,227776,226291,9085,228436,266164,70,1,1
2229,2160,195,92,56698,56503,2374,56998,61810,1,1,1
2230,18317,19285,113,48915,46956,1691,49597,88996,96,1,1
2231,13934,13911,108,44507,42898,1716,45091,74751,73,1,1
2232,4447,192,96,35869,35687,1665,36177,42570,1,1,1
2233,4219,189,103,36089,35882,1753,36405,42656,1,1,1
2234,52250,49985,195,107532,104185,6959,108862,218338,156,1,2
2235,12465,8098,109,62023,61001,10950,62516,94126,45,1,1
2236,5894,197,93,17720,17521,1712,18021,25915,1,1,1
2237,4292,195,92,20711,20528,1381,21005,26963,1,1,1
2238,4147,199,111,25277,25069,2470,25599,32495,1,1,1
2239,4142,198,99,18148,17924,1692,18457,24573,1,1,1
2240,20297,19299,105,78024,76037,2764,78683,121134,95,1,1
2241,10338,8732,150,64290,63194,1534,64836,85534,49,1,1
2242,14192,9613,105,68407,67236,4845,68908,97651,53,1,1
2243,21128,22039,105,65807,63624,1484,66533,111283,108,1,1
2244,10233,8092,101,57721,56657,1779,58194,78393,47,1,1
2245,4269,215,205,58596,58392,2045,59030,65651,1,1,1
2246,31356,29816,488,149502,146689,2612,151347,215547,104,1,2
2247,12567,11487,122,40275,38879,1726,40879,66752,60,1,1
2248,4283,228,95,37735,37522,1752,38050,44408,1,1,1
2249,55563,27783,164,75843,73020,17796,76712,177958,132,1,1
2250,16093,16181,99,76096,74314,1698,76712,110770,85,1,1
2251,4396,213,104,24261,24050,1667,24573,30943,1,1,1
2252,24417,22625,103,70194,67982,1720,70908,119774,108,1,1
2253,14538,19635,181,112467,111261,3334,113176,150790,44,1,2
2254,16551,16588,102,85657,83893,4067,86270,123567,85,1,1
2255,4780,1138,96,55041,54690,1800,55384,63189,8,1,1
2256,20739,20386,107,60701,58660,1706,61380,104315,100,1,1
2257,13617,13048,104,66271,64755,3146,66929,96836,71,1,1
2258,42638,37148,105,112130,108771,4346,113061,197292,165,1,2
2259,13103,11084,99,88798,87340,5740,89331,119348,59,1,2
2260,5795,201,93,35944,35760,2181,36239,44510,1,1,1
2261,4185,209,93,23176,22995,1662,23472,29614,1,1,1
2262,24369,20273,201,78868,76806,1687,79655,126078,102,1,1
2263,13974,14343,98,72948,71316,1711,73534,103654,77,1,1
2264,7744,6944,128,76592,75613,5494,77104,97378,41,1,1
2265,9222,1168,101,77531,77145,1715,77919,90124,9,1,1
2266,12430,12974,99,72329,70833,2069,72914,100478,70,1,1
2267,10502,167,99,62978,62749,2228,63285,76277,1,1,1
2268,21386,23916,104,52830,50558,2252,53561,101214,113,1,1
2269,12415,13366,100,56309,54795,1754,56865,84491,70,1,1
2270,4291,206,185,36596,36397,1775,37002,43369,1,1,1
2271,4735,198,88,40628,40439,1758,40916,47696,1,1,1
2272,41699,41786,112,103536,99861,4248,104531,192367,183,1,2
2273,13370,10273,106,90852,89478,6068,91371,121177,56,1,2
2274,4188,200,100,25140,24929,1765,25449,31688,1,1,1
2275,4404,201,104,25102,24913,2148,25411,32245,1,1,1
2276,24100,22838,144,79893,77557,1701,80676,129414,112,1,1
2277,11228,10049,106,76684,75464,1779,77203,100355,57,1,1
2278,22908,22433,105,66659,64377,1761,67378,114578,112,1,1
2279,5590,379,179,83819,83442,1708,84214,91984,3,1,2
2280,18684,10369,104,52275,51034,12143,52788,94078,56,1,1
2281,23472,16547,103,56735,55039,3264,57333,100713,81,1,1
2282,4253,213,124,57112,56900,1760,57466,63790,1,1,1
2283,19487,18603,107,54758,52851,1771,55424,95379,93,1,1
2284,9773,6426,198,82224,81150,1748,82778,100819,39,1,2
2285,4244,198,97,35169,34988,1668,35475,41673,1,1,1
2286,42464,38366,110,106923,103451,4341,107883,193155,172,1,2
2287,5553,1366,94,58537,58162,16734,58877,82620,10,1,1
2288,4392,208,98,17721,17533,1769,18013,24471,1,1,1
2289,4280,302,99,22815,22562,1710,23139,29521,2,1,1
2290,4495,197,97,36090,35879,1696,36479,42968,1,1,1
2291,2365,724,94,39894,39564,930,40219,44331,6,1,1
2292,37538,29374,143,86645,83888,2093,87503,156788,135,1,1
2293,11833,11670,101,73596,72234,1700,74127,99424,62,1,1
2294,8761,5248,93,61039,60242,1650,61455,77203,32,1,1
2295,19622,22704,140,63738,61448,1710,64495,108626,108,1,1
2296,12980,14062,109,57277,55711,1777,57865,86787,74,1,1
2297,9893,423,96,58195,57925,1700,58527,70628,3,1,1
2298,14632,12217,114,39969,38553,1711,40533,69198,65,1,1
2299,19432,22249,102,130634,128277,4911,131395,178089,108,1,2
2300,3146,204,100,42777,42585,2097,43094,48631,1,1,1
2301,4183,200,97,37631,37422,2200,37932,44597,1,1,1
2302,42553,26737,128,71920,69428,22881,72718,164988,126,1,1
2303,13757,11200,137,75667,74269,1820,76261,103133,62,1,1
2304,41980,26712,143,94032,91521,9088,94842,172728,125,1,1
2305,5408,1610,156,78369,77951,2347,78793,88255,12,1,1
2306,13398,10433,104,67092,65850,9401,67612,100936,57,1,1
2307,18516,16154,110,81337,79644,4594,81955,121316,82,1,1
2308,4188,360,136,55314,55081,1853,55688,62188,3,1,1
2309,24195,27781,113,63887,61269,2306,64690,119072,131,1,1
2310,18187,18995,102,56380,54480,2003,57029,96307,94,1,1
2311,41501,40660,108,107722,104094,6070,108697,197031,179,1,2
2312,12961,10512,200,115527,114082,5988,116154,145706,56,1,3
2313,4299,283,98,25734,25499,1758,26049,32473,2,1,1
2314,20671,21358,196,80233,78061,1808,81029,124970,107,1,1
2315,10578,9423,96,71489,70315,1673,71984,93752,54,1,1
2316,22725,23083,214,73793,71472,1716,74647,122274,115,1,1
2317,9472,8883,103,66854,65724,2044,67349,87846,51,1,1
2318,4647,1112,130,117124,116634,1812,117514,125172,8,1,2
2319,18663,18404,138,53188,51298,2430,53878,93480,91,1,1
2320,12480,12465,188,44982,43581,1721,45615,72374,66,1,1
2321,4629,288,101,38197,37952,1694,38523,45230,2,1,1
2322,4114,204,94,35032,34829,1676,35345,41421,1,1,1
2323,41696,42967,108,106074,102283,5356,107069,197182,187,1,2
2324,12682,9558,266,88822,87542,6663,89501,118504,52,1,2
2325,2107,200,90,27187,27001,2583,27489,32468,1,1,1
2326,4302,198,98,17334,17159,2400,17636,24626,1,1,1
2327,4257,292,103,25113,24881,1734,25442,31808,2,1,1
2328,4120,195,98,24868,24666,1684,25175,31265,1,1,1
2329,16269,15277,107,72487,70826,3227,73085,107952,79,1,1
2330,14671,13273,100,86740,74129,2841,87374,118256,71,1,1
2331,4896,4686,113,60932,60167,4629,61379,75682,29,1,1
2332,12531,13260,105,58666,57193,1718,59231,86838,70,1,1
2333,4321,199,100,55317,55094,1695,55641,61943,1,1,1
2334,5364,191,157,56067,55868,2145,56440,64233,1,1,1
2335,19645,20323,108,46909,44854,1756,47599,89422,101,1,1
2336,5666,2254,101,71440,70822,1681,71810,81503,16,1,2
2337,4073,194,97,37251,37041,1735,37560,43644,1,1,1
2338,46551,39159,163,99235,95951,6182,100220,192225,161,1,2
2339,7574,3424,187,59852,59251,13560,60338,84989,22,1,1
2340,4112,200,103,18577,18352,1839,18880,25112,1,1,1
2341,4413,202,95,22281,22072,2290,22596,29588,1,1,1
2342,2377,835,92,37927,37607,932,38257,42488,7,1,1
2343,38659,34396,131,85482,82335,1745,86391,161282,159,1,1
2344,13572,13270,96,57920,56459,4035,58466,89433,68,1,1
2345,11177,9078,196,62093,60958,2791,62705,85845,52,1,1
2346,5315,4300,96,54798,54107,5005,55212,69924,27,1,1
2347,14524,13966,107,56633,55138,1723,57207,87515,72,1,1
2348,6543,227,98,57070,56863,1717,57387,65958,1,1,1
2349,13941,9972,131,39625,38415,2460,40185,66657,55,1,1
2350,15721,15246,102,103993,102244,6003,104584,141647,78,1,2
2351,1968,194,93,36190,35990,2395,36486,41132,1,1,1
2352,4456,294,97,37289,37057,1707,37610,44156,2,1,1
2353,8299,2121,97,59356,58919,13824,59713,84050,14,1,1
2354,11465,9650,110,87265,86054,1746,87832,110792,54,1,1
2355,5956,2920,100,46651,46084,4278,47056,60301,20,1,1
2356,16120,13304,100,74166,72675,2335,74724,106576,71,1,1
2357,9335,8750,99,78224,77102,1894,78711,98780,50,1,1
2358,4622,208,187,70982,70749,1817,71405,78148,1,1,1
2359,22498,25905,178,62243,59711,2095,63092,113689,125,1,1
2360,16157,16893,173,53205,51311,1734,53914,88798,89,1,1
2361,4443,198,98,35773,35567,1715,36084,42522,1,1,1
2362,41329,45210,101,124356,120319,2884,125424,214950,198,1,2
2363,9830,8490,174,103602,102293,6604,104158,129191,46,1,2
2364,4199,212,110,26016,25762,1677,26352,32521,1,1,1
2365,25323,23788,108,78876,76500,1696,79621,130522,115,1,1
2366,8129,4744,106,80879,80128,1811,81352,96127,30,1,1
2367,3501,2345,100,53335,52845,5907,53718,65562,16,1,1
2368,14492,11933,107,81070,79695,1728,81625,109872,64,1,1
2369,10649,10069,100,63473,62207,1717,63992,86524,58,1,1
2370,3044,269,223,56800,56582,2405,57261,63089,1,1,1
2371,21519,24036,103,58936,56625,1705,59672,107038,115,1,1
2372,14076,13972,102,54035,52484,1706,54616,84465,74,1,1
2373,3980,275,93,42594,42367,2076,42903,49323,2,1,1
2374,42023,33986,110,136457,132927,28272,137336,241723,154,1,2
2375,10449,479,179,18624,18375,2376,19049,32442,3,1,1
2376,13804,9069,105,62459,61364,10837,62948,96755,49,1,1
2377,5688,870,100,23187,22880,1828,23521,32001,7,1,1
2378,5935,195,93,27100,26907,1708,27393,35319,1,1,1
2379,4056,196,93,22652,22462,2281,22940,29571,1,1,1
2380,4292,200,97,25160,24957,1700,25472,31744,1,1,1
2381,22934,25420,107,81189,78739,2921,81942,133313,120,1,1
2382,14957,13458,109,88356,86786,1860,89012,119388,72,1,1
2383,10092,9377,103,66890,65729,4216,67405,91190,52,1,1
2384,10476,9543,100,57977,56775,1745,58484,80340,55,1,1
2385,6545,197,95,62658,62457,1780,62971,71582,1,1,1
2386,4403,195,190,56268,56051,1679,56657,63023,1,1,1
2387,15589,15961,109,44432,42773,2213,45047,78902,80,1,1
2388,12112,10437,101,37810,36534,1713,38335,62685,60,1,1
2389,4160,288,98,37411,37176,1687,37722,43938,2,1,1
2390,4149,200,103,36464,36267,1688,36782,42901,1,1,1
2391,42196,26816,109,85950,83441,27536,86778,183430,126,1,1
2392,10720,5367,101,91054,90095,1762,91496,109441,33,1,2
2393,4296,214,123,18951,18745,1674,19293,25555,1,1,1
2394,24162,23693,109,82824,80531,1689,83567,133212,115,1,1
2395,11527,10367,102,75196,73905,1729,75717,99433,58,1,1
2396,9549,8698,205,59080,57934,4258,59685,82283,48,1,1
2397,12186,11001,132,111202,109671,1834,111773,136898,63,1,2
2398,6509,206,96,57055,56848,2270,57370,66439,1,1,1
2399,17060,14554,142,43759,42179,1812,44399,77924,75,1,1
2400,15637,13921,107,91900,90239,6783,92476,128911,72,1,2
2401,4427,197,91,23416,23217,1735,23724,30172,1,1,1
2402,21497,19929,104,77882,75875,1774,78566,121868,98,1,1
2403,15692,15092,127,85702,83656,2166,86426,119818,77,1,1
2404,5964,5123,99,57426,56593,5056,57863,74102,32,1,1
2405,18603,9774,99,61166,60009,5354,61655,95479,52,1,1
2406,10612,10023,112,66561,65334,1759,67090,89573,56,1,1
2407,4107,375,155,59869,59616,1866,60288,66733,2,1,1
2408,20509,21158,120,61865,59739,1784,62577,106131,104,1,1
2409,15445,14921,102,53697,52067,1407,54289,86157,76,1,1
2410,4279,251,102,36011,35811,1398,36339,42351,1,1,1
2411,32384,36031,112,113711,110356,1456,114632,184605,162,1,2
2412,18460,13918,229,99592,97851,4306,100330,137122,72,1,2
2413,5845,217,96,29737,29536,1727,30135,38055,1,1,1
2414,4242,197,91,32121,31919,1710,32426,38668,1,1,1
2415,4224,209,97,24829,24617,1793,25140,31446,1,1,1
2416,24920,23291,106,81647,79269,1705,82392,132406,117,1,1
2417,12574,11924,104,89700,88292,1730,90307,116632,66,1,1
2418,1271,577,124,38662,38369,975,39118,42033,5,1,1
2419,32997,32189,99,86088,83155,1740,86918,153935,147,1,1
2420,6738,3670,100,118164,117432,2280,118563,131338,23,1,2
2421,29166,13057,158,73749,72343,5544,74369,122238,66,1,1
2422,4502,199,96,61341,61156,1700,61646,68131,1,1,1
2423,20008,23652,108,58632,56332,1771,59373,104905,113,1,1
2424,12321,11745,102,41599,40251,2699,42138,68994,63,1,1
2425,4461,328,98,37872,37614,1702,38203,44778,3,1,1
2426,53023,40205,158,104839,101263,5089,105859,204281,177,1,2
2427,11625,7230,104,88056,86964,6216,88520,113686,41,1,2
2428,4537,302,95,24763,24536,1675,25068,31674,2,1,1
2429,4122,205,95,18341,18148,1783,18655,24844,1,1,1
2430,19297,17673,111,80520,78700,1779,81168,120014,89,1,1
2431,10718,7680,178,83113,81952,2764,83699,104973,45,1,1
2432,10586,4120,140,57866,57115,4654,58336,77796,27,1,1
2433,7105,388,90,56906,56669,1773,57231,66659,3,1,1
2434,9459,7118,92,54993,53993,1691,55442,73797,43,1,1
2435,6306,198,172,57872,57668,2523,58268,67393,1,1,1
2436,13559,13133,124,46022,44499,1751,46625,75163,67,1,1
2437,9269,7875,104,37609,36527,1764,38093,57092,46,1,1
2438,4535,214,100,37913,37675,1827,38232,44942,1,1,1
2439,42282,30154,113,122241,108332,18682,123139,214376,138,1,2
2440,8332,4613,181,61421,60677,13760,61914,88707,29,1,1
2441,4080,199,98,22750,22542,1792,23059,29219,1,1,1
2442,24734,24935,115,86098,83681,1737,86865,138374,121,1,1
2443,8486,4556,103,70125,69431,1671,70532,85335,28,1,1
2444,10341,10116,99,98699,97459,1725,99284,121577,55,1,1
2445,4287,205,99,66213,66022,1766,66538,72881,1,1,1
2446,26873,27928,162,63659,61232,1748,64473,121141,117,1,1
2447,8908,8482,98,59697,58588,1718,60194,79393,48,1,1
2448,42206,38374,214,114712,111161,8840,115771,205295,175,1,2
2449,8862,2565,264,79697,79000,2432,80561,94726,12,1,1
2450,20297,15407,173,78764,77215,9624,79546,125077,59,1,1
2451,11410,5751,108,34494,33592,1747,34994,53995,34,1,1
2452,4368,197,104,24992,24775,1748,25317,31720,1,1,1
2453,24493,24251,106,95871,93263,1838,96714,147406,119,1,1
2454,16636,14439,109,75323,73704,2178,75946,109292,76,1,1
2455,9085,9138,107,59817,58654,3257,60335,81917,52,1,1
2456,17901,7940,96,61347,60328,3635,61815,91385,45,1,1
2457,11091,11356,155,60216,58875,1746,60804,85096,61,1,1
2458,17784,9947,107,60744,59568,2110,61254,91190,52,1,1
2459,21506,21129,110,60021,57894,1711,60732,105227,104,1,1
2460,13744,14995,98,55377,53779,2314,55960,87106,77,1,1
2461,2134,197,203,43479,43272,2561,43909,48885,1,1,1
2462,41739,38577,108,103804,100384,7157,104756,192317,170,1,2
2463,13492,10467,99,93181,91846,6692,93690,124438,55,1,2
2464,4936,1710,118,52274,51737,1770,52655,61152,12,1,2
2465,19514,17383,108,90870,89032,1720,91570,130296,88,1,1
2466,9765,8264,102,73732,72656,1782,74222,94117,48,1,1
2467,6265,5561,104,60565,59689,4368,61011,77299,33,1,1
2468,16715,9854,101,95660,94329,10841,96162,133666,54,1,2
2469,16754,12109,204,56433,55036,4689,57076,90726,64,1,1
2470,6380,1345,96,56152,55773,1786,56495,66096,10,1,1
2471,6983,5958,106,42605,41706,3867,43059,59963,36,1,1
2472,7097,4665,95,73661,72809,1732,74073,87662,30,1,2
2473,4307,208,101,35786,35564,1706,36113,42415,1,1,1
2474,41459,39225,159,101657,98134,3950,102670,187409,174,1,2
2475,8736,4468,93,76521,75711,12325,76934,102555,27,1,2
2476,4350,197,99,21036,20837,1725,21344,27704,1,1,1
2477,5262,198,116,24959,24743,1700,25289,32532,1,1,1
2478,4459,197,103,17919,17725,1669,18232,24636,1,1,1
2479,7292,4407,92,46645,45918,4880,47050,63712,28,1,1
2480,17661,11899,100,77109,75721,6736,77713,114127,63,1,1
2481,13417,12052,104,76933,75500,1728,77482,104771,65,1,1
2482,1608,737,96,29503,29165,910,29838,33185,6,1,1
2483,35017,38236,105,61593,58168,1900,62528,137774,175,1,1
2484,8973,7976,99,66463,65411,2515,66985,86540,46,1,1
2485,4556,214,127,57653,57451,1677,58000,64530,1,1,1
2486,7094,198,93,62208,62002,1712,62510,71608,1,1,1
2487,16245,14938,105,43464,41804,1766,44061,77101,80,1,1
2488,9118,8654,102,37869,36737,1682,38379,57925,52,1,1
2489,3033,201,94,36890,36691,2352,37176,42853,1,1,1
2490,10533,4399,136,97213,96387,26804,97676,139511,26,1,2
2491,8957,4659,101,59361,58653,15100,59782,88583,29,1,1
2492,4347,205,125,23469,23255,1715,23792,30193,1,1,1
2493,18154,17479,137,83332,81472,1716,84009,121447,87,1,1
2494,10352,8847,203,76067,74925,2326,76669,98294,51,1,1
2495,4322,203,98,60330,60133,1699,60647,66954,1,1,1
2496,23916,25198,143,63269,60812,1805,64074,115101,122,1,1
2497,14466,13422,108,58198,56704,1746,58780,88508,71,1,1
2498,41559,38389,183,111724,108252,5407,112743,198206,171,1,2
2499,8056,6074,105,82818,81882,7136,83261,104618,35,1,2
2500,4033,194,99,24530,24340,1428,24844,30589,1,1,1
2501,26695,24978,105,79050,76594,1915,79818,133513,123,1,1
2502,11993,11656,193,73190,71839,3025,73826,100596,63,1,1
2503,6762,5269,101,57998,57175,4638,58437,75206,33,1,1
2504,18317,5494,200,60939,60165,2501,61474,87874,32,1,1
2505,11116,10285,434,86887,85588,2203,87825,111530,57,1,1
2506,4431,195,143,60799,60608,1747,61143,67605,1,1,1
2507,21589,23552,143,62600,60227,1792,63395,110425,114,1,1
2508,15363,16693,103,53089,51337,2254,53708,88112,85,1,1
2509,4216,202,92,41790,41592,2678,42090,49277,1,1,1
2510,42013,38194,215,103866,100457,5729,104903,190942,167,1,2
2511,15867,11628,108,90755,89310,5333,91290,124220,61,1,2
2512,4338,203,123,25503,25268,2351,25833,32810,1,1,1
2513,4447,197,120,24753,24553,1671,25081,31479,1,1,1
2514,22183,19025,110,76380,74303,1697,77061,120063,99,1,1
2515,8421,7352,203,50044,49059,2443,50625,68946,42,1,1
2516,19282,15853,107,66584,64918,3495,67191,105941,81,1,1
2517,8407,6410,101,67978,67049,4244,68444,87603,39,1,1
2518,12735,10445,105,61740,60466,1856,62283,87413,58,1,1
2519,6891,206,186,64160,63966,2193,64578,73958,1,1,1
2520,4779,199,94,55551,55331,2286,55841,63193,1,1,1
2521,42628,10308,135,66458,65217,27505,67008,147549,54,1,1
2522,20570,2458,102,39366,38864,2719,39747,65593,17,1,1
2523,14207,5475,97,33851,33046,14157,34266,68196,32,1,1
2524,20911,8942,100,49363,48262,8727,49914,88589,48,1,1
2525,9135,301,108,36901,36677,1730,37223,48486,2,1,1
2526,41969,30815,113,95834,92868,11638,96667,181191,139,1,2
2527,12213,4049,103,60263,59589,8727,60669,85754,26,1,1
2528,4746,202,99,17680,17469,1693,17979,24712,1,1,1
2529,4245,196,104,21872,21661,1728,22185,28441,1,1,1
2530,4415,206,106,24952,24753,1708,25264,31676,1,1,1
2531,23088,24784,127,94317,91887,1706,95144,144825,120,1,1
2532,11180,10411,104,78607,77355,1701,79131,102511,58,1,1
2533,19396,19575,112,60690,58702,1708,61373,102156,95,1,1
2534,13513,11763,211,56063,54661,1716,56726,83814,65,1,1
2535,3181,195,90,55853,55664,2530,56161,62157,1,1,1
2536,18241,13357,115,40213,38736,1732,40798,74220,69,1,1
2537,13319,13164,106,112841,111287,6673,113407,146663,68,1,2
2538,4198,199,94,42733,42526,1695,43036,49218,1,1,1
2539,5033,177,182,37493,37290,2429,37874,45594,1,1,1
2540,42243,31295,111,73406,70516,15012,74266,162917,146,1,1
2541,15124,20487,112,76342,74766,1836,76944,114478,75,1,1
2542,3520,207,100,22986,22771,1743,23302,28938,1,1,1
2543,15824,15455,104,58637,56873,4398,59244,95015,81,1,1
2544,10102,6716,150,62499,61603,1740,63007,81659,39,1,1
2545,17430,20376,105,73416,71348,2806,74104,114812,102,1,1
2546,4335,198,101,55876,55648,1736,56204,62558,1,1,1
2547,22975,24552,102,63218,60809,2211,63956,113794,119,1,1
2548,9284,8784,205,54722,53602,2679,55325,76173,50,1,1
2549,54745,50253,350,174876,169970,4685,176735,286741,184,1,2
2550,27203,20222,249,183927,181103,2984,185082,235646,83,1,3
2551,5349,563,210,45421,45066,2318,45950,54341,1,1,1
2552,23201,24568,160,93624,90479,2084,94479,144459,118,1,1
2553,18337,20172,380,127271,125160,2249,128547,169729,77,1,1
2554,20656,20787,231,119335,116691,2226,134718,178732,86,1,1
2555,15784,14280,183,120108,118297,2343,128949,161477,61,1,1
2556,6351,689,157,197075,196547,2242,197578,207074,2,1,2
2557,28309,44238,210,101436,97788,3852,102849,179391,121,1,1
2558,18604,17744,170,72334,70410,2275,73380,112311,71,1,1
2559,5604,329,106,56836,56545,2148,57210,65401,1,1,1
2560,12822,11153,161,138175,136528,13583,139026,176716,47,1,2
2561,17044,9134,138,141075,139661,6563,141790,174728,40,1,2
2562,6518,360,160,36677,36383,2315,37115,46626,1,1,1
2563,5722,241,132,24782,24481,2025,25204,33356,1,1,1
2564,5098,206,118,30533,30277,3335,30900,39880,1,1,1
2565,4770,231,105,34640,34361,2052,35072,42251,1,1,1
2566,24016,20043,147,112990,110918,3495,113952,161724,78,1,1
2567,14863,12755,287,107332,105684,2972,108358,139246,61,1,1
2568,11814,8568,251,89769,88453,5341,90655,116720,44,1,1
2569,11104,10120,110,63234,61888,1797,63760,86872,56,1,1
2570,4512,209,120,57705,57469,1778,58055,64643,1,1,1
2571,4371,209,97,55829,55624,1756,56140,62611,1,1,1
2572,19090,19410,140,54497,52413,2246,55214,96058,97,1,1
2573,11678,10275,94,38717,37465,1709,39231,62989,56,1,1
2574,12193,210,114,44562,44320,1750,44892,59144,1,1,1
2575,4500,200,96,36410,36218,1797,36704,43290,1,1,1
2576,41131,39568,188,99775,96146,4381,100813,185992,177,1,2
2577,7399,3522,133,60539,59923,12385,60979,84377,23,1,1
2578,4722,199,102,18703,18511,1754,19018,25780,1,1,1
2579,4231,201,98,22437,22235,1697,22760,28979,1,1,1
2580,20647,19265,157,70865,69231,1737,71531,113286,75,1,1
2581,9641,5786,133,110008,108927,28537,110506,154570,36,1,2
2582,12252,10453,105,61547,60240,2605,62084,87486,58,1,1
2583,11063,5601,167,59307,58478,2469,59827,79054,33,1,1
2584,20926,23855,110,65543,63121,1914,66306,113102,118,1,1
2585,12447,11729,154,60159,58807,1794,60768,86831,64,1,1
2586,9822,236,101,58273,58064,1694,58589,70428,1,1,1
2587,15181,10743,183,42865,41552,2279,43503,71808,58,1,1
2588,13854,12640,109,98728,97137,5503,99291,131388,66,1,2
2589,4335,198,95,36710,36491,1724,37091,43436,1,1,1
2590,4577,243,97,37259,37048,1370,37578,43854,1,1,1
2591,41639,26792,106,72425,69982,25537,73183,167244,121,1,1
2592,14510,13131,103,88521,86765,3156,89173,120090,71,1,1
2593,9628,8446,124,93681,92530,4450,94232,116851,48,1,1
2594,10708,10476,130,85711,84444,2088,86269,109643,56,1,1
2595,5693,203,98,67167,66977,1720,67468,75177,1,1,1
2596,4360,194,153,66561,66369,1680,66931,73255,1,1,1
2597,42506,14786,109,63935,62337,25415,64534,147342,73,1,1
2598,21470,3758,106,65341,64733,10217,65753,101293,23,1,1
2599,5493,740,100,28837,28523,14284,29169,49776,7,1,1
2600,19990,9820,110,50722,49558,8388,51230,89520,52,1,1
2601,10309,3349,95,59988,59402,1726,60367,75846,22,1,1
2602,41768,32566,148,104035,100980,11090,104946,190478,145,1,2
2603,11926,5572,99,88747,87720,12284,89217,119120,32,1,2
2604,4440,241,133,27047,26812,1885,27413,34132,1,1,1
2605,4120,198,97,25137,24944,1756,25443,31605,1,1,1
2606,25609,24034,109,82455,79950,1712,83212,134673,119,1,1
2607,10500,7751,192,69775,68770,2413,70354,91114,44,1,1
2608,3408,2252,96,55373,54827,1027,55759,62540,17,1,1
2609,37839,28561,101,68221,65534,3285,69025,138805,134,1,1
2610,10986,9393,200,64441,63227,1753,65053,87289,55,1,1
2611,4497,206,92,55804,55615,1721,56102,62612,1,1,1
2612,22366,24608,118,62619,60273,1748,63387,112222,117,1,1
2613,12730,11894,95,49610,48222,1722,50157,76604,65,1,1
2614,4368,195,93,42636,42444,1684,42955,49292,1,1,1
2615,422,202,190,23540,23315,959,23950,25640,1,1,1
2616,42245,38406,101,92597,89088,13240,93520,187505,173,1,2
2617,12904,9375,102,85683,84435,6733,86182,115288,50,1,2
2618,5789,197,94,26658,26431,1702,26963,34742,1,1,1
2619,4472,195,92,16925,16739,1697,17208,23659,1,1,1
2620,4377,243,117,24374,24181,1697,24706,31108,1,1,1
2621,17050,16605,112,77513,75751,3593,78152,115498,86,1,1
2622,9157,8562,151,49354,48291,2647,49912,70377,48,1,1
2623,17024,13621,101,65291,63802,3074,65867,99684,71,1,1
2624,8370,7454,106,75827,74808,5520,76322,97764,43,1,1
2625,14903,15387,102,60327,58610,1759,60941,93089,81,1,1
2626,6908,211,180,65186,64995,1714,65584,74511,1,1,1
2627,5028,195,94,56110,55930,1764,56397,63473,1,1,1
2628,18102,18061,117,48622,46772,1736,49292,87297,91,1,1
2629,10631,8054,100,37345,36314,1715,37822,58318,46,1,1
2630,4180,197,106,36852,36648,1712,37169,43341,1,1,1
2631,14837,481,191,38225,37885,1773,38654,55861,1,1,1
2632,41445,33208,101,97645,94541,8834,98508,182097,150,1,2
2633,9034,5548,107,70093,69265,9242,70540,94461,34,1,1
2634,4460,202,101,18882,18669,1765,19197,25711,1,1,1
2635,22946,23608,113,81398,79041,1695,82147,130492,115,1,1
2636,11887,10648,193,75997,74739,2322,76621,101578,58,1,1
2637,573,319,102,29249,29015,915,29579,31480,2,1,1
2638,33492,38427,98,61661,58189,1757,62589,136361,176,1,1
2639,15251,14710,100,111334,109573,1744,111945,143744,80,1,2
2640,8450,220,127,58387,58196,1693,58738,69196,1,1,1
2641,15159,12002,101,40389,39032,1701,40949,69909,64,1,1
2642,14541,12876,97,95284,93732,6782,95845,130140,68,1,2
2643,4377,202,94,24966,24767,2228,25274,32171,1,1,1
2644,29367,28014,110,92761,90082,1712,93623,152817,135,1,1
2645,10472,8883,103,57405,56329,2927,57904,80281,48,1,1
2646,14739,13607,104,67235,65718,1755,67799,97995,72,1,1
2647,8706,7395,106,67454,66410,4696,67932,88824,45,1,1
2648,12938,6526,100,77964,77113,1756,78458,99782,37,1,1
2649,12813,12396,106,67923,66433,1811,68491,95601,68,1,1
2650,12252,374,116,56173,55883,1665,56518,70910,3,1,1
2651,21306,25755,107,60336,57861,2220,61112,110494,124,1,1
2652,13373,13736,112,48672,47131,1672,49250,78130,73,1,1
2653,4317,199,178,36296,36075,1789,36701,43103,1,1,1
2654,40460,41908,103,115843,112112,2918,116839,202224,186,1,2
2655,10189,7626,148,89969,88867,6313,90478,114697,42,1,2
2656,2919,200,92,27154,26947,2230,27438,32879,1,1,1
2657,4319,198,97,25930,25748,1696,26227,32529,1,1,1
2658,4280,200,103,24499,24298,2251,24808,31620,1,1,1
2659,25070,11771,197,98894,97376,1975,99565,138487,64,1,2
2660,8496,6895,144,43119,42182,1674,43620,60781,41,1,1
2661,11094,4716,101,59427,58709,16741,59844,92488,29,1,1
2662,18985,21559,104,70825,68636,1796,71528,113966,106,1,1
2663,12851,12471,156,64416,62957,1695,65040,92160,69,1,1
2664,4174,208,100,56848,56643,1756,57164,63388,1,1,1
2665,4481,200,100,55029,54793,1672,55345,61780,1,1,1
2666,22624,25425,180,60399,58036,1696,61223,111062,118,1,1
2667,13523,13382,102,60973,59449,1799,61593,90400,71,1,1
2668,5002,170,99,36385,36194,1673,36759,43751,1,1,1
2669,8066,7011,105,92880,91819,9113,93357,117649,40,1,2
2670,15013,11147,125,89476,88024,5420,90037,121710,61,1,2
2671,5197,200,90,24371,24178,1694,24652,31833,1,1,1
2672,4129,197,100,18418,18209,1686,18728,24829,1,1,1
2673,20709,19356,108,79187,77245,1700,79849,121714,95,1,1
2674,11868,10823,149,77565,76235,1685,78137,102614,60,1,1
2675,42615,10759,176,69451,68177,28402,70051,151930,57,1,1
2676,21259,3900,99,52746,52104,16996,53144,95394,24,1,1
2677,6836,194,137,58159,57954,1692,58509,67323,1,1,1
2678,7968,1152,105,32233,31876,15776,32581,57578,9,1,1
2679,27107,15538,104,52967,51338,9277,53563,105580,78,1,1
2680,23355,12793,152,70914,69321,3490,71716,111483,62,1,1
2681,7370,345,161,99592,99165,2092,100026,109968,1,1,1
2682,23084,20221,190,85397,83202,2201,86543,132216,82,1,1
2683,12873,9143,174,52928,51531,1683,53641,77722,47,1,1
2684,5034,307,149,45568,45338,1543,45974,52973,1,1,1
2685,30107,33023,207,164956,161532,2004,166429,231702,124,1,2
2686,8614,5330,129,92126,91270,20261,92819,127148,25,1,1
2687,4253,255,134,47983,47670,2312,48503,55449,1,1,1
2688,9292,2832,146,125827,125000,3070,126368,141690,16,1,1
2689,13205,2577,139,122293,121554,2196,122897,141043,13,1,1
2690,15822,14323,169,130685,128799,2281,131543,164102,61,1,1
2691,6071,330,149,119002,118634,2287,119582,128444,1,1,1
2692,33692,33640,203,100464,97132,3253,101981,172707,130,1,1
2693,16222,16253,170,89499,87600,2140,90491,125425,66,1,1
2694,54329,49751,319,198847,193342,6887,200884,312222,182,1,2
2695,24328,22846,203,136410,133916,6959,137561,192011,92,1,2
2696,4719,541,151,33019,32735,2463,33464,41307,1,1,1
2697,31622,25324,180,128457,125678,2057,129629,188903,92,1,1
2698,15847,13628,270,116112,114318,2398,117134,149341,61,1,1
2699,29160,28965,245,115240,112230,3332,116652,178460,116,1,1
2700,9078,740,160,102699,102264,2232,103198,115565,3,1,1
2701,16499,14600,143,117977,115963,2193,118850,152471,66,1,1
2702,4907,426,187,82467,82089,2075,82966,90494,1,1,1
2703,27895,28319,260,106679,103239,3719,107884,168149,111,1,1
2704,15064,13345,212,90132,88530,3748,91078,123570,53,1,1
2705,4938,295,133,67280,67024,2020,67762,75138,1,1,1
2706,47962,48696,152,124686,120127,13831,125878,236492,189,1,2
2707,13107,7807,109,95642,94502,5785,96112,122909,42,1,2
2708,4514,330,98,53943,53599,1774,54276,61034,2,1,2
2709,27212,28230,100,94738,91975,1787,95592,152924,134,1,1
2710,10951,9699,100,74609,73371,1688,75121,97545,55,1,1
2711,17548,17268,187,105920,101445,3066,107117,145542,87,1,1
2712,14455,15012,192,128970,125807,3144,130068,163133,66,1,1
2713,5836,454,201,114488,114107,2337,115116,123912,1,1,1
2714,5798,271,173,112733,112420,2246,113256,121718,1,1,1
2715,28933,28463,299,95394,92331,2352,96991,156950,84,1,1
2716,5214,1190,218,104931,104363,1880,105511,113902,7,1,2
2717,15189,7109,108,36726,35742,4811,37218,64424,39,1,1
2718,4274,200,127,36830,36626,1736,37176,43479,1,1,1
2719,41617,32581,106,105905,102676,6853,106758,187911,148,1,2
2720,9785,3344,101,103600,102766,9074,104020,126332,21,1,2
2721,4657,198,109,24327,24104,1758,24670,31380,1,1,1
2722,4314,240,106,45673,45401,2041,46122,52874,1,1,1
2723,5868,650,158,28624,28268,2079,29122,37859,3,1,1
2724,9804,5792,124,77983,76275,10027,78673,104660,30,1,1
2725,21293,15897,192,113079,110752,2543,114045,154140,69,1,1
2726,21511,18309,267,121962,119615,5093,123161,168485,73,1,1
2727,10450,8303,232,71424,70284,1876,72089,92823,44,1,1
2728,19887,17325,160,68473,66523,2843,69191,109356,86,1,1
2729,8992,5372,105,54873,54016,1719,55311,71488,33,1,1
2730,4556,219,120,57223,56978,1700,57575,64155,1,1,1
2731,5533,211,103,58375,58175,1703,58689,66227,1,1,1
2732,15982,15341,160,43736,42031,2604,44388,78421,77,1,1
2733,9246,8332,89,37611,36497,1749,38079,57501,48,1,1
2734,4407,195,93,36982,36794,1753,37279,43725,1,1,1
2735,41846,32967,110,75211,72180,19421,76095,170431,153,1,1
2736,14544,14213,118,75157,73573,2146,75751,106747,76,1,1
2737,4508,207,137,24236,24038,1715,24590,31112,1,1,1
2738,23472,23749,108,85660,83216,1689,86411,135419,118,1,1
2739,10703,9546,133,78541,77341,1756,79082,101183,54,1,1
2740,4361,208,97,68974,68750,2443,69287,76408,1,1,1
2741,17377,17991,144,63414,61490,1725,64117,101314,90,1,1
2742,10399,8181,99,56085,55012,1755,56560,76987,48,1,1
2743,41669,42475,108,116434,112579,3583,117433,205268,188,1,2
2744,12907,23190,144,101679,100167,5067,102294,143558,63,1,2
2745,4258,241,102,25219,25012,1827,25539,31967,1,1,1
2746,19137,15426,112,73965,72320,1714,74584,110964,79,1,1
2747,11700,8787,163,72031,70603,3441,72764,96858,42,1,1
2748,16736,8040,153,93316,92173,18827,93976,137717,38,1,1
2749,53653,33650,229,115645,112395,14803,116947,219403,124,1,1
2750,11579,3436,202,115044,114141,2471,115687,133687,16,1,1
2751,9220,2808,146,48662,48020,16903,49219,78265,14,1,1
2752,35223,27925,268,124073,121037,9320,125418,198222,105,1,1
2753,7010,338,200,90780,90410,2153,91338,101163,1,1,1
2754,18568,19453,169,65220,63052,1877,65975,105977,96,1,1
2755,15190,16445,126,56865,55021,3259,57513,92510,84,1,1
2756,4677,369,95,43116,42854,1817,43431,50383,3,1,1
2757,41858,41372,163,144141,139630,5530,157526,246431,180,1,2
2758,22488,19782,170,142212,139773,8210,143178,193761,82,1,2
2759,5907,312,123,34400,34074,2056,34850,43297,1,1,1
2760,5367,220,148,39304,39060,2133,39732,47565,1,1,1
2761,26876,25763,171,120489,117489,2106,121825,176710,103,1,1
2762,10661,7682,214,105395,104142,3103,106357,127968,37,1,1
2763,22594,15427,167,103722,101869,4714,104669,147518,63,1,1
2764,3151,2139,183,59645,58988,6278,60267,72007,12,1,1
2765,24756,19849,146,95382,93061,2846,96456,144035,80,1,1
2766,13300,12883,143,109519,107761,3097,110391,139806,58,1,1
2767,3146,302,186,93654,93303,3582,94131,101301,1,1,1
2768,5249,282,158,85614,85318,2089,86032,93937,1,1,1
2769,25631,22318,161,72542,70108,2239,73603,124208,95,1,1
2770,18285,14775,160,68700,66926,17813,69621,120671,63,1,1
2771,4947,362,220,52662,52361,2126,53202,60776,1,1,1
2772,4796,706,114,51724,51382,2005,52118,59768,4,1,1
2773,50614,44041,124,156684,151660,5516,158231,258758,172,1,2
2774,18446,13443,166,95339,93909,4919,96151,133266,54,1,2
2775,6055,616,440,58900,58335,2583,60151,69918,1,1,1
2776,5119,368,161,39099,38540,2183,39597,47377,1,1,1
2777,25063,23917,133,84941,82412,2317,85765,137166,115,1,1
2778,12000,10188,105,78499,77225,1735,79013,103041,57,1,1
2779,7809,7234,110,72190,71177,4180,72729,92052,42,1,1
2780,11679,11072,105,57296,55950,1741,57839,82426,60,1,1
2781,5938,373,97,56544,56310,3684,56860,66945,3,1,1
2782,14392,11235,111,39874,38549,1812,40429,67968,60,1,1
2783,13206,11653,100,109671,108103,6420,110209,141579,63,1,2
2784,4306,200,183,44518,44301,1748,44924,51270,1,1,1
2785,4161,206,103,38886,38675,1695,39197,45348,1,1,1
2786,42214,24398,111,72020,69683,26601,72764,166072,115,1,1
2787,15255,12257,107,73377,71962,1775,73930,103312,67,1,1
2788,3555,234,107,27742,27525,1689,28087,33664,1,1,1
2789,27338,27114,156,82657,80078,1702,83493,139752,130,1,1
2790,11880,11942,102,74978,67552,1877,75531,101324,66,1,1
2791,4289,310,105,56408,56187,1781,56737,63215,2,1,1
2792,21112,19817,109,126057,123830,2330,126787,170151,100,1,2
2793,13102,6278,127,55626,54823,4268,56230,79993,31,1,1
2794,11186,10138,118,55899,54661,1798,56448,79664,56,1,1
2795,5106,3915,97,37307,36624,13235,37725,60080,25,1,1
2796,25193,19353,107,69758,67801,7955,70418,123015,95,1,1
2797,14896,12885,107,91932,90332,5213,92502,125587,68,1,2
2798,5862,208,172,37824,37624,1729,38222,46124,1,1,1
2799,4329,199,90,24137,23941,1673,24420,30706,1,1,1
2800,34433,29509,158,83796,80925,1737,84696,150660,141,1,1
2801,13784,12014,103,72590,71179,2927,73132,101948,65,1,1
2802,4395,3504,140,54708,54094,5016,55155,68177,22,1,1
2803,18837,9354,99,61762,60689,3861,62244,94402,49,1,1
2804,10697,8636,107,65783,64635,1768,66281,87468,49,1,1
2805,5554,196,89,61277,61092,1676,61575,69101,1,1,1
2806,4898,4010,101,65551,64853,4654,66021,79681,27,1,1
2807,13232,11581,107,45133,43758,2298,45680,72886,63,1,1
2808,4209,351,89,36460,36206,1724,36768,43146,3,1,1
2809,3386,1435,97,30188,29783,10071,30559,45551,11,1,1
2810,26173,24618,102,72360,69930,4509,73094,128482,119,1,1
2811,15532,11948,103,86380,84849,5214,86923,119710,63,1,2
2812,4742,194,133,28293,28094,1714,28634,35383,1,1,1
2813,4607,196,96,17162,16981,1684,17454,24029,1,1,1
2814,4137,198,99,25355,25150,1685,25667,31778,1,1,1
2815,6107,238,159,28642,28376,2586,29058,38109,1,1,1
2816,7855,5160,100,44473,43717,4026,44909,62040,31,1,1
2817,21812,13146,104,65361,63870,1762,65923,102737,69,1,1
2818,11174,10014,107,74425,73156,1678,74945,97900,57,1,1
2819,3490,2296,181,52320,51813,5240,52790,63919,16,1,1
2820,13179,8938,99,57424,56320,1877,57908,82000,50,1,1
2821,11825,12770,101,61148,59645,1798,61705,88194,69,1,1
2822,5870,339,123,80023,79745,2031,80393,88757,1,1,1
2823,4949,394,232,83523,83264,3594,84003,93057,1,1,1
2824,26153,25800,328,83026,79917,2240,84322,138874,102,1,1
2825,15586,15015,172,71694,69938,2523,72648,106091,60,1,1
2826,7982,314,172,71447,71132,2414,71936,83199,1,1,1
2827,5800,240,139,65935,65659,2920,66349,75652,1,1,1
2828,55937,34702,191,194746,191213,32441,196125,319561,135,1,2
2829,10447,6336,152,85565,84641,18607,86184,121754,31,1,1
2830,5782,427,175,33211,32833,2558,33775,42864,1,1,1
2831,14723,321,167,49337,48975,2103,49841,67321,1,1,1
2832,35353,31568,187,140194,136840,2644,141612,211526,110,1,1
2833,18881,13919,253,160304,158343,2117,161157,196400,59,1,2
2834,11948,7298,224,94365,93334,2680,95191,117250,32,1,1
2835,17944,18957,143,73541,71453,1797,74257,113048,92,1,1
2836,13531,14452,104,58392,56773,1834,59006,88920,75,1,1
2837,10246,684,142,58960,58649,1876,59352,72252,5,1,1
2838,14128,11768,107,40548,39125,2577,41117,69693,63,1,1
2839,15574,14333,102,101009,99197,5367,101599,136968,74,1,2
2840,4519,208,93,36176,35975,1793,36486,43105,1,1,1
2841,4317,215,103,37290,37098,1711,37615,43953,1,1,1
2842,44211,31522,140,84505,81729,25393,85439,186861,138,1,1
2843,13325,11094,119,75105,73753,1937,75673,102123,61,1,1
2844,8385,5104,115,73433,72591,5415,73891,92894,31,1,1
2845,17763,7743,100,113206,112119,3437,113655,142695,40,1,2
2846,9115,5837,196,61743,60913,9139,62287,86481,35,1,1
2847,14214,9551,107,61839,60703,1797,62345,87995,51,1,1
2848,18383,19183,120,60147,58166,1810,60843,100319,94,1,1
2849,13247,13105,100,49050,47572,2507,49604,78556,69,1,1
2850,4111,205,119,47731,47523,1755,48117,54283,1,1,1
2851,41166,38788,107,113467,110058,6670,114397,201128,166,1,2
2852,15467,11385,162,91619,90199,7255,92238,126451,59,1,2
2853,4346,218,102,26789,26574,1754,27128,33552,1,1,1
2854,4256,206,98,24534,24338,1681,24834,31069,1,1,1
2855,17368,14814,113,72797,71157,1756,73401,107442,76,1,1
2856,8055,5397,264,70909,70063,2456,71512,87522,34,1,1
2857,25532,29860,128,77415,74608,1717,78283,135490,140,1,1
2858,8286,6383,99,64947,64047,1008,65401,81171,39,1,1
2859,4311,209,139,57068,56837,1812,57425,63859,1,1,1
2860,19492,19393,116,58871,56932,2188,59541,100714,94,1,1
2861,8820,6809,98,133684,132471,1675,134139,151534,40,1,3
2862,22679,14072,455,78054,75678,7207,79833,124080,57,1,1
2863,53884,49928,368,184941,179570,8967,187037,300339,162,1,2
2864,13692,14516,200,183476,181968,9052,184297,221893,35,1,3
2865,7408,918,404,36366,35974,2716,37676,48960,1,1,1
2866,7016,500,195,42240,41808,2609,42854,53145,1,1,1
2867,13939,9638,217,76803,75584,5821,77663,107248,36,1,1
2868,17235,13180,207,70901,69308,2130,71647,104296,66,1,1
2869,11045,11132,102,63136,61766,1760,63676,87706,61,1,1
2870,16454,12877,106,68433,66930,1694,68987,100102,67,1,1
2871,20345,22699,109,78626,76330,1764,79361,124271,108,1,1
2872,13756,13022,338,96249,93707,3208,97690,127900,54,1,1
2873,7746,492,235,121107,120550,2373,121792,132590,1,1,1
2874,6670,551,170,96797,96380,2212,97354,106975,1,1,1
2875,17486,19837,205,67381,65283,1836,68192,107473,94,1,1
2876,14817,13075,224,63394,61845,2180,64325,94540,57,1,1
2877,5138,359,138,53392,53087,2064,53831,61531,1,1,1
2878,5676,309,170,61198,60910,2117,61679,69914,1,1,1
2879,52691,41290,323,110543,106996,4967,112196,211484,155,1,2
2880,7253,4208,106,61218,60504,13667,61642,86863,26,1,1
2881,4204,210,159,20485,20244,2394,20870,27774,1,1,1
2882,19224,16766,108,103302,101284,1742,103930,141776,84,1,2
2883,8709,6741,129,76085,75136,1801,76598,93948,41,1,1
2884,9581,1635,100,65090,64701,1721,65450,78476,11,1,1
2885,20672,33173,154,66769,64484,2019,67556,123518,111,1,1
2886,12236,12362,105,56924,55491,1697,57480,83865,67,1,1
2887,7341,210,102,57116,56903,1800,57442,66885,1,1,1
2888,14197,9650,113,39739,38560,1703,40280,65932,53,1,1
2889,11298,10362,103,110212,108813,6779,110778,139317,58,1,2
2890,8751,5608,106,45775,44968,5833,46240,66533,33,1,1
2891,17960,16275,107,68138,66386,2291,68758,105376,85,1,1
2892,14761,15303,100,73178,71469,3357,73791,107303,82,1,1
2893,22901,36193,201,101671,99090,1814,103025,164044,121,1,1
2894,11481,11465,107,68411,67025,2654,68977,94676,63,1,1
2895,5398,195,96,59521,59328,1763,59822,67267,1,1,1
2896,4144,195,93,54369,54178,2180,54665,61271,1,1,1
2897,19889,21282,133,73441,71242,1749,74219,117239,106,1,1
2898,13055,12764,111,59083,57607,2544,59653,88110,70,1,1
2899,40919,39648,113,115178,111463,4405,116176,201253,179,1,2
2900,6924,3361,99,59833,59247,10104,60222,80704,22,1,1
2901,8576,3427,154,32366,31748,1755,32819,46677,22,1,1
2902,5246,201,95,27263,27081,1775,27553,34867,1,1,1
2903,4102,198,88,26737,26559,1694,27019,33102,1,1,1
2904,4244,204,99,24927,24722,1696,25249,31483,1,1,1
2905,6604,2242,97,75969,75333,1682,76343,86963,16,1,2
2906,13502,9167,104,68411,67312,9857,68911,101532,50,1,1
2907,11265,9018,100,69919,68751,2370,70426,93176,52,1,1
2908,4087,2953,186,88467,87873,5431,88965,101536,20,1,1
2909,6947,3748,94,91781,91085,1760,92175,104721,26,1,1
2910,12751,11588,102,65754,64354,2146,66305,92881,65,1,1
2911,4863,201,102,56906,56702,2173,57226,64558,1,1,1
2912,4253,208,126,53596,53371,1701,53944,60201,1,1,1
2913,28071,26526,238,62348,60067,1807,63233,119764,113,1,1
2914,13083,12744,102,41573,40130,1790,42123,69833,68,1,1
2915,4649,208,96,35537,35342,2306,35844,43097,1,1,1
2916,3981,1610,119,29911,29489,14610,30289,50589,12,1,1
2917,33130,28719,104,73666,70985,7999,74460,144400,135,1,1
2918,20827,29734,203,92806,90682,4991,93568,149221,95,1,2
2919,4886,215,94,24478,24245,1729,24780,31694,1,1,1
2920,4119,203,104,18234,18035,1685,18549,24646,1,1,1
2921,25371,24075,104,88595,86180,1852,89347,140750,120,1,1
2922,11729,10755,102,77187,75871,1720,77717,102009,60,1,1
2923,5335,4554,141,57032,56309,4765,57530,72290,29,1,1
2924,16164,8184,109,118407,117240,2459,118897,145796,45,1,2
2925,17754,13770,102,62226,60737,4177,62806,98603,71,1,1
2926,9840,201,104,55847,55643,2312,56164,68610,1,1,1
2927,17023,19409,246,70296,66950,3195,71342,111152,78,1,1
2928,15604,11957,236,54559,53162,1950,55392,85229,54,1,1
2929,4402,273,130,38460,38219,1866,38828,45460,1,1,1
2930,4148,199,98,37047,36851,2281,37354,44072,1,1,1
2931,15176,5998,104,62171,61258,17833,62607,101706,35,1,1
2932,3386,768,95,69505,69164,12960,69880,87087,7,1,1
2933,1932,196,95,23473,23275,2624,23787,28627,1,1,1
2934,4309,219,99,18646,18439,2149,18950,25712,1,1,1
2935,21520,25414,104,90798,88257,3093,91543,141658,121,1,1
2936,7059,1102,137,68399,68041,1681,68804,78741,8,1,1
2937,10677,11137,106,84326,83003,1753,84876,108537,60,1,1
2938,4074,207,182,68203,68013,2275,68610,75266,1,1,1
2939,21599,23158,133,62846,60605,1704,63593,110155,111,1,1
2940,10746,10239,153,59949,58698,1839,60568,83498,56,1,1
2941,41020,43813,114,113982,110049,3963,115006,203915,192,1,2
2942,13625,12214,155,100055,98520,5652,100665,132259,65,1,2
2943,4643,201,100,25083,24872,1807,25398,32148,1,1,1
2944,24185,23306,115,78223,75892,1719,78976,128288,114,1,1
2945,12163,9666,102,80222,78526,3388,80777,106099,55,1,1
2946,5229,3828,125,72336,71636,4902,72780,86839,25,1,1
2947,15451,11675,149,135173,133278,2532,136018,165886,48,1,1
2948,13404,13113,188,104503,102532,2265,105386,134515,64,1,1
2949,4230,297,168,60475,60140,2505,60899,68025,1,1,1
2950,20765,21637,110,64898,62672,1552,65608,109659,105,1,1
2951,17708,18152,147,59466,57518,1462,60177,97593,91,1,1
2952,7001,5569,101,86320,85356,13338,86751,112755,32,1,2
2953,14603,11177,149,98549,97046,6478,99148,131512,59,1,2
2954,3397,646,97,51900,51483,2278,52223,58635,5,1,2
2955,23807,21118,118,80569,78367,1744,81283,128050,105,1,1
2956,11048,10730,97,77504,76195,1696,78030,101597,61,1,1
2957,10823,8659,154,58594,57449,3342,59164,82098,50,1,1
2958,21844,9574,101,60996,59900,2437,61496,95447,50,1,1
2959,11541,11450,106,56257,54884,1903,56796,81780,63,1,1
2960,13305,3555,92,72042,71441,2647,72465,92073,23,1,1
2961,20048,21427,108,57523,55418,1686,58233,101491,103,1,1
2962,14292,12759,101,41468,40010,1758,42015,70919,69,1,1
2963,6362,201,98,42644,42422,1693,42948,51297,1,1,1
2964,4160,199,92,36428,36241,1694,36712,42850,1,1,1
2965,41065,39821,120,97750,94160,5599,98724,185307,178,1,2
2966,5219,201,133,19444,19249,1774,19789,27074,1,1,1
2967,16080,8998,103,84821,83651,13254,85311,123741,49,1,2
2968,4584,201,98,25326,25114,1720,25637,32243,1,1,1
2969,4315,200,102,18189,17988,1759,18490,24856,1,1,1
2970,14634,13394,106,91607,90101,1959,92183,122272,69,1,1
2971,9360,7719,105,60452,59456,1707,60946,79824,44,1,1
2972,13160,10542,152,67373,66090,6888,67951,98642,58,1,1
2973,24527,28399,114,68265,65612,1756,69080,123861,132,1,1
2974,14434,14997,120,63055,61416,2278,63677,95487,79,1,1
2975,4461,198,96,58865,58651,1663,59183,65600,1,1,1
2976,5979,302,132,57187,56949,1778,57548,65711,2,1,1
2977,42949,13296,108,68424,66994,27778,69005,153127,67,1,1
2978,13548,4904,106,30389,29660,13332,30809,62689,29,1,1
2979,20382,7481,99,30946,29993,6367,31409,65733,41,1,1
2980,5830,198,100,35889,35695,1670,36190,43977,1,1,1
2981,5010,1482,97,59425,59037,27275,59779,93642,11,1,1
2982,16657,14771,154,76131,74436,1714,76768,110014,77,1,1
2983,4532,204,96,23480,23273,1703,23782,30319,1,1,1
2984,23312,23380,102,73017,70675,1746,73766,122309,115,1,1
2985,17021,7434,94,99672,98636,2173,100116,126841,40,1,2
2986,10935,9385,144,68044,66895,6046,68602,95073,53,1,1
2987,4407,1348,97,54512,54116,1731,54856,62434,11,1,1
2988,8138,8631,106,55237,54146,4919,55744,77529,49,1,1
2989,15036,11795,150,61992,60545,1832,62611,91378,64,1,1
2990,41410,49170,169,123310,119884,6142,124318,221140,169,1,2
2991,11737,10409,101,101512,100121,7055,102027,131321,56,1,2
2992,5205,209,115,44510,44300,1758,44838,52114,1,1,1
2993,4193,197,94,26352,26161,2275,26644,33397,1,1,1
2994,4138,522,104,25661,25384,1737,25992,32481,4,1,1
2995,18172,13052,107,74302,72830,1790,74878,107995,68,1,1
2996,11245,9980,143,72972,71726,2086,73529,96933,56,1,1
2997,5001,3455,107,61955,61312,6508,62358,77423,23,1,1
2998,15171,6785,102,65902,64991,1676,66348,90074,37,1,1
2999,12794,13985,106,79916,78294,1712,80551,109144,75,1,1
3000,4359,212,102,55607,55405,1767,56002,62433,1,1,1
3001,3739,1936,99,36299,35854,6495,36661,48927,14,1,1
3002,15208,11531,105,50559,49227,1685,51096,79614,63,1,1
3003,15699,15938,103,51958,50271,1757,52571,86058,82,1,1
3004,5614,329,95,41337,41098,1671,41641,49347,3,1,1
3005,4706,3175,103,95290,94584,10209,95734,113919,20,1,2
3006,13701,11111,106,90303,88832,5454,90839,121203,59,1,2
3007,3481,212,95,23818,23616,2200,24119,30107,1,1,1
3008,4115,198,102,25762,25552,2064,26075,32584,1,1,1
3009,20272,19229,113,88035,85988,1718,88718,130042,97,1,1
3010,11672,9868,159,78900,77644,2008,79503,103143,57,1,1
3011,4300,2734,99,47106,46566,4530,47487,59147,19,1,1
3012,17474,11847,125,63952,62535,2617,64521,96560,63,1,1
3013,10174,9050,96,64264,63121,1684,64766,85774,51,1,1
3014,5864,327,105,71752,71512,1740,72173,80215,2,1,1
3015,4355,326,97,54651,54397,1876,54981,61628,3,1,1
3016,19161,21506,112,48561,46448,2667,49277,92707,103,1,1
3017,11618,9824,100,39730,38531,1703,40236,63474,55,1,1
3018,4103,200,97,36457,36252,1750,36768,42912,1,1,1
3019,4104,198,97,35790,35598,1713,36093,42197,1,1,1
3020,52581,40272,153,99379,95816,4111,100393,197459,176,1,2
3021,7148,3029,94,59188,58641,10128,59567,79965,20,1,1
3022,7085,416,164,29528,29196,2220,30052,39900,1,1,1
3023,5266,238,130,35777,35460,2394,36179,44379,1,1,1
3024,4102,202,111,28490,28277,1784,28825,35003,1,1,1
3025,30834,26604,153,120668,117047,2568,121781,181956,116,1,1
3026,12707,11343,196,83154,81689,1774,83823,109748,62,1,1
3027,22118,23915,105,64044,61663,1834,64789,112755,117,1,1
3028,13907,13604,144,114996,113244,2882,115625,146116,72,1,2
3029,16547,14487,146,47199,45625,1856,47854,80855,75,1,1
3030,14290,13113,103,105305,103654,6074,105871,139458,69,1,2
3031,4689,218,118,38863,38661,1777,39197,45978,1,1,1
3032,41172,32366,119,85947,82977,10328,86858,170827,149,1,1
3033,15565,12304,103,74812,73373,1751,75375,105087,67,1,1
3034,4483,214,102,24253,24037,1790,24553,31133,1,1,1
3035,4293,1956,100,50339,49870,917,50700,57963,15,1,1
3036,28261,27049,156,70275,67671,1740,71136,128290,129,1,1
3037,11167,10635,148,72124,70843,1799,72698,96387,58,1,1
3038,4570,609,98,55283,54996,1725,55613,62608,5,1,1
3039,24533,30339,104,63525,60691,1729,64361,121064,143,1,1
3040,12336,12333,101,55452,54068,1702,55993,82454,65,1,1
3041,370,239,138,24512,24304,936,24884,26531,1,1,1
3042,40972,42292,99,118052,114210,16067,119024,218444,189,1,2
3043,21065,21312,110,96890,94626,3116,97589,143182,105,1,2
3044,5251,216,99,37378,37168,2156,37698,45415,1,1,1
3045,4559,196,93,34872,34592,2227,35214,42311,1,1,1
3046,23003,19675,119,93194,91120,1417,93940,138141,97,1,1
3047,12193,10897,102,72193,70846,1697,72760,97634,62,1,1
3048,10040,8456,124,66719,65638,4194,67238,90026,48,1,1
3049,5957,2364,94,121149,120493,2369,121557,132346,17,1,2
3050,13740,9943,93,60197,58979,9670,60701,94148,55,1,1
3051,4145,199,117,61706,61491,1775,62047,68256,1,1,1
3052,41409,31664,101,220353,217482,27801,221185,322167,144,1,1
3053,41703,21788,104,61336,59231,8865,62069,134530,103,1,1
3054,5147,370,98,37012,36762,1721,37335,44667,3,1,1
3055,41618,29709,108,101105,98279,10295,101926,183651,134,1,2
3056,12892,7580,104,109747,108549,9541,110211,140315,42,1,3
3057,4120,196,95,17298,17112,1735,17593,23733,1,1,1
3058,4622,200,99,24738,24504,1766,25050,31737,1,1,1
3059,4140,198,97,25022,24818,1705,25329,31467,1,1,1
3060,6042,3275,100,54118,53520,5600,54609,69626,22,1,1
3061,15976,13626,102,66164,64621,1713,66737,98146,71,1,1
3062,7094,3749,101,46892,46251,5722,47306,63958,24,1,1
3063,16445,15860,101,65148,63449,1754,65752,99905,81,1,1
3064,3452,2470,99,62491,61957,976,62880,69876,17,1,1
3065,40549,25466,223,55717,53207,1760,56622,124506,122,1,1
3066,11367,9604,108,59361,58133,1692,59878,82630,55,1,1
3067,4153,208,103,63513,63277,2110,63841,70408,1,1,1
3068,4392,208,105,59365,59177,1777,59682,66147,1,1,1
3069,17962,17695,115,52279,50426,1731,52943,90432,90,1,1
3070,13549,12927,195,45692,44173,1777,46360,74710,70,1,1
3071,2934,198,94,41782,41585,2540,42079,47840,1,1,1
3072,4093,198,91,35373,35192,1732,35658,41769,1,1,1
3073,41119,35849,114,97163,93803,5256,98097,180425,164,1,2
3074,5956,2203,98,58603,58128,17089,58977,84318,16,1,1
3075,4136,206,104,18533,18317,2315,18841,25590,1,1,1
3076,4244,197,121,32507,32286,1687,32940,39165,1,1,1
3077,8817,3374,107,71396,70763,1801,71804,85890,22,1,1
3078,13627,6958,101,92299,91250,3114,92740,116537,39,1,2
3079,15221,15998,106,72748,71006,2205,73368,106883,85,1,1
3080,3080,1644,104,51478,51017,6019,51856,62699,12,1,1
3081,12907,7003,218,48487,47523,1804,49079,70901,40,1,1
3082,10339,9321,98,58473,57255,2919,58963,81634,53,1,1
3083,8076,204,100,57651,57444,1727,57974,68072,1,1,1
3084,12656,10537,104,40236,39001,1835,40766,65900,57,1,1
3085,12224,10334,101,97309,95941,7086,97833,127572,57,1,2
3086,4972,358,216,39160,38903,2308,39613,47353,2,1,1
3087,4283,294,97,38346,38130,1715,38664,45048,2,1,1
3088,41202,32868,109,73553,70634,24221,74423,172812,148,1,1
3089,14696,12581,107,76315,74806,1808,76881,106065,69,1,1
3090,25076,38119,150,95744,93154,2330,96573,162197,125,1,1
3091,10111,9138,95,137072,135778,2386,137563,159290,53,1,2
3092,7286,1997,102,61120,60661,1752,61481,72610,14,1,1
3093,9350,7662,104,55535,54493,4359,56027,77500,44,1,1
3094,14121,13753,151,57314,55789,2739,57935,88653,72,1,1
3095,41534,41576,110,105591,101931,6165,106557,195935,178,1,2
3096,14033,13708,96,90636,88984,5917,91205,124958,72,1,2
3097,4594,199,173,26661,26427,1733,27065,33694,1,1,1
3098,4101,199,200,25033,24838,1706,25456,31554,1,1,1
3099,24595,23175,115,77927,75584,1714,78674,128255,115,1,1
3100,10805,9093,102,71264,70097,2143,71760,93901,52,1,1
3101,4120,2561,101,46436,45813,5380,46825,58981,18,1,1
3102,12484,10699,181,69709,68605,1781,70485,95581,46,1,1
3103,4435,210,102,62846,62618,1847,63168,69750,1,1,1
3104,10662,9436,101,69021,67757,2051,69537,91782,55,1,1
3105,7496,1510,173,83030,82484,2195,83537,94867,8,1,1
3106,25274,32872,182,101139,97848,2117,102438,162822,132,1,1
3107,13104,13091,124,48308,46778,1812,48910,77009,67,1,1
3108,4254,226,159,40239,39998,1790,40634,47014,1,1,1
3109,5477,234,137,51985,51640,2026,52393,60263,1,1,1
3110,55079,52180,232,141690,137042,6556,143491,257642,178,1,2
3111,14411,11683,175,176647,174332,8669,177373,212260,60,1,3
3112,4507,323,190,22052,21830,2089,22535,29555,1,1,1
3113,5756,627,195,37675,37343,2220,38179,46938,3,1,1
3114,12240,8837,198,75220,74123,5351,75979,102515,39,1,1
3115,17746,13092,198,111373,109610,3749,112242,147263,57,1,1
3116,17120,17562,181,110952,109006,2258,111953,149087,79,1,1
3117,28236,25310,211,114854,111467,2372,116213,172465,120,1,1
3118,13172,10927,192,89598,88071,2687,90427,117531,51,1,1
3119,7361,348,169,69064,68830,2535,69482,79850,1,1,1
3120,5277,222,138,57075,56876,1728,57425,64747,1,1,1
3121,25661,18033,166,48834,46858,1844,49566,95421,87,1,1
3122,18261,11506,134,41529,40100,1767,42111,73765,62,1,1
3123,3468,196,92,37422,37227,2858,37712,44335,1,1,1
3124,4340,210,101,37570,37362,1754,37888,44281,1,1,1
3125,41674,42756,108,119048,115009,2320,120107,206964,190,1,2
3126,8853,5592,106,61039,60192,9523,61486,85548,33,1,1
3127,4434,237,98,20359,20160,1736,20682,27179,1,1,1
3128,4169,201,98,25830,25623,1696,26141,32305,1,1,1
3129,19162,18347,97,71052,69056,2804,71697,112093,91,1,1
3130,8409,5002,105,80811,80037,1858,81240,96613,30,1,1
3131,12411,11639,110,96320,94862,1870,96941,122955,64,1,1
3132,48987,15728,152,105037,103358,29048,105784,199693,59,1,1
3133,20883,2771,111,44124,43524,16267,44535,84577,17,1,1
3134,13318,6113,167,43471,42528,18146,44007,81724,31,1,1
3135,36888,22078,172,103500,100867,9315,104564,173139,84,1,1
3136,19783,10364,156,83281,82161,2009,83957,116236,41,1,1
3137,6221,305,161,93668,93364,2150,94125,102933,1,1,1
3138,22553,15727,160,68270,66297,2351,69337,110279,63,1,1
3139,15717,10335,161,58283,56912,11675,59057,97085,43,1,1
3140,33481,37896,210,82537,79550,2969,84005,158629,134,1,1
3141,23577,29300,228,88422,85854,1520,89646,144162,110,1,1
3142,13768,11980,139,77001,75583,1759,77602,105206,65,1,1
3143,26987,28353,221,152756,149462,2424,154318,212449,110,1,1
3144,14440,13591,198,204793,202407,1958,205879,236216,57,1,2
3145,6344,1559,185,88738,88252,2308,89661,99996,6,1,1
3146,21704,21938,169,95251,92950,3255,96653,143704,83,1,1
3147,17009,15123,241,88518,86816,2703,89653,124764,67,1,1
3148,4828,278,110,38243,37976,1830,38613,45642,1,1,1
3149,41500,42391,108,118236,114199,4023,119235,207252,187,1,2
3150,9464,6398,105,91584,90527,6663,92034,114650,37,1,2
3151,4880,209,133,29110,28885,1821,29463,36474,1,1,1
3152,3942,197,94,26046,25815,1423,26343,31992,1,1,1
3153,4108,194,97,25279,25079,2313,25581,32297,1,1,1
3154,4451,210,102,24735,24531,2009,25043,31805,1,1,1
3155,18905,19953,145,79510,77353,3576,80224,122757,97,1,1
3156,8590,6508,103,55147,54224,3402,55600,74191,39,1,1
3157,18709,14945,116,71715,70106,3491,72318,109558,76,1,1
3158,7372,6671,180,61799,60819,4877,62351,81369,39,1,1
3159,12448,4385,102,72606,71895,1805,73017,91765,27,1,1
3160,9631,7784,139,63696,62550,1734,64241,83490,46,1,1
3161,4336,204,119,55748,55512,2279,56084,62994,1,1,1
3162,21639,20792,147,61564,59440,1741,62304,106578,102,1,1
3163,12115,12101,104,47834,46448,2379,48377,75065,64,1,1
3164,4724,198,102,58775,58553,1841,59098,65956,1,1,1
3165,4390,183,107,43447,43233,2375,43774,50822,1,1,1
3166,42029,36441,176,105440,102070,5896,106421,190899,163,1,2
3167,12816,21337,181,115744,114287,3380,116346,153974,56,1,3
3168,4315,247,100,19066,18856,1765,19391,25813,1,1,1
3169,19857,20930,104,79749,77650,1692,80436,123014,102,1,1
3170,9026,6169,135,52173,51290,1723,52667,69690,36,1,1
3171,11198,4459,99,58991,58290,29362,59392,104505,27,1,1
3172,21988,23592,139,67045,64680,1743,67834,115257,116,1,1
3173,12879,11546,104,58208,56802,1716,58752,84984,65,1,1
3174,4659,214,118,58379,58160,1727,58718,65424,1,1,1
3175,5944,200,119,56592,56381,1697,56923,64854,1,1,1
3176,18773,17690,140,47557,45729,1767,48239,86574,88,1,1
3177,13632,10553,137,39874,38552,1745,40437,66474,58,1,1
3178,13657,310,180,40023,39774,1827,40439,56336,2,1,1
3179,4234,212,99,36817,36618,1700,37137,43371,1,1,1
3180,10127,3700,132,62561,61898,16897,63004,93830,23,1,1
3181,6586,3321,99,60570,59978,23340,60972,94305,21,1,1
3182,4472,193,137,24063,23857,1780,24423,30968,1,1,1
3183,4321,207,97,19137,18918,1821,19448,25920,1,1,1
3184,17055,14498,104,81055,79410,3708,81640,117030,75,1,1
3185,5065,1106,95,71226,70887,1820,71570,79652,8,1,1
3186,15446,17418,99,101452,99539,1777,102082,136828,89,1,1
3187,5017,284,172,80137,79863,2172,80548,88142,1,1,1
3188,22973,25536,112,65556,63020,1891,66358,116867,120,1,1
3189,11037,9446,106,55181,53933,1703,55691,77972,54,1,1
3190,42789,40391,159,113874,110782,5245,114797,203358,145,1,2
3191,10331,8114,147,92785,91621,6743,93319,118607,46,1,2
3192,4200,197,124,25342,25130,1718,25687,31904,1,1,1
3193,19396,18264,128,80200,78282,1717,80883,120363,91,1,1
3194,11640,11934,200,78347,77195,1745,79080,104508,50,1,1
3195,5154,3775,163,60575,59930,4301,61081,74427,24,1,1
3196,10719,14385,145,99869,98732,24508,100387,150099,43,1,2
3197,17389,16668,104,58598,56712,3502,59228,96881,87,1,1
3198,4679,211,137,66637,66409,2615,67047,74652,1,1,1
3199,20691,20786,130,61871,59716,1738,62604,105930,103,1,1
3200,15425,15655,108,55278,53533,1771,55885,88830,82,1,1
3201,41280,42863,106,105284,101461,3850,106294,194389,189,1,2
3202,13211,9908,176,102058,100707,6127,102677,132027,53,1,2
3203,4456,423,97,51219,50860,1792,51532,58291,3,1,2
3204,26909,24729,135,77911,75436,1709,78696,132145,119,1,1
3205,7850,5631,100,71736,70902,1705,72169,87446,35,1,1
3206,43245,18547,154,60233,58303,23313,60942,146155,89,1,1
3207,16249,6360,101,59368,58461,2197,59813,84716,37,1,1
3208,12647,3538,108,40026,39445,14288,40431,70996,22,1,1
3209,21474,12017,108,68875,67464,8762,69434,111786,65,1,1
3210,9200,2249,189,59834,59350,1766,60305,73615,16,1,1
3211,4309,2998,121,49831,49190,4875,50262,62544,20,1,1
3212,13359,14761,126,55224,53744,1821,56164,86221,62,1,1
3213,5879,219,103,43853,43643,1711,44177,52080,1,1,1
3214,4443,351,95,36367,36104,1711,36680,43277,3,1,1
3215,41788,36874,110,103755,100292,17609,104676,201052,165,1,2
3216,12292,7429,183,94369,93199,7028,94976,121855,42,1,2
3217,4198,234,132,26309,26067,1781,26680,32986,1,1,1
3218,4268,199,103,18081,17861,1950,18401,24906,1,1,1
3219,26769,28200,110,83976,81234,1688,84779,141533,135,1,1
3220,11006,9072,100,79982,78796,2088,80547,102810,53,1,1
3221,17231,9201,107,64090,62984,1722,64594,92845,50,1,1
3222,21474,24822,127,68587,66129,1759,69395,117556,120,1,1
3223,11636,10224,104,57203,55957,1721,57727,81399,56,1,1
3224,4306,198,184,57467,57268,2021,57873,64491,1,1,1
3225,5501,207,140,56210,56015,1696,56581,64084,1,1,1
3226,22590,22810,161,46013,44009,1477,46758,93758,95,1,1
3227,8312,6222,104,36721,35839,1500,37166,53293,38,1,1
3228,4347,197,90,37156,36958,1761,37522,43914,1,1,1
3229,42662,23925,107,73793,71500,20996,74520,162195,113,1,1
3230,12478,10688,149,74990,73650,1516,75568,100352,60,1,1
3231,5705,246,158,35501,35240,2084,35908,44068,1,1,1
3232,29123,34185,320,125054,119633,2889,126670,193313,111,1,1
3233,12479,4735,187,65789,64942,1933,66334,85592,27,1,1
3234,14294,14237,146,86098,84334,1768,86777,117172,76,1,1
3235,1454,196,91,59796,59606,1010,60092,62839,1,1,1
3236,3835,199,95,526,361,4172,794,9080,1,1,1
3237,32752,37136,101,63713,60453,1755,64671,136403,166,1,1
3238,11407,9386,95,63695,62363,2840,64225,87969,53,1,1
3239,56387,54861,347,207874,202329,7182,209778,328701,172,1,2
3240,21717,20848,256,179327,176823,5624,180649,228984,80,1,2
3241,4449,336,123,45798,45609,2172,46185,53257,1,1,1
3242,4664,200,93,26465,26266,1784,26751,33497,1,1,1
3243,4100,331,101,25308,25062,2384,25643,32553,2,1,1
3244,26862,25428,165,81846,79177,1686,82678,136757,123,1,1
3245,11738,10315,102,72604,71387,3110,73115,98371,56,1,1
3246,5083,3570,103,66790,66084,4590,67202,80546,23,1,1
3247,12489,9381,96,90009,88810,2576,90550,115098,51,1,1
3248,9024,7530,99,70550,69518,1766,71037,89448,45,1,1
3249,8802,4046,99,84918,84245,1698,85337,99982,26,1,1
3250,7724,7909,161,63532,62511,4132,64237,84105,40,1,1
3251,14678,15573,117,65081,63349,2269,65756,98374,80,1,1
3252,4422,188,92,42098,41897,1667,42408,48785,1,1,1
3253,1377,654,107,27849,27551,11408,28193,41731,5,1,1
3254,26315,24217,104,73239,70828,5028,73979,129635,119,1,1
3255,14266,11464,110,91191,89690,6161,91733,123719,62,1,2
3256,4400,335,97,24267,24031,1700,24583,31111,3,1,1
3257,4376,212,105,25171,24972,1726,25498,31902,1,1,1
3258,21916,17834,203,90842,88737,2025,91602,133494,90,1,1
3259,15532,11936,199,137118,135365,2234,138030,168045,55,1,1
3260,13152,12781,165,120215,118537,5547,121046,152843,53,1,1
3261,17374,15486,199,106235,104302,2258,107327,142779,65,1,1
3262,6949,265,160,107624,107324,2118,108076,117745,1,1,1
3263,5733,196,147,101346,101062,2122,101788,110150,1,1,1
3264,18712,20742,153,56226,53931,1807,57001,98357,101,1,1
3265,13353,11307,152,44181,42757,1724,44776,71250,61,1,1
3266,4458,209,106,39077,38874,1755,39415,45938,1,1,1
3267,4662,197,101,37876,37681,1693,38183,44825,1,1,1
3268,41693,41419,150,101829,98337,5037,102787,191042,160,1,2
3269,4061,1563,98,73755,73189,15101,74170,95232,12,1,1
3270,5796,236,120,27427,27169,3148,27822,37132,1,1,1
3271,5395,196,140,47601,47348,1839,48012,55718,1,1,1
3272,4296,238,112,27100,26879,1762,27433,33826,1,1,1
3273,13568,11649,107,79980,78374,1863,80545,107724,62,1,2
3274,18491,12177,110,103779,102214,5622,104348,140734,63,1,2
3275,13718,12128,99,71765,70281,1719,72309,99960,66,1,1
3276,18544,6933,150,62209,61007,4777,62779,93164,42,1,1
3277,14937,11332,126,115757,114198,1783,116330,144490,61,1,2
3278,13848,13429,127,49555,48002,1713,50151,79241,69,1,1
3279,13934,13498,111,101533,99905,5339,102121,134984,71,1,2
3280,5763,559,218,42171,41848,2441,42676,51558,2,1,1
3281,42030,29212,105,75161,72423,23109,75976,170431,134,1,1
3282,19561,18484,104,75625,73655,1744,76281,116165,96,1,1
3283,12360,1263,104,65182,64788,1800,65582,81103,9,1,1
3284,5617,2751,96,50576,50057,5964,50958,65382,18,1,1
3285,19708,8790,140,64454,63291,4115,65007,97717,48,1,1
3286,20980,23049,128,77985,75656,4452,78726,127306,111,1,1
3287,3688,201,90,54674,54463,2078,54970,61035,1,1,1
3288,32722,23202,160,63214,60857,2653,64024,122703,113,1,1
3289,10867,9815,183,65297,64062,1745,66084,88617,54,1,1
3290,42171,35789,104,113475,110247,6971,114387,199423,156,1,2
3291,12066,8640,107,98854,97650,7742,99392,127941,47,1,2
3292,2643,196,95,36783,36580,2653,37090,42673,1,1,1
3293,4139,195,96,23702,23519,1724,23998,30146,1,1,1
3294,19910,16740,112,85900,84019,1778,86538,125068,86,1,1
3295,12543,12191,120,73554,72091,2087,74155,101064,67,1,1
3296,3072,2292,155,52529,52055,1002,52965,59435,13,1,1
3297,36039,27861,157,66472,63809,1720,67317,133027,134,1,1
3298,11666,11517,134,76494,75085,1731,77089,102107,65,1,1
3299,4316,335,101,63207,62961,2505,63543,70794,2,1,1
3300,19737,18244,206,61050,59151,1742,61831,101657,91,1,1
3301,12659,12238,102,44257,42884,1807,44797,71592,65,1,1
3302,4754,198,96,41107,40913,1854,41415,48316,1,1,1
3303,41992,34613,127,106663,103450,7730,107581,192021,154,1,2
3304,10681,5867,106,122611,121526,1875,123102,141622,35,1,3
3305,4910,291,95,18893,18647,1703,19197,26197,2,1,1
3306,4313,202,100,25773,25563,1765,26088,32457,1,1,1
3307,4279,198,100,25409,25216,1704,25733,32003,1,1,1
3308,13735,13435,112,77134,75576,1760,77725,106758,72,1,1
3309,9689,8744,154,78973,77727,1742,79534,99809,51,1,1
3310,16773,18856,203,71198,69183,1766,71975,109472,94,1,1
3311,6648,4949,143,60599,59777,3292,61089,76079,32,1,1
3312,12626,3084,100,58472,57945,3490,58851,78142,19,1,1
3313,4604,197,93,54874,54667,1685,55173,61745,1,1,1
3314,31611,17364,160,54760,52849,1851,55472,106397,87,1,1
3315,12724,11798,99,41309,39882,1700,41853,68169,65,1,1
3316,1592,193,96,42934,42745,2886,43237,47999,1,1,1
3317,4324,185,89,35121,34933,1747,35403,41756,1,1,1
3318,42536,31791,105,97830,94694,6442,98671,179537,146,1,2
3319,12521,3798,105,58849,58229,14050,59249,89708,24,1,1
3320,1623,203,133,19089,18875,2578,19435,23935,1,1,1
3321,3962,196,99,23261,23062,2253,23574,30079,1,1,1
3322,5002,200,101,25026,24828,1491,25340,32123,1,1,1
3323,13802,13412,105,52185,50679,4392,52762,84459,71,1,1
3324,13568,11443,125,65771,64433,1802,75737,102649,61,1,1
3325,16423,17999,99,79322,77384,3461,79965,117943,94,1,1
3326,7152,6654,131,56257,55352,4511,56768,75182,38,1,1
3327,4546,186,90,51952,51767,1799,52260,58883,1,1,1
3328,13509,15054,101,56077,54457,2017,56669,87337,79,1,1
3329,11400,572,124,57475,57204,2218,57836,72132,4,1,1
3330,14542,12889,108,40537,39079,1750,41114,70403,69,1,1
3331,17440,19121,152,113156,111076,4371,113867,154904,95,1,2
3332,4290,190,120,43867,43665,1727,44201,50509,1,1,1
3333,4259,199,102,37647,37446,1680,37957,44182,1,1,1
3334,41471,28523,108,72748,70084,28523,73560,172177,135,1,1
3335,12813,10003,190,83438,82228,1810,84151,108907,51,1,1
3336,3485,2818,185,85661,85060,1041,86149,93603,19,1,1
3337,29426,26451,101,112581,109937,1787,113336,171106,125,1,2
3338,15544,10231,100,62544,61338,9025,63057,97953,56,1,1
3339,8625,2687,96,83505,83008,1804,83946,97174,17,1,1
3340,8673,8986,107,53947,52837,4577,54456,76787,49,1,1
3341,9804,16647,106,58762,57694,1765,59247,87563,45,1,1
3342,41250,39198,108,105868,102414,6474,106822,193849,170,1,2
3343,13139,11451,195,90506,89080,7359,91144,123193,60,1,2
3344,3763,197,97,23559,23338,2038,23871,29960,1,1,1
3345,4252,205,102,24899,24698,1741,25212,31513,1,1,1
3346,28797,28510,105,80095,77354,1707,80913,140030,139,1,1
3347,10245,6083,104,61253,60342,3974,61703,82094,38,1,1
3348,13104,11392,197,70595,69245,1778,71234,97613,62,1,1
3349,3586,2733,97,53211,52682,5641,53596,65656,18,1,1
3350,11520,5098,105,59487,58781,1734,59901,78341,29,1,1
3351,10378,8117,102,66461,65377,2157,66954,87702,49,1,1
3352,5672,330,188,62537,62293,1780,62961,70851,2,1,1
3353,21339,24105,107,56267,53941,1725,57022,104299,116,1,1
3354,12029,12703,101,48793,47338,2764,49355,76944,68,1,1
3355,4181,204,101,36705,36500,2286,37024,43800,1,1,1
3356,4760,196,122,34338,34137,1703,34678,41431,1,1,1
3357,41377,32627,106,74674,71708,17771,75535,167418,150,1,1
3358,14981,6852,179,32794,31874,1828,33323,57089,39,1,1
3359,9328,3329,99,86841,86150,12997,87218,112963,21,1,2
3360,4291,201,132,25803,25596,1753,26169,32558,1,1,1
3361,20745,19911,108,86059,84005,1803,86753,129315,99,1,1
3362,13353,5068,101,90672,89766,3406,91102,113023,31,1,2
3363,11876,9979,202,76723,75494,2123,77345,101432,56,1,1
3364,3621,2849,101,57313,56709,5600,57705,69873,20,1,1
3365,10609,6925,174,62419,61472,1712,62950,82294,41,1,1
3366,13743,14941,99,59408,57750,2540,60012,91340,79,1,1
3367,6336,203,95,71929,71732,1730,72281,80639,1,1,1
3368,5142,340,96,55645,55408,1698,55964,63233,3,1,1
3369,18102,15976,110,44223,42483,1781,44860,80820,83,1,1
3370,10089,8909,93,36914,35781,2420,37395,58915,51,1,1
3371,4431,194,96,36355,36159,1687,36653,43055,1,1,1
3372,4163,198,120,36814,36613,1700,37153,43312,1,1,1
3373,40793,44862,152,97211,93907,6722,98164,190640,159,1,2
3374,6929,2771,109,59345,58835,14218,59742,83753,18,1,1
3375,4099,191,324,18479,18273,1693,19026,25112,1,1,1
3376,4248,199,103,22332,22135,1717,22649,28907,1,1,1
3377,19430,20513,102,55591,53544,3430,56263,99725,100,1,1
3378,12137,9773,103,63625,62441,1674,64133,87798,55,1,1
3379,18145,16122,156,59373,57675,5798,60041,100208,82,1,1
3380,11701,8427,106,59430,58380,1733,59919,81871,48,1,1
3381,23344,27390,136,66223,63675,1731,67043,119610,128,1,1
3382,12624,11637,102,56305,54938,1700,56847,82900,65,1,1
3383,6496,201,130,58034,57841,1713,58385,66899,1,1,1
3384,12644,10620,104,38687,37403,1720,39227,64308,59,1,1
3385,14130,13368,108,98838,97185,6757,99429,133775,71,1,2
3386,4228,195,101,36985,36780,1757,37310,43583,1,1,1
3387,34618,32995,112,83531,80424,1817,84426,153962,157,1,1
3388,10107,9179,202,69836,68715,3731,70438,93555,51,1,1
3389,4722,3436,116,51341,50705,5284,51762,65302,23,1,1
3390,18786,9343,148,83211,82104,4593,83966,116796,46,1,1
3391,12227,11160,108,83894,82467,1836,84495,109822,60,1,1
3392,4430,197,90,55172,54969,1724,55478,61920,1,1,1
3393,19338,20350,129,62002,59908,2593,62731,105115,102,1,1
3394,18695,21077,106,57505,55381,2045,58193,100105,104,1,1
3395,4197,206,102,34897,34691,1732,35208,41438,1,1,1
3396,41429,34619,138,113994,110805,6754,114908,197821,153,1,2
3397,13536,10397,103,123156,121708,7057,123685,154780,56,1,3
3398,4521,203,99,26884,26687,1714,27185,33717,1,1,1
3399,4119,198,94,24461,24256,1739,24767,30912,1,1,1
3400,4078,205,99,25040,24845,1690,25343,31408,1,1,1
3401,17212,14982,101,72328,70659,3385,72924,108595,79,1,1
3402,9332,8098,151,72037,70969,2501,72570,92593,47,1,1
3403,5556,4285,116,55097,54383,5149,55530,70616,27,1,1
3404,16210,7514,96,58679,57751,1690,59119,84628,40,1,1
3405,10541,9794,104,71798,70544,1756,72351,94534,55,1,1
3406,4674,198,102,56652,56453,1719,56976,63657,1,1,1
3407,19516,20189,110,57974,55923,1697,58677,100180,101,1,1
3408,13497,14175,97,49204,47635,2220,49782,79769,75,1,1
3409,4414,196,92,41471,41251,2037,41767,48503,1,1,1
3410,4357,197,99,41477,41301,1737,41787,48165,1,1,1
3411,41196,41282,144,107399,103729,6959,108410,197949,179,1,2
3412,10957,6197,105,83323,82356,6186,83759,107192,35,1,2
3413,6894,344,123,28212,27982,1483,28571,37385,2,1,1
3414,4690,313,97,17625,17401,1392,17953,24445,3,1,1
3415,24407,22031,113,80430,78210,2010,81151,129701,109,1,1
3416,12147,10932,189,77559,76229,1659,78184,103023,61,1,1
3417,23658,23530,139,67666,65316,1791,68451,117529,116,1,1
3418,6891,4673,96,97458,96585,2224,97872,111749,30,1,2
3419,16822,15069,167,46530,44877,2830,47199,82025,78,1,1
3420,6430,201,102,56914,56715,1760,57231,65714,1,1,1
3421,19229,17132,110,43853,42052,1691,44497,82650,86,1,1
3422,10106,8949,101,37368,36210,2235,37870,59254,52,1,1
3423,4464,300,106,37187,36948,1664,37513,44036,2,1,1
3424,4241,198,104,36569,36367,1804,36899,43232,1,1,1
3425,41169,33779,137,75034,71974,25124,75957,176131,155,1,1
3426,4713,2247,98,57784,57307,16960,58169,82173,16,1,1
3427,4502,196,92,21897,21661,1693,22198,28672,1,1,1
3428,4467,213,103,18556,18346,1729,18871,25366,1,1,1
3429,8746,6622,101,51440,50487,4210,51882,71551,38,1,1
3430,14989,8706,98,111100,109914,6763,111585,142143,47,1,2
3431,15453,13214,201,96146,94646,5836,96816,131411,70,1,1
3432,8126,3615,97,72890,72285,2068,73276,87173,23,1,1
3433,7270,5395,104,45580,44757,4058,46029,62852,33,1,1
3434,9486,4136,99,40294,39620,1723,40703,56145,27,1,1
3435,11312,10367,100,56613,55348,1692,57130,80594,58,1,1
3436,6161,200,132,58265,58062,1730,58608,66796,1,1,1
3437,8357,333,101,50846,50565,34269,51165,94219,3,1,1
3438,27055,3989,103,24404,23766,24409,24817,80366,24,1,1
3439,26428,6501,101,28579,27709,7356,29021,69405,37,1,1
3440,14459,12757,111,258844,257262,10504,259405,297218,68,1,2
3441,4348,203,99,24936,24727,2164,25255,32064,1,1,1
3442,25942,19962,146,78544,76513,1714,79260,126984,97,1,1
3443,11407,10122,109,72730,71461,1750,73254,96626,58,1,1
3444,8030,5941,105,52763,51885,4646,53221,71941,35,1,1
3445,9298,6980,95,124588,123470,26645,125096,168121,42,1,2
3446,15840,14737,106,61336,59709,3549,61933,96156,77,1,1
3447,4312,199,96,55743,55546,1727,56054,62389,1,1,1
3448,17413,17091,133,57849,55992,1694,58520,94823,89,1,1
3449,14034,13353,104,54026,52535,2520,54586,84590,70,1,1
3450,5490,199,188,41807,41597,1684,42207,49677,1,1,1
3451,42017,40230,126,102272,98736,3307,103247,188902,176,1,2
3452,11336,7478,104,93011,91890,6482,93480,118871,43,1,2
3453,5085,298,94,50942,50631,1722,51244,58439,2,1,2
3454,7227,5629,101,43829,42993,6230,44290,63471,34,1,1
3455,15143,14434,156,66482,64962,2261,67111,99056,72,1,1
3456,13484,13657,101,75588,74072,1671,76161,105062,73,1,1
3457,376,212,126,24542,24332,1004,24884,26578,1,1,1
3458,31052,30864,103,80063,77188,1687,80896,144590,144,1,1
3459,10633,8700,201,69208,68067,2238,69811,91474,51,1,1
3460,4783,198,93,62265,62048,1677,62569,69320,1,1,1
3461,4274,208,100,60624,60450,1788,60925,67282,1,1,1
3462,19267,19215,110,53476,51459,1744,54164,94488,97,1,1
3463,13479,12955,108,42226,40780,2834,42792,72158,69,1,1
3464,6062,203,134,42862,42659,1771,43207,51343,1,1,1
3465,4267,321,100,35255,35014,1690,35568,41937,3,1,1
3466,41073,38054,132,101503,98058,4335,102456,186023,169,1,2
3467,12881,8037,115,86207,85046,5111,86695,112814,46,1,2
3468,4442,200,120,24934,24705,1715,25272,31722,1,1,1
3469,4310,200,101,18007,17811,1684,18314,24601,1,1,1
3470,22141,33198,296,80588,78387,2156,82065,139676,108,1,1
3471,8829,7186,102,76264,75301,1682,76740,94528,43,1,1
3472,2459,1998,97,50094,49630,942,50460,55959,14,1,1
3473,29482,28219,156,70943,68271,1711,71856,131372,135,1,1
3474,9227,7255,102,58963,57943,2142,59440,78155,44,1,1
3475,4131,199,104,56073,55871,1686,56396,62502,1,1,1
3476,5671,201,104,57333,57142,1737,57651,65364,1,1,1
3477,16807,17404,108,42970,41125,1714,43615,79640,88,1,1
3478,7450,5593,102,88537,87553,1677,89021,103833,35,1,2
3479,42173,26812,106,73233,70692,27488,74013,170593,125,1,1
3480,11416,8463,100,72721,71627,1769,73217,94958,49,1,1
3481,4309,199,97,23001,22757,1700,23330,29633,1,1,1
3482,27273,23990,109,94546,92183,1754,95335,148462,118,1,1
3483,10923,11214,101,75690,74344,2145,76230,100607,62,1,1
3484,4713,202,96,59323,59130,1688,59627,66318,1,1,1
3485,4309,206,100,52735,52528,1684,53062,59367,1,1,1
3486,3874,1820,97,44629,44200,5757,44982,56533,13,1,1
3487,13992,12028,112,67683,66296,1749,68285,96150,64,1,1
3488,8227,6895,95,53345,52368,2913,53812,71937,41,1,1
3489,8158,4102,105,102485,101652,14880,102908,130147,26,1,2
3490,13944,12094,103,99610,98102,6379,100149,132654,63,1,2
3491,5143,205,92,42237,42008,1750,42527,49714,1,1,1
3492,4176,195,91,40522,40329,1713,40929,47109,1,1,1
3493,4135,195,102,24975,24770,1686,25289,31400,1,1,1
3494,28940,24801,109,80144,77710,1688,80900,136435,121,1,1
3495,7457,5899,186,46720,45844,4360,47256,65071,36,1,1
3496,24393,20259,103,68628,66600,3043,69302,117275,99,1,1
3497,7202,6593,103,81534,80569,4510,82036,100448,39,1,1
3498,10447,10082,111,67974,66724,2460,68512,91592,57,1,1
3499,4211,198,100,54454,54225,1806,54850,61158,1,1,1
3500,4392,199,103,54507,54279,1705,54831,61221,1,1,1
3501,25200,26994,216,65359,63049,1797,66717,121010,110,1,1
3502,16171,18129,163,58419,56484,2190,59121,95708,92,1,1
3503,4360,196,103,44300,44101,1879,44628,51158,1,1,1
3504,41386,43023,110,104074,100267,5007,105077,194588,188,1,2
3505,13643,10527,102,92622,91229,6047,93155,123474,56,1,2
3506,4923,210,138,25538,25341,1756,25890,32878,1,1,1
3507,4080,198,100,25231,25046,1734,25545,31651,1,1,1
3508,19951,20101,135,77108,75045,1713,77815,119681,100,1,1
3509,9613,8800,94,74036,72923,2127,74531,95153,50,1,1
3510,17064,17177,105,86423,84622,2035,87106,123485,87,1,1
3511,11681,12234,203,62304,60875,1913,62957,88875,66,1,1
3512,2700,203,103,63320,63102,2869,63636,69504,1,1,1
3513,4894,196,96,55484,55310,1748,55784,62709,1,1,1
3514,42603,11860,104,40221,38854,38446,40769,133775,63,1,1
3515,21235,4980,136,42888,42135,5001,43352,74665,30,1,1
3516,6880,1552,96,24927,24507,13541,25283,47348,13,1,1
3517,16291,7320,107,45454,44525,9599,45920,79227,41,1,1
3518,23031,11162,104,36997,35718,1751,37521,73557,59,1,1
3519,4294,300,99,36786,36531,1744,37107,43546,2,1,1
3520,42214,28185,115,99346,96496,18751,100147,189404,131,1,2
3521,6057,3548,98,72303,71684,16676,72750,99121,23,1,1
3522,5600,202,95,18624,18424,1678,18929,26495,1,1,1
3523,4585,347,90,21536,21288,2171,21835,29028,3,1,1
3524,4583,200,100,25380,25177,1696,25704,32278,1,1,1
3525,6230,1410,116,72346,71821,1772,72717,82219,10,1,2
3526,12039,3321,107,65288,64666,19180,65689,100324,22,1,1
3527,8995,7268,107,50094,49128,1753,50568,68678,42,1,1
3528,8855,5036,100,58962,58223,26932,59393,100312,31,1,1
3529,14827,14373,140,63482,61902,1977,64106,95387,73,1,1
3530,12743,12407,130,59424,57970,1775,60035,87052,68,1,1
3531,4625,216,116,57745,57537,1701,58077,64720,1,1,1
3532,19159,18638,107,43284,41340,1723,43956,83580,93,1,1
3533,16451,18420,192,102408,100362,4032,103154,142160,90,1,2
3534,4302,202,123,59231,58967,3695,59613,67933,1,1,1
3535,42079,29503,133,75015,72193,23706,75892,171272,136,1,1
3536,16845,15734,101,75257,73551,1758,75869,110300,83,1,1
3537,4490,329,133,25307,25046,1738,25675,32329,3,1,1
3538,21551,20908,103,85134,82918,2368,85835,130762,104,1,1
3539,9078,7601,94,59169,58137,1740,59639,78147,46,1,1
3540,11266,5432,93,71629,70837,1922,72121,90842,32,1,1
3541,23339,26909,182,63015,60446,1784,63888,116023,129,1,1
3542,10547,9299,107,55308,54179,2947,55810,78693,51,1,1
3543,41915,38230,118,111547,108042,4787,112495,197527,169,1,2
3544,14186,13668,214,100990,99370,5485,101886,135337,66,1,2
3545,3956,191,97,36564,36357,3056,36873,44157,1,1,1
3546,4129,202,95,23725,23547,1753,24012,30185,1,1,1
3547,23127,21394,114,79592,77376,1802,80307,126730,107,1,1
3548,11750,9990,100,70924,69720,3433,71438,96708,56,1,1
3549,20862,21087,166,86265,84096,2326,87044,131422,105,1,1
3550,9198,7010,118,75526,74523,1728,76014,94049,43,1,1
3551,5095,198,107,69604,69399,1774,69922,77080,1,1,1
3552,4301,194,93,73466,73268,1773,73816,80175,1,1,1
3553,22948,27383,127,61329,58268,3149,62176,115799,129,1,1
3554,9890,7665,115,50485,49445,2563,50967,71175,43,1,1
3555,4203,1222,98,77154,76650,1752,77510,84778,9,1,2
3556,41544,41441,130,101234,97437,3702,102235,189025,183,1,2
3557,12417,8432,201,96817,95620,5746,97410,124108,47,1,2
3558,4516,202,98,25018,24811,1805,25321,31936,1,1,1
3559,4125,197,103,25243,25050,1780,25559,31751,1,1,1
3560,24088,24816,110,78943,76538,1783,79701,130484,120,1,1
3561,10820,9693,95,76955,75734,1718,77466,99789,56,1,1
3562,15497,13872,136,60036,58454,1713,60663,91846,73,1,1
3563,15663,7935,101,87194,86070,11133,87675,122499,45,1,2
3564,10582,7340,100,47063,46123,7125,47529,72670,41,1,1
3565,7216,2442,96,69778,69273,1783,70200,81736,17,1,1
3566,6462,5587,104,48163,47308,3946,48623,64714,35,1,1
3567,13837,12944,96,40816,39348,2167,41369,70413,69,1,1
3568,5415,213,114,43087,42882,1741,43408,50867,1,1,1
3569,4387,196,89,35391,35201,1679,35674,42024,1,1,1
3570,2228,394,124,78992,78617,12895,79343,94956,3,1,2
3571,8251,3506,99,60154,59546,21003,60552,93403,22,1,1
3572,4444,203,173,18210,18000,1965,18590,25296,1,1,1
3573,4410,202,98,22730,22517,1828,23035,29569,1,1,1
3574,4094,200,104,25314,25106,1696,25622,31703,1,1,1
3575,16909,17517,106,72949,71121,3587,73585,111686,89,1,1
3576,9069,4377,97,63755,63054,1719,64165,79424,28,1,1
3577,15274,16815,99,75152,73413,2147,75777,110111,85,1,1
3578,4442,343,188,61847,61603,1704,62261,68848,3,1,1
3579,9766,7763,125,57220,56176,3800,57722,79149,45,1,1
3580,11520,10519,111,55516,54185,1784,56101,80017,60,1,1
3581,7732,542,96,57052,56755,1711,57384,67464,4,1,1
3582,13010,10486,103,39185,37933,1692,39735,65020,58,1,1
3583,12460,11009,132,106235,104772,6198,106798,136568,60,1,2
3584,4485,205,119,44025,43828,1812,44362,50962,1,1,1
3585,4611,206,103,36996,36795,1699,37316,43920,1,1,1
3586,42065,33630,110,74408,71367,15162,75293,166253,155,1,1
3587,13509,13854,156,74545,72951,2594,75189,105234,74,1,1
3588,21795,25051,212,79468,77012,1720,80331,128997,119,1,1
3589,10420,9997,132,74602,73369,2450,75158,98130,56,1,1
3590,4441,199,97,54573,54360,2837,54883,62468,1,1,1
3591,26988,22140,139,140392,137886,1819,141149,192194,110,1,2
3592,9294,5352,104,45475,44675,6236,45915,66889,33,1,1
3593,4352,198,92,35175,34977,1764,35468,41867,1,1,1
3594,42353,28553,104,103848,101119,10470,104639,186115,129,1,2
3595,11199,2400,151,85481,84803,9224,85925,108852,16,1,2
3596,4187,194,95,23692,23499,1738,23995,30204,1,1,1
3597,4353,197,99,25265,25054,1695,25566,31901,1,1,1
3598,20777,16391,103,78304,76552,1728,78932,117925,84,1,1
3599,11963,10305,99,70954,69655,1742,71480,95584,59,1,1
3600,8831,7751,138,63240,62199,5029,63766,85481,45,1,1
3601,18690,5523,100,59885,59124,1912,60305,86529,32,1,1
3602,9265,7650,105,66699,65637,1752,67184,85943,46,1,1
3603,4200,201,97,62800,62594,1906,63111,69510,1,1,1
3604,20732,23294,166,53620,51326,1464,54421,100017,113,1,1
3605,15946,16902,104,47516,45710,1545,48137,82627,87,1,1
3606,4484,197,134,37207,36992,2135,37560,44478,1,1,1
3607,4496,201,102,35108,34915,1984,35431,42200,1,1,1
3608,41821,41331,127,105492,101791,3900,106497,193674,181,1,2
3609,16338,13275,157,88559,86947,4922,89186,123821,71,1,2
3610,4863,200,106,28342,28142,1744,28663,35566,1,1,1
3611,4189,196,91,17461,17256,1713,17748,23935,1,1,1
3612,4247,363,101,25919,25675,1722,26250,32674,3,1,1
3613,24040,24649,105,82208,79756,1698,82967,133455,121,1,1
3614,11805,10639,105,72927,71644,2842,73449,98832,59,1,1
3615,4840,3634,139,51976,51348,3506,52433,64513,24,1,1
3616,10300,7211,98,60958,60001,2178,61414,81197,42,1,1
3617,8678,6181,92,112311,111291,1780,112750,129479,37,1,2
3618,4471,193,98,55868,55679,1424,56181,62358,1,1,1
3619,20429,20893,143,46384,44265,2646,47119,91190,103,1,1
3620,10115,7454,101,37337,36316,1688,37817,57169,45,1,1
3621,4678,198,92,35601,35418,1891,35902,42757,1,1,1
3622,4524,325,104,36983,36748,1517,37316,43776,2,1,1
3623,41931,34705,133,106472,103188,6109,107398,190255,157,1,2
3624,6349,2577,147,71657,70857,16038,72118,97188,17,1,1
3625,5271,397,159,25878,25651,1870,26495,34157,1,1,1
3626,4247,208,107,26840,26638,1710,27175,33477,1,1,1
3627,13432,12091,104,69566,68055,4379,70107,100106,64,1,1
3628,10027,4414,114,58613,57889,1727,59064,75329,27,1,1
3629,15835,16723,103,77066,75187,1719,77695,112069,88,1,1
3630,20186,19166,149,64118,62064,1768,64847,106071,97,1,1
3631,10893,9282,140,121417,120071,1710,121978,143962,54,1,2
3632,15891,7772,103,57865,56873,1697,58340,83794,44,1,1
3633,9260,209,101,56272,56077,1678,56599,67838,1,1,1
3634,13758,13588,137,41810,40321,2420,42422,72291,70,1,1
3635,14806,13721,103,99208,97559,6301,99772,134692,70,1,2
3636,4427,209,119,37966,37757,2013,38305,45048,1,1,1
3637,8992,4160,101,71260,70581,1686,71679,86610,27,1,1
3638,11859,12043,106,73892,72480,2144,74456,100591,67,1,1
3639,22954,22989,147,84071,81791,2014,84855,132915,112,1,1
3640,7758,617,100,98769,98357,1740,99122,109328,5,1,2
3641,15707,12780,123,69764,68282,8253,70361,107187,70,1,1
3642,8508,3339,148,65053,64463,1723,65501,79172,22,1,1
3643,19720,21920,101,59130,56939,1784,59846,103370,108,1,1
3644,12498,11190,123,51302,50014,2538,51859,78184,59,1,1
3645,4367,199,98,35752,35545,2248,36058,42974,1,1,1
3646,41705,42875,110,128196,124386,2044,129243,215971,188,1,2
3647,15063,12112,107,123675,122091,3203,124222,154696,64,1,3
3648,5169,212,126,30196,29989,1784,30570,37832,1,1,1
3649,4452,197,101,24397,24196,1703,24713,31198,1,1,1
3650,4088,204,97,24630,24435,1771,24930,31085,1,1,1
3651,10056,6670,94,43367,42481,5153,43804,65773,38,1,1
3652,13410,10842,100,65151,63826,1738,65671,91753,60,1,1
3653,14206,11668,166,74596,73212,1691,75209,102870,64,1,1
3654,22850,23157,106,71501,69189,1779,72241,120128,114,1,1
3655,9541,8900,105,60221,59104,1713,60718,80963,51,1,1
3656,5356,241,155,73462,73229,1860,73905,81481,1,1,1
3657,4082,211,101,55562,55369,1708,55897,61989,1,1,1
3658,21977,20568,177,59838,57768,1813,60602,105061,101,1,1
3659,11700,10488,105,48580,47289,1739,49108,73140,59,1,1
3660,4586,197,104,43586,43389,1684,43908,50464,1,1,1
3661,4313,204,96,42834,42654,1671,43133,49409,1,1,1
3662,6033,3692,102,107613,106818,12751,108065,130639,24,1,2
3663,13440,9434,108,88422,87170,5774,88941,117681,51,1,2
3664,5704,199,101,35083,34875,1863,35399,43264,1,1,1
3665,4119,188,94,18064,17874,2044,18352,24795,1,1,1
3666,22358,21648,104,105941,103593,2446,106652,153200,108,1,2
3667,11980,11811,98,93305,91924,1736,93902,119526,64,1,1
3668,42704,10296,113,73934,72250,28841,74509,156448,52,1,1
3669,25924,6700,123,70673,69780,17105,71169,121164,35,1,1
3670,7077,199,97,57696,57507,2401,58009,67775,1,1,1
3671,9579,4573,112,44428,43704,15494,44930,74677,28,1,1
3672,20432,4748,102,36634,35873,10587,37056,72919,29,1,1
3673,26309,13771,102,73120,71635,5309,73679,119161,69,1,1
3674,7930,218,100,59064,58840,3098,59389,70727,1,1,1
3675,16170,15691,104,51573,49876,1714,52179,85871,79,1,1
3676,12081,11392,101,38963,37582,1839,39500,64907,62,1,1
3677,4273,204,103,36694,36477,1691,37007,43271,1,1,1
3678,4147,192,127,37403,37206,2226,37749,44422,1,1,1
3679,41753,28397,119,73533,70896,30956,74347,175561,131,1,1
3680,7551,4287,116,61529,60804,16405,61970,90304,27,1,1
3681,4538,289,112,23459,23220,1933,23776,30640,2,1,1
3682,4335,196,98,25416,25186,2602,25724,33013,1,1,1
3683,4728,1957,97,48645,48136,6493,49016,62281,14,1,1
3684,12332,8144,101,92045,90883,1816,92596,114984,47,1,1
3685,11821,10124,96,89162,87947,1752,89671,113463,56,1,1
3686,4256,354,181,68347,68092,2211,68751,75673,3,1,1
3687,7555,5938,126,59583,58674,4788,60081,78501,35,1,1
3688,14436,14707,106,69463,67849,1848,70104,101197,77,1,1
3689,8626,249,104,56890,56697,1785,57223,67977,1,1,1
3690,14376,11204,161,40083,38781,2158,40673,68517,59,1,1
3691,16237,15595,156,95105,93264,6291,95781,134001,79,1,2
3692,4113,201,97,25026,24815,1702,25328,31435,1,1,1
3693,32305,18468,155,78603,76715,1680,79320,131885,90,1,1
3694,9764,6339,95,69279,68384,1691,69720,87605,38,1,1
3695,22325,22191,111,83463,81247,1735,84195,130547,109,1,1
3696,12810,1388,101,81703,81322,1737,82094,98127,10,1,1
3697,12327,12771,102,68328,66875,1764,68880,95837,68,1,1
3698,4239,196,99,55450,55256,1901,55771,62200,1,1,1
3699,18463,20032,117,61561,59488,1706,62260,102570,101,1,1
3700,9836,8617,103,57861,56408,4148,58424,81153,49,1,1
3701,5068,242,184,49082,48815,2442,49523,57401,1,1,1
3702,51646,39214,276,157123,153159,7992,158642,257867,154,1,2
3703,15262,8276,170,142207,140517,9217,142882,175931,38,1,2
3704,6327,331,150,42319,41983,2247,42778,51994,1,1,1
3705,6952,551,150,42147,41814,2159,42612,52581,3,1,1
3706,40520,38982,218,136961,133644,2102,138743,220663,134,1,1
3707,12772,9433,148,108054,106724,2087,108790,133247,46,1,1
3708,30750,27191,296,129242,126293,2524,130927,191744,98,1,1
3709,27152,13881,224,206248,204087,12421,207257,260894,55,1,2
3710,15508,6610,176,101481,100444,2625,102218,127262,27,1,1
3711,26324,24633,164,103885,101144,2384,105107,158796,93,1,1
3712,18536,17904,154,71237,69210,3313,72257,112143,70,1,1
3713,6805,301,152,70774,70463,2206,71233,80707,1,1,1
3714,6669,271,148,62473,62181,2182,62912,72172,1,1,1
3715,13936,9512,260,149802,148321,11575,150686,185853,41,1,2
3716,16690,8692,138,120144,118884,5291,120819,151763,40,1,2
3717,1695,226,229,28767,28539,2581,29254,33840,1,1,1
3718,4312,207,95,18903,18680,1787,19221,25616,1,1,1
3719,21896,21052,109,84075,81740,2251,84776,130090,104,1,1
3720,10752,10518,106,79425,78125,1692,79962,103026,58,1,1
3721,24738,26347,160,84786,81783,2299,85713,139242,127,1,1
3722,12117,10902,152,64718,63281,1858,65324,90305,60,1,1
3723,4332,205,95,58245,58046,2265,58559,65456,1,1,1
3724,5979,198,125,57123,56923,1686,57473,65430,1,1,1
3725,17966,14948,162,42994,41319,1808,43662,78488,76,1,1
3726,4991,1419,95,67937,67341,1969,68305,76797,10,1,2
3727,17970,11129,125,38281,36908,4196,38848,72247,60,1,1
3728,42170,45677,165,78656,75349,15732,79622,183319,161,1,1
3729,16904,16320,112,91024,88897,2318,91710,127376,87,1,1
3730,4626,207,143,27033,26782,1778,27402,34114,1,1,1
3731,19540,20602,116,72354,70206,1738,73048,115035,101,1,1
3732,13407,7293,106,91378,90285,3072,91842,115707,40,1,2
3733,16058,14908,103,71731,70023,2796,72339,106196,79,1,1
3734,10351,9380,144,56956,55753,4257,57513,81603,52,1,1
3735,13703,13749,109,54845,53337,2194,55415,85157,71,1,1
3736,41765,36723,138,123101,119704,4603,124051,207246,165,1,2
3737,11119,9850,110,116232,114911,6601,116802,144471,54,1,2
3738,4831,373,100,43963,43716,1737,44301,51327,3,1,1
3739,4137,295,89,26848,26619,1749,27147,33418,3,1,1
3740,4040,303,108,24840,24613,1772,25171,31380,3,1,1
3741,24443,22800,107,77630,75384,2393,78377,128117,113,1,1
3742,10604,8759,100,59917,58843,3082,60420,82956,48,1,1
3743,17508,14994,113,81792,80205,3537,82405,118546,76,1,1
3744,2673,860,103,61258,60932,16787,61610,82029,7,1,1
3745,28916,17977,104,66973,65102,10282,67607,124877,89,1,1
3746,7355,3260,98,56772,56195,1704,57175,69587,22,1,1
3747,9203,4403,105,52278,51575,10443,52694,76834,28,1,1
3748,19680,12697,108,68380,66980,5692,68940,107101,65,1,1
3749,8094,2570,147,64877,64374,2645,65319,78723,17,1,1
3750,22219,23416,107,60819,58528,1749,61550,109037,114,1,1
3751,14130,13821,115,54466,52942,2717,55053,85814,72,1,1
3752,4480,198,103,43080,42872,1711,43401,49896,1,1,1
3753,42383,37098,111,110851,107499,6120,111858,197559,164,1,2
3754,18630,15734,102,88537,86740,5880,89143,129482,80,1,2
3755,4306,204,128,26581,26380,1809,26936,33355,1,1,1
3756,23308,19963,146,77978,75922,2192,78698,124255,98,1,1
3757,10824,20443,187,75898,74726,1701,76695,109765,53,1,1
3758,1660,847,107,61873,61547,1000,62226,65831,7,1,1
3759,25795,25007,110,91590,89149,1784,92362,145032,123,1,1
3760,10656,9347,95,122638,121352,1690,123147,144931,54,1,2
3761,4388,365,140,55583,55341,1696,55965,62517,3,1,1
3762,15440,15658,104,50256,48565,2061,50882,84141,81,1,1
3763,11437,10658,106,43047,41786,1708,43574,67469,59,1,1
3764,4344,195,93,35172,34979,1812,35462,41904,1,1,1
3765,4432,204,106,36502,36300,1712,36825,43262,1,1,1
3766,41894,45932,163,99001,95753,4562,100804,193304,160,1,2
3767,7700,3233,106,58813,58228,12527,59228,82777,21,1,1
3768,6646,212,96,17626,17400,1679,17933,26551,1,1,1
3769,4161,194,90,21093,20892,1751,21367,27564,1,1,1
3770,4391,198,101,24966,24751,1759,25282,31720,1,1,1
3771,4292,199,106,18190,17997,2167,18500,25247,1,1,1
3772,19803,22711,107,72360,70116,2964,73079,118646,111,1,1
3773,17201,8293,107,66021,64984,2443,66511,94537,46,1,1
3774,17011,18551,159,90041,87957,2141,90756,128566,94,1,1
3775,5347,3349,110,56366,55694,6379,56789,71966,22,1,1
3776,8272,208,95,58175,57979,1812,58480,68865,1,1,1
3777,12964,23441,161,57249,55882,1758,57863,96128,62,1,1
3778,18282,19047,108,49972,47945,2141,50669,90282,94,1,1
3779,13620,8514,194,106741,105573,6152,107508,135914,40,1,2
3780,4384,202,128,38199,37988,1863,38537,45087,1,1,1
3781,42010,32457,106,86686,83793,17168,87562,179300,143,1,1
3782,15182,14763,102,77580,75905,2429,78186,110656,79,1,1
3783,4182,213,98,24311,24098,1728,24630,30846,1,1,1
3784,24601,24441,115,85084,82601,1695,85857,136697,121,1,1
3785,12433,10369,213,79323,78186,1789,80163,104873,46,1,1
3786,6620,1343,97,64391,64014,1702,64748,74504,10,1,1
3787,10759,10378,115,57261,55964,4135,57795,83168,56,1,1
3788,12557,11391,108,54753,53419,1776,55293,81111,62,1,1
3789,7292,5757,150,96590,95634,12783,97088,123019,34,1,2
3790,10096,8780,105,84567,83305,7320,85077,111364,49,1,2
3791,4835,194,111,37493,37244,1858,37819,44795,1,1,1
3792,5313,202,92,23383,23194,1826,23666,31101,1,1,1
3793,26800,21412,113,79341,77192,1916,80042,130270,106,1,1
3794,12929,11024,152,74146,72835,2380,74732,101163,60,1,1
3795,20203,19229,107,87152,85078,1817,87836,129186,98,1,1
3796,9308,8092,102,69471,68405,1706,69954,89153,48,1,1
3797,2746,196,89,75260,75054,2444,75598,81074,1,1,1
3798,4695,210,92,60660,60471,1712,60962,67665,1,1,1
3799,21283,24928,104,53406,51053,1691,54144,102142,117,1,1
3800,11417,10820,108,53027,51740,1718,53571,77620,60,1,1
3801,4523,1768,120,77147,76587,2329,77529,86244,13,1,2
3802,50910,43855,166,102258,98518,4020,103331,202225,185,1,2
3803,13094,10677,104,88150,86728,5939,88684,118488,58,1,2
3804,4464,225,98,25081,24850,2224,25414,32421,1,1,1
3805,4416,198,118,24928,24732,1678,25252,31633,1,1,1
3806,27807,29801,106,80032,77185,1751,80865,140328,143,1,1
3807,12738,12253,195,76935,75502,2095,77585,104774,67,1,1
3808,19018,19959,135,68276,66194,2475,68994,110550,102,1,1
3809,11857,11962,121,113580,112021,1704,114154,139775,66,1,2
3810,4268,212,132,57244,57058,1709,57601,63887,1,1,1
3811,17477,18091,112,52291,50439,1738,52948,90357,90,1,1
3812,10354,8651,110,84282,83046,1693,84790,105579,50,1,2
3813,4578,333,92,36323,36090,1757,36630,43389,2,1,1
3814,42328,42267,157,74682,71726,17860,75603,178160,149,1,1
3815,5017,204,96,22462,22270,2238,22760,30308,1,1,1
3816,12677,8179,105,60990,59947,10375,61483,92798,46,1,1
3817,4817,210,97,18138,17938,1732,18441,25291,1,1,1
3818,9237,202,103,21935,21725,1769,22240,33535,1,1,1
3819,4238,203,98,24677,24479,2190,24988,31707,1,1,1
3820,15648,13906,108,52584,50971,3612,53168,86425,75,1,1
3821,10939,9299,107,63428,62249,1792,63931,86050,53,1,1
3822,10433,9439,207,63553,62358,1826,64160,85953,53,1,1
3823,12332,5388,95,57267,56477,2071,57686,77575,33,1,1
3824,7189,6632,99,55347,54362,4989,55827,74735,41,1,1
3825,14295,14820,101,57343,55751,2263,57926,89398,77,1,1
3826,8592,208,136,58973,58769,1720,59325,69952,1,1,1
3827,13597,10430,105,39269,38009,2266,39802,66196,58,1,1
3828,17217,23107,142,109854,108021,4848,110513,155784,82,1,2
3829,4494,205,98,43800,43591,1719,44104,50614,1,1,1
3830,4130,207,95,37403,37200,1694,37722,43846,1,1,1
3831,53109,30952,219,75110,72298,13001,76070,173232,142,1,1
3832,14013,13334,106,71534,70015,2488,72125,102051,72,1,1
3833,984,321,100,31871,31630,1024,32191,34618,2,1,1
3834,41264,44193,102,92662,88891,2749,93675,181975,195,1,1
3835,10972,9100,155,69315,68174,1759,69871,91803,51,1,1
3836,4336,200,96,53680,53472,1688,53992,60310,1,1,1
3837,25755,25655,112,115420,112820,1775,116194,169480,122,1,2
3838,9488,7943,102,52734,51663,2204,53217,72943,47,1,1
3839,1928,1020,159,33664,33282,14490,34069,51608,8,1,1
3840,26240,17106,104,70011,68219,8055,70637,122128,86,1,1
3841,19531,19772,97,95369,93248,4596,96041,140033,97,1,2
3842,4484,201,89,23796,23598,1747,24092,30615,1,1,1
3843,4336,294,99,25324,25098,1751,25644,32114,2,1,1
3844,29876,29260,104,91170,88397,1746,92032,153016,139,1,1
3845,14635,10760,232,74178,72836,1748,74871,102296,60,1,1
3846,3069,1586,99,54924,54478,1000,55286,61043,12,1,1
3847,32665,33493,107,77372,74273,1732,78259,146237,157,1,1
3848,10702,9227,163,70962,69730,1846,71538,93415,54,1,1
3849,4298,220,98,62242,62022,1782,62562,68955,1,1,1
3850,19354,19251,110,51254,49304,1717,51917,92342,94,1,1
3851,13718,14043,105,47058,45507,1709,47644,77211,74,1,1
3852,4371,210,140,37691,37485,1741,38059,44482,1,1,1
3853,4414,215,97,34220,34023,1692,34516,40925,1,1,1
3854,41892,36577,110,106476,103119,7336,107409,193314,164,1,2
3855,11301,5538,105,83132,82246,6385,83558,106875,31,1,2
3856,4867,204,103,28160,27955,1929,28479,35573,1,1,1
3857,4338,199,95,18145,17964,1678,18451,24755,1,1,1
3858,4330,201,102,24341,24144,1687,24647,30953,1,1,1
3859,6079,10745,238,46114,45693,1750,46677,65359,10,1,1
3860,9291,2516,100,58819,58286,23584,59188,94670,17,1,1
3861,8318,7344,101,50437,49479,1740,50899,68392,42,1,1
3862,9721,5308,97,58908,58133,17275,59328,91729,32,1,1
3863,21331,20102,110,70741,68743,1704,71419,114657,98,1,1
3864,7262,198,176,62028,61822,1719,62394,71664,1,1,1
3865,12109,11857,103,59604,58209,1720,60155,85931,65,1,1
3866,12661,1689,118,58295,57886,1689,58667,74804,12,1,1
3867,19964,21432,111,46803,44620,1716,47507,90723,106,1,1
3868,9194,7070,106,86742,85612,2278,87264,105910,43,1,2
3869,4354,306,99,37265,37024,1697,37591,44041,2,1,1
3870,41984,34818,173,98315,95071,4673,99279,180855,159,1,2
3871,5355,2119,98,57420,56951,15954,57798,81318,15,1,1
3872,4429,206,102,19272,19064,1749,19581,26057,1,1,1
3873,4103,205,100,22522,22328,1695,22838,28934,1,1,1
3874,6392,3711,100,47579,46955,6053,47973,64214,24,1,1
3875,19800,13624,152,64438,62930,4079,65054,102650,70,1,1
3876,16369,12637,102,75430,74004,1721,75993,106807,67,1,1
3877,7395,5544,104,49173,48357,3284,49626,65948,34,1,1
3878,12612,10394,96,50123,48914,1778,50631,75507,56,1,1
3879,27505,14242,166,113171,111398,2959,113829,158637,77,1,2
3880,8567,210,96,57939,57746,1710,58255,68833,1,1,1
3881,14389,13380,114,39925,38407,1801,40515,70185,71,1,1
3882,14238,13124,101,102236,100633,6550,102792,136797,69,1,2
3883,4848,349,204,39626,39373,1644,40085,47028,3,1,1
3884,4483,198,99,37453,37247,1672,37759,44204,1,1,1
3885,8712,1245,93,57565,57213,20867,57902,88817,9,1,1
3886,18920,13019,128,74763,73246,2308,75376,109722,71,1,1
3887,21287,21902,107,86132,83932,1391,86864,131543,108,1,1
3888,6301,203,144,68711,68499,1681,69079,77364,1,1,1
3889,14135,14631,97,82992,81343,1714,83598,114178,79,1,1
3890,4396,198,102,66753,66550,1691,67071,73447,1,1,1
3891,13207,12652,115,58498,56971,1681,59081,86722,69,1,1
3892,14721,15691,191,56766,55023,1719,57470,89699,82,1,1
3893,4609,198,101,35192,34990,1761,35513,42174,1,1,1
3894,42112,33140,108,128842,125766,11092,129716,216169,150,1,2
3895,5955,1115,103,34688,34332,1736,35033,43941,8,1,1
3896,11766,6883,102,62943,62013,10955,63403,93111,40,1,1
3897,23294,6536,157,29799,28936,1824,30313,62071,37,1,1
3898,4442,207,120,25291,25088,2547,25626,32924,1,1,1
3899,4142,197,102,24410,24212,1816,24725,30969,1,1,1
3900,8715,4867,101,42151,41392,5189,42570,61431,31,1,1
3901,14920,10842,100,64439,63158,1676,64959,92491,59,1,1
3902,12088,9642,103,71000,69778,2075,71507,95400,55,1,1
3903,3371,1998,125,63321,62801,950,63776,70195,15,1,1
3904,27208,24468,144,67677,65237,1691,68465,121926,120,1,1
3905,10248,9024,105,69828,68637,1731,70351,91451,54,1,1
3906,3205,196,90,54973,54766,3013,55265,61769,1,1,1
3907,20481,20681,119,71481,69383,1744,72241,115246,102,1,1
3908,11981,12038,103,49936,48554,1746,50481,76336,64,1,1
3909,5421,197,87,40983,40771,1737,41275,48718,1,1,1
3910,4200,208,90,41450,41275,2166,41746,48406,1,1,1
3911,41579,39302,114,107806,104232,4500,108774,194264,176,1,2
3912,10047,4476,105,85789,84970,6517,86201,107334,27,1,2
3913,6640,200,207,28691,28473,2384,29112,38440,1,1,1
3914,4311,201,97,17272,17084,1673,17564,23835,1,1,1
3915,4388,207,123,24300,24102,1772,24642,31099,1,1,1
3916,20637,21316,106,79499,77378,1839,80211,124093,104,1,1
3917,12218,12344,110,74693,73284,2086,75248,101986,66,1,1
3918,3351,2057,133,38633,38210,5452,39042,50013,12,1,1
3919,15215,13724,106,55673,54192,1678,56243,86951,71,1,1
3920,10751,9601,101,57264,56013,1703,57775,79919,56,1,1
3921,6102,201,100,62650,62434,2150,62973,71523,1,1,1
3922,4872,204,96,55839,55656,1834,56151,63146,1,1,1
3923,27741,19910,169,46805,44949,1726,47527,97015,90,1,1
3924,9361,6775,95,36638,35707,1817,37084,55127,41,1,1
3925,4651,330,100,40233,39927,2875,40596,48577,3,1,1
3926,4281,362,113,44658,44375,1729,45008,51485,3,1,1
3927,41954,36803,107,77034,73744,17406,77974,174242,168,1,1
3928,11519,5875,101,88077,87160,10962,88507,116956,33,1,2
3929,4484,212,185,20583,20323,2022,20991,27810,1,1,1
3930,20616,17420,111,65824,63990,1674,66477,106290,87,1,1
3931,19161,9831,106,108773,107448,4947,109289,143320,52,1,2
3932,16569,13203,103,70950,69502,3095,71512,104474,69,1,1
3933,19055,13092,159,74405,72961,4387,75070,111697,69,1,1
3934,20781,25080,105,63581,61158,1821,64345,112131,120,1,1
3935,12977,13296,104,57373,55874,2277,57937,86584,71,1,1
3936,3640,266,114,57246,57052,3688,57588,65277,1,1,1
3937,8463,5322,100,35821,35019,3027,36246,53151,33,1,1
3938,14924,14709,204,96965,95190,5374,97659,132769,78,1,2
3939,4406,552,96,25296,25032,1731,25626,32412,4,1,1
3940,38486,38697,111,84223,80748,1690,85184,164162,179,1,1
3941,17112,17566,101,75370,73514,3671,76012,114458,91,1,1
3942,7925,8404,163,78351,77265,4323,78914,99666,48,1,1
3943,8706,1387,100,92047,91622,2050,92441,104701,10,1,1
3944,13577,14780,128,71089,69456,1748,71736,101934,78,1,1
3945,4306,197,102,68326,68113,1715,68685,75007,1,1,1
3946,23048,24067,101,61723,59311,1696,62475,111393,115,1,1
3947,12958,12083,105,50502,49087,2718,51062,78913,66,1,1
3948,4365,209,99,35757,35552,1721,36066,42454,1,1,1
3949,41488,40481,107,103700,100100,4783,104657,191511,177,1,2
3950,9999,4985,191,117781,116816,2488,118307,135878,30,1,3
3951,4225,194,97,28142,27936,1754,28460,34733,1,1,1
3952,24581,23399,154,76908,74593,1757,77697,127534,115,1,1
3953,11084,10076,102,74930,73712,1681,75440,98374,56,1,1
3954,5013,4182,137,38417,37732,5058,38876,53229,27,1,1
3955,17993,16694,103,73321,71551,2036,73932,110750,85,1,1
3956,10807,11015,100,67060,65753,2011,67583,91503,60,1,1
3957,4763,288,95,61122,60905,1737,61435,68319,2,1,1
3958,21614,21059,138,55073,52984,2265,55809,100886,103,1,1
3959,13682,12589,95,40894,39475,1722,41435,69519,67,1,1
3960,6660,200,172,42421,42218,1805,42805,51564,1,1,1
3961,4221,195,93,34773,34583,1777,35064,41353,1,1,1
3962,36894,35072,113,103317,100109,7329,104219,183612,158,1,2
3963,31282,28952,213,98975,96141,1698,99909,161946,137,1,2
3964,3459,195,93,23923,23728,2144,24220,30108,1,1,1
3965,4117,237,101,18246,18051,2204,18560,25208,1,1,1
3966,22901,22188,131,81667,79452,1751,82406,129354,109,1,1
3967,9692,7877,100,74397,73358,1767,74865,94291,46,1,1
3968,22392,24186,150,72842,70402,2265,73672,122616,114,1,1
3969,10233,9714,105,62028,60813,2797,62536,85370,54,1,1
3970,4475,208,101,56969,56751,1696,57287,63765,1,1,1
3971,6799,228,102,76347,76110,1818,76712,85651,1,1,1
3972,42615,12186,107,43044,41617,26740,43620,125262,62,1,1
3973,12635,2032,108,38014,37564,2532,38394,55677,14,1,1
3974,8731,2029,95,23576,23083,12630,23933,47413,15,1,1
3975,20729,11079,93,46170,44946,7779,46696,86376,56,1,1
3976,13669,2282,106,37697,37222,1737,38067,55846,16,1,1
3977,704,242,123,56354,56161,17934,56688,75665,1,1,1
3978,16125,17551,104,90134,88184,2200,90840,126824,91,1,1
3979,3934,217,120,22992,22760,2153,23326,29729,1,1,1
3980,27547,28009,126,88496,85847,1706,89311,146680,131,1,1
3981,10164,9227,101,74794,73659,2945,75286,97718,50,1,1
3982,4908,196,139,61177,60967,1709,61536,68450,1,1,1
3983,4323,213,123,52337,52122,1766,52679,59072,1,1,1
3984,17951,16270,115,60162,58420,1781,60802,96906,84,1,1
3985,10373,8532,107,54142,53046,2272,54631,75900,49,1,1
3986,42219,31137,180,125391,122498,9626,126332,209419,139,1,2
3987,11137,8597,107,139083,137758,5785,139573,165186,48,1,3
3988,4289,197,96,26543,26350,1714,26858,33147,1,1,1
3989,4119,205,100,24712,24515,1705,25019,31139,1,1,1
3990,22348,18520,110,76593,74675,1698,77245,119912,92,1,1
3991,11877,8812,105,79605,78465,1711,80152,102645,51,1,1
3992,2924,1420,100,57306,56900,970,57673,63090,11,1,1
3993,26475,24720,116,74362,72009,1707,75106,128102,117,1,1
3994,13522,8332,104,116263,115148,3054,116744,141746,44,1,2
3995,16068,10590,108,74166,72882,5289,74772,106824,58,1,1
3996,8666,3473,99,59301,58689,2044,59692,73962,23,1,1
3997,8445,6785,128,78113,76889,4620,78634,98616,40,1,1
3998,12734,13725,124,59057,57400,2190,59667,88406,73,1,1
3999,4580,596,103,44409,44100,2342,44752,52378,5,1,1
4000,41526,52640,174,103437,99766,5631,104496,204393,180,1,2
4001,12943,10631,103,94798,93404,6004,95335,125009,58,1,2
4002,4318,200,104,26218,26014,2630,26536,33785,1,1,1
4003,5314,194,88,26582,26376,1799,26862,34260,1,1,1
4004,26543,27277,145,78289,75649,1955,79123,135006,131,1,1
4005,13980,12527,153,76778,75295,2653,77390,106646,69,1,1
4006,6204,4862,127,56283,55514,6012,56735,73914,30,1,1
4007,17653,7272,100,60269,59352,3010,60727,88759,40,1,1
4008,10910,11261,108,71595,70036,2097,72244,96620,61,1,1
4009,13579,3988,112,61777,61118,2623,62213,82500,24,1,1
4010,9129,6960,122,44435,43417,4155,44926,65271,42,1,1
4011,13312,12380,104,41000,39565,1766,41623,69171,66,1,1
4012,4671,207,96,34439,34248,1741,34745,41454,1,1,1
4013,4191,200,103,35809,35606,1680,36125,42290,1,1,1
4014,42085,48994,158,99257,95865,5194,100247,196618,165,1,2
4015,1846,302,92,56565,56336,18138,56870,77249,2,1,1
4016,6036,340,164,19360,19102,1766,19750,27990,3,1,1
4017,4277,270,91,22204,21967,1683,22506,28827,2,1,1
4018,4397,196,102,25813,25610,1728,26139,32559,1,1,1
4019,4435,198,102,18169,17979,1761,18470,24961,1,1,1
4020,13279,12859,102,76642,75154,3331,77203,106757,68,1,1
4021,10924,9746,225,78018,76766,1708,78665,101154,56,1,1
4022,1926,998,97,44835,44493,952,45177,49158,8,1,1
4023,32643,33519,107,63970,60875,1704,64848,132807,158,1,1
4024,9836,8646,113,54881,53785,1688,55385,75643,50,1,1
4025,4281,201,179,57606,57415,1703,58015,64306,1,1,1
4026,10690,7520,106,93759,92642,1733,94240,114280,44,1,2
4027,9027,8081,98,36213,35164,1726,36681,55607,45,1,1
4028,1450,195,100,35968,35776,935,36277,38944,1,1,1
4029,4064,209,93,519,340,1328,792,6474,1,1,1
4030,41835,31163,92,72510,69697,48686,73441,195215,144,1,1
4031,14221,13923,130,75570,73998,1710,76184,106138,75,1,1
4032,4561,203,97,22440,22222,1750,22763,29376,1,1,1
4033,23581,22243,107,80310,78080,1717,81040,128691,111,1,1
4034,14276,13952,110,70541,68976,2230,71126,101678,74,1,1
4035,4191,200,140,53780,53577,1692,54136,60315,1,1,1
4036,9002,7921,127,108567,107424,9816,109080,135918,45,1,2
4037,9966,7918,106,54889,53839,2200,55374,75556,46,1,1
4038,42165,34503,104,123814,120676,7387,124732,208900,153,1,2
4039,17960,15822,102,95158,93361,5276,95778,134939,81,1,2
4040,5017,199,94,36477,36295,2169,36778,44252,1,1,1
4041,4372,197,93,23280,23097,1704,23570,29929,1,1,1
4042,20477,18447,106,76196,74297,1729,76857,117609,92,1,1
4043,14926,12423,191,74082,72658,1711,74726,103873,67,1,1
4044,1399,741,102,55730,55421,1317,56070,59627,6,1,1
4045,30871,31169,104,113881,111032,1705,114751,178592,145,1,1
4046,10136,9507,96,76515,75343,1814,77015,98565,54,1,1
4047,4759,196,134,67574,67365,1826,67921,74804,1,1,1
4048,4208,199,91,59858,59679,2273,60152,66918,1,1,1
4049,43080,11144,122,84889,83584,28604,85438,168369,58,1,1
4050,19308,2661,101,54155,53633,9468,54545,86077,18,1,1
4051,9884,1339,100,42123,41740,1740,42465,55521,10,1,1
4052,8864,1816,99,23047,22625,15151,23398,49321,13,1,1
4053,22793,10111,103,52487,51313,10072,53101,96193,52,1,1
4054,22051,8150,102,42440,41394,1732,42917,74937,46,1,1
4055,3566,938,95,82144,81710,12093,82477,99176,7,1,2
4056,12664,6544,118,89529,88509,8030,89996,117334,38,1,2
4057,4486,204,101,24823,24598,1781,25135,31702,1,1,1
4058,4116,199,101,24917,24727,1786,25224,31421,1,1,1
4059,18248,18444,108,86570,84626,2238,87276,126312,93,1,1
4060,11238,8920,97,75032,73865,1708,75534,97500,53,1,1
4061,2016,1400,103,54524,54102,1091,54874,59489,10,1,1
4062,33838,33137,106,76189,73212,1724,77044,145843,152,1,1
4063,7621,5901,197,110711,109746,1690,111253,126558,35,1,2
4064,4195,302,98,56739,56505,1735,57065,63392,2,1,1
4065,13722,13949,133,50941,49386,1729,51552,81055,73,1,1
4066,5748,2426,94,78867,78234,2210,79235,89712,17,1,2
4067,4269,200,186,36734,36541,1701,37135,43407,1,1,1
4068,51027,36428,592,155909,152044,7566,157659,252830,144,1,2
4069,9041,3787,134,67758,67072,13920,68222,95077,21,1,1
4070,4843,289,107,20815,20558,1831,21157,28226,2,1,1
4071,4759,209,120,25637,25389,1827,26007,32915,1,1,1
4072,4793,217,111,27764,27539,1846,28108,35075,1,1,1
4073,5245,2686,115,59083,58553,6208,59494,73746,16,1,1
4074,13773,9704,149,65506,64289,1796,66059,91434,53,1,1
4075,14209,15137,101,56336,54614,5260,56926,91623,79,1,1
4076,11975,10715,129,65647,64330,2195,66217,91207,57,1,1
4077,17108,17612,129,62315,60417,1972,62982,99773,89,1,1
4078,14423,14811,152,59609,57967,1713,60250,91300,76,1,1
4079,5866,204,119,57732,57530,1688,58073,65938,1,1,1
4080,14245,12668,108,40227,38744,1782,40806,69603,68,1,1
4081,10887,8773,100,107562,106342,7253,108068,135073,49,1,2
4082,4255,210,100,48962,48740,1824,49364,55743,1,1,1
4083,4772,186,118,37311,37101,1719,37658,44442,1,1,1
4084,41663,39152,109,75800,72367,14715,76745,172375,172,1,1
4085,11422,8756,94,107288,105777,3836,107851,131981,49,1,1
4086,9108,3260,256,99161,98250,2340,99913,115003,13,1,1
4087,24321,21371,309,143947,141526,3002,145643,194711,75,1,1
4088,11936,10612,329,115624,113936,2336,116596,141807,51,1,1
4089,5598,346,199,79575,79186,3072,80088,89442,1,1,1
4090,30161,47026,221,102269,98720,2374,103584,183493,134,1,1
4091,20517,20905,147,84485,82447,2174,85448,129383,82,1,1
4092,3505,2467,181,52051,51345,15124,52644,73897,14,1,1
4093,42548,30720,143,111830,109027,6982,113013,193608,113,1,1
4094,42890,48618,311,157387,152703,2208,159242,253298,183,1,2
4095,5574,357,166,37782,37522,2146,38221,46580,1,1,1
4096,5155,280,144,35438,35124,2057,35874,43477,1,1,1
4097,29070,27077,203,116055,113174,2196,117252,175962,113,1,1
4098,19202,16078,213,129389,127377,2620,130399,168675,72,1,1
4099,13343,10074,292,98050,96566,4699,98979,127473,46,1,1
4100,25177,10540,264,90624,89330,2433,91455,129940,45,1,1
4101,14011,12438,197,125412,123790,2335,126347,155421,54,1,1
4102,6117,344,198,95331,94939,2326,95834,104748,1,1,1
4103,25418,25880,234,85298,82776,2268,86537,140458,100,1,1
4104,11146,9134,172,64973,63597,3080,65721,89368,45,1,1
4105,1394,298,105,50972,50677,1146,51451,54498,1,1,1
4106,4988,784,104,1115,795,2724,1472,10128,5,1,1
4107,5332,239,112,48284,48048,2198,48635,56532,1,1,1
4108,51801,52719,200,163269,158140,5161,165266,275324,185,1,2
4109,21724,13864,186,159719,157713,6216,160742,202994,56,1,2
4110,7202,332,194,42894,42526,2398,43430,53673,1,1,1
4111,5327,238,120,23179,22941,2027,23546,31265,1,1,1
4112,5249,250,112,32381,32099,3612,32770,41995,1,1,1
4113,5639,297,122,39770,39441,2063,40196,48386,1,1,1
4114,33513,47238,229,129856,126506,2423,131131,214739,125,1,1
4115,19625,20499,195,134353,131913,4141,135444,180061,84,1,1
4116,29044,29199,291,116747,113369,3495,118135,180219,111,1,1
4117,12870,11965,293,102019,100144,2236,102993,130416,52,1,1
4118,6178,490,171,88814,88473,2275,89319,98383,1,1,1
4119,5691,329,171,94937,94558,2295,95450,104052,1,1,1
4120,24147,25525,286,76737,74065,3376,77990,131363,102,1,1
4121,10874,7004,214,114794,113423,2245,115568,136046,36,1,2
4122,5683,398,181,62826,62500,2300,63334,71890,1,1,1
4123,53473,44601,239,161731,157152,7711,163410,269493,159,1,2
4124,11688,5296,211,104005,102991,20131,104717,142165,25,1,1
4125,5688,507,264,34228,33849,2724,34901,44165,1,1,1
4126,5540,262,168,40528,40224,2633,40997,49729,1,1,1
4127,5268,2222,158,77506,76901,9399,78035,95240,12,1,1
4128,16292,12644,210,139979,138188,2249,140972,172525,52,1,1
4129,21757,22500,268,121073,118022,5269,122341,172186,87,1,1
4130,11080,4949,320,97556,96594,2339,98420,117138,23,1,1
4131,14490,2895,201,41732,41035,41705,42397,101849,14,1,1
4132,35593,6768,177,55348,54271,33296,56081,132086,30,1,1
4133,44287,24273,229,98367,95809,20343,99524,188784,93,1,1
4134,14305,5919,197,54060,53060,18235,54784,93550,26,1,1
4135,25680,13742,169,65822,64262,12995,66635,119374,59,1,1
4136,34365,38280,216,105414,103306,3828,106462,183247,83,1,1
4137,11147,479,185,106423,106001,2437,106960,121362,1,1,1
4138,22256,19357,172,77133,75133,2476,78234,122658,66,1,1
4139,26264,21841,304,195448,192770,8840,196778,254065,81,1,2
4140,3053,306,198,53820,53506,2857,54370,60884,1,1,1
4141,5675,253,123,62032,61740,2173,62486,70922,1,1,1
4142,4484,1584,117,94553,94013,43416,95002,144813,9,1,1
4143,20881,18775,146,157205,154562,2269,158558,200830,81,1,1
4144,13882,11041,187,134670,133135,6464,135786,167527,41,1,1
4145,15250,11226,180,136896,135531,2206,137730,166895,45,1,1
4146,26195,19426,185,122551,120130,2209,123607,171740,84,1,1
4147,5373,746,256,101991,101544,2192,102638,111118,2,1,1
4148,27279,27520,290,111816,108931,2401,113205,170778,93,1,1
4149,20925,20572,202,90027,87383,2985,91220,136044,73,1,1
4150,5844,941,215,66490,66029,2252,67061,76241,2,1,1
4151,60849,56932,268,197346,192216,7618,199237,325097,181,1,2
4152,20871,18088,207,139021,136790,6694,140043,186034,77,1,2
4153,5174,418,173,41257,40914,2103,41739,49780,1,1,1
4154,5251,280,120,38279,38003,2155,38670,46498,1,1,1
4155,20769,18038,145,109316,106934,2216,110223,151589,77,1,1
4156,13911,24670,281,113713,112291,2576,114669,156190,46,1,1
4157,10441,8769,324,107863,106380,6340,108830,134539,39,1,1
4158,13717,12594,253,97719,95838,2384,98660,127522,57,1,1
4159,6166,1100,141,108706,108271,2449,109237,119120,5,1,1
4160,5161,308,170,85526,85230,2154,86019,93986,1,1,1
4161,25947,28813,283,99832,97019,2014,101242,158362,113,1,1
4162,17835,18377,174,78386,76359,2092,79372,117850,74,1,1
4163,2463,294,146,67412,67126,3124,67845,73872,1,1,1
4164,56707,47688,207,171200,166590,10265,172847,287916,158,1,2
4165,14958,7892,141,133083,131609,9859,133800,166830,36,1,2
4166,7693,341,177,39533,39192,2024,40006,50373,1,1,1
4167,5065,464,140,24460,24137,2131,24907,32680,2,1,1
4168,5297,241,152,35322,35043,2193,35757,43621,1,1,1
4169,30196,29536,148,148667,145268,2572,149957,212392,120,1,1
4170,17949,17732,256,121128,118812,2370,122231,160608,76,1,1
4171,25647,24037,277,115265,112820,2014,116511,168524,102,1,1
4172,10685,10010,201,78788,77275,2514,79460,102815,55,1,1
4173,6428,291,136,69429,69185,1764,69802,78394,1,1,1
4174,6709,204,163,63935,63699,1749,64352,73311,1,1,1
4175,18469,18249,105,50931,48904,1778,51588,90196,91,1,1
4176,13055,10797,99,39748,38389,1701,40273,65919,58,1,1
4177,4785,212,139,39212,39013,1732,39575,46414,1,1,1
4178,4231,206,104,37046,36847,1689,37366,43583,1,1,1
4179,41929,32325,104,84997,81933,18313,85851,178522,147,1,1
4180,10296,3500,97,84891,84103,5161,85288,104334,22,1,2
4181,4384,206,118,18634,18432,1769,18975,25424,1,1,1
4182,25074,24420,112,96111,93674,1792,96908,148298,119,1,1
4183,12600,12632,104,69376,67949,1730,69934,96991,67,1,1
4184,12473,4949,102,57424,56681,2273,57843,77633,31,1,1
4185,19584,21060,105,62306,60166,1731,63008,105480,105,1,1
4186,12590,12954,151,57481,56014,1781,58098,85515,69,1,1
4187,6431,230,118,56969,56756,1748,57297,65804,1,1,1
4188,14008,12650,121,39953,38520,2153,40539,69453,67,1,1
4189,13202,11433,106,89853,88422,5759,90386,120873,61,1,2
4190,4282,207,144,24917,24690,1909,25274,31781,1,1,1
4191,15444,10635,102,71317,70105,1714,71840,99746,56,1,1
4192,12139,10095,111,71160,69907,1676,71692,95694,58,1,1
4193,4521,3323,120,53054,52444,5246,53477,66674,22,1,1
4194,28411,11261,151,63071,61887,4927,63645,108349,54,1,1
4195,11078,11440,114,65321,63962,1723,65873,90206,63,1,1
4196,4470,194,117,57835,57601,1744,58189,64705,1,1,1
4197,22186,24467,104,62118,59702,1756,62883,111393,120,1,1
4198,10797,21013,142,48349,47106,3562,48922,84395,57,1,1
4199,4728,215,117,35362,35151,1798,35694,42529,1,1,1
4200,41573,41861,118,119122,115382,4149,120119,207804,184,1,2
4201,13582,9913,107,95270,93948,6536,95776,125899,53,1,2
4202,5960,203,120,28551,28317,1732,28885,36882,1,1,1
4203,4205,197,93,27034,26847,1747,27326,33565,1,1,1
4204,4792,179,146,24373,24176,1748,24723,31533,1,1,1
4205,28695,24167,108,80488,78090,2062,81241,136263,119,1,1
4206,7371,5607,97,47908,47097,2494,48352,63919,34,1,1
4207,18078,16269,101,65630,63930,3226,66238,103905,83,1,1
4208,42841,16269,107,93218,91526,24520,93892,177634,80,1,1
4209,21470,9229,111,66139,65062,13413,66644,110858,48,1,1
4210,16512,5347,103,59232,58508,1712,59648,83314,30,1,1
4211,13108,3943,105,40312,39660,15173,40760,73074,25,1,1
4212,20743,10776,96,56946,55745,9792,57491,98896,55,1,1
4213,24405,13040,100,83937,82479,3860,84496,125892,68,1,1
4214,4477,214,102,67282,67083,1780,67688,74257,1,1,1
4215,21464,23299,157,89422,86535,2125,90673,137685,112,1,1
4216,18192,18247,214,74124,72056,2408,75105,114087,73,1,1
4217,5795,636,150,59504,59116,2327,59974,68897,3,1,1
4218,57578,48799,202,180537,176375,8176,182606,297510,163,1,2
4219,18632,10797,185,148495,146341,7411,149496,186512,47,1,2
4220,5790,360,162,34517,34210,2191,34986,43479,1,1,1
4221,5414,245,120,24274,24021,2103,24685,32588,1,1,1
4222,28553,28446,143,125923,122979,2020,127052,186211,114,1,1
4223,27625,11518,220,129781,128202,2496,130796,172582,51,1,1
4224,9960,9440,188,93583,92267,5238,94482,119282,42,1,1
4225,9713,320,137,98202,97879,2263,98682,111117,1,1,1
4226,11552,9929,169,112446,110902,2149,113271,137034,45,1,1
4227,8983,495,160,95912,95634,2104,96374,108086,1,1,1
4228,22630,20938,209,67999,65858,2314,69177,115223,82,1,1
4229,15175,14168,168,57695,56010,2111,58605,90234,61,1,1
4230,5022,378,135,57375,57045,1930,57822,65275,1,1,1
4231,64766,45173,308,126365,122097,11954,128190,250415,171,1,1
4232,6617,949,132,75540,75071,2188,75978,85846,5,1,1
4233,24389,16037,144,107458,105485,11489,108317,160553,68,1,1
4234,6182,360,122,34374,34031,2127,34820,43638,1,1,1
4235,27039,27830,150,123010,120104,15892,124174,195299,109,1,1
4236,12638,11537,200,123758,122067,2116,124660,151122,52,1,1
4237,8801,1677,148,102853,102277,2188,103365,116170,9,1,1
4238,29738,28695,219,97035,94009,2174,98290,159265,111,1,1
4239,13404,12189,278,87709,86134,2101,88623,116655,54,1,1
4240,53294,52066,245,181453,176598,4520,183278,293518,190,1,2
4241,17523,12872,164,219424,217135,2560,220364,253464,57,1,3
4242,5662,625,167,37706,37343,2050,38253,46907,3,1,1
4243,5265,290,130,33601,33321,2337,33990,42026,1,1,1
4244,30325,28416,169,116902,113815,2950,118107,180129,115,1,1
4245,18241,14700,144,111483,109532,2009,112422,147564,66,1,1
4246,31320,30039,290,112458,109258,1940,113901,177346,124,1,1
4247,2247,1102,152,54851,54416,1584,55331,60390,6,1,1
4248,34120,40361,155,117169,113839,3581,118730,197092,137,1,1
4249,5348,398,215,89082,88757,1916,89582,97354,1,1,1
4250,5826,314,213,84758,84487,2608,85226,94096,1,1,1
4251,31195,30556,172,92079,88493,2241,93339,157505,122,1,1
4252,18652,21027,311,89066,86765,3263,90515,133603,84,1,1
4253,5764,320,128,62643,62351,2033,63087,71355,1,1,1
4254,56026,47765,241,184091,179416,7876,185923,297908,166,1,2
4255,18886,14746,151,150335,148358,9138,151215,194112,61,1,2
4256,6952,2049,175,78224,77493,2224,78757,90120,11,1,2
4257,33183,30142,185,128607,125275,1913,129999,195395,114,1,1
4258,14160,11063,521,124697,123113,2679,125896,153970,47,1,1
4259,9163,7509,206,99870,98463,5163,100655,122670,35,1,1
4260,19640,2400,201,99884,99229,2270,100483,125114,12,1,1
4261,15830,15659,240,98677,96818,2170,99836,133674,62,1,1
4262,8067,613,226,83768,83449,2028,84340,95155,3,1,1
4263,27364,25429,171,83648,81244,2193,84856,140002,92,1,1
4264,8342,4448,144,116013,114792,2081,116613,131624,24,1,2
4265,6389,812,281,66930,66499,2494,67639,77697,3,1,1
4266,61694,45262,311,172979,168856,7014,174737,289141,140,1,2
4267,17334,10410,174,139494,137930,10236,140322,178768,43,1,2
4268,5406,276,205,33770,33498,2317,34228,42507,1,1,1
4269,4663,244,105,26828,26618,2592,27157,34748,1,1,1
4270,4411,330,97,19165,18924,1724,19487,26046,2,1,1
4271,8642,5628,93,73427,72444,5656,73911,93937,34,1,1
4272,16546,15096,104,69513,67828,1744,70108,103590,75,1,1
4273,18051,20368,98,80097,77972,2267,80777,121553,101,1,1
4274,18300,17752,120,65075,63126,1772,65744,103667,91,1,1
4275,8511,7203,194,58024,57057,2066,58594,76475,42,1,1
4276,4378,219,100,57752,57538,1758,58078,64525,1,1,1
4277,5722,199,103,56711,56516,2230,57037,65276,1,1,1
4278,16195,14684,108,43904,42299,1766,44493,77237,76,1,1
4279,9592,7934,93,39642,38630,1912,40113,59649,45,1,1
4280,3480,205,192,39091,38893,2275,39502,45563,1,1,1
4281,10948,4322,110,97264,96467,34469,97685,147524,26,1,2
4282,20293,12568,133,66202,64795,14117,66786,113857,63,1,1
4283,5962,209,98,39581,39355,1725,39893,47883,1,1,1
4284,19752,19851,114,83101,81048,1869,83790,125359,98,1,1
4285,8687,6210,196,61701,60803,8932,62260,86181,37,1,1
4286,18225,15429,103,82951,81267,2682,83549,119975,80,1,1
4287,9962,9183,106,47519,46351,3676,48036,70954,52,1,1
4288,9144,3162,91,37310,36750,1731,37685,51813,21,1,1
4289,10183,7435,200,44138,43144,1743,44720,64180,43,1,1
4290,8380,3521,100,37508,36908,1816,37900,51712,23,1,1
4291,42499,36253,112,109016,105709,7485,109922,196257,161,1,2
4292,14114,12972,101,92338,90757,6274,92906,126360,68,1,2
4293,4414,204,93,24283,24074,1731,24573,31014,1,1,1
4294,25400,22562,190,78737,76456,1738,79560,129361,112,1,1
4295,13708,13149,106,73662,72131,1681,74258,102886,72,1,1
4296,2698,1426,97,62340,61910,5269,62720,72212,11,1,1
4297,12468,9359,93,64446,63309,1732,64938,88588,52,1,1
4298,14345,10655,189,117969,116563,8486,118598,152189,59,1,2
4299,21377,15308,134,65255,63638,2210,65885,104884,77,1,1
4300,21632,21500,104,59980,57821,1695,60679,105611,106,1,1
4301,22569,11806,162,52918,51531,2286,53536,90295,63,1,1
4302,4671,206,98,42127,41928,1707,42440,49118,1,1,1
4303,41460,38958,119,101854,98247,4517,102817,187852,175,1,2
4304,11014,6110,101,87761,86753,6251,88201,111667,37,1,2
4305,4352,200,102,25570,25366,1712,25883,32237,1,1,1
4306,4449,200,96,37254,37057,2158,37663,44567,1,1,1
4307,16101,15232,125,74992,73341,1704,75628,108769,78,1,1
4308,8755,7063,104,75369,74371,1758,75844,93512,43,1,1
4309,21608,22317,104,73300,71023,1815,74029,119872,113,1,1
4310,10107,9688,152,61133,59910,2645,61702,84238,55,1,1
4311,5844,378,97,62317,62058,1686,62652,70658,3,1,1
4312,4385,306,92,54959,54718,1746,55264,61792,3,1,1
4313,21150,21629,108,48197,46023,1809,48915,93603,107,1,1
4314,14071,13619,98,57240,55713,2259,57847,87902,72,1,1
4315,4680,199,97,35891,35685,1730,36216,42915,1,1,1
4316,4545,198,103,36254,36053,1762,36558,43155,1,1,1
4317,41346,41063,103,106476,102724,3408,107467,193420,186,1,2
4318,9946,4120,106,76946,76141,10469,77357,101978,26,1,2
4319,5575,215,198,33227,32923,2301,33707,42142,1,1,1
4320,17149,240,220,36363,36086,2118,36876,56513,1,1,1
4321,23800,21239,157,123029,120172,3488,124014,172893,84,1,1
4322,14147,10164,269,131269,129786,2315,132283,159075,42,1,1
4323,5483,418,236,86561,86257,2159,87212,95449,1,1,1
4324,22216,6156,165,86757,85650,5382,87450,121336,29,1,1
4325,18947,19757,168,96341,94049,3114,97445,139569,80,1,1
4326,8122,459,135,97363,97063,2096,97799,108589,1,1,1
4327,17144,11662,159,65930,64361,2249,66791,98163,51,1,1
4328,16276,13270,114,176822,174880,6847,177655,214181,55,1,2
4329,5635,585,170,61588,61286,2135,62047,70558,2,1,1
4330,5723,434,129,58209,57902,2017,58627,66954,2,1,1
4331,55853,41682,164,169471,165620,27859,171057,296620,152,1,2
4332,12719,5619,150,111914,110931,19350,112562,150386,26,1,1
4333,5660,461,223,43563,43225,2311,44142,52732,1,1,1
4334,25601,26385,153,99126,96583,4354,100427,156937,97,1,1
4335,13510,9035,155,88196,86978,2536,88962,114368,42,1,1
4336,22972,25320,164,119386,115595,4525,120666,173699,92,1,1
4337,4229,287,148,58708,58481,1952,59119,65695,1,1,1
4338,21409,20384,103,63889,61698,1906,64575,108375,101,1,1
4339,16555,18422,158,69588,67831,2040,70469,107588,80,1,1
4340,42061,32960,116,120449,117339,6274,121372,202769,144,1,2
4341,16130,11704,113,114926,113405,3170,115474,146584,59,1,3
4342,4498,191,97,24749,24548,1729,25069,31591,1,1,1
4343,19977,16683,107,58995,57235,1894,59639,98304,84,1,1
4344,12888,9662,111,62116,60908,2240,62629,87526,53,1,1
4345,10007,7879,153,44468,43444,1825,44993,64795,45,1,1
4346,9915,4007,106,59254,58622,16207,59653,89872,24,1,1
4347,23036,23603,116,71901,69581,1918,72659,121320,112,1,1
4348,10667,9570,111,69603,68403,1751,70120,92205,55,1,1
4349,4515,292,95,128682,128334,1738,129036,135699,2,1,2
4350,9650,9578,122,55705,54513,4740,56254,80318,53,1,1
4351,13292,12590,129,52075,50625,1760,52663,80407,68,1,1
4352,4361,189,97,36316,36100,1779,36629,43063,1,1,1
4353,42127,28957,107,74078,71357,29993,74885,176067,136,1,1
4354,15719,5776,132,58093,57289,2631,58561,82784,33,1,1
4355,13390,9189,97,63161,62053,11295,63649,97615,50,1,1
4356,6181,886,96,22863,22534,1819,23197,32173,7,1,1
4357,4739,198,95,27227,27011,1741,27526,34284,1,1,1
4358,4274,201,89,17022,16841,2122,17320,24009,1,1,1
4359,4384,221,103,24514,24293,1668,24836,31210,1,1,1
4360,4062,198,123,25801,25601,1668,26137,32166,1,1,1
4361,19316,15752,144,78168,76405,4138,78835,118315,80,1,1
4362,13690,12821,203,78405,76882,2206,79077,107892,70,1,1
4363,4612,3674,101,53784,53088,5251,54187,67831,24,1,1
4364,14228,5812,92,59526,58711,1753,59947,81849,34,1,1
4365,13840,13114,100,71459,69941,1769,72086,100910,71,1,1
4366,4239,212,98,56918,56706,2182,57234,63956,1,1,1
4367,16923,14128,105,51059,49499,1712,51657,84520,74,1,1
4368,12669,10746,103,39097,37799,1767,39628,64903,60,1,1
4369,5715,199,101,43744,43530,1675,44063,51743,1,1,1
4370,4148,198,94,35546,35352,2163,35838,42433,1,1,1
4371,42999,35833,166,97087,93719,3978,98076,180985,164,1,2
4372,7076,2837,105,59124,58570,9418,59514,78928,20,1,1
4373,4120,199,106,19134,18925,1673,19454,25583,1,1,1
4374,4637,203,97,28328,28111,1671,28632,35240,1,1,1
4375,20361,20048,105,79213,77179,1674,79895,122075,99,1,1
4376,12386,23280,135,56088,54674,3179,56697,95633,67,1,1
4377,16641,11811,105,114881,113369,2464,115426,146436,63,1,2
4378,21739,22485,112,62985,60741,1732,63704,109765,109,1,1
4379,12213,11383,100,55537,54182,1710,56071,81471,63,1,1
4380,11140,413,177,59106,58848,1736,59521,72913,3,1,1
4381,16312,12829,148,42496,41015,2746,43121,75130,68,1,1
4382,16777,15925,98,102704,100782,5506,103302,141607,82,1,2
4383,4966,205,94,35781,35555,1815,36074,43152,1,1,1
4384,4511,205,125,37464,37258,1694,37805,44304,1,1,1
4385,52734,26820,160,74378,71845,28779,75229,183662,128,1,1
4386,10589,8562,105,71530,70409,1717,72026,92976,50,1,1
4387,8890,8686,105,79629,78437,4060,80139,101875,51,1,1
4388,9234,1336,96,94972,94467,11936,95314,117913,10,1,2
4389,15038,8797,193,57046,56008,9550,57625,91116,47,1,1
4390,14717,10575,104,61239,60001,1741,61753,88869,57,1,1
4391,5400,4304,112,49775,49055,5389,50208,65400,28,1,1
4392,9210,3819,99,44829,44188,2604,45223,60948,25,1,1
4393,16018,19140,157,59783,58098,2097,60641,98013,79,1,1
4394,4336,339,146,36526,36287,1821,36919,43518,2,1,1
4395,42158,37284,107,104439,101006,5215,105359,190119,166,1,2
4396,14680,12832,102,89133,87578,6027,89685,123320,67,1,2
4397,4787,201,102,24804,24572,1736,25120,31937,1,1,1
4398,4076,200,104,24432,24238,1684,24746,30796,1,1,1
4399,41258,27469,165,83045,80438,2346,83900,155083,129,1,1
4400,7745,6436,101,68846,67906,3440,69297,87009,39,1,1
4401,7164,5943,106,59916,58992,4481,60374,78066,37,1,1
4402,17407,6489,96,68902,57671,1868,69525,95395,36,1,1
4403,12230,11973,103,64536,63099,2208,65091,91593,66,1,1
4404,4475,186,102,57053,56796,1978,57379,64131,1,1,1
4405,22928,25520,117,62584,60094,1710,63368,113638,122,1,1
4406,9781,7011,103,87752,86674,1791,88210,106888,40,1,2
4407,4629,358,161,44283,44031,1764,44673,51514,3,1,1
4408,10948,7560,108,93989,92867,11791,94474,124867,43,1,2
4409,9353,4970,106,90064,89180,6701,90492,111613,29,1,2
4410,5877,199,96,27514,27300,1724,27819,35715,1,1,1
4411,4190,195,91,17293,17116,1649,17597,23716,1,1,1
4412,4305,200,103,25438,25235,1787,25756,32138,1,1,1
4413,16083,14270,104,71567,69979,3011,72145,105598,75,1,1
4414,9431,4987,148,68523,67788,1768,68989,85266,30,1,1
4415,14168,12115,101,74494,73079,1661,75063,103093,67,1,1
4416,17697,18640,120,73824,71907,1853,74525,112815,93,1,1
4417,11785,11190,104,56305,54966,1744,56837,81647,62,1,1
4418,5589,205,137,91623,91385,1971,92007,99916,1,1,1
4419,4338,202,218,59109,58888,1747,59553,65941,1,1,1
4420,18895,19016,116,48660,46680,1762,49327,89102,93,1,1
4421,9897,8485,111,38527,37406,1704,39028,59205,48,1,1
4422,4176,199,125,38476,38267,1714,38813,44990,1,1,1
4423,4137,197,185,38515,38288,1734,38974,45134,1,1,1
4424,41916,38164,108,99493,95833,4414,100440,185033,171,1,2
4425,7803,2885,99,57970,57430,15330,58354,84454,19,1,1
4426,4162,321,102,19525,19286,1739,19848,26164,2,1,1
4427,24678,21459,104,83000,80868,1752,83717,131711,104,1,1
4428,9667,8508,166,67164,66081,1816,67739,87826,48,1,1
4429,11614,4790,106,69087,68302,2013,69516,88043,30,1,1
4430,21412,24808,106,66972,64508,1439,67737,115501,119,1,1
4431,13374,12230,102,78319,76885,1712,78940,106356,66,1,1
4432,7044,256,128,58955,58739,1439,59322,68152,1,1,1
4433,41766,12974,125,40019,38588,17238,40598,112679,67,1,1
4434,19048,15769,109,67160,65416,3399,67780,106089,83,1,1
4435,27208,21173,417,61641,58919,3557,63014,115116,81,1,1
4436,5098,297,193,39312,39068,2078,39757,47357,1,1,1
4437,27430,24647,133,113968,111251,3312,115073,170609,99,1,1
4438,18823,18066,345,121400,119196,3018,122631,162687,72,1,1
4439,35037,36614,217,153706,149982,2608,155384,229980,136,1,1
4440,16550,16676,182,110171,107946,2325,111304,146990,68,1,1
4441,4871,375,175,99426,99108,4472,99900,109749,1,1,1
4442,5850,263,140,91686,91387,2230,92168,100630,1,1,1
4443,39862,27457,240,97518,94516,2271,98809,168532,107,1,1
4444,21004,19165,189,75791,73350,2203,76811,119324,82,1,1
4445,5348,438,155,54490,54178,3201,54948,64073,1,1,1
4446,53554,54954,244,177071,171426,3873,179002,291565,193,1,2
4447,37752,21945,257,136423,133842,4852,137707,202546,95,1,2
4448,5438,335,139,34352,34100,3196,34756,43847,1,1,1
4449,4902,235,114,32040,31804,1991,32381,39649,1,1,1
4450,6008,241,143,39617,39323,2180,40040,48612,1,1,1
4451,24363,19799,176,123927,121999,1890,124929,171127,72,1,2
4452,9030,7455,128,78253,77182,2137,78809,97530,43,1,1
4453,21323,18465,104,76305,74298,2069,76937,118887,90,1,1
4454,9515,10132,142,65078,63851,3700,65648,89096,54,1,1
4455,5466,198,103,54055,53863,1730,54367,61847,1,1,1
4456,12622,11716,107,66648,65215,1793,67210,93432,65,1,1
4457,4158,204,176,57861,57632,1895,58310,64692,1,1,1
4458,19621,20678,115,60579,58538,1779,61277,103465,99,1,1
4459,10357,8955,106,41467,40318,3126,41960,64490,51,1,1
4460,5300,321,97,37350,37111,1739,37663,45120,3,1,1
4461,42072,36159,109,103521,100220,19920,104431,202683,161,1,2
4462,11503,6652,189,100800,99698,7421,101350,127044,37,1,2
4463,4979,270,103,26412,26194,1740,26730,33815,1,1,1
4464,4092,205,95,25570,25362,1717,25872,31986,1,1,1
4465,22578,20144,108,82314,80138,1770,83027,127619,101,1,1
4466,12028,10624,105,89400,88082,1749,89979,114478,61,1,1
4467,6519,5397,107,57165,56365,5351,57611,74980,33,1,1
4468,7508,639,93,57698,57427,1826,58019,68083,5,1,1
4469,11077,10422,121,59152,57861,1837,59700,83125,59,1,1
4470,10988,878,139,58862,58540,1706,59245,72915,7,1,1
4471,19676,18144,139,45475,43614,1716,46176,85813,90,1,1
4472,10148,8420,100,37231,36164,1690,37714,58061,48,1,1
4473,4258,206,107,37519,37279,1824,37836,44213,1,1,1
4474,4141,208,105,38205,38006,1705,38521,44664,1,1,1
4475,10129,4183,104,62296,61640,34847,62697,111940,26,1,1
4476,9126,5535,143,62076,61268,16940,62551,94245,32,1,1
4477,4411,200,104,22712,22518,2110,23015,29832,1,1,1
4478,6623,2687,109,62545,61963,1743,62946,74094,19,1,1
4479,12854,5824,100,67976,67166,8545,68403,95722,34,1,1
4480,10631,11023,102,67164,65846,1761,67695,91207,61,1,1
4481,16205,12594,200,66473,65049,3266,67131,99301,66,1,1
4482,7365,6957,117,47256,46303,4882,47749,67054,41,1,1
4483,9602,11011,114,39482,38836,1708,39901,62315,25,1,1
4484,11830,11995,107,57205,55819,1717,57756,83387,64,1,1
4485,49469,41779,165,125801,121995,3016,126915,221466,184,1,2
4486,14714,14334,106,93429,91727,4458,94023,127623,74,1,2
4487,4378,200,101,25129,24892,1796,25448,31916,1,1,1
4488,34407,29687,105,83393,80540,1698,84225,150125,142,1,1
4489,15305,15413,100,85365,83637,2378,86015,119218,82,1,1
4490,21812,21281,120,74249,72075,1786,74973,119954,107,1,1
4491,8629,6882,117,60958,60007,2313,61426,79343,41,1,1
4492,15818,7776,127,66820,65824,2123,67318,93139,44,1,1
4493,4504,194,147,54133,53920,1673,54495,60982,1,1,1
4494,17032,16939,110,61630,59744,1723,62287,98079,90,1,1
4495,15785,15618,113,56200,54468,2015,56823,90334,83,1,1
4496,4634,190,118,42670,42461,1763,43013,49706,1,1,1
4497,41068,43139,113,119561,115731,4078,120619,209016,189,1,2
4498,14885,11814,103,95374,93887,5858,95910,128570,62,1,2
4499,5093,336,110,51653,51342,1829,51981,59343,2,1,2
4500,27006,24724,125,78046,75549,2241,78826,132904,122,1,1
4501,8514,6657,100,81371,80454,1704,81881,98850,40,1,1
4502,12887,8193,105,61857,60795,2780,62342,86299,47,1,1
4503,3198,1866,97,69636,69161,4764,70005,79930,14,1,1
4504,11376,7049,110,92997,92063,2336,93464,114316,41,1,1
4505,12644,13327,102,89274,87345,2319,89899,118313,72,1,1
4506,4681,282,236,70570,70314,1960,71089,78120,1,1,1
4507,5105,265,159,103226,102850,2216,103730,111457,1,1,1
4508,44068,13906,155,93509,91942,34729,94133,187009,53,1,1
4509,28224,8038,179,66717,65642,5942,67563,110110,37,1,1
4510,13260,4345,120,34190,33342,17249,34708,69669,23,1,1
4511,28076,9558,148,52201,50786,26510,52957,117411,44,1,1
4512,32333,16494,179,67476,65500,4137,68438,121536,65,1,1
4513,5549,465,153,60793,60433,2110,61261,69521,2,1,1
4514,56771,39521,160,153988,149979,16056,155480,268165,139,1,2
4515,19931,8721,168,128041,126533,7670,128894,165536,39,1,2
4516,5855,253,155,30653,30375,2158,31146,39746,1,1,1
4517,18359,301,209,34632,34353,2239,35187,56244,1,1,1
4518,5486,247,151,23682,23397,2054,24088,32010,1,1,1
4519,8769,5895,99,77338,76335,7893,77839,100510,29,1,1
4520,24898,19625,269,110352,108156,2150,111533,158341,79,1,1
4521,25163,22305,141,82508,80223,7048,83503,138189,90,1,1
4522,21564,19896,169,113738,111320,15889,114694,172396,83,1,1
4523,27043,27920,292,95126,92342,3234,96421,155151,115,1,1
4524,13520,12620,267,82081,80473,2366,83040,111714,57,1,1
4525,6169,595,213,96052,95557,2229,96701,105867,3,1,1
4526,7854,267,199,73048,72793,1868,73531,83630,1,1,1
4527,15181,12272,160,43706,42196,3328,44319,75194,63,1,1
4528,8968,6955,105,40676,39638,1726,41148,58888,40,1,1
4529,4410,312,96,38023,37768,1846,38329,44988,2,1,1
4530,10032,3638,105,62409,61712,29709,62818,106294,23,1,1
4531,16451,14065,101,75497,73878,2472,76068,109151,73,1,1
4532,3884,199,186,24013,23818,1793,24416,30395,1,1,1
4533,25927,25618,109,85569,83000,2233,86345,140233,125,1,1
4534,12391,11474,102,75951,74576,1671,76481,102118,62,1,1
4535,3953,286,105,73724,73482,1974,74121,80438,2,1,1
4536,21479,22327,117,60989,58741,1774,61727,107412,111,1,1
4537,13386,12981,101,65680,64240,2462,66245,95173,68,1,1
4538,41854,41230,109,111846,108191,3930,112822,199938,180,1,2
4539,14727,12550,153,92682,91172,4674,93296,125359,64,1,2
4540,4836,195,102,24845,24653,1790,25148,32060,1,1,1
4541,23698,24019,104,79374,77024,1768,80119,129699,118,1,1
4542,14628,11762,93,73210,71830,2162,73749,102393,65,1,1
4543,3235,2119,161,58998,58509,945,59448,65856,15,1,1
4544,28055,27860,102,72514,70000,1691,73277,130977,127,1,1
4545,8532,5163,103,141649,140747,1679,142076,157539,33,1,2
4546,4555,205,94,60723,60527,1707,61036,67589,1,1,1
4547,20628,22247,135,60581,58409,1750,61360,106083,107,1,1
4548,15564,15730,101,53404,51748,2490,53998,87878,81,1,1
4549,4499,599,101,43824,43527,1742,44167,51106,5,1,1
4550,41325,41088,109,102122,98463,3805,103088,189702,179,1,2
4551,14269,12431,220,98551,97029,5717,99253,131769,64,1,2
4552,4210,209,97,25667,25462,1733,25989,32247,1,1,1
4553,4093,197,104,25511,25316,1724,25835,31944,1,1,1
4554,23876,24162,112,79433,77039,1713,80196,130050,119,1,1
4555,9740,7759,105,77492,76505,1728,77962,97274,44,1,1
4556,813,371,137,41587,41352,1019,41959,44263,3,1,1
4557,33246,39093,105,84635,81204,1712,85591,159740,178,1,1
4558,12216,12481,101,61514,60057,2094,62070,88952,69,1,1
4559,5082,198,97,62049,61826,1788,62367,69533,1,1,1
4560,4181,208,185,56506,56300,1666,56912,63058,1,1,1
4561,16285,18013,107,46761,44877,1760,47419,83581,92,1,1
4562,13121,11829,100,39654,38319,1702,40191,66935,63,1,1
4563,4203,197,98,36059,35846,1698,36376,42568,1,1,1
4564,4246,200,101,35871,35678,1677,36197,42414,1,1,1
4565,41487,38366,109,111071,106716,3858,112075,195887,172,1,2
4566,12568,8315,113,84414,83208,1730,84912,107616,48,1,2
4567,4422,202,103,22093,21901,1682,22416,28820,1,1,1
4568,4331,207,96,25547,25350,1667,25856,32154,1,1,1
4569,23905,22890,105,81806,79524,1701,82533,131134,113,1,1
4570,9281,6359,99,86144,85191,1790,86654,104182,39,1,1
4571,4466,199,100,52936,52707,1707,53264,59730,1,1,1
4572,1936,518,92,44769,44503,940,45094,48580,4,1,1
4573,34928,40775,128,70869,67366,1682,71845,149331,179,1,1
4574,14485,16010,103,58978,57298,1754,59605,91945,82,1,1
4575,5741,215,116,70649,70418,1799,71067,78925,1,1,1
4576,13765,11108,132,44976,43642,1726,45570,72266,61,1,1
4577,12479,10520,95,107351,105910,6520,107860,137478,57,1,2
4578,4260,350,90,42945,42706,1704,43248,49651,3,1,1
4579,4477,207,102,37491,37291,2126,37815,44713,1,1,1
4580,42229,28205,106,82889,80254,19342,83731,173608,131,1,1
4581,15062,13295,105,72574,71072,2610,73147,104209,71,1,1
4582,4348,295,95,23128,22888,1736,23448,29923,2,1,1
4583,13381,12909,113,75804,74290,5630,76375,108392,70,1,1
4584,9417,4879,104,65562,64857,1712,65983,82082,28,1,1
4585,16828,18926,153,74208,72220,1744,74925,112526,96,1,1
4586,4391,199,94,56022,55819,1649,56335,62670,1,1,1
4587,42134,11736,139,41132,39774,29211,41715,124901,61,1,1
4588,14932,2397,104,39893,39435,11181,40261,68863,15,1,1
4589,9674,1765,88,23597,23166,15874,23938,51340,13,1,1
4590,16364,8104,100,38770,37777,12896,39233,76693,44,1,1
4591,26130,26489,159,69125,67566,6264,69790,128773,74,1,1
4592,41782,38488,104,110263,106837,5889,111191,197451,167,1,2
4593,11997,9071,114,87049,85770,9025,87561,117755,51,1,2
4594,6366,200,119,36742,36532,2239,37086,45986,1,1,1
4595,4433,199,92,23320,23128,1686,23605,30009,1,1,1
4596,28387,26715,173,81042,78428,1683,81904,138791,129,1,1
4597,11884,10556,100,70449,69182,3157,70976,96662,59,1,1
4598,838,295,124,31385,31150,1424,31732,34387,2,1,1
4599,36458,39080,99,71215,67791,1756,72158,149546,176,1,1
4600,9801,5020,149,58565,57766,1706,59044,75672,31,1,1
4601,8305,6869,99,65920,64965,1767,66379,83411,42,1,1
4602,4814,586,91,60325,60053,2333,60641,68466,5,1,1
4603,19927,21051,130,59482,57418,1704,60193,102984,102,1,1
4604,16097,15261,199,47288,45624,1777,47985,81227,79,1,1
4605,4427,331,91,35712,35471,1722,36022,42595,3,1,1
4606,3083,873,101,29181,28868,11025,29527,44616,7,1,1
4607,27757,24804,103,72485,70072,4849,73224,130729,120,1,1
4608,13560,8173,100,86770,85603,6010,87245,115082,47,1,2
4609,4633,198,104,27000,26813,1763,27327,34011,1,1,1
4610,4469,202,92,17512,17327,1687,17790,24236,1,1,1
4611,4275,199,98,37249,37048,1848,37621,44040,1,1,1
4612,4410,201,124,25828,25620,1687,26166,32554,1,1,1
4613,6957,4701,100,43117,42388,4543,43526,59821,29,1,1
4614,18461,10713,107,65218,63991,2279,65730,97277,56,1,1
4615,14175,11474,125,77440,76024,2096,78005,105843,63,1,1
4616,19231,17389,107,66719,64856,1587,67367,105678,90,1,1
4617,10079,8676,197,60253,59113,1687,60850,81388,51,1,1
4618,4271,195,96,56625,56424,1748,56940,63256,1,1,1
4619,4375,188,121,55619,55429,1693,55964,62323,1,1,1
4620,17241,17374,142,51347,49509,1689,52031,88434,89,1,1
4621,12356,11135,164,42811,41490,1710,43402,68698,61,1,1
4622,1831,195,99,42967,42770,2826,43259,48200,1,1,1
4623,4565,197,99,35688,35500,1738,35984,42571,1,1,1
4624,41297,33968,108,96672,93523,7168,97544,180077,152,1,2
4625,9929,5577,174,59902,59114,10918,60428,86946,33,1,1
4626,4124,199,124,18562,18345,1703,18894,25012,1,1,1
4627,4106,211,117,36048,35830,1736,36483,42633,1,1,1
4628,4768,1978,95,48551,48096,6488,48915,62233,14,1,1
4629,18173,13240,108,65421,63954,5412,65992,102913,68,1,1
4630,14820,13948,102,74701,73161,1743,75268,105882,72,1,1
4631,3686,2071,102,45600,45125,4821,45975,56658,15,1,1
4632,11379,6865,97,65675,64707,1851,66236,86431,42,1,1
4633,12953,11781,95,111267,109769,3171,111816,139813,65,1,2
4634,12290,1699,102,62972,62536,1747,63362,79200,12,1,1
4635,14043,13804,112,41200,39705,1760,41804,71512,71,1,1
4636,11459,8018,103,93050,91896,7303,93529,120404,45,1,2
4637,4508,212,166,37434,37200,1712,37829,44359,1,1,1
4638,4377,211,98,36929,36723,1773,37253,43704,1,1,1
4639,41997,22411,109,70224,68026,23993,70949,159451,109,1,1
4640,14056,13168,102,73779,72280,2250,74341,103900,70,1,1
4641,2752,1173,101,83581,83206,6150,83987,94160,9,1,1
4642,13339,8413,105,110944,109876,1681,111419,134948,46,1,1
4643,11612,10599,94,80924,79654,1696,81436,105433,59,1,1
4644,5041,210,135,65854,65663,2175,66199,73717,1,1,1
4645,4147,199,94,66068,65867,1672,66504,72607,1,1,1
4646,21013,21339,156,60727,58581,1720,61479,105653,105,1,1
4647,13374,14181,106,48893,47341,2421,49470,79538,75,1,1
4648,4307,324,97,35996,35723,2412,36322,43460,3,1,1
4649,42355,34325,104,101994,98917,7400,102858,187047,151,1,2
4650,12988,10281,95,102076,100747,6929,102700,133001,55,1,2
4651,4444,205,101,25939,25732,2495,26259,33498,1,1,1
4652,4402,203,103,24653,24463,1697,24964,31360,1,1,1
4653,19752,18181,107,85518,83617,1819,86187,126046,93,1,1
4654,10260,9666,119,81078,79986,2395,81699,104142,46,1,1
4655,6552,5320,234,63958,63042,6101,64544,82616,33,1,1
4656,9022,3838,104,58797,58185,1733,59188,73870,24,1,1
4657,12024,11499,102,65693,64277,1802,66229,91646,63,1,1
4658,4448,199,96,75828,75578,2318,76160,83248,1,1,1
4659,23445,36557,171,63292,60816,2336,64150,126584,120,1,1
4660,5759,2288,90,78007,77324,1728,78379,88255,16,1,2
4661,8122,2446,95,37325,36848,1750,37685,50089,16,1,1
4662,41941,33698,107,109594,106403,7334,110480,193560,151,1,2
4663,10324,4188,104,86354,85566,6597,86770,107970,26,1,2
4664,5445,202,179,28863,28669,1759,29258,36763,1,1,1
4665,4108,196,96,17176,16968,1663,17470,23527,1,1,1
4666,4510,310,106,25693,25480,1732,26035,32694,2,1,1
4667,9852,8114,106,49916,48893,4162,50399,72623,45,1,1
4668,12992,11002,95,63918,62629,1709,64432,90217,59,1,1
4669,14831,13566,101,74949,73456,1674,75507,105673,71,1,1
4670,43486,12180,142,79261,77878,28388,79878,164042,63,1,1
4671,18753,4121,102,46996,46354,17159,47418,87555,25,1,1
4672,23859,7756,98,47800,46839,11438,48262,91405,42,1,1
4673,15328,13576,122,219845,218257,8836,220443,258285,72,1,1
4674,6163,200,96,63204,63006,1760,63533,71746,1,1,1
4675,5361,198,93,68230,68027,1724,68575,75960,1,1,1
4676,17248,16963,108,44781,42977,1916,45423,81659,85,1,1
4677,10353,8288,102,37119,36083,1694,37596,58023,46,1,1
4678,1971,216,164,36485,36298,2468,36852,41597,1,1,1
4679,4504,209,103,37059,36847,1724,37380,43910,1,1,1
4680,42056,34214,111,96193,93020,5807,97093,179276,155,1,2
4681,9049,5222,143,62188,61419,11553,62662,88585,31,1,1
4682,4336,198,124,18748,18546,1738,19081,25447,1,1,1
4683,20407,19884,143,91431,89285,1827,92146,134424,98,1,2
4684,8687,4178,192,56155,55486,1671,56648,71273,27,1,1
4685,11517,9969,97,81229,79978,1692,81743,105011,57,1,1
4686,23014,24311,174,63491,61153,1710,64309,113446,116,1,1
4687,12448,10842,108,58175,56888,1685,58714,83780,60,1,1
4688,8523,199,115,57929,57729,1683,58273,68775,1,1,1
4689,19126,15525,168,42086,40456,1813,42761,79333,78,1,1
4690,13227,11069,100,95208,93831,6942,95724,127054,58,1,2
4691,6049,4165,123,57431,56759,6670,57872,74856,26,1,1
4692,21729,19904,100,74866,72838,2329,75530,119580,98,1,1
4693,16364,17426,100,86319,84520,4695,87000,125581,88,1,1
4694,18042,18831,113,71244,69281,1774,71909,110657,94,1,1
4695,8398,2051,98,89631,89044,1677,90006,102225,15,1,2
4696,10782,5618,100,51890,51081,9973,52336,78804,34,1,1
4697,15030,9615,105,73347,72199,1725,73905,100371,53,1,1
4698,8064,7064,125,42503,41524,3776,43000,62002,42,1,1
4699,10795,3967,102,38974,38319,1770,39388,56010,26,1,1
4700,15083,15592,173,48752,47100,1665,49423,81851,80,1,1
4701,4292,234,120,34579,34378,1667,34927,41222,1,1,1
4702,41322,40624,164,113620,110057,3924,114642,200614,176,1,2
4703,13177,10948,267,101778,100346,5303,102472,131997,59,1,2
4704,3428,199,92,27305,27103,2217,27603,33541,1,1,1
4705,4120,200,93,27121,26928,1796,27411,33616,1,1,1
4706,4112,313,107,25184,24976,1710,25521,31748,2,1,1
4707,8741,4535,103,95608,94748,1690,96033,111098,29,1,2
4708,8150,5793,107,81249,80152,2135,81806,97990,36,1,1
4709,20906,22019,118,70196,67990,1795,70935,115757,107,1,1
4710,6614,192,104,56255,56047,2323,56586,65812,1,1,1
4711,12651,12425,108,62460,61001,1718,63037,89922,68,1,1
4712,5551,181,146,57057,56847,1474,57427,64736,1,1,1
4713,17134,17440,132,55868,53963,2210,56536,93424,90,1,1
4714,6085,1453,94,76624,76128,1408,76976,86014,10,1,2
4715,6461,940,99,36801,36488,1678,37134,46306,7,1,1
4716,41776,39906,108,102487,98965,5967,103472,191223,175,1,2
4717,11212,5308,145,84520,83622,6322,84999,107938,33,1,2
4718,5106,214,93,24278,24096,1701,24567,31681,1,1,1
4719,4462,384,102,18741,18493,1782,19076,25797,3,1,1
4720,23303,21778,112,80590,78451,1689,81296,128169,105,1,1
4721,9793,8365,101,74848,73824,1721,75334,95320,46,1,1
4722,13908,8235,196,63980,62981,1740,64557,88547,45,1,1
4723,10428,9836,107,59886,58685,3872,60407,84644,54,1,1
4724,13005,13137,111,57951,56467,1742,58539,86522,71,1,1
4725,4404,206,93,57328,57144,1731,57629,64066,1,1,1
4726,6161,200,103,67881,67666,1772,68242,76471,1,1,1
4727,17724,16683,103,44900,43133,1755,45526,81791,85,1,1
4728,11228,9362,110,37836,36683,1762,38348,60790,53,1,1
4729,4367,198,96,38023,37813,1700,38346,44707,1,1,1
4730,4242,208,120,36973,36764,1771,37301,43616,1,1,1
4731,12273,4042,100,60021,59397,32855,60415,109676,24,1,1
4732,43486,46982,190,111637,105649,13123,113146,216955,181,1,1
4733,5506,424,151,35884,35592,2022,36275,44538,1,1,1
4734,6034,246,129,25131,24868,1864,25490,33929,1,1,1
4735,28262,28454,192,117213,114326,3130,118403,178584,116,1,1
4736,12880,12370,318,148836,147128,2316,149899,177800,57,1,1
4737,7610,2405,136,124672,124054,2195,125213,137643,13,1,1
4738,27721,28280,152,95491,92818,2271,96661,155276,114,1,1
4739,12521,10015,153,77414,76114,2164,78165,103210,49,1,1
4740,2641,1260,336,49573,49011,13692,50261,68382,6,1,1
4741,48914,34796,192,168411,164957,6238,170347,260653,115,1,2
4742,18638,17806,166,118787,116684,5753,119583,161897,78,1,2
4743,5055,284,113,29626,29386,1900,29988,37349,1,1,1
4744,21228,20023,102,96771,94568,1803,97503,140670,102,1,1
4745,13453,13558,101,75645,74125,1747,76220,105070,73,1,1
4746,43073,27559,118,83140,80559,11691,83944,166372,125,1,1
4747,7343,539,93,79605,79365,1798,80027,89801,4,1,1
4748,7941,2769,101,43247,42751,11134,43619,65553,17,1,1
4749,19901,14963,163,78180,75177,9724,79113,123901,64,1,1
4750,14463,6790,228,87465,85673,2551,88355,112420,34,1,1
4751,29084,29887,222,109773,106518,2429,111190,173017,110,1,1
4752,22644,21799,219,104624,102181,2378,105843,153012,81,1,1
4753,61369,54688,354,134872,130958,5130,136794,258650,167,1,2
4754,13354,10018,139,99766,98427,6252,100328,130044,52,1,2
4755,6326,242,181,27128,26922,1824,27558,36048,1,1,1
4756,4338,199,98,26517,26336,1681,26812,33118,1,1,1
4757,23100,21534,105,79797,77494,1798,80514,127046,107,1,1
4758,9250,6715,100,61897,60870,2954,62412,81445,40,1,1
4759,22061,18565,293,119315,116983,2464,120521,164039,68,1,1
4760,38932,24600,282,131705,128446,2712,133237,199692,93,1,1
4761,11132,9837,201,73972,72673,1802,74661,97541,55,1,1
4762,4403,237,130,64251,64035,1887,64607,71235,1,1,1
4763,4184,219,92,62133,61944,1762,62418,68677,1,1,1
4764,20392,21789,145,57564,55308,1713,58337,102330,106,1,1
4765,13221,12444,100,41436,39987,1702,41987,69450,67,1,1
4766,6981,201,106,42621,42404,1683,42954,51914,1,1,1
4767,4382,203,93,35118,34918,1677,35403,41751,1,1,1
4768,41177,38475,113,102931,99444,4185,103883,187820,171,1,2
4769,10174,5205,101,96925,96014,10045,97402,122927,32,1,2
4770,4456,201,105,26394,26159,1797,26720,33264,1,1,1
4771,4174,208,106,23173,22924,2142,23516,30158,1,1,1
4772,18436,16971,133,77255,75422,1792,77938,115251,86,1,1
4773,9700,2593,97,68878,68363,1673,69241,83310,17,1,1
4774,9859,9340,101,50883,49715,1883,51389,72566,53,1,1
4775,9590,4848,100,72508,71732,14434,72983,101961,30,1,1
4776,10704,11681,115,59739,58396,4152,60297,86936,61,1,1
4777,11966,11469,98,56620,55237,1756,57156,82444,65,1,1
4778,4230,208,99,58289,58085,1744,58608,64894,1,1,1
4779,4955,281,98,56669,56446,1687,56993,64007,2,1,1
4780,2001,552,151,38371,38094,1022,38752,42417,5,1,1
4781,26842,25158,101,45060,42645,1729,45814,99636,121,1,1
4782,9966,7538,103,39115,38113,2584,39584,59763,44,1,1
4783,4254,201,107,38288,38090,1755,38599,44907,1,1,1
4784,1221,536,98,58854,58588,29763,59189,90801,4,1,1
4785,13135,10137,108,73167,71872,1672,73698,98736,57,1,1
4786,4931,211,131,24509,24300,1692,24868,31799,1,1,1
4787,22508,21748,106,84057,81905,1699,84760,130816,107,1,1
4788,10822,9065,105,72923,71719,1846,73435,95260,52,1,1
4789,11707,7425,95,76993,75825,2193,77532,98994,43,1,1
4790,9576,8757,125,56377,55249,4428,56922,79786,50,1,1
4791,6805,5538,142,55621,54785,3490,56113,72041,34,1,1
4792,41379,43226,106,119065,115207,2526,120078,207309,189,1,2
4793,16545,29040,205,107413,105472,4123,108186,158000,88,1,2
4794,4741,226,102,44909,44711,1763,45235,52063,1,1,1
4795,4143,208,94,26296,26109,1787,26586,32822,1,1,1
4796,4106,197,103,24167,23974,1730,24480,30608,1,1,1
4797,1620,277,95,38703,38493,927,39019,41937,2,1,1
4798,37023,37847,100,72341,68933,1706,73303,149977,176,1,1
4799,14655,14091,101,85578,84014,1786,86207,116843,74,1,1
4800,2717,1737,101,55789,55372,934,56162,61650,12,1,1
4801,31780,40745,138,86528,83422,1715,87445,161786,156,1,1
4802,8680,7039,102,70756,69752,1684,71225,88717,43,1,1
4803,7439,1032,191,63589,63232,1493,64021,74089,8,1,1
4804,8118,7208,112,55626,54600,4845,56116,76390,42,1,1
4805,13340,13194,98,52788,51250,2497,53351,82473,71,1,1
4806,4556,205,93,41414,41222,1750,41719,48317,1,1,1
4807,41589,39745,109,105499,101899,3645,106461,191546,176,1,2
4808,13092,11930,200,93437,91944,6770,94079,125972,62,1,2
4809,4271,206,182,27387,27109,2107,27799,34488,1,1,1
4810,4295,204,112,27596,27369,1883,27935,34414,1,1,1
4811,17978,16684,134,78822,76961,1679,79497,115943,87,1,1
4812,10631,8445,110,77401,76305,1689,77923,98789,49,1,1
4813,3075,1779,174,38670,38227,4380,39117,48448,13,1,1
4814,13916,11456,109,58127,56769,1721,58673,85849,63,1,1
4815,12519,12256,94,60588,59173,1709,61132,87713,67,1,1
4816,5927,204,103,62968,62762,1679,63296,71212,1,1,1
4817,4365,197,184,55944,55759,1695,56345,62691,1,1,1
4818,18230,18054,115,46233,44334,1683,46900,84967,92,1,1
4819,14130,13519,102,53411,51898,1737,54005,83496,73,1,1
4820,4174,207,101,37179,36974,1697,37490,43662,1,1,1
4821,4637,342,98,36468,36211,1717,36792,43586,3,1,1
4822,41777,36690,111,138976,135530,11404,139946,229924,166,1,2
4823,7022,3189,96,60686,60090,16113,61082,87497,21,1,1
4824,5200,197,99,18907,18692,1689,19222,26402,1,1,1
4825,8648,935,93,22143,21820,1816,22466,33955,7,1,1
4826,4410,200,102,25506,25294,1754,25815,32274,1,1,1
4827,29583,29874,103,82758,79935,2221,83589,145372,142,1,1
4828,12353,12465,106,91905,90430,1720,92559,119199,68,1,1
4829,16797,15871,116,72664,70113,2046,73330,108172,81,1,1
4830,14795,12359,204,115871,114264,1787,116550,145595,67,1,2
4831,15966,16142,166,45113,43426,1881,45788,79890,80,1,1
4832,14132,14755,100,101473,99777,3690,102050,134724,76,1,2
4833,4648,292,124,38803,38569,1763,39157,45956,2,1,1
4834,41393,38200,133,75109,71762,11296,76079,167068,170,1,1
4835,15536,15769,199,75333,73576,1723,76053,109189,85,1,1
4836,4689,212,99,22965,22729,1809,23264,30081,1,1,1
4837,6484,3191,95,57688,57092,4789,58074,72636,22,1,1
4838,8109,4021,96,75972,75302,2537,76362,91119,25,1,1
4839,10213,8989,100,75117,73971,1719,75614,96623,52,1,1
4840,10022,6801,192,83217,82325,1692,83775,102389,39,1,1
4841,25064,26948,106,63223,60695,1773,64014,117934,127,1,1
4842,13453,13355,101,54944,53466,2568,55521,85001,71,1,1
4843,40880,40931,126,126462,122817,4387,127497,213801,181,1,2
4844,18348,17943,109,91766,89802,4673,92404,133462,90,1,2
4845,8329,300,177,39686,39428,2344,40116,51213,1,1,1
4846,4234,199,97,24122,23920,1713,24419,30656,1,1,1
4847,20139,17572,114,75325,73487,1804,75974,115594,87,1,1
4848,10144,8074,202,72977,71939,1826,73578,93724,46,1,1
4849,5891,4863,102,62831,62060,5829,63260,79944,30,1,1
4850,22580,7500,253,102433,100976,2465,103315,136237,32,1,1
4851,10983,10332,193,93916,92350,2079,94668,118200,57,1,1
4852,4289,269,127,63601,63392,1853,63968,70476,1,1,1
4853,21980,23392,105,68663,66276,2455,69400,117330,111,1,1
4854,12570,13366,107,50889,49430,1712,51452,79189,69,1,1
4855,4666,196,94,35389,35189,2198,35693,42849,1,1,1
4856,51592,45255,212,106708,102714,3462,107859,208274,197,1,2
4857,11906,7902,106,85032,83895,6311,85507,111719,44,1,2
4858,4800,199,96,27323,27127,1707,27620,34411,1,1,1
4859,4462,200,90,16859,16666,1656,17139,23544,1,1,1
4860,4539,234,105,24923,24732,2248,25245,32361,1,1,1
4861,4715,200,97,25236,25043,1673,25547,32226,1,1,1
4862,4940,2378,96,41916,41433,6488,42279,56177,16,1,1
4863,16531,16053,105,79678,77968,2051,80329,115071,82,1,1
4864,8966,7688,102,48215,47212,6106,48703,71554,44,1,1
4865,13980,11159,106,63944,62643,1710,64472,91415,60,1,1
4866,7492,5738,101,54736,53856,4168,55189,72688,35,1,1
4867,16187,6867,97,74169,73259,2470,74620,100251,38,1,1
4868,11931,10600,154,66873,65528,2435,67480,92548,60,1,1
4869,4338,226,96,56497,56294,1672,56811,63144,1,1,1
4870,19856,22046,134,52088,49915,1771,52831,96606,107,1,1
4871,14661,14925,100,39638,37969,2077,40229,71988,78,1,1
4872,5751,200,101,42869,42664,2324,43187,51557,1,1,1
4873,5099,296,137,37420,37185,1736,37774,45010,2,1,1
4874,42458,35489,105,97234,93970,6672,98147,182872,160,1,2
4875,8422,4224,92,67749,67058,13151,68156,94051,27,1,1
4876,4131,207,100,19058,18849,1733,19373,25534,1,1,1
4877,4227,206,95,23129,22924,1702,23435,29665,1,1,1
4878,7032,2300,102,62531,62021,1743,62913,74086,16,1,1
4879,13554,6616,137,67073,66185,8231,67568,96066,38,1,1
4880,12446,9337,145,67773,66630,1732,68319,92122,45,1,1
4881,17900,9953,103,58763,57623,3351,59274,90574,52,1,1
4882,10874,9621,103,57507,56288,4123,58038,82759,54,1,1
4883,10951,10453,105,70228,68956,1697,70843,94044,58,1,1
4884,5403,226,101,58022,57814,1692,58350,65766,1,1,1
4885,18630,15254,260,57058,55524,1724,57963,93689,67,1,1
4886,14458,14808,97,99767,97942,6384,100347,136090,77,1,2
4887,4196,205,119,38219,38010,2419,38556,45464,1,1,1
4888,41736,34657,178,78154,74907,14009,79129,169640,158,1,1
4889,10500,8634,100,72085,70996,1796,72575,93595,49,1,1
4890,22973,22249,114,89418,87128,1773,90146,137246,108,1,1
4891,7040,1294,176,69139,68765,2336,69560,80319,9,1,1
4892,13613,14556,114,82894,81221,1727,83495,113490,77,1,1
4893,4253,203,105,67719,67508,1794,68036,74383,1,1,1
4894,26904,30450,112,63209,60393,1730,64052,123235,142,1,1
4895,20182,9448,146,58158,57002,4234,58716,92678,53,1,1
4896,2384,900,120,59653,59321,13147,60035,76568,7,1,1
4897,15208,11041,101,32670,31389,1822,33194,61356,60,1,1
4898,4427,2274,97,58875,58395,11446,59245,77483,16,1,1
4899,11951,8370,100,28629,27580,2232,29103,51750,47,1,1
4900,1910,196,99,24022,23799,2503,24328,29029,1,1,1
4901,4249,210,104,24478,24257,1817,24800,31166,1,1,1
4902,22563,19444,228,77421,75412,1783,78228,122122,97,1,1
4903,9384,6979,100,68544,67566,2286,69006,87741,43,1,1
4904,1104,654,122,55947,55630,924,56311,59093,5,1,1
4905,38637,38344,98,98058,94716,1717,98980,177771,173,1,1
4906,9496,7581,231,69672,68622,1756,70295,89229,44,1,1
4907,4436,209,96,55459,55262,2178,55778,62697,1,1,1
4908,4795,200,94,61384,61199,1680,61686,68453,1,1,1
4909,24101,26898,113,61110,58591,1882,61905,114891,127,1,1
4910,11824,10616,206,45211,43925,1762,45851,70156,58,1,1
4911,4518,204,103,36681,36475,2613,36997,44425,1,1,1
4912,4091,201,102,34500,34297,1716,34819,40921,1,1,1
4913,41948,44644,137,108017,104518,6189,108978,201874,168,1,2
4914,13223,8870,101,110363,109070,5973,110862,139023,48,1,3
4915,4261,342,98,27914,27677,1758,28320,34777,3,1,1
4916,4653,197,118,24800,24595,1745,25144,31841,1,1,1
4917,9441,7045,104,48734,47806,3956,49193,69729,40,1,1
4918,17717,13874,104,67063,65570,2658,67645,101988,72,1,1
4919,10513,9534,98,66929,65687,1759,67425,89318,54,1,1
4920,15221,9827,98,64622,63483,4241,65120,94501,52,1,1
4921,33191,26582,158,72129,69677,1743,72957,134589,121,1,1
4922,11133,11261,100,57001,55660,2136,57530,82150,62,1,1
4923,5882,207,93,61926,61741,1769,62226,70176,1,1,1
4924,4705,198,90,55705,55521,1705,55995,62689,1,1,1
4925,18622,18272,136,55247,53350,1775,55990,94770,91,1,1
4926,12378,12169,145,42051,40651,1783,42839,69291,51,1,1
4927,4941,251,153,45684,45442,2133,46083,53528,1,1,1
4928,4464,196,104,37512,37299,1672,37838,44276,1,1,1
4929,42189,33849,107,96902,93720,6351,97789,180279,157,1,2
4930,7371,4859,101,59980,59221,12476,60407,85202,31,1,1
4931,4816,214,133,19490,19297,1836,19852,26815,1,1,1
4932,4900,618,104,58816,58401,1841,59154,66614,5,1,2
4933,19212,20083,104,77230,75205,3608,77892,120890,98,1,1
4934,11713,10057,125,78902,77643,1710,79448,103024,57,1,1
4935,21029,22286,140,62722,60520,1939,63476,108829,108,1,1
4936,11909,11823,106,57370,56002,1779,57916,83514,64,1,1
4937,7439,197,101,57540,57336,1722,57861,67314,1,1,1
4938,16474,16023,108,42212,40487,1774,42840,77212,83,1,1
4939,16680,17576,110,114927,112897,5059,115620,155041,91,1,2
4940,26135,22729,115,80864,78635,2265,81600,132829,110,1,1
4941,15222,14371,99,73191,71623,3433,73769,106887,75,1,1
4942,4753,13880,193,71937,71258,4189,72583,95513,24,1,1
4943,18047,10708,133,82642,81471,2363,83504,114734,44,1,1
4944,8994,6168,98,39877,39002,2295,40316,57867,37,1,1
4945,16355,14937,107,69488,67871,2068,70085,103541,79,1,1
4946,10633,21736,148,57267,55960,3469,57855,93796,60,1,1
4947,13621,13738,150,59506,57956,1876,60119,89445,73,1,1
4948,41493,41665,116,118095,114353,5665,119084,208015,183,1,2
4949,14414,10449,107,91179,89808,5908,91687,122554,55,1,2
4950,4711,315,152,28981,28740,1754,29352,36233,2,1,1
4951,4196,307,98,26376,26142,2319,26690,33607,3,1,1
4952,4120,210,107,24506,24305,1753,24822,31004,1,1,1
4953,5238,266,159,28578,28318,1860,28980,36462,1,1,1
4954,19262,19654,106,77501,75488,4091,78176,121279,98,1,1
4955,17795,16799,103,74002,72183,2931,74627,112248,89,1,1
4956,7780,5154,185,75026,74190,4703,75564,93302,33,1,1
4957,15149,9705,96,77126,75921,1683,77636,104270,55,1,1
4958,11857,10678,92,60665,59385,2070,61178,85877,60,1,1
4959,6315,1458,100,56069,55691,2561,56419,66843,11,1,1
4960,4561,204,201,56427,56230,1723,56882,63466,1,1,1
4961,21309,23941,144,62214,59900,1749,63001,110106,114,1,1
4962,12067,11116,160,50375,49041,1795,50978,76053,60,1,1
4963,4571,199,96,42658,42456,2640,42971,50477,1,1,1
4964,4188,195,98,42331,42142,1743,42630,48846,1,1,1
4965,41676,39906,110,104394,100786,5486,105350,192521,177,1,2
4966,11744,8130,190,113386,112091,1748,113947,135670,45,1,3
4967,4492,196,97,18686,18487,1688,19007,25481,1,1,1
4968,17783,15728,108,85480,83768,1761,86098,121476,81,1,1
4969,8704,6738,104,65629,64706,1698,66089,83329,40,1,1
4970,15438,23036,145,65345,63972,2812,65960,107354,65,1,1
4971,7192,6220,100,56053,55145,4872,56520,74901,38,1,1
4972,6049,202,90,58315,58132,1698,58627,66666,1,1,1
4973,10853,9908,101,57462,56211,1719,57976,80550,57,1,1
4974,7267,210,102,57148,56942,1685,57456,66717,1,1,1
4975,42194,16370,149,73919,72265,22308,74590,155565,78,1,1
4976,10226,2988,100,32368,31818,13696,32748,59765,19,1,1
4977,17842,6950,98,40311,39367,7255,40782,72915,40,1,1
4978,4173,200,98,37027,36831,1723,37335,43521,1,1,1
4979,4435,294,102,36944,36722,1754,37265,43842,2,1,1
4980,6069,1517,96,57006,56610,22995,57357,88039,12,1,1
4981,11887,7534,152,62107,61122,13444,62636,95622,43,1,1
4982,4143,200,90,21858,21656,1761,22145,28341,1,1,1
4983,4143,206,99,19326,19121,1696,19632,25768,1,1,1
4984,16710,20042,183,87841,85998,3683,88947,129495,83,1,1
4985,8516,2890,104,67622,67080,1715,68041,81254,19,1,1
4986,12159,12057,113,87629,86167,1778,88186,114271,66,1,1
4987,2878,197,186,66897,66698,2344,67296,72810,1,1,1
4988,20857,20135,130,60338,58238,1844,61049,103985,100,1,1
4989,12196,11789,126,55772,54397,1721,56337,82142,64,1,1
4990,20596,11013,110,97808,96378,1716,98367,131797,61,1,2
4991,14106,3649,150,31606,30971,14859,32117,64823,23,1,1
4992,11277,9940,95,96881,95512,1754,97387,120446,57,1,2
4993,4062,348,121,26027,25772,1407,26384,32298,3,1,1
4994,21713,18487,108,102528,100202,1929,103229,145487,91,1,1
4995,12639,8160,216,85260,84063,2403,86093,109621,39,1,1
4996,18635,13617,177,66093,64555,3074,66742,102171,69,1,1
4997,22990,22565,116,79333,77109,1737,80062,127464,108,1,1
4998,9300,7776,98,108173,106987,1790,108653,127617,45,1,2
4999,14856,9173,155,63086,61964,5283,63636,93052,49,1,1
5000,16553,15681,118,58365,56662,2402,58995,93730,80,1,1
5001,12601,12330,152,56027,54575,2336,56644,84007,66,1,1
5002,41609,38622,104,113211,109638,7550,114201,202081,172,1,2
5003,10259,6988,103,94102,93058,9584,94565,121494,39,1,2
5004,4063,528,94,59848,59476,1455,60170,66322,4,1,2
5005,22549,20713,110,78572,76474,1754,79273,124393,102,1,1
5006,8504,7648,101,49093,48070,2246,49577,68065,45,1,1
5007,15305,15234,195,67976,66313,1723,68678,101039,80,1,1
5008,6059,4877,97,57309,56531,4503,57748,73284,31,1,1
5009,17580,8275,101,60382,59382,1780,60870,88603,45,1,1
5010,15394,16037,107,70693,68933,1709,71301,104532,83,1,1
5011,4492,203,175,64888,64698,1683,65297,71776,1,1,1
5012,19027,20310,111,55314,53240,1703,56010,97149,102,1,1
5013,13446,12346,100,40857,39400,2385,41408,69680,67,1,1
5014,5372,201,102,43037,42821,1790,43358,50812,1,1,1
5015,4488,200,92,36006,35823,1677,36293,42749,1,1,1
5016,40927,40680,111,118184,114535,2765,119204,203681,180,1,2
5017,8070,2801,98,81611,80927,6931,82005,99900,19,1,2
5018,4091,210,99,34286,34046,2130,34652,41221,1,1,1
5019,4130,211,114,19626,19413,1689,19962,26090,1,1,1
5020,23251,22245,109,80611,78354,1764,81327,128690,109,1,1
5021,11341,21960,273,76685,75485,1710,77377,112491,54,1,1
5022,21724,24727,105,75057,72634,1751,75821,124219,121,1,1
5023,13107,12543,108,59123,57658,1920,59680,87343,68,1,1
5024,4392,204,103,68919,68706,1741,69282,75717,1,1,1
5025,6101,211,103,56734,56539,1755,57049,65205,1,1,1
5026,20966,17596,149,47178,45308,1714,47868,88246,87,1,1
5027,10713,8945,102,40845,39730,1690,41337,62775,50,1,1
5028,4674,195,95,37102,36901,1680,37405,44044,1,1,1
5029,42166,26072,179,73802,71231,40568,74643,183549,125,1,1
5030,12507,9436,141,70844,69672,1978,71400,95419,54,1,1
5031,4261,197,99,23842,23648,1747,24161,30464,1,1,1
5032,24682,23474,109,86536,84187,1677,87286,137222,115,1,1
5033,10103,9876,192,90384,89140,1825,91049,112962,56,1,1
5034,4295,197,102,61521,61313,1820,61839,68245,1,1,1
5035,20441,21024,116,59475,57359,1703,60182,103454,103,1,1
5036,11213,9301,136,56194,55018,1849,56750,79215,52,1,1
5037,51509,40988,198,121616,117895,6023,122693,221317,181,1,2
5038,13295,8433,105,98483,97276,6136,98972,126938,47,1,2
5039,4307,199,110,43701,43470,2074,44012,50688,1,1,1
5040,4286,569,96,38018,37732,2003,38339,45286,5,1,1
5041,18570,16147,112,76411,74760,1744,77024,113582,80,1,1
5042,9157,7067,149,45301,44351,1736,45834,63889,41,1,1
5043,11957,7228,100,60636,59696,16966,61092,97335,41,1,1
5044,21046,21480,106,66743,64584,1771,67467,111864,106,1,1
5045,12383,5685,105,61731,60937,1707,62175,82045,34,1,1
5046,22149,10304,154,65831,64526,1788,66420,100765,59,1,1
5047,11928,5031,99,58372,57644,1734,58794,77575,30,1,1
5048,5421,352,101,23834,23580,33107,24167,63144,3,1,1
5049,20043,3768,102,40404,39808,26362,40799,91067,22,1,1
5050,25129,10431,109,54713,53504,13225,55237,104115,55,1,1
5051,13872,4867,100,28448,27734,13081,28872,60782,29,1,1
5052,20796,11187,110,60048,58756,6414,60693,99187,59,1,1
5053,41526,36876,110,102940,99595,6230,103872,188605,164,1,2
5054,13150,9983,101,96102,94711,10274,96646,130167,53,1,2
5055,4219,200,114,26169,25916,1753,26518,32809,1,1,1
5056,4452,200,104,25570,25371,1711,25896,32348,1,1,1
5057,19760,17731,107,90925,89067,1707,91631,130928,89,1,1
5058,8960,8087,168,68744,67707,2133,69288,88561,46,1,1
5059,14283,11786,116,72209,70867,1683,72756,100610,62,1,1
5060,21513,20946,99,76310,74150,1698,77002,121264,105,1,1
5061,10774,9551,161,60863,59625,1766,61440,83628,56,1,1
5062,5187,195,97,62173,61963,1732,62507,69717,1,1,1
5063,4345,197,92,54217,54023,1704,54514,60851,1,1,1
5064,18780,20066,105,47593,45558,1691,48274,88921,99,1,1
5065,13767,13051,103,40799,39324,1684,41367,69960,70,1,1
5066,5684,241,216,54029,53741,2348,54572,62990,1,1,1
5067,5495,240,188,54263,53989,2072,54781,62738,1,1,1
5068,52248,47106,183,153436,148939,4353,155064,259122,172,1,2
5069,14204,7649,276,98254,97111,17774,99044,138822,34,1,1
5070,2652,264,171,29895,29610,3796,30350,37196,1,1,1
5071,6420,241,127,34457,34202,3606,34826,45217,1,1,1
5072,5576,259,153,49135,48878,2245,49632,57848,1,1,1
5073,21731,17801,148,126391,123730,2196,127294,169210,77,1,2
5074,12325,10692,482,120732,119087,2162,121905,147217,48,1,1
5075,26779,26246,261,119663,116859,2188,121184,176616,100,1,1
5076,16445,10249,181,184624,182970,2171,185501,214556,46,1,2
5077,7726,5942,159,63497,62441,4206,64219,82275,28,1,1
5078,13187,9349,159,169439,167785,6397,170253,199317,42,1,2
5079,5301,349,199,59102,58734,2261,59611,67637,1,1,1
5080,55651,26982,143,106484,103618,31811,107633,222212,104,1,1
5081,14097,11644,180,111007,109249,2206,111848,140280,53,1,1
5082,6086,330,269,40562,40158,2241,41172,50018,1,1,1
5083,6014,2846,133,72805,72096,7641,73268,89925,15,1,1
5084,14101,9109,219,105225,103818,1905,105929,131196,43,1,1
5085,14840,14031,151,106336,104383,2253,107117,138393,66,1,1
5086,3041,260,206,59830,59566,2472,60295,66195,1,1,1
5087,21838,25443,182,66080,63502,1854,66917,116159,118,1,1
5088,11340,10683,104,56119,54774,2127,56651,80896,59,1,1
5089,42229,37595,108,109862,106344,6985,110794,197715,169,1,2
5090,13933,11729,106,105222,103720,6599,105823,138189,63,1,2
5091,2141,197,97,36310,36066,2525,36628,41581,1,1,1
5092,4185,202,94,23341,23160,1738,23644,29855,1,1,1
5093,20203,15901,157,84842,83102,1784,85509,123495,81,1,1
5094,13329,13663,104,74166,72653,1800,74750,103635,72,1,1
5095,23442,24024,128,89921,87512,1745,90702,140016,118,1,1
5096,8486,7905,96,70855,69807,1715,71326,89524,47,1,1
5097,5189,200,135,68496,68268,1668,68855,76002,1,1,1
5098,4244,198,98,59763,59590,1657,60060,66255,1,1,1
5099,22936,25402,216,59798,57363,1737,60674,110845,121,1,1
5100,11558,10584,106,46101,44875,1683,46620,70544,57,1,1
5101,41589,37793,106,106805,103398,4768,107738,191994,169,1,2
5102,6943,2729,100,118956,118114,1801,119331,130896,18,1,3
5103,4371,294,185,18970,18745,2179,19384,26325,2,1,1
5104,4070,211,95,24535,24307,1725,24842,30942,1,1,1
5105,4118,200,123,24745,24555,1804,25077,31289,1,1,1
5106,1300,196,89,37585,37394,1018,37877,40481,1,1,1
5107,38187,44221,106,74189,70241,2546,75225,160272,202,1,1
5108,13792,12015,172,74725,73285,2119,75341,103361,66,1,1
5109,5972,4386,159,61378,60661,4332,61869,76658,28,1,1
5110,7403,1250,99,67062,66712,1758,67403,77912,9,1,1
5111,11715,11820,176,60853,59456,2400,61478,87504,64,1,1
5112,4083,271,126,56127,55897,1790,56485,62727,2,1,1
5113,19008,20772,143,56015,53955,1838,56754,98473,101,1,1
5114,10657,9108,101,39506,38373,2326,40001,62190,52,1,1
5115,5532,202,94,42276,42087,2216,42575,50615,1,1,1
5116,4356,196,96,36653,36457,1703,36942,43284,1,1,1
5117,41925,35260,113,98996,95728,3296,99897,180479,160,1,2
5118,7895,3782,105,70955,70295,11623,71408,94801,24,1,1
5119,3267,199,95,18737,18501,2144,19031,24729,1,1,1
5120,4432,204,120,26038,25831,1821,26367,32920,1,1,1
5121,4702,199,119,31684,31443,1931,32034,38999,1,1,1
5122,19310,17511,138,56432,54566,3925,57100,97951,88,1,1
5123,13200,12141,105,65475,64021,1749,66021,93205,66,1,1
5124,13976,12417,106,63886,62432,6049,64452,96992,67,1,1
5125,11092,9212,194,66863,65707,1837,67468,89703,52,1,1
5126,4783,228,97,51148,50946,24060,51463,80633,1,1,1
5127,20917,7998,103,52925,51944,19178,53390,101573,42,1,1
5128,24724,11352,106,47011,45732,6850,47537,90558,58,1,1
5129,7319,2897,101,33150,32579,13809,33531,57647,20,1,1
5130,19642,11196,107,59630,58290,8549,60160,99634,61,1,1
5131,14389,5200,101,50951,50162,1722,51379,72785,33,1,1
5132,5422,368,156,58316,58040,1764,58706,66359,3,1,1
5133,15696,14330,161,43030,41402,1752,43684,75567,74,1,1
5134,10891,5498,105,110959,109983,8215,111398,136112,33,1,2
5135,4258,207,98,43697,43483,1745,44013,50332,1,1,1
5136,4098,198,115,37959,37763,1750,38287,44433,1,1,1
5137,42360,32334,106,86531,83511,24528,87435,186767,151,1,1
5138,16207,13202,102,73895,72390,2272,74460,106235,70,1,1
5139,4250,2959,106,69776,69125,6035,70177,83532,20,1,1
5140,13822,6568,100,64727,63859,1793,65167,87440,36,1,1
5141,14648,13335,200,115975,113657,3020,116789,147950,59,1,1
5142,5801,935,172,99292,98802,3290,99868,110028,4,1,1
5143,28517,29859,206,85007,82391,1827,86301,146637,111,1,1
5144,13169,11821,236,85431,83975,2120,86320,113572,53,1,1
5145,53076,47889,246,177943,173185,7963,179870,289143,168,1,2
5146,12556,9708,152,140754,139343,8708,141587,172707,43,1,2
5147,2376,274,186,38730,38426,2975,39233,45014,1,1,1
5148,5481,325,141,38956,38712,2145,39379,47496,1,1,1
5149,40989,37634,204,130581,126784,3103,132128,214017,141,1,1
5150,21304,26336,193,123467,121481,3218,124573,175759,74,1,1
5151,27214,24592,249,106831,104305,2275,108116,162532,96,1,1
5152,21814,9639,236,94586,93292,2661,95441,129882,41,1,1
5153,14655,11419,163,93904,92353,3492,94775,124524,51,1,1
5154,13737,5625,155,83634,82695,5905,84320,109891,28,1,1
5155,25294,28048,167,102120,98921,2261,103392,159367,115,1,1
5156,16372,15455,202,55601,54045,1788,56519,90439,67,1,1
5157,4222,212,98,37487,37254,2353,37828,44708,1,1,1
5158,4055,201,101,35377,35165,1735,35686,41766,1,1,1
5159,41908,39516,113,103036,99266,2608,104008,188142,175,1,2
5160,14881,10649,106,110280,108859,5650,110847,142124,56,1,2
5161,4240,209,98,25958,25731,1740,26273,32550,1,1,1
5162,24283,20242,109,79885,77765,1813,80573,127012,100,1,1
5163,9960,8799,99,68443,67358,1705,68925,89488,49,1,1
5164,11561,8130,94,69365,68335,6412,69832,96031,46,1,1
5165,21140,21325,190,73308,71130,1756,74106,118431,106,1,1
5166,13134,12355,106,126146,124536,1690,126712,153992,69,1,2
5167,5033,641,101,56488,56217,2172,56813,64750,5,1,1
5168,30946,19532,211,48990,46974,1717,49784,102110,96,1,1
5169,12228,10622,103,38483,37182,1334,39009,63286,59,1,1
5170,4166,194,98,36289,36094,1616,36591,42657,1,1,1
5171,4616,209,98,37287,37084,1744,37598,44255,1,1,1
5172,41827,37996,190,100565,97045,4716,101587,186233,169,1,2
5173,4279,1147,95,58765,58429,12527,59101,77149,8,1,1
5174,4412,212,134,19697,19465,1821,20057,26606,1,1,1
5175,4224,198,97,22606,22409,2287,22908,29715,1,1,1
5176,13443,13246,105,53161,51604,3756,53723,84254,69,1,1
5177,12134,8771,107,64061,62980,1731,64588,87308,48,1,1
5178,14378,12150,106,54030,52653,6334,54579,87531,65,1,1
5179,14644,9803,99,61502,60267,2131,62014,88675,56,1,1
5180,7440,6464,131,53817,52894,4604,54325,72945,39,1,1
5181,12586,12496,102,54771,53320,1741,55330,82247,68,1,1
5182,6262,219,101,56556,56356,1678,56872,65119,1,1,1
5183,15147,14117,190,40983,39388,2536,41666,73569,75,1,1
5184,14972,25459,157,102469,100784,5939,103123,149590,73,1,2
5185,4304,212,102,37597,37390,1714,37906,44244,1,1,1
5186,35417,31399,112,89196,86242,1814,90122,158866,148,1,1
5187,10502,8362,92,73214,72170,2079,73685,94718,47,1,1
5188,10369,9268,137,67545,66451,3590,68085,91431,49,1,1
5189,18228,8904,100,71208,70176,5009,71679,103914,47,1,1
5190,9717,8327,110,50004,48927,1690,50498,70325,48,1,1
5191,14667,11368,107,68130,66747,1715,68659,96503,62,1,1
5192,18997,22303,166,62245,60018,1736,63036,106175,109,1,1
5193,12782,13277,106,55694,54225,1770,56274,84198,70,1,1
5194,41608,44313,188,118419,114518,4672,119513,210209,193,1,2
5195,13185,7941,96,105513,104363,6827,106035,134080,44,1,2
5196,5546,202,100,27354,27159,1707,27660,35207,1,1,1
5197,4204,203,97,26462,26282,1670,26764,32927,1,1,1
5198,4453,347,102,25551,25303,1736,25878,32507,3,1,1
5199,4152,279,118,25920,25692,1713,26261,32505,2,1,1
5200,17316,15382,100,73941,72256,3580,74535,110907,80,1,1
5201,9306,7499,100,53620,52626,2999,54096,73991,44,1,1
5202,11279,23158,193,68383,67122,1705,69012,105246,57,1,1
5203,41990,26700,102,67411,64841,9679,68183,146654,125,1,1
5204,8016,3074,188,60127,59562,1853,60601,73644,20,1,1
5205,11423,5554,102,41030,40218,10961,41472,69502,34,1,1
5206,20417,14219,99,63435,61879,6357,64028,105119,75,1,1
5207,9131,3408,196,60798,60208,1734,61306,75675,22,1,1
5208,19887,19933,179,61333,59304,2116,62086,104121,99,1,1
5209,12540,11295,100,49703,48392,1704,50225,75854,60,1,1
5210,4654,199,99,43048,42846,1747,43364,50057,1,1,1
5211,4387,202,91,42274,41964,1696,42561,48936,1,1,1
5212,41533,42687,110,148252,143937,6022,149366,239737,185,1,2
5213,16712,11938,187,138560,136674,7426,139405,175610,47,1,2
5214,6830,536,137,37608,37218,1902,38030,47410,1,1,1
5215,5430,284,141,24188,23901,2446,24597,32880,1,1,1
5216,31066,25344,198,99042,96478,1884,100098,158524,106,1,1
5217,15396,14820,258,123560,121449,2038,124610,157003,65,1,1
5218,27744,23294,172,106933,104122,2282,108109,161775,94,1,1
5219,9464,6296,178,191910,190630,2719,192695,211333,31,1,2
5220,7753,334,179,98181,97903,3263,98728,110211,1,1,1
5221,22872,19776,244,73574,71400,2238,74863,119898,79,1,1
5222,13112,11309,137,60517,58999,2124,61288,88134,51,1,1
5223,5986,333,158,58018,57760,2095,58454,67010,1,1,1
5224,5475,338,231,60200,59895,3347,60721,70002,1,1,1
5225,2046,226,107,84511,84193,23403,84901,110720,1,1,1
5226,13128,8034,203,93934,92742,17955,94682,133939,37,1,1
5227,6397,630,146,35635,35243,2102,36118,45396,3,1,1
5228,5526,393,105,25655,25375,3389,26018,35701,2,1,1
5229,10815,6470,115,69615,68418,4962,70153,92746,35,1,1
5230,25750,11585,128,102166,100616,3857,103124,144620,55,1,1
5231,12229,11271,143,118661,116949,2312,119605,145551,51,1,1
5232,16200,9750,158,70518,69208,2485,71125,99656,50,1,1
5233,21829,22011,107,66362,64040,1794,67058,112792,104,1,1
5234,12077,24076,155,58386,57038,2072,58996,97325,62,1,1
5235,6843,221,99,58177,57982,1781,58502,67442,1,1,1
5236,13194,10461,113,40461,39187,2893,40989,67634,57,1,1
5237,13950,15145,98,97665,95858,4946,98265,132398,77,1,2
5238,4157,205,103,25813,25575,1789,26135,32379,1,1,1
5239,23748,19685,157,78052,76007,1743,78787,124065,99,1,1
5240,11446,9139,107,71025,69900,2244,71519,94438,51,1,1
5241,18871,19961,131,75949,73929,1771,76644,117344,97,1,1
5242,32090,7981,138,67324,66331,1794,67831,109795,40,1,1
5243,12457,13301,107,79116,77343,2004,79733,107620,70,1,1
5244,4460,276,118,59362,59126,1705,59714,66250,1,1,1
5245,18503,19729,108,59953,57942,1742,60634,100706,98,1,1
5246,8686,7480,157,65999,64955,3309,66572,86137,44,1,1
5247,41586,41950,107,103139,99453,3740,104134,191507,182,1,2
5248,12238,9007,112,92156,90920,7011,92657,121004,49,1,2
5249,4191,301,93,52308,51970,1692,52612,58884,2,1,2
5250,24632,21822,323,79785,77519,2212,81273,140320,109,1,1
5251,11927,11803,98,82095,80685,2414,82638,108876,65,1,1
5252,8755,6252,100,72810,71963,1764,73243,90103,36,1,1
5253,17468,15785,108,73968,72281,1795,74592,109737,80,1,1
5254,11259,9342,191,68673,67457,2267,69266,92228,54,1,1
5255,4834,202,90,61388,61204,1689,61684,68498,1,1,1
5256,4261,193,108,64893,64691,1757,65204,71508,1,1,1
5257,18679,17869,102,54500,52633,1743,55157,93543,91,1,1
5258,14191,14252,103,60505,58532,3438,61173,93181,75,1,1
5259,6854,221,105,43284,43074,1686,43600,52448,1,1,1
5260,4642,194,98,34708,34529,1870,35001,41795,1,1,1
5261,41321,38342,125,103150,99659,4761,104092,188617,168,1,2
5262,11018,6847,100,84113,83103,5784,84550,108293,37,1,2
5263,4628,198,96,25172,24943,1876,25492,32284,1,1,1
5264,4109,203,101,18214,18032,1756,18544,24701,1,1,1
5265,35191,22749,210,81200,78941,2563,82039,142644,113,1,1
5266,9006,7554,120,56584,55570,1687,57091,75434,44,1,1
5267,15328,10564,101,59727,58497,4754,60243,90985,57,1,1
5268,9655,8455,107,60675,59568,3817,61173,83197,47,1,1
5269,11218,8989,149,61657,60520,2269,62225,84801,52,1,1
5270,4195,198,123,56657,56450,1688,57004,63176,1,1,1
5271,5880,195,96,55276,55086,1770,55588,63523,1,1,1
5272,16076,12932,128,40477,39011,1809,41079,72000,69,1,1
5273,8430,5439,104,88965,88002,1994,89444,105406,34,1,2
5274,42289,30347,107,74626,71835,20536,75464,168739,139,1,1
5275,17180,15016,126,76937,75270,2218,77561,112071,79,1,1
5276,15594,2978,123,51960,51437,1796,52373,72834,18,1,1
5277,22126,23603,128,93032,90661,1742,93945,141517,114,1,1
5278,4480,1594,91,33961,33546,7168,34312,47649,12,1,1
5279,16408,13813,105,89142,87605,3839,89726,123883,73,1,1
5280,4737,487,93,58812,58523,1722,59125,66160,4,1,1
5281,4368,200,123,52179,51948,1692,52519,58869,1,1,1
5282,5285,3187,100,43633,42996,16240,44024,68824,22,1,1
5283,9511,3440,260,38416,37788,1723,38978,53752,23,1,1
5284,12337,11443,103,55344,54011,1710,55893,81478,62,1,1
5285,2907,1659,102,46099,45669,14448,46464,65576,12,1,1
5286,25788,20657,103,70886,68885,8262,71560,126363,100,1,1
5287,13117,11853,103,98957,97486,6309,99493,130864,61,1,2
5288,5572,206,177,43408,43195,2237,43799,51915,1,1,1
5289,4213,200,92,26239,26052,1722,26516,32740,1,1,1
5290,4416,200,95,24280,24085,1676,24583,30965,1,1,1
5291,22229,19579,107,78984,76947,1799,79664,123369,99,1,1
5292,12404,11064,109,70238,68960,3266,70768,97591,60,1,1
5293,6378,4441,154,40720,40003,4731,41206,56858,28,1,1
5294,17127,12838,98,69758,68344,1744,70301,102102,67,1,1
5295,10688,7301,130,62785,61778,1937,63296,83330,41,1,1
5296,12666,7566,101,59964,58998,2387,60430,83147,42,1,1
5297,18830,32413,161,61621,59511,1777,62382,115504,101,1,1
5298,12264,12091,99,54127,52735,2849,54675,81974,65,1,1
5299,4327,201,183,42841,42616,1750,43237,49611,1,1,1
5300,41811,44864,111,103452,99481,3492,104472,194744,195,1,2
5301,14120,11459,157,104551,103089,4968,105197,135876,61,1,2
5302,4483,943,91,25091,24770,1742,25415,32673,7,1,1
5303,4317,197,101,25485,25290,2145,25804,32556,1,1,1
5304,21002,18368,121,81461,79141,2008,82177,123671,94,1,1
5305,13403,11717,192,116699,114990,2150,117645,145259,55,1,1
5306,28128,28923,417,123299,120085,2438,124928,184778,113,1,1
5307,16599,18500,222,109182,107034,3873,110322,149624,72,1,1
5308,7368,308,145,94292,93987,1985,94762,104752,1,1,1
5309,5462,253,143,96447,96099,2266,96940,105272,1,1,1
5310,21624,22609,210,81765,79276,2164,82830,129548,95,1,1
5311,14328,12716,196,84997,83105,4069,85844,117261,58,1,1
5312,6095,525,173,67987,67663,2087,68464,77462,2,1,1
5313,6255,342,179,63718,63384,2231,64200,73163,1,1,1
5314,47714,45143,123,136690,132309,2724,137853,233561,177,1,2
5315,9094,5905,131,82677,81882,9424,83162,107688,30,1,1
5316,2613,207,140,18380,18185,2720,18725,24356,1,1,1
5317,4217,196,96,21919,21728,1797,22199,28497,1,1,1
5318,4162,200,122,26165,25959,1717,26494,32711,1,1,1
5319,4556,196,103,19472,19277,1684,19785,26313,1,1,1
5320,23116,24708,207,78485,75957,2873,79320,130111,119,1,1
5321,11376,9287,112,88698,87499,2079,89274,112108,54,1,1
5322,24924,29521,118,66663,63952,1718,67492,123760,137,1,1
5323,17181,14854,202,66256,64331,2030,67015,101199,76,1,1
5324,5633,293,128,62391,62153,1734,62771,70556,1,1,1
5325,17202,15079,141,44681,42986,1846,45329,79560,76,1,1
5326,16343,16996,104,103894,101826,5243,104519,143195,87,1,2
5327,5028,244,140,53459,53185,2190,53863,61441,1,1,1
5328,41744,32528,125,103972,100790,17201,104885,196469,152,1,1
5329,13012,11179,219,76151,74762,2994,76820,104099,60,1,1
5330,4268,314,103,32640,32410,2874,32970,40528,2,1,1
5331,25557,24796,107,74112,71592,1759,74863,127083,119,1,1
5332,9221,3873,101,56933,56322,1772,57327,72298,24,1,1
5333,13074,10309,180,94816,93508,1815,95693,121006,50,1,1
5334,5881,264,157,57323,57089,2666,57724,66639,1,1,1
5335,20641,21858,109,63289,61033,1719,64000,108323,107,1,1
5336,10770,9565,146,60796,59560,1857,61376,83671,53,1,1
5337,54227,40223,167,114891,111175,4936,115920,215424,177,1,2
5338,9163,7417,101,86131,85044,6729,86604,110012,42,1,2
5339,6033,464,160,51146,50843,2015,51596,60258,2,1,1
5340,5822,760,110,37027,36667,2236,37411,46358,4,1,1
5341,30702,27024,149,105173,102680,3153,106179,167210,99,1,1
5342,13318,13649,193,79844,78254,2234,80542,109841,71,1,1
5343,5337,3707,118,60875,60187,3969,61290,74413,24,1,1
5344,17077,15084,117,79430,77785,1724,80018,113994,75,1,1
5345,8857,7970,213,40699,39651,2440,41314,60688,45,1,1
5346,14998,12927,99,65653,64037,2045,66230,96354,69,1,1
5347,4218,205,126,62988,62745,1740,63339,69599,1,1,1
5348,22634,25957,109,82028,78164,2152,83052,134015,122,1,1
5349,16669,15833,280,105872,102910,4182,107119,144158,64,1,1
5350,5846,1003,406,126920,126007,2844,128126,138043,4,1,2
5351,58737,46376,171,178764,174073,19058,180527,304839,158,1,2
5352,13604,2204,134,40469,39901,3002,40981,59913,12,1,1
5353,19719,15423,144,110028,108126,15093,110944,161333,61,1,1
5354,16738,9269,116,55917,54772,2676,56811,85724,41,1,1
5355,5134,390,129,35256,34981,2091,35629,43414,1,1,1
5356,5403,247,124,38825,38548,2968,39220,47971,1,1,1
5357,39472,34717,175,128361,124930,2092,129853,206665,123,1,1
5358,21268,18456,149,130030,127881,2209,131068,173222,73,1,1
5359,32703,32824,199,116447,113121,2242,118052,185990,118,1,1
5360,15885,15156,221,102875,100908,3423,103916,138490,65,1,1
5361,6548,269,140,96535,96266,2066,96950,105985,1,1,1
5362,5463,688,140,103978,103620,2196,104441,113242,4,1,1
5363,21976,18694,241,82541,80310,2231,83821,126926,73,1,1
5364,18270,18397,162,67733,65723,3323,68737,109052,72,1,1
5365,7481,379,133,70867,70569,2122,71285,81422,1,1,1
5366,5462,444,130,65080,64734,2199,65498,73724,3,1,1
5367,13067,3670,151,142555,141598,13955,143127,174170,18,1,2
5368,28361,9443,196,108085,106753,16990,108898,163832,40,1,1
5369,6009,440,139,26366,26051,2148,26789,35518,2,1,1
5370,5405,234,143,31286,30990,2177,31722,39680,1,1,1
5371,5840,228,140,35847,35571,2119,36267,44598,1,1,1
5372,24757,23263,229,139003,136380,4867,140240,193276,87,1,1
5373,20643,20976,167,147790,145307,2587,148984,193330,83,1,1
5374,5257,560,149,129333,128768,2506,129809,138271,3,1,2
5375,27874,16562,151,95426,93795,16909,96424,157918,62,1,1
5376,19178,18525,133,94554,92464,2098,95589,135515,76,1,1
5377,11277,311,148,114408,114105,2277,114885,128891,1,1,1
5378,18843,17107,171,67495,65478,2220,68572,107118,66,1,1
5379,18739,15423,142,156081,153956,8233,156941,199477,61,1,2
5380,6178,633,165,63951,63582,2144,64444,73537,3,1,1
5381,5206,282,164,63926,63639,2177,64381,72183,1,1,1
5382,58183,54722,208,132728,128505,15711,134490,263249,150,1,1
5383,19710,16461,151,131177,129128,2184,132156,170632,68,1,1
5384,10049,7612,147,108927,107786,6328,109624,133754,34,1,1
5385,14447,5608,141,81210,80462,1797,81837,103811,27,1,1
5386,14856,13918,110,74291,72653,1760,74902,105531,72,1,1
5387,4147,210,102,56215,56016,1680,56534,62667,1,1,1
5388,21598,23101,112,61530,59260,1793,62250,108840,110,1,1
5389,11734,11159,98,70303,68972,1870,70919,95787,59,1,1
5390,42215,34897,114,109437,106216,9334,110328,196874,154,1,2
5391,15016,13212,105,91608,90037,6813,92161,127294,67,1,2
5392,4604,202,91,24039,23837,1760,24331,30988,1,1,1
5393,4406,200,105,24940,24749,1741,25255,31690,1,1,1
5394,33117,19907,188,77632,75609,1698,78402,133229,98,1,1
5395,8599,6183,106,71836,70956,1666,72290,88828,38,1,1
5396,20569,20212,117,71545,69489,1723,72247,114848,101,1,1
5397,21063,8984,152,69936,68788,1725,70492,102368,52,1,1
5398,4331,196,129,55157,54955,1703,55511,61837,1,1,1
5399,4683,354,97,69585,69335,1711,69906,76756,3,1,1
5400,21068,23572,110,54823,52572,1701,55560,102001,112,1,1
5401,13975,14983,101,44460,42807,1720,45049,75824,78,1,1
5402,4638,196,134,38529,38329,1704,38884,45526,1,1,1
5403,4397,200,100,34912,34713,1703,35226,41617,1,1,1
5404,41902,34086,108,107442,104279,5336,108335,189759,155,1,2
5405,12695,9343,108,88902,87642,6480,89400,118010,50,1,2
5406,4603,200,100,28418,28214,1753,28735,35382,1,1,1
5407,4123,316,98,17915,17672,1681,18228,24443,3,1,1
5408,4531,314,100,24906,24662,1678,25235,31854,3,1,1
5409,18285,18678,208,78447,76564,1691,79195,117950,90,1,1
5410,10684,8641,98,74247,73160,1703,74726,95844,49,1,1
5411,7680,6993,98,54870,53900,4261,55337,74374,41,1,1
5412,15119,7229,151,108039,106938,4628,108601,135674,43,1,2
5413,18185,14271,157,51277,49743,3796,51929,88276,73,1,1
5414,9130,556,94,55681,55414,1760,56000,67535,4,1,1
5415,21844,23488,115,46207,43920,1847,46949,94226,113,1,1
5416,14651,13530,98,38968,37444,2167,39533,69979,72,1,1
5417,4422,196,141,36991,36783,1757,37347,43816,1,1,1
5418,4076,196,98,36482,36290,1696,36798,42857,1,1,1
5419,41657,30632,121,102192,99283,3067,103033,178487,140,1,2
5420,7327,4180,90,60566,59887,9454,60959,82012,26,1,1
5421,4311,206,101,18498,18280,1744,18825,25180,1,1,1
5422,4635,204,96,22199,21988,1700,22508,29143,1,1,1
5423,12510,9987,95,82046,80850,3887,82592,109078,55,1,1
5424,12152,7215,98,64893,63935,1704,65346,86508,40,1,1
5425,11244,11183,105,76851,75523,1710,77382,101616,62,1,1
5426,12823,6272,105,66311,65471,1959,66767,87913,36,1,1
5427,20268,23874,108,64117,61810,1760,64862,110876,115,1,1
5428,15135,16120,201,65072,63303,2185,65778,99314,83,1,1
5429,8307,204,102,58420,58230,1708,58752,69064,1,1,1
5430,42440,10299,102,123832,122506,26157,124350,203354,54,1,2
5431,6414,1496,101,37320,36910,13265,37734,59008,11,1,1
5432,17370,6392,97,24161,23325,7411,24613,55881,36,1,1
5433,16993,5747,100,28121,27335,1917,28543,53294,33,1,1
5434,11765,7021,102,74781,73823,1783,75253,95918,40,1,1
5435,13418,13021,109,73980,72491,3048,74554,104135,71,1,1
5436,9250,9043,123,65253,64075,3589,65780,87763,51,1,1
5437,17944,10305,156,71175,69941,2563,71742,102651,55,1,1
5438,11537,10624,100,66763,65500,8133,67281,97666,59,1,1
5439,11997,5761,114,66164,65352,4192,66617,88665,34,1,1
5440,20401,20097,126,59200,57156,1782,59901,102268,100,1,1
5441,13729,14612,151,57817,56200,1521,58454,88420,76,1,1
5442,41134,43161,132,115956,112149,3299,116990,204684,189,1,2
5443,16934,16022,110,124982,123095,5193,125591,163836,79,1,3
5444,4252,860,192,28964,28640,2250,29394,36852,7,1,1
5445,4533,192,98,24712,24476,1413,25012,31251,1,1,1
5446,4299,198,124,25327,25127,1688,25671,31948,1,1,1
5447,7306,4321,96,42821,42124,5344,43226,60290,27,1,1
5448,14799,12935,101,64229,62800,1665,64818,94310,68,1,1
5449,8319,4548,96,42101,41369,5318,42507,60783,29,1,1
5450,18410,18632,105,65992,64033,1667,66656,105459,95,1,1
5451,9860,8644,194,68451,67315,3918,69059,91585,51,1,1
5452,10482,9878,104,61089,59869,1802,61609,83865,56,1,1
5453,3912,198,124,55941,55738,2351,56269,62826,1,1,1
5454,3883,197,126,54322,54134,2086,54669,60920,1,1,1
5455,19917,19926,130,68985,66973,1727,69737,111411,99,1,1
5456,12017,11264,112,49528,48219,2470,50067,75915,60,1,1
5457,5247,200,101,42407,42204,1450,42726,49711,1,1,1
5458,4113,195,91,48930,48729,1703,49245,55354,1,1,1
5459,42117,30504,123,105907,103079,11011,106735,190466,136,1,2
5460,10967,6154,107,83010,82052,7643,83458,108312,36,1,2
5461,6417,199,133,30509,30311,1806,30868,39397,1,1,1
5462,4116,196,90,17247,17040,1690,17545,23635,1,1,1
5463,21653,23190,112,105839,103389,1792,106570,153303,113,1,2
5464,12649,12249,104,74357,72949,2974,74900,102864,65,1,1
5465,24681,27900,264,68501,65901,1753,69456,123894,131,1,1
5466,5582,2423,95,112717,112078,1705,113090,122896,16,1,2
5467,19008,14164,182,60530,59012,7789,61183,102238,73,1,1
5468,5891,211,96,57496,57307,1657,57805,65652,1,1,1
5469,17220,17628,149,44959,43142,1727,45649,82326,88,1,1
5470,11083,10631,106,38539,37279,1684,39062,62553,58,1,1
5471,4247,202,105,36322,36112,1689,36633,42861,1,1,1
5472,4108,206,166,37090,36893,1709,37468,43579,1,1,1
5473,41997,30002,107,73014,70265,28556,73834,174487,138,1,1
5474,10096,6231,96,97585,96605,15150,98083,129661,37,1,2
5475,4693,212,107,19317,19104,2282,19645,26916,1,1,1
5476,5317,3347,98,50290,49694,932,50683,60374,22,1,1
5477,35007,31728,164,78880,75888,1792,79813,148443,151,1,1
5478,11583,11389,101,87958,86578,1764,88494,113322,64,1,1
5479,4210,296,95,79697,79465,2308,80116,87031,2,1,1
5480,22145,25648,112,62408,59994,1724,63172,112787,119,1,1
5481,14747,14941,111,56841,55181,2135,57453,89374,78,1,1
5482,3988,248,119,57148,56954,2708,57497,64536,1,1,1
5483,13706,11929,108,50121,48737,2384,50710,78835,64,1,1
5484,18863,17380,103,95632,93675,5889,96260,138489,87,1,2
5485,4649,198,99,24730,24516,1768,25048,31754,1,1,1
5486,16687,15608,124,74542,72873,1714,75182,109288,80,1,1
5487,11824,10791,102,73154,71850,1713,73682,98103,61,1,1
5488,19990,21430,161,81329,79030,1736,82111,125363,109,1,1
5489,10017,9468,167,63803,62668,2457,64361,86401,52,1,1
5490,6020,198,102,59207,59009,1799,59530,67641,1,1,1
5491,4128,206,98,53580,53395,1706,53885,60010,1,1,1
5492,19823,21163,144,60703,58556,1771,61450,104305,105,1,1
5493,14672,14676,104,48413,46839,1759,48991,80199,76,1,1
5494,4181,207,108,36495,36282,1732,36822,43033,1,1,1
5495,41735,39023,107,102373,98860,5775,103320,189952,172,1,2
5496,24193,8169,183,118887,117604,6727,119476,158669,46,1,3
5497,4752,331,101,26842,26596,2144,27168,34490,3,1,1
5498,26811,25488,103,78783,76315,1696,79545,133635,123,1,1
5499,11504,9254,99,77022,75861,1775,77520,100145,53,1,1
5500,18065,16394,140,60165,58417,1764,60828,97156,84,1,1
5501,12547,8557,103,117533,116292,9581,118025,148800,50,1,2
5502,12130,3774,106,57898,57308,1713,58289,76000,22,1,1
5503,42877,15393,172,56878,55289,26798,57552,142765,75,1,1
5504,20937,2253,106,37657,37184,3475,38028,64787,15,1,1
5505,13220,4235,97,30766,30109,12447,31164,61156,26,1,1
5506,19364,9579,104,37209,36140,7055,37699,73789,49,1,1
5507,7594,200,94,41164,40973,1683,41456,51020,1,1,1
5508,4374,197,94,35409,35221,1669,35704,42031,1,1,1
5509,10312,5805,107,90260,89278,13366,90709,120290,34,1,2
5510,22750,6524,140,87796,86811,8906,88296,126577,36,1,2
5511,4443,196,102,25303,25091,1756,25621,32107,1,1,1
5512,4238,199,116,18429,18207,1703,18767,25001,1,1,1
5513,19523,17169,106,84866,82997,1685,85504,123986,87,1,1
5514,11137,10980,101,78567,77273,1737,79086,103034,60,1,1
5515,8545,6664,139,61432,60498,4200,61946,81454,40,1,1
5516,9273,8440,101,56268,55176,1703,56749,76256,49,1,1
5517,4129,201,112,57001,56805,1679,57330,63431,1,1,1
5518,6749,197,117,56392,56165,1763,56719,65517,1,1,1
5519,17860,18901,160,44378,42448,1718,45098,83678,94,1,1
5520,7842,6172,100,73287,72308,1718,73735,89561,37,1,2
5521,41535,30615,104,72883,70134,24211,73720,170182,140,1,1
5522,11362,9680,107,72822,71621,1687,73331,96150,55,1,1
5523,4340,338,134,24067,23824,2467,24437,31680,3,1,1
5524,17930,15029,133,56574,54965,1734,57200,91998,76,1,1
5525,14112,9166,115,99228,97954,25320,99737,148431,53,1,2
5526,16698,14817,101,69309,67656,1675,69898,103182,79,1,1
5527,10183,9988,184,57101,55845,4521,57724,82517,56,1,1
5528,14670,15238,101,55866,54220,1805,56457,88266,79,1,1
5529,41230,40596,134,122043,118426,3489,123044,208464,179,1,2
5530,11049,9994,101,115165,113830,5866,115727,142741,55,1,2
5531,4589,343,100,44083,43841,1843,44396,51264,3,1,1
5532,4072,581,93,37596,37312,1767,37917,44429,5,1,1
5533,25021,23726,112,78764,76414,1382,79519,129746,119,1,1
5534,13138,11095,103,72370,71042,2883,72924,100127,62,1,1
5535,10663,10899,186,62959,61664,3935,63584,89184,59,1,1
5536,10442,6566,98,93424,92444,5146,93865,116114,37,1,2
5537,16270,11336,102,52176,50873,8209,52698,88607,59,1,1
5538,6624,1576,92,55186,54794,1736,55529,65556,12,1,1
5539,1930,858,140,35800,35461,937,36177,40001,7,1,1
5540,23007,21417,102,45374,43189,1732,46053,92307,103,1,1
5541,11306,10986,101,53773,52483,2765,54301,79450,60,1,1
5542,4641,332,98,43471,43204,1842,43803,50711,3,1,1
5543,41425,41331,114,101130,97533,5336,102103,190295,180,1,2
5544,14428,11303,103,98760,97314,6757,99343,131927,61,1,2
5545,4182,201,203,25424,25212,1744,25856,32079,1,1,1
5546,18115,15761,105,75913,74262,1737,76521,112237,80,1,1
5547,9665,7756,128,49367,48367,1808,49868,69197,44,1,1
5548,8692,3698,99,59137,58555,17630,59529,89640,22,1,1
5549,7007,6657,139,60186,59246,4100,60709,78592,40,1,1
5550,13160,4966,101,59926,59217,2142,60353,80711,29,1,1
5551,16373,16808,227,63064,61282,1743,63818,98834,86,1,1
5552,4366,194,92,54715,54519,2403,55010,62066,1,1,1
5553,19477,19232,190,49412,47414,1750,50175,90733,97,1,1
5554,11888,11513,108,41236,39886,1703,41774,66971,63,1,1
5555,5108,205,93,34736,34542,1673,35032,42107,1,1,1
5556,4168,213,97,36252,36052,2172,36564,43206,1,1,1
5557,41281,36725,100,98157,94836,4539,99052,181697,162,1,2
5558,7731,3948,97,59176,58535,9645,59579,80994,25,1,1
5559,5986,243,147,18964,18742,1709,19320,27355,1,1,1
5560,4137,203,92,21305,21091,1669,21670,27765,1,1,1
5561,4060,196,101,25153,24947,1680,25468,31533,1,1,1
5562,4083,210,100,18022,17833,1782,18329,24496,1,1,1
5563,17936,18559,113,70021,68137,3637,70666,110893,91,1,1
5564,19871,13647,105,66884,65354,1760,67453,102824,71,1,1
5565,18022,20634,159,79997,77923,3906,80742,123399,102,1,1
5566,5880,4786,181,56860,56121,4892,57391,73049,30,1,1
5567,12443,19059,103,57484,56016,1780,58259,91641,68,1,1
5568,4196,197,95,57740,57557,1682,58053,64220,1,1,1
5569,16068,13283,114,109932,108275,2042,110569,142062,69,1,2
5570,12350,11404,105,39988,38627,1762,40543,66159,62,1,1
5571,4436,200,103,37814,37612,2522,38136,45387,1,1,1
5572,41486,30017,105,72688,69910,22061,73500,167163,138,1,1
5573,16470,15750,108,74748,72955,1761,75370,109442,85,1,1
5574,4452,206,127,23310,23105,1764,23664,30185,1,1,1
5575,22952,22787,103,70675,68425,2188,71389,119422,110,1,1
5576,9097,4149,101,59102,58425,1653,59512,74506,26,1,1
5577,13619,13315,100,62739,61205,1780,63353,92162,71,1,1
5578,15448,8593,103,72080,71046,1843,72667,98644,47,1,1
5579,5004,356,99,50913,50664,36073,51252,92789,3,1,1
5580,18989,1727,100,27550,27173,29152,27910,77875,11,1,1
5581,26713,12837,102,61482,60079,20158,62031,121833,64,1,1
5582,10220,2368,103,32025,31530,14203,32401,59286,17,1,1
5583,20029,10705,104,39186,37976,9728,39700,80255,56,1,1
5584,23406,12933,177,44594,43177,2563,45221,84221,67,1,1
5585,51959,38835,158,112254,108723,6923,113247,211065,170,1,2
5586,12625,10268,108,87509,86143,8087,88026,119100,56,1,2
5587,5599,207,110,36954,36752,1750,37266,44918,1,1,1
5588,4215,193,97,23381,23202,1662,23680,29840,1,1,1
5589,20147,18147,126,75191,73333,1987,75857,116239,89,1,1
5590,10362,8976,189,74423,73327,3132,75008,97580,50,1,1
5591,6052,4467,98,63838,63136,4760,64264,79641,28,1,1
5592,11876,2958,104,64249,63724,1737,64627,81288,19,1,1
5593,9733,9099,103,72493,71325,1780,72992,93696,52,1,1
5594,4255,627,127,63690,63413,2468,64060,71514,5,1,1
5595,23488,22527,104,52623,50440,1683,53335,101133,109,1,1
5596,13155,13970,101,54082,52541,1773,54665,83666,73,1,1
5597,4341,764,102,76013,75579,1685,76348,83233,6,1,2
5598,52061,48701,186,106800,102853,3868,107906,212648,193,1,2
5599,13984,12842,149,95513,93913,5551,96133,128601,66,1,2
5600,4336,278,96,26687,26436,1856,27004,33568,2,1,1
5601,4840,197,101,25989,25784,1684,26301,33120,1,1,1
5602,27607,25352,112,79219,76675,1719,79993,134773,124,1,1
5603,12433,12035,151,75124,73710,3250,75733,103545,66,1,1
5604,10296,7372,105,71103,70139,1723,71575,91058,43,1,1
5605,23823,27056,128,75171,72555,1701,75998,128679,131,1,1
5606,8853,7895,99,139938,138619,2010,140461,159322,46,1,2
5607,4367,221,132,57788,57563,1746,58147,64573,1,1,1
5608,19608,20517,108,55303,53211,2425,56000,98655,102,1,1
5609,12971,12461,101,80903,79337,1690,81450,108664,67,1,2
5610,4344,744,99,36673,36380,1675,37002,43857,6,1,1
5611,41495,35824,145,101008,97636,6802,101965,186187,163,1,2
5612,7862,4074,93,59007,58371,11972,59415,83411,24,1,1
5613,4736,202,88,17865,17657,1776,18159,24960,1,1,1
5614,4183,201,97,24649,24438,1697,24964,31140,1,1,1
5615,4408,198,98,25663,25461,2230,25980,32908,1,1,1
5616,8188,5949,103,48361,47497,4180,48796,67202,34,1,1
5617,37493,26566,319,176353,172239,5086,179105,248599,91,1,2
5618,20813,17832,298,127120,124675,2528,128337,169958,76,1,1
5619,30599,33583,199,114598,111778,2110,116051,182661,118,1,1
5620,36787,24430,483,104356,101517,2520,106394,170502,75,1,1
5621,11668,1463,147,63709,63296,1788,64144,79163,8,1,1
5622,14905,14861,111,43068,41413,1807,43673,75346,75,1,1
5623,9056,6872,101,105179,104047,6417,105634,128072,39,1,2
5624,4180,205,121,58639,58433,1826,59027,65341,1,1,1
5625,4330,202,104,37595,37405,1774,37921,44321,1,1,1
5626,58524,37773,483,119730,115514,34210,121586,252546,125,1,1
5627,19918,17377,354,148377,145640,2112,149758,189570,69,1,1
5628,23502,10257,193,77321,75754,4437,78018,116322,55,1,1
5629,11841,4260,101,57574,56879,1801,57985,75981,26,1,1
5630,11939,11933,99,69644,68153,2411,70182,96559,64,1,1
5631,4308,204,91,54512,54310,1764,54825,61201,1,1,1
5632,20877,30528,181,69906,67795,1814,71036,124358,100,1,1
5633,10924,10592,105,55445,54122,2073,55974,79653,60,1,1
5634,41245,41362,107,109343,105758,4644,110310,197663,177,1,2
5635,14773,13137,108,88269,86712,6396,88826,123225,67,1,2
5636,4343,211,132,25233,25041,1737,25582,31971,1,1,1
5637,4295,199,122,24548,24353,2265,24887,31737,1,1,1
5638,19837,16972,129,77182,75401,1733,77835,116479,86,1,1
5639,8068,5986,116,45065,44234,2405,45520,62077,35,1,1
5640,17314,12770,107,65961,64575,10660,66511,107348,66,1,1
5641,22274,21155,152,75449,73241,2285,76226,122057,105,1,1
5642,7288,4510,106,55499,54768,1700,55933,69523,30,1,1
5643,13685,5135,105,60032,59291,3501,60453,82867,31,1,1
5644,4407,202,90,53355,53164,1956,53663,60316,1,1,1
5645,10057,20659,157,48523,47269,4100,49124,84037,56,1,1
5646,11055,10116,108,44075,42852,1805,44595,67671,56,1,1
5647,4451,198,128,36666,36458,1776,37017,43532,1,1,1
5648,4596,201,118,34666,34471,1756,34995,41637,1,1,1
5649,41436,39353,111,107562,104031,6978,108521,196387,174,1,2
5650,16175,11454,107,90707,89335,15287,91248,134259,58,1,2
5651,4452,214,210,29539,29329,1708,29976,36450,1,1,1
5652,4317,206,96,18271,18081,2237,18564,25412,1,1,1
5653,4433,201,128,24467,24277,1700,24805,31234,1,1,1
5654,6627,2133,97,71858,71366,1792,72228,82879,15,1,1
5655,12916,6992,94,71428,70510,4931,71871,96807,40,1,1
5656,11159,9705,104,74904,73712,2136,75416,98507,54,1,1
5657,42653,12773,140,60550,59134,28185,61153,144871,65,1,1
5658,21036,9085,105,71530,70417,17743,72010,119970,47,1,1
5659,23616,6902,115,40299,39396,7656,40779,79045,39,1,1
5660,6175,279,94,63502,63283,2256,63815,72618,2,1,1
5661,8721,2194,101,32951,32476,16266,33327,60597,16,1,1
5662,27241,16399,100,71635,69996,9924,72242,125900,80,1,1
5663,18769,10283,221,63344,62110,1846,63998,95002,55,1,1
5664,4154,202,103,55946,55757,2240,56272,62960,1,1,1
5665,18139,16662,131,45589,43802,1756,46232,82892,83,1,1
5666,8288,6302,101,72548,71497,1803,72995,89477,39,1,2
5667,4341,197,99,37373,37168,1707,37696,44031,1,1,1
5668,31800,46897,157,98629,95297,1742,99593,180133,162,1,2
5669,6466,2271,96,59038,58563,14933,59400,83161,16,1,1
5670,4402,236,181,18708,18509,1704,19122,25556,1,1,1
5671,4387,295,102,22590,22355,2174,22921,29873,2,1,1
5672,7236,5354,96,50075,49294,5043,50490,68213,32,1,1
5673,19709,14718,108,65856,64291,6435,66438,107395,74,1,1
5674,13803,13703,194,80800,79196,1715,81492,110812,75,1,1
5675,17287,17153,121,57518,55781,2475,58165,95180,84,1,1
5676,12156,10372,102,59862,58611,2005,60383,85011,58,1,1
5677,11746,989,101,70352,70016,1793,70749,85383,7,1,1
5678,15908,12143,122,40963,39578,1761,41545,71462,64,1,1
5679,15561,17106,103,107255,105358,5287,107884,145941,86,1,2
5680,4308,373,128,37961,37716,1722,38314,44810,3,1,1
5681,4285,203,127,38178,37977,1766,38527,44870,1,1,1
5682,9490,1699,93,59333,58889,31257,59682,102216,13,1,1
5683,22382,22587,386,124615,120465,3412,126181,174989,91,1,1
5684,20417,23259,194,102029,99406,1912,102953,148679,111,1,1
5685,8689,7513,101,65913,64906,2780,66398,85469,45,1,1
5686,11455,5871,145,67489,66634,1799,67984,87203,35,1,1
5687,5727,200,88,66604,66417,1693,66892,74600,1,1,1
5688,16936,16871,123,57990,56142,1728,58644,94281,86,1,1
5689,14054,14198,103,50021,48437,1717,50603,80670,75,1,1
5690,4666,345,103,36217,35966,1676,36550,43330,3,1,1
5691,41703,37644,173,111841,108353,6742,112882,199088,168,1,2
5692,14379,11428,175,138210,136296,8259,138984,173208,54,1,2
5693,4399,655,174,29165,28916,1884,29593,36638,1,1,1
5694,4288,205,106,27525,27302,2059,27849,34512,1,1,1
5695,3348,793,93,65587,65163,8759,65970,78983,6,1,1
5696,20550,30404,215,103998,101892,2194,105167,158624,74,1,1
5697,18556,16305,193,113468,111546,3644,114483,153184,68,1,1
5698,22369,25038,215,82692,80111,1826,83613,132953,118,1,1
5699,11674,10839,103,78654,77343,1771,79250,103632,59,1,1
5700,2482,200,97,56674,56471,2518,56985,62273,1,1,1
5701,4105,198,116,56403,56122,1746,56741,62885,1,1,1
5702,22385,24937,130,63248,60813,1765,64022,113207,119,1,1
5703,14120,13730,103,50006,48470,1729,50584,80256,72,1,1
5704,4878,201,92,55935,55726,1808,56297,63283,1,1,1
5705,4374,195,93,42486,42296,1708,42786,49153,1,1,1
5706,41199,42934,116,111229,107489,4335,112226,200795,185,1,2
5707,13623,8768,108,87327,86118,5749,87817,116050,48,1,2
5708,1771,207,92,27771,27577,2540,28068,32680,1,1,1
5709,4316,195,97,18658,18452,1731,18977,25306,1,1,1
5710,4135,207,102,25497,25305,1715,25804,31953,1,1,1
5711,19637,18229,106,90472,88581,3013,91169,132154,93,1,1
5712,10291,8655,100,75106,73965,1744,75598,96380,50,1,1
5713,16977,15322,126,70208,68557,1737,70847,104982,79,1,1
5714,9106,7543,165,55760,54736,1747,56295,74787,44,1,1
5715,5947,198,98,64302,64103,1684,64619,72537,1,1,1
5716,4590,209,113,55937,55721,1696,56254,62836,1,1,1
5717,18227,17185,106,49701,47922,1702,50328,87541,85,1,1
5718,11941,11312,105,38708,37386,1724,39246,64319,62,1,1
5719,4455,191,133,37881,37678,1798,38236,44788,1,1,1
5720,4452,200,102,36890,36708,1698,37202,43641,1,1,1
5721,42711,23660,123,72292,69518,32197,73060,171769,109,1,1
5722,5780,2110,107,82637,82039,13448,83035,104467,14,1,2
5723,4561,230,95,18899,18678,1395,19205,25486,1,1,1
5724,19444,16347,117,67025,65335,2396,67652,105944,81,1,1
5725,12374,8377,270,70069,69047,2359,70712,93923,45,1,1
5726,13396,12795,101,51784,50335,1689,52331,80307,67,1,1
5727,16009,14506,100,75431,73845,1733,76029,108375,76,1,1
5728,20505,22568,113,61568,59346,2161,62303,107637,109,1,1
5729,11496,10379,196,58448,57223,1727,59057,82760,56,1,1
5730,7908,213,102,58194,57997,1740,58517,68466,1,1,1
5731,6622,3683,100,41085,40459,3403,41476,55280,24,1,1
5732,15445,14332,105,99070,97375,6072,99649,135594,74,1,2
5733,4094,197,136,25463,25254,1753,25817,31950,1,1,1
5734,24012,26086,105,78785,76276,1749,79563,131515,126,1,1
5735,9784,8409,106,78398,77328,2884,78901,100087,48,1,1
5736,41837,33697,114,102410,99397,8549,103289,187477,151,1,1
5737,4258,208,138,56532,56292,1747,56885,63194,1,1,1
5738,12471,6044,99,31958,31103,9385,32394,60386,35,1,1
5739,20605,10643,107,63847,62544,4724,64383,100454,58,1,1
5740,7869,1638,111,58195,57799,1745,58577,69921,12,1,1
5741,8042,6909,106,55391,54407,3582,55861,74493,41,1,1
5742,16256,18837,239,52121,50101,2168,52911,90274,94,1,1
5743,4237,213,98,35667,35442,1812,35980,42329,1,1,1
5744,42036,38367,109,101131,97661,4876,102061,187441,168,1,2
5745,13959,7833,98,115339,114117,2377,115805,140077,43,1,3
5746,4389,209,174,29531,29334,2308,29923,36926,1,1,1
5747,24249,21897,108,78535,76354,1746,79253,127246,107,1,1
5748,11831,11435,109,75784,74434,1820,76327,101505,63,1,1
5749,3847,3176,98,52364,51761,5166,52768,65057,21,1,1
5750,16246,10240,153,103648,102314,9376,104216,140175,55,1,2
5751,17726,9928,107,51874,50652,6358,52390,86505,55,1,1
5752,7825,1990,97,57392,56957,1803,57764,69465,14,1,1
5753,5558,4014,100,37431,36746,4647,37845,52168,26,1,1
5754,8218,4207,97,40324,39640,1818,40743,55090,27,1,1
5755,9730,9505,269,46337,45127,2809,47005,69142,52,1,1
5756,2379,196,94,35887,35701,2498,36184,41344,1,1,1
5757,5663,2744,100,87564,86908,11435,87963,107905,18,1,2
5758,13184,6887,142,85697,84631,6676,86217,113066,39,1,2
5759,3810,191,96,24107,23909,2055,24405,30548,1,1,1
5760,4324,301,100,18682,18457,1823,19013,25561,2,1,1
5761,26602,23977,111,94054,91723,1791,94838,147317,114,1,1
5762,9586,7731,104,76181,75145,1709,76667,95777,45,1,1
5763,9481,9805,134,55693,54447,4775,56245,80407,56,1,1
5764,6445,202,100,68838,68644,1715,69237,77696,1,1,1
5765,16203,14317,168,96721,94872,2588,97571,130818,61,1,1
5766,7471,606,195,81357,80856,2284,81839,92324,1,1,1
5767,18176,18330,175,63290,61304,1997,64038,102642,91,1,1
5768,11596,10180,100,43679,42392,1752,44208,67829,55,1,1
5769,4480,210,132,38916,38700,1701,39271,45757,1,1,1
5770,41867,29505,107,74808,72034,20061,75629,167163,136,1,1
5771,14996,11655,129,76756,75363,1871,77351,105970,63,1,1
5772,4424,200,94,24444,24236,1695,24756,31169,1,1,1
5773,22000,21737,106,94261,92024,1690,95018,140594,107,1,1
5774,12158,11095,102,77823,76478,1732,78365,103449,62,1,1
5775,4262,202,94,60216,60035,1693,60514,66760,1,1,1
5776,4124,216,121,54268,54022,1721,54606,60773,1,1,1
5777,20458,20173,114,62403,60333,1810,63088,105674,99,1,1
5778,10866,6175,156,57313,56445,1741,57833,76715,36,1,1
5779,41525,42437,209,125870,122034,5413,126967,216441,185,1,2
5780,10688,8449,102,143174,141863,5906,143662,168794,47,1,3
5781,4433,207,163,30104,29871,1898,30482,37110,1,1,1
5782,4479,204,106,24564,24361,1754,24895,31421,1,1,1
5783,36897,34150,168,83157,80339,2533,84071,157932,139,1,1
5784,8432,6171,108,47108,46241,3993,47557,66249,37,1,1
5785,17070,16896,112,66692,64843,1705,67326,103095,87,1,1
5786,19087,15534,107,87091,85314,1717,87751,124186,79,1,1
5787,11115,10248,104,65874,64618,2321,66395,90172,57,1,1
5788,4423,200,103,56943,56740,1707,57270,63695,1,1,1
5789,4140,200,98,55253,55047,1743,55561,61732,1,1,1
5790,17485,17230,115,71150,69314,1783,71844,108445,87,1,1
5791,12660,10525,112,56273,54994,3272,56810,83359,58,1,1
5792,4435,195,103,43774,43564,1836,44090,50646,1,1,1
5793,42011,37305,113,110084,106550,8304,111060,198805,167,1,2
5794,19272,10756,172,159349,157749,11074,160263,201700,46,1,2
5795,5813,394,189,47095,46763,2216,47647,56231,1,1,1
5796,6339,519,144,39764,39413,2263,40231,49665,3,1,1
5797,24985,22541,170,129018,126449,2329,130146,180327,86,1,1
5798,12690,9888,150,113660,112296,3397,114462,140737,43,1,1
5799,20160,16304,154,132564,130635,4037,133571,174370,65,1,1
5800,25382,25742,172,109330,106617,2248,110629,164305,98,1,1
5801,22250,12272,179,133618,131887,9103,134453,178190,55,1,2
5802,11004,3722,171,76642,75993,1856,77160,93843,23,1,1
5803,18751,18788,109,52522,50435,1737,53212,92587,95,1,1
5804,10734,9826,101,45990,44760,2621,46500,69777,54,1,1
5805,6107,255,157,53658,53386,1832,54044,62345,1,1,1
5806,4331,210,110,41141,40938,1733,41485,47850,1,1,1
5807,54507,27323,160,76831,74086,20238,77706,180051,125,1,1
5808,5404,206,135,25889,25682,1792,26228,33725,1,1,1
5809,11818,7603,104,63497,62477,12502,63969,95987,43,1,1
5810,5656,558,99,19686,19403,1640,20011,27953,5,1,1
5811,7092,1126,102,22342,21992,2126,22689,33121,9,1,1
5812,4161,201,102,25118,24886,1704,25436,31592,1,1,1
5813,4112,196,102,18102,17901,1512,18418,24330,1,1,1
5814,16225,13168,104,54287,52694,1700,54844,86034,70,1,1
5815,24129,15202,100,98778,96757,8136,99420,147007,76,1,2
5816,13413,10278,156,83881,82555,1813,84474,110076,57,1,1
5817,17617,17399,124,71965,69462,3812,72662,111615,89,1,1
5818,8938,7624,130,58867,57777,1784,59384,77830,44,1,1
5819,4216,216,99,68850,68631,1748,69212,75488,1,1,1
5820,23756,20975,102,100603,98290,1755,101304,147891,104,1,2
5821,10249,9208,98,37657,36484,1698,38140,59387,51,1,1
5822,4127,197,102,37560,37346,1686,37865,43968,1,1,1
5823,41797,37048,106,76127,72874,8878,77052,164875,166,1,1
5824,16062,14734,193,75371,73665,2360,76062,109322,78,1,1
5825,4279,209,97,23209,23002,1737,23512,29833,1,1,1
5826,20867,19932,114,81177,79028,1713,81883,124504,101,1,1
5827,11342,10544,103,67920,66661,1726,68444,92149,58,1,1
5828,5093,379,158,56348,56087,1849,56751,64172,2,1,1
5829,25010,26231,132,118515,115878,1744,119342,172426,125,1,2
5830,10930,9640,102,53066,51877,2129,53610,76405,54,1,1
5831,42050,34322,111,119836,116729,8367,120756,205598,152,1,2
5832,13697,13575,99,95301,93731,6248,95866,129479,69,1,2
5833,4753,197,95,36303,36104,1764,36607,43418,1,1,1
5834,4470,198,92,24214,24029,1747,24502,31003,1,1,1
5835,24253,23898,115,80459,78102,2483,81207,131942,117,1,1
5836,16040,15895,152,75125,73369,1673,75797,109499,84,1,1
5837,21149,21324,143,126998,123938,2211,127781,172594,104,1,1
5838,12851,9774,202,109803,108337,2218,110579,135550,43,1,1
5839,7716,447,299,103068,102594,3396,103719,115410,1,1,1
5840,4979,360,136,99447,99177,1853,99840,107153,1,1,1
5841,21014,21741,123,59461,57170,1908,60213,104977,103,1,1
5842,10018,9550,98,57674,56412,1760,58172,79591,53,1,1
5843,4237,805,99,79024,78543,1786,79360,86289,6,1,2
5844,46904,42278,170,105922,102283,3791,106944,200034,173,1,2
5845,12513,9315,99,91043,89797,6188,91602,119708,50,1,2
5846,4327,195,99,26993,26771,1776,27306,33696,1,1,1
5847,4462,197,97,26631,26428,1719,26928,33449,1,1,1
5848,25194,21360,120,76595,74455,1788,77312,125772,105,1,1
5849,10647,7971,142,77137,76093,1796,77656,98173,46,1,1
5850,17745,17536,121,61807,59925,1728,62469,99578,91,1,1
5851,12235,7407,143,114691,113585,10547,115218,145505,42,1,2
5852,15867,9112,160,53749,52624,7625,54311,87020,51,1,1
5853,4249,197,124,57330,57127,2339,57673,64556,1,1,1
5854,19908,21784,109,54765,52563,1739,55484,99016,106,1,1
5855,10341,7972,99,78957,77796,1771,79443,99616,46,1,2
5856,4397,201,96,35419,35220,1680,35722,42088,1,1,1
5857,41881,35827,143,98769,95454,4944,99718,182473,163,1,2
5858,5468,2408,90,64330,63817,13374,64696,86043,17,1,1
5859,4525,200,100,18312,18118,1761,18619,25191,1,1,1
5860,4235,199,97,23242,23031,2255,23544,30329,1,1,1
5861,4229,210,100,25012,24806,1696,25321,31547,1,1,1
5862,5690,3926,97,47442,46797,5789,47832,63327,25,1,1
5863,13737,9866,97,79833,78622,2105,80385,106196,55,1,1
5864,13018,11518,108,82803,81431,4399,83362,112389,63,1,1
5865,4653,1693,92,70056,69626,1679,70417,78526,13,1,1
5866,5896,4043,101,60723,60001,4887,61152,76079,27,1,1
5867,8632,3939,105,61920,61249,1751,62332,76743,26,1,1
5868,14107,15143,105,68413,66792,2205,69098,100645,78,1,1
5869,1841,200,93,55560,55371,3062,55865,61056,1,1,1
5870,14969,12993,102,40686,39193,1768,41259,71097,70,1,1
5871,19711,18327,154,120472,118566,5759,121313,165227,81,1,2
5872,4482,253,126,46366,46116,1753,46732,53314,1,1,1
5873,4707,186,187,38398,38206,1774,38804,45563,1,1,1
5874,42176,29497,143,75001,72223,23390,75856,171023,135,1,1
5875,14798,13861,102,74251,72714,1704,74824,105285,73,1,1
5876,2570,227,97,27092,26876,3134,27407,33440,1,1,1
5877,22148,22265,100,73945,71642,2631,74650,121791,111,1,1
5878,4342,200,136,54455,54265,1903,54824,61360,1,1,1
5879,11059,10557,105,70624,69333,1723,71151,94587,59,1,1
5880,4186,206,130,56465,56254,1700,56810,63003,1,1,1
5881,19649,20443,111,60431,58309,1711,61133,103035,102,1,1
5882,11270,10545,151,59584,58262,1782,60161,83861,59,1,1
5883,41914,37514,119,134498,131024,10752,135449,225737,170,1,2
5884,6528,3766,97,61578,60954,10642,61965,82993,24,1,1
5885,11081,5333,105,28605,27822,1841,29039,47384,33,1,1
5886,5078,197,98,23958,23770,1723,24255,31340,1,1,1
5887,5679,186,143,25344,25152,2421,25686,34063,1,1,1
5888,23517,20320,112,78440,76353,1717,79146,124805,102,1,1
5889,10819,9276,102,72478,71317,1922,72972,95086,53,1,1
5890,15007,15067,104,77721,75961,1780,78344,110303,80,1,1
5891,18543,6456,147,61377,60507,2280,61891,89267,36,1,1
5892,10905,10227,100,69930,68675,1706,70456,93387,58,1,1
5893,4635,197,91,60424,60241,1769,60720,67409,1,1,1
5894,20312,19574,130,51668,49694,1776,52375,94133,96,1,1
5895,12959,12536,100,54785,53359,2432,55389,83422,67,1,1
5896,4360,331,98,36847,36612,1687,37173,43642,2,1,1
5897,4391,197,104,34376,34181,1685,34703,41065,1,1,1
5898,41361,40812,107,114672,111060,3436,115642,201352,181,1,2
5899,12851,9459,106,88708,87426,5719,89217,117341,52,1,2
5900,1594,199,97,27304,27111,2635,27606,32123,1,1,1
5901,4153,198,93,29363,29172,1828,29700,35969,1,1,1
5902,4623,200,102,25169,24960,2877,25493,33329,1,1,1
5903,4139,197,100,24953,24762,1743,25257,31427,1,1,1
5904,17117,16885,104,74497,72666,3777,75114,112989,86,1,1
5905,9442,8865,95,76031,74896,3122,76526,98049,51,1,1
5906,9448,5869,102,73672,72841,2074,74101,91583,35,1,1
5907,3868,2415,101,65497,64967,5522,65966,77869,17,1,1
5908,13416,8423,105,50495,49453,2037,50991,74969,46,1,1
5909,9346,8026,100,56983,55935,2801,57481,77744,47,1,1
5910,4893,200,94,56010,55810,2376,56322,63880,1,1,1
5911,4474,300,102,55264,55011,1720,55587,62173,2,1,1
5912,20252,20800,119,60671,58544,1816,61454,104446,103,1,1
5913,7708,4879,104,72101,71235,1721,72524,86923,30,1,2
5914,4291,208,98,37127,36934,1724,37443,43758,1,1,1
5915,41328,41485,116,97667,93922,3221,98665,184798,187,1,2
5916,1237,312,96,56348,56126,933,56656,59228,2,1,1
5917,41554,39770,208,13581,9996,6938,14663,103009,184,1,1
5918,4299,204,93,18880,18687,1561,19169,25319,1,1,1
5919,4173,205,99,27181,26971,1357,27504,33331,1,1,1
5920,21784,19746,130,71642,69599,2018,72343,115997,99,1,1
5921,11345,4128,115,58146,57452,1371,58656,75597,26,1,1
5922,13255,12753,103,78026,76518,1696,78587,106385,70,1,1
5923,26859,31548,253,110957,107293,2562,112471,173888,109,1,1
5924,11957,12101,218,121474,119808,3118,122194,149478,64,1,2
5925,4866,199,96,58545,58341,2953,58865,66977,1,1,1
5926,15097,14005,112,42187,40589,1714,42787,73708,73,1,1
5927,13244,10923,152,98568,97156,5643,99142,129044,57,1,2
5928,4293,201,131,38118,37909,2020,38481,45089,1,1,1
5929,4464,197,97,38283,38080,1728,38602,45079,1,1,1
5930,7680,3561,100,59719,59125,10022,60108,81452,22,1,1
5931,15365,13148,100,73980,72482,1671,74563,104839,72,1,1
5932,1684,755,132,45966,45669,966,46352,49857,6,1,1
5933,27533,27512,104,102921,100291,1836,103700,160669,131,1,1
5934,12166,13316,106,80434,78974,1713,80999,108283,69,1,1
5935,3224,197,93,64986,64803,2379,65316,71207,1,1,1
5936,4513,481,92,76913,76651,1694,77304,84084,4,1,1
5937,20067,20918,110,59305,57224,1709,60015,102807,103,1,1
5938,22326,13538,193,49076,47518,1726,49744,87433,72,1,1
5939,4496,198,98,35713,35510,1697,36020,42509,1,1,1
5940,41743,39435,117,110198,106677,4235,111151,196664,175,1,2
5941,12603,11540,156,91093,89624,5372,91692,121309,62,1,2
5942,4242,208,99,25240,25043,1820,25549,31906,1,1,1
5943,20360,16540,116,74953,73197,1750,75589,114333,85,1,1
5944,7843,5895,101,67550,66695,1706,67991,83525,37,1,1
5945,1607,792,175,48869,48563,1140,49303,52941,6,1,1
5946,49067,44290,152,76237,72425,2056,77315,173045,195,1,1
5947,9539,8199,101,61666,60579,1714,62148,81688,48,1,1
5948,4587,202,93,54853,54670,1699,55163,61740,1,1,1
5949,4524,199,173,55487,55296,1767,55872,62460,1,1,1
5950,22119,23548,105,59962,57674,1713,60702,108186,112,1,1
5951,15044,14729,110,49105,47536,1761,49699,81330,76,1,1
5952,4595,198,97,43701,43452,1704,44009,50597,1,1,1
5953,41558,39825,112,107340,103768,6547,108301,196334,176,1,2
5954,13471,8712,197,89760,88532,6493,90340,119116,48,1,2
5955,4612,197,95,27583,27351,2511,27898,35307,1,1,1
5956,4501,344,90,17600,17365,1743,17907,24588,3,1,1
5957,4181,198,107,25418,25204,1813,25743,32033,1,1,1
5958,20344,20067,96,81024,78926,3358,81696,125554,102,1,1
5959,8695,6186,96,49685,48826,3343,50117,68435,36,1,1
5960,11800,10786,160,65361,64065,1724,65958,90374,60,1,1
5961,8712,6280,103,60298,59342,4590,60762,80443,39,1,1
5962,5568,197,94,58292,58070,1743,58591,66186,1,1,1
5963,15103,16050,107,61444,59690,1708,62063,95019,85,1,1
5964,9052,892,187,90082,89667,2171,90639,102908,5,1,1
5965,41463,11517,142,51579,49941,34530,52233,139882,60,1,1
5966,19464,3939,153,64166,63385,2136,64736,90411,18,1,1
5967,10678,3562,143,36359,35691,17975,36868,69198,19,1,1
5968,28603,9103,153,47750,46542,9597,48439,95861,38,1,1
5969,30051,14518,102,48060,46453,2175,48661,95502,73,1,1
5970,4439,205,92,52361,52138,1771,52719,59236,1,1,1
5971,41511,31469,106,77987,74936,19717,78827,171626,143,1,1
5972,11142,4278,104,84586,83777,3531,84997,104037,27,1,2
5973,4902,211,103,19044,18840,1867,19374,26446,1,1,1
5974,26622,26557,104,83748,81193,2158,84520,139962,126,1,1
5975,10760,9758,149,75101,73869,1766,75665,98041,55,1,1
5976,18461,18687,111,67070,65157,1808,67743,106797,93,1,1
5977,9865,8432,101,109710,108468,1760,110200,130344,49,1,2
5978,25206,8750,149,59779,58688,3247,60321,97627,49,1,1
5979,8296,220,97,57286,57082,1714,57605,67926,1,1,1
5980,2288,486,97,27052,26786,4880,27369,35113,4,1,1
5981,8059,2542,97,26793,26284,1740,27165,39596,18,1,1
5982,17285,16539,107,94937,93106,4812,95554,134279,83,1,2
5983,3936,195,99,22876,22676,2019,23177,29414,1,1,1
5984,29313,27347,113,90701,88097,1722,91548,150029,132,1,1
5985,12240,11442,104,72811,71486,3366,73349,100481,62,1,1
5986,17391,13427,114,58034,56518,1694,58615,91224,70,1,1
5987,9015,7791,136,97021,95827,26525,97558,140981,46,1,2
5988,16870,16533,152,74108,72307,3433,74804,111744,85,1,1
5989,9197,7873,99,54638,53606,3769,55125,76066,45,1,1
5990,6370,1573,102,45014,44613,1735,45367,55138,12,1,1
5991,15543,16320,104,50170,48411,2390,50791,85137,84,1,1
5992,4392,193,144,36315,36119,1833,36676,43197,1,1,1
5993,41907,40473,104,113980,110398,5051,114956,202488,178,1,2
5994,14234,9208,103,97963,96705,7672,98466,129684,50,1,2
5995,5709,189,104,29109,28910,1771,29432,37200,1,1,1
5996,4402,194,95,26559,26341,1685,26844,33213,1,1,1
5997,4295,198,103,24316,24089,1683,24634,30900,1,1,1
5998,28297,31047,105,91352,88414,1781,92255,153482,148,1,1
5999,11530,10103,106,73135,71902,3079,73659,98461,57,1,1
6000,9545,9075,128,66178,65004,4046,66722,89491,52,1,1
6001,9641,749,96,62470,62167,1753,62794,75026,6,1,1
6002,10641,8787,145,73440,72309,1590,74072,95188,52,1,1
6003,4448,331,88,62119,61879,1667,62425,68965,3,1,1
6004,20421,23793,121,60509,58223,1779,61252,107348,113,1,1
6005,11971,11697,138,43995,42657,2176,44587,70524,62,1,1
6006,4394,473,186,38172,37902,1766,38590,45318,4,1,1
6007,4239,1972,100,31910,31421,12886,32274,51470,14,1,1
6008,26111,21817,100,72661,70500,7255,73361,128633,107,1,1
6009,14250,8730,104,84652,83390,6771,85139,114980,49,1,2
6010,4119,198,96,24626,24428,1929,24930,31267,1,1,1
6011,4125,197,100,18609,18413,2282,18920,25611,1,1,1
6012,18326,17656,105,77940,76055,1753,78580,116417,88,1,1
6013,11093,10044,151,76445,75179,1759,77014,100004,57,1,1
6014,2021,1058,99,40440,40104,1217,40789,45189,8,1,1
6015,33329,34157,103,61553,58445,2410,62429,132417,159,1,1
6016,11087,10396,106,67227,65920,2143,67808,91526,61,1,1
6017,3446,199,89,55977,55782,2243,56270,62246,1,1,1
6018,8410,198,123,57050,56854,1797,57397,67894,1,1,1
6019,16978,16217,106,43786,42072,2249,44402,79946,83,1,1
6020,10541,8759,97,36600,35514,1701,37092,58187,50,1,1
6021,4493,208,95,47040,46826,1769,47395,53962,1,1,1
6022,42241,30117,111,108711,105817,19695,109545,201699,140,1,2
6023,12711,8439,106,62886,61855,11632,63366,96238,47,1,1
6024,4182,209,103,22703,22501,1675,23031,29188,1,1,1
6025,23666,20921,116,91526,89464,1725,92412,138829,95,1,1
6026,8690,7247,211,90253,89080,2159,90893,109359,41,1,1
6027,13702,6888,140,70041,69078,1730,70574,92992,39,1,1
6028,23875,26161,106,63754,61205,1746,64550,116439,125,1,1
6029,14061,15173,110,72886,71204,1804,73556,104690,78,1,1
6030,41646,39451,184,120846,117283,8096,121871,211170,173,1,2
6031,8664,1883,115,105337,104772,1734,105718,118101,13,1,2
6032,8915,7500,105,32734,31745,1738,33216,51465,43,1,1
6033,4309,199,99,24641,24443,12107,24963,41668,1,1,1
6034,21431,19256,189,81190,79168,1690,81955,124436,97,1,1
6035,10269,7907,172,55617,54617,2486,56162,76914,45,1,1
6036,11471,10865,107,67127,65876,1796,67657,91881,59,1,1
6037,2943,2027,96,47132,46683,986,47497,53551,14,1,1
6038,36487,46358,159,96567,92743,2437,97590,182988,164,1,1
6039,12423,12028,167,92995,91284,2332,93676,120574,63,1,1
6040,4255,272,141,76542,76179,1926,76957,83511,1,1,1
6041,41790,11812,105,83727,82347,27472,84318,165493,58,1,1
6042,47599,18006,186,63304,61470,6987,64059,136754,85,1,1
6043,7561,2118,98,25638,25169,15714,26001,51485,14,1,1
6044,20290,9798,108,37703,36525,11226,38226,79634,52,1,1
6045,20305,8774,105,41667,40593,1727,42157,73056,48,1,1
6046,41408,30345,119,111959,108575,8849,112789,193493,137,1,2
6047,12021,2528,110,108415,107744,12002,108904,135760,16,1,2
6048,6052,1481,154,65178,64453,2465,65691,75864,7,1,2
6049,21476,21807,115,79417,77007,1747,80168,125300,108,1,1
6050,12419,10549,118,79006,77641,2173,79557,104792,59,1,1
6051,20256,20932,144,74779,72620,1917,75543,118747,106,1,1
6052,14299,1292,106,67451,67072,2282,67797,85765,9,1,1
6053,12441,12046,99,62935,61514,1694,63498,89772,66,1,1
6054,4569,219,100,55468,55271,1759,55795,62433,1,1,1
6055,18279,17248,147,50910,49062,1794,51604,89023,88,1,1
6056,5800,1916,90,77752,77169,1702,78110,87625,14,1,2
6057,4379,200,107,36391,36186,1818,36716,43204,1,1,1
6058,41725,38275,107,99171,95633,4381,100122,184604,174,1,2
6059,10738,6510,101,78665,77706,9629,79102,106069,36,1,2
6060,6153,242,209,25950,25695,1768,26432,34717,1,1,1
6061,4253,198,97,25288,25085,2044,25599,32182,1,1,1
6062,4078,216,97,18171,17979,1688,18485,24562,1,1,1
6063,7961,5930,99,48645,47809,4220,49078,67278,36,1,1
6064,18890,13088,99,63939,62517,7196,64476,103744,64,1,1
6065,9414,8918,104,70231,69099,1812,70732,90966,51,1,1
6066,4146,196,102,63502,63300,1686,63905,70030,1,1,1
6067,22219,22482,109,68756,66503,1844,69493,116140,110,1,1
6068,13074,12429,106,64078,62625,1727,64647,91975,68,1,1
6069,4205,366,101,58107,57862,1702,58437,64799,3,1,1
6070,7106,200,103,56119,55930,1666,56448,65511,1,1,1
6071,15465,14500,142,43346,41702,1740,43991,75791,77,1,1
6072,11050,11539,101,39214,37865,1690,39815,64189,61,1,1
6073,2551,197,94,36642,36453,2411,36940,42188,1,1,1
6074,42059,33639,107,74790,71749,16957,75661,168415,155,1,1
6075,13353,12262,109,73508,72071,1696,74080,101481,68,1,1
6076,4348,204,185,24158,23961,1690,24560,30904,1,1,1
6077,22504,21035,109,72398,70260,1769,73094,118509,104,1,1
6078,9561,5440,98,56983,56221,1685,57416,74201,32,1,1
6079,11652,11134,99,77894,76548,1748,78432,103061,62,1,1
6080,4393,640,182,60975,60691,1718,61408,68250,5,1,1
6081,21105,23784,123,65017,62642,1770,65801,112561,116,1,1
6082,12887,12056,104,59140,57775,2236,59685,86956,64,1,1
6083,42243,36013,113,108378,105018,7249,109304,194913,161,1,2
6084,13705,10884,156,90798,89372,6471,91395,122559,59,1,2
6085,4679,208,96,24345,24153,1687,24647,31310,1,1,1
6086,27434,25030,108,82603,80073,1722,83371,137662,123,1,1
6087,9192,8018,89,44495,43421,3718,44960,65979,48,1,1
6088,16227,26565,186,66785,65114,2178,67494,112556,81,1,1
6089,23785,22840,107,374319,372005,1743,375065,423543,113,1,1
6090,2283,803,91,107370,107070,903,107689,111770,6,1,1
6091,15311,15800,105,303751,302015,1661,304418,337292,84,1,1
