batch_id,d1_ns,d2_ns,d3_ns,d4_ns,d5_ns,d6_ns,svc_ns,total_ns,num_faults,num_va_spaces,num_blocks
866,30488,33864,351,99528,96562,10871,100760,176133,224,1,1
867,5320,3206,60,35136,34665,1904,35447,45937,30,1,1
868,4107,2124,60,42861,42490,11862,43091,61275,22,1,1
869,4829,2595,61,41458,41047,7264,41709,56457,26,1,1
870,9648,8706,60,33814,32932,1813,34104,54332,69,1,1
871,4318,1833,60,22613,22272,2335,22843,31400,20,1,1
872,11722,9257,60,25809,24697,1683,26110,48832,79,1,1
873,3577,1933,60,27762,27381,3116,28003,36699,22,1,1
874,9748,7755,61,24185,23304,1423,24466,43462,68,1,1
875,12293,3116,60,28494,28023,1493,28744,45726,32,1,1
876,9609,6672,61,21841,21059,1252,22122,39725,60,1,1
877,8997,6933,50,16341,15759,2876,16571,35447,64,1,1
878,8787,9017,40,24797,23925,1674,25017,44555,106,1,1
879,2535,421,40,13696,13506,722,13846,17574,8,1,1
880,18004,19808,40,26210,24607,2735,26500,67107,205,1,1
881,8346,7093,40,23775,23043,1633,23986,41118,89,1,1
882,7144,5901,40,24126,23475,1723,24326,39144,77,1,1
883,2204,260,50,10390,10270,591,10540,13636,5,1,1
884,12283,11462,40,20138,19076,1442,20388,45626,132,1,1
885,7485,3055,40,33413,32942,17774,33594,61948,42,1,2
886,3577,2545,40,15530,15159,3927,15700,25789,38,1,1
887,6643,3707,40,20218,19778,5580,20409,36379,48,1,1
888,2765,491,51,12774,12634,1944,12935,18175,10,1,1
889,7204,5801,40,20058,19417,1433,20258,34736,74,1,1
890,7634,5741,40,19838,19196,2214,20038,35657,74,1,1
891,4008,831,41,11982,11782,1914,12143,18936,16,1,1
892,6452,3306,40,34044,33593,10410,34225,54433,45,1,2
893,3166,1232,40,11222,10981,6312,11382,22152,22,1,1
894,9137,6443,40,22583,21861,4498,22783,42911,85,1,1
895,3626,751,40,13215,13035,1724,13375,19517,14,1,1
896,5942,3747,40,10740,10370,1093,10910,21752,39,1,1
897,4369,1983,41,14968,14647,3937,15149,25488,32,1,1
898,7955,5951,50,21982,21310,2124,22192,38262,80,1,1
899,5951,2495,50,20018,19647,1523,20198,30217,40,1,1
900,7814,6012,50,23735,23074,6222,23945,44033,79,1,1
901,1813,211,40,13005,12884,551,13145,15780,4,1,1
902,11011,10289,50,23976,22994,1022,24216,46568,122,1,1
903,7054,4208,40,20599,20078,2695,20789,34786,59,1,1
904,6883,5710,40,22282,21621,1182,22483,36289,76,1,1
905,6242,3677,40,13496,13005,1412,13676,25057,55,1,1
906,1763,321,40,17894,17763,2154,18044,22332,7,1,1
907,4087,1482,41,13545,13295,2375,13706,21711,24,1,1
908,7695,3606,40,14587,14116,1744,14768,27853,51,1,1
909,6783,5851,40,22783,22112,1573,22984,37231,78,1,1
910,17332,13285,40,34716,33513,9357,34966,74991,145,1,2
911,3577,1042,40,35337,35057,3597,35487,43753,17,1,3
912,4448,612,50,6051,5891,1032,6211,12353,12,1,1
913,8195,8937,41,20598,19707,1062,20840,39084,110,1,1
914,7574,5040,40,21741,21170,6212,21931,40817,65,1,1
915,6312,4949,41,19035,18464,1643,19227,32181,66,1,1
916,7104,4318,40,20399,19878,14096,20589,46157,59,1,1
917,6412,5199,50,21130,20518,1222,21331,34215,72,1,1
918,6242,3737,50,36479,35978,7825,36669,54523,52,1,2
919,7293,5731,41,14687,14056,2275,14888,30237,74,1,1
920,1663,121,40,18565,18475,2855,18735,23414,1,1,1
921,4769,2074,40,13856,13526,2014,14026,22933,33,1,1
922,6221,3747,40,12834,12333,1353,13035,24386,56,1,1
923,7564,5811,40,15269,14618,1623,15469,30517,76,1,1
924,3977,291,40,12223,12093,1724,12363,18415,6,1,1
925,3416,842,50,31760,31530,15770,31920,52008,15,1,2
926,2635,912,50,18916,18725,15178,19076,37851,16,1,1
927,3536,471,41,8526,8365,1523,8687,14257,11,1,1
928,6663,6081,40,20810,20108,1172,21020,34986,82,1,1
929,6963,4108,40,30357,29826,19858,30557,61526,56,1,2
930,2876,2304,40,20098,19758,611,20258,26089,34,1,1
931,18064,19457,40,24256,22633,13576,24556,75693,208,1,1
932,5991,4959,40,18595,18004,1222,18786,31018,68,1,1
933,6923,3637,40,13436,12965,1793,13616,26029,52,1,1
934,3006,2044,40,18014,17684,2745,18184,26029,33,1,1
935,7223,5270,40,16051,15439,1433,16251,30227,71,1,1
936,9277,5821,40,38413,37732,7344,38613,61095,75,1,2
937,2775,1392,50,13445,13185,4599,13616,22432,25,1,1
938,8556,5591,40,21370,20749,2465,21570,38232,74,1,1
939,11151,11242,40,17633,16591,2705,17873,43021,129,1,1
940,8295,4839,50,21911,21350,1894,22112,37190,66,1,1
941,8245,6192,50,16532,15860,2214,16742,33433,81,1,1
942,8356,7094,40,22502,21731,1083,22712,39295,94,1,1
943,7455,7364,40,22673,21911,1042,22883,38804,92,1,1
944,7514,5451,40,26460,25839,1673,26670,41338,73,1,1
945,6953,5360,40,15449,14818,1142,15659,29145,74,1,1
946,7364,6211,40,16731,16030,2856,16932,33413,82,1,1
947,6282,4548,40,20579,20007,1302,20769,32952,65,1,1
948,3547,1373,50,13215,12955,1593,13385,19938,24,1,1
949,7484,4308,50,14627,14096,2043,14818,28714,61,1,1
950,6592,5190,50,21852,21240,1994,22052,35878,72,1,1
951,6752,4539,40,42350,41760,13626,42540,67487,62,1,2
952,1012,240,40,18735,18615,7995,18875,28163,5,1,1
953,7495,4177,40,13235,12704,1232,13426,26380,60,1,1
954,4017,892,40,9098,8897,1452,9258,15659,16,1,1
955,3957,661,40,9307,9127,1042,9467,15178,14,1,1
956,11281,11542,40,18805,17713,2024,19056,43953,136,1,1
957,7414,5219,40,22362,21761,3196,22563,38432,70,1,1
958,7534,6192,40,21862,21160,1332,22062,37180,83,1,1
959,7955,5881,40,23114,22433,6102,23314,43302,80,1,1
960,6171,5631,40,20950,20299,1162,21160,34164,77,1,1
961,7795,3206,40,34245,33763,8366,34415,53842,47,1,2
962,7434,5491,50,15539,14918,3006,15739,31720,73,1,1
963,5250,3015,40,19657,19226,4539,19827,32692,46,1,1
964,4669,3406,40,15189,14728,1313,15369,24797,50,1,1
965,7234,3436,41,14397,13946,2014,14578,27302,50,1,1
966,6803,5721,50,16411,15760,1763,16611,30958,77,1,1
967,4048,511,40,12403,12233,1704,12553,18866,11,1,1
968,3857,511,40,27953,27773,10169,28113,42680,10,1,2
969,3467,791,40,6712,6512,3015,6862,14197,15,1,1
970,4979,2796,40,21200,20819,5120,21370,34315,40,1,1
971,4288,1372,40,9828,9558,1493,9989,17202,25,1,1
972,4098,821,40,7825,7625,1042,7975,13986,16,1,1
973,3076,972,40,20820,20569,2585,20980,27663,18,1,2
974,7153,4078,40,21471,20970,8636,21661,41588,57,1,1
975,6973,6472,40,19406,18685,1703,19618,34806,85,1,1
976,7424,6092,40,21791,21110,5591,22001,41158,80,1,1
977,5881,4318,40,18826,18295,1222,19026,30497,62,1,1
978,7524,4879,40,20589,19987,1463,20779,34705,69,1,1
979,6412,1503,40,18966,18705,1553,19126,28644,25,1,1
980,6392,4348,40,20579,20028,1323,20759,32872,63,1,1
981,8005,6994,40,35076,34295,1503,35286,51848,91,1,2
982,6713,5120,40,15319,14728,1823,15509,29215,68,1,1
983,4980,982,40,12774,12564,1663,12934,20599,18,1,1
984,9047,4519,40,21561,21010,15619,21751,50986,62,1,1
985,3377,1633,40,13806,13526,2675,13976,21701,27,1,1
986,7123,5741,40,22563,21892,4198,22763,39875,79,1,1
987,3146,191,40,7815,7714,1222,7955,12564,3,1,1
988,2956,972,40,11201,10991,2946,11361,18285,17,1,1
989,7755,4779,50,15600,15049,2395,15800,30779,65,1,1
990,7344,4448,40,21320,20739,5330,21511,38693,67,1,1
991,7053,7384,50,21731,21070,1183,21941,37601,80,1,1
992,5751,3196,40,20068,19627,9869,20248,39104,48,1,1
993,5560,4198,40,17273,16742,1293,17473,28564,60,1,1
994,6732,4058,40,14628,14107,1533,14818,27191,59,1,1
995,1954,1082,40,14488,14257,611,14648,18335,19,1,1
996,11853,12493,41,18144,16942,1944,18405,44735,150,1,1
997,5841,4398,40,34655,34064,10901,34856,56046,63,1,2
998,2495,1272,40,11632,11381,5049,11793,20659,22,1,1
999,4518,3056,40,20549,20138,4319,20719,32662,44,1,1
1000,1773,121,40,8566,8466,2295,8706,12935,1,1,1
1001,3436,2324,50,14617,14277,4970,14798,25568,36,1,1
1002,4118,2605,50,20519,20138,2755,20699,30227,41,1,1
1003,7013,5420,40,16442,15809,3126,16642,32251,74,1,1
1004,7515,6632,50,22583,21851,1974,22793,38964,88,1,1
1005,7534,7715,40,17904,17092,1022,18124,34455,99,1,1
1006,7424,6111,41,17593,16881,2064,17804,33453,85,1,1
1007,4168,2084,40,20449,20108,2244,20619,29165,34,1,1
1008,6673,5019,40,22924,22313,1232,23114,36088,71,1,1
1009,7163,5992,40,25899,25208,2244,26099,41548,81,1,1
1010,3316,1363,50,13055,12794,1573,13215,19517,24,1,1
1011,8065,4409,40,14948,14407,1924,15138,29596,63,1,1
1012,7054,5420,40,21160,20519,1974,21360,35838,74,1,1
1013,8526,6021,40,33454,32772,11201,33654,59432,75,1,2
1014,2434,1183,40,10109,9869,6673,10269,20609,21,1,1
1015,9979,9197,40,24426,23524,9658,24667,53531,110,1,1
1016,3737,912,40,8386,8176,1052,8546,14277,18,1,1
1017,3897,661,51,8866,8696,1483,9027,15108,13,1,1
1018,2665,521,41,13776,13625,4027,13937,21190,11,1,1
1019,6713,3827,40,21160,20679,7915,21350,39845,55,1,1
1020,7304,5570,40,18024,17363,1533,18225,32692,78,1,1
1021,7243,4929,40,22032,21431,5190,22222,39645,69,1,1
1022,6703,6642,40,18495,17773,1042,18706,33153,87,1,1
1023,6703,5059,41,17352,16761,2686,17543,32041,68,1,1
1024,6813,3397,40,20408,19988,2134,20599,32983,47,1,1
1025,7204,5290,40,20699,20068,1373,20899,34806,73,1,1
1026,6322,3366,41,19587,19146,2875,19778,32381,48,1,1
1027,5190,4508,40,15619,15068,1223,15810,26781,64,1,1
1028,4438,481,40,12384,12223,1703,12534,19186,10,1,1
1029,7404,5240,50,16251,15630,1683,16461,30828,75,1,1
1030,2966,822,50,12293,12093,1633,12453,17924,17,1,1
1031,6522,3066,40,30407,29977,7404,30588,47630,43,1,2
1032,5400,2435,50,19677,19336,9879,19847,37611,36,1,1
1033,1573,421,40,8326,8175,1913,8486,12433,9,1,1
1034,3908,310,41,7383,7253,1052,7525,12835,6,1,1
1035,5130,2935,50,16661,16230,2605,16842,27552,48,1,1
1036,7525,4708,50,21420,20849,2425,21620,36329,66,1,1
1037,7283,5521,40,19607,18956,1543,19807,34204,77,1,1
1038,7624,5790,40,21350,20699,1713,21551,36719,76,1,1
1039,4739,4128,40,21931,21431,1282,22122,32331,57,1,1
1040,7414,4799,40,18014,17463,1864,18224,32341,65,1,1
1041,6642,5631,50,24026,23364,2495,24236,39044,79,1,1
1042,6943,2054,40,19196,18876,1553,19357,29957,32,1,1
1043,7314,5771,40,36740,36048,18284,36940,68359,77,1,2
1044,3647,1693,40,6552,6272,9007,6723,21110,28,1,1
1045,17063,19757,40,18044,16401,12533,18345,67738,210,1,1
1046,1503,241,40,8736,8616,9118,8876,19798,5,1,1
1047,16772,20749,50,20108,18385,8406,20428,66385,222,1,1
1048,3677,300,40,12544,12413,1703,12684,18414,6,1,1
1049,9407,4217,40,21140,20619,19777,21320,54773,59,1,1
1050,3206,2034,40,14317,14006,2394,14487,22171,32,1,1
1051,7354,5571,40,21942,21301,3697,22142,38814,74,1,1
1052,2775,341,40,8546,8416,1664,8696,13516,7,1,1
1053,6783,5150,40,19206,18605,2335,19406,33724,71,1,1
1054,8496,5300,50,21681,21060,4729,21882,40467,73,1,1
1055,6713,6031,41,26940,26269,1172,27142,41118,80,1,1
1056,3006,1653,40,20629,20339,2695,20789,28193,27,1,1
1057,5420,4138,50,15069,14558,1332,15259,26209,59,1,1
1058,7263,4679,40,15410,14848,2164,15610,29746,65,1,1
1059,7945,5019,50,21261,20669,1412,21471,35887,70,1,1
1060,6392,4068,40,33143,32612,9588,33333,53421,56,1,2
1061,2726,1613,40,30247,29927,5140,30407,39946,26,1,2
1062,4588,862,40,11342,11131,1402,11502,18404,17,1,1
1063,2836,731,40,8877,8676,1653,9027,14307,16,1,1
1064,2234,441,40,13416,13265,5029,13566,21320,9,1,1
1065,3847,2735,40,22403,22012,5420,22593,34625,42,1,1
1066,6873,5280,40,16081,15459,2274,16281,30748,72,1,1
1067,7705,6442,50,22222,21520,1903,22443,38543,85,1,1
1068,7334,6392,40,17183,16471,1062,17383,32221,84,1,1
1069,7354,5571,40,16331,15690,2485,16531,31991,75,1,1
1070,6532,3407,40,20499,20018,1393,20679,32061,53,1,1
1071,5901,4158,50,16100,15589,1323,16291,27723,58,1,1
1072,7113,5420,40,19847,19206,2084,20048,34695,75,1,1
1073,4038,891,40,20278,20068,1663,20429,27071,17,1,1
1074,6642,5651,40,17133,16492,1102,17333,30778,76,1,1
1075,6813,3928,40,14637,14117,1783,14818,27382,58,1,1
1076,6462,4779,40,21361,20750,1653,21561,34495,71,1,1
1077,6742,4709,41,30818,30206,11682,31009,54202,65,1,2
1078,8005,4117,40,39384,38824,2114,39575,53851,57,1,3
1079,2725,732,50,6352,6172,1222,6512,11231,15,1,1
1080,2885,1012,40,8006,7774,1062,8166,13165,19,1,1
1081,3807,481,40,8867,8706,1472,9017,14807,10,1,1
1082,5831,4258,40,15439,14898,4108,15629,29886,62,1,1
1083,2966,1333,40,19777,19507,2796,19937,27072,25,1,1
1084,6623,5310,40,18645,18024,4559,18845,35397,73,1,1
1085,8706,7565,40,22292,21501,2595,22502,41428,95,1,1
1086,7464,7043,40,22543,21772,1072,22753,38392,93,1,1
1087,6482,3136,40,31098,30638,9278,31279,50225,45,1,2
1088,7214,6001,40,21371,20679,4338,21571,39174,81,1,1
1089,6082,3507,40,19807,19336,4299,19987,33935,52,1,1
1090,12324,12544,40,21511,20328,1042,21761,47731,147,1,1
1091,6553,5219,40,15739,15138,2084,15951,29847,72,1,1
1092,4609,200,41,13796,13675,1743,13947,20539,4,1,1
1093,4278,582,40,12714,12544,1693,12874,19467,13,1,1
1094,11051,5411,50,30568,29916,12724,30768,59994,71,1,2
1095,1923,461,40,18676,18515,13195,18826,34445,10,1,1
1096,2966,491,40,6161,6001,1192,6312,11011,10,1,1
1097,2845,1032,40,8747,8516,992,8907,13836,20,1,1
1098,6803,5210,40,19577,18945,3256,19778,35087,73,1,1
1099,8105,5250,40,21811,21210,3066,22001,38472,70,1,1
1100,6833,6081,40,20780,20098,1352,20990,35306,81,1,1
1101,7484,5751,50,21581,20920,3306,21791,38362,78,1,1
1102,4298,3166,40,14979,14538,1322,15159,23985,49,1,1
1103,7284,5501,50,16762,16141,2775,16972,32582,74,1,1
1104,7034,5440,40,22122,21471,1633,22322,36479,76,1,1
1105,5240,320,40,18495,18354,1913,18646,26159,7,1,1
1106,3237,1082,50,14858,14638,2004,15018,21401,20,1,1
1107,4258,441,40,11151,11001,1453,11311,17503,9,1,1
1108,3066,2044,40,14477,14157,6221,14647,26029,33,1,1
1109,9278,7244,40,22723,21971,4388,22933,43903,90,1,1
1110,3637,1062,40,12854,12624,1623,13014,19376,20,1,1
1111,5731,912,40,19126,18916,18535,19276,44514,17,1,1
1112,15299,20148,40,20068,18345,2905,20369,58781,216,1,2
1113,1613,451,40,19156,19006,16451,19306,37851,9,1,1
1114,6543,7384,50,2835,2064,3387,3055,20429,94,1,1
1115,7535,6582,40,23845,23144,2775,24045,40988,82,1,1
1116,6853,2775,40,34335,33914,17984,34505,62158,40,1,2
1117,7194,6101,40,21610,20919,4779,21812,39936,81,1,1
1118,7003,3978,40,20619,20148,7053,20809,38883,53,1,1
1119,4228,2836,40,18064,17674,1403,18234,26761,42,1,1
1120,6943,3386,40,15469,15008,1643,15649,27682,50,1,1
1121,5611,3967,40,20589,20078,2224,20780,32632,58,1,1
1122,8025,4849,40,32462,31831,10850,32652,56426,66,1,2
1123,6242,4489,40,31910,31340,6613,32100,49484,62,1,2
1124,3045,371,50,8577,8436,1633,8727,13836,9,1,1
1125,3296,531,40,8977,8807,1473,9127,14477,11,1,1
1126,6122,2825,40,14698,14287,4268,14878,28143,44,1,1
1127,6141,4799,40,22462,21881,2335,22662,35978,68,1,1
1128,8256,6742,40,24847,24105,2084,25058,42190,88,1,1
1129,7043,6953,51,17362,16601,1001,17583,32631,92,1,1
1130,7174,5199,40,17292,16671,2696,17483,32612,72,1,1
1131,5421,2625,40,20459,20068,1472,20639,30197,42,1,1
1132,7605,6772,40,19897,19186,1503,20108,36028,86,1,1
1133,6742,4940,40,21400,20799,2083,21600,35416,70,1,1
1134,4148,361,50,20128,20008,1734,20278,26581,7,1,1
1135,6893,2104,50,9768,9458,14046,9949,33042,31,1,1
1136,16752,22352,41,23634,21831,20279,23955,83388,232,1,1
1137,3847,1353,40,9147,8887,12254,9307,26811,23,1,1
1138,16671,22382,40,20629,18785,14127,20950,74190,236,1,1
1139,1803,481,40,12083,11923,2014,12233,16571,10,1,1
1140,1934,160,40,8646,8556,9177,8807,20108,2,1,1
1141,17493,21631,50,33383,31540,22653,33714,95531,234,1,2
1142,2294,121,40,8736,8636,6593,8876,17924,1,1,1
1143,8967,7625,40,32742,31901,6472,32962,56076,97,1,2
1144,2905,612,50,6262,6081,1182,6422,11161,13,1,1
1145,2865,1142,41,7955,7714,1062,8116,13235,21,1,1
1146,6683,5490,40,19127,18494,2374,19327,33914,74,1,1
1147,7975,5941,40,22202,21520,2304,22403,38663,80,1,1
1148,7153,5831,51,19657,18995,1923,19868,34825,80,1,1
1149,7054,5991,40,22733,22052,3026,22933,39034,80,1,1
1150,6291,5641,40,23725,23043,1133,23925,37040,79,1,1
1151,6623,5210,40,22462,21841,1814,22652,36349,71,1,1
1152,4910,1182,50,20980,20749,1633,21140,28915,21,1,1
1153,6442,2225,40,19256,18906,1864,19426,30017,35,1,1
1154,6812,5811,40,16952,16281,1232,17153,31058,79,1,1
1155,6552,5029,40,16361,15740,1853,16552,30026,71,1,1
1156,4569,1493,40,24506,24206,1864,24666,32632,25,1,2
1157,3357,471,40,12604,12444,2054,12754,18696,11,1,1
1158,5410,1523,40,29606,29296,5190,29766,41929,24,1,2
1159,1984,862,40,19126,18926,13115,19276,35297,16,1,1
1160,2806,531,40,6212,6041,1653,6362,11402,12,1,1
1161,7965,7765,40,30017,29165,5871,30227,51878,97,1,2
1162,8205,2064,41,19617,19306,21410,19788,51527,32,1,1
1163,6782,6122,40,19828,19127,2765,20028,35747,83,1,1
1164,6682,3437,50,20469,20028,13375,20649,44193,49,1,1
1165,5701,4459,40,20659,20108,1373,20849,32432,63,1,1
1166,6602,5330,40,21781,21160,2234,21982,36188,72,1,1
1167,7715,2575,40,19507,19136,1613,19687,31620,39,1,1
1168,7093,4358,40,14628,14086,1273,14818,27592,62,1,1
1169,6392,3487,40,14908,14438,3065,15089,28093,52,1,1
1170,8186,7164,50,23364,22583,2004,23584,40978,95,1,1
1171,10100,10409,40,23775,22753,2164,24016,46729,125,1,1
1172,8707,5680,50,25458,24797,1883,25669,41989,79,1,1
1173,7054,5600,50,17443,16812,2194,17654,32552,76,1,1
1174,8095,7103,40,22733,21951,1693,22954,39895,95,1,1
1175,7564,7825,40,20749,19927,1112,20970,37511,100,1,1
1176,7074,5009,50,25488,24887,1873,25689,39705,71,1,1
1177,6512,5521,40,24276,23625,1272,24486,37841,76,1,1
1178,6342,3577,40,20489,20027,8727,20679,39375,51,1,1
1179,8055,6923,40,21230,20469,1142,21440,37621,91,1,1
1180,6843,5841,40,21311,20619,2885,21511,37130,80,1,1
1181,9017,8155,40,36879,36018,15430,37090,69742,98,1,2
1182,2515,1483,40,10750,10490,8926,10911,23885,24,1,1
1183,4779,3436,40,21311,20830,7344,21491,37101,53,1,1
1184,5090,1753,40,13416,13114,1603,13586,22082,31,1,1
1185,4158,861,41,9768,9558,1142,9929,16120,17,1,1
1186,12273,12594,51,28123,26941,1723,28384,55024,144,1,2
1187,7654,4519,40,22363,21832,3797,22563,38573,60,1,1
1188,7003,5551,40,17052,16401,1663,17252,31510,77,1,1
1189,7394,5130,40,22032,21451,6282,22232,41088,68,1,1
1190,6753,5911,40,21521,20840,1332,21721,35757,80,1,1
1191,6873,1974,40,33543,33203,13075,33713,55675,30,1,2
1192,3026,2354,41,19707,19346,3226,19878,28534,36,1,1
1193,6362,3437,50,20028,19577,5921,20218,35988,51,1,1
1194,6302,6522,40,16301,15580,1122,16511,30507,86,1,1
1195,7644,3757,40,14317,13826,1963,14498,27912,54,1,1
1196,7524,5641,40,17453,16782,1523,17653,32391,78,1,1
1197,5921,3257,40,33754,33282,1563,33934,44715,47,1,2
1198,6632,3868,40,12273,11772,1052,12463,24055,56,1,1
1199,6813,4749,41,30698,30086,4498,30889,47009,66,1,2
1200,2825,972,40,6342,6122,1052,6492,11391,18,1,1
1201,10259,12414,40,28424,27272,1052,28684,52459,145,1,1
1202,8195,7283,41,19687,18885,1693,19908,37110,96,1,1
1203,7434,5360,40,21822,21180,2695,22012,37561,74,1,1
1204,7033,6372,40,18966,18245,1152,19176,33773,85,1,1
1205,7334,5450,51,18615,17994,2234,18816,33884,74,1,1
1206,4708,862,40,18976,18766,1774,19126,26520,17,1,1
1207,6703,5310,50,17173,16552,1152,17383,30588,73,1,1
1208,7034,5670,40,15549,14888,2174,15750,30658,77,1,1
1209,2525,160,40,18425,18315,3256,18575,24556,3,1,1
1210,5100,2064,40,17393,17062,2224,17553,27001,33,1,1
1211,4709,1753,50,11903,11602,1282,12073,19847,30,1,1
1212,2285,1302,40,14137,13887,2645,14297,20589,23,1,1
1213,3808,300,40,12384,12254,1924,12534,18606,6,1,1
1214,3146,321,40,31279,31099,15640,31429,50576,6,1,2
1215,2995,922,40,19287,19076,14076,19447,37490,17,1,1
1216,3507,701,40,8796,8606,1213,8947,14418,14,1,1
1217,4018,1903,41,17422,17122,1633,17594,25198,31,1,1
1218,6522,3396,50,38443,37972,19036,38623,67638,48,1,2
1219,3727,2575,40,20739,20348,2525,20909,29796,41,1,1
1220,6372,2735,50,19617,19227,10340,19797,39284,42,1,1
1221,1122,100,40,13395,13295,19998,13536,34816,1,1,1
1222,16622,22292,41,26780,24927,20058,27111,86123,237,1,1
1223,842,140,40,8326,8215,642,8466,10150,2,1,1
1224,18715,13896,40,16251,14988,28734,16512,77917,158,1,1
1225,4218,3056,40,22262,21861,10179,22442,39945,44,1,1
1226,1493,150,50,11402,11312,11512,11562,24767,3,1,1
1227,12835,14096,40,26931,25648,11031,27212,65204,161,1,1
1228,4518,2675,40,14097,13705,1663,14267,23183,41,1,1
1229,7073,5601,40,34124,33464,5902,34324,52940,73,1,2
1230,2745,411,40,8566,8426,1724,8716,13646,8,1,1
1231,10029,9799,40,19367,18395,2525,19607,42010,120,1,1
1232,7224,5120,40,21761,21170,2004,21961,36349,69,1,1
1233,6953,5911,40,20168,19507,2214,20378,35487,78,1,1
1234,7555,6202,40,24586,23875,1553,24786,40156,85,1,1
1235,6983,6693,40,24356,23615,1072,24556,39364,88,1,1
1236,7474,5751,40,26900,26239,1843,27102,42220,77,1,1
1237,7744,6703,40,28454,27702,1112,28664,44273,89,1,1
1238,6823,3577,40,23113,22643,2795,23294,36539,52,1,1
1239,3437,1192,40,11061,10821,1423,11221,17313,21,1,1
1240,6713,4779,50,17303,16721,1884,17503,30909,67,1,1
1241,7685,5360,40,21290,20659,1884,21490,36459,74,1,1
1242,6302,4438,50,33203,32631,10530,33393,54723,62,1,2
1243,2846,1833,40,11712,11402,5129,11873,21731,30,1,1
1244,8987,7464,40,22582,21771,3236,22803,42531,97,1,1
1245,3858,631,40,8927,8747,1463,9077,15079,13,1,1
1246,3927,842,50,9328,9127,1152,9488,15459,17,1,1
1247,10500,9348,40,18235,17313,2534,18475,40897,114,1,1
1248,8295,5641,40,22032,21381,3787,22242,40005,77,1,1
1249,6993,5941,40,18404,17733,1593,18616,33183,81,1,1
1250,6321,4459,40,20870,20329,16140,21060,48020,61,1,1
1251,7374,7043,40,26711,25929,1162,26931,42550,94,1,1
1252,6642,5541,40,20940,20288,2394,21140,35777,76,1,1
1253,6993,4048,40,39936,39395,2164,40126,53371,58,1,2
1254,6202,5490,40,19357,18695,1323,19557,32632,77,1,1
1255,7044,5189,40,16451,15850,2214,16642,31139,70,1,1
1256,4158,862,40,14117,13906,1723,14267,21060,16,1,1
1257,4098,1303,40,12684,12433,1733,12844,20028,23,1,1
1258,11412,8085,40,31981,31159,9157,32201,60885,94,1,2
1259,2966,791,40,27883,27652,5961,28033,37791,14,1,2
1260,1823,121,50,7875,7785,1883,8025,11902,1,1,1
1261,2865,1002,40,6453,6252,1122,6613,11642,18,1,1
1262,3306,2275,40,16932,16591,5380,17092,28103,34,1,1
1263,8116,6542,51,22983,22242,1633,23204,39555,90,1,1
1264,7154,6111,40,21701,20999,1873,21912,37100,83,1,1
1265,7434,6002,40,22442,21771,7714,22643,43853,79,1,1
1266,9698,8015,40,21581,20739,2014,21801,41579,102,1,1
1267,6763,3055,50,34254,33804,3196,34436,47500,46,1,2
1268,7434,5991,40,16982,16310,6091,17183,36729,79,1,1
1269,5190,2785,41,32020,31589,1613,32191,41829,41,1,2
1270,7794,4178,41,10850,10329,1603,11031,24666,58,1,1
1271,3717,2495,40,26961,26550,2505,27131,35908,38,1,2
1272,5881,2404,40,20909,20559,13015,21089,42450,36,1,1
1273,7464,6533,40,25799,25098,14457,26009,54503,82,1,1
1274,8246,3597,732,59602,58601,3025,61316,76825,14,1,1
1275,13896,16080,80,47750,45717,1372,48262,79710,94,1,1
1276,11020,7194,81,47890,46558,2515,48241,69060,49,1,1
1277,6843,4859,81,31329,30397,3056,31660,46518,36,1,1
1278,13215,12804,81,45455,43782,3817,45857,75793,83,1,1
1279,12533,10831,80,38974,37671,1353,39364,64171,73,1,1
1280,12083,10039,81,36779,35617,3086,37160,62478,71,1,1
1281,6582,2475,80,29616,29125,1282,29917,40346,23,1,1
1282,33704,26099,80,68029,65544,14728,68520,143141,143,1,2
1283,4789,3227,80,54343,53722,15379,54663,78148,27,1,2
1284,7334,3156,80,20910,20409,1793,21220,33603,24,1,1
1285,5411,2705,80,19938,19417,1763,20238,30207,25,1,1
1286,30247,33874,80,55585,52850,3046,56136,123393,181,1,1
1287,15169,14648,80,31580,29967,3096,32000,65013,93,1,1
1288,6432,5220,40,21120,20438,2053,21310,35066,72,1,1
1289,7074,6813,40,23124,22402,1152,23334,38413,89,1,1
1290,6603,2534,40,20348,19988,4439,20518,34145,39,1,1
1291,7514,6513,40,19226,18545,1242,19427,34756,84,1,1
1292,6893,5220,40,16070,15479,1764,16260,30187,73,1,1
1293,6001,3407,40,19356,18936,5430,19547,34425,50,1,1
1294,4669,3226,40,15329,14878,1353,15509,24797,51,1,1
1295,6562,3887,40,13505,13014,1714,13686,25899,58,1,1
1296,6832,5661,40,20419,19787,1764,20629,34926,79,1,1
1297,17142,11011,40,32602,31580,11201,32832,72246,126,1,2
1298,4829,2665,40,32061,31650,6402,32241,46167,41,1,2
1299,3486,421,40,7184,7034,1122,7314,12403,9,1,1
1300,3857,290,40,8116,8005,1493,8266,13957,6,1,1
1301,3376,842,40,13085,12884,3937,13235,21440,16,1,1
1302,5962,4708,40,20709,20168,3416,20889,35026,64,1,1
1303,6723,5260,40,16662,16061,1403,16862,30288,74,1,1
1304,6903,5631,40,20779,20168,4048,20979,37601,75,1,1
1305,14548,7725,40,21280,20519,14167,21480,57970,94,1,1
1306,7203,2706,40,19196,18815,2124,19376,31449,43,1,1
1307,6021,2745,40,11261,10890,13956,11432,34194,40,1,1
1308,7524,7534,40,19727,19056,10810,19928,45836,83,1,1
1309,3316,1693,40,18125,17833,2224,18285,25558,28,1,1
1310,4939,2936,40,14417,14007,1502,14608,24015,46,1,1
1311,6903,3126,40,13195,12804,2044,13376,25489,45,1,1
1312,6432,5010,40,15780,15209,2104,15980,29576,70,1,1
1313,3556,632,40,11722,11552,1693,11862,17803,13,1,1
1314,6132,3206,40,28244,27803,7824,28424,45626,48,1,2
1315,2775,601,41,17683,17513,9428,17834,30688,12,1,1
1316,3887,471,40,5591,5440,1012,5731,11151,10,1,1
1317,3016,420,41,7945,7784,1493,8086,13065,12,1,1
1318,3667,651,40,7004,6833,1082,7154,12604,13,1,1
1319,4659,1934,40,14758,14447,2896,14928,24467,33,1,1
1320,7353,5770,40,20739,20118,3687,20940,37811,77,1,1
1321,7213,5801,40,19086,18445,1673,19297,34024,80,1,1
1322,7424,5220,40,20399,19808,3687,20589,36980,73,1,1
1323,4147,1963,40,13195,12884,1272,13366,20799,32,1,1
1324,6743,4759,40,18625,18074,1553,18835,31930,68,1,1
1325,6563,4769,40,17553,16992,1313,17753,30448,69,1,1
1326,2956,1493,30,15880,15609,2545,16030,23074,25,1,1
1327,7124,5180,40,15169,14568,1382,15359,29095,74,1,1
1328,2995,501,40,17793,17633,1794,17934,23264,11,1,1
1329,6683,4258,40,13145,12624,1203,13335,25519,62,1,1
1330,6221,2756,40,9358,8967,1202,9528,19747,44,1,1
1331,3326,1804,40,13566,13285,3086,13736,21992,28,1,1
1332,7605,6382,30,22122,21431,1243,22332,37612,86,1,1
1333,4188,350,40,11531,11391,1713,11673,17974,8,1,1
1334,1673,110,40,17202,17122,631,17353,19808,1,1,1
1335,17984,10129,40,3387,2445,18414,3617,50184,120,1,1
1336,6973,5541,40,15419,14427,1082,15599,29255,76,1,1
1337,8677,3777,40,19186,18706,15369,19367,47240,56,1,1
1338,3086,581,40,8276,8116,1543,8426,13686,12,1,1
1339,6302,4639,40,18706,18165,3236,18886,33103,64,1,1
1340,7664,4248,40,20209,19667,2725,20389,35076,64,1,1
1341,7504,6743,40,26029,25308,1132,26250,41669,91,1,1
1342,3948,1142,40,16962,16732,1634,17112,23876,22,1,1
1343,5601,3877,40,14648,14157,1312,14838,25668,58,1,1
1344,6873,4428,40,14478,13927,2755,14658,28764,65,1,1
1345,6873,5580,40,17704,17062,1503,17904,31920,80,1,1
1346,6472,4478,40,14727,14176,1763,14919,27662,66,1,1
1347,12443,9067,40,36128,35226,8657,36349,66566,111,1,2
1348,2906,1683,40,12003,11712,4949,12163,21761,30,1,1
1349,7404,6772,40,20849,20128,3126,21050,38402,89,1,1
1350,4448,381,40,9739,9598,1473,9889,16221,9,1,1
1351,3045,321,40,8025,7885,1754,8165,13325,9,1,1
1352,3607,932,40,13425,13225,3928,13585,22102,18,1,1
1353,6642,4098,40,19918,19397,2384,20098,33272,62,1,1
1354,7133,5561,40,15449,14808,1774,15649,30167,80,1,1
1355,6803,5450,40,20900,20268,3657,21100,37060,77,1,1
1356,10310,10420,40,24797,23765,2054,25027,47871,132,1,1
1357,4268,551,40,16962,16792,1804,17112,23775,13,1,1
1358,7514,6302,30,23845,23154,2294,24046,40206,85,1,1
1359,3878,691,40,18756,18585,1773,18906,25308,14,1,1
1360,7074,6572,40,19356,18645,1142,19567,34405,89,1,1
1361,7213,2144,30,15519,15178,1533,15689,26630,37,1,1
1362,6413,5259,40,20108,19507,1843,20308,33874,74,1,1
1363,12264,8766,40,31540,30657,11823,31750,64653,108,1,2
1364,5741,1953,40,35527,35166,1332,35678,44764,29,1,3
1365,2795,741,40,5931,5751,1473,6082,11131,14,1,1
1366,1552,171,40,6542,6432,1433,6672,9888,4,1,1
1367,3496,271,40,7825,7715,1483,7975,13255,6,1,1
1368,6372,3627,40,14367,13916,3858,14547,28444,53,1,1
1369,6302,3707,40,19828,19367,2615,19998,32672,54,1,1
1370,7174,5710,40,25468,24797,2034,25669,40627,82,1,1
1371,6413,6301,40,21260,20579,1162,21460,35387,85,1,1
1372,6502,3868,40,34806,34285,8596,34986,53992,57,1,2
1373,6994,4358,40,15199,14678,2304,15389,29095,62,1,1
1374,6973,4278,40,18916,18415,2344,19106,32741,60,1,1
1375,5581,3546,40,14307,13836,1312,14488,24987,55,1,1
1376,4298,751,41,11932,11742,1703,12083,18875,16,1,1
1377,6713,5060,40,15159,14558,1693,15359,28875,73,1,1
1378,4148,1162,40,12354,12113,1713,12494,19567,22,1,1
1379,14607,8897,40,29726,28845,9378,29947,62869,109,1,2
1380,5260,2895,40,19356,18966,11672,19537,39394,44,1,1
1381,3116,641,40,5631,5451,1202,5781,10780,15,1,1
1382,3045,902,40,8406,8196,1012,8556,13555,18,1,1
1383,5450,3347,40,17293,16842,1953,17483,28283,53,1,1
1384,7224,4729,40,20549,19978,6873,20749,39615,69,1,1
1385,7263,6162,40,19237,18545,1452,19447,34374,86,1,1
1386,7644,5160,40,21651,21050,3817,21851,38512,73,1,1
1387,5040,3837,40,18966,18485,1403,19146,29486,57,1,1
1388,4508,1804,40,15800,15499,1513,15970,23845,32,1,1
1389,6903,5871,40,21030,20379,1683,21230,35737,81,1,1
1390,5350,582,40,17643,17473,2154,17793,25919,13,1,1
1391,2825,351,40,9408,9258,2415,9548,15189,8,1,1
1392,5260,3076,40,10400,9979,1202,10570,20168,47,1,1
1393,5580,4309,40,33964,33383,4348,34144,48431,62,1,2
1394,3166,260,40,11782,11652,1733,11923,17112,6,1,1
1395,5540,1764,40,18905,18615,17162,19076,43572,30,1,1
1396,7514,5831,40,23504,22833,1192,23705,38292,83,1,1
1397,8216,3036,40,31520,31119,12563,31700,55545,45,1,1
1398,3347,1934,40,20458,20148,7534,20639,33504,34,1,1
1399,7444,4298,40,20038,19517,1834,20228,33854,62,1,1
1400,7163,5571,40,41799,41168,6653,42009,61436,78,1,1
1401,2595,1002,40,13165,12974,3287,13325,20239,17,1,1
1402,3266,2044,40,20398,20078,1993,20569,27922,35,1,1
1403,5340,2986,40,13525,13115,1674,13695,23745,46,1,1
1404,6863,4198,40,14838,14327,2335,15018,28464,60,1,1
1405,7023,4699,40,20128,19547,1533,20318,33623,71,1,1
1406,2104,1553,40,29105,28794,10860,29255,43822,27,1,2
1407,5560,3357,40,29035,28554,3637,29215,41829,53,1,2
1408,3837,551,40,7704,7534,1453,7845,13726,12,1,1
1409,2615,221,40,7794,7674,1863,7935,12664,5,1,1
1410,5571,3406,40,14357,13906,4929,14548,28504,54,1,1
1411,6151,4359,40,20559,20018,2956,20749,34265,64,1,1
1412,6742,5189,40,14968,14367,3917,15159,31058,74,1,1
1413,6553,4649,40,20990,20409,2765,21190,35207,70,1,1
1414,7865,7945,40,21591,20769,1042,21811,38703,105,1,1
1415,7394,3307,40,28934,28494,14226,29115,54082,46,1,2
1416,3506,2655,40,19647,19276,601,19818,26630,41,1,1
1417,17022,19888,40,6031,4388,8526,6332,51818,220,1,1
1418,8487,5770,40,19647,19036,5971,19858,40126,76,1,1
1419,7574,7114,40,18605,17834,1082,18805,34625,96,1,1
1420,6533,3015,30,14167,13756,1774,14337,25689,46,1,1
1421,6332,5240,40,17212,16601,1963,17403,30998,75,1,1
1422,3857,391,40,11101,10971,1713,11251,17252,9,1,1
1423,15720,12033,40,32582,31490,9919,32822,70544,136,1,2
1424,3406,541,40,7715,7555,2625,7865,14487,12,1,1
1425,4618,3457,40,29897,29406,4148,30077,42350,52,1,2
1426,5200,2144,40,6312,5982,1082,6482,14948,36,1,1
1427,3497,851,41,21240,21010,1763,21391,27542,17,1,2
1428,6652,2415,40,18655,18315,17603,18836,45556,38,1,1
1429,6272,5170,40,16221,15640,2014,16411,29927,72,1,1
1430,6071,3056,40,18846,18455,15650,19026,43843,44,1,1
1431,6443,4358,40,22192,21651,1323,22382,34556,65,1,1
1432,6663,3817,40,15720,15229,2475,15900,28905,57,1,1
1433,3246,792,40,17663,17463,1663,17813,23554,17,1,1
1434,6242,4358,40,19437,18896,1263,19627,31540,65,1,1
1435,6332,1543,40,17944,17673,1793,18104,27832,28,1,1
1436,15089,14327,411,71565,69932,2594,72667,104928,79,1,1
1437,11702,10069,70,32091,30919,3046,32572,57479,66,1,1
1438,5791,1172,80,25168,24867,1473,25458,33984,10,1,1
1439,5571,991,80,22593,22312,1563,22883,31099,9,1,1
1440,3377,420,80,50275,49885,11672,50555,66115,4,1,2
1441,12574,10720,80,40316,39174,12173,40697,76254,69,1,1
1442,5400,762,80,10440,10139,1323,10740,18315,8,1,1
1443,6743,4418,81,43652,42851,2916,43973,58150,34,1,2
1444,13646,8236,80,39284,38363,14687,39645,76294,53,1,1
1445,12554,12664,80,46618,45276,1402,47018,73729,83,1,1
1446,12674,8316,80,39435,38412,3276,39795,64161,56,1,1
1447,9938,8266,81,36418,35407,1583,36790,56667,60,1,1
1448,10760,9969,80,38593,37420,3045,38973,62838,71,1,1
1449,2645,150,80,33083,32903,2465,33383,38733,1,1,1
1450,2445,901,80,16872,16571,2996,17163,23595,10,1,1
1451,9538,5651,80,23094,18706,2214,23434,40927,41,1,1
1452,6964,5139,80,19156,18745,5050,19437,36660,40,1,1
1453,8546,8315,40,23624,22793,3296,23836,44033,105,1,1
1454,16702,19136,40,28374,26821,1112,28654,65654,207,1,1
1455,7163,6042,40,16832,16171,2474,17022,32751,82,1,1
1456,7384,5801,40,21110,20479,1863,21300,36398,78,1,1
1457,6512,6492,40,17664,16982,1152,17864,32080,85,1,1
1458,6452,5400,40,16922,16321,2234,17112,31239,73,1,1
1459,6352,4698,40,21440,20889,1744,21631,34475,68,1,1
1460,6562,5851,40,18695,18064,1203,18895,32562,78,1,1
1461,7575,6221,40,22332,21641,1483,22532,37852,86,1,1
1462,3657,1924,40,14377,14067,1603,14537,21761,33,1,1
1463,7685,4218,40,13265,12764,1483,13455,26871,59,1,1
1464,7134,5811,40,20008,19356,1783,20208,34976,81,1,1
1465,11482,8966,40,35076,34195,6823,35296,62618,108,1,2
1466,6623,3967,40,40386,39844,2976,40556,54173,55,1,3
1467,2495,290,41,7764,7654,1804,7915,12544,6,1,1
1468,3827,370,40,8235,8085,1643,8376,14266,8,1,1
1469,3065,712,40,12584,12403,4138,12724,20699,14,1,1
1470,7384,5180,40,28544,27912,2495,28734,43823,71,1,2
1471,6562,5581,40,15590,14959,2144,15770,30117,77,1,1
1472,7124,6372,40,21941,21240,2034,22151,37711,87,1,1
1473,7274,6903,40,20990,20238,1062,21180,36469,93,1,1
1474,10640,4018,40,34255,33753,12704,34435,61837,54,1,2
1475,7905,5220,40,15940,15359,1863,16130,31169,72,1,1
1476,2495,1022,40,17673,17463,7394,17824,28775,18,1,1
1477,6061,4338,41,14998,14457,1232,15169,26850,64,1,1
1478,7003,3016,40,12985,12584,2034,13155,25248,46,1,1
1479,6623,5350,40,19266,18665,1673,19457,33153,74,1,1
1480,3687,420,40,12613,12473,1733,12765,18655,9,1,1
1481,1833,161,40,17283,17182,801,17423,20248,2,1,1
1482,17984,13065,40,4148,3015,10941,4398,46448,149,1,1
1483,4719,3226,40,11161,10710,1683,11332,21010,52,1,1
1484,6012,3456,40,19016,18576,12033,19176,40727,49,1,1
1485,7414,3647,40,12033,11562,1523,12193,24837,53,1,1
1486,3517,1112,40,5731,5511,1022,5891,11582,20,1,1
1487,8997,8225,40,23875,23033,1062,24086,42430,107,1,1
1488,8696,4368,40,22182,21641,1773,22363,37240,64,1,1
1489,7183,5851,40,23504,22853,1162,23695,37941,80,1,1
1490,6863,3907,40,19006,18505,2174,19196,32170,59,1,1
1491,6011,4859,40,15670,15079,1192,15860,27962,72,1,1
1492,6773,5140,40,15369,14768,2595,15559,30097,72,1,1
1493,4038,1082,40,17844,17624,2645,18004,25799,20,1,1
1494,5861,3988,40,19227,18716,1202,19407,30518,61,1,1
1495,4368,972,40,17633,17413,1964,17783,25117,19,1,1
1496,4608,2255,40,12504,12163,1893,12674,21470,36,1,1
1497,6072,3947,40,11712,11232,1392,11883,23344,56,1,1
1498,5911,4018,40,14517,14027,1903,14697,26590,59,1,1
1499,3797,521,40,11511,11351,1694,11652,17724,11,1,1
1500,19978,9919,40,34065,33103,9989,34285,74211,117,1,2
1501,2034,792,40,25678,25448,12934,25829,41619,14,1,2
1502,3026,281,40,5500,5380,2505,5650,11492,6,1,1
1503,5360,4258,40,16852,16351,2365,17032,29075,60,1,1
1504,7233,4719,41,20158,19587,4899,20329,37230,67,1,1
1505,7505,6121,40,26591,25919,1282,26791,41739,83,1,1
1506,7123,4228,40,19667,19147,2725,19858,33974,63,1,1
1507,5741,4879,40,18935,18364,1202,19127,31009,70,1,1
1508,6252,5190,40,20529,19928,1523,20719,33724,73,1,1
1509,11010,6132,40,34165,33464,10219,34365,61786,83,1,2
1510,2916,1172,40,11352,11121,4368,11502,20018,21,1,1
1511,9147,6843,41,20889,20178,2535,21090,39655,88,1,1
1512,4348,1283,40,8115,7885,1383,8275,15329,23,1,1
1513,2795,531,30,12644,12483,4659,12784,20809,11,1,1
1514,6913,4178,40,20479,19978,2214,20669,34014,60,1,1
1515,6843,5410,40,15099,14468,2525,15289,30117,77,1,1
1516,7224,5651,40,21240,20589,1643,21430,36008,80,1,1
1517,7915,8105,40,23344,22523,1042,23554,40656,105,1,1
1518,6522,5059,40,23424,22823,1864,23614,37110,74,1,1
1519,6753,5811,40,24005,23354,1323,24205,38152,81,1,1
1520,6813,4198,40,21170,20649,3076,21350,35467,61,1,1
1521,3878,1663,40,13135,12854,1573,13295,20449,29,1,1
1522,7174,3587,40,15419,14938,1994,15599,28404,57,1,1
1523,6833,4578,41,20198,19657,2074,20389,33924,66,1,1
1524,11662,8046,30,31209,30367,10109,31409,61266,100,1,2
1525,6712,4519,40,37000,36400,6292,37180,54763,64,1,3
1526,8846,6763,40,15600,14868,2535,15810,33994,93,1,1
1527,8165,5100,40,20920,20329,5300,21110,39725,72,1,1
1528,6392,4920,40,17002,16411,1323,17192,29877,73,1,1
1529,5320,2495,40,19677,19296,13916,19847,41608,41,1,1
1530,7274,6803,40,20389,19637,1052,20589,35778,94,1,1
1531,6202,3035,40,35837,35376,8506,36008,53802,47,1,2
1532,6893,4128,40,18906,18384,2996,19076,33143,60,1,1
1533,5731,4378,40,15659,15118,1203,15849,27212,66,1,1
1534,4528,1232,40,12032,11782,1583,12193,19577,24,1,1
1535,6713,5150,40,15069,14458,1583,15259,28755,74,1,1
1536,3918,541,40,11822,11672,1683,11973,18165,11,1,1
1537,14798,9788,40,31329,30398,6833,31560,63029,116,1,2
1538,2525,761,40,7885,7705,4599,8035,15960,15,1,1
1539,8376,6051,30,20959,20298,3848,21160,39475,82,1,1
1540,4358,682,40,6983,6803,1072,7133,13275,14,1,1
1541,3657,511,40,5400,5230,1373,5530,11121,11,1,1
1542,2294,972,40,14568,14357,3617,14718,21651,18,1,1
1543,6733,4519,40,20539,19978,2024,20719,34055,67,1,1
1544,6403,4809,40,18274,17683,3246,18465,32963,71,1,1
1545,7054,5340,40,20739,20118,2034,20939,35397,77,1,1
1546,9888,3627,40,16622,16141,1272,16802,31639,57,1,1
1547,7143,4148,40,15288,14778,2454,15470,29245,60,1,1
1548,3897,531,40,17513,17363,1963,17663,24095,11,1,1
1549,6392,4177,40,18174,17673,1473,18355,30448,60,1,1
1550,7444,5310,40,17203,16582,1433,17393,31620,76,1,1
1551,5531,1222,40,17834,17604,1613,17994,26410,22,1,1
1552,7955,6112,40,14818,14137,1783,15028,30918,85,1,1
1553,6132,3967,40,25227,24696,1983,25408,37541,58,1,2
1554,9397,4077,41,20889,20388,11572,21070,46177,59,1,1
1555,2645,1814,40,13806,13495,3346,13966,21821,31,1,1
1556,6703,4498,40,20880,20339,7083,21070,39394,66,1,1
1557,3898,931,40,7975,7764,1002,8126,13997,18,1,1
1558,3296,1082,40,11542,11332,2846,11692,18956,19,1,1
1559,6482,3817,40,21701,21200,1513,21871,33743,59,1,1
1560,6472,5270,40,17783,17162,1142,17984,30908,76,1,1
1561,6332,5189,40,22472,21861,2275,22663,36509,75,1,1
1562,5811,4238,40,15339,14828,1292,15520,26911,62,1,1
1563,7163,4338,40,14477,13956,2425,14657,28644,63,1,1
1564,5460,3496,40,20589,20128,2054,20770,31830,54,1,1
1565,10319,4238,40,20299,19798,10971,20479,46047,59,1,1
1566,4197,2625,40,26019,25618,2004,26180,35046,43,1,1
1567,6913,4118,40,20058,19557,6833,20238,38142,58,1,1
1568,7644,5932,40,13556,12874,982,13756,28354,83,1,1
1569,4699,1002,40,11833,11602,1402,11973,19126,20,1,1
1570,3537,491,40,11051,10900,1473,11191,16732,11,1,1
1571,18265,18124,40,26219,24736,1423,26510,64372,199,1,1
1572,7314,5340,40,15309,14688,2204,15509,30407,76,1,1
1573,6973,6111,40,21360,20679,3827,21561,38522,85,1,1
1574,8426,8937,40,23484,22602,1052,23705,42170,113,1,1
1575,6943,4208,40,18806,18305,4729,18986,34906,59,1,1
1576,7935,6492,40,20309,19597,1372,20509,36368,88,1,1
1577,7474,5220,40,19687,19086,1874,19878,34496,73,1,1
1578,4048,2134,40,16521,16191,1372,16682,24276,34,1,1
1579,5390,1673,40,13145,12864,1543,13305,21952,28,1,1
1580,7143,6002,40,19857,19176,1773,20058,35016,84,1,1
1581,10149,5941,40,32191,31510,9067,32391,57608,77,1,2
1582,2485,942,40,9538,9318,5921,9678,19076,19,1,1
1583,8566,6312,40,21010,20319,3967,21210,40115,84,1,1
1584,3817,731,40,7224,7054,1102,7374,13074,14,1,1
1585,3707,561,40,8035,7875,1654,8185,14137,12,1,1
1586,1402,110,40,11261,11161,601,11401,13545,1,1,1
1587,17263,17883,40,24346,22833,4328,24637,64161,201,1,1
1588,7504,5581,40,20529,19898,1443,20729,35287,79,1,1
1589,7134,4859,40,20589,20008,4910,20779,37732,70,1,1
1590,6373,5169,40,16601,16000,1142,16792,29526,75,1,1
1591,6983,4880,40,14227,13666,2565,14417,28895,68,1,1
1592,3556,1664,40,18154,17874,2325,18314,25899,28,1,1
1593,6782,5791,40,19657,18996,1312,19848,33783,81,1,1
1594,5601,2425,40,18264,17904,3146,18424,29646,39,1,1
1595,5250,4739,40,16752,16181,1222,16942,28193,68,1,1
1596,7875,1923,41,13425,13114,1513,13586,24937,33,1,1
1597,7004,5220,40,15229,14618,1723,15419,29416,75,1,1
1598,1623,121,40,11081,10981,591,11211,13586,1,1,1
1599,7825,3106,40,27282,26801,6181,27452,44614,45,1,3
1600,1303,240,40,23044,22874,591,23184,25358,5,1,2
1601,16922,19126,40,6021,4368,12163,6312,54573,216,1,2
1602,3416,681,41,7884,7694,971,8036,13144,15,1,1
1603,4007,582,40,6973,6803,1192,7133,12944,13,1,1
1604,4449,1984,30,14928,14597,2545,15088,24106,35,1,1
1605,7123,4118,40,24907,24376,5631,25087,41999,58,1,2
1606,7004,6051,40,18185,17523,2074,18385,33564,82,1,1
1607,6702,5149,41,20408,19817,2415,20599,34916,72,1,1
1608,4989,3467,40,17012,16552,1333,17192,27031,55,1,1
1609,6553,4639,40,15269,14708,2104,15449,28785,67,1,1
1610,4829,1893,40,28043,27712,1593,28204,36549,30,1,2
1611,7094,5721,40,19016,18375,3176,19196,35247,78,1,1
1612,10560,9468,40,16281,15339,1994,16491,38563,120,1,1
1613,6482,4869,40,32522,31921,6212,32712,50325,69,1,2
1614,4238,360,40,11411,11281,1724,11552,17924,8,1,1
1615,16191,7153,41,21019,20318,14438,21210,59042,88,1,1
1616,3907,1914,40,12784,12474,1994,12944,20809,33,1,1
1617,6553,2444,41,18474,18114,12704,18646,40377,39,1,1
1618,2956,421,40,7294,7154,1012,7434,11863,9,1,1
1619,6151,5461,40,19126,18535,2805,19316,33773,71,1,1
1620,7124,4538,40,20519,19988,5460,20709,37882,65,1,1
1621,6513,4949,40,21641,21060,1263,21831,34596,72,1,1
1622,6662,4669,40,18905,18374,2866,19086,33333,64,1,1
1623,5401,3486,41,19346,18885,1303,19527,29777,55,1,1
1624,6122,4448,40,19587,19036,2234,19758,32612,65,1,1
1625,10911,8105,40,32462,31610,11291,32672,63029,103,1,2
1626,2826,1653,40,28083,27783,6372,28243,39134,27,1,2
1627,4208,421,40,10029,9879,1473,10179,16321,10,1,1
1628,3818,821,41,8315,8125,1443,8476,14608,17,1,1
1629,14948,15940,41,26089,24726,1683,26370,58981,181,1,1
1630,7394,5911,40,15499,14818,2003,15699,31038,83,1,1
1631,7244,5851,40,20950,20289,2214,21140,36489,81,1,1
1632,7013,5851,40,20549,19887,1162,20740,34826,82,1,1
1633,6282,2044,40,30408,30047,13696,30558,52620,33,1,2
1634,2915,1874,40,18435,18145,2906,18595,26340,31,1,1
1635,6222,3827,40,19006,18525,6803,19186,36068,56,1,1
1636,6121,4970,40,14808,14217,1172,14998,27301,70,1,1
1637,7675,3456,40,13205,12755,1744,13385,26300,53,1,1
1638,6642,5440,40,17282,16651,1704,17483,31309,77,1,1
1639,9608,6993,40,30287,29515,10871,30488,58000,92,1,2
1640,3677,1993,40,29736,29376,2184,29897,37811,35,1,2
1641,7384,641,40,7124,6953,1042,7274,16381,13,1,1
1642,3747,261,40,8105,7975,1503,8245,13806,6,1,1
1643,5550,3207,40,15950,15519,4569,16130,29496,50,1,1
1644,7133,5711,40,20299,19667,2003,20499,35386,78,1,1
1645,9067,7454,40,25619,24816,1813,25829,44203,101,1,1
1646,6793,6332,40,20719,20038,1112,20910,35197,85,1,1
1647,6433,3737,40,37130,36629,7995,37310,55525,54,1,2
1648,5901,2765,40,18525,18145,3446,18686,30858,43,1,1
1649,10931,3958,40,9247,8756,16502,9417,40848,56,1,1
1650,16370,19197,40,19868,18245,16802,20168,72587,217,1,1
1651,5581,1993,40,20799,20458,11011,20960,39595,33,1,2
1652,3276,1443,40,8476,8226,8927,8626,22312,24,1,1
1653,4499,1703,40,7915,7615,5831,8075,20148,31,1,1
1654,4128,1563,40,8877,8597,4409,9037,19187,29,1,1
1655,4418,1684,40,12153,11852,1723,12313,20178,31,1,1
1656,11823,4999,40,29576,28955,11382,29766,58020,70,1,2
1657,2355,511,40,17894,17733,14146,18044,35096,11,1,1
1658,3627,281,40,5250,5120,1242,5380,10580,7,1,1
1659,1132,120,40,10901,10821,1503,11041,13836,1,1,1
1660,4048,861,41,9748,9548,1433,9909,16291,17,1,1
1661,7614,5040,40,14908,14327,2395,15088,30197,71,1,1
1662,7204,5380,40,20619,20018,4028,20819,37461,74,1,1
1663,7424,6042,40,20399,19717,1443,20589,35538,84,1,1
1664,7334,5170,40,20098,19487,3667,20288,36499,74,1,1
1665,4258,2104,40,14918,14598,1613,15078,23083,34,1,1
1666,7023,4168,40,17103,16592,2434,17283,30938,59,1,1
1667,5751,4348,40,19737,19186,2365,19917,32432,65,1,1
1668,6322,811,40,17793,17603,1974,17944,27111,17,1,1
1669,5731,4328,40,15148,14607,1223,15329,26651,64,1,1
1670,6802,4609,40,15630,15068,3938,15820,31209,68,1,1
1671,9178,9357,40,23474,22532,2124,23695,44404,121,1,1
1672,3677,921,40,12503,12293,1423,12654,18725,19,1,1
1673,4158,160,40,11402,11312,1934,11542,17844,3,1,1
1674,5561,361,40,18074,17934,11321,18214,35507,9,1,1
1675,3397,1342,40,12875,12624,2104,13035,19928,24,1,1
1676,6943,5360,40,21561,20930,4308,21741,38402,77,1,1
1677,7595,6492,40,24166,23455,1142,24366,39655,88,1,1
1678,7263,3457,40,19908,19447,4528,20078,35376,52,1,1
1679,7855,6512,40,24387,23654,1633,24587,40637,91,1,1
1680,7484,4228,40,21932,21421,1573,22112,35457,61,1,1
1681,5621,3637,40,14547,14066,1483,14717,25508,56,1,1
1682,7043,4168,40,14317,13806,2765,14497,28513,60,1,1
1683,6973,5040,40,20389,19778,1633,20579,34275,74,1,1
1684,16972,15469,40,34015,32683,6402,34285,73178,171,1,2
1685,6252,4428,41,28874,28303,4539,29045,44324,63,1,2
1686,4228,1032,40,8046,7824,1392,8206,14898,21,1,1
1687,3757,602,40,8305,8145,1492,8456,14367,13,1,1
1688,6923,4338,40,16481,15960,3587,16671,31550,63,1,1
1689,7314,4999,41,20588,19997,1733,20780,34876,71,1,1
1690,6743,5019,40,17974,17392,4999,18165,34986,72,1,1
1691,3587,2244,40,19116,18786,2625,19286,27782,36,1,1
1692,8245,8055,40,21561,20719,1102,21781,39224,107,1,1
1693,6573,3456,40,35878,35367,12424,36058,58551,54,1,2
1694,2735,1523,40,19597,19327,2685,19757,26730,26,1,1
1695,6092,3547,40,18986,18525,5851,19166,34706,54,1,1
1696,13636,14898,40,20449,19126,1363,20719,50656,174,1,1
1697,7133,6322,40,17293,16602,1934,17493,32942,87,1,1
1698,3857,1283,40,11702,11462,1613,11862,18665,24,1,1
1699,4198,671,40,10851,10670,1713,11001,17623,15,1,1
1700,1052,110,40,7555,7464,7023,7685,15930,1,1,1
1701,16842,20769,41,30317,28554,23184,30628,91473,231,1,2
1702,3226,120,40,7374,7284,3146,7514,14046,1,1,1
1703,4629,3046,40,28083,27633,2936,28253,38894,47,1,2
1704,4048,411,40,5541,5400,1062,5681,11242,8,1,1
1705,2866,801,40,7414,7223,1042,7565,12334,16,1,1
1706,6352,4539,40,16792,16221,3136,16982,31059,69,1,1
1707,7624,5340,40,21320,20699,2435,21521,36970,77,1,1
1708,7354,5982,40,18164,17493,1734,18354,33484,83,1,1
1709,6903,5901,40,20649,20007,2054,20850,35758,80,1,1
1710,6021,4599,40,17153,16582,1212,17343,29225,70,1,1
1711,7454,5110,40,20980,20409,1613,21170,35407,71,1,1
1712,6392,5219,40,18615,18024,1182,18805,31649,72,1,1
1713,7304,6071,40,17062,16391,1373,17272,32071,84,1,1
1714,2845,691,40,17854,17663,2084,18004,23664,15,1,1
1715,11612,4158,40,14367,13836,1453,14557,31820,63,1,1
1716,7214,4739,40,15219,14648,2284,15409,29696,68,1,1
1717,4117,1032,40,11591,11361,1623,11743,18555,21,1,1
1718,2615,251,40,11542,11421,2044,11672,16622,5,1,1
1719,3937,501,40,25388,25208,11762,25538,41788,10,1,2
1720,2475,722,40,17843,17673,12854,17994,34095,14,1,1
1721,3116,581,40,5740,5560,1342,5892,10971,13,1,1
1722,8345,7414,40,26490,25718,1352,26711,43852,98,1,1
1723,4308,1263,40,8256,8005,982,8406,14999,24,1,1
1724,6473,5230,40,18344,17743,2284,18535,32562,74,1,1
1725,7454,5611,40,20479,19827,2364,20659,36148,79,1,1
1726,5010,3917,40,18796,18304,1303,18976,29246,57,1,1
1727,7103,5721,40,20349,19697,1803,20549,35206,81,1,1
1728,2385,120,40,17253,17153,2795,17383,22723,1,1,1
1729,5109,2154,40,12734,12393,1643,12904,21851,37,1,1
1730,6302,4318,40,30969,30398,4208,31149,46017,64,1,2
1731,4088,1453,40,10119,9849,1343,10279,17203,28,1,1
1732,2695,391,40,12734,12604,4939,12884,20949,8,1,1
1733,3747,1864,40,19717,19397,3527,19877,29075,33,1,1
1734,7163,5460,40,15089,14468,2284,15289,30237,77,1,1
1735,7263,5681,40,21401,20739,1683,21601,36258,81,1,1
1736,6923,6573,40,20799,20068,1051,20999,35607,91,1,1
1737,6542,2816,40,33734,33323,18976,33904,62268,40,1,2
1738,3186,2174,40,18825,18505,3166,18996,27562,35,1,1
1739,6412,3005,40,18876,18464,8366,19046,36860,45,1,1
1740,21441,7033,41,23684,22973,15961,23895,68380,89,1,1
1741,6723,1402,40,13065,12824,10721,13215,32111,23,1,1
1742,3968,852,40,11602,11401,5871,11752,22473,16,1,1
1743,3868,1022,40,8205,7975,9358,8365,22643,20,1,1
1744,16581,22412,40,24105,22312,18705,24417,82175,241,1,1
1745,16722,14377,40,35156,33894,11392,35417,77948,161,1,2
1746,3456,451,40,10841,10691,2575,10981,17523,10,1,1
1747,7094,5540,41,30417,29776,4559,30618,47861,74,1,2
1748,4198,1222,40,8777,8537,1212,8927,15619,22,1,1
1749,13185,13656,40,33824,32582,1563,34084,62528,160,1,2
1750,6573,4909,40,14999,14427,3066,15179,29777,69,1,1
1751,7574,5470,40,20889,20258,2054,21080,36228,78,1,1
1752,8396,8416,40,22512,21661,1042,22723,40637,109,1,1
1753,6823,3747,40,18926,18465,4368,19106,34094,54,1,1
1754,7835,6523,40,20949,20228,1112,21140,36660,88,1,1
1755,7424,4198,40,19106,18605,5972,19286,36920,59,1,1
1756,6613,5811,40,18495,17844,1182,18685,32341,80,1,1
1757,6863,2124,40,14137,13826,1773,14307,25107,34,1,1
1758,6753,5580,41,17412,16781,1542,17614,31529,79,1,1
1759,4268,571,40,12593,12433,1883,12744,19517,12,1,1
1760,14628,9588,40,31339,30417,11362,31559,67177,114,1,2
1761,2805,1442,40,26050,25758,5049,26210,35547,24,1,2
1762,4398,681,40,7805,7625,1092,7955,14176,14,1,1
1763,3858,1362,40,5771,5520,1152,5932,12354,25,1,1
1764,7735,7384,40,17513,16752,1072,17723,33954,97,1,1
1765,6523,3085,40,18946,18545,19927,19116,48702,47,1,1
1766,7484,8826,41,18925,18024,1744,19146,37251,111,1,2
1767,5280,2786,40,19527,19126,15519,19697,43312,44,1,1
1768,6162,4939,40,20017,19416,1232,20209,32602,74,1,1
1769,6643,3326,40,34816,34345,3507,34986,48512,50,1,2
1770,6733,4298,30,18936,18405,1844,19106,32031,63,1,1
1771,4228,391,40,17623,17473,1714,17763,24146,9,1,1
1772,3557,1072,40,12354,12133,2534,12514,19717,20,1,1
1773,4378,661,40,11883,11703,1894,12033,19006,14,1,1
1774,6763,5600,40,14197,13565,1342,14398,28133,77,1,1
1775,3176,701,40,11893,11702,1723,12033,17673,15,1,1
1776,5991,2575,40,19687,19307,8906,19857,37370,42,1,1
1777,5109,1583,41,25648,25348,11051,25809,43602,27,1,2
1778,3156,732,40,6051,5861,1062,6201,11182,15,1,1
1779,2515,1442,41,12764,12513,3246,12925,20158,24,1,1
1780,6843,5360,40,23615,22984,1192,23805,37250,78,1,1
1781,7003,6092,40,22122,21461,1603,22322,37070,82,1,1
1782,6202,3216,40,18946,18495,9188,19116,37772,51,1,1
1783,10189,10099,40,20860,19888,1543,21090,42961,126,1,1
1784,7434,6933,40,20689,19928,1583,20889,36889,96,1,1
1785,6963,171,40,17283,17172,2324,17423,26911,3,1,1
1786,7784,6643,40,15519,14768,1803,15720,32000,94,1,1
1787,6472,5029,41,13275,12674,4188,13466,29195,73,1,1
1788,8566,7454,40,21611,20799,2905,21831,40807,103,1,1
1789,3948,1172,40,8346,8105,1372,8496,15038,22,1,1
1790,2886,1052,40,12934,12724,4829,13095,21902,19,1,1
1791,3246,1733,40,18915,18615,3546,19077,27652,32,1,1
1792,6632,5250,40,14949,14337,2555,15139,29636,74,1,1
1793,6973,5650,40,21240,20599,1593,21441,35697,80,1,1
1794,7614,7564,40,21681,20879,1032,21891,38152,102,1,1
1795,6222,4078,40,32161,31629,18866,32351,61567,60,1,2
1796,2865,1543,40,13426,13155,6833,13586,24857,26,1,1
1797,3586,1593,40,18344,18074,6142,18495,29866,27,1,1
1798,4218,2525,40,13125,12774,1092,13285,21180,38,1,1
1799,4298,1964,40,13255,12945,2875,13416,22593,32,1,1
1800,3035,1754,40,18034,17744,601,18194,23614,28,1,1
1801,6893,7525,40,2966,2144,10800,3176,28444,104,1,1
1802,8486,8687,40,32191,31269,10971,32411,60605,114,1,2
1803,3226,2134,40,36139,35728,6111,36289,47810,34,1,3
1804,4248,310,40,7724,7604,1022,7875,13485,7,1,1
1805,12854,12123,40,22853,21721,2425,23093,50535,147,1,1
1806,3126,1603,41,20829,20548,3126,20990,28885,28,1,1
1807,7213,5591,40,25849,25198,1212,26049,40105,81,1,1
1808,6803,5581,40,22062,21421,1142,22262,35838,80,1,1
1809,7033,5020,60,28344,27863,8356,28584,49033,52,1,2
1810,5921,4779,40,19898,19337,5611,20078,36439,68,1,1
1811,2164,851,40,17634,17442,4328,17784,25167,16,1,1
1812,5229,3567,40,14498,14026,992,14668,24506,54,1,1
1813,5630,2996,40,13315,12895,1744,13475,23885,47,1,1
1814,3487,1894,40,14257,13956,561,14407,20399,31,1,1
1815,10370,9738,40,14648,13686,1232,14888,36268,125,1,1
1816,14016,7394,40,29636,28864,11020,29847,62317,93,1,2
1817,5160,3106,40,34154,33703,4539,34324,47169,47,1,2
1818,3497,340,41,6812,6672,1162,6954,12013,8,1,1
1819,5300,872,40,5741,5551,1282,5901,13405,17,1,1
1820,3687,1282,41,14928,14687,3597,15089,23695,23,1,1
1821,8496,6432,41,21109,20408,2013,21321,38302,89,1,1
1822,6673,5480,40,21531,20909,2014,21731,35938,78,1,1
1823,6963,5230,40,20429,19838,1513,20619,34375,73,1,1
1824,9127,3577,40,10861,10429,17203,11041,40988,51,1,1
1825,16000,20659,40,27362,25618,16842,27672,81223,234,1,1
1826,1593,691,40,7885,7704,8105,8036,18475,14,1,1
1827,16751,21561,40,24797,23003,23074,25117,86543,241,1,1
1828,3747,1022,40,17564,17332,1603,17714,24136,21,1,1
1829,4218,631,40,17423,17233,1824,17573,24286,15,1,1
1830,7644,5982,40,14868,14207,1543,15068,30277,83,1,1
1831,4949,2415,40,23695,23323,1613,23855,32872,36,1,2
1832,12333,6872,40,21009,20288,15990,21200,56447,89,1,1
1833,3146,1824,40,13074,12774,2374,13235,20619,31,1,1
1834,7424,6202,30,21561,20849,3506,21751,38923,87,1,1
1835,4077,361,40,7094,6963,1022,7244,12744,8,1,1
1836,2965,902,40,9568,9368,2555,9718,16180,17,1,1
1837,7434,4388,40,22131,21590,2174,22313,36369,64,1,1
1838,7775,7314,40,24827,24046,1293,25037,41469,98,1,1
1839,6412,4699,40,23154,22593,1733,23334,36238,68,1,1
1840,5139,3246,40,17332,16872,1312,17504,27241,52,1,1
1841,6392,3738,40,18104,17623,1343,18284,29807,57,1,1
1842,6533,4659,40,19737,19166,1573,19927,32722,69,1,1
1843,10329,8446,40,35587,34745,11482,35798,66115,104,1,2
1844,2394,1463,40,23555,23264,5811,23715,33413,25,1,2
1845,7364,4869,40,21330,20769,3928,21521,37732,69,1,1
1846,3797,1283,40,11441,11211,1412,11601,18124,22,1,1
1847,2084,341,40,13626,13496,631,13766,16882,7,1,1
1848,17172,19637,40,24185,22532,2444,24487,63790,221,1,1
1849,6944,5821,40,15559,14898,1944,15749,30508,82,1,1
1850,7324,5781,40,21460,20799,2254,21650,37050,81,1,1
1851,7434,6802,40,19617,18886,1092,19827,35196,92,1,1
1852,6462,3086,40,36098,35647,15359,36269,61206,47,1,2
1853,5330,2655,40,18274,17894,8046,18445,34526,42,1,1
1854,4618,3367,40,20268,19828,1383,20448,29846,51,1,1
1855,6462,4970,40,18044,17463,2335,18214,32031,70,1,1
1856,3727,1012,40,13115,12914,1653,13275,19707,18,1,1
1857,3467,881,40,26851,26620,9358,27001,40757,17,1,2
1858,2454,1192,40,10590,10349,6482,10751,20919,23,1,1
1859,8747,7184,40,21280,20529,5260,21490,42731,95,1,1
1860,3727,320,41,7995,7874,1493,8146,13736,7,1,1
1861,2445,421,40,12754,12614,762,12894,16562,9,1,1
1862,17323,16541,41,23534,22121,3356,23805,61065,187,1,1
1863,7023,5591,40,22773,22092,1623,22953,37250,79,1,1
1864,6873,5360,40,22052,21441,2014,22252,36549,76,1,1
1865,10490,10840,40,21160,20128,1713,21401,44484,135,1,1
1866,7333,3868,40,31660,31179,7404,31840,50485,53,1,2
1867,6963,4448,40,14097,13556,5571,14277,31319,64,1,1
1868,2745,741,40,17644,17453,4428,17804,25748,17,1,1
1869,5060,3707,40,13896,13415,1273,14076,24156,56,1,1
1870,7103,3717,40,13326,12874,1833,13506,26219,54,1,1
1871,6893,5310,40,15620,14988,1813,15810,29876,77,1,1
1872,1913,110,40,10820,10740,2454,10960,15489,1,1,1
1873,6533,2464,41,26379,25988,6161,26550,41749,40,1,2
1874,5671,2405,40,18605,18274,7805,18775,34696,36,1,1
1875,4478,872,40,5611,5410,1002,5761,12173,18,1,1
1876,3006,771,41,7814,7624,1724,7955,13516,16,1,1
1877,3838,290,40,6813,6683,1042,6953,12163,7,1,1
1878,2995,972,40,14458,14256,2575,14618,21200,18,1,1
1879,7284,3827,40,24977,24476,6092,25158,42401,55,1,2
1880,6702,5270,41,17322,16721,2164,17523,31699,74,1,1
1881,8065,5120,40,20378,19767,2925,20569,36739,74,1,1
1882,4389,3276,40,21731,21280,1343,21911,30969,53,1,1
1883,7524,3637,40,15019,14547,1603,15189,28003,55,1,1
1884,2504,1593,40,15519,15269,2335,15680,22162,26,1,1
1885,6682,4359,40,12874,12333,1263,13064,25408,65,1,1
1886,2996,401,40,17403,17253,1713,17553,22703,10,1,1
1887,6833,4398,40,13536,12995,1613,13716,26610,65,1,1
1888,6242,4538,41,13595,13024,4920,13766,29516,68,1,1
1889,9097,7344,40,22012,21230,2405,22222,41108,98,1,1
1890,3848,290,40,11342,11221,1723,11492,17403,7,1,1
1891,12764,7164,40,22112,21350,9718,22322,52018,95,1,1
1892,5801,3777,40,16601,16120,1333,16781,27742,57,1,1
1893,6732,5401,40,20889,20268,4799,21070,38062,76,1,1
1894,3036,511,40,7594,7434,981,7735,12313,10,1,1
1895,5741,3467,40,17042,16582,2605,17222,29095,55,1,1
1896,7123,4519,40,19777,19236,4619,19967,36278,66,1,1
1897,6532,5461,40,21260,20649,1313,21450,34796,75,1,1
1898,6833,4619,40,18875,18335,2314,19066,32872,66,1,1
1899,5491,3527,40,13004,12544,1382,13184,23625,55,1,1
1900,7153,4379,40,14327,13816,2204,14517,28283,62,1,1
1901,6702,4619,40,19557,18986,1393,19747,32501,69,1,1
1902,10450,8446,40,34315,33433,8586,34515,62057,107,1,2
1903,2795,1383,40,10991,10721,4308,11151,19677,25,1,1
1904,9698,7895,41,21320,20498,2324,21531,41498,104,1,1
1905,4479,901,40,10360,10149,1393,10510,17333,18,1,1
1906,2635,811,40,8165,7975,1693,8326,13505,16,1,1
1907,13486,14267,40,25629,24356,1272,25889,54964,168,1,1
1908,7845,7424,40,16201,15410,2505,16401,34225,99,1,1
1909,7094,5871,40,21170,20519,2104,21370,36469,80,1,1
1910,9388,4719,40,23444,22894,11441,23635,49233,67,1,1
1911,6563,3887,40,16041,15540,5009,16211,31720,58,1,1
1912,4228,1443,40,18745,18495,2564,18906,27191,26,1,1
1913,5951,3466,40,20438,19998,9629,20609,39705,51,1,1
1914,4579,3627,40,22272,21831,5370,22442,36058,50,1,1
1915,3847,1152,40,19016,18785,1633,19177,25839,22,1,1
1916,6512,5541,40,15500,14878,1132,15700,28935,77,1,1
1917,7303,3547,40,13065,12614,2134,13235,26279,53,1,1
1918,3035,1694,40,15689,15399,2614,15850,23233,29,1,1
1919,3687,581,40,12284,12122,1032,12434,17774,13,1,1
1920,9288,5280,40,28985,28373,8015,29175,51808,71,1,2
1921,4649,2515,40,10370,9979,4268,10540,22012,42,1,1
1922,7253,5260,41,20168,19567,3086,20359,35998,74,1,1
1923,3707,410,40,6813,6662,1083,6953,12204,9,1,1
1924,3607,270,41,7744,7634,1513,7885,13325,6,1,1
1925,6041,3286,40,20549,20108,3327,20729,33423,51,1,1
1926,7023,4439,40,22252,21721,2004,22422,35938,63,1,1
1927,7264,5200,40,24977,24376,1853,25178,39535,75,1,1
1928,7053,6262,40,17393,16692,1062,17603,32010,88,1,1
1929,7074,5129,40,16000,15399,2274,16191,30708,73,1,1
1930,7394,4518,41,19406,18885,1854,19597,33413,64,1,1
1931,7144,8215,41,22282,21610,1092,22553,39034,83,1,1
1932,6251,2906,40,18405,17994,3016,18585,30798,47,1,1
1933,6041,5280,40,16872,16260,1142,17063,29576,74,1,1
1934,6122,4018,40,25809,25289,2825,25989,38994,58,1,2
1935,4068,1242,40,11963,11702,1563,12123,19036,25,1,1
1936,11752,7314,40,28624,27883,12364,28824,60294,90,1,2
1937,1753,220,40,22532,22371,13426,22673,38112,4,1,2
1938,3056,1223,40,7764,7524,992,7915,13246,22,1,1
1939,5059,1543,40,14287,14007,1543,14447,22632,29,1,1
1940,6763,5009,40,18295,17693,2234,18485,32541,74,1,1
1941,2996,1884,40,18785,18485,2655,18956,26541,33,1,1
1942,7304,6613,40,18585,17874,5461,18775,38203,88,1,1
1943,3436,2094,40,18385,18065,2345,18555,26470,35,1,1
1944,4930,3566,41,16431,15950,1272,16612,26420,56,1,1
1945,3005,1353,40,14347,14107,3186,14507,22102,24,1,1
1946,2545,1453,40,12694,12433,2425,12854,19327,26,1,1
1947,6512,4990,40,15299,14708,2024,15489,29065,73,1,1
1948,6071,1844,40,17984,17663,2415,18144,28524,33,1,1
1949,6052,4649,40,14247,13666,1292,14437,26470,70,1,1
1950,6483,4959,40,34986,34365,4067,35167,50716,70,1,2
1951,3035,722,40,11852,11672,1714,12002,17523,15,1,1
1952,4027,280,40,11332,11201,1733,11472,17553,6,1,1
1953,4669,1513,40,30277,29986,10650,30438,47320,27,1,2
1954,15199,17844,40,25158,23645,11972,25448,70523,203,1,1
1955,9838,8936,40,26309,25428,2224,26531,47570,113,1,1
1956,7384,4648,40,20569,20038,5791,20749,38623,64,1,1
1957,7073,5641,40,23344,22703,2144,23535,38443,79,1,1
1958,7314,5139,40,22071,21480,3286,22263,38052,72,1,1
1959,5861,4258,40,14668,14127,1232,14838,26239,64,1,1
1960,6082,3236,40,13866,13426,2716,14036,26110,50,1,1
1961,7234,5480,40,19507,18866,1463,19707,33914,79,1,1
1962,12274,8516,40,31690,30848,10440,31910,63190,105,1,2
1963,5330,3527,40,29726,29256,2776,29896,41589,50,1,2
1964,4389,972,40,8075,7865,1413,8225,15049,19,1,1
1965,3086,912,40,8446,8245,1503,8606,14157,18,1,1
1966,4389,2525,40,16952,16581,3597,17122,27693,41,1,1
1967,7665,5661,40,19697,19066,1834,19887,35087,78,1,1
1968,7945,6462,40,23404,22703,1703,23605,39755,87,1,1
1969,8055,7935,40,24265,23444,1042,24487,41549,104,1,1
1970,6382,5070,40,18936,18345,2725,19126,33353,72,1,1
1971,6783,4238,40,35848,35266,2926,36028,50025,66,1,2
1972,7555,7123,40,18425,17663,1062,18635,34425,97,1,1
1973,6402,1543,40,13656,13365,1563,13806,23354,28,1,1
1974,6192,4709,40,15670,15089,1843,15860,28634,69,1,1
1975,3747,561,40,11202,11040,1923,11342,17623,12,1,1
1976,12022,8196,40,31981,31139,13315,32191,65764,101,1,2
1977,4920,3917,40,34395,33915,5651,34575,49113,53,1,2
1978,3887,200,40,7594,7494,1032,7735,12894,4,1,1
1979,3426,301,40,5420,5310,1112,5570,10449,6,1,1
1980,1363,170,41,6632,6532,1563,6773,9899,3,1,1
1981,6623,4528,40,18846,18314,2685,19026,32902,64,1,1
1982,7624,6472,40,21821,21120,1783,22012,37931,86,1,1
1983,6763,5440,40,17402,16751,1953,17594,31790,80,1,1
1984,7515,6191,40,20639,19947,1733,20840,36309,86,1,1
1985,6342,5631,40,17824,17162,1202,18024,31229,82,1,1
1986,6833,4308,40,20720,20188,1863,20890,33954,63,1,1
1987,5962,4408,40,19547,19006,1363,19737,31500,66,1,1
1988,6373,2795,40,18184,17794,2534,18355,30087,43,1,1
1989,4068,2454,41,12844,12473,1383,13015,20970,41,1,1
1990,4709,771,40,11972,11792,1623,12123,19276,16,1,1
1991,6773,5500,40,15218,14577,1572,15409,29305,78,1,1
1992,4118,782,40,11622,11442,1673,11772,18395,15,1,1
1993,2846,631,40,18214,18044,15629,18365,37511,13,1,1
1994,15850,22523,40,13936,12083,3186,14247,55856,245,1,2
1995,6232,3256,40,18886,18454,14007,19056,42601,49,1,1
1996,2865,481,40,5701,5551,1072,5851,10319,11,1,1
1997,8266,8015,40,28454,27593,1192,28674,46197,105,1,2
1998,8045,3988,40,19828,19357,4979,20008,37070,57,1,1
1999,7123,6192,40,18445,17754,1363,18635,33353,85,1,1
2000,7174,4849,40,20189,19597,4669,20369,37101,70,1,1
2001,4809,2925,41,13265,12844,1342,13426,22542,47,1,1
2002,6934,5480,40,16882,16261,2565,17072,32111,75,1,1
2003,6662,5110,40,19838,19247,2194,20028,34034,73,1,1
2004,2725,201,40,17223,17112,2995,17363,23314,4,1,1
2005,4959,2605,40,13566,13185,1824,13736,23164,42,1,1
2006,5831,4308,40,13877,13336,3867,14057,28123,65,1,1
2007,8947,7675,40,21561,20749,2625,21781,41078,104,1,1
2008,3646,511,40,10019,9868,1452,10170,15829,10,1,1
2009,11622,10941,40,25188,24146,1022,25428,49053,136,1,1
2010,6833,5470,40,15400,14757,2064,15600,30007,80,1,1
2011,7023,4979,40,21130,20539,1913,21320,35286,73,1,1
2012,8125,9007,41,21881,20979,1032,22112,40336,116,1,1
2013,6252,3476,40,30668,30207,17212,30849,57829,51,1,2
2014,3487,2294,40,16702,16351,2936,16862,25629,37,1,1
2015,6181,3266,40,18364,17954,9618,18545,37651,47,1,1
2016,3867,1042,40,11592,11382,1413,11742,18114,19,1,1
2017,7253,4709,40,18536,17964,1603,18716,32341,68,1,1
2018,6652,4649,40,19217,18646,2384,19397,33132,68,1,1
2019,11812,8196,40,32081,31229,11201,32291,63540,104,1,2
2020,2545,1262,40,9608,9368,4208,9759,17834,22,1,1
2021,9178,7554,40,21260,20449,2405,21470,40637,102,1,1
2022,4018,421,40,7654,7514,1473,7804,13756,10,1,1
2023,4338,952,40,20218,19988,3316,20369,29025,16,1,2
2024,7043,5150,40,20619,19998,1533,20809,34585,74,1,1
2025,7124,5380,40,19287,18646,1803,19467,33824,78,1,1
2026,6953,7183,40,21531,20899,1643,21771,37601,76,1,1
2027,7654,7755,40,20419,19597,1122,20639,37210,104,1,1
2028,7183,4288,40,14798,14287,1933,14989,28433,61,1,1
2029,6572,3096,40,18445,18044,2425,18605,30748,46,1,1
2030,6142,4819,40,15369,14798,1192,15549,27742,68,1,1
2031,7114,4969,40,14498,13917,2064,14688,28875,70,1,1
2032,9498,5620,41,19617,18986,1983,19808,36949,77,1,1
2033,6322,5430,40,18325,17694,1122,18505,31429,76,1,1
2034,6533,1442,40,13555,13295,1563,13716,23304,26,1,1
2035,7084,5761,40,18245,17593,1733,18435,33063,79,1,1
2036,3958,531,40,12544,12384,1703,12694,18936,12,1,1
2037,12924,8737,30,31540,30668,11331,31750,64792,106,1,2
2038,3106,2024,40,26099,25739,5811,26249,37241,33,1,2
2039,3887,190,41,7544,7444,1192,7695,13004,4,1,1
2040,3677,381,40,5350,5220,1012,5500,10600,8,1,1
2041,6842,6563,40,26350,25599,1242,26560,41247,90,1,2
2042,7404,4990,40,20168,19597,4018,20358,36820,69,1,1
2043,6553,5089,40,17433,16821,1673,17624,30979,74,1,1
2044,8425,6092,40,20860,20189,4358,21060,39975,84,1,1
2045,5781,4068,40,17643,17123,1222,17824,28945,61,1,1
2046,6603,4248,40,18234,17703,1723,18414,31029,62,1,1
2047,7364,2875,40,28795,28394,1723,28965,40967,41,1,2
2048,6762,5300,40,17323,16701,4458,17523,34084,76,1,1
2049,5040,861,40,17623,17433,1954,17784,25669,17,1,1
2050,2114,300,40,11172,11040,561,11312,14337,7,1,1
2051,11050,6423,40,13746,13065,1262,13946,32731,85,1,1
2052,6643,4889,41,14026,13435,1583,14217,27372,71,1,1
2053,6683,4268,40,32902,32332,1522,33083,45596,64,1,2
2054,6302,2915,40,26520,26109,3326,26680,39284,43,1,2
2055,3075,572,40,5781,5610,1362,5931,10980,13,1,1
2056,2274,1343,40,15089,14848,3526,15249,22422,24,1,1
2057,7314,5110,40,20299,19718,5610,20489,38563,69,1,1
2058,7204,6542,41,27832,27121,1142,28023,42961,88,1,1
2059,7154,3757,40,21400,20930,2164,21581,34716,56,1,1
2060,4869,3617,40,18295,17824,1343,18475,28334,56,1,1
2061,6692,5190,40,20258,19647,1533,20459,33904,75,1,1
2062,6332,2184,40,19788,19447,1523,19958,30037,38,1,1
2063,7695,5961,40,14357,13666,1333,14557,29576,84,1,1
2064,6542,4689,40,30017,29416,4128,30197,45606,67,1,2
2065,4538,822,40,7965,7775,1543,8115,15068,17,1,1
2066,12333,10921,40,16641,15640,2404,16882,42590,130,1,1
2067,7785,4328,40,21030,20489,2274,21210,35647,64,1,1
2068,7614,6893,41,16851,16110,2614,17062,34224,93,1,1
2069,6702,5601,40,20679,20038,2195,20879,35407,80,1,1
2070,6853,6072,40,22603,21912,1052,22803,36820,86,1,1
2071,6522,3677,40,20138,19657,3557,20318,34124,56,1,1
2072,7213,6061,40,20880,20199,1683,21080,36088,84,1,1
2073,7133,4309,40,20809,20268,7194,20989,39655,64,1,1
2074,3557,1673,40,12824,12543,1242,12995,19507,29,1,1
2075,6212,3667,40,16822,16351,1342,17012,28273,57,1,1
2076,6632,5341,40,18996,18355,1964,19196,33163,79,1,1
2077,3026,311,40,10950,10820,1733,11090,16221,7,1,1
2078,2404,952,40,18024,17834,10410,18174,31980,16,1,1
2079,5050,2835,40,17564,17173,1723,17744,27392,45,1,1
2080,6883,4048,40,28314,27793,1843,28494,41308,56,1,2
2081,8476,5591,40,11011,10370,1463,11211,26781,79,1,1
2082,12082,12965,40,18415,17223,1764,18665,45526,156,1,1
2083,8316,6833,40,21471,20760,6923,21671,43803,89,1,1
2084,6893,6121,40,17473,16811,1472,17674,32200,83,1,1
2085,7454,4599,40,20279,19717,5751,20469,38333,69,1,1
2086,7414,7545,40,18765,17964,1083,18975,35067,101,1,1
2087,6893,4689,40,13545,12964,2033,13736,27401,71,1,1
2088,5220,2775,40,18745,18364,2054,18916,29005,42,1,1
2089,6742,4930,40,16712,16121,1212,16902,29836,71,1,1
2090,7293,5411,40,21010,20369,1703,21190,35647,78,1,1
2091,5020,3897,40,13957,13476,1443,14127,24527,56,1,1
2092,7224,4028,40,13405,12914,1844,13585,26741,59,1,1
2093,7254,4959,40,14788,14196,1743,14979,28985,71,1,1
2094,3877,922,40,11512,11291,1633,11662,18134,19,1,1
2095,12193,7895,40,30167,29395,12643,30378,63149,94,1,2
2096,3166,1933,40,25969,25649,3807,26120,35086,30,1,2
2097,3988,371,40,6733,6592,1042,6883,12324,9,1,1
2098,3196,400,40,5400,5270,1222,5541,10409,8,1,1
2099,7063,4549,40,16652,16111,2625,16842,31109,64,1,1
2100,6803,4789,40,20739,20148,3908,20929,36469,71,1,1
2101,6933,5781,40,19297,18645,1743,19497,34004,82,1,1
2102,6602,5561,40,20178,19537,3407,20378,35978,79,1,1
2103,6382,5530,40,19858,19237,1272,20058,33292,78,1,1
2104,6101,3497,40,30478,29997,3226,30658,43532,52,1,2
2105,7444,5741,40,14588,13957,2384,14788,30407,79,1,1
2106,1793,111,40,17252,17162,2384,17393,21731,1,1,1
2107,6954,4568,40,14598,14036,1253,14778,27603,67,1,1
2108,4288,731,40,20419,20208,1703,20569,27351,14,1,2
2109,6683,3997,40,12764,12273,1783,12945,25448,57,1,1
2110,10861,5370,30,20780,20158,13024,20970,50255,75,1,1
2111,5590,4038,40,14758,14257,1573,14948,26189,61,1,1
2112,6893,5831,40,21521,20880,2615,21721,37110,80,1,1
2113,3968,761,40,7464,7284,972,7614,13365,14,1,1
2114,2545,421,40,8977,8827,2986,9127,15119,10,1,1
2115,7525,6181,40,23053,22352,1413,23254,38413,87,1,1
2116,6813,4318,40,21772,21250,6682,21962,39825,63,1,1
2117,6492,4519,40,19396,18835,1472,19577,32110,67,1,1
2118,5641,2455,40,18915,18575,10670,19076,37882,37,1,1
2119,5922,3987,40,14889,14378,1362,15059,26380,59,1,1
2120,6573,4328,40,14097,13596,2254,14277,27492,60,1,1
2121,6392,4609,40,20429,19858,1663,20619,33323,69,1,1
2122,9678,8286,40,33985,33122,9658,34205,61867,106,1,2
2123,3517,801,40,26170,25950,3837,26320,34505,14,1,2
2124,4208,3476,40,20759,20298,4929,20940,33583,54,1,1
2125,3787,801,40,11281,11071,1443,11432,17503,17,1,1
2126,12573,12845,40,18224,17052,1993,18485,45936,154,1,1
2127,7384,6081,40,20929,20248,1684,21130,36309,84,1,1
2128,7875,7284,40,16361,15599,2024,16571,33804,97,1,1
2129,7164,6101,41,21711,21009,1953,21912,37190,87,1,1
2130,6793,6492,40,17934,17222,1072,18135,32552,90,1,1
2131,6562,4228,40,17152,16631,2164,17322,30337,61,1,1
2132,6102,3547,40,18655,18174,1403,18835,29927,55,1,1
2133,6893,5681,40,24186,23554,1333,24386,38333,79,1,1
2134,5350,2084,40,20158,19827,1523,20318,29315,35,1,1
2135,3797,2294,40,18285,17933,1503,18455,26099,39,1,1
2136,6101,4980,40,18815,18224,2465,19005,32581,71,1,1
2137,3677,972,40,12934,12724,1623,13094,19396,19,1,1
2138,12123,8416,40,31600,30738,8396,31810,60805,105,1,2
2139,2344,882,40,14397,14197,9869,14537,27692,17,1,1
2140,5300,2746,40,19707,19316,8526,19877,36489,43,1,1
2141,3928,641,40,8065,7895,1463,8205,14287,12,1,1
2142,11412,11922,40,17022,15940,1583,17262,42220,140,1,1
2143,6993,4889,40,20328,19757,4839,20509,37270,68,1,1
2144,6703,4609,40,20228,19657,1052,20408,32822,69,1,1
2145,8076,5059,41,19296,18685,2886,19487,35558,74,1,1
2146,6863,5971,40,18545,17894,1122,18745,32751,82,1,1
2147,12804,8185,40,23875,23023,1052,24086,46177,107,1,1
2148,6542,5010,40,18715,18124,1182,18906,31670,71,1,1
2149,6362,4668,40,21691,21130,1853,21882,34815,68,1,1
2150,4929,2966,40,15279,14868,1302,15449,24696,47,1,1
2151,6162,4268,40,15109,14558,2104,15299,27883,65,1,1
2152,3937,1052,41,11431,11211,1593,11582,18214,21,1,1
2153,4137,982,40,11562,11331,1734,11712,18595,21,1,1
2154,3617,401,40,24827,24647,13786,24977,42821,9,1,2
2155,6111,3006,40,24767,24326,12985,24947,47109,46,1,2
2156,2885,932,40,7815,7594,1172,7965,13004,19,1,1
2157,3767,291,40,6632,6512,1182,6773,12063,6,1,1
2158,3116,571,40,5260,5089,1282,5410,10430,12,1,1
2159,3266,2445,40,15299,14948,2775,15469,23995,39,1,1
2160,6843,4699,40,20569,20028,6623,20759,38954,66,1,1
2161,6964,6101,40,17744,17062,1333,17944,32392,84,1,1
2162,5380,3406,41,19817,19376,12464,19988,41288,50,1,1
2163,5200,4128,40,14137,13626,1243,14307,24938,60,1,1
2164,6853,4398,40,14076,13535,2665,14267,28233,65,1,1
2165,3907,692,40,17633,17443,1764,17783,24176,14,1,1
2166,7113,5601,40,20379,19738,1312,20569,34655,79,1,1
2167,9578,7003,40,29175,28393,17042,29386,63049,93,1,2
2168,3537,1102,40,5961,5741,8075,6111,18875,20,1,1
2169,17112,20800,40,15890,14237,16712,16200,70864,222,1,1
2170,1252,241,40,7454,7354,7474,7594,16611,5,1,1
2171,16031,20048,40,16331,14668,10700,16631,63460,222,1,1
2172,2324,471,40,11532,11382,2134,11682,16651,11,1,1
2173,13936,6983,40,32161,31389,16421,32361,69752,90,1,2
2174,2224,712,40,17463,17282,15249,17613,35848,14,1,1
2175,1924,1292,40,822,581,671,972,4899,22,1,1
2176,6382,401,40,7444,7294,972,7584,15379,9,1,1
2177,5550,3987,40,17303,16812,2946,17483,30007,58,1,1
2178,7414,4709,40,19968,19406,2104,20168,34425,69,1,1
2179,7244,5169,40,22492,21861,1343,22683,36489,76,1,1
2180,6733,2374,40,17844,17473,1713,18014,28884,41,1,1
2181,5962,3847,40,17052,16532,1282,17233,28364,60,1,1
2182,7234,3867,40,14217,13736,1663,14397,27201,56,1,1
2183,6713,5541,40,19927,19286,1653,20118,34075,79,1,1
2184,10189,8897,40,33944,33053,11070,34164,64361,111,1,2
2185,3336,1202,41,19046,18795,2725,19207,26500,20,1,2
2186,8797,7754,40,21561,20739,1232,21771,39595,104,1,1
2187,3867,531,40,8176,8015,1573,8326,14337,12,1,1
2188,12603,12994,40,18806,17623,2054,19056,46758,154,1,1
2189,7364,5029,40,20308,19707,1733,20489,34655,72,1,1
2190,7043,5581,40,15529,14888,2194,15719,30587,79,1,1
2191,7514,6322,40,21300,20579,4789,21491,40166,89,1,1
2192,8375,8126,40,20379,19527,1042,20599,38182,109,1,1
2193,6984,4017,40,35608,35076,13385,35788,60224,58,1,2
2194,6112,2955,40,18836,18415,6653,19006,34766,48,1,1
2195,6983,6021,40,17133,16481,1132,17333,31520,81,1,1
2196,4218,721,40,12453,12273,1633,12593,19216,15,1,1
2197,5921,4439,40,16722,16181,1883,16902,29185,64,1,1
2198,3937,822,40,12804,12614,1623,12954,19386,16,1,1
2199,14377,11312,40,32952,31890,6773,33192,65694,133,1,2
2200,2325,1102,40,9909,9678,7414,10059,20950,21,1,1
2201,5060,2965,40,19227,18815,6162,19407,33624,46,1,1
2202,3637,1262,40,7394,7154,1082,7554,13575,23,1,1
2203,3587,370,40,8006,7874,1503,8156,13646,8,1,1
2204,5109,2775,40,13676,13295,3737,13856,25518,43,1,1
2205,8276,5731,40,20649,20018,2976,20849,37882,78,1,1
2206,5631,3837,40,22643,22152,1363,22813,33704,57,1,1
2207,3577,1723,40,22021,21751,3337,22182,30859,28,1,1
2208,6502,5561,40,17092,16461,1132,17283,30528,77,1,1
2209,7164,4769,40,15810,15259,2856,16000,30839,68,1,1
2210,6252,3166,40,19016,18606,1934,19186,30598,47,1,1
2211,6382,4738,40,19166,18595,1222,19357,31740,70,1,1
2212,7004,5260,40,16691,16080,1913,16881,31119,76,1,1
2213,3837,321,40,17203,17062,1723,17343,23274,8,1,1
2214,2034,170,40,10610,10510,3877,10750,16892,4,1,1
2215,6622,3968,40,17714,17203,1452,17884,29966,60,1,1
2216,6743,5070,40,14207,13596,2284,14397,28534,74,1,1
2217,3847,581,40,11622,11461,1683,11762,17924,12,1,1
2218,12323,5531,40,27863,27221,7304,28053,53251,74,1,2
2219,2044,641,41,22983,22793,11792,23134,37651,12,1,2
2220,3046,891,41,7544,7343,1002,7705,12694,18,1,1
2221,3767,431,40,6923,6783,1011,7073,12333,10,1,1
2222,6382,4659,41,17893,17302,3016,18084,32181,70,1,1
2223,7233,5149,41,20408,19827,3306,20599,36348,72,1,1
2224,7084,6252,40,19978,19286,1372,20178,34936,87,1,1
2225,6843,4859,41,20248,19677,2986,20439,35157,68,1,1
2226,4679,3397,40,13626,13175,1302,13806,23234,52,1,1
2227,6693,4498,40,15389,14838,2635,15560,29446,66,1,1
2228,6502,4349,40,19787,19256,1914,19977,32782,65,1,1
2229,6231,1192,40,17633,17393,2265,17793,27532,23,1,1
2230,5580,3627,40,13906,13416,1272,14087,24616,57,1,1
2231,6903,5741,41,32691,32010,4198,32882,49774,81,1,2
2232,2645,802,40,12133,11942,1633,12283,17413,17,1,1
2233,2966,220,41,11281,11161,2214,11422,16872,5,1,1
2234,3977,802,40,18525,18325,8576,18665,32060,16,1,1
2235,7093,5591,40,15780,15139,1363,15980,30067,80,1,1
2236,6873,5551,40,21290,20649,3928,21490,37892,80,1,1
2237,8917,7725,40,20789,19978,1152,21010,38834,103,1,1
2238,6041,2484,40,18545,18194,18485,18706,45767,39,1,1
2239,12824,15880,40,23695,22262,2284,23966,55014,184,1,2
2240,6482,2635,40,18846,18474,13005,19016,41188,42,1,1
2241,5580,4619,40,20900,20359,1242,21090,32571,65,1,1
2242,6433,4588,40,18825,18254,2505,19006,32592,68,1,1
2243,10590,7043,41,31219,30447,10219,31420,59332,92,1,2
2244,2615,1392,40,17382,17102,5199,17544,26790,24,1,2
2245,4689,3456,40,19668,19227,2514,19848,30537,51,1,1
2246,3407,280,40,7745,7625,1713,7875,13325,6,1,1
2247,4399,2043,40,13525,13195,3667,13686,23845,35,1,1
2248,6613,3537,40,20719,20238,1613,20899,32702,55,1,1
2249,6873,5420,40,18114,17473,2114,18315,32752,79,1,1
2250,6832,5180,41,21350,20759,2094,21541,35697,73,1,1
2251,8306,7454,40,20679,19888,1052,20889,37751,101,1,1
2252,6322,3497,40,34345,33854,12424,34515,56798,51,1,2
2253,2846,1703,40,18505,18215,3347,18655,26601,29,1,1
2254,6071,3116,41,18815,18414,6162,18996,34385,46,1,1
2255,12504,4268,30,17463,16982,18515,17643,52980,56,1,1
2256,3828,1392,41,7434,7173,9868,7595,22723,26,1,1
2257,16832,20478,40,20508,18825,15419,20810,73579,225,1,1
2258,1153,160,40,7384,7284,7454,7524,16341,3,1,1
2259,16822,20890,40,18896,17153,21591,19206,78549,233,1,1
2260,3236,1012,40,11311,11101,1633,11471,17402,20,1,1
2261,12112,7895,40,30748,29926,13485,30959,64501,99,1,2
2262,3777,2064,40,34154,33764,11742,34314,51948,33,1,3
2263,2224,280,40,5620,5500,1323,5771,9628,6,1,1
2264,1323,120,40,6382,6282,1613,6522,9618,1,1,1
2265,7124,4679,40,20208,19637,1944,20388,34185,69,1,1
2266,6893,5390,40,22032,21421,4158,22222,38703,75,1,1
2267,6963,6082,40,24506,23825,1403,24706,39204,85,1,1
2268,5922,4578,40,14507,13976,1253,14698,26491,65,1,1
2269,7073,4409,40,15269,14718,2725,15449,29696,66,1,1
2270,7424,3817,40,18825,18354,1643,18996,31930,55,1,1
2271,6493,4729,40,18826,18255,1232,18996,31500,68,1,1
2272,5891,1533,40,17764,17483,3246,17924,28634,28,1,1
2273,6141,4829,40,14166,13565,1272,14358,26640,72,1,1
2274,4488,1022,40,12043,11813,1613,12193,19366,20,1,1
2275,7474,5901,40,15469,14788,1503,15669,30587,84,1,1
2276,3917,291,40,11542,11431,1723,11682,17663,6,1,1
2277,2906,120,40,6943,6863,7334,7083,17493,1,1,1
2278,17032,21260,40,26029,24265,15489,26340,80161,233,1,2
2279,4939,1543,40,18345,18055,11863,18505,36900,29,1,1
2280,1352,110,41,5009,4929,1523,5150,8185,1,1,1
2281,5561,4128,30,23865,23304,1032,24045,34806,62,1,2
2282,4238,1723,40,25007,24687,13676,25168,44855,28,1,2
2283,3386,2395,40,17874,17513,3216,18044,27081,39,1,1
2284,3437,1663,40,18425,18135,5871,18585,29596,29,1,1
2285,1933,1162,40,9588,9357,4799,9749,17683,22,1,1
2286,2485,1292,40,9498,9248,2215,9648,15690,23,1,1
2287,4488,3166,40,14037,13605,1834,14217,23755,51,1,1
2288,4909,3677,40,19227,18756,2104,19407,30147,56,1,1
2289,8366,2615,40,18335,17974,1483,18505,31029,40,1,1
2290,4168,2074,40,12965,12644,2064,13135,21491,35,1,1
2291,6412,4619,40,31620,31049,3967,31800,46848,65,1,2
2292,3466,772,40,9839,9628,1413,9979,15680,17,1,1
2293,2435,120,40,11462,11362,2375,11602,16562,1,1,1
2294,6783,3416,40,20479,20037,6493,20659,37391,52,1,1
2295,3356,2204,41,14798,14487,2394,14969,22963,34,1,1
2296,6523,4278,40,21561,21030,2004,21751,34596,64,1,1
2297,7925,8155,40,20579,19748,1042,20799,37951,106,1,1
2298,1834,801,40,27853,27623,591,28003,31279,16,1,2
2299,17604,13866,40,4298,3106,18886,4548,54954,156,1,1
2300,4920,4458,40,19257,18736,3286,19447,32151,64,1,1
2301,8185,3135,40,18865,18455,8727,19046,39124,48,1,1
2302,9207,9518,40,20919,19958,1052,21150,40967,123,1,1
2303,6462,5150,40,17223,16612,2364,17413,31439,75,1,1
2304,3667,731,40,10941,10751,1683,11091,17212,16,1,1
2305,13215,7234,40,30899,30146,8757,31109,60355,90,1,2
2306,5651,3526,41,32952,32471,5300,33123,47650,52,1,2
2307,3657,692,40,7865,7684,1533,8015,13937,14,1,1
2308,3326,1423,40,21791,21501,1693,21961,28443,26,1,2
2309,6752,4048,40,20539,20038,11953,20719,43522,59,1,1
2310,3406,2375,40,14367,14026,2505,14537,22873,39,1,1
2311,7644,5300,40,20819,20188,7384,21010,41378,78,1,1
2312,7104,5921,40,17073,16381,1102,17273,31430,85,1,1
2313,7083,4890,40,15790,15219,2384,15970,30377,69,1,1
2314,5991,3217,40,19106,18645,1403,19266,29927,52,1,1
2315,6633,5380,40,20810,20179,1172,21010,34235,78,1,1
2316,3737,1192,40,17263,17033,1643,17413,24035,21,1,1
2317,6733,5831,40,14908,14247,1172,15108,28884,82,1,1
2318,6963,3486,40,14257,13806,1883,14438,26820,54,1,1
2319,6452,5560,41,16982,16350,1352,17173,30587,78,1,1
2320,3747,762,40,12814,12624,1654,12964,19167,16,1,1
2321,13636,8717,40,31079,30237,10810,31299,64502,104,1,2
2322,2806,1503,40,25388,25107,5771,25548,35668,25,1,2
2323,4689,781,40,7805,7614,1012,7955,14487,16,1,1
2324,3848,621,40,5501,5330,1012,5651,11172,13,1,1
2325,5681,4649,40,22423,21832,1342,22613,34335,68,1,2
2326,6202,1563,40,25979,25669,19396,26140,53331,27,1,2
2327,5500,4168,40,14207,13696,2325,14387,26420,62,1,1
2328,7083,5320,40,20989,20358,4369,21190,37992,77,1,1
2329,6232,5340,40,14748,14127,1122,14938,27682,76,1,1
2330,6553,4518,40,14657,14106,2746,14848,28695,67,1,1
2331,4088,691,40,17664,17473,1663,17814,24296,15,1,1
2332,5872,4678,40,16942,16361,1212,17123,28925,70,1,1
2333,6573,4518,40,13235,12684,1392,13425,25959,68,1,1
2334,1072,160,40,17083,16983,2645,17213,21140,2,1,1
2335,2846,651,40,11973,11802,2504,12113,18154,12,1,1
2336,6152,2825,41,12694,12293,1452,12865,23344,45,1,1
2337,6192,4989,40,13916,13325,1693,14107,27021,72,1,1
2338,3817,280,40,11371,11251,1724,11522,17393,7,1,1
2339,3166,792,40,11942,11742,1984,12092,18084,17,1,1
2340,4919,2675,30,28474,28083,18485,28634,54763,39,1,2
2341,2515,952,40,17734,17533,15489,17884,36880,18,1,1
2342,5641,5751,40,2344,1693,2405,2534,16391,80,1,1
2343,3627,992,40,5681,5481,1002,5831,11502,18,1,1
2344,2464,1313,40,15229,14989,3547,15389,22763,23,1,1
2345,7494,4890,40,20128,19557,1884,20328,34626,69,1,1
2346,7714,6202,40,33524,32832,1773,33714,49453,85,1,1
2347,11592,7815,40,43773,42981,7103,43983,70533,100,1,1
2348,4909,3086,40,18074,17644,4959,18245,31249,48,1,1
2349,4849,3156,40,18766,18344,5300,18936,32291,48,1,1
2350,10680,5210,40,19337,18776,2304,19527,37761,67,1,1
2351,6793,5059,40,14718,14127,1153,14908,27963,73,1,1
2352,5971,3567,40,12564,12133,6011,12744,28343,51,1,1
2353,7524,6472,40,21170,20459,3747,21380,39174,90,1,1
2354,4759,1894,40,11692,11382,1443,11852,19978,31,1,1
2355,11582,10900,40,18775,17753,2365,19006,43903,133,1,1
2356,7133,5170,40,20128,19516,1843,20319,34505,73,1,1
2357,6973,5400,40,15309,14688,1934,15509,29856,77,1,1
2358,6793,4799,30,21069,20478,1422,21261,34325,72,1,1
2359,6532,5901,40,19868,19187,1122,20068,33663,85,1,1
2360,6402,2074,40,28193,27853,18626,28353,55505,32,1,2
2361,7224,6162,40,19196,18505,3296,19396,36118,85,1,1
2362,6232,2825,40,18735,18344,9017,18916,37030,45,1,1
2363,4118,2535,40,17904,17513,1403,18064,26170,43,1,1
2364,7484,6392,40,18065,17362,2715,18255,34906,88,1,1
2365,2945,732,40,11311,11121,1694,11461,16872,15,1,1
2366,3035,1343,40,10009,9759,7785,10169,22382,25,1,1
2367,4368,3547,40,20779,20329,6722,20960,35647,53,1,1
2368,4618,1343,40,26701,26430,1432,26861,34294,22,1,2
2369,7224,4007,41,10279,9758,1252,10470,22993,63,1,1
2370,4208,1232,40,8366,8116,1012,8516,15028,24,1,1
2371,2174,541,40,13015,12864,5009,13155,20919,10,1,1
2372,5640,4018,40,20038,19547,5821,20228,35757,59,1,1
2373,8116,7183,41,25918,25137,1522,26130,43001,99,1,1
2374,6292,6121,40,22753,22071,1222,22954,36629,85,1,1
2375,6502,2174,40,19808,19477,3096,19968,31790,35,1,1
2376,7123,5881,40,21791,21120,1252,21982,36288,83,1,1
2377,4909,772,40,18555,18365,1643,18715,26079,17,1,1
2378,6493,5480,40,14177,13536,1102,14367,27492,78,1,1
2379,7555,3817,40,13225,12744,1784,13405,26621,57,1,1
2380,6853,5270,40,15479,14868,1634,15679,29476,76,1,1
2381,3687,962,40,11492,11292,1623,11642,17964,18,1,1
2382,12503,8185,40,30308,29466,11972,30518,63229,103,1,2
2383,2565,1303,40,26510,26230,6112,26670,36680,23,1,2
2384,3176,381,40,6823,6693,1192,6973,11762,9,1,1
2385,2635,311,40,5210,5070,1362,5350,9698,9,1,1
2386,1382,391,40,11081,10941,3307,11211,16341,8,1,1
2387,7464,4168,40,23745,23224,1903,23925,37510,61,1,1
2388,6903,5761,41,18214,17543,1693,18415,32812,83,1,1
2389,6722,5461,40,20709,20088,5901,20889,39023,76,1,1
2390,9878,8807,40,19808,18906,1553,20028,40316,115,1,1
2391,6652,3116,40,35197,34745,3296,35367,48491,47,1,2
2392,7985,5581,40,18916,18275,6072,19106,38784,78,1,1
2393,3467,1032,40,18124,17904,1643,18264,24457,18,1,1
2394,5991,4659,40,15419,14868,1362,15600,27662,66,1,1
2395,3918,911,40,10159,9959,1413,10310,16602,18,1,1
2396,2885,1933,40,12775,12454,2354,12925,20148,32,1,1
2397,2585,110,40,10871,10780,2074,11001,15830,1,1,1
2398,4438,1222,40,18525,18284,15669,18675,40055,22,1,1
2399,3337,2394,31,13415,13054,2114,13576,21461,38,1,1
2400,6853,5020,40,21080,20489,5591,21270,38784,72,1,1
2401,3747,150,40,7033,6943,982,7173,12093,2,1,1
2402,7864,8056,40,20008,19186,1032,20228,37230,106,1,1
2403,6262,2514,41,18434,18064,18595,18606,46017,40,1,1
2404,12614,14638,40,22352,21020,2285,22622,52189,173,1,2
2405,6061,2856,40,18325,17934,13104,18495,40566,44,1,1
2406,5771,3957,41,15078,14587,1253,15259,26290,59,1,1
2407,6933,4549,40,14918,14357,2354,15099,28975,67,1,1
2408,6242,4929,40,19316,18715,1643,19507,32361,74,1,1
2409,1072,401,40,8546,8406,9619,8696,19838,9,1,1
2410,16130,22332,40,31279,29456,14638,31600,84730,241,1,2
2411,2975,911,40,5811,5620,4729,5962,14638,17,1,1
2412,8977,2926,40,31099,30679,2034,31269,45236,42,1,2
2413,4889,2265,40,11682,11341,1192,11852,20248,37,1,1
2414,4028,862,40,11121,10920,1453,11271,17654,17,1,1
2415,12945,13536,40,25759,24546,2144,26009,54684,159,1,1
2416,6662,5030,40,15339,14768,3006,15529,30277,70,1,1
2417,7113,5170,30,20960,20329,1713,21140,35186,77,1,1
2418,7765,7625,40,23735,22953,1022,23945,40417,99,1,1
2419,6552,3096,40,18575,18154,4338,18745,32761,47,1,1
2420,3477,2274,40,12905,12574,2134,13065,20990,36,1,1
2421,6592,5150,40,16191,15580,2154,16381,30317,74,1,1
2422,2655,1152,40,17944,17704,2395,18084,24336,21,1,1
2423,4469,2855,40,10490,10089,1203,10660,19237,45,1,1
2424,7073,5060,40,16441,15850,1482,16632,30297,72,1,1
2425,6252,5010,30,18214,17613,2375,18404,32071,73,1,1
2426,3737,741,40,12934,12744,1663,13084,19266,15,1,1
2427,11823,7323,40,30788,30027,7825,30998,58020,93,1,2
2428,5851,3817,40,29305,28774,6342,29486,45526,59,1,2
2429,2024,210,40,7755,7634,1834,7895,11993,5,1,1
2430,3587,671,40,7665,7485,1042,7815,13145,14,1,1
2431,2014,300,40,12244,12123,4699,12384,19447,7,1,1
2432,6031,3436,40,19828,19387,3156,20008,32682,51,1,1
2433,7173,6052,40,20890,20198,1533,21080,35888,85,1,1
2434,7143,5951,40,21090,20418,1793,21291,36228,84,1,1
2435,8947,3838,40,19316,18856,16832,19496,49163,55,1,1
2436,3267,2334,40,16522,16171,12954,16682,35287,37,1,1
2437,4078,2324,40,18475,18135,7805,18645,32902,38,1,1
2438,3877,1373,40,19397,19136,2114,19557,26961,26,1,1
2439,5210,2014,40,8707,8376,11231,8857,27372,34,1,1
2440,15830,22923,40,27171,25288,16091,27482,82376,253,1,1
2441,3006,420,40,17232,17092,1704,17372,22553,8,1,1
2442,5450,3186,40,15419,14979,1322,15599,25588,51,1,1
2443,5460,1413,40,13115,12854,1583,13275,21791,26,1,1
2444,6713,6302,40,14868,14297,3918,15058,32051,71,1,1
2445,3827,632,40,11351,11191,1693,11501,17693,13,1,1
2446,3015,121,40,6993,6903,7194,7133,17503,1,1,1
2447,16391,21440,40,27071,25278,14628,27392,79891,240,1,1
2448,2856,851,40,22784,22552,10530,22934,37221,17,1,2
2449,3316,672,40,7374,7184,972,7524,12534,15,1,1
2450,3677,401,40,6783,6643,1162,6933,12223,9,1,1
2451,3307,1422,40,19387,19096,2625,19547,26941,25,1,2
2452,7234,3997,40,19657,19166,10630,19838,41759,57,1,1
2453,2364,1453,30,15590,15329,2665,15740,22272,24,1,1
2454,6732,4839,40,20108,19557,4919,20299,36839,67,1,1
2455,6021,5020,40,20148,19537,1192,20328,32611,73,1,1
2456,6492,3006,40,29455,29034,3466,29626,42620,42,1,2
2457,7004,5199,40,18825,18214,3677,19015,34936,75,1,1
2458,6312,5971,40,14808,14167,1213,15008,28554,80,1,1
2459,6543,4759,40,33704,33093,5250,33894,50486,70,1,2
2460,2885,1673,40,12764,12473,1713,12925,19236,29,1,1
2461,4027,1012,40,11642,11431,1643,11803,18535,18,1,1
2462,13285,8266,40,32281,31459,17894,32491,71976,101,1,2
2463,2234,621,40,17463,17283,15069,17603,35577,13,1,1
2464,5991,6101,40,2474,1803,2635,2666,17453,84,1,1
2465,3116,340,41,7113,6973,972,7244,11722,8,1,1
2466,5049,2675,41,13174,12794,2154,13346,23274,42,1,1
2467,6833,4007,40,18685,18184,1864,18866,31630,60,1,1
2468,7915,4699,40,18716,18195,1923,18906,33493,64,1,1
2469,6442,5491,40,22011,21400,1162,22202,35347,76,1,1
2470,8185,5090,40,20509,19898,2896,20699,36900,73,1,1
2471,5200,3326,40,13305,12865,1082,13485,23133,51,1,1
2472,7063,4639,40,17163,16612,1803,17353,30908,67,1,1
2473,6903,4419,40,19457,18906,1242,19637,32241,66,1,1
2474,12834,8466,40,33022,32191,8386,33233,62979,102,1,2
2475,6903,4128,40,43222,42631,3747,43402,58220,61,1,3
2476,2385,310,40,7945,7814,1743,8086,12574,7,1,1
2477,12433,13085,41,18605,17413,2124,18846,46548,155,1,1
2478,7294,5751,40,21771,21110,1633,21971,36679,81,1,1
2479,7013,6122,40,16010,15329,2464,16211,31850,85,1,1
2480,6933,5601,40,21581,20940,2114,21781,36479,80,1,1
2481,13595,13817,40,21521,20258,1693,21781,50926,166,1,1
2482,6863,2104,40,32662,32322,11993,32822,53832,32,1,2
2483,7955,4729,40,19708,19167,5320,19898,37962,66,1,1
2484,6463,3476,40,18776,18345,6803,18956,35728,50,1,1
2485,6613,5089,40,15319,14728,1192,15510,28444,71,1,1
2486,7755,4278,40,13406,12905,1543,13596,27202,61,1,1
2487,7224,6352,40,17684,17002,1463,17884,32973,84,1,1
2488,3967,892,40,12494,12294,1653,12644,19196,17,1,1
2489,12173,9468,40,31670,30738,9758,31900,63339,115,1,2
2490,1873,772,40,9488,9307,5069,9628,17392,15,1,1
2491,7785,6102,40,21320,20629,2926,21520,38373,86,1,1
2492,3687,581,40,6953,6783,1072,7093,12473,12,1,1
2493,3497,290,40,7775,7655,1503,7915,13245,6,1,1
2494,3387,1633,40,13045,12764,3827,13205,22102,28,1,1
2495,6663,4418,40,20439,19908,4989,20619,36729,63,1,1
2496,7283,5932,40,24737,24065,1182,24927,39374,84,1,1
2497,7044,6883,40,21360,20629,1062,21571,36610,93,1,1
2498,6422,2915,40,28314,27913,7664,28484,45536,43,1,2
2499,6753,5420,41,16451,15820,2434,16642,31299,77,1,1
2500,5821,2986,30,18335,17924,3416,18505,30768,46,1,1
2501,3998,2314,40,13205,12865,1393,13365,21120,37,1,1
2502,4929,1473,40,12393,12143,1553,12573,20578,25,1,1
2503,6762,4709,40,14377,13806,1663,14588,27772,70,1,1
2504,3897,722,40,11692,11492,1753,11832,18254,16,1,1
2505,11823,6212,40,28213,27512,9107,28413,55605,82,1,2
2506,3236,731,40,22964,22752,5430,23114,32541,14,1,2
2507,4238,701,41,8065,7885,972,8216,14177,14,1,1
2508,3787,531,40,6873,6722,1182,7034,12574,12,1,1
2509,6142,3877,40,16031,15550,3236,16221,29526,58,1,1
2510,7164,5019,41,20358,19777,2495,20559,35287,72,1,1
2511,6753,5771,40,19006,18364,1744,19196,33504,79,1,1
2512,6733,5030,40,20178,19597,2224,20368,34395,70,1,1
2513,4689,3276,40,16281,15810,1292,16441,25748,53,1,1
2514,6502,4469,40,16511,15960,2725,16701,30427,65,1,1
2515,6001,3848,40,19587,19076,1954,19757,31600,59,1,1
2516,6011,1483,40,18034,17764,2685,18194,28433,28,1,1
2517,5711,4629,40,14498,13927,1162,14668,26220,68,1,1
2518,6423,5169,40,36338,35707,4027,36529,52199,72,1,2
2519,2886,1002,40,12323,12103,2004,12483,18405,20,1,1
2520,3927,401,40,11562,11412,1704,11702,17774,9,1,1
2521,2325,400,41,29195,29035,20368,29346,52469,8,1,2
2522,1152,180,40,17403,17293,14388,17543,33303,3,1,1
2523,15850,22142,41,6662,4859,14969,6973,59974,243,1,1
2524,4609,1553,40,10850,10580,13836,11010,31049,27,1,1
2525,10991,9488,40,24096,23164,8977,24326,53822,120,1,1
2526,5400,2895,40,17984,17593,1583,18155,28083,44,1,1
2527,5451,2745,40,17654,17273,6762,17824,32822,43,1,1
2528,7184,5340,40,21150,20558,3777,21351,37702,73,1,1
2529,3737,291,40,16361,16241,1743,16511,22312,6,1,1
2530,1813,131,40,8005,7905,561,8145,10700,2,1,1
2531,11822,10941,40,19768,18716,1322,20008,44143,138,1,1
2532,6512,4789,41,20639,20048,1553,20830,33714,71,1,1
2533,13025,9858,41,32160,31199,9118,32391,64422,119,1,2
2534,2816,330,40,7744,7604,2235,7875,13306,8,1,1
2535,5340,3867,41,29115,28603,3807,29296,42360,57,1,2
2536,3737,541,40,8236,8066,1463,8386,14167,12,1,1
2537,2013,401,40,12554,12424,4439,12704,19607,8,1,1
2538,6132,3827,40,20469,19978,1914,20649,32572,59,1,1
2539,7565,6161,40,23344,22673,1883,23545,39204,84,1,1
2540,6994,7173,40,19738,18975,1092,19948,35237,96,1,1
2541,6162,3056,40,37611,37161,11983,37781,59022,47,1,2
2542,5992,2935,40,16772,16370,1443,16942,27352,45,1,1
2543,6673,2665,40,18755,18365,6733,18915,35036,44,1,1
2544,6633,5981,40,15309,14637,1132,15510,29296,84,1,1
2545,6582,3006,30,12865,12444,1763,13035,24426,48,1,1
2546,6362,5570,40,16150,15519,1864,16331,30187,76,1,1
2547,3848,1172,40,11482,11241,1613,11622,18305,22,1,1
2548,13064,7685,40,30057,29256,9218,30267,60274,97,1,2
2549,2394,942,40,25388,25127,5901,25528,34815,18,1,2
2550,4168,1042,40,8325,8105,1082,8486,14818,20,1,1
2551,3537,992,40,5971,5751,972,6121,11682,19,1,1
2552,1744,431,40,6562,6422,1683,6702,10610,9,1,1
2553,4158,922,40,16701,16501,1633,16862,23615,18,1,1
2554,6652,5010,40,21150,20559,3086,21330,36128,71,1,1
2555,7134,6191,40,25217,24516,1293,25428,40086,88,1,1
2556,6221,5310,40,19777,19176,1183,19967,32722,74,1,1
2557,7243,3477,40,32682,32220,7454,32862,51076,51,1,2
2558,7133,6112,40,22543,21882,2805,22743,38853,83,1,1
2559,5951,3146,40,18535,18094,3546,18716,31399,50,1,1
2560,5059,3467,40,20308,19827,1293,20478,30347,55,1,1
2561,3987,972,40,11642,11422,1603,11802,18394,20,1,1
2562,6672,5250,40,14388,13786,1963,14578,28523,74,1,1
2563,3937,812,40,11662,11462,1664,11812,18275,17,1,1
2564,2625,110,40,6933,6843,7094,7073,16952,1,1,1
2565,16732,21901,40,26360,24586,18926,26670,84269,237,1,1
2566,6322,2424,40,19526,19156,12363,19688,40837,40,1,1
2567,2515,130,40,5130,5040,1262,5270,9237,2,1,1
2568,4629,2975,41,23704,23264,1483,23875,33002,47,1,2
2569,6652,2635,40,29876,29485,10680,30047,50054,39,1,2
2570,2936,1773,40,14718,14428,2475,14868,22092,29,1,1
2571,7324,5010,40,20829,20248,3357,21019,36750,71,1,1
2572,4298,2615,40,15048,14687,1383,15219,23565,41,1,1
2573,7043,4940,40,14738,14157,2515,14928,29466,71,1,1
2574,6252,4669,40,19046,18475,2154,19226,32351,68,1,1
2575,3316,261,40,17413,17283,2906,17553,24096,7,1,1
2576,3356,782,40,11632,11442,2265,11782,18235,16,1,1
2577,6692,5020,40,31810,31168,3878,32000,47650,74,1,2
2578,3537,802,40,9929,9728,1392,10089,15870,18,1,1
2579,2325,120,40,11151,11051,2094,11291,15870,1,1,1
2580,6523,3246,40,19897,19487,10229,20068,40106,47,1,1
2581,2846,1613,40,14307,14016,2956,14467,21922,29,1,1
2582,7044,6101,40,21751,21080,1753,21952,36900,84,1,1
2583,7595,7354,40,24647,23855,1052,24867,40908,101,1,1
2584,6863,4298,40,28834,28274,2945,29025,43171,63,1,2
2585,7053,5661,40,19798,19146,5099,19988,37851,80,1,1
2586,6903,3797,40,19136,18645,1483,19316,31549,58,1,1
2587,3597,1402,41,14206,13956,1593,14367,20989,25,1,1
2588,6984,3927,40,15299,14798,1974,15479,28414,59,1,1
2589,6752,5441,40,17333,16692,1803,17523,31559,78,1,1
2590,4017,281,40,10630,10520,1774,10780,16902,6,1,1
2591,11382,9788,41,33463,32491,11822,33694,66716,120,1,2
2592,7644,6292,40,29545,28835,1102,29747,44835,85,1,2
2593,2936,150,41,8095,7995,1823,8226,13185,3,1,1
2594,5891,4578,40,16581,16030,3647,16762,30938,67,1,1
2595,8366,7464,40,21711,20920,1543,21921,39324,99,1,1
2596,6773,5440,40,16772,16151,2906,16962,32121,77,1,1
2597,6953,5761,40,20840,20178,1913,21040,35697,81,1,1
2598,7734,7874,40,18615,17793,1122,18826,35597,103,1,1
2599,7124,4929,40,15269,14688,2415,15459,29977,70,1,1
2600,7013,4017,40,19306,18795,1363,19487,31920,60,1,1
2601,7133,6452,40,21400,20679,1393,21611,36629,91,1,1
2602,4278,972,40,17253,17043,1623,17413,24326,19,1,1
2603,7524,6713,40,14998,14277,1031,15208,30517,91,1,1
2604,6933,3176,40,13185,12754,1923,13356,25438,50,1,1
2605,7064,4679,40,20218,19657,1794,20408,33995,69,1,1
2606,8476,2515,40,18976,18625,13064,19146,43241,39,1,1
2607,4559,1152,40,15239,14998,2164,15389,23304,21,1,1
2608,6141,3477,40,26260,25799,11532,26440,47630,48,1,2
2609,4478,1733,40,8045,7754,1353,8216,15830,31,1,1
2610,3677,701,40,5451,5270,1002,5601,11021,15,1,1
2611,6722,6002,40,28614,27912,1212,28824,42800,83,1,2
2612,7103,4028,40,20128,19637,3617,20318,35106,59,1,1
2613,7284,5981,40,17303,16651,1814,17503,32622,81,1,1
2614,6953,5390,40,20599,19967,4379,20779,37551,76,1,1
2615,7324,6402,40,20158,19447,1102,20358,35226,89,1,1
2616,8005,3797,40,35838,35338,3086,36018,50946,55,1,2
2617,5510,2224,40,16831,16501,1492,17003,26279,37,1,1
2618,5080,1883,41,18064,17763,1753,18225,26981,32,1,1
2619,6362,5581,40,17062,16421,982,17252,30227,78,1,1
2620,4208,952,40,11832,11622,1493,11982,18685,19,1,1
2621,5891,4358,30,15159,14628,1943,15339,27572,63,1,1
2622,3898,371,30,11632,11492,1723,11772,17804,8,1,1
2623,3557,511,40,11883,11723,1853,12023,17994,11,1,1
2624,5340,2104,40,26069,25708,14868,26229,48582,33,1,2
2625,1673,721,40,18575,18385,13695,18726,34865,15,1,1
2626,2955,261,40,5360,5240,2254,5510,11020,7,1,1
2627,1663,661,40,12564,12384,3216,12704,18284,13,1,1
2628,6993,5110,40,23654,23063,1963,23845,37961,72,1,1
2629,7224,5520,40,23304,22653,1613,23495,37892,79,1,1
2630,6612,4609,40,18505,17944,1613,18685,31579,67,1,1
2631,5060,3056,40,14888,14467,1403,15068,24627,49,1,1
2632,6552,4559,40,16131,15570,1643,16321,29115,67,1,1
2633,6262,4088,40,18735,18234,1694,18915,30999,60,1,1
2634,7314,2064,40,18305,17984,1042,18465,28945,34,1,1
2635,8055,6162,40,14387,13696,1193,14597,30037,86,1,1
2636,6532,5160,40,34435,33814,2405,34615,48752,70,1,2
2637,4348,681,40,7835,7644,1453,7975,14497,15,1,1
2638,12774,13556,40,21130,19938,2245,21390,50005,158,1,1
2639,8296,6923,40,22563,21831,1553,22763,39575,92,1,1
2640,6783,5370,40,16491,15870,2094,16691,30978,77,1,1
2641,7484,6673,40,22914,22182,1723,23114,39034,91,1,1
2642,7695,7304,40,23655,22873,1102,23865,40016,99,1,1
2643,7103,4208,30,28634,28093,3396,28805,43562,59,1,2
2644,7113,5811,40,20759,20108,4929,20960,38873,81,1,1
2645,7214,4468,40,19537,18986,1613,19717,33062,66,1,1
2646,4709,3487,40,13876,13395,1293,14056,23575,55,1,1
2647,6943,2866,40,13726,13335,2334,13886,26079,44,1,1
2648,6622,5070,40,21110,20489,1833,21300,34865,75,1,1
2649,3106,661,40,11101,10911,1683,11251,16741,15,1,1
2650,2304,701,40,28433,28223,8366,28574,39995,14,1,2
2651,3096,1673,40,9738,9458,5941,9889,20659,29,1,1
2652,8626,7995,40,22253,21430,4358,22463,43492,103,1,1
2653,5020,280,41,7373,7253,1082,7525,13947,6,1,1
2654,3617,812,40,7865,7674,1042,8025,13526,17,1,1
2655,3717,180,40,7605,7495,1483,7735,13165,4,1,1
2656,851,171,40,11782,11692,611,11922,13595,3,1,1
2657,17213,18284,40,23965,22402,2996,24235,62779,208,1,1
2658,7504,6552,40,22272,21531,1122,22463,37701,92,1,1
2659,7004,4538,41,22472,21951,3827,22653,38072,62,1,1
2660,5490,4148,40,16572,16050,1403,16742,27843,60,1,1
2661,6432,4228,40,13025,12504,2064,13205,25979,63,1,1
2662,6812,4018,40,19136,18636,1372,19317,31569,60,1,1
2663,6492,4990,40,17724,17122,1202,17914,30638,73,1,1
2664,7223,4728,40,16661,16060,1453,16852,30287,73,1,1
2665,3446,582,40,17012,16862,1703,17162,22943,12,1,1
2666,3115,652,40,9157,8977,2405,9307,15509,13,1,1
2667,5751,3576,40,11030,10600,1402,11212,21981,50,1,1
2668,3486,1673,40,12473,12183,2665,12624,20488,29,1,1
2669,6572,5270,40,19267,18646,1593,19457,32932,75,1,1
2670,10961,6051,41,30026,29336,8617,30227,55916,81,1,2
2671,3096,1593,41,25498,25197,6422,25659,36820,27,1,2
2672,3717,842,40,7023,6823,1142,7184,12925,18,1,1
2673,2535,321,40,5250,5130,1352,5400,9658,7,1,1
2674,3447,2124,40,15219,14898,2635,15389,23635,34,1,1
2675,7585,5811,40,21010,20328,2414,21210,37080,84,1,1
2676,6793,5661,40,18815,18154,1603,19016,33113,81,1,1
2677,6672,5700,41,20528,19897,5661,20729,38803,78,1,1
2678,5691,4128,40,14407,13877,1222,14598,25679,64,1,1
2679,6663,4067,41,14457,13936,2555,14638,27973,61,1,1
2680,4068,972,40,17884,17654,1733,18034,24847,20,1,1
2681,5711,3697,40,18405,17914,1303,18595,29346,58,1,1
2682,4959,2365,40,18255,17914,1513,18425,27302,38,1,1
2683,6483,3817,40,13465,12965,1312,13646,25298,59,1,1
2684,5741,3196,40,11712,11272,1412,11893,22292,52,1,1
2685,6132,4288,40,13836,13275,1734,14006,26210,66,1,1
2686,2434,120,41,10960,10880,2144,11101,15839,1,1,1
2687,2755,862,40,29916,29676,18986,30066,52719,17,1,2
2688,1383,441,40,18264,18124,571,18415,20860,9,1,1
2689,17062,19547,40,5771,4187,15951,6071,58681,212,1,1
2690,2915,571,40,7444,7273,1142,7585,12263,12,1,1
2691,7454,7334,40,19918,19137,1052,20128,36008,99,1,1
2692,6532,1753,41,26730,26410,19347,26891,54563,29,1,2
2693,3376,2755,41,18635,18264,5490,18806,30457,42,1,1
2694,6693,4288,40,19747,19206,4107,19928,35076,64,1,1
2695,5781,3887,40,13515,13004,1022,13696,24436,60,1,1
2696,7014,5109,41,18484,17893,1583,18686,32442,73,1,1
2697,6653,5169,30,20278,19677,1533,20459,33864,72,1,1
2698,10099,5771,40,20780,20168,9337,20980,46217,75,1,1
2699,8195,6492,40,14547,13826,1283,14748,30768,89,1,1
2700,6152,4428,40,19748,19227,7644,19928,38192,62,1,1
2701,8396,6633,40,13986,13265,1392,14196,30658,91,1,1
2702,11642,11431,40,17633,16561,1974,17863,42971,139,1,1
2703,7324,4859,40,20629,20058,2254,20819,35306,70,1,1
2704,7384,6422,40,15800,15108,1944,16010,31810,87,1,1
2705,6452,4639,40,20579,20008,1944,20769,33854,69,1,1
2706,8056,7905,40,17303,16491,1132,17513,34656,104,1,1
2707,6603,4849,40,17012,16431,1963,17202,30648,70,1,1
2708,7625,5630,40,20609,19967,1523,20810,35648,80,1,1
2709,6773,5521,40,17663,17042,1323,17863,31530,78,1,1
2710,6893,5370,40,23495,22863,2154,23675,38142,77,1,1
2711,3847,2044,40,12834,12514,1502,12985,20428,34,1,1
2712,7074,4939,40,14378,13776,1823,14578,28454,72,1,1
2713,7424,5270,40,17924,17293,1864,18114,32722,77,1,1
2714,3947,1203,40,13175,12924,1713,13335,20238,23,1,1
2715,12333,7474,40,30799,30017,9137,30999,59993,95,1,2
2716,2495,1102,40,10089,9869,7875,10239,21761,19,1,1
2717,4248,2726,40,19276,18886,4789,19446,31249,43,1,1
2718,4368,641,40,15278,15078,1593,15420,22072,12,1,2
2719,15460,15539,40,26601,25257,1162,26871,59082,178,1,1
2720,7224,5600,41,25027,24376,1162,25218,39254,80,1,1
2721,6973,6132,40,20248,19547,1072,20448,34665,86,1,1
2722,6983,4298,40,32090,31540,7084,32281,50686,61,1,2
2723,7093,5651,40,14948,14297,2245,15148,30177,81,1,1
2724,5371,2725,40,18315,17914,4358,18485,30989,44,1,1
2725,5189,3938,40,20299,19778,1302,20469,30958,61,1,1
2726,4248,711,40,11853,11672,1673,12003,18685,15,1,1
2727,6311,4639,41,14687,14116,1874,14878,27742,70,1,1
2728,4088,491,40,11492,11352,1994,11642,18255,10,1,1
2729,2966,180,40,25308,25168,11522,25438,40156,3,1,2
2730,3978,300,40,5381,5249,1833,5521,11672,7,1,1
2731,4499,3617,40,21110,20649,7234,21290,36690,55,1,1
2732,4138,451,40,7514,7364,982,7664,13275,11,1,1
2733,3657,170,40,6683,6573,1032,6823,11712,3,1,1
2734,3276,411,40,5170,5030,1653,5320,10700,9,1,1
2735,4549,2785,40,22883,22483,2374,23054,32802,44,1,1
2736,8115,5020,40,21541,20960,2605,21731,37511,71,1,1
2737,8396,7645,40,21160,20348,1252,21380,38703,103,1,1
2738,7925,4940,40,21130,20549,3517,21320,37752,70,1,1
2739,6853,5160,40,20319,19698,1172,20519,33744,76,1,1
2740,6653,4418,40,34566,33994,3256,34736,49113,64,1,2
2741,8155,6974,40,13505,12904,2114,13695,30998,75,1,1
2742,7053,2745,40,30959,30518,1713,31129,42700,45,1,2
2743,5330,3226,41,12804,12373,1332,12985,22923,51,1,1
2744,4318,341,40,11442,11301,1683,11582,17964,8,1,1
2745,10671,5520,40,20178,19557,14287,20369,50907,75,1,1
2746,3286,1954,40,13966,13656,2574,14126,21991,32,1,1
2747,7755,4989,40,21741,21150,3707,21942,38423,73,1,1
2748,3236,140,40,6963,6873,1202,7104,11722,2,1,1
2749,7274,7133,40,19326,18555,1092,19527,35076,96,1,1
2750,6482,2705,40,18865,18485,19176,19035,47460,43,1,1
2751,10169,11302,40,21250,20148,1483,21490,44494,140,1,2
2752,5831,3006,40,18926,18515,13315,19096,41278,45,1,1
2753,6242,4619,40,17664,17093,1182,17844,29937,68,1,1
2754,6642,4980,40,18635,18064,1232,18815,31720,70,1,1
2755,5381,3576,40,19577,19106,1322,19758,30097,56,1,1
2756,11091,8015,40,32742,31910,11372,32962,63470,102,1,2
2757,2305,1312,40,9809,9569,2625,9969,16251,23,1,1
2758,8326,6853,40,29746,28974,1663,29946,46838,92,1,2
2759,11321,10951,40,19868,18836,2084,20098,44494,133,1,1
2760,7264,5490,40,22042,21411,1904,22232,36950,76,1,1
2761,7544,6151,40,16771,16070,1743,16973,32441,87,1,1
2762,6592,5460,40,21059,20428,4248,21250,37591,77,1,1
2763,7294,5841,40,23204,22533,1173,23404,37752,83,1,1
2764,6522,3727,40,19928,19447,4629,20108,35016,56,1,1
2765,6924,5530,40,21721,21080,1393,21911,35798,79,1,1
2766,7104,2705,40,19888,19527,2485,20068,32402,40,1,1
2767,4950,3596,40,16551,16080,1313,16732,26631,54,1,1
2768,6112,1292,40,13696,13445,1583,13856,22893,24,1,1
2769,5811,4208,41,19667,19136,1924,19858,31841,64,1,1
2770,10490,7034,40,29606,28844,11872,29806,59252,91,1,2
2771,2856,1132,40,9498,9268,3747,9648,17423,21,1,1
2772,8857,6833,40,21130,20399,1994,21340,39074,93,1,1
2773,3977,1233,40,7524,7264,1082,7674,14006,24,1,1
2774,3767,641,40,8125,7955,1433,8276,14157,14,1,1
2775,2374,541,40,12734,12574,3978,12884,19817,12,1,1
2776,6593,4538,40,20448,19897,4147,20639,35968,66,1,1
2777,6693,5300,40,24296,23685,1222,24486,37761,75,1,1
2778,6643,5560,40,17743,17102,1122,17944,31299,79,1,1
2779,6953,4839,40,16291,15719,2866,16481,31199,70,1,1
2780,6362,3677,40,18946,18475,1804,19126,31019,56,1,1
2781,6422,4829,40,22212,21631,1273,22402,34976,70,1,1
2782,5400,2445,40,18245,17874,3226,18405,29526,41,1,1
2783,12103,3707,40,15880,15429,15359,16060,47279,53,1,1
2784,6192,1713,40,11001,10700,11652,11171,30768,31,1,1
2785,3998,1543,40,12253,11973,3888,12413,21892,29,1,1
2786,5039,3337,40,30307,29856,6412,30467,45305,51,1,1
2787,3006,291,40,11351,11231,2365,11501,17193,7,1,1
2788,12544,6212,40,26811,26209,13956,27001,59753,67,1,2
2789,3757,561,41,5370,5199,1883,5511,11762,12,1,1
2790,4959,3507,40,21160,20689,9288,21340,39134,55,1,1
2791,3436,381,40,7534,7394,1202,7685,12754,9,1,1
2792,3727,311,40,6683,6563,1032,6833,11953,7,1,1
2793,4849,3036,40,15870,15449,3547,16050,27512,48,1,1
2794,6923,4799,41,20178,19617,1823,20369,33954,68,1,1
2795,6973,5610,40,20829,20198,1974,21030,35627,78,1,1
2796,6813,5010,40,20549,19958,1603,20749,34215,72,1,1
2797,4970,3296,40,15319,14899,1323,15489,25118,49,1,1
2798,6783,5280,30,15009,14398,1963,15199,29255,74,1,1
2799,7254,4909,40,20328,19727,2064,20519,34786,73,1,1
2800,6372,1723,40,18044,17743,1573,18215,27923,31,1,1
2801,5811,3677,40,14367,13897,1252,14548,25328,56,1,1
2802,6001,4348,30,39074,38513,2786,39254,52429,63,1,2
2803,3747,772,40,12303,12103,1423,12453,18435,16,1,1
2804,3997,351,40,11462,11332,1703,11612,17713,8,1,1
2805,1593,120,40,11212,11121,701,11352,13806,1,1,1
2806,17713,11192,40,21851,20869,35357,22081,86393,127,1,1
2807,2615,632,40,17663,17473,14468,17803,35558,14,1,1
2808,4319,2144,40,17834,17493,1493,18004,26000,36,1,1
2809,1743,441,40,25999,25809,18746,26139,47119,9,1,2
2810,2936,1964,40,17633,17323,601,17793,23324,32,1,1
2811,16972,19848,40,6082,4428,12424,6382,55676,221,1,1
2812,4558,3207,40,19296,18866,12133,19466,39414,48,1,1
2813,5891,4569,40,17834,17273,1302,18094,29896,67,1,1
2814,7364,4198,40,14557,14026,1754,14727,28093,62,1,1
2815,7454,3717,40,19347,18875,1773,19527,32511,55,1,1
2816,5500,1563,40,14898,14618,1572,15058,23754,29,1,1
2817,12062,9378,40,32582,31670,6042,32812,60344,114,1,2
2818,7013,3206,40,26810,26370,1614,26981,38854,46,1,2
2819,5631,2835,40,10490,10099,1153,10660,20329,44,1,1
2820,4228,641,40,8025,7855,1413,8175,14517,14,1,1
2821,2565,611,40,12734,12574,4469,12884,20579,12,1,1
2822,6181,3486,40,20028,19567,1814,20198,31740,54,1,1
2823,7715,6993,40,23445,22693,1813,23645,40216,95,1,1
2824,7534,7625,40,21911,21100,1062,22112,38383,103,1,1
2825,6623,3457,40,19316,18856,6272,19496,35888,54,1,1
2826,7153,6593,40,21200,20479,1242,21400,36428,89,1,1
2827,5801,2895,41,18474,18084,7444,18646,34826,44,1,1
2828,12754,13145,40,21220,20028,1613,21471,49023,156,1,1
2829,6613,5049,41,19046,18434,1833,19227,32782,73,1,1
2830,10379,5861,40,29716,29064,11291,29916,57488,77,1,2
2831,6582,3767,40,26881,26379,6552,27061,44003,53,1,2
2832,3046,852,40,8195,7995,1283,8355,13576,18,1,1
2833,2865,952,40,5751,5551,1193,5911,10951,18,1,1
2834,1933,411,40,6703,6563,1653,6853,10880,9,1,1
2835,3857,281,40,7855,7735,1513,7995,13706,6,1,1
2836,5981,4699,40,15099,14558,3617,15289,29636,66,1,1
2837,6302,4358,40,22282,21751,2144,22473,35317,64,1,1
2838,10721,10930,40,27361,26309,1002,27602,50315,138,1,1
2839,6081,4529,40,19066,18525,1273,19246,31169,64,1,1
2840,6392,2836,40,33022,32602,7014,33182,49474,42,1,2
2841,7755,6572,40,20569,19848,1764,20779,36900,90,1,1
2842,6062,2955,40,18595,18165,3797,18766,31620,47,1,1
2843,4849,2885,40,13385,12984,1353,13546,22673,44,1,1
2844,4298,1032,40,11972,11762,1613,12133,19116,20,1,1
2845,6532,5110,40,14477,13886,1362,14678,27732,72,1,1
2846,4008,601,40,11612,11432,1693,11752,18094,13,1,1
2847,13476,7434,40,29175,28383,10660,29375,60995,95,1,2
2848,2265,501,40,17353,17202,13906,17503,34235,11,1,1
2849,1884,120,40,5020,4930,1443,5160,8637,1,1,1
2850,2875,621,40,7223,7053,942,7374,11862,13,1,1
2851,6212,4549,40,18084,17543,2705,18264,31790,64,1,1
2852,7394,5100,40,20308,19737,7124,20498,40166,70,1,1
2853,6923,5120,40,18315,17703,1743,18515,32341,75,1,1
2854,7845,6132,40,20429,19758,5330,20629,39976,83,1,1
2855,5129,2986,30,16922,16511,1413,17092,26670,46,1,1
2856,6642,4168,40,15268,14748,1993,15450,28303,62,1,1
2857,5431,4178,40,16822,16291,2064,17002,28715,62,1,1
2858,6563,4719,40,15128,14557,1543,15318,28183,69,1,1
2859,2986,300,41,17382,17252,2545,17533,23394,7,1,1
2860,2395,531,40,9358,9208,2374,9508,14858,12,1,1
2861,6222,2916,40,9328,8917,1232,9488,19908,45,1,1
2862,6943,5551,40,33333,32682,4028,33533,50085,76,1,2
2863,3166,561,40,11672,11522,1694,11822,17293,12,1,1
2864,5510,2124,40,19517,19196,18515,19687,45876,35,1,1
2865,13245,16832,40,18515,17012,2715,18786,51628,195,1,2
2866,2916,1743,40,19798,19507,601,19958,25258,30,1,1
2867,17263,17032,40,5471,3978,6131,5751,46217,199,1,1
2868,4789,3877,40,15489,14998,1924,15670,26310,58,1,1
2869,6903,5390,40,21941,21310,1914,22131,36389,77,1,1
2870,6643,5460,41,15789,15158,1163,15990,29296,78,1,1
2871,4338,3366,40,22052,21611,2385,22232,32371,51,1,1
2872,9859,3356,40,9898,9498,16811,10079,40146,47,1,1
2873,12403,13295,41,20729,19516,13886,20990,60604,158,1,1
2874,16702,14908,40,19307,18054,12253,19567,63490,166,1,1
2875,3406,2195,40,18675,18345,6342,18845,30818,35,1,1
2876,12223,9848,40,33183,32201,10730,33424,66255,122,1,2
2877,2565,1012,40,10029,9819,7274,10189,21070,19,1,1
2878,4638,3337,40,19637,19216,5350,19817,33172,49,1,1
2879,4037,692,40,8065,7895,1443,8215,14427,14,1,1
2880,3517,280,41,7724,7604,1683,7865,13375,6,1,1
2881,6111,4048,40,14077,13586,4308,14247,28774,58,1,1
2882,3377,1743,40,18926,18616,3337,19086,27593,31,1,1
2883,6473,4458,40,14798,14287,5481,14978,31440,61,1,1
2884,3296,2004,40,18776,18454,3787,18936,28073,33,1,1
2885,7965,7044,40,19547,18795,1032,19747,35828,94,1,1
2886,11382,9898,40,24746,23785,1193,24977,47490,124,1,1
2887,6122,4579,40,19406,18845,1242,19587,31580,68,1,1
2888,5710,3076,30,18756,18325,5200,18926,32942,49,1,1
2889,6772,6082,40,22082,21391,1052,22272,36218,84,1,1
2890,6743,3226,40,13035,12604,1983,13195,25207,48,1,1
2891,6893,5160,40,16301,15699,1694,16491,30288,74,1,1
2892,3887,741,40,12964,12784,1663,13115,19456,16,1,1
2893,12774,8345,40,31509,30678,12724,31720,65614,102,1,2
2894,2856,1342,40,33343,33033,4167,33503,41929,24,1,3
2895,2325,481,40,5580,5420,1293,5720,9859,11,1,1
2896,5039,3677,40,22672,22172,1442,22854,33062,56,1,2
2897,5591,2955,40,27292,26861,20018,27472,56076,45,1,2
2898,2755,1553,40,13666,13386,2365,13816,20539,27,1,1
2899,4289,1993,41,19056,18745,15218,19227,40757,33,1,1
2900,7274,6662,40,21240,20518,1142,21441,36559,90,1,1
2901,6092,3146,40,32571,32141,3276,32752,45296,45,1,2
2902,7314,5270,40,13716,13124,2295,13906,28815,71,1,1
2903,4368,972,40,17884,17673,1883,18034,25307,19,1,1
2904,7233,5711,40,15099,14468,1102,15299,29385,78,1,1
2905,6081,4509,40,13525,12974,1743,13716,26099,67,1,1
2906,4439,1352,40,10741,10469,1052,10891,17784,27,1,1
2907,2976,381,40,11341,11201,1724,11481,16602,8,1,1
2908,3667,431,40,11402,11262,1913,11552,17593,9,1,1
2909,5521,1803,40,25388,25068,6793,25548,39715,29,1,2
2910,5170,2284,40,20619,20258,6913,20780,35187,38,1,1
2911,5921,331,40,5310,5170,1002,5440,12754,8,1,1
2912,1052,231,40,8957,8837,591,9087,11021,5,1,1
2913,14828,15159,40,25879,24566,2524,26149,58691,174,1,1
2914,6743,5440,40,20449,19808,1553,20649,34425,80,1,1
2915,7114,5340,40,20279,19658,2975,20469,35958,76,1,1
2916,9988,9358,40,21311,20368,1052,21541,41969,121,1,1
2917,6883,5230,40,19537,18926,2024,19727,33924,75,1,1
2918,9458,4018,40,19086,18605,1373,19266,34145,54,1,1
2919,5491,2935,40,11020,10620,1092,11192,20760,46,1,1
2920,5991,3186,40,9809,9357,1172,9979,20378,51,1,1
2921,7164,5450,40,14718,14086,4349,14918,31921,78,1,1
2922,8746,7545,40,22392,21581,2355,22602,41308,102,1,1
2923,10720,9618,40,16792,15870,2605,17022,40005,120,1,1
2924,8275,6032,40,21380,20699,1914,21580,37851,85,1,1
2925,8155,6853,40,19647,18886,2264,19858,37170,95,1,1
2926,6793,5540,40,22253,21590,1502,22443,36328,81,1,1
2927,7224,6983,40,18575,17824,1052,18785,34074,95,1,1
2928,6943,5039,40,21590,20979,1502,21782,35316,75,1,1
2929,6723,5570,40,17142,16501,1263,17333,30939,78,1,1
2930,6553,5140,40,23254,22643,1964,23454,37161,75,1,1
2931,4870,3316,40,15399,14948,1313,15579,25138,52,1,1
2932,6562,3687,41,13485,13024,6843,13666,30808,55,1,1
2933,5220,4117,40,19266,18755,2094,19457,30928,61,1,1
2934,10379,6402,41,32802,32071,10319,33003,60143,85,1,2
2935,2695,1122,30,8796,8556,4889,8947,17684,21,1,1
2936,8516,6723,40,20869,20158,2906,21069,39254,89,1,1
2937,4819,712,40,11071,10880,1443,11221,18225,15,1,1
2938,5160,1793,40,8526,8226,1032,8687,16712,30,1,1
2939,2054,290,40,11923,11793,651,12063,15108,6,1,1
2940,17473,16762,40,23284,21842,7795,23554,65634,191,1,1
2941,4488,2385,40,15539,15179,1493,15699,24115,39,1,1
2942,5050,2495,40,19637,19277,12434,19807,39846,41,1,1
2943,6372,5981,40,17503,16831,1082,17694,31169,82,1,1
2944,6512,4539,40,15469,14928,2385,15659,29145,67,1,1
2945,6542,4008,40,19577,19056,1313,19767,31660,62,1,1
2946,7374,5711,40,21701,21050,1353,21901,36379,81,1,1
2947,3768,420,41,16912,16761,1813,17063,23104,10,1,1
2948,2023,191,40,8656,8546,2605,8796,13645,4,1,1
2949,7023,5480,40,16892,16271,1412,17082,31048,76,1,1
2950,6523,5230,40,15329,14728,1994,15519,29306,74,1,1
2951,3838,901,40,11522,11321,1633,11682,18104,18,1,1
2952,10350,7734,40,31349,30517,13425,31560,63109,101,1,2
2953,2685,781,41,18084,17864,2775,18235,24526,15,1,2
2954,4268,2585,40,19337,18945,3106,19507,29506,44,1,1
2955,3977,842,40,5541,5350,1032,5691,11592,17,1,1
2956,9037,8646,40,26530,25648,1032,26751,45526,113,1,1
2957,6692,5300,41,18535,17903,1623,18726,32391,78,1,1
2958,7314,6623,40,21541,20810,5721,21741,41459,92,1,1
2959,9768,3968,40,18154,17693,17213,18334,49323,54,1,1
2960,3406,1032,40,15319,15108,13505,15479,33463,20,1,1
2961,4198,1833,40,12704,12413,6793,12865,25729,30,1,1
2962,3958,531,40,17693,17533,1694,17843,24086,13,1,1
2963,6373,3316,40,12113,11662,14848,12283,36870,51,1,1
2964,3356,1853,40,14608,14297,10810,14768,30848,32,1,1
2965,3707,2114,40,14297,13986,4819,14458,25158,33,1,1
2966,3477,1383,40,17924,17653,1593,18084,24577,26,1,1
2967,5150,2815,40,12734,12324,2033,12904,22953,47,1,1
2968,4118,1062,40,12113,11883,1633,12263,19116,21,1,1
2969,6923,5571,40,18816,18185,1342,19006,32892,77,1,1
2970,10369,3938,40,20068,19617,16892,20248,51497,54,1,1
2971,3106,1172,40,12674,12433,1903,12825,19046,22,1,1
2972,6502,3066,40,25658,25198,14938,25839,50375,48,1,2
2973,5440,3447,40,12694,12233,1483,12864,23294,54,1,1
2974,7293,4970,40,14858,14257,2084,15048,29435,73,1,1
2975,8426,5490,40,20438,19807,6282,20639,40887,78,1,1
2976,7604,6633,40,20799,20068,1092,20999,36368,91,1,1
2977,5871,2425,40,18385,18024,11562,18545,38463,39,1,1
2978,6382,4759,40,17263,16652,1152,17443,29786,73,1,1
2979,5851,3396,40,12474,12022,1423,12654,23374,53,1,1
2980,2725,1713,40,17563,17273,2525,17713,24716,28,1,1
2981,6913,3928,40,15469,14978,1012,15639,27552,59,1,1
2982,8837,6532,41,32230,31510,9037,32432,56868,84,1,2
2983,6061,3748,40,30047,29506,6763,30227,46839,59,1,2
2984,3877,301,40,7695,7585,1493,7845,13556,6,1,1
2985,14087,13736,40,19397,18184,1603,19647,49123,159,1,1
2986,7344,5580,41,20478,19857,2094,20679,35737,76,1,1
2987,7023,5851,40,15108,14447,1914,15289,30137,81,1,1
2988,6131,3116,40,20249,19808,1432,20419,31158,50,1,1
2989,6783,6633,40,18074,17393,1173,18274,32923,86,1,1
2990,6282,4358,40,16441,15900,2515,16621,29826,65,1,1
2991,6482,4098,40,20208,19688,1723,20389,32752,61,1,1
2992,6792,5942,40,20208,19547,1353,20408,34535,81,1,1
2993,6532,2675,40,18566,18184,7163,18736,35136,42,1,1
2994,3997,1984,40,14668,14338,1433,14818,22292,34,1,1
2995,7535,3837,40,14307,13836,1343,14487,27252,56,1,1
2996,7043,4889,40,19206,18615,1813,19397,33172,71,1,1
2997,9208,6582,40,30548,29807,8005,30758,54593,88,1,2
2998,2264,671,41,11010,10830,7935,11161,22061,13,1,1
2999,8877,7604,40,21380,20609,5861,21591,43973,98,1,1
3000,3997,602,40,15419,15218,1473,15569,21701,12,1,2
3001,10099,9368,40,16602,15670,2244,16822,38593,120,1,1
3002,7354,5691,40,21310,20659,6893,21510,41489,80,1,1
3003,6732,5581,40,17704,17042,1723,17884,31970,80,1,1
3004,6973,5160,41,20759,20138,6051,20960,39174,76,1,1
3005,10580,10870,41,21260,20238,2014,21501,45005,133,1,1
3006,7434,4298,40,19247,18726,3897,19427,35096,61,1,1
3007,6933,6432,40,19507,18816,2194,19707,35306,86,1,1
3008,7294,3517,40,18655,18214,1754,18835,31450,52,1,1
3009,5600,3247,40,15068,14628,1413,15238,25548,51,1,1
3010,4208,1552,40,23795,23484,1583,23935,31329,26,1,2
3011,3326,120,40,10870,10780,2074,11011,16571,1,1,1
3012,3997,431,40,25308,25137,11071,25458,40997,9,1,2
3013,4097,411,40,5471,5330,1142,5611,11311,9,1,1
3014,2404,802,40,25378,25138,13285,25528,42049,16,1,2
3015,3537,201,40,6632,6522,1183,6772,11733,4,1,1
3016,1773,110,40,4909,4829,1844,5050,8837,1,1,1
3017,5009,4098,40,16331,15830,1884,16521,27552,60,1,1
3018,6422,2054,40,18465,18185,18525,18625,45686,30,1,1
3019,3666,2965,40,16251,15820,2024,16421,25137,45,1,2
3020,5811,3707,40,19016,18535,16000,19196,44744,55,1,1
3021,6523,5360,40,20168,19517,1173,20358,33464,79,1,1
3022,6121,2735,40,32882,32461,3136,33052,45095,42,1,2
3023,7234,5380,40,20259,19627,2324,20449,35427,76,1,1
3024,9138,7434,40,33343,32502,1202,33553,51357,101,1,2
3025,7253,6453,40,14447,13766,1483,14647,29896,86,1,1
3026,4308,1002,40,11882,11662,1593,12033,18986,20,1,1
3027,13596,7795,40,21581,20789,14988,21781,58200,99,1,1
3028,3617,2715,40,13886,13526,2093,14056,22522,41,1,1
3029,6933,5671,30,21671,21030,8997,21861,43522,79,1,1
3030,3426,281,40,7424,7314,1152,7574,12473,6,1,1
3031,3838,1773,40,14137,13857,2745,14287,22703,29,1,1
3032,7134,3807,40,18866,18395,2244,19046,32271,56,1,1
3033,7253,4449,40,21010,20469,1943,21200,34885,66,1,1
3034,7985,5771,40,19827,19166,1323,20027,35136,81,1,1
3035,9438,3897,40,19066,18575,2746,19256,35377,59,1,1
3036,5009,3176,40,15940,15489,1302,16110,25638,51,1,1
3037,6812,3467,40,12444,12003,1483,12624,24446,52,1,1
3038,2414,1313,40,13906,13656,2625,14066,20458,23,1,1
3039,6903,4399,40,13165,12614,1292,13345,25989,66,1,1
3040,9819,8817,40,33964,33072,10350,34174,63200,110,1,2
3041,3296,1443,40,22773,22482,3988,22933,31700,26,1,2
3042,4369,3136,40,20018,19587,3527,20188,31270,48,1,1
3043,3887,1082,41,11451,11241,1433,11612,18054,19,1,1
3044,13395,14398,40,26119,24857,1623,26380,55836,167,1,1
3045,6863,5861,40,16050,15389,2244,16251,31259,82,1,1
3046,7474,5991,40,21180,20508,1813,21381,36689,83,1,1
3047,8626,3527,40,15369,14918,11402,15549,39164,53,1,1
3048,2826,2003,40,18384,18104,6783,18555,30207,30,1,1
3049,6071,2876,40,19036,18645,2224,19206,30427,44,1,1
3050,5100,1793,40,12224,11912,13225,12374,32542,32,1,1
3051,6943,5220,41,21360,20739,8947,21551,42701,75,1,1
3052,6112,2635,40,17924,17553,1493,18094,28384,42,1,1
3053,3918,2474,40,19577,19206,1372,19738,27562,41,1,1
3054,7123,3948,40,13385,12874,1483,13555,26159,60,1,1
3055,6512,5641,40,21120,20509,1714,21310,35217,74,1,1
3056,11602,8887,40,32301,31409,10460,32521,63510,109,1,2
3057,5230,3597,40,27672,27172,7083,27853,43813,54,1,2
3058,3216,391,40,6773,6632,1222,6913,11802,9,1,1
3059,3757,281,40,7885,7775,1613,8035,13726,6,1,1
3060,1993,371,30,12143,12003,4168,12273,18865,8,1,1
3061,5911,4118,40,20098,19587,2816,20288,33173,62,1,1
3062,6873,5300,41,18795,18184,1443,18996,32652,76,1,1
3063,7644,6563,40,20649,19888,2775,20849,37871,93,1,1
3064,6903,6552,40,23184,22462,1062,23375,37952,90,1,1
3065,6703,2234,40,19718,19377,2815,19878,31670,36,1,1
3066,7194,6412,40,19517,18816,1403,19717,34766,87,1,1
3067,7074,3657,40,18565,18104,1653,18745,31169,54,1,1
3068,6322,4960,40,14548,13957,1142,14738,27202,72,1,1
3069,4318,491,30,11572,11411,1663,11712,18244,11,1,1
3070,6392,4688,40,14828,14257,1613,15019,27763,69,1,1
3071,3005,471,40,11442,11311,1693,11592,16811,9,1,1
3072,6171,2896,40,27432,27012,9127,27592,45836,43,1,2
3073,2244,942,40,17934,17713,11462,18084,32792,20,1,1
3074,1372,211,40,7484,7374,1553,7624,10810,5,1,1
3075,3867,411,40,6843,6703,1032,6993,12343,10,1,1
3076,4609,3096,40,15599,15179,3447,15769,26961,48,1,1
3077,7614,4629,40,20158,19597,3236,20348,35867,67,1,1
3078,7154,5781,40,21861,21200,1192,22052,36219,81,1,1
3079,6562,4178,40,18565,18044,2454,18745,31980,61,1,1
3080,4058,2164,40,13085,12734,1493,13245,21010,37,1,1
3081,7344,4098,40,15930,15449,2906,16120,30518,58,1,1
3082,7173,4679,40,34395,33814,2284,34585,48772,66,1,2
3083,6953,5300,40,15159,14548,1653,15359,29295,76,1,1
3084,6142,5360,40,12404,11792,962,12594,25108,74,1,1
3085,5851,3367,40,9508,9067,1122,9688,20068,52,1,1
3086,6442,4739,41,31489,30898,5100,31670,48001,68,1,2
3087,4288,361,40,11532,11392,1843,11682,18214,9,1,1
3088,2044,200,40,17113,17002,14207,17253,33744,5,1,1
3089,16561,22603,40,6542,4749,4970,6853,51047,241,1,1
3090,4428,2926,40,15309,14908,1633,15479,24506,46,1,1
3091,6673,4749,40,21641,21070,4348,21831,37641,68,1,1
3092,3517,461,40,7253,7103,991,7404,12413,11,1,1
3093,6883,5300,40,18475,17864,1823,18675,32731,76,1,1
3094,7043,4098,40,19768,19257,5971,19948,37100,59,1,1
3095,7014,6101,40,20047,19366,1773,20249,35177,85,1,1
3096,7274,5210,40,20098,19497,3717,20288,36529,73,1,1
3097,5340,2845,40,10399,9999,1223,10570,20028,45,1,1
3098,6071,3908,40,15669,15179,1322,15850,27211,60,1,1
3099,6873,5320,40,19918,19276,1593,20108,33944,78,1,1
3100,9207,6513,40,33734,33013,11952,33934,61646,86,1,2
3101,2755,1613,40,10069,9799,4379,10229,19026,28,1,1
3102,8476,7033,40,20879,20118,2605,21079,39254,96,1,1
3103,3887,572,40,9898,9728,1452,10039,16000,12,1,1
3104,3636,592,40,8065,7895,1473,8215,13956,13,1,1
3105,1974,371,40,12333,12203,4789,12484,19668,8,1,1
3106,6022,3847,40,20278,19808,1382,20459,31760,56,1,1
3107,8246,7995,40,23184,22453,1824,23374,41499,91,1,1
3108,7153,6262,41,18865,18144,1082,19056,33613,89,1,1
3109,6452,5460,40,21090,20478,1684,21290,34926,75,1,1
3110,6001,4308,40,19126,18585,1232,19317,30908,66,1,1
3111,6131,2986,40,18655,18265,5109,18826,33102,44,1,1
3112,7163,6573,40,16000,15289,1032,16210,31008,90,1,1
3113,6683,3837,40,13155,12653,1884,13335,25779,58,1,1
3114,6332,4739,40,19807,19236,1684,19997,32792,68,1,1
3115,10240,6572,41,29014,28304,12234,29215,58311,83,1,2
3116,2876,962,40,32361,32091,2465,32511,38854,17,1,3
3117,3837,1122,40,6372,6141,1052,6533,12584,22,1,1
3118,3125,1103,40,14758,14498,1513,14918,20689,21,1,2
3119,3787,1292,40,13155,12934,3366,13316,21801,22,1,1
3120,6422,4439,40,20339,19798,2945,20529,34385,64,1,1
3121,6853,5881,40,17413,16752,1773,17603,32160,81,1,1
3122,7084,5370,40,20589,19958,4308,20779,37591,76,1,1
3123,6523,5801,40,14567,13916,1092,14768,28224,81,1,1
3124,6773,4518,40,14888,14347,2425,15079,28845,66,1,1
3125,7294,3547,40,18816,18365,2494,18996,32371,52,1,1
3126,6372,4528,40,19216,18675,1252,19397,31609,65,1,1
3127,2434,171,40,17012,16912,2144,17152,21941,3,1,1
3128,5370,2925,40,12513,12113,1604,12673,22633,45,1,1
3129,4268,1032,40,11903,11682,1733,12063,19146,21,1,1
3130,6242,5140,40,21330,20709,1894,21510,34846,75,1,1
3131,3787,501,40,11963,11812,2484,12103,18915,10,1,1
3132,14297,7824,40,21560,20769,15298,21762,59241,99,1,1
3133,4569,892,40,12584,12373,972,12744,19217,18,1,1
3134,5931,3116,41,19096,18675,12353,19277,40717,49,1,1
3135,2464,180,40,5270,5150,1232,5410,9327,4,1,1
3136,5390,1613,40,7845,7575,1012,8005,16070,28,1,1
3137,5340,3857,40,17032,16541,2575,17213,29025,57,1,1
3138,7494,4879,40,20348,19777,5300,20538,38262,71,1,1
3139,7013,5871,40,25869,25188,1764,26069,40767,84,1,1
3140,5610,3607,40,19287,18826,1322,19467,30056,55,1,1
3141,6221,5150,40,19808,19217,2434,19998,33843,72,1,1
3142,5189,301,40,17283,17153,1753,17423,24726,7,1,1
3143,3407,1052,40,11321,11091,2094,11471,18064,20,1,1
3144,3848,370,41,9638,9488,1493,9779,15540,9,1,1
3145,6723,5760,40,31810,31149,5230,32011,49774,78,1,2
3146,4208,691,40,11902,11722,1673,12053,18655,14,1,1
3147,7324,2094,40,18685,18355,19637,18855,47950,36,1,1
3148,7514,8647,40,16100,15208,1944,16320,34465,110,1,2
3149,5701,1462,40,17853,17593,14697,18015,39935,27,1,1
3150,7063,7294,40,23845,23074,1062,24055,39524,97,1,1
3151,6342,3407,40,19697,19267,3848,19877,33514,50,1,1
3152,6492,5370,40,19997,19376,1172,20198,33273,77,1,1
3153,6452,3246,40,18595,18175,5300,18775,33803,49,1,1
3154,4078,2184,40,11141,10811,1293,11301,18916,36,1,1
3155,6813,5220,40,15339,14738,1753,15539,29365,75,1,1
3156,8005,5350,40,19126,18505,1743,19326,34475,77,1,1
3157,10299,8877,40,32161,31280,9989,32381,61586,108,1,2
3158,2665,1613,40,9979,9709,5441,10139,19918,28,1,1
3159,8155,7394,41,21871,21099,3717,22082,41398,98,1,1
3160,3978,601,40,7875,7695,1453,8025,14087,12,1,1
3161,2925,541,40,8256,8096,1463,8406,13375,12,1,1
3162,7003,4729,40,14458,13887,4268,14648,30698,69,1,1
3163,3878,1813,40,18856,18545,3136,19026,27903,33,1,1
3164,6823,5641,40,22543,21912,3536,22743,38783,78,1,1
3165,6482,5801,40,20358,19687,1203,20559,34075,82,1,1
3166,6452,1784,40,27662,27352,12484,27822,48592,28,1,2
3167,6783,5991,40,21100,20439,4268,21300,38382,81,1,1
3168,6302,3176,40,18796,18365,6662,18966,35166,49,1,1
3169,5951,4228,41,13615,13114,1253,13806,25278,60,1,1
3170,7264,3366,40,13526,13095,2104,13706,26470,50,1,1
3171,7605,5801,40,16742,16080,1893,16942,32271,81,1,1
3172,3567,741,41,11421,11231,1834,11582,17764,17,1,1
3173,2635,370,40,9658,9518,10911,9799,23755,8,1,1
3174,15890,21671,40,26170,24367,16040,26470,80121,238,1,2
3175,3296,481,40,24997,24807,1964,25137,30918,10,1,2
3176,5240,1403,40,7815,7555,972,7975,15630,25,1,1
3177,4178,942,40,5670,5450,1122,5821,12093,19,1,1
3178,2986,771,40,7234,7034,1042,7384,12233,17,1,1
3179,6563,5119,40,17032,16441,2254,17223,31199,72,1,1
3180,7153,5811,40,21200,20539,1723,21401,36138,83,1,1
3181,7694,7084,40,25087,24346,1442,25288,41568,92,1,1
3182,7454,5530,40,20118,19517,1983,20319,35326,75,1,1
3183,6302,4509,40,15730,15189,1192,15920,27963,66,1,1
3184,7595,6181,41,15639,14968,2655,15840,32311,84,1,1
3185,3947,1243,40,17844,17583,1703,18004,24937,25,1,1
3186,6032,4488,41,15318,14768,1232,15510,27302,66,1,1
3187,6883,5030,40,14788,14197,1653,14988,28594,73,1,1
3188,4488,1473,30,17934,17653,1583,18094,25678,28,1,1
3189,7043,5611,40,14718,14097,1112,14908,28724,77,1,1
3190,5931,4018,40,13696,13185,2235,13866,26100,61,1,1
3191,4338,281,40,11221,11091,1724,11361,17754,7,1,1
3192,3928,671,40,11592,11412,1653,11742,18034,15,1,1
3193,4278,1113,40,25879,25628,10480,26029,41960,20,1,2
3194,2294,421,40,17433,17283,14998,17573,35346,11,1,1
3195,2806,2374,41,1222,881,541,1393,7154,37,1,1
3196,6262,1012,40,5621,5400,1002,5771,14097,20,1,1
3197,4409,2795,40,16231,15830,2375,16391,26020,44,1,1
3198,6583,2184,40,25348,24998,18084,25508,52419,32,1,2
3199,7324,6462,40,18525,17823,2715,18736,35277,88,1,1
3200,6332,3376,40,18996,18555,12353,19156,41278,50,1,1
3201,4208,2675,41,15218,14818,1373,15459,23745,44,1,1
3202,6803,4248,40,15329,14818,2174,15509,28794,62,1,1
3203,6291,4539,40,22062,21511,2204,22242,35326,67,1,1
3204,1793,110,40,17103,17012,2655,17233,21851,1,1,1
3205,5661,2956,40,10670,10249,1112,10850,20609,48,1,1
3206,5611,2555,40,9368,8987,1252,9538,19006,43,1,1
3207,5651,3647,40,13115,12624,3146,13295,25789,56,1,1
3208,8286,6823,40,23845,23094,1803,24045,40998,93,1,1
3209,21541,18926,40,27532,25979,1643,27822,69982,208,1,1
3210,6783,5560,40,15359,14727,2474,15540,30407,76,1,1
3211,7153,5060,40,21100,20479,1623,21290,35176,75,1,1
3212,8075,7925,40,16751,15920,972,16972,33984,107,1,1
3213,6883,4438,40,14938,14377,2204,15129,28704,69,1,1
3214,7093,4628,41,20057,19486,2244,20239,34245,68,1,1
3215,6562,5431,40,23454,22813,1203,23644,36890,79,1,1
3216,6753,3827,40,19597,19137,1473,19777,31880,54,1,1
3217,3837,2255,40,19948,19607,1402,20118,27652,38,1,1
3218,6733,3436,40,12664,12223,1593,12845,24647,52,1,1
3219,2855,1724,40,13555,13265,2464,13716,20799,29,1,1
3220,6392,4288,40,13134,12624,1332,13326,25388,62,1,1
3221,10430,6312,40,21601,20910,9578,21791,48161,85,1,1
3222,8316,5360,40,13144,12523,1102,13346,28164,78,1,1
3223,5861,3347,40,26129,25668,9007,26299,44564,48,1,2
3224,3447,1583,40,9297,9007,2414,9447,16932,29,1,1
3225,3767,942,40,7935,7715,1032,8085,13876,19,1,1
3226,3596,341,40,7645,7504,1493,7785,13275,8,1,1
3227,3938,1543,40,13486,13205,3657,13646,22834,28,1,1
3228,6513,4578,40,28093,27502,3967,28284,43392,65,1,2
3229,7003,5811,40,15750,15109,1944,15950,30758,81,1,1
3230,7123,6944,40,30508,29736,2154,30768,47029,87,1,1
3231,7525,6953,40,29125,28424,1463,29395,45386,83,1,1
3232,7303,3457,40,39375,38824,13034,39585,63429,46,1,2
3233,3267,1693,40,12794,12484,2726,12964,20690,29,1,1
3234,5560,3286,40,29115,28694,6703,29326,44945,45,1,1
3235,7965,7785,50,22703,21781,1112,22993,39915,90,1,1
3236,6772,1694,40,16291,15990,1432,16461,26409,31,1,1
3237,6672,5320,30,20469,19857,1814,20659,34515,74,1,1
3238,3256,341,40,17143,16973,1623,17303,22573,7,1,1
3239,2996,1613,40,39965,39595,7584,40146,52399,23,1,2
3240,6832,3086,41,36168,35716,1453,36329,47750,41,1,3
3241,3627,421,40,5410,5270,1182,5560,10830,10,1,1
3242,9137,9418,40,25468,24527,1082,25688,45385,120,1,1
3243,10820,6533,40,22182,21491,3216,22382,43011,88,1,1
3244,7043,5911,40,22303,21620,1382,22503,36899,84,1,1
3245,8666,5811,40,21070,20419,5982,21260,41759,80,1,1
3246,6642,5801,41,20258,19597,1132,20459,34094,83,1,1
3247,6622,3477,40,36138,35647,3627,36318,50074,52,1,2
3248,3366,762,40,17503,17303,2755,17663,24586,17,1,1
3249,4118,2254,41,14036,13716,2425,14207,23044,36,1,1
3250,4098,1503,40,10700,10430,1312,10861,17824,28,1,1
3251,6553,4969,40,15009,14407,1613,15199,28364,72,1,1
3252,3977,351,40,11542,11402,1703,11692,17763,8,1,1
3253,3517,280,41,29395,29225,12113,29526,45496,6,1,2
3254,1994,781,40,18125,17924,13345,18275,34425,16,1,1
3255,2976,581,40,7685,7514,1102,7835,12554,13,1,1
3256,5029,1894,40,18655,18335,1463,18815,27261,33,1,1
3257,6392,3897,40,37662,37130,18084,37842,66255,59,1,2
3258,1824,621,40,17574,17393,10650,17724,30869,13,1,1
3259,5550,4849,40,20478,19897,1243,20659,32351,69,1,1
3260,6242,4989,30,28083,27492,1974,28273,41518,71,1,1
3261,10119,9689,40,35617,34646,12514,35837,68209,119,1,2
3262,3116,1673,40,10891,10610,2384,11051,18264,28,1,1
3263,8547,7684,40,22643,21852,2154,22863,41288,101,1,1
3264,3927,351,40,7585,7444,1492,7725,13555,8,1,1
3265,3947,1403,40,13275,13025,4298,13425,23133,25,1,1
3266,6332,4609,40,20889,20308,2455,21079,34505,69,1,1
3267,6723,5129,40,14998,14387,3116,15189,30197,73,1,1
3268,6131,4559,40,20940,20379,2835,21130,34705,68,1,1
3269,7323,7444,40,19958,19186,1102,20168,36088,98,1,1
3270,7154,4538,40,18696,18145,1713,18876,32331,66,1,1
3271,3096,1573,40,17864,17614,1754,18024,24497,26,1,1
3272,3686,2184,40,15269,14938,1553,15419,22893,34,1,1
3273,2355,1302,40,18726,18475,2765,18876,25348,23,1,1
3274,3116,1513,40,20188,19918,1212,20349,26230,26,1,1
3275,3987,2715,40,15590,15208,1503,15760,24015,43,1,1
3276,2595,832,40,13165,12975,1924,13315,18726,17,1,1
3277,2946,1943,40,18876,18575,591,19046,24566,32,1,1
3278,4699,3987,41,1763,1272,8095,1954,18775,59,1,1
3279,16682,21090,40,26080,24386,16501,26380,80703,227,1,1
3280,11912,1834,40,10480,10179,1232,10650,25658,31,1,1
3281,6312,4028,40,28534,28013,3868,28714,42972,57,1,2
3282,3086,791,40,8205,8015,1333,8356,13606,16,1,1
3283,3346,772,40,7714,7524,1472,7864,13505,17,1,1
3284,11241,11071,40,17363,16321,2555,17603,42520,137,1,1
3285,5821,4479,40,20389,19858,5570,20569,36469,63,1,1
3286,2846,1502,40,15940,15669,1944,16101,22443,27,1,1
3287,2846,1953,40,19647,19336,7935,19808,32592,31,1,1
3288,6823,6342,40,19427,18745,1092,19637,33944,86,1,1
3289,6231,3417,40,36389,35907,7304,36559,53551,51,1,2
3290,6252,3336,40,18986,18545,3346,19156,32140,50,1,1
3291,5290,3847,41,16741,16250,1283,16922,27382,58,1,1
3292,6102,4228,40,18806,18265,2174,18976,31530,63,1,1
3293,3977,291,40,12223,12103,1703,12373,18384,6,1,1
3294,3567,691,40,11231,11061,1683,11382,17363,14,1,1
3295,2064,110,40,6913,6833,7214,7053,16501,1,1,1
3296,15910,20429,40,25649,23965,9808,25949,72146,226,1,1
3297,3467,401,30,5570,5420,1323,5720,10951,9,1,1
3298,2474,632,30,24436,24226,9458,24586,37190,13,1,2
3299,2014,120,40,6432,6332,1433,6572,10169,1,1,1
3300,2635,301,40,5240,5100,1513,5390,9879,9,1,1
3301,3196,2094,40,15559,15229,3206,15729,24265,35,1,1
3302,7674,5481,40,20970,20349,5029,21160,39394,76,1,1
3303,6903,5921,40,20498,19847,1192,20700,34766,82,1,1
3304,7063,5330,40,21531,20910,4509,21721,38663,76,1,1
3305,6251,4830,40,14297,13716,982,14477,26590,70,1,1
3306,6763,4529,40,16130,15600,1653,16321,29306,65,1,1
3307,8256,4278,30,39315,38764,2975,39485,55044,61,1,2
3308,11482,3035,40,34936,34505,4448,35117,54132,46,1,2
3309,6502,3236,40,9428,8987,4950,9608,24326,50,1,1
3310,4007,1062,41,19296,19046,3597,19447,28173,19,1,2
3311,7134,4498,40,11431,10910,2946,11622,26230,63,1,1
3312,12924,6683,40,32081,31370,14257,32281,66175,82,1,2
3313,2515,901,40,18275,18084,15800,18425,37691,17,1,1
3314,3086,591,40,7244,7074,1012,7394,12113,12,1,1
3315,3867,1713,40,12564,12274,3286,12714,21620,29,1,1
3316,7724,4708,40,22953,22402,1964,23144,37601,67,1,1
3317,6583,5921,40,24787,24116,1162,24987,38693,83,1,1
3318,3667,441,40,17904,17744,1723,18044,23915,10,1,1
3319,5761,4288,40,19707,19166,1263,19897,31249,65,1,1
3320,6653,3827,40,17132,16652,1312,17303,29145,56,1,1
3321,2605,1433,40,14367,14107,2154,14527,20779,26,1,1
3322,6793,4599,40,14958,14397,1614,15148,28204,68,1,1
3323,8536,6542,40,33604,32863,11111,33814,60043,88,1,2
3324,2735,1724,40,11461,11171,4568,11621,20699,29,1,1
3325,8186,5861,40,20850,20208,3156,21050,38303,80,1,1
3326,4448,431,40,11242,11101,1483,11392,17794,10,1,1
3327,4018,741,40,11061,10861,1433,11211,17433,16,1,1
3328,1864,160,40,11783,11682,601,11923,14588,3,1,1
3329,17413,18555,40,23575,22022,2885,23855,62768,207,1,1
3330,6903,5230,40,15209,14608,2274,15399,29856,75,1,1
3331,7323,5862,40,24165,23494,7293,24366,44884,83,1,1
3332,7154,7273,40,19306,18515,982,19517,34966,99,1,1
3333,5410,2695,40,20629,20238,1533,20799,30478,44,1,1
3334,7023,3146,40,19898,19487,5069,20078,35366,48,1,1
3335,6833,5180,40,19386,18785,1162,19577,32812,74,1,1
3336,6392,3818,40,19146,18675,7404,19326,36990,56,1,1
3337,4178,2445,40,15329,14978,1393,15499,23575,39,1,1
3338,6733,3537,40,13005,12564,1873,13185,25358,52,1,1
3339,5811,3928,40,19918,19417,1923,20108,31810,60,1,1
3340,10771,7894,40,32451,31639,10350,32672,61727,100,1,2
3341,3446,1784,40,9708,9398,7424,9858,22572,31,1,1
3342,8867,7454,40,22343,21561,5520,22553,44444,100,1,1
3343,3938,551,40,7093,6923,1183,7233,12955,12,1,1
3344,3457,361,40,7845,7714,1493,7995,13356,8,1,1
3345,2394,361,40,12003,11862,4338,12143,19266,8,1,1
3346,6011,4108,40,20258,19757,4178,20438,34785,59,1,1
3347,7705,5640,40,22853,22192,1362,23054,37811,81,1,1
3348,6963,4699,40,20519,19958,2335,20709,34746,68,1,1
3349,6693,6302,40,19627,18946,1112,19827,33994,85,1,1
3350,6132,3306,40,35858,35397,7424,36038,52940,50,1,2
3351,5861,2725,40,18736,18345,3396,18906,30938,44,1,1
3352,11722,11883,40,18084,16942,1001,18334,42991,149,1,1
3353,6662,5451,40,15199,14578,2184,15389,29726,76,1,1
3354,4098,581,40,11161,10981,1684,11311,17704,13,1,1
3355,3266,561,40,12794,11512,1293,12944,18104,12,1,1
3356,20899,16371,40,32321,30858,1513,32592,71425,188,1,2
3357,5380,3487,40,20018,19567,16972,20198,46097,54,1,1
3358,3427,701,40,5701,5521,1313,5851,11342,15,1,1
3359,2435,871,40,8096,7875,1232,8236,12824,18,1,1
3360,3857,341,40,6703,6573,1042,6853,12143,8,1,1
3361,4147,2555,41,15429,15058,3076,15590,25428,41,1,1
3362,7043,4939,40,20448,19857,5090,20639,37761,73,1,1
3363,7905,7434,41,26520,25708,1382,26721,43492,101,1,1
3364,4719,2816,40,16030,15640,1453,16210,25228,44,1,1
3365,5591,3326,40,18415,17954,1373,18575,28915,53,1,1
3366,6883,5361,40,19557,18926,2605,19747,34656,77,1,1
3367,7134,2525,40,18204,17844,1493,18374,29586,40,1,1
3368,6632,5421,40,14568,13946,1142,14748,27993,75,1,1
3369,6372,4659,40,32211,31630,4268,32401,47750,66,1,2
3370,4309,701,40,11742,11562,1804,11892,18746,15,1,1
3371,2344,281,40,17553,17433,15169,17703,35537,6,1,1
3372,14538,17893,40,18304,16751,2635,18586,53692,203,1,2
3373,3136,2424,41,20268,19917,5200,20439,31239,39,1,1
3374,3115,832,40,7434,7224,1002,7574,12573,18,1,1
3375,2274,1423,40,10059,9829,3357,10219,17303,22,1,1
3376,7514,5560,30,23043,22392,1613,23223,37971,79,1,1
3377,7304,5942,30,24426,23735,1383,24626,39295,85,1,1
3378,3607,1182,40,17162,16922,1623,17313,23775,23,1,1
3379,5480,3768,40,17914,17433,1282,18094,28674,56,1,1
3380,9508,5591,40,14698,14067,2485,14898,32522,78,1,1
3381,7294,5631,40,19347,18705,1262,19547,33794,80,1,1
3382,12383,9558,40,34625,33673,10009,34856,66866,120,1,2
3383,5461,4118,40,28394,27873,3797,28584,41990,58,1,2
3384,5090,120,40,9318,9238,1533,9458,16241,1,1,1
3385,3948,120,40,7504,7414,1623,7644,13365,1,1,1
3386,13435,13255,40,19286,18074,1674,19547,47941,159,1,1
3387,6903,5290,40,20208,19607,1994,20408,34625,74,1,1
3388,6873,5550,40,15529,14878,1754,15719,29957,80,1,1
3389,6622,4759,40,20710,20148,3306,20900,35647,69,1,1
3390,6783,5189,40,16010,15389,1152,16201,29375,76,1,1
3391,7204,5520,40,15550,14909,2094,15740,30618,79,1,1
3392,7565,4168,40,19336,18825,1533,19526,32832,61,1,1
3393,6002,4137,40,25247,24737,1422,25439,37050,61,1,1
3394,6752,3046,40,18605,18195,3847,18776,32471,47,1,1
3395,10590,3707,40,8797,8336,15810,8977,39124,54,1,1
3396,15790,19006,40,23434,21861,16071,23714,74631,208,1,1
3397,4328,1173,40,7794,7574,9347,7945,22853,20,1,1
3398,16041,20889,40,23544,21801,12855,23845,73680,234,1,1
3399,1694,280,40,24998,24847,14628,25148,41950,6,1,2
3400,3386,1373,40,9087,8827,1733,9247,15789,26,1,1
3401,4939,3156,40,26971,26531,6954,27141,42240,47,1,2
3402,3366,661,41,7153,6993,1032,7304,12423,13,1,1
3403,3907,421,40,9579,9437,1643,9729,15740,9,1,1
3404,2284,1202,40,13386,13155,4588,13536,21650,20,1,1
3405,6222,3557,40,19767,19306,2786,19947,32572,55,1,1
3406,6492,5280,40,17252,16631,3807,17442,33073,76,1,1
3407,6943,5430,40,20339,19718,2094,20529,35046,77,1,1
3408,6743,6412,40,17644,16921,1042,17844,32081,89,1,1
3409,6963,4949,40,16161,15560,2134,16361,30437,75,1,1
3410,6282,3917,40,19177,18666,1973,19357,31559,60,1,1
3411,6682,5641,40,21040,20389,1182,21230,34795,80,1,1
3412,3327,430,41,17913,17763,2324,18055,24196,10,1,1
3413,4619,2144,40,13806,13466,2134,13977,22924,37,1,1
3414,4479,982,40,11862,11652,1633,12013,19147,19,1,1
3415,2715,1874,40,13355,13045,1963,13525,20118,32,1,1
3416,1634,140,40,11351,11271,2074,11492,15400,2,1,1
3417,13055,5851,40,29105,28433,10479,29306,58731,80,1,2
3418,2354,661,40,17834,17633,13255,17974,34284,15,1,1
3419,2985,652,40,5530,5360,1012,5700,10389,14,1,1
3420,3006,1012,40,8005,7775,1001,8156,13225,20,1,1
3421,5871,3326,41,17903,17443,1733,18084,29065,53,1,1
3422,3327,1683,40,19046,18756,8256,19206,32522,29,1,1
3423,7074,5831,30,21370,20679,1533,21560,36048,85,1,1
3424,7093,5220,40,20679,20098,3526,20870,36759,71,1,1
3425,5620,3798,40,19186,18695,1102,19366,29926,58,1,1
3426,6302,5340,40,19727,19086,2205,19907,33804,77,1,1
3427,5831,1212,41,17643,17402,1924,17804,26821,23,1,1
3428,2745,541,40,11702,11542,2354,11853,17543,12,1,1
3429,6082,4929,40,31941,31329,4289,32131,48813,70,1,2
3430,3436,361,40,11773,11632,1082,11913,16842,8,1,1
3431,1423,240,40,17473,17352,14126,17614,33443,5,1,1
3432,15940,21991,40,6542,4749,5371,6853,50205,241,1,1
3433,4719,3516,41,14437,13976,2004,14608,24887,53,1,1
3434,7243,4268,41,20659,20138,3496,20850,35887,63,1,1
3435,1984,1022,40,13044,12834,2815,13205,19146,19,1,1
3436,7134,4939,40,22372,21781,1453,22563,36129,71,1,1
3437,6633,5200,40,18365,17754,1473,18555,31911,74,1,1
3438,6332,4919,40,17142,16561,2365,17333,30979,70,1,1
3439,6292,4629,40,19798,19217,1663,19978,32602,69,1,1
3440,12093,11492,40,21601,20519,1253,21841,46729,141,1,1
3441,6623,5370,40,19858,19237,2254,20058,34345,76,1,1
3442,9839,7975,40,31770,30949,10340,31980,60184,100,1,2
3443,2986,1312,40,9859,9609,6262,10019,20609,22,1,1
3444,8416,8025,40,21510,20679,3516,21731,41739,106,1,1
3445,3997,822,40,7935,7735,1433,8085,14387,17,1,1
3446,1803,120,40,7535,7434,2174,7665,11802,1,1,1
3447,5260,3466,40,14076,13625,4379,14257,27392,53,1,1
3448,3036,1092,40,18275,18044,3236,18425,25849,20,1,1
3449,6302,4599,40,14237,13686,5881,14427,31249,67,1,1
3450,6352,4118,40,20288,19787,3447,20458,34435,60,1,1
3451,7614,7124,40,20649,19898,1052,20859,36689,95,1,1
3452,6743,2815,41,32080,31670,13836,32241,55675,41,1,2
3453,3307,2394,40,19507,19157,3457,19677,28865,39,1,1
3454,7805,2675,40,18415,18064,6262,18585,35377,40,1,1
3455,6262,5600,40,15900,15259,1112,16101,29105,79,1,1
3456,7173,3787,41,13305,12814,1713,13476,26189,57,1,1
3457,6502,5660,41,19947,19316,1513,20148,33864,78,1,1
3458,3827,852,40,11221,11021,1663,11372,17764,17,1,1
3459,14427,8867,40,30878,30007,10530,31088,64952,106,1,2
3460,3737,401,40,7545,7404,1633,7695,13506,10,1,1
3461,8456,8416,40,30417,29525,2786,30637,50345,110,1,2
3462,4619,961,40,5600,5400,1002,5751,12393,19,1,1
3463,3346,1012,40,21421,21180,1683,21571,27662,19,1,2
3464,5400,2565,30,24176,23785,20589,24336,52950,39,1,2
3465,3126,2204,40,16391,16061,2726,16561,24647,36,1,1
3466,5661,3016,40,18635,18245,15620,18805,43152,46,1,1
3467,5942,4638,40,18745,18154,1323,18936,30869,71,1,1
3468,6101,2816,40,34345,33933,3236,34515,46718,43,1,2
3469,7224,3867,40,19187,18715,2154,19367,32662,56,1,1
3470,4609,1112,40,17714,17473,1613,17864,25238,23,1,1
3471,6853,5831,40,15429,14778,1133,15629,29486,80,1,1
3472,6422,4699,40,13646,13095,2214,13836,27201,67,1,1
3473,3818,1142,40,11822,11572,1604,11972,18576,23,1,1
3474,4488,622,40,11602,11421,1673,11752,18575,14,1,1
3475,2575,121,40,7193,7103,7434,7333,17503,1,1,1
3476,16270,20199,40,25849,24166,13576,26139,76244,226,1,1
3477,2194,180,40,17393,17292,14277,17533,34225,3,1,1
3478,2965,371,40,5581,5441,1653,5721,10760,8,1,1
3479,8285,7273,41,23083,22332,1072,23294,39975,95,1,1
3480,7364,4489,40,26039,25467,2806,26219,40928,64,1,2
3481,7264,6402,40,19126,18424,2645,19327,35698,89,1,1
3482,6492,4890,40,20238,19687,3827,20428,35677,66,1,1
3483,11572,3757,40,15620,15159,17673,15790,48842,52,1,1
3484,3537,1142,40,9438,9198,11281,9578,25588,21,1,1
3485,16030,21270,40,22272,20549,13004,22583,72927,232,1,1
3486,3687,1082,40,7705,7474,8886,7855,21550,21,1,1
3487,16792,21380,40,23504,21731,19096,23825,81134,239,1,1
3488,3958,1282,41,15108,14858,2705,15269,23254,24,1,1
3489,7424,2505,40,18566,18194,1513,18736,30218,40,1,1
3490,6262,4138,40,13936,13425,1403,14106,25949,60,1,1
3491,5620,3998,40,31289,30738,4118,31469,45255,61,1,2
3492,11802,11742,40,20298,19206,2304,20539,46427,141,1,1
3493,8466,5380,40,21541,20940,1643,21721,37270,74,1,1
3494,6733,5921,40,16492,15849,1823,16692,31219,81,1,1
3495,7123,5591,40,21020,20379,1733,21210,35717,78,1,1
3496,6552,6643,30,20529,19798,1102,20729,35066,90,1,1
3497,6783,3867,40,37301,36790,15570,37481,63751,56,1,2
3498,4860,1232,40,17924,17684,7875,18074,32081,23,1,1
3499,4388,2675,40,18596,18204,1523,18766,27392,43,1,1
3500,6363,4989,40,18766,18155,2074,18956,32442,75,1,1
3501,11962,7514,40,31680,30898,7875,31871,59282,93,1,2
3502,3307,1342,40,33484,33162,4789,33644,43132,24,1,3
3503,2795,872,40,8075,7885,1263,8225,13205,17,1,1
3504,3767,551,40,7725,7555,1473,7875,13706,12,1,1
3505,2345,120,40,7514,7434,2244,7665,12404,1,1,1
3506,7153,6062,40,23384,22693,2154,23574,38983,85,1,1
3507,6722,5340,40,17944,17312,1873,18145,32110,78,1,1
3508,6713,5821,40,21601,20940,2305,21781,36680,81,1,1
3509,7495,6412,40,15129,14407,982,15339,30268,91,1,1
3510,6762,4609,40,15660,15108,3026,15840,30277,66,1,1
3511,5350,3186,40,19216,18775,1423,19386,29405,51,1,1
3512,6543,5340,40,14357,13746,1133,14547,27613,74,1,1
3513,7244,6281,40,17974,17272,1883,18175,33633,88,1,1
3514,3396,802,40,17112,16912,1673,17263,23194,17,1,1
3515,6893,5841,40,14938,14287,992,15138,28915,80,1,1
3516,6683,2975,40,13154,12754,2114,13326,25138,45,1,1
3517,2274,1413,40,12684,12434,2375,12844,18956,24,1,1
3518,2385,831,40,11762,11562,1984,11903,17143,16,1,1
3519,9679,5300,40,29065,28443,9819,29255,54103,73,1,2
3520,2816,571,40,8035,7865,6112,8185,17734,13,1,1
3521,4679,2505,40,19587,19226,5511,19757,32512,40,1,1
3522,4258,351,40,5600,5470,1042,5741,11432,8,1,1
3523,8666,8406,40,26269,25408,1142,26480,44754,110,1,1
3524,7033,6432,40,18626,17903,1392,18826,33733,89,1,1
3525,7484,5100,40,22372,21791,4539,22562,39735,71,1,1
3526,18375,13195,40,20869,19667,1062,21129,53791,158,1,1
3527,6903,5030,40,21220,20629,1613,21410,35016,73,1,1
3528,7074,5691,40,19787,19126,1143,19977,33945,82,1,1
3529,3447,300,40,17313,17183,2094,17453,23344,7,1,1
3530,4468,1984,40,11382,11071,1964,11552,19998,33,1,1
3531,6833,3427,40,11271,10821,1543,11431,23294,51,1,1
3532,6623,5090,40,13906,13305,1673,14096,27532,73,1,1
3533,3637,200,40,11071,10960,1923,11212,17012,4,1,1
3534,3606,381,40,29586,29416,9568,29726,43331,8,1,2
3535,4739,2395,40,25849,25448,12223,26019,45426,40,1,2
3536,2925,451,40,5862,5710,1933,6012,11351,10,1,1
3537,2645,1523,40,10891,10620,3036,11041,18295,26,1,1
3538,7294,5730,40,22783,22132,1513,22984,37571,81,1,1
3539,6682,5070,40,25328,24727,1653,25518,38953,73,1,1
3540,5180,2355,40,20288,19918,1503,20448,29536,40,1,1
3541,5931,5160,40,21140,20539,1192,21330,33663,73,1,1
3542,7604,4789,40,15519,14938,1513,15699,29646,69,1,1
3543,5401,4218,40,19096,18555,2505,19266,31450,63,1,1
3544,11292,8045,40,31349,30487,10009,31559,60935,103,1,2
3545,2745,210,40,7755,7645,1713,7895,12613,5,1,1
3546,3526,2004,40,10861,10540,4799,11021,21410,34,1,1
3547,8256,6612,41,21310,20599,3146,21511,39575,89,1,1
3548,3898,982,40,8005,7805,1383,8165,14468,18,1,1
3549,12013,11812,40,17794,16702,2064,18034,43973,142,1,1
3550,7504,5892,40,20689,20148,1974,20879,36289,66,1,1
3551,6833,5791,40,16992,16331,1813,17193,31680,81,1,1
3552,7834,6863,40,21630,20899,2074,21822,38633,90,1,1
3553,8035,7555,40,22462,21661,1152,22683,39475,102,1,1
3554,6973,4228,40,18946,18435,4448,19136,34815,61,1,1
3555,6913,5971,40,20619,19937,1482,20810,35216,83,1,1
3556,6743,3647,40,18725,18274,7254,18905,36589,53,1,1
3557,4579,3366,40,15700,15249,1332,15870,25197,52,1,1
3558,7054,4498,41,14777,14257,1733,14959,28284,62,1,1
3559,6983,6162,40,19868,19187,1563,20068,34816,85,1,1
3560,10790,6292,40,31420,30718,9107,31620,57869,83,1,2
3561,2715,1333,40,13636,13385,6652,13786,24536,24,1,1
3562,5040,2865,40,19207,18806,5350,19377,32662,44,1,1
3563,4659,1302,40,15660,15389,1433,15820,23244,22,1,2
3564,10911,8105,40,16742,15890,2335,16952,38353,108,1,1
3565,7294,5320,40,20549,19907,2916,20749,36319,78,1,1
3566,7124,6121,41,17503,16811,1473,17694,32452,85,1,1
3567,7123,4368,40,20438,19917,4499,20629,36659,63,1,1
3568,8937,3166,40,14067,13666,15079,14247,41469,47,1,1
3569,3537,1653,40,20829,20529,12163,20989,38392,31,1,1
3570,3586,631,40,18585,18405,1693,18735,24696,14,1,1
3571,5260,2405,40,13275,12914,11722,13445,32872,40,1,1
3572,3497,2134,40,18124,17804,9809,18294,33774,34,1,1
3573,3417,1442,40,19446,19186,2324,19608,26851,26,1,1
3574,5320,3587,40,13726,13255,1293,13906,24136,55,1,1
3575,6612,3016,40,13376,12975,1843,13556,25077,47,1,1
3576,6682,5220,40,15079,14478,1633,15279,28844,75,1,1
3577,3848,1102,40,11963,11712,1623,12103,18726,23,1,1
3578,1913,261,40,8125,8005,9477,8265,19957,6,1,1
3579,12894,15579,40,24797,23434,7794,25068,61385,181,1,1
3580,5560,3276,40,26570,26120,9328,26750,44955,49,1,2
3581,2725,401,40,6823,6683,1242,6973,11401,10,1,1
3582,2605,270,40,5240,5099,1362,5371,9668,7,1,1
3583,2265,1012,40,14778,14577,4058,14938,22313,19,1,1
3584,7094,5089,40,20679,20068,2114,20880,35217,75,1,1
3585,6963,5691,40,18325,17664,1934,18525,33143,81,1,1
3586,6993,5591,40,20639,19978,3447,20839,36900,81,1,1
3587,5521,3667,40,14106,13626,1272,14287,24777,56,1,1
3588,6522,4168,40,14638,14147,2805,14828,28363,60,1,1
3589,5481,2114,40,27332,26981,1573,27492,36700,32,1,2
3590,6953,5701,40,18214,17583,4589,18414,35697,79,1,1
3591,5140,561,40,17653,17493,1704,17793,25248,12,1,1
3592,7534,5771,40,13937,13265,1262,14117,28734,82,1,1
3593,5460,3076,40,23946,23485,1713,24116,34405,49,1,2
3594,8966,3887,40,19337,18856,10249,19517,42670,56,1,1
3595,2635,1633,40,13936,13646,2615,14086,21010,28,1,1
3596,6883,5080,40,21130,20519,2044,21310,35367,73,1,1
3597,3817,641,40,7364,7184,962,7514,12974,14,1,1
3598,2295,571,40,13265,13105,631,13415,16952,11,1,1
3599,10981,10039,40,25949,24947,1022,26179,48271,129,1,1
3600,8536,4579,40,29316,28765,4598,29506,47259,62,1,2
3601,6763,5340,40,19597,18976,3907,19797,35837,77,1,1
3602,7003,5741,40,20098,19456,3597,20299,36680,80,1,1
3603,6052,5089,40,18645,18044,1192,18836,31209,73,1,1
3604,5881,4188,40,19266,18725,2154,19437,31720,63,1,1
3605,10470,7474,40,33624,32842,9137,33834,60975,95,1,2
3606,3196,1714,40,29365,29055,5681,29525,40166,29,1,2
3607,3517,1062,40,11962,11732,1633,12103,18375,21,1,1
3608,5210,1643,40,11462,11171,1352,11632,19867,28,1,1
3609,11742,11442,40,20038,18956,2064,20278,45566,140,1,1
3610,6863,5370,40,22031,21400,2134,22222,36639,77,1,1
3611,6863,5451,40,15670,15019,1763,15860,29977,79,1,1
3612,6963,6192,40,21370,20689,4208,21570,38973,85,1,1
3613,11331,11532,41,21129,20027,2194,21371,46478,143,1,1
3614,6502,2455,40,30868,30478,16592,31038,56637,38,1,2
3615,5701,4589,40,15199,14648,5380,15389,31099,65,1,1
3616,2154,731,40,17664,17473,10419,17814,31158,15,1,1
3617,3316,622,40,9778,9598,1383,9928,15289,13,1,1
3618,7664,6151,40,16852,16150,1623,17052,32531,86,1,1
3619,6172,5220,40,24106,23525,2324,24296,38072,71,1,1
3620,11292,6332,40,29916,29226,8636,30117,56427,82,1,2
3621,2394,1273,40,9648,9418,5931,9808,19456,22,1,1
3622,8666,5050,40,21952,21361,9728,22142,45626,72,1,1
3623,4028,591,40,8055,7875,1423,8215,14287,14,1,1
3624,2795,682,40,12974,12794,3707,13115,20349,13,1,1
3625,5630,962,40,18475,18284,17904,18625,43171,17,1,1
3626,6012,5570,40,16131,15468,1553,16321,29506,77,1,2
3627,6923,2695,40,18756,18384,12554,18926,41148,42,1,1
3628,6783,6222,40,17393,16692,1062,17593,31700,87,1,1
3629,7464,5871,40,16562,15910,2404,16762,32561,81,1,1
3630,6322,3667,40,18956,18475,1683,19126,30848,55,1,1
3631,6301,5331,40,17032,16411,1132,17222,30046,76,1,1
3632,6762,4799,40,19056,18465,1633,19246,32481,71,1,1
3633,3687,922,40,17323,17122,1663,17473,23795,18,1,1
3634,5149,3958,40,13806,13295,1253,13986,24396,60,1,1
3635,7404,3206,40,13215,12804,1813,13395,25849,48,1,1
3636,6492,4819,40,14688,14096,1553,14878,27772,71,1,1
3637,2545,120,40,10871,10780,2224,11011,15940,1,1,1
3638,3146,270,40,25679,25509,12243,25809,41528,6,1,2
3639,2245,601,40,17553,17383,12604,17703,33203,12,1,1
3640,3487,611,40,5420,5260,1242,5571,10941,12,1,1
3641,2324,932,40,7364,7154,1152,7514,11972,19,1,1
3642,3987,642,40,7033,6863,1072,7183,12934,14,1,1
3643,5200,3256,41,16260,15820,2094,16431,27021,50,1,1
3644,7344,4889,40,20238,19687,4739,20419,37441,66,1,1
3645,4518,1543,40,13626,13335,1563,13786,21440,29,1,1
3646,6613,4739,40,21310,20749,1854,21500,34736,68,1,1
3647,4619,3096,40,15349,14929,1433,15529,24717,48,1,1
3648,7855,5650,40,16541,15900,2425,16722,32702,78,1,1
3649,5010,2975,40,34976,34545,1723,35157,44915,46,1,2
3650,6843,5230,40,14538,13907,1142,14728,27993,76,1,1
3651,6141,4419,40,31640,31059,4238,31820,46678,64,1,2
3652,3938,391,40,11521,11381,1703,11672,17744,9,1,1
3653,14167,7925,40,22252,21481,12804,22452,57388,97,1,1
3654,6041,3737,40,16932,16421,1964,17102,28894,59,1,1
3655,6772,4739,40,20228,19657,4008,20419,35978,69,1,1
3656,12424,6742,40,15138,14427,1644,15339,36189,88,1,1
3657,7394,5360,30,18165,17533,1623,18355,32782,77,1,1
3658,6873,3326,40,19707,19267,6602,19878,36739,51,1,1
3659,5600,3667,40,16962,16511,8426,17133,34876,53,1,1
3660,7323,5992,40,20138,19477,5491,20338,39184,83,1,1
3661,6462,2505,40,17323,16972,1913,17493,28423,40,1,1
3662,6122,5350,40,19768,19126,1132,19958,32612,79,1,1
3663,6141,4840,40,19607,19046,2715,19797,33533,69,1,1
3664,11782,9037,40,34385,33514,9388,34605,64852,109,1,2
3665,2796,1823,40,27492,27161,5380,27652,37692,29,1,2
3666,4669,571,40,9968,9808,1422,10130,16822,12,1,1
3667,2505,541,40,7965,7805,1813,8116,13025,12,1,1
3668,13546,14197,40,18455,17213,1603,18715,48101,165,1,1
3669,7594,5040,40,21140,20549,2074,21340,36098,73,1,1
3670,7124,5610,40,15560,14928,1934,15760,30468,78,1,1
3671,6793,5410,40,21100,20458,3737,21291,37281,78,1,1
3672,7444,7033,41,23023,22242,2295,23234,40046,98,1,1
3673,6823,3797,40,32321,31820,3878,32501,47039,54,1,2
3674,6572,4980,40,19807,19226,4599,19997,36178,70,1,1
3675,7063,4168,41,19356,18835,2735,19537,33543,61,1,1
3676,6652,4879,40,15098,14517,1213,15289,28063,69,1,1
3677,7244,3336,41,12984,12543,1954,13155,25749,50,1,1
3678,6583,5300,40,17373,16762,1513,17563,31009,75,1,1
3679,11381,7635,40,30858,30058,7835,31058,57959,96,1,2
3680,5079,3046,40,30287,29806,2875,30448,41508,51,1,2
3681,3757,230,40,6934,6812,1042,7074,12153,5,1,1
3682,4669,391,40,7985,7855,1493,8135,14738,8,1,1
3683,6392,4208,40,14267,13736,3897,14448,29005,63,1,1
3684,7744,6572,40,20699,20008,2094,20899,37350,86,1,1
3685,6262,5140,40,24657,24045,2645,24847,38944,75,1,1
3686,6572,5471,40,19577,18946,1192,19757,33042,76,1,1
3687,6452,2505,40,30207,29837,8617,30377,47991,38,1,2
3688,6672,5110,30,14868,14277,2705,15059,29596,72,1,1
3689,6843,3236,40,18465,18024,3617,18646,32392,51,1,1
3690,5210,3176,40,15921,15479,1322,16101,25859,51,1,1
3691,6432,5190,40,14808,14196,2003,14999,28664,74,1,1
3692,4859,922,40,12664,12454,1643,12814,20288,19,1,1
3693,5149,1243,40,11942,11702,1613,12103,20138,23,1,1
3694,13656,6312,41,28513,27822,12383,28715,61106,81,1,2
3695,2465,801,40,18165,17964,14467,18325,36088,17,1,1
3696,4569,561,40,5430,5270,1002,5580,11752,12,1,1
3697,3306,992,40,7825,7604,1082,7975,13395,19,1,1
3698,5019,2004,40,16091,15780,1503,16251,24817,33,1,1
3699,8216,2294,40,18265,17944,15750,18435,44735,35,1,1
3700,8275,6923,40,18945,18184,1082,19157,35477,95,1,1
3701,5992,2294,40,18325,17984,9528,18485,36339,36,1,1
3702,4559,3567,40,23234,22773,1323,23414,32903,54,1,1
3703,5961,4579,40,19878,19307,1703,20068,32361,69,1,1
3704,5190,791,40,17473,17263,2604,17623,26259,17,1,1
3705,1683,121,40,7083,6983,652,7213,9709,1,1,1
3706,9698,7063,40,13595,12834,1083,13806,31700,96,1,1
3707,3757,2475,40,31369,30969,4558,31540,42370,39,1,2
3708,3777,1362,41,12473,12213,1373,12634,19196,25,1,1
3709,3707,281,40,11321,11211,1723,11461,17212,6,1,1
3710,4939,2004,40,31570,31218,16481,31730,55194,32,1,2
3711,2956,761,40,17553,17373,10400,17704,31871,15,1,1
3712,6793,6523,40,29325,28604,1113,29535,44004,91,1,1
3713,6672,2705,40,30547,30147,2083,30719,42219,40,1,2
3714,6593,4969,41,17332,16761,5110,17523,34235,69,1,1
3715,8025,6122,40,19968,19287,1843,20168,36208,86,1,1
3716,5410,4058,40,14437,13926,1223,14627,25358,62,1,1
3717,6662,3617,40,14518,14037,2565,14698,27582,56,1,1
3718,6522,5320,40,20839,20218,1423,21039,34365,78,1,1
3719,11942,9157,40,31940,31039,9898,32161,63209,111,1,2
3720,7864,6944,40,29305,28605,3417,29495,47770,83,1,2
3721,3958,661,40,8025,7845,1412,8176,14257,15,1,1
3722,2856,380,40,7865,7724,1774,8015,13065,9,1,1
3723,7764,5441,40,15770,15159,3887,15960,33102,76,1,1
3724,7554,6753,40,20799,20088,1764,21009,37130,90,1,1
3725,6342,5039,40,17914,17333,3316,18105,32832,70,1,1
3726,6953,5771,40,21931,21280,2595,22132,37491,81,1,1
3727,7705,7343,40,19777,18996,1052,19988,36128,98,1,1
3728,6743,3677,40,33103,32622,12263,33283,56006,53,1,2
3729,6783,4519,40,15058,14507,1553,15239,28154,66,1,1
3730,6342,3516,40,18845,18395,6032,19025,34966,53,1,1
3731,7073,6462,40,16401,15699,1102,16602,31299,88,1,1
3732,4127,552,40,11371,11201,1674,11521,17904,12,1,1
3733,6402,5009,40,20068,19487,1994,20258,33724,72,1,1
3734,3917,511,40,11131,10981,1694,11281,17443,11,1,1
3735,12854,9067,40,44003,43081,15239,44224,81434,114,1,2
3736,3777,1002,40,18946,18716,5460,19096,29375,20,1,1
3737,4989,2214,40,9338,8987,1403,9498,18144,37,1,1
3738,3216,831,30,7394,7173,1042,7535,12664,18,1,1
3739,7424,6352,40,17433,16742,2986,17633,34435,86,1,1
3740,7074,5300,40,20609,19998,1954,20799,35167,75,1,1
3741,7304,5911,40,22312,21641,1813,22512,37591,84,1,1
3742,6723,5741,40,22102,21461,2705,22302,37521,80,1,1
3743,6612,5080,40,21320,20729,1232,21511,34485,72,1,1
3744,6492,2294,40,32020,31650,6883,32181,47890,36,1,2
3745,6893,5159,40,19386,18795,3006,19567,34685,72,1,1
3746,6241,1954,40,18074,17744,2805,18235,29285,35,1,1
3747,6602,5030,40,15509,14908,1163,15699,28524,72,1,1
3748,7194,4558,41,13866,13305,2214,14057,28063,67,1,1
3749,4609,972,40,11542,11311,1643,11692,18966,20,1,1
3750,3547,160,40,11282,11192,2474,11422,17653,3,1,1
3751,3877,291,40,24927,24767,11662,25057,40937,6,1,2
3752,1503,301,40,17784,17643,15249,17924,35017,7,1,1
3753,10650,14007,40,4669,3407,2435,4929,32061,166,1,1
3754,3497,611,40,5651,5481,1012,5801,10971,14,1,1
3755,7354,6943,40,24686,23925,1082,24897,40327,92,1,2
3756,5992,2795,40,19257,18876,19006,19427,47260,43,1,1
3757,9247,10159,40,16411,15368,2685,16642,38773,129,1,2
3758,7584,5461,40,15229,14598,1302,15429,29816,78,1,1
3759,3346,1032,40,18034,17804,11050,18185,33653,21,1,1
3760,5189,3557,40,15941,15469,1142,16111,26049,53,1,1
3761,4929,3046,40,14878,14457,2325,15048,25388,48,1,1
3762,3597,2945,30,16671,16260,1884,16842,25318,46,1,1
3763,2735,1032,40,13084,12864,1834,13235,18886,20,1,1
3764,7925,2374,40,18505,18164,1062,18676,30097,38,1,1
3765,2084,962,40,11332,11111,1994,11472,16572,19,1,1
3766,2966,561,40,10009,9839,1123,10159,14849,13,1,1
3767,2805,1613,40,12313,12023,4970,12463,21902,29,1,1
3768,4258,3186,40,20208,19777,3316,20379,31189,49,1,1
3769,4338,902,40,10059,9858,1423,10219,16922,18,1,1
3770,2775,861,40,12784,12583,4959,12935,21580,16,1,1
3771,3467,1663,30,19267,18976,3015,19417,27602,29,1,1
3772,7715,6422,40,15480,14768,2154,15680,32011,89,1,1
3773,7344,5290,40,22994,22373,1513,23194,37371,76,1,1
3774,9208,6632,40,21871,21130,1042,22072,38994,91,1,1
3775,6562,3016,40,18846,18434,6973,19016,35627,46,1,1
3776,2825,2294,40,16612,16270,2384,16772,24325,36,1,1
3777,3366,1523,40,21220,20960,1693,21381,28013,26,1,1
3778,882,280,40,12674,12553,3106,12824,17203,6,1,1
3779,5972,4168,40,19617,19096,1313,19797,31300,62,1,1
3780,7945,6472,40,23875,23153,1863,24086,40416,91,1,1
3781,10390,7804,40,32030,31219,9078,32221,59553,96,1,2
3782,3016,240,40,15680,15530,2815,15820,21941,5,1,2
3783,8787,7975,30,22042,21210,3266,22252,42340,106,1,1
3784,3908,751,40,8396,8216,1032,8546,14287,15,1,1
3785,3978,290,40,7575,7454,1493,7725,13526,7,1,1
3786,3777,852,40,20218,19998,3597,20358,28634,16,1,2
3787,5981,3968,40,20248,19737,5010,20438,35437,61,1,1
3788,6863,5551,40,15399,14768,1613,15599,29666,78,1,1
3789,6873,5270,40,20940,20339,2144,21140,35467,74,1,1
3790,7254,6693,40,21220,20479,1203,21430,36620,93,1,1
3791,6272,1893,40,27112,26790,13325,27272,48822,30,1,2
3792,5721,4358,40,20458,19927,4429,20639,35197,62,1,1
3793,6843,3657,40,18755,18304,6232,18935,35717,53,1,1
3794,6242,4930,40,14397,13796,1182,14587,26971,72,1,1
3795,8746,4539,40,13866,13325,1653,14057,29025,65,1,1
3796,6853,5781,40,17383,16722,1443,17573,31700,81,1,1
3797,3737,1052,40,12754,12514,2415,12904,20168,23,1,1
3798,15319,11221,40,31330,30277,9197,31570,67347,132,1,2
3799,2705,1303,40,25849,25578,5270,25999,35327,22,1,2
3800,4258,531,40,7574,7414,1032,7724,13575,11,1,1
3801,3747,591,40,5480,5310,1042,5630,11061,13,1,1
3802,7063,6362,40,24898,24215,1182,25098,39765,85,1,1
3803,6933,5431,40,18114,17483,1483,18304,32191,77,1,1
3804,7294,6181,40,20670,19967,4308,20870,38693,87,1,1
3805,5861,4839,40,19707,19126,1222,19898,31860,70,1,1
3806,6363,2534,41,33854,33472,3346,34025,46318,39,1,2
3807,7745,5561,40,20068,19437,2885,20258,36499,78,1,1
3808,5300,1142,40,17833,17593,1052,17984,25528,23,1,1
3809,2886,671,40,11823,11652,2665,11973,18235,13,1,1
3810,3797,211,40,11442,11332,1753,11592,17393,5,1,1
3811,6522,4789,41,13856,13285,1503,14047,26911,70,1,1
3812,9878,5120,40,32762,32161,3226,32952,51226,70,1,2
3813,6612,3537,40,26711,26230,3737,26891,40817,51,1,2
3814,3466,922,40,10821,10620,1743,10981,17152,17,1,1
3815,7073,4619,40,14367,13806,2775,14547,29064,68,1,1
3816,6422,4548,40,20178,19617,1693,20368,33072,66,1,1
3817,6963,6232,40,25699,25017,1332,25899,40486,86,1,1
3818,5580,2114,40,18905,18585,1813,19076,28644,35,1,1
3819,5200,4348,40,13766,13215,1212,13957,24757,66,1,1
3820,7123,4459,40,14848,14307,2405,15038,29075,66,1,1
3821,6442,4559,40,20469,19888,1543,20659,33243,69,1,1
3822,19156,10991,40,22453,21440,6322,22693,59212,132,1,1
3823,8426,6973,40,19286,18525,1513,19497,36449,96,1,1
3824,6232,4869,40,20248,19677,6493,20418,38072,67,1,1
3825,8606,7074,40,12874,12123,1102,13084,29896,94,1,1
3826,3838,380,40,7645,7504,1573,7785,13626,9,1,1
3827,10690,10780,40,24807,23775,2314,25037,48862,133,1,1
3828,6342,5080,40,15439,14848,2685,15639,29796,73,1,1
3829,7044,4929,40,21701,21090,1433,21891,35347,73,1,1
3830,7384,7224,40,22663,21912,1092,22873,38603,94,1,1
3831,7494,3957,40,19948,19436,3507,20118,35136,60,1,1
3832,7314,6372,40,20950,20259,1122,21160,35998,86,1,1
3833,7174,4869,30,18996,18405,1774,19176,33033,70,1,1
3834,3527,1532,40,11812,11552,1473,11972,18555,26,1,1
3835,6973,4458,41,16781,16230,1283,16972,29726,66,1,1
3836,6743,4549,40,19346,18785,2104,19516,32962,67,1,1
3837,9978,6672,40,30167,29426,9327,30378,56396,89,1,2
3838,2846,1312,40,35327,35016,5391,35487,45076,23,1,3
3839,2996,651,41,7874,7694,1222,8015,12945,14,1,1
3840,13135,14818,40,18505,17203,2605,18775,49373,173,1,1
3841,7134,4999,41,20498,19937,6954,20679,39816,67,1,1
3842,6923,5872,40,19677,19026,2224,19877,34926,80,1,1
3843,7585,6182,40,23284,22613,3837,23484,41118,83,1,1
3844,6682,6021,40,16261,15590,1132,16461,30347,82,1,1
3845,7064,5340,40,14247,13656,2224,14437,29125,74,1,1
3846,7484,3546,40,19097,18645,1863,19277,32231,53,1,1
3847,7253,5581,40,16602,15961,1152,16802,30838,80,1,1
3848,7023,4469,40,15540,14999,1733,15720,28995,65,1,1
3849,2545,641,40,18525,18335,1854,18675,23755,15,1,1
3850,5250,3927,40,13465,12944,1243,13656,24126,61,1,1
3851,7003,2975,40,13114,12714,1843,13286,25147,45,1,1
3852,6943,5049,40,15599,14998,1673,15790,29495,73,1,1
3853,3636,421,40,11522,11361,1684,11662,17463,11,1,1
3854,2094,271,40,8897,8777,8486,9047,19938,6,1,1
3855,16221,20559,40,25949,24226,12102,26249,75182,226,1,2
3856,6973,4929,40,26810,26229,5341,27001,44294,66,1,2
3857,4278,591,40,6913,6743,1041,7064,13004,12,1,1
3858,3707,400,41,5400,5250,1112,5541,10810,10,1,1
3859,4569,2926,40,15469,15068,2154,15639,25328,46,1,1
3860,7835,4598,41,20268,19727,5781,20459,38703,66,1,1
3861,7083,5530,40,19687,19046,1393,19888,33944,79,1,1
3862,6903,5671,40,19767,19116,3667,19967,36248,81,1,1
3863,5951,4709,41,25007,24446,1232,25198,37140,69,1,1
3864,6101,2776,40,32772,32351,3176,32942,45035,42,1,2
3865,7153,4749,40,15019,14458,1984,15209,29135,69,1,1
3866,4469,1462,40,18064,17793,1583,18235,25799,28,1,1
3867,7253,5741,41,14767,14116,2594,14969,30617,81,1,1
3868,4368,1002,40,24777,24537,1723,24927,32060,17,1,2
3869,8006,3747,40,12944,12484,1482,13125,26400,55,1,1
3870,12694,5080,40,31449,30868,17793,31640,67257,66,1,2
3871,2315,801,40,17634,17433,13435,17784,34385,17,1,1
3872,2224,111,40,8055,7965,1333,8195,11923,1,1,1
3873,2585,561,40,8987,8827,2345,9137,14678,12,1,1
3874,6032,4097,41,16661,16150,1333,16852,28354,61,1,1
3875,7153,1273,40,17814,17563,17823,17974,44273,25,1,1
3876,7404,6803,40,19597,18856,1363,19797,35417,93,1,1
3877,6202,3376,40,19377,18926,11311,19547,40476,51,1,1
3878,5420,2705,40,16962,16581,1362,17132,26670,44,1,1
3879,6732,4940,40,18445,17864,1433,18635,31790,70,1,1
3880,6672,5099,40,19287,18685,1302,19477,32601,74,1,1
3881,11351,9328,40,35247,34305,10861,35467,67047,115,1,2
3882,2925,1403,30,22563,22283,3908,22713,31009,23,1,2
3883,9588,8646,40,22403,21510,1954,22623,42851,114,1,1
3884,3958,962,40,11221,11001,1543,11371,17884,19,1,1
3885,12554,12995,40,17864,16662,1783,18114,45486,156,1,1
3886,6863,4439,40,20438,19878,1823,20619,33794,66,1,1
3887,7193,6322,41,15659,14958,1804,15860,31209,86,1,1
3888,8326,7575,40,21591,20809,4378,21811,42140,100,1,1
3889,7233,6372,40,16250,15549,1032,16451,31138,88,1,1
3890,2895,1894,40,13255,12944,2996,13415,21240,33,1,1
3891,6302,4148,40,19767,19267,3216,19948,33654,59,1,1
3892,7074,6362,40,21170,20479,1433,21370,36299,86,1,1
3893,5801,2705,41,18605,18224,8195,18776,35527,43,1,1
3894,3687,1964,40,17894,17564,1423,18054,25168,35,1,1
3895,6252,4829,40,17383,16802,1944,17563,30648,71,1,1
3896,3857,1303,40,13335,13095,1593,13495,20298,24,1,1
3897,2144,391,40,9578,9438,10160,9728,22453,9,1,1
3898,6051,5290,40,21401,20799,8075,21591,41047,73,1,1
3899,5931,4609,40,29255,28685,11452,29445,51497,65,1,2
3900,2504,280,40,7935,7815,1784,8085,12684,6,1,1
3901,13155,14307,40,26841,25579,1062,27101,55675,167,1,1
3902,8086,4438,40,20890,20329,1733,21080,35367,67,1,1
3903,8175,5441,40,19416,18775,1963,19607,35236,79,1,1
3904,6762,5841,40,15820,15158,1102,16021,29756,83,1,1
3905,6853,4739,40,14207,13625,2165,14397,28184,69,1,1
3906,7705,3988,40,35597,35076,2395,35777,49895,56,1,2
3907,6823,5550,40,18615,17984,5320,18816,36539,78,1,1
3908,8346,4348,40,18945,18414,1603,19116,33464,62,1,1
3909,8597,2965,40,10821,10409,16431,10991,39034,46,1,1
3910,16771,21371,40,22933,21200,16230,23234,77656,233,1,1
3911,1193,170,40,7574,7484,7293,7715,16421,3,1,1
3912,17263,20899,41,19647,17934,14437,19948,72607,229,1,1
3913,1112,110,40,10890,10810,622,11031,12925,1,1,1
3914,5570,1433,40,25649,25349,18415,25809,51267,23,1,3
3915,20789,15609,40,28814,27422,10550,29085,76063,179,1,2
3916,2806,581,40,6993,6833,1292,7143,11883,12,1,1
3917,3647,471,40,6853,6703,1082,7003,12233,10,1,1
3918,2695,842,40,14167,13966,3076,14307,20970,16,1,1
3919,7263,4399,40,20058,19547,9899,20238,41849,61,1,1
3920,3316,862,40,5370,5190,1132,5521,10891,16,1,1
3921,3226,2174,40,16701,16371,602,16871,22904,35,1,1
3922,9869,8296,40,20929,20068,11301,21140,50646,109,1,1
3923,4879,3858,40,19958,19477,1322,20138,30247,57,1,1
3924,6112,4508,40,20027,19477,2314,20219,33193,67,1,1
3925,2826,110,40,16992,16892,2104,17122,22212,1,1,1
3926,5560,3417,40,13435,12984,1934,13605,24566,51,1,1
3927,6112,5009,41,14387,13796,3086,14588,28825,72,1,1
3928,8425,7675,40,22813,21982,1403,23023,40566,105,1,1
3929,3667,571,40,11712,11542,1693,11863,17834,12,1,1
3930,13305,6883,40,21100,20399,10129,21310,51677,89,1,1
3931,3366,1974,40,12905,12594,1964,13065,20419,33,1,1
3932,2855,2134,40,20078,19758,652,20248,25939,34,1,1
3933,16581,19337,40,5942,4319,4258,6242,46458,217,1,1
3934,3537,1172,40,8236,7985,962,8386,14117,23,1,1
3935,6192,4148,40,17423,16902,2855,17603,30848,61,1,1
3936,3697,1743,40,18996,18705,3938,19156,28574,30,1,1
3937,6853,5901,40,24617,23945,1192,24817,38803,82,1,1
3938,3777,1332,41,16811,16551,1714,16962,23835,25,1,1
3939,6132,4859,41,19356,18765,1022,19547,31610,71,1,1
3940,6422,5089,40,19817,19226,2695,20008,34254,72,1,1
3941,11612,8406,40,32872,32031,10450,33082,63600,103,1,2
3942,2725,1583,40,10089,9819,3476,10250,18084,27,1,1
3943,8526,7424,40,21190,20399,1844,21400,39224,100,1,1
3944,5620,1423,40,10310,10049,1342,10470,18905,26,1,1
3945,2325,781,41,8185,7985,1683,8336,13155,17,1,1
3946,13094,13366,40,19747,18535,1573,19997,48080,161,1,1
3947,7475,5650,41,20378,19747,2094,20579,35838,78,1,1
3948,7033,5931,40,15900,15249,1913,16091,31008,80,1,1
3949,7424,6091,40,21611,20929,4388,21812,39755,84,1,1
3950,7845,7234,40,15990,15199,992,16200,32301,99,1,1
3951,6923,5260,40,15690,15088,1864,15880,29967,74,1,1
3952,7424,4649,40,19627,19056,1903,19817,33834,69,1,1
3953,5972,4488,40,19247,18695,1222,19427,31159,66,1,1
3954,6032,2304,40,18255,17904,4879,18425,31670,38,1,1
3955,12805,15489,40,20689,19327,1292,20950,50596,180,1,1
3956,6763,5160,40,17273,16662,2004,17453,31430,74,1,1
3957,3717,451,40,10770,10620,1663,10920,16791,11,1,1
3958,3016,391,40,12333,12173,1693,12473,17613,10,1,1
3959,12694,9248,40,31479,30558,10610,31710,64312,114,1,2
3960,2975,1453,40,9348,9087,4448,9518,18444,27,1,1
3961,8677,6292,40,20639,19948,2525,20839,38373,85,1,1
3962,3607,481,40,7113,6953,1032,7253,12413,11,1,1
3963,4028,411,40,7855,7705,1473,8005,13977,11,1,1
3964,5049,2996,40,19958,19557,3857,20138,32090,47,1,1
3965,7274,5150,40,21090,20519,1603,21280,35357,70,1,1
3966,7083,5661,40,24877,24226,1313,25067,39174,80,1,1
3967,6402,5380,40,14818,14196,1122,15009,27963,76,1,1
3968,6903,4729,40,15359,14788,2464,15549,29686,69,1,1
3969,7333,4389,40,19457,18936,1523,19647,32922,63,1,1
3970,6993,5450,41,17102,16491,1162,17303,30948,76,1,1
3971,6663,5200,40,16431,15800,1513,16621,30027,76,1,1
3972,3777,672,40,17343,17162,1683,17493,23665,14,1,1
3973,2275,410,40,9989,9848,2365,10139,15219,9,1,1
3974,4679,1643,40,11151,10851,1763,11301,19447,30,1,1
3975,6934,5961,40,14908,14237,1924,15108,29977,84,1,1
3976,4288,1333,40,13004,12734,1593,13154,20419,25,1,1
3977,4168,1032,40,11863,11632,1603,12013,18866,20,1,1
3978,12534,6372,40,28895,28174,8666,29085,56697,85,1,2
3979,2054,992,40,22853,22602,12052,23004,38152,19,1,2
3980,3056,802,40,7754,7534,981,7905,12784,18,1,1
3981,3838,350,41,6812,6682,1031,6964,12213,8,1,1
3982,7054,5590,40,17282,16641,3026,17493,33203,80,1,1
3983,7363,4549,40,19587,19056,4309,19777,36038,64,1,1
3984,7353,5551,40,22873,22232,1583,23074,37621,80,1,1
3985,6803,4539,40,21781,21240,1664,21961,35017,65,1,1
3986,6001,5110,40,18966,18375,1313,19166,31620,73,1,1
3987,6302,5119,40,19056,18455,1553,19237,32271,74,1,1
3988,5310,1182,41,17643,17403,2895,17794,27231,23,1,1
3989,5871,4478,41,14136,13585,1022,14327,25748,66,1,1
3990,6011,4378,40,32060,31469,3587,32230,46257,64,1,2
3991,3387,1132,40,12534,12313,1422,12694,18665,21,1,1
3992,4067,321,40,11372,11261,1713,11522,17663,6,1,1
3993,4859,1723,40,30197,29897,14657,30358,51657,27,1,2
3994,2214,891,40,17954,17733,11682,18105,32932,19,1,1
3995,6772,7014,40,23595,22843,1092,23795,38723,94,1,1
3996,7474,5430,40,33954,33323,2455,34144,49544,72,1,2
3997,6893,5240,40,19246,18645,3347,19436,34966,73,1,1
3998,7384,5731,40,20188,19537,2505,20388,36058,81,1,1
3999,11361,2956,40,13756,13366,19076,13926,47379,44,1,1
4000,4349,2975,30,19276,18865,18185,19447,44996,47,1,1
4001,1864,571,40,7605,7434,7494,7745,17724,12,1,1
4002,16832,22553,40,22623,20809,20469,22943,82847,245,1,1
4003,16771,13185,40,33693,32511,10009,33944,73939,150,1,2
4004,2846,1402,40,9197,8947,8376,9358,22022,24,1,1
4005,4749,3186,40,19197,18776,6983,19367,34325,46,1,1
4006,5049,2034,40,7565,7234,1092,7725,15950,35,1,1
4007,4960,1292,40,8206,7945,1333,8366,15991,26,1,1
4008,2746,190,40,7765,7655,1954,7905,12845,4,1,1
4009,4739,2474,41,13405,13044,4158,13576,24987,40,1,1
4010,6583,4669,40,20849,20288,2505,21039,34846,68,1,1
4011,6953,4930,40,22583,22012,3246,22773,37952,70,1,1
4012,7404,7023,40,20860,20088,1092,21070,36619,96,1,1
4013,8175,3236,40,18776,18355,2855,18946,33272,48,1,1
4014,7063,6212,40,20379,19707,1352,20579,35256,83,1,1
4015,6772,3557,40,18976,18505,5431,19146,34956,55,1,1
4016,6803,6272,40,18666,17974,1122,18866,33093,85,1,1
4017,5851,1844,40,13626,13315,1513,13786,23044,33,1,1
4018,5460,4218,40,16321,15810,1934,16511,28173,61,1,1
4019,3617,671,40,11321,11151,1683,11472,17493,14,1,1
4020,2565,340,40,8997,8866,8075,9138,20158,7,1,1
4021,8496,5341,40,20779,20168,6683,20979,41549,76,1,1
4022,6622,4499,40,27342,26780,4759,27522,43442,62,1,2
4023,4038,340,41,7874,7754,1082,8026,13516,7,1,1
4024,3968,631,40,5581,5410,1012,5731,11382,14,1,1
4025,1653,311,40,6753,6623,1513,6883,10400,7,1,1
4026,5590,4338,40,16842,16321,3146,17032,30137,62,1,1
4027,7815,4679,30,20178,19617,3677,20358,36569,67,1,1
4028,6943,5901,40,17714,17033,2224,17914,33012,83,1,1
4029,7203,5019,40,20138,19567,3317,20328,35918,70,1,1
4030,6573,5540,40,24918,24275,1172,25108,38443,79,1,1
4031,6242,2515,40,30428,30036,5500,30598,44895,39,1,2
4032,6693,5330,40,19206,18615,2635,19396,34104,72,1,1
4033,6692,1473,40,17854,17593,2555,18004,28774,26,1,1
4034,5981,3016,40,14397,13957,1323,14557,24937,50,1,1
4035,6743,5069,40,25217,24596,2605,25418,39885,73,1,2
4036,3868,861,40,11853,11642,1653,12003,18415,17,1,1
4037,3106,230,40,25639,25489,13626,25779,42791,4,1,2
4038,5270,1783,40,18094,17803,13726,18265,39094,31,1,1
4039,972,120,40,6623,6532,2144,6753,10029,1,1,1
4040,8236,1453,40,23204,22903,1633,23364,34736,26,1,2
4041,7073,2785,40,19317,18956,10370,19487,39765,41,1,1
4042,7183,6342,40,18695,17974,1463,18896,33924,89,1,1
4043,6723,3486,41,18935,18485,12023,19116,41388,52,1,1
4044,9187,6863,40,19227,18484,1393,19427,36910,92,1,1
4045,6432,4779,40,18625,18034,2053,18816,32130,71,1,1
4046,2855,160,40,17133,17032,3096,17273,23434,3,1,1
4047,5220,2825,30,11061,10650,1332,11222,20649,46,1,1
4048,5129,2656,40,9418,9027,1252,9578,18675,42,1,1
4049,8015,6623,40,32311,31560,4268,32511,51467,91,1,2
4050,3146,290,30,9538,9408,1653,9678,14818,7,1,1
4051,11432,10540,40,25138,24126,1042,25368,48422,131,1,1
4052,7885,6322,40,15529,14828,2124,15730,32101,87,1,1
4053,7674,6262,40,21109,20408,1853,21311,37130,87,1,1
4054,7274,6342,40,20589,19888,1213,20799,35668,88,1,1
4055,6141,3467,40,31510,31038,17142,31690,58470,51,1,2
4056,6913,5250,40,14808,14197,2325,15008,29526,75,1,1
4057,6252,3446,41,18855,18404,10069,19036,38853,54,1,1
4058,4568,3026,40,14658,14237,1333,14838,23805,48,1,1
4059,6813,4388,41,13585,13044,1553,13776,26570,65,1,1
4060,5280,4128,40,18946,18444,2355,19126,30939,60,1,1
4061,10540,7274,40,32191,31429,11933,32391,62188,92,1,2
4062,2675,2445,40,8947,8686,4278,9107,18535,26,1,1
4063,8346,6873,40,21160,20379,2906,21370,39535,98,1,1
4064,4058,1122,40,8306,8066,1042,8456,14728,22,1,1
4065,3857,410,40,7705,7564,1473,7845,13626,9,1,1
4066,5410,3196,40,22954,22483,1493,23134,33263,50,1,2
4067,6954,4859,40,20379,19818,4648,20569,37070,68,1,1
4068,6453,4909,40,14708,14127,2034,14898,28324,70,1,1
4069,6673,5601,40,22132,21501,2925,22332,37571,79,1,1
4070,8315,7164,40,14928,14167,981,15138,31639,96,1,1
4071,7323,4709,41,14958,14397,2835,15149,30056,67,1,1
4072,6492,2545,40,18866,18485,1493,19036,29596,42,1,1
4073,6813,5641,40,19216,18585,1132,19417,33043,79,1,1
4074,7013,2615,40,18325,17954,4368,18495,32531,41,1,1
4075,7224,6623,30,14427,13716,1042,14627,29556,89,1,1
4076,6793,3567,40,13195,12724,2184,13385,25959,55,1,1
4077,6251,4970,40,16401,15820,1814,16591,29676,72,1,1
4078,3777,741,41,12673,12493,1673,12835,19056,15,1,1
4079,13065,9838,40,32381,31419,13265,32612,68840,120,1,2
4080,2595,1102,40,25709,25459,5440,25869,35036,19,1,2
4081,4098,160,40,7303,7203,1032,7445,12785,3,1,1
4082,3516,1102,41,5700,5470,1002,5861,11541,23,1,1
4083,7384,6413,40,25208,24506,1152,25418,40397,88,1,1
4084,5360,2635,40,16521,16130,1443,16692,26180,43,1,1
4085,6132,2364,41,18444,18114,8806,18616,35958,36,1,1
4086,9267,2795,40,13034,12654,18165,13205,43482,44,1,1
4087,6722,5821,30,20128,19477,16010,20319,48922,80,1,1
4088,6753,1432,40,30357,30057,7043,30518,45786,24,1,2
4089,7414,3998,40,16170,15700,5690,16341,33503,56,1,1
4090,4458,792,40,17413,17222,2174,17563,25037,16,1,1
4091,2605,501,40,11723,11571,2494,11873,17523,10,1,1
4092,2845,1613,40,15059,14767,2014,15219,21741,29,1,1
4093,6212,4970,40,14678,14097,1693,14868,27793,70,1,1
4094,4920,1803,40,32101,31781,1623,32261,40657,30,1,2
4095,6322,2936,40,26480,26050,2405,26650,38353,45,1,2
4096,3045,401,40,5451,5300,1683,5591,10770,10,1,1
4097,2705,1463,40,15890,15619,4108,16050,24356,26,1,1
4098,7063,4439,40,19968,19407,2194,20148,33884,66,1,1
4099,7454,6122,30,26741,26059,1432,26941,41989,84,1,1
4100,5470,1353,40,19898,19637,1603,20048,28524,25,1,1
4101,4328,2936,40,14087,13696,1362,14257,22923,45,1,1
4102,6592,4820,40,14818,14267,2344,15008,28804,67,1,1
4103,5711,4739,40,20329,19768,1813,20509,32832,68,1,1
4104,6732,2245,40,19226,18896,1523,19396,29936,36,1,1
4105,7294,5941,40,14127,13446,1924,14317,29516,83,1,1
4106,5811,4468,40,29166,28584,4849,29356,44534,66,1,2
4107,3617,912,40,8025,7825,1393,8165,14147,18,1,1
4108,11873,10750,40,20569,19577,2315,20809,45797,129,1,1
4109,7965,3838,40,20639,20128,1723,20809,34395,59,1,1
4110,7715,6432,40,22773,22052,2274,22973,39444,89,1,1
4111,7865,8255,40,26389,25538,1082,26601,43853,107,1,1
4112,7203,4699,40,30418,29827,4659,30608,47209,67,1,2
4113,6843,5681,40,18284,17643,3818,18484,34856,79,1,1
4114,7294,3937,41,19577,19086,2184,19758,33223,58,1,1
4115,3807,1984,40,10720,10400,1303,10880,18024,33,1,1
4116,6352,5040,40,12624,12043,1643,12824,25909,72,1,1
4117,6061,3387,40,13045,12594,1423,13225,24136,52,1,1
4118,7744,7785,40,20679,19888,1633,20890,38102,100,1,1
4119,10379,6994,40,30307,29556,9238,30517,57168,90,1,2
4120,3025,831,40,17443,17233,2405,17593,23905,14,1,2
4121,8857,6983,40,21701,20959,2635,21912,40427,95,1,1
4122,11272,10429,40,19226,18214,2054,19456,43252,130,1,1
4123,8246,5560,40,22343,21701,6051,22533,42440,79,1,1
4124,7033,5831,40,22022,21361,1372,22222,36498,81,1,1
4125,7784,5481,40,21100,20469,5260,21300,39865,78,1,1
4126,12564,12794,40,19978,18805,1152,20229,46779,154,1,1
4127,7064,5690,40,16180,15539,2285,16381,31450,80,1,1
4128,5320,3216,40,18876,18465,2655,19046,30297,47,1,1
4129,7293,6502,40,20559,19838,1453,20759,36058,89,1,1
4130,6613,2685,40,18165,17784,3326,18335,30999,41,1,1
4131,5290,5110,40,19347,18766,1242,19537,31209,70,1,1
4132,6202,4819,40,15750,15179,2585,15940,29596,70,1,1
4133,3757,892,40,11682,11472,1653,11832,18174,18,1,1
4134,15089,9538,40,31039,30108,10109,31269,66045,117,1,2
4135,2475,1052,40,8226,8005,4378,8376,16341,19,1,1
4136,8526,6332,40,20769,20068,3126,20969,39003,87,1,1
4137,4208,511,40,6893,6722,1032,7034,12825,12,1,1
4138,2014,150,40,5290,5199,1502,5431,9147,2,1,1
4139,2164,1082,41,14226,14006,3276,14378,20950,20,1,1
4140,7043,4809,41,20338,19757,2906,20529,35317,69,1,1
4141,6723,5210,40,19927,19306,1703,20128,33804,77,1,1
4142,7174,5581,40,19847,19196,3216,20038,36069,80,1,1
4143,5761,4238,40,13996,13455,1243,14176,25458,64,1,1
4144,6633,4488,41,15228,14667,2876,15419,29456,67,1,1
4145,4177,1093,40,17723,17493,1654,17873,24837,20,1,1
4146,5861,4008,40,18585,18064,1293,18765,29967,62,1,1
4147,4188,1022,40,17914,17693,1633,18054,24947,20,1,1
4148,6953,5561,40,14377,13736,1663,14577,28794,80,1,1
4149,4338,1182,40,20750,20489,1613,20890,28083,20,1,2
4150,7003,4579,40,12634,12113,3096,12824,27532,63,1,1
4151,10540,5520,40,19937,19326,17102,20138,53341,75,1,1
4152,3767,2585,40,13546,13165,2174,13716,22292,42,1,1
4153,7535,6031,40,22713,22022,5180,22903,41699,85,1,1
4154,3967,411,40,7113,6973,1072,7264,12744,9,1,1
4155,1974,170,41,8596,8486,591,8737,11522,4,1,1
4156,14527,14297,40,23605,22312,1032,23855,53751,169,1,1
4157,7514,4309,40,20799,20268,2635,20979,35487,62,1,1
4158,6512,4949,40,20108,19527,1463,20299,33283,71,1,1
4159,5791,2956,40,18605,18215,10950,18776,38513,44,1,1
4160,5370,3196,40,13556,13115,1102,13726,23454,50,1,1
4161,6833,4759,40,18796,18224,1733,18986,32351,68,1,1
4162,6963,5240,30,20038,19407,1493,20228,33974,77,1,1
4163,9498,6272,40,34686,33984,7614,34886,58310,82,1,2
4164,5651,3497,40,45396,44904,2775,45576,57539,50,1,3
4165,2434,551,40,10920,10750,1794,11070,15880,12,1,1
4166,11712,11161,40,17302,16260,2375,17543,42831,137,1,1
4167,7665,5630,41,21741,21120,1503,21942,36790,78,1,1
4168,6482,5160,40,15469,14858,4409,15649,31740,74,1,1
4169,3376,2234,40,19387,19077,3767,19557,28974,34,1,1
4170,10590,5901,40,24546,23925,10099,24747,51377,77,1,1
4171,7144,4629,40,17994,17453,2695,18184,32702,66,1,1
4172,6052,3486,40,21251,20789,1382,21431,32411,55,1,1
4173,6663,5610,40,46207,45556,4058,46398,62769,79,1,1
4174,982,180,40,17373,17283,581,17513,19296,3,1,1
4175,5972,3667,40,1583,1132,2745,1763,14187,54,1,1
4176,4178,2084,41,12924,12603,1503,13085,20900,34,1,1
4177,6171,3547,40,13836,13356,2053,14027,25828,56,1,1
4178,6663,5661,40,18495,17834,1723,18685,32772,80,1,1
4179,3747,361,40,12644,12514,1824,12794,18766,8,1,1
4180,12654,8706,40,31399,30507,8997,31620,62027,110,1,2
4181,2345,841,40,9328,9128,8166,9478,20880,17,1,1
4182,4678,3417,40,19246,18806,7183,19417,34745,50,1,1
4183,3737,211,40,7755,7634,1533,7885,13406,5,1,1
4184,12604,15620,40,27131,25899,1343,27391,56988,163,1,1
4185,7254,6132,40,18745,18064,1422,18945,33784,84,1,1
4186,6933,5650,40,21531,20899,5060,21731,39425,78,1,1
4187,7624,5020,40,21471,20860,1182,21661,35517,73,1,1
4188,7013,4659,40,14437,13886,2255,14627,28604,68,1,1
4189,6873,3336,40,18826,18405,1543,19006,30798,49,1,1
4190,6803,5571,40,19887,19246,1172,20078,33664,78,1,1
4191,5981,3367,40,18615,18184,2876,18785,31049,50,1,1
4192,4228,2484,41,15369,14988,1382,15530,23674,41,1,1
4193,6602,1864,40,13395,13095,1493,13565,23574,32,1,1
4194,7194,6192,40,15860,15139,1593,16060,31069,89,1,1
4195,3626,451,41,11481,11331,1704,11622,17443,10,1,1
4196,3526,471,40,25809,25609,13085,25939,43071,10,1,2
4197,4870,2124,40,24125,23785,13094,24286,44424,33,1,2
4198,3707,561,40,7745,7574,952,7895,13145,13,1,1
4199,3918,340,40,6793,6662,1073,6943,12324,8,1,1
4200,3807,1703,40,14979,14688,2995,15139,23694,30,1,1
4201,7364,4739,40,20078,19537,2475,20268,34896,66,1,1
4202,6182,2364,40,6261,5911,6863,6423,21882,39,1,1
4203,4658,3536,40,21992,21520,4980,22172,35407,56,1,1
4204,4769,2034,40,20729,20408,1553,20899,29295,34,1,1
4205,4980,3496,40,13986,13525,1253,14167,23946,55,1,1
4206,7033,4960,40,15108,14527,2574,15299,29916,70,1,1
4207,3847,661,40,17673,17503,1673,17824,24045,14,1,1
4208,6382,4989,40,19206,18615,1172,19397,32000,72,1,1
4209,6974,6672,40,16862,16140,1163,17062,31911,90,1,1
4210,6111,4238,40,15118,14577,4369,15299,30067,64,1,1
4211,8295,6282,41,21230,20538,3086,21431,39134,86,1,1
4212,3957,1373,40,12844,12584,1353,13004,19717,25,1,1
4213,3938,691,40,11713,11531,1633,11863,18175,16,1,1
4214,13265,7234,40,21180,20448,9848,21381,51778,90,1,1
4215,3226,2174,40,13696,13365,2344,13856,21641,35,1,1
4216,7304,5320,40,21550,20929,2094,21751,36499,77,1,1
4217,3516,531,40,7323,7163,1082,7475,12634,12,1,1
4218,6322,4379,40,17573,17042,2625,17743,31109,62,1,1
4219,7694,5010,40,19917,19316,1843,20108,34695,73,1,1
4220,6943,6082,40,23645,22973,1813,23845,38723,84,1,1
4221,3897,781,40,16611,16421,1673,16762,23153,16,1,1
4222,5090,3647,40,17112,16621,1303,17282,27362,57,1,1
4223,7915,4458,40,14758,14227,1493,14938,28844,63,1,1
4224,5240,3997,40,18786,18275,1693,18966,29936,60,1,1
4225,11011,8516,40,32702,31820,8877,32922,61366,107,1,2
4226,3426,1303,40,19236,18965,3798,19396,27953,22,1,2
4227,8436,7835,40,21410,20599,1874,21631,39836,104,1,1
4228,3076,721,40,7955,7795,1623,8105,13555,13,1,1
4229,12924,13927,40,26931,25699,1513,27191,55615,163,1,1
4230,6322,5230,40,15820,15209,2875,16010,30477,74,1,1
4231,6843,5901,40,21170,20509,2204,21370,36359,81,1,1
4232,7705,6803,40,16291,15550,1012,16501,32051,93,1,1
4233,7093,6012,40,16341,15700,2194,16521,31880,78,1,1
4234,7505,4077,30,19577,19066,1953,19758,33323,60,1,1
4235,8847,5089,40,14026,13425,1142,14217,29335,73,1,1
4236,7363,6152,40,15971,15289,2124,16171,31850,85,1,1
4237,7644,4819,40,19768,19177,2224,19948,34675,71,1,1
4238,6643,5580,40,15088,14447,1102,15289,28644,79,1,1
4239,6712,2826,40,12784,12383,2084,12954,24616,46,1,1
4240,6212,4749,40,16681,16100,1482,16872,29365,70,1,1
4241,3657,952,40,12694,12484,1653,12844,19146,19,1,1
4242,12834,7064,40,31379,30639,5300,31589,56817,89,1,2
4243,5982,4378,40,28073,27502,7525,28253,46178,62,1,2
4244,1854,471,40,7114,6953,1382,7254,11001,10,1,1
4245,2304,110,40,7515,7434,1833,7655,11962,1,1,1
4246,4168,1943,41,13245,12934,3416,13416,22993,34,1,1
4247,7805,6252,40,21130,20449,2745,21330,38182,86,1,1
4248,5630,3667,40,20880,20399,1363,21060,31770,56,1,1
4249,6713,5129,40,19326,18725,3988,19507,35387,74,1,1
4250,6442,5621,40,16972,16331,1102,17172,30367,80,1,1
4251,6483,4588,41,15489,14948,2404,15680,29195,66,1,1
4252,7464,3897,40,19016,18535,1553,19186,32140,56,1,1
4253,6483,4969,40,17393,16802,1012,17573,30077,71,1,1
4254,7023,4850,40,15800,15239,2014,15990,29927,69,1,1
4255,4829,370,40,17232,17102,1704,17382,24336,8,1,1
4256,4279,1162,40,13886,13656,3076,14046,22603,21,1,1
4257,8215,3236,40,26070,25628,1723,26250,39474,46,1,2
4258,3957,822,40,11852,11662,1653,12002,18475,16,1,1
4259,11531,6483,40,23204,22513,16912,23404,58390,86,1,1
4260,3908,801,40,7885,7685,1002,8025,13796,17,1,1
4261,6643,2625,40,23905,23505,10971,24065,44354,40,1,2
4262,8386,5029,40,9307,8716,982,9498,23955,72,1,1
4263,3717,190,40,6603,6493,1082,6743,11772,4,1,1
4264,7444,5941,40,16851,16170,2705,17053,33183,85,1,1
4265,7825,5570,40,20549,19917,4028,20739,38202,78,1,1
4266,6342,5190,40,21380,20749,1633,21560,34766,76,1,1
4267,7093,5190,40,20759,20148,2535,20950,35818,75,1,1
4268,4378,2545,40,12854,12494,1402,13025,21390,40,1,1
4269,7023,3938,40,14427,13957,2615,14607,28243,57,1,1
4270,6322,4749,40,20700,20118,2044,20880,34055,70,1,1
4271,5601,1212,41,17683,17443,2294,17844,26981,24,1,1
4272,5310,4177,40,15389,14858,992,15579,26119,64,1,1
4273,4018,1673,40,12133,11843,1323,12293,19347,30,1,1
4274,6282,4328,40,32141,31590,5250,32331,48231,62,1,2
4275,2194,551,40,11512,11352,1733,11662,16180,12,1,1
4276,4178,882,40,11772,11572,1643,11933,18666,18,1,1
4277,3085,772,40,29616,29406,14007,29756,47680,14,1,2
4278,2004,490,40,17423,17262,11321,17564,31429,11,1,1
4279,7454,7093,40,20158,19427,1042,20369,35998,93,1,1
4280,5961,2535,40,25599,25197,19507,25769,53812,39,1,2
4281,3116,2324,40,18836,18495,611,19006,25107,37,1,1
4282,17032,20529,40,6192,4509,12674,6492,56777,226,1,1
4283,5060,2835,40,18846,18445,11061,19016,38022,45,1,1
4284,5801,5270,40,16161,15689,1333,16331,28775,54,1,1
4285,6582,3326,41,15268,14828,2164,15439,27572,51,1,1
4286,5350,3276,40,19307,18846,1563,19477,29706,53,1,1
4287,11572,8436,40,31229,30387,7134,31449,58621,104,1,2
4288,3035,1072,41,35006,34715,3346,35157,42660,19,1,3
4289,3026,110,40,7504,7414,1873,7645,12714,1,1,1
4290,3557,1643,41,22031,21741,4058,22192,31500,30,1,1
4291,6542,5140,40,14578,13987,2044,14778,28554,74,1,1
4292,6893,4719,40,20599,20018,2214,20780,34646,70,1,1
4293,8235,9098,40,22472,21551,1052,22703,41128,118,1,1
4294,6933,3557,40,18776,18325,3977,18956,33473,53,1,1
4295,7865,7254,40,23024,22262,1172,23224,39565,96,1,1
4296,3907,1132,40,18495,18255,1633,18655,25367,23,1,1
4297,6543,5260,30,15158,14547,1132,15349,28324,74,1,1
4298,7935,3026,40,13235,12834,1703,13405,26119,47,1,1
4299,6592,4879,40,16130,15539,1613,16331,29445,72,1,1
4300,4028,1132,40,11502,11272,1613,11652,18465,22,1,1
4301,13225,6342,40,29696,29014,10720,29897,60224,81,1,2
4302,2705,932,40,25869,25619,4979,26019,34675,17,1,2
4303,4579,631,40,8035,7865,1092,8186,14518,13,1,1
4304,3577,641,40,5991,5811,1353,6142,11763,14,1,1
4305,4118,471,40,7033,6873,1092,7174,12905,11,1,1
4306,6752,4439,40,16642,16081,1803,16822,29866,66,1,1
4307,6843,4769,40,20408,19817,1994,20599,34255,71,1,1
4308,6823,6031,40,24447,23755,1833,24637,39384,85,1,1
4309,5821,4549,40,14297,13756,1213,14477,26120,64,1,1
4310,6663,4298,40,15740,15199,3056,15920,29987,65,1,1
4311,6442,3617,41,18765,18304,2305,18936,31340,52,1,1
4312,6703,5600,40,20188,19547,1162,20388,33894,79,1,1
4313,6753,2495,40,18275,17914,3647,18445,31380,41,1,1
4314,6082,5260,40,15459,14848,1143,15649,28174,75,1,1
4315,4418,1653,40,12224,11922,1633,12384,20128,31,1,1
4316,6713,5129,40,15218,14597,1733,15420,29035,76,1,1
4317,4138,531,40,11482,11332,1683,11632,18034,11,1,1
4318,2715,170,40,24737,24607,11291,24877,39093,3,1,2
4319,5971,2655,41,18695,18324,10370,18866,37902,41,1,1
4320,962,110,40,5090,5000,1693,5230,8055,1,1,1
4321,6181,4900,40,24166,23545,1312,24356,36789,72,1,2
4322,6432,1253,40,17784,17543,17733,17944,43392,22,1,1
4323,14297,16952,40,21531,20048,2395,21811,55505,194,1,2
4324,6532,3657,40,18936,18475,12053,19106,41398,53,1,1
4325,4689,2916,40,18094,17683,1343,18264,27252,47,1,1
4326,6352,3687,40,16160,15690,1863,16341,28273,55,1,1
4327,2835,1984,40,15058,14738,2554,15219,22632,33,1,1
4328,7224,5049,40,15128,14527,1253,15319,28895,73,1,1
4329,2875,171,40,17253,17152,2705,17393,23194,3,1,1
4330,3587,1182,41,11792,11551,1693,11953,18455,22,1,1
4331,3848,741,40,9929,9739,1423,10079,16131,15,1,1
4332,3366,1984,40,12224,11912,4999,12394,22783,33,1,1
4333,7524,6533,40,22062,21350,3286,22262,39655,89,1,1
4334,3637,1012,40,10190,9969,1382,10340,16411,20,1,1
4335,4648,1683,40,17693,17403,1674,17853,25889,29,1,1
4336,6683,4559,40,21751,21200,5000,21941,38233,66,1,1
4337,7033,5020,40,15459,14868,1914,15639,29656,72,1,1
4338,6752,5120,40,21932,21341,3206,22132,37250,73,1,1
4339,7605,7825,40,22142,21330,1092,22352,38924,103,1,1
4340,6963,2685,40,19988,19607,5541,20158,35407,43,1,1
4341,7074,5640,40,19117,18474,1422,19317,33493,80,1,1
4342,5641,1874,40,17984,17703,8406,18154,34125,30,1,1
4343,3637,1443,40,15429,15179,1683,15589,22392,25,1,1
4344,4128,591,40,10890,10720,1683,11041,17483,13,1,1
4345,2525,1463,40,18946,18695,2966,19096,26090,25,1,1
4346,6623,4619,40,13435,12884,1263,13625,26160,67,1,1
4347,10229,4920,40,19938,19377,11732,20128,47049,69,1,1
4348,7544,4379,40,16501,15980,1503,16691,30147,63,1,1
4349,5501,2514,40,18755,18394,9388,18926,36369,39,1,1
4350,7704,4870,40,11301,10720,1593,11491,25698,70,1,1
4351,4168,280,41,7674,7554,1623,7825,13936,6,1,1
4352,4889,401,40,7855,7715,1473,7995,14818,9,1,1
4353,9258,4198,40,14387,13856,4078,14577,32151,63,1,1
4354,6082,2995,40,19987,19557,2454,20148,31730,48,1,1
4355,6793,5100,40,21611,21000,2795,21801,36539,75,1,1
4356,7153,5370,41,23013,22392,1723,23204,37490,76,1,1
4357,8386,8526,40,26601,25738,1042,26821,44835,111,1,1
4358,6382,3467,40,32852,32362,13285,33022,56196,53,1,2
4359,2846,2104,40,20048,19737,5050,20218,30258,34,1,1
4360,6602,2284,40,18555,18204,8275,18726,35917,37,1,1
4361,6783,6292,40,15179,14508,1152,15379,29656,84,1,1
4362,6573,3146,40,13034,12614,1973,13205,24947,48,1,1
4363,6483,5280,40,16772,16161,1613,16962,30398,74,1,1
4364,4007,1002,40,12925,12714,1633,13075,19767,20,1,1
4365,12474,10841,40,32571,31540,10960,32812,67127,129,1,2
4366,3156,1744,40,25879,25548,5731,26039,36720,30,1,2
4367,3156,180,40,7364,7254,1513,7504,12393,4,1,1
4368,4128,431,40,5471,5330,992,5621,11212,9,1,1
4369,2615,521,40,10710,10560,3036,10860,17082,11,1,1
4370,7274,4528,40,29837,29255,1823,30027,43712,66,1,2
4371,6792,5200,40,16662,16060,2725,16852,31619,73,1,1
4372,7264,5380,41,20368,19747,2054,20559,35307,77,1,1
4373,7033,5381,40,19857,19216,1153,20057,33654,79,1,1
4374,6572,3136,40,31450,31009,2905,31610,44283,46,1,2
4375,8335,6252,41,21310,20599,3537,21521,39685,90,1,1
4376,4228,1663,40,17804,17513,1563,17964,25468,30,1,1
4377,2716,741,40,10139,9969,2484,10289,16281,14,1,1
4378,5561,1743,40,12624,12323,1563,12784,21681,30,1,1
4379,6412,4528,40,14056,13515,1894,14247,27141,67,1,1
4380,3928,410,41,11391,11251,1703,11542,17623,9,1,1
4381,3988,581,40,11562,11392,1864,11712,18175,12,1,1
4382,5651,2475,40,26510,26099,17924,26670,52770,39,1,2
4383,2565,511,40,17383,17223,15529,17533,36188,11,1,1
4384,4037,2765,40,1372,1002,2435,1542,10830,42,1,1
4385,4418,972,40,5631,5420,1122,5781,12333,18,1,1
4386,5541,4078,40,17112,16611,2776,17302,29737,60,1,1
4387,7244,5230,40,20288,19667,4098,20478,37100,75,1,1
4388,8456,5731,40,25278,24617,1333,25468,41048,81,1,1
4389,7154,2244,40,19397,19056,1723,19567,30738,37,1,1
4390,4689,3125,40,15419,14978,1312,15580,24756,49,1,1
4391,6172,3888,40,15359,14858,1332,15529,26981,59,1,1
4392,6543,4478,40,19056,18505,1664,19246,31961,66,1,1
4393,8967,3226,40,18585,18184,1553,18765,32551,47,1,1
4394,7545,5179,40,13766,13155,1773,13957,28494,74,1,1
4395,6573,5029,40,30097,29476,5451,30297,47400,73,1,2
4396,3076,611,40,7965,7805,1443,8115,13275,12,1,1
4397,13586,14508,40,26620,25318,1714,26870,56728,170,1,1
4398,6392,5240,40,14968,14377,2696,15158,29546,72,1,1
4399,7474,6592,40,21501,20770,1543,21711,37361,92,1,1
4400,7795,7514,41,23534,22743,1052,23745,40156,101,1,1
4401,6782,3707,40,29064,28564,4218,29246,43993,53,1,2
4402,6543,4949,40,19537,18946,4328,19727,35577,71,1,1
4403,5310,2524,40,18815,18455,1503,18986,28363,41,1,1
4404,4138,2564,40,16511,16140,1383,16671,24797,40,1,1
4405,4008,1282,40,16031,15770,1683,16191,23204,25,1,1
4406,6252,5029,40,17333,16741,2134,17533,30988,72,1,1
4407,3006,391,40,10921,10780,1733,11061,16241,9,1,1
4408,2274,361,40,25468,25308,6282,25618,34585,7,1,2
4409,2996,1463,40,9628,9358,2104,9778,16401,26,1,1
4410,5701,3947,40,28103,27572,3517,28284,41479,59,1,2
4411,4920,1312,30,9258,8997,1533,9398,17213,25,1,1
4412,1182,120,40,8957,8867,2124,9097,12553,1,1,1
4413,1624,521,40,12323,12183,5310,12473,19958,10,1,1
4414,4679,2264,41,18945,18615,2976,19116,29065,36,1,1
4415,7534,5641,30,17012,16361,2896,17202,33323,80,1,1
4416,8025,5951,40,20619,19957,1563,20810,36399,82,1,1
4417,6913,5600,40,19627,18986,1252,19818,33633,79,1,1
4418,6042,4438,40,35307,34727,8827,35487,54844,66,1,2
4419,6543,4328,40,12654,12113,2144,12834,25899,65,1,1
4420,3236,1353,40,17864,17604,5621,18024,28284,25,1,1
4421,6112,5150,40,19146,18535,1192,19336,31830,75,1,1
4422,6853,5580,41,14888,14247,1853,15089,29435,80,1,1
4423,3737,1172,40,11642,11411,1623,11803,18365,22,1,1
4424,13175,8897,40,30458,29585,12293,30668,65083,106,1,2
4425,7935,5620,41,33753,33093,5140,33944,52679,72,1,3
4426,2896,471,40,5450,5310,1854,5600,10861,10,1,1
4427,2204,1273,40,14978,14728,3066,15138,21721,23,1,1
4428,8436,6011,40,21030,20359,3046,21230,38753,82,1,1
4429,7024,5770,40,19396,18735,1713,19587,34155,81,1,1
4430,7034,5901,40,20148,19487,1573,20348,34896,82,1,1
4431,6281,4639,40,19006,18414,1212,19197,31369,71,1,1
4432,6101,3006,40,29155,28725,2996,29325,41458,43,1,2
4433,6852,5651,40,20970,20338,4258,21170,37971,79,1,1
4434,2094,120,40,17002,16912,2514,17142,21911,1,1,1
4435,5110,311,40,10990,10870,9127,11141,25719,7,1,1
4436,7464,2855,40,14808,14437,9087,14979,34445,43,1,1
4437,1452,171,40,7253,7153,7073,7394,16140,3,1,1
4438,13566,15519,40,15971,14608,6953,16251,52329,181,1,1
4439,2966,250,40,11322,11202,1723,11462,16451,6,1,1
4440,5961,1904,40,18334,18034,14337,18495,40757,32,1,1
4441,3446,2004,40,13436,13095,2835,13586,21931,35,1,1
4442,6662,4930,40,21290,20709,4809,21480,37931,71,1,1
4443,3587,200,40,6984,6863,1092,7114,12043,4,1,1
4444,8346,8586,40,23655,22763,1252,23865,42099,113,1,1
4445,6943,4789,40,19267,18705,4468,19457,35707,69,1,1
4446,5971,5150,40,24547,23945,1272,24737,37170,72,1,1
4447,5029,1783,40,18254,17954,1563,18415,26830,31,1,1
4448,5921,4980,40,18585,17984,1192,18785,30918,74,1,1
4449,6863,5531,40,21020,20398,1452,21220,35096,76,1,1
4450,6472,5220,40,20128,19517,1553,20328,33613,75,1,1
4451,11081,8426,40,34075,33224,10149,34285,64001,105,1,2
4452,3868,410,40,11381,11231,2074,11521,17924,9,1,1
4453,7544,5911,40,31760,31058,3306,31951,48762,82,1,2
4454,5932,1813,40,11833,11522,1332,11993,21100,32,1,1
4455,12724,12834,41,17432,16270,2194,17694,45486,153,1,1
4456,7855,4518,40,20229,19687,2254,20419,35096,66,1,1
4457,7264,5269,40,14708,14117,4178,14908,31660,73,1,1
4458,3627,1663,40,18555,18255,3387,18715,27432,31,1,1
4459,7103,6963,41,22542,21781,1062,22753,37941,97,1,1
4460,7374,4068,40,19187,18696,4388,19367,35247,58,1,1
4461,7243,6262,40,19997,19286,1092,20198,34836,89,1,1
4462,6512,3066,40,18375,17964,6883,18555,35056,47,1,1
4463,3607,1603,40,10841,10550,1422,11001,17663,29,1,1
4464,6522,3827,41,14998,14507,1353,15179,26921,59,1,1
4465,7504,6121,40,18976,18284,1462,19177,34304,85,1,1
4466,3728,721,40,12965,12784,1663,13115,19287,15,1,1
4467,11252,6993,40,31660,30909,8997,31860,59152,90,1,2
4468,3216,1904,40,10520,10199,6262,10670,22112,32,1,1
4469,6893,5530,40,20399,19758,4579,20599,37642,80,1,1
4470,3707,411,40,7915,7755,1302,8045,13525,10,1,1
4471,4238,1032,40,7905,7685,1092,8065,14457,21,1,1
4472,13996,14397,40,26089,24827,1212,26350,56005,167,1,1
4473,6973,4809,40,24887,24306,1372,25078,38262,70,1,1
4474,6522,6212,40,21371,20689,1082,21571,35437,85,1,1
4475,7104,4338,40,34325,33765,8166,34515,54173,63,1,2
4476,6913,4388,40,13065,12524,2595,13255,27201,65,1,1
4477,3497,1092,40,17814,17593,4117,17974,26710,20,1,1
4478,12303,12484,40,18766,17614,1703,19016,45556,151,1,1
4479,8005,5952,40,27372,26661,1753,27552,43312,82,1,2
4480,4008,601,40,11582,11392,1683,11722,18064,14,1,1
4481,3156,321,40,25027,24857,15369,25157,44053,6,1,2
4482,5951,2645,40,24356,23975,10180,24526,43352,40,1,2
4483,3486,1112,41,8926,8696,971,9078,14697,21,1,1
4484,3878,431,40,6843,6693,1022,6993,12374,11,1,1
4485,2986,1152,40,19176,18906,3016,19326,26520,21,1,2
4486,7293,4188,41,20037,19537,6812,20218,38552,60,1,1
4487,6823,5631,40,17894,17263,1423,18094,32011,79,1,1
4488,7354,5650,40,20428,19807,4548,20618,38222,77,1,1
4489,5981,4649,40,19798,19217,1222,19988,31890,70,1,1
4490,6132,2615,40,32542,32161,3376,32712,44875,39,1,2
4491,6713,5210,40,13295,12704,2946,13485,28404,72,1,1
4492,6883,5941,41,30317,29616,1122,30508,44514,82,1,2
4493,5340,2665,40,9128,8777,1232,9298,18575,40,1,1
4494,6592,5020,40,14087,13496,1663,14277,27592,72,1,1
4495,4038,591,40,11492,11322,1754,11642,18065,12,1,1
4496,11421,6152,40,21761,21110,18666,21961,58260,82,1,1
4497,3146,1743,40,13987,13696,2304,14147,21380,30,1,1
4498,6853,5170,40,20819,20228,6953,21009,40035,73,1,1
4499,2795,181,40,7294,7183,1242,7434,11692,4,1,1
4500,4699,2775,40,16491,16101,2255,16651,26430,44,1,1
4501,6672,3587,40,26390,25889,19076,26560,55945,54,1,2
4502,3387,2404,41,16701,16371,5040,16872,27753,37,1,1
4503,4719,1393,40,14768,14518,1613,14928,22693,24,1,1
4504,5831,2655,40,18285,17904,12143,18455,39134,42,1,1
4505,5610,3998,40,16712,16191,1332,16902,27882,63,1,1
4506,6593,4548,41,17362,16821,1293,17553,30047,67,1,1
4507,6843,5501,30,20799,20158,1483,20989,34856,78,1,1
4508,10019,6423,40,33293,32632,7905,33493,57880,77,1,2
4509,3136,230,40,16602,16461,3827,16742,23975,4,1,2
4510,4108,3216,41,20418,19977,3377,20589,31340,50,1,1
4511,5981,3407,40,8135,7675,1082,8305,18825,53,1,1
4512,3497,771,41,8315,8125,1443,8456,14227,16,1,1
4513,12474,11271,40,18134,17113,2424,18375,44584,134,1,1
4514,7254,4689,40,20779,20198,2094,20969,35046,69,1,1
4515,8146,7534,40,16672,15890,1723,16892,34335,100,1,1
4516,6703,5671,40,22202,21561,2745,22402,37551,79,1,1
4517,7554,6161,40,21130,20438,1082,21331,36168,86,1,1
4518,5841,2515,40,21911,21531,1433,22071,31910,42,1,1
4519,7093,2996,40,19767,19337,3406,19947,33493,49,1,1
4520,7214,6261,40,24546,23855,1132,24757,39404,87,1,1
4521,5771,2014,40,18125,17794,5710,18285,31820,35,1,1
4522,10500,3497,40,14026,13586,19176,14196,47410,50,1,1
4523,3486,1102,40,12102,11892,13054,12254,29936,19,1,1
4524,16000,20830,40,17683,16000,6863,17984,61737,227,1,1
4525,4508,1934,40,8106,7785,10399,8266,25157,34,1,1
4526,15890,21180,40,23574,21821,13997,23895,75002,236,1,1
4527,8777,5089,40,29687,29065,11552,29877,55345,71,1,2
4528,2535,1333,30,27041,26741,9909,27191,41028,25,1,2
4529,3467,521,40,7043,6903,7044,7193,18275,10,1,1
4530,1754,120,40,7755,7654,1883,7895,11682,1,1,1
4531,3827,1473,40,13195,12924,3386,13345,22081,27,1,1
4532,6632,4088,40,20569,20058,4609,20749,36118,61,1,1
4533,6703,5621,40,18775,18124,1363,18975,32702,80,1,1
4534,7144,5410,40,20479,19848,4639,20669,37912,78,1,1
4535,6482,6232,40,20709,20018,1122,20899,34775,85,1,1
4536,6563,2535,40,31009,30627,7935,31179,48262,39,1,2
4537,7073,4609,40,16482,15940,3637,16662,32031,65,1,1
4538,7715,3987,40,18675,18184,4058,18846,34656,57,1,1
4539,4869,3206,40,13465,13025,1412,13646,23173,52,1,1
4540,4389,1132,40,12263,12043,1594,12423,19588,21,1,1
4541,7023,4679,40,14548,13967,1643,14728,28133,69,1,1
4542,4147,942,40,11823,11611,1643,11983,18745,19,1,1
4543,9408,4859,40,28214,27622,11281,28394,53992,66,1,2
4544,2725,181,40,5260,5160,6652,5400,14998,4,1,1
4545,15609,19758,40,25418,23775,6923,25708,68038,219,1,1
4546,3797,631,40,7073,6913,971,7214,12663,12,1,1
4547,3787,301,40,6823,6703,1032,6973,12133,7,1,1
4548,5421,3296,40,15940,15499,3487,16110,28364,51,1,1
4549,8066,5791,40,20509,19858,2054,20709,36660,80,1,1
4550,7263,5841,40,19847,19186,2034,20048,35226,82,1,1
4551,7133,5531,40,19948,19326,1943,20138,34795,77,1,1
4552,4739,3567,40,20248,19797,1333,20428,30107,53,1,1
4553,5991,4839,40,21010,20429,2805,21200,34876,71,1,1
4554,6332,1553,40,17874,17603,2134,18034,28103,28,1,1
4555,5280,3547,40,12443,11972,1143,12613,22633,54,1,1
4556,3897,1723,40,11692,11412,1673,11863,19196,29,1,1
4557,6833,5029,40,33955,33333,5189,34145,51236,71,1,2
4558,2816,901,41,12213,12012,1583,12374,17714,18,1,1
4559,3827,331,40,11492,11352,1824,11622,17654,8,1,1
4560,3407,781,40,29405,29195,17233,29556,51017,14,1,2
4561,4138,2625,40,18926,18555,18375,19096,44264,40,1,1
4562,3907,2525,40,1293,932,551,1463,8496,40,1,1
4563,12614,12894,40,22893,21711,1042,23144,49754,156,1,1
4564,7835,4980,40,23344,22753,1884,23534,38273,71,1,1
4565,6141,4970,40,19767,19166,1203,19957,32311,72,1,1
4566,6412,4979,41,22642,22051,2155,22843,36439,73,1,1
4567,11803,11832,40,21872,20760,1152,22112,46939,145,1,1
4568,6873,4369,40,19206,18655,1703,19396,32381,66,1,1
4569,9979,7645,40,33563,32752,12794,33764,64232,98,1,2
4570,2875,1904,40,10169,9879,3727,10329,18885,30,1,1
4571,8366,7434,40,20729,19968,2094,20939,38873,96,1,1
4572,4148,651,40,8386,8226,1453,8536,14848,13,1,1
4573,4078,1533,40,13335,13065,3747,13495,22903,27,1,1
4574,6383,4057,40,20108,19597,1593,20299,32372,62,1,1
4575,6913,5431,40,15660,15008,2384,15840,30628,79,1,1
4576,6793,5480,40,21100,20469,2164,21300,35777,79,1,1
4577,7925,7864,40,20519,19667,1152,20729,37711,107,1,1
4578,6302,2415,40,34565,34185,12293,34735,55785,37,1,2
4579,7555,5520,40,21150,20519,3627,21350,38092,78,1,1
4580,6903,4228,40,19126,18585,3797,19306,34284,64,1,1
4581,6282,5510,40,15689,15048,1173,15870,28885,77,1,1
4582,6853,3657,40,13115,12653,1563,13295,25408,53,1,1
4583,6272,5209,40,15860,15249,1673,16061,29245,75,1,1
4584,3707,661,40,11392,11211,1683,11542,17643,14,1,1
4585,13516,9408,40,31980,31049,8355,32200,63520,115,1,2
4586,3006,1293,40,25568,25298,6483,25728,36560,23,1,2
4587,4619,1532,40,8325,8055,1041,8486,15719,28,1,1
4588,4218,1222,40,6012,5761,1042,6162,12694,24,1,1
4589,1092,120,40,6452,6342,1623,6593,9458,1,1,1
4590,4077,221,40,9007,8897,1493,9147,14978,5,1,1
4591,6622,4138,40,13957,13456,3346,14137,28293,60,1,1
4592,3206,2164,40,19427,19086,2645,19597,27652,37,1,1
4593,7133,5771,40,17854,17203,1353,18054,32361,81,1,1
4594,7364,5330,40,20909,20288,4799,21110,38643,77,1,1
4595,6061,4078,40,18606,18124,1312,18786,30287,58,1,1
4596,6472,3997,40,31549,31019,7855,31730,50094,59,1,2
4597,6572,4549,40,14627,14067,4208,14818,30177,67,1,1
4598,2405,761,40,17423,17243,4419,17573,25198,15,1,1
4599,4849,3306,40,14667,14187,1362,14859,24436,55,1,1
4600,4078,611,40,11362,11202,1663,11512,17914,13,1,1
4601,6823,4989,40,14347,13736,2144,14538,28554,74,1,1
4602,4067,752,40,11662,11462,1663,11812,18334,16,1,1
4603,2094,120,40,7054,6964,6753,7194,16201,1,1,1
4604,16141,20779,40,26350,24646,12494,26660,76124,228,1,1
4605,2505,1102,40,17954,17744,12644,18114,34405,19,1,1
4606,1964,170,40,5110,5020,1332,5250,8766,3,1,1
4607,4038,2464,41,28233,27831,1573,28404,36529,41,1,2
4608,14948,5911,40,27512,26881,14969,27712,63570,74,1,2
4609,3307,2274,40,19437,19086,2024,19597,27252,37,1,1
4610,7434,3917,40,19006,18525,12624,19187,43222,57,1,1
4611,11642,4238,40,11011,10510,19377,11191,46488,58,1,1
4612,3647,1713,40,9608,9318,11683,9758,26851,30,1,1
4613,16732,22502,40,24226,22412,14738,24537,78549,243,1,1
4614,1193,160,40,7314,7224,7314,7454,16181,3,1,1
4615,17233,21130,40,24356,22613,20679,24666,83748,234,1,1
4616,952,120,40,17343,17253,2555,17483,21150,1,1,1
4617,3727,1172,40,9367,9117,1764,9508,16231,23,1,1
4618,5621,3386,40,9669,9228,1422,9849,20318,52,1,1
4619,6332,4950,40,31870,31259,6513,32050,49885,68,1,2
4620,2795,832,40,10039,9839,1443,10179,15299,16,1,1
4621,2124,110,40,11161,11081,2554,11302,16150,1,1,1
4622,5881,1964,40,18765,18445,9548,18915,36369,33,1,1
4623,6492,5530,40,15659,15028,1693,15859,29626,78,1,1
4624,7113,4910,40,21721,21120,6903,21901,40867,72,1,1
4625,7584,7574,40,23584,22783,1022,23805,40015,102,1,1
4626,7084,3867,40,19958,19467,3917,20138,35046,57,1,1
4627,7825,6342,40,23925,23224,1423,24135,39755,88,1,1
4628,6402,3266,41,20889,20458,1423,21060,32191,48,1,1
4629,4238,2625,40,16822,16421,1363,16992,25258,45,1,1
4630,6903,3477,40,16311,15850,1603,16491,28524,54,1,1
4631,2605,1563,40,13987,13716,711,14147,19066,27,1,1
4632,12614,12393,40,15719,14557,1032,15961,42040,151,1,1
4633,10660,7885,41,31770,30938,6262,31981,56828,101,1,2
4634,6342,4138,40,28574,28044,5852,28754,45146,59,1,2
4635,3817,501,40,7715,7554,1563,7845,13786,10,1,1
4636,2906,381,40,8225,8075,1513,8365,13215,9,1,1
4637,7685,5290,40,14888,14267,2806,15088,30909,77,1,1
4638,7033,4799,40,21150,20559,1273,21340,34495,72,1,1
4639,6893,5451,40,23885,23244,1493,24085,37972,79,1,1
4640,7363,5740,40,18364,17723,1103,18565,32812,80,1,1
4641,6873,3818,40,19046,18535,1322,19226,31279,60,1,1
4642,7213,2836,40,25378,24977,1834,25548,37481,41,1,2
4643,7874,6743,40,20439,19697,4920,20649,40226,92,1,1
4644,7234,4558,41,19136,18595,3336,19327,34505,66,1,1
4645,6863,6422,30,15540,14828,1132,15740,30207,89,1,1
4646,7063,3446,40,13165,12714,1833,13345,25738,53,1,1
4647,7234,5731,40,16371,15710,1463,16561,31039,81,1,1
4648,3907,942,40,12975,12764,1633,13135,19657,19,1,1
4649,12133,7885,40,30618,29807,12043,30838,62929,98,1,2
4650,2996,1673,40,26139,25829,5139,26300,36158,27,1,2
4651,5239,912,40,7925,7725,1092,8076,15369,18,1,1
4652,3868,1002,40,5791,5580,1052,5941,11923,19,1,1
4653,8356,7925,41,25708,24887,1233,25919,43483,103,1,1
4654,4268,1312,40,7174,6933,1022,7334,13976,24,1,1
4655,6362,4919,41,17342,16731,3136,17533,31990,73,1,1
4656,14507,11302,40,22372,21290,1022,22612,49483,141,1,1
4657,11842,10099,40,24025,23024,1793,24265,48051,130,1,1
4658,6453,5079,41,19637,19036,2154,19828,33564,73,1,1
4659,4859,290,41,18344,18214,1734,18485,25428,7,1,1
4660,6332,1573,40,17904,17613,1543,18064,27552,29,1,1
4661,2935,822,40,11833,11642,2224,11983,18004,15,1,1
4662,6733,2835,40,12654,12253,1432,12835,23875,46,1,1
4663,6473,4969,40,14297,13726,1553,14487,27532,70,1,1
4664,3907,210,40,11281,11171,1723,11422,17312,5,1,1
4665,2425,110,40,11061,10971,2244,11201,16040,1,1,1
4666,6261,1924,40,25669,25328,13896,25819,47950,32,1,2
4667,2114,221,40,17253,17142,12353,17393,32121,5,1,1
4668,2915,391,40,5591,5451,1823,5741,10910,9,1,1
4669,1844,992,40,15078,14878,2996,15238,21120,18,1,1
4670,7303,4980,40,20379,19788,2685,20569,35587,71,1,1
4671,7485,6963,40,25528,24777,1473,25738,41699,94,1,1
4672,5209,3908,40,14968,14477,1263,15148,25578,58,1,1
4673,7705,5600,40,15319,14688,2204,15520,31069,78,1,1
4674,7434,4739,40,35848,35237,3747,36038,51988,69,1,2
4675,7214,4859,40,20459,19888,2154,20649,34916,70,1,1
4676,3998,1142,40,17844,17594,1613,17994,24797,24,1,1
4677,6432,3757,40,13515,13034,1483,13696,25408,57,1,1
4678,5941,3977,40,29115,28574,2225,29295,41479,58,1,2
4679,3637,961,41,8005,7794,1503,8166,14307,20,1,1
4680,10610,9418,40,18164,17263,2325,18384,40777,114,1,1
4681,7885,5220,30,21040,20419,1934,21230,36319,75,1,1
4682,7194,6111,40,15550,14869,1964,15740,31059,85,1,1
4683,7334,5480,40,21410,20739,1433,21611,35888,82,1,1
4684,7204,6572,40,28594,27883,1133,28804,43743,90,1,1
4685,6903,4699,40,30668,30067,3376,30848,45866,67,1,2
4686,6963,5019,40,20368,19767,5571,20559,38152,72,1,1
4687,7524,4809,40,19697,19126,1293,19887,33554,69,1,1
4688,4178,2315,40,14948,14588,1403,15118,23054,40,1,1
4689,7895,4218,40,13034,12523,1563,13225,26941,62,1,1
4690,6462,5641,40,17093,16441,2074,17293,31510,79,1,1
4691,3616,411,40,10641,10489,1813,10781,16671,9,1,1
4692,1994,460,40,29085,28894,9728,29226,41458,10,1,2
4693,2886,1162,40,10209,9969,5210,10369,19657,23,1,1
4694,8486,7033,40,20659,19927,3506,20870,39925,92,1,1
4695,5040,290,40,7475,7343,1032,7615,14027,7,1,1
4696,4088,1232,40,8316,8076,1042,8466,14888,23,1,1
4697,3577,301,40,7705,7574,1462,7835,13225,6,1,1
4698,4559,1823,41,13535,13245,3737,13706,23875,31,1,1
4699,6823,4369,40,20679,20158,4048,20859,36149,62,1,1
4700,6803,5420,40,24276,23655,1513,24476,38252,77,1,1
4701,10500,4529,40,19377,18856,17042,19567,51678,62,1,1
4702,7074,2635,40,16822,16441,10450,16982,37201,42,1,1
4703,3787,1373,40,14026,13786,7844,14187,27221,23,1,1
4704,3727,1924,40,18074,17774,2534,18235,26460,32,1,1
4705,6452,3096,40,9838,9428,14788,10019,34395,48,1,1
4706,10900,10971,40,23515,22463,11962,23755,57628,137,1,1
4707,3547,731,40,17183,16993,1914,17343,23565,16,1,1
4708,4118,1593,40,13446,13165,2334,13606,21701,29,1,1
4709,7214,3186,40,13005,12584,1993,13185,25608,48,1,1
4710,6512,5631,40,19186,18555,1643,19376,33213,77,1,1
4711,10660,8396,40,29906,29055,11111,30117,60344,103,1,2
4712,2625,1253,40,25618,25348,6332,25778,36018,21,1,2
4713,2906,691,40,6933,6743,1343,7083,12063,15,1,1
4714,2725,151,40,5230,5130,1362,5360,9658,3,1,1
4715,2234,842,40,13966,13776,3357,14116,20589,16,1,1
4716,7153,5120,40,20689,20068,2104,20889,35296,76,1,1
4717,6773,5631,40,20148,19507,1693,20348,34485,80,1,1
4718,6753,5611,40,21210,20569,1703,21390,35517,78,1,1
4719,5651,4158,40,16992,16481,1403,17182,28434,61,1,1
4720,7294,5320,40,15679,15078,2104,15880,30648,75,1,1
4721,3877,831,40,17543,17353,1683,17683,24125,16,1,1
4722,7223,5661,40,20078,19437,1303,20278,34515,80,1,1
4723,3497,892,40,17794,17603,1673,17944,24056,16,1,1
4724,6993,3266,40,12483,12063,1423,12664,24376,49,1,1
4725,7624,2906,40,11111,10710,1433,11291,23294,45,1,1
4726,6242,4258,40,13646,13125,1723,13826,26109,62,1,1
4727,2535,110,41,10960,10860,2365,11091,16151,1,1,1
4728,4308,1022,40,29987,29737,18355,30137,53872,18,1,2
4729,1623,631,40,18195,18014,691,18345,21330,13,1,1
4730,16872,19727,40,5881,4258,15008,6172,57829,216,1,1
4731,3897,441,41,6913,6772,972,7064,12424,10,1,1
4732,10269,8857,40,25008,24116,1042,25228,45436,113,1,1
4733,6783,4188,40,21040,20549,3166,21230,35407,59,1,1
4734,6632,5020,40,22703,22122,1262,22893,35857,71,1,1
4735,6833,4468,40,19557,19026,2275,19747,33353,64,1,1
4736,6071,3777,40,13887,13385,1052,14067,24997,58,1,1
4737,7033,5440,40,18815,18204,1643,19006,33172,75,1,1
4738,6001,4348,41,19556,19016,1853,19728,31990,64,1,1
4739,10520,7865,40,33113,32331,8396,33313,60134,96,1,2
4740,4980,3176,40,31319,30858,3998,31499,43683,49,1,2
4741,9758,8326,40,16071,15228,2415,16281,36820,107,1,1
4742,7564,4519,40,20970,20419,1914,21160,35197,67,1,1
4743,7203,6022,40,16301,15640,2605,16501,32371,83,1,1
4744,6943,5500,40,20900,20239,1803,21080,35386,80,1,1
4745,10250,10299,40,20720,19737,2324,20950,43863,127,1,1
4746,7284,5219,40,21771,21180,1653,21972,36178,73,1,1
4747,7044,5831,40,14427,13786,2034,14617,29576,79,1,1
4748,7424,6282,41,22632,21921,2736,22833,39305,88,1,1
4749,4398,2575,40,15259,14878,1373,15429,23815,42,1,1
4750,6994,4388,40,14728,14187,1493,14908,27823,64,1,1
4751,6272,4829,40,18054,17473,1653,18245,31059,70,1,1
4752,3907,1333,40,13014,12744,1593,13165,20038,26,1,1
4753,13505,11282,40,33313,32352,10480,33643,68970,121,1,2
4754,3296,1974,40,10580,10280,6041,10750,22102,33,1,1
4755,7735,6192,40,20629,19938,3587,20829,38393,87,1,1
4756,4188,782,40,15309,15099,1473,15459,21962,14,1,2
4757,2244,321,40,12554,12433,631,12704,15940,7,1,1
4758,17293,16852,40,23164,21731,5430,23444,63049,191,1,1
4759,6842,5791,40,17373,16711,1603,17564,31860,82,1,1
4760,5982,2524,40,18705,18344,14998,18866,42410,39,1,1
4761,7323,6543,40,21451,20729,1072,21661,36639,91,1,1
4762,7575,3476,40,18696,18245,2324,18876,32301,53,1,1
4763,7134,5901,40,21992,21311,1152,22182,36429,84,1,1
4764,6472,3016,40,18365,17954,1723,18535,29796,47,1,1
4765,4879,3427,40,15219,14738,1242,15399,24977,55,1,1
4766,6352,3868,30,24897,24386,1603,25077,36940,56,1,2
4767,3006,371,40,11511,11371,2023,11652,17102,8,1,1
4768,3477,631,40,24657,24457,12373,24797,41318,12,1,2
4769,3106,661,40,5680,5500,2064,5821,11702,15,1,1
4770,4658,3616,40,20739,20268,6121,20920,35366,55,1,1
4771,4138,881,41,8055,7844,1092,8206,14357,17,1,1
4772,3838,200,40,6753,6643,1022,6893,11993,4,1,1
4773,2825,301,40,13075,12905,2555,13215,18936,7,1,2
4774,7925,5811,40,22984,22333,2254,23184,39224,82,1,1
4775,6473,5340,40,25278,24647,1242,25478,38573,77,1,1
4776,6212,5440,40,19146,18505,1192,19337,32241,79,1,1
4777,7074,4578,40,33693,33093,3396,33874,48983,67,1,2
4778,8316,4969,40,14407,13846,3487,14598,31410,69,1,1
4779,8235,7705,40,33373,32542,1062,33594,50636,101,1,2
4780,6141,4298,40,18986,18445,1993,19177,31649,65,1,1
4781,4729,440,40,11682,11531,1683,11823,18725,11,1,1
4782,12133,6773,40,20829,20158,13466,21039,53461,85,1,1
4783,3346,2345,40,14187,13866,2484,14357,22582,36,1,1
4784,7073,5460,40,21621,21019,4819,21822,39214,75,1,1
4785,1713,120,40,6803,6713,651,6943,9467,1,1,1
4786,16131,10459,40,21290,20298,1673,21520,49814,127,1,1
4787,7554,4168,40,21050,20539,4679,21230,37671,60,1,1
4788,8296,7524,40,25539,24736,4789,25739,46398,101,1,1
4789,5861,2234,40,20519,20189,1523,20689,30367,37,1,1
4790,5310,3948,40,18214,17713,1293,18394,28985,60,1,1
4791,7043,4459,40,16662,16111,1382,16842,29776,66,1,1
4792,5741,4389,40,20499,19948,1262,20689,32131,66,1,1
4793,9448,7834,40,33543,32731,10690,33754,61776,98,1,2
4794,3347,1522,40,9788,9528,2325,9939,17183,26,1,1
4795,5410,2625,40,19898,19547,1613,20068,29746,38,1,1
4796,4118,421,40,7955,7805,1483,8105,14157,11,1,1
4797,12974,13245,41,17703,16531,2315,17964,46538,155,1,1
4798,7424,5701,40,21731,21080,1633,21921,36719,80,1,1
4799,6753,5250,40,15209,14598,2685,15399,30137,75,1,1
4800,8015,6312,41,23143,22442,1593,23334,39304,86,1,1
4801,7865,7434,40,23424,22623,1052,23634,40045,102,1,1
4802,6853,3877,40,20178,19687,2936,20358,34064,58,1,1
4803,7274,6232,40,23945,23244,1203,24145,38914,87,1,1
4804,4428,1162,40,18775,18555,1643,18926,26209,21,1,1
4805,5110,3587,40,18305,17834,1312,18485,28554,55,1,1
4806,6673,4659,40,18685,18114,2756,18865,32993,68,1,1
4807,9478,5801,40,30127,29446,10841,30317,56477,79,1,2
4808,2976,1783,41,9888,9598,4549,10049,19417,30,1,1
4809,7955,5741,40,20409,19738,2966,20609,37301,82,1,1
4810,4529,801,40,7224,7023,1092,7374,13846,17,1,1
4811,3777,421,40,8035,7885,1483,8185,13896,10,1,1
4812,2786,741,40,12454,12284,3958,12614,20149,15,1,1
4813,6493,3616,40,20118,19637,6612,20289,37060,55,1,1
4814,6612,4639,40,17273,16712,1453,17453,30217,68,1,1
4815,8025,6102,40,21050,20349,3767,21250,39184,86,1,1
4816,6873,6122,40,21000,20329,1142,21200,35367,84,1,1
4817,6633,3156,40,33523,33072,7814,33694,51337,47,1,2
4818,6753,4990,40,20358,19777,4468,20538,36800,70,1,1
4819,6413,3436,40,18485,18035,3858,18665,32412,52,1,1
4820,5380,3877,40,15820,15318,1273,16000,26570,59,1,1
4821,5080,782,40,12894,12704,1643,13044,20599,16,1,1
4822,6983,5270,40,15850,15239,1873,16051,30217,76,1,1
4823,3266,391,40,11442,11302,1813,11572,17102,8,1,1
4824,7604,3156,41,28794,28343,4879,28975,44664,48,1,2
4825,5901,2715,41,24105,23694,1693,24276,34635,42,1,2
4826,3778,480,40,7374,7233,1002,7524,12825,9,1,1
4827,3788,290,40,6673,6543,1142,6813,12073,6,1,1
4828,5650,3636,40,15950,15479,3076,16131,28544,57,1,1
4829,6973,4138,40,19988,19486,1854,20178,33183,61,1,1
4830,6723,5681,30,18485,17844,2325,18675,33454,79,1,1
4831,6793,5209,40,20108,19507,1513,20309,33864,75,1,1
4832,4950,3596,40,17433,16972,1382,17614,27592,54,1,1
4833,5981,3787,40,19416,18916,1332,19597,30738,59,1,1
4834,7124,5290,40,20980,20359,1533,21170,35167,76,1,1
4835,6102,1533,40,17834,17563,1683,17994,27372,28,1,1
4836,5821,3927,40,13947,13435,1252,14127,25167,61,1,1
4837,6182,4508,40,14156,13605,3978,14347,29065,67,1,1
4838,8616,7144,40,21841,21080,2666,22041,40527,96,1,1
4839,4519,1072,40,12173,11943,1423,12313,19377,20,1,1
4840,4188,571,41,11491,11321,1684,11622,18125,12,1,1
4841,2034,170,40,29085,28944,561,29226,32041,3,1,2
4842,17733,10459,40,3416,2474,29376,3647,61266,123,1,1
4843,8266,6372,40,20830,20128,15269,21040,50987,88,1,1
4844,4047,1764,40,20018,19737,1463,20178,27512,29,1,1
4845,6742,4048,40,14718,14227,3176,14908,28904,59,1,1
4846,3216,2034,40,18946,18625,2685,19106,27081,33,1,1
4847,7384,6072,40,14858,14167,1644,15058,30198,85,1,1
4848,6772,5501,40,22593,21972,2314,22783,37410,76,1,1
4849,5771,4078,40,17714,17193,1252,17894,29045,61,1,1
4850,7414,3366,40,13916,13465,1603,14087,26520,51,1,1
4851,5630,3737,40,16030,15549,1994,16211,27612,56,1,1
4852,6863,4168,40,14477,13967,1482,14668,27211,62,1,1
4853,11121,8526,40,34916,34044,10821,35136,65644,106,1,2
4854,3687,922,40,8016,7795,1623,8156,14438,18,1,1
4855,6963,5080,40,28835,28214,5009,29015,46117,73,1,2
4856,3868,731,40,8066,7865,1432,8206,14277,16,1,1
4857,2505,421,40,12193,12063,4438,12343,19737,8,1,1
4858,6512,4639,40,20599,20028,1533,20799,33543,70,1,1
4859,7334,5811,40,21370,20739,2495,21570,37240,78,1,1
4860,7013,5320,41,22161,21540,1903,22362,36639,77,1,1
4861,6953,5481,40,15149,14518,1122,15339,28955,78,1,1
4862,6802,4738,40,14728,14177,2244,14919,28734,67,1,1
4863,7134,3747,40,19186,18706,1793,19367,32071,56,1,1
4864,5700,4559,40,15640,15089,1232,15820,27361,66,1,1
4865,6703,4588,41,21480,20919,2004,21671,34996,67,1,1
4866,2344,1062,40,12073,11862,2235,12223,17904,18,1,1
4867,7103,2325,40,13195,12834,2515,13365,25358,41,1,1
4868,6402,4959,40,16832,16250,2014,17022,30437,71,1,1
4869,3747,832,40,11431,11241,1643,11582,17854,17,1,1
4870,11201,5731,40,20659,20028,16010,20849,53831,76,1,1
4871,8345,5620,40,15760,15149,1543,15950,31509,75,1,1
4872,6212,3076,40,26430,25979,10871,26610,46809,47,1,2
4873,3787,1623,41,8486,8195,1663,8647,15760,29,1,1
4874,4088,641,40,5701,5531,1042,5851,11672,14,1,1
4875,3376,852,40,7194,7003,1042,7354,12664,16,1,1
4876,3697,151,40,9648,9548,1783,9788,15469,3,1,1
4877,3457,1793,40,13726,13425,3627,13887,22824,31,1,1
4878,6312,4989,40,20729,20128,1653,20920,33914,73,1,1
4879,6943,5811,40,17563,16912,1603,17763,32160,81,1,1
4880,7193,5481,40,20920,20298,6031,21110,39865,76,1,1
4881,6012,4358,40,14758,14217,1323,14938,26691,65,1,1
4882,7123,4699,40,14798,14237,2424,14989,29275,67,1,1
4883,6442,3357,40,18796,18365,1953,18976,30768,51,1,1
4884,6412,4709,40,13836,13285,1213,14026,26400,67,1,1
4885,6683,5190,40,14838,14227,2295,15028,29236,74,1,1
4886,5660,2195,40,18184,17844,1503,18344,27752,36,1,1
4887,5440,3607,40,13746,13245,1253,13926,24266,58,1,1
4888,4078,221,40,11381,11271,1724,11531,17584,5,1,1
4889,6833,5230,40,14698,14087,1613,14898,28614,76,1,1
4890,3868,671,40,11562,11382,1673,11702,17974,14,1,1
4891,14206,8837,40,29095,28222,12483,29316,64882,107,1,2
4892,2324,431,40,17403,17233,14748,17553,35086,11,1,1
4893,2334,121,40,4979,4889,1253,5109,8857,1,1,1
4894,3186,932,40,7715,7494,1012,7865,13035,19,1,1
4895,6332,4709,40,17503,16952,2665,17694,31450,67,1,1
4896,6883,5721,40,20789,20138,3808,20989,37441,80,1,1
4897,6863,6112,40,18745,18064,1603,18935,33574,84,1,1
4898,7454,6141,40,20509,19797,2605,20699,36940,88,1,1
4899,4789,3376,40,14337,13876,1382,14508,24115,53,1,1
4900,7013,4679,40,15469,14888,2916,15659,30307,69,1,1
4901,6733,4648,40,19096,18535,1553,19287,32271,69,1,1
4902,3677,210,40,17563,17453,2404,17704,24035,5,1,1
4903,3567,1072,40,12233,12013,1944,12393,19016,21,1,1
4904,4148,1041,40,10079,9848,1393,10239,16862,21,1,1
4905,6322,5000,40,32081,31469,4689,32271,48352,71,1,2
4906,2885,862,40,9949,9758,1433,10109,15329,17,1,1
4907,3166,121,40,11251,11171,2034,11391,16752,1,1,1
4908,6362,2304,40,18415,18075,14317,18585,41608,38,1,1
4909,3065,1994,40,13696,13375,2465,13856,21440,33,1,1
4910,7103,5130,40,21170,20569,3827,21371,37481,75,1,1
4911,7514,7494,40,19918,19136,1032,20128,36208,100,1,1
4912,6793,5059,40,22292,21691,1673,22493,36058,75,1,1
4913,6803,5831,40,24707,24046,1303,24897,38884,81,1,1
4914,5791,2174,40,20699,20369,1543,20859,30417,35,1,1
4915,3737,1694,40,10880,10600,1313,11040,17844,29,1,1
4916,7184,5641,40,15900,15269,1563,16100,30528,78,1,1
4917,6562,5511,40,21060,20439,2404,21250,35777,77,1,1
4918,9688,7765,40,32121,31309,9959,32331,59803,99,1,2
4919,4729,2415,40,28173,27782,4769,28343,40296,39,1,2
4920,4158,531,40,7664,7494,1462,7804,14016,12,1,1
4921,3758,1032,40,8165,7955,1523,8325,14678,20,1,1
4922,6001,3446,40,13716,13245,4138,13886,27522,54,1,1
4923,6382,3366,40,19457,19005,2485,19637,31920,54,1,1
4924,6211,4258,40,14447,13916,3907,14628,29054,62,1,1
4925,6833,5841,40,20709,20048,2144,20899,35767,82,1,1
4926,7925,7143,40,20969,20198,1092,21180,37380,97,1,1
4927,6142,2094,40,18274,17944,14588,18434,41308,36,1,1
4928,4168,2976,40,21500,21100,2063,21660,30928,45,1,1
4929,6612,4940,40,16140,15549,2564,16331,30487,71,1,1
4930,3146,1603,40,18324,18064,3928,18485,27212,27,1,1
4931,7103,6533,40,16982,16281,1052,17192,31920,88,1,1
4932,7294,2324,40,13986,13646,1663,14147,25468,37,1,1
4933,6883,4999,40,16401,15810,1603,16591,30116,71,1,1
4934,3918,1032,40,12764,12544,1633,12924,19537,21,1,1
4935,12293,8827,40,33624,32722,12644,33844,67648,111,1,2
4936,6433,3797,40,34585,34034,2696,34755,47721,55,1,3
4937,2515,361,40,5340,5200,1233,5470,9639,8,1,1
4938,5020,3336,40,22833,22363,1452,23014,32872,52,1,2
4939,6873,2725,40,25148,24737,19507,25318,54453,40,1,2
4940,3647,2655,40,15580,15198,2825,15750,24907,41,1,1
4941,7845,3787,40,19166,18686,12955,19346,43983,57,1,1
4942,6041,4329,40,14968,14427,1253,15158,26821,65,1,1
4943,6452,4178,41,14437,13926,2565,14618,27873,60,1,1
4944,6712,2926,40,27642,27232,1503,27812,38993,42,1,2
4945,7925,6282,40,18525,17843,4148,18726,37121,86,1,1
4946,5601,1362,41,17663,17413,1613,17824,26450,25,1,1
4947,6462,5210,40,14257,13675,1262,14448,27422,70,1,1
4948,6723,3286,40,13085,12634,1373,13265,24697,53,1,1
4949,6182,5450,40,14147,13526,1713,14347,27742,77,1,1
4950,3808,270,40,11071,10961,1734,11221,17073,6,1,1
4951,3246,220,40,11291,11181,2004,11432,16942,6,1,1
4952,6132,2805,41,26620,26189,6723,26791,42501,45,1,2
4953,1794,871,40,17864,17674,8737,18014,29466,16,1,1
4954,1523,110,41,5069,4979,1663,5210,8556,1,1,1
4955,6682,5290,40,18024,17413,1242,18225,31479,75,1,1
4956,6552,2866,40,28674,28263,19317,28844,57629,43,1,2
4957,3316,2184,41,14597,14277,4198,14768,24496,34,1,1
4958,6853,4979,40,20037,19476,5801,20229,37912,68,1,1
4959,4609,2645,40,10510,10119,1242,10680,19216,43,1,1
4960,7354,5330,30,16371,15770,1493,16561,30768,73,1,1
4961,7173,5651,40,24246,23595,1583,24436,38883,79,1,1
4962,3607,420,40,17433,17282,1703,17574,23354,10,1,1
4963,5270,3207,40,27261,26810,17393,27431,53351,48,1,2
4964,3527,761,40,5360,5170,7795,5511,17644,15,1,1
4965,17533,12023,40,15519,14437,15079,15759,60424,140,1,1
4966,1403,190,40,7635,7534,7253,7775,16681,4,1,1
4967,15510,14146,40,15359,14106,5270,15620,50596,165,1,1
4968,9278,8426,40,16251,15409,2906,16461,37111,107,1,1
4969,6382,4479,40,20819,20278,3055,21009,34986,66,1,1
4970,7254,5601,40,16531,15910,2465,16721,32091,77,1,1
4971,7354,5961,31,21180,20508,1923,21361,36659,82,1,1
4972,7184,7183,40,18525,17753,1022,18736,34175,98,1,1
4973,7394,5330,40,21591,20950,1533,21771,36078,77,1,1
4974,6362,5671,40,19988,19337,1152,20188,33413,79,1,1
4975,6232,2975,40,18444,18034,7704,18626,35577,47,1,1
4976,4609,3497,40,18084,17613,1353,18254,27763,53,1,1
4977,6352,5791,40,16781,16230,2054,16972,31219,67,1,1
4978,3086,181,40,10570,10470,2114,10710,16141,4,1,1
4979,16080,11792,40,35156,34054,6733,35407,70052,140,1,2
4980,2695,1333,40,9568,9338,6793,9728,20599,23,1,1
4981,8406,8105,40,30127,29245,5490,30328,52379,106,1,2
4982,3637,821,40,8145,7935,1042,8286,13836,17,1,1
4983,3446,291,40,7965,7835,1623,8105,13515,7,1,1
4984,12092,11272,40,19577,18515,1974,19817,45215,140,1,1
4985,7374,4699,41,22101,21570,3116,22292,37511,64,1,1
4986,5791,3737,40,16041,15550,1352,16231,27141,58,1,1
4987,5971,2535,40,18415,18054,13816,18575,40947,39,1,1
4988,6673,6211,40,20418,19737,1092,20609,34645,85,1,1
4989,6893,3547,40,34936,34435,12143,35116,57739,54,1,2
4990,4429,2515,40,17563,17192,2505,17733,27212,40,1,1
4991,6202,2504,40,18334,17954,6793,18495,34044,41,1,1
4992,6132,4989,41,14226,13625,1152,14418,26741,73,1,1
4993,7715,4168,40,13335,12815,1973,13516,27422,61,1,1
4994,6282,4819,40,15229,14648,1643,15419,28203,70,1,1
4995,3837,691,40,11422,11232,1673,11572,17813,15,1,1
4996,11472,5991,40,30147,29475,10039,30348,57890,79,1,2
4997,3326,1172,40,31831,31540,2144,31991,38683,21,1,3
4998,3707,621,40,5651,5471,1142,5801,11301,13,1,1
4999,7705,7644,40,25499,24707,1142,25719,42250,101,1,1
5000,7414,4819,41,21711,21160,3877,21902,38062,67,1,1
5001,6783,6612,40,19907,19236,4619,20108,38172,84,1,1
5002,7004,5079,41,21029,20418,5942,21220,39295,75,1,1
5003,6082,4628,40,18905,18344,1242,19097,31099,68,1,1
5004,6412,4428,40,33723,33142,3437,33914,48231,65,1,2
5005,7575,5430,40,15930,15309,2094,16131,31270,77,1,1
5006,5480,1373,40,18064,17794,1583,18214,26690,26,1,1
5007,6462,4919,40,14998,14407,3196,15189,29806,72,1,1
5008,6362,5130,40,13897,13296,1913,14087,27532,74,1,1
5009,2946,210,40,11221,11091,2134,11352,16692,5,1,1
5010,4108,892,40,11652,11432,1643,11802,18475,18,1,1
5011,6161,2535,40,19136,18766,9367,19307,37420,41,1,1
5012,4869,2505,40,18746,18365,14407,18916,40737,42,1,1
5013,2996,310,40,13215,13094,972,13366,17684,7,1,1
5014,6863,6282,40,23405,22703,1162,23605,37962,87,1,1
5015,7354,3236,40,21581,21140,3757,21751,36148,49,1,1
5016,6663,5931,40,25138,24476,1182,25338,39154,82,1,1
5017,6302,5200,40,17824,17193,1282,18014,30838,76,1,1
5018,6111,2855,40,12233,11853,1463,12403,22883,44,1,1
5019,2605,1403,40,15609,15359,1593,15769,21420,25,1,1
5020,6873,4118,40,14548,14027,1613,14728,27372,62,1,1
5021,10249,7535,40,31950,31159,7755,32150,57749,95,1,2
5022,2875,1173,40,8826,8586,2675,8977,15750,23,1,1
5023,3487,2124,40,11091,10740,5581,11251,22493,37,1,1
5024,8627,6822,40,21350,20609,4218,21550,41278,92,1,1
5025,3988,531,40,7875,7725,1463,8015,14057,10,1,1
5026,4909,2054,40,13606,13285,4509,13756,25278,34,1,1
5027,10520,6092,40,21110,20418,1903,21310,39855,86,1,1
5028,8246,7113,40,16661,15900,2405,16862,34686,96,1,1
5029,6773,5220,40,20849,20228,1973,21040,35046,76,1,1
5030,7955,7414,40,18675,17894,1012,18896,35317,99,1,1
5031,6863,5320,40,23034,22413,1844,23234,37301,78,1,1
5032,6853,5671,40,22192,21531,1152,22382,36108,81,1,1
5033,7214,4659,40,20038,19487,2124,20228,34285,68,1,1
5034,3406,1233,40,12343,12113,1613,12503,18805,22,1,1
5035,7775,4628,40,14096,13525,1913,14266,28634,68,1,1
5036,6502,4969,41,19025,18414,1973,19207,32711,73,1,1
5037,10830,7384,41,29756,28944,10059,29967,58270,97,1,2
5038,1934,952,40,9939,9729,6452,10079,19467,17,1,1
5039,8456,6081,40,20629,19938,4568,20819,39975,87,1,1
5040,4328,441,40,7935,7795,1473,8085,14367,10,1,1
5041,3868,861,41,8005,7784,1032,8156,13957,19,1,1
5042,1883,151,40,11451,11351,4478,11592,18154,3,1,1
5043,6021,4288,40,20418,19887,4679,20608,35637,63,1,1
5044,7004,5590,40,18756,18104,2104,18956,33694,80,1,1
5045,6913,4870,40,20729,20168,8757,20919,41509,69,1,1
5046,5851,4959,40,16281,15680,1193,16471,28514,73,1,1
5047,6653,4819,40,14437,13866,2524,14628,28664,69,1,1
5048,4078,1764,40,18455,18154,2444,18615,26951,31,1,1
5049,6933,5801,40,22222,21570,1292,22423,36489,81,1,1
5050,3847,932,40,18946,18736,1663,19096,25588,19,1,1
5051,12243,4498,40,16631,16120,14347,16812,47940,59,1,1
5052,3888,2144,40,13195,12864,10991,13355,30428,35,1,1
5053,7854,3707,40,13195,12744,3506,13375,28483,54,1,1
5054,3647,1062,40,8396,8166,9308,8546,22613,20,1,1
5055,15970,21871,40,20118,18335,9989,20429,68289,239,1,1
5056,2274,521,40,11422,11262,1934,11572,16351,12,1,1
5057,2555,320,40,24717,24557,18315,24857,46107,6,1,2
5058,8045,6092,40,7725,7034,1212,7925,23324,83,1,2
5059,3196,1794,40,19667,19367,5170,19817,30037,30,1,1
5060,4308,611,40,7003,6833,1002,7143,13114,13,1,1
5061,4258,631,41,7213,7033,1082,7364,13385,14,1,1
5062,3416,601,40,13265,13065,2184,13416,19667,12,1,2
5063,6923,5440,40,22903,22282,2174,23104,37681,76,1,1
5064,7123,5611,40,20349,19698,1503,20549,34826,80,1,1
5065,6713,5430,40,19798,19166,2995,19998,35186,79,1,1
5066,7013,6012,40,18936,18255,1122,19136,33323,85,1,1
5067,6583,3516,40,16230,15800,2124,16411,28685,51,1,1
5068,4118,702,40,17703,17533,1864,17853,24587,14,1,1
5069,5521,3266,40,16010,15579,1423,16190,26430,50,1,1
5070,6843,4669,40,15570,15018,1763,15740,29065,65,1,1
5071,9157,8206,30,33503,32631,1122,33713,52248,107,1,2
5072,6141,3947,40,14938,14428,2003,15109,27241,59,1,1
5073,4278,1954,40,24236,23895,1743,24396,32421,32,1,2
5074,11121,6152,40,20549,19898,11101,20739,49163,80,1,1
5075,3506,1483,40,13376,13115,1973,13536,20538,26,1,1
5076,7113,5260,30,21821,21190,4588,22012,39013,77,1,1
5077,2825,120,40,7024,6923,1362,7164,11501,1,1,1
5078,11752,6993,40,16602,15860,1122,16802,36709,92,1,1
5079,7655,4999,40,22983,22402,2475,23174,38343,70,1,1
5080,5771,3897,41,18615,18114,1292,18796,29806,60,1,1
5081,5431,2685,40,18775,18395,8936,18945,36028,42,1,1
5082,5661,3747,40,17393,16901,1303,17583,28334,59,1,1
5083,6893,3336,40,12664,12203,1513,12844,24626,53,1,1
5084,2725,1794,40,14237,13946,2414,14397,21380,30,1,1
5085,6953,4178,40,13295,12755,1703,13476,26360,65,1,1
5086,10490,6673,40,31910,31189,11091,32110,60414,86,1,2
5087,3316,381,40,9568,9428,1954,9708,15399,8,1,1
5088,3176,1893,41,10419,10109,5431,10570,21130,31,1,1
5089,8947,7745,40,21811,21030,3647,22022,42401,100,1,1
5090,2946,841,41,8325,8135,1423,8486,13746,17,1,1
5091,2755,1553,40,13465,13205,4979,13626,22943,25,1,1
5092,3166,1983,40,18935,18625,2875,19107,27161,34,1,1
5093,6442,5310,40,15770,15148,3627,15960,31400,76,1,1
5094,6472,4699,40,20719,20158,2414,20910,34545,69,1,1
5095,7825,7875,40,25959,25148,1142,26169,43061,103,1,1
5096,6642,2555,40,20960,20589,3206,21130,33563,40,1,1
5097,7224,5941,40,24046,23394,1352,24246,38793,81,1,1
5098,6152,2234,40,19236,18886,1522,19406,29365,37,1,1
5099,6101,4909,40,15750,15169,1192,15940,28203,71,1,1
5100,7244,4719,40,13706,13145,1453,13876,27342,66,1,1
5101,6823,5510,40,20228,19577,2004,20419,34806,80,1,1
5102,10630,7144,40,30538,29766,9187,30748,57739,93,1,2
5103,2234,1012,40,9268,9047,8967,9418,21661,19,1,1
5104,9407,8125,40,21320,20479,6552,21531,45656,106,1,1
5105,4168,721,40,7164,6984,1132,7314,13395,15,1,1
5106,4238,360,40,7895,7754,1493,8035,14187,8,1,1
5107,3216,1222,40,13085,12844,3657,13235,21380,22,1,1
5108,7694,5330,40,20629,20028,3967,20820,37861,73,1,1
5109,6062,4629,40,21741,21170,1262,21941,33944,71,1,1
5110,7745,5671,40,21951,21300,3717,22151,39325,80,1,1
5111,6453,5961,40,20228,19567,1143,20428,34015,81,1,1
5112,6823,4268,30,35447,34887,7505,35627,54273,62,1,2
5113,5761,2434,41,18304,17933,3256,18465,29966,40,1,1
5114,5821,4498,41,16401,15850,1192,16592,28133,67,1,1
5115,5530,1753,41,13295,12984,1623,13446,22402,31,1,1
5116,7464,6182,40,15579,14878,1392,15790,30878,88,1,1
5117,3105,361,40,11462,11312,1663,11602,16781,9,1,1
5118,5661,1854,40,27271,26941,8005,27442,43002,31,1,2
5119,1744,461,40,17693,17533,12464,17833,32542,11,1,1
5120,1613,401,40,7324,7174,1302,7454,10820,9,1,1
5121,3817,361,40,6732,6602,1042,6873,12143,8,1,1
5122,5630,3607,40,16171,15680,2485,16341,28113,56,1,1
5123,7514,5310,40,20228,19617,3196,20418,36479,74,1,1
5124,7164,5530,40,23895,23264,1192,24096,38012,78,1,1
5125,6713,3507,40,19276,18816,1794,19456,31520,53,1,1
5126,4739,3086,40,13596,13175,1323,13776,22974,49,1,1
5127,7104,4869,40,17674,17073,2805,17864,32682,72,1,1
5128,2314,1363,40,13075,12834,2865,13235,19817,22,1,1
5129,9608,6493,40,32932,32181,1924,33132,51197,88,1,2
5130,5941,4409,40,14157,13626,1232,14337,25969,64,1,1
5131,6472,4739,40,32722,32120,4248,32912,48411,68,1,2
5132,3847,1072,40,11793,11551,1573,11943,18475,21,1,1
5133,4729,511,40,11632,11472,1683,11772,18745,11,1,1
5134,1804,150,30,17062,16962,591,17203,19778,2,1,1
5135,18024,10059,40,3266,2365,17884,3496,49513,117,1,1
5136,5901,4308,40,16912,16371,1313,17092,28664,64,1,1
5137,6582,5431,40,20799,20158,3497,20979,36539,78,1,1
5138,3096,391,40,7043,6903,1563,7193,12273,10,1,1
5139,6612,5541,40,18004,17393,2435,18204,32832,76,1,1
5140,7053,4379,40,19827,19306,6262,20017,37761,64,1,1
5141,6802,6342,40,24396,23685,1132,24586,38923,88,1,1
5142,3647,1292,40,16782,16532,1613,16942,23544,25,1,1
5143,2294,150,41,22121,22021,11342,22262,36078,2,1,1
5144,6423,3476,40,14588,14126,7745,14768,32442,53,1,1
5145,3386,792,40,12804,12604,3016,12954,20198,16,1,1
5146,962,150,40,7765,7665,581,7905,9658,3,1,1
5147,17383,13996,40,14017,12785,26200,14277,71906,163,1,1
5148,6061,4258,40,18495,17984,9247,18675,38282,61,1,1
5149,9147,4930,40,31409,30808,12394,31589,58120,66,1,2
5150,2304,421,40,7384,7244,7274,7534,17573,9,1,1
5151,4709,2996,40,19046,18635,6372,19226,33333,47,1,1
5152,8797,6181,40,9638,8556,1032,9829,25889,85,1,1
5153,4388,2475,40,10390,10119,1342,10540,18785,26,1,1
5154,3015,872,40,8156,7955,1613,8306,13856,18,1,1
5155,1443,140,41,11501,11401,592,11642,13867,2,1,1
5156,17183,18675,40,23234,21681,2185,23524,61597,208,1,1
5157,6893,5661,40,15600,14979,1924,15800,30318,77,1,1
5158,7024,5801,40,20990,20329,2475,21190,36540,82,1,1
5159,7915,7364,40,21130,20338,1082,21340,37741,99,1,1
5160,6652,2836,40,32992,32582,12885,33162,55575,42,1,2
5161,6542,5210,40,19918,19327,2495,20108,34385,71,1,1
5162,7073,3727,40,18845,18364,5932,19016,35798,55,1,1
5163,7153,7024,40,16151,15389,1002,16351,31580,94,1,1
5164,6663,2815,40,12765,12373,1903,12925,24356,44,1,1
5165,7044,5260,30,19687,19046,1623,19867,33834,77,1,1
5166,9809,5480,40,28634,27983,10931,28825,55095,75,1,2
5167,5410,2495,40,34185,33785,2134,34355,44454,38,1,3
5168,3537,792,40,6262,6061,1022,6412,11803,16,1,1
5169,882,130,40,6563,6473,631,6693,8376,2,1,1
5170,5811,1874,40,8516,8186,1473,8686,17894,33,1,2
5171,6963,5210,40,14909,14287,3536,15099,30848,75,1,1
5172,6052,4398,40,20038,19517,2104,20228,32832,64,1,1
5173,6232,4959,41,17783,17192,4619,17974,33824,71,1,1
5174,7233,6863,40,21029,20298,2164,21240,37541,92,1,1
5175,6032,5069,40,15409,14818,1152,15599,27893,72,1,1
5176,6673,4448,40,15039,14488,2655,15219,29045,66,1,1
5177,6964,3967,40,19076,18586,1633,19257,31871,59,1,1
5178,6873,6071,40,20869,20208,1142,21070,35206,82,1,1
5179,6903,3817,40,18675,18204,3276,18856,32892,56,1,1
5180,5260,3977,41,14357,13846,1252,14548,25077,60,1,1
5181,4529,1152,40,11843,11612,1593,11993,19307,22,1,1
5182,6442,4940,40,14197,13586,1683,14387,27502,74,1,1
5183,3898,431,40,11522,11381,1703,11662,17744,9,1,1
5184,12344,7394,40,32672,31879,9748,32882,62418,96,1,2
5185,2565,681,40,17483,17303,12914,17634,33834,15,1,1
5186,2605,160,40,5200,5100,1302,5340,9457,3,1,1
5187,2866,621,40,7725,7544,1012,7875,12404,13,1,1
5188,6392,4498,40,17964,17433,2785,18155,31860,65,1,1
5189,7804,5681,40,20579,19937,3076,20769,37370,78,1,1
5190,7294,5781,40,25809,25148,2144,26009,41268,82,1,1
5191,9788,8917,40,21511,20639,1373,21731,41839,112,1,1
5192,6782,5331,40,20569,19948,1913,20769,34825,77,1,1
5193,5300,571,40,17383,17223,1984,17533,25438,13,1,1
5194,2905,411,40,10019,9889,2285,10169,15830,9,1,1
5195,5611,2695,40,9388,9027,1262,9558,19176,41,1,1
5196,5220,3396,40,31510,31029,5991,31680,46337,52,1,2
5197,3357,661,40,11963,11793,1653,12113,17834,14,1,1
5198,5681,1833,40,18315,18034,17894,18475,43943,29,1,1
5199,16911,22061,40,19587,17773,2555,19908,61476,240,1,2
5200,2364,732,40,17743,17543,15540,17893,36579,16,1,1
5201,5590,5621,40,2255,1634,3166,2455,16872,77,1,1
5202,6963,5570,40,21601,20960,1453,21791,35828,78,1,1
5203,7163,2956,40,20298,19908,4989,20469,35627,44,1,1
5204,7474,6532,41,22662,21951,1473,22863,38382,90,1,1
5205,7063,4238,40,19768,19247,2434,19948,33743,62,1,1
5206,3847,1904,40,17784,17473,1453,17944,25188,31,1,1
5207,5691,3056,40,18255,17854,1443,18435,28665,45,1,1
5208,6692,5370,40,19487,18875,2284,19678,34064,75,1,1
5209,8095,6112,40,31039,30327,11271,31239,56747,83,1,2
5210,2264,1352,40,10149,9919,6963,10309,20929,23,1,1
5211,8907,6402,40,20880,20178,5240,21070,41669,87,1,1
5212,4048,641,40,7835,7665,1433,7985,14157,14,1,1
5213,2886,551,40,8165,7995,1472,8315,13265,12,1,1
5214,4558,1884,40,13455,13145,4088,13605,24185,32,1,1
5215,6062,4108,30,20188,19657,2144,20358,32712,62,1,1
5216,9097,5751,40,23234,22562,1653,23435,39976,84,1,1
5217,10269,6833,41,21751,20999,1042,21962,40166,96,1,1
5218,7855,3436,41,18875,18434,3788,19056,34165,52,1,1
5219,7023,6202,40,21611,20919,1453,21811,36529,85,1,1
5220,7034,3085,40,17984,17573,1713,18155,30037,47,1,1
5221,6602,4889,41,15349,14768,1172,15540,28243,71,1,1
5222,6742,3005,40,13015,12593,2104,13185,25087,47,1,1
5223,6522,5390,41,16050,15429,1703,16251,29906,77,1,1
5224,4067,962,40,11522,11322,1633,11682,18384,18,1,1
5225,3156,591,40,9398,9248,11412,9548,24747,12,1,1
5226,16461,21651,41,28293,26499,12634,28604,79400,237,1,2
5227,6633,3757,40,35878,35348,2845,36048,49323,54,1,3
5228,3417,1092,40,5821,5591,1012,5971,11542,21,1,1
5229,3527,491,40,6833,6683,1272,6983,12313,10,1,1
5230,5971,4418,40,18144,17593,3988,18335,32762,67,1,1
5231,6853,5310,40,21551,20920,2414,21741,36368,77,1,1
5232,7023,6192,40,19056,18375,1613,19256,34134,85,1,1
5233,7684,6012,40,21200,20509,6082,21390,41218,86,1,1
5234,10981,4118,40,23525,23024,17723,23705,56557,59,1,1
5235,2806,1462,40,14347,14096,13856,14498,32682,24,1,1
5236,4128,2585,40,15149,14768,7144,15319,29226,42,1,1
5237,1814,681,40,26751,26540,14237,26901,43683,13,1,2
5238,3536,2063,40,17082,16761,11973,17263,34876,35,1,1
5239,1603,281,40,17183,17052,2775,17323,22032,7,1,1
5240,6613,5300,40,14518,13896,1112,14718,27773,77,1,1
5241,3206,1143,40,11902,11672,1664,12052,18115,21,1,1
5242,2315,1202,40,11943,11692,2104,12103,17754,23,1,1
5243,2355,421,40,11762,11612,1293,11912,16031,11,1,1
5244,2545,360,40,11362,11221,1403,11502,15850,8,1,1
5245,2645,320,41,24416,24266,7464,24567,35036,7,1,2
5246,1533,231,40,17703,17583,13676,17843,33323,5,1,1
5247,13465,17724,40,5561,4048,2585,5851,39675,202,1,1
5248,3467,811,30,5580,5360,1092,5730,11161,19,1,1
5249,7163,6262,40,25048,24296,1132,25248,39845,87,1,2
5250,6732,2034,40,17994,17683,18535,18165,45506,34,1,1
5251,9248,10390,40,19717,18656,3056,19957,42691,133,1,2
5252,5811,3467,40,19727,19257,14908,19888,44124,53,1,1
5253,5340,5420,40,20599,20057,1062,20789,32662,66,1,1
5254,1804,1002,40,19106,18896,571,19256,22683,18,1,1
5255,13155,15459,40,20949,19577,1633,21220,51527,182,1,1
5256,8536,2905,40,18826,18444,1032,18996,31519,43,1,1
5257,2294,1032,40,9898,9658,2395,10049,15820,21,1,1
5258,5871,3216,40,9578,9158,1302,9759,20198,50,1,1
5259,5911,4178,40,31049,30496,2986,31219,44344,61,1,2
5260,11131,10800,40,19346,18334,2355,19577,43913,131,1,1
5261,6773,4338,40,22543,22002,1303,22733,35177,66,1,1
5262,7324,5991,40,23054,22383,2064,23254,38673,82,1,1
5263,6883,6252,40,16000,15289,1072,16190,30447,87,1,1
5264,7184,5400,40,15259,14637,1894,15459,29987,77,1,1
5265,6923,4448,30,19687,19136,2885,19868,34174,65,1,1
5266,7514,5801,41,18344,17693,1153,18545,33053,80,1,1
5267,6613,4348,40,20950,20389,1683,21120,33824,66,1,1
5268,4559,3055,40,14878,14457,1423,15059,24136,49,1,1
5269,7324,3997,40,13024,12534,1343,13204,25909,59,1,1
5270,6823,5490,40,19617,18986,1613,19808,33774,77,1,1
5271,11973,8175,40,33092,32251,4940,33303,58441,102,1,2
5272,5310,3016,40,35126,34645,10520,35286,54192,47,1,3
5273,2225,791,40,7985,7805,1303,8145,12504,16,1,1
5274,3827,511,40,7794,7644,1563,7955,13886,11,1,1
5275,13635,15048,40,26050,24677,2044,26310,57088,175,1,2
5276,8847,4288,40,20339,19827,7123,20529,40827,62,1,1
5277,6813,5570,40,15599,14968,1834,15780,30057,77,1,1
5278,7424,5240,40,20589,19977,6763,20779,40256,75,1,1
5279,12223,12674,40,17844,16662,1423,18094,44444,153,1,1
5280,7173,4639,40,15199,14647,3016,15389,30257,67,1,1
5281,6642,3126,40,19147,18716,1432,19317,30557,49,1,1
5282,6933,5501,40,16491,15860,1533,16691,30718,79,1,1
5283,6944,5099,40,17483,16901,1923,17664,31680,71,1,1
5284,4108,1202,40,17233,16992,1723,17393,24466,23,1,1
5285,6533,4458,40,14317,13776,1222,14498,26751,65,1,1
5286,7284,3216,40,13285,12845,2364,13446,26360,49,1,1
5287,6763,5430,40,16321,15679,1614,16511,30368,79,1,1
5288,3036,361,40,11341,11201,1703,11482,16632,8,1,1
5289,5600,2826,40,28033,27601,7895,28203,44554,43,1,2
5290,3216,701,40,6984,6792,2575,7134,13666,15,1,1
5291,5050,4308,40,28734,28164,2215,28924,40547,65,1,2
5292,3747,611,40,5320,5159,1032,5461,10911,12,1,1
5293,2074,241,40,8376,8255,3086,8516,13957,5,1,1
5294,4338,2795,40,14908,14507,2745,15089,25007,46,1,1
5295,6944,5189,40,20318,19717,5150,20509,37832,74,1,1
5296,7203,5481,40,18054,17433,1453,18254,32441,78,1,1
5297,5982,3967,40,19968,19436,12564,20148,42701,62,1,1
5298,6302,5992,40,19487,18795,1112,19687,33133,85,1,1
5299,6061,3507,40,35557,35076,3276,35738,48622,52,1,2
5300,2475,190,40,17082,16972,3176,17212,23104,4,1,1
5301,4018,1172,41,11511,11281,2164,11662,19066,21,1,1
5302,7744,3787,40,11812,11321,2615,11982,26179,56,1,1
5303,2946,1803,40,13736,13446,2685,13906,21380,31,1,1
5304,3707,451,40,11602,11452,1874,11742,17814,10,1,1
5305,3386,531,40,28955,28774,18465,29105,51527,10,1,2
5306,2986,481,40,17754,17593,15739,17904,37160,11,1,1
5307,3086,521,40,8016,7844,972,8166,12795,13,1,1
5308,3106,461,40,9679,9528,1563,9829,14999,11,1,1
5309,6823,4198,40,14417,13876,2515,14597,28183,64,1,1
5310,7674,4819,40,28934,28343,4930,29125,46578,67,1,2
5311,7134,5600,41,18935,18294,2435,19136,34355,80,1,1
5312,7063,4879,40,19928,19337,3737,20118,35837,72,1,1
5313,5962,3977,40,19407,18906,1303,19587,30879,59,1,1
5314,6212,4088,40,18705,18165,2514,18876,31750,64,1,1
5315,4618,1773,40,17112,16822,1553,17283,25268,31,1,1
5316,10961,8466,40,32972,32092,7885,33193,60545,107,1,2
5317,6632,3707,40,11542,11061,1764,11722,23855,56,1,1
5318,7995,6652,40,22582,21851,4068,22783,41538,91,1,1
5319,4248,992,40,7865,7654,1422,8015,14707,18,1,1
5320,12914,12724,40,19517,18364,2185,19757,47620,150,1,1
5321,7445,5370,40,20148,19547,1703,20338,34896,74,1,1
5322,7244,5710,40,16491,15830,1853,16682,31529,80,1,1
5323,7374,6412,41,21440,20719,1623,21641,37090,89,1,1
5324,8496,2845,40,19658,19287,12694,19828,43903,41,1,1
5325,3376,2094,40,17032,16722,8646,17193,31349,32,1,1
5326,4158,1593,40,19006,18715,2595,19177,27563,29,1,1
5327,6022,5219,40,19557,19066,7414,19748,38443,59,1,1
5328,8126,7484,40,24617,23845,3126,24827,43623,99,1,1
5329,4419,911,41,16952,16761,1663,17103,24146,17,1,1
5330,4479,1172,40,10981,10760,1312,11141,18144,20,1,1
5331,6582,4829,31,16581,16000,1693,16772,29916,71,1,1
5332,7023,5811,40,19477,18795,1492,19658,34044,83,1,1
5333,10540,6412,40,30338,29636,11011,30538,58541,84,1,2
5334,2905,1323,40,10229,9979,4509,10389,19156,23,1,1
5335,7383,5009,40,20569,19988,3166,20749,36368,71,1,1
5336,4048,792,40,8305,8115,1412,8466,14758,17,1,1
5337,3927,1212,40,7955,7714,1032,8115,14327,23,1,1
5338,12444,12143,40,18084,16942,1774,18334,44725,149,1,1
5339,7424,5401,40,20839,20228,4459,21029,38373,75,1,1
5340,6983,5931,40,17012,16321,1573,17203,31740,85,1,1
5341,7364,5801,41,20959,20328,7575,21160,41950,79,1,1
5342,6042,4618,40,19176,18605,1212,19367,31279,69,1,1
5343,6473,4168,40,36940,36388,6923,37120,54734,61,1,2
5344,6843,4108,40,18746,18245,2384,18926,32311,60,1,1
5345,5421,3807,40,16541,16050,1293,16721,27272,58,1,1
5346,6362,4749,40,14808,14237,1804,14998,27963,70,1,1
5347,4128,381,40,12343,12203,1733,12484,18776,8,1,1
5348,4218,892,40,11362,11161,1783,11512,18445,16,1,1
5349,2074,121,40,13235,13155,8406,13375,24016,1,1,1
5350,4839,2194,40,19628,19276,8125,19788,34986,37,1,1
5351,6292,1482,40,6151,5881,1052,6311,15168,26,1,1
5352,1853,421,40,7194,7053,8296,7334,17964,9,1,1
5353,12153,14097,40,24677,23414,7634,24937,58861,166,1,1
5354,3897,421,40,6893,6743,1092,7033,12483,10,1,1
5355,2004,120,40,4889,4799,1542,5030,8736,1,1,1
5356,3827,2515,40,15660,15299,2965,15830,25197,41,1,1
5357,7223,5300,40,21019,20388,5460,21220,39254,77,1,1
5358,6933,5831,40,17764,17083,1463,17944,32221,83,1,1
5359,7013,5200,40,20539,19938,5811,20739,38803,75,1,1
5360,5962,4178,40,16351,15810,1242,16521,27953,64,1,1
5361,7584,4980,40,15319,14718,2024,15509,30127,72,1,1
5362,4018,771,40,17673,17483,1673,17834,24326,16,1,1
5363,6682,4699,40,17172,16611,1213,17363,30007,69,1,1
5364,6582,4279,40,14748,14227,1833,14928,27672,63,1,1
5365,10360,8496,40,33343,32442,2134,33563,54603,110,1,2
5366,6483,4999,40,14167,13555,1724,14347,27603,73,1,1
5367,5149,1473,40,11933,11662,1553,12083,20308,26,1,1
5368,9858,5541,40,21150,20529,9097,21350,45876,76,1,1
5369,5781,4518,40,18636,18065,2795,18826,31960,68,1,1
5370,7094,4548,41,21731,21190,3266,21912,36870,65,1,1
5371,3868,420,41,7814,7654,1513,7945,13806,11,1,1
5372,3687,1583,40,10519,10239,2274,10671,18275,29,1,1
5373,7244,4328,40,14768,14227,2104,14958,28694,65,1,1
5374,7293,4679,40,20189,19617,4659,20379,37050,69,1,1
5375,6993,5741,40,19828,19166,1493,20028,34295,81,1,1
5376,6673,3687,40,18565,18095,9238,18735,38373,54,1,1
5377,6653,5761,40,19687,19026,1122,19887,33473,83,1,1
5378,6231,5190,40,20539,19927,1914,20729,34104,74,1,1
5379,4448,682,40,16130,15960,1684,16280,23134,14,1,1
5380,11782,8606,40,35437,34565,11952,35658,68028,107,1,2
5381,2915,1764,40,11592,11301,3737,11752,20228,31,1,1
5382,7935,5741,40,20519,19868,2054,20709,36489,80,1,1
5383,4438,1302,41,12022,11772,1403,12173,19356,23,1,1
5384,3727,1272,40,11572,11332,1473,11732,18254,24,1,1
5385,13495,13626,40,20810,19607,1904,21060,50135,158,1,1
5386,8096,5831,40,22503,21861,1723,22703,38403,80,1,1
5387,6873,5500,41,16060,15429,1673,16251,30347,78,1,1
5388,7444,5460,40,21130,20519,5551,21330,39825,76,1,1
5389,8135,7955,40,22323,21481,1112,22543,39775,108,1,1
5390,7615,3596,41,18695,18244,2264,18876,32391,53,1,1
5391,7454,5871,40,19046,18385,1353,19246,33964,82,1,1
5392,7064,2494,41,18054,17683,6542,18225,34365,40,1,1
5393,3837,2004,40,14017,13696,1222,14177,21280,34,1,1
5394,6312,3637,40,15710,15249,1252,15890,27131,55,1,1
5395,2675,1954,40,17824,17513,3346,17984,26009,32,1,1
5396,9989,5510,40,29396,28766,9298,29596,54423,74,1,2
5397,5150,3546,40,28173,27692,5470,28353,42570,53,1,2
5398,2385,391,40,6793,6653,1262,6943,11011,9,1,1
5399,3877,301,40,7925,7795,1473,8055,13766,7,1,1
5400,4439,2014,40,13465,13135,3757,13625,23875,34,1,1
5401,5932,3707,40,20088,19627,3957,20258,33894,53,1,1
5402,6893,5240,41,23113,22512,1453,23314,36940,75,1,1
5403,7875,5801,40,21912,21250,3366,22112,39204,82,1,1
5404,6562,6272,41,20659,19957,1202,20860,34936,87,1,1
5405,6462,3136,41,35797,35357,7845,35968,53461,47,1,2
5406,5831,2875,41,18394,18004,3427,18565,30748,44,1,1
5407,5280,3917,40,16091,15600,1282,16271,26780,57,1,1
5408,7784,5670,41,15639,14988,1974,15830,31309,81,1,1
5409,4949,631,40,11422,11242,1683,11562,18875,13,1,1
5410,3947,541,41,11341,11171,2004,11472,18024,12,1,1
5411,3667,1292,40,18395,18155,16582,18545,40146,22,1,1
5412,16110,22332,40,24366,22542,3607,24687,66786,241,1,2
5413,1864,671,40,17574,17392,15669,17714,35958,13,1,1
5414,13505,15049,40,10079,8716,1303,10329,40236,175,1,2
5415,1813,421,40,7204,7063,3346,7354,12964,8,1,1
5416,3426,551,40,6934,6762,1032,7084,12133,13,1,1
5417,5550,2836,40,15419,15008,2094,15589,26119,46,1,1
5418,3026,1202,40,17844,17604,16421,18004,38693,22,1,1
5419,16992,19457,40,5871,4248,3527,6171,46177,216,1,1
5420,4248,3547,40,17343,16862,2084,17513,27442,55,1,1
5421,6552,3046,40,18325,17924,12293,18495,40426,45,1,1
5422,5861,3717,30,19978,19487,1272,20158,31048,57,1,1
5423,7324,6362,40,37751,37020,3217,37951,54904,87,1,2
5424,6472,5581,40,14928,14287,1112,15118,28334,79,1,1
5425,6201,5050,40,31730,31099,4308,31920,47509,71,1,2
5426,4508,1904,40,12043,11823,1643,12193,20288,19,1,1
5427,8185,1683,40,18034,17733,18335,18194,46448,30,1,1
5428,12934,15079,40,22362,21010,2194,22633,52880,176,1,2
5429,6112,3977,40,22082,21560,2906,22252,35297,61,1,1
5430,2375,120,40,7264,7164,1603,7404,11532,1,1,1
5431,6142,4458,40,17803,17252,2726,17994,31360,67,1,1
5432,7174,4579,40,19988,19437,4098,20188,36089,67,1,1
5433,6502,5460,40,22041,21420,1193,22242,35437,77,1,1
5434,7073,4609,40,18906,18325,2194,19086,33002,69,1,1
5435,5541,3366,40,13546,13085,1292,13726,23975,53,1,1
5436,6883,4378,40,14177,13646,2585,14367,28253,64,1,1
5437,6702,4699,40,18626,18045,1743,18816,32010,70,1,1
5438,11221,8626,40,33232,32341,6833,33454,60174,110,1,2
5439,3135,1593,40,27291,26981,4339,27442,36549,26,1,2
5440,4178,722,40,9929,9748,1423,10069,16442,14,1,1
5441,2935,922,40,8106,7905,1563,8266,13736,18,1,1
5442,2064,371,40,12363,12223,602,12503,15580,8,1,1
5443,17413,15580,40,22413,21040,1933,22683,57649,182,1,1
5444,6833,5140,40,15159,14557,2444,15359,29816,75,1,1
5445,6693,5540,40,20860,20219,1763,21060,35096,79,1,1
5446,7804,7775,41,23083,22252,1042,23294,39965,105,1,1
5447,6603,2956,40,28403,27963,4218,28584,42391,45,1,2
5448,7043,5240,40,18355,17744,6963,18555,37841,75,1,1
5449,7514,4769,41,19777,19216,4969,19958,37260,68,1,1
5450,6312,4679,41,14637,14066,1193,14828,27052,69,1,1
5451,7634,3697,40,13155,12673,1654,13325,26360,55,1,1
5452,7304,5000,40,18976,18355,1723,19156,33243,74,1,1
5453,10680,6803,40,30518,29766,12063,30718,60314,89,1,2
5454,3406,210,40,7564,7444,1573,7705,12934,5,1,1
5455,8356,7303,40,30708,29896,3787,30919,50405,99,1,2
5456,4248,712,40,6182,5991,1022,6332,12364,15,1,1
5457,1974,471,40,6763,6613,1312,6913,10700,10,1,1
5458,3777,150,40,7735,7635,1633,7875,13485,2,1,1
5459,5601,4248,40,14528,14007,3847,14708,28444,62,1,1
5460,5971,3838,40,19958,19467,2755,20148,32742,59,1,1
5461,6512,5570,40,17683,17052,4379,17874,34385,77,1,1
5462,6903,5671,40,20619,19968,2675,20819,36118,81,1,1
5463,7534,7244,30,17163,16371,982,17373,33173,99,1,1
5464,6853,5220,40,15098,14507,2034,15289,29446,73,1,1
5465,7725,3797,40,19247,18766,2184,19417,33173,57,1,1
5466,7133,5691,40,21421,20759,1383,21621,35868,82,1,1
5467,3105,350,40,17043,16912,1993,17193,22682,8,1,1
5468,3857,1583,40,12013,11732,2054,12173,19697,27,1,1
5469,4729,1343,40,12073,11822,1613,12233,19948,24,1,1
5470,6372,5039,40,14287,13675,1573,14478,27492,74,1,1
5471,3867,671,40,11722,11531,1673,11873,18124,15,1,1
5472,13736,9077,40,29115,28193,7625,29335,59813,112,1,2
5473,2043,602,40,17483,17313,12313,17623,32631,13,1,1
5474,2434,180,40,5310,5200,1263,5450,9388,5,1,1
5475,2905,922,40,8056,7835,972,8206,13055,19,1,1
5476,5230,3076,40,16532,16091,2124,16692,27172,49,1,1
5477,8506,4900,40,21050,20479,5931,21240,40607,68,1,1
5478,6853,6002,40,22813,22132,1373,23013,37291,84,1,1
5479,7344,4549,40,20829,20288,2485,21019,35437,65,1,1
5480,4969,3637,40,15991,15500,1282,16171,26089,57,1,1
5481,7254,4288,40,16091,15560,2324,16281,30177,64,1,1
5482,6713,5450,40,20289,19668,1723,20479,34405,76,1,1
5483,5120,380,41,17352,17202,1994,17493,25047,9,1,1
5484,2765,772,40,9989,9799,2314,10139,16030,14,1,1
5485,4939,2455,40,9708,9348,1282,9889,18595,40,1,1
5486,6683,5130,40,32291,31640,4348,32481,48672,74,1,2
5487,3387,621,40,11732,11552,1674,11882,17604,14,1,1
5488,5871,2124,40,19096,18786,18675,19266,45966,33,1,1
5489,4248,3316,40,14327,13876,1713,14508,23825,49,1,2
5490,7324,4618,40,20829,20268,5631,21019,38633,68,1,1
5491,7855,8386,40,22873,22022,1022,23094,40407,109,1,1
5492,6553,5009,40,24346,23755,1964,24536,38102,71,1,1
5493,6873,6022,30,23825,23144,1273,24015,38223,84,1,1
5494,6432,4749,40,24366,23795,1944,24557,37732,69,1,1
5495,5090,2955,40,13676,13265,1323,13856,23274,48,1,1
5496,6642,3577,40,13947,13476,2384,14127,26760,55,1,1
5497,6733,5310,40,19317,18696,1483,19517,33083,77,1,1
5498,8487,4608,41,20528,19997,10350,20709,44214,64,1,1
5499,3366,2495,40,11562,11181,2264,11732,19897,41,1,1
5500,5510,2825,41,19587,19186,9778,19758,37911,44,1,1
5501,3867,2235,40,10540,10209,2014,10710,18866,36,1,1
5502,3897,581,40,7714,7544,1533,7865,13916,13,1,1
5503,3186,611,40,8215,8045,1472,8366,13685,13,1,1
5504,6583,4879,40,14748,14156,4148,14938,30608,72,1,1
5505,5961,3387,40,19948,19497,2905,20128,32441,54,1,1
5506,7905,5350,30,22623,21972,3356,22813,39464,79,1,1
5507,8156,8566,40,22703,21802,1042,22923,40737,115,1,1
5508,7153,3587,40,19126,18666,4468,19297,34555,52,1,1
5509,7595,6151,40,21540,20859,1323,21741,36840,84,1,1
5510,7304,3076,40,18334,17904,2765,18505,31690,49,1,1
5511,7814,6432,40,16050,15349,1042,16260,31589,88,1,1
5512,8216,4298,40,13255,12734,1333,13435,27332,62,1,1
5513,6542,5140,40,15780,15189,1793,15970,29495,72,1,1
5514,3747,621,40,11071,10881,1673,11211,17292,14,1,1
5515,13796,10610,40,37230,36217,11372,37460,73279,127,1,2
5516,2445,1062,40,8436,8206,3106,8586,15259,21,1,1
5517,8436,7244,40,20790,20037,1723,21010,38453,95,1,1
5518,3126,1222,40,15369,15089,1513,15529,21430,23,1,2
5519,6512,4128,40,15800,15289,4699,15980,31379,60,1,1
5520,4108,3016,40,19898,19467,2825,20058,30067,48,1,1
5521,7855,6041,40,17644,16953,1693,17834,33473,84,1,1
5522,7765,5360,40,20489,19868,6332,20679,40176,76,1,1
5523,6181,4860,40,15489,14908,1152,15679,27932,72,1,1
5524,6953,5320,40,14718,14107,3126,14908,30357,75,1,1
5525,3206,781,40,17954,17763,1643,18104,23795,17,1,1
5526,5390,4128,40,19477,18936,1313,19667,30528,63,1,1
5527,5801,2445,40,18034,17683,1793,18204,28283,39,1,1
5528,6052,5530,41,16090,15459,1112,16291,29025,78,1,1
5529,6442,4118,30,14016,13505,2134,14196,26930,61,1,1
5530,4007,771,40,11582,11392,1754,11742,18325,17,1,1
5531,4068,551,40,11542,11382,1814,11692,18165,12,1,1
5532,6913,2285,40,26700,26329,5941,26861,42050,36,1,2
5533,5280,2344,40,18646,18295,7364,18806,33834,37,1,1
5534,3186,371,40,5360,5220,1243,5500,10350,8,1,1
5535,7323,7765,40,25448,24616,1082,25659,41859,98,1,2
5536,5160,2425,40,18755,18415,18005,18925,44555,38,1,1
5537,16581,21160,40,18595,16832,2685,18906,59372,233,1,2
5538,6322,4909,40,15600,15029,1643,15790,28724,70,1,1
5539,5661,2474,40,18665,18304,14958,18825,41959,40,1,1
5540,5671,4749,40,19407,18836,1222,19597,31279,69,1,1
5541,6632,5230,41,19426,18795,1724,19617,33263,78,1,1
5542,7755,2364,41,18404,18044,1644,18555,30378,38,1,1
5543,7003,5220,40,14568,13946,2184,14758,29225,76,1,1
5544,6081,5010,40,32542,31931,5440,32732,49313,70,1,2
5545,10290,9889,40,17102,16171,2195,17332,39756,121,1,1
5546,7394,4588,41,20929,20368,1974,21110,35116,66,1,1
5547,7784,6302,40,17112,16421,1793,17313,33242,87,1,1
5548,7013,5781,40,20980,20318,1984,21180,35988,83,1,1
5549,6733,6472,40,23314,22603,1102,23515,37862,88,1,1
5550,6533,3727,40,19938,19467,2144,20118,32572,55,1,1
5551,7524,6091,40,23173,22462,1352,23365,38382,87,1,1
5552,3837,962,40,16802,16592,1764,16962,23575,19,1,1
5553,3827,2014,40,13105,12774,1493,13265,20639,34,1,1
5554,7825,5871,41,15248,14577,1883,15459,31079,84,1,1
5555,6602,5430,40,19937,19306,1543,20128,33753,77,1,1
5556,10690,6873,40,33033,32301,10209,33243,61065,88,1,2
5557,3276,1944,40,16932,16572,3908,17092,26260,34,1,2
5558,4268,3035,40,19527,19126,3767,19697,30828,46,1,1
5559,3837,1072,40,8276,8066,1082,8436,14477,20,1,1
5560,3837,161,40,7634,7514,1472,7765,13295,4,1,1
5561,12544,11912,40,17393,16281,2254,17634,44394,146,1,1
5562,7364,5731,40,21120,20488,2405,21310,36870,78,1,1
5563,6893,4148,40,22433,21932,1352,22623,35046,60,1,1
5564,5570,3206,41,17453,17002,2945,17624,29385,51,1,1
5565,7284,6372,40,15840,15119,1032,16030,30758,89,1,1
5566,7063,5541,40,15860,15199,2925,16050,31639,81,1,1
5567,5862,2174,40,19096,18735,1483,19266,28825,39,1,1
5568,6583,4618,40,20899,20338,1283,21090,33614,68,1,1
5569,3657,1392,30,17342,17072,1613,17493,24206,26,1,1
5570,1803,231,40,12153,12043,561,12293,14938,4,1,1
5571,11041,8957,41,15188,14297,1032,15409,36479,114,1,1
5572,6753,4608,40,16431,15890,2244,16622,30257,66,1,1
5573,5140,511,40,12504,12354,1693,12654,20048,12,1,1
5574,4538,1133,40,14457,14217,1593,14617,21921,23,1,1
5575,2375,220,40,8206,8085,8466,8346,19457,5,1,1
5576,6782,4599,40,20549,20008,6212,20739,38382,67,1,1
5577,4669,1132,40,32371,32071,982,32522,39345,19,1,3
5578,3066,411,40,5580,5430,1623,5711,10861,9,1,1
5579,6773,5831,40,17934,17273,1172,18124,31950,81,1,1
5580,6462,1873,40,18054,17743,17874,18215,44474,32,1,1
5581,7103,7505,40,18375,17554,1573,18585,34826,100,1,2
5582,6291,3176,30,18905,18485,13455,19066,42029,47,1,1
5583,7174,6633,40,21671,20930,1082,21881,36810,94,1,1
5584,6913,5280,40,36369,35728,2154,36569,50956,75,1,2
5585,2786,310,41,17192,17062,2134,17333,22613,7,1,1
5586,2295,110,40,16912,16822,14377,17052,33874,1,1,1
5587,16311,20609,40,23605,21881,18866,23915,79741,230,1,1
5588,1713,231,40,7113,7003,6873,7243,16120,5,1,1
5589,17363,18996,40,16101,14518,15038,16391,67818,210,1,1
5590,16932,11060,40,34325,33283,6211,34566,68800,132,1,2
5591,6933,4569,40,27682,27131,10250,27872,49654,62,1,2
5592,3006,511,40,8005,7855,1022,8155,12734,11,1,1
5593,6101,4659,40,18365,17834,2054,18555,31419,65,1,1
5594,6903,5219,40,20208,19607,5520,20399,38072,73,1,1
5595,6903,5681,40,24697,24055,1703,24897,39214,79,1,1
5596,7073,4468,40,19867,19336,2295,20057,33924,64,1,1
5597,5490,4098,40,19296,18796,1282,19487,30387,60,1,1
5598,5761,2815,40,16210,15800,1473,16380,26470,46,1,1
5599,2745,1513,41,17723,17453,2505,17884,24697,27,1,1
5600,10880,8997,40,31680,30748,11622,31900,63439,114,1,2
5601,3557,2224,40,9288,8966,1743,9458,17032,36,1,1
5602,5751,4428,40,29115,28554,5370,29306,44905,65,1,2
5603,3788,501,40,7694,7534,1483,7834,13646,11,1,1
5604,2325,310,40,12063,11932,4579,12203,19477,7,1,1
5605,7484,5090,40,20759,20178,1783,20950,35357,71,1,1
5606,6893,5521,40,15098,14457,2274,15289,30017,79,1,1
5607,7214,5189,40,21100,20488,1462,21291,35196,76,1,1
5608,7404,7514,41,22232,21450,1062,22443,38463,99,1,1
5609,6773,3857,40,19156,18676,4929,19337,34936,57,1,1
5610,7314,6102,40,20469,19778,1543,20669,35668,85,1,1
5611,5671,2525,40,18465,18104,7754,18635,34645,41,1,1
5612,4378,2885,41,15088,14677,1343,15269,23905,47,1,1
5613,7213,3777,41,14527,14056,1854,14708,27582,55,1,1
5614,7143,5300,40,18805,18204,1914,18995,33403,74,1,1
5615,11051,8667,40,31930,31069,10519,32151,62448,108,1,2
5616,6101,4579,40,36279,35679,4358,36449,51537,62,1,3
5617,2956,862,40,7764,7554,1192,7915,12975,17,1,1
5618,12193,13255,40,18324,17112,1804,18585,45867,160,1,1
5619,8677,6121,40,21049,20358,2594,21261,38703,87,1,1
5620,7113,5882,40,17493,16822,1403,17693,32141,83,1,1
5621,7183,5431,40,21160,20539,6933,21340,40937,75,1,1
5622,6252,4959,41,16661,16060,1172,16852,29285,73,1,1
5623,6442,4619,40,16281,15730,2575,16471,30167,67,1,1
5624,6352,2905,40,18605,18205,2624,18775,30698,45,1,1
5625,7404,7023,40,20879,20138,1072,21090,36629,94,1,1
5626,5821,2726,40,18364,17964,3035,18535,30147,45,1,1
5627,12243,11111,40,19637,18585,1342,19888,44634,138,1,1
5628,6503,5079,40,14899,14287,2174,15089,28905,74,1,1
5629,4459,451,40,12273,12123,1693,12413,19056,11,1,1
5630,3897,611,40,11422,11252,1693,11572,17823,12,1,1
5631,1884,150,40,8807,8717,641,8947,11662,2,1,1
5632,17643,11592,40,22963,21881,13536,23204,66025,137,1,2
5633,3286,962,40,25187,24967,10008,25338,39634,16,1,2
5634,3777,982,40,7073,6863,1152,7233,13185,19,1,1
5635,3627,450,40,5350,5200,1232,5501,10850,10,1,1
5636,2524,1452,40,15309,15068,3356,15470,22853,24,1,1
5637,7233,5009,40,20659,20058,1734,20839,34876,72,1,1
5638,6833,5540,40,18164,17513,1854,18355,32622,80,1,1
5639,6853,5320,40,20428,19807,2154,20629,34986,77,1,1
5640,6172,5079,41,20037,19406,1182,20229,32712,76,1,1
5641,6432,3206,40,32682,32242,3126,32862,45656,47,1,2
5642,7144,5260,40,22212,21601,7695,22402,42551,75,1,1
5643,7605,2905,40,19697,19316,1443,19878,31871,44,1,1
5644,15799,11302,40,16221,15139,1122,16461,44724,140,1,1
5645,5370,2405,40,24155,23765,1723,24326,33864,39,1,2
5646,8847,3667,40,19397,18946,13035,19577,45156,53,1,1
5647,7595,5400,40,23404,22763,2024,23594,38653,78,1,1
5648,3797,421,40,7545,7394,982,7685,12945,10,1,1
5649,3196,932,40,11622,11412,2725,11772,18665,18,1,1
5650,6012,3947,40,22071,21570,1343,22252,33594,60,1,1
5651,6753,5230,40,20559,19928,1233,20749,34015,77,1,1
5652,7164,5621,40,23554,22913,2073,23744,38653,79,1,1
5653,6463,5640,40,19637,19006,1132,19838,33123,78,1,1
5654,6262,4779,40,19166,18595,2756,19346,33183,68,1,1
5655,3937,651,40,16020,15840,1653,16171,22442,14,1,1
5656,11081,8205,40,33964,33142,10390,34175,63891,101,1,2
5657,3116,1824,40,11662,11362,4829,11822,21651,31,1,1
5658,8917,7534,41,21761,20979,2995,21962,41458,99,1,1
5659,4649,1042,40,11933,11703,1403,12083,19217,21,1,1
5660,3938,891,40,10941,10730,1433,11101,17413,19,1,1
5661,13135,13606,40,25598,24386,1923,25869,54563,160,1,1
5662,6703,5520,40,15971,15328,2244,16171,30688,79,1,1
5663,6733,5811,40,21110,20469,2215,21310,36109,79,1,1
5664,7284,6993,40,20138,19407,1162,20348,35837,93,1,1
5665,6032,3336,40,32742,32302,17563,32922,59893,46,1,2
5666,2855,1733,40,18024,17743,4268,18175,27091,28,1,1
5667,6001,3396,41,18855,18384,8356,19036,36829,55,1,1
5668,13075,5220,40,11121,10540,17894,11311,47560,71,1,1
5669,3487,1162,40,9548,9318,11221,9698,25608,21,1,1
5670,16070,21521,40,18936,17193,8115,19246,64992,234,1,1
5671,1603,441,40,7505,7343,7724,7635,17453,10,1,1
5672,16892,21320,40,20078,18304,21160,20389,79811,238,1,1
5673,16621,12714,40,38482,37280,7924,38723,76043,152,1,2
5674,3166,1883,40,14768,14457,3146,14929,23164,31,1,1
5675,3857,1853,40,28003,27681,2565,28164,36489,30,1,2
5676,5300,1332,41,7564,7323,1032,7735,15439,24,1,1
5677,3797,481,41,8225,8075,1463,8376,14157,11,1,1
5678,12293,12574,40,25358,24176,1132,25608,51647,154,1,1
5679,6772,5310,40,22663,22041,1412,22844,36378,74,1,1
5680,7625,6482,40,21952,21251,1974,22152,38273,87,1,1
5681,6332,4608,41,19196,18655,1252,19377,31619,65,1,1
5682,7424,5620,41,15870,15238,1753,16071,30908,78,1,1
5683,7083,3978,40,19306,18805,2275,19486,32862,59,1,1
5684,6863,4850,40,14036,13465,952,14226,26941,71,1,1
5685,6893,5982,40,18645,17974,2114,18845,33874,84,1,1
5686,7825,4588,40,18875,18334,1734,19056,33253,64,1,1
5687,5190,3266,40,14307,13876,1313,14487,24296,51,1,1
5688,8546,4869,40,13526,12975,1543,13716,28714,67,1,1
5689,6222,5290,40,15509,14898,1713,15710,28965,75,1,1
5690,3116,731,40,11481,11301,1674,11632,17203,15,1,1
5691,6202,2375,40,26841,26480,6061,27011,41699,36,1,2
5692,5380,3116,40,19758,19347,8997,19928,37471,46,1,1
5693,4128,451,40,5611,5460,1092,5761,11482,11,1,1
5694,3446,681,40,7704,7534,1814,7855,13856,14,1,1
5695,4899,1112,40,7184,6953,1072,7344,14457,21,1,1
5696,4398,1864,40,14077,13786,2595,14237,23144,31,1,1
5697,7324,4008,40,19817,19336,7935,19997,39304,56,1,1
5698,4979,2044,40,15960,15630,1533,16120,24716,35,1,1
5699,6051,2164,40,18414,18084,8325,18586,35166,36,1,1
5700,4759,3206,40,18444,18014,1352,18626,27993,50,1,1
5701,6151,4529,40,36549,35968,3347,36739,50806,66,1,2
5702,6923,6372,40,14448,13735,1042,14638,29035,88,1,1
5703,6542,4529,40,13947,13396,3807,14127,29045,65,1,1
5704,9107,7605,40,22102,21290,2344,22312,41408,103,1,1
5705,3778,561,40,11502,11341,1693,11652,17744,12,1,1
5706,13335,8546,30,32651,31790,15208,32862,70002,104,1,2
5707,1974,992,40,18275,18074,15960,18435,37401,18,1,1
5708,11251,11552,40,11552,10420,1463,11792,36118,144,1,2
5709,6272,4819,40,18094,17513,2725,18275,32151,71,1,1
5710,6893,4719,40,20058,19487,3146,20249,35057,70,1,1
5711,6974,5440,40,23444,22823,1222,23624,37311,77,1,1
5712,3888,1182,40,17143,16892,3015,17303,25428,24,1,1
5713,12443,12013,40,23324,22202,1032,23574,49092,147,1,1
5714,6563,4749,40,19296,18705,1783,19487,32622,71,1,1
5715,9518,7594,40,32973,32151,11331,33183,61676,100,1,2
5716,2996,1703,40,10360,10069,6492,10520,21741,28,1,1
5717,8896,7054,40,21060,20319,5641,21260,42911,93,1,1
5718,5521,922,40,10069,9859,1483,10219,18205,18,1,1
5719,3035,832,40,7965,7775,1624,8115,13656,16,1,1
5720,2274,391,40,12534,12393,591,12674,15970,8,1,1
5721,17303,18555,40,23635,22091,2465,23925,62298,206,1,1
5722,7274,5620,40,15299,14677,2244,15500,30678,78,1,1
5723,6753,5721,40,21190,20539,4779,21380,38683,80,1,1
5724,7745,7123,41,20819,20048,1052,21030,37010,98,1,1
5725,6352,2104,40,30277,29937,13266,30447,52209,33,1,2
5726,3176,2053,40,17863,17523,5570,18025,28874,36,1,1
5727,7214,3697,40,18625,18154,5581,18805,35337,55,1,1
5728,6903,6141,40,19106,18415,1252,19306,33643,85,1,1
5729,6262,4959,41,17062,16471,3767,17253,32291,72,1,1
5730,3897,1152,40,14949,14718,1613,15099,21821,20,1,1
5731,10289,6342,40,30417,29727,10600,30617,57879,80,1,2
5732,2735,1503,40,26791,26481,9268,26951,40487,27,1,2
5733,2255,120,40,6432,6352,1403,6572,10400,1,1,1
5734,4569,320,40,7925,7784,1492,8066,14497,8,1,1
5735,6683,4248,40,14297,13796,3918,14487,29376,61,1,1
5736,6923,5110,40,21832,21241,2084,22022,36179,72,1,1
5737,6973,5961,40,17974,17323,2154,18174,33312,82,1,1
5738,7324,5770,40,20519,19837,2875,20699,36729,83,1,1
5739,5600,5140,40,19337,18736,1182,19527,31499,74,1,1
5740,7484,4779,41,17663,17072,1914,17854,32081,72,1,1
5741,3266,2044,40,18645,18335,2966,18815,27141,34,1,1
5742,6342,5360,40,20559,19938,1192,20759,33693,76,1,1
5743,3136,631,40,17412,17252,1913,17564,23284,13,1,1
5744,5971,3437,40,13596,13135,1573,13766,24787,53,1,1
5745,3917,681,40,11682,11502,1663,11832,18154,15,1,1
5746,6231,5170,40,14147,13565,1884,14337,27672,72,1,1
5747,3727,481,40,11592,11431,1713,11742,17693,11,1,1
5748,12384,7414,40,29125,28354,10650,29325,59823,92,1,2
5749,2265,440,41,22502,22302,13295,22643,38683,10,1,2
5750,2935,642,40,8376,8215,972,8536,13115,12,1,1
5751,4188,692,40,11752,11572,1653,11912,18485,15,1,1
5752,7434,5059,40,15499,14918,2475,15690,30718,71,1,1
5753,8396,6622,40,20770,20058,1352,20970,37380,89,1,1
5754,6913,5911,40,20829,20168,1392,21030,35286,83,1,1
5755,8045,6282,40,21831,21140,1653,22032,38052,86,1,1
5756,10640,3627,40,21641,21200,18766,21821,54894,51,1,1
5757,4178,1473,40,9808,9518,12133,9969,27793,29,1,1
5758,16011,20839,40,23314,21600,15599,23615,76114,229,1,1
5759,1893,421,40,7534,7374,7644,7674,17693,11,1,1
5760,16992,22693,40,25088,23365,20849,25398,85982,232,1,1
5761,2124,211,40,17232,17122,4389,17372,24136,5,1,1
5762,1704,160,40,9648,9548,561,9788,12243,3,1,1
5763,9538,6302,40,14318,13635,1082,14518,31490,86,1,1
5764,6382,3416,40,20629,20188,3045,20810,33683,52,1,1
5765,7684,6342,31,14287,13585,1002,14488,29546,86,1,1
5766,3757,1583,40,12363,12093,1373,12524,19287,27,1,1
5767,4358,551,40,11742,11572,1693,11893,18525,12,1,1
5768,5410,1453,40,18946,18695,14016,19106,40045,25,1,1
5769,3888,2294,40,13666,13325,2475,13836,22543,38,1,1
5770,7043,4178,41,21580,21079,5902,21771,38944,60,1,1
5771,7674,7775,40,27452,26620,1113,27662,44264,104,1,1
5772,6643,3947,40,20889,20408,2745,21070,34455,57,1,1
5773,6993,6302,41,23754,23063,1472,23956,38783,87,1,1
5774,7033,4348,40,20108,19587,1664,20288,33383,61,1,1
5775,5600,3848,40,14147,13636,1262,14317,25077,60,1,1
5776,6733,4338,40,14368,13847,2585,14558,28264,64,1,1
5777,6703,5149,40,19627,19016,1433,19818,33153,74,1,1
5778,12283,9157,40,32101,31208,10771,32321,64592,112,1,2
5779,3257,1843,40,9879,9599,4589,10039,19778,30,1,1
5780,9268,7444,40,21361,20559,2915,21571,41248,100,1,1
5781,4438,601,40,7835,7664,1463,7985,14538,13,1,1
5782,3196,511,40,7995,7845,1703,8145,13595,11,1,1
5783,5240,3056,40,13716,13295,4318,13886,26550,48,1,1
5784,3477,2094,40,19116,18795,3016,19286,27913,35,1,1
5785,6733,5510,40,17924,17302,3416,18125,33814,77,1,1
5786,10370,10509,40,23354,22312,1142,23595,45666,137,1,1
5787,7545,7364,30,21110,20308,1062,21320,37321,100,1,1
5788,6663,2495,40,29947,29566,13215,30117,52540,38,1,2
5789,2815,2014,40,13616,13305,4378,13776,23023,32,1,1
5790,5300,2535,40,18204,17834,6201,18375,32441,40,1,1
5791,6673,5320,40,17473,16862,1202,17663,30908,75,1,1
5792,6242,4929,40,17793,17212,2535,17984,31730,71,1,1
5793,4809,1523,40,12023,11753,1353,12183,19918,27,1,1
5794,3667,1222,40,11642,11411,1623,11802,18365,22,1,1
5795,4529,721,40,10871,10680,1673,11021,17984,15,1,1
5796,902,140,41,8526,8436,701,8667,10470,2,1,1
5797,17553,13385,41,30597,29426,19908,30848,81754,150,1,2
5798,2104,431,40,26470,26279,9859,26610,39044,9,1,2
5799,2986,551,40,6903,6743,1062,7053,11682,12,1,1
5800,6091,4689,41,17232,16651,2966,17413,31209,69,1,1
5801,7163,4839,40,20609,20038,3597,20799,36449,70,1,1
5802,7784,7124,40,21471,20679,1773,21681,38392,98,1,1
5803,7143,4899,40,20919,20328,1734,21110,34936,71,1,1
5804,10921,9408,40,18916,18014,1914,19146,41439,116,1,1
5805,7905,6262,40,21341,20629,1493,21541,37241,87,1,1
5806,6782,5701,41,19506,18855,1532,19707,33763,81,1,1
5807,2665,291,40,17153,17032,2174,17303,22473,7,1,1
5808,7354,6683,40,15810,15078,1162,16020,31269,93,1,1
5809,6562,4639,40,15921,15339,2214,16111,29556,69,1,1
5810,4058,1412,40,11782,11521,1573,11943,19036,27,1,1
5811,3747,160,40,11311,11211,1993,11452,17412,3,1,1
5812,4218,822,40,25318,25097,10169,25468,40717,17,1,2
5813,2164,511,40,17523,17353,12553,17663,32932,12,1,1
5814,3617,441,40,5500,5350,1173,5650,10921,10,1,1
5815,5711,4218,40,24877,24327,1363,25057,36389,62,1,2
5816,5370,1853,40,17984,17683,17904,18145,43322,31,1,1
5817,16842,21541,40,22944,21130,2845,23274,64542,239,1,2
5818,6342,2966,40,18525,18114,12654,18685,40697,46,1,1
5819,4519,3466,40,14247,13786,1292,14418,23735,54,1,1
5820,5641,3356,40,14508,14046,2575,14678,26300,53,1,1
5821,6602,4439,40,16581,16020,1674,16771,29516,67,1,1
5822,7213,4950,40,15499,14898,1884,15689,29766,73,1,1
5823,1973,121,40,17413,17313,3276,17553,22953,1,1,1
5824,5561,2945,40,12363,11962,1363,12534,22453,46,1,1
5825,4038,691,40,10009,9829,1453,10159,16391,15,1,1
5826,6342,4769,40,31540,30948,3637,31730,46518,67,1,2
5827,4188,862,40,9939,9729,1433,10089,16622,18,1,1
5828,1954,210,40,12042,11942,5371,12183,19778,4,1,1
5829,3467,1453,40,18825,18545,4488,18976,28434,27,1,1
5830,7013,5400,40,15238,14607,2144,15440,30037,78,1,1
5831,8085,6503,40,21481,20759,1302,21691,37621,91,1,1
5832,7374,7063,40,23414,22653,1092,23624,39204,96,1,1
5833,6933,3456,40,20068,19617,6612,20239,37280,51,1,1
5834,6232,5370,40,20219,19597,1482,20409,33543,75,1,1
5835,6593,3867,40,20789,20289,2665,20970,34145,59,1,1
5836,4057,2445,40,18104,17724,1462,18265,26279,41,1,1
5837,4829,2124,40,18846,18525,1533,19016,27532,35,1,1
5838,6402,4820,40,18946,18365,2174,19136,32562,70,1,1
5839,8907,4389,40,35096,34546,10160,35276,58792,61,1,2
5840,6232,2164,40,35567,35197,2014,35727,46167,32,1,3
5841,3957,1473,40,8416,8156,1032,8576,15088,27,1,1
5842,3526,421,40,7745,7585,1473,7885,13345,10,1,1
5843,3437,671,40,20328,20108,2965,20479,27592,14,1,2
5844,4288,2314,41,19556,19206,2685,19738,29065,38,1,1
5845,7774,6994,40,23554,22793,1913,23754,40486,94,1,1
5846,10480,5250,40,19276,18705,13396,19466,48632,70,1,1
5847,2815,1784,40,16531,16241,5511,16691,26851,30,1,1
5848,3386,882,40,17353,17152,1653,17513,23474,18,1,1
5849,6142,3657,40,10790,10330,12102,10961,32912,54,1,1
5850,3276,2304,40,15961,15619,11441,16121,33192,37,1,1
5851,3918,2755,40,13726,13346,5691,13896,26290,42,1,1
5852,3587,1472,40,18996,18715,2144,19157,26410,28,1,1
5853,6232,4849,40,15470,14889,1192,15660,27963,69,1,1
5854,6883,3387,40,13355,12904,1954,13535,25799,53,1,1
5855,6392,4679,40,16722,16171,1543,16902,29556,67,1,1
5856,3817,832,40,12965,12774,1663,13125,19487,17,1,1
5857,13085,8245,40,31680,30868,12724,31891,65995,99,1,2
5858,5621,3767,40,28013,27522,4689,28193,42310,53,1,2
5859,3477,170,40,7314,7214,1082,7454,12243,4,1,1
5860,3797,1102,40,5641,5410,1002,5801,11732,22,1,1
5861,7875,8286,40,27763,26931,1142,27973,45326,106,1,1
5862,7043,5711,40,18625,17974,1483,18825,33112,82,1,1
5863,7223,5982,40,20689,20038,4108,20869,38242,79,1,1
5864,6291,4469,40,19818,19267,1072,19998,31880,66,1,1
5865,2975,1844,40,14427,14147,2415,14587,21881,30,1,1
5866,4088,811,40,17744,17554,1473,17894,24316,16,1,1
5867,4568,2716,40,15128,14728,1212,15289,23835,43,1,1
5868,3045,1954,40,14919,14607,2194,15079,22312,32,1,1
5869,4789,210,40,17544,17423,1132,17684,23855,5,1,1
5870,7303,6783,40,15048,14317,1002,15259,30387,91,1,1
5871,4509,1022,40,12023,11782,1573,12163,19317,22,1,1
5872,6733,5150,40,14347,13756,1423,14537,27883,71,1,1
5873,3367,471,40,11632,11482,1693,11782,17353,10,1,1
5874,5721,1222,30,18225,17974,17824,18375,43192,24,1,1
5875,15990,22312,40,30748,28895,15279,31058,84690,240,1,3
5876,2895,602,40,5650,5490,1863,5801,11191,12,1,1
5877,2735,1583,40,16311,16040,4088,16471,24937,28,1,1
5878,7414,5010,40,20468,19857,2184,20659,35317,73,1,1
5879,6913,5100,40,27442,26831,1242,27632,40927,74,1,1
5880,3787,802,40,19607,19417,1683,19757,26079,16,1,1
5881,4588,3135,40,16771,16351,1362,16942,26089,48,1,1
5882,6783,4839,40,15920,15359,1253,16110,29025,68,1,1
5883,6853,4970,40,19807,19186,1623,19997,33493,75,1,1
5884,11983,8206,30,33253,32401,12584,33463,66266,103,1,2
5885,3036,1482,40,12123,11862,4598,12284,21450,26,1,1
5886,8306,6763,40,20669,19928,2705,20879,38703,93,1,1
5887,3787,922,30,8085,7885,1433,8235,14417,17,1,1
5888,2855,742,40,12744,12554,4278,12884,20809,15,1,1
5889,6733,4038,40,20609,20098,2114,20779,33724,60,1,1
5890,7253,5751,40,15109,14457,2204,15299,30567,80,1,1
5891,7114,5550,41,21250,20579,1553,21451,35708,82,1,1
5892,13446,15148,40,32651,31329,1522,32912,63069,175,1,1
5893,4979,1653,40,27061,26760,1603,27222,35507,27,1,2
5894,6843,5120,40,16341,15750,9819,16531,38363,72,1,1
5895,3357,1753,40,18245,17954,3406,18415,26961,30,1,1
5896,4338,2585,40,15900,15529,1483,16070,24526,41,1,1
5897,7234,4298,41,15108,14587,1613,15299,28474,63,1,1
5898,6833,5690,30,19557,18896,1443,19747,33774,81,1,1
5899,9819,6232,40,30778,30108,7264,30978,54353,81,1,2
5900,5881,2875,40,36098,35647,2254,36268,47330,43,1,3
5901,4549,601,40,7685,7504,1092,7835,14117,13,1,1
5902,10249,8927,40,16651,15770,2405,16872,38493,113,1,1
5903,7414,4619,40,20489,19918,4769,20659,37521,67,1,1
5904,7665,7233,40,25889,25117,1102,26100,42130,97,1,1
5905,6803,5971,40,20909,20218,1122,21100,35036,84,1,1
5906,7815,5089,40,18225,17634,1593,18415,32952,72,1,1
5907,3627,1182,40,19337,19116,2364,19497,26710,20,1,1
5908,7435,5881,40,22122,21471,1352,22322,37020,79,1,1
5909,3747,902,40,18545,18345,1663,18705,25057,18,1,1
5910,4528,2305,40,13846,13496,1513,14016,22402,38,1,1
5911,7514,3576,40,13165,12714,2004,13345,26490,54,1,1
5912,6813,4919,40,14647,14076,1823,14838,28454,70,1,1
5913,3757,791,41,11551,11361,1664,11702,17954,17,1,1
5914,12694,9388,40,30458,29526,10329,30678,63139,115,1,2
5915,2365,1052,40,26700,26460,5620,26860,35938,18,1,2
5916,2645,170,40,6542,6432,1322,6683,10850,3,1,1
5917,3466,671,41,5700,5520,1243,5841,11261,13,1,1
5918,2846,1773,40,15159,14879,3817,15319,23805,29,1,1
5919,7664,4870,40,20058,19487,1713,20248,34545,70,1,1
5920,6913,5881,40,18124,17473,1904,18324,33073,82,1,1
5921,6904,5290,40,20418,19797,2023,20619,34866,77,1,1
5922,5911,4689,40,18455,17854,1303,18635,30578,72,1,1
5923,6562,4008,40,15589,15089,2244,15770,28624,58,1,1
5924,3987,1443,40,17944,17664,1583,18104,25157,28,1,1
5925,6633,5330,40,19848,19227,1162,20038,33223,76,1,1
5926,3787,1363,40,17904,17643,1593,18064,24857,26,1,1
5927,8075,6673,40,16531,15780,1763,16731,33293,93,1,1
5928,5560,2335,40,24145,23785,1663,24316,33914,37,1,2
5929,2024,792,40,18295,18094,15359,18445,36670,16,1,1
5930,6863,5410,40,18364,17723,1623,18556,32492,78,1,1
5931,6853,5160,40,21931,21310,1903,22122,36088,75,1,1
5932,3146,150,40,13736,13646,3407,13876,20639,3,1,1
5933,1954,330,40,11010,10900,631,11162,14117,6,1,1
5934,14949,17362,40,29466,28033,1032,29747,63120,189,1,1
5935,5070,2805,40,21331,20920,6472,21511,35888,47,1,1
5936,7654,6392,40,28864,28193,3798,29064,46959,85,1,1
5937,5871,3597,40,18115,17664,1312,18295,29115,53,1,1
5938,4589,2024,40,16662,16341,1503,16822,24988,34,1,1
5939,6493,5009,40,20299,19708,2104,20499,34155,73,1,1
5940,10380,8977,40,34816,33894,12494,35036,66927,113,1,2
5941,3216,2034,40,23083,22743,4859,23244,33403,32,1,2
5942,4709,3396,40,20078,19637,3807,20249,32211,50,1,1
5943,3888,1452,40,11442,11181,1373,11602,18355,26,1,1
5944,14147,15048,40,21180,19858,1913,21451,52609,176,1,1
5945,7154,5580,40,22222,21621,2294,22412,37491,74,1,1
5946,6883,5531,40,15530,14888,1963,15720,30137,78,1,1
5947,7154,5981,40,22032,21350,2645,22232,38052,83,1,1
5948,7164,6643,30,21010,20268,1102,21200,36159,92,1,1
5949,6943,3286,30,31008,30548,17183,31179,58631,47,1,2
5950,6532,5190,40,23044,22433,5711,23244,40717,75,1,1
5951,6552,3236,40,18565,18114,9117,18736,37681,51,1,1
5952,4379,3386,40,16311,15880,1303,16491,25599,51,1,1
5953,6742,3818,40,14527,14036,1624,14717,26931,59,1,1
5954,6453,4979,40,18105,17513,1833,18295,31610,72,1,1
5955,3737,1052,40,15019,14798,1593,15179,21591,20,1,1
5956,14978,10620,40,32381,31379,5571,32612,63831,126,1,2
5957,7554,5841,40,29596,28914,6903,29797,50135,82,1,2
5958,3717,541,40,8026,7865,1563,8176,14037,12,1,1
5959,12544,14047,40,25719,24466,1032,25979,53632,165,1,1
5960,7374,5701,40,23545,22883,1312,23745,38172,83,1,1
5961,6883,5029,40,22312,21721,2234,22493,36689,71,1,1
5962,6753,6052,40,15038,14367,1062,15249,29156,85,1,1
5963,7124,5019,40,15249,14648,2816,15439,30458,75,1,1
5964,7785,3607,40,19076,18615,2335,19246,33013,52,1,1
5965,6452,4790,40,16761,16190,1242,16952,29466,68,1,1
5966,7083,4619,40,21060,20489,1633,21250,34625,69,1,1
5967,4278,2725,41,15098,14707,1373,15269,23685,45,1,1
5968,6702,2254,40,13405,13055,1483,13565,24055,37,1,1
5969,6663,5129,40,15098,14487,1623,15289,28734,73,1,1
5970,2956,791,40,11892,11702,1643,12042,17493,17,1,1
5971,6141,2786,40,28003,27592,5811,28173,42961,43,1,2
5972,6191,2866,40,19407,19016,8736,19577,37410,45,1,1
5973,4749,1172,40,5911,5681,1032,6071,13064,22,1,1
5974,2905,1082,40,7724,7474,1153,7874,13055,23,1,1
5975,3877,401,40,6763,6633,1032,6913,12273,9,1,1
5976,3988,2164,40,19487,19125,2395,19647,28234,34,1,2
5977,5961,3237,40,25929,25468,19637,26099,54974,47,1,2
5978,3667,2374,40,16461,16120,3156,16632,25879,37,1,1
5979,5790,3347,40,19226,18806,14938,19406,43522,50,1,1
5980,6732,4419,40,19196,18665,1393,19386,31980,65,1,1
5981,6052,2855,40,34125,33714,3236,34295,46478,42,1,2
5982,6813,4458,40,13145,12593,2505,13325,27141,66,1,1
5983,7124,5350,40,14608,13997,1152,14808,28474,75,1,1
5984,6262,4950,40,31279,30668,4439,31469,47160,70,1,2
5985,3768,160,40,11261,11151,1743,11401,17123,3,1,1
5986,13606,6532,40,21661,20970,9498,21861,51537,85,1,1
5987,6763,5020,40,16952,16351,1683,17132,30648,73,1,1
5988,8236,5971,40,20770,20108,3677,20970,38894,82,1,1
5989,1964,110,40,6883,6793,1493,7023,10640,1,1,1
5990,5420,3527,40,16772,16321,2625,16952,28554,52,1,1
5991,7425,4789,40,19667,19106,2535,19857,34656,68,1,1
5992,7083,5260,40,23655,23034,1513,23845,37751,76,1,1
5993,3897,1062,40,16652,16431,1643,16812,23444,20,1,1
5994,6172,4579,40,17633,17072,1223,17823,29837,68,1,1
5995,6703,3867,40,14488,14017,1623,14678,26921,57,1,1
5996,5911,4519,40,19287,18736,1993,19477,31930,66,1,1
5997,10650,8937,40,37802,36901,9728,38012,67377,109,1,2
5998,6111,4729,41,29024,28434,2965,29216,43051,67,1,2
5999,4007,922,40,10189,9989,1402,10340,16711,18,1,1
6000,2996,361,40,8065,7925,1733,8205,13335,8,1,1
6001,1593,120,40,11301,11221,5080,11441,18275,1,1,1
6002,4308,1954,40,20208,19888,2204,20378,28894,35,1,1
6003,7565,6031,40,22984,22313,2014,23174,38834,83,1,1
6004,9218,6913,40,15860,15119,1102,16070,33343,95,1,1
6005,6853,5741,40,15760,15109,2444,15960,31028,80,1,1
6006,6362,3848,40,19316,18826,1532,19496,31299,60,1,1
6007,6101,4809,40,20138,19556,1242,20319,32521,69,1,1
6008,5460,3026,40,18795,18385,5992,18975,33483,47,1,1
6009,6543,5490,40,19267,18615,1142,19457,32682,79,1,1
6010,4358,762,40,12974,12784,1643,13124,19938,16,1,1
6011,8345,5250,40,17112,16481,1623,17313,32571,78,1,1
6012,3737,812,40,12433,12243,1803,12594,18986,17,1,1
6013,13376,7183,41,21841,21099,12133,22042,54774,92,1,1
6014,6693,3807,40,15850,15370,2494,16030,29075,56,1,1
6015,3266,1483,40,18705,18445,12323,18866,35968,25,1,1
6016,4478,2215,40,9167,8827,2956,9337,19036,38,1,1
6017,4298,1273,40,7173,6933,1032,7334,13977,24,1,1
6018,3547,180,40,7845,7735,1523,7985,13285,4,1,1
6019,5310,3166,40,13786,13355,3818,13956,26310,49,1,1
6020,6021,4087,41,19997,19506,2856,20178,33193,58,1,1
6021,7144,5570,41,21530,20869,1924,21731,36419,81,1,1
6022,7343,6321,40,20879,20178,1493,21080,36288,87,1,1
6023,6162,5741,40,23084,22433,1182,23284,36419,81,1,1
6024,6803,2625,40,30478,30087,4589,30638,44695,38,1,2
6025,6542,4849,40,19998,19427,6011,20178,37641,70,1,1
6026,6973,3086,40,18435,18024,3076,18615,31790,48,1,1
6027,6302,5019,40,14888,14287,1202,15089,27662,74,1,1
6028,4388,661,40,11863,11682,1663,12013,18755,14,1,1
6029,6963,5551,40,15790,14237,1402,15990,29956,78,1,1
6030,4038,1012,40,11782,11552,1734,11932,18756,21,1,1
6031,12734,7284,40,28314,27552,9037,28524,57609,92,1,2
6032,5651,2955,40,18775,18364,12384,18956,39986,47,1,1
6033,2795,461,41,5350,5189,1192,5491,9979,11,1,1
6034,3066,802,40,7394,7204,992,7554,12454,16,1,1
6035,4178,761,40,18716,18546,1633,18866,25488,14,1,1
6036,7354,5130,30,25468,24867,2525,25658,40727,73,1,1
6037,6974,5790,40,22572,21921,1563,22773,37161,82,1,1
6038,7494,5470,40,20399,19778,1503,20599,35096,77,1,1
6039,5400,3647,40,18255,17774,1312,18425,28844,57,1,1
6040,6211,4509,40,19447,18886,2024,19637,32431,68,1,1
6041,6191,1674,40,17824,17533,2524,17984,28413,29,1,1
6042,5451,3827,40,13776,13285,1263,13956,24547,58,1,1
6043,6682,4879,40,32551,31941,3777,32742,48131,68,1,2
6044,2675,611,41,11531,11361,1684,11682,16692,13,1,1
6045,3797,461,40,11703,11541,1693,11843,17834,10,1,1
6046,4709,1022,40,29496,29245,12203,29646,47630,18,1,2
6047,2104,541,40,17543,17373,10861,17693,31239,12,1,1
6048,7684,8125,40,22031,21190,1042,22232,39133,106,1,1
6049,7093,3928,40,19838,19337,5781,20018,36880,59,1,1
6050,7264,6082,40,23614,22923,1352,23815,38553,85,1,1
6051,3798,551,40,16631,16461,1694,16781,22854,13,1,1
6052,4589,1443,40,16852,16572,1844,16992,24918,27,1,1
6053,4688,1954,40,17964,17644,1533,18124,26349,33,1,1
6054,6953,5260,40,21411,20769,6292,21611,40166,79,1,1
6055,10279,8266,40,32692,31830,10490,32912,61977,105,1,2
6056,6302,4238,40,28674,28143,6933,28865,46378,60,1,2
6057,3256,1222,40,8096,7855,1573,8256,14357,23,1,1
6058,892,120,40,7564,7474,2375,7704,11131,1,1,1
6059,3507,1272,40,13095,12845,4228,13245,22302,25,1,1
6060,6001,3867,40,20198,19687,1363,20379,31640,60,1,1
6061,7054,5971,40,15259,14588,2134,15459,30668,85,1,1
6062,7675,6772,40,21641,20919,4278,21852,40627,92,1,1
6063,8606,7244,40,20398,19617,1062,20599,37551,97,1,1
6064,6642,2985,40,33203,32773,13345,33373,56386,44,1,2
6065,3296,2154,40,19136,18796,5049,19297,29846,36,1,1
6066,6232,3106,40,18735,18315,6382,18906,34676,48,1,1
6067,6633,6482,40,18135,17423,1052,18335,32552,89,1,1
6068,6181,1894,40,13746,13435,1533,13906,23564,33,1,1
6069,5941,5010,40,16351,15760,1683,16541,29215,72,1,1
6070,3586,1333,40,11672,11412,1603,11832,18384,25,1,1
6071,2455,240,40,8215,8105,9719,8366,20810,5,1,1
6072,16010,20248,40,25989,24265,9358,26290,71956,226,1,2
6073,2525,1082,40,26491,26249,5480,26651,35768,19,1,2
6074,2685,391,40,7815,7684,1252,7965,12323,8,1,1
6075,3957,1072,40,5932,5690,1012,6102,12173,23,1,1
6076,1543,120,40,6302,6222,1573,6442,9708,1,1,1
6077,6292,4569,40,16581,16030,3296,16762,30979,66,1,1
6078,8045,5821,40,20849,20198,2034,21050,37000,81,1,1
6079,7134,5470,40,20830,20209,1653,21020,35327,77,1,1
6080,6913,5381,40,23033,22442,6913,23224,42491,73,1,1
6081,5641,4288,40,18725,18204,1263,18915,30137,63,1,1
6082,7164,3556,40,30758,30277,5310,30939,47009,52,1,2
6083,6823,4799,40,18345,17793,4849,18535,35056,68,1,1
6084,6222,2785,40,18395,18025,2535,18575,30157,43,1,1
6085,4950,3837,40,14978,14468,1242,15159,25228,58,1,1
6086,7374,5420,40,25028,24386,2114,25208,40166,75,1,2
6087,4268,772,40,11752,11552,1654,11902,18636,16,1,1
6088,3907,682,40,24847,24647,12574,24997,42200,13,1,2
6089,4779,1914,40,18244,17924,14578,18404,39715,34,1,1
6090,3737,180,40,5240,5140,1112,5380,10459,4,1,1
6091,5901,3967,40,32140,31610,1402,32321,43642,59,1,2
6092,6752,5651,40,20609,19977,2204,20810,35457,79,1,1
6093,7164,4809,40,20679,20128,1694,20869,34576,67,1,1
6094,4308,3046,40,12864,12443,1333,13034,21771,48,1,1
6095,8076,6612,40,15860,15139,1784,16070,32592,91,1,1
6096,6883,5390,40,20399,19768,1893,20589,34805,77,1,1
6097,2825,290,40,17273,17153,2655,17423,23224,6,1,1
6098,3667,1483,40,32952,32661,18054,33102,56366,25,1,2
6099,3417,1152,40,5491,5260,7494,5651,17754,21,1,1
6100,16932,20869,41,16681,15008,11973,16992,66816,225,1,1
6101,1933,592,40,7364,7203,7574,7504,17643,12,1,1
6102,16010,20940,41,16180,14467,11903,16491,65384,230,1,1
6103,14457,16552,40,27903,26460,1092,28183,60314,192,1,1
6104,7384,5580,40,15450,14818,2434,15650,31078,79,1,1
6105,8015,6673,40,21591,20860,2004,21791,38533,91,1,1
6106,7214,6522,40,19758,19066,1072,19968,34826,88,1,1
6107,6853,3196,40,32031,31589,16541,32201,58831,46,1,2
6108,7363,6022,40,15139,14458,2434,15329,31188,83,1,1
6109,5891,2896,40,18575,18175,8917,18755,36489,45,1,1
6110,4468,2726,40,15239,14848,1342,15409,23995,44,1,1
6111,6923,3657,40,13255,12795,1764,13435,25839,56,1,1
6112,5480,4419,40,19186,18665,1924,19376,31249,64,1,1
6113,11031,8346,40,32902,32051,9508,33122,62037,105,1,2
6114,3476,742,40,11021,10840,2815,11171,18264,15,1,1
6115,6372,4719,40,29927,29336,2985,30117,44253,69,1,2
6116,5059,1363,40,8276,8025,1142,8436,16030,24,1,1
6117,9208,8035,40,24847,23996,1062,25067,43412,105,1,2
6118,6883,5300,30,20619,20018,4639,20809,37681,73,1,1
6119,6983,5530,40,15619,14978,1623,15810,30006,79,1,1
6120,7114,5690,40,20949,20308,5120,21150,39114,80,1,1
6121,7294,6412,40,21050,20318,1082,21250,36088,91,1,1
6122,6572,2876,40,18505,18094,3436,18675,31599,45,1,1
6123,7614,6302,40,20669,19968,1553,20869,36368,86,1,1
6124,5831,2545,40,20218,19857,5060,20388,33874,41,1,1
6125,12764,6783,40,17964,17232,1022,18174,38773,92,1,1
6126,6151,4228,40,15650,15108,2866,15820,29115,64,1,1
6127,4619,1633,40,13035,12754,1573,13195,21080,29,1,1
6128,3927,1092,41,12914,12684,1613,13075,19747,22,1,1
6129,14798,9067,40,31259,30388,10369,31480,65754,107,1,2
6130,3086,1473,40,25438,25158,5821,25588,36008,24,1,2
6131,4218,191,40,7504,7404,1042,7644,13135,4,1,1
6132,3997,281,40,5250,5120,1002,5390,10730,7,1,1
6133,8847,8806,30,25979,25077,1102,26199,44995,114,1,1
6134,4919,2335,40,16211,15860,1463,16371,25138,38,1,1
6135,6111,3577,40,19798,19347,10520,19978,40226,53,1,1
6136,1864,1092,40,12323,12103,2375,12483,17854,21,1,1
6137,7173,4479,40,15039,14498,2294,15219,29205,65,1,1
6138,5751,1863,41,18004,17693,1653,18175,27482,33,1,1
6139,5541,4288,40,18686,18155,1242,18866,29977,63,1,1
6140,4398,801,40,17483,17292,2184,17634,25077,17,1,1
6141,14858,14777,40,18194,16932,1523,18455,49664,167,1,1
6142,6652,4669,40,13696,13145,1884,13886,27141,67,1,1
6143,3768,390,41,11221,11071,1713,11372,17283,10,1,1
6144,3657,281,40,11411,11281,1903,11552,17443,7,1,1
6145,7204,2825,40,19287,18906,9297,19457,38843,44,1,1
6146,7073,3737,40,27762,27281,2866,27943,41679,54,1,2
6147,3086,571,40,5621,5441,1483,5771,10941,13,1,1
6148,2224,1252,40,14918,14688,3176,15079,21761,22,1,1
6149,7945,5300,40,20048,19457,3637,20248,37160,73,1,1
6150,6583,5470,40,26841,26209,1363,27041,40487,78,1,1
6151,6622,3367,40,21070,20629,1874,21240,33153,51,1,1
6152,5029,3347,40,18785,18345,1363,18965,28744,51,1,1
6153,7114,5651,40,19847,19206,3597,20047,36439,80,1,1
6154,10530,6081,40,33684,32992,5851,33874,56386,82,1,2
6155,3046,1824,40,9157,8867,4238,9317,18465,30,1,1
6156,4399,2645,40,19306,18936,4508,19477,31079,41,1,1
6157,6803,5049,40,11842,11241,1012,12033,24937,74,1,1
6158,3787,782,40,8085,7905,1523,8235,14367,15,1,1
6159,9548,7775,40,15870,15079,3075,16080,36529,100,1,1
6160,6352,4127,40,21090,20569,1983,21281,33783,63,1,1
6161,6822,5670,41,16681,16050,2054,16882,31469,79,1,1
6162,6763,5470,40,21090,20449,2114,21280,35687,79,1,1
6163,7514,7575,40,20719,19928,1042,20929,37100,100,1,1
6164,6743,3096,40,29716,29296,18475,29886,58250,44,1,2
6165,6913,5831,40,21040,20389,3196,21230,37220,80,1,1
6166,6712,3126,40,18796,18384,9729,18976,38583,47,1,1
6167,3847,1994,40,11262,10931,1212,11422,18525,34,1,1
6168,6572,4088,40,12293,11783,1953,12474,25127,60,1,1
6169,6803,4638,40,13225,12684,1473,13416,26370,66,1,1
6170,6903,5731,40,20870,20198,1923,21050,35657,82,1,1
6171,11592,7294,40,30658,29896,9157,30858,58951,92,1,2
6172,3286,471,40,7925,7765,1844,8075,13716,11,1,1
6173,6772,5962,40,32201,31499,3567,32401,48732,84,1,2
6174,21201,17402,40,27402,25899,1012,27683,67348,201,1,1
6175,6553,5150,40,22823,22192,1543,23013,36309,77,1,1
6176,6813,5570,40,21951,21330,2054,22152,36629,77,1,1
6177,5992,5270,40,16932,16311,1122,17122,29546,76,1,1
6178,7013,5010,40,16391,15790,2515,16581,31149,73,1,1
6179,6833,4058,40,19156,18665,2906,19336,33193,59,1,1
6180,6642,5691,40,17093,16441,1252,17303,30938,81,1,1
6181,7584,5891,40,21130,20448,1483,21331,36349,85,1,1
6182,8095,3016,40,13376,12965,17172,13546,41869,46,1,1
6183,16070,19978,40,24205,22522,16661,24507,77256,225,1,1
6184,4538,2275,40,7935,7594,10360,8105,25318,37,1,1
6185,16201,21791,40,24256,22462,18845,24577,81454,242,1,1
6186,16051,9057,40,29706,28844,11923,29926,66987,106,1,2
6187,2124,701,40,7595,7414,8145,7735,18755,15,1,1
6188,12022,12294,40,23304,22172,7935,23554,55855,149,1,1
6189,3737,211,40,6703,6593,1092,6843,11933,5,1,1
6190,2865,411,40,5320,5180,1333,5470,10119,9,1,1
6191,2224,1162,40,14668,14428,3517,14808,21761,22,1,1
6192,7373,5381,40,20649,20038,3407,20839,37050,75,1,1
6193,7715,5470,40,19227,18595,2114,19427,34776,78,1,1
6194,7044,5600,40,20409,19387,3016,20609,36309,79,1,1
6195,6022,4558,41,14236,13686,1212,14418,26260,66,1,1
6196,7664,5731,40,15580,14938,2535,15770,31750,79,1,1
6197,4379,1392,40,17824,17553,1613,17974,25398,26,1,1
6198,5901,4057,40,13585,13074,1343,13776,25107,61,1,1
6199,6742,5010,40,15349,14748,1994,15539,29315,73,1,1
6200,4188,1343,40,17904,17654,1613,18064,25258,24,1,1
6201,6472,5090,40,14247,13676,1463,14437,27512,70,1,1
6202,4118,671,40,11612,11422,1684,11762,18275,15,1,1
6203,6653,5490,41,13806,13205,1573,13997,27753,73,1,1
6204,10290,3807,40,19738,19287,14197,19918,48242,53,1,1
6205,5761,4398,40,15059,14507,2475,15249,27933,66,1,1
6206,6813,4749,40,21050,20459,3767,21240,36619,71,1,1
6207,3777,952,40,7304,7103,992,7454,13225,18,1,1
6208,2365,551,40,11351,11191,2946,11491,17403,11,1,1
6209,4258,2064,40,17323,17002,1523,17493,25378,35,1,1
6210,6222,2595,40,30227,29837,19337,30387,58591,38,1,2
6211,3406,2194,40,18354,18004,3125,18525,27301,37,1,1
6212,6492,2886,40,18555,18174,12564,18725,40707,43,1,1
6213,6562,4990,40,15810,15189,1152,16000,28764,75,1,1
6214,6953,4718,40,14277,13726,1793,14458,27983,67,1,1
6215,6282,4749,40,20299,19728,1763,20489,33323,70,1,1
6216,12013,9758,30,35307,34335,12253,35527,69601,121,1,2
6217,3367,1092,40,39465,39183,3446,39625,47570,19,1,3
6218,3387,360,41,10740,10600,1733,10881,16411,8,1,1
6219,12634,13806,41,23163,21921,2034,23424,51958,163,1,1
6220,7003,5471,40,22653,22021,1933,22843,37290,78,1,1
6221,6152,4007,40,14106,13626,5781,14287,30267,56,1,1
6222,3296,1924,40,18815,18505,3978,18975,28233,32,1,1
6223,7494,7714,40,20979,20158,1052,21190,37500,103,1,1
6224,7004,3506,40,35487,34995,16601,35658,62819,53,1,2
6225,2164,792,40,17583,17393,8647,17733,29376,16,1,1
6226,8326,7194,40,21300,20539,1052,21510,38132,97,1,1
6227,6662,5431,40,17924,17303,2425,18124,32692,77,1,1
6228,3738,721,40,12734,12564,1683,12884,19076,14,1,1
6229,11832,9909,40,33393,32402,12904,33614,68309,123,1,2
6230,6722,4890,40,29335,28754,6032,29525,47209,67,1,2
6231,3737,441,40,8116,7955,1472,8256,13966,11,1,1
6232,11572,12604,40,21952,20790,1042,22202,47470,153,1,1
6233,8105,7224,40,21961,21200,2735,22172,40276,96,1,1
6234,6893,5120,40,17874,17263,1342,18074,31459,75,1,1
6235,7174,5240,40,20799,20188,4819,21000,38273,76,1,1
6236,6502,5721,40,14748,14107,1202,14948,28423,81,1,1
6237,7083,5541,40,15760,15159,2535,15960,31159,75,1,1
6238,7404,3997,41,19066,18575,2855,19247,33553,58,1,1
6239,6633,5561,40,19427,18785,1172,19627,33023,79,1,1
6240,6483,2805,40,18365,17984,3427,18535,31300,44,1,1
6241,5811,4419,40,16000,15449,1233,16190,27693,66,1,1
6242,6903,1673,40,13135,12845,1733,13285,23634,28,1,1
6243,6372,4488,40,14548,13996,1703,14738,27331,65,1,1
6244,3066,521,40,11312,11151,2084,11462,17183,12,1,1
6245,3316,160,40,7304,7194,7835,7444,18795,3,1,1
6246,15930,21210,40,26180,24407,14267,26490,77937,237,1,1
6247,2445,1072,40,23494,23234,14388,23644,41599,21,1,2
6248,2655,280,40,7344,7224,1132,7484,11611,7,1,1
6249,3677,371,40,6783,6643,1032,6923,12063,8,1,1
6250,2866,751,40,18826,18595,3056,18976,25689,15,1,2
6251,7665,4599,40,20118,19577,5721,20298,38343,65,1,1
6252,7354,6762,40,24897,24165,1132,25098,40386,91,1,1
6253,4418,1483,40,20208,19948,1613,20368,27912,25,1,1
6254,4518,2906,40,13486,13095,1332,13656,22462,45,1,1
6255,7213,4980,40,14908,14327,2445,15088,29786,71,1,1
6256,4228,541,40,17824,17654,1784,17964,24567,12,1,1
6257,7354,4819,40,19407,18846,1022,19597,32832,68,1,1
6258,7845,7534,40,13766,12975,941,13966,30337,100,1,1
6259,6212,3697,40,9779,9297,1102,9949,21010,56,1,1
6260,2865,1894,40,12924,12624,5881,13084,23764,31,1,1
6261,8386,7163,40,21871,21120,3757,22092,41438,96,1,1
6262,3777,290,40,11472,11351,1744,11612,17473,6,1,1
6263,12364,7324,40,21811,21060,9078,22021,50837,95,1,1
6264,5961,4388,40,15419,14899,1753,15610,27752,63,1,1
6265,6602,4639,40,20579,20018,3317,20759,35367,68,1,1
6266,3257,120,40,7133,7043,1222,7274,11903,1,1,1
6267,5119,3697,30,16842,16371,2415,17002,28283,54,1,1
6268,6843,4699,40,21681,21100,2214,21872,35678,70,1,1
6269,11752,6161,40,23765,23093,1152,23976,43081,84,1,1
6270,6552,2815,40,19817,19436,2224,19988,31629,44,1,1
6271,10379,2305,40,16110,15760,18945,16261,47940,37,1,1
6272,3416,1323,40,11712,11472,12644,11872,29285,23,1,1
6273,16441,20810,40,18796,17073,8035,19096,64432,231,1,1
6274,1222,271,40,7374,7254,7023,7524,16100,7,1,1
6275,16892,21210,40,22182,20459,20459,22492,81093,232,1,1
6276,16641,16441,40,35487,34074,9147,35758,78037,183,1,2
6277,2785,962,40,19137,18876,7514,19277,30588,17,1,2
6278,4318,3637,40,19807,19357,5981,19987,33964,53,1,1
6279,5290,2515,40,8907,8547,1022,9077,17954,41,1,1
6280,3697,961,40,8355,8145,1402,8517,14627,19,1,1
6281,11913,11000,40,24927,23875,2264,25158,50385,136,1,1
6282,6382,4939,40,16381,15810,2966,16581,30908,70,1,1
6283,7715,6212,40,21431,20739,1833,21641,37431,87,1,1
6284,7825,6592,40,15068,14337,1102,15279,30838,92,1,1
6285,7243,4659,40,19026,18465,1453,19216,32621,69,1,1
6286,7033,3808,40,19557,19066,3256,19747,33874,59,1,1
6287,6022,4589,40,18906,18355,1252,19096,30999,67,1,1
6288,6062,3596,40,19026,18545,4618,19207,33533,57,1,1
6289,7314,6803,40,15770,15039,1042,15980,31179,91,1,1
6290,7554,4128,40,13315,12794,1503,13485,26730,60,1,1
6291,6843,4990,40,16892,16291,1383,17072,30338,72,1,1
6292,3757,1032,40,12894,12684,1734,13044,19617,20,1,1
6293,13375,10430,40,33003,31991,5530,33233,62608,125,1,2
6294,5480,3848,40,27852,27372,5520,28032,42921,54,1,2
6295,2475,511,40,6873,6713,1333,7013,11372,10,1,1
6296,2515,200,40,7645,7525,1833,7775,12373,4,1,1
6297,3918,1923,41,17663,17342,3477,17824,27182,33,1,1
6298,7364,5400,40,21321,20699,1783,21521,36108,77,1,1
6299,7294,5901,40,17703,17032,1382,17904,32521,82,1,1
6300,6602,5050,40,20739,20138,4138,20939,36769,74,1,1
6301,6953,6543,30,19727,18986,1072,19917,34545,91,1,1
6302,6262,3486,40,32401,31909,7123,32562,49483,51,1,2
6303,6913,4769,40,16502,15930,4098,16692,32522,71,1,1
6304,7063,3457,40,18805,18365,2194,18986,31750,52,1,1
6305,4819,2936,40,15379,14969,1343,15559,24707,47,1,1
6306,6692,4118,40,26029,25499,2013,26210,39073,59,1,2
6307,4198,802,40,11822,11632,1653,11972,18685,17,1,1
6308,11822,6953,40,30127,29385,11141,30327,60304,89,1,2
6309,4789,2054,41,23434,23094,9919,23585,40397,33,1,2
6310,2996,992,40,7795,7584,982,7955,12955,20,1,1
6311,3778,420,40,6803,6652,1092,6943,12294,10,1,1
6312,6182,4218,40,16611,16080,3978,16791,31219,63,1,1
6313,7524,5290,40,20378,19777,2375,20559,35798,73,1,1
6314,7023,5701,40,22162,21501,1633,22362,36749,82,1,1
6315,7665,4889,40,20669,20088,1793,20849,35237,69,1,1
6316,11111,10691,40,22182,21170,1042,22422,45316,132,1,1
6317,7123,5260,40,19657,19026,2004,19848,34285,77,1,1
6318,6192,912,40,17744,17533,1833,17894,26891,18,1,1
6319,5541,4398,30,21972,21411,972,22152,33113,67,1,1
6320,4198,1653,40,12093,11793,1433,12253,19577,30,1,1
6321,5651,4418,41,14487,13956,5180,14678,29987,63,1,1
6322,8446,7294,40,22463,21681,3276,22673,41739,99,1,1
6323,3717,1072,41,12152,11922,1402,12314,18545,22,1,1
6324,3687,361,40,11562,11431,1723,11712,17523,8,1,1
6325,3256,922,40,30377,30146,15830,30527,50585,17,1,2
6326,1132,190,40,17433,17323,14247,17573,33182,4,1,1
6327,1122,401,40,421,281,541,561,2685,9,1,1
6328,13456,14277,40,28013,26731,1513,28273,57569,169,1,1
6329,6322,4639,40,19808,19247,2134,19998,33143,69,1,1
6330,7714,4900,40,19286,18715,2976,19476,35106,69,1,1
6331,10970,10701,40,34776,33713,2514,35006,59231,132,1,2
6332,6873,3296,41,14958,14557,7083,15119,32431,46,1,1
6333,3116,1783,40,12454,12152,2214,12614,19757,30,1,1
6334,5561,3116,40,17343,16922,1443,17523,27683,49,1,1
6335,10670,7113,40,32772,32000,8456,32973,59262,91,1,2
6336,3336,1543,40,10891,10620,3336,11051,19306,27,1,1
6337,6162,3286,40,27803,27331,4278,27983,41739,51,1,2
6338,7123,4910,40,9348,8757,1653,9538,23264,72,1,1
6339,3437,250,41,7854,7734,1522,7985,13235,5,1,1
6340,4499,1643,40,13235,12955,4137,13395,23725,29,1,1
6341,6513,4037,40,20759,20238,1673,20950,33213,62,1,1
6342,6953,5280,40,23184,22552,1734,23384,37401,78,1,1
6343,8256,7894,40,16170,15349,972,16381,33543,104,1,1
6344,7404,5841,40,15720,15048,2084,15910,31279,82,1,1
6345,7204,3757,40,19296,18816,2054,19476,32541,57,1,1
6346,6593,5881,40,18044,17393,1483,18244,32241,80,1,1
6347,7023,5160,40,16882,16271,2314,17072,31599,75,1,1
6348,7104,2995,40,18515,18094,1453,18686,30278,47,1,1
6349,6623,5610,40,17302,16671,1172,17494,30959,78,1,1
6350,5610,1353,40,13315,13065,1694,13465,22172,25,1,1
6351,6873,5300,40,15139,14528,1653,15329,29215,75,1,1
6352,3967,782,40,11131,10931,1663,11281,17753,18,1,1
6353,13645,8466,40,30598,29746,12153,30809,65123,103,1,2
6354,2785,1453,40,25628,25338,4589,25778,34665,25,1,2
6355,4168,461,40,7995,7845,1042,8145,13856,11,1,1
6356,3436,481,40,5760,5610,1012,5912,10891,11,1,1
6357,2815,380,40,6683,6553,1323,6833,11392,8,1,1
6358,7103,4729,40,22863,22292,2214,23044,37150,69,1,1
6359,7323,5321,40,21410,20779,1513,21610,35797,77,1,1
6360,6803,5741,40,22152,21501,1693,22352,36629,80,1,1
6361,7424,5410,40,22964,22302,1673,23154,37701,80,1,1
6362,9047,2915,40,13586,13214,17193,13756,42951,42,1,1
6363,3526,1774,40,13746,13445,15108,13906,34364,31,1,1
6364,6523,5350,40,18776,18165,9017,18976,39906,76,1,1
6365,6141,1092,40,8156,7915,10420,8296,26009,21,1,1
6366,16661,21261,40,26260,24476,14577,26580,79109,240,1,1
6367,2225,410,40,17012,16852,2034,17152,21862,10,1,1
6368,3737,380,41,17152,17012,1703,17293,23173,8,1,1
6369,5911,3166,40,13365,12935,1312,13556,23985,50,1,1
6370,4108,531,40,11762,11602,1793,11913,18385,12,1,1
6371,6502,5060,40,14317,13706,1683,14507,27792,74,1,1
6372,3867,1062,40,11743,11521,1623,11893,18495,20,1,1
6373,2605,190,41,7003,6903,7163,7144,17162,4,1,1
6374,16501,21871,40,26189,24366,14858,26500,79780,245,1,1
6375,1863,421,40,17323,17163,14367,17463,34174,11,1,1
6376,3096,361,40,5580,5420,1823,5711,11041,10,1,1
6377,3005,682,40,16761,16561,2444,16912,23103,14,1,2
6378,7074,4238,40,16481,15980,4900,16661,32923,60,1,1
6379,6001,3517,40,19197,18746,3366,19377,32291,51,1,1
6380,7434,6041,41,18805,18124,1673,19006,34204,85,1,1
6381,7274,5290,40,20339,19718,2815,20519,35958,75,1,1
6382,4719,3045,41,18625,18204,1383,18796,27993,48,1,1
6383,6652,4649,40,19257,18686,2474,19437,33262,69,1,1
6384,2514,121,40,17002,16912,2886,17142,22703,1,1,1
6385,3657,1623,40,11712,11432,1944,11872,19136,28,1,1
6386,3927,732,40,9979,9799,1423,10129,16251,15,1,1
6387,6252,4769,40,13646,13085,4298,13836,29205,69,1,1
6388,8256,7083,40,21561,20830,3647,21771,40797,92,1,1
6389,3677,571,40,9818,9658,1462,9969,15729,13,1,1
6390,1874,110,40,11101,11010,2855,11242,16131,1,1,1
6391,7314,5069,30,21110,20509,3808,21290,37521,72,1,1
6392,8276,5781,40,16000,15349,1744,16190,32031,80,1,1
6393,6773,4879,40,21932,21351,2013,22122,35837,71,1,1
6394,7495,6843,40,26089,25338,1092,26289,41769,95,1,1
6395,6652,2956,40,19477,19066,2625,19657,31930,47,1,1
6396,6974,5991,40,22052,21391,1523,22252,36800,84,1,1
6397,6602,4288,40,20088,19547,2184,20268,33393,64,1,1
6398,3887,1673,40,16350,16060,1252,16512,23364,29,1,1
6399,6212,3596,40,19617,19126,1362,19798,31008,56,1,1
6400,6793,5811,40,17793,17132,1823,17984,32451,82,1,1
6401,3657,861,40,11101,10910,1713,11252,17523,16,1,1
6402,12193,9208,40,32862,31910,7384,33072,61897,115,1,2
6403,5560,3737,41,29375,28883,4338,29556,43241,54,1,2
6404,4409,651,40,7695,7514,1442,7845,14397,14,1,1
6405,3076,461,40,7805,7655,1954,7955,13476,10,1,1
6406,7044,5280,40,16110,15499,2225,16300,30899,75,1,1
6407,7194,5811,40,20959,20318,1462,21160,35667,80,1,1
6408,6934,5520,40,15870,15229,1373,16060,29947,79,1,1
6409,6602,5260,40,21701,21070,3737,21882,37541,76,1,1
6410,12954,12914,40,24336,23144,1633,24586,52128,156,1,1
6411,6913,3758,40,18845,18375,3045,19026,32802,56,1,1
6412,7835,6031,41,20749,20058,1853,20950,36699,85,1,1
6413,7604,4498,40,18766,18225,1623,18946,32722,64,1,1
6414,6572,5200,41,16791,16170,1153,16982,29947,75,1,1
6415,4198,842,40,12915,12704,1623,13065,19758,18,1,1
6416,6412,5180,40,16331,15720,1803,16521,29956,74,1,1
6417,3667,1102,30,12824,12584,1623,12975,19417,22,1,1
6418,13766,8646,40,31609,30738,12754,31821,67037,106,1,2
6419,2775,1372,40,25428,25147,4358,25589,34134,24,1,2
6420,4158,511,40,7665,7505,1132,7805,13656,11,1,1
6421,3767,1113,40,5771,5550,1072,5941,11943,22,1,1
6422,6993,6262,40,20739,20048,1142,20930,35377,86,1,1
6423,7354,3387,40,20058,19617,4799,20238,35808,52,1,1
6424,4779,1724,40,15349,15048,1503,15509,23545,30,1,1
6425,5981,3036,40,18605,18214,8917,18775,36759,45,1,1
6426,6713,5320,40,19668,19056,1142,19868,33073,76,1,1
6427,6382,3036,40,34054,33614,3126,34224,46818,45,1,2
6428,7143,5941,41,19707,19026,3547,19908,36569,84,1,1
6429,4488,1703,40,17904,17583,1553,18054,25839,32,1,1
6430,2184,411,40,10841,10691,2825,10991,16451,9,1,1
6431,4398,1042,40,12574,12364,1623,12734,19847,20,1,1
6432,6442,5220,40,14277,13675,1903,14468,28083,74,1,1
6433,3748,340,40,11462,11342,1733,11612,17463,7,1,1
6434,3316,822,40,12243,12053,1643,12393,18214,16,1,1
6435,6773,2224,40,19256,18916,9988,19427,38452,37,1,1
6436,3306,1263,40,25558,25278,1633,25708,31950,22,1,2
6437,3006,601,40,5631,5460,1513,5781,10941,13,1,1
6438,3207,1152,40,15169,14938,3276,15319,23004,20,1,1
6439,10369,5330,41,20087,19476,2174,20279,38192,75,1,1
6440,6833,5821,40,24967,24316,1603,25168,39475,81,1,1
6441,4659,3096,40,14337,13917,1332,14507,23655,48,1,1
6442,7123,5521,40,16100,15459,2023,16291,30998,78,1,1
6443,7704,6883,30,36059,35276,2815,36259,53711,94,1,2
6444,6853,4138,40,16411,15890,2184,16591,29806,61,1,1
6445,8506,2414,40,18485,18135,1503,18645,31108,38,1,1
6446,7314,5630,41,14307,13645,1262,14508,28754,82,1,1
6447,5971,4429,40,12494,11953,4248,12684,27372,65,1,1
6448,8756,8286,40,21932,21090,2615,22152,41859,107,1,1
6449,3848,741,40,8096,7915,1443,8246,14338,15,1,1
6450,13275,13406,40,20048,18866,1423,20298,48442,155,1,1
6451,7184,5711,40,20870,20239,2785,21060,36790,77,1,1
6452,7264,5801,40,16231,15599,1844,16421,31390,78,1,1
6453,6953,5941,40,21681,20999,2084,21882,36900,85,1,1
6454,2174,420,40,13756,13605,15369,13906,31910,10,1,1
6455,3476,1894,40,10490,10180,11332,10650,27402,32,1,1
6456,4097,2615,40,19026,18665,5440,19197,31389,39,1,1
6457,4368,1122,40,20038,19798,1603,20188,27341,22,1,1
6458,5140,3336,40,18896,18464,6663,19076,34245,51,1,1
6459,7233,4659,40,19407,18865,3918,19587,35457,65,1,1
6460,3798,621,40,16822,16652,1703,16972,23144,13,1,1
6461,3577,1773,40,12584,12303,1303,12744,19437,29,1,1
6462,6552,4258,40,16672,16140,1303,16852,29005,63,1,1
6463,6452,4939,40,17844,17272,2355,18034,31830,71,1,1
6464,3076,321,40,11001,10881,1813,11151,16391,7,1,1
6465,2625,1232,40,29004,28724,6963,29156,40026,22,1,2
6466,5460,2915,40,27953,27522,4949,28124,41488,44,1,2
6467,1303,280,41,7844,7724,1784,7985,11402,6,1,1
6468,4008,300,40,8026,7904,1483,8166,14017,7,1,1
6469,5671,4038,40,14197,13696,3917,14377,28053,60,1,1
6470,6292,4679,40,20429,19868,2425,20619,34065,67,1,1
6471,6502,4779,40,16932,16361,2655,17122,31099,69,1,1
6472,7354,6032,40,20769,20118,1664,20969,36069,81,1,1
6473,6562,5551,40,16441,15810,1142,16631,29936,77,1,1
6474,6923,4629,40,14828,14257,2294,15018,28904,70,1,1
6475,6322,3346,40,18905,18475,2725,19076,31520,49,1,1
6476,7594,5831,40,19808,19147,1132,20008,34595,83,1,1
6477,6362,2525,40,18295,17933,4168,18465,31560,39,1,1
6478,6672,5781,40,15098,14427,1253,15299,29045,83,1,1
6479,3987,381,40,11301,11151,1694,11441,17563,10,1,1
6480,6682,5280,40,15078,14467,1673,15259,28944,75,1,1
6481,3887,561,40,11712,11542,1673,11862,18014,13,1,1
6482,13686,8445,40,30317,29466,9338,30527,62037,103,1,2
6483,2976,1542,40,25267,24986,5590,25429,35577,25,1,2
6484,4348,702,40,7204,7013,1062,7354,13506,15,1,1
6485,3456,541,40,5451,5280,1222,5591,10850,11,1,1
6486,2265,1302,40,14668,14428,3036,14828,21461,23,1,1
6487,7434,4999,40,20449,19878,2304,20639,35426,70,1,1
6488,7534,5881,40,18976,18304,1603,19167,34235,82,1,1
6489,6703,5290,40,20389,19748,1984,20569,34596,78,1,1
6490,6442,4689,40,19256,18665,1323,19446,31940,71,1,1
6491,6542,3817,40,35196,34685,3286,35377,49062,56,1,2
6492,7775,5410,40,17242,16621,2175,17433,32843,77,1,1
6493,3647,1042,40,19897,19667,1633,20048,26430,21,1,1
6494,6643,4358,40,17123,16591,1583,17293,29937,63,1,1
6495,3988,361,40,11511,11361,1673,11652,17724,10,1,1
6496,6382,4809,41,13465,12904,1894,13656,26781,67,1,1
6497,11031,5400,40,20328,19737,11622,20519,48622,73,1,1
6498,2745,1683,40,13876,13585,3366,14037,21881,29,1,1
6499,5861,3677,40,20619,20158,5020,20799,35417,55,1,1
6500,4609,551,40,9218,9047,1723,9358,16281,12,1,1
6501,8275,8286,40,20750,19897,1042,20970,38623,109,1,1
6502,7755,4378,40,34906,34355,18936,35086,66205,62,1,2
6503,3216,2414,40,19186,18825,3968,19356,28995,40,1,1
6504,5951,2675,40,18775,18394,11031,18946,38633,42,1,1
6505,5841,3497,40,15349,14868,1373,15519,26280,55,1,1
6506,6643,4348,40,14017,13486,2424,14197,27652,63,1,1
6507,5941,4489,40,18966,18415,1553,19146,31179,67,1,1
6508,9588,6712,40,34445,33703,10770,34645,61776,89,1,2
6509,3647,812,40,29015,28795,2354,29165,36018,14,1,2
6510,6262,4549,40,11782,11241,961,11972,23805,66,1,1
6511,2545,441,40,7684,7544,1953,7835,12804,10,1,1
6512,2955,1553,40,15219,14948,4288,15379,24225,27,1,1
6513,6913,5390,40,20498,19867,1834,20689,34876,77,1,1
6514,6793,5630,41,15148,14507,2826,15339,30628,78,1,1
6515,7474,6402,40,22062,21341,1613,22262,37781,89,1,1
6516,7013,6733,40,15509,14778,1042,15699,30547,90,1,1
6517,7293,4900,40,14487,13896,1844,14677,28744,71,1,1
6518,7374,5100,40,20910,20299,1483,21100,35107,73,1,1
6519,6412,4398,30,18185,17643,1272,18355,30497,64,1,1
6520,5751,3616,40,19116,18665,6542,19297,35236,54,1,1
6521,3787,1984,40,17153,16832,1422,17323,24566,35,1,1
6522,5631,2054,40,15168,14848,1633,15339,24697,35,1,1
6523,5851,4559,40,17593,17042,1674,17773,29907,66,1,1
6524,3687,592,40,12604,12423,1683,12754,18766,13,1,1
6525,13105,9608,40,31329,30397,10139,31550,64452,117,1,2
6526,3006,1683,40,10069,9769,6552,10219,21511,30,1,1
6527,8446,6983,40,21420,20669,4799,21621,41899,94,1,1
6528,3877,461,40,7925,7775,1473,8075,13936,11,1,1
6529,4038,892,40,7724,7524,1042,7885,13887,17,1,1
6530,2535,581,40,12363,12193,4359,12503,20028,12,1,1
6531,6853,4499,40,20308,19767,6182,20488,38062,65,1,1
6532,6803,5591,40,16952,16311,1693,17152,31269,80,1,1
6533,6983,5651,40,20750,20118,3917,20950,37551,78,1,1
6534,6873,5751,40,18455,17784,1122,18655,32451,83,1,1
6535,7414,4809,40,15469,14919,1923,15650,29836,67,1,1
6536,3236,1383,40,18215,17974,3366,18365,26410,23,1,1
6537,6753,4789,40,19647,19056,1242,19838,32662,71,1,1
6538,6682,3156,40,18495,18075,3237,18675,31780,48,1,1
6539,4629,2394,40,12864,12513,1393,13035,21501,39,1,1
6540,7143,2795,40,12784,12383,2244,12955,25187,45,1,1
6541,6813,5611,40,15359,14708,1583,15549,29606,80,1,1
6542,3467,160,40,11021,10921,1954,11161,16772,3,1,1
6543,2174,271,40,17994,17874,15139,18134,35768,6,1,1
6544,8326,5881,40,11802,11152,1562,12003,27822,77,1,2
6545,6703,3026,40,24146,23724,6432,24316,40527,45,1,2
6546,4939,1473,40,8276,8015,2405,8436,17303,27,1,1
6547,3818,370,41,6742,6592,1032,6883,12153,10,1,1
6548,3527,1483,40,19487,19197,2194,19637,26901,26,1,2
6549,6963,4399,40,20308,19777,6202,20488,38102,63,1,1
6550,7755,6802,40,18384,17643,1322,18586,34515,93,1,1
6551,6532,5240,40,20188,19587,3216,20389,35437,74,1,1
6552,5861,3507,40,18094,17613,1433,18274,29115,55,1,1
6553,6893,3837,40,16220,15740,2235,16391,29406,57,1,1
6554,3727,601,40,17443,17283,1673,17593,23634,13,1,1
6555,8747,6071,40,19387,18686,1252,19587,35707,86,1,1
6556,9548,6392,40,32100,31389,1233,32301,49524,86,1,2
6557,6803,5270,40,14307,13696,1713,14507,28333,75,1,1
6558,3918,350,40,11342,11212,1693,11492,17483,8,1,1
6559,11141,5751,40,32321,31649,17553,32511,67016,77,1,2
6560,1743,591,40,18195,18024,15649,18335,36358,11,1,1
6561,16281,22893,40,6923,5040,2745,7244,49193,253,1,1
6562,3386,1113,40,8175,7945,1493,8315,14357,20,1,1
6563,4509,2715,40,16472,16091,2284,16642,26190,42,1,1
6564,7224,4048,40,19797,19286,5531,19977,36830,61,1,1
6565,7184,5951,40,19978,19317,1303,20178,34666,83,1,1
6566,5821,2314,40,18145,17804,11201,18305,37691,37,1,1
6567,1212,301,40,9278,9147,7674,9408,18715,6,1,1
6568,2855,1643,40,14949,14648,1943,15099,21580,30,1,1
6569,6202,4939,40,20589,20008,3437,20789,35417,72,1,1
6570,7865,3186,40,12985,12543,11532,13155,35788,50,1,1
6571,5350,2946,40,19757,19367,10390,19927,38673,45,1,1
6572,2735,792,40,38413,38152,4128,38563,46258,15,1,3
6573,2535,330,40,7864,7734,1753,8016,12674,8,1,1
6574,13485,14348,40,26941,25658,1783,27201,56857,169,1,1
6575,6582,4879,40,15289,14718,2715,15480,29706,70,1,1
6576,8086,6923,40,21631,20900,2044,21841,38944,92,1,1
6577,6422,4809,41,18745,18164,1242,18936,31449,69,1,1
6578,7374,3687,40,18225,17763,1874,18405,31390,55,1,1
6579,5250,2525,40,19827,19457,1913,19998,29726,41,1,1
6580,7133,5681,40,20138,19507,1162,20339,34355,79,1,1
6581,5831,2304,40,18404,18044,5159,18576,31920,39,1,1
6582,6081,5350,41,17402,16791,1302,17594,30387,74,1,1
6583,3967,661,40,12513,12323,1654,12664,18996,15,1,1
6584,5310,4339,40,16671,16141,1853,16852,28404,63,1,1
6585,3868,992,40,12694,12473,1623,12844,19367,20,1,1
6586,11291,8837,40,32321,31450,8025,32541,60734,106,1,2
6587,2294,932,40,9158,8946,10520,9308,23094,18,1,1
6588,16972,20820,40,26130,24396,10039,26430,74321,233,1,1
6589,2083,190,40,6552,6452,1382,6693,10389,4,1,1
6590,3948,401,40,7965,7825,1473,8105,13987,9,1,1
6591,3486,1233,40,13035,12794,3386,13185,21340,23,1,1
6592,7124,4468,40,20098,19567,5199,20279,37120,64,1,1
6593,5120,2966,40,16231,15810,1412,16411,25949,49,1,1
6594,6512,2405,40,19757,19397,12233,19928,41118,38,1,1
6595,6803,5921,40,21401,20739,1162,21601,35527,82,1,1
6596,7314,2725,40,18054,17664,1603,18225,29917,43,1,1
6597,6933,5861,40,20559,19908,1503,20749,35096,79,1,1
6598,3777,1152,40,17533,17303,1613,17684,24266,22,1,1
6599,2775,501,40,11733,11581,2084,11883,17283,11,1,1
6600,4057,340,40,11612,11482,1824,11762,18024,8,1,1
6601,6602,5060,40,13996,13395,1583,14187,27472,73,1,1
6602,3787,671,40,11572,11382,1673,11712,17883,14,1,1
6603,10760,6132,40,29015,28324,10059,29215,56216,84,1,2
6604,3036,661,40,22804,22602,7344,22944,34045,12,1,2
6605,3827,1242,41,7804,7564,992,7965,14066,23,1,1
6606,3727,411,30,6803,6643,1022,6933,12153,10,1,1
6607,5150,3516,40,15980,15489,3306,16150,28163,56,1,1
6608,7644,4589,40,19988,19437,2274,20168,34735,66,1,1
6609,6863,5520,40,26009,25368,1853,26210,40486,79,1,1
6610,4399,1573,40,20398,20118,1573,20559,28144,29,1,1
6611,4358,2806,40,18855,18455,1392,19026,27632,45,1,1
6612,6652,5360,41,20719,20088,2935,20910,35897,76,1,1
6613,6292,1613,40,17883,17613,2645,18045,28645,29,1,1
6614,4699,3126,40,12363,11942,1172,12543,21580,49,1,1
6615,5911,3397,40,12614,12163,1152,12794,23304,52,1,1
6616,6302,4779,40,32321,31730,3426,32512,47059,66,1,2
6617,3798,1182,40,12404,12173,1402,12554,18986,22,1,1
6618,3938,491,40,11572,11412,1663,11712,17854,11,1,1
6619,2776,280,40,17774,17634,15229,17904,36249,7,1,1
6620,15950,23595,40,6673,4840,6112,6973,52680,245,1,1
6621,6823,5741,40,15239,14608,1202,15439,29245,79,1,1
6622,5600,2886,40,19467,19066,18455,19647,46628,46,1,1
6623,4668,2485,40,13566,13195,1473,13736,22392,40,1,1
6624,6503,3797,40,14157,13676,2545,14337,27212,56,1,1
6625,7114,5270,40,20088,19467,2415,20288,35127,77,1,1
6626,5821,4919,40,18445,17854,1212,18635,30627,70,1,1
6627,6923,4609,40,22272,21721,1944,22462,35988,68,1,1
6628,5651,3506,40,16111,15639,1383,16291,26861,54,1,1
6629,6302,3496,40,15389,14928,1332,15550,26730,53,1,1
6630,6733,4929,40,19346,18745,1513,19537,32762,73,1,1
6631,12344,5891,40,20960,20349,12223,21150,51658,76,1,1
6632,9127,6472,40,21351,20639,1092,21551,38282,88,1,1
6633,5520,4008,40,19287,18806,7985,19467,37030,58,1,1
6634,8186,5901,40,12033,11382,972,12233,27352,81,1,1
6635,3647,732,40,8536,8356,1223,8786,14428,15,1,1
6636,4298,1432,40,13094,12824,4158,13245,23173,26,1,1
6637,6883,4879,40,20519,19928,1703,20699,34224,72,1,1
6638,6583,5580,40,14858,14237,2705,15049,29957,76,1,1
6639,7023,5591,40,21190,20549,2014,21390,36048,80,1,1
6640,7364,7093,40,20800,20028,1042,21010,36549,98,1,1
6641,6072,2575,40,30087,29696,15639,30257,54583,39,1,2
6642,2815,2034,40,11953,11652,9017,12113,26019,32,1,1
6643,3887,2555,40,12864,12514,7704,13035,27231,40,1,1
6644,2164,982,40,18715,18495,9729,18855,31780,19,1,1
6645,6723,5591,40,15028,14397,1132,15229,28705,78,1,1
6646,6692,3507,40,13005,12534,2174,13175,25588,54,1,1
6647,6623,5200,40,15700,15109,1452,15900,29205,73,1,1
6648,3838,921,41,11581,11381,1613,11722,18145,18,1,1
6649,14798,9869,40,31509,30548,9488,31730,65935,117,1,2
6650,3306,1553,40,26069,25778,5120,26229,36248,26,1,2
6651,3897,962,40,8106,7884,1082,8256,14237,19,1,1
6652,3777,1092,40,5891,5661,1062,6051,12012,22,1,1
6653,2265,551,40,6883,6713,1373,7033,11262,12,1,1
6654,4037,491,40,14137,13996,1694,14287,20539,10,1,1
6655,1964,150,40,17193,17092,10239,17333,29746,3,1,1
6656,6272,4729,40,17173,16592,1643,17363,30057,71,1,1
6657,6762,4279,30,20529,19998,5751,20709,37551,64,1,1
6658,5791,5210,40,19206,18595,1283,19396,31720,74,1,1
6659,6593,2594,40,30978,30588,7164,31149,47550,39,1,2
6660,6723,5180,40,21851,21240,6262,22041,40256,75,1,1
6661,5871,3046,40,18385,17964,3436,18555,30968,48,1,1
6662,5430,3577,40,17894,17423,1293,18064,28414,55,1,1
6663,4048,381,40,11952,11812,1674,12102,18235,9,1,1
6664,6412,4548,41,14387,13836,1743,14578,27321,67,1,1
6665,3767,572,40,11622,11451,1833,11772,17994,13,1,1
6666,2154,120,40,7253,7163,7203,7393,16912,1,1,1
6667,16592,21671,40,26170,24396,14808,26480,79601,238,1,1
6668,4338,2405,40,19256,18876,14076,19426,40286,41,1,1
6669,3517,361,40,5330,5180,1042,5470,10430,9,1,1
6670,3025,812,40,18786,18545,1823,18936,24646,17,1,2
6671,7294,5069,40,25969,25368,9949,26159,48522,73,1,1
6672,6051,4699,40,21541,20980,1272,21731,33793,68,1,1
6673,7044,4558,41,19116,18545,3907,19307,34856,69,1,1
6674,5060,3076,40,19507,19076,1382,19677,29255,49,1,1
6675,6292,5079,40,19617,19006,2324,19808,33543,74,1,1
6676,2885,180,40,17653,17543,2815,17784,23714,4,1,1
6677,4067,1393,40,12273,12013,2975,12434,20919,26,1,1
6678,7805,5971,40,32331,31630,6011,32532,52369,82,1,2
6679,3076,1192,40,10249,10019,1092,10410,15810,23,1,1
6680,2955,121,40,11221,11121,2164,11351,16631,1,1,1
6681,6503,2364,40,19066,18745,12233,19237,40377,35,1,1
6682,2795,1853,41,13565,13265,2415,13726,20819,30,1,1
6683,6753,5540,40,21390,20739,4058,21571,37972,79,1,1
6684,6803,6131,40,23053,22372,1132,23244,37350,83,1,1
6685,7344,2726,40,20499,20118,4598,20669,35397,43,1,1
6686,7644,5691,40,19998,19337,2034,20198,35617,83,1,1
6687,6162,2284,40,18084,17753,8195,18255,34936,37,1,1
6688,4268,1984,40,15469,15169,1413,15639,23354,32,1,1
6689,5130,2344,40,17924,17544,1473,18094,27081,41,1,1
6690,7364,4919,41,17473,16902,2064,17664,32061,71,1,1
6691,4148,1062,40,11161,10931,1643,11311,18214,21,1,1
6692,11091,7404,40,31189,30408,8066,31399,58020,94,1,2
6693,2445,1152,40,9939,9719,3907,10089,17633,20,1,1
6694,9327,8046,40,21531,20709,1963,21741,41127,104,1,1
6695,4318,380,40,7614,7474,1463,7765,13956,9,1,1
6696,3587,821,40,23946,23715,1683,24096,30237,16,1,2
6697,7324,4358,40,20739,20228,6683,20930,39345,62,1,1
6698,7084,5370,40,16000,15369,2275,16200,30959,78,1,1
6699,7604,6062,40,21440,20769,4769,21641,40126,84,1,1
6700,7514,7324,40,21430,20649,1152,21651,37671,99,1,1
6701,7584,3607,40,18685,18215,3055,18865,33142,55,1,1
6702,7143,5621,40,20900,20249,1463,21100,35367,81,1,1
6703,4398,1443,40,17483,17213,1593,17643,25117,28,1,1
6704,7414,5881,40,17523,16852,1112,17724,32171,83,1,1
6705,6733,1984,40,13836,13526,1513,13996,24276,33,1,1
6706,6302,4999,40,16291,15689,1684,16481,29516,73,1,1
6707,3908,1062,40,13165,12944,1633,13305,19958,20,1,1
6708,12644,7915,40,30789,29997,9989,30999,61587,96,1,2
6709,2364,1152,40,24987,24737,5300,25148,34004,21,1,2
6710,3146,450,41,7674,7524,1403,7825,12854,11,1,1
6711,2374,912,40,5651,5440,1272,5811,10419,19,1,1
6712,5420,4008,40,22412,21871,1042,22603,33103,60,1,2
6713,1573,701,40,27432,27212,551,27582,30437,13,1,2
6714,16451,11431,40,3677,2665,18635,3908,50465,132,1,1
6715,5501,4218,40,13155,12614,1343,13335,24427,64,1,1
6716,2244,972,40,18094,17894,14859,18244,36369,18,1,1
6717,16742,22012,40,6613,4819,3085,6933,48802,242,1,1
6718,6473,4668,40,19637,19056,1222,19817,32221,69,1,1
6719,6102,3166,40,35046,34616,3267,35216,47801,45,1,2
6720,5190,2224,40,17122,16772,1522,17283,26269,38,1,1
6721,6603,2525,40,18194,17834,1253,18364,28785,41,1,1
6722,14988,5841,40,14898,14287,10450,15088,46407,74,1,1
6723,3256,1333,40,12313,12053,3747,12463,20839,25,1,1
6724,862,160,40,7414,7304,572,7554,9188,3,1,1
6725,17533,12554,40,9037,7945,16802,9277,56226,143,1,1
6726,6693,4619,40,16201,15660,6251,16391,34014,66,1,1
6727,2906,411,40,11201,11071,2024,11351,16742,9,1,1
6728,4087,872,40,11742,11532,1654,11892,18555,19,1,1
6729,6041,501,40,25268,25077,15790,25418,47780,10,1,2
6730,1553,421,40,18014,17874,591,18164,20769,9,1,1
6731,17203,18405,40,5581,4058,13115,5871,54654,204,1,1
6732,3527,331,40,5220,5079,1012,5360,10270,9,1,1
6733,1473,491,40,14828,14678,591,14968,17584,11,1,1
6734,15449,17003,40,23534,22052,2424,23815,58751,198,1,1
6735,6913,5480,40,20649,20007,1162,20850,34455,79,1,1
6736,6652,4379,40,19527,18986,2905,19707,33693,65,1,1
6737,4789,2966,30,18384,17964,1402,18555,27742,46,1,1
6738,5961,4448,41,19406,18865,2916,19597,32962,66,1,1
6739,6252,1323,40,17934,17663,1603,18094,27312,26,1,1
6740,5360,2665,40,10310,9919,1122,10470,19667,43,1,1
6741,6523,3466,40,9778,9327,1152,9959,21140,54,1,1
6742,5711,3917,41,12183,11692,3045,12354,25087,58,1,1
6743,8396,6873,40,21861,21110,1953,22072,39324,95,1,1
6744,3807,822,40,7895,7695,1433,8045,14147,17,1,1
6745,13836,14187,40,20018,18746,2094,20278,50445,168,1,1
6746,7334,5771,40,21000,20349,1603,21200,35958,80,1,1
6747,6683,5561,40,15299,14678,2585,15489,30378,76,1,1
6748,7083,6062,40,21611,20920,1503,21811,36499,86,1,1
6749,6653,6803,40,23214,22473,1112,23414,38032,92,1,1
6750,7014,3136,40,17763,17353,1613,17944,29747,47,1,1
6751,6743,5811,40,23354,22703,1442,23554,37601,81,1,1
6752,3667,902,40,17002,16802,1663,17152,23424,17,1,1
6753,3376,1172,30,10109,9859,1332,10260,16190,23,1,1
6754,7003,4799,40,16080,15489,1593,16271,29706,71,1,1
6755,6463,4829,40,17463,16882,2485,17653,31480,71,1,1
6756,2565,150,41,10519,10419,2124,10661,15540,3,1,1
6757,1934,802,40,29776,29566,6913,29926,39615,14,1,2
6758,2344,902,40,9007,8807,8837,9157,21280,18,1,1
6759,4549,3316,40,20369,19948,7715,20549,36169,49,1,1
6760,4028,360,41,7584,7454,1022,7725,13195,8,1,1
6761,4078,1813,40,8466,8165,1032,8617,15600,30,1,1
6762,3496,311,40,7594,7464,1483,7744,13064,8,1,1
6763,4970,2394,40,13937,13576,3737,14117,25248,40,1,1
6764,6161,4048,40,20138,19628,5219,20318,35797,60,1,1
6765,7143,5951,40,17653,16982,1433,17864,32441,85,1,1
6766,5179,3136,40,19737,19306,15169,19908,43452,49,1,1
6767,5902,4889,40,20539,19968,1232,20729,32802,70,1,1
6768,6362,3657,40,25579,25098,4138,25759,39956,53,1,2
6769,6772,5581,40,19237,18595,6983,19437,38803,79,1,1
6770,8396,5130,40,19166,18585,2926,19356,35848,70,1,1
6771,11962,12724,40,22933,21811,1954,23184,49854,147,1,1
6772,6442,5079,40,15739,15148,2114,15931,29596,71,1,1
6773,3878,541,40,11602,11452,1693,11752,17894,11,1,1
6774,12814,8496,40,31369,30518,7695,31579,60614,102,1,2
6775,2575,1242,40,31600,31310,9207,31760,44814,21,1,3
6776,2765,621,40,5571,5391,1262,5711,10399,13,1,1
6777,852,140,40,7925,7835,592,8065,9709,2,1,1
6778,15860,16571,40,20559,19116,1794,20829,55104,191,1,1
6779,7344,4809,40,21801,21230,3366,21992,37561,71,1,1
6780,6763,6031,40,18135,17463,1262,18335,32431,84,1,1
6781,6161,3477,40,18946,18485,15159,19126,43973,54,1,1
6782,5831,4729,40,19186,18625,1222,19376,31209,69,1,1
6783,6122,1943,40,26690,26350,2936,26850,37892,31,1,2
6784,6853,5841,40,19677,18996,6613,19868,39215,84,1,1
6785,1914,120,40,17072,16972,2635,17213,21912,1,1,1
6786,6723,4338,40,13566,13014,1473,13746,26330,65,1,1
6787,4268,461,40,11562,11412,1663,11712,18144,11,1,1
6788,6642,4839,40,13996,13425,1513,14187,27221,70,1,1
6789,9368,4969,40,20979,20408,8967,21170,44504,68,1,1
6790,5521,3196,40,14598,14157,1492,14778,25027,51,1,1
6791,6503,4689,40,20008,19447,13135,20198,44565,67,1,1
6792,3797,441,40,7845,7685,1633,7995,13906,10,1,1
6793,7815,7595,40,19316,18515,1041,19526,36028,101,1,1
6794,7324,2675,40,33393,33003,17813,33564,61426,41,1,2
6795,8145,6853,40,21211,20528,1643,21401,38092,84,1,1
6796,6533,3667,40,18836,18365,11702,19006,40948,55,1,1
6797,6633,6051,40,17483,16812,1132,17674,31550,84,1,1
6798,6563,4157,40,12894,12373,1673,13075,25498,61,1,1
6799,2896,1833,40,15119,14828,2565,15279,22623,31,1,1
6800,4849,2044,40,11612,11291,1653,11783,20379,35,1,1
6801,10169,7945,40,34806,33984,7364,35016,60544,98,1,2
6802,5911,3857,41,29826,29304,2204,30017,42029,57,1,2
6803,3918,771,40,7905,7725,1433,8055,14227,15,1,1
6804,12965,13345,40,25618,24426,1543,25879,53772,157,1,1
6805,6302,5320,40,15640,15029,2615,15840,30117,75,1,1
6806,7424,5841,40,21571,20890,1663,21771,36739,84,1,1
6807,6703,6492,40,22323,21611,1102,22533,36870,89,1,1
6808,6693,4017,40,18726,18225,3727,18916,33393,60,1,1
6809,7344,6543,40,24236,23515,1352,24446,39725,90,1,1
6810,5851,2845,41,20518,20128,1453,20699,30898,45,1,1
6811,10039,3447,40,14838,14397,18645,15008,47189,51,1,1
6812,6462,2856,40,10740,10360,13927,10910,34205,43,1,1
6813,19507,21330,40,18765,17012,6913,19076,66876,236,1,1
6814,1283,230,40,7194,7074,7173,7324,16070,5,1,1
6815,16922,20348,40,20589,18855,19657,20890,77857,231,1,1
6816,3897,1594,40,13736,13455,1553,13896,20970,28,1,1
6817,16973,12954,40,34436,33253,11241,34696,75904,150,1,2
6818,2665,952,40,9899,9689,9328,10059,23044,19,1,1
6819,5049,3357,40,19597,19126,7785,19777,36008,54,1,1
6820,3837,401,40,15299,15119,1503,15439,21220,8,1,2
6821,12474,13085,40,18054,16842,1423,18314,45326,159,1,1
6822,7544,3777,40,20399,19917,7574,20579,39504,57,1,1
6823,7063,5701,40,17323,16672,1393,17513,31720,80,1,1
6824,1903,531,40,17904,17754,15419,18054,35937,11,1,1
6825,7634,7965,40,2996,2185,3136,3216,21981,104,1,1
6826,6883,5831,40,19647,18996,1132,19837,33733,80,1,1
6827,3506,2245,40,35817,35456,551,35988,42330,36,1,2
6828,17704,12393,41,3997,2885,8226,4238,42611,142,1,2
6829,4659,2445,40,18304,17944,3347,18464,28955,39,1,1
6830,5099,3737,40,18435,17934,1362,18605,28864,59,1,1
6831,7465,3296,40,13135,12704,1904,13305,26030,50,1,1
6832,6833,5170,40,14928,14307,1904,15118,29065,75,1,1
6833,3437,300,40,11201,11091,1924,11351,17043,6,1,1
6834,3487,340,41,25017,24857,11912,25168,40947,7,1,2
6835,3476,241,40,5480,5360,1854,5620,11241,5,1,1
6836,9398,8646,40,22493,21631,5410,22713,46197,110,1,1
6837,3988,431,40,7534,7394,982,7684,13115,9,1,1
6838,3767,451,40,6934,6782,1022,7074,12374,10,1,1
6839,3036,290,40,13635,13454,2284,13777,19437,7,1,2
6840,7244,5530,40,23305,22662,5540,23495,41869,78,1,1
6841,6813,5371,40,18365,17733,1452,18565,32241,78,1,1
6842,5360,3968,40,21150,20689,11642,21310,42330,52,1,1
6843,6733,5200,40,20539,19928,1202,20729,33894,74,1,1
6844,5882,2645,40,31008,30598,3496,31179,43242,41,1,2
6845,7073,4970,40,19848,19277,3957,20038,36098,71,1,1
6846,9498,6993,40,30127,29344,1503,30317,48361,93,1,2
6847,7615,4578,41,9668,9137,1072,9859,23164,65,1,1
6848,6863,5490,40,14618,13986,1603,14808,28824,78,1,1
6849,3737,421,40,11672,11522,1493,11812,17503,10,1,1
6850,10861,6121,41,20178,19537,15830,20379,53221,80,1,1
6851,7034,5039,40,15039,14438,2334,15229,29676,73,1,1
6852,9007,5490,40,21250,20609,3506,21441,39494,78,1,1
6853,3256,270,40,6974,6843,1202,7104,11882,6,1,1
6854,3947,1964,40,15449,15149,2515,15619,24085,32,1,1
6855,7193,4228,40,19687,19166,6202,19878,37561,62,1,1
6856,6813,5981,40,19287,18616,1132,19487,33463,83,1,1
6857,6042,2965,40,18545,18124,10059,18716,37842,49,1,1
6858,8636,6663,40,18195,17453,1873,18395,35617,92,1,1
6859,6853,3767,40,12554,12083,1373,12734,24777,56,1,1
6860,2826,1743,40,16321,16021,2104,16491,23194,31,1,1
6861,4478,1723,41,13144,12864,1532,13315,21089,29,1,1
6862,19557,16502,40,54523,53110,12514,54793,103406,182,1,2
6863,2615,1553,40,14728,14457,3096,14888,22192,26,1,1
6864,6362,4789,40,21360,20809,1423,21540,34165,65,1,1
6865,13306,13044,41,18224,17072,1703,18475,46578,152,1,1
6866,7464,5410,40,21421,20799,1964,21621,36499,77,1,1
6867,2695,1873,40,14247,13946,3286,14408,22302,31,1,1
6868,5992,4528,40,20850,20289,3056,21040,34646,67,1,1
6869,8506,8506,40,55926,55034,1072,56136,74270,113,1,1
6870,6773,5060,40,49914,49343,1693,50104,63670,68,1,1
6871,1854,851,41,33383,33192,701,33544,36990,16,1,1
6872,11733,12964,40,64592,63339,1192,64853,90782,163,1,1
