batch_id,d1_ns,d2_ns,d3_ns,d4_ns,d5_ns,d6_ns,svc_ns,total_ns,num_faults,num_va_spaces,num_blocks
11322,29707,32180,471,102062,99288,10791,103315,176284,214,1,1
11323,5460,4048,60,42220,41648,3516,42550,55655,37,1,1
11324,9598,8737,60,62509,61566,11582,62809,92796,74,1,1
11325,4499,2555,70,38843,38443,2815,39094,49033,26,1,1
11326,2765,692,60,19397,19176,852,19617,23996,9,1,1
11327,15730,14357,60,27061,25679,2705,27402,60284,115,1,1
11328,4439,2635,60,28544,28093,2916,28794,38854,29,1,1
11329,8116,6272,60,33974,33213,1303,34264,50015,58,1,1
11330,12854,3517,60,29356,28855,1443,29616,47500,34,1,1
11331,10319,8797,60,22453,21501,1703,22743,43622,75,1,1
11332,9168,7474,60,49103,48162,3286,49383,69371,64,1,2
11333,2384,251,70,19036,18896,742,19266,22703,3,1,1
11334,25839,23785,41,26159,24596,2866,26460,78990,198,1,1
11335,7314,16010,401,58941,57289,4228,60134,87946,82,1,1
11336,16401,18515,90,49233,47459,7203,49774,91994,105,1,1
11337,14307,16131,90,61406,59813,1422,61857,93807,96,1,1
11338,13595,8306,80,41308,40326,3236,41679,66906,55,1,1
11339,7153,6222,81,36529,35727,2996,36880,53341,42,1,1
11340,12874,12143,81,46818,45476,1393,47219,73719,79,1,1
11341,3276,421,80,22663,22422,3035,22954,29786,5,1,1
11342,5490,2465,80,28694,28244,2274,29025,39344,20,1,1
11343,6853,4048,80,25488,24888,2094,25829,38914,29,1,1
11344,8436,3466,80,32381,31800,942,32711,45646,28,1,1
11345,19728,18334,80,28143,26360,1332,28594,68079,109,1,1
11346,4038,1373,80,44664,44354,9588,44915,59994,13,1,2
11347,2194,1032,40,10771,10549,6222,10921,20409,18,1,1
11348,8506,6622,50,23184,22472,4658,23395,43231,85,1,1
11349,4188,551,40,13696,13525,1783,13847,20419,11,1,1
11350,4078,531,40,9198,9037,1122,9348,15119,10,1,1
11351,4378,1854,50,14778,14478,3968,14958,25188,30,1,1
11352,6803,4178,40,21871,21370,4058,22071,37150,58,1,1
11353,4989,2114,50,63821,62859,2645,64182,74130,33,1,1
11354,3266,1363,271,42420,42090,1032,43041,48802,6,1,1
11355,20408,20719,90,50486,48582,1793,51026,94047,116,1,1
11356,6482,3116,80,37641,37121,3476,37982,51156,24,1,1
11357,12533,12985,80,46017,44674,1362,46428,73398,79,1,1
11358,6201,1262,80,36199,35858,1333,36499,45386,11,1,1
11359,14317,14678,80,39996,38573,1302,40406,70803,84,1,1
11360,13285,13676,80,42110,40727,3978,42520,73549,82,1,1
11361,34225,25398,80,63019,60745,20519,63510,143742,134,1,2
11362,6542,2495,90,62869,62279,4489,63199,76815,19,1,3
11363,1482,221,80,9849,9639,2455,10129,14377,2,1,1
11364,14948,9318,40,27382,26490,1072,27612,52990,109,1,1
11365,8196,8105,41,26369,25548,1714,26590,44645,99,1,1
11366,9989,9708,50,25809,24877,1223,26039,46999,115,1,1
11367,5751,4668,50,21560,21009,1362,21762,33573,64,1,1
11368,7434,4479,40,39605,39023,3246,39795,55004,61,1,2
11369,2775,471,40,18485,18325,2225,18625,24136,9,1,1
11370,6182,3016,40,14578,14177,1933,14758,25929,43,1,1
11371,4369,1162,40,13335,13095,1694,13495,20770,21,1,1
11372,6612,5170,40,15620,15029,1523,15820,29175,68,1,1
11373,7424,3376,40,32933,32462,12173,33113,56116,46,1,2
11374,2645,892,40,19196,18996,13536,19356,36479,16,1,1
11375,3136,250,40,8305,8185,1383,8456,13255,5,1,1
11376,6052,5340,40,22573,21952,1293,22783,35508,73,1,1
11377,7414,4358,40,22743,22222,3947,22934,38683,58,1,1
11378,7274,6292,40,22272,21581,1343,22482,37441,83,1,1
11379,6272,4108,40,20579,20078,8777,20759,39966,55,1,1
11380,5501,3957,41,21660,21160,1462,21842,32822,57,1,1
11381,6071,2996,40,18696,18285,1422,18866,29415,44,1,1
11382,3407,2254,40,21491,21160,2565,21661,29947,34,1,1
11383,5891,3447,40,17433,16972,1443,17613,28434,51,1,1
11384,1904,1282,40,29836,29556,9338,29997,42561,22,1,2
11385,3667,1723,40,10480,10199,2806,10650,18886,27,1,1
11386,3326,1583,51,12293,12022,6081,12464,23494,27,1,1
11387,8436,7354,50,22312,21561,3898,22532,42270,92,1,1
11388,3947,451,40,8506,8356,1714,8656,14818,10,1,1
11389,11492,12303,40,21781,20720,2043,22032,47910,132,1,1
11390,7203,6022,50,21922,21270,1753,22132,37150,77,1,1
11391,7043,4940,40,16211,15610,2374,16411,30818,69,1,1
11392,7013,4769,40,22403,21821,1383,22593,35818,68,1,1
11393,7644,8577,50,24216,23354,1112,24446,41829,105,1,1
11394,7454,5390,40,26160,25539,1743,26360,40997,73,1,1
11395,7384,5721,40,16251,15590,1263,16451,30869,79,1,1
11396,7434,6523,40,24366,23665,2595,24576,41178,84,1,1
11397,4248,2905,40,19917,19507,1523,20088,28814,43,1,1
11398,6312,5250,40,21491,20890,1884,21701,35177,70,1,1
11399,7965,5351,40,43522,42881,11602,43712,68690,71,1,2
11400,17113,19627,40,25809,24236,7224,26109,70123,201,1,1
11401,6823,4248,40,12965,12444,1783,13145,26059,59,1,1
11402,4168,972,40,9147,8927,1493,9297,15980,18,1,1
11403,4038,611,40,9047,8877,1062,9197,14958,12,1,1
11404,11421,11843,40,18676,17554,2324,18926,44564,140,1,1
11405,7223,5701,40,22082,21441,2615,22282,37861,75,1,1
11406,7524,5922,40,26189,25498,1503,26389,41378,81,1,1
11407,6202,5550,40,20078,19427,1212,20278,33293,76,1,1
11408,7334,4679,40,17012,16461,2335,17202,31580,63,1,1
11409,2745,1393,40,19387,19136,2985,19547,26710,22,1,1
11410,7665,6242,40,21571,20809,7033,21771,42761,81,1,1
11411,5972,2404,41,19557,19196,3286,19728,31440,38,1,1
11412,5370,4368,40,16882,16331,1323,17072,28183,63,1,1
11413,4098,932,40,12303,12083,2004,12463,19537,18,1,1
11414,7494,5821,40,17182,16511,1924,17383,32682,79,1,1
11415,3898,541,40,12223,12053,1694,12373,18556,12,1,1
11416,2264,111,40,8195,8085,7775,8345,18535,1,1,1
11417,8736,4879,40,21861,21270,6422,22051,42149,68,1,1
11418,7795,4047,40,27231,26700,2455,27411,41769,55,1,2
11419,4137,1513,41,9247,8977,1052,9408,16170,26,1,1
11420,4158,821,40,7785,7574,1042,7935,14006,16,1,1
11421,3346,771,50,15058,14838,1874,15209,21260,16,1,2
11422,6002,3757,40,15479,14989,5260,15670,30729,54,1,1
11423,3036,1803,50,20549,20248,6352,20730,31961,30,1,1
11424,7224,6101,40,19857,19156,1463,20067,34906,83,1,1
11425,7063,5932,40,22533,21851,5600,22733,41378,80,1,1
11426,5991,4870,40,15730,15139,1222,15940,28053,69,1,1
11427,7153,4439,40,15659,15129,2695,15850,30187,60,1,1
11428,4178,461,40,18675,18505,1753,18825,25267,11,1,1
11429,5741,3978,40,15669,15149,1252,15860,26881,59,1,1
11430,6713,5049,40,15790,15189,2214,15981,30017,70,1,1
11431,7745,6913,40,35417,34626,1543,35627,51888,90,1,2
11432,7214,4068,40,10520,10009,1984,10710,24026,57,1,1
11433,3086,1874,40,15048,14738,2655,15219,22874,31,1,1
11434,5119,1243,50,12804,12564,1804,12974,21190,22,1,1
11435,8306,4639,40,21240,20689,18535,21430,52960,64,1,1
11436,3377,2354,40,14578,14236,2435,14748,22964,35,1,1
11437,7704,5440,40,24366,23715,5040,24566,42801,76,1,1
11438,3577,170,40,8636,8516,1633,8777,14217,4,1,1
11439,2885,1163,40,9247,9007,2695,9407,16180,21,1,1
11440,6292,4248,40,16491,15980,1353,16681,28604,58,1,1
11441,7003,2465,40,34976,34614,18385,35146,63039,33,1,2
11442,3627,2264,40,16221,15880,3937,16391,26269,35,1,1
11443,3506,1313,40,19817,19567,6813,19988,31650,23,1,1
11444,5941,4508,40,18064,17513,1343,18254,30097,64,1,1
11445,6783,3968,40,13776,13275,1723,13966,26490,57,1,1
11446,2806,1933,40,16181,15860,2355,16351,23485,31,1,1
11447,6663,4529,40,15239,14688,2204,15429,28885,64,1,1
11448,8175,5190,50,34616,34015,12333,34816,60564,66,1,2
11449,2856,1533,40,12283,12013,4529,12443,21411,25,1,1
11450,9467,6613,50,22022,21311,2485,22242,40847,86,1,1
11451,2805,782,40,8857,8646,1402,9007,14036,16,1,1
11452,3257,2134,40,20439,20098,5710,20609,31740,34,1,1
11453,4077,2034,40,23635,23294,1824,23805,31780,34,1,1
11454,6342,4819,51,16080,15529,5450,16271,32932,63,1,1
11455,3567,1613,40,19858,19567,4549,20018,29797,27,1,1
11456,7655,7274,50,25779,25007,1312,25999,42280,94,1,1
11457,7143,4248,40,22142,21621,5811,22332,39594,60,1,1
11458,7394,6723,40,26620,25889,1433,26820,42430,86,1,1
11459,6582,2816,50,21220,20819,1683,21400,32531,44,1,1
11460,3547,2044,40,15450,15119,1482,15630,22743,33,1,1
11461,7374,4017,40,14216,13706,1663,14398,27502,57,1,1
11462,6682,5491,40,21671,21020,1884,21871,35978,76,1,1
11463,31059,12333,972,113595,111561,11782,115859,171584,63,1,2
11464,14918,11653,90,63651,61947,13235,64151,104037,73,1,2
11465,5420,2244,81,14908,14287,1333,15209,24296,18,1,1
11466,4609,511,80,15410,15108,1813,15690,22713,5,1,1
11467,28103,34034,80,40477,37531,2104,41028,105359,179,1,1
11468,7524,4638,80,39384,38553,18525,39715,70483,34,1,1
11469,6683,4989,80,30718,29867,2375,31068,45206,39,1,1
11470,12854,9378,81,39815,38703,6222,40196,68740,63,1,1
11471,12524,12283,80,32832,31530,1343,33223,59463,80,1,1
11472,12504,10529,80,30147,29245,2184,30467,55755,70,1,1
11473,3497,1964,30,18595,18285,2595,18755,26871,32,1,1
11474,7003,6042,40,20268,19637,1442,20478,35016,77,1,1
11475,5941,3256,40,18736,18325,2885,18916,31038,48,1,1
11476,4448,2796,40,14377,13976,1403,14547,23244,44,1,1
11477,6813,3236,40,13255,12834,2194,13435,25728,48,1,1
11478,7193,5320,40,19336,18745,1774,19537,33874,73,1,1
11479,2956,291,40,11592,11472,1733,11732,16762,6,1,1
11480,7033,3226,40,35167,34726,8456,35347,54112,48,1,2
11481,6291,2305,40,18335,17994,10450,18505,37601,37,1,1
11482,2024,200,40,7865,7755,1904,8005,12173,5,1,1
11483,3637,431,40,7234,7094,1112,7384,12604,9,1,1
11484,4619,2735,30,15760,15369,3256,15930,26580,44,1,1
11485,7034,4839,30,20419,19697,2474,20599,35006,68,1,1
11486,6783,5280,40,20128,19537,1422,20318,33854,72,1,1
11487,7394,4859,40,20659,20098,2464,20850,35617,68,1,1
11488,4799,3727,40,15940,15450,1363,16120,26039,56,1,1
11489,7094,5260,40,14487,13886,2455,14677,29536,73,1,1
11490,2785,1854,40,18685,18385,681,18856,24226,31,1,1
11491,13165,12493,41,32541,31369,1593,32792,60083,146,1,2
11492,16631,15660,40,52640,51236,14548,52910,99779,180,1,2
11493,2735,1042,40,5491,5270,7273,5641,16741,19,1,1
11494,14597,11983,40,15750,14688,5981,15990,48601,139,1,1
11495,1694,210,40,8025,7925,7594,8166,17704,4,1,1
11496,16100,20038,40,17823,16170,8415,18125,62718,221,1,1
11497,3616,261,40,11652,11542,1934,11792,17643,6,1,1
11498,15640,9448,40,22833,21952,16330,23054,64512,112,1,1
11499,3487,2094,40,13756,13446,2435,13926,21982,34,1,1
11500,7915,6042,40,21410,20749,4409,21610,40036,83,1,1
11501,3687,391,40,7464,7334,2485,7614,14217,8,1,1
11502,6262,4699,40,14999,14448,2384,15199,28594,66,1,1
11503,3677,2404,40,22232,21891,2485,22413,31019,38,1,1
11504,6382,5119,40,24416,23835,1262,24607,37420,71,1,1
11505,3748,1142,40,17042,16812,1643,17192,23765,21,1,1
11506,5951,3967,40,17643,17152,1563,17844,29365,59,1,1
11507,7424,4478,40,14507,13986,1703,14698,28333,63,1,1
11508,6102,4799,40,20760,20179,2034,20950,33935,71,1,1
11509,10199,7905,40,34305,33504,9898,34516,62568,96,1,2
11510,2835,1663,40,10450,10169,3516,10610,18675,27,1,1
11511,8526,6282,40,20810,20108,1954,21010,37822,87,1,1
11512,4167,420,40,9749,9588,1603,9889,16130,10,1,1
11513,3677,822,40,8125,7935,1413,8275,14237,17,1,1
11514,3226,952,40,12835,12634,4298,12985,21501,18,1,1
11515,6252,4108,40,20198,19677,1644,20378,32432,62,1,1
11516,6983,5190,40,15018,14417,2706,15208,30147,74,1,1
11517,7204,5410,40,20889,20268,1924,21080,35658,76,1,1
11518,8055,7725,40,20158,19357,1122,20378,37310,102,1,1
11519,6552,4759,41,14617,14066,1954,14808,28113,68,1,1
11520,3496,1423,40,18074,17824,2043,18235,25227,24,1,1
11521,6843,5029,40,17783,17202,1193,17974,31079,71,1,1
11522,6743,5420,40,16862,16221,1984,17052,31259,78,1,1
11523,5560,2926,40,19627,19216,1453,19797,29786,47,1,1
11524,7635,7123,41,20689,19937,1122,20900,36820,94,1,1
11525,6352,5049,40,18926,18335,2395,19116,32963,71,1,1
11526,11162,7404,40,32281,31499,10720,32491,61827,94,1,2
11527,3246,501,41,21089,20909,2675,21231,27703,9,1,2
11528,4468,3407,40,19948,19497,2655,20118,30698,53,1,1
11529,4018,811,40,5851,5650,1072,6001,11963,17,1,1
11530,801,110,40,6592,6502,682,6733,8366,1,1,1
11531,5731,1833,30,8737,8396,1483,8897,17994,31,1,2
11532,7915,6151,40,15208,14527,3987,15410,33513,85,1,1
11533,6061,4078,40,19858,19366,2194,20038,32431,58,1,1
11534,6612,5631,40,17624,16993,4528,17814,34635,77,1,1
11535,7104,5059,41,20278,19677,2094,20479,34776,74,1,1
11536,6042,5290,40,20899,20288,1232,21100,33694,75,1,1
11537,6613,2995,40,33283,32842,9037,33454,52149,45,1,2
11538,6593,5150,40,15950,15349,4318,16150,32241,74,1,1
11539,3226,1523,40,18104,17844,3136,18264,26189,26,1,1
11540,11131,11842,40,19116,18004,1242,19367,43612,145,1,1
11541,6643,5480,40,15069,14428,1723,15269,29165,80,1,1
11542,4187,200,40,12383,12273,1753,12524,18695,4,1,1
11543,4208,942,40,11762,11572,1673,11923,18776,17,1,1
11544,13075,8135,41,31649,30808,13085,31860,66185,100,1,2
11545,5440,2585,41,18675,18304,13896,18846,40817,41,1,1
11546,3036,651,40,5581,5391,1192,5721,10650,14,1,1
11547,3156,872,40,8666,8456,1303,8816,14197,18,1,1
11548,6412,5270,40,18255,17653,3056,18445,33223,73,1,1
11549,6783,4398,40,20209,19677,3526,20389,35136,63,1,1
11550,6953,5771,40,20008,19347,1673,20208,34635,80,1,1
11551,7575,5741,40,20008,19377,2444,20208,35998,78,1,1
11552,3166,671,40,10220,10049,5520,10370,19767,13,1,1
11553,6673,4969,40,17033,16452,1573,17233,30478,70,1,1
11554,6532,5660,40,21241,20589,1873,21441,35557,80,1,1
11555,5010,561,40,17413,17263,1132,17563,24326,12,1,1
11556,2915,762,40,12403,12233,2455,12563,18735,14,1,1
11557,6312,4208,40,32051,31480,4268,32231,47069,62,1,2
11558,3516,761,30,12203,12013,1784,12353,18455,15,1,1
11559,6012,981,40,18194,17994,11742,18344,37120,18,1,1
11560,3056,2214,40,14127,13786,2775,14287,22392,36,1,1
11561,7033,6252,40,21460,20769,3988,21661,38964,85,1,1
11562,7213,6022,40,18475,17814,1263,18675,33223,82,1,1
11563,6712,4399,40,21060,20499,1863,21260,34274,67,1,1
11564,6833,5560,40,21530,20889,1093,21741,35257,79,1,1
11565,5892,2514,41,18294,17944,7895,18465,34806,39,1,1
11566,4048,2344,40,13646,13306,1473,13816,21721,37,1,1
11567,7183,4469,40,14317,13766,2775,14507,28974,66,1,1
11568,7614,5591,40,20088,19447,1804,20298,35347,80,1,1
11569,10159,7845,40,32031,31210,13345,32251,63650,100,1,2
11570,2785,1874,40,28123,27803,6362,28283,39344,30,1,2
11571,3657,380,40,7624,7494,1523,7775,13375,8,1,1
11572,4058,521,40,8145,7985,1593,8296,14518,12,1,1
11573,4579,2084,40,13525,13195,3817,13695,24226,35,1,1
11574,6813,5230,41,21180,20569,1903,21371,35377,74,1,1
11575,7104,5661,40,16411,15750,1814,16611,31240,81,1,1
11576,7675,6191,41,21099,20428,2194,21301,37401,83,1,1
11577,8196,8235,41,21861,20999,1222,22082,39785,108,1,1
11578,6252,2174,40,30949,30588,12894,31119,52489,35,1,2
11579,5811,4328,40,22402,21871,4258,22582,37030,62,1,1
11580,6021,2756,40,18936,18555,7855,19106,35788,43,1,1
11581,11021,3357,40,9498,9087,16571,9678,40667,47,1,1
11582,12925,14748,40,20759,19467,16361,21019,65103,170,1,1
11583,1122,210,40,8787,8667,681,8927,11000,5,1,1
11584,17644,14046,41,12373,11131,22893,12624,67247,162,1,1
11585,5060,3025,40,8015,7614,7694,8196,24025,46,1,1
11586,4389,2775,40,13896,13496,4759,14067,26030,44,1,1
11587,1292,301,40,11121,10991,2114,11261,15018,7,1,1
11588,14097,9307,40,31239,30337,14948,31460,69862,110,1,2
11589,2776,110,40,7174,7084,4618,7324,14878,1,1,1
11590,8075,6182,40,29466,28745,4879,29666,48852,86,1,2
11591,3767,491,40,5471,5320,1002,5621,10941,11,1,1
11592,2995,882,40,7344,7144,1102,7504,12513,17,1,1
11593,6182,5520,40,17704,17092,3006,17904,32652,76,1,1
11594,9127,6603,40,21801,21080,4519,22011,42310,90,1,1
11595,8306,5450,40,17864,17233,2134,18064,33994,78,1,1
11596,7203,5571,40,20819,20188,4368,21020,38202,78,1,1
11597,5791,4097,40,15719,15209,1292,15911,27131,61,1,1
11598,7855,5851,40,15299,14647,2304,15500,31550,79,1,1
11599,4087,842,40,17864,17664,1804,18014,24787,17,1,1
11600,6011,4408,41,15900,15359,1252,16091,27792,65,1,1
11601,7745,5140,40,14397,13786,1774,14597,29296,75,1,1
11602,4659,1022,40,17894,17663,1723,18044,25498,20,1,1
11603,2564,642,40,13686,13516,2575,13826,19647,12,1,1
11604,6382,3016,40,12764,12344,1423,12944,23805,48,1,1
11605,7654,5721,40,14458,13806,1112,14648,29195,79,1,1
11606,4158,391,40,12474,12344,1713,12624,18936,9,1,1
11607,4008,551,40,11893,11743,1964,12043,18616,11,1,1
11608,4429,1282,40,26841,26571,11091,27001,43833,23,1,2
11609,2344,592,40,17773,17583,14407,17923,35307,13,1,1
11610,3296,681,40,5711,5521,1062,5861,10950,15,1,1
11611,2695,982,40,14688,14478,2665,14838,21220,18,1,1
11612,6462,2896,40,27041,26600,17403,27211,54032,44,1,2
11613,6042,5019,40,17403,16811,2435,17593,31139,72,1,1
11614,6162,2465,40,18495,18144,10961,18665,38293,39,1,1
11615,5541,4218,40,19176,18655,1283,19376,30448,63,1,1
11616,6462,4729,41,18164,17603,1423,18365,31009,68,1,1
11617,6883,5500,40,20799,20188,1783,21000,35206,75,1,1
11618,5971,1794,40,18315,18014,1553,18485,27833,31,1,1
11619,5971,3637,40,14036,13565,1303,14227,25178,57,1,1
11620,5891,3967,41,13535,13044,2545,13716,26169,59,1,1
11621,8416,7314,40,22362,21581,1403,22572,39755,99,1,1
11622,12223,11942,40,18304,17202,2044,18555,44804,144,1,1
11623,7775,5761,40,20960,20288,1412,21160,36148,82,1,1
11624,7234,6022,40,15329,14658,2475,15529,31320,84,1,1
11625,7474,5671,40,21511,20839,1353,21711,36259,82,1,1
11626,7024,6512,40,25899,25188,1573,26099,41258,88,1,1
11627,6532,4348,40,20809,20298,4138,21010,36068,62,1,1
11628,7223,6332,41,21691,20989,1973,21892,37470,86,1,1
11629,6482,3136,40,18856,18445,7444,19036,36148,47,1,1
11630,7054,5981,40,16712,16041,1272,16912,31269,84,1,1
11631,7344,4408,40,13144,12634,1593,13336,26721,62,1,1
11632,7625,6432,40,20359,19637,2054,20559,36720,89,1,1
11633,10299,7525,40,33082,32262,8957,33293,60114,98,1,2
11634,2916,1994,40,28323,27982,9387,28484,42841,32,1,2
11635,3557,1272,40,11541,11291,1773,11693,18335,23,1,1
11636,6091,2555,40,8777,8416,1503,8947,19146,40,1,1
11637,10991,11151,40,25468,24376,1884,25709,49775,137,1,2
11638,7013,4859,40,20770,20208,4979,20970,37851,67,1,1
11639,7634,5110,40,14838,14237,1954,15028,29776,72,1,1
11640,7514,5580,40,20889,20238,3707,21080,37941,79,1,1
11641,6102,5530,40,20389,19767,1242,20579,33513,76,1,1
11642,6702,2535,30,28033,27643,12193,28193,49663,37,1,2
11643,2996,1893,40,14597,14297,5220,14758,24907,30,1,1
11644,6682,4098,40,14869,14377,1342,15049,27211,58,1,1
11645,5601,2965,40,18305,17904,6793,18485,33874,45,1,1
11646,5991,4468,40,14417,13856,1252,14608,26359,67,1,1
11647,7003,3527,40,13606,13145,1964,13786,26330,54,1,1
11648,6883,5481,40,16371,15730,1593,16561,30578,79,1,1
11649,2905,271,40,11201,11081,1713,11341,16291,6,1,1
11650,6001,2976,40,31209,30777,6793,31389,47199,46,1,2
11651,2846,381,40,14577,14396,1603,14727,19618,9,1,2
11652,8336,7043,40,21491,20759,3426,21701,40546,93,1,1
11653,3947,421,40,5390,5260,1112,5541,11071,9,1,1
11654,8336,7774,40,20518,19707,1162,20730,38062,102,1,1
11655,6863,4609,40,20579,20048,6442,20759,38723,63,1,1
11656,7184,5831,40,18215,17563,1553,18415,33033,81,1,1
11657,5921,2815,40,18585,18205,13956,18756,41488,42,1,1
11658,5901,4519,40,20028,19467,1453,20218,32151,68,1,1
11659,6412,4719,40,38202,37612,3467,38393,53051,68,1,2
11660,3406,251,40,17332,17212,2775,17473,23955,6,1,1
11661,4379,1653,40,15038,14748,2494,15199,23775,29,1,1
11662,4188,1403,40,10329,10069,1352,10490,17483,26,1,1
11663,3647,2464,41,13595,13225,2465,13766,22372,39,1,1
11664,3827,431,40,11321,11181,1704,11461,17473,9,1,1
11665,3416,160,40,28794,28654,6563,28934,39124,3,1,2
11666,5871,2384,41,18474,18124,11541,18646,38482,38,1,1
11667,3036,471,40,7564,7404,1122,7714,12383,11,1,1
11668,4018,1753,41,16401,16110,1553,16562,23936,30,1,1
11669,6853,2314,40,33824,33464,17924,33994,61135,36,1,2
11670,3497,2164,40,12724,12393,2685,12884,21280,35,1,1
11671,6993,4709,40,19597,19056,4899,19788,36439,66,1,1
11672,11882,4117,41,17362,16872,18825,17553,52419,58,1,1
11673,3496,772,40,10299,10109,10429,10450,25197,15,1,1
11674,17032,23655,40,26871,25138,16471,27191,84379,232,1,1
11675,1813,371,40,8065,7925,16942,8216,27372,9,1,1
11676,16461,22322,40,24466,22633,16652,24787,80262,245,1,1
11677,16922,13014,40,35928,34805,7945,36179,74090,142,1,2
11678,1943,732,40,8025,7855,6292,8175,17182,14,1,1
11679,9017,8376,40,28254,27362,4548,28474,50455,108,1,2
11680,7424,4419,40,9207,8676,2134,9387,23404,63,1,1
11681,2334,571,41,7814,7644,1904,7965,12814,12,1,1
11682,12002,12825,40,22382,21190,2404,22633,49904,154,1,1
11683,8596,6212,40,21411,20740,2114,21611,38573,82,1,1
11684,6552,5401,40,15229,14608,3066,15419,30488,75,1,1
11685,6462,5130,40,21461,20860,1944,21661,35237,73,1,1
11686,7474,7354,41,22121,21330,1182,22332,38383,99,1,1
11687,7495,2885,40,18876,18475,6402,19046,35878,44,1,1
11688,7313,6102,40,20719,20048,1693,20920,36088,84,1,1
11689,1964,481,40,17543,17383,10140,17693,30318,11,1,1
11690,3998,2174,40,15680,15339,1412,15840,23484,35,1,1
11691,6793,3507,40,14387,13917,1754,14567,26661,54,1,1
11692,6362,4558,40,19286,18715,1904,19476,32341,68,1,1
11693,10350,6863,40,31670,30929,7915,31870,57058,88,1,2
11694,2454,1072,40,13535,13315,6593,13696,23845,20,1,1
11695,4238,2865,40,19517,19146,5220,19688,32071,42,1,1
11696,4228,1222,41,15509,15249,1443,15660,22603,20,1,2
11697,15129,16291,40,18766,17343,1703,19036,52219,187,1,1
11698,7074,5290,40,20459,19858,4999,20649,38072,73,1,1
11699,6713,5601,40,18695,18054,1653,18896,32913,78,1,1
11700,7333,5811,40,20779,20138,4268,20979,38442,80,1,1
11701,6722,5892,40,15249,14577,1162,15449,29265,82,1,1
11702,6863,3908,40,15299,14818,3126,15479,29426,56,1,1
11703,7384,3497,40,19136,18696,2215,19316,32452,52,1,1
11704,6973,5781,40,19196,18555,1163,19396,33343,79,1,1
11705,6102,2525,40,18415,18034,3005,18585,30257,42,1,1
11706,5099,3237,40,13676,13245,1352,13856,23594,49,1,1
11707,6983,3436,40,13435,12964,2024,13616,26089,54,1,1
11708,6703,5821,40,15279,14628,1694,15469,29737,80,1,1
11709,3667,712,40,11642,11462,1683,11802,17894,15,1,1
11710,14056,8637,40,32091,31229,11602,32301,66646,105,1,2
11711,2945,942,40,27452,27242,6202,27612,37741,16,1,2
11712,2635,160,40,6783,6672,1483,6923,11241,3,1,1
11713,1322,111,40,4949,4859,692,5079,7254,1,1,1
11714,9077,7624,40,18455,17623,2725,18656,38122,101,1,2
11715,7304,4558,40,21200,20649,5140,21391,38433,67,1,1
11716,7134,5831,40,19176,18495,1483,19376,33854,83,1,1
11717,7394,4859,40,20660,20088,5410,20850,38553,67,1,1
11718,10640,9799,40,22663,21701,1923,22893,45305,122,1,1
11719,6432,5320,40,20659,20028,2144,20849,34786,76,1,1
11720,3767,561,40,17713,17553,1773,17864,24015,12,1,1
11721,4359,1172,40,33283,33013,1974,33443,40998,22,1,2
11722,7114,4118,40,9919,9408,1412,10099,22793,60,1,1
11723,2995,2004,40,14027,13716,2214,14187,21460,31,1,1
11724,5040,1583,40,12123,11833,1553,12293,20509,30,1,1
11725,12994,4990,40,20298,19747,14227,20478,52739,66,1,1
11726,7294,5370,40,23144,22493,2254,23344,38312,80,1,1
11727,4048,421,40,7464,7314,5621,7614,17744,10,1,1
11728,6853,6482,40,23354,22653,1212,23565,38152,88,1,1
11729,10920,4709,41,20969,20428,4389,21160,41218,65,1,1
11730,7223,5340,40,24596,23985,1213,24807,38623,76,1,1
11731,6763,4809,40,23144,22562,2595,23334,37541,69,1,1
11732,5911,4278,40,17283,16722,1312,17473,29014,66,1,1
11733,6843,3897,40,12774,12273,1783,12965,25528,59,1,1
11734,2836,1883,40,14868,14567,2735,15029,22533,31,1,1
11735,6632,3417,40,12864,12403,1483,13044,24606,52,1,1
11736,9117,6943,40,33012,32290,10430,33213,59763,87,1,2
11737,3186,1372,40,6472,6211,1643,6623,12864,24,1,1
11738,3787,2745,40,28584,28162,681,28755,36018,42,1,2
11739,17162,20018,41,24145,22422,3487,24456,65153,222,1,3
11740,2455,961,40,11271,11071,1753,11422,16631,17,1,1
11741,2094,181,40,12543,12433,681,12684,15680,4,1,1
11742,17182,18966,40,23965,22372,2405,24266,62849,212,1,1
11743,7715,7334,40,16261,15509,1974,16471,33534,94,1,1
11744,7154,5190,40,21010,20399,5651,21210,39245,75,1,1
11745,8526,8566,40,21231,20328,1152,21461,39755,115,1,1
11746,6642,2665,30,33994,33582,17844,34155,61366,41,1,2
11747,6653,4478,41,21610,21069,1883,21802,34866,65,1,1
11748,6582,2335,40,18345,18004,7785,18525,35277,39,1,1
11749,4067,2976,40,17153,16742,1483,17333,25899,47,1,1
11750,6191,2004,40,13776,13496,1542,13936,23724,30,1,1
11751,6802,5922,40,19797,19136,2014,19987,34775,80,1,1
11752,10069,6653,40,30919,30208,10329,31119,58230,84,1,2
11753,2645,1253,40,11772,11512,6723,11922,22583,24,1,1
11754,6813,5340,41,20057,19466,5159,20249,37591,70,1,1
11755,3927,591,40,7024,6843,1042,7174,12774,13,1,1
11756,3597,431,40,8095,7965,1513,8245,13826,9,1,1
11757,2064,401,40,12694,12554,671,12844,16020,9,1,1
11758,17383,15940,40,23304,21921,5661,23575,62609,182,1,1
11759,7735,5340,40,21731,21110,1644,21931,36690,76,1,1
11760,6924,5189,40,22182,21581,2665,22373,37191,72,1,1
11761,9618,3447,40,14427,13986,15239,14607,42971,51,1,1
11762,3376,2004,40,19297,18986,11902,19467,36779,32,1,1
11763,3787,1974,40,13827,13506,5360,13987,25148,33,1,1
11764,3717,1232,40,19557,19296,2104,19698,26801,24,1,1
11765,5670,2685,41,13725,13345,12183,13897,34475,42,1,1
11766,5460,3417,40,18064,17624,9549,18244,36720,50,1,1
11767,6792,2736,40,18304,17904,1452,18475,29515,43,1,1
11768,5410,3677,30,17092,16611,1403,17272,27802,56,1,1
11769,6663,2144,40,13636,13316,1563,13796,24216,34,1,1
11770,6482,4930,40,15239,14658,1763,15429,28644,70,1,1
11771,2805,851,40,12213,12003,1653,12364,17724,18,1,1
11772,7023,3647,40,27593,27102,7344,27773,45827,52,1,2
11773,1714,280,40,17684,17564,9638,17834,29506,7,1,1
11774,3757,451,40,5521,5381,1012,5671,10931,9,1,1
11775,4027,411,40,7815,7665,1223,7955,13676,10,1,1
11776,3847,391,40,6793,6632,1032,6933,12243,10,1,1
11777,4459,1843,30,14888,14578,2835,15048,24236,32,1,1
11778,8015,4328,40,20078,19536,6672,20259,39314,63,1,1
11779,7174,5641,40,18104,17443,1593,18304,32762,81,1,1
11780,6321,3396,40,18916,18485,9448,19096,38302,49,1,1
11781,5391,3967,40,18896,18395,1333,19076,29817,59,1,1
11782,6522,5741,40,20509,19868,3337,20709,36359,79,1,1
11783,6613,1543,40,17914,17624,1643,18074,27923,29,1,1
11784,6382,5821,40,14928,14267,1123,15128,28504,81,1,1
11785,6783,5170,40,32521,31860,4309,32711,49013,74,1,2
11786,4178,862,40,11993,11782,1623,12153,18866,19,1,1
11787,1803,110,40,17213,17122,14357,17353,33663,1,1,1
11788,16551,21942,40,6502,4729,6792,6822,52168,238,1,1
11789,4489,3336,40,14007,13585,1974,14197,24026,50,1,1
11790,6873,5000,40,21330,20749,5571,21530,39024,71,1,1
11791,3035,430,41,7914,7774,1012,8066,12594,9,1,1
11792,6182,4238,40,17493,16962,2816,17673,30969,63,1,1
11793,7424,4769,40,20549,19968,7675,20739,40657,71,1,1
11794,6453,5480,40,23545,22914,1312,23735,37040,76,1,1
11795,7875,3817,40,19778,19287,3046,19968,34746,58,1,1
11796,5140,3316,40,16691,16250,1343,16872,26711,51,1,1
11797,7555,4468,40,14969,14428,2344,15159,29576,66,1,1
11798,5771,4198,40,19196,18685,2275,19396,31670,62,1,1
11799,12163,10280,40,35287,34295,11452,35507,69452,122,1,2
11800,5671,4188,40,33363,32822,4258,33553,47710,59,1,2
11801,3657,210,40,9729,9598,1763,9859,15529,5,1,1
11802,2475,420,40,8005,7855,1743,8146,12834,10,1,1
11803,13084,11963,40,17263,16141,1783,17503,44373,145,1,1
11804,7364,4629,40,20368,19807,1954,20568,34565,69,1,1
11805,7294,5480,41,15609,14968,2254,15800,30878,78,1,1
11806,6753,5300,40,20950,20329,5530,21150,38773,76,1,1
11807,9358,7644,41,21470,20659,3036,21691,41779,103,1,1
11808,6943,4609,40,20880,20329,1583,21070,34265,66,1,1
11809,7494,6332,40,23996,23274,1122,24196,39174,88,1,1
11810,3687,591,40,18475,18295,1693,18625,24626,13,1,1
11811,6262,5220,40,17533,16932,1213,17723,30478,73,1,1
11812,6031,1874,40,13836,13526,1553,13996,23494,32,1,1
11813,6793,5380,40,16742,16101,1673,16932,30828,77,1,1
11814,3787,1012,40,11382,11161,1613,11532,17994,20,1,1
11815,10660,6924,40,31169,30418,11782,31369,60795,89,1,2
11816,3016,211,40,7784,7674,2174,7915,13366,5,1,1
11817,4047,3437,40,28574,28084,3046,28744,39314,52,1,2
11818,5761,1082,40,6132,5901,1062,6292,14227,21,1,1
11819,1893,331,40,7094,6963,1593,7244,11111,8,1,1
11820,3887,280,40,7855,7734,1653,8005,13856,6,1,1
11821,22252,18034,40,27562,26049,1823,27853,69992,202,1,1
11822,6833,5701,40,22753,22102,1714,22953,37251,81,1,1
11823,6933,4488,40,21762,21201,1683,21952,35096,67,1,1
11824,6072,5480,40,19818,19166,1333,20028,32943,80,1,1
11825,6632,3497,40,31810,31330,8717,31990,50886,51,1,2
11826,6983,5501,40,15239,14608,2895,15429,30858,77,1,1
11827,5901,3146,40,18846,18435,3807,19026,31910,47,1,1
11828,5651,4288,40,16692,16151,1242,16882,28113,65,1,1
11829,5992,4167,40,14477,13956,2896,14658,27763,62,1,1
11830,3948,601,40,12824,12654,1773,12974,19327,12,1,1
11831,3927,802,40,11883,11692,1703,12043,18525,17,1,1
11832,13796,7775,40,30498,29687,8316,30718,60635,98,1,2
11833,2375,451,40,17853,17703,10570,18004,31430,10,1,1
11834,3046,410,41,5660,5520,1243,5811,10550,9,1,1
11835,2816,841,41,7844,7634,1001,7996,12704,17,1,1
11836,6863,3778,40,19797,19316,1994,19987,32672,57,1,1
11837,6873,4398,40,21080,20559,2315,21270,34896,62,1,1
11838,6843,5360,40,21671,21030,1713,21871,35827,78,1,1
11839,6883,4779,41,20388,19837,1533,20579,33814,66,1,1
11840,4508,2564,40,16801,16421,1433,16972,25518,41,1,1
11841,6712,3727,40,15168,14698,1964,15349,27792,55,1,1
11842,2575,1483,40,13686,13436,2806,13846,20760,25,1,1
11843,6562,4770,40,14387,13806,1834,14577,27783,70,1,1
11844,4939,661,40,17402,17222,2885,17554,26079,14,1,1
11845,2565,281,40,8897,8767,2485,9037,14428,7,1,1
11846,4579,1262,40,11191,10941,1372,11352,18605,25,1,1
11847,6993,5961,40,34766,34055,3377,34966,51347,83,1,2
11848,3547,601,40,12384,12213,1743,12524,18465,13,1,1
11849,5460,1392,40,18335,18075,16051,18505,41459,27,1,1
11850,7354,5791,40,15309,14678,1623,15509,30327,78,1,1
11851,6994,4759,40,21370,20789,3647,21560,37000,70,1,1
11852,10039,4849,41,25668,25117,10039,25849,50826,65,1,1
11853,2985,1383,40,16702,16441,7785,16852,29065,25,1,1
11854,3878,1984,40,17052,16742,4078,17212,27202,33,1,1
11855,3276,1573,40,18725,18455,2455,18886,26240,28,1,1
11856,6783,5941,41,38011,37340,5450,38212,56437,82,1,1
11857,6503,4658,40,22332,21751,2585,22533,36319,70,1,1
11858,5190,3506,40,12343,11892,1283,12524,22543,53,1,1
11859,7214,5069,40,16511,15930,1964,16701,31009,71,1,1
11860,7124,4729,40,20128,19537,1293,20318,33504,70,1,1
11861,8887,6753,40,31169,30437,9448,31369,56507,86,1,2
11862,2034,901,41,11491,11281,4459,11642,19086,18,1,1
11863,9408,8105,40,21170,20349,2675,21391,41619,105,1,1
11864,4218,751,40,8005,7814,1423,8156,14598,16,1,1
11865,3276,190,40,7725,7624,1754,7875,13135,4,1,1
11866,5290,3166,40,14027,13586,4829,14207,27552,51,1,1
11867,3236,1353,40,18735,18475,3587,18895,27111,25,1,1
11868,6432,4619,40,15038,14487,3737,15228,30056,66,1,1
11869,6212,5090,40,20609,20008,2555,20799,34706,73,1,1
11870,8025,7784,40,22793,21951,1112,23003,39975,106,1,1
11871,6352,2836,40,30387,29977,14698,30567,54483,42,1,2
11872,3537,2414,40,17513,17152,3557,17694,27232,39,1,1
11873,6583,3927,40,19257,18766,6933,19437,36920,57,1,1
11874,5761,4338,40,15379,14858,1313,15569,27021,63,1,1
11875,6853,3466,41,13595,13144,1844,13776,25979,52,1,1
11876,7835,5831,40,17162,16501,1583,17363,32642,80,1,1
11877,3787,672,40,11121,10931,1663,11271,17443,16,1,1
11878,3196,671,40,27742,27541,11451,27893,43272,13,1,2
11879,3396,712,40,7825,7655,1743,7985,13886,14,1,1
11880,4048,3216,40,28083,27632,3607,28263,39184,49,1,2
11881,5330,1654,40,6111,5821,1123,6271,14428,30,1,1
11882,3226,631,40,7054,6873,1042,7214,12143,15,1,1
11883,7344,5140,40,17423,16832,2455,17613,32602,72,1,1
11884,6983,4549,40,20208,19687,4759,20398,36729,62,1,1
11885,6793,5921,40,17072,16411,1644,17272,31670,82,1,1
11886,7774,6352,40,21080,20378,6101,21281,41568,87,1,1
11887,5380,3376,40,14096,13636,1183,14277,24266,53,1,1
11888,7203,4178,40,18586,18064,1893,18766,32100,62,1,1
11889,6082,1894,40,18425,18114,1573,18585,28164,32,1,1
11890,5050,2986,40,15559,15149,1123,15719,24938,46,1,1
11891,7003,4980,40,19687,19106,1874,19887,33784,70,1,1
11892,6071,2585,41,18565,18194,1933,18736,29385,42,1,1
11893,6502,5580,40,15950,15329,1222,16160,29505,77,1,1
11894,6021,4278,40,15860,15339,2415,16050,28804,62,1,1
11895,4067,881,40,11642,11442,1783,11803,18585,18,1,1
11896,3676,111,40,11081,10991,1994,11221,17042,1,1,1
11897,4669,1593,40,28765,27531,20699,28925,55926,28,1,2
11898,14097,8406,340,60314,59202,15289,61256,99258,49,1,1
11899,5941,491,80,13966,13726,1804,14297,22633,4,1,1
11900,1893,341,80,40367,39976,892,40627,43853,4,1,2
11901,25528,29235,80,53541,51077,2805,54083,111741,156,1,2
11902,12924,13826,80,42090,40637,1974,42491,71305,85,1,1
11903,14948,13035,80,40777,39405,4548,41188,73809,85,1,1
11904,8015,5210,80,29556,28865,1403,29887,44605,37,1,1
11905,12974,9969,70,30357,29235,2555,30728,56306,68,1,1
11906,5861,3968,70,30408,29786,2795,30728,43442,33,1,1
11907,11632,7264,80,26290,25378,1313,26640,46939,53,1,1
11908,7354,2254,81,35577,35116,1503,35878,47079,21,1,1
11909,1844,230,80,16171,15970,3126,16451,21741,3,1,1
11910,5811,2706,80,19607,19106,1603,19917,30127,24,1,1
11911,4950,3396,80,23234,22663,7284,23555,39275,29,1,1
11912,7444,6803,80,40517,39635,5230,40867,60434,50,1,1
11913,19156,19487,40,29626,28063,1152,29906,69741,207,1,1
11914,6843,6522,40,15890,15229,2455,16091,31951,82,1,1
11915,6853,5561,40,21591,20960,1653,21781,35898,76,1,1
11916,7454,7344,40,21190,20439,1122,21400,37360,94,1,1
11917,6202,3186,40,32772,32322,17894,32932,60254,45,1,2
11918,3036,2064,40,19296,18996,3336,19467,27943,32,1,1
11919,6533,3095,40,19066,18645,8867,19237,37782,47,1,1
11920,4318,2625,40,15439,15069,1443,15609,24045,41,1,1
11921,7273,3456,40,14858,14408,1773,15038,27582,52,1,1
11922,5360,4259,40,20418,19898,2184,20599,32442,60,1,1
11923,11542,6262,40,34104,33413,7845,34304,60003,80,1,2
11924,3447,1352,40,17954,17654,3617,18104,26570,24,1,2
11925,5140,3426,40,19808,19336,3276,19988,31880,54,1,1
11926,3827,972,40,8176,7975,1052,8326,14227,18,1,1
11927,3948,400,41,7824,7694,1704,7975,14067,8,1,1
11928,13335,12914,40,18294,17112,2134,18535,46968,153,1,1
11929,7064,5570,41,21170,20559,3126,21361,37171,74,1,1
11930,5240,2184,40,9458,9117,1292,9618,18384,36,1,1
11931,7884,6773,41,23514,22783,1593,23715,40025,91,1,1
11932,8146,8115,40,21170,20319,1052,21370,38743,107,1,1
11933,6442,2755,40,30869,30457,12333,31039,52619,42,1,2
11934,2885,1664,40,13535,13255,2775,13696,21060,27,1,1
11935,6271,2996,40,18896,18485,6753,19056,35126,45,1,1
11936,6793,5781,40,15690,15069,1162,15890,29656,77,1,1
11937,8376,4328,40,13756,13245,1994,13937,28675,62,1,1
11938,6322,5380,40,18735,18114,1593,18916,32271,75,1,1
11939,3987,331,40,12564,12444,1723,12714,18785,7,1,1
11940,14317,9758,30,23023,22092,11622,23244,58971,119,1,1
11941,4499,2665,40,10801,10430,1783,10971,19968,41,1,1
11942,5831,3838,40,19677,19196,10921,19857,40507,57,1,1
11943,4769,2034,40,8897,8577,1353,9057,17263,34,1,1
11944,3858,1362,40,5892,5630,1002,6052,12314,25,1,1
11945,8776,9779,40,26781,25849,1262,27011,46888,122,1,1
11946,7033,6072,40,18535,17894,1834,18735,33724,80,1,1
11947,7675,6382,40,20709,20028,3226,20909,38242,85,1,1
11948,6211,4619,40,18325,17764,1232,18515,30627,69,1,1
11949,7083,4408,40,13646,13105,2054,13836,27422,65,1,1
11950,3587,1293,40,18004,17754,1813,18154,24897,24,1,1
11951,5851,4349,40,16521,15990,1263,16701,28204,63,1,1
11952,6442,4689,40,14227,13646,1984,14417,27582,70,1,1
11953,3056,160,40,17113,17003,2424,17253,22933,3,1,1
11954,4148,1623,30,11943,11662,2134,12093,20038,27,1,1
11955,6702,3968,40,11802,11302,1342,11973,24035,59,1,1
11956,5851,3877,40,14327,13847,1843,14508,26119,57,1,1
11957,3867,591,40,11292,11131,1693,11432,17633,12,1,1
11958,3036,341,40,30187,30007,15108,30327,48862,7,1,2
11959,4969,2926,40,26861,26440,13626,27031,48592,42,1,2
11960,3016,180,40,5631,5521,2414,5771,11411,4,1,1
11961,3286,1954,40,16020,15720,3116,16180,24576,31,1,1
11962,8987,5541,40,33964,33353,9629,34164,58351,72,1,2
11963,2985,1323,40,17052,16792,4588,17213,26149,25,1,1
11964,7554,5861,41,20298,19627,7093,20499,41037,83,1,1
11965,4970,2915,40,13826,13426,1362,13997,23274,44,1,1
11966,7293,4539,40,14578,14047,2575,14758,29225,64,1,1
11967,6633,4949,40,19908,19317,1653,20098,33383,73,1,1
11968,10439,6793,40,33343,32601,10900,33544,61716,89,1,2
11969,5831,4288,40,31089,30518,3226,31269,44654,63,1,2
11970,4018,951,41,8025,7814,1413,8176,14598,19,1,1
11971,3327,1022,40,12794,12584,4829,12944,22162,18,1,1
11972,7544,3988,40,20228,19717,2395,20408,34375,60,1,1
11973,6673,5330,40,16061,15449,2054,16261,30348,75,1,1
11974,6883,5260,40,20869,20258,1664,21059,34916,74,1,1
11975,6703,6362,40,16010,15309,1052,16220,30367,87,1,1
11976,6613,4268,40,15550,14989,2034,15740,28705,67,1,1
11977,7113,4489,40,20309,19748,2705,20499,34856,67,1,1
11978,6723,5630,40,15489,14858,1092,15690,29165,79,1,1
11979,7003,5400,40,17383,16732,2344,17563,32371,79,1,1
11980,4359,2214,40,17894,17563,1513,18054,26190,35,1,1
11981,3767,1563,40,12424,12163,1573,12584,19527,26,1,1
11982,6973,3246,40,13796,13366,2294,13967,26530,50,1,1
11983,7525,5410,40,20319,19718,1763,20519,35257,74,1,1
11984,12313,8566,40,31870,30998,11482,32091,64482,106,1,2
11985,7174,4939,41,37100,36458,4679,37291,54133,70,1,3
11986,2926,390,41,7684,7544,1293,7825,12474,8,1,1
11987,17533,18785,40,27402,25819,1032,27703,65093,212,1,1
11988,7394,5851,40,21321,20669,1372,21521,36178,80,1,1
11989,7123,5230,40,19587,18976,2364,19778,34535,75,1,1
11990,6592,5521,40,17623,17002,1112,17824,31089,77,1,1
11991,7354,5370,40,17213,16591,2294,17403,32471,76,1,1
11992,5961,3667,40,31599,31119,3116,31780,44564,52,1,2
11993,6953,5751,40,16131,15470,4769,16331,33844,81,1,1
11994,3547,1453,40,17954,17673,2104,18114,25258,27,1,1
11995,4859,3266,40,16271,15840,1523,16451,26129,50,1,1
11996,6512,4709,40,14738,14157,2315,14928,28494,69,1,1
11997,4699,481,40,12273,12123,1703,12413,19336,9,1,1
11998,3527,691,40,11482,11291,1663,11622,17553,15,1,1
11999,15269,10029,40,31129,30167,10350,31339,67037,118,1,2
12000,3196,1253,40,26119,25859,5139,26270,35898,21,1,2
12001,3556,411,40,6853,6703,1042,7003,12052,10,1,1
12002,2655,291,40,5360,5240,1373,5510,9879,7,1,1
12003,2405,1112,40,14628,14407,3236,14778,21581,19,1,1
12004,9168,5310,40,20819,20218,4869,21020,40407,75,1,1
12005,7133,6252,40,22171,21460,1362,22373,37150,88,1,1
12006,7264,5199,40,20518,19917,4989,20710,38192,73,1,1
12007,5691,3547,40,16591,16120,1583,16761,27632,55,1,1
12008,6492,4629,40,18204,17663,1502,18394,31068,67,1,1
12009,5861,1673,40,18054,17774,1603,18214,27401,29,1,1
12010,6983,5451,40,20559,19928,1202,20759,34435,78,1,1
12011,9237,2845,40,18415,18024,1443,18585,32151,44,1,1
12012,7735,6342,40,15961,15259,2374,16161,32652,87,1,1
12013,4969,2315,40,25438,25068,1683,25598,34605,36,1,2
12014,9368,4318,30,20168,19647,8987,20348,43061,61,1,1
12015,5891,4599,40,15049,14498,2995,15229,28764,66,1,1
12016,7334,5390,40,20990,20368,4158,21190,38122,77,1,1
12017,3747,531,40,7123,6963,1243,7273,12834,11,1,1
12018,2956,1062,40,12734,12514,2545,12884,19487,19,1,1
12019,6903,4418,40,22723,22162,1843,22903,36108,66,1,1
12020,6142,4127,40,15619,15098,1022,15800,27131,62,1,1
12021,6903,5531,40,21741,21100,2565,21941,36990,80,1,1
12022,5591,4388,30,18354,17793,1253,18525,29807,66,1,1
12023,6823,3767,40,16071,15590,1753,16251,28644,57,1,1
12024,6212,5080,40,21871,21260,1803,22072,35207,75,1,1
12025,11362,6973,40,21581,20860,10069,21781,50225,90,1,1
12026,3767,2395,40,23504,23144,2043,23674,31910,38,1,1
12027,5551,3136,30,41699,41209,7424,41869,58030,46,1,3
12028,2905,1333,40,11783,11532,1613,11943,17844,25,1,1
12029,13135,13265,40,20409,19226,1764,20649,48873,155,1,1
12030,6953,4809,40,21782,21210,2184,21972,35968,69,1,1
12031,6993,5761,40,15590,14949,1583,15790,30167,79,1,1
12032,7284,5791,40,21591,20920,7875,21791,42771,82,1,1
12033,7775,7284,40,20118,19337,1042,20328,36469,98,1,1
12034,11762,6743,40,22663,21922,1092,22873,42520,94,1,1
12035,6723,4609,40,28374,27813,1162,28554,41098,68,1,1
12036,6973,4849,40,23835,23274,2194,24026,38092,69,1,1
12037,3677,2054,40,14136,13796,1744,14297,21822,35,1,1
12038,7164,3957,30,13877,13376,1573,14057,26791,59,1,1
12039,6633,5140,40,17603,16982,1643,17783,31239,74,1,1
12040,4038,852,40,12704,12514,1643,12854,19427,16,1,1
12041,9868,6132,40,29746,29066,11532,29946,57518,79,1,2
12042,2926,1593,40,9368,9087,5140,9528,19237,28,1,1
12043,9017,6552,40,20909,20168,3327,21110,40046,92,1,1
12044,3788,1092,40,7264,7043,1102,7414,13456,20,1,1
12045,3616,281,40,8035,7915,1493,8175,13625,6,1,1
12046,2746,761,40,12694,12504,4218,12834,20609,14,1,1
12047,6522,4469,40,20308,19757,3988,20488,35517,66,1,1
12048,7274,5901,40,24987,24306,1403,25178,39816,84,1,1
12049,6312,4669,40,16241,15690,1212,16431,28674,67,1,1
12050,6933,5200,40,15750,15159,2445,15940,30558,71,1,1
12051,6192,2685,40,18585,18205,2405,18755,30087,43,1,1
12052,7475,6812,40,19867,19146,1403,20068,35808,90,1,1
12053,7133,4228,40,19056,18555,3306,19237,33954,59,1,1
12054,5099,3807,40,14507,14036,1353,14698,24997,56,1,1
12055,7394,3276,40,13175,12754,1903,13356,25969,49,1,1
12056,6563,5049,40,15619,14998,1964,15799,29436,75,1,1
12057,2985,541,40,11532,11361,1673,11682,16932,13,1,1
12058,5881,1693,40,27032,26730,8135,27182,42941,27,1,2
12059,1082,300,40,24106,23934,802,24236,26480,6,1,2
12060,16922,18234,40,5690,4127,10730,5962,51898,203,1,2
12061,3576,752,40,8356,8175,1192,8506,14076,15,1,1
12062,3737,541,40,6833,6673,1032,6983,12343,11,1,1
12063,3757,1974,40,14668,14357,2424,14828,23023,32,1,1
12064,7885,4899,40,25097,24486,7174,25267,45286,68,1,2
12065,6863,5821,40,18284,17633,2184,18485,33383,81,1,1
12066,7073,5871,41,20378,19727,2996,20569,36549,80,1,1
12067,4489,3426,41,18815,18374,1503,18996,28474,52,1,1
12068,7074,5029,40,20559,19957,3517,20749,36419,73,1,1
12069,8506,3457,40,18395,17954,1834,18575,32402,51,1,1
12070,11151,10319,40,16541,15529,1523,16762,39795,129,1,1
12071,5641,4148,40,31620,31079,5871,31810,47510,60,1,2
12072,4027,260,40,11562,11442,1723,11702,17773,6,1,1
12073,13025,6242,40,21330,20649,13235,21531,54063,83,1,1
12074,3406,2164,40,13055,12725,2465,13225,21300,36,1,1
12075,6752,5411,40,21410,20779,5050,21600,38853,76,1,1
12076,3206,762,40,7764,7594,1011,7915,12944,15,1,1
12077,6813,5881,40,18786,18114,2555,18986,34285,83,1,1
12078,6843,5170,40,20249,19627,2324,20439,34816,75,1,1
12079,6552,5631,40,24677,24046,1162,24877,38262,78,1,1
12080,3948,1052,40,16932,16712,1613,17082,23755,20,1,1
12081,6202,5050,40,19266,18655,1152,19467,31901,75,1,1
12082,6181,4890,40,19767,19186,1604,19947,32672,71,1,1
12083,13465,10330,40,34666,33664,11412,34896,70163,124,1,2
12084,3156,1883,40,10340,10029,5230,10500,20819,31,1,1
12085,8627,6262,40,21170,20489,3687,21380,39996,85,1,1
12086,4498,692,40,9928,9738,1492,10069,16791,15,1,1
12087,4017,812,40,8065,7885,1613,8215,14717,16,1,1
12088,13195,12523,40,25057,23895,2194,25288,53260,151,1,1
12089,6753,5300,40,22302,21671,2385,22482,36970,75,1,1
12090,8817,8396,40,23625,22753,1042,23835,42150,111,1,1
12091,7054,4628,40,20368,19827,4068,20569,36349,66,1,1
12092,7104,6572,40,24717,23996,1483,24917,40126,89,1,1
12093,3627,1183,40,19006,18765,1623,19156,25649,22,1,1
12094,6422,5611,40,18254,17643,1172,18454,31710,76,1,1
12095,6252,1252,40,13545,13305,1774,13706,23014,22,1,1
12096,5471,3917,40,16702,16191,1763,16872,28083,60,1,1
12097,12283,8757,40,30428,29556,9518,30638,61256,106,1,2
12098,3346,1172,41,18795,18535,2184,18956,25688,21,1,2
12099,2825,1322,40,27532,27271,8235,27692,40115,22,1,2
12100,2184,120,40,6422,6332,1373,6572,10289,1,1,1
12101,3957,311,40,7955,7845,1673,8105,14086,6,1,1
12102,5060,3196,40,13796,13376,4568,13977,26851,49,1,1
12103,3626,2205,40,18896,18575,3096,19056,28033,34,1,1
12104,6462,4879,40,17342,16771,5260,17534,34175,70,1,1
12105,6903,5611,40,20509,19868,2214,20709,35477,80,1,1
12106,6402,5441,40,22132,21501,1162,22322,35377,77,1,1
12107,6473,3506,41,37831,37360,8176,38012,56217,51,1,2
12108,7704,5912,40,17002,16341,1463,17192,32331,82,1,1
12109,4970,2725,40,18796,18415,3747,18966,30458,43,1,1
12110,12173,3927,40,9327,8856,17283,9508,42941,55,1,1
12111,13706,12103,40,16902,15779,16270,17133,59272,145,1,1
12112,3256,651,40,20118,19917,10550,20269,34776,13,1,2
12113,3446,1343,40,6142,5911,8526,6302,19667,23,1,1
12114,5099,2846,40,10911,10530,7063,11081,26149,43,1,1
12115,1753,291,40,11431,11311,2043,11582,15709,7,1,1
12116,15019,6372,40,28304,27572,14046,28504,63981,85,1,2
12117,2495,751,40,17813,17623,13125,17954,34385,15,1,1
12118,3016,561,40,5521,5360,1142,5671,10440,13,1,1
12119,3005,962,40,7945,7744,1001,8106,13114,18,1,1
12120,4168,701,41,13736,13555,1633,13887,20429,14,1,1
12121,7093,3958,40,19016,18535,2144,19206,32451,58,1,1
12122,9378,7254,40,22332,21561,1082,22542,40296,96,1,1
12123,5441,3817,40,17984,17483,1513,18154,28975,59,1,1
12124,6412,2966,40,18425,18024,10409,18605,38422,46,1,1
12125,5861,4268,40,17784,17253,1212,17964,29355,63,1,1
12126,7094,4789,40,15299,14748,1974,15489,29396,67,1,1
12127,2775,1513,40,15940,15670,2454,16101,22883,27,1,1
12128,6783,5471,40,15229,14608,1533,15419,29246,76,1,1
12129,3888,380,40,17633,17483,2625,17764,24707,9,1,1
12130,2304,241,40,10730,10620,2214,10870,15679,5,1,1
12131,5650,2725,30,12423,12032,1443,12594,22462,43,1,1
12132,7324,6061,40,36309,35608,3667,36499,53601,82,1,2
12133,1753,301,40,11431,11301,2104,11571,15769,7,1,1
12134,3136,160,40,11282,11171,2044,11422,16812,3,1,1
12135,5300,1503,40,18335,18074,13957,18495,39305,27,1,1
12136,3787,2505,40,13816,13445,2114,13986,22432,41,1,1
12137,8235,5080,40,20309,19697,4538,20499,38402,73,1,1
12138,7684,6533,40,19046,18335,1072,19246,34575,89,1,1
12139,6613,3977,40,14657,14166,2756,14838,28234,59,1,1
12140,8236,3506,41,20598,20148,2104,20780,34666,53,1,1
12141,7023,5841,40,24676,24035,1523,24877,39304,80,1,1
12142,7283,4859,40,21951,21370,1713,22142,36038,70,1,1
12143,5610,4459,40,16992,16451,1223,17182,28524,66,1,1
12144,6813,3647,40,14527,14047,1663,14708,26871,57,1,1
12145,5771,4258,40,18966,18424,1844,19156,31069,64,1,1
12146,11241,9217,40,33102,32181,10510,33323,64331,113,1,2
12147,2725,1644,40,10269,9999,3978,10429,18816,28,1,1
12148,9288,7925,40,21421,20599,2144,21641,41048,105,1,1
12149,4208,571,40,8075,7915,1413,8225,14467,12,1,1
12150,2755,150,41,7674,7574,1974,7815,12744,3,1,1
12151,4769,2174,40,13446,13105,4228,13606,24817,36,1,1
12152,6292,4358,40,20209,19658,1783,20399,32872,67,1,1
12153,6723,5460,40,19437,18826,3727,19637,35587,76,1,1
12154,6843,5340,40,20979,20378,2295,21180,35688,73,1,1
12155,8506,8216,40,20759,19888,1052,20979,38793,110,1,1
12156,6182,2365,40,32181,31809,12063,32351,52991,36,1,2
12157,2855,1513,40,14347,14077,2765,14507,21691,27,1,1
12158,5400,3176,30,19026,18605,6733,19196,34535,47,1,1
12159,12343,13005,40,19728,18546,1493,19978,46869,156,1,1
12160,6593,5330,40,16722,16111,2014,16922,30909,76,1,1
12161,3777,1123,40,11321,11101,1744,11481,18165,21,1,1
12162,3748,501,40,10860,10690,1694,11010,16993,12,1,1
12163,942,180,40,9277,9177,601,9417,11181,3,1,1
12164,17583,9508,41,29165,28263,25037,29386,81564,113,1,2
12165,2866,861,40,26771,26540,6963,26921,37671,16,1,2
12166,3056,811,40,7524,7324,5841,7674,17503,17,1,1
12167,3517,2405,40,16020,15670,3567,16190,25719,39,1,1
12168,7123,5561,40,21831,21190,2905,22032,37651,80,1,1
12169,8366,7745,40,19226,18435,1543,19446,37140,101,1,1
12170,7414,5591,40,20829,20168,6112,21029,40196,81,1,1
12171,6301,5220,40,20058,19426,1182,20249,33002,77,1,1
12172,6041,3567,40,36148,35637,4378,36329,50365,55,1,2
12173,6593,1904,40,18154,17844,1934,18314,28785,32,1,1
12174,6453,5370,40,15239,14628,1222,15429,28524,75,1,1
12175,7254,5600,40,15770,15128,2134,15971,30999,79,1,1
12176,4118,802,40,11552,11361,1653,11702,18325,16,1,1
12177,3877,842,40,11773,11592,1823,11923,18505,16,1,1
12178,3256,421,40,25708,25528,12815,25848,42400,9,1,2
12179,3236,591,40,17573,17413,11802,17724,33413,12,1,1
12180,1212,111,40,5300,5210,1513,5440,8326,1,1,1
12181,6733,6953,40,29045,28263,1102,29245,44093,93,1,2
12182,3517,1192,40,20308,20068,4128,20459,29346,21,1,1
12183,7023,5952,40,18104,17443,1353,18304,32672,83,1,1
12184,8205,6172,40,20359,19697,3727,20559,38723,83,1,1
12185,4829,3377,40,18435,17974,1332,18605,28193,52,1,1
12186,6893,4579,40,16712,16161,1503,16902,29937,67,1,1
12187,6412,4869,40,21982,21410,1804,22182,35307,70,1,1
12188,2174,110,40,17132,17042,2675,17273,22282,1,1,1
12189,4930,2234,40,12854,12494,2024,13014,22252,38,1,1
12190,6452,5150,40,31780,31139,4238,31971,47851,73,1,2
12191,3788,1212,40,10290,10059,1372,10450,16852,22,1,1
12192,1814,150,40,11772,11682,5030,11912,18946,2,1,1
12193,3477,851,40,18014,17834,4268,18175,26821,16,1,1
12194,6783,5320,40,15169,14538,2565,15359,30077,77,1,1
12195,8095,4919,40,21120,20539,3587,21321,37972,71,1,1
12196,7584,7494,40,24837,24055,1042,25047,41218,100,1,1
12197,6682,3848,40,20228,19737,4268,20408,35256,58,1,1
12198,7254,6281,40,26089,25388,1463,26290,41318,86,1,1
12199,3968,1052,40,16962,16742,1623,17122,23805,21,1,1
12200,9668,4399,40,16050,15519,18505,16230,48842,62,1,1
12201,3497,1132,40,7845,7624,9098,8005,21762,21,1,1
12202,16902,21330,40,23685,21941,17884,23995,80151,234,1,1
12203,5099,1453,40,8787,8537,10630,8947,26169,25,1,1
12204,16121,21250,40,23966,22212,18134,24266,79821,235,1,1
12205,16852,13356,40,35647,34435,10720,35907,76866,154,1,2
12206,3266,501,40,7755,7605,2434,7905,14136,11,1,1
12207,4558,3096,40,29226,28774,5029,29396,42129,46,1,2
12208,4248,1382,41,8375,8115,1042,8536,15248,26,1,1
12209,4038,400,40,7714,7564,1533,7854,13886,10,1,1
12210,12033,10570,40,25468,24426,2345,25708,50706,131,1,2
12211,6983,4207,40,19937,19447,2444,20119,33804,59,1,1
12212,7054,5570,41,15910,15278,2174,16111,30939,78,1,1
12213,7404,5681,40,20990,20329,3326,21180,37641,81,1,1
12214,7805,7835,40,20659,19837,1112,20879,37661,104,1,1
12215,6692,3106,40,30768,30348,12623,30939,53400,44,1,2
12216,5701,4177,40,14617,14116,3938,14808,28664,61,1,1
12217,2625,1292,40,18215,17964,6783,18375,29125,23,1,1
12218,6262,5600,40,14948,14307,1102,15139,28163,79,1,1
12219,7064,3586,40,13585,13135,1984,13766,26450,54,1,1
12220,6743,5179,40,17413,16802,1633,17613,31209,76,1,1
12221,3918,701,40,13145,12945,1864,13285,19808,15,1,1
12222,14477,8927,41,31699,30838,10029,31921,65394,105,1,2
12223,2915,1553,40,26930,26620,4478,27092,36078,27,1,2
12224,3607,551,40,7594,7434,1042,7744,12984,12,1,1
12225,2805,761,40,5551,5360,1292,5701,10610,16,1,1
12226,9658,8947,40,26230,25318,1072,26450,46177,116,1,1
12227,2615,1773,40,15450,15169,2304,15610,22342,29,1,1
12228,3247,2234,40,19617,19287,3687,19767,28995,34,1,1
12229,1613,922,40,17614,17413,2104,17764,22453,17,1,1
12230,2595,1443,40,18105,17844,1973,18265,24326,27,1,1
12231,6543,4017,40,32772,32240,3206,32953,46769,59,1,2
12232,6643,4608,40,14457,13906,2234,14648,28173,67,1,1
12233,2535,160,40,17654,17543,2244,17794,22763,3,1,1
12234,4900,2464,40,12503,12143,2074,12674,22162,41,1,1
12235,4368,852,40,12033,11832,1843,12193,19296,18,1,1
12236,6453,5099,40,14497,13896,1453,14698,27743,73,1,1
12237,3256,711,40,11893,11712,1723,12043,17773,15,1,1
12238,5771,2464,40,18976,18605,7634,19147,35066,41,1,1
12239,6131,3367,40,26570,26109,12464,26750,48752,50,1,2
12240,2945,191,40,5470,5360,2715,5600,11501,4,1,1
12241,5771,4538,40,17312,16772,2915,17504,30758,65,1,1
12242,3457,2524,40,19296,18936,3928,19467,29416,40,1,1
12243,2765,1553,40,19547,19286,631,19707,24697,26,1,1
12244,5440,4719,40,20038,19467,6602,20219,37030,68,1,1
12245,9288,7344,40,19818,19076,1984,20018,38674,92,1,1
12246,2405,1383,40,17483,17242,2855,17643,24336,24,1,1
12247,7113,2184,40,19718,19376,1473,19888,30698,37,1,1
12248,7744,6312,40,14237,13545,2024,14438,30558,87,1,1
12249,7414,5931,40,31399,30698,4589,31590,49574,83,1,2
12250,3467,951,40,8185,7985,1383,8335,14187,18,1,1
12251,11812,10991,41,18795,17763,7845,19026,49724,134,1,1
12252,3647,1974,40,19036,18726,2074,19206,26931,34,1,1
12253,6953,5450,40,16081,15460,2104,16271,30808,75,1,1
12254,6802,5410,40,20910,20268,1733,21100,35106,78,1,1
12255,7023,6773,40,21250,20519,1182,21461,36469,92,1,1
12256,6562,3406,40,29175,28704,16891,29345,56266,50,1,2
12257,7274,5991,41,16631,15950,2415,16832,32562,85,1,1
12258,6021,2585,40,18184,17824,8305,18355,35306,40,1,1
12259,3948,2304,40,16001,15650,1432,16161,23885,38,1,1
12260,7033,4098,40,15129,14598,1743,15299,28233,62,1,1
12261,6693,5200,40,22212,21601,1874,22402,36229,75,1,1
12262,11361,7284,40,31239,30439,7715,31449,57849,95,1,2
12263,6533,4368,40,36930,36339,7334,37110,55385,63,1,3
12264,782,320,40,12785,12654,601,12925,14738,7,1,1
12265,17213,18996,40,23815,22242,4980,24105,65344,210,1,1
12266,7044,5530,40,17103,16482,1392,17303,31299,77,1,1
12267,6593,4679,40,20499,19928,5019,20679,37030,69,1,1
12268,6943,5841,30,19768,19106,1142,19958,33924,81,1,1
12269,7624,3377,40,32141,31690,8065,32311,51407,46,1,2
12270,6993,5851,40,21310,20659,2545,21511,36960,81,1,1
12271,6422,3196,40,18565,18144,4318,18745,32722,48,1,1
12272,5480,4318,41,14517,13976,1172,14698,25728,64,1,1
12273,6853,2715,40,13075,12684,1994,13245,24857,43,1,1
12274,6301,5070,40,15319,14728,1784,15519,28704,73,1,1
12275,3818,711,40,11562,11382,1673,11712,17964,14,1,1
12276,12754,9197,40,32652,31740,12023,32882,66896,112,1,2
12277,2866,1062,40,26520,26270,6262,26670,36910,19,1,2
12278,2504,151,40,6672,6562,1322,6812,10830,3,1,1
12279,4409,551,40,5570,5400,1052,5720,11772,13,1,1
12280,7053,3307,40,15930,15479,2856,16110,29366,53,1,1
12281,7113,4609,40,20519,19958,1854,20709,34335,68,1,1
12282,6532,5321,40,17894,17293,3757,18084,33734,73,1,1
12283,7344,5510,40,20428,19807,2043,20629,35577,78,1,1
12284,10690,4849,40,12735,12193,17743,12925,46247,65,1,1
12285,3337,1683,40,15970,15710,13876,16130,35077,27,1,1
12286,3647,1473,40,18004,17744,1834,18164,25168,26,1,1
12287,5881,2715,40,10500,10109,14317,10680,33623,44,1,1
12288,16571,22142,41,24796,22963,17643,25107,81504,245,1,1
12289,4177,1943,40,18155,17833,1523,18315,26019,34,1,1
12290,7344,6122,40,15108,14457,2304,15309,31139,82,1,1
12291,4669,2104,40,23014,22662,1613,23174,31620,33,1,2
12292,6653,4288,40,14077,13566,1563,14257,26811,60,1,1
12293,13065,6122,40,20328,19687,10380,20528,50145,80,1,1
12294,2895,1683,40,13215,12924,2434,13366,20428,28,1,1
12295,6873,4930,40,21952,21351,3807,22142,37792,72,1,1
12296,3697,421,40,7214,7073,972,7364,12494,9,1,1
12297,9588,10530,40,26470,25458,1102,26710,47960,131,1,1
12298,4699,822,40,18234,18044,1643,18385,25579,15,1,1
12299,6893,5681,40,24036,23394,1373,24226,38223,79,1,1
12300,6402,4328,40,23014,22473,2374,23194,36338,63,1,1
12301,5681,4369,40,19156,18605,1242,19336,30688,65,1,1
12302,2214,1052,40,17493,17283,571,17643,21530,19,1,1
12303,11743,10920,40,19777,18715,1142,20018,43863,138,1,1
12304,11011,7935,40,33934,33112,10771,34144,63901,99,1,2
12305,2946,1743,40,11963,11662,5220,12123,22082,30,1,1
12306,7534,6202,40,21721,21059,3566,21922,39264,82,1,1
12307,5400,1964,40,12193,11872,1312,12353,21089,34,1,1
12308,4078,1853,40,11902,11572,1303,12053,19347,34,1,1
12309,12624,13055,40,25849,24657,1653,26099,53491,157,1,1
12310,7274,6032,40,15900,15229,2405,16100,31871,84,1,1
12311,7604,5721,41,21290,20639,2134,21481,36980,79,1,1
12312,8266,7785,40,20419,19627,1022,20629,37752,101,1,1
12313,8115,6042,40,24105,23434,1392,24296,39905,84,1,1
12314,6562,4869,40,21600,20999,1202,21792,34475,73,1,1
12315,7824,5511,40,19106,18475,1523,19306,34204,79,1,1
12316,3466,912,40,17022,16822,1964,17172,23554,18,1,1
12317,6302,4128,40,19036,18515,1583,19226,31279,62,1,1
12318,6693,5140,40,17844,17243,1873,18044,31790,74,1,1
12319,3998,801,40,13134,12934,1643,13286,19778,17,1,1
12320,2314,311,40,9618,9488,7354,9768,19777,7,1,1
12321,8285,5360,40,21560,20929,5790,21752,41237,77,1,1
12322,6592,3115,40,28914,28474,10140,29075,48973,44,1,2
12323,5721,1723,40,7705,7424,1132,7865,16491,30,1,1
12324,5060,451,40,8025,7875,1463,8165,15199,10,1,1
12325,2144,290,41,12012,11892,732,12153,15369,6,1,1
12326,17263,15589,40,22763,21400,3967,23034,59883,179,1,1
12327,7243,5531,40,24647,23995,1372,24847,39043,81,1,1
12328,8817,8536,40,16311,15440,2004,16531,35928,110,1,1
12329,7143,4398,40,14477,13946,2495,14658,28744,64,1,1
12330,6994,3376,40,18876,18435,2024,19056,31500,52,1,1
12331,7854,7515,40,20348,19577,1562,20558,37530,98,1,1
12332,6903,3226,40,18425,18014,2275,18605,31059,48,1,1
12333,5611,4128,40,15720,15199,1212,15910,26901,63,1,1
12334,6963,5991,40,18095,17433,2064,18295,33343,81,1,1
12335,4168,852,40,11432,11241,1643,11592,18295,17,1,1
12336,2855,150,40,11101,11000,2084,11232,16381,3,1,1
12337,4228,942,40,26130,25899,13034,26290,44534,18,1,2
12338,2395,1042,40,17924,17684,11722,18064,33273,20,1,1
12339,3096,181,40,5460,5360,1183,5600,10110,4,1,1
12340,2745,381,40,7655,7525,1443,7805,12424,9,1,1
12341,3767,401,40,6723,6582,1132,6873,12213,10,1,1
12342,2955,932,40,19197,18946,2715,19357,25989,18,1,2
12343,6402,3046,40,19517,19106,19657,19687,48822,46,1,1
12344,8446,9368,40,19888,18946,1703,20108,39665,115,1,2
12345,5170,2415,40,19156,18796,16211,19316,43172,39,1,1
12346,4759,3396,40,20419,19978,1383,20599,30177,52,1,1
12347,6492,5300,40,20148,19527,1873,20339,34044,76,1,1
12348,2345,120,40,16852,16752,2415,16992,21902,1,1,1
12349,5300,2895,40,13716,13325,2084,13897,24226,45,1,1
12350,6132,4638,40,14617,14046,3778,14808,29396,69,1,1
12351,8917,8106,40,21711,20850,2014,21921,41008,109,1,1
12352,3787,381,40,11461,11331,1683,11611,17503,9,1,1
12353,13776,5581,40,20328,19737,13807,20508,53722,72,1,1
12354,3386,2094,40,13616,13275,2044,13766,21340,36,1,1
12355,7063,4629,40,21601,21010,4298,21791,37821,71,1,1
12356,3326,672,40,8275,8085,1192,8426,13656,15,1,1
12357,5982,4488,41,17863,17312,2736,18044,31310,66,1,1
12358,6903,4649,40,19988,19437,3486,20168,35256,66,1,1
12359,7294,6061,40,25679,25008,1563,25889,40837,83,1,1
12360,6833,4098,40,19577,19076,2275,19767,33013,61,1,1
12361,5761,3707,40,16993,16511,1302,17163,27993,56,1,1
12362,7855,3366,41,14116,13665,1673,14287,27221,51,1,1
12363,5670,3928,40,19287,18776,2244,19467,31339,59,1,1
12364,10740,8075,40,33253,32402,8927,33463,61255,102,1,2
12365,5290,3326,40,29967,29496,4058,30137,42851,48,1,2
12366,5010,1332,40,10219,9959,1333,10370,18085,25,1,1
12367,2905,381,40,7865,7725,1733,8005,13074,8,1,1
12368,12603,12464,40,18696,17554,1603,18936,45666,149,1,1
12369,7905,6502,40,20759,20068,1693,20950,37100,86,1,1
12370,7174,6252,40,15539,14858,1513,15739,30738,86,1,1
12371,7604,6393,40,21220,20509,4228,21410,39675,87,1,1
12372,9458,4398,40,21931,21410,10340,22111,46348,61,1,1
12373,2935,1142,40,15609,15399,8466,15770,28363,20,1,1
12374,4108,2194,40,14538,14197,4669,14708,25729,38,1,1
12375,3587,531,40,20018,19857,1833,20168,26159,11,1,1
12376,5641,3156,40,12754,12313,8977,12924,30748,50,1,1
12377,6693,5110,40,18385,17784,7384,18565,37802,72,1,1
12378,7665,4779,40,19387,18826,1643,19577,33714,69,1,1
12379,6523,4819,40,15930,15349,1303,16120,28815,72,1,1
12380,7243,3677,40,13225,12754,1633,13406,26009,56,1,1
12381,6914,5209,40,17763,17172,1423,17964,31550,73,1,1
12382,3697,440,41,12583,12443,1724,12734,18625,9,1,1
12383,12354,7253,40,30998,30207,6152,31209,57008,94,1,2
12384,6712,4188,41,28243,27712,3857,28434,43231,61,1,2
12385,3917,381,40,6713,6583,1042,6853,12243,8,1,1
12386,3547,441,40,8045,7885,1463,8185,13686,11,1,1
12387,6172,4318,40,22363,21811,3416,22543,36499,65,1,1
12388,7184,5700,40,24636,23985,1373,24827,39134,80,1,1
12389,6463,5600,41,20138,19486,1052,20339,33494,79,1,1
12390,6342,3387,40,34966,34505,8356,35136,53271,49,1,2
12391,7734,6241,40,15429,14748,1332,15620,30968,84,1,1
12392,2605,731,40,17593,17403,3747,17744,24857,15,1,1
12393,4508,2965,40,13466,13065,1423,13646,22593,47,1,1
12394,4609,1583,40,12223,11933,1523,12383,20148,30,1,1
12395,6713,5380,40,15069,14438,1403,15269,28795,76,1,1
12396,4028,931,40,11932,11732,1633,12082,18725,18,1,1
12397,11833,6462,40,29426,28705,10881,29636,58862,86,1,2
12398,1493,180,40,24687,24547,17363,24837,43913,3,1,2
12399,3006,721,31,7904,7714,1583,8056,13406,15,1,1
12400,5330,2605,40,16662,16280,1383,16832,26200,43,1,1
12401,6082,1522,40,17863,17583,14747,18024,40406,27,1,1
12402,4339,3697,40,17623,17152,2124,17803,28013,56,1,1
12403,7494,5070,40,20409,19828,5751,20599,38964,70,1,1
12404,4679,3527,40,18315,17844,1322,18485,28053,54,1,1
12405,6242,4949,40,19757,19166,3276,19948,34445,72,1,1
12406,5371,1011,40,17773,17543,2886,17923,27242,20,1,1
12407,5010,3847,40,15610,15129,1062,15790,25749,56,1,1
12408,4178,1292,40,12163,11923,1343,12323,19176,24,1,1
12409,5661,4268,40,38713,38152,4840,38893,53702,63,1,2
12410,3707,892,40,11742,11522,1393,11882,17914,18,1,1
12411,3667,321,40,11512,11382,1703,11662,17403,8,1,1
12412,4699,1603,40,29747,29436,10920,29907,47159,27,1,2
12413,1613,220,40,17193,17073,14177,17333,33373,4,1,1
12414,4970,5080,40,2174,1593,541,2364,13005,71,1,1
12415,16702,20699,40,30668,28974,3476,30969,71896,227,1,1
12416,6713,5771,40,24096,23455,2324,24296,39144,79,1,1
12417,3656,562,40,16571,16401,1854,16721,22823,12,1,1
12418,2765,782,40,13345,13145,2114,13495,19196,16,1,1
12419,6913,4618,40,17753,17202,1493,17944,31008,65,1,1
12420,6412,5170,40,19918,19296,2174,20108,33914,75,1,1
12421,10269,6843,40,32612,31880,11462,32802,61436,87,1,2
12422,18745,16652,40,34255,32792,1242,34525,71194,187,1,2
12423,4679,1263,40,8255,7995,1322,8415,15730,25,1,1
12424,2876,671,40,8286,8095,1423,8436,13446,15,1,1
12425,4699,2374,40,13536,13175,4208,13706,25037,39,1,1
12426,7234,4980,40,20589,20008,1833,20789,34886,72,1,1
12427,6742,5481,40,15098,14477,2524,15299,30096,77,1,1
12428,7113,5190,40,20840,20229,2394,21030,35767,74,1,1
12429,8175,7785,40,22493,21671,1062,22713,39765,104,1,1
12430,6553,4328,40,31740,31199,4449,31930,47310,61,1,2
12431,6623,4728,40,16010,15449,6152,16200,33744,69,1,1
12432,3436,1593,40,18425,18135,5210,18585,28854,29,1,1
12433,6813,7013,40,15740,14999,1022,15940,30828,92,1,1
12434,6643,3526,40,12994,12553,1583,13175,24987,53,1,1
12435,7083,5510,40,16592,15970,1432,16792,30858,78,1,1
12436,3847,572,40,11181,11021,1693,11331,17483,12,1,1
12437,1774,110,40,7184,7094,731,7324,9989,1,1,1
12438,17172,16231,40,28815,27403,8416,29075,70934,180,1,2
12439,1754,581,40,26340,26139,14647,26490,43512,11,1,2
12440,2886,451,40,8065,7925,1042,8205,12634,9,1,1
12441,3737,711,40,5902,5710,1112,6052,11662,15,1,1
12442,1382,160,40,6482,6382,1613,6622,9828,3,1,1
12443,5230,3707,40,16411,15940,5200,16591,30768,56,1,1
12444,7464,5220,40,20519,19908,1773,20709,35206,75,1,1
12445,6813,4779,40,22903,22342,1904,23094,36640,69,1,1
12446,8235,6022,40,21681,21020,1172,21881,37360,83,1,1
12447,6853,5620,40,15669,15018,1153,15870,29536,81,1,1
12448,10430,10730,41,16591,15579,1763,16832,39795,132,1,1
12449,7644,3076,40,18566,18164,1563,18736,31049,44,1,1
12450,6602,5060,40,17433,16842,1223,17623,30548,72,1,1
12451,6843,5100,40,20629,20028,1543,20819,34335,72,1,1
12452,5401,3526,41,13976,13485,1252,14157,24366,57,1,1
12453,3957,421,40,11582,11432,1663,11722,17823,10,1,1
12454,7664,4779,40,14748,14156,1523,14948,28964,72,1,1
12455,4248,741,40,11963,11782,1794,12113,18946,15,1,1
12456,2745,311,40,17794,17664,14898,17944,35928,7,1,1
12457,16722,20188,40,14037,12344,1773,14337,53070,223,1,2
12458,5561,3006,40,18685,18265,14287,18865,41769,49,1,1
12459,2915,370,40,5741,5601,1884,5891,11111,10,1,1
12460,5000,2635,40,20689,20289,1613,20859,30147,41,1,2
12461,7685,5029,40,23625,23044,3106,23815,39675,71,1,1
12462,6993,5491,40,17984,17353,1353,18184,32071,79,1,1
12463,6132,3246,40,18515,18084,12614,18685,40727,48,1,1
12464,5079,3447,40,14097,13636,1282,14267,24125,53,1,1
12465,7083,4559,40,14878,14317,2305,15068,29075,69,1,1
12466,7174,4949,40,19888,19297,1653,20078,33894,72,1,1
12467,1793,121,40,17182,17092,4289,17322,23565,1,1,1
12468,6672,3266,40,13255,12824,1212,13436,24616,50,1,1
12469,4618,1002,40,10110,9889,1372,10260,17292,20,1,1
12470,2736,1613,40,29776,29456,5180,29936,39505,27,1,2
12471,3697,1062,40,9919,9699,1373,10079,16241,21,1,1
12472,2245,110,40,11291,11201,3937,11422,17774,1,1,1
12473,5831,3927,40,21480,20979,3507,21671,34966,58,1,1
12474,7073,5781,40,23163,22482,1593,23365,37842,83,1,1
12475,6803,6372,40,20229,19527,1092,20419,34736,86,1,1
12476,6552,2094,41,33292,32941,18004,33454,60154,32,1,2
12477,3697,2174,40,12584,12243,2184,12744,20839,36,1,1
12478,1984,1022,40,17693,17483,10290,17843,31179,18,1,1
12479,4769,3126,40,15049,14608,1462,15219,24636,50,1,1
12480,6873,4048,40,13285,12785,1783,13466,26220,59,1,1
12481,5541,4278,40,19647,19136,1754,19837,31460,62,1,1
12482,10860,6943,40,31529,30769,11182,31740,60765,91,1,2
12483,2564,1413,40,12845,12584,4538,12995,21560,25,1,1
12484,9157,8256,40,22032,21160,2465,22252,42170,110,1,1
12485,4439,731,40,7685,7494,1433,7825,14488,16,1,1
12486,3567,762,40,20499,20288,2795,20659,27813,14,1,2
12487,7043,3787,40,20188,19677,3116,20369,34345,59,1,1
12488,7153,5380,40,21861,21230,1924,22051,36549,76,1,1
12489,7704,6382,40,24045,23344,1563,24255,39955,89,1,1
12490,7765,6993,40,19537,18796,1012,19747,35567,94,1,1
12491,8216,5721,40,18495,17854,2254,18685,34916,78,1,1
12492,4288,721,40,17222,17042,1663,17363,24095,15,1,1
12493,5931,4278,40,20670,20138,1242,20860,32341,64,1,1
12494,6953,4569,40,14968,14417,1623,15148,28343,67,1,1
12495,3457,1232,40,17303,17052,1593,17463,23785,24,1,1
12496,7605,7364,40,21190,20399,1002,21400,37421,100,1,1
12497,6562,4569,40,18555,17994,2425,18735,32331,66,1,1
12498,3647,691,40,12754,12564,1644,12894,18926,14,1,1
12499,13656,10831,40,34585,33534,5441,34815,64783,130,1,2
12500,5040,2074,40,26250,25899,7824,26420,41388,33,1,2
12501,2655,301,40,7534,7424,1393,7684,12083,6,1,1
12502,3797,711,40,5641,5451,1012,5781,11351,15,1,1
12503,9087,9327,41,25668,24726,1232,25889,45586,120,1,1
12504,5100,1763,40,20308,20018,1513,20479,28915,31,1,1
12505,7474,5150,40,21651,21030,2745,21831,37260,75,1,1
12506,6783,5561,40,20599,19948,1152,20799,34335,80,1,1
12507,6222,3126,40,36049,35587,3256,36219,48863,49,1,2
12508,6151,2806,40,16912,16511,1433,17082,27512,44,1,1
12509,5149,470,40,17312,17162,1874,17463,25007,11,1,1
12510,1733,161,40,8937,8827,551,9067,11552,3,1,1
12511,11752,9929,40,14718,13776,1062,14948,37731,121,1,1
12512,6402,4639,41,14056,13495,1683,14247,27021,67,1,1
12513,3987,582,40,11311,11151,1764,11461,17844,12,1,1
12514,2514,111,40,11121,11031,2404,11251,16330,1,1,1
12515,7214,3346,40,20720,20278,5230,20900,36720,51,1,1
12516,7073,3587,40,28244,27772,2334,28424,41448,51,1,2
12517,3286,701,41,5780,5600,1042,5932,11001,15,1,1
12518,6162,4128,40,17273,16762,2455,17463,30258,62,1,1
12519,7524,4839,41,20288,19737,6142,20479,39024,67,1,1
12520,6232,5330,40,21160,20549,1193,21350,34165,74,1,1
12521,5871,3527,40,19136,18675,8596,19316,37370,55,1,1
12522,4829,3236,40,17083,16692,1372,17253,26750,45,1,1
12523,6893,4358,40,16231,15679,1864,16411,29566,65,1,1
12524,8496,6241,40,20388,19687,1433,20599,36809,88,1,1
12525,5049,1483,40,19166,18906,1573,19327,27482,26,1,1
12526,7293,5821,40,15008,14347,1323,15209,29686,82,1,1
12527,6152,3907,40,11943,11441,3757,12123,25979,59,1,1
12528,9428,7734,41,22492,21691,2565,22713,42480,103,1,1
12529,3857,762,40,8286,8105,1412,8436,14517,16,1,1
12530,2465,280,40,11702,11582,4759,11843,19397,6,1,1
12531,4068,1422,41,18174,17903,3106,18325,26971,25,1,1
12532,6974,5891,40,16351,15690,2064,16551,31530,83,1,1
12533,7364,5781,40,20859,20178,1883,21060,36128,84,1,1
12534,7384,7134,40,26761,25989,1052,26971,42591,98,1,1
12535,6622,5821,40,21961,21320,1613,22162,36258,80,1,1
12536,6842,4048,40,19187,18666,2605,19377,32922,63,1,1
12537,4388,1012,40,17934,17704,1603,18074,25117,19,1,1
12538,3557,1463,40,13886,13626,1593,14046,20699,24,1,1
12539,6372,3466,40,16020,15569,1453,16191,27522,52,1,1
12540,6752,5550,40,19467,18836,2054,19667,34074,79,1,1
12541,1893,642,40,18555,18385,13085,18705,34365,13,1,1
12542,8146,5631,40,21330,20669,1112,21530,36469,81,1,1
12543,6372,4218,40,19337,18836,9478,19517,39635,60,1,1
12544,7484,5771,40,11322,10671,1803,11522,26630,81,1,1
12545,13475,13516,40,18505,17283,1463,18755,47259,161,1,1
12546,7555,4809,40,21861,21310,7184,22051,41649,67,1,1
12547,7534,6082,40,17173,16501,1442,17373,32481,84,1,1
12548,6232,2414,40,18505,18155,12223,18675,39585,39,1,1
12549,6993,5671,40,20409,19748,1152,20609,34465,81,1,1
12550,6322,2375,40,27812,27452,8627,27972,45336,35,1,2
12551,5911,5079,40,18965,18364,3246,19157,33443,73,1,1
12552,6682,3377,40,18735,18295,3897,18916,32922,52,1,1
12553,4889,3456,40,16270,15810,1322,16452,26159,54,1,1
12554,6542,2765,31,14367,13986,1713,14538,25608,43,1,1
12555,7123,6042,40,16130,15459,1693,16331,31229,83,1,1
12556,3847,812,40,11792,11602,1633,11943,18275,16,1,1
12557,12313,9478,40,32101,31139,12594,32331,66746,119,1,2
12558,2565,1362,41,29185,28904,4128,29336,37431,23,1,2
12559,3687,601,40,7083,6923,1082,7234,12644,13,1,1
12560,3718,601,40,5390,5210,1333,5530,11222,13,1,1
12561,2364,982,40,14518,14297,3607,14668,21661,19,1,1
12562,7164,5620,40,20789,20138,1433,20990,35247,81,1,1
12563,6793,5500,40,18084,17453,1924,18275,32532,78,1,1
12564,7364,4749,40,20389,19818,3637,20579,36379,71,1,1
12565,6682,5060,40,15179,14568,1142,15359,28293,74,1,1
12566,6853,5240,41,15709,15098,2675,15900,30718,76,1,1
12567,4118,1413,40,17904,17633,1573,18064,25218,26,1,1
12568,5761,3988,40,16020,15519,1283,16200,27282,60,1,1
12569,7214,5019,41,15699,15098,1934,15890,30097,72,1,1
12570,2114,121,40,17162,17072,2385,17292,21952,1,1,1
12571,7334,5120,40,14137,13536,1813,14327,28644,73,1,1
12572,6653,3316,40,11442,10981,1362,11622,23003,53,1,1
12573,6392,4709,40,13837,13275,1462,14017,26620,66,1,1
12574,3146,401,40,11632,11502,1704,11782,17083,9,1,1
12575,5781,121,40,17272,17192,16702,17412,40046,1,1,1
12576,12143,12604,40,25899,24717,1613,26149,52559,152,1,2
12577,3867,691,41,7494,7313,1212,7645,13465,14,1,1
12578,1914,341,40,10219,10099,591,10369,13255,7,1,1
12579,13285,12614,40,20268,19086,1823,20529,48291,156,1,1
12580,6763,4088,40,20840,20329,3356,21030,35287,61,1,1
12581,6332,5190,40,23635,23034,1242,23835,36639,74,1,1
12582,7303,4820,40,21270,20689,2224,21460,35847,71,1,1
12583,5139,3486,40,13917,13436,1282,14097,24035,55,1,1
12584,7724,5461,40,15028,14377,2314,15229,30768,80,1,1
12585,6383,4919,40,19998,19417,1303,20198,32853,72,1,1
12586,9828,8416,41,35777,34896,9528,35998,63810,108,1,2
12587,6883,4138,40,42070,41490,4639,42250,57950,61,1,3
12588,3798,931,40,11432,11231,1413,11582,17774,18,1,1
12589,11521,11592,40,18014,16952,2024,18255,43452,140,1,1
12590,7675,5099,41,20989,20378,2595,21190,36609,75,1,1
12591,6753,5951,40,15700,15029,2174,15890,30818,82,1,1
12592,8145,5771,30,22012,21341,1934,22202,38102,83,1,1
12593,7755,7003,40,21060,20309,1052,21270,37140,95,1,1
12594,6382,2765,41,36318,35918,16111,36479,61787,40,1,2
12595,3015,1924,40,19176,18866,3416,19337,27722,32,1,1
12596,6622,2866,40,19256,18866,9738,19437,38693,45,1,1
12597,3326,932,40,9929,9728,1362,10089,15739,18,1,1
12598,6903,5079,40,16341,15740,1683,16542,30237,74,1,1
12599,6893,5881,41,19046,18384,2184,19237,34255,82,1,1
12600,4338,731,40,12804,12634,1643,12955,19717,14,1,1
12601,13416,8185,40,32061,31219,8767,32271,62679,101,1,2
12602,2094,1032,41,9417,9217,8956,9578,21711,19,1,1
12603,7234,5680,41,20528,19907,6903,20729,40597,78,1,1
12604,3747,180,40,7804,7704,1512,7955,13435,4,1,1
12605,12664,13505,40,17894,16682,1643,18154,46007,160,1,1
12606,7264,5460,40,21010,20379,5761,21200,39735,77,1,1
12607,7174,5540,40,18616,17984,1332,18816,32892,78,1,1
12608,6863,5531,40,20769,20158,6984,20959,40387,76,1,1
12609,6001,4409,40,14678,14147,1212,14868,26530,64,1,1
12610,6993,4849,40,15299,14728,2605,15480,29987,70,1,1
12611,7214,3877,41,18975,18485,2073,19167,32361,58,1,1
12612,6392,4689,40,16602,16011,1202,16792,29135,71,1,1
12613,6823,4298,40,20790,20239,1392,20970,33533,66,1,1
12614,5050,3627,40,15750,15269,1272,15930,25919,56,1,1
12615,6202,4979,40,15289,14688,2004,15469,28704,72,1,1
12616,4218,1002,40,11272,11041,1623,11422,18315,21,1,1
12617,3777,711,40,11552,11362,1653,11702,17893,16,1,1
12618,3236,170,40,25829,25679,11973,25969,41388,3,1,2
12619,4629,1974,40,25799,25438,12544,25969,45166,34,1,2
12620,2544,440,41,7384,7233,1412,7535,11992,11,1,1
12621,3707,501,41,7053,6893,1192,7204,12644,10,1,1
12622,3827,1032,40,19336,19105,2114,19487,26520,19,1,2
12623,7013,3346,41,24386,23925,8646,24557,43602,48,1,2
12624,5550,4459,40,18605,18084,2034,18785,30868,63,1,1
12625,6713,5350,40,20249,19647,5490,20439,38042,74,1,1
12626,4148,2404,40,13325,12974,1393,13496,21481,39,1,1
12627,6803,4278,40,14738,14227,3096,14928,29145,62,1,1
12628,4168,751,40,17503,17312,1663,17664,24286,16,1,1
12629,6552,5060,40,18795,18224,1222,18986,31860,68,1,1
12630,10890,7774,41,33423,32571,17293,33634,69632,102,1,2
12631,3396,1082,40,5891,5681,8416,6041,18985,20,1,1
12632,16381,18585,40,16812,15259,10159,17113,62278,207,1,1
12633,3657,1242,40,8126,7904,9328,8286,22553,22,1,1
12634,15900,18435,40,15930,14378,9157,16221,59773,207,1,1
12635,4689,1102,40,12043,11812,1623,12193,19657,21,1,1
12636,13516,8325,40,32862,32020,15008,33073,69952,100,1,2
12637,2715,1342,40,17984,17733,13916,18135,36168,24,1,1
12638,2996,330,40,7835,7704,962,7985,12323,8,1,1
12639,5160,3376,40,17042,16601,2735,17223,28544,51,1,1
12640,7193,5010,40,20048,19457,2735,20238,35236,72,1,1
12641,7314,5921,40,29306,28644,1483,29506,44264,82,1,1
12642,5561,3286,40,13826,13385,1303,14006,24196,52,1,1
12643,7444,5400,40,15399,14778,2515,16722,32111,76,1,1
12644,6412,4598,40,32762,32170,3135,32953,47149,67,1,2
12645,6782,4639,41,17703,17142,3467,17894,32822,67,1,1
12646,10881,8666,30,33914,33042,9247,34125,62969,105,1,2
12647,5470,3206,40,38303,37792,2685,38473,49874,49,1,3
12648,4008,831,40,8186,7996,1453,8336,14668,16,1,1
12649,12564,12804,40,17713,16561,2445,17964,45817,150,1,1
12650,7104,5550,40,21520,20879,1834,21721,36249,79,1,1
12651,6883,5380,40,15560,14939,2184,15750,30237,75,1,1
12652,6984,5600,40,21301,20659,3326,21491,37451,78,1,1
12653,8226,7684,40,20289,19477,1032,20499,37491,103,1,1
12654,6462,3056,40,31119,30668,12744,31289,53591,47,1,2
12655,3176,1953,40,13776,13455,3266,13927,22372,32,1,1
12656,6011,2936,40,18495,18094,5771,18665,33443,45,1,1
12657,6833,5751,40,18014,17363,1222,18214,32071,80,1,1
12658,6332,1834,40,13726,13435,1523,13886,23625,30,1,1
12659,5601,4679,40,17192,16631,1754,17382,29456,67,1,1
12660,3697,1102,40,12765,12534,1623,12915,19387,21,1,1
12661,12524,9318,40,30919,30006,8355,31139,61386,111,1,2
12662,2284,1342,40,10109,9849,9648,10269,23595,26,1,1
12663,4709,3557,40,19808,19367,8336,19988,36640,52,1,1
12664,3837,1303,40,7394,7143,1042,7554,13766,25,1,1
12665,3536,572,40,8035,7885,1423,8185,13776,12,1,1
12666,3326,1343,40,13205,12955,3817,13355,21901,24,1,1
12667,6071,3868,40,20569,20088,5801,20749,36529,57,1,1
12668,7945,4348,40,24616,24085,1203,24807,38353,65,1,1
12669,1603,862,40,12333,12143,2585,12493,17573,16,1,1
12670,7394,5650,41,16050,15409,2194,16251,31539,80,1,1
12671,7073,4279,40,19396,18876,2083,19577,33062,62,1,1
12672,6633,5600,40,19036,18395,1142,19237,32652,80,1,1
12673,6492,5360,40,16852,16221,1563,17042,30518,77,1,1
12674,3727,391,40,17233,17083,1693,17373,23234,10,1,1
12675,2234,331,40,12474,12344,661,12624,15910,8,1,1
12676,15049,11972,40,15108,13996,1022,15349,43442,144,1,1
12677,6933,5641,40,14437,13776,1674,14627,28915,81,1,1
12678,3927,882,40,11813,11602,1633,11953,18455,18,1,1
12679,12654,7103,40,29817,29076,10039,30027,59873,90,1,2
12680,2965,991,40,23013,22773,9809,23164,36980,19,1,2
12681,3256,531,40,8266,8105,972,8416,13235,12,1,1
12682,3777,431,40,6913,6773,1032,7063,12333,9,1,1
12683,5721,4258,41,16611,16070,3817,16782,30638,63,1,1
12684,7424,4859,40,20248,19657,4167,20429,36929,71,1,1
12685,7274,5921,40,25318,24647,1232,25518,39995,83,1,1
12686,4999,3286,40,32852,32381,1393,33022,42751,51,1,2
12687,6682,4028,40,14638,14167,2164,14818,27742,56,1,1
12688,2936,1713,40,18275,17974,611,18445,23745,31,1,1
12689,12514,9738,40,20709,19728,1994,20940,45246,123,1,2
12690,5350,4168,40,15329,14808,982,15519,26059,63,1,1
12691,3958,1272,40,11883,11632,1342,12033,18655,24,1,1
12692,7785,6672,40,33723,32992,4468,33935,52910,88,1,2
12693,2444,652,40,11912,11752,1563,12062,16761,13,1,1
12694,3818,280,40,11472,11352,1693,11622,17443,6,1,1
12695,3476,772,40,30568,30357,15760,30718,50766,14,1,2
12696,2655,440,41,17603,17453,13225,17744,34115,10,1,1
12697,7655,7484,40,24907,24116,1012,25108,41309,99,1,1
12698,7103,3056,40,21040,20619,4559,21210,35978,47,1,1
12699,6983,6182,40,21802,21109,1423,22002,36640,85,1,1
12700,7233,4609,40,20078,19527,2615,20268,34755,66,1,1
12701,5781,4138,40,16501,15991,1392,16672,28033,60,1,1
12702,7043,3827,40,14417,13936,1804,14597,27332,58,1,1
12703,5821,3798,40,19316,18815,1724,19496,30889,59,1,1
12704,9197,7064,40,31950,31188,9979,32160,58440,92,1,2
12705,3206,1523,40,34896,34556,2995,35056,42821,25,1,3
12706,1914,110,40,7554,7444,2245,7674,12003,1,1,1
12707,3877,1583,40,13015,12734,4308,13175,22983,28,1,1
12708,6452,4379,40,20939,20389,1603,21120,33604,66,1,1
12709,8286,6863,40,23124,22393,1954,23334,40477,92,1,1
12710,7585,6762,40,20208,19457,1102,20409,35908,93,1,1
12711,6753,3035,41,34334,33913,12754,34506,57098,45,1,2
12712,3145,1943,40,18485,18185,4609,18655,28393,32,1,1
12713,5982,3095,40,18455,18034,5670,18636,33413,48,1,1
12714,11802,4118,40,18435,17944,18555,18615,53120,57,1,1
12715,4629,1543,40,11452,11211,13385,11612,31209,24,1,1
12716,16221,19567,40,18585,16972,6873,18885,61596,217,1,1
12717,4598,1904,40,10210,9909,13034,10370,29966,30,1,1
12718,16050,21240,40,23004,21250,13405,23304,74050,236,1,1
12719,16992,11341,41,31329,30296,12503,31570,72436,129,1,2
12720,2545,1302,40,8126,7895,7554,8286,19717,22,1,1
12721,9067,7985,41,21460,20669,5941,21671,44714,102,1,1
12722,2695,651,40,8045,7855,1393,8186,12975,14,1,1
12723,3016,871,40,5811,5611,1182,5961,11081,17,1,1
12724,871,111,40,6342,6252,601,6472,8105,1,1,1
12725,8095,4038,40,17012,16470,1924,17202,31289,60,1,2
12726,6833,4609,40,20469,19928,5230,20659,37381,66,1,1
12727,7003,5891,40,18154,17483,1884,18354,33173,82,1,1
12728,8075,6993,40,20810,20067,3306,21010,39434,93,1,1
12729,5380,3787,40,15559,15088,1263,15740,26220,55,1,1
12730,7083,5230,40,15279,14657,3146,15469,30958,75,1,1
12731,4799,2084,40,18335,18014,1523,18505,26941,35,1,1
12732,5982,4398,40,17093,16562,1232,17283,28925,64,1,1
12733,6602,4719,40,16522,15930,1793,16712,29856,71,1,1
12734,1844,120,40,16912,16812,581,17042,19627,1,1,1
12735,7965,4850,40,13836,13215,1353,14016,28244,72,1,2
12736,4468,862,40,11832,11622,1643,11982,18986,18,1,1
12737,6632,5481,40,14658,14027,2264,14848,29275,77,1,1
12738,2966,581,30,11612,11442,1974,11752,17323,12,1,1
12739,2635,160,40,7795,7695,7695,7935,18465,3,1,1
12740,16591,22442,40,27873,26049,15750,28194,83017,246,1,1
12741,2524,1022,40,18295,18084,13876,18455,35927,19,1,1
12742,1173,120,40,4990,4909,1462,5130,7925,1,1,1
12743,5330,4268,40,23043,22473,1372,23224,34234,64,1,2
12744,7575,3456,40,24116,23664,1603,24286,36970,52,1,1
12745,6362,4929,40,21480,20879,1353,21671,34375,73,1,1
12746,6863,5140,40,20098,19517,3767,20288,36098,70,1,1
12747,3767,1954,40,11031,10721,1293,11201,18275,33,1,1
12748,6402,5300,41,15749,15138,1473,15940,29155,74,1,1
12749,6762,4409,40,17383,16822,1793,17563,30577,67,1,1
12750,5861,3607,40,14076,13596,1663,14257,25438,57,1,1
12751,2224,140,41,17272,17182,2996,17413,22813,2,1,1
12752,4048,1493,40,10099,9839,1693,10259,17553,27,1,1
12753,5791,2896,40,9668,9278,1333,9838,19918,45,1,1
12754,5430,3286,41,13174,12734,4428,13356,26550,51,1,1
12755,8967,7624,40,22202,21390,2775,22412,41829,103,1,1
12756,3747,812,40,9899,9698,1403,10049,16071,18,1,1
12757,4729,2134,40,17323,16982,1493,17473,25889,36,1,1
12758,7004,4959,40,21631,21040,3968,21811,37782,71,1,1
12759,7013,5501,40,15559,14928,1813,15760,30137,79,1,1
12760,5881,3347,40,20729,20268,1383,20899,31550,52,1,1
12761,7404,6743,40,17413,16682,1132,17623,32942,93,1,1
12762,7324,3637,40,15530,15058,2204,15710,28925,55,1,1
12763,7234,4839,40,20048,19466,2855,20239,35197,70,1,1
12764,7063,5050,40,19677,19086,1192,19878,33223,73,1,1
12765,6152,3777,40,18986,18525,7103,19166,36258,55,1,1
12766,8646,9177,40,23885,22983,1052,24106,43021,116,1,1
12767,6533,5470,40,17513,16882,2124,17713,31880,78,1,1
12768,3787,521,40,11061,10911,1764,11201,17313,10,1,1
12769,15269,11762,41,33583,32461,9668,33824,70583,141,1,2
12770,3045,1754,40,27752,27431,6221,27913,38983,29,1,2
12771,3837,661,40,7995,7815,1613,8146,14307,15,1,1
12772,5090,2375,40,24787,24406,1563,24957,34025,38,1,2
12773,7244,4629,40,19587,19026,8276,19757,39956,66,1,1
12774,3316,2615,40,14077,13696,2535,14237,22743,41,1,1
12775,7383,4738,40,20659,20088,3206,20849,36238,71,1,1
12776,7945,7364,40,20128,19347,1052,20339,36750,99,1,1
12777,6523,1623,40,31109,30818,13165,31269,52630,27,1,2
12778,5210,3697,40,19397,18916,2645,19567,31169,55,1,1
12779,6552,4248,40,19016,18505,6733,19197,36780,60,1,1
12780,6372,5290,40,15159,14558,1142,15359,28203,75,1,1
12781,7274,3466,40,13265,12805,1953,13446,26179,53,1,1
12782,7183,5501,40,17323,16702,1413,17523,31650,77,1,1
12783,3897,821,40,12905,12704,1643,13045,19467,17,1,1
12784,11782,7534,40,30407,29615,11071,30608,61035,93,1,2
12785,2575,1172,40,26661,26390,5861,26811,36479,20,1,2
12786,2805,150,40,7354,7254,1333,7494,11842,3,1,1
12787,3517,892,40,5651,5450,1012,5801,11262,18,1,1
12788,5781,4398,40,27052,26490,1342,27242,38803,64,1,2
12789,8707,4769,40,21230,20679,3357,21420,38293,66,1,1
12790,6873,5400,40,16260,15639,1513,16451,30287,76,1,1
12791,8416,5611,40,20449,19818,3647,20639,38363,77,1,1
12792,6662,5691,41,19877,19226,1112,20078,33593,81,1,1
12793,6412,3276,40,39194,38753,3256,39375,52359,48,1,2
12794,4870,1242,40,17764,17503,1813,17914,25879,24,1,1
12795,2365,410,30,11632,11481,2525,11772,17113,9,1,1
12796,6943,3256,40,12834,12383,1413,13004,24667,52,1,1
12797,6302,4759,40,14448,13877,2054,14638,27793,69,1,1
12798,3717,521,40,11512,11342,1683,11652,17633,13,1,1
12799,4007,922,40,11953,11752,1643,12113,18735,18,1,1
12800,5791,1863,40,26050,25709,18194,26200,52098,32,1,2
12801,2355,1202,40,18515,18285,15870,18655,38142,20,1,1
12802,11472,15079,40,4929,3597,2464,5200,34255,177,1,1
12803,3176,621,40,5370,5200,1002,5520,10359,13,1,1
12804,6773,5149,41,17833,17212,2695,18024,32671,75,1,1
12805,7835,5270,40,20218,19597,1883,20409,35447,75,1,1
12806,6673,5370,40,25629,24988,1503,25829,39415,78,1,1
12807,10169,5821,41,36068,35417,8817,36269,61126,81,1,1
12808,2374,741,40,13455,13275,3888,13606,20639,14,1,1
12809,2575,1372,40,17494,17252,4318,17654,25959,24,1,1
12810,7193,5481,40,21290,20659,3066,21490,37270,77,1,1
12811,11352,6582,40,19947,19266,1733,20149,39866,85,1,1
12812,6702,4308,40,14407,13856,1182,14588,26820,65,1,1
12813,6182,4559,40,34104,33522,5721,34284,50786,64,1,2
12814,2595,631,40,7865,7685,1623,8015,12914,14,1,1
12815,10099,10099,40,16491,15629,2274,16712,39224,111,1,1
12816,8015,6102,40,22182,21471,1954,22382,38503,88,1,1
12817,6583,5781,40,15439,14798,2555,15629,30588,80,1,1
12818,6933,5771,40,21400,20729,1834,21591,36189,84,1,1
12819,6623,6552,40,17042,16321,1042,17253,31500,90,1,1
12820,6813,4609,40,15599,15048,2104,15789,29355,65,1,1
12821,6973,4880,40,20168,19587,1663,20358,33934,71,1,1
12822,7104,5791,40,19396,18715,1332,19597,33864,83,1,1
12823,6202,2354,40,18245,17884,7725,18415,34736,39,1,1
12824,4057,2555,40,16532,16161,1473,16702,24837,41,1,1
12825,4138,1473,40,16221,15940,1553,16381,23595,29,1,1
12826,6743,5641,40,18375,17714,2385,18575,33394,81,1,1
12827,1863,170,41,10509,10419,551,10651,13275,1,1,1
12828,9087,5741,40,30087,29356,7735,30277,52900,82,1,3
12829,3446,591,40,8116,7935,1453,8266,13796,13,1,1
12830,6122,3827,40,28554,28042,3617,28734,42340,56,1,2
12831,4308,1383,40,8576,8316,1072,8736,15559,26,1,1
12832,2535,481,40,12684,12534,4608,12834,20509,10,1,1
12833,3075,1783,40,19447,19156,3797,19607,28313,30,1,1
12834,7635,6873,40,25508,24767,1113,25718,41379,93,1,1
12835,6893,5931,40,18244,17553,1122,18445,32432,85,1,1
12836,6983,5120,40,15599,14998,2375,15789,30297,73,1,1
12837,3387,1753,40,18285,17984,2304,18445,25929,31,1,1
12838,7303,6172,40,20890,20209,1122,21100,35737,84,1,1
12839,6422,2555,40,18314,17954,4779,18485,32281,40,1,1
12840,6873,6402,40,13957,13346,1132,14147,28614,75,1,1
12841,7364,3326,40,13276,12844,1973,13456,26169,51,1,1
12842,6792,4830,40,16090,15499,1583,16290,29535,72,1,1
12843,4058,1272,40,11793,11551,1593,11953,18926,24,1,1
12844,12533,8577,40,31179,30307,7224,31399,59773,107,1,2
12845,2515,1172,40,25798,25538,5891,25940,35568,20,1,2
12846,2896,270,40,6733,6612,1173,6873,11262,6,1,1
12847,3737,531,40,5350,5189,1252,5501,11081,13,1,1
12848,3977,2315,40,15569,15209,2655,15740,24727,38,1,1
12849,7585,4338,40,20218,19687,6703,20398,39084,63,1,1
12850,6862,5461,40,17904,17263,1443,18094,31900,79,1,1
12851,6692,4890,40,20719,20138,3797,20899,36328,69,1,1
12852,10590,10079,40,21951,20970,1583,22182,44474,127,1,1
12853,6733,2855,40,28093,27673,3646,28264,41548,44,1,2
12854,8606,5110,40,17503,16912,8806,17693,40266,72,1,1
12855,7654,3176,41,18645,18214,1413,18816,31099,48,1,1
12856,6502,4759,40,14447,13897,1392,14638,27331,68,1,1
12857,6202,4298,40,13436,12924,1914,13616,26080,60,1,1
12858,2174,120,40,10911,10821,2294,11051,15679,1,1,1
12859,4549,1192,40,18335,18105,15109,18485,39385,22,1,1
12860,3506,2114,41,13425,13104,2334,13596,21590,35,1,1
12861,7064,6281,40,21550,20869,3737,21752,38884,84,1,1
12862,3987,291,40,7174,7054,992,7324,12634,7,1,1
12863,8135,8236,40,23645,22793,1052,23845,41328,108,1,1
12864,7074,3807,40,18826,18335,3065,19006,32982,57,1,1
12865,6903,6292,40,26971,26269,1152,27172,41559,86,1,1
12866,8797,4568,41,22292,21751,1412,22483,37320,67,1,1
12867,6773,4298,40,18695,18164,1262,18886,31249,64,1,1
12868,6292,4198,40,20439,19908,2835,20629,33994,64,1,1
12869,10489,8606,40,34335,33443,9508,34545,63209,109,1,2
12870,6973,2745,40,41459,41017,1553,41619,52930,39,1,3
12871,6082,1923,40,5751,5440,1052,5921,15009,33,1,1
12872,3828,1132,40,11562,11342,1503,11722,18225,22,1,1
12873,10509,10120,40,16772,15790,2144,17012,39825,125,1,1
12874,8186,4478,40,20378,19837,2044,20569,35337,67,1,1
12875,6863,5911,40,16241,15590,2054,16441,31319,81,1,1
12876,6703,5210,40,20499,19898,2204,20699,34856,74,1,1
12877,7885,7524,40,16542,15749,1022,16752,33223,100,1,1
12878,6883,5149,41,14848,14277,2074,15039,29196,71,1,1
12879,7564,5270,41,20198,19577,1703,20399,34966,76,1,1
12880,6903,5660,40,16681,16040,1393,16882,30878,80,1,1
12881,7494,6382,40,17303,16602,2144,17513,33573,88,1,1
12882,6041,3587,40,18746,18275,1352,18916,29946,55,1,1
12883,3206,1272,40,12584,12344,1493,12734,18745,23,1,1
12884,6662,4008,40,13937,13426,1793,14117,26620,61,1,1
12885,6462,5020,40,18816,18215,2024,19006,32562,73,1,1
12886,3707,701,40,12724,12553,1663,12875,18996,14,1,1
12887,12313,9899,40,31499,30538,7925,31730,61897,120,1,2
12888,2535,1503,40,10560,10289,7544,10720,22342,26,1,1
12889,9488,7284,40,21410,20639,5571,21620,43993,98,1,1
12890,3958,521,40,8095,7945,1613,8235,14377,11,1,1
12891,3637,951,40,7834,7624,1042,7996,13666,18,1,1
12892,1773,201,40,11812,11712,902,11952,14888,4,1,1
12893,17193,18595,40,24427,22873,4879,24717,65424,206,1,1
12894,6793,5460,40,21360,20719,1483,21551,35347,79,1,1
12895,6973,5230,40,20849,20248,2775,21040,36048,72,1,1
12896,10099,4299,40,20438,19948,17733,20619,52800,58,1,1
12897,3326,2365,40,16511,16171,13877,16671,36289,36,1,1
12898,3747,1723,41,17322,17032,6743,17473,29746,29,1,1
12899,1252,281,40,8005,7885,7535,8145,17253,6,1,1
12900,16972,22773,40,25027,23194,20459,25348,85602,248,1,1
12901,3537,952,40,17553,17343,1603,17693,23845,19,1,1
12902,8977,9127,41,33553,32591,1643,33774,53561,118,1,2
12903,7414,3337,40,13285,12844,4809,13455,29065,51,1,1
12904,2415,1262,40,12073,11813,2265,12223,18205,24,1,1
12905,5140,1973,41,11060,10750,1603,11222,19988,33,1,1
12906,3076,220,40,11302,11192,1913,11432,16701,5,1,1
12907,4388,1383,40,26330,26059,10910,26490,43211,23,1,2
12908,1643,121,40,5320,5220,6372,5450,13626,1,1,1
12909,15960,21370,40,26119,24336,7314,26430,71124,240,1,1
12910,3988,1012,40,8075,7855,1062,8235,14337,21,1,1
12911,3887,401,40,6703,6562,1082,6853,12263,10,1,1
12912,2966,762,40,19196,18986,2605,19346,25739,14,1,2
12913,6923,4349,40,19817,19316,6443,20007,37762,60,1,1
12914,6873,6121,40,18315,17643,1543,18515,33102,83,1,1
12915,7304,6011,40,20168,19617,3907,20349,37611,65,1,1
12916,5400,4007,40,12824,12293,1383,13004,23845,63,1,1
12917,6803,4969,40,16301,15700,1372,16501,29686,74,1,1
12918,6321,3777,40,31109,30587,3336,31289,44764,57,1,2
12919,7273,5240,40,13956,13375,1263,14147,27973,72,1,1
12920,7004,5670,41,14888,14267,1182,15089,28985,78,1,1
12921,6753,4789,40,33534,32913,5009,33714,50325,69,1,2
12922,2835,1333,40,12684,12424,1613,12844,18665,25,1,1
12923,3918,942,40,11802,11582,1623,11952,18475,19,1,1
12924,11322,5680,40,19977,19356,14447,20169,51668,75,1,1
12925,3717,2775,30,13386,12995,2024,13556,22122,44,1,1
12926,7514,4408,40,21932,21400,6853,22112,40927,63,1,1
12927,3517,200,40,7465,7343,1172,7595,12544,5,1,1
12928,4428,2545,41,16340,15980,2354,16512,25879,40,1,1
12929,7133,3998,40,19818,19317,4538,19988,35707,59,1,1
12930,6873,5801,40,19748,19106,1302,19948,33964,80,1,1
12931,6342,2415,40,18255,17904,9367,18425,36589,39,1,1
12932,5381,3646,40,13595,13125,1122,13776,23976,56,1,1
12933,6974,4408,40,16712,16161,1733,16882,30047,65,1,1
12934,6231,4438,40,19597,19056,1583,19787,32090,66,1,1
12935,9427,7725,40,34095,33294,12053,34305,63550,96,1,2
12936,3055,1273,40,10099,9869,4819,10259,19436,22,1,1
12937,9317,7865,41,21340,20548,3206,21561,41989,101,1,1
12938,4007,762,40,8195,8015,1423,8345,14597,16,1,1
12939,12012,12013,40,27011,25889,2324,27262,53661,148,1,1
12940,6532,5541,40,15740,15108,2424,15930,30487,77,1,1
12941,7234,5961,40,21291,20619,2244,21491,36970,84,1,1
12942,13966,13125,40,25408,24196,1774,25658,54563,159,1,1
12943,7374,3517,40,19858,19417,3036,20038,34015,52,1,1
12944,7214,6372,40,20709,20008,1834,20919,36389,88,1,1
12945,6392,3637,40,18675,18194,5260,18855,34194,56,1,1
12946,6272,5240,40,15289,14688,1163,15489,28204,75,1,1
12947,7174,3076,40,12944,12544,1843,13115,25268,46,1,1
12948,6372,5411,40,20228,19607,1563,20428,33804,77,1,1
12949,3737,421,40,12283,12123,1703,12433,18324,10,1,1
12950,10901,9007,40,31700,30788,10650,31920,62518,112,1,2
12951,3166,1743,40,10129,9838,5350,10290,20579,29,1,1
12952,8225,6462,40,21010,20288,3406,21210,39354,90,1,1
12953,3717,952,40,7054,6863,1022,7204,12945,17,1,1
12954,3657,672,40,8316,8145,1442,8466,14287,14,1,1
12955,3336,1472,41,13214,12954,3626,13366,21851,25,1,1
12956,5971,3808,40,20048,19567,5350,20228,35397,56,1,1
12957,6913,5871,40,17363,16722,1363,17563,31760,80,1,1
12958,8125,6533,40,20869,20178,4298,21080,40066,86,1,1
12959,5801,4469,40,13926,13385,1202,14106,25629,64,1,1
12960,6903,4369,40,14638,14087,2745,14828,28885,66,1,1
12961,7163,3317,40,18705,18275,2144,18875,31550,49,1,1
12962,6833,5500,41,17793,17152,1132,17984,31499,78,1,1
12963,6953,5130,40,16150,15519,1924,16330,30387,76,1,1
12964,3456,992,40,18976,18776,4749,19136,28373,18,1,1
12965,3146,400,41,11802,11652,2034,11943,17573,9,1,1
12966,4458,1042,40,12013,11803,1633,12173,19336,19,1,1
12967,8146,7113,40,15609,14838,1122,15810,32251,97,1,1
12968,2855,872,40,11712,11492,1754,11852,17393,19,1,1
12969,6452,3046,40,28164,27702,4789,28334,42681,48,1,2
12970,6542,2846,40,25218,24806,3767,25388,38583,43,1,2
12971,3486,481,40,7545,7394,1152,7695,12854,10,1,1
12972,3837,571,40,6793,6623,1132,6943,12533,13,1,1
12973,5491,3637,40,16070,15589,3447,16240,28875,56,1,1
12974,7144,4729,40,20168,19597,2034,20358,34295,69,1,1
12975,7123,5831,40,26079,25408,1493,26280,40777,84,1,1
12976,4479,3076,40,15439,15028,1333,15609,24547,47,1,1
12977,6703,4558,41,16571,16020,1523,16762,29606,67,1,1
12978,6683,4909,40,20259,19688,2204,20449,34305,70,1,1
12979,5761,1844,40,18054,17743,3006,18224,28885,33,1,1
12980,5601,4458,41,13044,12513,1112,13235,24456,64,1,1
12981,6072,4238,40,12804,12304,1092,12995,24437,61,1,1
12982,6522,5290,40,33593,32952,3868,33783,49494,73,1,2
12983,3938,1483,40,12704,12423,1342,12864,19667,27,1,1
12984,3998,431,40,11622,11472,1683,11772,17934,10,1,1
12985,2064,281,40,28965,28794,17533,29105,49033,6,1,2
12986,4869,2474,40,18755,18395,17363,18926,43672,39,1,1
12987,16791,11132,40,25658,24637,9988,25898,63850,133,1,1
12988,6362,4057,40,18354,17843,1313,18545,30307,61,1,1
12989,4839,2645,40,17864,17463,6823,18034,32381,44,1,1
12990,3136,1994,40,16521,16221,5871,16691,27732,32,1,1
12991,3607,1924,40,15499,15209,3447,15659,24667,29,1,1
12992,3727,441,40,16451,16311,1784,16601,22583,9,1,1
12993,1784,120,40,7514,7414,561,7654,10149,1,1,1
12994,9438,6573,40,13576,12854,1022,13786,30869,91,1,1
12995,6883,4749,40,14738,14166,2315,14918,28915,69,1,1
12996,6453,4468,40,20239,19678,1232,20429,32612,67,1,1
12997,13225,9798,30,34345,33383,9809,34565,67447,118,1,2
12998,2695,1293,40,10159,9929,3257,10319,17614,22,1,1
12999,8516,6733,40,20439,19728,1763,20649,37711,90,1,1
13000,4078,561,40,8336,8185,1473,8486,14628,11,1,1
13001,3537,971,40,12824,12614,4348,12975,21881,19,1,1
13002,6211,4268,40,20238,19697,1764,20428,32712,65,1,1
13003,6903,5691,40,15510,14858,2374,15710,30728,81,1,1
13004,6703,5491,40,21210,20589,1833,21400,35467,76,1,1
13005,6994,7193,41,17202,16431,1012,17413,32662,97,1,1
13006,7094,5290,40,14928,14297,1804,15128,29346,78,1,1
13007,5881,4078,40,19437,18916,1693,19627,31319,63,1,1
13008,6743,5300,40,14337,13716,1123,14527,27743,76,1,1
13009,6382,5330,40,16090,15459,3136,16271,31169,76,1,1
13010,6623,3606,40,19006,18545,1473,19187,30939,55,1,1
13011,6783,5741,40,19697,19036,1132,19897,33583,80,1,1
13012,6332,4358,40,17814,17253,2455,18004,31189,67,1,1
13013,4158,1483,40,17363,17123,1573,17523,24777,24,1,1
13014,12043,6773,40,29746,28996,11182,29946,59984,88,1,2
13015,3086,1422,40,28595,28323,4739,28755,38042,23,1,2
13016,5300,1703,40,8326,8026,1042,8486,16571,31,1,1
13017,3847,1031,40,6081,5861,1022,6231,12183,21,1,1
13018,1383,220,41,6582,6462,1633,6723,9989,5,1,1
13019,4318,942,40,14587,14377,1633,14728,21671,18,1,1
13020,6281,2325,40,18585,18225,13626,18755,41017,38,1,1
13021,6242,4869,40,16661,16080,1243,16851,29236,70,1,1
13022,5881,3116,40,18615,18214,10009,18785,37831,45,1,1
13023,5982,5220,40,20138,19547,1182,20338,32762,73,1,1
13024,6612,4078,40,36539,35999,8126,36729,55585,60,1,2
13025,5480,3046,40,20168,19738,1413,20338,30307,48,1,1
13026,5801,2775,40,18315,17933,3667,18475,30768,43,1,1
13027,5490,4489,40,14487,13936,1182,14678,25869,65,1,1
13028,4268,1132,40,12013,11762,1563,12163,19176,23,1,1
13029,6482,4308,40,16982,16442,1753,17163,29756,65,1,1
13030,3637,511,40,11823,11652,1042,11963,17193,11,1,1
13031,2726,120,40,8496,8416,8667,8636,20189,1,1,1
13032,16451,23003,40,26089,24266,16532,26410,82436,246,1,1
13033,6151,2746,40,18605,18224,10680,18775,38402,42,1,1
13034,1884,120,40,5060,4970,1302,5200,8546,1,1,1
13035,5130,2424,40,21631,21250,1503,21802,30919,39,1,2
13036,7384,4819,40,24947,24366,3206,25137,40586,71,1,1
13037,6652,5351,40,19146,18515,1393,19346,32782,79,1,1
13038,7024,4939,40,20960,20379,2875,21160,36038,71,1,1
13039,4138,2325,40,10760,10410,1263,10930,18716,39,1,1
13040,7103,5320,40,16271,15670,1523,16461,30447,74,1,1
13041,6933,5260,40,21561,20920,1753,21761,35747,79,1,1
13042,3487,300,40,17524,17382,2715,17664,24216,7,1,1
13043,2575,441,40,9087,8957,2164,9237,14458,8,1,1
13044,5400,3036,40,9528,9118,1222,9698,19397,46,1,1
13045,6973,5781,40,32311,31630,4920,32511,50225,80,1,2
13046,2645,782,40,9849,9658,1643,9999,15119,16,1,1
13047,3977,471,40,13175,13025,1704,13315,19527,10,1,1
13048,7204,3957,40,20719,20229,3657,20900,35768,57,1,1
13049,8365,6893,40,23634,22893,2033,23846,41187,94,1,1
13050,7134,6823,40,20278,19547,1062,20479,35548,90,1,1
13051,6021,2475,40,30708,30338,17863,30879,57288,37,1,2
13052,3537,2805,40,18535,18155,7464,18706,32562,43,1,1
13053,6162,3416,40,18815,18395,8346,18995,36980,50,1,1
13054,4649,3276,40,17073,16621,1362,17243,26570,52,1,1
13055,6502,3727,40,14638,14167,1563,14818,26670,56,1,1
13056,5921,4839,41,18254,17663,1693,18445,30938,71,1,1
13057,3847,531,40,10891,10741,1723,11041,17182,11,1,1
13058,11512,10279,40,35387,34375,11391,35628,68840,125,1,2
13059,7855,5511,40,29716,29054,1152,29916,44464,77,1,2
13060,3096,391,40,8346,8196,1483,8496,13496,9,1,1
13061,7344,5751,40,16471,15800,2765,16671,32561,82,1,1
13062,7966,6662,40,21732,20989,1643,21942,38253,93,1,1
13063,6843,5651,40,17714,17052,2114,17904,32562,82,1,1
13064,6763,5921,40,20749,20068,3867,20950,37541,83,1,1
13065,8045,7424,40,15729,14938,982,15940,32421,99,1,1
13066,7214,4589,40,14978,14427,2624,15148,29636,65,1,1
13067,6191,2766,40,18855,18475,1032,19036,29065,44,1,1
13068,5611,3957,40,13967,13485,1252,14157,25017,58,1,1
13069,6842,5431,40,15770,15139,2074,15950,30347,77,1,1
13070,6853,4308,40,19166,18636,1302,19357,31860,65,1,1
13071,6933,6022,40,19837,19156,1062,20038,34095,85,1,1
13072,6462,4990,40,16732,16141,2424,16922,30838,73,1,1
13073,3767,1153,40,12904,12664,1613,13054,19627,21,1,1
13074,11512,6602,40,21661,20969,15249,21862,55265,86,1,1
13075,5019,2144,40,20569,20249,2054,20739,30006,35,1,1
13076,2064,521,41,24746,24556,11121,24897,38643,10,1,2
13077,3988,1393,40,8476,8215,1683,8636,15740,27,1,1
13078,3677,1002,41,5630,5420,1042,5791,11542,20,1,1
13079,7414,7144,40,31800,31009,1112,32010,47731,94,1,2
13080,6723,5530,40,17373,16722,1924,17563,31780,80,1,1
13081,7224,5450,41,20839,20208,3056,21030,36800,78,1,1
13082,5821,4769,30,15009,14417,1172,15179,27001,70,1,1
13083,7234,5060,40,14657,14087,2544,14848,29716,69,1,1
13084,4158,932,40,17773,17563,1623,17924,24697,18,1,1
13085,6242,4498,40,19697,19136,1212,19888,31880,68,1,1
13086,4128,661,40,17443,17273,1783,17593,24215,14,1,1
13087,7213,6953,40,16170,15429,972,16381,31569,92,1,1
13088,7495,5961,40,14437,13756,1372,14638,29496,84,1,1
13089,4168,1173,40,10490,10259,1332,10640,17363,21,1,1
13090,2876,451,40,11291,11141,1874,11441,16682,11,1,1
13091,3767,421,40,13736,13586,1703,13886,19817,10,1,1
13092,5821,1633,40,29937,29636,17523,30097,55124,27,1,2
13093,842,120,40,17213,17113,14056,17343,32401,1,1,1
13094,2515,1964,40,1092,792,651,1262,6422,32,1,1
13095,5811,381,40,5230,5090,1062,5370,12674,8,1,1
13096,2344,1323,40,15069,14828,3406,15229,22332,23,1,1
13097,7244,5581,40,20379,19757,1933,20579,35367,77,1,1
13098,6833,5641,30,23755,23084,1493,23945,37962,81,1,1
13099,6753,4499,40,19627,19066,1443,19817,32552,67,1,1
13100,5330,4188,40,15148,14627,1253,15339,26150,63,1,1
13101,6863,3917,40,13896,13406,2264,14087,27161,59,1,1
13102,5711,4198,40,16321,15790,1994,16501,28454,63,1,1
13103,6623,4899,41,15278,14687,1252,15480,28284,73,1,1
13104,4468,1273,40,18054,17794,1553,18214,25558,25,1,1
13105,5951,3837,40,13796,13295,1202,13977,25017,59,1,1
13106,5921,4719,40,35517,34927,2765,35708,49153,66,1,2
13107,10810,10570,40,20760,19768,2364,20990,44784,130,1,1
13108,8166,6562,40,22463,21722,1413,22663,38854,92,1,1
13109,7254,5510,41,17002,16361,1954,17203,31971,79,1,1
13110,6773,5841,40,21270,20629,2034,21470,36178,81,1,1
13111,6953,6712,40,20829,20078,1092,21030,35827,93,1,1
13112,6081,3246,41,28734,28283,18224,28905,56506,46,1,2
13113,3267,2715,40,19437,19066,3987,19597,29606,41,1,1
13114,5961,3106,40,18856,18435,11452,19036,39615,49,1,1
13115,4368,2896,40,15670,15259,1422,15910,24646,46,1,1
13116,7975,5531,40,13576,12944,1372,13766,28684,77,1,1
13117,5721,4529,40,18204,17644,1873,18385,30548,67,1,1
13118,1984,110,40,10560,10479,2384,10701,15239,1,1,1
13119,2956,791,40,11612,11422,7354,11772,22903,16,1,1
13120,8466,7684,40,22363,21560,5620,22573,44393,102,1,1
13121,8095,4829,40,28264,27702,5150,28454,46568,65,1,2
13122,4709,230,41,7724,7624,1042,7865,13906,5,1,1
13123,3536,1083,40,8185,7965,1062,8335,14066,20,1,1
13124,3556,191,40,7534,7434,1553,7674,13034,4,1,1
13125,1764,461,40,12564,12423,4548,12714,19517,9,1,1
13126,6552,3707,41,19967,19507,2716,20148,33163,55,1,1
13127,7224,5701,40,17203,16542,1523,17403,31911,81,1,1
13128,6612,4839,41,20619,20038,3446,20820,35757,72,1,1
13129,6583,5340,40,20289,19678,1182,20489,33624,76,1,1
13130,6663,4127,40,34244,33713,11922,34436,57188,60,1,2
13131,6793,4137,40,12734,12233,1914,12914,25819,60,1,1
13132,4268,2364,40,18395,18065,3657,18565,28894,36,1,1
13133,7013,6552,41,17783,17082,1072,17994,32661,88,1,1
13134,6953,1833,40,13736,13436,1583,13896,24316,32,1,1
13135,6682,5300,40,19717,19106,1483,19917,33423,76,1,1
13136,11060,7094,40,29486,28715,11251,29686,59131,91,1,2
13137,3126,1713,41,25728,25417,6673,25899,37461,28,1,2
13138,3076,611,40,6813,6633,1393,6963,12093,14,1,1
13139,2485,361,40,5370,5240,1373,5520,9769,8,1,1
13140,4819,2965,41,16040,15639,2385,16211,26440,46,1,1
13141,8196,4488,41,20428,19877,6873,20619,40216,66,1,1
13142,6863,5921,40,18125,17453,1964,18325,33113,83,1,1
13143,20990,19166,40,24457,22864,2304,24747,67247,213,1,1
13144,5741,4979,40,15019,14418,1152,15209,27121,73,1,1
13145,7153,4910,40,14868,14297,2605,15058,29766,69,1,1
13146,4067,370,40,17343,17192,1814,17483,23785,9,1,1
13147,7334,6142,40,19166,18495,1243,19366,34135,84,1,1
13148,4168,2004,40,18395,18065,1473,18555,26250,35,1,1
13149,6913,4328,41,15569,15028,1483,15750,28524,64,1,1
13150,3897,1102,40,10119,9899,1372,10280,16681,21,1,1
13151,3026,1784,40,12564,12263,2635,12734,20219,30,1,1
13152,3998,601,40,11542,11362,1653,11692,17994,14,1,1
13153,3828,621,40,17924,17754,10821,18074,33374,12,1,1
13154,3587,2354,40,13446,13105,2354,13616,21941,37,1,1
13155,4979,2976,40,19817,19407,14728,19987,42720,46,1,1
13156,3186,521,41,7624,7464,1232,7775,12754,12,1,1
13157,8296,8666,40,19277,18394,1092,19497,37591,112,1,1
13158,6543,2013,40,26830,26489,19266,26991,54864,31,1,2
13159,3396,2475,30,18495,18145,6793,18655,31369,38,1,1
13160,6893,3527,40,18996,18525,10159,19176,39795,55,1,1
13161,6111,4739,41,16841,16260,1173,17032,29095,69,1,1
13162,7193,4138,40,12864,12333,1313,13045,25749,63,1,1
13163,3947,2415,40,22533,22162,2124,22703,31239,40,1,1
13164,6822,4329,40,14537,14006,1623,14717,27542,64,1,1
13165,11461,5169,41,20308,19727,9658,20509,46828,71,1,1
13166,8055,6212,40,17443,16752,1473,17643,33433,86,1,1
13167,5831,2665,40,19767,19386,8466,19928,36950,43,1,1
13168,7835,5981,40,12544,11903,1202,12744,27812,80,1,1
13169,3907,961,41,7914,7694,1392,8066,14367,19,1,1
13170,14878,14818,40,26400,25107,1402,26671,57809,171,1,1
13171,6883,5460,40,15159,14538,2345,15349,30087,77,1,1
13172,7384,6132,40,21330,20659,1923,21520,37020,84,1,1
13173,7554,7584,40,22142,21340,1042,22353,38593,102,1,1
13174,7615,6011,40,15159,14497,1673,15359,30708,83,1,1
13175,5922,4408,40,19998,19447,1934,20178,32482,65,1,1
13176,7033,5951,40,18215,17554,1132,18415,32571,82,1,1
13177,7164,5100,40,22783,22182,2304,22973,37591,74,1,1
13178,4478,2896,40,15540,15139,1452,15780,24656,46,1,1
13179,6973,3327,40,14487,14036,1663,14667,26670,52,1,1
13180,6502,5090,40,20559,19958,2004,20749,34385,72,1,1
13181,12093,7625,40,31690,30888,7604,31900,59282,97,1,2
13182,2505,1002,40,11792,11582,5100,11942,20599,18,1,1
13183,7695,5721,40,20859,20198,2956,21059,37471,82,1,1
13184,4017,491,40,8106,7955,1463,8256,14287,11,1,1
13185,4349,751,40,7815,7635,1032,7975,14147,15,1,1
13186,12453,13045,41,24927,23744,1282,25178,51998,154,1,1
13187,6382,4448,40,23976,23404,1262,24166,36298,68,1,1
13188,6792,6052,40,21731,21050,1102,21931,35927,86,1,1
13189,7424,4128,40,18725,18225,3075,18916,33583,59,1,1
13190,7464,5981,40,23054,22372,1393,23254,38132,84,1,1
13191,6582,2024,40,17954,17634,1694,18124,28464,35,1,1
13192,4960,3005,40,13345,12924,1323,13515,22864,47,1,1
13193,6993,3567,40,13365,12905,1734,13545,25879,53,1,1
13194,2264,1192,40,12243,12012,2485,12394,18375,21,1,1
13195,6102,3296,40,12874,12424,1402,13044,23895,52,1,1
13196,4278,1152,40,11783,11531,1603,11923,19016,23,1,1
13197,3556,551,41,25337,25137,11822,25489,41458,11,1,2
13198,3106,180,40,5511,5401,2895,5651,11872,4,1,1
13199,8797,7293,40,22011,21230,5491,22222,43843,98,1,1
13200,3957,421,40,7274,7113,1082,7414,12914,10,1,1
13201,3697,341,40,6823,6692,1042,6973,12093,8,1,1
13202,2726,771,40,16031,15800,2655,16181,22363,15,1,2
13203,6933,4679,40,23805,23244,2044,23995,37701,69,1,1
13204,6552,4960,30,17773,17182,1392,17964,30918,72,1,1
13205,7414,6062,40,20689,20038,3146,20889,37571,82,1,1
13206,6733,5791,40,15249,14578,1092,15449,29105,82,1,1
13207,6703,4388,41,15158,14607,2836,15339,29306,65,1,1
13208,4027,1333,40,17964,17714,1603,18124,25127,25,1,1
13209,6211,4339,40,19737,19186,1263,19917,31770,66,1,1
13210,6031,2765,40,31449,31018,1653,31620,42119,45,1,2
13211,6742,4940,40,14046,13445,1442,14237,27401,73,1,1
13212,4458,691,40,11662,11491,1893,11812,18905,14,1,1
13213,11001,5029,40,20058,19497,13295,20248,49624,69,1,1
13214,3527,2064,40,13625,13295,2134,13786,21571,35,1,1
13215,6893,5140,40,21110,20509,2866,21310,36259,74,1,1
13216,3496,201,40,7063,6943,1163,7193,12113,5,1,1
13217,4008,1412,40,12583,12333,2765,12745,20960,24,1,1
13218,8806,3958,40,14077,13576,2074,14257,29145,61,1,1
13219,8666,5681,40,20258,19627,4008,20458,38863,78,1,1
13220,6092,4729,40,18465,17894,1493,18655,31019,69,1,1
13221,6302,2414,41,18525,18154,10870,18696,38322,40,1,1
13222,6321,5079,40,17534,16922,1212,17714,30377,74,1,1
13223,7294,4238,40,12915,12404,1523,13105,26200,62,1,1
13224,2584,1694,40,18735,18455,602,18895,23825,30,1,1
13225,4068,2384,40,1283,932,551,1453,8496,39,1,1
13226,17473,13415,40,35226,34033,20409,35487,86814,151,1,2
13227,3567,1743,40,9679,9397,2274,9839,17453,28,1,1
13228,6923,5310,40,21520,20919,1292,21711,35287,73,1,1
13229,3927,842,40,8196,7985,1422,8356,14577,18,1,1
13230,12203,11733,40,17253,16181,2374,17493,43853,140,1,1
13231,7665,3937,40,20219,19728,2334,20399,34375,59,1,1
13232,6803,5511,40,15569,14928,2656,15749,30779,78,1,1
13233,7214,6021,40,21160,20489,2244,21351,36870,83,1,1
13234,7514,7234,40,23294,22533,1042,23505,39335,97,1,1
13235,7544,4559,40,29837,29256,4438,30027,46608,66,1,2
13236,6572,5150,40,20980,20369,5691,21160,38613,73,1,1
13237,6994,4468,40,19257,18726,5200,19437,36139,62,1,1
13238,6192,5570,41,15298,14667,1222,15490,28534,77,1,1
13239,7213,3948,40,13365,12864,1493,13545,26249,59,1,1
13240,7484,6292,40,18024,17323,1422,18225,33473,87,1,1
13241,3647,851,40,13936,12765,1623,14077,20248,17,1,1
13242,11622,6142,40,30117,29436,9067,30317,57198,80,1,2
13243,2725,1243,40,9137,8887,4529,9297,17834,23,1,1
13244,10229,7925,40,21411,20568,2525,21631,42360,107,1,1
13245,3857,1062,40,7334,7114,1042,7494,13485,21,1,1
13246,3778,561,40,8105,7935,1453,8255,14087,13,1,1
13247,2965,742,40,13105,12924,3907,13255,20899,14,1,1
13248,6272,4328,41,20158,19627,9167,20349,40166,64,1,1
13249,6032,4458,40,17373,16831,1804,17553,29887,65,1,1
13250,7053,4488,40,20458,19897,6662,20649,38893,66,1,1
13251,5621,3837,40,13605,13115,1253,13786,24527,57,1,1
13252,7013,4338,41,14637,14086,2525,14818,28744,66,1,1
13253,7595,3997,40,19026,18535,2204,19207,33043,59,1,1
13254,7134,6192,40,19657,18986,1112,19857,34345,84,1,1
13255,5751,2364,40,18175,17813,2525,18345,29025,40,1,1
13256,11291,3597,40,14457,14017,18836,14637,48391,51,1,1
13257,3516,841,40,6082,5892,8436,6242,19086,17,1,1
13258,16862,22072,40,20098,18345,21220,20408,80612,236,1,1
13259,2936,2234,40,30949,30628,7785,31119,44104,34,1,1
13260,2305,481,40,11632,11482,2495,11782,17103,11,1,1
13261,3947,361,40,10981,10831,1814,11131,17293,9,1,1
13262,14818,5570,40,31189,30577,12553,31370,64361,71,1,2
13263,3176,1012,40,23034,22784,1994,23184,29416,19,1,2
13264,3977,531,40,8486,8326,971,8637,14156,11,1,1
13265,3837,531,40,6683,6523,1233,6833,12484,12,1,1
13266,5721,3376,40,16131,15690,3326,16301,28774,50,1,1
13267,7555,5039,41,21831,21240,1853,22012,36509,72,1,1
13268,7284,5921,40,26220,25539,1553,26420,41218,84,1,1
13269,5450,2385,40,20639,20288,1503,20799,30177,38,1,1
13270,4929,3186,40,13686,13245,1302,13866,23334,51,1,1
13271,6903,4468,31,15038,14497,2615,15219,29245,64,1,1
13272,6422,3687,40,19117,18635,2054,19287,31500,57,1,1
13273,7334,2104,40,18004,17673,1653,18154,29295,34,1,1
13274,6773,3947,40,13937,13436,1242,14117,26119,59,1,1
13275,6522,4479,40,31610,31029,4027,31790,46858,65,1,2
13276,3367,120,40,11151,11061,2004,11291,16812,1,1,1
13277,13896,7224,40,21651,20920,17834,21841,60855,91,1,1
13278,3547,1613,40,13606,13325,2044,13776,21020,29,1,1
13279,6292,3707,40,19928,19437,16040,20108,46197,58,1,1
13280,4018,1613,40,17533,17263,1463,17693,24847,28,1,1
13281,5831,1924,40,28564,28243,17984,28734,54513,30,1,2
13282,3547,1943,40,16030,15709,4258,16191,25979,32,1,1
13283,6092,2655,30,18415,18024,10630,18575,38002,43,1,1
13284,6612,6322,40,18345,17643,1072,18545,32601,87,1,1
13285,6913,3657,40,14247,13766,1844,14427,26881,56,1,1
13286,5851,4769,40,20509,19928,1803,20699,33172,71,1,1
13287,11723,8546,40,32261,31410,8106,32481,60886,104,1,2
13288,2785,702,40,7875,7684,2575,8025,14117,15,1,1
13289,4608,3727,41,30167,29655,3867,30348,42590,56,1,2
13290,5441,741,40,8075,7885,1402,8226,15850,16,1,1
13291,3166,842,40,12594,12403,5240,12754,22052,17,1,1
13292,3397,1573,40,18976,18705,2274,19136,26420,27,1,1
13293,7344,5711,40,19327,18665,1763,19527,34385,81,1,1
13294,7804,5240,41,21610,20989,2224,21801,37120,76,1,1
13295,7735,7804,40,21731,20889,1082,21942,38603,107,1,1
13296,6603,3667,40,19166,18685,2906,19346,32562,57,1,1
13297,7113,6342,40,19927,19226,1532,20128,35156,86,1,1
13298,5620,1854,40,17954,17654,5200,18124,30838,32,1,1
13299,13075,14417,40,22232,20980,1744,22492,51768,165,1,1
13300,6673,4528,40,15820,15279,2434,16011,29686,66,1,1
13301,3817,711,40,11521,11341,1663,11673,17904,15,1,1
13302,11733,6782,40,29946,29236,9858,30147,58581,85,1,2
13303,6242,2715,40,33413,32953,3977,33584,46558,42,1,3
13304,2745,481,40,5601,5440,1262,5741,10289,11,1,1
13305,1332,150,41,6432,6342,1463,6573,9578,3,1,1
13306,3767,290,41,7905,7774,1513,8046,13656,7,1,1
13307,5661,4599,40,15289,14748,3827,15489,29616,65,1,1
13308,5941,4929,40,20409,19837,1804,20599,33313,70,1,1
13309,6723,6132,40,22001,21330,1793,22192,36900,84,1,1
13310,7284,5320,41,21079,20468,1904,21280,35818,75,1,1
13311,6884,6362,40,15970,15239,1162,16170,30608,90,1,1
13312,6903,4790,40,14287,13726,2705,14467,28925,68,1,1
13313,6582,3427,40,18896,18435,1613,19066,30728,53,1,1
13314,7284,6111,40,19657,18966,1382,19858,34675,86,1,1
13315,6853,4499,40,18565,18154,1353,18745,31480,47,1,1
13316,6021,4920,40,16311,15690,1132,16501,28614,74,1,1
13317,6222,4639,40,14377,13786,2265,14557,27723,71,1,1
13318,3797,301,40,12513,12403,1733,12663,18545,6,1,1
13319,6151,2094,40,12143,11823,1613,12313,22212,35,1,1
13320,2164,111,40,6863,6783,6873,7003,16211,1,1,1
13321,15880,22322,40,26871,25007,12243,27181,77676,245,1,2
13322,2364,722,40,18004,17813,11441,18154,32731,15,1,1
13323,1854,120,40,4990,4900,1292,5130,8426,1,1,1
13324,3206,511,40,7414,7254,952,7564,12273,11,1,1
13325,6171,4608,40,17864,17302,2886,18044,31770,67,1,1
13326,7975,5490,40,20569,19947,5250,20769,39524,77,1,1
13327,7194,6262,40,26129,25428,1483,26329,41318,87,1,1
13328,4589,3146,40,15599,15189,1322,15780,24877,48,1,1
13329,7324,5110,40,16010,15399,2334,16200,31009,74,1,1
13330,5611,4448,40,26059,25518,1964,26240,38303,65,1,1
13331,4349,561,40,17403,17233,2064,17543,24567,12,1,1
13332,4248,1864,40,10379,10069,1693,10540,18395,32,1,1
13333,5891,2796,40,9358,8967,1252,9528,19507,43,1,1
13334,6161,4449,30,31079,30508,4248,31259,46167,63,1,2
13335,3787,922,40,9959,9749,1413,10109,16291,18,1,1
13336,2996,120,41,11091,11010,2074,11232,16462,1,1,1
13337,6002,3005,40,19598,19176,17893,19758,46718,46,1,1
13338,3747,2425,40,14027,13676,2515,14197,22934,39,1,1
13339,7484,5300,40,21150,20529,8937,21340,43101,76,1,1
13340,7263,6913,40,24246,23514,1082,24456,39755,92,1,1
13341,6923,3697,40,38443,37942,17163,38623,66456,55,1,2
13342,3326,2124,40,12584,12264,2745,12744,20989,34,1,1
13343,2364,1062,40,17734,17523,10700,17894,32070,20,1,1
13344,1623,271,40,14057,13936,17874,14207,34015,6,1,1
13345,16220,22773,40,24656,22833,21702,24977,85712,245,1,1
13346,5951,2455,40,8076,7735,11231,8246,27923,37,1,1
13347,16822,21621,40,25078,23264,19928,25388,83809,242,1,1
13348,16672,12684,40,33193,32030,11011,33443,73860,148,1,2
13349,5070,3256,40,11802,11372,6112,11972,26460,49,1,1
13350,8026,5129,40,20799,20198,4448,20990,38633,72,1,1
13351,3847,281,40,7474,7344,1493,7614,13275,6,1,1
13352,3667,180,40,7734,7634,1684,7875,13466,4,1,1
13353,5620,3146,41,14347,13936,4388,14528,27742,48,1,1
13354,3437,1503,40,18425,18164,3556,18575,27121,26,1,1
13355,6393,4658,40,14958,14407,3487,15149,29737,67,1,1
13356,5971,4949,40,20890,20308,2415,21100,34465,70,1,1
13357,8586,8236,40,20669,19808,1122,20889,38884,109,1,1
13358,5851,2364,40,18284,17944,13456,18455,40166,38,1,1
13359,7273,6382,40,20669,19968,1102,20879,35677,87,1,1
13360,5871,2915,40,18795,18405,7264,18976,35076,45,1,1
13361,6312,5631,40,18525,17894,1163,18725,31871,78,1,1
13362,6362,4959,40,16902,16330,1973,17093,30437,71,1,1
13363,4478,922,40,14508,14287,4819,14658,24937,19,1,1
13364,11131,6673,40,30608,29856,11912,30808,60564,88,1,2
13365,3347,1643,40,32722,32382,4499,32882,42411,26,1,3
13366,2345,280,40,5471,5340,1222,5611,9508,7,1,1
13367,3246,1102,40,21100,20840,1693,21260,27341,21,1,2
13368,6102,2735,40,19457,19056,19126,19637,47650,45,1,1
13369,9058,10650,40,18355,17312,3276,18595,41629,132,1,2
13370,5961,3677,40,19466,18966,16481,19647,45807,58,1,1
13371,6522,6062,40,22262,21591,1132,22452,36228,83,1,1
13372,5971,4549,40,20018,19457,1623,20208,32391,67,1,1
13373,4478,772,40,18565,18385,1763,18725,25788,16,1,1
13374,5941,1523,30,17844,17563,2314,18004,27832,28,1,1
13375,2204,301,40,10369,10249,572,10509,13646,6,1,1
13376,11252,8947,40,14978,14097,1042,15188,36469,111,1,1
13377,7515,6301,40,14357,13676,1453,14548,29857,84,1,1
13378,3947,371,40,11382,11232,1713,11522,17603,9,1,1
13379,2986,260,40,11582,11462,2034,11722,17042,6,1,1
13380,5581,2023,30,26139,25769,6953,26300,40887,34,1,2
13381,2074,521,40,17794,17633,10179,17934,30758,10,1,1
13382,3166,110,40,4930,4830,1282,5060,9668,1,1,1
13383,7955,7474,30,23956,23154,1162,24156,40787,100,1,1
13384,7053,4078,40,18175,17664,2084,18355,31620,60,1,1
13385,6963,5881,40,24266,23595,1453,24466,38793,82,1,1
13386,6572,4759,40,21842,21271,1653,22032,35056,69,1,1
13387,10239,8646,40,21621,20759,1092,21842,41859,110,1,1
13388,6713,5450,40,19868,19227,2264,20068,34535,79,1,1
13389,6402,2355,40,18916,18565,1493,19086,29376,38,1,1
13390,6822,4158,40,12694,12183,1212,12885,25107,61,1,1
13391,6272,4078,40,13135,12604,3066,13325,26791,64,1,1
13392,7995,6242,40,21812,21110,1152,22002,37441,87,1,1
13393,12273,10600,40,19106,18105,1834,19336,44073,129,1,1
13394,7363,4028,40,22032,21521,2044,22222,35697,61,1,1
13395,6883,5430,40,15189,14548,1874,15379,29616,79,1,1
13396,7384,5751,40,21240,20569,1853,21441,36479,82,1,1
13397,6813,6643,40,23995,23264,1092,24195,38803,91,1,1
13398,6963,3297,40,19707,19266,3557,19887,33754,52,1,1
13399,7184,6021,40,21180,20499,1693,21381,36319,85,1,1
13400,7674,5320,41,19276,18665,1533,19467,34034,74,1,1
13401,3947,1934,40,13345,13035,1533,13505,20969,32,1,1
13402,6602,3267,40,13415,12984,1834,13595,25328,50,1,1
13403,15019,10890,40,22072,21010,1122,22313,49404,139,1,1
13404,9437,5942,40,31730,31048,10420,31920,57769,78,1,2
13405,2755,1363,40,9278,9027,4338,9438,17944,24,1,1
13406,8346,6603,40,20980,20278,2885,21180,39044,86,1,1
13407,4077,762,40,11241,11051,1433,11391,17703,15,1,1
13408,4349,1312,40,8356,8126,1042,8516,15269,23,1,1
13409,1914,180,40,11832,11732,691,11972,14818,4,1,1
13410,17123,17463,40,23635,22132,7103,23915,65644,199,1,1
13411,4930,2174,40,14628,14287,1503,14788,23445,37,1,1
13412,5250,3026,40,19256,18846,11733,19436,39495,48,1,1
13413,7054,6211,40,19677,18996,1112,19878,34305,84,1,1
13414,6151,2635,40,28685,28284,13315,28845,50996,39,1,2
13415,7293,6443,40,19216,18505,4799,19416,37991,88,1,1
13416,6572,3437,40,18926,18475,7344,19096,36489,52,1,1
13417,6252,4579,40,14467,13916,1193,14647,26721,66,1,1
13418,6923,3337,40,13275,12824,2034,13455,25789,52,1,1
13419,6613,4979,40,15309,14727,1603,15500,28745,71,1,1
13420,4329,981,40,11662,11451,1623,11813,18796,19,1,1
13421,10971,8126,40,35387,34535,10971,35607,65705,102,1,2
13422,3126,812,30,31961,31690,3336,32111,39415,15,1,3
13423,2995,401,40,5370,5230,1202,5511,10159,9,1,1
13424,8206,7424,40,19357,18565,1062,19557,36289,99,1,1
13425,7354,2064,40,18345,18024,18806,18515,46779,35,1,1
13426,8887,9648,40,19206,18195,3076,19427,41088,125,1,2
13427,6102,3556,40,18855,18385,16290,19035,45035,54,1,1
13428,17063,6832,40,23244,22522,16000,23455,63390,90,1,1
13429,5740,2655,40,14948,14577,11842,15108,35406,41,1,1
13430,7204,2825,40,13355,12985,6592,13525,30197,43,1,1
13431,1653,641,40,25107,24917,13315,25258,40917,12,1,2
13432,3357,1362,41,12273,12012,11572,12424,28765,25,1,1
13433,3697,2715,40,13736,13355,5871,13906,26249,43,1,1
13434,3557,801,40,18876,18676,1633,19036,25067,17,1,1
13435,4779,2725,40,11842,11451,1783,12013,21340,42,1,1
13436,6963,3397,40,11201,10751,1463,11371,23244,52,1,1
13437,6392,4589,40,13916,13365,1603,14106,26750,67,1,1
13438,2395,110,40,11271,11171,2104,11402,16061,1,1,1
13439,3747,792,40,29335,29104,17363,29475,51437,15,1,2
13440,4578,1693,40,19066,18785,22092,19227,47630,28,1,1
13441,3547,601,40,6853,6703,962,7003,12173,12,1,1
13442,6873,5861,40,18715,18054,1182,18916,32882,82,1,1
13443,6332,2825,41,28594,28183,18966,28765,56918,42,1,2
13444,6793,6001,40,22122,21450,3597,22322,38753,83,1,1
13445,7564,3878,40,19306,18806,11611,19476,42590,58,1,1
13446,5510,3908,40,17323,16792,1252,17513,28223,63,1,1
13447,6642,4318,40,18595,18074,1613,18786,31399,62,1,1
13448,6693,4709,40,19136,18555,1353,19316,32131,71,1,1
13449,10810,8025,40,31179,30348,8306,31390,58591,100,1,2
13450,2956,1413,40,8927,8686,2555,9087,16061,24,1,1
13451,6953,5059,40,31780,31179,5711,31971,49734,70,1,2
13452,9949,9738,40,18855,17934,2164,19087,40978,120,1,1
13453,7134,5731,40,20649,19988,1763,20849,35537,82,1,1
13454,6773,5631,40,16581,15930,1764,16771,30979,80,1,1
13455,6863,5751,40,20809,20168,2334,21000,35998,79,1,1
13456,7354,6222,30,16882,16190,1062,17082,31771,85,1,1
13457,7094,5260,40,16501,15890,2194,16701,31299,75,1,1
13458,8386,4338,40,19888,19357,3136,20068,35968,64,1,1
13459,6753,5170,40,18986,18375,1273,19176,32422,75,1,1
13460,6923,4839,40,24567,23986,1563,24747,38122,71,1,1
13461,4248,2645,40,16090,15690,1333,16260,24537,45,1,1
13462,7023,3918,40,14608,14107,1623,14788,27402,59,1,1
13463,6272,5400,41,19807,19186,1824,20008,33544,76,1,1
13464,10270,6392,40,31400,30688,8406,31600,56728,83,1,2
13465,6693,4088,40,28935,28394,7384,29125,47320,60,1,2
13466,3516,652,40,9287,9097,1603,9437,15258,15,1,1
13467,3547,521,40,7624,7464,1092,7774,12964,11,1,1
13468,11842,12173,40,17864,16741,1704,18114,43883,147,1,1
13469,7013,4759,40,20639,20068,5330,20830,37982,68,1,1
13470,6863,5521,30,17483,16842,1453,17673,31570,79,1,1
13471,6202,3166,40,18745,18335,17153,18925,45486,48,1,1
13472,1993,171,40,9227,9127,561,9367,12142,3,1,1
13473,17422,19226,40,20930,19337,1854,21220,59773,213,1,1
13474,6833,3396,40,35467,35007,7835,35637,53751,49,1,2
13475,6312,3837,40,18665,18184,3677,18846,32702,56,1,1
13476,5219,3346,40,13556,13105,1282,13736,23634,52,1,1
13477,7083,3687,40,13366,12905,2003,13536,26369,53,1,1
13478,6222,4719,40,15048,14487,1713,15239,27933,69,1,1
13479,3256,160,40,11131,11041,1954,11271,16682,3,1,1
13480,2454,110,40,7474,7384,7454,7604,17683,1,1,1
13481,16651,22653,41,27121,25307,13225,27432,80011,244,1,1
13482,3326,150,40,5360,5270,1222,5501,10249,3,1,1
13483,2094,501,40,24606,24416,12704,24746,40096,10,1,2
13484,2485,150,40,6513,6412,1242,6653,10570,3,1,1
13485,2034,120,41,4909,4829,1653,5050,8887,1,1,1
13486,3677,2645,40,15459,15089,2345,15629,24336,41,1,1
13487,7494,3647,40,20068,19597,7555,20248,38984,55,1,1
13488,8155,7224,40,18455,17694,1232,18665,35316,97,1,1
13489,6062,3757,40,19166,18676,13375,19346,42581,58,1,1
13490,7053,5891,40,19988,19317,1122,20188,34294,83,1,1
13491,6342,3356,40,38713,38232,3226,38874,51848,49,1,2
13492,7394,5210,40,13886,13295,3095,14077,29816,72,1,1
13493,8395,6683,40,32582,31840,1172,32792,49082,88,1,2
13494,6582,5130,40,13516,12915,1974,13706,27432,72,1,1
13495,4598,792,40,11772,11582,1864,11922,19216,16,1,1
13496,13295,7354,40,21300,20559,13856,21511,56046,93,1,1
13497,7524,6442,40,15399,14678,1292,15600,30908,90,1,1
13498,7134,5931,40,21711,21030,5480,21892,40487,83,1,1
13499,3837,361,40,10450,10320,1753,10600,16601,8,1,1
13500,2845,1152,41,12383,12163,3206,12544,19797,21,1,1
13501,7624,4479,40,16371,15830,1803,16561,30507,65,1,1
13502,7364,4950,40,20158,19577,4669,20348,37381,72,1,1
13503,6081,4659,40,18976,18405,1353,19156,31289,68,1,1
13504,6302,3336,40,18875,18425,9457,19046,38182,52,1,1
13505,5380,3807,30,17954,17453,1293,18134,28664,59,1,1
13506,7244,3908,40,17553,17082,1753,17733,30678,55,1,1
13507,6883,4959,40,19346,18755,1223,19537,32642,71,1,1
13508,10991,9067,40,34505,33574,10450,34726,65274,114,1,2
13509,2604,1532,40,12123,11872,8436,12284,24907,25,1,1
13510,8456,6823,40,21200,20469,6733,21410,43462,92,1,1
13511,3807,781,40,11842,11662,1443,11992,18064,14,1,1
13512,12303,12143,40,17753,16641,2325,17994,44805,145,1,1
13513,7524,5551,40,21050,20399,1573,21240,35938,81,1,1
13514,7203,5581,40,15580,14939,2314,15780,30918,80,1,1
13515,7434,6712,40,21400,20679,1924,21601,37721,90,1,1
13516,9288,4468,40,21200,20679,10620,21381,45797,61,1,1
13517,3376,912,40,8597,8386,6432,8747,19507,18,1,1
13518,7795,4468,40,18715,18184,4389,18895,35598,63,1,1
13519,9267,4238,40,23995,23474,2124,24176,39855,62,1,1
13520,5220,2284,40,16722,16381,11612,16892,36058,37,1,1
13521,3015,1493,41,20528,20268,9038,20689,34275,25,1,1
13522,5570,1853,40,17654,17353,1533,17814,26831,31,1,1
13523,3426,1173,40,12894,12674,1373,13054,19076,21,1,1
13524,5530,3377,40,16581,16120,1323,16761,27051,55,1,1
13525,6272,4709,41,18975,18434,2444,19167,32632,65,1,1
13526,9909,7274,40,31119,30338,11702,31309,60244,93,1,2
13527,2935,1463,40,9578,9308,7044,9728,21230,27,1,1
13528,9167,5972,40,20649,19998,6011,20839,42029,79,1,1
13529,3987,682,40,7264,7083,1042,7414,13175,15,1,1
13530,3487,461,40,8085,7935,1483,8235,13716,10,1,1
13531,3627,1443,40,14848,14598,5280,15008,25408,25,1,1
13532,3336,2154,40,19457,19136,3627,19627,28794,35,1,1
13533,7144,5129,40,24275,23684,1282,24467,38062,72,1,1
13534,6512,5500,40,17403,16761,1102,17604,30768,79,1,1
13535,7284,4959,41,16451,15870,2314,16642,31249,71,1,1
13536,7635,4709,40,19427,18876,1483,19617,33494,67,1,1
13537,6723,5410,40,19617,18996,1173,19807,33173,76,1,1
13538,5941,2965,40,18374,17974,3075,18556,30567,46,1,1
13539,4679,3026,40,15449,15018,1413,15619,24787,49,1,1
13540,6873,2083,40,13094,12764,1763,13256,24016,35,1,1
13541,7274,6091,41,15178,14477,1573,15379,30357,86,1,1
13542,3035,571,40,11702,11542,1673,11853,17182,12,1,1
13543,5741,2745,41,26810,26400,8426,26981,43953,43,1,2
13544,1733,732,40,17844,17683,12023,17984,32532,12,1,1
13545,1303,280,40,7565,7444,1342,7695,10680,6,1,1
13546,3757,400,40,6742,6602,1021,6893,12122,10,1,1
13547,4639,2685,40,15560,15159,2695,15730,25789,45,1,1
13548,7805,4909,40,20329,19738,2354,20519,35627,72,1,1
13549,6963,5530,40,18364,17733,1502,18565,32601,79,1,1
13550,7234,5230,40,19938,19347,1553,20128,34195,72,1,1
13551,4689,2915,40,17042,16641,1343,17223,26210,46,1,1
13552,5761,3196,40,17533,17092,1383,17714,28094,51,1,1
13553,6623,5831,40,21000,20339,2074,21200,35768,82,1,1
13554,4117,1213,40,17764,17513,1623,17914,24917,23,1,1
13555,6181,5541,40,14458,13836,1092,14658,27512,77,1,1
13556,6803,5510,40,34045,33383,3767,34225,50355,76,1,2
13557,8856,1363,40,11993,11742,1353,12153,23765,25,1,1
13558,4399,370,41,11401,11271,1653,11552,18004,8,1,1
13559,2224,360,40,17643,17523,14738,17793,35156,7,1,1
13560,15810,21812,40,6613,4799,3256,6923,47851,243,1,1
13561,5771,3758,40,16200,15710,1312,16381,27272,59,1,1
13562,7033,5831,40,20479,19828,4759,20679,38332,80,1,1
13563,3055,311,40,7985,7835,1513,8115,13054,8,1,1
13564,6923,5420,40,15339,14718,1653,15529,29585,77,1,1
13565,6883,4708,40,16331,15770,2194,16512,30358,68,1,1
13566,6262,4178,40,19337,18806,1643,19517,31650,62,1,1
13567,6813,5390,40,19557,18916,1623,19747,33613,78,1,1
13568,6773,3617,40,18986,18525,8766,19166,38352,53,1,1
13569,5851,5099,40,18895,18274,1172,19086,31249,75,1,1
13570,6141,4990,40,19637,19046,2214,19817,33202,70,1,1
13571,9979,7153,40,32973,32170,12694,33183,63059,96,1,2
13572,2996,1943,40,10831,10529,3857,11001,19837,32,1,1
13573,8496,7634,40,20990,20188,2595,21200,39965,100,1,1
13574,4929,431,40,9789,9649,1443,9929,16772,9,1,1
13575,2915,481,40,7915,7765,1984,8065,13495,11,1,1
13576,2154,181,40,12032,11922,4578,12173,19126,4,1,1
13577,5891,3948,40,20799,20298,1684,20989,32572,61,1,1
13578,6462,4779,40,14918,14347,2234,15109,28614,68,1,1
13579,7414,5962,40,20959,20278,1923,21160,36509,84,1,1
13580,8105,7875,40,20649,19818,1042,20869,37931,106,1,1
13581,6463,1472,31,26920,26620,16290,27072,51347,25,1,2
13582,6723,5420,40,19527,18896,2796,19727,34696,76,1,1
13583,4449,1953,41,18535,18214,6662,18706,31800,34,1,1
13584,6913,6281,40,15850,15179,1102,16051,30377,82,1,1
13585,6863,3747,40,13235,12764,1883,13416,25959,56,1,1
13586,6682,5501,40,19797,19156,1684,19997,33904,79,1,1
13587,10840,7504,40,35366,34565,10269,35568,64221,96,1,2
13588,3326,291,40,14357,14197,2555,14507,20719,6,1,2
13589,4639,3687,40,20088,19597,2725,20258,31349,56,1,1
13590,3817,682,40,5631,5460,1042,5781,11382,14,1,1
13591,812,110,40,6332,6252,631,6472,8085,1,1,1
13592,5681,1022,40,8446,8205,1463,8596,16812,18,1,2
13593,5721,3877,40,14748,14257,3707,14928,28284,59,1,1
13594,6943,4569,40,20519,19968,1844,20709,34115,66,1,1
13595,7034,5590,40,18415,17763,1764,18615,33043,80,1,1
13596,7785,6593,40,20889,20168,5491,21099,41008,90,1,1
13597,6151,4909,40,14126,13555,1282,14318,26700,69,1,1
13598,6792,4389,40,14888,14327,2475,15078,28774,67,1,1
13599,7444,3456,40,18765,18294,2234,18926,32110,53,1,1
13600,6582,4810,40,18435,17864,1222,18625,31299,70,1,1
13601,5942,3025,40,18324,17914,3186,18505,30688,47,1,1
13602,5691,3877,40,15890,15399,1243,16080,26931,59,1,1
13603,6091,4369,40,14497,13966,2184,14687,27361,64,1,1
13604,4458,962,40,12935,12724,1623,13085,20168,19,1,1
13605,3998,1042,40,11852,11622,1733,12003,18826,20,1,1
13606,12093,5530,40,20369,19768,14067,20569,52289,74,1,1
13607,4499,441,40,13485,13325,1583,13636,20199,11,1,1
13608,6102,3096,40,20639,20218,16021,20809,46068,48,1,1
13609,3948,410,41,5440,5290,992,5581,10971,9,1,1
13610,6041,2194,40,7835,7505,972,7995,17252,36,1,1
13611,8025,6893,40,18876,18125,1884,19076,35918,94,1,1
13612,7244,5019,40,20258,19687,3086,20448,35858,71,1,1
13613,6954,5921,40,21711,21040,1663,21901,36479,82,1,1
13614,6653,5119,41,21630,21039,3737,21822,37381,73,1,1
13615,6012,4448,40,20589,20047,1252,20780,32532,66,1,1
13616,6732,4469,30,17223,16702,2064,17403,30718,62,1,1
13617,2354,992,40,11923,11712,2214,12073,17683,19,1,1
13618,6542,5110,40,17594,17003,1543,17794,31029,73,1,1
13619,4619,321,40,17523,17393,1704,17673,24357,7,1,1
13620,3136,852,40,12243,12053,2264,12393,18695,17,1,1
13621,7283,4939,40,14417,13816,4207,14617,31088,74,1,1
13622,9047,7184,40,21291,20499,2324,21501,40096,99,1,1
13623,3427,371,40,11792,11662,1693,11942,17473,8,1,1
13624,6382,1974,40,19257,18955,9658,19417,37481,32,1,1
13625,6783,5380,30,15640,15009,2545,15830,30568,77,1,1
13626,7374,6112,40,21350,20669,4047,21551,39124,85,1,1
13627,7895,7574,40,21681,20859,1042,21882,38443,103,1,1
13628,6061,2795,40,29245,28834,17754,29416,56076,43,1,2
13629,5561,4538,41,17733,17192,2966,17924,31049,66,1,1
13630,5751,2445,40,18465,18084,10259,18635,37130,41,1,1
13631,5120,3717,40,18846,18355,1463,19026,29356,57,1,1
13632,6302,4999,30,20369,19768,3567,20559,35477,73,1,1
13633,9869,8125,40,32302,31469,9558,32512,60114,102,1,2
13634,2505,1613,40,9899,9638,5140,10049,19347,26,1,1
13635,8606,6863,40,21681,20950,3677,21891,41077,92,1,1
13636,3837,631,41,8015,7824,1443,8156,14117,14,1,1
13637,3006,1082,40,8436,8215,1403,8596,14117,20,1,1
13638,6983,4609,40,14708,14137,4588,14898,31128,68,1,1
13639,3476,2304,40,19306,18946,4018,19476,29325,40,1,1
13640,7474,6372,40,18425,17724,3768,18625,36289,88,1,1
13641,7785,6923,41,21901,21150,2194,22112,39064,95,1,1
13642,7173,7024,40,16130,15359,971,16341,31569,98,1,1
13643,7284,5640,40,15709,15058,2726,15900,31600,81,1,1
13644,3437,1873,40,18645,18334,1844,18805,26010,33,1,1
13645,6673,5851,40,14227,13566,1092,14427,28083,81,1,1
13646,6472,5610,40,15719,15088,2464,15920,30507,79,1,1
13647,7414,4819,40,19427,18856,1393,19617,33303,71,1,1
13648,6282,4749,40,14217,13666,1192,14407,26670,67,1,1
13649,7303,3878,40,13666,13175,2254,13836,27311,57,1,1
13650,7424,4900,40,17283,16692,1753,17483,31590,72,1,1
13651,3637,421,40,11201,11041,1934,11341,17373,10,1,1
13652,2645,471,40,27802,27622,14307,27953,45426,10,1,2
13653,3707,431,40,33263,33022,2334,33413,39935,9,1,3
13654,4188,1122,40,5871,5641,1012,6031,12393,22,1,1
13655,3086,1132,40,7253,7033,1183,7414,12865,21,1,1
13656,7354,6031,40,16892,16220,3227,17082,33754,83,1,1
13657,7675,5390,40,20669,20078,2164,20869,36138,74,1,1
13658,2575,1673,40,15389,15109,2885,15550,22723,28,1,1
13659,6903,6081,40,21981,21350,2164,22182,37380,79,1,1
13660,7243,6453,40,16201,15479,1012,16411,31149,91,1,1
13661,7083,5420,40,15380,14757,2404,15580,30527,77,1,1
13662,4128,1703,40,17904,17604,1563,18064,25498,30,1,1
13663,5741,4298,40,21360,20840,1382,21551,33012,62,1,1
13664,6433,5019,40,15580,14999,1232,15770,28504,72,1,1
13665,4789,1293,40,17744,17483,1583,17904,25619,26,1,1
13666,7495,6342,40,15479,14768,1002,15679,30578,89,1,1
13667,6092,4548,40,13575,13044,1583,13766,26019,65,1,1
13668,4809,2165,40,22342,21992,1743,22512,31269,34,1,2
13669,3527,691,40,11642,11472,1914,11792,17984,15,1,1
13670,4749,872,40,29155,28934,6462,29305,41448,17,1,2
13671,2494,642,40,17733,17553,12294,17893,33353,15,1,1
13672,3266,441,40,5570,5410,1412,5720,10870,11,1,1
13673,1824,300,40,11993,11873,2856,12143,17163,7,1,1
13674,7434,4518,40,34536,33964,1282,34726,48010,66,1,2
13675,6482,5060,40,19006,18405,2264,19206,33072,75,1,1
13676,7163,5601,40,20409,19747,1803,20599,35226,81,1,1
13677,5971,4719,40,16732,16161,1313,16912,28965,69,1,1
13678,6863,4298,40,15349,14808,2234,15539,28974,65,1,1
13679,7945,6151,40,20388,19687,1573,20579,36298,86,1,1
13680,7935,3075,40,18695,18284,1433,18866,31349,46,1,1
13681,6051,3557,40,10760,10300,1021,10940,21620,55,1,1
13682,5590,2826,40,9317,8917,1212,9488,19176,47,1,1
13683,7064,4689,40,14127,13556,3156,14317,29266,70,1,1
13684,9188,8165,41,22542,21691,2235,22763,42391,109,1,1
13685,3096,711,40,12704,12524,5139,12855,21851,15,1,1
13686,13205,8205,40,22071,21220,1041,22282,44774,108,1,1
13687,6843,5811,40,15760,15119,2415,15960,31079,81,1,1
13688,7564,6091,40,21861,21160,1363,22062,37130,88,1,1
13689,7023,6362,40,16230,15509,1082,16431,30939,89,1,1
13690,6582,4278,40,21251,20700,2264,21431,34605,65,1,1
13691,6101,4789,40,17353,16792,1222,17543,29706,69,1,1
13692,7824,6963,40,22041,21290,1843,22252,38923,95,1,1
13693,3357,1202,40,14097,13856,1693,14247,20539,22,1,1
13694,7284,3867,40,12945,12464,1583,13125,25909,58,1,1
13695,5441,4017,41,18825,18314,2124,19006,30638,61,1,1
13696,9889,5420,40,20830,20219,9418,21030,45797,75,1,1
13697,8115,5681,40,16321,15650,1322,16521,31689,83,1,1
13698,5490,3016,40,27141,26680,9889,27311,45756,49,1,2
13699,6643,4579,40,11271,10690,1864,11461,24587,70,1,1
13700,3948,841,40,8015,7815,1082,8166,14077,17,1,1
13701,3697,291,30,7735,7615,1483,7875,13376,6,1,1
13702,3636,1122,40,13305,13085,4068,13455,22322,21,1,1
13703,6502,4719,40,28243,27631,3236,28424,42941,69,1,2
13704,6953,5440,41,22222,21600,1713,22423,36569,77,1,1
13705,6602,5330,40,16391,15770,1272,16582,29836,76,1,1
13706,6893,4649,40,15700,15149,2695,15890,30157,66,1,1
13707,5630,2726,40,19036,18635,1463,19196,29055,44,1,1
13708,6903,5801,40,21661,21030,1183,21861,35808,78,1,1
13709,4178,601,41,18454,18284,1623,18606,25048,12,1,1
13710,7875,3967,40,13545,13054,1684,13726,27302,59,1,1
13711,6352,2435,40,12954,12594,2104,13125,24056,41,1,1
13712,7203,5611,40,16061,15439,1362,16261,30487,78,1,1
13713,2895,421,40,11371,11231,1813,11522,16681,9,1,1
13714,2495,751,40,26531,26299,7714,26681,37681,15,1,2
13715,2755,692,40,6823,6632,2084,6973,12544,15,1,1
13716,3646,2325,40,27392,27022,3958,27562,37531,38,1,2
13717,5049,932,40,5661,5450,1112,5821,12954,19,1,1
13718,8396,7634,40,25859,25067,1052,26069,43202,100,1,1
13719,7104,6131,40,18374,17713,1552,18576,33413,84,1,1
13720,7334,5891,40,20860,20199,3346,21060,37671,83,1,1
13721,5941,4449,40,19537,18986,1232,19727,31399,67,1,1
13722,6542,3036,40,30798,30368,2946,30968,43532,44,1,2
13723,6021,4829,40,19096,18525,2805,19287,33002,71,1,1
13724,4679,912,40,17503,17293,2645,17653,25940,18,1,1
13725,4349,1973,41,12363,12032,2104,12524,21010,35,1,1
13726,6392,3467,40,11612,11171,1423,11792,23114,52,1,1
13727,5741,4258,40,15258,14727,2063,15450,27552,65,1,1
13728,3466,191,40,11161,11051,1924,11291,16932,4,1,1
13729,4519,561,40,29215,29015,16131,29365,50626,12,1,2
13730,1843,441,40,17734,17583,13696,17884,33904,11,1,1
13731,2945,571,40,7053,6883,992,7204,11772,13,1,1
13732,4038,2314,40,16702,16341,1473,16872,24747,40,1,1
13733,6382,3907,40,35778,35256,16541,35948,62818,56,1,2
13734,3126,1663,40,16140,15850,2285,16291,23405,29,1,1
13735,7524,4549,40,20769,20229,9377,20960,42450,65,1,1
13736,5982,3596,40,13726,13255,1382,13907,24917,54,1,1
13737,7364,4739,40,15319,14748,2394,15509,30056,70,1,1
13738,6502,5170,40,19758,19137,1623,19948,33303,76,1,1
13739,10770,7775,40,34175,33353,9448,34395,62428,99,1,2
13740,2745,1103,40,10900,10680,3647,11060,18585,20,1,1
13741,8286,7634,40,22061,21280,2073,22272,40326,100,1,1
13742,3627,842,40,7744,7564,1432,7895,13856,16,1,1
13743,3116,1102,40,13195,12965,4058,13345,21671,21,1,1
13744,6602,4128,40,20649,20128,1954,20829,33563,61,1,1
13745,6723,4328,40,17423,16882,5561,17613,34265,65,1,1
13746,7725,5851,40,21601,20920,2434,21801,37841,83,1,1
13747,8366,8736,41,24045,23153,1042,24266,42450,114,1,1
13748,7244,4118,30,18976,18445,5270,19146,35828,62,1,1
13749,7865,6422,31,25818,25107,1353,26019,41709,88,1,1
13750,6933,3877,40,21190,20699,2194,21371,34405,57,1,1
13751,3807,2124,40,13605,13285,1493,13766,21240,34,1,1
13752,6822,4228,40,14607,14086,1954,14798,27842,63,1,1
13753,6212,5170,40,19808,19197,1944,19998,33374,74,1,1
13754,10079,8226,40,37020,36178,9879,37240,65464,103,1,2
13755,6822,4910,40,28955,28354,4308,29145,45215,69,1,2
13756,3386,842,40,8456,8266,1593,8606,14487,17,1,1
13757,4167,562,40,7594,7424,1092,7744,13605,12,1,1
13758,12363,11291,40,16882,15820,2204,17123,43021,137,1,1
13759,7524,4398,41,21610,21089,3146,21802,36920,63,1,1
13760,6552,3957,40,16240,15740,1352,16422,28323,60,1,1
13761,5971,2244,40,18475,18155,12985,18635,39885,34,1,1
13762,6632,6743,40,20329,19598,1042,20549,35016,92,1,1
13763,6512,3847,40,33584,33082,7424,33764,51597,54,1,2
13764,7004,4228,40,12814,12283,1663,12994,25929,63,1,1
13765,2475,932,40,17824,17613,4328,17974,25759,19,1,1
13766,4579,3316,40,16321,15870,1272,16502,25719,52,1,1
13767,6403,5239,40,16080,15479,2144,16271,30097,74,1,1
13768,3837,421,30,12434,12284,1723,12574,18595,9,1,1
13769,4178,671,40,11451,11271,1674,11602,18175,14,1,1
13770,2334,120,40,7064,6963,7304,7194,16992,1,1,1
13771,14177,13185,40,23745,22563,6693,24005,58100,156,1,1
13772,5019,812,40,5851,5651,1052,5991,12934,17,1,1
13773,2885,762,40,24707,24507,7945,24867,36499,14,1,2
13774,1924,120,40,6432,6332,1362,6573,10019,1,1,1
13775,2926,571,40,5350,5160,1293,5490,10320,13,1,1
13776,2605,1173,40,14868,14648,4138,15018,22984,20,1,1
13777,6994,4919,40,20469,19878,1693,20649,34305,71,1,1
13778,6131,4539,40,17974,17423,5100,18164,33974,66,1,1
13779,6773,4969,40,19878,19277,2274,20068,34134,72,1,1
13780,6452,5480,41,19346,18715,1142,19547,32671,79,1,1
13781,6903,4448,40,17002,16471,2104,17182,30698,63,1,1
13782,3145,470,40,17463,17312,1663,17604,22943,10,1,1
13783,6422,4459,40,19166,18625,1253,19356,31540,66,1,1
13784,8857,4979,40,37330,36709,13366,37531,64773,71,1,2
13785,6172,1853,40,12664,12353,13255,12815,34135,31,1,1
13786,10139,2835,40,9408,9017,5952,9578,28544,44,1,1
13787,3487,581,40,18696,18495,4679,18846,27653,12,1,2
13788,8155,4388,40,11261,10720,3767,11442,27802,64,1,1
13789,13455,6231,40,32241,31549,11682,32442,63861,81,1,2
13790,2294,531,40,17724,17564,15279,17864,36018,11,1,1
13791,4408,1634,40,7865,7585,1222,8025,15339,27,1,2
13792,4047,2014,40,10631,10319,2504,10801,19396,33,1,1
13793,7885,5531,40,18355,17703,1843,18545,33854,80,1,1
13794,7004,4869,40,30167,29586,4679,30357,46959,68,1,2
13795,6683,5500,40,19407,18786,5220,19607,37050,77,1,1
13796,6823,4969,40,19957,19366,3045,20158,35036,73,1,1
13797,5721,4468,40,16672,16121,1322,16862,28423,67,1,1
13798,6943,3778,40,15249,14768,2024,15429,28224,57,1,1
13799,6742,5691,40,19437,18775,1734,19637,33844,81,1,1
13800,10660,9007,40,34786,33894,10379,34997,65093,110,1,2
13801,2876,1763,40,30358,30037,5871,30518,41078,29,1,2
13802,3387,521,40,11552,11402,1763,11702,17403,11,1,1
13803,4318,1442,40,11241,10991,1363,11401,18565,26,1,1
13804,1834,160,40,11983,11883,641,12123,14808,3,1,1
13805,17593,18175,40,22643,21110,2104,22923,60845,204,1,1
13806,7134,5500,41,15339,14707,2003,15520,30217,77,1,1
13807,7885,6061,40,21381,20710,2404,21581,37981,84,1,1
13808,7654,7945,40,23514,22693,1042,23725,40416,105,1,1
13809,6823,3186,40,21270,20869,5170,21441,36660,44,1,1
13810,7775,7303,40,19987,19226,1222,20199,36539,96,1,1
13811,5771,2725,40,18585,18215,8066,18755,35357,42,1,1
13812,3807,1864,40,12965,12654,1553,13125,20389,32,1,1
13813,7133,3928,40,14017,13536,1943,14197,27251,57,1,1
13814,6753,5059,40,19066,18455,2184,19257,33303,74,1,1
13815,10570,7464,40,31880,31089,10159,32091,60314,96,1,2
13816,2615,1212,40,9538,9318,7264,9688,20819,21,1,1
13817,8786,8146,40,22483,21641,5290,22683,44965,106,1,1
13818,3707,892,40,7053,6843,1092,7204,12935,18,1,1
13819,3607,341,40,7865,7735,1593,8005,13596,8,1,1
13820,1663,220,41,12072,11972,602,12233,14768,4,1,1
13821,17152,18485,40,24326,22753,5440,24617,65734,210,1,1
13822,7103,5922,40,17603,16932,1513,17803,32401,84,1,1
13823,6793,4889,40,20379,19808,4258,20569,36549,70,1,1
13824,6352,5240,40,18925,18314,1182,19117,31931,74,1,1
13825,6412,2565,40,35668,35277,8195,35838,53060,39,1,2
13826,6753,5210,40,18505,17904,2415,18705,33123,75,1,1
13827,6382,2425,40,18265,17924,3426,18435,30718,37,1,1
13828,11973,13325,40,18956,17734,1042,19206,45596,160,1,1
13829,6502,5290,40,14989,14368,2364,15179,29385,76,1,1
13830,3677,471,40,11111,10961,1683,11261,17142,11,1,1
13831,2916,110,40,10881,10790,2214,11021,16301,1,1,1
13832,6082,2064,40,30698,30348,6843,30868,45887,34,1,2
13833,1322,291,40,17503,17373,15921,17653,35227,6,1,1
13834,15799,22302,40,6833,5010,3737,7153,49042,246,1,1
13835,4508,822,40,5881,5691,1002,6031,12413,16,1,1
13836,3126,1092,40,7765,7534,1132,7925,13325,20,1,1
13837,4068,561,40,6873,6703,1182,7023,12884,13,1,1
13838,4769,2655,40,15309,14928,2324,15480,25268,42,1,1
13839,6703,1783,41,18004,17703,18354,18165,45035,31,1,1
13840,12203,14989,40,21471,20098,2845,21741,51818,177,1,2
13841,6452,3066,40,18334,17924,12163,18505,40226,46,1,1
13842,5381,4147,30,19136,18625,1232,19317,30127,61,1,1
13843,6382,4940,40,36729,36098,4038,36919,52339,72,1,2
13844,6072,4458,40,14538,13986,1192,14728,26490,65,1,1
13845,5961,4759,40,16391,15830,4248,16572,31600,68,1,1
13846,8766,7033,40,21921,21180,2425,22132,40406,94,1,1
13847,4218,401,40,11662,11502,1803,11802,18274,10,1,1
13848,10750,3787,40,19406,18966,15529,19588,49704,53,1,1
13849,3296,2274,40,13525,13195,2385,13696,21691,36,1,1
13850,6994,5370,40,21400,20789,6672,21601,40667,76,1,1
13851,3006,561,40,7364,7194,982,7504,12113,12,1,1
13852,6432,4459,40,17733,17182,2354,17913,31209,66,1,1
13853,6813,3797,40,19828,19337,6312,20008,36970,57,1,1
13854,6092,4879,40,18695,18114,1212,18886,31129,71,1,1
13855,5991,3236,30,18736,18294,9077,18906,37260,50,1,1
13856,5951,3516,40,14397,13926,1262,14578,25347,55,1,1
13857,6893,4018,40,14417,13906,2495,14597,28043,61,1,1
13858,6593,4799,40,22463,21902,1853,22653,35938,67,1,1
13859,12514,8676,40,32752,31891,8656,32963,62849,104,1,2
13860,7815,5390,40,29436,28793,3637,29626,46518,74,1,2
13861,4769,411,40,9618,9478,1443,9768,16441,10,1,1
13862,2976,390,41,7955,7814,1643,8096,13155,9,1,1
13863,1843,181,40,11822,11722,621,11962,14647,3,1,1
13864,17122,18876,40,22923,21341,2364,23214,61626,211,1,1
13865,6282,4428,40,15159,14607,3677,15339,29776,66,1,1
13866,5751,4469,40,20639,20088,2715,20829,33824,67,1,1
13867,7745,7184,40,18575,17804,1122,18785,34876,97,1,1
13868,6422,4408,40,17282,16761,1913,17463,30257,62,1,1
13869,7144,3877,40,20169,19688,1362,20349,32782,57,1,1
13870,5621,4148,40,15970,15449,1233,16140,27192,60,1,1
13871,6943,5421,40,18515,17884,1814,18705,32943,78,1,1
13872,7595,2284,40,19698,19346,1553,19868,31350,39,1,1
13873,8877,2545,40,9077,8747,14377,9237,35076,35,1,1
13874,16131,20990,40,24246,22503,19577,24556,81294,235,1,1
13875,1593,171,40,7033,6933,7464,7183,16461,3,1,1
13876,16942,20699,40,20398,18675,14768,20699,73158,231,1,1
13877,17183,11491,40,31399,30347,12554,31630,72908,130,1,2
13878,3156,1523,40,18785,18504,1603,18946,25278,26,1,2
13879,1983,652,40,27833,27622,10910,27973,41578,13,1,2
13880,3477,771,40,5921,5731,1011,6062,11381,16,1,1
13881,4609,1022,40,7033,6803,1163,7183,14017,20,1,1
13882,3767,531,40,8125,7955,6462,8276,19076,13,1,1
13883,5240,3206,40,14087,13676,4589,14257,27342,46,1,1
13884,3847,2124,40,18936,18595,3106,19096,28213,36,1,1
13885,6331,5039,40,17143,16552,4508,17343,33272,74,1,1
13886,7584,6142,40,20829,20148,2155,21029,36970,85,1,1
13887,6322,5671,40,15269,14628,1102,15459,28604,78,1,1
13888,6973,4979,41,16160,15549,2515,16341,30858,73,1,1
13889,7364,3597,40,18996,18525,3226,19176,33413,55,1,1
13890,6933,5800,30,20899,20238,1133,21089,35007,81,1,1
13891,6072,2765,40,18515,18135,3186,18696,30769,43,1,1
13892,5130,3617,40,15780,15299,1252,15960,26009,57,1,1
13893,6151,4278,41,14377,13846,2144,14568,27191,65,1,1
13894,4479,631,40,12674,12494,1673,12824,19647,14,1,1
13895,3848,821,40,11923,11713,1623,12083,18415,19,1,1
13896,14097,7333,40,28884,28123,8445,29095,59001,92,1,2
13897,2164,541,40,17713,17553,11201,17854,31810,11,1,1
13898,2545,441,40,5420,5270,1263,5570,9859,11,1,1
13899,3186,841,40,7505,7304,1052,7665,12784,16,1,1
13900,5420,3106,40,16892,16462,2004,17082,27652,50,1,1
13901,6943,4058,40,20118,19607,7925,20308,39284,61,1,1
13902,7014,6021,40,19207,18515,1433,19397,33925,86,1,1
13903,6803,5039,40,20209,19627,3697,20399,35988,72,1,1
13904,4278,2054,40,10901,10590,1282,11071,18725,34,1,1
13905,6773,4839,41,16300,15719,1502,16481,29656,71,1,1
13906,6292,4579,40,19797,19246,2054,19987,32962,67,1,1
13907,5160,230,41,17262,17142,2064,17403,24897,5,1,1
13908,2625,180,40,9147,9047,551,9287,12704,4,1,1
13909,10470,8456,40,11562,10691,1072,11782,31810,110,1,1
13910,6302,4939,40,31339,30737,5440,31530,48251,69,1,2
13911,3527,400,41,11621,11481,1102,11773,16862,9,1,1
13912,5891,1583,40,18124,17844,17253,18284,43061,28,1,1
13913,5601,4138,40,14427,13917,1583,14618,25970,62,1,1
13914,6503,3947,40,20259,19748,5170,20439,36109,61,1,1
13915,6973,6512,40,17864,17152,1032,18064,32641,88,1,1
13916,6663,3236,40,15900,15460,2414,16071,28434,50,1,1
13917,6221,4258,40,20188,19647,4068,20379,34966,65,1,1
13918,6823,6142,40,21050,20378,1122,21240,35387,84,1,1
13919,6573,2855,40,18335,17944,7805,18505,35778,43,1,1
13920,10670,9618,40,21280,20319,1052,21510,42881,123,1,1
13921,6442,4659,40,19457,18875,2104,19647,32892,69,1,1
13922,9538,7404,40,36479,35697,14006,36689,67677,94,1,2
13923,5450,3727,40,28554,28054,4698,28734,42670,56,1,2
13924,3938,641,40,7865,7685,1423,8015,14057,14,1,1
13925,2976,521,40,8185,8035,1463,8335,13345,12,1,1
13926,6062,3957,40,14368,13857,4709,14548,29316,60,1,1
13927,3727,1653,40,18996,18705,3296,19156,27872,29,1,1
13928,5981,4739,40,16822,16261,4499,17012,32281,69,1,1
13929,5821,3867,40,20789,20279,2745,20970,33453,61,1,1
13930,7283,7364,40,21069,20288,1052,21281,37040,100,1,1
13931,6462,3396,41,18675,18234,5601,18856,34355,52,1,1
13932,7895,6803,40,23494,22823,1193,23694,39625,82,1,1
13933,4047,471,40,18145,17983,1683,18285,24536,11,1,1
13934,6533,5280,40,17082,16471,1132,17282,30287,75,1,1
13935,7294,3316,40,13837,13415,1513,14007,26180,49,1,1
13936,5651,4498,40,16060,15509,2014,16241,28444,66,1,1
13937,3757,621,40,11272,11101,1783,11412,17623,12,1,1
13938,12333,8376,40,31430,30577,11933,31640,64332,104,1,2
13939,4879,822,40,33132,32862,1052,33283,40066,15,1,3
13940,3937,812,40,5531,5320,1062,5681,11532,17,1,1
13941,3086,731,40,7204,7013,1052,7354,12283,15,1,1
13942,6081,5059,40,17263,16662,2284,17453,30918,73,1,1
13943,6843,5069,41,20879,20278,5290,21060,38322,73,1,1
13944,6893,5691,40,17393,16742,1653,17593,31870,80,1,1
13945,6923,5381,40,20458,19847,6762,20649,39755,75,1,1
13946,5881,3988,40,20348,19838,1242,20539,31690,61,1,1
13947,7173,4809,40,19487,18915,1463,19667,33152,68,1,1
13948,7103,3737,40,30749,30257,1813,30929,43622,54,1,2
13949,6823,5340,40,16250,15609,4288,16452,32953,79,1,1
13950,2164,571,40,17684,17513,2565,17814,23174,12,1,1
13951,6332,5300,40,14838,14237,1183,15028,27883,73,1,1
13952,7153,5451,40,14237,13596,1453,14427,28534,79,1,1
13953,4689,1683,40,22062,21751,1683,22222,30317,28,1,2
13954,4027,301,40,11421,11281,1673,11562,17613,7,1,1
13955,2955,201,40,25268,25108,9698,25408,38292,4,1,2
13956,2775,991,40,17913,17683,11531,18065,33423,21,1,1
13957,3106,601,40,5741,5570,1393,5881,11021,12,1,1
13958,1533,361,40,9218,9087,631,9368,11923,8,1,1
13959,13796,13435,40,25118,23895,1854,25378,54503,161,1,1
13960,4007,551,40,8275,8105,971,8416,14006,12,1,1
13961,6673,5440,40,19627,18996,1694,19807,33674,77,1,1
13962,6833,5350,40,19828,19187,4018,20008,36269,77,1,1
13963,11261,3968,40,20138,19657,18906,20318,54493,55,1,1
13964,3336,1373,40,9558,9308,11101,9708,25578,24,1,1
13965,16010,21772,40,19146,17393,10631,19456,67929,236,1,1
13966,1743,571,40,7575,7414,7915,7725,17994,12,1,1
13967,16782,22282,40,23424,21631,17162,23745,80011,242,1,1
13968,3838,771,40,18636,18445,3597,18786,27032,16,1,1
13969,1883,121,40,17152,17052,3216,17292,22562,1,1,1
13970,6011,3527,40,13626,13165,1503,13806,24877,53,1,1
13971,5701,4118,40,29105,28584,5310,29295,44464,58,1,2
13972,4689,370,41,7584,7454,1443,7735,14277,9,1,1
13973,11792,10981,40,20329,19266,2314,20559,45696,137,1,1
13974,7264,5541,40,21621,20990,1753,21811,36419,77,1,1
13975,7575,6091,41,16340,15689,2003,16542,32271,81,1,1
13976,7565,5460,40,20719,20098,1973,20920,35958,77,1,1
13977,8696,8677,40,25548,24667,1052,25768,44233,112,1,1
13978,6953,3367,40,19948,19517,4528,20128,35016,51,1,1
13979,7013,6182,40,23916,23223,1312,24106,38663,86,1,1
13980,7875,3868,40,24206,23695,2314,24406,38503,57,1,1
13981,7715,1022,40,14468,14237,1302,14738,24827,20,1,1
13982,6522,4068,40,18535,18014,1613,18715,30978,61,1,1
13983,6723,4899,40,19056,18485,1953,19247,32862,70,1,1
13984,10179,7184,40,31890,31099,9058,32090,58551,94,1,2
13985,5811,4268,40,35507,34936,3808,35697,49624,62,1,3
13986,2334,741,40,7804,7614,1252,7945,12333,16,1,1
13987,3617,281,40,7644,7514,1493,7784,13225,7,1,1
13988,3547,531,40,20168,19978,2184,20309,26611,11,1,2
13989,6031,1403,40,18164,17924,17774,18324,43572,23,1,1
13990,13947,17833,40,18425,16871,3086,18716,53632,205,1,2
13991,2545,811,41,17533,17352,15860,17684,36940,15,1,1
13992,6672,6843,41,2705,1953,3146,2896,19607,93,1,1
13993,6763,5040,40,18615,18024,1523,18805,32171,71,1,1
13994,7334,4799,40,18665,18104,2185,18855,33233,69,1,1
13995,5771,1893,40,19517,19216,1543,19678,28925,32,1,1
13996,6753,5590,40,24907,24266,1192,25108,38673,79,1,1
13997,3667,431,40,16882,16741,1142,17032,22322,10,1,1
13998,5982,4037,40,14267,13756,1252,14448,25769,60,1,1
13999,7264,3356,41,13255,12824,1913,13426,26009,49,1,1
14000,6392,4599,40,16381,15800,1784,16571,29376,69,1,1
14001,3867,712,40,12754,12574,1663,12904,19196,15,1,1
14002,14027,11592,40,37962,36850,11111,38202,74982,139,1,2
14003,2746,1152,40,25117,24867,5700,25278,34916,20,1,2
14004,3597,1002,40,5871,5651,1042,6021,11712,19,1,1
14005,9187,9538,40,27582,26620,1072,27792,47640,122,1,1
14006,6903,5320,40,17793,17162,1674,17994,31921,77,1,1
14007,6933,6162,40,20860,20178,2785,21060,36990,85,1,1
14008,11472,12754,40,23425,22232,1062,23675,48993,156,1,1
14009,7154,5070,40,15920,15319,1713,16100,30087,72,1,1
14010,3607,1403,40,17904,17633,1733,18064,24857,27,1,1
14011,7083,5571,40,19988,19337,1513,20178,34395,80,1,1
14012,2775,221,40,17273,17162,2254,17413,22703,5,1,1
14013,5230,2906,40,14778,14387,2004,14948,25138,44,1,1
14014,4268,1212,41,10309,10079,1383,10460,17363,22,1,1
14015,6462,4959,41,15329,14738,1713,15520,28704,71,1,1
14016,3797,471,40,11281,11141,1713,11432,17443,9,1,1
14017,2545,140,40,28564,28443,15088,28715,46548,2,1,2
14018,5229,2195,40,18635,18305,11682,18805,37961,35,1,1
14019,3226,752,40,7164,6983,1242,7324,12584,16,1,1
14020,3106,481,30,5611,5451,1553,5761,10941,11,1,1
14021,1993,962,41,10680,10469,2805,10831,16641,18,1,1
14022,7474,4508,40,22192,21631,1964,22382,36369,67,1,1
14023,7154,5941,40,22994,22342,1272,23194,37611,82,1,1
14024,6462,4729,40,22783,22212,1774,22963,35978,68,1,1
14025,5180,3537,40,16922,16471,1333,17092,27202,52,1,1
14026,7113,3657,41,15068,14587,1753,15239,27812,57,1,1
14027,6061,4920,30,19417,18825,1733,19607,32351,71,1,1
14028,10620,8276,40,31189,30337,7975,31409,58310,105,1,2
14029,2274,261,40,7795,7655,2134,7935,12644,7,1,1
14030,3496,2425,40,30688,30297,4308,30848,41137,39,1,2
14031,6853,3046,40,8546,8125,1513,8726,20178,48,1,1
14032,3677,942,40,7805,7595,1413,7955,14047,19,1,1
14033,1874,230,40,11933,11822,591,12083,14818,5,1,1
14034,17613,20539,40,23836,22161,2785,24136,65133,224,1,1
14035,7764,6893,40,17072,16341,1924,17283,33914,93,1,1
14036,7233,6232,40,21451,20759,1994,21651,37160,86,1,1
14037,8726,9138,40,16621,15720,971,16852,35717,116,1,1
14038,6813,4429,40,15068,14487,2054,15248,28584,69,1,1
14039,7684,5070,40,20048,19447,3547,20238,36579,72,1,1
14040,6322,4990,40,16631,16030,1143,16821,29316,74,1,1
14041,6763,5490,40,16622,15970,2024,16812,31129,79,1,1
14042,8255,5461,40,20058,19437,2625,20248,36639,75,1,1
14043,3526,1263,40,9919,9678,1332,10079,16230,23,1,1
14044,7845,6332,40,16431,15730,1343,16631,32191,88,1,1
14045,6732,5751,40,19658,18995,1923,19848,34304,81,1,1
14046,10339,7314,40,31300,30517,10159,31510,59352,95,1,2
14047,3336,1663,40,17903,17573,5119,18055,28233,29,1,2
14048,4468,2786,40,19106,18745,4098,19276,30678,40,1,1
14049,4027,752,40,8226,8045,1082,8376,14287,15,1,1
14050,12123,11652,40,17393,16291,1944,17633,43392,143,1,1
14051,7054,4468,40,20299,19758,5841,20489,37902,64,1,1
14052,6843,5550,40,17073,16441,1533,17273,31249,79,1,1
14053,6993,5060,40,21110,20509,5521,21290,38924,73,1,1
14054,571,191,40,7814,7694,7985,7955,16802,4,1,1
14055,16821,23094,40,28363,26630,21271,28674,89900,231,1,1
14056,3817,1052,40,9438,9218,9849,9588,24366,20,1,1
14057,2795,1734,40,17052,16762,8366,17202,30137,29,1,1
14058,3456,1724,40,13014,12714,3837,13174,22242,31,1,1
14059,2625,911,41,18474,18264,2444,18636,24646,19,1,1
14060,3998,450,40,18414,18264,1713,18565,24767,9,1,1
14061,5411,3717,40,16181,15680,1092,16361,26621,58,1,1
14062,2344,1563,41,13806,13535,2825,13967,20739,27,1,1
14063,2715,120,40,11863,11782,1323,12003,16211,1,1,1
14064,3487,651,40,11292,11121,1022,11442,16632,14,1,1
14065,12564,6762,40,30006,29255,7634,30208,57228,89,1,2
14066,2785,942,40,25699,25458,4639,25859,34265,18,1,2
14067,3687,261,40,6793,6663,1012,6933,11943,6,1,1
14068,3206,842,40,5921,5721,1042,6061,11201,16,1,1
14069,2825,1333,40,14858,14608,3577,15018,22813,25,1,1
14070,7905,5300,40,20549,19928,2284,20729,36278,74,1,1
14071,6552,5220,40,17903,17292,3987,18095,33894,75,1,1
14072,6873,4438,40,20088,19557,2335,20278,33964,65,1,1
14073,5961,4609,40,14057,13486,1182,14247,26039,68,1,1
14074,7224,4909,40,15289,14708,2685,15479,30337,70,1,1
14075,4067,772,40,17683,17503,1042,17833,23764,16,1,1
14076,4388,2726,40,15048,14658,1333,15228,23725,45,1,1
14077,3096,2033,40,14737,14417,2264,14899,22332,33,1,1
14078,3597,971,40,17743,17533,1263,17904,23775,19,1,1
14079,3327,1903,40,12023,11722,2134,12193,19597,32,1,1
14080,2605,912,40,22242,22002,1433,22392,27392,16,1,2
14081,6041,2826,40,12934,12544,1944,13104,23945,43,1,1
14082,10109,5059,40,20799,20238,9198,20990,45406,69,1,1
14083,6713,5250,40,21180,20569,2845,21380,36218,75,1,1
14084,22011,18626,40,25468,23885,1253,25748,67678,210,1,1
14085,4008,591,40,7645,7475,962,7795,13406,13,1,1
14086,3276,1032,40,11943,11743,2946,12103,19397,19,1,1
14087,7113,4669,41,23324,22753,1663,23505,37000,68,1,1
14088,7173,5641,40,20559,19918,1303,20759,34926,80,1,1
14089,6071,3417,40,19066,18615,7014,19246,35788,52,1,1
14090,6021,4820,40,19867,19276,1213,20047,32151,71,1,1
14091,6262,4949,40,19607,19016,2244,19797,33313,73,1,1
14092,3957,1684,40,17122,16832,1543,17282,24516,30,1,1
14093,11311,8897,40,39735,38854,11371,39956,71585,108,1,2
14094,3627,1162,40,6142,5892,1182,6292,12303,23,1,1
14095,6162,4648,40,31309,30738,4889,31500,47239,66,1,2
14096,3005,491,40,11492,11341,1693,11642,16871,11,1,1
14097,3887,1142,40,11071,10830,1372,11231,17663,23,1,1
14098,13315,13436,40,25729,24507,1433,25989,54203,161,1,1
14099,6863,5520,40,15820,15199,2304,16021,30748,78,1,1
14100,8086,5410,40,21040,20399,2405,21230,37171,78,1,1
14101,12303,12654,40,20188,19036,1873,20438,47319,152,1,1
14102,7003,5190,41,23444,22813,1343,23635,37211,77,1,1
14103,6983,6212,40,16902,16211,1433,17102,31770,86,1,1
14104,6914,5841,40,23074,22422,2154,23274,38233,82,1,1
14105,3717,1523,40,13826,13566,1573,13987,20830,26,1,1
14106,5972,3356,40,13716,13255,2385,13886,25639,54,1,1
14107,6883,5701,40,19878,19237,1713,20078,34425,80,1,1
14108,9969,4619,40,29586,29016,7945,29766,52349,65,1,2
14109,6863,4689,40,28885,28283,5410,29065,46077,69,1,2
14110,4148,391,40,7855,7705,1483,7995,14057,10,1,1
14111,13045,12774,40,20930,19777,1072,21190,48131,152,1,1
14112,7805,5481,40,19477,18846,3937,19677,36940,78,1,1
14113,7074,4809,40,18094,17513,1413,18284,31630,71,1,1
14114,7494,5410,40,20289,19637,3757,20479,37180,80,1,1
14115,6883,5761,40,20128,19487,1153,20318,34175,78,1,1
14116,6563,4909,40,38182,37572,7313,38373,57198,70,1,2
14117,5851,2645,40,18225,17844,2855,18395,29776,41,1,1
14118,5140,3597,40,13425,12954,1243,13615,23645,56,1,1
14119,7104,2996,40,13245,12844,2014,13415,25589,46,1,1
14120,6592,4899,40,14868,14287,1583,15059,28173,70,1,1
14121,2224,110,40,11071,10990,2184,11212,15790,1,1,1
14122,3457,671,40,24987,24777,10730,25137,40046,13,1,2
14123,2134,652,40,18064,17874,11662,18214,32692,14,1,1
14124,2605,220,40,5239,5129,1252,5391,9498,5,1,1
14125,2675,591,40,7615,7445,1282,7765,12343,12,1,1
14126,4128,601,40,6823,6652,1032,6974,12775,13,1,1
14127,3867,1904,40,14788,14478,2465,14948,23244,32,1,1
14128,6722,3527,40,18916,18465,19407,19106,48812,53,1,1
14129,4589,2415,40,16691,16321,1493,16861,25398,40,1,1
14130,5801,2344,40,19086,18756,13916,19257,41348,36,1,1
14131,4609,3306,40,18966,18515,1363,19146,28464,52,1,1
14132,6042,4669,40,20058,19507,3577,20248,34576,66,1,1
14133,8306,4057,41,18545,18074,2064,18726,33203,57,1,1
14134,6943,5781,40,13976,13335,1103,14166,28033,79,1,1
14135,6021,4599,40,31680,31099,4669,31860,47199,64,1,2
14136,3918,250,40,11472,11341,1653,11602,17463,5,1,1
14137,13616,5811,40,21190,20559,15580,21380,56427,76,1,1
14138,3446,1964,40,13776,13456,1814,13946,21210,35,1,1
14139,6212,3246,40,19026,18575,14037,19206,42751,53,1,1
14140,16621,10951,40,34957,33934,1262,35197,64071,133,1,1
14141,7163,3056,41,18054,17633,1984,18235,30468,49,1,1
14142,4889,2234,40,10420,10059,7554,10580,25297,39,1,1
14143,6933,5451,40,22723,22112,6071,22903,41418,74,1,1
14144,4198,1463,40,18896,18646,1603,19056,26360,25,1,1
14145,5140,2505,30,12844,12483,1363,13004,22052,39,1,1
14146,6924,3947,40,14508,14017,2344,14678,27953,58,1,1
14147,7093,5350,40,19557,18936,1513,19748,33764,77,1,1
14148,2013,1283,40,29396,29125,9608,29556,42670,21,1,2
14149,1342,441,40,9067,8917,4950,9217,16000,9,1,1
14150,8496,6753,41,20689,19977,3096,20900,39295,89,1,1
14151,4478,932,40,10099,9899,1383,10259,17102,19,1,1
14152,3086,912,40,8105,7895,1593,8255,13896,19,1,1
14153,13796,13536,40,18916,17714,1974,19166,48532,158,1,1
14154,7574,7144,40,20649,20018,1824,20849,37421,79,1,1
14155,7515,5310,40,14928,14317,5360,15108,33333,74,1,1
14156,3677,1533,40,18686,18425,3817,18846,27923,27,1,1
14157,7584,7354,40,22332,21541,1052,22542,38583,101,1,1
14158,6512,3988,40,38923,38403,4428,39093,54082,57,1,2
14159,7144,5981,40,20309,19648,3977,20509,37651,81,1,1
14160,7264,4829,40,19437,18846,4138,19617,35888,70,1,1
14161,6242,5320,40,17994,17363,1152,18174,30938,77,1,1
14162,6161,2906,40,13736,13335,1403,13906,24436,45,1,1
14163,5290,3748,40,17232,16762,2204,17413,28705,57,1,1
14164,3958,280,40,12424,12304,1723,12574,18575,6,1,1
14165,13456,9608,40,35548,34626,9628,35778,68500,115,1,2
14166,3366,2004,40,27222,26871,6943,27382,39745,33,1,2
14167,1092,110,40,6482,6402,1703,6623,9578,1,1,1
14168,1432,121,40,7544,7464,2114,7684,11381,1,1,1
14169,5340,3086,40,13937,13516,3687,14107,26270,48,1,1
14170,5922,4368,40,20238,19707,2124,20429,32883,64,1,1
14171,6653,5731,40,17533,16892,2926,17723,33083,79,1,1
14172,7144,5500,40,20309,19678,2114,20499,35307,77,1,1
14173,6662,5000,40,17333,16762,1152,17523,30377,70,1,1
14174,7224,4538,40,15740,15189,2785,15920,30528,66,1,1
14175,6422,3958,40,19016,18515,2805,19196,32431,59,1,1
14176,6463,4638,40,18485,17914,1222,18666,31029,69,1,1
14177,6903,3085,40,18394,17984,3075,18575,31690,48,1,1
14178,4479,2845,40,13616,13235,2595,13796,23755,43,1,1
14179,4518,982,40,11923,11713,1593,12073,19206,18,1,1
14180,7053,5871,40,15238,14587,1322,15429,29726,80,1,1
14181,3667,862,40,11822,11622,1633,11972,18184,18,1,1
14182,12193,7153,40,29947,29176,13436,30157,62969,93,1,2
14183,2415,661,41,17613,17433,14117,17764,35017,15,1,1
14184,3266,481,40,5370,5210,1012,5510,10319,11,1,1
14185,3046,992,40,7494,7294,1072,7654,12814,19,1,1
14186,4338,1072,40,15039,14818,1613,15189,22262,19,1,1
14187,6041,1363,40,22512,22242,15750,22672,45866,22,1,2
14188,4008,3316,40,17744,17303,2555,17924,27853,50,1,1
14189,5180,1894,40,17944,17653,9137,18104,34355,29,1,1
14190,4498,2966,40,10610,10210,1133,10860,19497,46,1,1
14191,7044,5059,41,16381,15789,1482,16572,30207,72,1,1
14192,6803,5260,40,18816,18215,1813,19016,32922,74,1,1
14193,6653,4168,40,12794,12263,1353,12974,25198,63,1,1
14194,1793,150,41,17122,17022,3036,17263,22302,3,1,1
14195,1844,140,40,9318,9218,661,9458,12143,2,1,1
14196,8676,7074,40,14738,13997,1042,14948,31770,94,1,1
14197,5882,4739,40,32030,31439,4820,32220,47701,67,1,2
14198,2274,431,40,11322,11181,1803,11462,16020,9,1,1
14199,4358,431,40,11522,11392,1693,11662,18204,9,1,1
14200,4609,261,40,17743,17623,16411,17884,39195,5,1,1
14201,4368,3787,41,14126,13626,1694,14307,24186,55,1,2
14202,3837,1583,30,19477,19197,5691,19637,30788,28,1,1
14203,7023,6452,40,20409,19697,1082,20619,35207,89,1,1
14204,5020,1933,40,18364,18084,18095,18535,43633,30,1,1
14205,15990,21250,40,22753,21009,3146,23064,63490,230,1,2
14206,5771,3527,40,15089,14618,1362,15259,25969,54,1,1
14207,5109,1543,40,17834,17543,12163,17994,36849,29,1,1
14208,6191,3898,40,16611,16110,1243,16791,28173,59,1,1
14209,7384,4448,40,14287,13776,1513,14468,27863,62,1,1
14210,5951,4459,40,19437,18886,1773,19627,31870,67,1,1
14211,1383,731,40,10751,10560,10680,10901,23725,15,1,1
14212,12684,12964,40,23725,22532,10429,23976,60093,155,1,1
14213,7715,6121,40,29806,29105,7184,30007,51077,83,1,2
14214,3026,441,40,7725,7574,1583,7875,12965,11,1,1
14215,3106,1062,40,8677,8466,1513,8837,14558,20,1,1
14216,5170,2535,40,13696,13335,4058,13866,25679,40,1,1
14217,6823,4077,40,20358,19837,2856,20549,34335,62,1,1
14218,6743,5070,40,14778,14197,4428,14968,31269,72,1,1
14219,3667,1824,40,18886,18585,3897,19046,28464,31,1,1
14220,7775,8376,40,23765,22904,1052,23985,41218,110,1,1
14221,7013,1443,40,19276,19006,2946,19436,30868,27,1,1
14222,7374,5831,40,19006,18345,1563,19206,34014,81,1,1
14223,5972,3617,40,18475,18024,5310,18655,33594,53,1,1
14224,6903,6803,40,17744,17002,1062,17954,32752,93,1,1
14225,6342,5100,40,17463,16862,2174,17653,31309,73,1,1
14226,4589,1653,40,12273,11993,1353,12433,20068,28,1,1
14227,4118,972,40,11301,11101,1633,11461,18234,19,1,1
14228,3757,751,40,10850,10650,1663,11001,17212,16,1,1
14229,13385,8486,40,42531,41688,10119,42751,74781,104,1,2
14230,1784,120,40,7234,7154,1974,7374,11302,1,1,1
14231,1182,280,40,19537,19426,13365,19688,34565,6,1,1
14232,4418,1833,40,9367,9067,1933,9528,17763,32,1,1
14233,3116,781,40,7073,6893,1032,7224,12213,16,1,1
14234,6402,4859,41,16791,16220,2846,16982,31139,70,1,1
14235,7704,6222,40,21581,20899,1734,21781,37491,85,1,1
14236,6793,5641,40,17263,16622,2605,17463,32532,79,1,1
14237,2705,1463,40,18816,18545,2625,18976,25799,27,1,1
14238,6553,5380,40,19908,19277,1202,20098,33273,77,1,1
14239,5941,2795,40,29416,28995,4629,29576,42991,41,1,2
14240,6652,4900,40,18625,18034,4910,18815,35307,70,1,1
14241,6121,1383,40,17754,17483,2575,17904,28023,25,1,1
14242,6161,5159,41,14968,14347,1182,15159,27712,75,1,1
14243,6352,4689,40,13896,13315,2195,14086,27362,70,1,1
14244,4178,1252,41,11702,11461,1583,11863,18926,24,1,1
14245,4118,571,40,11412,11252,1844,11562,18135,12,1,1
14246,3487,401,40,25508,25318,11252,25638,40838,8,1,2
14247,1563,391,40,17934,17793,15369,18084,35447,9,1,1
14248,3577,3005,40,6482,6042,1473,6663,14768,46,1,2
14249,8777,9187,40,34084,33111,1042,34315,53371,119,1,2
14250,7064,5600,40,18455,17803,1963,18645,33323,79,1,1
14251,6723,5981,40,20358,19697,1944,20559,35267,83,1,1
14252,4368,2915,31,13746,13335,1432,13917,22672,46,1,1
14253,6963,5069,40,15359,14738,2164,15559,29796,76,1,1
14254,6613,5049,40,19677,19076,1623,19858,33193,73,1,1
14255,2945,201,40,17273,17162,2655,17413,23264,5,1,1
14256,5320,2465,40,18345,17984,1773,18505,28103,40,1,1
14257,4098,1452,40,10229,9958,1353,10390,17333,27,1,1
14258,4669,3317,40,12874,12423,4148,13044,25228,51,1,1
14259,8476,7234,40,21641,20890,2365,21851,39986,96,1,1
14260,3837,1052,40,10039,9809,1483,10189,16591,20,1,1
14261,12965,12423,40,17363,16251,2274,17604,45316,144,1,1
14262,7644,3717,40,19908,19427,2294,20088,33793,57,1,1
14263,6933,5280,41,19316,18715,1733,19517,33513,74,1,1
14264,6993,4699,40,21802,21230,3036,21992,36750,69,1,1
14265,7004,6562,40,20058,19347,1062,20258,34936,90,1,1
14266,6082,3406,40,34074,33603,17924,34255,61707,51,1,2
14267,3246,2124,40,12103,11782,2305,12263,19988,34,1,1
14268,1963,572,40,17673,17513,10290,17823,30688,12,1,1
14269,3727,1684,40,11702,11431,1373,11872,18706,29,1,1
14270,6492,4639,40,18796,18245,1713,18986,31870,67,1,1
14271,7734,5551,40,20469,19818,2124,20649,36108,79,1,1
14272,9238,6081,40,31901,31189,12043,32101,59513,84,1,2
14273,2956,641,40,16081,15880,2264,16211,22122,12,1,2
14274,7394,6913,40,21110,20379,2054,21320,37721,93,1,1
14275,3917,722,40,7935,7755,1032,8085,13796,15,1,1
14276,3417,210,41,7494,7384,1473,7635,12775,5,1,1
14277,12444,12133,40,25869,24717,1222,26119,51958,146,1,2
14278,7173,4899,40,19867,19316,4349,20058,36539,67,1,1
14279,7224,5250,40,14978,14377,1774,15168,29456,74,1,1
14280,6913,5110,40,20800,20199,5280,20990,38333,74,1,1
14281,6983,6181,40,21460,20759,1123,21671,36008,88,1,1
14282,6943,2976,40,31580,31169,14127,31750,55846,43,1,2
14283,6803,5771,40,20509,19838,2404,20699,35717,82,1,1
14284,5892,3777,40,19296,18806,6402,19477,35578,57,1,1
14285,6352,5791,40,17413,16741,1292,17614,31099,82,1,1
14286,6913,2595,40,14257,13896,1784,14427,25769,40,1,1
14287,6642,5120,40,18185,17553,1492,18365,31679,76,1,1
14288,3877,742,40,12694,12494,1643,12834,19146,16,1,1
14289,13316,9538,40,31900,30968,9238,32130,64262,116,1,2
14290,2294,792,40,7735,7544,4779,7885,15790,15,1,1
14291,8176,6252,40,20869,20198,3958,21069,39505,83,1,1
14292,4408,662,40,7684,7514,1032,7835,13987,14,1,1
14293,3817,1172,40,5690,5450,1042,5842,11923,22,1,1
14294,3136,912,40,14097,13897,3216,14247,21561,17,1,1
14295,7374,5170,40,20549,19948,2275,20749,35618,74,1,1
14296,6793,5490,40,22642,22001,1873,22834,37030,79,1,1
14297,6802,5511,40,21721,21100,1754,21921,36038,77,1,1
14298,5921,4268,40,14839,14297,1202,15029,26450,65,1,1
14299,7163,5210,40,14808,14217,2756,14998,30177,72,1,1
14300,3947,662,40,17874,17693,1663,18024,24336,15,1,1
14301,5721,3797,40,14597,14116,1303,14777,25649,58,1,1
14302,6553,4579,40,14177,13606,1843,14367,27382,69,1,1
14303,4078,561,40,17383,17223,1884,17533,24116,13,1,1
14304,7083,6993,40,15078,14327,1122,15289,30527,94,1,1
14305,5951,4228,40,13506,12985,1924,13686,25839,63,1,1
14306,3977,421,40,11332,11181,1703,11482,17623,10,1,1
14307,3146,120,40,11662,11581,9928,11803,25037,1,1,1
14308,6983,2254,40,18936,18596,11352,19096,39735,36,1,1
14309,2705,802,40,24907,24687,8997,25057,37601,15,1,2
14310,2936,470,40,5761,5600,1593,5912,10941,11,1,1
14311,2575,1623,40,15339,15058,3506,15500,23254,28,1,1
14312,7955,5771,40,20559,19888,5200,20749,39725,83,1,1
14313,6552,5511,40,26650,26039,1213,26850,40176,76,1,1
14314,5791,4960,40,14938,14347,1323,15128,27252,73,1,1
14315,6943,4779,40,14718,14147,2254,14908,28945,70,1,1
14316,6342,4168,40,19086,18555,1994,19266,31810,63,1,1
14317,7244,3497,40,20679,20198,1363,20859,33003,55,1,1
14318,5942,4288,40,34295,33724,19086,34475,63841,64,1,2
14319,3837,1243,40,7153,6913,9508,7313,21931,23,1,1
14320,16300,18495,40,16000,14487,9949,16291,61075,202,1,1
14321,3527,1373,40,14998,14738,11312,15158,31410,25,1,1
14322,3466,1954,40,9759,9448,8706,9929,24085,33,1,1
14323,2986,1072,40,7975,7745,1372,8126,13606,21,1,1
14324,11171,11021,40,18325,17283,2665,18555,43462,135,1,1
14325,6813,5380,40,20739,20108,1653,20919,34826,76,1,1
14326,6612,5571,40,15630,14989,4198,15830,32251,79,1,1
14327,7283,5621,40,21381,20730,2114,21581,36639,81,1,1
14328,7865,8265,40,20558,19717,1102,20770,38042,108,1,1
14329,6603,2875,40,36299,35888,16812,36459,62789,41,1,2
14330,2976,1693,40,13696,13396,3076,13846,21631,30,1,1
14331,6783,3487,40,20088,19637,9087,20278,39675,51,1,1
14332,4188,2044,30,14277,13937,1413,14427,22122,35,1,1
14333,6823,3837,40,13125,12624,1713,13305,25738,59,1,1
14334,5570,4008,40,15369,14858,1924,15549,27091,59,1,1
14335,4358,1513,40,11592,11312,1553,11752,19226,29,1,1
14336,10810,6832,30,30678,29946,9297,30879,57859,86,1,2
14337,2685,952,40,22082,21852,8085,22232,34014,18,1,2
14338,7173,5751,40,20930,20298,6172,21130,40276,77,1,1
14339,4559,861,40,7905,7684,1031,8055,14567,19,1,1
14340,11582,11602,40,18044,16942,2475,18284,44003,145,1,1
14341,7094,5130,40,21240,20649,5070,21430,38764,71,1,1
14342,6702,5781,40,23875,23214,1633,24066,38232,81,1,1
14343,7193,5631,40,22332,21681,1543,22523,36930,80,1,1
14344,6713,5550,41,15950,15329,1142,16151,29596,78,1,1
14345,7244,5521,40,15048,14417,2696,15238,30759,78,1,1
14346,5881,2956,40,18645,18245,2845,18816,30558,47,1,1
14347,6282,5049,40,14798,14197,1163,14978,27512,72,1,1
14348,6923,5070,40,15199,14598,2004,15399,29436,74,1,1
14349,6392,2585,40,18505,18135,1483,18675,29185,40,1,1
14350,4779,3516,40,13917,13446,1272,14097,23715,55,1,1
14351,7184,3286,41,13375,12924,1863,13556,25929,52,1,1
14352,6943,5691,40,16862,16221,1803,17062,31559,80,1,1
14353,3647,631,40,11532,11362,1683,11682,17683,12,1,1
14354,13055,9208,40,30988,30087,11602,31209,65114,111,1,2
14355,5791,3296,40,28093,27623,5510,28274,42911,50,1,2
14356,2886,351,40,6763,6622,1202,6903,11382,8,1,1
14357,3877,882,40,5540,5320,1031,5680,11531,18,1,1
14358,1743,511,40,9438,9278,3186,9578,15068,11,1,1
14359,7023,4719,40,22342,21771,2145,22532,36459,69,1,1
14360,7244,5931,40,22212,21531,1633,22412,37260,84,1,1
14361,7213,5180,40,20559,19927,1774,20739,34956,77,1,1
14362,6643,5971,40,15399,14708,1052,15599,29306,86,1,1
14363,6603,4378,40,15349,14808,2905,15530,29466,65,1,1
14364,4359,1322,40,17994,17744,1603,18154,25478,25,1,1
14365,6652,4549,40,19818,19257,1232,20008,32491,69,1,1
14366,4548,762,40,30017,29817,1723,30167,37250,14,1,2
14367,3827,411,40,18996,18826,1723,19146,25137,8,1,2
14368,7023,5009,40,11922,11341,2104,12122,26299,72,1,1
14369,10780,4178,40,19848,19347,9769,20028,44805,60,1,1
14370,7223,4799,40,23244,22673,1513,23435,37020,69,1,1
14371,3867,762,40,7444,7254,972,7594,13235,15,1,1
14372,2404,612,40,10620,10450,581,10770,14417,12,1,1
14373,12023,10169,40,15770,14768,1653,16000,39895,130,1,1
14374,6452,3427,40,19427,18966,5270,19607,34796,54,1,1
14375,6963,5210,40,19196,18595,1192,19387,32792,74,1,1
14376,5611,2023,40,18404,18074,8906,18565,35156,35,1,1
14377,5030,2715,40,12454,12063,1122,12634,21541,44,1,1
14378,6653,4639,40,16742,16191,1693,16932,29957,67,1,1
14379,6212,4588,40,19627,19056,2004,19818,32652,68,1,1
14380,10620,9347,40,36879,35947,10439,37101,67547,116,1,2
14381,3156,1433,40,22753,22473,3437,22913,30979,24,1,2
14382,4719,3647,40,21090,20639,3116,21270,32802,54,1,1
14383,3797,1443,40,11832,11572,1353,11992,18645,27,1,1
14384,13054,13205,40,20388,19216,1944,20649,48902,155,1,1
14385,7204,5390,41,21731,21120,1773,21922,36339,76,1,1
14386,6853,5390,40,15579,14958,2004,15779,30077,77,1,1
14387,6993,5420,40,21451,20810,6152,21651,40276,80,1,1
14388,7184,7133,40,23865,23103,1062,24076,39505,97,1,1
14389,7253,6122,40,23094,22413,2605,23294,39314,85,1,1
14390,3777,381,40,16341,16211,1794,16491,22483,9,1,1
14391,3897,441,40,16662,16512,1693,16812,22893,10,1,1
14392,6282,4459,40,15890,15329,1593,16080,28464,67,1,1
14393,6522,2966,40,14257,13857,1413,14427,25388,46,1,1
14394,6281,4729,40,17843,17272,1803,18025,30888,69,1,1
14395,3717,661,40,12795,12624,1653,12945,19026,15,1,1
14396,1904,120,40,6983,6893,6974,7113,16151,1,1,1
14397,16200,20980,40,32432,30679,9628,32742,79580,232,1,2
14398,1723,311,40,26550,26390,13034,26700,41819,7,1,2
14399,3517,1543,40,7394,7114,1763,7544,14417,27,1,1
14400,3176,832,40,8346,8146,1423,8496,13977,17,1,1
14401,2525,390,40,12593,12453,601,12745,16301,9,1,1
14402,17132,16872,40,23475,22031,4038,23755,61827,192,1,1
14403,6803,5320,40,16842,16230,1463,17042,30668,76,1,1
14404,7585,6191,40,20819,20128,5010,21020,39846,85,1,1
14405,6823,5841,40,20830,20209,1352,21020,35086,77,1,1
14406,6221,2706,40,31349,30949,8867,31509,49343,40,1,2
14407,6622,5110,40,14908,14317,3617,15088,30497,73,1,1
14408,1904,801,40,17574,17392,4498,17714,24977,15,1,1
14409,10951,3606,40,11041,10590,18495,11201,44314,51,1,1
14410,9928,10049,40,16281,15319,14467,16522,51016,125,1,1
14411,6432,2245,40,26360,25979,10319,26520,45556,36,1,2
14412,4429,1843,40,8366,8086,8416,8526,23264,28,1,1
14413,4719,2144,40,6473,6132,6272,6633,19828,37,1,1
14414,7153,3758,40,14778,14317,4488,14958,30407,54,1,1
14415,2985,401,40,11672,11542,1703,11822,16952,9,1,1
14416,5250,1423,40,26701,26431,16772,26861,50356,23,1,2
14417,1743,431,40,22603,22423,12884,22743,37851,9,1,2
14418,2214,400,40,7494,7354,1312,7635,11601,9,1,1
14419,3777,301,40,6733,6603,1072,6873,12073,7,1,1
14420,3657,1543,41,14357,14096,2645,14518,22423,26,1,1
14421,7003,3236,40,24527,24066,18445,24707,53421,49,1,2
14422,3336,2695,40,17383,17012,632,17543,24266,41,1,1
14423,14848,15971,40,22453,21050,11010,22723,64592,186,1,1
14424,5080,3607,40,18625,18164,1333,18805,28865,53,1,1
14425,7103,4158,40,16682,16191,1984,16862,30147,58,1,1
14426,4919,1373,40,17974,17723,1583,18134,26059,25,1,1
14427,6432,4880,40,17503,16932,1202,17693,30267,71,1,1
14428,6231,3968,40,15299,14808,1463,15479,27181,58,1,1
14429,7484,7013,40,16401,15650,962,16611,32111,95,1,1
14430,6052,4538,40,14517,13986,6072,14708,31410,65,1,1
14431,8356,7755,40,21721,20890,3096,21921,41188,104,1,1
14432,3987,311,40,11402,11282,1703,11552,17593,7,1,1
14433,14337,8075,40,22453,21651,9828,22673,54954,102,1,1
14434,3066,1653,40,12935,12643,2244,13095,20108,29,1,1
14435,7094,5851,40,21240,20579,2986,21440,37421,83,1,1
14436,2945,351,40,7394,7264,1082,7544,11962,8,1,1
14437,5761,3497,40,17062,16621,2545,17252,29095,52,1,1
14438,8036,5730,40,20258,19617,2415,20459,36690,80,1,1
14439,6923,5941,40,23825,23154,1432,24026,38362,84,1,1
14440,3867,1022,40,16652,16431,1623,16812,23354,20,1,1
14441,5841,4248,40,16752,16211,1222,16932,28303,65,1,1
14442,7394,3987,41,14477,13986,1543,14658,27612,57,1,1
14443,5581,4188,40,19777,19256,1704,19957,31470,61,1,1
14444,10720,8045,40,34144,33292,11903,34355,65063,104,1,2
14445,2895,1663,40,10149,9868,3086,10310,17994,28,1,1
14446,8206,7855,40,21020,20218,1593,21230,38934,101,1,1
14447,5451,821,41,9838,9638,1413,9999,17714,17,1,1
14448,3807,701,41,7975,7784,1452,8116,14136,15,1,1
14449,12354,11972,40,17813,16711,1934,18054,44354,143,1,1
14450,7304,5460,40,21371,20730,1713,21561,36098,79,1,1
14451,6973,5771,41,15549,14888,2124,15730,30648,80,1,1
14452,6863,5871,40,21250,20609,2505,21450,36739,79,1,1
14453,8316,7604,40,16571,15760,1012,16791,33764,103,1,1
14454,8736,7114,40,16020,15279,1754,16230,33874,94,1,1
14455,6001,2745,40,19237,18835,1894,19407,30087,44,1,1
14456,5380,3697,40,15148,14657,1233,15329,25699,59,1,1
14457,6643,4859,40,16692,16090,1804,16882,30238,73,1,1
14458,4268,912,40,19156,18956,1643,19317,26180,18,1,1
14459,12734,13245,40,20979,19787,1733,21241,48993,157,1,1
14460,6262,4949,40,17594,17013,2164,17784,31219,72,1,1
14461,3947,571,40,10701,10540,1763,10851,17172,12,1,1
14462,3026,501,40,12403,12243,1793,12543,17924,12,1,1
14463,1813,171,40,8476,8376,601,8606,11241,3,1,1
14464,17884,10269,40,27892,26920,17564,28113,73880,120,1,2
14465,2706,1132,40,27041,26781,12083,27191,43152,19,1,2
14466,3005,841,40,7214,7024,1142,7374,12413,16,1,1
14467,3897,280,40,7765,7625,1473,7895,13596,7,1,1
14468,5881,2735,41,21660,21260,3827,21832,34315,44,1,1
14469,7935,6963,40,25539,24787,1312,25749,42009,95,1,1
14470,6713,5691,40,14307,13656,1102,14497,28053,80,1,1
14471,7494,5140,40,15529,14918,2725,15719,31118,75,1,1
14472,7183,4249,40,19487,18966,1733,19667,32882,61,1,1
14473,6682,5561,40,17824,17173,1152,18014,31459,79,1,1
14474,6742,5230,40,16492,15860,1863,16682,30557,76,1,1
14475,3987,862,40,17283,17092,1663,17443,23985,17,1,1
14476,3176,1002,41,14046,13836,2305,14197,20730,19,1,1
14477,6202,4669,40,14427,13856,2184,14618,27723,70,1,1
14478,4969,1403,40,12855,12614,1563,13015,20980,24,1,1
14479,4428,1423,40,11953,11682,1583,12103,19587,27,1,1
14480,12744,7244,40,29937,29155,10770,30147,60945,93,1,2
14481,2384,682,40,22833,22623,12864,22983,38953,13,1,2
14482,3056,921,40,7564,7364,1012,7725,12754,18,1,1
14483,4098,831,40,9338,9147,1403,9488,15870,16,1,1
14484,6682,5029,40,15139,14548,2715,15319,29796,72,1,1
14485,6783,4839,40,20008,19437,2084,20198,33944,69,1,1
14486,7414,4929,41,25488,24897,1573,25679,39645,72,1,1
14487,4819,3236,40,30798,30328,1333,30978,40406,51,1,2
14488,6573,4609,40,16681,16171,1442,16872,29536,62,1,1
14489,7263,5481,40,19998,19367,1553,20198,34525,78,1,1
14490,5771,1593,40,17924,17633,2124,18074,27612,29,1,1
14491,5550,4669,40,15039,14467,972,15229,26480,71,1,1
14492,4128,1743,40,12123,11833,1503,12283,19707,30,1,1
14493,6893,5641,40,32562,31901,5150,32762,50496,79,1,2
14494,1923,511,40,11331,11181,1753,11482,15709,11,1,1
14495,3877,361,40,11512,11381,1703,11662,17663,8,1,1
14496,2645,651,40,30277,30076,19707,30428,53471,12,1,2
14497,2725,982,40,17854,17623,12855,18004,34606,20,1,1
14498,7234,7083,41,16000,15228,992,16211,31550,97,1,1
14499,7404,4548,41,14587,14036,2074,14778,28844,67,1,1
14500,7133,4619,40,19948,19387,1844,20138,33774,67,1,1
14501,7093,6192,40,24376,23705,1133,24586,39044,84,1,1
14502,6032,2645,40,18244,17884,8997,18415,36139,41,1,1
14503,8797,3627,40,14027,13566,17844,14207,44525,54,1,1
14504,12153,9358,40,23494,22583,17053,23724,62338,118,1,1
14505,1573,251,40,8005,7885,8156,8145,18175,5,1,1
14506,16741,22753,40,23264,21431,22372,23575,85481,247,1,1
14507,16831,12112,40,32852,31730,9999,33093,72086,140,1,2
14508,2394,922,40,12013,11803,8276,12153,23795,18,1,1
14509,4799,3246,40,19327,18906,6702,19497,34304,48,1,1
14510,4498,1784,40,7494,7194,1132,7664,15108,32,1,1
14511,3997,1172,41,8135,7885,1393,8296,14888,23,1,1
14512,2845,612,40,7975,7785,1733,8115,13355,14,1,1
14513,4989,2776,40,21981,21571,3827,22152,33784,45,1,1
14514,6673,5360,40,15529,14918,2534,15730,30337,76,1,1
14515,7504,5821,40,21531,20869,2094,21721,37200,82,1,1
14516,7735,7414,40,24677,23885,1052,24877,41138,100,1,1
14517,6171,5260,40,20388,19787,2585,20569,34625,72,1,1
14518,8266,6001,40,36119,35447,3677,36319,54313,80,1,2
14519,6573,5260,40,15259,14658,1122,15459,28464,75,1,1
14520,6422,3266,40,12945,12503,1843,13115,24696,51,1,1
14521,7444,6041,40,17202,16541,1543,17403,32471,82,1,1
14522,3817,922,40,11332,11111,1653,11482,17914,19,1,1
14523,14537,11312,40,32852,31791,5020,33092,64011,135,1,2
14524,5621,4158,40,27001,26471,6092,27191,43092,60,1,2
14525,2655,401,40,7655,7504,1442,7795,12343,9,1,1
14526,4198,1283,40,5991,5741,1001,6141,12674,24,1,1
14527,1803,211,40,6642,6522,1492,6783,10339,5,1,1
14528,4228,2655,40,15580,15208,3306,15760,26009,43,1,1
14529,7485,4678,40,21580,21010,1893,21772,35868,69,1,1
14530,7404,6422,40,24757,24045,1654,24967,40487,90,1,1
14531,6342,4709,40,17333,16761,1173,17523,29797,68,1,1
14532,7033,4098,40,15440,14919,1913,15630,28714,63,1,1
14533,3827,1593,40,24897,24607,2375,25047,32892,25,1,2
14534,7143,5140,40,18836,18235,6021,19016,37370,74,1,1
14535,7244,5250,40,17303,16692,2104,17503,32141,75,1,1
14536,3867,1683,41,28874,28554,1744,29035,36359,28,1,2
14537,5370,1793,40,12353,12043,1513,12514,21230,32,1,1
14538,7024,5841,40,14568,13896,1583,14758,29246,83,1,1
14539,4268,1122,41,11922,11692,1593,12073,19106,22,1,1
14540,3246,311,40,25038,24867,11742,25178,40517,7,1,2
14541,2434,551,40,17723,17553,13786,17863,34675,12,1,1
14542,3046,491,40,5671,5511,1443,5801,10831,11,1,1
14543,3797,1813,40,23825,23494,1613,23996,31269,31,1,2
14544,7324,5360,40,24076,23445,3046,24266,40036,77,1,1
14545,7204,5781,40,26591,25949,1172,26791,40998,80,1,1
14546,6763,3607,40,21721,21271,2044,21901,34355,53,1,1
14547,10760,9688,40,21290,20328,1062,21521,43081,124,1,1
14548,7505,5640,40,20098,19456,1873,20289,35347,78,1,1
14549,2585,190,40,17153,17052,3126,17293,23244,4,1,1
14550,3527,1242,40,9789,9538,1743,9949,16521,25,1,1
14551,5330,2995,40,9769,9358,1212,9929,19527,47,1,1
14552,5971,4529,30,31069,30477,5510,31239,47309,65,1,2
14553,932,120,40,9328,9238,2435,9468,12995,1,1,1
14554,13305,10900,40,24726,23715,1052,24958,50265,131,1,1
14555,7184,5219,30,15289,14668,1923,15480,29836,76,1,1
14556,7013,5500,40,21721,21080,1903,21922,36378,80,1,1
14557,7394,7243,41,20478,19727,1092,20689,36458,96,1,1
14558,7134,4087,40,30507,29996,17774,30688,59733,57,1,2
14559,3407,2234,40,16742,16421,3677,16912,26290,35,1,1
14560,5992,3276,40,18685,18265,9878,18865,38062,49,1,1
14561,3928,2114,40,15319,14988,1413,15489,22984,36,1,1
14562,6963,3808,40,13455,12974,1624,13645,26080,57,1,1
14563,5320,4138,40,19567,19056,2194,19757,31449,61,1,1
14564,10671,8005,40,32471,31660,10089,32681,61487,99,1,2
14565,2905,1693,41,10580,10309,3947,10741,19336,28,1,1
14566,8937,6332,40,21200,20468,2354,21411,39074,91,1,1
14567,3948,311,40,7584,7464,1503,7734,13546,7,1,1
14568,2564,521,40,20308,20128,3377,20448,26971,11,1,2
14569,7233,4449,40,20659,20098,1643,20839,34214,67,1,1
14570,6903,5170,40,22763,22152,1693,22953,36760,74,1,1
14571,8666,9568,40,21931,20969,1042,22172,41478,125,1,1
14572,6823,3737,40,18705,18245,4259,18885,33754,54,1,1
14573,6983,6092,40,21321,20639,1312,21521,35958,84,1,1
14574,3687,1072,40,17203,16962,1623,17363,23785,23,1,1
14575,7194,6482,40,16922,16220,1062,17133,31921,89,1,1
14576,4168,501,40,12724,12574,6793,12874,24366,11,1,1
14577,3267,2084,40,14888,14567,2114,15058,22573,35,1,1
14578,3867,321,40,12854,12734,1723,13004,18955,7,1,1
14579,13736,10079,40,32401,31459,13355,32622,69852,118,1,2
14580,1723,561,40,8396,8226,5080,8546,15950,12,1,1
14581,8255,6663,40,21801,21080,4128,22021,41117,91,1,1
14582,4077,390,40,7655,7504,1142,7805,13455,10,1,1
14583,3797,491,40,5381,5220,1012,5521,10861,11,1,1
14584,7925,8055,40,25839,25007,1032,26059,43131,107,1,1
14585,4559,1523,40,16190,15900,1533,16340,23995,29,1,1
14586,5811,2715,30,18515,18124,9248,18675,36489,43,1,1
14587,8556,1673,40,8055,7774,13546,8216,32031,29,1,1
14588,15900,22292,40,25358,23525,20649,25668,84549,245,1,1
14589,871,161,40,11191,11091,631,11331,13044,3,1,1
14590,17563,14457,40,13766,12504,31520,14037,77617,168,1,1
14591,4519,3176,40,17313,16862,11983,17483,37211,52,1,1
14592,981,201,40,17152,17032,2905,17293,21430,4,1,1
14593,3817,300,40,16952,16822,1734,17092,22984,7,1,1
14594,6683,4388,30,14547,14016,1483,14728,27322,62,1,1
14595,6322,4629,40,13085,12554,1583,13275,25849,63,1,1
14596,3937,401,40,11402,11261,1693,11542,17613,8,1,1
14597,3216,271,40,11261,11151,1964,11411,16902,6,1,1
14598,6091,2395,40,19347,18986,5581,19517,33624,39,1,1
14599,6132,2795,40,27562,27171,1022,27733,37722,39,1,2
14600,3146,480,40,5640,5480,1313,5780,10760,11,1,1
14601,2324,1122,40,15119,14878,4078,15259,22843,21,1,1
14602,9157,7033,40,20699,19988,5190,20910,42340,90,1,1
14603,7464,6292,40,23795,23114,1112,23995,38913,85,1,1
14604,6803,5019,40,19918,19317,2976,20098,34946,73,1,1
14605,4258,2655,40,13896,13526,1132,14066,22171,43,1,1
14606,6632,4549,40,16351,15800,1503,16531,29265,67,1,1
14607,6873,5821,40,20108,19427,1483,20308,34525,85,1,1
14608,9297,1513,41,17833,17553,1694,17994,30528,28,1,1
14609,7134,5120,30,14417,13806,2044,14607,28945,75,1,1
14610,6252,4558,40,29646,29065,4538,29817,45225,65,1,2
14611,3957,832,40,8316,8115,1432,8466,14717,16,1,1
14612,1894,150,40,11552,11441,561,11672,14337,3,1,1
14613,17453,17413,40,23575,22092,2675,23855,61436,197,1,1
14614,7233,5801,40,15410,14768,2074,15600,30768,79,1,1
14615,7254,5100,40,21450,20829,1563,21641,35598,76,1,1
14616,8366,8586,40,24085,23214,1062,24306,42360,112,1,1
14617,6483,3977,40,29376,28854,4368,29556,44414,57,1,2
14618,6672,5611,40,20238,19607,5330,20439,38092,79,1,1
14619,6863,4078,40,19286,18785,1363,19466,31820,59,1,1
14620,4549,3076,40,16060,15650,1422,16241,25318,47,1,1
14621,6893,4088,40,13165,12654,1553,13345,25919,60,1,1
14622,5581,3967,41,17162,16681,2325,17353,29266,58,1,1
14623,2395,120,40,10420,10330,2324,10560,15429,1,1,1
14624,2495,621,40,27112,26891,7063,27262,37481,12,1,2
14625,6592,3286,41,38623,38132,1723,38784,50435,48,1,3
14626,9388,8406,40,16762,15890,2314,16982,37130,111,1,1
14627,6863,4769,40,20779,20218,7444,20970,40096,69,1,1
14628,6742,5721,40,17202,16551,1683,17403,31599,82,1,1
14629,7043,5921,40,21381,20729,6472,21581,41057,82,1,1
14630,11472,12573,40,25869,24716,1633,26110,51828,150,1,1
14631,6402,4588,40,37410,36809,2154,37602,50776,67,1,2
14632,6443,2635,40,18294,17924,1493,18464,29075,41,1,1
14633,4889,2956,40,15579,15159,1313,15749,24947,47,1,1
14634,6863,2926,40,14147,13756,1583,14327,25739,44,1,1
14635,6602,5621,40,15199,14568,1773,15399,29435,78,1,1
14636,3677,401,40,11321,11181,1794,11461,17383,9,1,1
14637,8706,5370,40,29316,28664,9538,29516,53170,76,1,2
14638,2916,972,40,25568,25328,5060,25718,34716,17,1,2
14639,3637,351,40,6682,6552,1022,6833,11893,8,1,1
14640,2966,280,40,5401,5280,1382,5541,10219,6,1,1
14641,2796,1553,40,14998,14718,3707,15148,23264,26,1,1
14642,7274,4739,40,20279,19698,2414,20459,34936,69,1,1
14643,6532,5550,40,18034,17383,4298,18235,34645,79,1,1
14644,7213,6393,40,20559,19857,2424,20759,36839,87,1,1
14645,7625,5891,40,15159,14478,1062,15359,29977,84,1,1
14646,6573,4699,40,15379,14818,2525,15569,29416,69,1,1
14647,3737,1173,40,17954,17713,1593,18114,24647,23,1,1
14648,5941,4238,40,19136,18605,1363,19316,30898,63,1,1
14649,5089,1673,40,18394,18084,1482,18556,26840,31,1,1
14650,7464,5972,40,14457,13776,2124,14657,30267,84,1,1
14651,4418,1072,40,11943,11712,1042,12093,18675,21,1,1
14652,6652,5300,40,14147,13545,1674,14327,27993,72,1,1
14653,10159,4699,40,20038,19487,16651,20218,51777,66,1,1
14654,3327,2204,40,13265,12925,2044,13425,21050,36,1,1
14655,8236,5741,40,22182,21531,8947,22382,45346,80,1,1
14656,3737,451,40,7354,7204,1042,7504,12784,11,1,1
14657,2384,321,40,8716,8586,591,8857,12203,7,1,1
14658,13706,13586,40,19868,18655,1112,20128,48572,160,1,1
14659,6542,3988,40,40156,39624,18766,40336,69672,59,1,2
14660,3066,2254,40,12804,12474,2444,12975,20789,37,1,1
14661,6282,2735,40,18996,18605,12483,19176,40727,44,1,1
14662,5461,3316,40,15840,15379,1383,16000,26210,52,1,1
14663,6833,2845,41,12163,11762,1763,12334,23815,45,1,1
14664,2945,2004,40,14848,14518,2204,15009,22192,34,1,1
14665,6312,3386,40,12865,12424,1833,13035,24616,51,1,1
14666,10600,6673,40,32472,31760,7735,32672,57730,85,1,2
14667,3336,311,30,24867,24697,3617,25007,32311,6,1,2
14668,4519,3096,40,19557,19136,3817,19737,31209,49,1,1
14669,4739,2254,40,12544,12214,1293,12714,21040,36,1,1
14670,12604,11832,40,17514,16442,2104,17764,44334,140,1,1
14671,7404,5741,40,21250,20609,1482,21451,36128,80,1,1
14672,6903,5660,30,15649,15008,2305,15840,30768,79,1,1
14673,7203,6162,40,21421,20749,1813,21621,36849,84,1,1
14674,9779,7143,40,24597,23975,9258,24797,51007,76,1,1
14675,7034,4689,40,24496,23965,3096,24686,39555,65,1,1
14676,6562,5230,40,31660,31048,5200,31850,48892,74,1,1
14677,2816,1663,40,21821,21551,602,21981,27112,28,1,1
14678,11672,13625,40,4608,3356,2564,4869,32772,164,1,1
14679,5671,2104,40,15519,15179,1443,15689,24937,37,1,1
14680,6953,3436,40,14348,13906,1673,14528,26640,53,1,1
14681,6312,4538,40,18795,18224,2535,18986,32421,69,1,1
14682,3717,571,40,12604,12424,1673,12744,18745,13,1,1
14683,14488,9147,40,32131,31240,7985,32331,64011,109,1,2
14684,2966,1082,40,9859,9639,9668,10019,23775,21,1,1
14685,10019,8206,40,21561,20729,7474,21781,47530,107,1,1
14686,3667,351,40,7965,7835,1483,8115,13656,8,1,1
14687,12213,12223,40,21311,20149,2004,21561,48031,151,1,1
14688,6943,4789,41,19116,18545,2004,19307,33083,69,1,1
14689,7214,5300,40,20369,19737,1482,20559,34585,76,1,1
14690,8236,5680,40,21761,21120,4108,21951,40026,79,1,1
14691,6001,5250,40,16572,15960,1262,16762,29315,74,1,1
14692,6713,4719,40,16572,16011,2314,16762,30568,69,1,1
14693,6903,4268,40,19226,18695,2074,19416,32701,64,1,1
14694,2945,2034,40,16802,16481,1743,16952,23714,33,1,1
14695,4508,2725,40,18815,18425,1794,18996,28063,44,1,1
14696,2645,811,40,17573,17383,1934,17714,23164,16,1,1
14697,1713,782,40,10039,9849,5390,10179,18124,16,1,1
14698,2024,711,41,10249,10069,1844,10410,15029,14,1,1
14699,2265,1212,40,14197,13947,2855,14347,20729,23,1,1
14700,3888,1212,40,11712,11452,1603,11872,18605,24,1,1
14701,3557,501,40,11311,11171,1704,11461,17253,10,1,1
14702,3266,150,40,7504,7404,7724,7635,18825,3,1,1
14703,16781,21812,40,26230,24426,14728,26540,79911,242,1,1
14704,2705,1152,40,23875,23605,13866,24025,41799,22,1,2
14705,2535,561,40,7544,7394,1172,7694,12013,12,1,1
14706,3657,380,40,6702,6572,1032,6853,11972,9,1,1
14707,2685,702,40,13866,13696,2936,14016,20399,14,1,1
14708,7735,3917,40,24607,24085,13425,24797,49924,56,1,2
14709,3015,2244,40,16040,15720,3878,16210,25408,35,1,1
14710,7394,4107,40,19807,19316,4689,19978,36218,58,1,1
14711,4228,2364,40,11342,10980,1353,11502,19497,38,1,1
14712,7144,5159,40,16341,15740,1382,16541,30267,74,1,1
14713,5401,1132,40,17754,17513,1613,17914,26090,22,1,1
14714,6863,4699,40,18215,17664,1232,18405,31239,68,1,1
14715,7023,5771,40,15059,14408,1072,15259,29165,81,1,1
14716,6072,4248,40,33483,32922,4217,33663,48251,62,1,2
14717,2585,1002,40,12634,12413,1654,12784,18065,19,1,1
14718,3677,631,40,11692,11512,1654,11842,17844,15,1,1
14719,10590,5390,40,21040,20428,19137,21220,56377,74,1,1
14720,3467,2495,40,13496,13115,2003,13656,21671,41,1,1
14721,7414,4739,41,21380,20809,5330,21581,39094,70,1,1
14722,3236,381,40,7344,7214,972,7494,12113,8,1,1
14723,5370,3777,40,17443,16973,2826,17623,29646,55,1,1
14724,7694,4649,40,19948,19386,3076,20128,35587,67,1,1
14725,7394,6072,40,24346,23655,2074,24546,40116,84,1,1
14726,3757,711,40,17212,17022,1664,17362,23535,15,1,1
14727,5901,4418,40,17193,16632,1212,17363,28945,66,1,1
14728,7875,4599,40,14718,14177,1453,14898,28885,65,1,1
14729,5781,4308,40,18865,18324,1953,19057,31149,65,1,1
14730,10440,7965,41,32341,31519,11291,32552,62288,100,1,2
14731,5691,4358,40,37861,37281,3878,38052,52029,63,1,3
14732,3016,521,40,7995,7825,1673,8145,13395,12,1,1
14733,12293,13406,40,22933,21741,2214,23183,51157,156,1,1
14734,8175,7214,40,23825,23024,1243,24035,40697,100,1,1
14735,6813,5941,40,16161,15490,2184,16361,31339,84,1,1
14736,6833,5601,40,21080,20439,4579,21270,38323,79,1,1
14737,8406,7444,40,20118,19307,1052,20328,37280,102,1,1
14738,6342,3637,41,32281,31789,11391,32462,53862,53,1,2
14739,7014,5640,41,14898,14277,3176,15089,30969,76,1,1
14740,2284,691,41,17903,17723,7003,18055,28093,15,1,1
14741,6703,5751,40,14978,14347,1102,15179,28775,78,1,1
14742,6793,3226,40,12885,12454,1863,13055,24987,50,1,1
14743,6272,5170,40,17082,16481,1583,17272,30337,74,1,1
14744,3707,581,40,12584,12404,1673,12734,18725,13,1,1
14745,12754,8987,40,31480,30608,7063,31700,60544,109,1,2
14746,5029,2545,40,27292,26901,5550,27442,40626,38,1,2
14747,1392,231,40,6713,6602,1422,6863,9948,5,1,1
14748,4088,281,40,7744,7634,1502,7895,13806,6,1,1
14749,3376,1263,40,12904,12684,4107,13065,21861,21,1,1
14750,8546,5390,40,28635,27993,5240,28835,48051,75,1,2
14751,6573,5360,40,15209,14588,2264,15399,29636,75,1,1
14752,2855,1713,31,19426,19126,6433,19587,30628,31,1,1
14753,6492,4659,40,16982,16421,1213,17172,29576,69,1,1
14754,6252,3958,40,15289,14798,2585,15459,28314,58,1,1
14755,6412,2605,40,18625,18265,1103,18795,28975,41,1,1
14756,7103,5180,40,17493,16882,1302,17694,31319,76,1,1
14757,7024,5310,40,16361,15740,1874,16561,30809,77,1,1
14758,3907,270,40,17032,16912,1743,17163,23133,6,1,1
14759,3086,832,40,12734,12544,2285,12884,19127,16,1,1
14760,4579,992,40,11923,11712,1653,12073,19357,18,1,1
14761,6182,5199,40,14758,14157,1402,14959,27782,74,1,1
14762,3887,732,40,11812,11632,1653,11962,18284,15,1,1
14763,11582,5119,40,20218,19617,15710,20409,52850,73,1,1
14764,3737,621,40,7625,7444,982,7775,13155,14,1,1
14765,6763,2835,40,23725,23313,11773,23895,45316,43,1,2
14766,6943,3947,40,13305,12824,1252,13476,25678,57,1,1
14767,3737,240,40,6712,6602,1032,6853,11912,6,1,1
14768,6723,5040,40,16692,16101,2424,16882,31119,74,1,1
14769,8045,5280,40,20328,19717,2425,20519,36299,74,1,1
14770,7093,5581,40,23485,22844,1443,23685,37852,80,1,1
14771,6933,4689,40,19607,19036,1513,19797,32962,68,1,1
14772,4389,2915,40,15981,15560,1312,16151,24817,47,1,1
14773,6572,4739,40,15760,15178,1873,15951,29185,72,1,1
14774,6282,4659,40,19597,19056,1884,19787,32642,66,1,1
14775,5511,1913,40,17984,17663,2204,18145,27833,33,1,1
14776,5651,4949,41,12423,11972,1152,12614,24416,54,1,1
14777,5801,3456,40,12624,12173,1243,12804,23334,53,1,1
14778,5981,3818,40,30748,30257,3687,30928,44474,56,1,2
14779,6182,2374,40,6151,5791,1143,6322,16071,40,1,1
14780,3006,1132,30,12203,11963,1383,12353,17914,22,1,1
14781,3988,431,40,11632,11471,1683,11772,17924,10,1,1
14782,3847,1102,40,30718,30467,9758,30858,45616,20,1,2
14783,5090,1202,40,17824,17574,11822,17984,36138,24,1,1
14784,7825,7384,40,21330,20529,1022,21540,37811,100,1,1
14785,6452,2746,40,18565,18184,18946,18745,46939,44,1,1
14786,7775,8105,40,16993,16120,2104,17213,35247,107,1,2
14787,6483,4608,40,13726,13155,1392,13907,26440,69,1,1
14788,6533,3306,40,18515,18075,10140,18685,38704,50,1,1
14789,5992,4638,40,17553,16982,1322,17744,29736,69,1,1
14790,7094,3857,40,14698,14207,1844,14888,27723,59,1,1
14791,5691,3948,40,16501,15970,1754,16681,28124,62,1,1
14792,7203,4278,40,13495,12974,1593,13686,26800,64,1,1
14793,11272,8075,40,31630,30788,9989,31840,61226,102,1,2
14794,3376,1203,40,17142,16892,2325,17302,24256,21,1,2
14795,9158,7965,40,21150,20329,1283,21370,39806,105,1,1
14796,3847,431,40,8026,7874,1503,8166,13997,9,1,1
14797,4708,1804,40,13265,12985,3737,13425,23724,30,1,1
14798,6432,4278,30,20759,20208,1813,20940,33513,66,1,1
14799,6903,5200,40,18836,18214,1703,19016,32872,76,1,1
14800,6563,5210,40,21711,21120,1844,21901,35568,73,1,1
14801,7554,7244,40,22042,21251,1132,22262,38232,101,1,1
14802,7244,3847,40,18856,18375,3517,19036,33704,57,1,1
14803,7104,6101,40,19387,18715,1333,19587,34165,84,1,1
14804,6863,3586,40,18976,18515,4739,19157,34395,54,1,1
14805,7014,6081,40,17443,16772,1103,17643,31881,83,1,1
14806,3076,841,40,13155,12954,2135,13305,19407,17,1,1
14807,6532,4829,40,15460,14889,1713,15640,28774,70,1,1
14808,3737,1202,40,11502,11261,1603,11662,18234,24,1,1
14809,11982,7204,40,29967,29206,12133,30177,61526,91,1,2
14810,2785,1273,40,26580,26310,5721,26740,36559,22,1,2
14811,2755,350,40,7704,7564,1213,7854,12213,8,1,1
14812,4088,781,40,6032,5831,1042,6182,12123,16,1,1
14813,2865,591,40,6954,6782,1182,7104,11782,13,1,1
14814,6382,3717,40,18465,17974,1963,18646,30738,57,1,1
14815,6853,4719,40,21090,20519,2906,21270,35798,69,1,1
14816,6913,5771,40,24727,24076,1473,24917,39124,81,1,1
14817,6012,4488,40,19297,18745,1242,19487,31259,66,1,1
14818,6322,3527,40,35978,35497,7083,36148,53120,50,1,2
14819,7254,5550,40,20889,20278,1443,21079,35367,75,1,1
14820,6482,2816,40,18385,17984,2986,18555,30879,45,1,1
14821,4448,2976,30,13906,13475,1313,14076,22873,49,1,1
14822,4438,1032,40,12133,11903,1593,12273,19396,20,1,1
14823,6332,4679,40,14958,14377,1684,15148,27883,70,1,1
14824,3737,451,40,11482,11321,1693,11612,17543,10,1,1
14825,2434,110,40,6943,6853,7183,7074,16861,1,1,1
14826,15910,21782,40,26721,24607,13746,27031,78509,238,1,1
14827,7294,3977,40,19306,18815,9338,19487,40136,58,1,1
14828,4048,411,40,5330,5190,1012,5470,10991,9,1,1
14829,2825,451,40,11853,11702,1322,12003,16631,10,1,1
14830,7023,5471,40,17182,16551,1753,17372,31660,77,1,1
14831,6603,2765,40,18976,18595,18315,19146,46869,42,1,1
14832,3687,3076,40,14828,14418,2385,15008,24196,47,1,1
14833,6612,4569,40,14818,14267,1263,15008,27502,67,1,1
14834,6512,3697,40,19097,18625,15068,19277,44584,55,1,1
14835,4879,3517,40,18565,18104,1293,18735,28474,53,1,1
14836,6202,4459,40,19837,19266,2425,20027,33153,68,1,1
14837,2836,310,40,17353,17223,2816,17493,23505,7,1,1
14838,3767,1553,40,12073,11793,1794,12223,19387,28,1,1
14839,5100,1462,40,10419,10139,1423,10570,18595,27,1,1
14840,3096,1984,40,14537,14207,5360,14698,25188,35,1,1
14841,8165,6993,41,21721,20989,3276,21932,40406,92,1,1
14842,3657,1243,40,10159,9919,1353,10319,16622,24,1,1
14843,4359,1422,40,21591,21330,1593,21741,29155,25,1,1
14844,7174,6011,40,23996,23314,1763,24196,39184,84,1,1
14845,7234,7143,40,20359,19587,1092,20569,36088,97,1,1
14846,6072,2074,40,26620,26260,17333,26780,52289,33,1,2
14847,3497,2565,30,18525,18154,641,18685,25438,40,1,1
14848,13475,14458,40,21831,20539,7995,22092,58070,170,1,1
14849,4138,2525,40,16091,15710,1483,16261,24437,41,1,1
14850,7364,4098,40,14347,13836,1463,14517,27492,61,1,1
14851,5831,4619,40,18746,18185,1914,18926,31340,67,1,1
14852,4178,1062,40,11131,10891,1633,11291,18204,23,1,1
14853,13185,9177,40,22783,21941,11451,23004,56877,109,1,1
14854,4449,3026,40,16391,15990,2004,16561,26080,46,1,1
14855,6192,3377,30,19306,18866,10641,19476,39736,50,1,1
14856,4288,3217,40,11151,10710,2535,11331,21411,51,1,1
14857,3917,281,40,7474,7364,1563,7624,13425,6,1,1
14858,3016,401,40,8115,7955,1503,8255,13225,10,1,1
14859,7063,4298,40,14317,13776,3767,14498,29666,64,1,1
14860,6332,4428,40,20078,19537,2515,20269,33584,66,1,1
14861,6522,5210,40,17583,16962,2985,17774,32551,76,1,1
14862,7184,5560,40,21320,20699,1723,21520,36028,78,1,1
14863,7454,7023,40,20419,19648,1042,20619,36178,96,1,1
14864,6252,2845,40,27492,27072,13466,27662,50265,42,1,2
14865,3476,2395,30,19056,18706,6973,19216,32110,38,1,1
14866,6362,3216,40,18596,18155,5861,18766,34265,51,1,1
14867,6472,4369,40,14247,13726,1302,14437,26610,63,1,1
14868,6762,3226,40,13064,12634,1984,13235,25247,49,1,1
14869,6262,4920,40,16902,16321,1483,17092,29817,71,1,1
14870,3687,862,40,13065,12854,1633,13215,19447,18,1,1
14871,11572,7143,40,30839,30086,12343,31049,62147,91,1,2
14872,2725,1423,40,25869,25579,6733,26029,36960,25,1,2
14873,2675,270,40,7505,7384,1382,7645,12022,6,1,1
14874,3997,1042,40,5741,5501,1062,5891,12042,23,1,1
14875,6112,5050,30,24656,24036,1272,24847,37321,72,1,2
14876,9147,6873,40,20739,20008,4638,20940,41658,91,1,1
14877,6903,5500,40,17623,17012,2004,17824,32271,76,1,1
14878,6873,5481,40,20439,19818,4739,20639,37762,77,1,1
14879,5711,3347,40,18555,18114,1333,18735,29156,52,1,1
14880,7053,3296,41,27091,26650,3006,27262,40667,48,1,2
14881,7935,5901,40,19928,19256,3307,20118,37321,83,1,1
14882,4508,1333,40,17754,17483,1603,17914,25388,25,1,1
14883,1924,271,40,10870,10750,672,11000,13927,6,1,1
14884,10300,7063,41,14858,14106,1092,15059,33564,95,1,1
14885,6352,5010,40,13846,13265,1734,14036,27172,70,1,1
14886,3767,381,40,11361,11221,1653,11511,17352,9,1,1
14887,3937,672,40,11792,11622,1824,11942,18425,14,1,1
14888,5361,1502,40,18314,18054,17774,18475,43162,27,1,1
14889,13155,13726,40,11522,10249,2715,11782,41418,165,1,2
14890,8546,7874,40,22011,21180,5972,22222,44665,104,1,1
14891,3166,621,40,5771,5601,1313,5921,11061,13,1,1
14892,3427,2114,40,16170,15830,2916,16340,24857,36,1,1
14893,7163,4980,40,20168,19597,3487,20358,36048,70,1,1
14894,6963,6072,40,24747,24056,1302,24947,39314,85,1,1
14895,6772,4438,40,19768,19227,2394,19958,33613,65,1,1
14896,5250,3757,40,16902,16411,1263,17092,27402,58,1,1
14897,7093,4579,40,15629,15079,1603,15820,29135,67,1,1
14898,6592,5060,40,20479,19878,1743,20679,34124,74,1,1
14899,7835,2685,40,18736,18364,1583,18906,31059,42,1,1
14900,7314,4769,40,14017,13446,1563,14207,27903,70,1,1
14901,6513,4959,40,31811,31179,6231,32011,49744,73,1,2
14902,2795,391,40,9258,9108,1864,9398,14508,10,1,1
14903,10990,9989,40,16771,15820,2354,17002,40386,124,1,1
14904,7444,5410,40,21160,20519,1723,21351,35968,78,1,1
14905,7234,5500,40,15029,14378,2555,15219,30568,80,1,1
14906,6793,5150,40,21100,20489,1372,21300,34655,76,1,1
14907,7103,6533,40,17272,16561,1022,17473,32181,89,1,1
14908,6792,4609,40,16041,15499,2535,16231,30217,66,1,1
14909,6252,4458,40,19907,19346,1894,20088,32742,68,1,1
14910,6964,5981,40,21541,20870,1112,21731,35838,83,1,1
14911,7133,4068,40,18856,18345,2435,19036,32732,61,1,1
14912,4368,2815,40,14958,14557,1323,15139,23675,46,1,1
14913,7614,4619,40,13045,12494,1232,13235,26750,66,1,1
14914,6192,4729,40,16582,16011,1833,16772,29576,69,1,1
14915,2985,702,40,11371,11191,1684,11511,16932,15,1,1
14916,2285,721,40,9999,9809,7434,10139,20619,15,1,1
14917,8837,6452,40,21801,21110,5490,22012,42831,86,1,1
14918,3697,591,40,7975,7794,1452,8126,13906,13,1,1
14919,8255,5831,41,29495,28814,5401,29706,49223,81,1,2
14920,3456,1203,40,8356,8115,1192,8506,14407,23,1,1
14921,2245,290,40,12263,12133,4608,12404,19587,7,1,1
14922,6913,4258,40,20358,19848,5510,20549,37270,61,1,1
14923,7724,5030,40,16671,16060,1372,16862,31038,75,1,1
14924,7324,5090,40,20419,19808,3537,20609,36620,75,1,1
14925,6442,6011,40,19507,18825,1102,19708,33303,85,1,1
14926,6252,3667,40,31901,31419,7945,32081,49985,53,1,2
14927,6593,5139,40,16290,15679,2675,16482,30929,75,1,1
14928,2936,721,41,17513,17332,5109,17654,26470,15,1,1
14929,6713,5540,40,17143,16491,1232,17323,30858,79,1,1
14930,6792,2144,40,13846,13515,1713,14016,24706,36,1,1
14931,6592,4980,40,14698,14107,1914,14888,28414,72,1,1
14932,3857,1152,40,11793,11562,1603,11953,18595,22,1,1
14933,12203,8486,40,30597,29716,13305,30809,64853,107,1,2
14934,5851,3056,40,26090,25648,4198,26260,39405,46,1,2
14935,4228,471,40,6773,6622,1092,6923,12764,10,1,1
14936,2244,280,40,5310,5189,1422,5461,9457,7,1,1
14937,2344,972,40,14918,14718,3768,15068,22212,18,1,1
14938,6873,4328,40,20318,19787,4999,20509,36749,64,1,1
14939,8266,7043,40,19658,18915,2234,19868,37451,94,1,1
14940,6893,4539,40,20108,19547,3266,20288,35036,67,1,1
14941,5751,3998,40,18755,18225,1372,18936,30097,62,1,1
14942,6472,3667,41,35857,35346,3427,36038,49654,56,1,2
14943,1793,110,40,17013,16932,3015,17153,22121,1,1,1
14944,3456,351,40,7214,7074,8336,7344,19537,8,1,1
14945,16912,21140,40,17053,15349,22953,17363,78408,229,1,1
14946,1203,250,40,11873,11763,11081,12013,24587,5,1,1
14947,13876,16291,40,15940,14517,9267,16211,55705,189,1,1
14948,3056,641,40,11743,11561,1663,11893,17303,15,1,1
14949,3857,1452,40,18465,18194,16631,18615,40607,26,1,1
14950,15880,22773,40,6793,4939,3807,7114,49614,249,1,1
14951,4709,3126,40,13876,13456,2615,14047,24547,48,1,1
14952,7234,1793,40,18515,18214,15218,18676,42961,31,1,1
14953,2494,231,40,7204,7093,1152,7354,11271,5,1,1
14954,7755,7594,40,19416,18625,1042,19617,36058,101,1,1
14955,6242,1984,40,29325,28995,19005,29485,56767,30,1,2
14956,3277,2124,40,18385,18064,3927,18555,27923,34,1,1
14957,7214,5210,40,20128,19517,9889,20318,42671,74,1,1
14958,6302,5340,40,19888,19256,1162,20078,32942,78,1,1
14959,6191,4890,40,19296,18735,2906,19476,33503,68,1,1
14960,11622,9528,40,35216,34295,9988,35447,66636,114,1,2
14961,6181,3317,40,39445,38943,1492,39605,50655,48,1,3
14962,5731,2675,40,8336,7965,1733,8506,18705,43,1,1
14963,4158,1362,41,11712,11471,1382,11873,18825,24,1,1
14964,13045,12694,40,25478,24326,1904,25718,53401,149,1,1
14965,7024,5510,40,15139,14528,3166,15339,31079,76,1,1
14966,6081,3567,40,19928,19457,1803,20108,31609,56,1,1
14967,7554,7464,40,19778,18996,1012,19988,36068,99,1,1
14968,6742,4319,40,22653,22132,1903,22843,35847,63,1,1
14969,6703,5090,40,20799,20198,1193,20979,34015,74,1,1
14970,6923,4839,40,25338,24767,2034,25528,39364,69,1,1
14971,4568,1914,40,14477,14147,1422,14637,22592,34,1,1
14972,7293,3757,40,14437,13956,1583,14618,27301,57,1,1
14973,6452,5120,40,20770,20158,1833,20970,34415,76,1,1
14974,8656,1122,40,13005,12755,1603,13155,24586,23,1,1
14975,13696,9989,40,31510,30538,10199,31720,65654,119,1,2
14976,7514,5160,40,29335,28705,5811,29526,48041,71,1,2
14977,2504,161,40,7704,7604,1834,7844,12383,3,1,1
14978,3707,972,40,7774,7554,1082,7925,13726,19,1,1
14979,13265,14427,40,18204,16922,1593,18465,47780,168,1,1
14980,7424,4618,40,20398,19847,4619,20589,37310,67,1,1
14981,6753,6072,40,17162,16471,1472,17363,31690,85,1,1
14982,2956,1823,40,19436,19146,5069,19598,29476,28,1,1
14983,6682,5801,41,17953,17312,1142,18155,31810,80,1,1
14984,7113,4509,40,20899,20358,1743,21089,34515,66,1,1
14985,6513,5119,40,19346,18745,1273,19536,32482,74,1,1
14986,6111,2265,40,18254,17914,2896,18424,29736,38,1,1
14987,11521,12183,40,21631,20489,1122,21872,46738,148,1,1
14988,6883,5541,30,15870,15239,2665,16060,31189,77,1,1
14989,3877,441,40,11472,11311,1703,11612,17673,10,1,1
14990,2104,120,41,6953,6853,6993,7084,16351,1,1,1
14991,17142,21461,40,26270,24497,22072,26590,87295,238,1,1
14992,2835,802,40,23244,23034,8476,23394,35547,15,1,2
14993,1864,280,40,12905,12784,1252,13045,16491,7,1,1
14994,3717,811,40,7104,6893,1052,7244,12874,17,1,1
14995,3226,1122,40,19246,18966,2575,19397,26360,21,1,2
14996,7544,4639,40,20218,19657,7234,20398,39865,67,1,1
14997,7244,6202,381,20018,19316,1603,20549,35648,86,1,1
14998,10761,8907,40,21451,20539,3977,21671,45356,117,1,1
14999,5590,3898,40,18194,17694,1242,18384,29155,60,1,1
15000,7243,4729,30,17133,16571,2124,17313,31459,67,1,1
15001,3427,1042,40,17703,17473,1613,17853,23975,20,1,1
15002,7153,5801,41,19877,19226,1142,20078,34204,81,1,1
15003,7224,6071,40,32852,32131,1142,33063,47530,84,1,2
15004,5871,4388,40,14678,14147,2094,14868,27261,65,1,1
15005,4338,1042,40,11933,11712,1603,12083,19106,20,1,1
15006,13135,4950,40,19948,19397,14056,20138,52319,66,1,1
15007,5852,4127,40,22833,22302,2495,23024,35538,64,1,1
15008,3417,220,40,6944,6823,1142,7084,11903,5,1,1
15009,4759,2996,40,16661,16261,2195,16841,26821,46,1,1
15010,6953,4088,40,30978,30438,18384,31158,60634,59,1,2
15011,5911,4538,40,21180,20629,2955,21361,34815,65,1,1
15012,7184,3466,40,19416,18966,12523,19597,42811,53,1,1
15013,6202,4949,40,17032,16431,1192,17222,29606,73,1,1
15014,6692,3747,41,12603,12113,1633,12785,24907,57,1,1
15015,2856,1853,41,14948,14647,2364,15119,22222,31,1,1
15016,6692,4779,40,13736,13155,1262,13926,26720,70,1,1
15017,10780,9197,40,33854,32922,12063,34065,66155,114,1,2
15018,2494,1433,40,9408,9158,5861,9558,19406,24,1,1
15019,8326,6162,40,21000,20338,4538,21200,40256,81,1,1
15020,3898,992,40,8716,8496,1673,8876,15479,20,1,1
15021,14287,15580,40,21832,20459,1733,22102,53752,182,1,1
15022,7304,5921,40,22853,22192,2053,23044,38372,82,1,1
15023,8727,7504,40,16642,15860,1483,16852,34626,100,1,1
15024,7384,6442,40,21431,20730,4819,21621,40326,88,1,1
15025,8265,8256,40,16411,15570,1082,16631,34284,108,1,1
15026,7043,5310,40,14828,14217,1974,15008,29395,75,1,1
15027,6903,3998,40,19316,18805,1443,19506,31880,61,1,1
15028,5751,4358,40,17433,16892,1413,17613,29185,64,1,1
15029,6512,4198,40,23054,22523,1623,23244,35607,63,1,1
15030,9238,3386,40,14788,14367,17283,14958,44895,46,1,1
15031,7685,1843,40,7203,6923,11683,7374,28625,30,1,1
15032,12042,13025,40,20670,19466,8325,20920,54352,156,1,1
15033,941,121,40,7604,7504,7885,7744,16721,1,1,1
15034,16972,21370,40,21821,20048,16732,22132,77246,237,1,1
15035,3527,1002,40,12654,12433,1753,12804,19126,19,1,1
15036,12093,8526,40,31059,30197,11301,31279,63259,105,1,2
15037,3757,2074,40,27572,27232,9408,27722,43021,33,1,2
15038,2204,291,40,6713,6592,1282,6863,10690,7,1,1
15039,4128,180,40,7755,7645,1633,7885,13876,4,1,1
15040,3366,1463,40,13415,13165,3738,13575,22182,25,1,1
15041,6321,4639,41,20208,19667,4088,20389,35477,65,1,1
15042,7053,5500,40,17623,16982,1533,17824,31960,79,1,1
15043,7033,4479,40,20729,20188,8576,20909,41047,64,1,1
15044,6402,5400,40,14949,14348,1152,15139,28133,72,1,1
15045,7314,5931,40,15459,14788,2375,15660,31310,83,1,1
15046,7364,4238,40,19226,18715,2805,19416,33864,61,1,1
15047,6292,4579,40,15840,15289,1283,16030,28224,68,1,1
15048,6753,5009,40,16351,15770,1773,16542,30137,72,1,1
15049,6903,2876,40,18445,18044,1423,18625,29867,46,1,1
15050,4799,3136,40,13526,13085,1312,13696,22993,49,1,1
15051,4278,662,40,11812,11642,1593,11962,18525,13,1,1
15052,7224,5460,41,15669,15028,1834,15860,30438,79,1,1
15053,2615,561,40,11793,11622,1292,11943,16461,12,1,1
15054,11843,6091,40,28964,28283,9959,29175,57098,80,1,2
15055,2475,601,40,22803,22613,8476,22953,34545,12,1,2
15056,3035,361,40,7565,7434,972,7705,12123,8,1,1
15057,3697,411,40,6923,6783,1002,7063,12223,9,1,1
15058,2144,1082,40,14307,14086,3616,14458,21360,20,1,1
15059,3517,2434,40,19777,19426,2545,19948,28484,38,1,1
15060,2925,1703,41,17062,16791,601,17223,22512,28,1,1
15061,10690,11181,40,22021,20939,2304,22252,46478,141,1,1
15062,4348,2976,40,14117,13716,1342,14297,23003,46,1,1
15063,7064,4548,40,15018,14497,2685,15209,29556,64,1,1
15064,6403,4157,40,19286,18755,1503,19467,31580,63,1,1
15065,5520,1533,40,17884,17604,2765,18044,27902,27,1,1
15066,5431,3887,40,13886,13376,1002,14067,24417,60,1,1
15067,5210,3597,40,14177,13706,3657,14357,26861,55,1,1
15068,5640,4679,40,20799,20258,2425,20990,33764,65,1,1
15069,2935,942,30,12153,11932,1072,12294,17293,19,1,1
15070,3577,270,40,11441,11301,1894,11571,17363,7,1,1
15071,11642,5771,40,22973,22332,7604,23164,48231,78,1,1
15072,6181,4910,40,15339,14758,1773,15529,28433,71,1,1
15073,7073,4899,40,21221,20659,2795,21411,36208,69,1,1
15074,5901,4178,40,18525,17994,1293,18705,30127,63,1,1
15075,6092,2504,41,27852,27462,19888,28023,56547,39,1,2
15076,3436,2625,40,15850,15459,3176,16021,25288,43,1,1
15077,6182,2594,40,18364,17984,12814,18536,40186,43,1,1
15078,9187,7324,40,18305,17544,1814,18515,36890,97,1,1
15079,7314,4057,41,14216,13706,1492,14398,27311,60,1,1
15080,5380,3577,40,23725,23244,2104,23905,35006,56,1,1
15081,11342,9518,40,34145,33203,11772,34365,67037,116,1,2
15082,2715,1002,40,9528,9308,4459,9678,17904,19,1,1
15083,8576,7515,40,21010,20238,2534,21220,39885,97,1,1
15084,3968,651,40,8296,8136,1443,8446,14548,13,1,1
15085,3526,1373,40,13155,12885,4168,13305,22422,25,1,1
15086,6271,4248,40,20408,19857,1463,20579,32621,65,1,1
15087,7835,6913,40,18214,17463,2074,18415,35277,94,1,1
15088,7134,5941,40,21701,21030,2154,21901,37180,84,1,1
15089,7374,6772,40,20619,19877,1062,20820,36068,93,1,1
15090,6502,1954,40,30618,30287,12413,30788,51687,31,1,2
15091,3046,1924,40,17954,17643,3987,18114,27101,32,1,1
15092,6412,2785,40,18695,18314,6482,18866,34585,42,1,1
15093,7004,6061,40,16882,16201,1042,17082,31239,85,1,1
15094,8315,4208,40,15248,14748,1322,15440,29325,60,1,1
15095,5841,4599,40,15279,14718,1813,15459,27752,66,1,1
15096,3727,1052,40,11392,11181,1623,11552,18004,20,1,1
15097,14377,8396,40,30607,29756,10339,30819,63981,103,1,2
15098,3066,1463,40,25729,25438,5821,25889,36279,24,1,2
15099,4088,781,40,8335,8155,1072,8496,14478,16,1,1
15100,3897,541,40,5601,5440,1012,5751,11241,12,1,1
15101,3707,1012,40,7053,6843,1173,7203,13145,19,1,1
15102,4298,962,40,16161,15950,1623,16321,23244,19,1,1
15103,6853,4148,40,29155,28634,9979,29335,50365,58,1,2
15104,5210,4168,40,14929,14427,2404,15119,26951,61,1,1
15105,7174,5350,40,20629,19998,7174,20819,40567,76,1,1
15106,6252,5029,40,19066,18455,1182,19256,31760,74,1,1
15107,6652,3397,40,36068,35587,7013,36238,53350,53,1,2
15108,5220,2735,40,17503,17103,1423,17673,27091,44,1,1
15109,5922,2865,40,18215,17834,3537,18395,30769,44,1,1
15110,5761,4729,41,16310,15729,1172,16501,28214,70,1,1
15111,4709,962,40,23975,23725,1934,24125,31780,18,1,2
15112,2816,180,40,11352,11242,2074,11482,16602,4,1,1
15113,2555,211,40,25538,25388,11432,25678,39936,4,1,2
15114,2264,952,40,17864,17654,11963,18014,33243,19,1,1
15115,2054,120,40,5120,5020,1322,5250,8786,1,1,1
15116,2925,1273,40,7734,7484,1001,7885,13124,24,1,1
15117,7013,5641,40,18064,17423,3778,18264,34736,80,1,1
15118,7014,5620,40,20730,20098,2084,20920,35688,78,1,1
15119,7344,6211,40,24777,24085,1643,24978,40216,86,1,1
15120,5560,2565,40,20740,20389,1493,20910,30588,40,1,1
15121,9167,3467,40,9889,9458,15269,10069,38002,50,1,1
15122,15890,22693,40,24146,22303,17263,24466,80342,248,1,1
15123,1012,160,40,8667,8557,8406,8807,18425,3,1,1
15124,16811,21541,40,24606,22823,18886,24927,82215,240,1,1
15125,3537,120,40,17133,17043,2314,17273,23274,1,1,1
15126,3397,942,40,11722,11512,1924,11882,18175,19,1,1
15127,4048,862,40,9999,9798,1403,10139,16512,17,1,1
15128,5952,4538,41,34004,33413,6142,34185,50857,66,1,2
15129,2425,451,40,9628,9468,1673,9768,14367,10,1,1
15130,3136,411,40,11983,11833,1693,12123,17403,10,1,1
15131,6492,1743,40,18835,18545,7695,19006,34976,31,1,1
15132,7514,6452,40,23735,23023,1342,23946,39284,89,1,1
15133,6412,5681,40,21020,20378,1153,21220,34526,80,1,1
15134,6092,3196,40,27402,26941,17884,27572,54794,48,1,2
15135,3486,2425,40,18665,18305,611,18826,25388,39,1,1
15136,17002,18836,40,5911,4318,6051,6212,48141,215,1,1
15137,4579,2284,40,18856,18495,4148,19016,30087,39,1,1
15138,3847,2145,40,13235,12904,1493,13405,20930,36,1,1
15139,7094,4578,40,14548,14006,2445,14738,28885,65,1,1
15140,6261,4759,40,16431,15860,2004,16622,29696,70,1,1
15141,3617,641,40,10830,10660,1703,10981,16982,14,1,1
15142,9078,6482,40,30919,30198,9478,31129,56207,87,1,2
15143,2395,881,40,9698,9498,4609,9859,17774,17,1,1
15144,8446,6743,40,20719,19998,2916,20919,39074,90,1,1
15145,4248,281,40,8716,8606,1573,8866,15018,6,1,1
15146,3276,631,40,8166,8006,1603,8316,13866,13,1,1
15147,7023,5220,40,15128,14507,2515,15309,30127,76,1,1
15148,7464,5100,40,21371,20750,1653,21561,35828,76,1,1
15149,8005,6883,40,23825,23084,1413,24035,40396,94,1,1
15150,7124,6201,40,19166,18475,1102,19367,33834,86,1,1
15151,7104,4598,41,15399,14858,2344,15590,29676,66,1,1
15152,5791,2735,40,18926,18515,1453,19086,29105,45,1,1
15153,7174,5230,40,19437,18826,1503,19627,33574,73,1,1
15154,7024,4298,40,19156,18615,2255,19346,32953,65,1,1
15155,6652,5982,40,19136,18475,1152,19336,33172,82,1,1
15156,6072,4799,40,16361,15810,2154,16551,29626,68,1,1
15157,3847,1022,40,12975,12764,1613,13135,19667,20,1,1
15158,10700,7795,40,31319,30518,11692,31529,61766,99,1,2
15159,5390,3777,40,33624,33124,3527,33794,46528,54,1,2
15160,3016,561,40,7725,7555,1363,7865,12845,12,1,1
15161,3106,932,40,5650,5440,1172,5801,11061,18,1,1
15162,7104,5710,40,28063,27412,1212,28264,42340,77,1,2
15163,7123,4128,40,20158,19647,6312,20338,37941,60,1,1
15164,7515,6572,40,16842,16111,1533,17032,32702,92,1,1
15165,7324,5059,40,20438,19847,7894,20640,40957,73,1,1
15166,10640,9899,40,23014,22032,1873,23234,45696,125,1,1
15167,6763,4899,40,19888,19317,2034,20078,33804,68,1,1
15168,4529,611,40,18535,18375,1663,18685,25538,13,1,1
15169,7945,2274,40,18194,17864,1402,18365,30047,36,1,1
15170,2114,200,40,11823,11722,2514,11963,16841,4,1,1
15171,7324,3236,41,13004,12573,1383,13185,25168,51,1,1
15172,6773,5130,40,14708,14107,1413,14888,28244,72,1,1
15173,3667,191,40,11211,11111,1744,11351,17003,4,1,1
15174,3367,180,40,11282,11172,2184,11412,17183,4,1,1
15175,6041,1834,40,25739,25419,15860,25899,49694,31,1,2
15176,2284,1162,40,18034,17803,12083,18195,33764,22,1,1
15177,2935,261,40,5641,5520,2184,5791,11201,6,1,1
15178,2014,821,40,12434,12233,3406,12574,18855,16,1,1
15179,6943,3727,30,23084,22593,1914,23264,35888,57,1,1
15180,6572,5220,40,25168,24557,1633,25368,38843,75,1,1
15181,4539,3076,40,13676,13265,1322,13846,22823,47,1,1
15182,6552,4178,40,15109,14588,2655,15289,28714,62,1,1
15183,6713,5681,40,29476,28785,2775,29666,44885,81,1,2
15184,7204,4639,40,13866,13315,5791,14056,31740,67,1,1
15185,3296,2214,41,14848,14537,3536,15019,24095,34,1,1
15186,4508,832,40,17854,17644,1202,18074,24656,18,1,1
15187,5621,3006,40,12844,12443,1193,13014,22884,46,1,1
15188,4048,982,40,9979,9759,1393,10139,16592,20,1,1
15189,6582,4829,40,29196,28614,2825,29386,43672,68,1,2
15190,3907,782,30,7855,7654,1443,8005,14177,16,1,1
15191,13836,15299,40,26099,24777,1653,26370,57208,176,1,1
15192,7263,5330,40,15409,14798,2234,15599,30477,75,1,1
15193,6963,4659,40,21080,20509,1302,21260,34234,69,1,1
15194,7384,7484,40,24045,23264,1052,24256,40216,98,1,1
15195,7855,4088,40,20198,19697,4038,20388,36409,60,1,1
15196,7174,6121,40,20178,19507,1513,20378,35227,84,1,1
15197,7505,4027,41,19196,18705,2525,19387,33484,59,1,1
15198,4990,4017,40,14859,14337,1212,15049,25308,63,1,1
15199,6863,3216,41,12673,12243,1593,12855,24567,51,1,1
15200,5510,4348,40,17363,16811,2285,17553,29726,66,1,1
15201,2464,161,40,10419,10329,2154,10560,15389,3,1,1
15202,1994,511,40,28224,28043,4909,28374,35838,10,1,2
15203,5450,3266,40,28834,28353,7284,28995,45045,50,1,2
15204,3136,551,41,7904,7734,1272,8056,13065,12,1,1
15205,2525,912,40,8125,7925,1382,8286,13135,18,1,1
15206,3677,381,40,7524,7394,1032,7674,12804,8,1,1
15207,5230,2204,41,14016,13675,3918,14187,25569,37,1,1
15208,5861,4429,40,20388,19878,3496,20579,34395,61,1,1
15209,4489,3236,40,15910,15470,2154,16090,25999,51,1,1
15210,6842,5010,40,20429,19848,3376,20619,35887,71,1,1
15211,10299,3096,40,14487,14087,16250,14658,44343,45,1,1
15212,3337,1873,40,13446,13155,13906,13606,32762,30,1,1
15213,6763,2495,40,22182,21821,7665,22352,39315,39,1,1
15214,6492,2605,40,13315,12955,13916,13476,36539,40,1,1
15215,6643,5290,40,17303,16722,12904,17493,42380,70,1,1
15216,3728,2584,40,16571,16200,7194,16742,30278,40,1,1
15217,1302,320,40,16852,16732,2325,17002,20990,7,1,1
15218,2735,601,40,10420,10250,2415,10570,16371,13,1,1
15219,7614,4639,40,15660,15099,1283,15850,29416,68,1,1
15220,6592,4900,40,20138,19547,1864,20328,33724,71,1,1
15221,10340,7193,40,29616,28824,15008,29817,62418,94,1,2
15222,4899,3136,40,27061,26601,5731,27241,41037,49,1,2
15223,3206,771,40,6853,6672,1252,7004,12283,16,1,1
15224,1433,120,40,5050,4969,1643,5190,8436,1,1,1
15225,1813,672,40,14317,14147,2996,14467,19988,13,1,1
15226,7184,3386,40,19547,19086,3687,19718,34025,53,1,1
15227,7024,5500,40,18135,17513,1403,18335,32302,77,1,1
15228,6853,5230,40,20439,19818,4408,20629,37170,76,1,1
15229,6483,5600,41,19857,19206,1233,20058,33424,82,1,1
15230,1983,632,40,30648,30448,3687,30798,37140,13,1,2
15231,6563,4548,41,17623,17082,2855,17814,31820,66,1,1
15232,3096,121,40,17122,17032,2194,17262,22713,1,1,1
15233,7073,4569,40,14698,14157,1382,14888,27962,66,1,1
15234,3988,1192,40,10260,10019,1673,10410,17323,22,1,1
15235,7484,6422,40,14147,13465,1223,14357,29516,85,1,1
15236,2956,110,40,10891,10801,2054,11021,16201,1,1,1
15237,3366,1263,40,30818,30538,601,30968,36258,23,1,2
15238,17493,13546,40,4258,3076,31831,4508,67428,151,1,2
15239,7344,5440,40,20609,19988,17062,20800,50706,77,1,1
15240,3367,441,40,7143,7003,992,7293,12133,10,1,1
15241,9107,9638,40,27231,26290,1052,27471,47309,122,1,1
15242,7514,6632,40,26460,25739,1062,26660,41929,90,1,1
15243,3687,751,40,19237,19046,1653,19387,25518,15,1,1
15244,6082,4118,40,14057,13536,1102,14237,25569,62,1,1
15245,7053,4679,40,18946,18405,1803,19136,32721,66,1,1
15246,6292,4258,40,21410,20869,1694,21600,33884,65,1,1
15247,12183,7985,40,33013,32191,9247,33213,62678,99,1,2
15248,2635,1613,40,12504,12213,3917,12664,20879,29,1,1
15249,9609,7714,40,20869,20068,2064,21080,40517,102,1,1
15250,10791,9968,40,18475,17493,2234,18696,41739,126,1,1
15251,7905,5671,40,20419,19767,1633,20609,35868,80,1,1
15252,7935,6743,40,16191,15459,1493,16391,32602,90,1,1
15253,7144,5881,40,21200,20529,1984,21400,36449,83,1,1
15254,11171,10851,40,17233,16211,1854,17473,41399,134,1,1
15255,7154,4869,40,14588,14017,1994,14778,28825,68,1,1
15256,6974,4017,40,19527,19046,2514,19708,33263,58,1,1
15257,7233,5701,40,18906,18265,1874,19106,33964,80,1,1
15258,7083,5200,40,24196,23575,1773,24376,38482,75,1,1
15259,4017,2024,30,12965,12643,1503,13125,20699,33,1,1
15260,7435,4137,40,14527,14016,1874,14708,28204,61,1,1
15261,7625,5720,40,20118,19467,1803,20319,35497,80,1,1
15262,11451,7114,40,30077,29326,11211,30277,60103,90,1,2
15263,2494,1363,40,9809,9558,5370,9969,19246,24,1,1
15264,9077,6282,40,20609,19918,3527,20799,39735,84,1,1
15265,3847,421,40,15309,15129,1483,15449,21250,9,1,2
15266,11090,11663,40,18034,16952,1753,18284,42830,142,1,1
15267,7574,6062,40,20970,20298,2965,21170,37821,85,1,1
15268,7374,6603,40,19888,19186,1312,20088,35427,87,1,1
15269,6773,5510,40,20950,20319,3206,21150,36679,78,1,1
15270,7645,6392,40,16862,16181,1072,17062,32221,84,1,1
15271,6813,5300,40,14828,14207,2194,15018,29365,75,1,1
15272,6542,4289,40,26239,25679,3045,26430,40346,63,1,2
15273,7454,4889,40,15539,14978,7815,15729,35928,69,1,1
15274,3687,2094,40,13175,12854,4258,13335,23434,34,1,1
15275,4047,1503,40,17984,17724,2394,18145,26129,26,1,1
15276,4909,3517,40,14698,14227,1262,14878,24616,56,1,1
15277,6853,3938,40,24707,24186,1613,24887,37331,57,1,2
15278,3657,461,40,11462,11321,1703,11612,17463,10,1,1
15279,3307,260,40,25168,25018,12644,25318,41569,6,1,2
15280,3266,171,40,5610,5490,2565,5750,11782,3,1,1
15281,7614,6172,40,21802,21110,5420,22002,41268,86,1,1
15282,3868,831,41,8285,8085,942,8436,14127,17,1,1
15283,3847,391,40,6733,6583,1132,6873,12283,9,1,1
15284,3577,651,40,14458,14248,2054,14608,20920,13,1,2
15285,7043,4528,40,18114,17553,2535,18305,32451,67,1,1
15286,6993,4959,40,20579,19998,1803,20770,34555,70,1,1
15287,8176,5691,40,20769,20128,1413,20969,36289,81,1,1
15288,6583,5530,40,21440,20829,3096,21641,36900,76,1,1
15289,5881,4399,40,13906,13365,1213,14096,25629,65,1,1
15290,6722,4569,40,14798,14267,2625,14988,28944,64,1,1
15291,4308,812,40,17623,17443,1634,17783,24587,16,1,1
15292,5721,3777,40,13736,13255,1052,13917,24517,56,1,1
15293,6422,4759,40,17173,16602,1843,17363,30437,70,1,1
15294,6742,5330,40,31860,31209,1302,32061,45465,76,1,2
15295,7965,4910,40,14327,13736,1794,14517,29236,72,1,1
15296,4028,481,40,11562,11402,1653,11702,17904,11,1,1
15297,12364,6502,40,20539,19858,16882,20739,56517,84,1,1
15298,3066,1693,40,13506,13225,2335,13666,20800,29,1,1
15299,6663,4578,40,20209,19667,6382,20399,38052,66,1,1
15300,11712,5130,40,9017,8466,1012,9207,27121,68,1,1
15301,6963,5150,40,18164,17563,2013,18355,32521,73,1,1
15302,7124,4268,40,19888,19347,2154,20068,33664,64,1,1
15303,5260,2445,40,18435,18075,7114,18605,33454,38,1,1
15304,7104,5220,40,23565,22963,4087,23755,40216,73,1,1
15305,4077,440,41,19617,19466,1703,19768,26029,10,1,1
15306,6152,5170,40,18595,17974,1162,18785,31329,76,1,1
15307,6973,4418,41,16150,15609,1273,16341,29035,65,1,1
15308,5360,3477,40,18946,18475,1914,19126,29917,54,1,1
15309,9427,6803,40,32762,32021,8696,32963,57929,88,1,2
15310,7244,5009,41,28183,27562,1453,28374,42130,72,1,2
15311,3968,751,40,8366,8166,1433,8506,14698,15,1,1
15312,12113,11702,40,17693,16581,2185,17944,43984,145,1,1
15313,7725,5090,40,20939,20328,1442,21129,35427,75,1,1
15314,6803,5601,40,18395,17774,2234,18595,33273,78,1,1
15315,8195,6292,40,21972,21271,1783,22172,38482,87,1,1
15316,7905,7194,40,20609,19838,1042,20819,37020,98,1,1
15317,6733,2685,40,33604,33192,14748,33774,57990,42,1,2
15318,6954,5480,40,19327,18696,2495,19507,34496,76,1,1
15319,7875,2846,40,18325,17954,6211,18495,35477,42,1,1
15320,4379,2935,40,14498,14087,1332,14668,23344,45,1,1
15321,7134,4318,40,13706,13155,1433,13896,26821,65,1,1
15322,6593,5330,40,19186,18565,1923,19387,33273,77,1,1
15323,10240,5490,40,31540,30909,7735,31730,55245,74,1,2
15324,2945,972,41,7373,7153,1973,7525,13475,20,1,1
15325,2986,1052,40,14918,14708,7545,15078,26701,19,1,1
15326,8406,7424,40,21752,20969,5640,21962,43482,99,1,1
15327,3737,651,40,7164,6984,1182,7314,12924,14,1,1
15328,3857,450,41,8205,8055,1483,8346,14177,10,1,1
15329,2715,691,40,12724,12554,4017,12874,20348,13,1,1
15330,6031,3747,41,20238,19757,4619,20419,34866,57,1,1
15331,7604,5631,40,20769,20128,1513,20969,35757,80,1,1
15332,6843,4709,40,20579,20018,4589,20769,36970,69,1,1
15333,5771,4779,40,19667,19096,1212,19858,31660,70,1,1
15334,6192,3176,30,30859,30398,7514,31029,47951,48,1,2
15335,6652,4339,40,15269,14728,5731,15459,32221,65,1,1
15336,3206,1593,40,18064,17784,2315,18224,25388,28,1,1
15337,4358,2695,40,13947,13555,1443,14117,22663,44,1,1
15338,6493,2935,41,12914,12523,1443,13085,23996,44,1,1
15339,7444,6271,40,15880,15179,1523,16080,31359,88,1,1
15340,3086,401,40,11542,11392,1653,11692,16872,10,1,1
15341,6452,2725,40,25668,25237,12694,25838,47750,45,1,2
15342,2986,341,40,5450,5300,1834,5590,10791,10,1,1
15343,4298,2996,40,20599,20199,8036,20779,36149,46,1,1
15344,4318,551,40,7985,7825,1542,8126,14587,12,1,1
15345,3917,261,40,6682,6562,1032,6823,12093,6,1,1
15346,20098,19397,40,29135,27512,1142,29416,70103,216,1,1
15347,8246,6983,40,22693,21942,1603,22903,39775,95,1,1
15348,6572,3917,40,18374,17894,1583,18555,30678,57,1,1
15349,6813,4318,40,14487,13957,1212,14668,27061,63,1,1
15350,7023,5961,40,16592,15920,2735,16802,32561,82,1,1
15351,6933,4859,40,21390,20809,1704,21580,35127,70,1,1
15352,6933,2895,40,18384,17994,1452,18565,29886,45,1,1
15353,5711,4198,40,13816,13305,1193,14006,25148,62,1,1
15354,5852,4358,40,13586,13055,3817,13776,27843,64,1,1
15355,8646,8296,40,22042,21180,2504,22262,41748,110,1,1
15356,3626,221,40,11301,11181,1963,11442,17302,5,1,1
15357,2575,491,40,17643,17493,15209,17793,36108,10,1,1
15358,16782,20809,40,6433,4678,5069,6743,49443,236,1,1
15359,6663,4889,40,14708,14127,1202,14898,27692,71,1,1
15360,5630,3036,40,19607,19187,15359,19767,43852,48,1,1
15361,5059,3136,40,18415,18004,1453,18595,28283,48,1,1
15362,6212,2866,40,29976,29556,17403,30147,56668,42,1,2
15363,7344,5951,40,18585,17924,4018,18786,36139,81,1,1
15364,5751,2795,40,18616,18235,11211,18776,38593,43,1,1
15365,5581,3637,40,11872,11412,1082,12053,22413,55,1,1
15366,6843,5320,40,16281,15680,1573,16471,30257,74,1,1
15367,6412,4108,40,20950,20419,1222,21140,32932,64,1,1
15368,4438,1773,40,13245,12935,1543,13405,21220,32,1,1
15369,10660,8707,40,33634,32742,7494,33854,60745,109,1,2
15370,6311,4508,40,29226,28665,4238,29406,44504,63,1,2
15371,4067,802,40,8186,7995,1402,8336,14647,16,1,1
15372,3336,1112,40,12935,12714,4608,13095,22181,20,1,1
15373,6492,3036,40,20248,19838,1442,20428,31439,48,1,1
15374,6772,4980,40,14828,14237,4769,15018,31569,72,1,1
15375,3226,1844,40,19257,18946,3326,19427,27863,32,1,1
15376,7805,7384,40,22162,21351,1042,22372,38633,102,1,1
15377,6472,3246,30,18706,18295,3126,18876,31760,46,1,1
15378,7735,5741,40,19707,19056,1452,19908,34876,81,1,1
15379,5761,3486,40,18926,18454,5691,19106,34074,54,1,1
15380,5991,5420,40,17583,16952,1132,17774,30377,77,1,1
15381,6162,1332,40,13766,13515,1553,13927,23024,25,1,1
15382,5381,4448,40,15830,15289,1904,16020,27793,65,1,1
15383,3767,1302,40,11411,11151,1704,11572,18385,25,1,1
15384,10330,5941,40,21090,20429,17153,21270,54744,80,1,1
15385,4619,2785,40,14818,14398,1884,14988,24336,47,1,1
15386,6352,3437,40,26660,26170,11672,26830,48341,52,1,2
15387,4188,2154,40,12073,11732,1934,12243,20559,37,1,1
15388,3587,451,40,6021,5861,1052,6162,11302,11,1,1
15389,1873,261,40,6522,6402,1493,6672,10329,6,1,1
15390,3527,201,40,7744,7644,1522,7884,13185,4,1,1
15391,7194,4849,40,15349,14778,3035,15530,30668,70,1,1
15392,6342,5089,30,20939,20348,1914,21119,34515,71,1,1
15393,6843,5741,40,21882,21240,1723,22082,36419,80,1,1
15394,8476,8817,40,21471,20680,1814,21681,40838,101,1,1
15395,6011,4218,40,13636,13104,1213,13816,25298,62,1,1
15396,3106,1383,40,13225,12965,3517,13375,21421,25,1,1
15397,6542,3828,40,28934,28443,3386,29115,42931,55,1,2
15398,7133,5300,40,17142,16521,3807,17333,33613,77,1,1
15399,5841,2054,30,18235,17894,1533,18395,27863,36,1,1
15400,5170,3887,40,13655,13165,1262,13837,24196,58,1,1
15401,3937,702,40,11912,11732,1623,12063,18375,15,1,1
15402,6122,4919,40,13807,13225,1753,14007,26831,71,1,1
15403,3767,701,41,11662,11471,1753,11813,18084,15,1,1
15404,13365,8346,40,29887,29035,10499,30097,62357,103,1,2
15405,2334,762,40,17593,17393,13746,17743,34635,17,1,1
15406,2044,120,40,5000,4910,1282,5140,8626,1,1,1
15407,3006,771,40,7625,7434,1002,7775,12594,15,1,1
15408,6252,4919,40,17523,16952,2815,17714,31750,71,1,1
15409,7825,5220,40,20439,19827,2444,20629,36168,75,1,1
15410,6963,5610,40,25799,25137,1533,25999,40146,81,1,1
15411,4608,2926,40,15399,14989,1373,15579,24526,47,1,1
15412,6572,4799,41,18034,17473,1493,18225,31149,69,1,1
15413,7223,5631,30,21090,20439,2074,21280,36258,81,1,1
15414,3807,621,40,17463,17283,2425,17613,24506,15,1,1
15415,3878,1673,40,12013,11722,1884,12163,19658,30,1,1
15416,4459,1032,40,10199,9979,1343,10359,17243,21,1,1
15417,3547,2535,40,12333,11983,5670,12504,24306,40,1,1
15418,8376,7183,40,21230,20459,3717,21441,40757,98,1,1
15419,4378,611,40,11952,11772,1643,12103,18785,14,1,1
15420,7864,1573,40,19747,19476,9869,19908,39254,27,1,1
15421,5460,4338,41,15309,14778,2484,15490,27822,63,1,1
15422,7033,6171,30,21932,21230,1934,22132,37311,86,1,1
15423,7484,7695,40,16972,16171,1022,17182,33443,102,1,1
15424,7364,5250,40,14728,14117,2004,14918,29586,75,1,1
15425,6682,4719,40,19788,19227,2004,19968,33413,68,1,1
15426,7224,6232,40,18986,18305,1242,19186,33934,85,1,1
15427,6793,3286,40,18575,18155,6312,18756,35187,48,1,1
15428,4058,2204,40,17183,16852,1382,17353,25047,36,1,1
15429,7043,3247,40,14197,13756,1743,14377,26450,52,1,1
15430,5340,3867,41,19316,18825,2004,19507,30758,59,1,1
15431,10400,9007,40,31770,30859,12073,31990,63520,112,1,2
15432,6933,5260,40,29115,28484,5070,29315,46608,75,1,2
15433,4068,340,41,7554,7414,1613,7695,13766,8,1,1
15434,3697,411,40,7915,7755,1653,8045,13866,10,1,1
15435,3116,1122,40,13024,12784,5471,13174,22934,21,1,1
15436,3276,2054,40,19026,18695,3236,19186,27812,35,1,1
15437,6062,4188,40,14597,14077,7133,14778,32211,62,1,1
15438,7975,6082,40,20849,20178,4378,21050,39535,83,1,1
15439,9679,7744,40,20800,19977,1042,21020,39515,105,1,1
15440,6332,2275,40,18505,18164,15199,18675,42521,38,1,1
15441,3707,2916,40,19016,18615,2064,19186,27923,45,1,1
15442,5610,2876,40,18916,18515,7805,19086,35427,44,1,1
15443,6262,5410,40,14528,13897,1112,14718,27562,77,1,1
15444,7725,5510,40,14006,13525,4208,14177,31670,57,1,1
15445,7234,5761,40,16582,15940,1783,16782,31610,80,1,1
15446,4148,531,41,12603,12443,1684,12754,19157,12,1,1
15447,13385,8536,40,32291,31419,9728,32502,64201,106,1,2
15448,5601,3887,40,27331,26810,4018,27512,41048,57,1,2
15449,5461,1112,40,7915,7685,1082,8065,15760,21,1,1
15450,3767,1273,40,5891,5641,1263,6061,12404,24,1,1
15451,2003,171,40,9027,8917,561,9167,11952,4,1,1
15452,10560,8005,40,21240,20369,1132,21461,41198,105,1,2
15453,6031,2575,40,26390,25980,20168,26550,55364,39,1,2
15454,3227,2164,40,13626,13285,2995,13796,22212,37,1,1
15455,5811,3697,40,19026,18555,12954,19206,41708,56,1,1
15456,6151,4739,40,14717,14146,1172,14909,27021,70,1,1
15457,6993,5591,40,14828,14187,2375,15018,30027,79,1,1
15458,4118,862,40,17723,17543,1613,17884,24517,16,1,1
15459,5441,3326,40,14377,13927,1322,14547,24697,52,1,1
15460,6622,4799,40,14187,13616,1903,14377,27762,71,1,1
15461,4589,1112,41,17633,17392,1813,17784,25358,22,1,1
15462,7204,6833,40,15399,14668,1012,15599,30708,91,1,1
15463,5851,4177,40,13655,13145,2434,13847,26340,61,1,1
15464,3607,391,40,11281,11131,1714,11411,17173,9,1,1
15465,3236,200,41,11221,11101,2114,11362,16962,5,1,1
15466,5431,2314,40,26460,26060,7685,26630,42090,39,1,2
15467,1973,521,40,18174,18024,9929,18325,30788,11,1,1
15468,2174,121,40,4959,4859,1553,5099,8977,1,1,1
15469,1393,301,40,8877,8736,631,9007,11382,7,1,1
15470,12003,10079,40,16642,15660,1894,16882,40888,128,1,1
15471,7114,4989,40,20289,19698,2795,20489,35437,73,1,1
15472,6592,5360,30,20659,20048,1202,20850,34044,74,1,1
15473,6302,2886,40,18505,18104,9498,18675,37401,45,1,1
15474,4519,2755,40,10981,10590,1213,11161,19678,44,1,1
15475,7434,5350,40,16942,16331,1323,17132,31289,74,1,1
15476,6412,4999,41,19446,18855,1984,19637,33072,71,1,1
15477,4218,561,40,17593,17413,1664,17743,24236,13,1,1
15478,5380,3216,40,27171,26700,17754,27352,53732,49,1,2
15479,6142,771,40,5751,5551,8977,5901,21841,17,1,1
15480,16461,19858,40,15139,13556,13926,15439,65734,212,1,1
15481,3356,992,40,8086,7855,7524,8236,20158,21,1,1
15482,3246,1212,41,7013,6772,5500,7164,17162,23,1,1
15483,7193,3808,40,9438,8967,1863,9618,22512,54,1,1
15484,15068,15730,40,26440,25077,1563,26711,59122,180,1,1
15485,6562,5090,40,15058,14467,2645,15248,29586,73,1,1
15486,6913,5120,40,21380,20749,1573,21560,35206,76,1,1
15487,7254,7083,40,24566,23805,1042,24777,40206,97,1,1
15488,7294,4178,40,20179,19668,3707,20359,35588,61,1,1
15489,7204,6311,40,22122,21400,1573,22322,37461,89,1,1
15490,7003,4719,40,19307,18746,1833,19497,33082,67,1,1
15491,4018,2494,40,15228,14868,1392,15400,23334,40,1,1
15492,6803,3607,40,13085,12614,1583,13265,25298,56,1,1
15493,5811,4799,40,19517,18946,2094,19697,32451,69,1,1
15494,10339,6893,40,32281,31539,8115,32492,57879,91,1,2
15495,5209,3797,40,34165,33644,3907,34345,47309,57,1,2
15496,4228,812,40,11422,11231,1432,11572,18104,16,1,1
15497,4639,1483,40,8346,8075,1112,8496,15780,26,1,1
15498,13064,12583,40,17523,16371,1743,17784,45225,152,1,1
15499,7143,4839,40,20660,20078,4598,20860,37470,71,1,1
15500,4619,1783,40,15569,15269,1543,15740,23735,31,1,1
15501,5971,2014,40,18305,17994,12003,18465,38493,33,1,1
15502,6973,6122,40,19898,19216,1102,20098,34355,85,1,1
15503,6181,3467,40,31009,30547,13255,31179,54122,50,1,2
15504,3186,2014,40,17623,17313,4389,17783,27422,32,1,1
15505,7204,3036,40,18515,18104,6282,18685,35257,47,1,1
15506,6552,5341,40,17062,16461,1122,17262,30327,75,1,1
15507,6622,1874,40,13796,13486,1854,13956,24346,33,1,1
15508,6422,5310,40,20398,19797,1533,20589,33904,75,1,1
15509,9538,7104,40,30147,29345,12303,30357,59342,95,1,2
15510,3396,1443,40,32181,31859,2685,32341,39915,24,1,3
15511,2385,190,40,5200,5090,1393,5340,9348,4,1,1
15512,7794,7344,40,19397,18595,1052,19607,35827,101,1,1
15513,6983,3016,40,18355,17964,18455,18525,47019,44,1,1
15514,6883,5881,40,18105,17442,1503,18305,32622,82,1,1
15515,6041,3227,40,18685,18254,16211,18865,44394,51,1,1
15516,5621,3827,40,16842,16351,1272,17022,27792,59,1,1
15517,6782,4459,40,15610,15079,2214,15800,29295,65,1,1
15518,4188,851,40,19056,18855,1643,19206,25929,17,1,1
15519,6662,5450,40,20168,19507,1152,20358,33673,80,1,1
15520,7204,5350,40,15379,14788,1623,15579,29806,73,1,1
15521,3797,1202,40,18144,17894,1693,18294,25047,24,1,1
15522,6472,4488,40,14587,14046,2074,14778,27842,65,1,1
15523,6793,5099,40,15018,14427,1463,15198,28614,72,1,1
15524,3146,210,40,11221,11111,1973,11371,16741,5,1,1
15525,4278,140,40,11342,11252,3436,11482,19396,2,1,1
15526,8296,4108,40,21200,20699,7545,21380,41369,59,1,1
15527,6602,2876,40,19176,18765,12464,19346,41328,46,1,1
15528,3276,441,40,7214,7063,972,7364,12083,10,1,1
15529,6572,6272,40,18635,17934,1262,18836,32982,88,1,1
15530,6913,3056,40,28364,27933,18725,28534,57288,46,1,2
15531,7895,6552,40,20248,19557,5060,20459,40006,88,1,1
15532,6252,3286,40,18485,18064,11071,18645,39304,48,1,1
15533,6152,4378,40,16812,16271,1262,17002,28844,65,1,1
15534,6562,3617,41,12774,12293,1382,12955,24556,56,1,1
15535,3546,2245,40,17924,17583,2424,18084,26349,37,1,1
15536,11973,8105,40,32682,31840,7514,32893,60535,101,1,2
15537,3065,832,40,10400,10200,2004,10550,16491,16,1,1
15538,2756,1172,40,9939,9719,5470,10089,19537,21,1,1
15539,8697,7825,40,21931,21140,3396,22131,42100,100,1,1
15540,3817,1022,41,8395,8175,1412,8547,14848,20,1,1
15541,11361,10801,40,19367,18355,2344,19597,44153,131,1,1
15542,6803,4308,40,20999,20478,2184,21190,34516,63,1,1
15543,7194,4990,40,16511,15910,1984,16701,30929,73,1,1
15544,7704,7334,40,21651,20879,1613,21851,38563,98,1,1
15545,6523,6001,40,17684,17023,1142,17884,31600,82,1,1
15546,6973,5080,40,16922,16311,1693,17112,30888,74,1,1
15547,7134,4078,40,18635,18144,1363,18815,31440,59,1,1
15548,7284,5370,40,19678,19046,1172,19868,33724,76,1,1
15549,5921,2224,40,18124,17763,6773,18295,33243,38,1,1
15550,2124,901,40,13876,13666,1543,14027,18645,18,1,1
15551,4639,2445,40,16371,16010,1383,16531,25048,39,1,1
15552,2404,1633,40,16631,16351,2665,16781,23524,27,1,1
15553,2485,681,40,12885,12704,1322,13035,17573,14,1,1
15554,8837,3857,40,29496,28984,7344,29676,49774,56,1,2
15555,4950,3256,40,28243,27792,7924,28423,44604,48,1,2
15556,3516,1002,41,8385,8155,1252,8536,14357,20,1,1
15557,3135,601,40,7664,7484,1223,7814,12814,13,1,1
15558,10871,11111,40,17653,16601,1863,17904,41799,137,1,1
15559,7003,5410,41,21190,20569,2735,21391,36569,77,1,1
15560,7264,5941,41,18374,17683,1353,18565,33173,84,1,1
15561,7093,4860,40,21000,20429,8085,21190,41268,68,1,1
15562,6492,6032,40,16120,15459,1072,16311,29967,83,1,1
15563,3968,2815,40,13536,13135,2835,13706,23364,44,1,1
15564,3547,2104,40,18645,18334,1633,18815,26139,34,1,1
15565,4820,3296,40,13926,13486,1634,14106,23886,51,1,1
15566,5270,4098,40,14437,13906,2134,14617,26169,63,1,1
15567,3467,1452,40,17954,17693,1342,18115,24426,27,1,1
15568,1754,601,40,13215,13045,18956,13365,34716,12,1,1
15569,16161,21570,40,22913,21180,19397,23224,80382,232,1,1
15570,1393,310,30,10831,10701,10149,10971,22863,7,1,1
15571,15970,21801,40,19727,17964,12504,20048,70373,238,1,1
15572,2364,582,40,11421,11251,1954,11561,16501,12,1,1
15573,2835,871,40,11622,11442,3146,11772,18685,16,1,1
15574,4178,2896,30,20008,19607,3236,20178,30528,44,1,1
15575,4659,1082,40,9128,8896,1513,9278,16582,20,1,1
15576,4960,2935,40,25649,25227,11742,25819,45486,44,1,2
15577,3496,361,40,6933,6793,1032,7073,12002,8,1,1
15578,2695,120,40,5010,4930,1763,5150,9758,1,1,1
15579,4167,2726,30,21480,21070,2264,21651,30838,45,1,1
15580,7193,3948,40,21771,21260,3096,21951,36228,61,1,1
15581,6753,5580,40,17833,17182,1482,18035,31890,80,1,1
15582,5069,3216,40,19737,19306,14187,19918,42430,50,1,1
15583,7434,6242,40,19707,19016,1092,19917,34725,87,1,1
15584,6943,4929,41,35827,35207,2986,36018,50916,70,1,2
15585,6893,4087,40,29155,28613,1242,29346,41598,61,1,2
15586,5771,3707,40,10079,9608,1153,10259,20920,54,1,1
15587,2866,1833,40,13446,13145,2785,13606,21140,29,1,1
15588,4850,801,40,11863,11672,1663,12013,19367,17,1,1
15589,10650,5551,40,20589,19978,10039,20779,47069,74,1,1
15590,2915,1634,40,13565,13285,2414,13736,20739,29,1,1
15591,7153,6262,40,22693,22012,4739,22893,41107,86,1,1
15592,3918,401,40,7244,7093,1112,7384,12855,10,1,1
15593,3697,1734,40,12383,12113,2866,12543,20890,28,1,1
15594,8506,5009,40,24135,23564,1754,24336,39635,70,1,1
15595,6813,5440,40,21271,20649,1162,21461,34926,75,1,1
15596,6332,2535,40,18244,17884,8647,18414,35958,41,1,1
15597,5821,4258,40,15659,15139,1212,15850,27192,63,1,1
15598,7254,4698,40,14387,13816,2304,14578,28874,69,1,1
15599,6803,5340,40,21090,20468,1553,21291,35017,76,1,1
15600,14768,11602,40,33433,32401,9117,33674,69201,130,1,2
15601,6012,4067,40,29075,28543,3907,29246,43282,59,1,2
15602,2946,471,40,8466,8306,1473,8606,13536,10,1,1
15603,6212,4048,40,14788,14297,4048,14968,29326,59,1,1
15604,6282,4939,40,20750,20159,1973,20950,34174,73,1,1
15605,8175,6402,40,15570,14878,4759,15770,35156,87,1,1
15606,3226,1944,40,18966,18655,3877,19126,28213,32,1,1
15607,7724,6944,40,20128,19377,1072,20338,36118,95,1,1
15608,6903,3086,40,30798,30358,15229,30968,56246,46,1,2
15609,7043,5631,40,19337,18695,2394,19537,34645,79,1,1
15610,6202,2454,40,18495,18124,8025,18666,35387,40,1,1
15611,7123,5932,40,15659,14988,1072,15860,30027,83,1,1
15612,7264,3627,40,13175,12694,1493,13345,25769,55,1,1
15613,6362,5320,40,19487,18855,2334,19668,33744,75,1,1
15614,9307,7174,40,30117,29355,11031,30327,57869,92,1,2
15615,5160,3597,40,27422,26911,6983,27592,43382,54,1,2
15616,2715,652,30,6923,6733,1242,7053,11712,14,1,1
15617,3537,481,40,7925,7765,1573,8065,13716,11,1,1
15618,2645,581,40,12644,12484,3988,12804,20058,12,1,1
15619,7655,3967,40,20249,19748,5500,20429,37601,60,1,1
15620,7514,6032,40,25458,24777,1163,25658,40427,85,1,1
15621,6893,5691,40,21321,20649,1122,21521,35267,83,1,1
15622,7594,3016,40,20078,19677,2976,20248,33874,45,1,1
15623,7775,6032,40,20008,19336,1112,20208,35187,85,1,1
15624,6322,2725,41,18454,18054,3957,18626,31670,44,1,1
15625,4498,2455,40,13486,13115,1463,13646,22122,41,1,1
15626,7184,3236,40,13015,12584,1783,13195,25448,51,1,1
15627,6372,4959,40,14647,14076,1704,14838,27933,71,1,1
15628,3136,711,40,11863,11672,1673,12013,17563,15,1,1
15629,7013,3627,40,28013,27541,8225,28184,47109,50,1,2
15630,1723,692,40,17673,17503,10580,17823,30878,13,1,1
15631,3898,1072,40,7895,7655,972,8045,14027,21,1,1
15632,3747,440,40,6732,6592,1021,6873,12132,9,1,1
15633,4528,2365,40,15549,15189,2965,15719,25618,40,1,1
15634,7374,5341,40,20298,19677,4669,20488,37932,76,1,1
15635,6573,4809,40,18214,17633,1512,18405,31359,71,1,1
15636,6913,5160,40,20038,19437,2625,20218,34976,72,1,1
15637,4228,2435,40,13295,12935,1372,13466,21551,40,1,1
15638,6903,4288,40,15088,14557,2655,15259,29165,62,1,1
15639,6302,4949,41,20999,20408,1954,21180,34445,72,1,1
15640,6402,1734,40,17874,17593,1573,18034,27783,29,1,1
15641,5851,4879,40,13967,13386,1152,14157,26089,71,1,1
15642,6192,4348,40,14047,13506,4529,14227,29356,65,1,1
15643,8757,6392,40,22583,21912,7975,22783,45937,84,1,1
15644,3857,531,40,11502,11322,1834,11652,17904,13,1,1
15645,2535,290,40,17443,17312,15178,17594,35627,7,1,1
15646,16541,22393,40,6522,4739,4548,6832,50365,240,1,1
15647,4308,2314,40,14918,14557,1773,15078,23524,40,1,1
15648,6783,4699,40,20870,20299,3486,21060,36058,70,1,1
15649,3116,301,40,7604,7474,1072,7744,12284,7,1,1
15650,7013,6211,41,18054,17372,1954,18255,33484,84,1,1
15651,7123,4739,40,27803,27192,4559,27993,44464,69,1,2
15652,6883,5510,40,19767,19146,4238,19968,36639,76,1,1
15653,7314,5560,40,20108,19477,2745,20299,35968,78,1,1
15654,10901,8416,40,43502,42641,5631,43712,68710,109,1,1
15655,12734,8156,40,15880,15059,13947,16090,50987,105,1,1
15656,6282,4318,40,13446,12915,11201,13626,35477,63,1,1
15657,3897,2164,40,12925,12563,6382,13085,25578,39,1,1
15658,1243,400,40,9207,9067,10200,9348,21311,9,1,1
15659,13094,16311,40,34685,33253,9288,34956,73699,185,1,2
15660,2304,862,40,18024,17834,11472,18174,32862,17,1,1
15661,4489,1442,40,14557,14287,1914,14708,22613,26,1,1
15662,4859,1493,40,10330,10070,1333,10490,18205,26,1,1
15663,3467,1352,40,8416,8155,1362,8567,14798,26,1,1
15664,2084,291,40,12403,12283,591,12553,15569,7,1,1
15665,17192,17463,41,24105,22612,2385,24396,61486,199,1,1
15666,7464,5621,40,15269,14628,2856,15469,31450,78,1,1
15667,3767,2885,40,20078,19677,3587,20248,30538,45,1,1
15668,7314,7203,40,23865,23093,1062,24086,39715,98,1,1
15669,6392,3066,40,19497,19096,3286,19667,32451,46,1,1
15670,3005,2295,40,18795,18455,601,18956,24917,37,1,1
15671,6642,6132,40,20018,19337,3527,20228,36559,85,1,1
15672,6552,5250,40,18946,18344,1062,19136,32050,75,1,1
15673,6542,4950,40,17172,16591,2344,17362,31239,71,1,1
15674,4048,851,40,11392,11201,1753,11552,18244,17,1,1
15675,11011,6683,40,29406,28705,10479,29596,57829,83,1,2
15676,6011,4338,41,34515,33945,2565,34696,47650,62,1,3
15677,3867,942,40,6001,5781,1032,6151,12042,19,1,1
15678,711,120,40,6532,6442,591,6673,8135,1,1,1
15679,6292,1924,40,8676,8346,1482,8847,18585,33,1,2
15680,5220,3717,30,14277,13807,4439,14437,27863,54,1,1
15681,3497,1713,40,18926,18645,2565,19086,26921,30,1,1
15682,6762,5621,40,17433,16792,4048,17633,34104,78,1,1
15683,7534,5781,40,20950,20308,2385,21140,36890,79,1,1
15684,5561,4318,40,18735,18215,1272,18926,30117,62,1,1
15685,6752,2866,40,29626,29206,8406,29796,47870,42,1,2
15686,6743,5120,40,16681,16080,4478,16882,33253,74,1,1
15687,6743,3537,40,18545,18094,3627,18725,32672,52,1,1
15688,4429,2695,40,14207,13806,1332,14377,22893,45,1,1
15689,4258,972,41,12042,11832,1042,12203,18525,20,1,1
15690,6743,5039,40,14848,14247,1573,15038,28434,73,1,1
15691,3958,561,40,11692,11532,1673,11842,18094,13,1,1
15692,13656,8866,40,31229,30348,8195,31450,62207,109,1,2
15693,21570,15830,40,23825,22452,9318,24096,70864,182,1,1
15694,2725,391,40,5290,5150,1162,5441,9779,9,1,1
15695,3076,581,40,8216,8045,1002,8356,13065,12,1,1
15696,6052,4559,40,17353,16802,2294,17543,30508,67,1,1
15697,7424,4980,40,20368,19787,7735,20558,40747,70,1,1
15698,6954,5771,40,22983,22332,1553,23183,37501,81,1,1
15699,7264,4899,40,20899,20308,1884,21099,35187,72,1,1
15700,10840,9989,40,21731,20730,1152,21972,43993,130,1,1
15701,6793,5690,40,26760,26099,2004,26961,41498,81,1,1
15702,6312,1082,40,17653,17413,1623,17803,26870,21,1,1
15703,2965,782,40,9338,9137,2024,9488,15299,16,1,1
15704,6161,3236,41,9648,9237,1212,9819,20468,47,1,1
15705,5751,4378,41,31479,30908,5020,31670,46849,64,1,2
15706,3437,852,40,12063,11872,1653,12213,18215,17,1,1
15707,5701,2154,40,18765,18445,13065,18925,39895,33,1,1
15708,7715,6833,40,24887,24126,1433,25097,41108,95,1,1
15709,7505,7514,40,24386,23605,1132,24596,40787,99,1,1
15710,7254,4538,40,20448,19927,3587,20639,36058,64,1,1
15711,7735,6462,30,19658,18946,1593,19858,35698,89,1,1
15712,7294,4899,40,19857,19276,2214,20038,34485,69,1,1
15713,5170,3176,40,13526,13085,1373,13706,23465,50,1,1
15714,7154,4909,40,14708,14107,2054,14888,29055,72,1,1
15715,6693,5510,40,20428,19807,1693,20618,34576,75,1,1
15716,10711,7995,40,31319,30497,11101,31529,61386,100,1,2
15717,5390,3817,40,28724,28203,6713,28905,44875,57,1,2
15718,4127,371,30,7725,7585,1473,7865,13876,8,1,1
15719,3106,871,41,8375,8155,1413,8536,13976,19,1,1
15720,5841,3197,40,14918,14477,4008,15088,28194,50,1,1
15721,7023,5391,40,20549,19948,2164,20749,35367,75,1,1
15722,6994,5891,40,23174,22503,2074,23374,38373,84,1,1
15723,7094,6412,40,21230,20509,1072,21430,36059,89,1,1
15724,7193,3156,40,18505,18094,3707,18676,32762,46,1,1
15725,7153,5290,40,20710,20098,1412,20900,34805,75,1,1
15726,7214,3446,40,18114,17663,1894,18295,30889,52,1,1
15727,6863,5761,40,15409,14758,1092,15599,29365,80,1,1
15728,7274,3206,40,13025,12604,1904,13205,25639,49,1,1
15729,6592,4850,40,15559,14988,1664,15749,28905,69,1,1
15730,3747,652,40,11211,11041,1794,11361,17594,13,1,1
15731,2535,390,41,9588,9448,11131,9729,23845,8,1,1
15732,16822,21461,40,26120,24346,12453,26420,77196,237,1,1
15733,3116,481,40,32251,32040,2495,32401,38533,9,1,3
15734,4057,712,40,5540,5370,1123,5690,11622,14,1,1
15735,3055,962,41,7213,7013,1072,7364,12513,17,1,1
15736,6162,4949,40,17183,16602,3927,17373,32451,71,1,1
15737,7474,5701,40,21120,20439,2475,21310,37010,83,1,1
15738,6893,5671,40,21391,20739,1853,21591,36058,81,1,1
15739,6802,5511,40,23224,22593,5481,23414,41248,77,1,1
15740,1263,170,40,12313,12203,11121,12454,25058,4,1,1
15741,16742,22001,40,27732,25949,23123,28043,89960,240,1,1
15742,4097,1363,40,29807,29526,14798,29957,50255,24,1,2
15743,6041,4759,40,17683,17112,11482,17864,40186,68,1,1
15744,4318,3005,40,12954,12553,4529,13135,25017,46,1,1
15745,2264,321,40,17202,17072,2685,17343,22663,7,1,1
15746,6713,5310,40,14357,13766,1162,14547,27782,72,1,1
15747,3968,531,40,11792,11632,1653,11942,18134,12,1,1
15748,6743,5470,40,14227,13596,1273,14417,27953,77,1,1
15749,2094,151,40,11471,11371,2234,11612,16121,2,1,1
15750,2956,621,40,25047,24827,12193,25198,41008,12,1,2
15751,2544,882,40,18115,17924,15639,18265,37370,17,1,1
15752,2294,210,40,5280,5170,1372,5420,9357,5,1,1
15753,6272,5310,40,29286,28644,1242,29486,42350,76,1,2
15754,7203,3617,40,18135,17674,1793,18305,30958,54,1,1
15755,6963,6222,40,19077,18394,1573,19267,34065,84,1,1
15756,7054,5801,40,20599,19928,1934,20799,35618,82,1,1
15757,4278,3266,40,18736,18305,1363,18906,27873,49,1,1
15758,7163,4659,40,17032,16481,1482,17223,30577,68,1,1
15759,5461,3877,40,14337,13846,1704,14517,25609,58,1,1
15760,6913,5410,41,17002,16361,1513,17183,31069,78,1,1
15761,6903,2054,40,18465,18144,1533,18625,29175,34,1,1
15762,6632,4098,40,13676,13165,1323,13856,25959,61,1,1
15763,6202,4178,40,30588,30037,2735,30778,43943,62,1,2
15764,15239,14437,40,21070,19807,1913,21321,52950,165,1,1
15765,7023,5130,40,21881,21310,1873,22082,36148,71,1,1
15766,7534,6051,40,15248,14567,1983,15450,31048,84,1,1
15767,7173,5771,41,21490,20819,1443,21691,36128,83,1,1
15768,7334,7043,40,20048,19307,1002,20258,35677,94,1,1
15769,6523,2324,40,27783,27422,18014,27953,54854,35,1,2
15770,3166,2335,40,18755,18415,4759,18926,29236,37,1,1
15771,6012,2765,40,18565,18185,9609,18735,37161,42,1,1
15772,4238,1894,40,17333,17022,1432,17483,25097,31,1,1
15773,6442,4629,40,18385,17824,2776,18575,32462,68,1,1
15774,11271,7374,40,33022,32211,9318,33233,61236,97,1,2
15775,2945,1503,40,9168,8896,6232,9328,20038,27,1,1
15776,8637,6021,40,20720,20048,4498,20920,40126,83,1,1
15777,5040,1443,40,11642,11371,1352,11802,19667,27,1,1
15778,6232,2094,40,9197,8857,1393,9357,19116,36,1,1
15779,10289,8887,40,16421,15530,2194,16652,38052,115,1,1
15780,7905,3908,40,27422,26911,5200,27602,44665,56,1,2
15781,6553,4749,40,14958,14397,1973,15149,28464,69,1,1
15782,6713,5470,40,20639,20007,2204,20840,35257,78,1,1
15783,10289,9538,40,20959,20008,1914,21180,42961,121,1,1
15784,7414,3828,40,18906,18415,3246,19086,33624,57,1,1
15785,7044,6332,40,19777,19086,2305,19967,35708,86,1,1
15786,6853,3867,40,19247,18756,4478,19437,34685,59,1,1
15787,6984,6372,40,14918,14207,1042,15118,29566,88,1,1
15788,6883,3346,40,13295,12855,2114,13475,25868,52,1,1
15789,6382,5190,40,16070,15479,1613,16270,29485,73,1,1
15790,2996,641,40,11442,11271,1663,11592,16932,14,1,1
15791,7054,3216,40,28374,27913,7223,28554,46077,49,1,2
15792,2836,751,41,7093,6913,1713,7254,12604,16,1,1
15793,5290,4659,40,28474,27873,4138,28664,42791,68,1,2
15794,3747,992,40,5631,5411,1012,5781,11582,20,1,1
15795,8967,9097,40,26280,25348,1313,26510,45947,119,1,1
15796,7233,5601,30,17383,16742,1423,17573,31870,78,1,1
15797,7224,5390,40,20559,19928,3206,20749,36619,77,1,1
15798,5290,3917,40,18014,17503,1263,18194,28704,60,1,1
15799,6783,4178,40,15139,14618,2124,15329,28444,63,1,1
15800,3908,871,31,17633,17423,1793,17784,24396,18,1,1
15801,7194,6312,40,20058,19367,1102,20268,34916,86,1,1
15802,3326,421,40,17263,17113,2094,17403,23294,10,1,1
15803,4208,2104,40,12914,12594,2384,13084,21831,34,1,1
15804,7043,5591,40,14297,13646,1703,14497,28874,81,1,1
15805,4308,1693,40,12193,11912,1362,12354,19747,28,1,1
15806,3196,161,40,11201,11101,1954,11341,16692,3,1,1
15807,3697,652,40,29756,29536,14047,29896,48332,13,1,2
15808,2344,621,41,17613,17453,14497,17764,35266,12,1,1
15809,3287,300,40,7254,7124,982,7404,12003,7,1,1
15810,3546,972,40,12755,12543,1753,12925,19226,19,1,1
15811,7475,5470,40,20198,19577,1482,20388,34866,76,1,1
15812,7594,4038,40,33914,33373,3868,34094,49644,59,1,2
15813,7404,5570,40,21772,21150,4849,21972,39845,78,1,1
15814,6893,5240,40,19958,19337,3637,20138,35958,76,1,1
15815,5190,3276,40,13827,13365,1072,13987,23575,52,1,1
15816,6943,5240,40,16121,15510,1703,16301,30237,74,1,1
15817,5681,3586,40,12513,12052,1403,12694,23424,55,1,1
15818,2955,1333,40,15349,15089,1844,15509,21681,26,1,1
15819,7163,4047,40,14187,13695,1964,14367,27592,59,1,1
15820,9939,8165,40,33494,32632,9608,33694,61466,103,1,2
15821,2364,1433,40,17533,17273,2655,17683,24185,25,1,1
15822,8797,7694,30,21951,21150,2134,22162,40817,100,1,1
15823,3938,1142,40,8195,7965,1392,8356,14868,22,1,1
15824,3457,1112,40,12975,12754,4589,13125,22323,19,1,1
15825,3326,1814,40,18996,18705,2945,19156,27291,30,1,1
15826,6733,5771,40,15219,14568,2284,15409,30247,79,1,1
15827,7444,5441,40,21130,20489,1583,21330,35838,79,1,1
15828,10369,7144,40,22933,22202,10670,23144,51357,92,1,1
15829,7163,5641,40,20760,20118,1583,20960,35377,80,1,1
15830,5030,3166,40,20569,20128,7995,20749,36990,51,1,1
15831,2896,1943,41,11531,11211,4920,11692,21491,34,1,1
15832,3226,2404,40,14227,13876,3096,14407,23173,38,1,1
15833,3797,811,40,17043,16841,1633,17193,23474,16,1,1
15834,3266,822,40,12153,11943,2074,12303,18505,17,1,1
15835,6883,4018,40,14187,13696,1573,14367,26871,58,1,1
15836,6462,5009,40,20589,19978,2034,20770,34325,73,1,1
15837,9207,6012,40,30147,29445,9618,30347,55234,83,1,2
15838,2515,912,40,11391,11181,4939,11541,19958,18,1,1
15839,9207,8356,40,21651,20799,2665,21861,42129,107,1,1
15840,4248,762,40,8196,8005,1533,8346,14929,16,1,1
15841,3787,281,40,7654,7514,1022,7794,12924,7,1,1
15842,13696,14256,40,19116,17854,1533,19376,48912,168,1,1
15843,7565,5270,40,20489,19888,3597,20669,37151,72,1,1
15844,7745,5460,40,17614,16982,1533,17814,32592,79,1,1
15845,8586,5651,40,20759,20118,7134,20959,42380,79,1,1
15846,6001,5771,40,20558,19907,1132,20750,33704,80,1,1
15847,6191,3657,40,36819,36318,6873,36990,53761,54,1,2
15848,6462,3246,40,18565,18145,2665,18735,31148,48,1,1
15849,5120,3476,40,14077,13615,1263,14257,24176,55,1,1
15850,7324,3376,40,13225,12784,1984,13406,26130,53,1,1
15851,6833,4930,40,14948,14357,1573,15128,28514,71,1,1
15852,3807,571,40,11322,11162,1643,11472,17533,12,1,1
15853,2485,120,40,7485,7394,7253,7625,17513,1,1,1
15854,16852,21811,40,26290,24487,15690,26600,81003,241,1,1
15855,3807,1212,40,23555,23304,1603,23705,30367,19,1,2
15856,3677,1062,40,7725,7494,972,7875,13626,21,1,1
15857,3727,521,40,6903,6743,1022,7054,12374,12,1,1
15858,1994,120,40,5140,5050,1422,5280,8846,1,1,1
15859,2856,1503,40,14698,14427,3246,14848,22503,26,1,1
15860,7304,4979,40,20860,20278,4559,21050,37942,71,1,1
15861,7143,6122,40,18465,17784,1483,18665,33453,84,1,1
15862,7053,5190,40,20399,19798,3937,20589,36829,73,1,1
15863,5531,3366,41,15729,15268,1283,15910,26130,53,1,1
15864,7494,4198,40,17884,17363,6763,18054,36569,61,1,1
15865,2986,641,40,26200,25989,2534,26350,32551,13,1,2
15866,7053,5000,40,17002,16391,5170,17202,34455,73,1,1
15867,5741,3597,40,31850,31349,1543,32030,42961,56,1,2
15868,5691,3697,40,25028,24516,1653,25198,36279,55,1,2
15869,8946,4038,40,19808,19317,16691,19978,49703,58,1,1
15870,3176,1984,40,13656,13355,2244,13826,21280,32,1,1
15871,6762,5140,40,20960,20349,3046,21150,36158,74,1,1
15872,3888,651,40,7755,7585,972,7905,13466,14,1,1
15873,3527,1302,40,11021,10791,2665,11181,18715,23,1,1
15874,7013,4799,40,22482,21881,1934,22672,36469,72,1,1
15875,7274,6192,40,25238,24536,2414,25428,41348,86,1,1
15876,8135,6242,40,21932,21241,1783,22142,38342,87,1,1
15877,6673,4578,41,17793,17232,1233,17984,30518,68,1,1
15878,6783,4128,40,12624,12113,1323,12814,25088,61,1,1
15879,2956,2064,40,18645,18335,562,18815,24447,34,1,1
15880,7093,6683,40,2665,1934,11843,2865,28534,92,1,1
15881,11922,14828,40,42340,41007,11662,42611,81073,173,1,2
15882,2855,671,40,5791,5620,1342,5941,10860,14,1,1
15883,2685,1223,40,11301,11081,5200,11461,20609,21,1,1
15884,9729,8967,40,22573,21671,2875,22793,44404,114,1,1
15885,4058,581,40,11662,11502,1453,11812,17964,13,1,1
15886,3808,1192,40,11191,10941,1393,11351,17784,23,1,1
15887,13305,14748,40,18415,17143,2064,18685,48842,169,1,1
15888,7815,5040,40,22923,22312,1302,23123,37321,75,1,1
15889,7965,7164,40,23424,22673,2043,23635,40857,96,1,1
15890,6613,5430,40,17453,16802,1243,17633,30979,79,1,1
15891,8325,6232,40,23114,22423,1884,23314,39805,85,1,1
15892,6121,4549,40,18255,17714,1212,18425,30357,64,1,1
15893,6582,2455,40,18315,17964,5961,18475,33533,38,1,1
15894,3938,2063,40,15830,15509,1412,16001,23444,34,1,1
15895,4379,1001,40,12904,12684,1603,13054,20078,19,1,1
15896,7183,5781,40,19357,18706,1613,19557,34184,81,1,1
15897,9758,6362,40,29747,29014,10740,29947,56837,85,1,2
15898,3216,1633,40,10210,9908,6312,10370,21561,30,1,1
15899,8877,5650,40,20248,19637,4809,20439,39825,76,1,1
15900,3757,671,40,7184,6994,1142,7334,12954,15,1,1
15901,3867,461,41,8015,7854,1463,8166,13997,11,1,1
15902,2004,351,40,12323,12183,592,12463,15460,7,1,1
15903,17182,17463,40,24266,22783,2725,24557,61977,198,1,1
15904,7344,6071,40,24647,23966,1473,24847,39775,84,1,1
15905,6913,6332,40,17202,16501,1062,17393,31740,86,1,1
15906,6542,4999,40,16651,16050,2665,16832,31078,72,1,1
15907,6463,3546,40,19076,18615,1823,19257,31129,54,1,1
15908,7043,5911,40,20689,20038,1553,20900,35447,81,1,1
15909,3877,992,40,17494,17272,1633,17644,24196,20,1,1
15910,4559,2525,40,13185,12814,1363,13355,21842,41,1,1
15911,6863,3768,40,14367,13896,1653,14547,26871,54,1,1
15912,6933,5881,41,15469,14798,1513,15670,30037,82,1,1
15913,2425,140,40,11041,10941,2114,11181,15900,2,1,1
15914,3336,1202,41,18615,18364,16070,18766,39414,23,1,1
15915,16001,21971,40,19096,17243,2344,19417,59763,246,1,2
15916,5751,2464,40,18515,18154,15779,18686,42720,40,1,1
15917,3737,501,40,5641,5480,1002,5791,11071,11,1,1
15918,1353,260,40,7384,7273,4077,7535,13275,6,1,1
15919,4539,170,40,6673,6573,1072,6813,12654,4,1,1
15920,5100,2815,40,15098,14697,2315,15269,25539,45,1,1
15921,7304,4759,40,20229,19688,4819,20419,37351,66,1,1
15922,7273,6032,40,19146,18465,1443,19346,34144,85,1,1
15923,7314,5570,40,20219,19618,4789,20409,38112,73,1,1
15924,3858,2194,40,15830,15470,1483,15990,23575,38,1,1
15925,7123,4268,41,15268,14748,2003,15450,28894,63,1,1
15926,5260,3958,40,16501,16020,2715,16681,28674,58,1,1
15927,7685,3587,40,29255,28795,1553,29425,42300,50,1,2
15928,6913,6192,40,14838,14147,1052,15038,29235,85,1,1
15929,5981,4308,40,13857,13325,4398,14047,28774,65,1,1
15930,9488,8667,40,21741,20889,2515,21961,42681,110,1,1
15931,4348,551,40,11562,11412,1693,11712,18334,11,1,1
15932,2365,220,41,17322,17212,14618,17463,34706,5,1,1
15933,15960,21100,40,18235,16481,3096,18545,58751,232,1,2
15934,3737,2474,40,19888,19547,6663,20058,32973,38,1,1
15935,3106,1112,40,7475,7263,972,7635,12875,20,1,1
15936,6091,4519,40,17894,17343,3216,18084,31960,67,1,1
15937,7183,5209,40,21170,20589,2124,21351,35918,70,1,1
15938,6583,5240,40,24647,24026,1222,24837,37922,75,1,1
15939,3677,1152,40,16712,16482,1633,16872,23384,22,1,1
15940,5450,3938,40,19006,18515,1293,19196,29917,59,1,1
15941,6383,5380,40,19988,19377,2555,20188,34556,76,1,1
15942,10109,7805,40,32562,31730,10029,32772,60755,101,1,2
15943,3677,2405,40,27532,27161,4188,27702,38012,38,1,2
15944,5049,381,40,9698,9558,1452,9839,16771,9,1,1
15945,2856,280,40,7734,7604,1654,7875,12725,7,1,1
15946,3366,1493,40,13395,13135,4338,13546,22783,25,1,1
15947,6362,4248,40,19847,19306,1714,20028,32392,64,1,1
15948,6823,5511,40,15369,14748,1994,15569,29937,77,1,1
15949,6702,5160,40,21130,20529,2645,21320,35877,73,1,1
15950,7364,6482,40,17784,17072,1082,17994,32962,90,1,1
15951,6813,4618,40,14247,13706,2194,14438,28113,66,1,1
15952,8085,5130,40,19908,19307,1413,20098,34776,74,1,1
15953,6463,5139,40,17463,16862,1202,17654,30498,72,1,1
15954,6733,5029,40,15269,14657,2776,15449,30027,74,1,1
15955,4087,1824,40,18415,18114,2014,18575,26550,32,1,1
15956,6112,4608,40,15409,14848,1202,15589,27562,67,1,1
15957,7124,3937,41,13315,12824,1583,13496,26180,59,1,1
15958,6383,5139,40,19306,18695,1703,19497,32782,75,1,1
15959,10139,7224,40,30207,29435,12063,30407,59883,94,1,2
15960,6402,2585,40,37050,36609,1243,37210,47490,39,1,3
15961,4138,702,40,6041,5861,1042,6191,12113,14,1,1
15962,1783,341,40,6883,6743,1383,7023,10590,8,1,1
15963,3997,271,40,7875,7755,1483,8015,13816,6,1,1
15964,5601,4098,40,14307,13806,4088,14497,28314,60,1,1
15965,6182,3977,41,20138,19627,2545,20319,33073,61,1,1
15966,6873,5561,40,17523,16892,2305,17723,32502,79,1,1
15967,7374,5019,40,20649,20027,1793,20830,35066,75,1,1
15968,6663,5631,40,19857,19226,1252,20057,33644,79,1,1
15969,6182,3115,40,34916,34475,8917,35087,53351,46,1,2
15970,5590,4358,40,20088,19557,5861,20269,36138,63,1,1
15971,6172,3036,40,18445,18024,3607,18615,31490,47,1,1
15972,4809,3106,40,13776,13346,1323,13946,23224,49,1,1
15973,4328,872,40,11842,11642,1623,12002,18865,18,1,1
15974,6893,4839,40,14217,13626,1754,14407,27933,71,1,1
15975,3757,691,40,11883,11702,1673,12023,18204,15,1,1
15976,14257,7794,40,28363,27562,10109,28574,60774,97,1,2
15977,2605,471,40,17564,17422,11211,17714,32031,10,1,1
15978,2976,651,40,5721,5541,1232,5871,10770,15,1,1
15979,3006,852,40,8606,8406,972,8766,13626,17,1,1
15980,6031,3426,40,17132,16681,1954,17302,28754,53,1,1
15981,7054,4228,40,20028,19507,3056,20208,34606,62,1,1
15982,7143,6062,40,21531,20860,1463,21731,36449,84,1,1
15983,7073,4619,40,20509,19948,2685,20699,35126,68,1,1
15984,4699,3136,40,17213,16792,1352,17393,26610,48,1,1
15985,7254,4839,40,15329,14768,1933,15519,29596,68,1,1
15986,6372,4409,40,18445,17914,1823,18635,31289,65,1,1
15987,2645,1623,40,16331,16031,2054,16481,22843,30,1,1
15988,6642,1433,40,19367,19086,4438,19527,32080,27,1,1
15989,2114,220,40,11030,10920,571,11172,14127,5,1,1
15990,7885,5050,40,11943,11352,1012,12133,26120,72,1,1
15991,2765,1313,40,17132,16882,4950,17282,26370,23,1,1
15992,8356,6883,40,20960,20239,3246,21170,39705,92,1,1
15993,4669,1001,40,9898,9678,1412,10049,17172,19,1,1
15994,2816,120,40,11241,11151,2525,11381,16882,1,1,1
15995,5911,571,40,17734,17564,17072,17884,41478,13,1,1
15996,11753,14517,41,17783,16461,2926,18054,47300,170,1,2
15997,1583,391,40,17593,17443,14738,17733,34495,9,1,1
15998,6653,6332,40,23945,23264,1112,24145,38282,86,1,1
15999,7684,3978,40,19988,19517,2575,20168,34445,55,1,1
16000,7173,6132,40,26059,25358,1122,26249,40727,87,1,1
16001,4328,1222,41,19607,19376,1593,19768,26961,23,1,1
16002,6202,4749,40,19006,18425,1173,19196,31360,71,1,1
16003,6352,4810,40,19587,19006,2284,19777,33263,70,1,1
16004,8787,4979,40,21290,20729,11642,21481,46929,69,1,1
16005,3847,1783,40,11051,10741,2044,11211,18915,31,1,1
16006,6281,3126,40,19096,18665,7274,19277,35988,50,1,1
16007,7694,5601,40,14838,14217,1423,15038,29806,77,1,1
16008,3947,291,40,7524,7404,1433,7674,13395,7,1,1
16009,3086,812,40,8356,8155,1433,8506,13867,16,1,1
16010,6943,4188,40,14558,14057,4017,14748,29936,61,1,1
16011,6281,4900,40,20188,19597,2275,20378,33894,73,1,1
16012,6162,3767,40,14217,13736,4679,14397,29065,57,1,1
16013,3376,2485,40,19076,18716,3477,19246,28624,40,1,1
16014,7685,6803,40,22342,21611,1041,22552,38132,93,1,1
16015,6482,3727,40,34195,33714,13626,34375,58270,54,1,2
16016,3146,2024,40,13826,13506,3647,13986,22843,33,1,1
16017,4579,2575,40,18736,18375,6732,18906,32842,40,1,1
16018,6131,5120,40,17463,16862,1193,17653,30137,72,1,1
16019,7083,3667,40,14117,13635,1313,14297,26420,57,1,1
16020,6642,5731,41,16721,16070,1323,16922,30648,81,1,1
16021,3747,722,40,11181,10991,1593,11331,17443,16,1,1
16022,2234,340,40,9688,9548,10861,9829,23304,8,1,1
16023,16672,22492,40,26390,24546,19597,26711,85522,244,1,2
16024,5100,1863,40,34185,33834,1072,34345,42440,29,1,3
16025,3807,832,40,5641,5440,992,5791,11462,16,1,1
16026,3176,1002,40,7464,7244,1193,7614,13025,20,1,1
16027,7364,5240,40,16792,16180,2454,16992,32090,75,1,1
16028,7414,5460,40,21171,20528,4408,21361,38693,78,1,1
16029,7154,6011,40,22693,22042,1764,22893,37872,82,1,1
16030,6843,5110,40,21731,21140,4388,21931,38312,73,1,1
16031,6262,4488,40,19497,18956,1262,19678,31730,65,1,1
16032,6562,3757,41,34124,33593,3357,34305,48021,57,1,2
16033,7224,4378,40,16581,16050,1703,16762,30117,63,1,1
16034,6392,2886,40,18515,18114,1603,18685,29606,45,1,1
16035,7324,5841,40,15239,14578,1102,15419,29746,81,1,1
16036,6592,5190,40,14367,13766,1844,14567,28243,75,1,1
16037,3987,702,40,11522,11341,1663,11672,18074,15,1,1
16038,3226,120,40,11432,11342,2014,11572,16972,1,1,1
16039,5200,1884,40,27131,26810,4399,27291,38814,30,1,2
16040,6522,3357,40,19276,18836,7925,19446,37300,51,1,1
16041,4238,581,40,5551,5390,1002,5701,11572,13,1,1
16042,6452,5721,40,24907,24235,1182,25108,38513,79,1,2
16043,6423,2574,40,18735,18395,18856,18906,46809,38,1,1
16044,12113,14377,40,21220,19907,2404,21481,50435,169,1,2
16045,6161,2976,40,18295,17914,13355,18465,41007,44,1,1
16046,4628,2946,40,15620,15199,1353,15780,24767,46,1,1
16047,6943,5260,40,15690,15089,2274,15880,30407,75,1,1
16048,5290,3677,40,19407,18936,2284,19577,30888,55,1,1
16049,5811,1343,40,18284,18024,1583,18435,27212,25,1,1
16050,6683,3306,40,12974,12533,2174,13145,25368,51,1,1
16051,7504,5100,40,33193,32551,4578,33383,50605,73,1,2
16052,10840,10119,40,19657,18685,2435,19898,43332,126,1,1
16053,7454,5620,40,22041,21410,1733,22232,37090,78,1,1
16054,7094,6081,40,16391,15709,1793,16592,31600,85,1,1
16055,8917,5791,40,20889,20218,1934,21089,37771,82,1,1
16056,7474,7093,40,24065,23304,1082,24266,39955,95,1,1
16057,6713,2855,40,19907,19507,5591,20078,35287,45,1,1
16058,7103,6041,40,24706,24015,1232,24907,39334,85,1,1
16059,7194,2475,40,19777,19417,1653,19937,31319,39,1,1
16060,3747,1914,40,14507,14187,1492,14678,21871,35,1,1
16061,7855,5189,40,13826,13235,1693,14017,28804,73,1,1
16062,6473,4218,40,19086,18565,2124,19276,32131,63,1,1
16063,11482,8095,40,33333,32502,9228,33533,62378,101,1,2
16064,2956,1773,40,16391,16081,3457,16561,24787,30,1,2
16065,9238,6752,40,21160,20418,2064,21361,39455,93,1,1
16066,3798,861,40,8096,7884,1082,8246,14047,18,1,1
16067,3657,331,40,7725,7584,1473,7865,13386,8,1,1
16068,3367,811,40,12734,12553,4158,12885,21271,15,1,1
16069,6202,3356,40,27352,26881,4979,27532,42119,49,1,2
16070,6473,5059,41,15419,14818,2124,15610,29316,73,1,1
16071,6903,5200,41,20458,19857,3607,20659,36419,74,1,1
16072,7595,7083,40,19918,19126,1202,20128,36038,99,1,1
16073,6542,2325,40,31019,30638,12333,31189,52429,37,1,2
16074,2866,1863,40,12945,12643,3587,13105,21461,31,1,1
16075,2214,1062,40,17714,17503,7945,17874,29135,19,1,1
16076,6653,5530,40,15500,14858,1112,15690,29045,78,1,1
16077,6642,3146,40,13215,12784,2124,13386,25348,49,1,1
16078,6412,4949,40,16721,16140,1634,16912,29947,71,1,1
16079,3887,421,40,12554,12404,1713,12704,18755,10,1,1
16080,13345,9699,40,32301,31360,11552,32531,67157,117,1,2
16081,2795,1022,40,25959,25709,5962,26109,35938,17,1,2
16082,1553,220,40,5170,5069,1383,5320,8516,5,1,1
16083,9278,8827,40,25959,25108,1052,26189,45406,110,1,1
16084,7264,5600,40,17823,17192,1473,18024,32401,78,1,1
16085,7223,5621,40,22132,20098,4238,22332,39454,81,1,1
16086,11221,5210,41,20618,19997,1272,20810,38553,75,1,1
16087,6292,2976,40,35497,35077,3126,35677,48121,45,1,2
16088,7033,3747,40,16982,16491,1673,17162,29666,57,1,1
16089,3798,420,41,17402,17252,1923,17544,23745,10,1,1
16090,2695,210,40,12033,11923,10300,12183,25418,5,1,1
16091,16952,20629,40,17893,16180,24826,18195,80652,229,1,1
16092,4579,1022,40,10129,9909,11983,10279,27923,19,1,1
16093,9598,9388,40,15389,14467,9899,15609,44534,117,1,1
16094,2685,190,40,11291,11181,1974,11432,16321,5,1,1
16095,3266,451,40,29686,29516,10290,29836,43883,10,1,2
16096,1092,281,40,7574,7444,6934,7714,16071,6,1,1
16097,16762,22613,40,26240,24397,16351,26550,82316,247,1,1
16098,3186,651,40,9608,9448,1543,9748,15178,12,1,1
16099,6502,3978,40,14548,14057,2635,14718,27883,58,1,1
16100,7425,4748,40,20148,19587,3717,20338,36279,69,1,1
16101,6382,4829,40,21451,20860,1232,21641,34124,71,1,1
16102,6843,4418,40,20228,19717,3376,20419,35096,62,1,1
16103,5971,4940,40,18655,18094,1233,18845,31029,68,1,1
16104,6563,4368,40,18766,18235,2875,18956,32802,65,1,1
16105,4198,962,40,16842,16631,1654,17002,23856,19,1,1
16106,9257,5831,40,30207,29545,8396,30408,53932,78,1,2
16107,2895,1513,40,9258,8987,3927,9408,17783,26,1,1
16108,3767,2375,40,30157,29776,4689,30327,41188,38,1,2
16109,3337,1132,40,8085,7855,2494,8235,15249,21,1,1
16110,2554,612,40,7644,7484,1734,7794,12734,12,1,1
16111,13576,13145,40,19427,18255,2334,19677,48772,155,1,1
16112,7174,5240,40,19998,19417,2004,20188,34666,72,1,1
16113,6964,5250,40,15098,14487,2385,15278,29927,73,1,1
16114,6742,5169,41,21069,20458,1242,21271,34475,75,1,1
16115,7203,6823,40,20909,20178,1032,21120,36228,93,1,1
16116,6843,5440,40,23845,23224,1863,24046,38242,77,1,1
16117,6152,5040,40,18695,18104,1173,18895,31300,73,1,1
16118,6933,5691,40,24266,23645,2425,24466,39565,78,1,1
16119,3737,1843,40,15319,15019,1433,15479,22552,31,1,1
16120,7875,4608,40,14708,14177,1733,14899,29155,64,1,1
16121,6453,4679,40,19497,18926,2044,19677,32903,69,1,1
16122,9318,6773,40,30638,29916,9588,30848,56557,87,1,2
16123,2484,1262,40,17343,17072,5280,17503,26580,22,1,2
16124,9007,6903,40,21281,20569,3677,21481,41118,90,1,1
16125,4348,892,40,7945,7735,1072,8095,14447,18,1,1
16126,13305,12975,40,18385,17183,2004,18635,46949,157,1,1
16127,7334,5651,40,20750,20108,6502,20940,40467,80,1,1
16128,6873,5721,40,17453,16792,1513,17643,31790,81,1,1
16129,7024,5240,40,20739,20128,7434,20929,40677,75,1,1
16130,6272,4879,40,18986,18405,1322,19177,31690,69,1,1
16131,6533,3597,40,38963,38473,10830,39134,60134,53,1,2
16132,7003,4989,40,16982,16421,4208,17173,33423,68,1,1
16133,2164,952,40,17794,17584,4679,17944,25779,18,1,1
16134,11662,12263,40,19206,18074,1022,19447,44444,148,1,1
16135,7634,6703,40,16091,15369,1613,16291,32291,91,1,1
16136,4930,170,40,12083,11983,1723,12223,19076,3,1,1
16137,4098,140,40,11050,10940,1723,11182,17193,3,1,1
16138,13276,6382,40,29566,28854,12333,29766,61797,83,1,2
16139,3116,1804,40,26079,25769,5020,26239,36219,28,1,2
16140,3837,531,40,7024,6863,1072,7164,12654,11,1,1
16141,3927,421,40,5310,5170,1182,5461,11031,10,1,1
16142,2534,1343,40,14828,14588,3357,14988,22262,22,1,1
16143,7034,5129,40,20508,19917,1993,20700,34916,73,1,1
16144,6261,5060,40,18014,17423,3808,18204,33373,72,1,1
16145,6933,5240,40,20389,19767,2454,20579,35246,75,1,1
16146,6362,5029,40,19487,18896,1213,19677,32331,72,1,1
16147,6562,4118,40,35317,34766,3206,35497,49423,60,1,2
16148,6633,3416,40,16762,16320,2214,16942,29255,51,1,1
16149,8076,2895,41,18665,18264,1453,18846,31310,45,1,1
16150,7163,5811,40,14508,13867,1683,14688,29395,78,1,1
16151,4679,1563,40,27883,27582,1663,28033,35988,26,1,2
16152,8967,4147,30,19336,18825,13706,19517,46377,59,1,1
16153,7364,5560,41,23434,22793,1453,23635,38042,79,1,1
16154,4008,671,40,7545,7374,1002,7695,13416,14,1,1
16155,2886,1002,40,9708,9488,3246,9858,17042,19,1,1
16156,8245,4809,40,22492,21931,1864,22693,37651,68,1,1
16157,7033,5500,40,24657,24026,1142,24857,38583,79,1,1
16158,3867,1133,40,18134,17894,1613,18284,24957,22,1,1
16159,5671,4098,40,19397,18886,1292,19577,30688,61,1,1
16160,6001,4589,40,20148,19587,2604,20338,33583,69,1,1
16161,3858,1292,40,16922,16662,1593,17082,23865,25,1,1
16162,10470,6693,40,33253,32532,7514,33453,58180,86,1,2
16163,2665,1442,40,11421,11161,5190,11571,20909,24,1,1
16164,8527,7343,40,21711,20929,3406,21922,41238,98,1,1
16165,5811,1773,40,12363,12063,1322,12524,21471,31,1,1
16166,3536,1323,40,11201,10951,1482,11362,17753,25,1,1
16167,12994,14979,40,25729,24396,1212,25989,55224,176,1,1
16168,6743,5911,40,15710,15059,2595,15910,31209,81,1,1
16169,7193,5421,40,20969,20338,3717,21160,37531,78,1,1
16170,7785,7835,40,20489,19687,1112,20709,37481,102,1,1
16171,7624,4428,40,36759,36199,17193,36950,66225,62,1,2
16172,6112,4007,40,18275,17763,1974,18465,30598,61,1,1
16173,6562,4278,41,19276,18745,8977,19447,39314,62,1,1
16174,11011,4689,40,9798,9267,17103,9988,42831,65,1,1
16175,11602,11562,40,20519,19427,18014,20759,61997,142,1,1
16176,5099,2335,40,13275,12924,14207,13445,35126,39,1,1
16177,15920,23094,40,21200,19487,14918,21510,75492,231,1,1
16178,3606,121,40,12022,11922,2033,12163,17953,1,1,1
16179,13485,9007,40,31670,30748,12584,31890,67006,114,1,2
16180,7213,4738,40,27822,27241,7445,28012,47450,65,1,2
16181,942,120,40,7715,7615,2154,7845,11101,1,1,1
16182,12925,14126,40,25538,24286,1042,25789,53922,164,1,1
16183,7094,5590,40,24867,24225,1182,25058,38974,79,1,1
16184,5491,4819,40,14488,13907,961,14678,25989,69,1,1
16185,6072,3486,40,17724,17252,1333,17894,28825,54,1,1
16186,6492,4298,40,32672,32101,8186,32842,51868,63,1,2
16187,7274,4979,40,15029,14438,3536,15219,31048,72,1,1
16188,6632,3537,40,18816,18375,3777,18996,32982,52,1,1
16189,5981,4348,40,14177,13645,1203,14367,25939,64,1,1
16190,7164,3356,40,13165,12724,1994,13345,25889,51,1,1
16191,6582,5470,40,14478,13846,1342,14678,28113,78,1,1
16192,3086,651,40,11572,11382,1643,11722,17142,15,1,1
16193,6542,2305,40,26680,26310,6954,26860,42701,37,1,2
16194,882,110,40,5190,5090,5591,5320,11953,1,1,1
16195,16872,21481,40,26490,24717,18986,26810,84179,239,1,1
16196,3677,901,41,8065,7864,972,8216,13816,17,1,1
16197,3797,531,40,6763,6593,1032,6913,12303,12,1,1
16198,4218,1964,40,14848,14538,2584,15009,23825,32,1,1
16199,7444,5190,40,20328,19747,8946,20529,42159,71,1,1
16200,4900,2865,40,17113,16712,1563,17283,26651,45,1,1
16201,6903,2936,40,19377,18996,12253,19547,41689,43,1,1
16202,4989,4188,40,22943,22432,1263,23134,33614,62,1,1
16203,5931,4248,40,37030,36459,3727,37210,51156,63,1,2
16204,7975,7604,40,15349,14538,982,15559,32150,102,1,1
16205,6352,4849,40,13916,13335,4168,14097,29516,70,1,1
16206,9208,8786,40,22252,21380,2024,22473,42531,112,1,1
16207,4108,360,40,11642,11511,1673,11793,17974,8,1,1
16208,14347,6041,40,20289,19647,15028,20479,55955,79,1,1
16209,3617,2495,40,13476,13135,2244,13646,22042,38,1,1
16210,7534,4829,30,21872,21301,6101,22052,40566,69,1,1
16211,1873,110,41,7213,7113,1884,7344,11261,1,1,1
16212,6352,4779,40,17764,17193,2815,17944,31940,69,1,1
16213,6913,5540,40,29696,29045,4258,29897,46648,75,1,2
16214,7554,5591,40,20529,19908,4308,20719,38212,76,1,1
16215,6842,4708,40,19977,19406,1963,20169,33743,70,1,1
16216,10610,9127,41,20779,19857,1353,21000,42140,118,1,1
16217,6813,5139,40,20018,19396,1793,20209,34004,76,1,1
16218,11131,7885,40,32722,31910,11722,32933,63731,99,1,2
16219,3426,1964,40,10370,10059,6272,10540,22252,34,1,1
16220,9258,6472,41,21019,20318,4709,21220,41719,87,1,1
16221,4168,811,41,9988,9788,1402,10140,16571,17,1,1
16222,2675,672,40,8005,7825,1784,8155,13336,14,1,1
16223,13375,14528,40,18505,17323,2395,18755,49103,154,1,1
16224,7915,6613,40,20549,19848,1563,20749,36890,88,1,1
16225,6853,6001,40,15329,14678,1743,15529,30187,82,1,1
16226,6742,4478,40,20249,19698,4578,20439,36278,67,1,1
16227,8776,7094,40,19898,19126,1042,20108,37070,96,1,1
16228,6893,2495,40,26630,26239,12855,26800,49083,38,1,2
16229,3586,2675,40,17312,16932,6372,17484,30167,43,1,1
16230,6111,2555,40,18776,18415,6542,18946,34184,40,1,1
16231,6903,5470,40,15450,14828,1122,15650,29185,77,1,1
16232,6733,3076,40,12945,12524,1823,13115,24797,49,1,1
16233,6282,4759,40,16802,16241,1884,16992,29977,68,1,1
16234,9508,4419,40,29085,28544,6813,29265,50055,59,1,2
16235,2956,651,41,7834,7654,3066,7985,14708,15,1,1
16236,3347,2194,40,19587,19217,3557,19757,28895,36,1,2
16237,8587,8095,40,22944,22082,3216,23154,43092,109,1,1
16238,4979,1553,40,6302,6022,1012,6452,14046,28,1,1
16239,2925,872,40,7354,7134,1082,7504,12433,19,1,1
16240,3848,350,40,7935,7795,1462,8065,13776,8,1,1
16241,5230,3657,40,14077,13606,4308,14237,27492,54,1,1
16242,7965,5270,40,20329,19728,2545,20519,36349,74,1,1
16243,6271,5491,40,17744,17123,3146,17944,32882,76,1,1
16244,7484,5179,40,20418,19827,1863,20618,35176,72,1,1
16245,6622,5731,41,23023,22372,1132,23204,36739,79,1,1
16246,7013,2475,40,19277,18926,2735,19447,31700,39,1,1
16247,7384,5731,40,20378,19727,1342,20579,35086,82,1,1
16248,8045,3257,40,18595,18164,3126,18765,33253,50,1,1
16249,5180,3597,40,16120,15649,1273,16300,26400,56,1,1
16250,6032,4609,40,14367,13836,1793,14557,27041,64,1,1
16251,4649,872,40,12764,12554,1653,12914,20118,17,1,1
16252,4108,621,40,11502,11342,1783,11652,18214,13,1,1
16253,11932,7214,40,28985,28234,9598,29195,57989,92,1,2
16254,6021,2455,40,18936,18585,11823,19096,39435,37,1,1
16255,3076,381,40,5280,5140,1192,5420,10119,9,1,1
16256,3146,651,40,7735,7565,982,7885,12704,13,1,1
16257,4709,902,40,15199,14999,1633,15359,22633,17,1,1
16258,6502,1964,40,18175,17854,14908,18335,41749,33,1,1
16259,3697,2885,40,16962,16551,2144,17143,25909,46,1,1
16260,5991,2745,40,18646,18265,13696,18826,41288,43,1,1
16261,17013,6662,40,16942,16250,17423,17143,58291,86,1,1
16262,3346,1102,40,11111,10880,12503,11262,28263,20,1,1
16263,16040,20970,40,19998,18285,12003,20298,69361,229,1,1
16264,4108,1152,40,8797,8567,9668,8957,23915,22,1,1
16265,16752,21982,40,25669,23845,19587,25979,84360,245,1,1
16266,2104,271,40,17242,17112,3617,17392,23414,7,1,1
16267,2775,611,40,10730,10560,2214,10881,16531,13,1,1
16268,5701,3226,40,12524,12083,1202,12694,22873,50,1,1
16269,6072,3536,40,19527,19086,3186,19698,32532,51,1,1
16270,8306,6101,40,14186,13525,1072,14388,29907,82,1,1
16271,3747,1342,40,12183,11923,1363,12333,18836,26,1,1
16272,3106,351,40,11431,11301,2104,11571,17182,8,1,1
16273,5350,121,40,17543,17443,18265,17673,41449,1,1,1
16274,3506,2304,40,13526,13185,2855,13686,22402,37,1,1
16275,7363,4899,40,20870,20309,3827,21060,37210,69,1,1
16276,6683,6172,40,17313,16622,1082,17513,31480,85,1,1
16277,7203,3166,40,19738,19286,2164,19918,32481,51,1,1
16278,7183,4158,41,20258,19767,1693,20439,33523,58,1,1
16279,7173,5370,40,19928,19297,1172,20118,33884,77,1,1
16280,6522,3787,41,19476,18996,7435,19657,37441,56,1,1
16281,6121,4790,40,17242,16651,1172,17433,29566,72,1,1
16282,6552,4018,40,14437,13936,1633,14627,26860,60,1,1
16283,5381,4238,40,19286,18766,1813,19467,30959,61,1,1
16284,14598,10510,40,33213,32220,11542,33443,70123,123,1,2
16285,3276,1693,40,10239,9969,4869,10399,20288,28,1,1
16286,8566,7875,40,21371,20558,3176,21591,41248,103,1,1
16287,4028,581,40,8046,7875,1452,8196,14307,13,1,1
16288,2084,140,41,7634,7554,2345,7775,12404,2,1,1
16289,5651,2795,40,13606,13225,4178,13776,26450,43,1,1
16290,6131,5050,40,20569,19978,2224,20759,34214,73,1,1
16291,7714,6002,40,19667,18996,2856,19857,36469,83,1,1
16292,7243,6102,40,21331,20639,1663,21531,36589,85,1,1
16293,7524,7033,40,15390,14647,1012,15600,31219,94,1,1
16294,6583,4458,40,14838,14307,2624,15029,28724,65,1,1
16295,6582,4018,30,19737,19207,1332,19918,31900,63,1,1
16296,5720,4188,40,17944,17413,1342,18125,29425,63,1,1
16297,5671,1763,40,18165,17863,4929,18315,30738,31,1,1
16298,5650,3687,40,14176,13696,1362,14358,25087,55,1,1
16299,7174,4188,40,13315,12795,1603,13496,26511,62,1,1
16300,7494,5611,40,16000,15349,1553,16190,30898,79,1,1
16301,3968,951,41,11341,11131,1633,11492,18094,19,1,1
16302,2686,280,40,9598,9478,10379,9749,23124,6,1,1
16303,16021,21130,40,25969,24226,10159,26279,73629,233,1,1
16304,2725,1042,40,26771,26510,7113,26921,37841,21,1,2
16305,2996,261,40,6863,6753,7033,7013,17413,6,1,1
16306,3537,2294,30,15970,15620,3617,16130,25628,38,1,1
16307,7344,4629,40,20669,20108,1783,20849,34655,67,1,1
16308,7625,6733,40,24957,24226,1703,25167,41268,92,1,1
16309,12834,13285,40,22212,21000,1543,22463,50165,160,1,1
16310,6613,3266,40,36339,35878,3587,36519,50015,49,1,2
16311,6913,5180,40,15941,15349,4007,16131,32281,71,1,1
16312,3326,1092,41,17603,17372,2074,17754,24306,20,1,1
16313,6112,4839,41,13976,13415,1202,14157,26370,68,1,1
16314,4118,722,40,11852,11662,1643,12002,18515,15,1,1
16315,6332,5009,40,19447,18866,1673,19637,32691,71,1,1
16316,3196,180,40,11262,11151,2184,11402,17002,4,1,1
16317,3297,501,40,24927,24737,12403,25067,41318,10,1,2
16318,2204,721,40,17774,17583,12454,17924,33343,15,1,1
16319,3046,360,40,5611,5470,1673,5751,10880,8,1,1
16320,8546,8547,40,33343,32441,1182,33563,51888,110,1,2
16321,6853,5250,40,19147,18535,2304,19347,33794,76,1,1
16322,8797,6041,40,20519,19848,1724,20719,37331,84,1,1
16323,4338,2725,30,15279,14868,1333,15449,23885,46,1,1
16324,7324,4429,40,15930,15369,1703,16120,29626,67,1,1
16325,7574,5741,41,20548,19867,1643,20750,35758,83,1,1
16326,2865,121,40,17152,17062,2645,17292,22953,1,1,1
16327,5070,2174,40,11652,11312,1522,11813,20619,36,1,1
16328,3807,391,40,9648,9518,1563,9799,15590,8,1,1
16329,2665,1643,40,11672,11392,5320,11822,21500,27,1,1
16330,8326,6322,40,21361,20639,3476,21561,39725,90,1,1
16331,3667,431,40,9778,9628,1472,9919,15539,10,1,1
16332,2084,311,40,11712,11592,5080,11862,19367,7,1,1
16333,3156,1242,40,18295,18055,2866,18445,25759,23,1,1
16334,6873,5891,40,23314,22653,1893,23515,38212,82,1,1
16335,7895,7855,40,24376,23555,1042,24576,41418,103,1,1
16336,7033,3437,40,18024,17583,2405,18204,31129,53,1,1
16337,6602,5591,40,23725,23064,1142,23915,37300,81,1,1
16338,6252,3056,40,19998,19577,1633,20168,31159,47,1,1
16339,3747,1884,40,14798,14487,1433,14948,22062,32,1,1
16340,3477,1633,40,12403,12133,2295,12563,20018,27,1,1
16341,5209,4038,40,19617,19107,2224,19798,31319,61,1,1
16342,9147,6032,40,31680,31008,9869,31880,56978,78,1,2
16343,3787,1132,40,19537,19287,2024,19697,26680,21,1,2
16344,8025,6642,40,21901,21190,2004,22102,38833,90,1,1
16345,4749,1293,40,8456,8206,1042,8616,15740,24,1,1
16346,12254,12513,40,25518,24346,2415,25769,53011,148,1,2
16347,5962,3647,40,20238,19767,2265,20418,32332,54,1,1
16348,7494,6392,40,20309,19618,2164,20509,36599,86,1,1
16349,7314,5330,41,22753,22121,1583,22944,37211,78,1,1
16350,9288,5570,40,16171,15580,11592,16361,42861,72,1,1
16351,5962,3436,40,16331,15880,5671,16501,31620,52,1,1
16352,3677,1653,40,18044,17754,1963,18195,25528,29,1,1
16353,5370,2555,40,11622,11241,10700,11782,30457,42,1,1
16354,7113,5881,40,19657,19006,9158,19857,42070,82,1,1
16355,5861,2514,40,18354,17994,1482,18525,28423,41,1,1
16356,6422,5170,40,14477,13886,1173,14667,27482,71,1,1
16357,7013,3046,40,13055,12634,2064,13225,25388,48,1,1
16358,6292,4979,40,17252,16651,1913,17443,30668,73,1,1
16359,3737,811,40,12694,12494,1654,12844,19087,17,1,1
16360,12624,8727,40,30949,30067,14086,31169,66646,108,1,2
16361,6151,3567,40,27342,26861,4228,27522,41528,53,1,2
16362,4228,681,40,7865,7675,1172,8005,14126,14,1,1
16363,3577,471,40,5260,5120,1012,5410,10530,10,1,1
16364,9168,9939,40,26139,25168,1072,26369,46588,125,1,1
16365,6803,5350,30,18184,17553,1983,18375,32541,77,1,1
16366,7584,6202,40,20850,20148,3757,21060,38643,88,1,1
16367,6011,4699,40,17123,16552,1232,17313,29285,68,1,1
16368,6653,4418,40,20679,20138,1994,20860,33975,64,1,1
16369,5831,3947,40,15139,14638,1283,15319,26430,60,1,1
16370,6141,4469,40,14067,13526,2144,14257,27061,65,1,1
16371,3367,410,41,18675,18515,2204,18816,24847,10,1,1
16372,4308,2194,40,12434,12083,2244,12604,21390,37,1,1
16373,4107,572,40,11872,11702,1673,12022,18414,14,1,1
16374,6342,4499,40,14507,13946,1473,14697,27051,68,1,1
16375,3557,711,40,11893,11702,1663,12033,18014,16,1,1
16376,6052,3016,40,20368,19958,9609,20538,39265,46,1,1
16377,6221,3317,40,25678,25218,14066,25859,49503,50,1,2
16378,2986,551,40,5811,5641,3266,5961,12814,13,1,1
16379,2996,1813,40,15649,15359,3016,15810,23685,30,1,1
16380,7504,5691,40,20479,19838,6232,20679,40136,79,1,1
16381,7203,5481,40,23584,22953,1162,23784,37681,78,1,1
16382,7294,4889,40,20268,19687,3637,20459,36309,69,1,1
16383,4539,2605,40,13265,12894,1363,13435,21992,42,1,1
16384,7264,4909,40,14588,13996,2395,14778,29396,72,1,1
16385,6322,4298,30,18635,18084,1653,18816,31129,66,1,1
16386,7574,2696,40,20398,19998,1443,20568,32331,44,1,1
16387,7815,6001,40,14197,13505,1452,14408,29706,86,1,1
16388,7624,6062,40,30468,29767,4709,30678,49103,84,1,2
16389,3677,711,41,7764,7594,1433,7915,13786,14,1,1
16390,11752,11232,40,18996,17954,2234,19236,44494,135,1,1
16391,7905,3536,41,20999,20538,2064,21170,34715,53,1,1
16392,7043,5791,40,15740,15099,2625,15940,31429,80,1,1
16393,7985,4799,40,20909,20318,3647,21100,37571,72,1,1
16394,13014,14498,40,21921,20659,1673,22182,51417,168,1,1
16395,6662,3537,40,32642,32202,16902,32802,59953,45,1,2
16396,6993,5560,40,17503,16862,9257,17693,39554,79,1,1
16397,2545,1583,40,18044,17774,4359,18204,26741,27,1,1
16398,3617,1523,30,11221,10941,1333,11381,17894,27,1,1
16399,6883,5139,41,16691,16080,1503,16892,30447,75,1,1
16400,7063,5781,40,19798,19136,1893,19998,34775,82,1,1
16401,10851,5390,41,29485,28865,7214,29666,53171,72,1,2
16402,7013,3436,40,36308,35797,3126,36469,50094,50,1,3
16403,3857,1042,41,7905,7674,1042,8066,14037,21,1,1
16404,10510,10249,40,17053,16080,2424,17293,40506,126,1,1
16405,7043,3527,40,20128,19677,2806,20308,33724,53,1,1
16406,7053,5401,40,24296,23665,1613,24496,38613,79,1,1
16407,7193,4859,40,21280,20729,2986,21471,36559,68,1,1
16408,6963,6402,40,17233,16532,1052,17443,31910,89,1,1
16409,7424,6022,40,14828,14157,2154,15028,30668,84,1,1
16410,5781,3376,40,18866,18424,2295,19026,30528,49,1,1
16411,6913,5711,40,21792,21149,1152,21982,35818,78,1,1
16412,3827,882,40,18595,18395,1643,18735,25147,17,1,1
16413,4890,4087,40,14717,14207,1202,14899,25118,61,1,1
16414,7114,3717,40,13636,13155,1963,13816,26640,56,1,1
16415,6322,5220,40,15520,14919,1733,15720,29045,75,1,1
16416,3928,1032,40,11511,11281,1583,11662,18255,21,1,1
16417,12113,7384,40,29095,28325,10781,29305,59623,93,1,2
16418,2775,1403,40,27532,27242,6011,27692,37941,25,1,2
16419,8426,180,40,6573,6452,1082,6713,16441,4,1,1
16420,3277,400,41,5500,5360,1212,5641,10580,9,1,1
16421,2835,1884,40,15820,15519,4158,15980,24897,30,1,1
16422,7785,4538,40,20279,19707,1924,20469,34746,69,1,1
16423,7344,6452,40,19496,18795,1613,19698,35147,88,1,1
16424,6863,4669,40,19697,19146,2424,19888,33874,67,1,1
16425,6032,5460,40,19587,18956,1122,19787,32431,78,1,1
16426,2655,1673,41,14156,13876,2996,14317,21681,28,1,1
16427,3807,1433,40,17914,17643,1733,18074,25077,27,1,1
16428,5340,3587,40,18555,18084,1333,18735,29025,54,1,1
16429,6883,5320,40,17042,16421,1373,17232,30848,76,1,1
16430,4248,831,40,17613,17413,1643,17764,24526,17,1,1
16431,6813,5500,40,14257,13616,2054,14457,28854,79,1,1
16432,5611,2905,40,25358,24946,1562,25528,35657,42,1,2
16433,10230,5470,40,20018,19427,17083,20208,53031,72,1,1
16434,6953,5721,40,18986,18335,1473,19176,33383,81,1,1
16435,7454,6162,40,22322,21621,2184,22522,38362,87,1,1
16436,2054,110,40,11963,11883,3256,12103,17583,1,1,1
16437,3527,891,40,9578,9387,2475,9729,16662,16,1,1
16438,7664,4559,40,18796,18235,1953,18986,33212,68,1,1
16439,8206,4448,40,20729,20208,2755,20910,36369,62,1,1
16440,6021,2175,40,16130,15770,8326,16290,32862,39,1,1
16441,3577,2555,40,15880,15519,6552,16040,28764,39,1,1
16442,4358,2846,40,17312,16882,3827,17473,28564,48,1,1
16443,5300,2395,40,20008,19667,1503,20178,29406,37,1,1
16444,6142,4168,40,15189,14668,1403,15369,27122,62,1,1
16445,7073,4489,40,15940,15419,2595,16120,30317,61,1,1
16446,2715,1643,40,15059,14778,601,15219,20208,28,1,1
16447,10720,9889,40,16732,15760,1322,16962,38943,126,1,1
16448,13346,9257,41,34455,33563,10630,34676,67959,112,1,2
16449,3046,1823,40,40567,40206,4939,40727,50585,30,1,3
16450,2695,1313,40,11532,11281,1633,11692,17373,25,1,1
16451,13726,15119,40,21601,20269,1713,21861,52479,176,1,1
16452,7534,6332,40,22403,21711,1703,22603,38212,86,1,1
16453,6994,5720,40,15800,15138,1803,16001,30548,81,1,1
16454,7013,5500,40,21140,20488,5139,21331,39033,79,1,1
16455,7945,7434,40,15910,15118,972,16121,32522,101,1,1
16456,6863,5751,40,14718,14097,1783,14918,29355,77,1,1
16457,7384,5480,40,20128,19477,3106,20329,36339,79,1,1
16458,6392,4900,40,19056,18475,1303,19246,31881,71,1,1
16459,6463,2234,40,18044,17714,7114,18214,34075,36,1,1
16460,3887,1673,41,14367,14076,1242,14528,21370,29,1,1
16461,6402,4138,40,17193,16701,1323,17383,29296,59,1,1
16462,6713,5099,41,17533,16932,1964,17724,31540,73,1,1
16463,3797,1062,40,12964,12744,1623,13125,19657,21,1,1
16464,3126,331,40,26870,26700,8896,27011,39414,7,1,2
16465,2485,1312,40,27211,26941,6533,27371,37742,23,1,2
16466,3837,421,40,7905,7755,1443,8055,13796,10,1,1
16467,12924,13115,40,25328,24155,1373,25588,53050,155,1,1
16468,7334,5941,40,25148,22954,1583,25348,40246,85,1,1
16469,8156,6011,40,23315,22642,1843,23515,39565,84,1,1
16470,6241,4539,40,17794,17253,1292,17984,30106,66,1,1
16471,4649,2264,40,16852,16481,1463,17022,25438,40,1,1
16472,6602,4940,40,36679,36068,7244,36869,55695,72,1,2
16473,6081,3226,41,18444,18014,3186,18615,31149,50,1,1
16474,4469,2544,40,15198,14828,1373,15359,23795,41,1,1
16475,6803,1684,40,13245,12944,1493,13395,23415,30,1,1
16476,7074,5209,40,19557,18926,1533,19738,33594,76,1,1
16477,2244,121,40,10920,10820,2344,11051,15800,1,1,1
16478,6212,1944,40,25859,25528,6362,26019,40587,32,1,2
16479,5731,2835,30,24576,24155,8967,24747,42320,44,1,2
16480,3738,711,40,9077,8897,1543,9227,15279,15,1,1
16481,3767,380,40,6802,6652,1032,6954,12173,10,1,1
16482,3196,902,40,18986,18746,2615,19136,25889,17,1,2
16483,7214,4458,40,20488,19977,6201,20669,38593,62,1,1
16484,7464,6452,40,19276,18545,1403,19477,34836,90,1,1
16485,6352,2916,40,18405,18014,11061,18585,38954,45,1,1
16486,5049,3497,40,13776,13305,1353,13956,23905,56,1,1
16487,7104,4799,40,14928,14357,2766,15118,29817,69,1,1
16488,3888,591,40,17403,17233,1693,17553,23765,13,1,1
16489,6633,4488,40,18986,18425,1262,19167,31600,67,1,1
16490,7183,5992,40,15068,14397,1052,15278,29535,83,1,1
16491,6633,4659,40,31009,30428,4669,31199,47200,67,1,2
16492,3957,181,40,11201,11101,1733,11341,17262,4,1,1
16493,11422,5831,40,21831,21190,14257,22031,53571,79,1,1
16494,6161,4349,40,16781,16231,1983,16972,29505,67,1,1
16495,7945,6212,41,20909,20198,3878,21110,39205,88,1,1
16496,2114,120,40,7665,7585,1563,7805,11642,1,1,1
16497,5781,3316,40,17153,16692,2645,17333,29105,53,1,1
16498,7254,4649,40,19918,19377,4959,20108,37000,66,1,1
16499,7444,6783,40,24576,23835,1083,24776,40126,92,1,1
16500,3637,651,40,16531,16351,1674,16671,22693,14,1,1
16501,6042,4168,40,13906,13375,1213,14086,25569,63,1,1
16502,6993,4979,40,14667,14106,2184,14858,29075,70,1,1
16503,6923,5330,40,19667,19026,1403,19857,33573,78,1,1
16504,10931,9217,41,33603,32671,10270,33824,64272,114,1,2
16505,7965,6322,40,30618,29896,3266,30819,48422,85,1,2
16506,4358,722,40,10029,9849,1423,10179,16722,15,1,1
16507,4188,1112,40,8306,8065,1392,8456,15188,22,1,1
16508,13515,15198,40,19787,18455,1864,20058,50676,177,1,1
16509,7224,5400,30,21200,20579,2465,21380,36509,75,1,1
16510,7013,6403,40,15990,15279,1934,16190,31570,88,1,1
16511,7655,6833,40,21962,21210,4619,22172,41329,94,1,1
16512,7955,7664,40,17092,16281,1022,17303,33994,103,1,1
16513,6452,4699,40,16291,15710,1804,16481,29466,70,1,1
16514,6903,4539,40,20469,19918,1292,20659,33433,66,1,1
16515,6352,4618,40,18815,18264,1233,19006,31239,67,1,1
16516,6282,3697,40,19196,18715,5230,19376,34635,58,1,1
16517,6372,5390,40,16081,15450,1102,16271,29195,77,1,1
16518,7494,3537,40,13185,12734,1673,13365,26119,54,1,1
16519,6301,5139,40,17183,16571,1623,17373,30477,74,1,1
16520,3707,491,40,12233,12073,1683,12383,18314,11,1,1
16521,12233,6211,40,21150,20458,15409,21351,55254,86,1,1
16522,8285,5170,40,10901,10290,2054,11091,26660,74,1,1
16523,6452,2855,40,19046,18665,11782,19217,40346,43,1,1
16524,4489,2895,40,10320,9909,2495,10480,20409,46,1,1
16525,3888,861,40,7003,6793,1042,7154,12995,18,1,1
16526,3496,291,40,7805,7675,1072,7945,12854,7,1,1
16527,6522,4238,40,14287,13766,3306,14468,28574,61,1,1
16528,7945,5321,40,20559,19958,2414,20749,36469,73,1,1
16529,7664,5270,41,22622,22011,1964,22823,37761,76,1,1
16530,6712,4097,41,19446,18935,1343,19627,31830,61,1,1
16531,6843,6603,40,21461,20709,1052,21661,36199,93,1,1
16532,6673,3446,40,29236,28774,7694,29416,47269,50,1,2
16533,7484,5901,41,16911,16270,5009,17113,35567,81,1,1
16534,5671,3406,40,18625,18174,3537,18806,31460,53,1,1
16535,4699,3266,40,15709,15279,1313,15890,25198,50,1,1
16536,7414,6753,40,14978,14257,1803,15189,31199,91,1,1
16537,4639,1653,40,13205,12915,1533,13365,21240,30,1,1
16538,6112,2445,40,12253,11882,2054,12413,23064,40,1,1
16539,13265,7143,40,29526,28764,9278,29726,59452,91,1,2
16540,2244,612,40,22422,22231,12945,22572,38413,13,1,2
16541,3116,722,40,7664,7484,972,7814,12674,14,1,1
16542,3998,601,40,6943,6773,1032,7093,12764,13,1,1
16543,7074,4839,40,20729,20138,7515,20909,40387,70,1,1
16544,6953,4999,40,21500,20919,1453,21691,35136,70,1,1
16545,7344,6172,40,24056,23364,1723,24266,39555,87,1,1
16546,7574,5651,40,20338,19717,1502,20539,35306,78,1,1
16547,5270,3908,40,18475,17974,1292,18655,29185,59,1,1
16548,7274,5571,40,18855,18214,2364,19056,34295,80,1,1
16549,6542,1764,40,18034,17733,2595,18194,29125,31,1,1
16550,6022,5290,40,14698,14077,1122,14898,27372,77,1,1
16551,6292,4719,40,32962,32361,3767,33152,47970,68,1,2
16552,2054,370,40,11391,11251,1754,11532,15750,8,1,1
16553,3897,501,40,11582,11422,1693,11722,17873,11,1,1
16554,3878,1142,40,18765,18545,11962,18926,35938,21,1,1
16555,3527,1963,40,13746,13415,2064,13907,21501,34,1,1
16556,7785,4518,40,21110,20528,4259,21300,37902,69,1,1
16557,6662,5811,30,22532,21871,1193,22723,36429,81,1,1
16558,6973,3487,40,18234,17794,2495,18414,31409,52,1,1
16559,7054,5670,41,24205,23554,1353,24396,38513,80,1,1
16560,3938,561,40,16501,16331,1684,16651,22884,13,1,1
16561,2635,411,40,8917,8777,2224,9067,14387,9,1,1
16562,7033,4459,40,16431,15880,1283,16621,29436,67,1,1
16563,6312,4369,40,18966,18395,1402,19146,31289,68,1,1
16564,9197,6562,40,30417,29686,9929,30608,56336,85,1,2
16565,2675,1282,41,10760,10510,8496,10911,23414,22,1,1
16566,7103,5110,40,19888,19296,7153,20078,39484,72,1,1
16567,5611,1363,40,8155,7905,1393,8315,16742,26,1,1
16568,6833,270,40,7774,7644,1503,7914,16561,7,1,1
16569,2455,671,40,12534,12364,4549,12684,20409,13,1,1
16570,4228,2064,40,19767,19447,2195,19937,28454,35,1,1
16571,6802,5400,40,14928,14317,2816,15118,30197,76,1,1
16572,7715,6332,40,21380,20649,3616,21581,39284,90,1,1
16573,7394,7134,40,21731,20960,972,21941,37481,98,1,1
16574,6522,2144,40,30107,29747,12584,30267,51557,34,1,2
16575,2815,1834,40,17743,17443,3867,17903,26480,31,1,1
16576,5751,3697,40,19166,18685,6623,19347,35458,56,1,1
16577,6843,6893,40,16502,15749,1032,16692,31520,93,1,1
16578,4368,691,40,11321,11121,1633,11462,18194,15,1,1
16579,5891,4769,41,15759,15178,1754,15950,28414,70,1,1
16580,3646,1092,40,11451,11231,1613,11602,18004,20,1,1
16581,14408,9157,40,30037,29155,7454,30267,61326,109,1,2
16582,6682,4077,40,27202,26679,7374,27372,45566,58,1,2
16583,2505,390,41,7894,7754,1342,8036,12323,9,1,1
16584,3337,951,40,5730,5510,1172,5882,11382,19,1,1
16585,2294,601,40,6643,6483,1313,6783,11041,12,1,1
16586,5160,3667,40,16050,15590,3476,16241,28604,55,1,1
16587,7123,4979,40,20629,20038,1833,20819,34815,72,1,1
16588,7043,5711,31,23424,22763,1773,23615,38202,81,1,1
16589,6913,4508,30,21801,21250,1934,21981,35387,66,1,1
16590,6112,4458,40,17713,17152,972,17903,29496,69,1,1
16591,6713,5039,40,21180,20589,1202,21371,34365,72,1,1
16592,7675,2965,41,36208,35788,2194,36379,49263,45,1,2
16593,5861,1733,41,18915,18615,1984,19076,28704,31,1,1
16594,5821,4278,40,14227,13706,1203,14417,25759,63,1,1
16595,4409,1042,40,11862,11642,1553,12022,19066,21,1,1
16596,6713,5320,41,14527,13896,1433,14718,28234,76,1,1
16597,3907,441,40,11392,11232,1693,11532,17623,11,1,1
16598,3376,431,40,25118,24937,7704,25258,36819,9,1,2
16599,2575,531,40,17433,17272,13406,17583,34135,11,1,1
16600,3527,300,41,5330,5209,1232,5481,10570,6,1,1
16601,4188,2094,40,23655,23303,1533,23815,31670,33,1,2
16602,6442,1843,40,18304,18034,9999,18464,36789,27,1,1
16603,5680,4379,40,18054,17503,2064,18244,30397,66,1,1
16604,3136,1924,40,18926,18615,4368,19086,28564,33,1,1
16605,4559,2745,40,10911,10529,1183,11081,19618,44,1,1
16606,5982,4178,40,15800,15289,1513,15980,27693,60,1,1
16607,6883,5561,40,20108,19467,1713,20308,34505,80,1,1
16608,2645,160,40,17183,17082,2995,17323,23163,3,1,1
16609,3577,1593,40,19157,18885,16301,19307,40838,26,1,1
16610,8637,3356,40,18706,18285,12934,18896,43863,49,1,1
16611,14798,11001,40,15149,14137,8416,15379,49644,131,1,1
16612,3386,1543,41,10399,10139,5912,10550,21451,26,1,1
16613,3597,942,40,10099,9889,1353,10259,16181,19,1,1
16614,9518,8767,40,24587,23685,2044,24807,45176,115,1,1
16615,6713,5511,40,15980,15359,2655,16170,31089,77,1,1
16616,3086,1864,40,19467,19176,2925,19637,27552,31,1,1
16617,6953,7213,40,20699,19927,1052,20910,36188,98,1,1
16618,6642,2766,40,28173,27412,18505,28333,56296,41,1,2
16619,2816,1242,40,12604,12384,12865,12754,29717,20,1,1
16620,16090,21201,40,30788,29015,10981,31108,79420,239,1,1
16621,3326,1012,41,11341,11131,1423,11502,17293,19,1,1
16622,7344,5420,40,18966,18325,1533,19166,33493,79,1,1
16623,6743,5210,40,17233,16632,1713,17433,31139,73,1,1
16624,3798,901,41,11231,11030,1593,11392,17714,18,1,1
16625,12784,9728,40,33052,32090,7605,33282,63450,121,1,2
16626,2825,1322,40,9658,9408,3827,9798,17833,23,1,1
16627,8146,7514,40,21320,20519,2324,21531,39555,100,1,1
16628,4499,401,40,7805,7654,1433,7945,14328,10,1,1
16629,3818,741,40,20228,19998,2775,20369,27743,15,1,2
16630,7564,4799,40,21500,20899,1453,21691,35547,73,1,1
16631,7104,5009,31,23634,23023,1253,23825,37221,73,1,1
16632,7895,7915,40,21961,21120,1172,22171,39214,106,1,1
16633,6833,3316,40,18595,18174,3577,18776,32532,49,1,1
16634,7194,6132,40,20328,19647,1282,20529,35187,85,1,1
16635,3877,1483,40,17543,17273,1593,17703,24706,28,1,1
16636,6553,5189,40,15529,14918,1122,15719,28624,75,1,1
16637,6793,3216,40,13325,12884,1964,13495,25528,50,1,1
16638,6693,5430,41,22452,21831,1673,22643,36479,76,1,1
16639,3737,781,40,13004,12824,1644,13154,19377,16,1,1
16640,13806,10941,40,31560,30537,12544,31790,69121,126,1,2
16641,3016,1613,40,26971,26661,5220,27131,37020,26,1,2
16642,3326,120,40,7354,7274,2665,7494,13645,1,1,1
16643,2816,1132,40,5721,5491,1202,5871,11071,21,1,1
16644,9107,9157,41,26440,25528,1212,26661,46177,116,1,1
16645,5360,2485,40,19918,19547,1402,20088,29385,43,1,1
16646,7424,5320,40,21270,20659,2134,21471,36389,76,1,1
16647,6512,4769,40,21400,20819,1183,21591,34105,72,1,1
16648,7113,4509,40,17904,17383,1914,18094,31670,63,1,1
16649,2896,1603,40,16361,16071,2465,16521,23525,29,1,1
16650,7263,5691,40,15630,15009,1833,15830,30657,78,1,1
16651,4438,671,40,17453,17272,2144,17603,24897,15,1,1
16652,3908,280,40,16851,16731,1843,17003,23074,6,1,1
16653,6532,3827,40,13846,13365,2394,14017,26810,56,1,1
16654,6582,4820,40,14247,13656,1553,14437,27432,71,1,1
16655,3987,471,40,11342,11192,1693,11492,17673,11,1,1
16656,3707,271,40,11311,11181,1963,11452,17443,7,1,1
16657,6923,4278,40,21070,20519,6432,21260,38933,65,1,1
16658,7344,3306,40,27431,26981,4638,27613,42931,48,1,2
16659,2985,230,40,5460,5350,2174,5611,11031,5,1,1
16660,2504,1082,40,15369,15138,3557,15520,22713,21,1,1
16661,8797,7214,30,20709,19958,5671,20909,42641,94,1,1
16662,6402,5280,41,28684,28063,1483,28875,42090,76,1,1
16663,6462,2565,40,19867,19497,1512,20028,30617,40,1,1
16664,5811,5420,40,19337,18716,1172,19537,31970,76,1,1
16665,6663,5150,40,20639,20028,2785,20829,35467,74,1,1
16666,6643,1874,40,18334,18024,1532,18495,28604,32,1,1
16667,9488,5170,40,14487,13866,1472,14678,30858,76,1,1
16668,6332,4439,40,29806,29224,4519,29996,45336,66,1,2
16669,3767,771,40,8316,8125,1423,8466,14477,16,1,1
16670,1924,160,40,11672,11572,591,11812,14537,3,1,1
16671,17133,18895,40,23915,22342,2675,24206,62969,211,1,1
16672,6793,5851,40,16231,15590,2695,16431,31810,81,1,1
16673,6813,5650,40,20899,20258,1784,21100,35387,80,1,1
16674,8085,7864,40,19947,19126,1052,20169,37211,105,1,1
16675,6562,3497,40,36449,35969,17293,36629,64031,52,1,2
16676,1573,291,40,17683,17553,9198,17823,28935,7,1,1
16677,3978,2515,40,14778,14417,1353,14948,22834,40,1,1
16678,6643,3727,40,12975,12494,1453,13145,25018,57,1,1
16679,5400,4017,40,16691,16180,1974,16872,28323,60,1,1
16680,2985,752,40,11131,10931,1713,11281,16781,17,1,1
16681,2935,1604,40,26971,26670,7103,27131,38813,26,1,2
16682,5461,2194,40,36740,36349,1723,36900,46318,33,1,3
16683,5240,1062,40,7915,7685,1032,8065,15449,20,1,1
16684,11762,10601,40,16772,15770,2134,17012,41559,131,1,1
16685,7635,5240,40,20980,20389,5380,21170,39475,72,1,1
16686,6923,5370,40,17413,16772,1383,17603,31329,79,1,1
16687,7084,5661,40,20629,19998,5781,20829,39405,78,1,1
16688,6001,5040,40,20028,19437,1282,20218,32591,72,1,1
16689,6192,3827,40,32111,31600,8817,32281,51167,57,1,2
16690,5741,5110,40,20208,19657,4519,20398,35828,67,1,1
16691,6232,2835,40,18475,18084,3787,18645,31529,43,1,1
16692,11091,4108,40,9238,8737,16431,9418,41108,59,1,1
16693,15168,18545,40,23344,21771,16702,23634,74110,211,1,1
16694,1723,431,40,8316,8175,8556,8456,19206,9,1,1
16695,16862,21701,40,19367,17583,17703,19677,75983,239,1,1
16696,3246,1133,40,11712,11482,1603,11872,17884,21,1,1
16697,11963,6412,40,29947,29255,9298,30147,57870,82,1,2
16698,2755,1102,40,7684,7464,8156,7845,19898,20,1,1
16699,4449,2545,40,19076,18685,7063,19236,33343,42,1,1
16700,3847,541,41,6943,6792,1142,7094,12664,12,1,1
16701,2675,211,40,5170,5060,1393,5300,9629,5,1,1
16702,4759,3387,40,15820,15359,3196,16000,27372,52,1,1
16703,6913,4549,40,20519,19958,1974,20699,34185,68,1,1
16704,7344,6563,40,25608,24897,1583,25809,41349,88,1,1
16705,5129,4148,40,14077,13565,1223,14257,24807,62,1,1
16706,7294,5059,40,15590,14988,2675,15780,30848,73,1,1
16707,4989,1703,40,17954,17653,1553,18114,26399,30,1,1
16708,6122,4999,41,19396,18795,1283,19587,32031,72,1,1
16709,3146,1002,40,17754,17523,1603,17904,23705,21,1,1
16710,6492,4459,40,13415,12885,1543,13606,26140,64,1,1
16711,4098,732,40,20118,19908,1673,20268,26821,14,1,2
16712,6893,4578,40,12043,11521,2405,12223,26150,62,1,1
16713,9478,3657,40,20629,20169,12304,20799,46288,54,1,1
16714,2875,1653,41,14206,13926,3246,14368,22172,28,1,1
16715,6853,3948,40,21310,20809,7314,21490,39665,59,1,1
16716,3787,351,40,7454,7314,972,7594,12754,8,1,1
16717,2665,541,41,9437,9277,2624,9589,15459,11,1,1
16718,6953,5090,40,22903,22312,2365,23103,37551,72,1,1
16719,7324,5681,40,24496,23845,1332,24697,39074,82,1,1
16720,6552,3837,40,20710,20228,2054,20890,33383,57,1,1
16721,5250,3567,40,14247,13776,1032,14427,24306,56,1,1
16722,6773,4007,40,18115,17623,1833,18285,30948,58,1,1
16723,6282,4829,40,20309,19717,1854,20499,33504,72,1,1
16724,11101,6382,41,31689,30988,11091,31891,60505,81,1,2
16725,3476,1463,40,11372,11101,1643,11532,18154,27,1,1
16726,6813,5521,40,31359,30697,6202,31539,50115,75,1,2
16727,3927,1613,40,11672,11381,1332,11833,18745,30,1,1
16728,12614,13025,40,20559,19357,2004,20819,48512,159,1,1
16729,7694,5280,40,21791,21180,1773,21991,36779,74,1,1
16730,6903,5891,40,15910,15249,1914,16110,30848,82,1,1
16731,6772,5250,41,21220,20599,4248,21411,37731,75,1,1
16732,6402,5451,40,15199,14578,1132,15389,28414,75,1,1
16733,6913,4949,40,15199,14608,1643,15399,28944,73,1,1
16734,7494,4839,40,30528,29927,5801,30718,48902,69,1,2
16735,6903,5561,40,16882,16221,4909,17082,34495,80,1,1
16736,6893,4498,40,19406,18865,4589,19597,35627,67,1,1
16737,7394,6382,40,17223,16501,1022,17413,32271,90,1,1
16738,7554,3857,40,16060,15569,1583,16241,29285,57,1,1
16739,15470,11892,41,20168,19046,1132,20419,48943,147,1,1
16740,3867,812,40,12814,12634,1753,12965,19447,16,1,1
16741,12924,9999,40,31850,30898,13275,32081,68329,120,1,2
16742,4628,2926,40,28113,27692,7505,28293,43402,45,1,2
16743,2715,291,40,7765,7655,1733,7915,12694,6,1,1
16744,12864,13395,40,26290,25067,1282,26541,54132,159,1,1
16745,6953,4899,40,25608,25027,1253,25799,38954,71,1,1
16746,6222,5140,40,16301,15710,1142,16501,29045,73,1,1
16747,6653,4949,40,15029,14458,2154,15219,29025,69,1,1
16748,5270,3206,40,18786,18365,1963,18966,29445,49,1,1
16749,6562,5280,40,20378,19787,1203,20569,33664,72,1,1
16750,6151,2595,41,18434,18054,3055,18605,30457,43,1,1
16751,5610,4008,40,16231,15720,1252,16421,27331,62,1,1
16752,6943,1643,40,13185,12905,1613,13355,23604,30,1,1
16753,7354,5350,40,15069,14458,1874,15269,29877,75,1,1
16754,3847,652,40,11582,11391,1883,11732,18144,14,1,1
16755,3417,330,41,25277,25097,12765,25418,41980,7,1,2
16756,2695,1472,40,23714,23433,14377,23876,42460,24,1,2
16757,2875,671,41,7544,7364,1252,7695,12543,15,1,1
16758,3677,401,40,6693,6563,1042,6843,12003,9,1,1
16759,2354,561,41,13585,13385,3547,13736,20248,11,1,2
16760,4318,3096,40,22162,21711,3386,22342,33182,51,1,1
16761,9277,6843,41,25788,25037,1303,25999,43482,95,1,1
16762,6031,2835,40,13916,13525,1253,14086,24256,44,1,1
16763,8285,5370,40,15178,14527,2425,15359,31499,79,1,1
16764,4899,1563,41,17963,17693,1573,18125,26200,28,1,1
16765,6562,4689,40,18596,18024,1222,18786,31299,69,1,1
16766,7153,6703,40,32512,31760,1162,32712,47790,91,1,2
16767,6342,4879,40,14047,13476,2114,14237,27612,69,1,1
16768,4158,251,40,11341,11221,1814,11491,17754,6,1,1
16769,13506,6272,40,20218,19567,15690,20418,55926,81,1,1
16770,3817,2425,40,13495,13155,2234,13666,22192,38,1,1
16771,7524,6011,41,22011,21340,1964,22222,37771,85,1,1
16772,4208,621,40,7144,6973,972,7284,13135,13,1,1
16773,5541,3647,40,17092,16611,2425,17272,28925,56,1,1
16774,7023,3727,30,19647,19166,2384,19818,33012,56,1,1
16775,7544,5911,40,23614,22953,1313,23815,38623,82,1,1
16776,4679,1253,40,17042,16802,1713,17202,24897,24,1,1
16777,9348,2555,40,15599,15239,18244,15760,45957,39,1,1
16778,3396,1243,40,10630,10400,12574,10790,28043,22,1,1
16779,15980,21871,30,21771,20008,12143,22082,72126,236,1,1
16780,1383,200,40,8857,8757,8436,8997,19056,4,1,1
16781,16712,21461,40,23665,21881,16671,23975,78859,239,1,1
16782,16782,14838,40,35748,34435,7765,36018,75443,169,1,2
16783,2935,1143,40,10039,9818,7494,10189,21821,20,1,1
16784,5190,2314,40,20528,20208,5390,20700,33644,35,1,1
16785,4629,1432,40,10280,10008,1323,10440,17854,27,1,1
16786,2695,721,40,7995,7825,1894,8145,13506,14,1,1
16787,12844,13285,40,20799,19567,1603,21060,48822,161,1,1
16788,8005,7163,40,21300,20539,2094,21500,38823,95,1,1
16789,7044,6362,40,16251,15570,1803,16461,31720,86,1,1
16790,7625,5530,30,21120,20498,4508,21300,39004,76,1,1
16791,7384,6933,40,20269,19497,1102,20479,35958,99,1,1
16792,6593,3426,40,34675,34195,10831,34856,55746,52,1,2
16793,6693,4759,40,15209,14648,3016,15399,29917,69,1,1
16794,3376,1773,41,18444,18134,5029,18605,28814,31,1,1
16795,6572,5431,40,15459,14858,1183,15649,28885,74,1,1
16796,7314,3787,40,13546,13065,1733,13726,26590,56,1,1
16797,6622,4579,40,20990,20429,1613,21170,34024,66,1,1
16798,4058,1122,40,12745,12513,1613,12905,19728,22,1,1
16799,13045,9488,40,31880,30949,5470,32091,60144,114,1,2
16800,6392,4249,40,28233,27692,6833,28423,45927,62,1,2
16801,1984,400,41,6923,6782,1342,7074,10840,9,1,1
16802,3647,330,40,7925,7794,1492,8066,13575,7,1,1
16803,3968,1462,40,13285,13034,3256,13446,22182,26,1,1
16804,7304,4479,40,19958,19427,3386,20148,35347,64,1,1
16805,7223,5210,40,17083,16471,1393,17273,31159,75,1,1
16806,6573,5510,41,20849,20198,3687,21050,36860,79,1,1
16807,6543,5400,40,14017,13375,1122,14197,27312,77,1,1
16808,7234,4989,40,15049,14447,2585,15239,30087,72,1,1
16809,7434,3958,40,21170,18926,1793,21350,34575,58,1,1
16810,7013,5361,40,18535,17904,1172,18725,32321,77,1,1
16811,6663,4178,40,16091,15550,1753,16271,28925,65,1,1
16812,3727,480,40,17252,17092,1704,17392,23344,10,1,1
16813,2184,180,40,9027,8917,2344,9168,13926,4,1,1
16814,7153,4358,41,14277,13746,1442,14468,27471,64,1,1
16815,6953,3937,40,25819,25308,2034,25999,38973,57,1,2
16816,3997,712,40,11832,11642,1663,11972,18384,15,1,1
16817,10961,6031,40,29425,28744,6563,29636,53231,80,1,2
16818,3457,1422,40,22954,22643,10279,23114,38302,27,1,2
16819,2926,681,40,9258,9068,952,9408,14007,14,1,1
16820,3797,331,40,6883,6753,1032,7013,12213,7,1,1
16821,5661,4158,40,16952,16411,3136,17142,30137,64,1,1
16822,7194,5340,40,20409,19787,2084,20599,35257,76,1,1
16823,6503,4939,40,17383,16802,5531,17573,34586,69,1,1
16824,7594,4589,40,19918,19357,2174,20088,34505,66,1,1
16825,9428,7985,40,15499,14678,971,15719,34134,105,1,1
16826,7956,5670,41,15188,14527,2525,15379,31580,81,1,1
16827,6352,4759,40,19597,18996,1793,19788,32732,73,1,1
16828,6843,1563,40,17874,17593,1573,18034,28043,28,1,1
16829,5391,4027,40,13847,13325,1222,14037,24707,63,1,1
16830,6051,4118,40,14458,13957,5310,14648,30177,61,1,1
16831,8325,6964,40,21380,20599,3126,21590,40045,97,1,1
16832,3848,972,40,12153,11932,1403,12293,18566,19,1,1
16833,4468,752,40,11882,11682,1643,12042,18955,17,1,1
16834,3707,1393,40,30328,30047,15619,30478,51257,24,1,2
16835,5741,2735,40,19497,19106,18395,19667,46578,43,1,1
16836,8316,8426,40,24727,23875,1022,24937,42761,109,1,1
16837,6963,3527,40,21330,20870,5371,21500,37421,53,1,1
16838,6923,5912,40,21250,20589,1092,21450,35427,83,1,1
16839,7153,4919,40,20148,19577,3987,20339,36438,70,1,1
16840,5931,4018,40,14938,14417,1343,15118,26450,61,1,1
16841,7153,4568,40,14358,13786,2444,14538,28744,68,1,1
16842,6232,4979,40,19837,19246,1704,20018,32983,72,1,1
16843,9368,6732,41,31178,30447,9518,31390,57058,89,1,2
16844,3176,1413,40,17222,16942,3377,17372,25398,25,1,2
16845,8436,7635,40,21691,20890,1653,21901,39675,101,1,1
16846,3115,421,40,7945,7794,1773,8096,13455,10,1,1
16847,2896,681,40,12885,12714,3927,13045,20599,15,1,1
16848,6041,4058,40,20429,19908,1613,20619,32381,63,1,1
16849,6893,5751,40,19026,18355,1864,19226,33774,83,1,1
16850,7725,6442,40,21621,20900,1503,21831,37541,91,1,1
16851,7093,6572,40,15810,15079,1032,16020,30748,92,1,1
16852,7204,4949,40,14889,14276,2404,15069,29686,74,1,1
16853,7203,3587,40,19457,18976,1643,19637,32120,57,1,1
16854,5750,4208,40,14848,14307,1242,15029,26289,64,1,1
16855,6712,4439,40,21541,20980,2004,21711,34926,66,1,1
16856,6703,5219,40,17523,16912,1202,17714,30868,74,1,1
16857,6021,4649,30,17443,16882,1864,17623,30207,68,1,1
16858,4138,1383,40,17353,17092,2785,17513,25859,25,1,1
16859,3266,281,40,10800,10660,1974,10930,16511,7,1,1
16860,22593,11983,40,31580,30498,11051,31820,77477,138,1,2
16861,2775,1333,40,25278,25008,5290,25418,34876,21,1,2
16862,4338,461,40,7845,7695,1032,7995,13866,9,1,1
16863,3506,582,40,5580,5420,1032,5730,10900,12,1,1
16864,3817,912,40,6863,6673,1142,7023,12924,17,1,1
16865,6342,4268,40,18646,18125,2004,18826,31500,62,1,1
16866,6993,5481,40,21741,21110,1954,21931,36409,77,1,1
16867,7044,5390,30,21160,20519,1523,21350,35357,79,1,1
16868,7674,5771,30,20528,19867,2264,20720,36479,82,1,1
16869,9999,3396,40,15449,15039,13966,15620,43021,46,1,1
16870,3517,2184,40,17503,17193,10320,17673,33744,34,1,1
16871,13906,11341,40,16972,15920,14497,17203,56997,136,1,1
16872,3246,2044,40,13265,12934,8777,13425,27542,35,1,1
16873,4488,1744,40,18074,17784,1783,18234,26299,30,1,1
16874,3887,691,40,17063,16892,1653,17213,23484,14,1,1
16875,6171,4459,40,14277,13726,1222,14447,26349,65,1,1
16876,4849,2304,40,23514,23164,1623,23675,32501,35,1,2
16877,2565,160,40,11342,11242,2104,11482,16351,3,1,1
16878,3136,311,40,24306,24136,11532,24446,39475,6,1,2
16879,2605,440,40,17613,17463,11852,17764,32691,10,1,1
16880,3446,291,40,5240,5110,1002,5380,10159,7,1,1
16881,4428,2435,40,19387,19006,1512,19557,27982,39,1,2
16882,7364,4959,40,23695,23104,2956,23885,39214,72,1,1
16883,6462,4960,40,26099,25498,1253,26289,39004,72,1,1
16884,4538,2205,40,13365,13035,1383,13535,21701,37,1,1
16885,7274,4769,40,14758,14177,2144,14948,29165,70,1,1
16886,6522,4869,40,20068,19497,2014,20268,33724,70,1,1
16887,2905,121,40,17042,16942,2445,17172,22693,1,1,1
16888,4228,2114,40,12123,11802,1663,12293,20328,35,1,1
16889,4168,1312,40,10330,10079,1332,10480,17332,24,1,1
16890,2985,1573,40,12013,11733,4980,12173,21741,28,1,1
16891,8235,6953,40,21981,21250,3116,22182,40526,91,1,1
16892,3768,470,40,9848,9698,1463,9989,15740,10,1,1
16893,4489,1402,40,16240,15980,1563,16401,23905,26,1,1
16894,7023,3286,40,21251,20820,6081,21431,37861,50,1,1
16895,6983,5370,40,15770,15148,1774,15970,30127,77,1,1
16896,6863,4879,40,20710,20129,1763,20900,34465,71,1,1
16897,6502,6112,40,20459,19788,1112,20659,34435,83,1,1
16898,6372,2334,40,32732,32372,17053,32902,58711,37,1,2
16899,3366,2485,40,15479,15129,4699,15649,26239,39,1,1
16900,5420,2745,30,18766,18375,8937,18936,36078,43,1,1
16901,4368,2855,40,15930,15530,1343,16110,24727,47,1,1
16902,6773,3236,40,14247,13816,1753,14427,26239,50,1,1
16903,5561,4058,40,17242,16722,2094,17423,29166,62,1,1
16904,4098,651,40,10841,10660,1783,10991,17553,13,1,1
16905,12493,8667,40,31389,30518,7895,31610,60695,106,1,2
16906,5891,3818,40,28313,27803,4128,28493,42380,57,1,2
16907,3797,842,40,7845,7655,1413,7995,14097,17,1,1
16908,3387,1322,40,21942,21671,1703,22102,28564,24,1,2
16909,7494,4628,40,20048,19487,7284,20239,39685,67,1,1
16910,7144,6041,40,15540,14878,1943,15740,30918,82,1,1
16911,6943,5521,40,21401,20749,5811,21591,41128,80,1,1
16912,13295,13776,40,23474,22242,1463,23735,52309,162,1,1
16913,7304,4198,40,18926,18405,3627,19106,34285,61,1,1
16914,7815,6352,40,19176,18485,2104,19376,35697,86,1,1
16915,8055,7193,40,25067,24296,1463,25268,42019,96,1,1
16916,7003,6012,40,19467,18796,1122,19667,33854,83,1,1
16917,6793,5621,40,16301,15659,2164,16491,31119,79,1,1
16918,3767,1103,40,12814,12594,1723,12964,19607,20,1,1
16919,14898,7655,40,30628,29856,12474,30828,65905,93,1,2
16920,2815,1433,40,25388,25138,4639,25548,34485,22,1,2
16921,4689,571,40,7574,7414,1032,7715,14057,12,1,1
16922,3777,571,40,5380,5210,1092,5531,11011,13,1,1
16923,8376,8085,40,25759,24947,1252,25969,43722,104,1,1
16924,4238,1102,40,11372,11151,1643,11532,18555,21,1,1
16925,6893,5190,40,16622,16020,2405,16812,31340,74,1,1
16926,6473,4809,40,20258,19677,2003,20449,33784,71,1,1
16927,6011,4458,40,13996,13435,1193,14177,25879,66,1,1
16928,6653,4468,40,15339,14788,2835,15530,29536,68,1,1
16929,5410,1593,40,17914,17633,1573,18085,26711,29,1,1
16930,5690,3818,40,14928,14427,1413,15098,26069,58,1,1
16931,6532,4529,40,14006,13435,1613,14196,26910,69,1,1
16932,4048,1152,40,17643,17413,1604,17803,24657,22,1,1
16933,3076,912,40,12333,12133,2415,12483,18936,16,1,1
16934,6673,3577,40,12915,12444,1362,13085,24747,55,1,1
16935,6593,5650,40,15279,14668,1693,15469,29456,75,1,1
16936,6041,301,40,11692,11572,1714,11842,19928,7,1,1
16937,3227,160,40,11201,11091,2014,11331,16772,3,1,1
16938,6372,2785,40,20118,19717,4639,20289,34135,44,1,1
16939,5610,2515,40,27883,27503,1282,28053,37510,37,1,2
16940,3337,571,40,5721,5550,1172,5871,11001,12,1,1
16941,2235,1192,40,15289,15049,3366,15439,22282,22,1,1
16942,7725,5210,40,20318,19707,1764,20518,35247,75,1,1
16943,7144,6302,40,25679,24977,1252,25879,40617,86,1,1
16944,4339,3256,40,12293,11852,1082,12463,21190,51,1,1
16945,4900,2394,41,14787,14427,1462,14959,23765,40,1,1
16946,6392,4578,40,37090,36498,651,37281,48932,67,1,2
16947,14167,17443,40,5791,4238,3256,6082,40998,203,1,2
16948,8796,2826,40,18325,17944,1743,18485,31910,43,1,1
16949,7434,5530,40,13987,13335,1242,14187,28423,81,1,1
16950,6493,5350,40,30077,29435,4088,30277,46248,74,1,2
16951,4369,651,40,7745,7564,1443,7895,14398,15,1,1
16952,12534,11812,40,19948,18835,1884,20188,46458,145,1,1
16953,7805,5090,40,22473,21872,1793,22663,37401,72,1,1
16954,6853,5150,40,15008,14407,2315,15208,29556,75,1,1
16955,7544,5240,40,21932,21311,1362,22132,36318,77,1,1
16956,2415,551,40,12864,12694,15720,13014,31740,12,1,1
16957,3517,1452,40,10650,10389,11702,10801,27522,25,1,1
16958,9659,9207,40,26921,25999,8186,27141,54233,117,1,1
16959,4148,672,40,19797,19617,1653,19947,26460,15,1,1
16960,7184,3286,41,14707,14267,7123,14888,32532,52,1,1
16961,6151,3998,40,15920,15459,4759,16100,31058,54,1,1
16962,8075,4318,40,19818,19297,1463,19998,33904,62,1,1
16963,4458,2625,30,17022,16642,1372,17192,25678,42,1,1
16964,4328,1493,40,16331,16081,1573,16491,23935,25,1,1
16965,6422,5109,40,23564,22983,2104,23765,37440,71,1,1
16966,1604,110,40,10299,10219,671,10440,12875,1,1,1
16967,9328,4959,40,29366,28734,6703,29556,50586,68,1,3
16968,3777,430,40,7905,7754,1603,8055,13916,11,1,1
16969,5901,3246,41,28423,27963,3988,28604,41789,50,1,2
16970,3747,1133,40,8446,8215,1192,8606,14718,22,1,1
16971,13034,14187,40,18925,17643,1613,19187,48061,169,1,1
16972,7564,5350,40,20860,20259,5060,21050,39084,75,1,1
16973,6953,5931,40,18014,17353,1563,18215,32702,82,1,1
16974,6853,5080,40,20870,20279,4799,21060,37832,73,1,1
16975,6462,4669,40,19046,18485,1222,19237,31640,68,1,1
16976,6412,3436,41,32391,31919,8566,32562,51026,50,1,2
16977,7845,5951,40,14287,13646,3537,14487,31860,80,1,1
16978,2094,411,40,17613,17463,6192,17753,26500,9,1,1
16979,6252,4509,40,14237,13706,1212,14417,26450,63,1,1
16980,7114,2815,40,12935,12544,2044,13105,25108,44,1,1
16981,2746,1903,40,12394,12102,2515,12564,19778,31,1,1
16982,4769,1774,40,12193,11893,1543,12363,20489,32,1,1
16983,11021,7764,40,30227,29426,8606,30428,57869,98,1,2
16984,2414,1062,40,15309,15058,5611,15449,24586,18,1,2
16985,4569,2845,40,20699,20299,5009,20870,33323,45,1,1
16986,2996,210,40,5160,5049,1333,5300,9889,5,1,1
16987,1903,892,40,14548,14347,3045,14698,20568,17,1,1
16988,7724,5079,40,20740,20139,4228,20930,38012,73,1,1
16989,7745,6422,41,23444,22733,1723,23645,39575,89,1,1
16990,6913,4338,40,19808,19267,2775,19998,34054,65,1,1
16991,6122,4318,40,19497,18956,1282,19677,31439,64,1,1
16992,6853,3597,40,15930,15459,1854,16110,28464,55,1,1
16993,2815,1954,40,15199,14898,2324,15359,22512,31,1,1
16994,6823,5621,40,15810,15169,1593,16010,30077,80,1,1
16995,4108,391,40,17112,16972,1723,17253,23515,8,1,1
16996,3657,280,40,17203,17062,2054,17333,23384,7,1,1
16997,6422,4559,40,13926,13366,1593,14097,26731,66,1,1
16998,5852,4177,40,14096,13596,1843,14276,26210,60,1,1
16999,2726,120,40,10911,10810,2114,11041,16041,1,1,1
17000,4098,571,40,17393,17213,16421,17533,38663,13,1,1
17001,10159,10971,30,16111,15029,2595,16341,40116,136,1,2
17002,3146,1653,40,18736,18475,5510,18886,29245,26,1,1
17003,4669,431,40,7274,7143,962,7424,13526,9,1,1
17004,8696,9408,40,23475,22552,1012,23705,42871,120,1,1
17005,7414,4659,40,20369,19828,4819,20559,37491,66,1,1
17006,7123,5891,41,20057,19416,2114,20259,35437,80,1,1
17007,7324,4539,40,19787,19226,3386,19978,35267,68,1,1
17008,5981,4238,40,19036,18505,1363,19226,30848,64,1,1
17009,6132,4829,40,18906,18325,2645,19086,32742,70,1,1
17010,8426,6913,40,34746,33995,11081,34946,61406,88,1,2
17011,3567,731,40,11452,11272,2114,11602,18054,14,1,1
17012,7013,5500,40,32692,32020,2825,32893,48271,79,1,2
17013,4198,912,40,10960,10770,1422,11121,17693,17,1,1
17014,11482,10800,40,17242,16220,2385,17473,42180,132,1,1
17015,8085,4729,40,20479,19898,1884,20669,35417,70,1,1
17016,6782,5821,40,15118,14477,2135,15318,30087,80,1,1
17017,6933,5200,40,20930,20308,1834,21120,35127,76,1,1
17018,7564,7324,40,21762,20989,1052,21972,37942,97,1,1
17019,7574,2295,40,18485,18144,5150,18655,33714,38,1,1
17020,8757,5871,40,24035,23364,1502,24216,40406,81,1,1
17021,6693,2905,40,20559,20148,1433,20739,31800,47,1,1
17022,4048,2535,40,11051,10680,1202,11211,19046,41,1,1
17023,6733,5581,40,16651,16010,1573,16852,30789,79,1,1
17024,7073,6132,40,18886,18205,2745,19086,35096,85,1,1
17025,3727,361,40,12213,12083,1703,12363,18204,8,1,1
17026,12424,8095,40,31760,30928,6081,31971,58601,100,1,2
17027,5691,3797,41,28874,28372,9578,29055,48171,56,1,2
17028,4688,762,40,8336,8156,1443,8486,15429,15,1,1
17029,3777,611,40,7694,7524,1102,7835,13375,13,1,1
17030,1583,211,40,12543,12433,641,12684,15159,4,1,1
17031,17273,17132,40,23365,21902,4969,23645,63059,193,1,1
17032,6883,5861,40,17002,16351,1634,17202,31630,81,1,1
17033,8165,6963,41,21049,20298,3858,21250,40286,92,1,1
17034,6402,5511,40,18044,17393,1122,18244,31319,81,1,1
17035,6733,4598,40,13555,13004,1964,13746,27101,67,1,1
17036,3968,2425,40,18565,18204,2875,18735,28033,39,1,1
17037,6713,5360,40,19307,18696,1172,19507,32802,76,1,1
17038,6883,4639,40,17844,17283,1523,18034,31119,68,1,1
17039,3317,982,40,17523,17293,1914,17673,23936,21,1,1
17040,4068,2004,40,12694,12374,1513,12854,20489,34,1,1
17041,7574,3557,40,13095,12644,2004,13275,26460,53,1,1
17042,6482,4869,40,15059,14467,1733,15249,28383,72,1,1
17043,2685,110,40,11011,10921,2034,11141,16030,1,1,1
17044,2906,461,40,17814,17653,15409,17964,36770,11,1,1
17045,16130,22172,41,13585,11731,2575,13906,54823,244,1,2
17046,6672,2614,40,24235,23844,7293,24407,41037,41,1,2
17047,1363,120,40,7524,7424,3206,7664,12383,1,1,1
17048,3828,370,40,6733,6602,1052,6883,12163,8,1,1
17049,3627,1473,40,19557,19257,2215,19717,27072,26,1,2
17050,6492,2575,40,23765,23364,19387,23935,52449,41,1,2
17051,3587,2544,40,17182,16822,3607,17353,27141,39,1,1
17052,5811,3227,40,18906,18495,15579,19076,43723,46,1,1
17053,6532,5811,40,20529,19848,1112,20719,34224,83,1,1
17054,6212,2906,40,26490,26079,3216,26650,39044,42,1,2
17055,7484,6152,40,19567,18886,4569,19757,38002,83,1,1
17056,7034,6001,40,32792,32091,1193,32992,47260,82,1,2
17057,6342,4569,40,14066,13495,1823,14247,27021,68,1,1
17058,4148,621,40,11672,11502,1774,11812,18405,12,1,1
17059,12293,5861,40,33564,32883,10600,33754,62548,78,1,2
17060,1262,311,40,17834,17714,671,17984,20278,7,1,1
17061,17042,17854,40,5551,4028,15429,5831,56216,202,1,1
17062,3707,751,40,8226,8036,962,8376,13846,16,1,1
17063,4328,2405,40,14367,13996,2435,14537,23735,40,1,1
17064,8166,5520,40,19157,18525,1803,19357,34886,79,1,1
17065,6873,3517,40,18395,17914,1392,18575,30397,56,1,1
17066,6883,5600,40,22824,22192,1262,23024,36820,79,1,1
17067,5460,1843,40,17353,17062,1563,17513,26420,31,1,1
17068,5801,4739,40,13736,13165,992,13936,25508,70,1,1
17069,7314,5340,40,18345,17724,1543,18535,32782,77,1,1
17070,6192,4669,40,20238,19667,1513,20428,32842,70,1,1
17071,10901,8827,40,33624,32722,9939,33834,63541,111,1,2
17072,3016,1242,40,36780,36459,3516,36930,44744,21,1,3
17073,4578,1283,40,8206,7955,1392,8356,15659,24,1,1
17074,12504,13846,40,18284,17032,2485,18545,47420,165,1,1
17075,7975,6182,40,21481,20789,1322,21681,37200,86,1,1
17076,7213,6092,40,15770,15079,2214,15970,31519,85,1,1
17077,6923,5570,40,21220,20579,2354,21411,36309,79,1,1
17078,7805,7624,41,15970,15148,972,16181,32642,103,1,1
17079,6963,5480,40,15029,14387,2094,15219,29796,78,1,1
17080,7735,3727,40,19207,18726,1753,19377,32632,56,1,1
17081,5430,3948,40,13125,12624,1222,13315,23955,60,1,1
17082,6743,5460,40,15539,14908,1924,15729,29907,77,1,1
17083,8456,4749,40,19457,18886,2555,19647,35467,70,1,1
17084,6703,6642,40,19767,19056,1092,19968,34455,88,1,1
17085,6162,4979,40,16581,16010,2325,16762,30278,70,1,1
17086,4418,1683,40,17093,16821,1553,17253,24947,28,1,1
17087,8957,6231,40,29896,29195,11332,30097,56677,83,1,2
17088,2936,1833,40,11031,10721,7745,11201,23745,32,1,1
17089,8636,7484,40,21771,20989,5921,21972,44053,98,1,1
17090,3657,591,40,7044,6873,1182,7194,12674,13,1,1
17091,3737,141,40,7784,7704,1502,7925,13355,2,1,1
17092,5070,2825,40,14146,13746,3026,14307,25278,45,1,1
17093,7835,4729,41,20428,19867,5420,20599,38633,66,1,1
17094,6502,4719,40,16682,16111,1252,16862,29385,70,1,1
17095,5921,2525,40,18144,17804,13105,18314,39905,38,1,1
17096,6663,5951,41,20007,19346,1133,20208,33995,82,1,1
17097,6342,2605,40,26811,26420,8626,26981,44594,39,1,2
17098,6803,4569,40,17693,17133,6271,17874,35557,66,1,1
17099,5640,2956,40,18535,18125,3587,18705,30938,47,1,1
17100,4518,3086,40,13316,12894,1583,13496,22723,49,1,1
17101,4609,1072,40,12003,11782,1603,12153,19487,20,1,1
17102,6202,4729,40,14056,13475,1823,14246,27051,71,1,1
17103,4299,861,40,11713,11511,1042,11873,18105,18,1,1
17104,10971,6552,40,28273,27572,10230,28474,56267,85,1,2
17105,2444,652,40,22723,22523,8797,22873,34806,13,1,2
17106,2906,621,40,7725,7555,972,7875,12424,13,1,1
17107,3777,822,40,6983,6793,1082,7143,12854,16,1,1
17108,5951,4007,40,16170,15659,3868,16361,30217,60,1,1
17109,7314,5591,40,22362,21711,1853,22553,37371,79,1,1
17110,6783,5991,40,23163,22492,1723,23364,37902,84,1,1
17111,7123,5360,40,20519,19917,1382,20710,34615,74,1,1
17112,3907,2214,40,18004,17663,1543,18175,25869,37,1,1
17113,6573,5310,40,20609,19988,2515,20809,35247,77,1,1
17114,6352,2014,40,18034,17713,2274,18194,28884,34,1,1
17115,5731,3677,40,14117,13646,1272,14297,25037,56,1,1
17116,6512,4860,40,33303,32682,3667,33493,48572,70,1,2
17117,2645,802,40,12023,11842,1593,12173,17273,16,1,1
17118,3897,431,40,11512,11362,1693,11662,17713,10,1,1
17119,2765,632,40,18144,17974,15620,18294,37361,13,1,1
17120,15890,22473,40,6573,4779,4208,6883,49494,241,1,1
17121,4628,3727,40,14617,14147,1804,14798,24987,56,1,1
17122,7334,5420,40,21200,20589,5280,21401,39465,74,1,1
17123,5681,4028,40,18886,18375,1302,19066,30107,59,1,1
17124,5791,3286,40,31860,31400,19106,32030,60273,48,1,2
17125,3337,2004,40,12944,12634,3006,13104,21511,33,1,1
17126,6503,3967,40,19517,19005,5301,19697,35528,61,1,1
17127,7184,4137,40,17022,16481,1222,17193,29796,64,1,1
17128,6943,3547,40,14187,13726,1663,14367,26570,55,1,1
17129,5801,4379,40,22613,22072,2064,22803,35087,65,1,1
17130,4438,1263,40,12764,12524,1693,12924,20358,24,1,1
17131,10089,6342,40,21220,20539,13315,21431,51217,85,1,1
17132,8647,5630,40,19196,18555,1132,19397,34866,80,1,1
17133,6251,3166,40,19416,18976,7183,19587,36248,51,1,1
17134,8075,6322,40,12714,11992,1022,12915,28384,90,1,1
17135,3797,651,40,8156,7975,1462,8296,14246,13,1,1
17136,3707,1142,40,12965,12745,4288,13125,22312,21,1,1
17137,6863,4909,40,20679,20088,1483,20869,34164,73,1,1
17138,6893,5160,40,15039,14418,2254,15239,29596,77,1,1
17139,6643,5400,40,20960,20318,2435,21160,35678,78,1,1
17140,7023,6292,41,21420,20729,1092,21611,36078,86,1,1
17141,6703,4478,40,35267,34705,5811,35457,52489,64,1,2
17142,6873,4869,40,20208,19627,3757,20399,35948,72,1,1
17143,7585,4588,41,19326,18755,4348,19507,36078,68,1,1
17144,8296,5921,40,19287,18626,1092,19477,34836,82,1,1
17145,6362,4980,40,15509,14908,2124,15699,29196,72,1,1
17146,3727,952,40,11552,11352,1643,11702,18074,18,1,1
17147,12694,7935,40,30067,29244,12263,30278,63220,100,1,2
17148,2675,1322,40,26139,25869,4779,26289,35116,23,1,2
17149,4038,511,40,8286,8126,1082,8416,14107,11,1,1
17150,4108,892,40,5821,5621,1002,5971,12023,18,1,1
17151,3596,682,40,6993,6813,1072,7143,12533,14,1,1
17152,3817,631,40,9518,9347,1532,9659,15679,12,1,1
17153,7724,6462,40,17272,16551,1693,17474,33413,90,1,1
17154,6893,4949,40,21430,20859,2235,21621,35758,70,1,1
17155,3567,2084,40,15540,15229,1763,15710,23164,33,1,1
17156,3186,1844,40,19196,18896,4308,19357,28735,30,1,1
17157,1313,571,40,8967,8797,7094,9117,18145,13,1,1
17158,3366,2074,40,13035,12704,1613,13195,20288,35,1,1
17159,3567,2114,40,13636,13305,2324,13796,21851,35,1,1
17160,3216,1754,40,18495,18214,2254,18655,25929,30,1,1
17161,6082,3777,40,17012,16521,1253,17182,28344,57,1,1
17162,8005,5821,40,16481,15820,1633,16682,32171,82,1,1
17163,2705,180,40,17223,17113,2054,17363,22342,4,1,1
17164,6191,3727,40,13255,12764,1473,13446,24877,58,1,1
17165,4980,290,41,11471,11341,1724,11612,18646,7,1,1
17166,6693,4939,40,13676,13065,1843,13866,27382,74,1,1
17167,3656,491,40,11652,11491,1633,11803,17623,11,1,1
17168,3156,111,40,7203,7103,7474,7334,18125,1,1,1
17169,16762,21981,40,26119,24336,12494,26430,77717,241,1,1
17170,1172,171,40,17353,17252,14557,17493,33443,3,1,1
17171,2114,210,40,5300,5190,1282,5451,9097,5,1,1
17172,3416,1052,40,16301,16050,1433,16461,22412,20,1,2
17173,7484,4999,40,19277,18716,6242,19467,38232,69,1,1
17174,3306,1593,40,19688,19407,4628,19848,29415,27,1,1
17175,7674,6032,40,19086,18425,1804,19286,34856,84,1,1
17176,6643,4709,40,20699,20118,2996,20879,35267,70,1,1
17177,4949,2635,40,11402,11021,1152,11562,20348,41,1,1
17178,6793,5390,30,16492,15860,1483,16682,30398,77,1,1
17179,6322,4458,40,19837,19266,1854,20028,32702,69,1,1
17180,3426,211,40,17102,16992,2495,17242,23424,5,1,1
17181,3356,1153,40,11522,11291,3005,11682,19226,22,1,1
17182,7233,6092,40,33343,32631,5972,33543,52900,84,1,2
17183,2675,872,40,10069,9869,1603,10219,15409,18,1,1
17184,3226,371,40,11632,11482,1683,11782,17102,10,1,1
17185,6372,2044,41,18575,18254,11001,18736,38203,34,1,1
17186,2665,1723,40,13836,13546,2655,13996,21080,30,1,1
17187,7284,5270,30,21501,20880,3847,21681,38122,75,1,1
17188,7073,7003,40,26580,25809,1172,26771,42069,96,1,1
17189,6703,2014,40,20459,20138,2795,20619,32191,34,1,1
17190,7123,6162,40,24507,23825,1443,24707,39485,85,1,1
17191,5531,2545,40,20889,20519,1482,21059,30678,42,1,1
17192,4939,3256,31,16531,16090,1342,16702,26289,50,1,1
17193,7344,4508,40,14358,13826,1232,14548,27672,65,1,1
17194,6663,5711,40,17924,17283,1693,18114,32241,78,1,1
17195,3747,741,40,10881,10691,1683,11031,17242,16,1,1
17196,11802,9579,40,33092,32132,10399,33313,65133,119,1,2
17197,2344,1072,40,10379,10159,2225,10529,16211,20,1,1
17198,5330,2444,40,19507,19176,1623,19678,29115,36,1,1
17199,3036,551,40,8216,8056,1453,8366,13456,12,1,1
17200,6733,4128,40,14387,13876,3557,14567,29015,60,1,1
17201,6172,4889,40,21080,20499,2164,21270,34545,70,1,1
17202,6783,5290,40,23384,22753,2174,23584,37861,77,1,1
17203,7895,7694,41,21881,21069,1012,22102,38743,103,1,1
17204,8145,6673,40,23875,23164,1774,24075,40717,88,1,1
17205,5881,4489,40,21010,20449,1272,21190,32882,67,1,1
17206,4589,882,40,17122,16922,1733,17283,24537,18,1,1
17207,6642,5721,41,16681,16030,1072,16882,30357,81,1,1
17208,6703,2234,40,14107,13786,1493,14267,24747,34,1,1
17209,6292,4979,40,15960,15389,1603,16151,29085,70,1,1
17210,3807,701,40,12734,12553,1643,12875,19076,15,1,1
17211,10370,5170,40,31469,30909,8887,31659,56126,64,1,2
17212,2504,1002,40,25118,24878,5220,25268,34044,17,1,2
17213,5470,1222,40,8146,7904,1032,8306,16080,23,1,1
17214,3787,721,30,5580,5390,1012,5730,11291,15,1,1
17215,7504,6663,40,23975,23234,1103,24185,39505,89,1,2
17216,6342,2434,40,25709,25348,19557,25859,54252,35,1,2
17217,3657,2064,40,16221,15900,2505,16391,24667,35,1,1
17218,6252,4128,40,19757,19236,17243,19937,47610,62,1,1
17219,6523,6151,40,20238,19547,1092,20439,34255,86,1,1
17220,6192,2735,40,32041,31660,3156,32211,44334,39,1,2
17221,7103,4408,40,19557,19016,4148,19747,35437,65,1,1
17222,4299,1593,40,17874,17593,1583,18034,25549,28,1,1
17223,14156,7575,40,15078,14307,4268,15279,41328,96,1,1
17224,4669,1824,40,9518,9238,11171,9678,27392,30,1,1
17225,15980,21451,40,18876,17133,14518,19186,71195,234,1,1
17226,2925,681,40,11471,11291,1894,11622,17172,14,1,1
17227,4158,932,40,11943,11732,1633,12093,18856,18,1,1
17228,5520,1633,40,18344,18074,17803,18504,43512,27,1,1
17229,12453,11833,40,11612,10480,942,11862,37140,145,1,2
17230,5651,3466,41,18875,18424,10971,19046,39184,52,1,1
17231,2975,131,40,5280,5180,2455,5410,11031,2,1,1
17232,2154,741,40,15158,14978,692,15309,18936,14,1,1
17233,14718,16261,40,23374,21932,3547,23644,58220,192,1,1
17234,6653,5380,40,25438,24807,1203,25628,38914,77,1,1
17235,8937,3937,40,20790,20299,1332,20970,35216,58,1,1
17236,4809,3176,41,16481,16050,1342,16652,26029,49,1,1
17237,6904,3997,30,15219,14708,1293,15399,27633,60,1,1
17238,5971,4478,40,18915,18375,1903,19097,31499,65,1,1
17239,8937,3937,40,18865,18384,1343,19046,33293,56,1,1
17240,7054,5130,40,13605,12994,1332,13796,27342,73,1,1
17241,5821,4228,40,12143,11612,2835,12323,25257,64,1,1
17242,8186,7073,40,21009,20258,2686,21220,39215,94,1,1
17243,3717,501,40,7794,7634,1462,7945,13655,10,1,1
17244,10319,9328,40,16531,15640,2614,16751,39063,114,1,1
17245,7224,4258,40,20409,19868,1743,20589,33864,64,1,1
17246,6793,5210,40,15199,14578,2535,15379,29967,75,1,1
17247,7213,5391,40,21370,20709,1393,21560,35607,81,1,1
17248,6783,6202,40,20599,19888,1243,20799,35067,87,1,1
17249,6492,2865,40,30718,30297,17463,30889,57749,42,1,2
17250,3376,2185,40,13736,13395,2976,13896,22483,36,1,1
17251,6402,3316,40,19057,18605,8476,19237,37461,52,1,1
17252,4509,2725,40,19757,19377,1412,19928,28614,42,1,1
17253,5801,4638,40,17232,16681,2435,17423,30337,67,1,1
17254,2885,160,40,10480,10370,2154,10620,15850,3,1,1
17255,1382,291,40,10189,10059,10800,10330,22863,6,1,1
17256,11151,13135,40,24256,23034,9619,24506,58461,156,1,2
17257,2575,1022,40,9438,9207,6241,9588,19476,20,1,1
17258,8286,6763,40,21611,20880,4388,21811,41288,90,1,1
17259,4058,400,40,8275,8115,1042,8406,13956,10,1,1
17260,4819,651,41,7985,7814,1042,8136,14708,14,1,1
17261,7534,341,40,7665,7535,1463,7815,17203,8,1,1
17262,1052,230,30,12063,11952,571,12203,14106,4,1,1
17263,17153,16772,40,23064,21611,5400,23334,62699,192,1,1
17264,7384,5140,40,17062,16451,1483,17252,31299,74,1,1
17265,5591,3306,40,19337,18915,13576,19517,42030,50,1,1
17266,6462,5501,40,19647,19006,1263,19837,33103,78,1,1
17267,7304,2855,40,36850,36450,10851,37020,58070,43,1,2
17268,6803,4288,40,18605,18074,2064,18785,31980,63,1,1
17269,6663,2214,40,18345,17994,5280,18515,32722,39,1,1
17270,11763,11441,41,20909,19837,2164,21150,46578,141,1,1
17271,6673,5159,41,15038,14437,2134,15229,29245,73,1,1
17272,3977,692,40,11552,11361,1653,11702,18074,16,1,1
17273,12013,8115,40,30969,30116,12965,31179,64312,103,1,2
17274,2746,1122,40,26620,26360,7193,26770,37882,19,1,2
17275,2835,702,40,6943,6763,1383,7103,12053,15,1,1
17276,3918,1182,40,5941,5701,1072,6101,12323,23,1,1
17277,1833,501,40,14327,14166,841,14468,17693,11,1,1
17278,13666,14256,40,23184,21881,3476,23444,54893,172,1,1
17279,6863,5541,40,18525,17884,1543,18715,32712,79,1,1
17280,7545,4789,40,20288,19737,4850,20478,37712,67,1,1
17281,6232,4589,40,19287,18716,1212,19477,31570,70,1,1
17282,6362,3146,40,29836,29386,3437,30006,43011,47,1,2
17283,7223,4809,30,15699,15118,7956,15880,35908,70,1,1
17284,4558,1964,40,18335,18004,1533,18485,26590,34,1,1
17285,6442,4048,40,13465,12954,1313,13655,25498,61,1,1
17286,6191,3056,40,11242,10821,1443,11422,22152,49,1,1
17287,6182,5110,40,13906,13315,1834,14096,27252,71,1,1
17288,2926,120,40,11041,10951,2104,11181,16361,1,1,1
17289,3477,731,40,28815,28595,10600,28965,43823,14,1,2
17290,2024,481,40,17473,17323,15269,17623,35437,10,1,1
17291,6933,5330,40,9538,8886,982,9729,23024,75,1,2
17292,8236,8055,40,19878,19056,1132,20088,37561,106,1,1
17293,6832,3006,40,33133,32702,18876,33303,62067,45,1,2
17294,2976,1793,40,19106,18806,5510,19267,29586,30,1,1
17295,7074,4659,40,19627,19086,4709,19817,36309,66,1,1
17296,5490,3858,40,13796,13275,1022,13966,24396,61,1,1
17297,7054,5189,40,18294,17713,1603,18495,32391,72,1,1
17298,6663,4759,40,24457,23886,1763,24647,37892,71,1,1
17299,10360,8155,40,33473,32611,9749,33684,61998,105,1,2
17300,2826,1342,40,10770,10510,3797,10931,18946,25,1,1
17301,9047,7053,41,21009,20248,1684,21220,39044,95,1,1
17302,3837,921,40,8146,7925,1423,8296,14538,19,1,1
17303,3576,1343,40,13095,12865,4519,13265,22733,22,1,1
17304,5942,4568,40,20939,20368,2225,21130,33905,69,1,1
17305,6813,6062,40,15369,14708,2565,15569,31059,83,1,1
17306,7013,5771,40,21280,20619,1863,21481,36178,83,1,1
17307,7534,7133,41,22482,21711,1052,22683,38442,96,1,1
17308,9207,3206,40,18946,18525,5550,19126,37120,48,1,1
17309,7695,6302,40,20389,19697,1503,20589,36129,86,1,1
17310,6172,2705,40,18655,18265,7525,18825,35277,44,1,1
17311,11572,4078,40,13766,13286,17994,13956,47651,57,1,1
17312,5691,1483,40,10059,9808,13345,10219,30778,25,1,1
17313,16110,21671,40,18956,17202,8246,19266,65333,235,1,1
17314,1202,151,40,7624,7514,7935,7754,17102,3,1,1
17315,16772,21531,30,23635,21832,18195,23945,80483,241,1,1
17316,16782,11381,40,32170,31099,9948,32402,70553,136,1,2
17317,2706,1272,40,10219,9979,8416,10370,22824,22,1,1
17318,7394,6051,40,20859,20208,7184,21060,41729,81,1,1
17319,4057,782,40,15459,15249,1453,15609,21951,15,1,2
17320,12533,13866,40,18325,17052,1603,18585,46648,168,1,1
17321,7003,5170,40,20860,20259,4037,21050,37300,73,1,1
17322,6913,5640,40,17653,17022,1493,17854,31930,79,1,1
17323,6863,5190,40,20519,19928,6462,20699,39254,70,1,1
17324,6042,5250,40,16581,15960,1262,16782,29376,76,1,1
17325,6512,4849,41,14487,13906,2445,14678,28524,70,1,1
17326,3627,1974,40,18345,18034,2755,18515,26911,33,1,1
17327,7584,6051,40,21029,20348,1102,21231,35998,83,1,1
17328,6673,1853,40,17773,17473,1553,17934,28043,31,1,1
17329,5631,3947,40,15680,15178,1243,15860,26721,60,1,1
17330,6452,4268,40,24656,24105,1593,24837,37190,62,1,2
17331,3236,732,40,11882,11692,1913,12023,17944,15,1,1
17332,2855,120,40,7434,7333,7313,7565,17903,1,1,1
17333,16742,21250,40,26520,24717,14979,26830,79851,237,1,2
17334,6994,3065,40,26009,25568,2394,26190,38683,47,1,2
17335,4198,561,40,7344,7173,941,7495,13235,12,1,1
17336,3928,431,40,6733,6592,1142,6883,12414,9,1,1
17337,3096,751,41,18685,18465,2395,18836,25118,15,1,2
17338,6813,4388,40,26661,26120,9858,26851,47950,62,1,2
17339,2956,1834,40,17002,16711,3056,17162,25058,30,1,1
17340,6753,4839,40,19958,19417,6843,20138,38623,65,1,1
17341,5771,4418,40,14378,13827,1192,14558,25979,66,1,1
17342,6983,4649,40,14738,14196,2906,14918,29506,64,1,1
17343,4248,811,40,17703,17513,1653,17864,24616,17,1,1
17344,5130,3116,40,18004,17594,1383,18174,27843,48,1,1
17345,6282,2725,40,28053,27632,1402,28224,38683,43,1,2
17346,7144,4539,40,9838,9287,2234,10029,23996,66,1,1
17347,3316,2054,40,12904,12584,1783,13065,20278,34,1,1
17348,4078,561,40,12003,11823,1663,12153,18485,13,1,1
17349,10720,6923,40,22051,21310,6622,22252,46558,93,1,1
17350,6993,5350,41,22692,22081,2655,22894,37932,76,1,1
17351,3115,291,40,7484,7364,1382,7634,12463,7,1,1
17352,3807,1853,41,15739,15429,2325,15890,23925,31,1,1
17353,6442,3376,40,19276,18825,20078,19457,49383,52,1,1
17354,4840,4588,40,20078,19507,1803,20259,31540,64,1,2
17355,5981,2896,40,20318,19928,11932,20499,41338,45,1,1
17356,9879,9938,40,34675,33714,1804,34906,56567,124,1,1
17357,6312,5220,40,22903,22292,2114,23103,36799,76,1,1
17358,11782,8747,40,37150,36259,13256,37370,71185,107,1,2
17359,3035,2014,40,9989,9679,2425,10139,17663,32,1,1
17360,4609,1853,40,26430,26099,1503,26591,34606,30,1,2
17361,11061,11873,40,22242,21160,2215,22482,47671,141,1,1
17362,7234,4599,40,22813,22282,1663,23003,36549,65,1,1
17363,6943,5631,40,15369,14738,1904,15559,30077,78,1,1
17364,6763,5470,40,20930,20308,5030,21120,38423,76,1,1
17365,8035,8717,40,60484,59603,961,60705,78458,112,1,1
17366,5230,2885,40,46939,46527,1784,47109,57068,46,1,1
17367,2245,951,40,42009,41819,561,42169,45967,17,1,1
17368,12033,13696,40,54192,52940,1603,54463,81835,165,1,1
