batch_id,d1_ns,d2_ns,d3_ns,d4_ns,d5_ns,d6_ns,svc_ns,total_ns,num_faults,num_va_spaces,num_blocks
8418,36078,35497,501,98967,95911,11231,100510,183687,237,1,1
8419,7084,5701,60,48061,47380,11843,48431,73119,50,1,1
8420,5150,3006,60,22503,22052,3777,22753,34766,30,1,1
8421,6563,1262,61,29365,29085,2405,29596,39886,15,1,1
8422,7134,3276,60,29656,29155,11141,29907,51538,34,1,1
8423,4629,420,60,13575,13395,1763,13796,20679,5,1,1
8424,7414,6021,70,29295,28554,4679,29576,47760,56,1,1
8425,9548,8737,60,34796,33824,2044,35096,55505,77,1,1
8426,5871,2495,60,28865,28444,17002,29105,54543,27,1,1
8427,4207,2134,60,28394,28033,10129,28644,45175,22,1,1
8428,10951,11702,60,25108,23915,1353,25438,49524,97,1,1
8429,10410,9077,60,24476,23495,2805,24787,47139,78,1,1
8430,3727,2676,60,21190,20739,3607,21450,31530,30,1,1
8431,10560,9908,60,24506,23454,1844,24827,47199,85,1,1
8432,25408,17694,60,39295,37732,15229,39655,98056,131,1,1
8433,3527,1503,60,27963,27622,11121,28193,44424,19,1,1
8434,4508,2374,60,19277,18866,2956,19517,29426,26,1,1
8435,7013,4639,40,16010,15479,2594,16210,30507,61,1,1
8436,8366,7835,40,23384,22593,1633,23604,41488,96,1,1
8437,3798,1172,40,19257,19026,12463,19417,36900,19,1,1
8438,2064,461,40,18686,18535,11161,18836,32552,8,1,1
8439,6282,5270,40,15499,14898,1262,15690,28564,70,1,1
8440,7915,5481,40,16000,15369,2044,16190,31680,74,1,1
8441,7083,5551,40,21420,20789,1883,21631,36188,74,1,1
8442,3606,751,40,19607,19417,15259,19767,39434,15,1,1
8443,2575,1312,50,19136,18895,10370,19296,33604,22,1,1
8444,6622,5761,40,21892,21240,1282,22092,35817,76,1,1
8445,6412,4800,40,21691,21100,1753,21881,34906,67,1,1
8446,4748,360,40,18826,18696,17834,18976,41979,7,1,1
8447,14518,17192,40,23715,22162,16120,24006,71876,187,1,2
8448,7253,7224,40,22262,21501,1202,22493,38202,93,1,1
8449,3356,2054,40,20489,20178,771,20669,26890,32,1,1
8450,7434,6181,40,21260,20529,18996,21481,54122,83,1,2
8451,2885,761,40,18856,18656,13746,19006,36449,15,1,1
8452,6422,3887,50,23184,22703,2154,23375,35878,54,1,1
8453,6422,4969,40,23846,23243,2474,24056,37971,69,1,1
8454,17884,7785,40,22573,21802,13375,22793,61887,92,1,1
8455,4518,2044,40,19818,19517,17323,19998,43923,31,1,1
8456,11141,12234,40,24256,23144,1202,24516,49133,140,1,1
8457,6713,5480,40,23294,22653,2174,23494,37911,75,1,1
8458,2855,120,51,18495,18404,16260,18656,37921,1,1,1
8459,16762,22623,40,6763,4920,17373,7093,63891,238,1,1
8460,7414,4829,40,21040,20469,13395,21230,46908,65,1,1
8461,6633,6051,40,17854,17173,1253,18054,32041,80,1,1
8462,4398,1572,50,26870,26579,1883,27042,34946,24,1,2
8463,4248,591,40,12935,12755,1713,13085,19677,12,1,1
8464,3477,411,40,19387,19226,9187,19537,32652,9,1,1
8465,5500,2685,40,19908,19537,12393,20078,40706,39,1,1
8466,4378,2144,40,14919,14567,1763,15089,23424,35,1,1
8467,5109,1303,40,13035,12784,1713,13205,21360,23,1,1
8468,6783,5360,40,16270,15649,1784,16471,30438,72,1,1
8469,3176,310,40,30888,30708,17263,31029,51818,6,1,2
8470,2675,962,40,19006,18805,13165,19166,36018,16,1,1
8471,3908,1773,40,14307,13997,2315,14487,22523,30,1,1
8472,6493,4147,40,16331,15810,1563,16522,28775,59,1,1
8473,4599,792,40,12764,12574,1653,12914,20008,15,1,1
8474,5410,1573,41,20799,20508,20609,20970,48592,27,1,1
8475,3587,2795,40,16261,15850,2415,16431,25278,42,1,1
8476,6553,3867,40,20769,20279,11992,20970,43432,55,1,1
8477,5461,4859,40,16341,15750,1253,16531,28154,68,1,1
8478,6362,4849,40,16090,15509,1974,16301,29516,67,1,1
8479,3777,1463,40,13997,13726,3787,14157,23234,26,1,1
8480,6763,4048,40,21601,21110,4469,21801,37111,57,1,1
8481,7153,5961,40,16561,15870,1844,16762,31770,81,1,1
8482,7514,6022,50,22182,21511,6042,22402,42020,81,1,1
8483,5100,3897,40,15429,14909,1312,15620,25969,58,1,1
8484,6192,4919,40,16361,15780,2114,16572,29827,68,1,1
8485,3377,1372,41,14457,14207,4368,14618,23795,22,1,1
8486,8035,5070,40,22041,21460,3556,22252,38943,68,1,1
8487,7444,6542,40,17614,16912,1763,17824,33613,84,1,1
8488,7253,5791,51,21350,20699,3086,21561,37741,78,1,1
8489,3326,1312,40,11642,11392,2275,11802,18776,23,1,1
8490,5932,2885,50,10781,10370,1683,10971,21511,45,1,1
8491,6563,4779,40,14688,14097,1623,14878,27893,67,1,1
8492,3467,1342,40,15028,14778,4278,15189,24336,23,1,1
8493,3466,1734,40,20128,19828,6783,20298,32331,28,1,1
8494,7314,5780,40,17904,17252,2304,18114,33553,78,1,1
8495,6201,3236,40,19987,19577,11922,20159,41568,44,1,1
8496,5150,3476,40,14768,14307,1412,14949,25037,50,1,1
8497,7283,5671,40,14728,14086,1774,14938,29696,75,1,1
8498,3747,270,40,8977,8867,1664,9127,14868,6,1,1
8499,5591,3927,40,16591,16100,4028,16781,30378,56,1,1
8500,7685,4839,40,21481,20910,1543,21671,35798,66,1,1
8501,7995,9158,40,25208,24436,2404,25428,45045,93,1,1
8502,11793,4939,40,12003,11472,15009,12203,43974,60,1,1
8503,6021,2765,40,9177,8796,6663,9347,24857,40,1,1
8504,7735,3286,40,20208,19738,8356,20389,39816,46,1,2
8505,4128,1833,40,8176,7865,3376,8346,17733,30,1,1
8506,11372,11191,40,26610,25558,1603,26860,51067,130,1,1
8507,6492,5280,40,23585,22953,1303,23785,36910,73,1,1
8508,7193,3096,41,21580,21160,1604,21771,33704,46,1,1
8509,4739,3407,40,12253,11822,1162,12433,21791,47,1,1
8510,6613,4087,40,11992,11492,1011,12183,23945,57,1,1
8511,3356,932,40,15049,14848,2855,15209,22392,17,1,1
8512,8276,2935,51,19937,19547,5551,20118,36920,42,1,1
8513,7734,6703,40,19137,18384,1563,19347,35407,90,1,1
8514,6222,2735,50,19697,19327,5401,19887,34285,41,1,1
8515,3867,1142,40,10690,10460,1563,10851,17463,20,1,1
8516,6743,3917,40,11893,11391,1252,12093,24035,56,1,1
8517,2645,531,40,9779,9619,2885,9939,16040,11,1,1
8518,4558,2916,40,22312,21872,2044,22492,32070,44,1,2
8519,6933,5180,40,37411,36779,7875,37611,57629,70,1,2
8520,6151,2796,50,19827,19417,3858,20007,32872,45,1,1
8521,4328,1373,40,10049,9788,1873,10209,17833,24,1,1
8522,3957,792,40,9287,9087,992,9437,15218,15,1,1
8523,3907,551,40,13426,13226,1052,13576,19126,11,1,2
8524,7043,4509,40,18335,17784,2855,18525,32982,64,1,1
8525,7303,3196,40,20318,19867,2635,20498,33693,49,1,1
8526,8486,8115,41,22161,21320,1703,22393,40737,102,1,1
8527,9798,3477,50,19777,19347,1723,19968,35016,48,1,1
8528,3256,170,40,8596,8496,2174,8747,14387,3,1,1
8529,2875,391,40,6042,5911,1893,6192,11401,8,1,1
8530,3116,461,50,8476,8336,1342,8626,13596,9,1,1
8531,5430,3527,40,18385,17904,2064,18575,29636,54,1,1
8532,6823,1583,40,19106,18826,1834,19276,29556,28,1,1
8533,8225,7705,40,20940,20128,1062,21150,38192,98,1,1
8534,3286,401,40,18465,18305,3517,18605,25849,9,1,1
8535,4168,471,40,8115,7955,1042,8265,14006,11,1,1
8536,2524,391,40,7595,7445,2525,7745,13235,8,1,1
8537,7885,5600,41,18374,17713,1203,18585,33313,78,1,1
8538,6742,5891,50,23675,23004,1923,23895,38492,81,1,1
8539,5791,1192,40,18836,18575,2445,18996,28464,23,1,1
8540,4979,1924,40,19858,19537,3837,20028,30808,32,1,1
8541,2736,110,40,7835,7735,1332,7975,12203,1,1,1
8542,7233,4970,40,20268,19657,2204,20459,34916,71,1,1
8543,7093,5871,40,23485,22803,1523,23695,38222,80,1,1
8544,2966,461,40,19116,18956,12003,19266,34736,9,1,1
8545,2655,992,40,19527,19317,7845,19687,31219,17,1,1
8546,4338,2174,50,14217,13886,2224,14397,23184,35,1,1
8547,6923,4689,40,17403,16812,2224,17593,31489,68,1,1
8548,7945,6272,50,24066,23364,1793,24286,40346,84,1,1
8549,11271,7364,40,23234,22472,11231,23455,53361,91,1,1
8550,1913,872,40,19357,19156,10630,19507,32962,15,1,1
8551,10230,9939,40,23013,22052,2134,23254,45607,118,1,1
8552,6703,5060,40,22402,21791,2375,22612,36800,72,1,1
8553,2304,321,40,19336,19196,681,19487,22823,7,1,1
8554,18314,13476,40,4268,3096,18184,4529,54543,148,1,1
8555,8837,5881,40,21891,21250,9698,22092,46568,76,1,1
8556,5741,5030,40,20569,19948,1252,20769,32842,72,1,1
8557,6352,4899,40,20238,19667,1783,20439,33513,66,1,1
8558,2265,440,40,19406,19246,16492,19557,38794,9,1,1
8559,2505,1172,40,19457,19226,11843,19617,35177,20,1,1
8560,3797,1533,40,14638,14367,2364,14808,22552,27,1,1
8561,6833,4689,40,15639,15068,2144,15840,29556,66,1,1
8562,7314,5711,40,22452,21771,1594,22652,37321,79,1,1
8563,2866,811,50,19197,19016,17272,19357,40346,15,1,1
8564,16562,21180,40,24617,22834,15269,24937,77988,224,1,2
8565,2034,611,40,10851,10670,2445,11001,16131,12,1,1
8566,8396,7204,40,18976,18195,1363,19186,36189,93,1,1
8567,6793,4979,50,21461,20879,1904,21661,35397,68,1,1
8568,2194,170,40,18435,18335,15800,18575,36789,3,1,1
8569,16542,23194,40,6863,4990,14237,7193,61216,242,1,1
8570,5130,3066,40,20509,20108,12584,20689,41519,43,1,1
8571,4790,4027,40,18465,17963,1232,18665,28765,57,1,1
8572,2225,1422,40,13867,13615,2775,14027,20509,24,1,1
8573,6643,5260,40,22593,21981,1903,22783,36649,70,1,1
8574,2455,260,40,19136,19016,17994,19287,40026,5,1,1
8575,14337,13586,41,23304,22041,15940,23565,67478,154,1,2
8576,5390,3827,40,14848,14357,1303,15038,25608,55,1,1
8577,7353,3156,40,14146,13706,1633,14327,26510,48,1,1
8578,7224,5641,40,16882,16231,1563,17092,31560,77,1,1
8579,4088,1192,40,13124,12884,1633,13286,20259,23,1,1
8580,2525,290,40,18965,18825,16240,19117,38222,7,1,1
8581,7715,7053,40,21872,21081,10199,22092,47089,92,1,2
8582,5881,4629,40,19928,19367,1223,20128,31921,66,1,1
8583,4539,1252,40,13245,12985,1634,13415,20880,24,1,1
8584,6913,6192,40,17223,16522,1883,17433,32461,83,1,1
8585,4008,821,51,12734,12543,1803,12895,19587,16,1,1
8586,4027,592,40,19286,19106,17073,19436,41188,13,1,1
8587,2434,1092,41,18905,18675,16141,19076,38773,20,1,1
8588,3987,1783,40,14427,14106,2054,14588,22462,31,1,1
8589,4739,431,40,12403,12253,1714,12553,19477,9,1,1
8590,6713,5210,40,16992,16371,1703,17182,30868,72,1,1
8591,2314,301,40,12744,12614,11973,12894,27522,6,1,1
8592,16721,22052,50,26731,24897,20930,27061,86804,237,1,1
8593,6212,3507,40,20539,20078,12664,20729,43152,51,1,1
8594,8827,3336,40,15760,15329,19757,15940,47920,47,1,1
8595,4028,2164,40,12594,12264,13947,12764,32953,33,1,1
8596,16571,21841,40,6542,4749,18596,6863,63921,231,1,1
8597,4649,2414,40,13366,13005,16130,13546,36789,38,1,1
8598,14478,12974,40,17944,16762,9307,18205,55014,148,1,1
8599,2485,231,40,12523,12393,1973,12673,17393,5,1,1
8600,4909,1964,40,20829,20509,19878,20999,47800,31,1,1
8601,12333,16030,40,20348,18875,2735,20629,51767,181,1,2
8602,2284,701,40,18475,18294,16671,18645,38332,14,1,1
8603,10880,10620,50,16681,15629,2204,16933,40667,126,1,2
8604,6383,5109,41,16481,15870,2104,16682,30318,71,1,1
8605,4238,1773,40,14698,14378,4068,14868,24987,31,1,1
8606,6102,3747,50,21611,21120,5370,21811,37070,56,1,1
8607,8286,7183,40,17072,16301,1593,17303,34405,93,1,1
8608,7524,5520,41,21871,21210,5120,22072,40296,77,1,1
8609,3006,771,40,10820,10630,2445,10971,17243,14,1,1
8610,5751,2765,40,10460,10069,1673,10650,20869,42,1,1
8611,5851,4518,40,15699,15138,1994,15890,28313,65,1,1
8612,3116,1052,40,14567,14327,4638,14717,23564,20,1,1
8613,3146,1823,40,20008,19718,4499,20178,29706,28,1,1
8614,10550,12414,40,27091,25929,1132,27341,51497,145,1,1
8615,2164,371,40,10881,10741,2685,11031,16311,8,1,1
8616,6132,3537,40,10500,10039,1372,10680,21771,51,1,1
8617,6102,4448,40,16371,15800,1833,16562,29005,65,1,1
8618,3577,1242,40,14237,13977,4028,14397,23284,23,1,1
8619,6823,4659,40,21731,21170,2686,21921,36129,63,1,1
8620,7334,5671,40,17242,16601,1913,17453,32411,76,1,1
8621,7745,5741,40,21390,20749,3697,21600,38823,76,1,1
8622,3477,1252,41,11261,11030,1954,11422,18155,22,1,1
8623,3937,381,40,8977,8827,1493,9127,14978,9,1,1
8624,7254,4699,40,12654,12103,1914,12864,26761,63,1,1
8625,4900,871,40,22172,21931,2635,22332,30778,16,1,2
8626,7364,3717,41,20759,20288,5080,20950,37161,53,1,1
8627,7534,5992,40,17092,16421,1683,17292,32561,79,1,1
8628,7565,5630,41,21139,20498,2995,21341,37591,76,1,1
8629,4088,1533,40,10760,10480,1794,10920,18375,25,1,1
8630,6141,4098,50,11943,11452,1413,12143,23835,56,1,1
8631,3927,391,40,8937,8797,1503,9087,14958,8,1,1
8632,4548,2144,40,14788,14447,3667,14969,25378,35,1,1
8633,6242,3286,40,20409,19968,16110,20599,46287,50,1,1
8634,7123,7595,40,21460,20649,1112,21691,37561,99,1,1
8635,6092,2635,40,20138,19758,10019,20318,39104,41,1,1
8636,3256,1453,40,11752,11482,1523,11912,18204,25,1,1
8637,6202,4007,40,11753,11261,1182,11953,23394,56,1,1
8638,3747,771,40,8066,7875,1052,8216,13846,15,1,1
8639,4008,2395,40,15870,15509,2545,16050,25048,38,1,1
8640,7765,4218,40,20569,20058,3978,20759,36760,58,1,1
8641,7293,6292,40,18996,18294,1613,19207,34455,84,1,1
8642,7214,4679,40,20589,20048,2555,20779,35287,63,1,1
8643,3496,1073,50,10460,10239,1653,10620,16902,19,1,1
8644,6542,4288,40,12243,11723,1482,12434,24806,60,1,1
8645,2265,490,40,14387,14227,2875,14537,20228,10,1,1
8646,6603,5210,40,38032,37371,7514,38232,57589,72,1,2
8647,6703,3887,40,20128,19627,2525,20308,33483,56,1,1
8648,4338,1012,40,9979,9759,2415,10149,17954,19,1,1
8649,4028,941,40,9087,8856,992,9238,15249,19,1,1
8650,3848,350,40,7654,7524,1092,7805,13145,8,1,1
8651,6603,5080,50,31329,30677,1403,31539,44665,73,1,2
8652,7033,8165,40,22232,21521,1743,22433,39434,84,1,1
8653,6312,2284,41,19456,19106,2265,19637,30538,36,1,1
8654,3637,160,50,8286,8186,1503,8436,13786,3,1,1
8655,3958,861,41,13966,13716,1172,14127,20158,16,1,2
8656,6532,6362,40,21270,20539,1202,21491,35617,87,1,1
8657,6602,3948,50,31299,30788,3286,31489,45365,54,1,2
8658,7444,6672,40,17803,17052,2224,18014,34415,90,1,1
8659,3066,321,50,26961,26781,5761,27111,36309,7,1,2
8660,7043,6342,40,13837,13124,1202,14047,28684,84,1,1
8661,7314,5740,40,17122,16451,2204,17322,32641,79,1,1
8662,7214,6051,40,21741,21059,2154,21952,37411,81,1,1
8663,4479,480,40,18585,18425,2394,18746,26129,11,1,1
8664,5571,3456,41,20328,19887,7995,20519,37581,50,1,1
8665,2405,481,40,12874,12714,2565,13024,18535,10,1,1
8666,7053,5671,50,17984,17323,2265,18204,33233,79,1,1
8667,7564,6392,41,24626,23925,1934,24847,40767,85,1,1
8668,3877,1303,40,19336,19076,11922,19496,36639,23,1,1
8669,2836,1232,40,19216,18976,7995,19377,31470,20,1,1
8670,4308,1924,50,13877,13566,2114,14057,22443,32,1,1
8671,6963,4278,40,15870,15339,2355,16070,29706,60,1,1
8672,6713,5450,40,15499,14878,1943,15710,29856,74,1,1
8673,7755,6602,40,16712,15990,1834,16932,33163,87,1,1
8674,3247,741,40,19166,18976,15098,19317,38453,14,1,1
8675,5821,3577,40,20539,20068,13265,20719,43422,51,1,1
8676,7494,8235,40,22953,22112,1152,23184,40105,102,1,1
8677,6663,4959,50,21160,20579,1933,21371,34966,69,1,1
8678,2394,351,40,18746,18616,13185,18896,34876,7,1,1
8679,2204,771,41,19246,19056,9588,19407,32010,14,1,1
8680,2886,901,40,10429,10219,2164,10580,16592,16,1,1
8681,5260,2154,40,16711,16361,1874,16882,26210,36,1,1
8682,6532,5481,40,21621,21000,2434,21821,36318,74,1,1
8683,2966,1022,40,19637,19407,16581,19797,40406,19,1,1
8684,6242,5029,40,21401,20809,17583,21611,50495,69,1,1
8685,7404,7905,40,22342,21511,1202,22563,39114,101,1,1
8686,6712,5741,40,23345,22673,2434,23545,38492,78,1,1
8687,2836,150,40,18345,18245,15810,18485,37341,2,1,1
8688,16541,23404,40,7083,5160,16090,7414,63490,248,1,1
8689,5030,2775,40,21170,20749,14117,21350,43322,45,1,1
8690,17793,6242,41,18064,17423,17062,18275,59412,76,1,1
8691,3356,1994,50,18786,18475,9197,18956,33553,32,1,1
8692,1032,241,40,8256,8136,8426,8406,18145,5,1,1
8693,16621,23234,40,24717,22824,12985,25047,77937,243,1,1
8694,8727,5079,40,20839,20248,17373,21030,52269,67,1,1
8695,6903,5260,40,22332,21721,17473,22532,52218,71,1,1
8696,4568,2565,40,15710,15319,2094,15880,25157,41,1,1
8697,6843,4699,40,15670,15109,3627,15860,31069,64,1,1
8698,12674,9247,51,22963,22031,1182,23194,46357,115,1,1
8699,2284,291,40,18755,18625,15760,18905,37280,6,1,1
8700,17463,22273,50,6753,4909,17824,7083,64693,238,1,1
8701,4879,3346,50,20048,19607,13927,20228,42440,49,1,1
8702,2194,401,50,13847,13695,2434,13997,19076,9,1,1
8703,6933,5200,40,19387,18746,1242,19587,33002,74,1,1
8704,6843,6041,40,21009,20338,2155,21230,36319,81,1,1
8705,2325,300,40,19056,18916,16130,19197,38012,7,1,1
8706,13646,16521,40,23745,22262,11101,24026,65354,184,1,2
8707,5099,3827,40,16731,16241,1312,16922,27211,56,1,1
8708,4759,1663,40,13436,13135,1643,13606,21711,29,1,1
8709,7434,6312,40,18175,17473,1854,18395,34025,84,1,1
8710,3838,1112,40,13205,12975,1603,13365,19978,21,1,1
8711,6051,1323,40,19176,18926,12043,19326,38793,22,1,1
8712,1944,611,40,18776,18615,13075,18926,34606,12,1,1
8713,4248,3095,40,14848,14417,1383,15039,23795,47,1,1
8714,4628,1093,40,26119,25859,1724,26279,33774,19,1,2
8715,1743,121,40,18355,18254,10379,18495,30788,1,1,1
8716,6342,5199,40,16681,16060,2505,16871,30968,72,1,1
8717,6523,3045,40,19747,19336,12604,19918,42150,43,1,1
8718,7254,6572,40,17453,16732,1083,17663,32632,86,1,1
8719,7223,5780,40,15739,15078,1603,15951,30598,78,1,1
8720,4018,290,40,12313,12173,2134,12463,18956,7,1,1
8721,8206,3025,40,21390,20999,17273,21571,50125,41,1,1
8722,3727,2865,40,16221,15829,2695,16401,25728,42,1,1
8723,6653,3517,40,20789,20328,14758,20979,45947,51,1,1
8724,4369,2655,40,14578,14177,1422,14748,23254,42,1,1
8725,6432,5561,50,16842,16201,2645,17052,31740,76,1,1
8726,3647,1343,40,14598,14337,4639,14758,24437,24,1,1
8727,3978,2244,50,20940,20589,3397,21120,30779,37,1,1
8728,7755,6112,50,17203,16511,1933,17423,33273,83,1,1
8729,8356,5550,40,21792,21130,3376,21992,39324,77,1,1
8730,3176,1012,40,11943,11722,2275,12103,18606,19,1,1
8731,6602,3146,40,10330,9919,1232,10510,21540,46,1,1
8732,6282,4839,40,16150,15559,1744,16361,29276,69,1,1
8733,2996,691,40,13525,13345,4539,13676,21962,13,1,1
8734,7514,4208,40,21812,21301,7253,22012,41027,59,1,1
8735,6953,5761,40,17603,16932,1954,17804,32532,79,1,1
8736,7154,4819,40,21120,20559,3246,21330,36589,66,1,1
8737,4008,1483,40,13345,13085,3377,13515,22433,24,1,1
8738,6803,4609,40,13355,12794,1704,13555,26711,64,1,1
8739,4689,1403,40,9468,9187,1473,9628,17253,26,1,1
8740,3777,2114,40,14778,14447,3627,14959,24527,35,1,1
8741,7064,4749,50,21090,20529,6973,21300,40116,65,1,1
8742,7505,5770,40,17282,16611,1913,17494,32722,80,1,1
8743,7033,5380,50,21130,20509,6192,21340,39985,73,1,1
8744,5621,4528,40,14858,14297,1333,15048,26581,64,1,1
8745,6532,4929,41,13154,12563,1593,13356,26450,69,1,1
8746,4238,1463,40,13967,13686,3426,14127,23294,26,1,1
8747,6312,3466,40,20740,20268,6452,20920,37210,52,1,1
8748,4679,1773,40,19908,19597,4398,20068,30968,30,1,1
8749,7124,3637,40,20118,19647,6773,20318,37902,53,1,1
8750,4378,2104,41,13515,13185,1844,13696,22062,35,1,1
8751,7314,4108,50,11742,11231,1363,11932,24767,59,1,1
8752,4448,1373,40,9909,9658,1172,10069,17102,23,1,1
8753,4398,612,40,8726,8556,1463,8886,15399,12,1,1
8754,5370,3336,40,15690,15239,3988,15880,28604,49,1,1
8755,7304,5100,50,21160,20579,3297,21370,37101,69,1,1
8756,8807,7784,50,26630,25779,1493,26861,44995,104,1,1
8757,2325,160,50,8166,8066,1853,8316,12694,3,1,1
8758,5410,2685,40,8727,8356,1062,8917,18104,40,1,1
8759,5901,4098,40,12033,11512,1533,12213,23785,58,1,1
8760,3787,591,40,7635,7474,1172,7785,13385,12,1,1
8761,5981,4058,40,18104,17573,2465,18304,30858,60,1,1
8762,6983,2585,40,19817,19427,11282,19987,40897,41,1,1
8763,4258,3737,40,17884,17403,2485,18074,28614,55,1,1
8764,16171,13906,40,23264,22101,4568,23535,58210,147,1,1
8765,4939,1733,40,10550,10259,1733,10711,19176,28,1,1
8766,4318,1543,50,16521,16221,1172,16691,23764,24,1,2
8767,4298,1372,40,6923,6652,1052,7084,13856,24,1,1
8768,7945,8106,40,20960,20108,1232,21180,38513,103,1,1
8769,7244,4068,40,38062,37511,9618,38242,59232,57,1,2
8770,7264,4057,51,20057,19557,3536,20269,35176,58,1,1
8771,4118,1322,50,10299,10039,1954,10469,17904,25,1,1
8772,4178,1122,50,8777,8546,1092,8937,15389,21,1,1
8773,3838,801,40,7985,7785,1382,8156,14217,16,1,1
8774,6402,5130,40,18555,17954,1643,18755,31980,70,1,1
8775,6873,5310,40,38643,37991,4348,38854,55415,72,1,2
8776,6883,1984,40,21030,20709,1262,21210,31389,33,1,1
8777,3828,400,41,8856,8716,1123,9007,14408,8,1,1
8778,3557,401,40,6031,5891,1333,6171,11522,8,1,1
8779,3066,1253,50,9097,8857,1002,9267,14638,23,1,1
8780,6752,5150,40,19267,18656,1673,19477,33092,73,1,1
8781,7264,3607,40,25599,25088,1412,25779,38122,51,1,2
8782,7284,5410,40,20950,20299,1713,21160,35617,76,1,1
8783,2916,922,40,19407,19196,8456,19567,31911,17,1,1
8784,4088,982,40,8516,8296,992,8676,14778,18,1,1
8785,3416,1513,40,11602,11332,2405,11772,19166,26,1,1
8786,7785,4889,41,17082,16481,2475,17283,32472,69,1,1
8787,7123,6443,40,24196,23474,1703,24406,39725,86,1,1
8788,10971,5971,50,20419,19778,1212,20629,38823,77,1,1
8789,6883,4269,40,21611,21080,5029,21791,38022,60,1,1
8790,12253,7624,40,26931,26149,11381,27152,58450,94,1,1
8791,6783,3737,40,19447,18966,3657,19637,33854,54,1,1
8792,1463,361,40,10039,9899,8536,10189,20599,8,1,1
8793,3466,1694,40,14658,14357,6462,14818,26490,29,1,1
8794,7464,5921,40,20869,20218,3838,21069,38353,78,1,1
8795,2945,531,40,19187,19026,15279,19337,38152,11,1,1
8796,2625,1022,50,19286,19066,8617,19456,31760,20,1,1
8797,4679,2936,40,19747,19337,2155,19927,29737,44,1,1
8798,6793,5059,40,23514,22893,2234,23715,37841,72,1,1
8799,2064,250,40,18915,18785,701,19066,22122,5,1,1
8800,17924,16231,40,5170,3767,20459,5450,60124,179,1,1
8801,7605,5690,40,21701,21049,10690,21912,45927,77,1,1
8802,7945,8907,41,23845,22943,1122,24066,42100,110,1,1
8803,6482,5160,40,21541,20900,2014,21751,35457,74,1,1
8804,2585,370,40,18905,18775,16220,19056,38282,8,1,1
8805,7434,5310,50,21020,20409,9969,21220,43963,67,1,2
8806,6873,6742,40,19677,18926,1433,19898,34976,89,1,1
8807,7304,4819,50,17623,17042,1703,17824,31690,69,1,1
8808,7224,6111,40,21821,21120,1663,22032,37080,83,1,1
8809,2454,501,40,19407,19236,15520,19557,38062,10,1,1
8810,2354,802,40,18845,18635,12393,19006,34585,16,1,1
8811,6602,5801,50,21120,20448,1222,21331,34996,79,1,1
8812,6703,5149,40,21561,20929,2605,21761,36259,73,1,1
8813,3106,832,40,19256,19046,16992,19407,40387,16,1,1
8814,16551,22843,40,6793,4939,17663,7134,64231,239,1,1
8815,7574,5009,40,21380,20769,15199,21581,49403,71,1,1
8816,5741,4358,40,20369,19818,1332,20569,32030,63,1,1
8817,6432,4549,50,20980,20439,2375,21180,34586,62,1,1
8818,2515,371,50,19296,19156,16421,19447,38804,8,1,1
8819,17764,20929,40,24897,23123,15890,25208,79851,223,1,2
8820,5551,4769,50,21521,20940,1322,21721,33413,67,1,1
8821,6392,6111,51,22712,22081,2254,22914,37731,75,1,1
8822,2474,181,50,18705,18605,15289,18865,36859,4,1,1
8823,16602,22532,50,6803,4939,14688,7144,60996,241,1,1
8824,4969,3096,40,20038,19607,12223,20228,40556,46,1,1
8825,5761,5511,40,16281,15640,1222,16481,29015,75,1,1
8826,7113,3797,40,14948,14457,1924,15129,28023,55,1,1
8827,7705,5961,40,22723,22041,1643,22934,38293,80,1,1
8828,3136,611,51,19146,18975,17212,19307,40316,13,1,1
8829,6923,4258,40,20459,19897,11702,20639,43572,58,1,2
8830,8365,7394,40,18164,17363,1433,18395,35617,97,1,1
8831,6914,5490,40,16862,16221,2295,17062,31811,76,1,1
8832,3927,180,41,12082,11972,1743,12234,18134,4,1,1
8833,5340,1173,50,12804,12554,1613,12974,21130,23,1,1
8834,5590,1664,40,19467,19176,18455,19637,45386,27,1,1
8835,2063,721,40,18886,18696,13676,19036,35557,14,1,1
8836,6944,6913,50,16832,16091,1403,17062,32362,91,1,1
8837,6432,5641,40,16962,16321,2675,17162,31970,76,1,1
8838,5099,1313,40,13075,12824,1623,13255,21330,24,1,1
8839,2665,802,50,31890,31660,17042,32050,52609,15,1,2
8840,6312,3046,40,20428,19988,13255,20609,43272,47,1,1
8841,6592,5871,50,16160,15489,1193,16371,30077,79,1,1
8842,6051,4779,40,16642,16060,2194,16832,29916,67,1,1
8843,3467,1232,40,14478,14237,4538,14628,23915,21,1,1
8844,3247,1653,40,21491,21190,10049,21671,36660,29,1,1
8845,3907,3136,40,15690,15259,2735,15860,25698,46,1,1
8846,7284,5811,40,21852,21170,5270,22062,40467,80,1,1
8847,4368,1322,40,13756,13505,2214,13916,21871,23,1,1
8848,6161,4328,40,15910,15359,2314,16101,28944,62,1,1
8849,2605,641,40,13856,13676,5149,14007,22442,12,1,1
8850,2775,1383,40,20629,20359,3928,20789,28915,24,1,1
8851,7804,6623,40,17253,16501,1503,17473,33443,90,1,1
8852,7344,5410,40,21541,20890,3657,21741,38192,76,1,1
8853,3447,1563,40,13576,13295,2565,13736,21361,26,1,1
8854,7174,5651,40,13726,13065,1653,13926,28454,77,1,1
8855,4358,651,40,8626,8456,1423,8787,15259,13,1,1
8856,2434,1082,40,15099,14888,4398,15259,23223,18,1,1
8857,6362,4348,50,22202,21661,2124,22402,35277,62,1,1
8858,6983,5591,40,17704,17042,2544,17904,33062,77,1,1
8859,7394,6042,40,21942,21280,1503,22162,37141,80,1,1
8860,4719,2064,40,11201,10861,1854,11381,20058,34,1,1
8861,2925,721,40,9518,9327,1503,9669,14878,14,1,1
8862,6272,4558,41,13134,12583,1783,13336,25989,63,1,1
8863,3707,912,40,9157,8947,1443,9307,15419,17,1,1
8864,4318,2565,40,14929,14557,3376,15109,25408,40,1,1
8865,7935,4779,40,21822,21220,5781,22022,40567,69,1,1
8866,7855,5801,40,17764,17093,1773,17974,33433,79,1,1
8867,7324,5230,40,21350,20749,5510,21561,39655,72,1,1
8868,3236,1122,40,10450,10220,1854,10610,16862,20,1,1
8869,3958,711,40,8667,8486,1473,8827,15009,14,1,1
8870,6573,4989,40,12454,11862,1303,12664,25559,68,1,1
8871,2885,732,40,13365,13185,3807,13525,20999,15,1,1
8872,6072,852,40,18936,18725,14748,19086,40798,16,1,1
8873,4759,3327,50,17252,16782,2134,17443,27703,53,1,1
8874,6252,2866,40,21050,20679,7925,21220,38313,38,1,1
8875,3616,831,40,10350,10150,1944,10510,16962,17,1,1
8876,6873,4378,40,13666,13134,1513,13856,26670,60,1,1
8877,3817,160,40,8557,8446,1633,8697,14357,3,1,1
8878,6122,4038,40,16421,15900,4188,16611,30989,58,1,1
8879,7374,4890,40,21070,20479,1723,21270,35307,68,1,1
8880,7203,6483,40,26781,26059,1773,26991,42500,87,1,1
8881,11041,3727,40,11211,10760,7214,11392,33424,49,1,1
8882,4398,1463,50,9097,8847,5100,9267,20268,24,1,1
8883,3116,1292,40,6783,6532,2925,6943,14317,23,1,1
8884,3036,321,40,7784,7644,1222,7935,12554,6,1,1
8885,7424,5981,40,19266,18595,2625,19477,35557,80,1,1
8886,7545,4328,40,20699,20178,3507,20899,36309,59,1,1
8887,8336,7805,50,27162,26340,1342,27392,44925,100,1,1
8888,2815,250,40,9337,9217,2275,9478,14868,5,1,1
8889,4128,1172,40,16111,15820,1132,16271,22753,23,1,2
8890,3858,1142,40,6432,6172,1042,6592,12684,23,1,1
8891,2114,1212,40,15950,15720,3466,16111,22953,21,1,1
8892,7133,3016,40,19948,19537,2515,20118,32822,44,1,1
8893,8176,6512,40,21280,20549,1432,21491,37661,88,1,1
8894,5069,1423,40,19267,18976,1663,19427,27642,27,1,1
8895,4408,1273,50,10009,9758,1994,10179,17884,23,1,1
8896,3828,751,40,8767,8567,1312,8917,14848,15,1,1
8897,2665,772,40,16161,15970,631,16311,20419,14,1,1
8898,13055,10680,40,34896,33814,2936,35136,61857,127,1,2
8899,7584,6733,40,21741,20980,1634,21961,37942,91,1,1
8900,6041,1543,40,19237,18966,1663,19407,28704,27,1,1
8901,2925,170,40,8246,8146,1663,8396,13205,3,1,1
8902,3266,120,40,5791,5701,1352,5941,10710,1,1,1
8903,3417,1603,40,25889,25568,2334,26049,33463,27,1,2
8904,8195,6593,50,41288,40507,3206,41508,59542,90,1,2
8905,3376,1493,40,19868,19587,8005,20028,32962,26,1,1
8906,4248,500,40,8195,8025,1333,8346,14478,11,1,1
8907,3908,2324,40,17834,17483,2355,18014,26651,36,1,1
8908,6753,5751,40,23765,23094,1924,23965,38433,78,1,1
8909,3025,261,40,18535,18405,12764,18685,34775,6,1,1
8910,2574,972,41,19446,19216,8557,19607,31760,19,1,1
8911,2465,511,40,10610,10440,2455,10760,16241,11,1,1
8912,5670,4008,40,16652,16151,1473,16842,28043,56,1,1
8913,6713,5260,40,21281,20639,2014,21481,35518,74,1,1
8914,2395,521,40,19897,19737,13355,20048,36359,11,1,1
8915,2154,651,40,19157,18966,8776,19307,30928,14,1,1
8916,2956,841,50,10850,10660,2615,11010,17453,15,1,1
8917,6873,5921,40,17984,17303,1183,18184,32211,80,1,1
8918,6653,5430,40,21491,20850,1353,21701,35187,75,1,1
8919,2945,722,50,19166,18986,13296,19326,36339,14,1,1
8920,1152,311,40,18715,18575,621,18865,20989,7,1,1
8921,16651,21771,50,6613,4819,10981,6943,56397,231,1,1
8922,4679,3446,40,19347,18886,2024,19537,29726,50,1,1
8923,7514,4609,50,17153,16602,1813,17353,31329,64,1,1
8924,6713,5540,41,23394,22743,1914,23605,37812,76,1,1
8925,2335,350,40,18965,18815,16120,19117,37972,8,1,1
8926,16561,23074,40,6903,5019,15900,7224,62819,242,1,1
8927,11231,9097,50,23324,22453,12614,23554,56547,106,1,1
8928,15108,16441,40,25307,23855,1172,25599,58370,184,1,1
8929,6853,5410,40,17443,16801,2204,17644,32151,74,1,1
8930,7173,5571,40,15860,15209,2435,16070,31299,76,1,1
8931,2344,170,41,18505,18404,15870,18656,37080,3,1,1
8932,7494,7264,41,22051,21230,13406,22272,50486,95,1,2
8933,6503,4999,41,15829,15218,1182,16021,28765,70,1,1
8934,7484,5000,40,15650,15039,1994,15850,30368,71,1,1
8935,6842,6021,40,21731,21050,1543,21941,36398,80,1,1
8936,2455,251,40,18815,18685,16190,18955,37902,5,1,1
8937,16822,22933,40,6873,4999,17202,7204,64211,242,1,1
8938,4939,2926,50,20058,19657,15239,20238,43392,44,1,1
8939,3797,1313,40,10820,10570,2204,10981,18345,22,1,1
8940,3226,2275,50,15880,15549,2024,16060,23625,35,1,1
8941,6662,4779,41,21069,20488,1562,21271,34324,67,1,1
8942,12013,5149,40,20829,20288,14698,21029,52930,62,1,1
8943,2625,1052,40,18976,18746,10159,19136,33012,19,1,1
8944,5059,4028,40,21000,20469,1303,21200,31640,59,1,1
8945,5169,3898,50,20980,20489,1944,21170,32241,56,1,1
8946,11702,4578,40,20779,20228,18796,20970,56096,62,1,1
8947,6282,3126,40,22573,22142,36549,22753,68750,47,1,1
8948,10670,7604,401,58130,57028,2805,59212,80532,42,1,1
8949,14207,9107,81,32751,31690,1773,33223,58410,56,1,1
8950,6002,5410,80,39154,38382,3055,39495,54052,38,1,1
8951,2806,170,80,38393,38193,38964,38693,80733,1,1,1
8952,5210,3216,80,37911,37350,29195,38233,75944,25,1,1
8953,7855,5691,90,31981,31189,1463,32341,47440,42,1,1
8954,7184,2084,80,25448,25008,1342,25779,36479,19,1,1
8955,7915,6853,90,27262,26360,3446,27632,45946,50,1,1
8956,8205,2846,90,60976,60294,7604,61306,80051,24,1,2
8957,4269,701,90,35377,35107,14027,35677,54774,7,1,1
8958,11662,11802,80,29385,28073,1402,29787,54743,76,1,1
8959,12253,11502,91,28854,27572,2736,29255,55836,75,1,1
8960,7054,1282,81,24015,23674,1593,24316,34355,12,1,1
8961,34105,29005,91,41037,39765,14668,41498,119356,153,1,1
8962,3887,2915,40,16631,16240,3236,16812,26900,42,1,1
8963,6643,4448,40,22071,21560,4329,22262,37742,59,1,1
8964,4148,1393,40,14037,13796,2494,14197,22282,23,1,1
8965,6782,5420,40,17002,16381,2335,17192,31780,72,1,1
8966,3526,1272,40,14648,14407,4649,14808,24306,21,1,1
8967,3758,2214,40,20920,20589,5099,21090,32201,34,1,1
8968,8055,6933,40,17673,16932,2024,17884,34936,89,1,1
8969,7965,6533,40,22513,21791,6712,22723,43973,86,1,1
8970,17573,5911,40,19978,19367,18094,20168,61786,70,1,1
8971,6272,1953,41,12954,12654,14337,13125,35737,29,1,1
8972,3877,1463,40,9568,9298,11812,9738,26930,25,1,1
8973,17904,19768,40,20038,18435,10450,20338,68510,206,1,1
8974,16621,18926,40,30467,28854,1183,30768,67538,206,1,1
8975,7113,6172,40,18665,17974,2305,18865,34485,81,1,1
8976,7925,6312,40,22312,21621,2023,22512,38823,82,1,1
8977,3256,1142,40,11081,10860,2254,11252,17944,20,1,1
8978,6642,3046,40,10801,10380,1663,10981,22372,46,1,1
8979,5730,4098,40,14798,14287,2053,14979,26920,58,1,1
8980,3366,992,40,14177,13957,3988,14337,22733,19,1,1
8981,6993,3958,40,21410,20929,4529,21600,37120,53,1,1
8982,7594,5841,40,17172,16531,1924,17363,32772,75,1,1
8983,7524,6001,40,21831,21180,4899,22032,40506,76,1,1
8984,3657,1162,40,10901,10680,1924,11061,17864,20,1,1
8985,3877,711,40,9328,9137,1743,9488,15859,14,1,1
8986,6633,4909,40,15079,14488,1753,15289,28634,68,1,1
8987,5220,471,40,8837,8676,2434,8987,17152,10,1,1
8988,6463,4198,50,16922,16401,3326,17112,31149,60,1,1
8989,6452,4458,40,21881,21330,5270,22072,38302,62,1,1
8990,8716,6282,41,18254,17573,1864,18455,35347,80,1,1
8991,7774,6442,40,21961,21270,3928,22172,40366,83,1,1
8992,2966,401,50,9929,9799,2344,10079,15850,8,1,1
8993,4839,2735,40,9058,8676,1122,9228,17964,40,1,1
8994,3627,1132,41,19156,18896,1493,19317,25609,18,1,2
8995,2244,301,40,13385,13255,732,13535,16852,6,1,1
8996,17833,18495,40,25067,23514,4569,25358,66305,197,1,1
8997,7104,5550,51,18855,18224,1383,19056,33133,75,1,1
8998,6312,2565,40,19928,19556,4268,20098,33293,39,1,1
8999,3486,702,40,10530,10350,2254,10690,17172,13,1,1
9000,6041,3727,40,11722,11241,1453,11902,23174,53,1,1
9001,4789,1794,40,9899,9598,1052,10069,17754,31,1,1
9002,2304,150,40,8677,8576,2034,8817,13345,2,1,1
9003,6552,4158,51,15799,15278,2685,15990,29436,60,1,1
9004,8215,3327,40,20278,19867,3798,20468,35848,46,1,1
9005,6813,5190,40,19908,19277,1263,20108,33424,73,1,1
9006,7775,3477,40,19827,19387,1633,20008,32953,49,1,1
9007,3086,722,40,10129,9929,1693,10289,15820,15,1,1
9008,6162,4028,40,11652,11131,1272,11842,23344,59,1,1
9009,4218,1222,40,22232,21970,2003,22393,29876,20,1,2
9010,7074,3857,50,36569,36049,8145,36759,55886,54,1,2
9011,6803,3416,40,20088,19627,5872,20268,36399,51,1,1
9012,2876,490,40,9277,9117,2205,9427,15039,10,1,1
9013,4118,992,40,8506,8276,982,8666,14808,20,1,1
9014,2986,190,40,13045,12875,1112,13185,17523,3,1,2
9015,5240,2164,40,17292,16962,2375,17473,27282,33,1,1
9016,8526,3517,40,20489,20028,4779,20669,37551,51,1,1
9017,7976,6612,40,21631,20910,1283,21831,37762,86,1,1
9018,7244,3957,40,19988,19476,2144,20178,33573,57,1,1
9019,3647,400,51,8405,8255,1212,8567,13866,10,1,1
9020,4198,300,40,6041,5901,1042,6191,11762,7,1,1
9021,3236,241,40,9277,9157,1924,9427,14868,5,1,1
9022,3337,1573,40,11492,11221,2464,11662,19086,27,1,1
9023,7153,5210,40,18485,17863,2124,18676,33223,72,1,1
9024,6442,5229,40,19517,18926,7654,19718,39074,69,1,1
9025,4258,431,40,20238,20078,2004,20388,27131,11,1,1
9026,6362,2144,40,19406,19076,2124,19588,30268,34,1,1
9027,4338,541,40,8756,8596,1583,8907,15409,11,1,1
9028,2685,120,50,5831,5741,1403,5981,10219,1,1,1
9029,3778,2635,40,17844,17453,2364,18024,26831,41,1,1
9030,5471,1553,40,32191,31850,1873,32351,41288,27,1,2
9031,6833,6001,40,18255,17564,2385,18455,33724,80,1,1
9032,3246,231,40,19376,19256,9688,19517,32732,5,1,1
9033,3517,311,40,7985,7845,992,8135,13005,7,1,1
9034,11041,13505,40,24186,22933,1122,24457,50175,158,1,1
9035,7153,6372,40,23866,23164,2554,24076,40195,83,1,1
9036,1843,111,40,18425,18335,621,18575,21190,1,1,1
9037,18094,15419,40,4909,3567,15729,5179,54473,169,1,1
9038,4930,3286,50,21431,21010,7123,21611,36990,46,1,1
9039,3637,861,40,13064,12844,2705,13215,20469,17,1,1
9040,7564,5050,40,16411,15790,2345,16611,31610,72,1,1
9041,6903,5410,40,15860,15229,2024,16060,30457,73,1,1
9042,6622,5150,50,17984,17373,2345,18184,32361,72,1,1
9043,13285,8937,40,24276,23384,12333,24496,59111,108,1,1
9044,6091,4168,50,20880,20369,7704,21070,39093,59,1,1
9045,4318,2284,40,15620,15279,2344,15790,24786,34,1,1
9046,7193,5060,40,16441,15850,2535,16641,31469,69,1,1
9047,6743,5480,40,21201,20548,1933,21401,35597,75,1,1
9048,3126,721,40,19317,19126,15479,19467,38843,14,1,1
9049,2775,762,50,19066,18886,13496,19236,36309,15,1,1
9050,7824,6012,40,20900,20208,1222,21100,36218,81,1,1
9051,6783,5380,40,20359,19718,2204,20559,34986,74,1,1
9052,2154,161,40,19076,18976,14848,19226,36439,3,1,1
9053,2555,831,40,20699,20499,11792,20859,36098,17,1,1
9054,6091,5991,40,22453,21761,1372,22653,36168,82,1,1
9055,6702,6002,40,21711,21040,2485,21911,37160,79,1,1
9056,2484,511,41,19977,19817,792,20128,23965,10,1,1
9057,18084,12614,40,4167,3015,22212,4419,57369,144,1,1
9058,9648,7925,41,22953,22151,9688,23164,50465,96,1,1
9059,6693,6252,40,16742,16030,1062,16952,31009,84,1,1
9060,7495,5310,40,15920,15279,2274,16120,31239,75,1,1
9061,6752,5470,40,21280,20639,1953,21491,35707,75,1,1
9062,3065,902,40,19557,19357,17163,19717,40897,16,1,1
9063,3717,1723,40,19557,19237,13556,19717,38773,27,1,2
9064,3707,1282,50,13195,12955,2084,13355,20488,22,1,1
9065,7504,4399,40,14898,14357,1884,15098,28925,62,1,1
9066,7654,5821,40,21591,20919,2044,21792,37371,79,1,1
9067,2294,311,40,19016,18886,16371,19166,38192,6,1,1
9068,16591,21661,40,6622,4819,19317,6943,64552,233,1,1
9069,7975,5410,40,21050,20439,15289,21250,49954,72,1,1
9070,18495,8566,40,13295,12473,17563,13516,58180,100,1,1
9071,5941,2324,40,10691,10339,10179,10861,29345,36,1,1
9072,4659,2845,40,13987,13585,3146,14167,24857,42,1,1
9073,5420,1884,40,10721,10410,13595,10881,31830,31,1,1
9074,16632,22763,50,24006,22122,12884,24336,76655,243,1,1
9075,17743,11272,40,23384,22332,16892,23624,69571,130,1,1
9076,2424,742,50,19006,18826,15119,19166,37501,15,1,1
9077,5841,4448,40,15730,15168,1243,15930,27512,63,1,1
9078,7484,3798,50,14567,14097,1853,14757,27933,53,1,1
9079,7564,5901,40,20389,19718,1753,20589,35857,79,1,1
9080,2695,111,40,18304,18214,15991,18444,37301,1,1,1
9081,13114,15940,50,23985,22553,13034,24266,66405,178,1,2
9082,4619,3587,40,14698,14237,1313,14878,24457,51,1,1
9083,4539,952,40,12914,12694,1833,13074,20449,19,1,1
9084,6853,5590,40,16932,16291,1984,17143,31600,76,1,1
9085,4549,701,50,33544,33323,13736,33704,52730,13,1,2
9086,2746,220,40,18836,18706,13556,18986,35538,5,1,1
9087,7083,6903,50,16401,15639,1022,16632,31670,93,1,1
9088,7003,5331,50,15589,14978,1363,15789,29546,73,1,1
9089,4508,762,40,12644,12434,1663,12804,19777,16,1,1
9090,5170,2044,40,33995,33644,13034,34175,54463,31,1,2
9091,5350,2374,41,19707,19366,7905,19888,35567,36,1,1
9092,5210,2024,50,13185,12864,1944,13355,22593,33,1,1
9093,6703,4869,41,15329,14738,2504,15540,29656,69,1,1
9094,2795,652,40,13846,13666,5090,13996,22583,13,1,1
9095,2975,1563,41,20308,20017,3747,20469,28804,27,1,1
9096,8866,8036,40,18304,17473,1663,18525,37140,101,1,1
9097,7744,6071,40,22032,21331,2304,22242,38412,83,1,1
9098,2946,881,40,12674,12463,2274,12835,18976,17,1,1
9099,6132,4619,40,15279,14698,2144,15469,28424,67,1,1
9100,4258,2154,50,15339,15008,4158,15509,26119,34,1,1
9101,6652,4298,40,21580,21059,4608,21772,37380,59,1,1
9102,7714,6332,40,17644,16932,2104,17854,34034,84,1,1
9103,7535,5610,50,21801,21160,5380,22012,40577,77,1,1
9104,3346,762,40,10640,10440,2285,10800,17243,15,1,1
9105,6172,3707,40,10400,9909,1142,10580,21651,55,1,1
9106,6242,4759,40,15951,15349,1613,16151,28795,69,1,1
9107,12243,12434,40,19276,18134,1953,19526,46207,143,1,1
9108,8025,4218,40,21060,20529,6222,21240,39755,60,1,1
9109,8115,7254,40,17724,16942,1362,17934,34715,93,1,1
9110,6723,3166,50,21381,21009,10901,21561,42391,40,1,1
9111,5531,4178,50,14998,14488,1362,15189,26310,58,1,1
9112,6522,4338,40,13305,12784,1733,13496,26139,60,1,1
9113,4208,881,40,9087,8876,1433,9248,15820,18,1,1
9114,5340,3787,40,15870,15380,4058,16050,29295,55,1,1
9115,4168,2545,40,20679,20298,2224,20859,29836,40,1,1
9116,6883,5360,40,16451,15820,1873,16652,30808,74,1,1
9117,7093,5831,40,21330,20689,2144,21531,36639,76,1,1
9118,1803,201,40,9267,9147,571,9407,12042,4,1,1
9119,16722,13716,40,11913,10691,1192,12173,43843,152,1,1
9120,3126,1303,40,12073,11812,1973,12233,18675,23,1,1
9121,4469,1192,40,9308,9077,1382,9468,16571,22,1,1
9122,3246,1292,41,14307,14056,4067,14468,23123,22,1,1
9123,7534,4399,50,20869,20328,5120,21059,38162,63,1,1
9124,7905,7034,40,26811,26039,1232,27031,43242,93,1,1
9125,2224,190,50,11743,11632,2535,11893,16902,5,1,1
9126,5561,2244,40,8997,8647,1042,9167,18074,36,1,1
9127,6042,3426,40,11712,11272,1252,11903,22663,48,1,1
9128,4389,2364,40,16842,16492,2525,17012,26340,37,1,1
9129,6702,3627,50,30157,29665,13034,30348,53751,50,1,2
9130,3677,2885,40,16211,15809,2275,16381,25268,43,1,1
9131,16752,17793,40,24246,22753,4729,24537,63861,189,1,1
9132,4940,2344,40,11081,10721,1413,11251,20008,37,1,1
9133,6823,4128,40,11151,10640,1303,11331,23625,57,1,1
9134,3637,1303,40,15369,15118,2565,15529,23074,23,1,1
9135,7023,4559,40,37601,37020,13165,37791,62588,63,1,2
9136,5139,2776,40,19938,19547,5971,20118,34044,41,1,1
9137,4749,2054,40,12183,11452,1894,12343,21090,34,1,1
9138,4449,2024,40,9438,9107,982,9608,17113,34,1,1
9139,4038,711,40,7564,7374,1232,7715,13746,14,1,1
9140,4068,1012,40,6853,6633,3757,7023,15910,20,1,1
9141,2635,1263,40,15730,15479,3937,15890,23775,23,1,1
9142,7093,3828,40,20559,20058,3607,20739,35327,56,1,1
9143,7684,6232,41,21039,20358,1323,21250,36519,81,1,1
9144,7233,3397,50,19707,19266,1814,19897,32371,49,1,1
9145,3677,290,41,8375,8245,1152,8527,13696,6,1,1
9146,4018,421,40,5961,5801,1022,6111,11602,10,1,1
9147,2725,350,40,7865,7704,1312,8016,12433,10,1,1
9148,4709,3206,40,17313,16862,2435,17493,27893,49,1,1
9149,6723,5691,40,39445,38753,4228,39645,56337,77,1,2
9150,4669,471,40,18585,18415,2194,18736,26120,11,1,1
9151,2965,441,50,8276,8136,982,8426,12874,9,1,1
9152,2325,391,50,10590,10450,611,10740,14117,8,1,1
9153,13295,13606,40,18756,17533,2234,19016,48201,154,1,1
9154,7284,6031,40,16912,16240,2334,17113,32822,79,1,1
9155,7144,6021,40,17093,16401,2845,17293,33353,82,1,1
9156,6622,1974,40,19447,19116,2715,19617,30978,33,1,1
9157,4579,2294,40,20379,20027,7324,20549,34786,35,1,1
9158,4168,721,41,8215,8015,1303,8366,14608,15,1,1
9159,6633,4979,40,18996,18384,3256,19197,34115,71,1,1
9160,6702,5721,40,22733,22062,1684,22933,37100,79,1,1
9161,2855,211,50,18836,18725,13615,18996,35717,5,1,1
9162,6182,3967,50,20720,20198,6873,20910,37982,60,1,1
9163,3447,1472,41,14046,13786,2405,14207,21581,24,1,1
9164,7444,5641,50,16401,15740,1844,16611,31590,79,1,1
9165,6853,5360,40,17423,16791,1733,17624,31630,75,1,1
9166,7353,5720,40,16591,15930,2184,16792,32110,78,1,1
9167,12764,8426,40,23385,22563,10890,23605,55725,99,1,1
9168,1984,511,40,19367,19196,8015,19517,30077,11,1,1
9169,10970,6693,40,20459,19768,10881,20669,49253,82,1,1
9170,3306,1423,40,13696,13426,4329,13856,22974,24,1,1
9171,5651,3396,40,18806,18374,8356,18986,36449,48,1,1
9172,3006,1943,41,20368,20058,6112,20529,31640,31,1,1
9173,11552,9178,40,24216,23334,12283,24436,57499,107,1,1
9174,2565,621,40,19166,18986,15380,19336,37942,14,1,1
9175,6563,5590,41,20959,20318,1203,21160,34556,75,1,1
9176,6753,5540,40,21842,21210,1453,22042,35838,74,1,1
9177,2735,431,40,19076,18936,16221,19226,38663,9,1,1
9178,2925,1754,40,19697,19376,11903,19857,36499,28,1,2
9179,6632,6382,40,22122,21410,1082,22332,36469,85,1,1
9180,6983,5270,41,16270,15639,2064,16471,30828,74,1,1
9181,7173,5320,51,15850,15218,2454,16051,31058,75,1,1
9182,2505,351,40,19266,19116,12734,19416,35066,8,1,1
9183,2535,1142,40,19587,19346,16952,19758,40437,21,1,1
9184,6532,5922,40,16892,16201,1092,17092,30688,81,1,1
9185,7404,4719,40,15940,15359,2254,16131,30558,67,1,1
9186,7244,6492,50,21610,20879,1392,21822,37010,88,1,1
9187,3146,331,40,18855,18725,16551,19006,39084,7,1,1
9188,17944,24627,40,7014,5130,17403,7344,67358,242,1,1
9189,5140,3867,50,21551,21060,13506,21741,44304,56,1,1
9190,5190,3878,40,20298,19797,1333,20488,30929,56,1,1
9191,6964,6221,40,21851,21170,1834,22062,37121,80,1,1
9192,3437,611,40,19066,18886,15339,19216,38663,14,1,1
9193,4709,2234,40,19868,19507,11261,20038,38292,37,1,1
9194,6442,5891,40,20679,20008,1153,20879,34405,79,1,1
9195,6643,5300,40,18405,17774,2304,18605,32912,74,1,1
9196,3887,1153,40,12634,12403,1643,12794,19527,20,1,1
9197,4648,1694,40,19998,19697,15699,20158,42259,29,1,1
9198,2215,671,40,19076,18896,12524,19236,34686,14,1,1
9199,3867,1733,51,14577,14287,2255,14748,22663,30,1,1
9200,5731,2835,40,13987,13606,1473,14167,24256,42,1,1
9201,6613,5170,40,17132,16501,1373,17332,30538,73,1,1
9202,4348,1042,40,12904,12674,1634,13064,20128,20,1,1
9203,3337,170,40,18705,18595,16681,18846,39084,3,1,1
9204,16721,22974,40,6803,4939,16181,7123,63049,240,1,1
9205,8506,6472,40,21230,20519,13455,21441,49914,85,1,1
9206,4088,2495,40,22412,22032,1453,22582,30668,39,1,1
9207,6462,4718,40,17643,17062,1954,17834,31029,67,1,1
9208,2254,160,41,18525,18414,15980,18666,37110,3,1,1
9209,14918,18284,40,20479,18875,2034,20780,56056,201,1,2
9210,12473,13194,40,24065,22953,15580,24316,65624,140,1,1
9211,14708,16652,50,19878,18425,1022,20168,52590,185,1,1
9212,6883,5851,40,16411,15749,2043,16612,31439,78,1,1
9213,4329,380,41,12383,12243,1733,12524,19026,8,1,1
9214,5290,1883,41,19607,19296,17723,19788,44724,31,1,1
9215,6472,5460,40,17193,16571,1984,17393,31359,73,1,1
9216,6722,3256,40,19667,19226,13055,19847,42921,48,1,1
9217,5390,4358,41,14998,14437,1473,15189,26460,64,1,1
9218,6251,4900,40,15750,15159,1673,15940,28804,68,1,1
9219,3677,912,40,13746,13535,4398,13906,22933,17,1,1
9220,6172,3637,40,21791,21300,3577,21971,35407,54,1,1
9221,7314,5961,40,17053,16391,1973,17263,32561,80,1,1
9222,7685,5981,40,22303,21610,3587,22503,39816,81,1,1
9223,3316,1273,40,11442,11201,1793,11602,18044,22,1,1
9224,5651,3056,40,10660,10259,1233,10830,20830,43,1,1
9225,6322,4418,40,15179,14607,2405,15369,28574,65,1,1
9226,4028,1713,40,14738,14438,4379,14898,25078,29,1,1
9227,3577,2003,40,20318,19998,5250,20489,31359,32,1,1
9228,7554,5881,40,17323,16642,1683,17523,32691,81,1,1
9229,7775,6392,50,21922,21220,5450,22132,41799,84,1,1
9230,2245,461,40,10429,10269,641,10580,13967,9,1,1
9231,11943,10850,40,12945,11862,1042,13195,37070,134,1,1
9232,5671,4087,40,14627,14096,1714,14808,26330,61,1,1
9233,3156,1242,40,14698,14447,4308,14858,23594,22,1,1
9234,7905,3907,40,20729,20239,7003,20920,39775,56,1,1
9235,7133,5861,40,17363,16671,2004,17574,32602,81,1,1
9236,6362,2695,40,20419,20027,9398,20599,39104,41,1,1
9237,5330,4238,40,13716,13185,1232,13906,24756,60,1,1
9238,6302,4409,40,13365,12814,1333,13555,25659,63,1,1
9239,4218,601,40,8737,8577,1443,8887,15199,12,1,1
9240,3447,621,40,8757,8576,1613,8917,14628,13,1,1
9241,5861,4128,40,16722,16200,3056,16912,30007,59,1,1
9242,6352,3957,40,21370,20859,3447,21570,35367,59,1,1
9243,8596,7684,40,25999,25187,1333,26220,43893,100,1,1
9244,2946,771,40,10190,9989,2094,10340,16201,16,1,1
9245,7224,4669,40,11823,11262,981,12013,24927,64,1,1
9246,4088,741,40,8787,8597,1453,8937,15269,15,1,1
9247,3517,1012,40,14097,13866,3877,14257,22723,19,1,1
9248,6382,3407,40,20609,20148,5581,20799,36199,51,1,1
9249,7414,6141,50,18786,18104,1293,18996,33885,82,1,1
9250,6261,3327,40,20138,19687,7665,20318,37621,50,1,1
9251,4359,1893,41,10760,10459,1583,10931,18816,30,1,1
9252,7053,5190,41,12002,11391,1002,12203,25488,70,1,1
9253,3086,942,50,15069,14858,2945,15229,22252,18,1,1
9254,7925,3837,50,20559,20078,4008,20749,36569,55,1,1
9255,7504,6372,40,19697,18966,1633,19908,35467,87,1,1
9256,7233,4468,40,20369,19838,2505,20559,34816,61,1,1
9257,4168,2295,40,11221,10850,1433,11391,19327,38,1,1
9258,6863,3948,40,12053,11542,1142,12243,24236,57,1,1
9259,3166,1083,40,10369,10139,2355,10529,17183,20,1,1
9260,4859,2895,50,15590,15178,2515,15770,26099,45,1,1
9261,7785,4007,40,20189,19687,2504,20369,34715,56,1,1
9262,4538,1844,40,11833,11512,1553,11993,19978,32,1,1
9263,7224,5861,41,17262,16571,1844,17473,32452,82,1,1
9264,7174,3616,40,20288,19817,1403,20469,32712,51,1,1
9265,12043,7033,50,12384,11662,6151,12594,37871,87,1,1
9266,11281,8316,40,11161,10330,2145,11381,33163,101,1,1
9267,3757,411,40,7625,7475,1042,7775,13035,9,1,1
9268,4348,1092,41,21330,21060,1703,21491,28674,20,1,2
9269,6512,1573,40,27121,26831,5079,27281,40496,24,1,2
9270,7785,6502,40,18555,17834,2315,18765,35397,85,1,1
9271,5992,2444,50,19628,19256,3506,19808,31800,40,1,1
9272,4048,360,40,8126,7975,1693,8276,14417,8,1,1
9273,3947,301,40,5811,5681,1012,5971,11271,7,1,1
9274,3237,711,40,8296,8106,982,8456,13426,15,1,1
9275,5530,3367,40,18425,17974,1713,18605,29275,51,1,1
9276,7023,5671,50,39254,38573,3667,39464,55865,77,1,2
9277,3577,681,40,19176,18996,2935,19337,26580,14,1,1
9278,4078,301,40,7985,7855,982,8135,13526,6,1,1
9279,3086,1252,40,11382,11131,3006,11542,18936,22,1,1
9280,7284,5009,40,16851,16240,2544,17043,31920,71,1,1
9281,7785,5991,40,21981,21310,1734,22181,37742,80,1,1
9282,4629,451,40,18956,18785,3426,19106,27652,11,1,1
9283,5350,2034,40,20299,19987,7624,20459,35517,30,1,1
9284,3526,191,50,7895,7795,1232,8045,13034,4,1,1
9285,7023,5230,40,18034,17403,2144,18235,32672,74,1,1
9286,8326,8316,40,19146,18305,1042,19366,37090,103,1,1
9287,6171,5220,41,21971,21370,2144,22172,35757,71,1,1
9288,2505,531,40,19497,19337,14368,19647,37101,11,1,1
9289,2525,400,41,19176,19026,7995,19327,30287,9,1,1
9290,2876,741,40,12905,12724,2595,13065,19327,15,1,1
9291,7374,5390,41,16441,15800,2294,16642,31740,75,1,1
9292,7043,5791,40,22293,21610,2484,22493,37871,80,1,1
9293,2675,601,40,19737,19567,13756,19887,36970,11,1,1
9294,2756,941,41,19546,19346,9157,19708,32602,17,1,1
9295,3236,1303,50,15720,15469,2936,15880,23405,22,1,1
9296,6893,4940,40,16471,15870,2024,16671,30558,71,1,1
9297,6903,5401,40,21781,21130,1663,21981,35988,75,1,1
9298,3026,621,40,19246,19076,13476,19396,36569,12,1,1
9299,2204,441,40,19217,19056,12734,19367,34786,9,1,1
9300,5650,4338,40,14367,13836,1233,14547,25829,60,1,1
9301,7394,5210,50,16201,15570,2044,16421,31109,75,1,1
9302,6813,5049,40,21711,21110,1983,21912,35807,70,1,1
9303,2555,311,40,19346,19206,751,19496,23164,7,1,1
9304,18304,11853,40,3857,2786,25097,4098,59402,133,1,1
9305,7474,5781,40,21711,21060,11512,21911,46728,77,1,1
9306,7334,6763,40,16371,15609,1021,16582,31740,90,1,1
9307,7143,3968,40,15309,14788,2354,15499,29004,58,1,1
9308,6883,5009,50,21541,20960,2204,21741,35867,67,1,1
9309,2254,291,40,18815,18685,16130,18955,37671,6,1,1
9310,12293,13846,50,22933,21651,13536,23204,62919,158,1,2
9311,14197,14968,40,24606,23264,1112,24877,55194,169,1,1
9312,7034,5620,41,21440,20789,1954,21641,36289,77,1,1
9313,3327,711,40,18736,18545,16752,18896,39726,14,1,1
9314,13906,15259,40,23655,22273,14447,23935,67597,172,1,2
9315,5090,3376,40,16221,15760,1303,16401,26220,50,1,1
9316,7214,3817,40,14137,13666,1894,14327,27302,54,1,1
9317,7154,5590,40,21180,20529,1693,21381,35868,76,1,1
9318,1673,151,50,18465,18364,631,18625,21120,3,1,1
9319,18455,10449,40,3446,2475,27883,3677,60514,119,1,1
9320,4799,2846,40,20329,19928,13315,20509,41519,43,1,1
9321,6181,4990,40,25749,25158,1052,25949,38212,69,1,1
9322,6423,5199,40,21911,21300,2395,22112,36169,72,1,1
9323,2214,190,40,18776,18665,16261,18926,37641,4,1,1
9324,17182,22713,40,6773,4919,19847,7094,66896,239,1,1
9325,7133,3747,40,20569,20068,14036,20749,45726,56,1,1
9326,5460,4599,40,15690,15139,1212,15890,27191,64,1,1
9327,4458,1222,41,13365,13124,1583,13526,20829,22,1,1
9328,7114,5149,40,16140,15529,1814,16341,30478,72,1,1
9329,3998,1072,40,12834,12584,1763,12995,19868,21,1,1
9330,4188,110,40,18365,18264,15570,18505,38423,1,1,1
9331,2665,461,50,18986,18826,9879,19136,32191,11,1,1
9332,5180,3878,40,15219,14708,1192,15409,25709,59,1,1
9333,4568,1092,41,12894,12664,1583,13055,20338,20,1,1
9334,7173,5661,40,15449,14798,2014,15659,30547,77,1,1
9335,2745,150,50,18796,18695,16361,18946,38252,2,1,1
9336,17744,23054,40,6663,4850,4448,7063,52359,234,1,1
9337,7524,5230,50,16151,15580,1262,16351,30407,68,1,1
9338,6392,3206,40,20449,20008,12163,20629,42430,48,1,1
9339,2565,792,40,13095,12894,2565,13255,19227,15,1,1
9340,6372,5199,40,15409,14798,2405,15610,29616,71,1,1
9341,4068,461,40,12534,12383,1953,12694,19206,10,1,1
9342,6762,2044,41,20118,19787,11231,20299,40376,33,1,1
9343,3076,2345,40,15359,14998,2565,15529,23545,36,1,1
9344,5741,4578,41,22322,21741,2965,22513,35857,66,1,1
9345,5420,4198,40,15038,14508,992,15229,25899,60,1,1
9346,5560,3877,40,14297,13806,2315,14477,26290,54,1,1
9347,10640,10590,40,18635,17623,2235,18875,42391,127,1,1
9348,7624,4728,40,22011,21450,4369,22212,38974,65,1,1
9349,2765,1733,40,15669,15379,2525,15830,22913,28,1,1
9350,3597,2564,40,21049,20679,4919,21221,32351,39,1,1
9351,3426,1253,40,13155,12925,2515,13315,20549,21,1,1
9352,7765,5781,50,16001,15370,1903,16211,31710,75,1,1
9353,3105,832,40,13566,13376,4188,13726,21901,15,1,1
9354,7003,4830,40,21781,21210,5180,21991,39044,67,1,1
9355,7414,6071,40,17503,16802,1513,17704,32762,83,1,1
9356,3036,2244,40,20649,20319,3096,20819,29255,34,1,1
9357,9178,1943,40,16601,16301,16992,16762,44935,29,1,1
9358,3667,1202,40,9498,9278,10941,9668,25518,19,1,1
9359,6162,4158,40,10731,10220,4679,10921,25950,57,1,1
9360,3566,1834,40,23985,23665,3847,24156,33453,32,1,1
9361,1483,231,40,8666,8556,2235,8816,12805,5,1,1
9362,3086,771,40,13767,13575,4067,13917,21901,14,1,1
9363,7454,4809,40,21560,20969,6543,21751,40617,68,1,1
9364,8396,6522,40,17934,17242,1963,18155,35076,84,1,1
9365,7084,4759,40,20980,20389,4108,21170,37171,68,1,1
9366,3457,1142,40,11392,11161,2164,11562,18375,21,1,1
9367,6382,4759,40,12093,11532,1483,12304,24968,66,1,1
9368,4107,862,40,17022,16782,1422,17183,23614,17,1,2
9369,2986,1693,40,15419,15119,5160,15589,25478,28,1,1
9370,8536,4979,40,21520,20929,1753,21722,37020,69,1,1
9371,7323,6873,40,25207,24466,1923,25419,41578,88,1,1
9372,2605,421,40,9418,9257,2234,9568,14878,9,1,1
9373,5741,2515,40,9047,8676,1052,9217,18565,38,1,1
9374,6803,4468,40,12213,11672,1132,12404,24847,61,1,1
9375,3797,281,40,8456,8326,1513,8596,14237,6,1,1
9376,4779,2094,40,14608,14277,3517,14778,25218,34,1,1
9377,17483,12764,40,23414,22272,3697,23665,57649,142,1,1
9378,7845,6733,40,19216,18465,1092,19427,35137,89,1,1
9379,6612,2505,40,19928,19557,6482,20098,35747,38,1,1
9380,3817,1392,40,12884,12624,1603,13045,19917,24,1,1
9381,6312,4058,50,11222,10711,1513,11412,23355,59,1,1
9382,4098,471,40,7494,7334,1303,7644,13566,10,1,1
9383,5981,3727,50,16562,16081,1803,16752,28303,54,1,1
9384,6933,3207,40,35467,35006,10911,35647,56738,46,1,2
9385,2044,751,40,19217,19026,7484,19367,29706,15,1,1
9386,3477,871,40,10079,9869,1643,10240,16271,17,1,1
9387,5932,3516,41,10990,10540,1353,11171,22022,50,1,1
9388,3476,982,40,15249,15029,2726,15399,22643,18,1,1
9389,7795,4318,51,28043,27482,5751,28234,46148,59,1,2
9390,7474,6342,40,18885,18184,1573,19096,34535,84,1,1
9391,7023,3466,40,20358,19537,1693,20539,32771,50,1,1
9392,5170,1773,41,10239,9928,2805,10410,20198,30,1,1
9393,3947,611,41,8205,8035,1293,8366,14257,13,1,1
9394,3928,260,40,7434,7304,1252,7575,13065,6,1,1
9395,6853,5230,40,25649,24998,2675,25859,40657,73,1,2
9396,8426,3436,40,20208,19757,2374,20389,34675,49,1,1
9397,6121,5881,50,21270,20589,1162,21481,34695,81,1,1
9398,7154,2174,40,19527,19177,2034,19697,31109,36,1,1
9399,3867,310,40,8265,8125,1563,8406,14206,7,1,1
9400,3987,391,50,6002,5862,1052,6152,11642,9,1,1
9401,3887,671,40,8536,8345,1302,8697,14587,14,1,1
9402,5931,4318,40,18856,18315,2946,19046,32281,61,1,1
9403,6833,2806,40,19787,19387,1914,19967,31560,43,1,1
9404,7484,6553,40,22823,22092,1583,23033,38683,86,1,1
9405,2766,250,50,18385,18265,2986,18535,24587,6,1,1
9406,4018,591,50,8076,7905,982,8236,13857,13,1,1
9407,3647,1713,40,17333,17022,2655,17493,25558,30,1,1
9408,7424,6672,41,24095,23344,1403,24306,39845,89,1,1
9409,4729,521,40,18626,18445,2965,18776,27041,13,1,1
9410,5791,3687,40,21050,20559,6883,21240,37651,55,1,1
9411,5020,2294,40,18745,18384,3767,18926,30057,38,1,1
9412,7434,6703,40,21511,20760,2194,21721,38082,89,1,1
9413,1814,110,50,18776,18695,13886,18936,34786,1,1,1
9414,2044,470,40,19036,18885,8346,19186,30107,11,1,1
9415,2595,762,40,13295,13095,2645,13445,19507,15,1,1
9416,7154,4949,50,16131,15540,1924,16331,30408,70,1,1
9417,10681,12774,40,24356,23184,1052,24616,49163,148,1,1
9418,2014,190,40,19717,19597,651,19858,22773,4,1,1
9419,18074,11833,40,3928,2846,22993,4178,57128,135,1,1
9420,8125,6943,40,22663,21931,11162,22873,49163,88,1,1
9421,3086,1312,40,13426,13184,2615,13596,20649,22,1,1
9422,7374,5370,41,16491,15870,2455,16682,31931,72,1,1
9423,6662,5521,40,21110,20469,1894,21310,35427,76,1,1
9424,3387,891,40,19577,19376,13565,19738,37631,16,1,1
9425,2635,1032,40,19126,18905,10800,19277,33794,18,1,1
9426,6522,6382,40,15329,14618,1203,15539,29696,84,1,1
9427,7123,5240,41,16511,15870,2184,16712,31309,75,1,1
9428,7033,5621,40,16532,15890,1683,16742,31129,77,1,1
9429,6713,4809,40,15770,15189,2114,15960,29646,67,1,1
9430,2615,200,50,19026,18916,16582,19176,38603,4,1,1
9431,17263,23664,40,6933,5040,17914,7264,66155,244,1,1
9432,7575,6252,40,21581,20869,15259,21781,50927,85,1,1
9433,3346,1303,40,14998,14758,2364,15158,22232,22,1,1
9434,6733,3907,41,13896,13395,1683,14087,26450,57,1,1
9435,5881,5210,40,21270,20659,1924,21460,34515,70,1,1
9436,2695,682,40,19657,19477,14247,19807,37481,13,1,1
9437,2325,951,40,18976,18755,13786,19127,36249,18,1,1
9438,5981,4468,40,19577,19006,1242,19768,31509,65,1,1
9439,6893,5019,40,20629,20018,2815,20819,35587,70,1,1
9440,2685,691,51,19266,19096,16682,19427,39535,13,1,1
9441,17053,24576,40,6993,5089,19798,7324,68791,245,1,1
9442,7414,5200,40,21000,20419,15640,21200,49494,69,1,1
9443,5010,4198,40,15990,15439,1222,16180,26660,62,1,1
9444,7294,4849,40,14498,13916,1573,14688,28454,67,1,1
9445,7665,5911,40,20639,19968,1914,20839,36369,78,1,1
9446,2344,331,40,18886,18755,16120,19026,37881,6,1,1
9447,3437,2324,50,20158,19768,11933,20338,38072,37,1,2
9448,2475,782,40,12704,12503,2555,12854,18726,15,1,1
9449,6883,2886,50,14016,13626,1953,14206,25979,42,1,1
9450,5731,4368,41,21380,20829,1954,21571,33674,64,1,1
9451,11702,4769,40,21430,20859,15169,21621,53321,65,1,1
9452,2455,400,40,18765,18605,11632,18916,33463,10,1,1
9453,10840,6403,50,33673,32982,12163,33884,63350,83,1,1
9454,17413,15048,40,27673,26379,14567,27933,75021,158,1,2
9455,3798,2775,40,11682,11292,8266,11862,26741,42,1,1
9456,3176,872,40,13395,13185,1714,13555,19367,17,1,1
9457,5561,691,40,19708,19517,8736,19858,34906,15,1,1
9458,4899,2445,40,19627,19256,11271,19797,38452,37,1,1
9459,5651,4488,40,17924,17363,1252,18115,29566,64,1,1
9460,4729,811,40,23254,23023,1694,23404,30688,14,1,2
9461,7574,6152,40,12454,11773,2294,12674,28724,83,1,1
9462,10780,6182,40,35056,34365,16131,35256,68399,77,1,2
9463,2505,1362,40,20018,19798,11562,20178,35657,19,1,1
9464,6542,6102,50,16051,15369,1002,16261,29947,81,1,1
9465,6382,4809,50,15789,15228,2244,16001,29476,66,1,1
9466,3126,150,40,12193,12093,2134,12344,17794,3,1,1
9467,6352,1643,40,20088,19798,11713,20248,39996,27,1,1
9468,3266,2515,40,15760,15389,2494,15940,24255,38,1,1
9469,7294,3536,50,20238,19807,13976,20419,45285,48,1,1
9470,5080,3867,40,15209,14688,1262,15399,25638,58,1,1
9471,6442,4989,40,16401,15810,2094,16602,30177,68,1,1
9472,4077,2004,40,15520,15198,4218,15680,26019,32,1,1
9473,6402,5110,40,21761,21150,3056,21981,36599,72,1,1
9474,6913,6072,40,17142,16471,2003,17353,32381,81,1,1
9475,7514,5951,41,22011,21340,4098,22212,39825,80,1,1
9476,2995,832,40,12694,12494,2585,12854,19316,16,1,1
9477,6342,4389,50,17743,17222,2014,17943,30728,60,1,1
9478,3457,1292,41,14868,14617,4408,15029,24216,22,1,1
9479,3567,2024,40,20669,20339,5461,20839,31941,33,1,1
9480,7474,6081,50,17162,16481,1814,17373,32782,82,1,1
9481,7283,5761,41,21841,21180,3426,22042,38562,77,1,1
9482,3316,1082,41,10770,10550,2164,10931,17533,19,1,1
9483,3797,391,40,8857,8707,1483,9017,14738,10,1,1
9484,6182,4368,40,12584,12032,1513,12774,24877,63,1,1
9485,3818,681,40,8917,8737,1453,9077,15069,14,1,1
9486,3807,1724,40,14858,14557,3887,15028,24496,29,1,1
9487,6372,3316,40,21080,20629,7293,21261,38302,49,1,1
9488,7013,5751,40,17082,16401,2084,17282,32160,80,1,1
9489,6993,4819,40,21170,20579,3838,21360,37070,69,1,1
9490,5741,4399,40,14377,13816,1002,14567,26160,64,1,1
9491,5400,3787,40,12233,11732,1714,12413,23364,56,1,1
9492,2645,381,40,21470,21290,3316,21621,28013,8,1,2
9493,7805,4088,40,20959,20459,7945,21140,41028,56,1,1
9494,7063,6072,40,17583,16902,1944,17783,32912,81,1,1
9495,7103,4439,40,20819,20288,4088,21019,36679,61,1,1
9496,3267,1001,40,11091,10870,2104,11252,17684,19,1,1
9497,6052,3887,40,12063,11562,1323,12243,23545,56,1,1
9498,4519,1943,50,9989,9658,1212,10159,17884,35,1,1
9499,2395,150,40,8476,8356,1884,8616,13095,3,1,1
9500,5610,3657,40,16051,15560,3887,16231,29425,54,1,1
9501,7334,3808,50,20819,20328,1974,21009,34165,56,1,1
9502,7574,6933,40,27422,26650,1704,27632,43873,91,1,1
9503,2805,551,40,12815,12644,2655,12965,19026,11,1,1
9504,6272,3877,40,11141,10640,1253,11321,22783,56,1,1
9505,3917,571,40,7734,7554,1052,7884,13465,12,1,1
9506,5200,2765,50,17002,16612,2335,17182,27522,42,1,1
9507,7615,4528,40,35638,35055,10610,35838,58631,63,1,2
9508,2124,641,40,18836,18656,6953,18996,28764,14,1,1
9509,3767,1172,40,10189,9969,2053,10349,17402,20,1,1
9510,3166,581,40,7404,7244,1062,7564,12423,12,1,1
9511,4980,2354,40,9979,9629,1373,10149,18896,36,1,1
9512,3236,1102,41,15158,14928,3036,15319,22733,20,1,1
9513,7624,3357,40,20118,19657,2936,20298,34265,50,1,1
9514,7985,6583,40,20058,19326,1463,20268,36349,87,1,1
9515,6392,2605,41,19697,19306,1483,19868,30388,40,1,1
9516,3397,821,40,9739,9549,2244,9899,16401,15,1,1
9517,4699,1152,40,8386,8145,1093,8566,15540,22,1,1
9518,3216,350,40,7223,7073,1433,7374,12423,8,1,1
9519,7304,5601,40,23905,23213,1543,24105,38613,76,1,2
9520,8035,4889,50,32341,31750,2685,32542,48191,64,1,2
9521,7133,5350,40,16260,15629,1733,16462,30728,73,1,1
9522,5080,1663,40,19347,19036,3987,19507,30297,30,1,1
9523,3748,320,50,8066,7935,992,8216,13336,7,1,1
9524,3016,290,40,5902,5770,1473,6042,10881,7,1,1
9525,4428,1443,50,8597,8325,1012,8767,15690,26,1,1
9526,8095,4709,50,18876,18305,1743,19076,33653,66,1,1
9527,6412,3687,40,36750,36248,3336,36930,50425,52,1,2
9528,3397,561,40,19116,18956,7955,19276,31229,11,1,1
9529,3928,270,40,7865,7724,1353,8015,13606,6,1,1
9530,7263,7004,40,20639,19868,1082,20849,36238,92,1,1
9531,7054,5720,40,21560,20929,1883,21762,36469,75,1,1
9532,4157,451,40,18916,18755,5351,19076,29075,11,1,1
9533,6292,2475,40,20529,20148,6562,20699,36088,40,1,1
9534,3637,1263,50,17172,16912,2314,17343,24597,24,1,1
9535,8005,5530,40,17183,16541,1423,17383,32391,75,1,1
9536,6773,5600,40,18596,17933,1703,18796,32912,77,1,1
9537,7354,4959,41,18334,17723,1483,18525,32371,70,1,1
9538,2525,220,40,18786,18666,13556,18936,35287,5,1,1
9539,2274,571,51,18775,18605,8085,18936,29896,12,1,1
9540,3046,1172,40,12604,12364,2635,12764,19667,21,1,1
9541,6853,4869,40,16822,16271,2345,17012,31139,65,1,1
9542,6782,5651,40,21922,21270,2154,22132,36769,77,1,1
9543,2525,441,50,19397,19257,12153,19547,34716,9,1,1
9544,1863,481,51,18925,18775,11101,19076,32581,10,1,1
9545,6753,6512,40,19728,19026,1082,19938,34325,84,1,1
9546,6793,5050,40,16451,15850,2395,16641,30929,69,1,1
9547,8345,7234,40,24086,23414,1844,24286,41759,79,1,1
9548,3236,711,40,20038,19848,17473,20198,41668,14,1,1
9549,11201,12553,40,23364,22151,15980,23625,63410,149,1,2
9550,17763,9288,40,21661,20770,15179,21881,64151,108,1,1
9551,3637,2074,40,20188,19868,12914,20358,39044,33,1,1
9552,4279,1562,50,9818,9538,13105,9998,28975,28,1,1
9553,5851,5090,40,19347,18756,10540,19547,41068,69,1,1
9554,11422,6302,40,21571,20890,16511,21771,56056,80,1,1
9555,4799,2605,50,20508,20138,14948,20689,43082,40,1,1
9556,6683,5811,50,21561,20889,1152,21771,35457,80,1,1
9557,6412,5260,50,21160,20549,2685,21360,35777,72,1,1
9558,2074,150,40,19006,18916,16171,19156,37601,3,1,1
9559,14137,13957,50,23464,22172,15429,23745,67318,160,1,2
9560,6232,4559,50,20659,20098,1242,20859,32932,66,1,1
9561,6262,5060,40,22252,21641,3206,22442,37020,71,1,1
9562,2705,601,40,19397,19226,16611,19547,39524,12,1,1
9563,17493,22623,40,6783,4930,15970,7103,63249,238,1,1
9564,9638,7373,40,23013,22262,13135,23234,53431,91,1,1
9565,4779,3787,40,15559,15079,1272,15740,25628,54,1,1
9566,8466,4819,40,50145,48622,4679,50565,68810,66,1,1
9567,15369,16882,271,62568,60915,2495,63310,98166,95,1,1
9568,4017,932,80,41319,40997,33463,41709,80211,9,1,1
9569,11662,7625,80,39665,38774,20389,40025,79801,49,1,1
9570,9047,5520,80,25648,24897,1292,26000,41949,39,1,1
9571,13235,11732,90,34746,33573,1704,35146,61907,68,1,1
9572,5620,3166,90,35547,35016,2836,35878,47600,24,1,1
9573,7113,2766,80,37541,37030,33404,37881,81254,23,1,1
9574,5681,2424,80,36298,35828,24446,36620,69261,20,1,1
9575,9378,8075,90,28223,27232,1302,28594,47450,55,1,1
9576,7484,1012,80,23915,23585,1513,24216,34315,11,1,1
9577,4959,3587,90,25468,24907,4278,25809,38723,27,1,1
9578,7003,3326,81,24276,23715,1332,24597,36358,26,1,1
9579,2775,582,90,35517,35257,38433,35817,77707,7,1,1
9580,5180,2104,80,36850,36399,27512,37170,72056,19,1,1
9581,3717,1783,80,23234,22983,2595,23485,31660,16,1,1
9582,6151,4980,50,15950,15399,2104,16150,29425,64,1,1
9583,4679,1222,40,12834,12584,1633,12995,20569,22,1,1
9584,3707,1603,40,32692,32351,20118,32862,58330,25,1,2
9585,2444,591,41,19076,18915,13896,19227,36218,11,1,1
9586,6713,6181,40,15749,15098,1102,15951,29997,76,1,1
9587,6422,5531,40,18044,17413,2345,18244,32572,73,1,1
9588,3406,1122,40,14838,14607,4879,14998,24456,20,1,1
9589,3997,1934,40,20679,20359,6081,20849,32912,30,1,1
9590,7714,6523,40,17463,16762,1914,17683,33864,84,1,1
9591,7284,5901,40,22172,21511,5070,22372,40677,78,1,1
9592,4338,1092,40,13154,12924,3386,13326,22182,20,1,1
9593,6943,5440,40,16220,15579,1703,16411,30548,74,1,1
9594,3316,1132,40,14197,13977,4258,14357,23113,19,1,1
9595,6732,4780,40,22282,21711,3667,22472,37701,66,1,1
9596,7364,6272,40,17834,17143,1934,18044,33654,83,1,1
9597,7695,6472,40,22643,21932,3828,22853,40888,85,1,1
9598,2926,1042,40,11121,10911,2104,11271,17393,17,1,1
9599,6041,2465,50,10350,9989,1543,10530,20629,38,1,1
9600,6552,4809,40,14518,13927,1643,14708,27762,68,1,1
9601,3126,942,40,14047,13836,4308,14197,22633,17,1,1
9602,7074,5149,40,21921,21340,2725,22122,37100,68,1,1
9603,8666,7564,40,25629,24837,1523,25849,43653,96,1,1
9604,3907,1723,40,13716,13405,2094,13877,21651,30,1,1
9605,7064,4989,40,13035,12454,1403,13235,26731,68,1,1
9606,2946,1072,40,9298,9088,1924,9468,15460,18,1,1
9607,2925,902,40,15519,15309,3506,15679,23063,17,1,1
9608,6792,1914,40,19317,18996,14527,19487,42750,31,1,1
9609,3176,1844,40,15008,14698,2675,15179,22914,32,1,1
9610,6603,3787,40,19978,19497,11752,20158,42350,54,1,1
9611,5540,4489,50,14548,14007,1342,14738,26169,62,1,1
9612,6483,5129,40,12523,11912,1313,12714,25679,70,1,1
9613,3266,1303,40,14126,13886,3817,14297,22723,22,1,1
9614,6342,3878,40,20779,20268,3036,20959,34275,58,1,1
9615,7715,6593,40,19978,19236,1432,20178,35978,88,1,1
9616,7514,5260,40,20950,20329,3897,21150,37871,72,1,1
9617,3867,581,40,9699,9528,2244,9859,16601,13,1,1
9618,5420,2725,40,9007,8627,1062,9188,18435,41,1,1
9619,2354,1102,50,10700,10490,2114,10861,16491,19,1,1
9620,4338,962,50,9168,8957,1653,9328,16341,18,1,1
9621,6021,4178,40,15991,15469,3456,16171,29886,59,1,1
9622,6342,4428,40,21421,20870,3657,21611,36078,63,1,1
9623,7154,6011,40,27342,26641,1172,27542,41929,83,1,1
9624,2285,290,40,9718,9608,2094,9879,14588,6,1,1
9625,6492,3657,40,12113,11632,1363,12293,23845,53,1,1
9626,3957,832,40,7584,7394,1082,7744,13665,16,1,1
9627,5951,4038,50,18706,18195,4198,18916,33153,60,1,1
9628,7685,4949,40,20680,20098,1553,20870,35107,66,1,1
9629,7194,5720,50,26420,25769,1823,26631,41418,78,1,1
9630,2395,411,40,9538,9388,2204,9688,14758,8,1,1
9631,3075,1203,40,16301,16001,1052,16461,21821,22,1,2
9632,3997,881,40,6673,6463,1012,6823,12764,17,1,1
9633,4869,3086,40,16802,16371,2304,16982,27271,46,1,1
9634,6412,2625,41,19827,19466,8506,19998,37591,38,1,1
9635,9588,9207,40,23355,22442,1292,23585,43722,112,1,1
9636,6262,3006,40,19687,19277,3837,19867,33013,44,1,1
9637,4619,1613,50,10089,9809,1754,10259,18295,27,1,1
9638,5310,1463,50,9699,9417,1272,9859,17954,27,1,1
9639,2966,1062,40,16160,15920,3056,16310,23444,20,1,1
9640,6783,2194,40,19957,19627,1542,20129,30698,34,1,1
9641,7704,6883,40,21541,20789,1342,21751,37731,90,1,1
9642,4559,1302,40,18926,18655,1613,19086,26590,24,1,1
9643,4478,170,41,8065,7955,2004,8206,14918,3,1,1
9644,2816,110,40,5641,5561,1323,5791,10100,1,1,1
9645,2975,2004,40,16211,15880,3286,16381,24696,33,1,1
9646,4930,941,41,30417,30167,1764,30578,38253,18,1,2
9647,7123,5811,40,21100,20439,1843,21300,36128,78,1,1
9648,2996,280,40,18946,18816,10680,19096,33092,6,1,1
9649,2084,120,40,7244,7154,1272,7384,10910,1,1,1
9650,5070,2976,40,12534,12113,2034,12714,22824,45,1,1
9651,13215,15229,40,22162,20789,1062,22432,51978,173,1,1
9652,6653,5961,40,23715,23054,1643,23925,38232,80,1,1
9653,2685,230,41,18975,18845,12914,19126,34996,6,1,1
9654,1863,652,40,18946,18765,8065,19106,29736,13,1,1
9655,4438,2425,40,19136,18766,2575,19306,28794,38,1,1
9656,7564,6914,40,21901,21140,1593,22111,38232,90,1,1
9657,2805,571,40,18986,18825,13195,19136,35758,11,1,1
9658,1473,501,40,18966,18815,8486,19116,29616,9,1,1
9659,2275,761,40,12915,12724,2625,13065,18786,14,1,1
9660,6803,3657,50,16942,16471,1393,17132,29015,53,1,1
9661,7234,5871,40,21691,21020,1683,21891,36719,79,1,1
9662,2255,160,40,18776,18676,12203,18916,33594,2,1,1
9663,1943,411,40,18676,18535,10430,18836,31660,8,1,1
9664,8005,8215,40,23164,22332,1062,23385,40717,100,1,1
9665,6833,5100,40,21160,20549,1623,21360,34946,70,1,1
9666,3015,1042,40,19918,19698,17193,20068,41358,18,1,1
9667,5881,3246,40,20259,19797,17764,20439,47380,46,1,2
9668,6101,5861,40,18835,18174,1143,19036,32191,77,1,1
9669,6732,4799,40,18264,17663,1954,18455,31990,69,1,1
9670,7725,7063,40,21370,20609,1623,21581,38042,92,1,1
9671,2444,161,40,18525,18415,16130,18665,37460,3,1,1
9672,12904,11993,40,22593,21430,11692,22843,59492,141,1,2
9673,6202,5450,40,20429,19808,1192,20619,33523,73,1,1
9674,6652,4970,40,21110,20509,2966,21300,35938,69,1,1
9675,2595,150,40,18315,18214,15590,18455,36840,2,1,1
9676,16582,23454,40,6953,5049,16431,7284,63791,245,1,1
9677,7454,4398,40,20880,20359,13736,21070,46698,58,1,1
9678,2795,1052,41,13675,13445,2294,13836,20018,19,1,1
9679,7214,3757,40,13957,13475,1793,14147,26961,54,1,1
9680,6963,6022,40,16992,16321,2275,17192,32492,79,1,1
9681,7745,4869,40,14678,14117,1283,14878,28825,66,1,1
9682,2735,471,40,18986,18826,16431,19136,38803,10,1,1
9683,17032,23835,40,6833,4969,16271,7154,64342,240,1,1
9684,4789,3226,40,21270,20830,13927,21450,43442,48,1,1
9685,1753,161,50,9297,9197,3496,9448,14908,3,1,1
9686,6332,4098,40,18445,17934,1343,18625,30458,58,1,1
9687,7374,6251,40,27802,27091,2384,28002,44063,84,1,1
9688,12093,6562,40,22232,21560,18765,22443,59903,81,1,1
9689,2294,662,40,18845,18665,15419,18996,37431,14,1,1
9690,6081,4609,40,15820,15239,1213,16010,27963,66,1,1
9691,8376,3827,50,14177,13706,1844,14367,28464,54,1,1
9692,7304,5530,41,20859,20208,1703,21060,35627,76,1,1
9693,2675,160,40,18836,18726,14748,18976,36609,3,1,1
9694,5491,2464,40,20159,19797,11712,20329,40056,38,1,1
9695,3747,1703,41,14377,14076,1573,14538,21611,28,1,1
9696,4348,782,50,12754,12554,1633,12924,19727,16,1,1
9697,6993,4849,41,16240,15649,1704,16441,30027,68,1,1
9698,4057,501,40,12785,12613,4188,12935,21721,11,1,1
9699,7264,2474,50,20919,20559,9458,21099,40336,38,1,1
9700,6502,3477,40,20178,19707,11051,20358,41438,52,1,1
9701,7093,7014,40,16491,15720,992,16711,31850,93,1,1
9702,6262,4298,40,15420,14878,1753,15600,27953,61,1,1
9703,4077,672,40,12644,12453,1663,12804,19256,15,1,1
9704,3848,1663,40,33032,32712,13996,33192,52740,26,1,2
9705,6462,3627,40,20048,19597,11512,20228,41879,49,1,1
9706,6212,6242,40,16662,15981,1092,16872,30458,81,1,1
9707,7484,5280,40,16030,15419,2214,16221,31239,70,1,1
9708,3447,1012,40,14317,14107,5000,14477,23986,18,1,1
9709,4448,2635,40,21291,20910,3406,21471,32010,41,1,1
9710,7204,5811,40,25218,24537,2144,25418,40617,81,1,1
9711,3065,762,40,10360,10159,2134,10520,16531,15,1,1
9712,5521,2825,40,10781,10380,1232,10961,20569,43,1,1
9713,6483,4729,40,15159,14578,2214,15359,28815,67,1,1
9714,3667,1583,40,15339,15068,3787,15509,24596,26,1,1
9715,7324,5089,40,21902,21320,3356,22112,37911,68,1,1
9716,7925,5861,40,17924,17233,2215,18144,34175,82,1,1
9717,8095,6162,40,21992,21290,3356,22192,39865,83,1,1
9718,4118,1863,50,12684,12393,2505,12854,21391,29,1,1
9719,6592,5020,50,15529,14938,2114,15729,29495,69,1,1
9720,3907,441,41,8626,8476,1453,8777,14638,11,1,1
9721,2655,1473,40,14848,14588,4319,15008,23505,24,1,1
9722,6492,4118,50,21451,20920,2845,21641,35136,60,1,1
9723,7454,6172,40,25579,24897,1713,25789,41178,81,1,1
9724,3987,822,40,10350,10139,2044,10510,17413,16,1,1
9725,4409,411,40,8917,8766,1693,9067,15640,9,1,1
9726,8586,8416,41,14868,13996,1022,15089,33173,106,1,1
9727,3787,861,40,9067,8857,1422,9218,15339,17,1,1
9728,6412,4207,40,16531,16010,3136,16722,30518,58,1,1
9729,6572,4278,41,21590,21049,2355,21781,35026,62,1,1
9730,7194,5891,40,18335,17653,1964,18535,33634,81,1,1
9731,7174,5570,40,21841,21200,1804,22042,36640,76,1,1
9732,12614,4108,40,18395,17884,17914,18575,53261,56,1,1
9733,6222,1473,40,6773,6483,10620,6933,25308,27,1,1
9734,18265,18054,40,15519,14027,9528,15800,61707,190,1,1
9735,1873,491,50,8937,8777,9689,9087,21190,11,1,1
9736,6943,5650,40,10650,10009,6903,10851,30397,75,1,1
9737,5049,2295,40,15339,14978,3336,15509,26239,37,1,1
9738,6242,3367,50,20729,20268,8637,20919,39205,51,1,1
9739,7073,6673,40,23505,22773,1382,23715,38883,87,1,1
9740,7885,3797,40,22031,21531,3526,22211,37471,55,1,1
9741,3807,902,50,10630,10420,2034,10790,17573,17,1,1
9742,6181,3888,40,11682,11191,1282,11862,23263,54,1,1
9743,3466,171,40,8516,8416,1764,8666,14097,3,1,1
9744,6231,4098,40,16552,16021,2495,16742,29606,59,1,1
9745,6241,2205,40,20208,19857,9739,20378,38593,35,1,1
9746,4518,3758,40,17443,16952,1893,17623,27832,54,1,1
9747,5320,2905,51,20178,19767,7434,20359,36068,45,1,1
9748,4979,2325,40,11141,10790,1212,11311,19857,35,1,1
9749,6232,4689,40,11992,11421,1342,12183,24496,65,1,1
9750,3957,672,40,7664,7474,1052,7814,13555,14,1,1
9751,6372,4809,40,18635,18024,4178,18835,34244,70,1,1
9752,17002,11472,40,23414,22393,6291,23665,58470,128,1,1
9753,7655,6312,40,20098,19367,1603,20298,35928,87,1,1
9754,7054,4228,40,20158,19637,3407,20338,35077,59,1,1
9755,4117,722,40,9728,9528,2165,9878,16932,15,1,1
9756,4138,1633,40,15840,15479,1152,16001,22964,30,1,2
9757,3747,722,40,6763,6562,1042,6913,12474,15,1,1
9758,2515,1523,50,16852,16592,3597,17022,24697,25,1,1
9759,7384,2935,40,20278,19877,7214,20469,38042,44,1,1
9760,8696,8586,40,22412,21540,1723,22643,41688,107,1,1
9761,6753,3116,40,20188,19767,2876,20368,33163,46,1,1
9762,4258,781,50,9228,9047,1583,9388,16060,15,1,1
9763,6542,561,40,7775,7605,1243,7925,16331,12,1,1
9764,3697,1433,40,16502,16231,2525,16672,24387,26,1,1
9765,7444,2305,50,19407,19066,1703,19587,31079,36,1,1
9766,7635,6933,40,21391,20639,1112,21601,37321,90,1,1
9767,3898,831,40,18646,18434,3877,18806,27462,17,1,1
9768,3768,210,50,7915,7795,972,8065,13055,5,1,1
9769,2625,120,40,5640,5550,1644,5791,10210,1,1,1
9770,3036,1994,40,18986,18635,2274,19156,26510,31,1,2
9771,7083,5160,40,17784,17173,2054,17974,32311,70,1,1
9772,15268,16962,40,43913,42451,4108,44193,80592,182,1,2
9773,3817,1132,40,19577,19357,7945,19737,32691,20,1,1
9774,3847,310,50,8275,8145,1573,8425,14206,7,1,1
9775,6382,5430,40,19366,18735,2134,19567,33574,74,1,1
9776,6753,5971,40,22994,22312,2525,23194,38483,79,1,1
9777,3056,701,41,19356,19186,12554,19517,35858,12,1,1
9778,2044,781,40,18846,18646,8466,19006,30337,15,1,1
9779,4920,2665,40,19647,19256,2154,19817,29596,41,1,1
9780,6863,4869,40,22943,22352,2114,23144,37020,68,1,1
9781,2345,210,50,18606,18505,11131,18756,32482,4,1,1
9782,1973,591,40,19006,18826,8807,19156,30588,13,1,1
9783,1993,281,40,12774,12644,602,12914,15850,6,1,1
9784,17754,19637,41,19116,17523,3116,19417,59974,205,1,1
9785,5090,3817,40,20308,19818,2865,20489,32321,55,1,1
9786,2405,411,40,19096,18956,12654,19236,34756,8,1,1
9787,2064,892,40,20990,20789,10189,21150,34345,16,1,1
9788,2355,631,40,15068,14898,2765,15219,21010,12,1,1
9789,7394,5280,40,17754,17143,1683,17954,32351,71,1,1
9790,7254,6332,40,22082,21371,1633,22292,37551,85,1,1
9791,11301,5250,40,20890,20319,16121,21090,53802,67,1,1
9792,2405,1142,40,18936,18695,15109,19106,37792,22,1,1
9793,2425,531,40,11111,10941,2245,11261,16512,11,1,1
9794,6703,5330,40,17193,16561,1653,17393,31129,73,1,1
9795,6532,5250,41,21360,20719,2214,21561,35587,75,1,1
9796,2365,210,40,18536,18414,14337,18676,35638,4,1,1
9797,2094,451,40,18755,18605,10721,18905,32211,8,1,1
9798,5961,4328,40,16632,16091,1252,16822,28413,62,1,1
9799,7494,3988,40,13937,13446,1613,14127,27272,56,1,1
9800,5801,4168,40,16371,15850,2144,16561,28724,59,1,1
9801,6612,4188,40,14448,13927,1312,14638,26800,59,1,1
9802,2134,190,41,18805,18685,16000,18956,37340,4,1,1
9803,14327,17864,40,23955,22393,16131,24255,72617,194,1,2
9804,5179,3767,40,15900,15409,1292,16080,26359,54,1,1
9805,7063,3497,40,14066,13586,1843,14257,26710,53,1,1
9806,6963,5911,40,19647,18986,1663,19848,34435,78,1,1
9807,7535,5029,40,15049,14458,1493,15249,29346,68,1,1
9808,3026,431,40,18846,18695,16551,19006,39054,10,1,1
9809,16641,22413,40,6723,4890,19607,7043,65744,236,1,1
9810,5080,2725,40,20048,19658,17914,20228,45977,41,1,1
9811,5952,5360,40,16040,15419,1152,16241,28755,74,1,1
9812,8536,4799,40,14608,14037,1733,14798,29926,65,1,1
9813,6803,5430,50,21050,20419,1914,21260,35457,75,1,1
9814,2335,200,40,18976,18866,12905,19116,34606,4,1,1
9815,4528,2185,40,19887,19537,11010,20057,37821,36,1,1
9816,6793,5540,41,16741,16090,1143,16942,30458,77,1,1
9817,6983,3597,40,14127,13656,2324,14307,27251,52,1,1
9818,6612,4869,40,20979,20388,1763,21170,34455,68,1,1
9819,2215,120,50,18255,18165,15559,18405,36349,1,1,1
9820,11642,13035,40,22673,21451,12534,22923,60194,148,1,2
9821,2705,501,41,13174,13024,2094,13326,18676,10,1,1
9822,4068,731,50,12543,12353,1674,12704,19227,15,1,1
9823,6833,5660,51,17182,16521,1683,17393,31599,78,1,1
9824,3376,982,51,32371,32130,13425,32532,50365,18,1,2
9825,2535,772,40,19797,19607,10711,19947,34025,14,1,1
9826,8306,2114,50,9057,8737,14508,9237,34215,33,1,1
9827,16561,23014,40,19577,17704,21221,19907,80733,242,1,1
9828,1313,260,51,8486,8375,8947,8637,19207,5,1,1
9829,17473,22262,50,18385,16562,18215,18715,76705,235,1,1
9830,3326,992,40,13105,12894,1894,13265,19527,18,1,1
9831,5861,2685,41,19907,19527,19758,20088,48442,41,1,1
9832,3907,2956,40,15579,15179,2525,15749,25197,43,1,1
9833,6082,3617,40,20529,20078,17974,20719,48442,50,1,1
9834,6282,4889,40,16772,16181,1192,16972,29365,68,1,1
9835,6442,5400,40,15950,15299,2314,16151,30357,75,1,1
9836,3647,1302,40,14518,14257,4258,14678,23935,23,1,1
9837,6462,3998,40,21371,20870,2815,21561,34886,58,1,1
9838,7895,6693,50,17093,16351,1994,17303,33945,89,1,1
9839,7203,5571,50,22132,21491,1814,22332,36970,77,1,1
9840,3397,1212,40,13436,13205,2244,13606,20489,21,1,1
9841,6532,5290,40,16291,15649,2114,16501,30488,75,1,1
9842,3316,1203,40,14207,13966,4148,14367,23074,21,1,1
9843,6492,5010,50,21661,21080,2094,21861,35497,69,1,1
9844,7705,6853,40,25038,24306,1883,25248,41739,89,1,1
9845,1964,240,40,9418,9297,2906,9558,14728,5,1,1
9846,5781,3507,40,11802,11331,1183,11982,22483,52,1,1
9847,6742,4920,40,14858,14277,1754,15048,28514,67,1,1
9848,3687,1393,40,14137,13876,4789,14297,24226,23,1,1
9849,3647,1763,41,20508,20218,5771,20679,31900,30,1,1
9850,7063,5861,41,17463,16801,1753,17664,32391,80,1,1
9851,7855,6452,41,21671,20949,3466,21882,39705,86,1,1
9852,3486,1093,40,10239,9999,1864,10399,16882,21,1,1
9853,4018,400,40,8806,8646,1493,8956,14908,9,1,1
9854,9147,9098,40,13776,12874,992,14016,33303,112,1,1
9855,3907,441,50,8697,8546,1423,8857,14678,10,1,1
9856,5290,3677,40,16181,15700,3947,16361,29315,53,1,1
9857,7104,3436,41,20629,20188,2003,20810,33413,50,1,1
9858,7384,6071,40,17803,17112,2275,18004,33794,82,1,1
9859,7354,5099,40,21260,20649,2625,21461,36579,73,1,1
9860,5580,4268,40,12564,12022,1022,12754,23674,61,1,1
9861,6433,4147,40,19747,19206,1633,19937,32181,56,1,2
9862,3677,921,50,13445,13245,3567,13605,21831,17,1,1
9863,6963,3196,50,20660,20218,5991,20840,37040,48,1,1
9864,6462,4939,40,25859,25247,1232,26050,38743,71,1,1
9865,1904,210,50,9398,9308,571,9548,12283,3,1,1
9866,11001,9588,41,16911,15960,1212,17143,38984,112,1,2
9867,7965,8025,50,27723,26891,1032,27943,45025,102,1,1
9868,7323,6282,40,19837,19136,1403,20048,35106,83,1,1
9869,7574,4719,40,20970,20398,2415,21160,35908,66,1,1
9870,3166,672,50,9939,9778,1653,10099,15640,12,1,1
9871,6452,4218,40,15900,15359,1282,16081,28083,60,1,1
9872,2645,120,40,7494,7394,1512,7634,11962,1,1,1
9873,8115,6482,40,17824,17102,1152,18034,33823,86,1,1
9874,7794,3767,50,30197,29706,10029,30387,52018,52,1,2
9875,8466,7614,41,18164,17342,1523,18385,36028,99,1,1
9876,5079,2615,40,19898,19537,6623,20068,34435,39,1,1
9877,6182,1433,40,10109,9839,2084,10269,20028,25,1,1
9878,3987,832,40,8666,8466,982,8816,14667,16,1,1
9879,4639,210,40,7384,7263,1172,7525,13606,5,1,1
9880,3717,370,41,5951,5811,1022,6102,11261,8,1,1
9881,3417,2565,50,16451,16090,2856,16631,25519,38,1,1
9882,6693,3046,40,20349,19918,8606,20529,38904,46,1,1
9883,7955,7494,40,20829,20018,1553,21040,38092,97,1,1
9884,5691,2414,50,19697,19326,3647,19878,31670,39,1,1
9885,4088,420,41,8005,7864,1332,8156,14056,9,1,1
9886,4508,471,40,6092,5921,1022,6242,12293,11,1,1
9887,2876,591,40,8636,8456,1423,8786,13736,13,1,1
9888,4399,2023,50,16411,16090,2444,16582,25498,34,1,1
9889,6803,3867,40,38203,37721,3246,38373,52339,48,1,2
9890,4659,280,40,18415,18264,2245,18565,25779,7,1,1
9891,4359,280,40,7665,7525,1002,7805,13486,7,1,1
9892,8115,8717,40,22232,21361,1112,22462,40446,107,1,1
9893,7895,7815,41,25377,24546,1512,25599,42861,100,1,1
9894,5250,922,40,18826,18605,3396,18986,28604,19,1,1
9895,4949,2394,40,20829,20488,7094,21010,35487,36,1,1
9896,4298,260,40,7995,7855,982,8146,13726,7,1,1
9897,5991,4198,40,19828,19296,3597,20018,33854,61,1,1
9898,6352,5540,40,22493,21851,2074,22683,36709,75,1,1
9899,3496,291,40,18665,18535,12483,18815,35136,6,1,1
9900,2194,431,40,18735,18585,7864,18886,29415,9,1,1
9901,4058,1503,40,13566,13285,2635,13726,21962,26,1,1
9902,6913,4970,40,16120,15509,2175,16310,30418,70,1,1
9903,6712,5220,40,21871,21240,1683,22072,35727,73,1,1
9904,2354,361,40,19157,19006,13666,19307,35718,8,1,1
9905,4749,2785,41,20388,19977,7975,20559,36118,43,1,1
9906,3537,1533,40,13145,12865,2555,13305,20990,27,1,1
9907,7534,5962,40,16782,16110,2304,16982,32832,79,1,1
9908,2876,1703,40,14137,13846,2705,14317,21641,28,1,1
9909,6984,5570,41,15910,15258,1563,16111,30268,76,1,1
9910,2124,230,40,19146,19026,621,19287,22312,5,1,1
9911,18204,13776,50,4378,3166,23234,4639,59893,153,1,1
9912,17143,20508,40,27792,26099,12443,28103,78258,217,1,1
9913,2425,932,40,13115,12915,2605,13275,19287,17,1,1
9914,6642,4810,40,16070,15499,1984,16270,29746,66,1,1
9915,7214,5470,40,16391,15760,1643,16582,30959,74,1,1
9916,7214,5260,40,15469,14848,1744,15669,29937,72,1,1
9917,3326,491,40,18876,18716,17213,19026,40106,11,1,1
9918,3297,1903,40,19367,19026,13225,19537,37992,30,1,2
9919,3937,1704,40,13926,13636,2375,14096,22162,28,1,1
9920,2835,1433,40,14217,13947,3517,14377,22212,25,1,1
9921,6172,4889,40,22513,21932,3066,22703,36890,67,1,1
9922,3106,230,50,19266,19156,14307,19416,37120,5,1,1
9923,5159,3066,40,19878,19457,14457,20058,42790,46,1,1
9924,17563,6733,40,20279,19587,17773,20489,62598,82,1,1
9925,6452,2615,40,10670,10290,10180,10840,30147,41,1,1
9926,4979,2385,50,15619,15269,3977,15800,27181,37,1,1
9927,1452,211,40,8165,8035,9057,8306,19076,5,1,1
9928,17523,23254,50,26420,24536,23965,26751,91533,243,1,1
9929,17313,11772,40,23234,22171,15719,23485,68339,131,1,1
9930,2585,892,40,19206,18996,15610,19366,38503,18,1,1
9931,3266,992,41,13275,13054,2454,13426,20188,18,1,1
9932,4218,2274,40,14388,14067,2665,14548,23765,33,1,1
9933,7844,7263,41,22412,21641,1713,22633,39494,93,1,1
9934,2765,280,40,19006,18885,14557,19157,36809,7,1,1
9935,5571,2755,40,19527,19136,15840,19707,43913,41,1,1
9936,5912,5179,40,15890,15289,1222,16081,28434,69,1,1
9937,7545,4699,40,14698,14137,1653,14888,28835,64,1,1
9938,7274,5891,40,22934,22242,1563,23134,37912,80,1,1
9939,2695,160,40,18414,18314,15559,18556,37030,3,1,1
9940,16892,22793,40,6813,4950,14788,7133,61666,240,1,1
9941,9027,6552,40,21561,20860,12033,21771,49434,84,1,1
9942,5410,4598,40,15609,15048,1193,15799,27051,65,1,1
9943,4429,661,40,12874,12704,1633,13035,19808,12,1,1
9944,6562,5391,40,16180,15539,1743,16381,30127,74,1,1
9945,4248,721,40,12814,12614,1653,12974,19627,15,1,1
9946,12063,6262,40,22152,21471,9728,22352,50455,80,1,1
9947,4408,1172,50,19587,19346,14267,19748,39645,22,1,1
9948,4809,3327,50,15650,15209,1322,15840,25338,49,1,1
9949,4368,932,40,12674,12454,1733,12824,19907,19,1,1
9950,6612,5100,40,15980,15369,1754,16170,29686,71,1,1
9951,3807,301,40,18505,18375,16702,18655,39505,7,1,1
9952,10530,10971,40,17894,16822,2375,18144,42060,128,1,2
9953,6091,2806,40,20188,19797,11312,20358,40617,41,1,1
9954,7414,7234,40,16672,15900,1222,16882,32802,93,1,1
9955,6122,4719,40,15860,15289,1683,16050,28614,65,1,1
9956,3767,250,40,12354,12234,1753,12504,18324,5,1,1
9957,5621,1633,40,19156,18866,18696,19336,45316,29,1,1
9958,3586,2305,40,14277,13926,2415,14447,22793,36,1,1
9959,6672,3507,50,20279,19818,14357,20469,45045,52,1,1
9960,5671,4669,40,15209,14618,1212,15409,27001,67,1,1
9961,7234,6212,40,16341,15650,2505,16541,32532,81,1,1
9962,4158,1623,41,14407,14126,4418,14568,24817,27,1,1
9963,6713,4208,50,21250,20729,2815,21440,35236,60,1,1
9964,7484,6122,50,24416,23725,2104,24627,40387,83,1,1
9965,3327,1142,40,11271,11041,2485,11421,18425,20,1,1
9966,5601,2775,41,10289,9928,1263,10460,20159,39,1,1
9967,5671,4278,40,15981,15449,1893,16171,28053,60,1,1
9968,4138,1913,41,15829,15519,4228,16001,26330,31,1,1
9969,7665,5180,40,21530,20919,3647,21731,38253,70,1,1
9970,8486,6151,40,24787,24095,2204,24988,41889,81,1,1
9971,2876,691,50,12914,12744,3707,13075,20379,12,1,1
9972,7114,4989,40,17814,17212,1704,18004,31861,69,1,1
9973,3617,1032,40,13977,13756,4388,14127,23224,18,1,1
9974,5901,3918,40,21150,20609,3917,21340,35116,61,1,1
9975,7263,6042,40,17062,16401,1833,17263,32461,78,1,1
9976,7244,5711,50,21531,20900,2745,21741,37491,75,1,1
9977,3486,1102,40,12894,12654,2174,13054,19857,20,1,1
9978,6282,4628,40,13074,12493,1422,13266,25648,66,1,1
9979,3867,1262,40,22482,22191,2775,22643,30597,22,1,2
9980,17142,9428,40,22493,21601,4719,22713,54052,108,1,1
9981,7684,6012,50,17553,16862,1703,17763,33202,83,1,1
9982,6923,4789,41,22011,21410,3878,22202,37842,70,1,1
9983,4508,1854,40,11081,10761,1763,11241,19416,32,1,1
9984,7123,5170,50,12003,11422,1112,12203,25648,68,1,1
9985,4248,931,40,9338,9127,1423,9498,16141,18,1,1
9986,3166,912,40,13987,13796,8887,14147,27152,16,1,1
9987,3817,2204,40,20218,19858,8135,20389,34595,37,1,1
9988,6342,4378,50,19167,18636,1322,19367,31459,62,1,1
9989,5961,3246,40,20369,19918,8416,20549,38212,49,1,1
9990,2946,631,50,10069,9899,1963,10229,15810,13,1,1
9991,6332,4348,40,11852,11312,1362,12043,24135,61,1,1
9992,7655,7744,40,27261,26430,1102,27472,44013,100,1,1
9993,7434,5641,40,19076,18415,1724,19286,34125,79,1,1
9994,7795,5891,40,20880,20229,1523,21080,36349,76,1,1
9995,3286,782,40,10149,9949,1734,10299,16161,15,1,1
9996,6242,3256,40,10831,10400,1292,11021,21841,47,1,1
9997,2404,491,40,15209,15049,611,15359,18915,10,1,1
9998,11803,8536,40,29326,28404,2004,29556,51959,108,1,2
9999,7033,5500,40,19076,18445,1944,19277,33804,75,1,1
10000,6171,2465,40,19407,19046,3136,19587,31399,38,1,1
10001,3396,712,40,9588,9398,2264,9738,16160,15,1,1
10002,3887,882,40,8366,8146,1022,8526,14347,17,1,1
10003,3968,1232,40,7835,7565,1042,7995,14287,25,1,1
10004,3947,471,40,6152,5992,1062,6302,11822,10,1,1
10005,3055,1994,40,16502,16180,3416,16672,25187,32,1,1
10006,7795,3727,40,20189,19697,1873,20379,33814,55,1,1
10007,7284,6512,41,21781,21039,1423,21982,37251,87,1,1
10008,7103,2966,40,19527,19106,1042,19697,30868,44,1,1
10009,2715,121,40,8035,7945,1423,8175,12484,1,1,1
10010,3917,281,40,5901,5771,1042,6061,11351,7,1,1
10011,3085,691,40,8767,8566,1232,8917,13986,15,1,1
10012,8797,8847,40,23594,22673,1042,23825,42561,113,1,1
10013,6322,4729,40,20900,20329,6222,21090,38403,66,1,1
10014,4057,1844,50,18786,18575,1873,18946,26780,18,1,1
10015,7474,2905,40,28224,27772,1352,28404,40185,44,1,2
10016,2414,511,40,10580,10430,611,10741,14317,10,1,1
10017,12253,12644,40,20088,18865,2474,20349,47780,153,1,1
10018,5971,4579,50,21040,20489,1824,21240,33664,64,1,1
10019,6602,5721,40,17333,16682,2024,17533,31930,77,1,1
10020,5631,931,41,18735,18515,2525,18896,28043,19,1,1
10021,5210,2815,41,21460,21049,7224,21641,36940,43,1,1
10022,2494,121,40,7554,7464,8276,7694,18635,1,1,1
10023,17213,23314,40,25368,23465,14418,25688,80693,244,1,1
10024,1282,230,40,7854,7734,8135,7996,17693,5,1,1
10025,6282,5471,40,19467,18846,7123,19667,38583,72,1,1
10026,3327,120,40,18315,18215,12714,18445,34646,1,1,1
10027,1934,501,40,18906,18735,8466,19056,30007,11,1,1
10028,3707,1563,40,13215,12934,2665,13386,21371,27,1,1
10029,6813,4799,41,16421,15850,2214,16622,30478,66,1,1
10030,7725,5931,50,25558,24887,1984,25769,41459,80,1,1
10031,2244,220,40,18586,18464,12343,18726,33583,5,1,1
10032,11592,11712,50,24066,22974,6833,24316,54493,136,1,1
10033,3397,1202,50,13175,12955,2796,13335,20780,20,1,1
10034,7163,5050,40,16181,15600,2675,16381,31319,68,1,1
10035,6763,5751,40,22242,21591,2174,22443,37191,78,1,1
10036,1813,151,40,18425,18325,14597,18565,35186,2,1,1
10037,4739,1783,51,19807,19516,9368,19988,35908,29,1,1
10038,2735,962,40,13536,13326,2505,13696,19938,18,1,1
10039,8176,4799,40,15820,15239,2064,16020,31099,67,1,1
10040,7725,5941,40,17193,16521,1944,17403,33053,80,1,1
10041,7374,6152,40,16832,16130,1623,17042,32221,82,1,1
10042,3316,381,40,18625,18485,16331,18775,38853,8,1,1
10043,10280,10580,40,22683,21621,16291,22933,60114,126,1,2
10044,7113,6933,40,22262,21501,1072,22473,37631,91,1,1
10045,6272,4829,40,25638,25047,2214,25829,39194,68,1,1
10046,2294,190,40,18775,18665,13686,18916,35116,3,1,1
10047,2335,571,40,18715,18535,12374,18865,34185,13,1,1
10048,6222,4969,50,15520,14919,1172,15720,28133,70,1,1
10049,7303,4379,40,15399,14848,2345,15589,29656,64,1,1
10050,6492,4769,51,20679,20098,2154,20880,34345,68,1,1
10051,2004,180,40,18716,18605,761,18856,21851,3,1,1
10052,18374,11202,40,3657,2645,27372,3897,60885,125,1,1
10053,9477,7724,40,21852,21049,12063,22082,51387,97,1,1
10054,4649,3547,40,18335,17864,1352,18515,28103,51,1,1
10055,5650,1824,40,14648,14347,1503,14818,23845,31,1,1
10056,5610,4299,40,21731,21190,2204,21931,34094,61,1,1
10057,2886,481,40,18875,18715,17342,19026,39795,10,1,1
10058,16561,22723,40,6863,4989,16191,7194,62719,241,1,1
10059,7384,6242,40,22092,21421,13395,22292,49363,78,1,1
10060,2094,290,40,10199,10069,581,10350,13365,6,1,1
10061,13055,12173,40,14758,13586,1272,15018,41568,147,1,1
10062,7965,4999,40,14648,14077,1613,14848,29466,67,1,1
10063,6933,5540,40,22452,21801,1543,22653,36719,76,1,1
10064,2705,381,40,18736,18595,16150,18886,38152,7,1,1
10065,16732,22663,40,6823,4950,17423,7143,64001,240,1,1
10066,4870,2665,40,19938,19557,14637,20108,42330,40,1,1
10067,7905,5931,50,15319,14658,1173,15529,30578,79,1,1
10068,4068,842,40,12894,12684,1634,13044,19638,17,1,1
10069,6763,5590,40,16752,16090,2064,16952,31399,77,1,1
10070,4188,1022,40,12894,12654,1624,13054,19938,20,1,1
10071,4238,1393,50,19497,19247,13946,19667,39284,24,1,1
10072,2615,832,40,18946,18746,12724,19106,35337,17,1,1
10073,2645,712,40,12754,12574,2074,12904,18385,13,1,1
10074,5050,1853,40,13015,12714,1573,13175,21701,30,1,1
10075,7093,6232,40,17253,16562,1673,17453,32511,81,1,1
10076,1824,210,41,13114,13004,582,13265,15931,4,1,1
10077,18365,11211,40,23435,22373,27892,23675,81203,127,1,2
10078,2074,431,40,18595,18445,13556,18745,34866,10,1,1
10079,6382,5951,40,16131,15460,1082,16331,29796,80,1,1
10080,6523,4568,40,15810,15219,2014,16011,29156,67,1,1
10081,3948,250,40,12223,12103,1713,12364,18325,5,1,1
10082,6352,2264,40,19326,18986,20138,19496,48311,36,1,1
10083,9317,9919,50,18896,17892,1824,19136,40236,118,1,2
10084,5450,3216,40,20779,20339,17292,20960,46958,48,1,1
10085,5380,4529,40,15299,14728,1322,15489,26770,65,1,1
10086,6713,5169,40,15659,15058,2084,15860,29876,71,1,1
10087,3377,981,40,13846,13635,4589,14007,22994,18,1,1
10088,3887,1884,50,20569,20248,2865,20739,29425,33,1,1
10089,7254,6122,40,17112,16411,1964,17322,32702,84,1,1
10090,7915,5931,50,21902,21210,3466,22112,39454,82,1,1
10091,3256,1152,50,10951,10710,2265,11111,17834,21,1,1
10092,6011,3237,40,10239,9808,1163,10419,20880,49,1,1
10093,5871,4619,40,18445,17874,2124,18635,31289,64,1,1
10094,3266,1182,40,14287,14046,4218,14448,23154,21,1,1
10095,6522,4809,40,21901,21330,3918,22091,37391,65,1,1
10096,8236,7474,40,18726,17924,1493,18946,36189,97,1,1
10097,7434,5260,40,21501,20890,5190,21701,39625,72,1,1
10098,3366,1213,40,10279,10029,2285,10439,17343,21,1,1
10099,5891,2986,40,10299,9889,1223,10479,20619,44,1,1
10100,5961,4899,40,14688,14117,1824,14878,27622,66,1,1
10101,3577,1302,40,13937,13686,3887,14097,22913,23,1,1
10102,6573,4408,40,21371,20809,5060,21561,37632,63,1,1
10103,7304,6342,40,16942,16240,1643,17163,32492,84,1,1
10104,7384,5691,40,21471,20789,4208,21671,38994,79,1,1
10105,5550,3637,40,14037,13566,1292,14217,24746,53,1,1
10106,7124,5771,40,13385,12724,1422,13596,27953,78,1,1
10107,2975,121,40,8446,8346,1904,8586,13636,1,1,1
10108,7304,5921,40,16973,16280,3406,17173,33854,81,1,1
10109,6692,4629,40,21170,20598,3546,21361,36288,66,1,1
10110,7234,6222,40,17303,16592,1803,17513,32812,84,1,1
10111,7104,5410,40,21090,20448,2866,21290,36720,75,1,1
10112,3146,1143,50,10780,10600,2255,10940,17534,14,1,1
10113,6251,4028,40,11973,11462,1232,12163,23724,58,1,1
10114,3757,371,50,8656,8526,1482,8807,14477,8,1,1
10115,4078,2074,40,15029,14688,3166,15189,24557,34,1,1
10116,7975,4058,40,21070,20539,4559,21260,37892,61,1,1
10117,8115,7364,40,19767,18966,1172,19978,36679,96,1,1
10118,6101,2255,50,19367,19026,8025,19537,35978,36,1,1
10119,1763,120,51,12583,12493,11101,12734,25768,1,1,1
10120,16822,20399,40,14287,12584,14417,14597,66275,217,1,1
10121,1673,391,40,8255,8115,8856,8416,19376,8,1,1
10122,4278,2485,40,8587,8236,4759,8767,20329,37,1,1
10123,1011,221,50,9458,9358,611,9608,11491,4,1,1
10124,15730,15529,40,20198,18776,1693,20478,53461,179,1,1
10125,17272,10240,40,22683,21731,4108,22913,54573,117,1,1
10126,7314,6172,40,19677,18996,1503,19877,34926,81,1,1
10127,6141,2535,50,19487,19127,6743,19667,35126,38,1,1
10128,4008,1503,40,10630,10350,1563,10790,17894,25,1,1
10129,6793,4649,40,11322,10741,1453,11512,24457,67,1,1
10130,3537,1633,40,15630,15349,2745,15790,23765,26,1,1
10131,8365,3928,40,20379,19868,3687,20569,36589,57,1,1
10132,7474,6292,40,20910,20188,1603,21120,36529,85,1,1
10133,7684,4258,40,19958,19436,1984,20148,34114,58,1,1
10134,4017,1022,50,16151,15931,2004,16311,23404,19,1,1
10135,4138,1303,40,8656,8396,1012,8826,15319,25,1,1
10136,3877,1082,41,8075,7834,1022,8226,14267,20,1,1
10137,7384,5881,50,25117,24396,2565,25328,41198,82,1,2
10138,7063,3016,40,19948,19537,1713,20128,31970,44,1,1
10139,7705,6713,40,24125,23374,1252,24336,40046,89,1,1
10140,8396,3186,40,19657,19236,1824,19837,33293,46,1,1
10141,4018,551,40,8015,7835,992,8165,13776,12,1,1
10142,3967,401,40,5961,5811,1062,6122,11592,8,1,1
10143,3988,1042,40,8927,8707,1092,9077,15249,19,1,1
10144,6743,5110,40,20870,20258,2224,21070,35197,73,1,1
10145,7965,3757,40,20048,19577,1403,20238,33403,53,1,1
10146,7574,6573,40,21771,21030,1403,21991,37591,89,1,1
10147,11311,11672,40,23644,22573,4228,23906,51147,134,1,1
10148,4248,752,50,7855,7674,1022,8015,14087,15,1,1
10149,2855,541,50,10500,10340,2806,10660,16902,11,1,1
10150,7234,5240,40,16972,16351,2545,17162,32231,72,1,1
10151,7565,6141,41,22973,22282,1954,23174,38884,81,1,1
10152,5501,1032,40,18996,18776,1934,19166,27673,20,1,1
10153,5561,3536,41,21109,20629,8486,21291,38924,53,1,1
10154,2945,1002,40,16151,15931,2875,16311,23173,18,1,1
10155,7284,4929,40,17363,16761,1934,17553,31750,70,1,1
10156,6121,4889,40,15740,15149,2294,15930,29295,68,1,1
10157,7515,5821,40,16912,16231,1633,17112,32131,80,1,1
10158,3366,231,40,18475,18355,12994,18615,35256,5,1,1
10159,2134,410,51,18915,18775,8076,19066,29736,8,1,1
10160,3487,1713,40,14117,13827,2335,14287,21862,29,1,1
10161,6803,5080,40,16040,15419,2014,16240,30187,73,1,1
10162,6783,5641,50,21992,21351,1833,22202,36509,77,1,1
10163,2495,531,40,19056,18896,11341,19206,33603,10,1,1
10164,3036,1583,40,19857,19577,10389,20027,35076,27,1,1
10165,7574,6863,50,21110,19918,1163,21330,36970,91,1,1
10166,6251,5090,40,22082,21491,1784,22282,35457,69,1,1
10167,2284,160,40,18735,18625,10720,18876,32101,3,1,1
10168,5400,2083,40,20058,19717,8235,20239,35988,35,1,1
10169,3898,1412,40,13195,12924,3717,13356,22423,25,1,1
10170,7093,5861,40,16822,16150,2054,17023,32091,79,1,1
10171,7444,5460,40,20659,20018,1883,20860,35697,74,1,1
10172,3216,541,50,18966,18805,17142,19126,40076,11,1,1
10173,14627,16061,40,24005,22573,16952,24286,71976,176,1,2
10174,7154,7033,50,21942,21170,1072,22162,37461,93,1,1
10175,6382,5190,40,21330,20719,2545,21530,35687,70,1,1
10176,2765,380,40,19287,19136,14948,19437,37581,9,1,1
10177,2715,441,50,18566,18424,11572,18716,33504,9,1,1
10178,5671,3857,40,11542,11050,1052,11722,22352,54,1,1
10179,7364,5320,40,17413,16782,1603,17613,31951,73,1,1
10180,6592,5030,40,20669,20058,1423,20869,33964,72,1,1
10181,2144,300,50,18635,18505,15970,18786,37240,7,1,1
10182,16662,23214,40,6863,4980,18926,7193,66045,242,1,1
10183,7965,5801,40,21040,20399,14477,21240,49533,75,1,1
10184,3096,1213,40,14247,14006,2274,14407,21040,22,1,1
10185,6803,3467,40,14037,13566,1733,14217,26270,52,1,1
10186,6733,5710,40,20729,20068,1914,20930,35337,77,1,1
10187,2705,571,40,19677,19507,18134,19827,41268,11,1,1
10188,16531,22843,50,6973,5079,16962,7304,63690,246,1,1
10189,7574,5290,50,21571,20970,13195,21771,47890,71,1,1
10190,6803,5841,50,16251,15600,1102,16461,30247,77,1,1
10191,6913,3316,40,14077,13646,2194,14257,26730,48,1,1
10192,6863,6091,40,20949,20248,1423,21150,35587,82,1,1
10193,2324,240,40,18786,18656,16581,18936,38122,5,1,1
10194,16762,22432,50,6693,4859,17553,7013,63820,237,1,1
10195,4999,2595,40,20740,20369,14798,20910,43352,40,1,1
10196,4389,2625,40,15058,14668,1382,15229,23675,40,1,1
10197,4388,902,40,12714,12504,1633,12864,19837,17,1,1
10198,6823,5510,40,16241,15580,1904,16441,30738,77,1,1
10199,4098,1112,50,13195,12965,1623,13355,20238,21,1,1
10200,4879,1373,40,20438,20178,7173,20599,34084,23,1,1
10201,6532,2846,40,19938,19557,11772,20108,41308,40,1,1
10202,4899,3747,50,15780,15298,1263,15980,25929,55,1,1
10203,5490,2314,40,26740,26359,1874,26910,36619,35,1,2
10204,2435,470,40,31850,31660,12303,32001,47269,10,1,2
10205,2525,501,50,18796,18636,9738,18956,31760,11,1,1
10206,1693,210,51,9027,8916,3226,9178,14347,4,1,1
10207,7454,5380,40,12354,11753,1252,12554,26680,71,1,1
10208,6823,5410,50,20339,19688,2084,20539,34906,77,1,1
10209,3998,230,50,12163,12053,2104,12323,18685,5,1,1
10210,6312,2445,40,20268,19918,16111,20438,45356,36,1,1
10211,5881,4890,40,18986,18385,2304,19176,32311,69,1,1
10212,4328,2315,40,21060,20709,16100,21230,44023,36,1,1
10213,17443,6413,40,11361,10670,18615,11571,54093,82,1,1
10214,7985,2725,40,9008,8636,14237,9188,34175,40,1,1
10215,4128,2064,40,9659,9337,8035,9829,24096,32,1,1
10216,2365,931,41,8626,8426,9378,8787,21511,17,1,1
10217,16972,23093,40,19998,18104,19266,20329,79710,243,1,1
10218,1963,311,40,12945,12814,4779,13095,20198,7,1,1
10219,3958,2885,40,21000,20579,2805,21170,30868,44,1,1
10220,7414,6472,40,17734,17022,1793,17944,33673,85,1,1
10221,7023,6081,40,22091,21390,2875,22293,38332,82,1,1
10222,4308,2285,40,11091,10730,1934,11261,19818,36,1,1
10223,5631,2915,40,10009,9608,1242,10189,20028,43,1,1
10224,6663,5210,40,15409,14778,1643,15599,29175,74,1,1
10225,3507,1262,40,14718,14468,5080,14878,24767,23,1,1
10226,2835,1523,40,19948,19677,3837,20108,28363,25,1,1
10227,7213,5340,40,16892,16271,1813,17103,31509,73,1,1
10228,7694,5100,50,21721,21140,7444,21921,42199,69,1,1
10229,2886,902,40,10289,10089,2545,10449,16832,17,1,1
10230,3877,1183,40,9287,9057,1412,9448,15970,20,1,1
10231,5510,4208,40,18825,18274,1994,19016,30758,61,1,1
10232,3487,1322,40,14557,14307,4308,14718,23895,23,1,1
10233,9217,8607,40,22673,21791,1082,22893,41839,107,1,1
10234,7314,6392,40,17222,16541,1603,17433,32792,82,1,1
10235,7334,5450,40,21491,20850,2895,21691,37420,75,1,1
10236,3036,941,40,9898,9678,2104,10059,16191,19,1,1
10237,3917,802,40,9037,8837,1543,9197,15509,17,1,1
10238,6532,5380,50,13806,13175,1803,14007,27772,74,1,1
10239,4308,1683,40,15259,14968,3576,15419,25037,28,1,1
10240,6572,4719,41,21220,20649,4879,21421,37631,67,1,1
10241,4649,1714,40,16160,15860,1573,16330,24316,30,1,1
10242,6192,2685,41,19827,19426,7584,19998,36509,42,1,1
10243,4779,2184,50,10259,9909,1853,10429,19296,37,1,1
10244,5220,2976,40,9167,8766,1062,9347,18635,44,1,1
10245,7004,5069,40,12133,11532,1233,12333,25669,70,1,1
10246,4178,531,40,8797,8627,1483,8947,15179,11,1,1
10247,6732,5129,51,16080,15479,3497,16291,31690,70,1,1
10248,6142,3246,40,20549,20098,1773,20729,31940,50,1,1
10249,7464,6192,40,26070,25348,1823,26280,41799,85,1,1
10250,2405,301,50,9688,9558,1934,9838,14528,7,1,1
10251,6222,3717,40,11212,10721,1252,11392,22643,55,1,1
10252,3737,601,40,7694,7514,1032,7855,13275,13,1,1
10253,8335,8937,41,19977,19076,1153,20198,38683,110,1,1
10254,6773,4148,40,36379,35837,12063,36569,59603,57,1,2
10255,2114,861,40,18866,18665,7745,19026,29796,16,1,1
10256,3777,882,40,9378,9157,2044,9538,16291,18,1,1
10257,4078,902,40,8015,7805,1062,8165,14257,18,1,1
10258,4679,2064,40,10450,10109,1433,10620,18836,34,1,1
10259,2534,441,40,9669,9518,611,9829,13445,9,1,1
10260,15780,16161,40,20419,19026,2044,20699,54734,177,1,1
10261,7334,1633,40,19467,19176,7334,19637,35988,28,1,1
10262,8396,8396,40,22312,21441,1243,22542,40617,107,1,1
10263,6002,3236,40,19727,19267,3085,19908,32261,50,1,1
10264,2935,742,40,8787,8606,2495,8957,15169,15,1,1
10265,3677,1754,40,9508,9207,1332,9678,16501,31,1,1
10266,3526,742,40,10109,9919,1774,10259,16351,14,1,1
10267,7274,5109,40,16982,16381,2344,17183,31960,70,1,1
10268,6673,2725,40,26861,26440,1563,27031,38052,40,1,2
10269,6923,5881,41,20478,19807,1874,20679,35397,79,1,1
10270,5490,1122,40,18756,18515,3186,18916,28754,21,1,1
10271,4068,320,40,7764,7624,1022,7915,13365,7,1,1
10272,3537,390,40,5891,5751,1222,6052,11231,8,1,1
10273,3677,1482,40,24276,23965,1633,24437,31259,25,1,2
10274,6553,1463,50,19126,18856,1764,19296,29116,27,1,1
10275,7425,6592,40,21441,20710,1533,21651,37261,89,1,1
10276,2325,420,41,18905,18745,8296,19056,30127,9,1,1
10277,3928,401,40,7825,7665,1022,7975,13376,9,1,1
10278,4127,2114,40,12163,11832,2434,12344,21069,34,1,1
10279,7845,6252,40,18335,17633,2294,18555,34986,85,1,1
10280,6833,5902,40,21340,20659,1323,21550,35658,81,1,1
10281,3767,1022,40,19046,18816,4268,19206,28323,20,1,1
10282,6623,3386,50,20910,20459,5480,21090,36619,50,1,1
10283,4909,2635,50,14027,13636,2164,14207,23965,42,1,1
10284,6822,4678,40,16050,15479,2324,16241,30116,65,1,1
10285,6613,4909,40,22713,22112,2094,22903,36579,69,1,1
10286,3717,280,40,18876,18745,12584,19026,35647,5,1,1
10287,1874,621,40,19056,18876,8026,19206,29777,13,1,1
10288,3587,1483,40,12854,12594,2515,13014,20659,24,1,1
10289,6442,4409,40,16291,15740,2495,16481,29877,63,1,1
10290,7033,5681,50,20990,20348,1724,21210,35688,77,1,1
10291,2315,360,40,18956,18815,752,19096,22573,7,1,1
10292,18375,11912,40,3857,2785,19657,4098,54102,133,1,1
10293,16982,20288,50,28073,26390,7744,28384,73428,216,1,1
10294,7585,8085,50,23024,22192,1062,23254,40036,102,1,1
10295,6261,5100,40,21952,21351,1994,22152,35547,69,1,1
10296,6562,3216,40,21200,20779,16421,21371,47620,45,1,1
10297,2575,1102,40,19557,19317,13546,19717,36990,20,1,1
10298,6913,6072,40,20539,19837,1122,20739,34906,83,1,1
10299,6693,5571,40,20779,20138,2415,20969,35698,75,1,1
10300,2905,1002,40,19898,19678,17643,20058,41658,18,1,1
10301,2434,1162,40,19396,19156,13366,19557,36559,21,1,1
10302,6061,5050,50,15379,14768,1122,15580,27873,72,1,1
10303,7384,5080,40,15730,15119,2114,15930,30548,71,1,1
10304,6973,5571,40,21931,21270,1734,22141,36469,79,1,1
10305,2054,121,40,18334,18234,15819,18485,36519,1,1,1
10306,16582,22923,41,6883,4989,14978,7204,61727,243,1,1
10307,10049,7384,40,22733,21961,12664,22964,53101,95,1,1
10308,7675,6993,40,21140,20379,1072,21360,37140,92,1,1
10309,6342,4990,40,22002,21411,2514,22202,36088,69,1,1
10310,1963,171,50,18976,18876,15760,19126,37060,3,1,1
10311,6182,4488,41,20428,19878,10971,20619,42320,60,1,2
10312,9128,3326,40,19527,19106,19397,19707,51608,46,1,1
10313,6042,2184,40,12103,11762,16541,12273,37080,34,1,1
10314,16762,22132,50,20028,18214,6292,20358,65594,234,1,1
10315,4739,1293,40,10981,10720,12213,11151,29446,23,1,1
10316,16761,22282,50,26310,24436,21651,26650,87395,242,1,1
10317,4669,1563,40,19527,19256,18284,19697,44253,27,1,1
10318,16552,22282,40,6903,5020,17933,7234,64041,242,1,1
10319,4618,3046,40,20419,19988,16892,20589,45195,47,1,1
10320,6222,4569,40,15279,14728,1222,15469,27532,63,1,1
10321,6923,2876,40,14086,13676,2234,14267,26340,44,1,1
10322,6993,6392,40,21270,20559,1664,21480,36579,85,1,1
10323,1824,120,40,18626,18535,621,18766,21391,1,1,1
10324,18165,11542,40,3847,2785,26771,4097,60625,133,1,1
10325,4779,3407,40,20779,20308,13175,20959,42360,52,1,1
10326,3567,1703,40,13966,13676,1543,14127,21000,28,1,1
10327,4539,991,40,12944,12734,1633,13105,20318,18,1,1
10328,7624,7024,40,17333,16551,1633,17553,33874,94,1,1
10329,3877,611,40,12754,12584,1893,12914,19326,13,1,1
10330,6342,3507,40,21200,20759,10941,21380,42220,49,1,1
10331,1924,440,40,18535,18384,16772,18686,37872,9,1,1
10332,9047,10590,40,3827,2765,3176,4067,26941,131,1,1
10333,7865,6152,40,15279,14588,1052,15479,30598,82,1,1
10334,6823,5430,40,15860,15238,2364,16061,30738,73,1,1
10335,4639,1182,40,12925,12674,1623,13085,20579,22,1,1
10336,3427,450,40,32681,32490,12593,32832,49343,9,1,2
10337,2134,561,40,18846,18656,13085,19006,34826,13,1,1
10338,6913,6923,41,16421,15669,1032,16632,31550,90,1,1
10339,6783,5070,40,15850,15229,2625,16040,30558,71,1,1
10340,3817,1663,40,14828,14538,4137,14989,24666,28,1,1
10341,6081,3968,40,21571,21060,4358,21761,36208,57,1,1
10342,7213,5972,40,17663,17002,1793,17874,32902,79,1,1
10343,7645,5470,40,21802,21170,2955,22002,38122,75,1,1
10344,3276,982,40,12804,12584,2053,12964,19326,18,1,1
10345,6132,4879,50,15149,14558,2455,15349,28855,69,1,1
10346,3076,932,40,14337,14117,4409,14487,22964,18,1,1
10347,8116,6201,40,22252,21560,4298,22453,41128,81,1,1
10348,7313,5911,40,16702,16030,1963,16912,32150,81,1,1
10349,7744,5691,40,21812,21139,4057,22012,39554,79,1,1
10350,3286,1603,40,10991,10721,2264,11151,18354,25,1,1
10351,5831,2324,41,10008,9668,1262,10180,19657,36,1,1
10352,6933,5971,40,15510,14828,1533,15710,30187,80,1,1
10353,3888,1362,40,14748,14488,4188,14908,24376,23,1,1
10354,6342,4038,40,21090,20589,6573,21270,38283,56,1,1
10355,8306,7594,40,25077,24276,1423,25288,42661,96,1,1
10356,3066,862,40,9989,9779,2114,10139,16241,17,1,1
10357,3857,741,40,8997,8816,1453,9157,15269,15,1,1
10358,9318,9949,40,19888,18896,1052,20128,40497,123,1,1
10359,3777,872,50,8967,8767,1373,9127,15199,17,1,1
10360,5450,2876,40,15449,15039,3417,15639,27432,45,1,1
10361,6482,4509,40,21170,20609,5791,21360,38192,63,1,1
10362,8156,6342,40,16651,15970,1733,16852,33133,81,1,1
10363,9027,6082,40,21721,21010,3407,21921,40477,83,1,1
10364,3587,862,40,12954,12764,3186,13114,20800,16,1,1
10365,6802,4629,40,12444,11872,1623,12634,25728,64,1,1
10366,3897,1323,40,13746,13486,3928,13906,23104,24,1,1
10367,7795,4278,50,20860,20339,4118,21050,37291,60,1,1
10368,7654,5942,40,19216,18525,1503,19416,34565,82,1,1
10369,6011,2725,40,20219,19837,5079,20389,34254,40,1,1
10370,3947,1303,40,10049,9799,1864,10209,17353,22,1,1
10371,6532,4678,40,12022,11461,1322,12224,24807,65,1,1
10372,3908,370,40,9017,8876,1503,9168,14999,8,1,1
10373,6312,4549,40,16612,16041,3557,16812,31280,67,1,1
10374,6602,4318,50,21069,20539,1492,21261,33723,61,1,1
10375,7043,6141,40,19957,19286,1543,20159,34936,80,1,1
10376,7154,5089,40,20739,20118,2485,20930,35708,71,1,1
10377,3536,992,40,10460,10249,1684,10620,16882,18,1,1
10378,5140,4117,40,11612,11071,1242,11803,22342,61,1,1
10379,3767,691,40,7905,7705,1163,8055,13736,15,1,1
10380,6613,4989,40,18405,17783,2315,18595,32562,72,1,1
10381,7444,4168,40,20368,19868,2855,20559,35066,56,1,1
10382,7143,6352,41,19577,18865,1673,19778,34996,85,1,1
10383,7394,4719,40,20669,20098,2004,20859,35006,65,1,1
10384,3577,812,40,10179,9969,2194,10349,16962,17,1,1
10385,4588,622,50,8566,8386,992,8726,14968,13,1,1
10386,4218,1102,40,7815,7574,1062,7975,14417,21,1,1
10387,4058,1363,40,6642,6372,1173,6812,13456,26,1,1
10388,2495,1422,40,10379,10129,2405,10540,16922,24,1,1
10389,9117,6332,40,17994,17283,1743,18205,35437,85,1,1
10390,7094,3456,41,36218,35727,8727,36399,55726,51,1,2
10391,6052,2495,40,19517,19146,4318,19687,32612,38,1,1
10392,5100,2044,40,11321,10991,1633,11481,20319,33,1,1
10393,3787,1273,50,8807,8546,972,8977,15049,25,1,1
10394,3817,1553,40,16522,16250,2705,16682,24787,24,1,1
10395,7404,6101,40,39464,38733,3948,39665,57178,82,1,2
10396,5591,1663,50,18956,18666,2896,19126,29326,29,1,1
10397,3837,301,40,8025,7895,1032,8175,13395,6,1,1
10398,3016,441,40,6062,5891,1032,6212,10741,11,1,1
10399,2715,1403,40,18825,18515,2465,18985,25618,25,1,2
10400,8536,6302,40,17823,17112,2124,18034,35026,84,1,1
10401,6733,5670,50,38663,37972,6051,38863,57368,75,1,2
10402,2074,311,40,18836,18705,621,18986,22042,7,1,1
10403,18004,14217,40,11822,10570,1523,12082,45856,152,1,2
10404,3677,1553,40,11232,10961,2294,11402,18976,27,1,1
10405,7314,5380,40,16622,15991,2184,16822,31750,74,1,1
10406,6993,5610,40,23274,22633,1753,23475,37871,76,1,1
10407,3486,721,40,18675,18485,6261,18836,29345,14,1,1
10408,6131,3787,50,20949,20488,8026,21140,39134,52,1,1
10409,4288,2023,50,14146,13826,2144,14318,22813,33,1,1
10410,6953,4869,40,16491,15890,2314,16692,30878,70,1,1
10411,6723,4970,50,18044,17453,1974,18244,31971,70,1,1
10412,6783,5150,40,15249,14638,1633,15439,29055,71,1,1
10413,2114,411,40,18575,18425,15239,18725,36539,9,1,1
10414,5761,3136,40,20499,20048,7935,20679,37541,49,1,1
10415,2014,251,40,7795,7675,651,7945,10911,5,1,1
10416,18435,13445,40,22332,21120,18495,22593,73008,151,1,1
10417,1623,471,40,14888,14728,8977,15038,26169,10,1,1
10418,12744,16361,40,24737,23394,5531,25007,59703,171,1,1
10419,2315,350,50,19066,18926,13425,19217,35367,8,1,1
10420,2425,972,40,19216,18996,9057,19377,31881,18,1,1
10421,2885,892,40,12534,12333,2735,12684,19246,15,1,1
10422,7013,4008,40,15670,15169,2835,15860,29766,58,1,1
10423,7183,6152,40,21621,20960,1854,21831,37070,79,1,1
10424,12914,6863,41,22111,21400,16290,22322,58440,86,1,1
10425,6682,2956,40,19848,19437,17884,20028,47600,44,1,1
10426,7113,7274,40,22042,21260,1092,22252,37771,94,1,1
10427,7023,6142,40,21981,21310,2054,22192,37451,81,1,1
10428,2936,541,40,18706,18545,16751,18856,39144,11,1,1
10429,7785,7474,41,21099,20258,11321,21310,47951,97,1,2
10430,2004,491,50,12744,12594,2254,12905,17694,10,1,1
10431,3036,1803,40,17664,17363,2424,17834,25127,29,1,1
10432,6432,5000,40,20298,19697,1192,20489,33163,70,1,1
10433,2364,341,40,18796,18665,16080,18936,37771,6,1,1
10434,3978,2865,50,20178,19758,13615,20358,40867,43,1,2
10435,6162,5129,40,20068,19467,1332,20269,32932,71,1,1
10436,6602,5611,40,21721,21070,1573,21931,35747,76,1,1
10437,11131,5070,40,20879,20308,16631,21070,53942,65,1,1
10438,2464,912,40,19166,18956,13966,19327,36709,17,1,1
10439,5580,4920,40,22512,21901,1242,22703,34505,70,1,1
10440,6492,5290,41,20939,20308,1874,21140,34846,75,1,1
10441,12684,7143,40,22423,21691,19036,22633,61556,88,1,1
10442,2495,1022,40,18916,18695,13245,19076,35878,19,1,1
10443,4008,1523,40,13205,12924,2294,13365,21230,26,1,1
10444,7664,4489,40,14417,13886,1844,14607,28654,60,1,1
10445,7084,5801,50,21140,20479,1633,21350,35908,79,1,1
10446,1713,120,40,18374,18294,611,18525,21020,1,1,1
10447,18435,9678,40,3307,2385,26390,3527,58090,113,1,1
10448,9257,7184,40,22132,21390,11301,22352,50134,91,1,1
10449,5431,4518,41,20248,19677,1332,20439,31760,66,1,1
10450,6322,4949,40,16722,16111,1944,16922,30177,71,1,1
10451,3748,420,41,12393,12253,1894,12544,18656,8,1,1
10452,6943,2414,40,21320,20969,6112,21491,37010,37,1,1
10453,7113,4479,50,20619,20088,11672,20809,44123,62,1,1
10454,3897,1823,40,14026,13716,3637,14186,23604,30,1,1
10455,7233,5761,40,19857,19206,1934,20058,35046,77,1,1
10456,4017,441,50,12364,12223,1703,12514,18725,9,1,1
10457,3396,1192,41,32110,31840,19708,32261,56597,20,1,2
10458,2134,541,50,18635,18485,14708,18785,36208,10,1,1
10459,1743,210,40,9088,8987,671,9238,11912,4,1,1
10460,12263,11933,40,14838,13736,1282,15089,40617,139,1,1
10461,7033,6042,40,15980,15309,1583,16181,30889,80,1,1
10462,4569,2435,40,16030,15649,3727,16200,26961,39,1,1
10463,7615,4098,40,21581,21060,2314,21771,35838,58,1,1
10464,8256,7564,41,24686,23875,2014,24907,42791,98,1,1
10465,5451,3867,40,14368,13866,1342,14568,25268,57,1,1
10466,6312,4649,50,14768,14197,2054,14968,28023,67,1,1
10467,3036,1112,40,14267,14047,4539,14427,23154,18,1,1
10468,8306,5640,40,21761,21130,3076,21952,39034,74,1,1
10469,7274,6172,40,17924,17223,2154,18124,33764,83,1,1
10470,7544,6463,40,22042,21320,4218,22252,40517,85,1,1
10471,3536,1623,41,10479,10199,2345,10640,18194,26,1,1
10472,6673,2625,40,9999,9618,1262,10169,20779,40,1,1
10473,7675,6592,40,14928,14217,1453,15139,30909,85,1,1
10474,3586,1433,40,14207,13937,4188,14367,23614,25,1,1
10475,7524,5040,40,21761,21170,8376,21951,42951,68,1,1
10476,6112,5180,40,17393,16782,2164,17583,31089,71,1,1
10477,7043,5130,40,21391,20810,5380,21591,39194,69,1,1
10478,3607,1323,40,10510,10259,2114,10670,17774,24,1,1
10479,3928,611,50,8887,8717,1292,9047,14918,13,1,1
10480,6953,5079,40,13936,13345,1443,14127,27662,68,1,1
10481,3867,962,40,9318,9108,1423,9478,15770,18,1,1
10482,6422,3346,40,15599,15148,3256,15780,28864,50,1,1
10483,7214,3867,40,21480,20979,2746,21661,35538,56,1,1
10484,6642,5431,40,17222,16591,1863,17423,31399,74,1,1
10485,14678,16171,40,24687,23264,1433,24967,57289,180,1,1
10486,1473,140,40,9278,9177,571,9418,11652,2,1,1
10487,7223,5300,41,9998,9397,1773,10210,24546,72,1,1
10488,2825,1062,40,18986,18725,1683,19146,24757,19,1,2
10489,9999,8697,40,18225,17333,1983,18445,39174,109,1,1
10490,3987,2044,40,35768,35428,17924,35938,59943,31,1,2
10491,5721,3036,40,19667,19227,9478,19847,38122,47,1,1
10492,2314,381,40,15490,15339,2134,15640,20529,8,1,1
10493,6252,4088,40,11953,11432,1633,12133,24166,58,1,1
10494,3477,581,40,9588,9428,1884,9748,15740,12,1,1
10495,7915,7003,40,25008,24225,1873,25218,42069,93,1,1
10496,7514,6642,40,26720,25989,1623,26941,42750,87,1,1
10497,2735,601,41,10139,9958,1813,10290,15479,13,1,1
10498,6443,4308,40,12183,11622,1273,12373,24447,64,1,1
10499,4147,1052,40,16280,16020,1693,16441,23384,20,1,2
10500,6112,3777,40,16100,15620,3697,16291,29917,53,1,1
10501,6573,4228,40,20469,19938,2034,20649,33534,60,1,1
10502,8235,6182,50,19738,19046,1462,19948,35867,83,1,1
10503,7334,5420,40,20609,19998,2796,20799,36389,70,1,1
10504,2905,241,40,12494,12374,7384,12634,23214,5,1,1
10505,6783,1142,40,6492,6262,5120,6653,19758,21,1,1
10506,2795,371,40,15018,14838,3086,15168,21460,8,1,2
10507,4018,470,40,5981,5811,1142,6132,11812,11,1,1
10508,1834,621,40,15910,15740,611,16060,19176,12,1,1
10509,17073,16351,50,40687,39235,6422,40967,80863,180,1,2
10510,6282,2876,40,19607,19216,3537,19777,32522,42,1,1
10511,4769,761,40,9178,8987,1022,9338,15940,14,1,1
10512,3847,611,40,8026,7835,1282,8186,13956,13,1,1
10513,3767,2084,40,16351,16020,2394,16511,24807,33,1,1
10514,6733,4027,50,40095,39544,3636,40287,54743,58,1,2
10515,4800,1272,40,19196,18936,1883,19357,27362,23,1,1
10516,4068,621,40,7765,7595,1012,7915,13656,12,1,1
10517,2314,110,40,5670,5580,2645,5811,10941,1,1,1
10518,2825,1463,40,11271,10991,2445,11431,18224,26,1,1
10519,7865,5741,50,24787,24106,2134,24997,40767,76,1,2
10520,7093,6012,40,21310,20639,2184,21520,36860,80,1,1
10521,5551,1453,40,19567,19286,1693,19737,28484,27,1,1
10522,2855,682,40,19407,19236,8616,19567,31760,13,1,1
10523,3236,601,40,8045,7875,1222,8196,13305,11,1,1
10524,5851,3757,40,18856,18355,2295,19046,31009,58,1,1
10525,6883,6222,40,22112,21411,2515,22322,37972,84,1,1
10526,11121,7364,40,23344,22593,12934,23554,55014,90,1,1
10527,5892,3055,50,20659,20228,7905,20840,37732,47,1,1
10528,5490,3196,41,15088,14617,1864,15269,25859,51,1,1
10529,7284,5370,40,16040,15409,2274,16241,31219,73,1,1
10530,5951,4599,40,15760,15198,1954,15960,28514,66,1,1
10531,7014,5290,40,16231,15600,1693,16431,30468,74,1,1
10532,3426,370,40,18906,18765,14898,19056,37811,8,1,1
10533,2835,892,40,19046,18836,8777,19206,31750,17,1,1
10534,3457,1653,40,18004,17714,2034,18184,25368,29,1,1
10535,6653,5079,41,21410,20799,1232,21611,34635,72,1,1
10536,6602,5410,41,22382,21751,1793,22583,36428,73,1,1
10537,2375,270,40,19156,19026,671,19307,22673,6,1,1
10538,18184,13866,51,4368,3166,20829,4629,57558,152,1,1
10539,12273,7935,41,23454,22663,10831,23675,54754,96,1,1
10540,7474,8045,41,21460,20629,1052,21681,38292,100,1,1
10541,6231,4699,40,16892,16341,2815,17083,30888,63,1,1
10542,9227,7464,40,16361,15599,1623,16572,34936,92,1,1
10543,2775,430,41,19176,19046,14738,19327,37311,6,1,1
10544,2385,621,40,18856,18675,13565,19016,35637,13,1,1
10545,6613,6172,40,20739,20038,1122,20949,34906,84,1,1
10546,6583,5430,40,26170,25538,1673,26370,40106,75,1,1
10547,3106,731,40,19326,19146,16872,19477,40236,14,1,1
10548,16531,23054,40,6923,5039,17383,7254,64262,244,1,1
10549,7324,6693,40,22653,21932,16161,22863,53091,86,1,1
10550,15639,16351,41,24255,22813,1142,24547,57729,184,1,1
10551,6392,4629,40,20269,19697,2074,20469,33604,66,1,1
10552,2104,230,40,19106,18986,591,19257,22232,5,1,1
10553,18324,9909,40,3397,2445,24917,3627,56807,117,1,1
10554,7695,5170,50,21361,20769,12143,21571,46619,70,1,1
10555,2665,912,40,14247,14036,2415,14407,20439,18,1,1
10556,6742,4970,40,14958,14377,1834,15168,28754,68,1,1
10557,7494,5440,50,21251,20629,1442,21461,35887,74,1,1
10558,2235,120,50,18365,18285,15589,18515,36509,1,1,1
10559,16551,21931,40,6622,4799,13014,6944,58490,234,1,1
10560,7614,5380,41,21891,21300,10881,22082,45987,68,1,1
10561,5451,4558,40,16912,16371,1352,17103,28514,62,1,1
10562,6923,4489,40,15029,14488,1953,15219,28624,63,1,1
10563,6572,5250,40,17544,16912,1933,17754,31549,74,1,1
10564,4568,1604,50,13485,13205,1563,13655,21440,29,1,1
10565,2404,361,40,19327,19196,16812,19477,39114,8,1,1
10566,16582,23144,40,6903,5010,14939,7243,61938,244,1,1
10567,8757,5841,40,21280,20609,12554,21480,48682,79,1,1
10568,6002,4839,40,14878,14297,1162,15078,27131,68,1,1
10569,6903,3347,50,14147,13706,1873,14327,26500,49,1,1
10570,6552,5470,40,20919,20278,1523,21120,34705,74,1,1
10571,2205,110,40,18395,18305,15880,18545,36790,1,1,1
10572,17443,23033,50,6953,5049,19737,7284,67557,246,1,1
10573,7454,5891,40,21892,21211,15900,22092,51377,80,1,1
10574,4198,2755,40,14077,13676,1373,14247,22623,42,1,1
10575,4408,1212,40,13114,12874,1593,13276,20529,22,1,1
10576,6883,6082,40,17092,16401,2285,17292,32572,81,1,1
10577,4368,260,40,12303,12193,1954,12454,19076,5,1,1
10578,7083,1483,40,19277,18996,15689,19437,43742,27,1,1
10579,4769,2525,40,19677,19286,16762,19857,43963,41,1,1
10580,6753,7103,40,16041,15279,992,16251,31139,91,1,1
10581,6312,4789,40,15579,14998,1653,15770,28564,66,1,1
10582,8416,591,50,12624,12463,1703,12784,23535,12,1,1
10583,4889,1493,40,19537,19267,15690,19697,41799,25,1,1
10584,3677,2715,40,15710,15319,2976,15880,25298,41,1,1
10585,6963,2394,41,21400,21019,9698,21571,40686,39,1,1
10586,5179,3417,40,14588,14127,1292,14768,24696,51,1,1
10587,7614,6312,40,21942,21230,1893,22152,38011,84,1,1
10588,4339,2053,40,14597,14277,3948,14778,25158,33,1,1
10589,7144,4619,40,21420,20849,4759,21611,38193,65,1,1
10590,7785,5500,40,16441,15800,1823,16642,31790,75,1,1
10591,7424,5811,40,21761,21090,5140,21961,40376,79,1,1
10592,3316,1093,40,12974,12734,2265,13134,19838,20,1,1
10593,6613,4899,40,15880,15288,2134,16071,29767,68,1,1
10594,3066,732,40,13716,13526,4278,13876,21982,14,1,1
10595,6703,3737,40,21050,20589,5591,21240,37321,52,1,1
10596,7074,5550,40,16692,16060,1683,16892,31259,75,1,1
10597,6372,2815,40,19527,19126,10309,19708,39254,43,1,1
10598,9457,2315,40,9107,8757,14969,9277,36058,35,1,1
10599,16671,22473,40,18014,16171,19167,18334,76685,237,1,1
10600,1983,762,40,8687,8496,9297,8837,20939,14,1,1
10601,17222,22002,50,17684,15860,12654,18004,69932,236,1,1
10602,15359,18064,40,28944,27412,1112,29236,63831,197,1,1
10603,9588,7894,40,18545,17733,1884,18776,38193,100,1,1
10604,7484,5851,51,21691,21019,3546,21902,38813,80,1,1
10605,8977,4228,40,14537,14007,1322,14728,29305,61,1,1
10606,6473,4819,40,13666,13095,1723,13856,26911,66,1,1
10607,3918,440,40,8686,8536,1473,8837,14718,10,1,1
10608,5370,3777,40,16501,16021,4759,16692,30648,55,1,1
10609,3747,1562,50,19947,19677,3075,20119,28554,27,1,1
10610,7645,5911,40,17754,17083,2645,17964,34215,80,1,1
10611,7364,5741,40,21691,21030,2405,21891,37461,78,1,1
10612,3958,1352,40,10780,10520,1924,10940,18225,23,1,1
10613,6783,3697,40,19617,19107,1923,19798,32261,53,1,2
10614,5791,2645,40,10580,10219,1062,10751,20299,38,1,1
10615,3587,1213,40,14136,13886,3937,14297,23074,23,1,1
10616,6603,3626,40,20899,20428,3216,21090,34575,53,1,1
10617,7003,5971,40,19687,19006,1342,19888,34244,80,1,1
10618,7444,4900,40,21150,20559,2324,21340,36048,68,1,1
10619,3436,832,40,10430,10219,1934,10580,16842,17,1,1
10620,6362,3857,50,11201,10690,1463,11402,23124,58,1,1
10621,4378,1593,40,10019,9729,1103,10189,17313,29,1,1
10622,8476,9467,50,28223,27281,1062,28454,47509,116,1,1
10623,7054,5861,40,19888,19226,2184,20088,35247,78,1,1
10624,7153,3888,40,20459,19948,1613,20639,33343,57,1,1
10625,3236,702,40,10209,10019,1613,10359,15960,14,1,1
10626,6182,4248,50,11331,10790,1162,11532,23164,62,1,1
10627,3848,1092,40,17162,16892,1933,17323,24226,21,1,2
10628,7113,4489,40,17173,16612,2424,17363,31429,64,1,1
10629,7454,4579,40,31510,30949,3978,31690,47751,60,1,2
10630,7204,5530,41,16521,15880,1873,16722,31379,76,1,1
10631,5200,2304,40,19456,19116,3636,19628,30818,35,1,1
10632,3717,972,40,9418,9198,2124,9578,16431,19,1,1
10633,4449,1543,50,8696,8416,992,8866,15910,27,1,1
10634,3857,802,50,7644,7454,1052,7805,13566,16,1,1
10635,4538,1052,40,6482,6262,1122,6643,13415,19,1,1
10636,2675,1523,40,16431,16161,3647,16591,24486,25,1,1
10637,7064,3647,40,20258,19767,2645,20448,33844,54,1,1
10638,8156,6362,40,21180,20469,1373,21390,37331,86,1,1
10639,5982,2334,40,19427,19086,1533,19597,29496,36,1,1
10640,3206,110,41,7414,7313,1212,7555,12133,1,1,1
10641,3937,341,40,5941,5801,1062,6091,11491,8,1,1
10642,2986,911,40,10870,10650,1593,11021,16551,18,1,1
10643,3397,1543,40,11321,11051,2465,11491,18936,26,1,1
10644,8156,5480,40,16872,16210,1864,17072,32622,77,1,1
10645,7514,3377,40,19798,19347,1372,19988,32291,51,1,1
10646,6523,5300,40,19827,19206,1232,20028,33123,73,1,1
10647,4629,631,40,18505,18324,2094,18656,26070,13,1,1
10648,4088,461,40,7724,7564,991,7874,13455,10,1,1
10649,7474,7795,40,22883,22062,1052,23104,39475,101,1,1
10650,6833,5581,40,23294,22643,1854,23494,37812,77,1,1
10651,5851,1583,40,19056,18756,3006,19216,29716,29,1,1
10652,5621,3085,40,20879,20448,4759,21059,34575,48,1,1
10653,2835,161,40,7374,7284,1352,7534,11922,2,1,1
10654,6612,4900,40,20909,20288,2304,21109,34966,72,1,1
10655,7164,6332,50,23364,22643,2595,23574,39725,87,1,1
10656,2595,290,50,18615,18495,9338,18766,31049,7,1,1
10657,5551,3186,40,20399,19978,7263,20579,36629,45,1,1
10658,4960,2544,40,13906,13525,2094,14086,23735,41,1,1
10659,6773,4989,40,16761,16150,2425,16962,31199,72,1,1
10660,6643,5500,40,15700,15049,1924,15900,30017,76,1,1
10661,6793,5079,41,16561,15950,2124,16752,30788,71,1,1
10662,2595,501,40,19356,19196,13626,19507,36289,11,1,1
10663,2244,882,40,19137,18946,8736,19307,31209,16,1,1
10664,2505,601,40,12244,12082,2665,12394,18205,11,1,1
10665,7624,5280,40,17994,17373,2375,18204,33523,73,1,1
10666,7744,6643,40,22403,21681,1242,22623,38302,88,1,1
10667,2484,481,50,18966,18816,13546,19126,35677,11,1,1
10668,2043,430,41,18775,18625,10159,18926,31599,8,1,1
10669,7254,7374,40,18796,18025,1042,19006,34726,94,1,1
10670,7173,4729,40,17232,16641,1664,17423,31049,68,1,1
10671,7894,7123,40,22082,21311,1643,22292,39013,93,1,1
10672,2234,200,41,18615,18485,15659,18756,36909,5,1,1
10673,4379,2404,41,19637,19256,10700,19828,37351,37,1,2
10674,6632,6302,40,25959,25247,1132,26160,40276,83,1,1
10675,6773,5310,40,20999,20368,2655,21200,35998,74,1,1
10676,3206,772,40,19206,19016,17143,19356,40527,14,1,1
10677,17473,21471,40,25178,23344,16732,25498,81234,231,1,2
10678,6211,5050,50,20269,19657,1212,20469,32982,72,1,1
10679,6452,4729,40,20258,19687,1684,20448,33373,67,1,1
10680,2495,210,40,18455,18354,16030,18616,37381,4,1,1
10681,9989,10800,41,22332,21230,13355,22573,56777,132,1,2
10682,4318,3247,40,14116,13666,1302,14287,23204,49,1,1
10683,7064,4228,40,14998,14467,1944,15188,28484,62,1,1
10684,7034,5701,40,20699,20058,1683,20899,35367,76,1,1
10685,3136,301,50,18545,18425,16602,18695,38794,6,1,1
10686,12503,16922,40,22823,21590,12293,23074,64852,149,1,2
10687,2855,822,40,13405,13205,2345,13555,19627,15,1,1
10688,7645,3757,40,14217,13726,1804,14397,27653,55,1,1
10689,6753,5320,51,24937,24296,1913,25138,39164,75,1,1
10690,1964,150,40,18485,18384,15810,18626,36600,2,1,1
10691,16601,22933,40,6823,4959,13636,7154,60364,242,1,1
10692,5100,2735,40,20439,20028,11832,20609,40326,43,1,1
10693,9418,3667,40,13947,13496,19106,14127,46368,50,1,1
10694,6282,4689,40,21391,20840,18324,21591,50936,63,1,1
10695,1823,371,50,8236,8116,8005,8386,18645,7,1,1
10696,17563,22723,50,20729,18846,22262,21060,83658,244,1,1
10697,2344,221,50,31259,31119,21130,31409,55164,5,1,2
10698,2445,951,40,18835,18615,17002,18996,39434,19,1,1
10699,6502,6703,40,2685,1954,2765,2895,18915,89,1,1
10700,5310,3116,40,14678,14257,1353,14858,24677,46,1,1
10701,4889,1062,40,12734,12494,1593,12894,20479,20,1,1
10702,6953,5831,40,16350,15689,1402,16552,30788,78,1,1
10703,1973,211,40,18836,18736,611,18986,21821,4,1,1
10704,18475,10830,40,3557,2554,18145,3787,51287,123,1,1
10705,4779,2525,40,14207,13836,1983,14377,23704,38,1,1
10706,6192,3306,40,20138,19687,12223,20318,42089,50,1,1
10707,3176,1012,40,13145,12924,2425,13305,19968,19,1,1
10708,7575,6772,40,16070,15319,2976,16281,33654,90,1,1
10709,4208,741,40,12774,12593,1633,12935,19567,14,1,1
10710,5370,1223,40,18926,18675,16150,19086,41869,22,1,1
10711,8406,6853,40,17563,16812,1943,17784,35026,91,1,1
10712,6933,3838,40,20389,19908,11151,20569,42541,54,1,1
10713,5340,4068,40,14607,14076,1232,14798,25478,60,1,1
10714,7003,6152,40,15630,14958,1593,15850,30628,81,1,1
10715,1933,211,40,13045,12925,621,13185,16000,5,1,1
10716,17663,19798,50,25178,23535,8436,25478,71435,211,1,1
10717,3537,2264,41,15499,15158,2755,15670,24276,35,1,1
10718,7074,5550,40,21711,21060,5881,21912,40467,76,1,1
10719,3376,611,41,9427,9257,2214,9588,15830,12,1,1
10720,6081,4148,40,12224,11713,1082,12424,23785,60,1,1
10721,7324,5170,40,15179,14578,1733,15379,29656,71,1,1
10722,2585,631,40,13997,13816,4378,14147,21801,13,1,1
10723,5991,3627,40,20719,20258,3467,20899,34024,51,1,1
10724,6994,5460,40,17253,16612,1864,17443,31811,75,1,1
10725,7645,6021,50,22202,21560,4067,22403,40176,76,1,1
10726,3747,1362,40,10861,10600,2495,11021,18665,23,1,1
10727,5550,2655,40,10140,9769,1372,10310,19937,39,1,1
10728,5801,4098,40,14578,14056,2074,14768,26791,59,1,1
10729,3126,1042,40,13977,13756,4639,14137,22974,18,1,1
10730,3407,2044,40,20509,20178,4087,20669,30257,33,1,1
10731,7795,6743,40,18655,17924,1754,18865,35207,87,1,1
10732,7174,5640,40,21340,20699,3366,21541,37771,75,1,1
10733,5340,4188,40,12354,11802,992,12544,23114,63,1,1
10734,3918,671,40,9017,8817,1423,9177,15229,15,1,1
10735,5831,4799,40,13005,12414,2104,13205,25999,69,1,1
10736,3917,651,40,9027,8837,2174,9177,15970,14,1,1
10737,6242,4147,40,16060,15539,3757,16261,30437,60,1,1
10738,6513,4719,40,21651,21050,1593,21841,34726,69,1,1
10739,6863,5260,40,16992,16361,2214,17202,31579,74,1,1
10740,7774,5601,50,21461,20810,1944,21671,37030,77,1,1
10741,3757,501,40,10400,10240,2264,10550,17122,10,1,1
10742,6012,3346,50,9288,8847,1052,9478,19938,50,1,1
10743,2946,1984,50,11191,10890,2465,11361,18816,30,1,1
10744,3867,431,50,8807,8667,1483,8957,14788,9,1,1
10745,3677,1483,40,14397,14137,4118,14557,23885,26,1,1
10746,6523,4979,40,21741,21130,9227,21942,42721,71,1,1
10747,7264,6141,40,20398,19697,1493,20599,35537,83,1,1
10748,7374,5230,40,21020,20389,3667,21210,37541,74,1,1
10749,3888,1122,40,10279,10049,2285,10439,17784,21,1,1
10750,6562,4569,40,11953,11422,992,12143,24316,62,1,1
10751,3317,1092,50,15249,15029,2645,15409,22523,20,1,1
10752,6432,1693,40,19738,19467,11492,19908,39565,27,1,1
10753,8326,8676,40,19737,18846,1062,19958,38072,108,1,1
10754,6392,3457,40,20238,19788,6472,20409,36780,48,1,1
10755,4018,1132,40,10250,10019,1573,10410,17193,20,1,1
10756,6492,4769,40,11572,11011,1212,11783,24296,66,1,1
10757,3837,1673,40,16171,15870,2425,16331,24306,29,1,1
10758,6873,3897,40,20148,19648,3376,20328,34535,56,1,1
10759,4859,2214,40,17503,17163,1572,17673,26379,36,1,1
10760,6643,3146,40,19687,19257,2545,19877,32241,47,1,1
10761,4538,1664,40,10069,9778,1823,10229,18304,28,1,1
10762,4077,1764,40,8616,8326,1183,8786,15850,29,1,1
10763,3937,591,40,7695,7514,1052,7845,13475,13,1,1
10764,3998,561,40,16752,16542,1753,16902,23274,12,1,2
10765,6813,4469,40,15459,14898,2535,15649,29496,64,1,1
10766,3987,1593,40,19336,19056,3347,19507,28484,28,1,1
10767,9348,6873,40,22272,21541,1442,22482,40196,89,1,1
10768,6001,2485,40,19577,19206,1503,19757,29786,39,1,1
10769,3026,230,40,7575,7445,1352,7725,12373,5,1,1
10770,3817,702,40,6161,5971,1063,6321,11933,14,1,1
10771,3537,651,50,7935,7755,992,8095,13325,14,1,1
10772,5471,3767,40,19086,18605,2255,19266,30809,54,1,1
10773,16761,13486,40,41218,40016,2044,41468,73809,147,1,2
10774,3486,211,40,26109,25949,3647,26259,33653,4,1,2
10775,2716,721,40,10690,10500,2666,10850,16993,15,1,1
10776,7414,5611,40,17623,16972,2535,17823,33413,76,1,1
10777,7293,5902,40,24827,24156,1793,25037,40055,79,1,1
10778,5140,621,50,18816,18635,2535,18976,27322,13,1,1
10779,5510,3106,50,21160,20729,7003,21351,37010,48,1,1
10780,3476,140,40,7534,7434,1443,7674,12794,2,1,1
10781,6683,5740,40,19687,19016,2174,19887,34545,79,1,1
10782,6994,5801,40,23965,23294,2134,24165,39144,78,1,1
10783,2284,260,50,18745,18635,14157,18895,35637,5,1,1
10784,2835,1163,40,19707,19467,8276,19867,32181,20,1,1
10785,5791,3497,40,20168,19668,1923,20348,31610,55,1,1
10786,6622,5240,51,21170,20569,2204,21371,35487,70,1,1
10787,2906,921,41,20218,19997,13525,20369,37771,17,1,1
10788,2034,541,40,18785,18615,10901,18936,32452,11,1,1
10789,6913,6102,50,15720,15049,1263,15930,30238,80,1,1
10790,7394,4990,40,17142,16561,2505,17342,32271,68,1,1
10791,6974,5540,40,22493,21842,1753,22693,37000,76,1,1
10792,2455,301,40,19236,19096,602,19386,22784,7,1,1
10793,18274,12614,41,4067,2945,20780,4318,56036,140,1,1
10794,4759,3196,40,21110,20689,11873,21290,41148,45,1,1
10795,7685,2655,40,10410,10039,16341,10580,37321,39,1,1
10796,16511,23314,40,24406,22532,15088,24727,79690,242,1,1
10797,1533,381,40,8166,8025,8456,8306,18726,8,1,1
10798,17483,22252,41,25027,23173,19888,25358,85021,238,1,1
10799,2074,200,40,18636,18515,15639,18776,36739,4,1,1
10800,16672,22172,40,6873,5000,16852,7193,62939,241,1,1
10801,8877,6422,40,22523,21812,14227,22733,52309,84,1,1
10802,6342,5681,40,20259,19607,1132,20459,33674,78,1,1
10803,6402,5310,40,21069,20438,1533,21271,34546,73,1,1
10804,2605,691,41,19767,19587,17072,19918,40346,13,1,1
10805,16501,22192,40,6843,4970,15870,7163,61776,241,1,1
10806,4698,3126,41,21300,20869,14568,21481,43913,47,1,1
10807,3938,1773,40,13305,12995,2384,13476,21611,31,1,1
10808,6853,4198,40,15249,14738,2324,15439,28854,58,1,1
10809,6733,5631,50,21100,20449,2184,21310,35898,78,1,1
10810,9909,5280,50,22022,21431,19637,22222,57098,69,1,1
10811,4849,3337,40,19547,19196,17744,19717,45707,37,1,1
10812,4930,3076,40,14036,13606,1332,14217,23585,46,1,1
10813,8056,3857,50,14898,14428,1834,15088,28875,54,1,1
10814,6973,5771,40,15930,15279,1563,16131,30478,77,1,1
10815,7594,5280,40,14648,14047,1383,14848,29135,69,1,1
10816,1923,161,40,18385,18275,581,18525,21250,3,1,1
10817,18425,9749,40,3216,2304,26611,3446,58271,111,1,1
10818,9307,7615,50,22563,21801,10530,22773,50275,92,1,1
10819,6332,5520,40,16702,16071,1132,16902,29926,74,1,1
10820,7584,3557,40,14267,13796,2044,14447,27672,52,1,1
10821,6482,5591,40,27342,26711,2094,27552,41769,74,1,1
10822,3476,1213,40,19547,19306,17673,19717,42109,22,1,1
10823,16632,21881,40,24977,23114,13756,25298,77617,237,1,2
10824,5740,4238,40,15699,15169,1222,15880,27141,60,1,1
10825,4839,1092,40,13225,12985,1603,13386,20960,21,1,1
10826,7664,6603,50,16772,16050,1653,16982,32952,87,1,1
10827,4007,1583,50,13506,13225,1583,13676,20879,28,1,1
10828,4508,1443,40,19707,19427,15278,19867,41147,26,1,1
10829,6532,3637,40,20429,19958,14387,20619,45225,53,1,1
10830,5570,4018,40,15950,15420,1262,16131,27031,59,1,1
10831,6533,5450,40,16602,15971,2244,16812,31089,74,1,1
10832,3426,862,40,13706,13506,2635,13866,20829,16,1,1
10833,6182,4057,41,21931,21400,7364,22122,39785,60,1,1
10834,8927,7724,50,18274,17463,1644,18495,36840,100,1,1
10835,8356,7033,40,23093,22322,3187,23314,41930,93,1,1
10836,3858,1152,40,10660,10420,2295,10820,18165,21,1,1
10837,7814,5000,50,11692,11101,1193,11892,25949,69,1,1
10838,5932,4899,40,15710,15129,2084,15900,28855,66,1,1
10839,4218,551,40,12583,12433,1863,12735,19427,11,1,1
10840,7154,2264,40,20569,20218,12955,20739,43172,37,1,1
10841,6292,5600,40,16983,16340,1793,17183,30898,75,1,1
10842,7444,6061,50,22472,21771,4168,22683,40386,83,1,1
10843,3055,922,40,13205,12985,3828,13375,21220,19,1,1
10844,7063,5160,40,15349,14718,1954,15549,29766,73,1,1
10845,4649,1994,50,14798,14488,3797,14968,25468,32,1,1
10846,7104,4629,50,21971,21400,2915,22172,36860,66,1,1
10847,8376,6131,40,17122,16431,1693,17343,33573,84,1,1
10848,7384,5290,40,21852,21220,4418,22052,39194,75,1,1
10849,3357,1192,40,10500,10270,2164,10660,17423,21,1,1
10850,5139,3447,40,10861,10400,1132,11041,20809,51,1,1
10851,6171,4959,40,15329,14738,1593,15519,28293,68,1,1
10852,2926,1092,40,14107,13876,4098,14267,22433,19,1,1
10853,7184,5160,40,21701,21080,4519,21901,38794,71,1,1
10854,8015,7784,40,18124,17323,1774,18335,35958,97,1,1
10855,7695,6171,40,21671,20979,5470,21872,41248,82,1,1
10856,3957,1283,50,15710,15469,2294,15880,23454,22,1,1
10857,6272,2735,40,10049,9638,1242,10220,20519,44,1,1
10858,2915,1723,50,14186,13906,2404,14358,21440,28,1,1
10859,3086,641,40,13536,13375,4078,13686,21551,12,1,1
10860,6602,4338,40,21140,20589,2755,21351,35086,63,1,1
10861,7324,5540,40,17092,16441,3507,17293,33724,77,1,1
10862,6523,4558,40,21130,20569,3546,21321,35998,63,1,1
10863,3587,852,40,10890,10690,1994,11050,17513,17,1,1
10864,7284,5530,40,13385,12744,1273,13596,27733,77,1,1
10865,2836,160,40,8196,8086,1773,8336,13165,3,1,1
10866,6913,5059,40,33643,32993,1743,33843,47610,71,1,2
10867,6682,5461,40,17072,16431,1824,17272,31279,75,1,1
10868,7294,5210,40,21100,20479,2124,21300,35968,73,1,1
10869,3617,1202,40,10149,9909,1934,10309,17112,22,1,1
10870,6443,4849,40,12103,11532,992,12293,24637,65,1,1
10871,4188,391,40,8967,8827,1573,9117,15319,8,1,1
10872,4889,1493,40,13696,13416,3176,13856,23464,27,1,1
10873,8336,4989,40,29797,29206,4999,29987,48341,64,1,2
10874,7294,5710,40,17152,16481,2024,17353,32441,79,1,1
10875,8065,4639,40,20749,20188,3687,20939,37380,65,1,1
10876,3035,702,40,9608,9408,1723,9768,15278,15,1,1
10877,6292,3957,40,10751,10249,1282,10941,22512,56,1,1
10878,3908,781,41,7884,7704,1052,8046,13837,15,1,1
10879,5500,3837,40,18294,17793,1974,18475,29836,56,1,1
10880,7544,3697,40,29997,29505,12464,30177,53922,51,1,2
10881,4007,2786,40,16000,15599,4359,16180,27372,44,1,1
10882,2765,1272,40,18996,18745,7884,19157,31128,22,1,1
10883,4128,1182,40,10319,10079,1393,10480,17233,21,1,1
10884,6192,3687,40,11562,11071,1343,11752,23004,55,1,1
10885,3397,1212,40,15349,15119,2826,15509,22984,20,1,1
10886,7364,3015,41,19977,19547,3247,20158,33834,47,1,1
10887,7404,6802,40,21400,20649,1523,21621,37380,90,1,1
10888,7143,2535,40,19407,19026,1823,19577,31138,39,1,1
10889,4008,851,40,9578,9378,2003,9749,16641,17,1,1
10890,3737,1483,852,13375,13114,1563,14347,21170,25,1,1
10891,3958,781,40,13486,13256,1052,13646,19487,15,1,2
10892,6672,5381,40,19897,19256,3206,20088,35397,75,1,1
10893,4879,1813,41,19436,19146,1684,19597,28033,28,1,1
10894,7484,7104,40,21982,21210,1222,22192,38062,92,1,1
10895,5480,1012,40,18786,18575,1633,18946,27131,19,1,1
10896,2285,120,40,12323,12223,3496,12463,18415,1,1,1
10897,4248,471,50,6042,5891,1002,6202,11973,11,1,1
10898,4288,792,40,8536,8326,1814,8686,15630,16,1,1
10899,7615,5951,50,19146,18495,1413,19356,34365,77,1,1
10900,6693,2795,40,19477,19076,3216,19647,32391,42,1,1
10901,7805,6702,40,22623,21881,1613,22834,39014,90,1,1
10902,3416,451,40,18425,18265,5571,18575,28053,9,1,1
10903,4669,872,40,8075,7855,1012,8225,14828,17,1,1
10904,3577,1462,40,11551,11281,2524,11723,19336,26,1,1
10905,7564,5340,41,16902,16260,2023,17103,32090,75,1,1
10906,6382,5270,40,22592,21971,2425,22803,36920,72,1,1
10907,4208,360,41,18775,18625,2355,18926,25889,9,1,1
10908,5590,1613,40,19296,18996,8226,19456,34926,28,1,1
10909,1904,180,50,9618,9518,661,9768,12554,3,1,1
10910,12323,13967,40,20619,19347,1072,20879,48281,159,1,1
10911,7223,5731,40,17864,17192,1283,18064,32351,79,1,1
10912,6613,5460,40,17193,16561,2375,17393,31891,75,1,1
10913,3226,561,40,19176,19006,13696,19327,36860,11,1,1
10914,1804,681,40,19106,18926,8256,19266,30057,13,1,1
10915,4288,1854,50,18485,18164,2314,18655,27161,33,1,1
10916,8116,7033,40,22312,21561,1733,22523,39465,91,1,1
10917,3306,1103,40,20649,20428,13465,20819,38733,19,1,1
10918,6352,3066,40,20098,19687,12093,20268,41829,44,1,1
10919,7434,7624,40,22222,21410,1122,22453,38663,98,1,1
10920,6683,5370,40,19918,19267,1844,20118,34055,76,1,1
10921,2555,270,40,18695,18575,11422,18846,33153,6,1,1
10922,2034,401,50,18405,18275,9238,18565,30288,8,1,1
10923,2575,621,41,13946,13766,2294,14097,19627,12,1,1
10924,5600,2685,40,17723,17333,1473,17894,27702,41,1,1
10925,6933,5370,50,20990,20349,2495,21200,36038,76,1,1
10926,2525,220,40,18475,18354,16011,18615,37431,5,1,1
10927,10209,11001,40,22172,21080,13556,22412,57238,130,1,2
10928,6051,5180,50,16451,15850,1163,16651,29095,71,1,1
10929,6973,5220,40,16071,15439,1994,16271,30498,73,1,1
10930,7344,5661,40,20629,19968,1443,20829,35317,77,1,1
10931,2956,321,50,18785,18665,16221,18945,38493,7,1,1
10932,16712,22492,40,6722,4879,14587,7044,60885,237,1,1
10933,8075,5871,40,21842,21160,12734,22042,48762,79,1,1
10934,5871,5140,50,15870,15279,1173,16070,28314,70,1,1
10935,7444,5330,40,15600,14968,1803,15800,30417,74,1,1
10936,7584,5992,40,21470,20769,1392,21671,36689,82,1,1
10937,2806,761,40,19387,19197,16281,19547,39435,14,1,1
10938,16060,21010,41,26129,24326,16822,26440,80392,227,1,2
10939,2204,301,40,9338,9218,3647,9488,15700,6,1,1
10940,7424,5510,40,18786,18154,1423,18986,33403,74,1,1
10941,6843,5380,50,20699,20078,2575,20899,35747,73,1,1
10942,1684,120,50,18345,18255,621,18495,20960,1,1,1
10943,18375,11622,41,3897,2815,23244,4148,57439,135,1,1
10944,7515,5680,40,22482,21821,12434,22683,48372,77,1,1
10945,6292,5290,50,15339,14728,1262,15540,28444,72,1,1
10946,7474,3918,50,14237,13726,1743,14427,27612,58,1,1
10947,7244,5651,40,20238,19567,1373,20438,34766,79,1,1
10948,2104,140,40,18695,18585,15529,18835,36649,2,1,1
10949,17193,22482,40,6692,4859,14989,7013,61727,236,1,1
10950,8186,5290,40,21551,20930,11351,21751,46618,73,1,1
10951,4919,3957,40,20048,19517,1382,20228,30527,59,1,1
10952,6462,5160,50,21371,20759,1402,21571,34655,72,1,1
10953,3727,621,40,12724,12554,1684,12874,18946,13,1,1
10954,5811,692,50,19467,19296,9067,19627,35247,13,1,1
10955,5701,2594,40,19857,19487,13346,20037,41729,40,1,1
10956,4308,1603,40,11592,11301,1412,11753,19126,28,1,1
10957,5741,3817,40,11632,11131,1122,11823,22553,56,1,1
10958,4598,1704,40,29977,29666,1763,30147,38252,26,1,2
10959,2785,581,50,19127,18965,12604,19287,35307,12,1,1
10960,3506,1784,50,14357,14067,1693,14527,21560,29,1,1
10961,6152,3276,41,20088,19657,8426,20259,38163,46,1,1
10962,2835,1203,40,15289,15049,2555,15449,22092,21,1,1
10963,8486,7474,40,16401,15620,1293,16611,33914,95,1,1
10964,3227,300,50,12634,12504,2255,12784,18626,7,1,1
10965,7194,4138,40,21531,21010,4969,21711,38062,59,1,1
10966,7023,6292,40,17372,16681,1793,17574,32742,82,1,1
10967,7103,5290,41,22171,21560,6622,22363,41428,71,1,1
10968,3336,1423,40,13746,13485,2244,13906,20959,25,1,1
10969,6542,5250,40,15119,14488,2154,15309,29305,73,1,1
10970,4228,1884,40,14788,14477,3416,14958,24536,30,1,1
10971,15870,16171,40,25048,23655,1062,25348,58481,177,1,1
10972,7314,6282,40,17263,16562,1904,17473,33003,83,1,1
10973,8035,6242,40,22252,21551,5179,22463,41959,84,1,1
10974,3397,1052,40,10329,10099,2264,10489,17253,19,1,1
10975,6051,2455,40,10219,9849,1282,10400,20228,39,1,1
10976,6532,5330,50,14878,14267,1874,15078,28875,72,1,1
10977,4017,1614,40,14167,13896,4388,14327,24386,26,1,1
10978,7404,4909,50,21380,20809,2695,21580,36619,66,1,1
10979,7143,5470,50,24696,24065,1773,24898,39334,74,1,1
10980,3136,811,40,10229,10039,2445,10380,16832,15,1,1
10981,3868,1092,40,9638,9418,1423,9798,16231,18,1,1
10982,5871,3887,51,14697,14206,1744,14888,26440,57,1,1
10983,3567,1323,50,14748,14507,3857,14918,23705,22,1,1
10984,6482,5120,40,21631,21030,2495,21821,35968,69,1,1
10985,7284,5931,40,17573,16922,2394,17774,33443,78,1,1
10986,6903,5069,40,21140,20529,3947,21351,37310,71,1,1
10987,3116,451,40,8135,7985,9428,8295,21330,9,1,1
10988,17574,21801,40,18966,17293,21932,19266,80623,214,1,1
10989,1823,391,40,9418,9267,9178,9568,21020,8,1,1
10990,4097,2736,40,9348,8967,6582,9528,22973,40,1,1
10991,2975,140,40,8686,8586,1753,8827,13756,3,1,1
10992,6903,5680,50,18154,17493,2835,18355,33823,78,1,1
10993,7815,5821,40,22172,21491,8216,22372,44274,81,1,1
10994,6382,5160,40,17453,16862,2134,17643,31370,68,1,1
10995,7093,4879,40,21080,20509,4799,21281,38092,67,1,1
10996,3767,1654,40,10920,10620,1793,11091,18355,29,1,1
10997,6352,5320,40,12254,11652,982,12444,25158,70,1,1
10998,3758,380,41,8556,8406,1493,8707,14388,9,1,1
10999,6683,5139,40,24556,23925,3948,24746,40567,73,1,1
11000,7113,6082,40,26680,25989,1614,26880,41739,82,1,1
11001,2655,221,40,7845,7725,1523,7985,12434,5,1,1
11002,5310,3206,40,8737,8296,1112,8917,18585,48,1,1
11003,6262,4128,40,15750,15229,1292,15930,27672,58,1,1
11004,3677,651,40,8095,7905,1052,8246,13686,15,1,1
11005,6522,4910,40,18505,17914,2745,18695,32912,68,1,1
11006,7574,4428,40,20719,20158,2775,20910,35727,63,1,1
11007,7484,6282,40,20278,19547,1653,20479,35948,87,1,1
11008,7273,4649,41,20528,19957,2624,20719,35326,65,1,1
11009,3617,982,40,9328,9108,2134,9478,16251,18,1,1
11010,4338,702,50,15469,15259,1162,15629,21871,13,1,2
11011,3005,391,50,6292,6152,1463,6442,11341,9,1,1
11012,7384,6573,40,26470,25729,1112,26670,41789,88,1,1
11013,6763,5099,40,18986,18365,1603,19176,32682,72,1,1
11014,7664,3327,40,19757,19336,1433,19937,32411,47,1,1
11015,3807,932,40,9438,9238,2074,9598,16441,17,1,1
11016,3988,842,50,8656,8466,992,8816,14678,16,1,1
11017,3697,300,40,7334,7203,1333,7484,12864,7,1,1
11018,6142,4679,40,17593,17012,1723,17784,30388,67,1,1
11019,6933,5290,40,38914,38243,4939,39114,56316,75,1,2
11020,5330,1423,40,18936,18665,1613,19096,27512,24,1,1
11021,3917,351,50,7765,7635,1122,7925,13355,8,1,1
11022,3557,601,40,6042,5881,1242,6192,11652,12,1,1
11023,3166,851,40,16642,16382,1353,16792,22212,17,1,2
11024,5340,4088,40,21631,21120,3236,21821,34535,59,1,1
11025,5451,581,40,18635,18455,1724,18785,26581,13,1,1
11026,6803,5761,40,21802,21130,1683,22002,36289,78,1,1
11027,2655,291,40,18705,18585,8587,18845,30428,6,1,1
11028,4218,831,40,7915,7704,1022,8075,14177,16,1,1
11029,3437,1493,40,11893,11602,2565,12053,19598,27,1,1
11030,7283,5300,40,17242,16621,2475,17433,32541,72,1,1
11031,6963,6532,40,23294,22572,1873,23495,38913,86,1,1
11032,12744,6041,40,20609,19958,4929,20810,44574,77,1,1
11033,6493,2945,50,20319,19917,6142,20499,36129,44,1,1
11034,3998,1813,40,19016,18696,2405,19186,27442,31,1,1
11035,6332,5080,50,22362,21751,1904,22562,35928,72,1,1
11036,2766,541,40,19086,18926,11672,19236,34265,11,1,1
11037,6442,3016,50,20228,19818,7203,20409,37120,45,1,1
11038,4258,1823,40,24155,23855,3687,24326,34134,30,1,1
11039,6652,5650,40,22102,21440,2255,22302,36910,78,1,1
11040,3566,652,40,18956,18775,14788,19106,38162,13,1,1
11041,2875,691,50,18885,18715,11372,19046,34024,13,1,1
11042,8376,8135,40,16811,15970,1032,17033,34626,102,1,1
11043,6973,4969,40,16612,16020,2785,16802,31589,68,1,1
11044,7835,6141,41,20799,20098,1433,21010,36459,83,1,1
11045,2104,120,40,18385,18305,15609,18535,36418,1,1,1
11046,2585,962,40,18966,18756,12744,19126,35457,17,1,1
11047,2364,551,50,10019,9859,2325,10179,15449,11,1,1
11048,5710,2235,40,16281,15920,1493,16451,25939,37,1,1
11049,6792,5120,40,20940,20329,1553,21140,34665,72,1,1
11050,2455,361,40,18785,18645,16150,18936,37952,8,1,1
11051,17683,20389,40,24627,22904,13535,24927,76584,216,1,2
11052,6082,5721,40,15870,15189,1072,16070,28995,80,1,1
11053,7495,4268,40,15609,15069,2124,15800,29737,62,1,1
11054,6913,5651,40,21140,20489,1653,21340,35607,76,1,1
11055,2915,441,40,18886,18736,17032,19036,39474,9,1,1
11056,17282,24066,40,7044,5120,20338,7374,69120,248,1,1
11057,7374,4839,40,21471,20880,16842,21661,50756,68,1,1
11058,6533,5560,51,21099,20438,1142,21311,34586,78,1,1
11059,6302,4889,40,21430,20859,1774,21631,34626,67,1,1
11060,2494,161,40,18435,18324,15890,18575,37180,3,1,1
11061,7634,6232,41,20949,20259,9669,21160,44735,79,1,2
11062,5180,4098,40,19617,19096,1283,19797,30418,59,1,1
11063,8125,5230,40,20940,20319,1914,21140,36459,72,1,1
11064,2124,211,40,19176,19046,13346,19326,35047,5,1,1
11065,5630,1824,40,19447,19146,11311,19617,38422,30,1,1
11066,6012,6101,40,16641,15960,1052,16842,30057,81,1,1
11067,7525,3997,41,14607,14106,1774,14798,28144,56,1,1
11068,6593,5580,41,20809,20158,1743,21010,34966,76,1,1
11069,2355,280,40,18956,18825,16071,19106,37852,6,1,1
11070,11823,12363,40,22642,21430,14056,22904,61196,149,1,2
11071,2305,451,40,12804,12664,2335,12954,18085,9,1,1
11072,4919,1202,51,13014,12774,1603,13175,20959,23,1,1
11073,6843,5380,40,19767,19116,1934,19968,34175,76,1,1
11074,4298,1092,40,12764,12524,1653,12915,19998,20,1,1
11075,5491,1753,50,19387,19086,19066,19567,45927,31,1,1
11076,10660,11582,40,22283,21140,13345,22523,58160,138,1,2
11077,18074,7604,40,17944,17173,17583,18154,61466,92,1,1
11078,3737,1714,40,10550,10269,8947,10720,25168,27,1,1
11079,3597,851,40,20700,20469,5791,20850,31149,15,1,2
11080,3376,1413,40,8396,8135,4328,8556,17713,24,1,1
11081,3697,1983,41,10469,10159,2665,10640,19015,32,1,1
11082,9227,6292,40,35497,34805,7724,35698,58971,77,1,2
11083,6352,2975,40,19847,19447,12895,20018,42290,42,1,1
11084,7093,6653,40,16471,15740,1072,16681,31549,87,1,1
11085,6342,4969,40,15219,14618,1864,15409,28634,69,1,1
11086,3687,1703,40,15059,14778,4208,15229,24877,28,1,1
11087,7764,5050,40,23104,22503,4498,23294,40666,70,1,1
11088,7294,6863,40,18195,17453,2094,18405,34696,88,1,1
11089,7304,6372,50,21942,21220,4919,22152,40787,86,1,1
11090,3226,1162,40,12955,12714,2184,13115,19727,21,1,1
11091,6402,4639,40,14477,13896,2474,14668,28233,67,1,1
11092,3937,1523,40,14428,14137,4067,14588,24165,27,1,1
11093,7624,5300,41,22131,21490,2174,22332,37461,75,1,1
11094,7635,5991,40,17253,16562,1573,17463,32712,82,1,1
11095,7834,7043,40,22803,22052,4188,23013,42139,92,1,1
11096,3697,922,40,11141,10931,2485,11291,18445,16,1,1
11097,6112,3206,40,10390,9959,1302,10580,21250,48,1,1
11098,5761,3958,50,14608,14117,1643,14798,26200,56,1,1
11099,2965,742,40,13435,13235,4228,13595,21570,15,1,1
11100,6612,4458,40,21591,21060,4428,21792,37330,61,1,1
11101,8947,7254,40,17884,17113,1383,18094,35728,92,1,1
11102,7194,5400,41,21630,20989,4298,21842,38784,75,1,1
11103,3476,872,50,10159,9959,2003,10320,16721,17,1,1
11104,2926,451,40,8777,8636,1503,8927,13867,10,1,1
11105,6452,4980,40,12484,11893,1803,12694,25969,70,1,1
11106,3918,1182,40,9057,8807,1383,9217,15740,23,1,1
11107,5621,3606,40,15609,15128,2715,15790,27792,53,1,1
11108,7234,4148,40,21731,21200,6362,21921,39715,61,1,1
11109,7344,6222,40,18064,17353,1783,18264,33663,84,1,1
11110,7765,5029,40,21611,21019,3667,21801,38322,68,1,1
11111,2966,1022,40,10460,10239,2014,10620,16672,19,1,1
11112,4689,882,40,8947,8726,1403,9107,16111,18,1,1
11113,6212,4618,41,12784,12203,2134,12985,25989,67,1,1
11114,3166,942,40,13475,13275,4589,13635,22372,17,1,1
11115,4088,1924,40,19947,19637,4358,20118,30528,32,1,1
11116,8136,8446,40,20369,19557,1052,20589,38273,99,1,1
11117,7504,4078,40,20328,19857,6302,20508,38442,54,1,1
11118,4208,1032,40,10410,10179,1913,10580,17763,20,1,1
11119,6953,3888,40,11101,10600,1483,11291,23655,57,1,1
11120,5040,1433,40,9458,9197,1092,9618,17233,24,1,1
11121,3807,271,40,8616,8486,1603,8766,14487,6,1,1
11122,5891,4228,40,16692,16151,4478,16882,31519,61,1,1
11123,3767,1654,40,20128,19837,2455,20288,28214,27,1,1
11124,7063,7204,40,28154,27371,1092,28364,43773,93,1,1
11125,2325,310,40,9348,9208,2214,9498,14387,7,1,1
11126,4368,832,40,7785,7585,1052,7945,14237,17,1,1
11127,6111,4278,41,12363,11812,1152,12554,24135,63,1,1
11128,3707,1132,40,8015,7775,1052,8175,14116,22,1,1
11129,7124,5490,40,19547,18886,2565,19747,34956,77,1,1
11130,8266,5330,40,21160,20548,4218,21361,39225,72,1,1
11131,7354,6452,40,20318,19587,1382,20529,35757,87,1,1
11132,7173,5270,41,20799,20208,3106,20990,36579,68,1,1
11133,3887,742,40,9117,8927,2395,9287,16341,15,1,1
11134,4128,972,40,12784,12554,992,12944,19076,19,1,1
11135,4539,1543,40,8005,7715,1052,8175,15369,29,1,1
11136,3807,411,40,5961,5801,1032,6111,11401,10,1,1
11137,862,140,40,8787,8687,721,8927,10700,2,1,1
11138,16692,18084,41,20649,19086,1603,20940,57379,199,1,1
11139,7394,3768,40,20428,19948,3697,20619,35528,54,1,1
11140,6713,6132,40,19347,18665,1192,19547,33634,80,1,1
11141,6131,2405,40,19327,18976,3216,19497,31299,37,1,1
11142,4128,842,40,9308,9097,2064,9458,16552,17,1,1
11143,3927,922,40,8456,8245,991,8617,14507,18,1,1
11144,7104,6712,40,20979,20228,1122,21191,36179,90,1,1
11145,6341,3526,40,19828,19366,3807,20008,33733,50,1,1
11146,8496,7695,40,15680,14858,1393,15900,33534,99,1,1
11147,7073,6152,40,17583,16882,1833,17784,32902,83,1,1
11148,5340,541,40,19046,18885,1673,19197,26811,11,1,1
11149,3747,161,40,7734,7634,1022,7885,12855,3,1,1
11150,2745,111,40,5600,5510,1382,5741,10039,1,1,1
11151,3256,1994,40,25188,24817,2394,25358,33062,33,1,2
11152,6582,5541,40,40086,39395,3236,40286,55695,76,1,2
11153,3106,360,50,19026,18885,8987,19177,31690,8,1,1
11154,3948,431,40,8426,8276,1012,8576,14027,9,1,1
11155,3797,1733,41,11652,11351,2595,11813,19988,29,1,1
11156,8426,6512,50,17473,16762,2274,17693,34956,86,1,1
11157,7184,6141,50,17042,16361,1293,17253,31911,82,1,1
11158,7013,5801,50,18094,17433,2555,18305,33724,79,1,1
11159,2705,151,40,18395,18284,10039,18535,31480,3,1,1
11160,5962,2995,51,20689,20268,7163,20870,37050,46,1,1
11161,3036,781,40,12674,12474,2675,12824,19356,15,1,1
11162,4298,3196,40,15850,15410,2705,16030,26270,49,1,1
11163,6933,5871,50,23425,22742,2204,23635,38693,81,1,1
11164,11672,7404,40,22663,21901,10550,22873,52560,91,1,1
11165,902,140,40,18555,18455,722,18695,20519,2,1,1
11166,17634,21751,40,6643,4830,7174,6953,53562,233,1,1
11167,7605,6652,40,21852,21099,1072,22062,37431,89,1,1
11168,7485,5690,40,21049,20378,1673,21251,36149,79,1,1
11169,2885,201,40,18505,18385,13085,18645,34856,4,1,1
11170,1994,391,50,18826,18686,11762,18976,33183,9,1,1
11171,8446,9478,40,22322,21460,1222,22543,41739,104,1,1
11172,6412,4969,40,20820,20218,2104,21010,34545,70,1,1
11173,12844,5691,40,21741,21160,14408,21941,54924,69,1,1
11174,5049,2665,40,19787,19406,9458,19957,37180,40,1,1
11175,4438,2605,40,19207,18826,2114,19377,28574,39,1,1
11176,7114,5831,50,22382,21721,1803,22592,37391,78,1,1
11177,2264,311,40,19046,18906,16090,19196,37911,7,1,1
11178,4960,3837,50,20489,19977,10560,20679,40086,55,1,2
11179,12194,4779,40,16030,15489,18084,16220,51317,61,1,1
11180,8326,3426,40,18445,18004,11973,18625,42400,48,1,1
11181,1843,301,40,13175,13045,12033,13325,27562,7,1,1
11182,16561,23435,40,26240,24326,14377,26570,80993,247,1,1
11183,1633,120,50,18325,18245,15499,18475,35777,1,1,1
11184,16591,23164,40,7133,5200,20740,7464,67999,250,1,1
11185,8957,6342,40,21671,20979,16330,21882,53561,83,1,1
11186,5190,4268,50,15099,14588,1262,15289,26059,58,1,1
11187,7143,4879,40,15008,14437,1884,15209,29165,66,1,1
11188,7524,5791,40,16562,15910,1823,16762,31950,77,1,1
11189,7975,5039,40,14667,14076,1422,14879,29355,69,1,1
11190,11602,6462,40,22753,22062,11151,22953,52228,82,1,1
11191,2074,401,40,20399,20249,12213,20549,35287,8,1,1
11192,6031,5000,40,15439,14838,1192,15629,27902,69,1,1
11193,7294,3717,40,14197,13726,1833,14377,27271,53,1,1
11194,6803,5019,40,21551,20939,1974,21751,35597,71,1,1
11195,2335,350,41,18665,18525,10971,18816,32522,7,1,1
11196,2305,711,50,18766,18586,12904,18926,34896,14,1,1
11197,4638,2575,41,14407,14046,1413,14578,23264,38,1,1
11198,6963,2705,40,13856,13465,1914,14027,25669,41,1,1
11199,7094,6202,40,21120,20429,1753,21320,36409,81,1,1
11200,2805,180,40,18485,18384,15950,18636,37621,3,1,1
11201,15519,15830,40,23484,22071,13586,23755,68740,174,1,2
11202,4218,2745,40,13396,13005,1443,13576,22032,43,1,1
11203,4458,1092,40,12794,12563,1583,12955,20138,21,1,1
11204,6753,5460,40,16441,15810,1813,16642,30718,75,1,1
11205,5160,842,40,32021,31800,3717,32191,41950,15,1,2
11206,6062,3186,40,21310,20880,5460,21491,36239,47,1,1
11207,3326,972,40,10670,10460,2374,10831,17553,18,1,1
11208,7123,3938,40,11381,10860,1122,11582,23795,59,1,1
11209,7183,5881,50,15910,15249,1693,16121,30918,79,1,1
11210,4509,170,40,12223,12123,1764,12373,18856,3,1,1
11211,2805,692,40,32391,32181,19788,32541,55876,12,1,2
11212,2504,752,40,18826,18625,15359,18986,37651,16,1,1
11213,7575,7013,50,21761,21020,1112,21992,37722,90,1,1
11214,6162,4308,50,15198,14657,2465,15389,28384,62,1,1
11215,3567,1623,40,14497,14217,4779,14658,24677,26,1,1
11216,3286,1784,40,22422,22102,3416,22582,31129,31,1,1
11217,7664,5601,40,16531,15890,1834,16731,31860,75,1,1
11218,7194,5450,51,22181,21540,4127,22383,39214,77,1,1
11219,3356,992,40,12845,12624,2224,13005,19627,18,1,1
11220,6482,4889,40,19867,19286,1924,20057,33403,67,1,1
11221,3216,841,40,14348,14136,5019,14498,23614,16,1,1
11222,3296,1653,40,20148,19878,6181,20318,31489,27,1,1
11223,7885,6713,40,18044,17293,1543,18254,34455,90,1,1
11224,7034,6251,50,21921,21240,3878,22132,39335,82,1,1
11225,3506,1212,40,12864,12624,3617,13024,21400,21,1,1
11226,7043,5260,50,14408,13776,1583,14608,28554,74,1,1
11227,3106,861,40,14037,13827,4699,14187,22903,16,1,1
11228,3527,1953,40,20659,20338,5801,20830,32161,31,1,1
11229,7975,7364,40,17844,17062,1734,18064,35187,96,1,1
11230,7674,4939,40,21320,20739,3827,21511,38012,67,1,1
11231,4389,1843,50,11502,11201,1854,11672,19808,30,1,1
11232,6782,4729,50,12233,11662,1563,12434,25548,67,1,1
11233,3036,421,40,8526,8376,1703,8676,13886,9,1,1
11234,2825,702,40,9027,8837,1613,9177,14367,14,1,1
11235,4829,2725,40,15159,14778,3787,15339,26730,42,1,1
11236,6652,3968,40,20839,20339,2875,21029,34565,57,1,1
11237,7995,7574,40,17554,16751,1543,17774,34936,98,1,1
11238,7124,4869,40,21200,20619,4708,21401,38152,67,1,1
11239,3416,982,40,10430,10199,1984,10590,17012,19,1,1
11240,4969,1904,40,19677,19326,1563,19847,28313,31,1,2
11241,2825,481,51,13114,12954,3868,13275,20489,11,1,1
11242,7244,4027,50,28894,28383,16993,29095,57399,53,1,2
11243,3818,2815,40,15329,14919,2685,15499,24867,44,1,1
11244,8045,3026,40,21581,21150,9728,21751,42600,47,1,1
11245,6292,4799,40,12603,12022,1001,12805,24937,68,1,1
11246,6092,3296,40,11562,11131,1403,11742,22573,46,1,1
11247,3757,370,51,8636,8506,1493,8787,14467,8,1,1
11248,6412,4418,40,16181,15630,2044,16381,29295,64,1,1
11249,7133,3958,40,20870,20369,3486,21060,35677,57,1,1
11250,6362,4649,40,18575,17994,1293,18765,31109,66,1,1
11251,5861,3206,40,20038,19617,6643,20228,35968,46,1,1
11252,3647,1292,40,10811,10550,1513,10971,17453,23,1,1
11253,6222,3837,40,11081,10590,1433,11271,22813,56,1,1
11254,4709,1473,40,23094,22773,1853,23254,31329,26,1,2
11255,7003,3336,50,20208,19777,4238,20399,35026,49,1,1
11256,7574,6553,50,19838,19116,1453,20048,35668,86,1,1
11257,7464,5401,40,20949,20318,2705,21140,36770,74,1,1
11258,4539,1873,40,10299,9979,1914,10470,18846,32,1,1
11259,4308,1553,40,9148,8847,1102,9308,16311,29,1,1
11260,3738,280,50,7254,7124,1062,7404,12534,7,1,1
11261,3507,451,40,6302,6142,1032,6452,11492,10,1,1
11262,2043,1203,40,15439,15209,3046,15599,21931,20,1,1
11263,7234,3417,40,20068,19617,3146,20258,34095,50,1,1
11264,8065,6472,40,21631,20910,1313,21841,37731,86,1,1
11265,12073,8506,40,21721,20880,1052,21941,43632,102,1,1
11266,4258,731,40,9357,9177,1724,9518,16281,14,1,1
11267,3797,682,40,8426,8246,1092,8576,14197,13,1,1
11268,2585,651,40,10680,10500,621,10840,14747,13,1,1
11269,13766,16271,40,27121,25709,1714,27401,59202,181,1,1
11270,6242,4779,40,20178,19587,1233,20368,32672,68,1,1
11271,5240,651,40,18566,18384,1683,18716,26330,13,1,1
11272,3747,140,40,8706,8606,992,8857,13786,2,1,1
11273,3286,1122,41,11902,11672,1232,12063,17743,21,1,1
11274,6863,6102,40,26009,25288,1994,26209,41228,80,1,2
11275,6793,5360,51,41628,40947,2535,41839,56567,76,1,2
11276,3136,1182,40,19748,19527,9127,19898,33403,19,1,1
11277,3246,501,40,12984,12824,2144,13145,19076,11,1,1
11278,1994,902,50,11021,10831,2906,11191,17043,16,1,1
11279,7535,6462,40,17152,16431,2374,17363,33764,86,1,1
11280,6472,3246,40,18876,18425,6903,19056,35717,49,1,1
11281,6713,4698,40,24777,24206,4628,24968,41047,65,1,1
11282,12314,7995,40,23585,22773,13756,23805,57920,98,1,1
11283,6843,4188,41,21811,21290,7574,22002,40667,60,1,1
11284,4088,1883,50,14297,13997,2284,14478,22773,31,1,1
11285,7074,4668,40,15790,15219,2114,15991,29887,67,1,1
11286,6662,5030,50,20409,19798,1833,20609,34184,72,1,1
11287,2715,501,40,19487,19337,14547,19637,37460,9,1,1
11288,2154,451,40,18986,18846,8136,19136,29927,9,1,1
11289,4118,1994,40,18495,18174,2184,18655,27001,32,1,1
11290,6493,5149,40,21731,21120,2244,21932,35868,71,1,1
11291,2344,351,40,18835,18685,14337,18976,36058,8,1,1
11292,6513,3306,40,20188,19758,12163,20369,42391,48,1,1
11293,7915,7855,40,21981,21160,1012,22192,39024,98,1,1
11294,6853,6001,50,16291,15619,2024,16501,31420,81,1,1
11295,8216,6683,40,16752,16010,2374,16962,34285,89,1,1
11296,2514,501,41,19366,19206,16411,19517,38993,11,1,1
11297,14207,14597,40,23594,22252,13175,23875,65895,165,1,2
11298,6402,5831,50,20188,19537,1262,20399,33934,78,1,1
11299,6322,4919,40,21281,20669,2214,21471,34976,70,1,1
11300,2144,201,50,18775,18665,16010,18926,37321,4,1,1
11301,17504,21640,40,6582,4779,14567,6894,60655,232,1,1
11302,8826,7064,40,22793,22062,11101,23003,50044,87,1,1
11303,3867,1683,40,18886,18595,2014,19046,26670,28,1,1
11304,6693,4999,40,20409,19797,1543,20609,33874,70,1,1
11305,2294,361,40,18886,18746,15980,19036,37711,8,1,1
11306,17714,22943,40,6964,5049,16170,7294,64151,246,1,1
11307,7063,4709,40,21100,20549,13005,21290,46107,64,1,1
11308,3447,1202,50,12724,12474,2114,12885,19708,23,1,1
11309,6923,3967,41,14617,14126,2094,14808,27832,55,1,1
11310,6873,6001,40,27181,26510,1493,27382,41799,79,1,1
11311,2074,211,40,18705,18595,15710,18855,36900,4,1,1
11312,17663,20950,40,24947,23194,15058,25258,78989,221,1,2
11313,3586,1113,40,15419,15179,2034,15579,22352,20,1,1
11314,6272,4609,50,18625,18084,1223,18815,30969,63,1,1
11315,7043,5531,40,21440,20779,1522,21641,35797,78,1,1
11316,2234,121,40,18304,18204,15689,18445,36539,1,1,1
11317,17373,22553,40,6833,4960,14197,7173,61326,242,1,1
11318,17163,17533,40,25559,24056,9728,25859,70313,191,1,1
11319,3817,1002,41,33553,33333,2866,33704,41449,18,1,1
11320,3186,2063,40,22031,21691,1944,22202,29436,33,1,1
11321,6773,4989,40,52059,51457,1553,52259,65604,68,1,1
