batch_id,d1_ns,d2_ns,d3_ns,d4_ns,d5_ns,d6_ns,svc_ns,total_ns,num_faults,num_va_spaces,num_blocks
11838,29906,33183,491,99368,96573,11011,100912,175302,220,1,1
11839,10881,10600,71,54463,53371,11352,54854,87767,82,1,1
11840,9338,1924,60,30969,30638,1563,31199,44114,19,1,1
11841,5912,2785,70,29125,28695,12083,29376,50246,28,1,1
11842,4639,381,60,13456,13276,1693,13676,20449,5,1,1
11843,9849,9188,60,32522,31530,4378,32822,56317,78,1,1
11844,9498,9989,60,34075,33052,2164,34385,56126,82,1,1
11845,5300,872,70,28784,28534,16601,29015,51868,11,1,1
11846,8877,3858,60,29626,29095,9979,29886,52670,38,1,1
11847,10350,9618,71,50125,48271,2395,50586,73149,80,1,1
11848,9648,9467,210,58752,57438,4058,59372,82637,73,1,1
11849,6362,4178,80,42741,42150,24927,43182,78739,28,1,1
11850,12103,9238,80,41359,40336,12574,41739,75744,57,1,1
11851,11021,6933,80,39525,38643,3186,39926,61166,48,1,1
11852,11663,11682,80,39856,38604,4318,40266,68029,73,1,1
11853,7685,1973,80,37280,36860,23033,37602,70383,17,1,1
11854,12073,8436,81,39454,38453,19026,39826,79461,56,1,1
11855,1303,280,80,18866,18635,992,19157,21822,4,1,1
11856,19276,16472,80,37471,35848,1402,37912,75162,98,1,1
11857,6362,4900,80,37191,36479,4278,37551,53191,37,1,1
11858,7505,3607,80,38463,37872,27302,38803,77307,28,1,1
11859,5360,2475,90,36659,36189,20148,36980,65073,21,1,1
11860,9438,4980,40,16411,15950,1914,16591,32993,50,1,1
11861,7474,5781,40,15860,15239,1723,16051,31079,72,1,1
11862,5851,4729,40,19547,18996,2445,19757,32832,64,1,1
11863,27141,24457,671,72497,70123,4428,74391,130908,78,1,1
11864,11181,4649,80,45667,44835,35437,46067,97424,33,1,1
11865,4138,1403,80,34906,34465,27592,35207,68430,13,1,1
11866,5851,2355,80,38102,37621,3056,38432,49774,19,1,1
11867,21801,20739,80,33664,31540,1403,34115,78148,121,1,1
11868,6051,4509,80,27833,27011,3326,28163,42139,34,1,1
11869,11332,10450,80,28484,27002,1303,28854,52029,73,1,1
11870,33403,18385,80,43803,42050,25148,44244,121270,109,1,1
11871,5340,1242,81,34134,33804,22944,34425,64041,12,1,1
11872,9438,8546,80,29516,28524,1333,29877,49284,58,1,1
11873,12323,7574,80,25127,24156,1723,25489,47199,55,1,1
11874,5440,3778,80,28815,28124,3757,29125,42190,31,1,1
11875,12974,10160,80,25829,24657,1393,26199,50826,71,1,1
11876,21842,11081,40,22733,21711,13566,22953,69482,123,1,1
11877,1342,251,40,17964,17854,14718,18104,34455,5,1,1
11878,15770,23033,40,6883,4989,3547,7194,49594,247,1,1
11879,7975,6533,40,21401,20719,2124,21601,38273,85,1,1
11880,6803,5701,40,21360,20729,1954,21560,36048,78,1,1
11881,3156,210,40,17654,17534,15459,17784,36659,5,1,1
11882,15870,22092,40,6482,4709,14868,6793,59673,239,1,1
11883,5040,2665,40,18906,18515,12454,19076,39265,43,1,1
11884,6953,6713,40,17784,17072,1102,17994,32792,89,1,1
11885,4769,1964,40,12534,12244,1613,12694,21100,31,1,1
11886,7374,6963,40,21701,20940,1433,21911,37721,95,1,1
11887,2535,110,40,17113,17022,14247,17263,34195,1,1,1
11888,16702,21691,30,6452,4679,13626,6752,58831,238,1,1
11889,4709,3217,40,18845,18415,11852,19016,38824,48,1,1
11890,2535,692,40,12644,12454,2134,12794,18195,14,1,1
11891,4920,2144,40,12454,12103,1513,12614,21241,36,1,1
11892,6802,5862,40,17132,16481,1794,17332,31820,80,1,1
11893,2976,120,40,11111,11031,7004,11251,21381,1,1,1
11894,3447,1423,40,19056,18806,7324,19206,31450,23,1,1
11895,7164,5069,41,19847,19266,11873,20038,44184,70,1,1
11896,4489,2354,40,14157,13806,1983,14328,23184,38,1,1
11897,6702,4950,40,15700,15129,1513,15890,29095,70,1,1
11898,3908,511,40,11642,11482,1824,11782,18075,10,1,1
11899,5450,2284,41,32070,31640,16682,32231,56687,36,1,2
11900,2585,1353,40,18024,17774,11863,18184,34025,25,1,1
11901,5039,3387,40,15068,14608,1322,15249,25037,53,1,1
11902,6132,4779,40,14918,14357,2535,15098,28604,67,1,1
11903,4097,1864,40,13927,13616,3677,14087,23755,31,1,1
11904,6522,3246,40,19798,19376,4519,19978,34305,48,1,1
11905,7965,7013,41,15769,15038,1302,15981,32291,92,1,1
11906,6101,3026,40,18505,18105,12314,18675,40156,44,1,1
11907,5801,4919,40,16702,16111,1202,16902,28854,72,1,1
11908,5731,4709,40,15269,14698,1703,15459,27642,68,1,1
11909,3216,1323,40,13325,13095,4038,13485,22102,22,1,1
11910,7093,4769,41,20248,19687,3767,20439,36118,68,1,1
11911,6953,5681,40,16241,15600,1914,16441,31019,80,1,1
11912,8216,7063,40,20529,19797,4278,20740,40337,92,1,1
11913,3636,1423,40,12544,12294,2435,12704,20248,25,1,1
11914,6272,4388,41,14387,13866,2194,14578,27472,63,1,1
11915,3226,791,40,12675,12473,4218,12825,21100,16,1,1
11916,6252,3576,40,19457,19006,5520,19638,35026,53,1,1
11917,7134,5941,40,16091,15439,2004,16281,31420,80,1,1
11918,7374,5751,40,20088,19457,5761,20279,39205,77,1,1
11919,3818,941,40,11561,11361,1923,11713,18435,17,1,1
11920,6963,4438,41,13665,13134,2033,13857,27331,64,1,1
11921,3767,401,40,15750,15570,1774,15900,21882,9,1,2
11922,2165,781,40,13295,13105,4628,13446,21080,15,1,1
11923,7033,4449,40,20419,19868,1793,20599,33924,65,1,1
11924,7123,6362,40,16160,15469,2445,16361,32331,86,1,1
11925,7224,5460,40,19928,19307,1373,20118,34235,77,1,1
11926,17153,7834,40,13125,12413,12303,13316,50656,88,1,1
11927,2645,160,41,7834,7734,9137,7976,19968,3,1,1
11928,9027,6032,40,13285,12624,6633,13475,35217,81,1,1
11929,3076,1573,41,7744,7474,3407,7905,16001,27,1,1
11930,14187,13847,40,19206,17964,1223,19466,48753,163,1,1
11931,7073,3557,40,19507,19046,8246,19667,38603,52,1,1
11932,6643,5270,40,17743,17132,1202,17944,31099,75,1,1
11933,7434,3056,40,18385,17984,7254,18565,36359,47,1,1
11934,3717,1423,40,10891,10630,1653,11041,17884,25,1,1
11935,5731,3937,30,11191,10690,1272,11372,22362,58,1,1
11936,3176,1242,40,15058,14808,2896,15209,22573,23,1,1
11937,7564,3527,40,19487,19037,3848,19657,34636,52,1,1
11938,7003,5922,40,17683,17012,1923,17874,32762,84,1,1
11939,8135,5391,40,19537,18926,1813,19717,35096,74,1,1
11940,4128,1062,40,10179,9959,1573,10330,17143,20,1,1
11941,6092,3857,40,10720,10250,1252,10911,22152,56,1,1
11942,2855,812,40,8967,8787,2876,9117,15710,15,1,1
11943,7955,4909,40,15289,14698,1963,15480,30347,71,1,1
11944,6182,1583,40,18385,18115,8947,18545,35307,28,1,1
11945,8756,4359,40,17202,16682,2033,17393,32601,64,1,1
11946,5891,3015,40,18586,18194,3537,18756,31250,44,1,1
11947,3697,1032,40,9407,9187,1973,9559,16311,19,1,1
11948,4508,2164,40,8977,8636,1112,9138,16972,36,1,1
11949,3807,441,40,6843,6683,1133,6993,12414,10,1,1
11950,3466,1092,40,6032,5790,1182,6192,11972,23,1,1
11951,3567,2505,40,17092,16732,3607,17262,27001,40,1,1
11952,7394,3066,40,18866,18445,2194,19036,31740,47,1,1
11953,7143,6252,40,20098,19416,1593,20299,35327,85,1,1
11954,5160,2154,40,17944,17603,1513,18105,26982,36,1,1
11955,3116,110,41,8626,8536,1513,8767,13546,1,1,1
11956,3757,410,30,5451,5300,2174,5591,11983,9,1,1
11957,2976,301,40,7895,7785,1132,8045,12494,6,1,1
11958,5411,3847,40,17293,16812,2645,17473,29426,58,1,1
11959,5922,1733,40,17884,17583,1753,18044,27482,30,1,1
11960,7855,7184,40,20529,19757,1312,20729,37130,96,1,1
11961,3877,441,41,17192,17052,2565,17343,24276,10,1,1
11962,4218,370,40,8236,8085,1012,8376,14026,10,1,1
11963,2474,491,40,10059,9908,2815,10200,16030,11,1,1
11964,6843,5220,40,16191,15580,2194,16391,30678,75,1,1
11965,6372,5130,40,21140,20538,2224,21321,35087,72,1,1
11966,5941,1312,41,17773,17503,2375,17924,27602,25,1,1
11967,4829,1533,40,18796,18515,3957,18956,29325,29,1,1
11968,3146,111,40,11702,11612,1713,11842,16852,1,1,1
11969,6973,5831,40,18966,18285,1934,19166,33934,83,1,1
11970,9949,11953,40,25308,24216,1172,25548,48672,142,1,1
11971,2875,180,41,17352,17232,12062,17493,32641,4,1,1
11972,2124,521,40,17634,17463,7634,17784,28103,11,1,1
11973,5159,2896,40,19577,19167,2064,19757,29926,47,1,1
11974,6462,5190,41,22442,21821,2605,22643,36950,76,1,1
11975,2635,701,40,18265,18105,12674,18415,34475,13,1,1
11976,2094,861,41,17653,17453,10720,17804,31529,17,1,1
11977,12734,13766,40,22492,21280,1804,22743,51097,158,1,1
11978,6372,5110,40,20188,19587,2014,20378,33934,73,1,1
11979,2254,291,40,17533,17413,11662,17684,31941,7,1,1
11980,2104,521,40,17313,17143,11662,17453,31780,11,1,1
11981,7394,5380,40,17193,16572,1232,17383,31429,75,1,1
11982,7434,4729,40,14327,13766,2053,14518,28784,69,1,1
11983,6412,5260,40,19958,19316,2003,20149,33874,77,1,1
11984,3667,1062,40,18004,17794,16090,18154,39013,19,1,1
11985,14447,16441,40,22683,21210,12724,22954,66606,189,1,2
11986,5981,4940,40,15650,15069,1162,15840,27973,71,1,1
11987,6582,4368,40,14668,14147,2474,14859,28323,63,1,1
11988,6302,5290,40,20960,20339,1703,21150,34495,75,1,1
11989,3146,401,40,17814,17664,15509,17964,37050,10,1,1
11990,15920,22172,40,6672,4849,14106,6994,59232,245,1,1
11991,4840,3897,40,19728,19227,12263,19908,40958,58,1,1
11992,6192,4989,41,16010,15429,1633,16201,29075,72,1,1
11993,6863,4158,40,14688,14157,2535,14878,28464,64,1,1
11994,6252,4969,40,20188,19597,1543,20379,33203,73,1,1
11995,2354,301,40,17103,16972,14988,17243,34926,6,1,1
11996,16731,21661,40,6512,4719,14087,6813,59332,240,1,1
11997,4709,3226,40,18906,18485,13706,19076,40757,47,1,1
11998,5090,3737,40,14658,14177,1503,14828,25218,56,1,1
11999,6483,4258,40,13836,13325,2114,14016,26921,61,1,1
12000,7123,4669,40,15339,14768,1943,15530,29315,69,1,1
12001,7374,4588,40,13365,12844,1553,13566,27131,64,1,1
12002,2074,160,40,17033,16923,14487,17163,33934,3,1,1
12003,12934,12805,40,22623,21451,20028,22863,68680,148,1,2
12004,5540,4117,40,15409,14908,1483,15590,26771,59,1,1
12005,7123,3136,40,13085,12674,1994,13255,25558,47,1,1
12006,7635,5350,40,20098,19477,1734,20288,35057,76,1,1
12007,2825,461,40,17664,17523,15069,17814,36219,10,1,1
12008,15589,18145,40,22984,21392,12874,23274,69932,207,1,2
12009,4889,3778,40,25999,25518,1253,26179,36149,57,1,1
12010,4158,611,40,11582,11412,1714,11742,18255,13,1,1
12011,6863,5130,40,15630,15039,1583,15820,29436,72,1,1
12012,4058,1543,40,12203,11942,1813,12363,19817,26,1,1
12013,4619,1683,30,18405,18145,11221,18555,36138,25,1,1
12014,1804,390,40,17633,17483,13476,17784,33494,9,1,1
12015,1984,461,40,12223,12083,1954,12373,16822,10,1,1
12016,4368,2265,40,15349,15018,1653,15519,23845,36,1,1
12017,7144,6512,41,17703,17002,1563,17914,33183,88,1,1
12018,1994,170,40,29075,28914,17483,29215,48902,3,1,2
12019,2164,520,40,17393,17232,10600,17533,30869,10,1,1
12020,1593,110,41,24366,24276,17924,24507,44164,1,1,1
12021,16151,21190,40,19827,18084,18145,20138,75684,234,1,1
12022,1663,391,40,8115,7985,8045,8266,18405,8,1,1
12023,16792,21882,40,17644,15850,17162,17964,73860,241,1,1
12024,2555,110,40,11421,11321,1954,11562,16221,1,1,1
12025,5310,2985,41,31519,31079,20139,31690,60154,44,1,2
12026,2995,832,40,18986,18786,15499,19136,38522,17,1,1
12027,5591,4228,40,14738,14217,1513,14928,26300,61,1,1
12028,6162,4799,40,14037,13466,2375,14217,27603,68,1,1
12029,4298,2034,40,13165,12844,3627,13325,23334,34,1,1
12030,7775,6582,40,20959,20248,2776,21160,38343,88,1,1
12031,7264,5911,40,16271,15609,1694,16471,31400,84,1,1
12032,6772,5921,40,20669,20018,5431,20869,39034,81,1,1
12033,2946,771,41,10850,10670,2244,11001,17012,15,1,1
12034,6453,4097,40,10079,9568,1182,10260,22032,60,1,1
12035,5921,4348,40,15179,14637,2034,15359,27722,64,1,1
12036,3096,732,40,13024,12844,4518,13174,21571,14,1,1
12037,5791,3677,40,19878,19417,6362,20058,35938,53,1,1
12038,6783,6322,40,15810,15128,1873,16010,31039,84,1,1
12039,7304,5440,40,20309,19708,5490,20489,38773,73,1,1
12040,3426,1473,40,13055,12805,2595,13215,20739,24,1,1
12041,6272,4528,40,14086,13555,1934,14267,27041,63,1,1
12042,3457,1312,40,13586,13326,3747,13746,22302,25,1,1
12043,6422,4478,40,19758,19207,3326,19948,34205,65,1,1
12044,8025,7554,40,23695,22923,1733,23905,41258,98,1,1
12045,3337,721,40,9919,9739,2094,10079,16281,15,1,1
12046,3767,601,40,8086,7925,1443,8236,14087,12,1,1
12047,7895,7574,40,13245,12453,1022,13466,30007,101,1,1
12048,3627,401,40,8366,8225,1763,8516,14347,9,1,1
12049,6302,4769,40,15630,15049,2985,15820,29926,71,1,1
12050,7174,5931,40,20349,19678,1553,20539,35237,82,1,1
12051,7103,5771,30,16541,15870,1874,16732,31530,82,1,1
12052,7053,5540,40,20198,19567,1804,20399,34846,78,1,1
12053,3857,1082,41,9387,9157,2135,9538,16662,21,1,1
12054,6011,3015,40,9498,9087,1122,9679,19868,47,1,1
12055,5341,3416,40,11061,10631,1343,11231,21381,50,1,1
12056,3687,541,41,7995,7834,1463,8146,13897,13,1,1
12057,4949,3276,40,15108,14677,3076,15289,26630,51,1,1
12058,7484,4238,40,19738,19207,5260,19918,36950,63,1,1
12059,7334,6443,40,19236,18525,1263,19436,34536,88,1,1
12060,5841,3246,40,18856,18425,8015,19026,36178,48,1,1
12061,2955,712,40,9518,9338,1683,9668,15068,14,1,1
12062,5891,3717,40,10850,10379,1403,11021,22082,54,1,1
12063,3757,1032,40,7454,7224,1032,7594,13465,20,1,1
12064,4658,2315,40,16351,16000,2184,16531,25718,38,1,1
12065,7875,3767,40,19257,18776,3467,19437,34586,56,1,1
12066,7024,5941,40,17764,17103,1843,17964,32812,82,1,1
12067,11241,7965,40,20409,19607,1052,20619,40907,100,1,1
12068,3587,1162,40,10180,9939,1943,10330,17062,23,1,1
12069,6161,3697,40,12103,11632,1442,12284,23644,56,1,1
12070,2605,862,40,13917,13726,3015,14077,20599,16,1,1
12071,7785,3116,40,34696,34256,7665,34866,53482,44,1,2
12072,6602,3276,41,18424,18014,2835,18606,31359,48,1,1
12073,3807,1002,40,9598,9388,2335,9748,16932,19,1,1
12074,3977,1273,40,8105,7845,982,8265,14537,25,1,1
12075,3957,340,40,6643,6503,1062,6783,12183,8,1,1
12076,4909,280,40,5421,5300,1102,5571,11913,7,1,1
12077,5490,2575,40,15710,15329,4268,15870,28253,42,1,1
12078,7434,3006,40,18675,18264,3206,18845,32521,45,1,1
12079,7243,6713,40,19447,18735,1343,19657,34996,89,1,1
12080,6452,1704,40,17743,17433,2665,17903,28765,31,1,1
12081,3597,321,40,8015,7885,962,8165,13075,8,1,1
12082,3847,1122,40,12874,12604,1052,13024,19096,20,1,2
12083,4007,1803,40,11111,10791,2044,11271,19166,33,1,1
12084,7434,5110,40,16592,15980,2184,16772,31560,74,1,1
12085,5150,701,40,19357,19166,1683,19507,27081,15,1,1
12086,6723,5430,40,19668,19026,1302,19868,33363,78,1,1
12087,22482,16762,41,26560,25097,4108,26841,70223,192,1,1
12088,3366,582,40,8205,8025,1193,8355,13536,13,1,1
12089,3597,1222,40,9909,9669,2365,10069,17283,23,1,1
12090,7174,5430,40,16351,15730,2695,16532,31881,75,1,1
12091,7194,5500,40,21792,21161,1853,21982,36589,77,1,1
12092,4839,391,40,17193,17042,2314,17333,24917,10,1,1
12093,6733,4158,40,20078,19577,8727,20268,39936,60,1,1
12094,2966,922,30,12754,12534,2996,12904,19828,18,1,1
12095,7204,4679,40,15149,14588,2234,15339,29506,69,1,1
12096,7173,5791,41,17332,16691,1813,17523,32351,79,1,1
12097,7093,5481,40,14537,13916,1222,14728,28574,76,1,1
12098,2826,490,40,17703,17543,13736,17843,34946,11,1,1
12099,1633,431,40,17724,17584,8216,17874,28204,9,1,1
12100,4037,2355,40,15008,14668,2524,15168,24135,37,1,1
12101,6732,4258,40,13896,13365,1733,14077,26860,63,1,1
12102,5651,4829,40,19597,19016,2194,19788,32492,69,1,1
12103,2745,471,40,17774,17623,12694,17914,33874,9,1,1
12104,1944,430,40,17383,17242,13425,17534,33373,9,1,1
12105,7424,7093,30,20919,20178,1163,21120,36850,92,1,1
12106,6452,5100,40,20449,19838,2024,20649,34265,75,1,1
12107,2545,320,41,17563,17423,12944,17704,33553,7,1,1
12108,2866,701,40,18075,17893,9237,18225,31079,14,1,1
12109,2134,411,40,9579,9427,2735,9729,15059,9,1,1
12110,4790,2294,40,15680,15339,1493,15860,24477,38,1,1
12111,7314,5290,40,20399,19788,2134,20589,35387,74,1,1
12112,3026,541,40,17773,17613,15168,17914,36709,11,1,1
12113,15990,21481,41,6512,4739,18866,6823,63200,238,1,1
12114,8686,6853,40,21421,20710,17092,21631,54302,90,1,1
12115,6212,5340,40,20860,20249,1232,21060,33884,76,1,1
12116,6923,5951,40,22022,21350,2495,22222,37631,83,1,1
12117,2775,642,40,17813,17643,15349,17964,36780,13,1,1
12118,16181,21661,40,6602,4789,16181,6903,60986,241,1,1
12119,7745,5891,41,20639,19977,13465,20840,47981,81,1,1
12120,2084,110,40,7595,7505,8035,7735,18004,1,1,1
12121,16872,21521,40,23094,21330,26521,23404,88378,237,1,1
12122,1683,421,40,8005,7855,8456,8155,18755,9,1,1
12123,16902,21520,40,23765,21972,16852,24076,79380,239,1,1
12124,2083,161,40,17543,17443,14257,17683,34234,3,1,1
12125,16531,21350,40,6633,4819,19867,6953,64742,243,1,1
12126,8917,6452,40,19657,18976,16431,19848,51698,83,1,1
12127,4769,3336,40,19647,19216,1433,19828,29406,49,1,1
12128,6602,5250,40,19827,19216,1693,20028,33613,75,1,1
12129,2124,110,40,17182,17092,14878,17323,34475,1,1,1
12130,17062,19467,30,23614,21891,11763,23915,72237,224,1,2
12131,4118,1854,30,14056,13756,2164,14217,22393,31,1,1
12132,6833,3377,40,13085,12654,1953,13265,25468,50,1,1
12133,6813,5250,40,19277,18656,1873,19467,33443,75,1,1
12134,2504,110,40,17243,17152,12844,17383,32882,1,1,1
12135,1673,391,40,17413,17263,11141,17543,30798,9,1,1
12136,3126,831,40,13165,12965,2104,13325,19436,17,1,1
12137,4649,1082,40,11953,11722,1322,12103,19206,21,1,1
12138,6652,5300,40,15198,14567,1532,15390,28914,77,1,1
12139,4077,1333,40,12404,12153,1593,12564,19607,25,1,1
12140,5180,1353,40,18245,17994,13415,18405,38393,23,1,1
12141,1853,671,40,17543,17363,13005,17694,33273,14,1,1
12142,5330,4238,40,18395,17854,1223,18585,29406,65,1,1
12143,4810,1863,40,25128,24798,2114,25278,34115,30,1,2
12144,1653,130,40,11853,11753,671,11983,14477,2,1,1
12145,17683,11672,40,22492,21410,22203,22743,74341,137,1,2
12146,2274,1002,40,18155,17954,12063,18315,33694,18,1,1
12147,7485,6973,40,15710,14948,1142,15920,31550,95,1,1
12148,6251,4970,40,15480,14919,1843,15670,28784,68,1,1
12149,4088,381,40,11652,11502,2144,11792,18455,10,1,1
12150,6462,1854,40,18074,17804,16402,18244,43002,28,1,1
12151,8516,7645,40,16752,15941,1433,16972,34606,103,1,1
12152,6011,3868,40,19206,18736,14818,19377,44124,54,1,1
12153,5801,4709,40,14989,14408,1222,15179,26951,70,1,1
12154,6462,5470,40,17173,16571,2304,17373,31649,73,1,1
12155,3697,1352,40,14067,13827,4399,14227,23725,24,1,1
12156,5801,4078,40,20058,19557,2515,20248,32692,61,1,1
12157,7073,5851,40,16051,15380,2515,16251,31740,83,1,1
12158,6863,5040,40,20339,19738,1873,20529,34355,73,1,1
12159,3677,1322,40,13094,12864,2865,13256,21170,23,1,1
12160,6682,4258,40,13275,12764,1974,13466,26430,62,1,1
12161,3958,1122,40,8506,8276,1393,8666,15179,22,1,1
12162,5280,2895,40,14377,13966,4248,14548,27011,45,1,1
12163,7173,4679,40,20209,19648,1953,20399,34244,67,1,1
12164,8095,6893,40,23304,22553,2564,23515,41097,93,1,1
12165,2946,541,40,11061,10891,3948,11211,18676,12,1,1
12166,5601,2975,41,11531,11131,1232,11713,21561,45,1,1
12167,6914,4328,40,14177,13626,1773,14357,27422,65,1,1
12168,3587,1453,40,13405,13145,3697,13566,22343,26,1,1
12169,8235,4349,40,19867,19337,5450,20058,38142,64,1,1
12170,7073,5851,40,15650,14979,1834,15850,30658,83,1,1
12171,7114,5360,40,19868,19257,3417,20058,35989,74,1,1
12172,3186,1022,40,12294,12063,2525,12434,19207,20,1,1
12173,7043,6723,40,12915,12183,1022,13115,27943,90,1,1
12174,3116,691,40,12624,12444,3918,12774,20549,15,1,1
12175,6332,3407,40,19327,18886,3506,19517,32812,51,1,1
12176,4478,1473,40,14808,14538,1593,14968,22552,27,1,1
12177,5851,3086,41,18765,18334,6212,18936,34135,48,1,1
12178,4208,1863,40,11021,10710,1723,11192,19026,33,1,1
12179,6833,3998,40,11121,10630,1624,11301,23796,58,1,1
12180,4248,1793,40,8717,8405,1032,8877,15990,32,1,1
12181,4058,852,40,8336,8135,1503,8486,14949,18,1,1
12182,5380,2816,40,14357,13976,4238,14527,27011,43,1,1
12183,6933,4108,40,20088,19587,1784,20268,33143,60,1,1
12184,7194,6442,40,19888,19166,1593,20088,35357,88,1,1
12185,6964,4618,40,19076,18535,1633,19267,32542,66,1,1
12186,3186,671,41,9648,9468,1733,9789,15419,13,1,1
12187,6232,4058,40,10921,10410,1342,11111,22783,61,1,1
12188,3646,622,40,7083,6903,1112,7233,12663,13,1,1
12189,6101,4709,40,17674,17113,2044,17864,30758,68,1,1
12190,6803,3737,40,19366,18886,4278,19547,34406,55,1,1
12191,6993,6061,40,19306,18605,1694,19507,34295,87,1,1
12192,6793,3807,40,19016,18515,2875,19197,32722,57,1,1
12193,5040,3286,40,11552,11121,1102,11712,21190,48,1,1
12194,4519,2264,41,10139,9808,1513,10310,18636,36,1,1
12195,2114,261,40,8606,8486,591,8757,11763,6,1,1
12196,16221,15960,40,18826,17453,1793,19107,53131,182,1,1
12197,7094,3186,40,27592,27132,7444,27753,45527,47,1,2
12198,7784,5851,40,19607,18936,1423,19807,34906,83,1,1
12199,6502,3357,40,18545,18094,3607,18715,32241,51,1,1
12200,4429,1212,40,9388,9138,1844,9538,17083,23,1,1
12201,4499,1903,40,8335,8025,1032,8507,15981,34,1,1
12202,3677,1183,40,9638,9408,2054,9788,16762,22,1,1
12203,7364,5350,40,16281,15660,2444,16481,31670,76,1,1
12204,6312,2485,40,23635,23254,1563,23805,34225,37,1,2
12205,7986,7253,30,21140,20358,1052,21351,37672,97,1,1
12206,5992,1873,40,18384,18064,1753,18556,28214,34,1,1
12207,3677,180,40,7715,7615,1042,7865,12814,4,1,1
12208,3577,401,40,5370,5240,1273,5520,10801,8,1,1
12209,3096,681,40,15039,14828,1293,15189,20309,14,1,2
12210,5691,3777,40,16852,16361,3897,17032,30437,56,1,1
12211,5521,1382,40,17733,17473,1794,17894,26641,25,1,1
12212,7625,6693,40,23715,21982,1052,23925,39345,90,1,1
12213,12935,16271,40,24847,23455,6803,25117,61166,183,1,1
12214,4077,662,40,7985,7805,1162,8125,14076,14,1,1
12215,3707,1663,40,10630,10350,2395,10790,18595,28,1,1
12216,7614,5711,40,16492,15830,2835,16692,32882,80,1,1
12217,7103,5881,41,23364,22713,1863,23565,38462,80,1,1
12218,3687,661,40,17914,17734,3227,18064,25689,15,1,1
12219,6652,4940,40,20258,19677,4839,20448,36929,70,1,1
12220,13866,7364,40,27302,26561,10590,27502,59362,92,1,1
12221,7434,4038,40,15389,14888,3627,15569,30708,58,1,1
12222,942,191,40,8165,8065,682,8305,10170,4,1,1
12223,17483,18104,40,22883,21370,9889,23174,68690,201,1,1
12224,13716,10129,40,22964,22042,10019,23194,57108,118,1,1
12225,1443,400,40,17683,17543,7995,17824,27712,8,1,1
12226,4559,2063,40,12954,12634,2405,13124,22202,34,1,1
12227,7524,5331,40,15429,14858,2465,15619,30999,71,1,1
12228,6553,5550,40,15539,14908,2335,15730,30218,77,1,1
12229,7705,6322,40,15540,14858,1613,15740,31430,84,1,1
12230,2023,201,40,17774,17663,13575,17914,33743,4,1,1
12231,2014,451,40,17553,17413,11361,17704,31560,9,1,1
12232,8446,8506,40,16952,16111,1342,17183,35507,107,1,1
12233,7224,5180,40,15069,14478,2384,15269,30097,72,1,1
12234,6943,5611,40,20178,19537,1593,20378,34565,77,1,1
12235,1734,110,40,17012,16922,13675,17152,32722,1,1,1
12236,1924,751,40,17934,17753,11231,18085,32021,14,1,1
12237,6622,6322,40,20368,19677,1273,20559,34826,84,1,1
12238,6432,5290,40,21060,20449,1683,21250,34696,75,1,1
12239,2274,311,40,17824,17694,15099,17974,35688,7,1,1
12240,4468,3397,40,18795,18325,11192,18965,38062,52,1,2
12241,6152,5440,40,20969,20348,1222,21161,34025,76,1,1
12242,6572,5421,40,20338,19717,1432,20538,34004,76,1,1
12243,3006,511,40,17674,17503,15589,17814,36970,11,1,1
12244,16000,22403,40,6673,4839,17263,6983,62699,244,1,1
12245,4819,2745,40,19407,19026,15479,19577,42670,43,1,1
12246,7454,6583,40,21421,20709,1212,21621,36900,87,1,1
12247,7414,6553,40,20068,19347,1623,20268,35898,89,1,1
12248,2485,180,40,17683,17573,17894,17814,38423,4,1,1
12249,15951,22292,40,6693,4850,18435,7013,63721,246,1,1
12250,4789,3777,40,20129,19657,15830,20309,44755,56,1,1
12251,4188,2615,40,13806,13446,1473,13976,22302,40,1,1
12252,6833,4178,40,14117,13616,1693,14307,27051,60,1,1
12253,6503,5801,40,20479,19818,1763,20679,34786,80,1,1
12254,3496,1042,41,18054,17833,16541,18205,39324,19,1,1
12255,16020,21461,41,6502,4719,14838,6813,59172,238,1,1
12256,4729,2936,40,18886,18475,13045,19056,39816,45,1,1
12257,6482,5470,40,15960,15319,1243,16150,29406,78,1,1
12258,6843,3486,40,13265,12824,1934,13446,25759,52,1,1
12259,6462,5300,40,20890,20299,1783,21080,34665,72,1,1
12260,2776,451,40,17703,17563,15119,17853,36239,9,1,1
12261,16210,21471,41,6332,4598,11682,6643,56056,233,1,1
12262,7855,5090,40,20800,20209,9408,20990,43383,72,1,1
12263,2885,501,40,11773,11612,3066,11913,18415,11,1,1
12264,6443,3216,40,16060,15630,1443,16230,27392,48,1,1
12265,6462,5411,40,15459,14838,2555,15649,30117,76,1,1
12266,3697,851,40,11773,11562,1793,11923,18325,18,1,1
12267,5641,220,40,17263,17142,15430,17403,38754,5,1,1
12268,2736,931,40,17753,17533,10821,17904,32442,19,1,1
12269,5881,5751,40,15820,15159,1173,16020,28865,81,1,1
12270,6282,4839,40,26370,25768,3196,26561,40918,69,1,2
12271,2264,171,40,17623,17523,14728,17763,34966,3,1,1
12272,13726,15159,40,17884,16552,1884,18154,48963,173,1,2
12273,6763,4538,40,19677,19126,9208,19858,40427,65,1,1
12274,2465,731,40,10180,9989,2274,10320,15840,14,1,1
12275,6011,3076,40,10390,9979,1212,10570,20929,48,1,1
12276,6132,4789,40,15329,14758,2054,15519,28534,69,1,1
12277,12704,12213,41,18565,17433,2354,18806,46117,146,1,1
12278,3186,2004,40,19277,18956,5270,19437,29947,34,1,1
12279,2444,1764,40,14026,13756,2574,14187,21019,28,1,1
12280,2715,1733,40,19006,18725,5230,19167,28905,29,1,1
12281,4819,3897,40,14638,14116,1032,14808,24616,60,1,1
12282,2534,1533,40,14578,14317,651,14738,19496,25,1,1
12283,10189,10180,40,16712,15640,4248,16952,41619,134,1,2
12284,3456,2205,40,19547,19206,3336,19717,28764,37,1,1
12285,7845,7324,40,17613,16832,1893,17824,34936,98,1,1
12286,7184,5701,40,21120,20459,1894,21320,36129,81,1,1
12287,4188,2655,40,13415,13054,2214,13586,22693,40,1,1
12288,5710,3647,40,14397,13936,2585,14578,26580,54,1,1
12289,2855,702,40,12844,12664,4349,12994,20940,14,1,1
12290,6893,4108,40,20279,19778,4298,20469,35798,59,1,1
12291,7314,5681,40,23615,22954,2084,23805,38924,80,1,1
12292,3156,901,40,9568,9358,2194,9718,16020,18,1,1
12293,4499,481,40,8296,8135,1853,8446,15329,11,1,1
12294,2645,1263,40,10189,9949,2335,10349,16622,22,1,1
12295,4077,682,40,8065,7875,1453,8215,14477,15,1,1
12296,4097,1884,40,14518,14187,3526,14678,24225,34,1,1
12297,5902,4368,40,20148,19607,9519,20338,40187,65,1,1
12298,7033,5460,41,16351,15719,1903,16552,30998,79,1,1
12299,6973,4829,40,20268,19697,6833,20449,39134,68,1,1
12300,5180,3506,40,12433,11973,1133,12613,22463,52,1,1
12301,6082,4488,40,12043,11492,1462,12224,24316,66,1,1
12302,4028,1653,40,14267,13967,2615,14417,22753,29,1,1
12303,6723,1283,40,26320,26058,16050,26480,50566,21,1,2
12304,3507,2144,40,14107,13766,2404,14267,22362,36,1,1
12305,6813,3907,40,18856,18374,7985,19036,37781,56,1,1
12306,4328,1312,40,10320,10049,1733,10470,17883,25,1,1
12307,6773,4559,40,12494,11953,1473,12684,25549,64,1,1
12308,3697,151,40,7865,7764,1913,7995,13806,2,1,1
12309,6502,4138,40,15760,15239,4068,15950,30698,62,1,1
12310,6533,4017,40,19547,19046,1723,19728,32051,59,1,1
12311,7264,5771,40,26380,25709,1813,26580,41458,82,1,1
12312,14327,5591,40,11913,11322,4178,12103,36249,72,1,1
12313,5139,1323,40,8867,8627,4689,9027,20218,23,1,1
12314,3076,1523,40,6312,6032,2826,6472,13947,28,1,1
12315,3867,812,40,7474,7274,1022,7624,13375,17,1,1
12316,5961,4689,40,19167,18595,2274,19357,32341,70,1,1
12317,7374,4017,40,19257,18775,5501,19447,36379,56,1,1
12318,8066,6151,41,19036,18344,1442,19237,34936,85,1,1
12319,7494,4559,40,19287,18736,2334,19477,33904,65,1,1
12320,3927,541,41,9177,9017,2234,9328,16070,11,1,1
12321,3828,1362,40,14949,14659,1122,15109,21461,26,1,2
12322,3757,571,40,5460,5280,1032,5611,11001,13,1,1
12323,4278,2315,40,16321,15970,3216,16491,26340,39,1,1
12324,6773,2976,40,18495,18074,7424,18675,35878,48,1,1
12325,7635,7083,40,21210,20438,1192,21401,37361,95,1,1
12326,6262,2364,40,18224,17874,3938,18385,31009,38,1,1
12327,5019,2464,40,11903,11541,1713,12073,21330,40,1,1
12328,3847,1593,40,8356,8086,972,8516,14978,27,1,1
12329,3206,1012,40,10530,10330,2605,10690,17543,18,1,1
12330,7744,6292,40,16201,15519,1784,16411,32271,86,1,1
12331,6523,2404,40,18354,18004,4228,18526,31731,39,1,1
12332,7664,7725,40,21631,20810,1082,21841,38372,103,1,1
12333,5149,1323,40,17924,17674,1914,18084,26520,25,1,1
12334,3887,190,40,7524,7404,1052,7665,12854,5,1,1
12335,3096,110,40,4999,4909,1343,5140,9739,1,1,1
12336,2826,501,40,16832,16632,2144,16982,22503,12,1,2
12337,7134,5661,40,16471,15810,3036,16661,32542,80,1,1
12338,5951,1282,41,17793,17543,4930,17944,30157,24,1,1
12339,8677,8386,40,21571,20699,3186,21781,42080,110,1,1
12340,2935,622,40,17994,17834,8706,18144,30457,12,1,1
12341,5100,310,41,8145,8005,1673,8286,15419,7,1,1
12342,11793,6833,40,20849,20098,1102,21060,40828,94,1,1
12343,6603,5390,41,21440,20799,1493,21631,35167,77,1,1
12344,3176,270,41,17082,16952,13275,17213,33984,6,1,1
12345,1834,420,40,17954,17813,8456,18095,28845,9,1,1
12346,3828,1563,40,13135,12874,2555,13295,21291,26,1,1
12347,7274,4468,40,15259,14708,2285,15439,29506,65,1,1
12348,6542,4829,40,14878,14287,1833,15069,28313,71,1,1
12349,6813,5590,40,15499,14858,2044,15689,30177,78,1,1
12350,2344,161,40,17483,17383,14157,17623,34325,3,1,1
12351,1703,381,40,17503,17363,8256,17653,28023,8,1,1
12352,6934,6622,40,22723,21991,1182,22934,37712,91,1,1
12353,6362,5371,40,21250,20629,2505,21430,35728,75,1,1
12354,2935,231,40,17192,17062,13275,17332,33824,6,1,1
12355,1092,241,40,17373,17253,691,17513,19577,5,1,1
12356,17423,19517,41,5931,4328,11231,6232,54453,215,1,1
12357,4479,3777,40,13897,13426,2084,14077,24467,56,1,1
12358,7073,4308,41,14998,14467,2565,15189,29175,63,1,1
12359,7875,6592,40,22122,21420,1773,22323,38603,87,1,1
12360,2405,210,40,17514,17393,14808,17654,35117,5,1,1
12361,16832,21981,40,6662,4839,17163,6973,63009,243,1,1
12362,4569,3266,40,19567,19157,15199,19747,42821,48,1,1
12363,13275,13796,40,23485,22232,1072,23745,51938,165,1,1
12364,6072,6101,40,20759,20178,2445,20939,35608,70,1,1
12365,2064,110,41,17202,17122,15560,17343,35127,1,1,1
12366,6221,5992,40,19858,19157,11752,20058,44063,81,1,2
12367,6372,4920,40,21721,21130,1303,21921,34556,72,1,1
12368,6592,5260,40,20279,19658,1773,20479,34144,76,1,1
12369,3126,221,40,17343,17233,14768,17493,35648,6,1,1
12370,15980,22432,40,6683,4859,20028,7004,65484,244,1,1
12371,7294,4549,40,19617,19076,16141,19797,47841,64,1,1
12372,5139,3397,40,14848,14397,1373,15028,24977,51,1,1
12373,7073,3497,40,13065,12614,1743,13235,25598,51,1,1
12374,6533,4999,40,19837,19266,1974,20028,33594,70,1,1
12375,2344,301,40,17633,17503,14718,17783,35186,7,1,1
12376,6463,5731,40,19487,18816,11732,19687,43663,79,1,2
12377,3156,1492,40,13245,12984,2234,13406,20348,27,1,1
12378,6903,3928,40,13766,13275,1934,13946,26761,57,1,1
12379,7263,6132,40,20189,19517,1783,20389,35617,84,1,1
12380,1924,140,40,17614,17513,15078,17754,34926,2,1,1
12381,16872,21851,40,6542,4749,14738,6863,60364,240,1,1
12382,9267,6683,40,20098,19387,12523,20288,48812,88,1,1
12383,5951,4629,40,15560,14999,1282,15740,27662,67,1,1
12384,7033,2625,40,12915,12544,1883,13085,24666,41,1,1
12385,6923,5160,40,19377,18776,2154,19577,33864,74,1,1
12386,2635,110,40,18345,18255,18385,18485,39655,1,1,1
12387,9057,9057,40,21411,20279,13105,21631,52890,112,1,2
12388,5530,4599,40,15480,14929,1523,15670,27372,67,1,1
12389,4138,882,40,11953,11752,1783,12103,18946,17,1,1
12390,6632,5150,41,16060,15439,1864,16261,29947,75,1,1
12391,4278,1122,40,30448,30188,6973,30608,43011,20,1,2
12392,6933,3146,40,19557,19126,6773,19737,36639,50,1,1
12393,3557,731,40,10380,10180,2194,10530,17062,15,1,1
12394,6533,3687,40,10600,10109,1303,10770,22343,56,1,1
12395,6452,4890,40,15379,14798,2114,15569,29085,71,1,1
12396,3727,381,40,11662,11532,1784,11812,17744,8,1,1
12397,3317,541,40,17763,17603,15208,17914,37030,12,1,1
12398,16010,21651,40,6552,4759,5791,6863,50365,239,1,1
12399,9048,9357,40,17363,16441,1372,17584,37411,118,1,1
12400,5370,3647,40,19818,19347,16411,19998,45466,54,1,1
12401,6402,6071,41,15419,14758,1082,15620,29205,82,1,1
12402,5851,3957,40,15850,15339,1773,16021,27642,59,1,1
12403,3386,1112,40,13306,13074,4238,13456,22242,21,1,1
12404,6041,3808,40,20248,19767,2585,20428,32912,56,1,1
12405,6783,6032,40,16281,15610,2485,16481,31821,83,1,1
12406,6823,4999,40,20389,19808,2645,20579,35086,70,1,1
12407,14828,4699,40,18996,18475,16481,19186,55234,62,1,1
12408,3667,1142,41,8876,8666,7283,9037,21170,20,1,1
12409,2033,642,40,8025,7855,8977,8175,19867,13,1,1
12410,16221,20649,40,18696,16982,10149,19006,66085,230,1,1
12411,16592,18495,40,27933,26340,1834,28233,65194,212,1,1
12412,7024,5921,40,16762,16121,2084,16962,32051,80,1,1
12413,7765,6412,40,21411,20719,1733,21621,37571,86,1,1
12414,3386,1683,40,10560,10280,2215,10710,18034,27,1,1
12415,6312,3496,40,9788,9327,1243,9959,21060,53,1,1
12416,5570,3968,40,14017,13536,1994,14197,25789,57,1,1
12417,3908,1693,40,13576,13296,4970,13736,24357,28,1,1
12418,3717,2254,40,19968,19628,7104,20138,33253,37,1,1
12419,7465,6282,40,16631,15930,1784,16841,32402,87,1,1
12420,7484,5490,40,20399,19787,4970,20589,38593,75,1,1
12421,4298,2034,40,13085,12754,1984,13245,21611,35,1,1
12422,6082,4348,40,11713,11182,1683,11893,24066,63,1,1
12423,3937,592,40,8165,7995,1473,8315,14357,12,1,1
12424,5040,3075,40,15028,14617,3136,15199,26490,46,1,1
12425,6142,3897,40,20088,19597,4339,20268,34696,59,1,1
12426,7064,6091,41,16431,15759,1863,16642,31690,83,1,1
12427,7804,5961,40,20539,19878,3467,20739,38022,82,1,1
12428,1633,100,40,7414,7324,561,7554,9889,1,1,1
12429,9938,7324,40,9888,9137,1143,10099,28534,94,1,1
12430,4128,1603,40,17433,17123,1473,17593,24837,26,1,2
12431,7955,4960,40,10119,9558,1042,10309,24316,68,1,1
12432,2815,621,40,12503,12333,4389,12644,20519,13,1,1
12433,7013,4449,40,20048,19477,1733,20238,33473,67,1,1
12434,7504,6463,40,25488,24767,1142,25698,40857,91,1,1
12435,2685,371,40,9729,9588,2184,9879,15159,9,1,1
12436,7114,3887,40,11552,11071,1122,11732,23895,55,1,1
12437,2665,110,40,7604,7524,2114,7745,12674,1,1,1
12438,7143,5130,40,17604,16993,2224,17804,32341,75,1,1
12439,28444,11202,440,63941,62648,7174,65103,112223,60,1,1
12440,11222,10570,80,45186,43983,1423,45676,68981,70,1,1
12441,4959,1063,80,33543,33263,1753,33834,41699,9,1,1
12442,8646,6342,80,29165,28374,1303,29526,45917,44,1,1
12443,8365,5831,80,18545,17794,1833,18895,35026,41,1,1
12444,6602,1734,80,42751,42191,1523,43051,53000,17,1,2
12445,9538,7674,80,68409,67318,23594,68761,109657,55,1,2
12446,5149,1823,80,34736,34335,10981,35046,53100,17,1,1
12447,5630,2816,80,17113,16612,2254,17433,28233,24,1,1
12448,8246,3456,80,14548,13947,1262,14878,27933,31,1,1
12449,6192,371,80,11492,11282,1643,11772,20068,4,1,1
12450,5841,742,80,9378,9088,1473,9658,17804,9,1,1
12451,4048,2535,80,27783,27312,4429,28103,39215,22,1,1
12452,6082,3106,80,36058,35528,7133,36369,52790,26,1,1
12453,7274,6091,80,35257,34375,2815,35608,51888,45,1,1
12454,13896,7735,80,36419,35507,1453,36790,59964,53,1,1
12455,5430,641,80,12784,12504,1523,13074,20769,9,1,1
12456,7033,1172,80,9528,9187,1323,9818,19447,13,1,1
12457,5480,1443,80,9568,9328,1343,9808,18154,16,1,1
12458,3616,1173,40,16301,16050,2515,16461,23815,23,1,1
12459,7675,2074,40,18084,17754,3106,18264,31159,34,1,1
12460,20689,24276,391,70033,67578,2614,71245,119045,138,1,1
12461,3016,691,80,37111,36839,3537,37461,44795,6,1,1
12462,5340,882,80,22273,22001,1583,22563,30458,8,1,1
12463,3135,161,80,9608,9428,2404,9909,15699,1,1,1
12464,8035,8546,80,35717,34746,2474,36109,55254,57,1,1
12465,8035,1994,81,47520,46978,1753,47821,59693,16,1,2
12466,6092,4689,80,36750,36038,872,37090,48833,38,1,1
12467,27802,35878,80,45637,42631,15790,46208,125768,199,1,1
12468,5841,481,80,13606,13376,1593,13886,21881,5,1,1
12469,8086,6452,80,32833,31970,3406,33173,51207,49,1,1
12470,12263,11411,80,41990,40707,3827,42371,69972,78,1,1
12471,4649,1553,80,35117,34736,23575,35407,65274,15,1,1
12472,4749,2154,70,35297,34856,13285,35598,55876,20,1,1
12473,5541,3086,80,23725,23184,3076,24045,35838,27,1,1
12474,12032,9718,81,29485,28393,2915,29857,54613,65,1,1
12475,19477,21671,40,25910,24777,1352,26150,68710,147,1,1
12476,2725,602,40,18475,18314,13856,18615,35848,11,1,1
12477,6763,3917,40,19668,19177,7354,19848,37922,56,1,1
12478,3767,1813,40,17964,17673,2304,18125,26059,30,1,1
12479,7434,5731,40,19017,18394,2324,19207,34756,76,1,1
12480,2965,1924,40,13406,13115,2465,13566,20970,31,1,1
12481,7224,4809,40,15149,14598,3447,15339,30869,67,1,1
12482,4970,1923,41,19336,19046,13947,19497,40377,30,1,1
12483,2525,892,40,18104,17904,11963,18254,33684,17,1,1
12484,7043,7544,41,22182,21410,1292,22393,38302,96,1,1
12485,8066,7133,40,21631,20880,1512,21842,38593,95,1,1
12486,1944,120,40,17283,17192,12264,17433,31791,1,1,1
12487,2235,491,40,17673,17513,10991,17813,31580,10,1,1
12488,6383,5430,40,18625,18034,1202,18816,31891,73,1,1
12489,7253,4850,40,15319,14758,1663,15509,29325,68,1,1
12490,6392,5521,40,14628,14017,1573,14828,28344,74,1,1
12491,6753,5831,40,15209,14567,1694,15409,29727,80,1,1
12492,2245,310,40,17934,17793,15058,18065,35728,7,1,1
12493,16071,22292,40,6633,4830,14868,6953,60214,243,1,1
12494,4790,2594,40,19016,18675,12794,19187,39415,39,1,1
12495,5961,4468,40,15249,14698,1633,15429,27542,65,1,1
12496,6753,3927,40,14237,13756,2334,14408,27482,56,1,1
12497,6863,5811,40,20880,20228,1543,21080,35337,80,1,1
12498,3266,832,40,18274,18094,17853,18424,40436,16,1,1
12499,16581,21541,40,23785,21992,14788,24106,77056,236,1,2
12500,2555,941,40,10399,10199,1983,10550,16090,18,1,1
12501,5280,3276,40,16111,15670,1403,16291,26290,51,1,1
12502,6452,5450,41,21220,20609,1934,21421,35297,75,1,1
12503,16872,11512,40,22142,21100,16532,22382,67338,135,1,1
12504,2615,1173,40,18194,17964,17003,18344,39195,21,1,1
12505,8086,9498,40,3437,2495,15178,3657,36469,121,1,1
12506,16060,21591,41,24857,23073,22432,25168,85291,238,1,1
12507,4268,1803,40,8987,8697,10990,9148,26259,30,1,1
12508,15880,22463,41,25378,23534,14387,25699,78479,248,1,1
12509,17002,10019,40,21561,20649,17022,21792,65885,118,1,1
12510,2625,531,40,17493,17343,14387,17643,35216,10,1,1
12511,5821,4448,40,15188,14648,1222,15380,26911,64,1,1
12512,7274,3507,40,13325,12904,1704,13505,26040,49,1,1
12513,6583,5300,40,19467,18876,1643,19667,33233,73,1,1
12514,2505,190,40,17443,17343,16802,17583,37130,4,1,1
12515,10540,12113,40,21571,20409,11612,21821,56126,146,1,2
12516,4960,3266,40,19106,18666,1323,19276,28865,51,1,1
12517,6482,4830,40,15639,15068,2013,15830,29205,69,1,1
12518,5441,370,41,29015,28844,17653,29166,52660,7,1,2
12519,2375,511,40,17373,17223,13516,17523,33975,11,1,1
12520,6091,4769,40,15901,15339,1202,16091,28203,67,1,1
12521,6102,4879,40,15830,15278,1883,16021,28925,67,1,1
12522,4549,451,40,11722,11582,1713,11872,18625,10,1,1
12523,6422,2355,40,30798,30438,14076,30969,53862,34,1,2
12524,2765,1102,40,18345,18124,8887,18505,31310,21,1,1
12525,4588,2465,40,13576,13215,1924,13746,22763,40,1,1
12526,6132,4608,40,14507,13976,2575,14698,28043,64,1,1
12527,3637,731,40,12915,12724,4198,13065,21671,15,1,1
12528,6793,3937,40,19998,19507,3446,20179,34405,57,1,1
12529,7153,6232,40,15780,15089,1904,15980,31299,85,1,1
12530,7293,6052,40,21010,20329,3998,21210,38603,85,1,1
12531,3377,1122,40,12504,12283,2084,12664,19297,21,1,1
12532,6212,4839,40,14868,14297,2204,15059,28364,70,1,1
12533,3647,1533,40,13475,13215,3657,13635,22512,26,1,1
12534,8225,6032,40,20619,19958,2565,20819,37681,81,1,1
12535,7033,6222,40,23715,23014,1673,23905,38893,87,1,1
12536,2806,731,40,10430,10250,2214,10580,16371,14,1,1
12537,6222,3036,40,9659,9248,1392,9839,20519,48,1,1
12538,5821,4178,40,14718,14207,1553,14908,26510,62,1,1
12539,3196,1042,40,12915,12694,3958,13065,21301,19,1,1
12540,15339,18185,40,24977,23455,1052,25268,59884,202,1,1
12541,6943,5510,40,17172,16531,1633,17363,31489,79,1,1
12542,7023,5069,40,20589,19988,4138,20780,37050,74,1,1
12543,3927,1563,40,13125,12855,4619,13285,23444,27,1,1
12544,6201,4027,40,13115,12603,1794,13295,25358,59,1,1
12545,3917,882,40,8155,7945,1532,8295,14677,18,1,1
12546,5411,3807,40,14848,14357,3727,15028,28013,57,1,1
12547,6603,4949,40,19968,19386,1573,20158,33343,70,1,1
12548,6433,5490,40,16271,15650,2635,16451,31059,76,1,1
12549,7214,5159,40,19847,19236,2425,20048,34886,75,1,1
12550,2846,831,40,10200,9999,2945,10340,17002,15,1,1
12551,7474,5942,40,12043,11362,1162,12243,26861,84,1,1
12552,4529,1262,40,8335,8095,1382,8497,15710,24,1,1
12553,3146,1062,40,12574,12364,3677,12734,20659,20,1,1
12554,7033,4018,40,19737,19237,4809,19927,35828,60,1,1
12555,7143,4900,40,18164,17553,1243,18354,31690,74,1,1
12556,5411,2995,40,18966,18555,7013,19137,34606,46,1,1
12557,2615,411,40,9689,9548,2134,9829,15039,9,1,1
12558,6783,5200,40,12143,11532,972,12333,25318,73,1,1
12559,4158,2274,40,14938,14597,2284,15099,23865,36,1,1
12560,17273,9438,40,35718,34807,9378,35938,72067,112,1,2
12561,6482,3597,40,19026,18565,7014,19206,36359,55,1,1
12562,4568,2054,40,10550,10239,1422,10721,18795,33,1,1
12563,6212,4288,40,10931,10420,1623,11121,23294,61,1,1
12564,3506,1403,40,15219,14958,2685,15379,23003,25,1,1
12565,6472,3537,40,24045,23575,12473,24226,46748,49,1,2
12566,4558,2856,40,16862,16471,3096,17032,27572,43,1,1
12567,7434,2084,41,18094,17793,5270,18255,33083,31,1,1
12568,5029,2084,40,10029,9708,1693,10200,19036,34,1,1
12569,3927,1613,40,8386,8095,962,8547,15089,29,1,1
12570,3867,972,40,7094,6884,1112,7244,13245,19,1,1
12571,3887,922,40,5791,5591,1052,5951,11852,18,1,1
12572,2345,1422,40,15079,14828,3928,15229,22974,24,1,1
12573,6723,3637,40,20769,20329,4820,20939,36169,50,1,1
12574,7274,6312,40,20429,19748,1503,20629,35768,85,1,1
12575,7244,3276,40,18395,17984,1433,18575,30568,47,1,1
12576,2535,120,41,7724,7624,2024,7865,12574,1,1,1
12577,3807,411,40,5300,5160,1012,5450,10720,9,1,1
12578,2865,632,40,7965,7785,1102,8115,12754,14,1,1
12579,3987,2205,40,11161,10810,2244,11321,19807,37,1,1
12580,8355,7615,40,17213,16431,1182,17423,34615,99,1,1
12581,6181,1904,40,18245,17924,3667,18405,30197,33,1,1
12582,8857,8065,41,20138,19316,1352,20359,38673,105,1,1
12583,5641,922,40,17523,17313,2044,17673,26340,18,1,1
12584,4067,632,40,8095,7925,1253,8235,14237,13,1,1
12585,2124,190,40,6583,6483,601,6723,9678,4,1,1
12586,12935,12934,40,17854,16691,1042,18095,45056,152,1,1
12587,6703,5140,40,20368,19757,1853,20559,34295,74,1,1
12588,6151,1052,41,17713,17483,2194,17864,27321,21,1,1
12589,4649,1884,40,18525,18234,6783,18675,32051,30,1,1
12590,4238,601,40,7845,7674,1002,7995,13867,12,1,1
12591,6562,5130,40,12354,11752,2985,12544,27261,73,1,1
12592,7654,5871,40,16751,16080,2214,16943,32742,84,1,1
12593,6873,5641,40,20970,20329,2024,21170,35748,79,1,1
12594,15719,10140,40,23224,22262,10530,23454,59873,122,1,1
12595,2154,762,40,17954,17774,8005,18094,29075,14,1,1
12596,3697,1473,40,17653,17383,2215,17813,25248,26,1,1
12597,6813,4709,40,15389,14808,1633,15569,28764,69,1,1
12598,5771,4349,40,15810,15259,1883,15990,28053,66,1,1
12599,7023,5120,40,15169,14558,1633,15359,29185,74,1,1
12600,2485,301,40,17563,17453,13486,17713,34025,6,1,1
12601,2454,912,40,19958,19768,7965,20118,31489,16,1,1
12602,1793,121,40,17603,17523,601,17743,20308,1,1,1
12603,17783,11692,40,20268,19236,19377,20508,69401,135,1,1
12604,4409,1683,40,12774,12494,7875,12934,26951,29,1,1
12605,2915,2034,40,13355,13025,6752,13516,25257,34,1,1
12606,3256,1884,40,14377,14066,2635,14537,22372,32,1,1
12607,13605,8847,31,23193,22312,10049,23415,55956,111,1,1
12608,1383,651,40,18495,18334,571,18646,21291,12,1,1
12609,17203,18164,41,5480,3987,12915,5771,54093,200,1,1
12610,4849,4088,40,20128,19637,1854,20298,31129,57,1,1
12611,6702,5270,40,21471,20869,1924,21661,35587,72,1,1
12612,2224,261,40,17713,17583,14437,17854,34826,6,1,1
12613,15850,23053,40,6893,5010,12213,7214,58360,253,1,1
12614,7013,5160,40,20199,19608,10810,20389,43412,71,1,1
12615,7434,6963,40,21651,20889,1092,21862,37391,96,1,1
12616,6002,4699,40,19557,18976,2324,19747,32802,69,1,1
12617,13426,9598,40,22864,21932,10450,23094,56608,120,1,1
12618,1954,381,40,17343,17212,14918,17493,34786,8,1,1
12619,12383,14458,40,22272,20940,2304,22543,51728,172,1,2
12620,6893,5651,40,19948,19306,2655,20138,35377,78,1,1
12621,3056,300,40,17443,17312,15319,17594,36309,7,1,1
12622,15961,23775,40,6563,4769,14437,6873,61096,241,1,1
12623,7293,6272,40,21230,20519,12844,21431,47880,88,1,1
12624,5441,4508,41,19396,18845,1253,19587,30839,66,1,1
12625,6523,5049,40,19878,19297,2515,20068,34205,72,1,1
12626,3066,832,40,18254,18054,15860,18404,38192,17,1,1
12627,6222,3126,40,18625,18245,9699,18795,37902,44,1,1
12628,3437,1152,40,16912,16681,2244,17073,23966,22,1,1
12629,6002,4448,40,16402,15850,2675,16582,29757,67,1,1
12630,3927,1102,41,11902,11672,1603,12053,18735,21,1,1
12631,5100,1503,40,18625,18365,16281,18775,41719,26,1,1
12632,2705,982,40,17654,17443,12463,17804,34014,19,1,1
12633,2504,822,40,12404,12223,2384,12554,18304,15,1,1
12634,6913,691,40,11923,11743,1643,12073,21370,15,1,1
12635,6753,5370,30,15770,15149,1894,15960,30027,76,1,1
12636,4148,822,40,11722,11522,1674,11872,18566,17,1,1
12637,2705,271,40,17663,17533,15039,17803,35858,6,1,1
12638,16020,21681,40,6542,4759,17804,6853,62408,240,1,1
12639,8456,4999,40,19608,19006,12564,19798,45867,72,1,1
12640,4107,2445,40,17423,17053,1173,17593,25358,40,1,1
12641,5982,4118,40,10500,9989,1092,10670,21912,60,1,1
12642,4438,882,40,11802,11602,1664,11952,18976,17,1,1
12643,7053,5410,41,16421,15800,1984,16622,31109,77,1,1
12644,2525,140,40,17183,17092,14888,17323,34936,2,1,1
12645,16672,20188,40,18535,16801,3076,18836,58832,228,1,2
12646,3647,1794,40,19006,18705,18625,19166,43272,30,1,1
12647,14738,14016,40,18445,17183,1022,18705,48532,166,1,1
12648,7564,7514,41,16130,15339,1944,16331,33403,98,1,1
12649,4108,591,40,11582,11412,1693,11732,18154,12,1,1
12650,4609,641,41,17533,17342,16651,17694,39635,15,1,1
12651,3617,2625,40,14889,14488,2465,15059,23826,41,1,2
12652,6643,4278,40,20259,19738,3807,20439,35217,62,1,1
12653,3216,1012,40,12463,12243,2384,12614,19266,20,1,1
12654,6332,4538,40,14237,13696,2264,14438,27612,65,1,1
12655,2816,871,40,13386,13195,4258,13536,21531,17,1,1
12656,5971,3858,40,20118,19627,2254,20308,32431,59,1,1
12657,6913,5230,40,16010,15389,1974,16190,30357,75,1,1
12658,7484,5871,40,20720,20068,3967,20930,38312,82,1,1
12659,3386,1032,41,10780,10550,1914,10941,17313,21,1,1
12660,5410,2705,40,9849,9488,1252,10009,19426,39,1,1
12661,5490,4258,40,14849,14317,2284,15039,27121,64,1,1
12662,3096,912,40,12553,12353,4809,12704,21551,16,1,1
12663,3677,1573,40,19177,18906,5831,19337,30458,26,1,1
12664,8636,7053,40,23865,23104,1373,24076,41178,97,1,1
12665,2876,741,40,9979,9809,2335,10129,16121,13,1,1
12666,6081,3257,30,9558,9117,1202,9718,20308,50,1,1
12667,6362,5250,40,14318,13715,1152,14518,27322,74,1,1
12668,3186,1192,40,13225,12994,4458,13376,22262,21,1,1
12669,3346,1573,40,18886,18636,9729,19046,33734,24,1,1
12670,6052,4739,40,16261,15690,2364,16441,29636,68,1,1
12671,7674,5370,40,19917,19326,4469,20108,37661,72,1,1
12672,4388,1693,41,10149,9848,1743,10310,18174,30,1,1
12673,3697,451,40,8125,7965,1473,8275,13946,11,1,1
12674,7344,5340,41,14457,13816,1473,14648,28855,78,1,1
12675,3858,1001,40,8376,8215,3146,8527,16562,12,1,1
12676,2665,1433,40,13806,13546,4018,13966,22132,27,1,1
12677,6502,3937,40,19997,19517,2304,20179,32962,56,1,1
12678,7004,6021,40,16602,15930,1864,16802,31741,84,1,1
12679,7113,5751,41,20168,19517,1673,20369,34956,81,1,1
12680,3516,812,40,9748,9538,1923,9899,16180,17,1,1
12681,6191,3828,40,10289,9819,1382,10470,21921,57,1,1
12682,4248,1893,41,8686,8365,1022,8847,16070,34,1,1
12683,3877,521,40,8266,8106,1453,8416,14307,12,1,1
12684,3387,1212,40,12915,12674,4148,13065,21862,22,1,1
12685,7184,3536,40,19527,19066,3376,19708,33844,54,1,1
12686,7414,5420,40,24867,24216,1442,25058,39384,79,1,1
12687,4027,1273,40,11031,10790,1373,11181,17904,22,1,1
12688,5881,3256,40,10190,9769,1072,10360,20629,48,1,1
12689,2555,421,40,13686,13536,2786,13816,19628,9,1,1
12690,6282,1392,41,17923,17673,12624,18075,38423,23,1,1
12691,4759,3917,40,17654,17163,2174,17834,28735,59,1,1
12692,6553,3045,40,18485,18084,5691,18665,33995,47,1,1
12693,3677,1363,40,9658,9398,1643,9819,16542,25,1,1
12694,6172,4819,40,12123,11552,1012,12313,24356,68,1,1
12695,3036,982,40,14718,14507,2965,14878,21901,19,1,1
12696,8015,3537,40,33513,33012,9467,33693,54763,53,1,2
12697,6793,5280,40,14117,13506,1423,14317,27843,76,1,1
12698,1312,170,41,17603,17493,5010,17744,24286,4,1,1
12699,2104,121,40,7554,7454,7915,7674,17864,1,1,1
12700,3266,1343,40,6292,6042,5070,6452,16171,25,1,1
12701,2114,481,40,7915,7775,4208,8065,14918,10,1,1
12702,4368,501,40,6903,6742,1082,7044,13045,11,1,1
12703,6052,3637,40,22522,22012,1442,22693,33884,56,1,2
12704,6993,1914,40,30247,29937,6583,30407,45947,28,1,2
12705,7765,6322,40,16562,15870,1503,16762,32392,86,1,1
12706,5981,2665,41,19547,19166,3546,19718,31950,42,1,1
12707,3276,381,40,7865,7735,1844,8015,13556,8,1,1
12708,3517,301,40,5510,5380,992,5650,10510,7,1,1
12709,3196,541,40,7464,7294,962,7604,12353,12,1,1
12710,5841,3366,41,11301,10840,1693,11482,22412,53,1,1
12711,8135,5501,40,16151,15520,1453,16351,31470,78,1,1
12712,6763,5511,40,19918,19287,4118,20108,36560,77,1,1
12713,7564,3406,40,18795,18364,2565,18976,32551,50,1,1
12714,4368,892,40,17483,17283,2524,17644,25468,18,1,1
12715,4058,892,40,7995,7785,1132,8155,14277,19,1,1
12716,2795,822,40,9789,9598,2344,9939,15950,17,1,1
12717,8306,6502,41,16521,15790,2525,16722,34105,91,1,1
12718,6853,5360,30,21651,21020,1663,21842,35748,77,1,1
12719,4529,411,40,17343,17193,3256,17493,25739,11,1,1
12720,5570,2876,40,19116,18705,7745,19296,35527,48,1,1
12721,3837,591,40,8667,8476,1533,8817,14818,14,1,1
12722,6633,5300,40,12343,11742,1493,12543,26009,74,1,1
12723,6453,4628,40,16010,15449,2425,16201,29767,69,1,1
12724,6612,5381,40,20929,20328,1983,21120,35136,74,1,1
12725,2164,301,40,17694,17563,11391,17834,31750,7,1,1
12726,1323,200,40,17463,17353,7555,17603,26721,4,1,1
12727,7334,6933,40,17734,17002,1032,17944,33283,93,1,1
12728,7053,4689,40,16301,15750,1924,16491,30207,67,1,1
12729,6793,5560,41,20508,19857,2014,20709,35116,79,1,1
12730,14367,10670,40,23184,22212,9919,23415,58401,125,1,1
12731,1883,361,40,17643,17503,10710,17794,30788,9,1,1
12732,7104,6071,40,19727,19046,1102,19928,34245,85,1,1
12733,6192,4408,40,20900,20369,2745,21080,34475,63,1,1
12734,2645,732,40,18335,18154,13195,18475,35087,13,1,1
12735,4759,2174,41,18334,18024,8927,18505,34405,34,1,1
12736,3316,962,40,12544,12344,2204,12694,19226,18,1,1
12737,6933,5240,40,15018,14407,2004,15209,29446,75,1,1
12738,6362,5149,40,19757,19146,2124,19938,33633,74,1,1
12739,15008,8597,40,21972,21130,12403,22182,58240,106,1,1
12740,2595,581,40,17544,17382,10690,17694,31610,13,1,1
12741,4228,1964,40,15469,15149,2294,15629,24156,34,1,1
12742,6983,3887,40,14898,14397,2104,15069,28083,58,1,1
12743,6923,5270,41,21721,21100,2034,21912,36199,76,1,1
12744,3206,942,40,18425,18224,16451,18586,39225,18,1,1
12745,13666,13084,40,21911,20680,12514,22162,61476,156,1,2
12746,2635,1062,40,14828,14618,4098,14988,22823,20,1,1
12747,6453,3386,40,12704,12254,1523,12884,24286,52,1,1
12748,5270,3957,40,19487,18976,2364,19667,31319,61,1,1
12749,2746,501,40,17413,17252,14848,17553,35698,12,1,1
12750,15930,21541,40,6432,4669,17042,6743,61296,237,1,1
12751,4639,3296,51,19196,18755,14327,19387,41689,50,1,1
12752,4418,2655,40,13747,13375,1372,13917,22412,42,1,1
12753,6873,3977,40,13886,13395,2094,14067,27061,59,1,1
12754,7324,5270,40,20018,19397,1774,20218,34616,76,1,1
12755,1944,180,40,17153,17053,14517,17293,33974,3,1,1
12756,9257,7625,30,22393,21570,12804,22603,52339,101,1,2
12757,2896,932,40,11932,11732,2345,12092,18315,18,1,1
12758,7184,4198,40,13546,13015,2054,13726,27202,63,1,1
12759,7784,6282,41,19797,19116,1924,19998,36048,86,1,1
12760,2765,481,40,17643,17503,15599,17794,36679,10,1,1
12761,16742,21441,40,6452,4679,14547,6763,59533,238,1,1
12762,4519,2976,40,19166,18755,12504,19346,39395,47,1,1
12763,3536,1142,40,12183,11962,1823,12333,18885,20,1,1
12764,4929,2485,40,11502,11131,1263,11672,20389,40,1,1
12765,4419,741,40,11873,11692,1693,12023,18926,15,1,1
12766,6302,4709,40,15409,14828,1924,15599,28574,69,1,1
12767,3927,781,40,11742,11562,1773,11903,18435,16,1,1
12768,3977,121,40,17313,17232,12012,17453,33613,1,1,1
12769,2936,571,40,17423,17253,11222,17573,32342,12,1,1
12770,3166,541,40,12063,11892,2144,12213,18094,12,1,1
12771,4578,1433,40,11963,11702,1583,12123,19767,26,1,1
12772,8386,8857,40,17023,16110,962,17243,35498,117,1,1
12773,2906,852,40,30027,29806,17433,30177,51408,16,1,2
12774,7173,3848,40,18906,18425,11522,19076,41669,56,1,1
12775,6132,5110,40,14908,14307,1192,15108,27582,74,1,1
12776,6342,4769,40,14026,13465,2365,14207,27723,68,1,1
12777,4128,541,40,11602,11442,1844,11752,18305,12,1,1
12778,7033,1994,40,19096,18776,8677,19256,37010,34,1,1
12779,7464,6502,40,16691,15970,1784,16892,32682,89,1,1
12780,6863,5790,40,21020,20368,4628,21221,38553,81,1,1
12781,4739,1883,40,12724,12413,1984,12895,21551,33,1,1
12782,6091,4689,40,14147,13585,2174,14327,27321,67,1,1
12783,3947,1202,41,13635,13415,4698,13796,23694,21,1,1
12784,3327,2044,40,19306,18986,3406,19467,28294,34,1,1
12785,7083,5551,40,16011,15369,1903,16211,30798,80,1,1
12786,6733,5551,40,20579,19928,2976,20769,36069,79,1,1
12787,2916,380,40,9478,9337,2224,9629,15189,8,1,1
12788,5470,2925,40,9628,9227,1232,9809,19476,46,1,1
12789,7976,6712,41,16110,15379,1673,16311,32712,91,1,1
12790,3076,891,40,12694,12493,4709,12844,21561,16,1,1
12791,3166,2044,40,19377,19057,3477,19537,28264,33,1,1
12792,7364,4689,40,14978,14437,1783,15169,29045,66,1,1
12793,7414,5761,40,20369,19717,1943,20559,35727,81,1,1
12794,15249,4619,40,19487,18986,17574,19677,57159,60,1,1
12795,7063,1503,40,6112,5831,10199,6272,25077,28,1,1
12796,16250,19056,40,15579,13997,15749,15870,66986,212,1,1
12797,2665,721,40,21571,21381,5200,21721,30337,14,1,1
12798,2214,812,40,7695,7484,3697,7845,14608,17,1,1
12799,13265,13967,40,18776,17523,1673,19036,47991,164,1,1
12800,7664,5250,40,20258,19647,4659,20449,38062,73,1,1
12801,7664,6653,40,18705,17994,1422,18906,34695,90,1,1
12802,7464,5801,41,20218,19557,3877,20419,37621,83,1,1
12803,3947,1423,40,10209,9939,2013,10370,17793,26,1,1
12804,3737,451,40,8206,8055,1473,8356,14057,11,1,1
12805,5381,3857,40,11502,11001,1773,11682,22723,58,1,1
12806,3637,601,40,20139,19948,2354,20289,26911,12,1,2
12807,6563,3336,40,30709,30247,16621,30889,57449,49,1,2
12808,2074,712,40,17814,17643,10700,17974,31500,15,1,1
12809,6031,4779,40,12314,11733,982,12504,24346,70,1,1
12810,6362,4789,40,11472,10911,1202,11662,24055,67,1,1
12811,3967,321,40,7855,7725,1473,7995,13806,7,1,1
12812,5581,2565,40,14447,14077,3426,14618,26240,41,1,1
12813,7324,4208,40,19908,19377,4588,20088,36258,62,1,1
12814,7194,6031,40,18184,17503,1503,18394,33163,85,1,1
12815,6853,3737,40,19217,18756,3226,19397,33253,54,1,1
12816,3406,1212,41,9988,9748,1613,10150,16431,23,1,1
12817,6281,3567,40,10911,10459,1323,11081,22302,52,1,1
12818,3747,1102,40,7174,6943,1282,7334,13495,22,1,1
12819,4539,2795,40,15830,15430,2124,16000,25498,45,1,1
12820,6673,4068,40,32962,32442,6853,33143,50767,57,1,2
12821,7144,4899,40,19567,18986,4688,19768,36549,71,1,1
12822,1994,160,40,9398,9288,2415,9538,14147,3,1,1
12823,3937,1353,40,8286,8015,1112,8446,14888,27,1,1
12824,6372,4498,40,10509,9959,1212,10701,22833,67,1,1
12825,1923,170,40,8466,8366,591,8606,11331,4,1,1
12826,13897,13335,40,18976,17744,1994,19226,48492,163,1,1
12827,6953,3667,40,19086,18626,3607,19256,33543,53,1,1
12828,7905,6463,40,19477,18776,1483,19677,35588,89,1,1
12829,7444,3937,40,19086,18605,1383,19267,32071,57,1,1
12830,4318,1293,40,13966,13726,1794,14126,21581,24,1,1
12831,4018,1222,40,8186,7935,972,8346,14608,25,1,1
12832,3937,612,40,6873,6693,1082,7013,12704,14,1,1
12833,6413,4398,40,22613,22052,3186,22803,36850,65,1,2
12834,6933,2575,40,18475,18114,2455,18645,30668,40,1,1
12835,7233,6633,40,20810,20088,1302,21010,36218,90,1,1
12836,6422,2074,40,18064,17734,2234,18224,29004,34,1,1
12837,4017,391,40,7454,7324,992,7604,13044,8,1,1
12838,3817,401,40,5370,5220,1302,5521,11071,10,1,1
12839,2675,361,40,7554,7414,1162,7694,11942,8,1,1
12840,6492,5090,40,20289,19688,3476,20489,35587,74,1,1
12841,13315,5340,40,19266,18675,1263,19457,39415,72,1,1
12842,7384,6773,40,21551,20810,1583,21741,37541,91,1,1
12843,3507,190,40,17173,17073,5681,17313,26731,4,1,1
12844,4018,1653,40,8326,8025,972,8486,15179,31,1,1
12845,3707,1643,40,10610,10339,2415,10781,18586,28,1,1
12846,7695,5841,40,16351,15700,2574,16541,32702,80,1,1
12847,6432,5250,40,16311,15690,1503,16511,29736,76,1,1
12848,7263,6352,40,16711,16010,1743,16902,32311,87,1,1
12849,7794,2795,40,18615,18235,1443,18785,30878,44,1,1
12850,6301,4369,40,20409,19888,8035,20599,39334,63,1,1
12851,3557,1402,40,14046,13796,4188,14207,23404,24,1,1
12852,7584,5351,40,15409,14798,2936,15599,31530,75,1,1
12853,5190,4328,41,20639,20108,2635,20820,33013,63,1,1
12854,2766,300,40,17724,17594,13476,17874,34446,7,1,1
12855,5711,3096,40,19176,18756,7054,19346,35257,49,1,1
12856,3396,1323,40,13465,13215,2434,13626,20809,24,1,1
12857,6623,4658,40,16030,15459,2254,16221,29806,70,1,1
12858,6773,5641,40,21070,20429,1523,21270,35257,80,1,1
12859,1853,150,40,17433,17343,14468,17573,34105,3,1,1
12860,3437,2134,40,18245,17894,11241,18415,35267,33,1,2
12861,6813,6322,40,20629,19918,1102,20819,35116,87,1,1
12862,6923,5531,30,20669,20028,1954,20859,35297,78,1,1
12863,3055,460,40,17553,17403,13115,17704,34385,10,1,1
12864,2165,380,41,17262,17122,10009,17403,30007,8,1,1
12865,1643,151,40,9358,9257,571,9488,11903,2,1,1
12866,12494,10470,40,20860,19818,1042,21100,45156,134,1,1
12867,6543,4859,40,19898,19297,2064,20088,33604,73,1,1
12868,2786,200,40,17353,17243,14978,17493,35507,5,1,1
12869,9348,10059,40,20710,19696,13706,20930,54083,125,1,2
12870,3537,1323,40,12514,12263,2494,12664,20068,24,1,1
12871,6623,3767,40,14027,13526,2234,14207,26871,59,1,1
12872,7073,4889,40,19778,19176,1603,19958,33573,72,1,1
12873,3276,531,41,17843,17683,15390,17994,37231,12,1,1
12874,6673,5771,40,19537,18846,14447,19727,46668,80,1,2
12875,6292,5530,40,20388,19747,1163,20589,33614,78,1,1
12876,6342,5089,40,19948,19356,1553,20149,33173,73,1,1
12877,2615,531,40,17443,17283,14457,17593,35236,12,1,1
12878,15991,22052,40,6583,4789,18615,6903,63591,242,1,1
12879,7714,5170,40,20068,19467,13897,20258,47089,73,1,1
12880,1453,120,40,9438,9348,1814,9568,13005,1,1,1
12881,6472,3867,40,11762,11281,1162,11943,23494,56,1,1
12882,6994,4037,40,14317,13806,2264,14508,27843,61,1,1
12883,7023,5431,40,15499,14878,1572,15699,29776,78,1,1
12884,6603,3927,40,13455,12984,2014,13646,26230,57,1,1
12885,2524,381,40,17704,17554,14838,17844,35637,9,1,1
12886,15900,21811,40,6612,4809,16591,6923,61276,243,1,1
12887,4569,2755,40,18906,18506,12815,19066,39255,44,1,1
12888,5340,3447,40,14507,13716,981,14688,24496,51,1,1
12889,7073,3868,40,13295,12814,1663,13485,26139,57,1,1
12890,6342,5170,40,20028,19427,1934,20228,33704,74,1,1
12891,1753,110,40,17113,17032,14207,17253,33383,1,1,1
12892,14667,18454,40,22763,21170,13135,23054,69361,208,1,2
12893,3977,231,40,19627,19507,13906,19767,37921,5,1,1
12894,2295,1352,40,10249,10009,8106,10410,22203,23,1,1
12895,4849,531,40,18696,18486,15649,18846,39915,12,1,2
12896,3487,2535,40,11642,11282,13125,11792,30999,39,1,1
12897,5771,4739,40,13064,12513,1653,13246,25449,66,1,1
12898,5791,1954,40,18565,18254,17493,18735,44013,34,1,1
12899,4759,1453,40,18044,17784,10290,18204,34766,27,1,1
12900,5120,3968,40,15069,14558,1252,15259,25639,60,1,1
12901,4198,1032,40,21862,21621,1763,22012,29055,18,1,2
12902,6663,4328,40,10751,10240,2114,10941,24086,62,1,1
12903,2014,401,40,29145,28965,15951,29285,47691,9,1,2
12904,2464,702,40,17723,17533,10880,17864,31950,15,1,1
12905,5961,5070,40,14668,14077,1172,14858,27101,71,1,1
12906,6513,5360,40,15409,14788,2134,15599,29646,75,1,1
12907,3066,150,40,11382,11282,2184,11522,16972,3,1,1
12908,7684,2405,40,18746,18405,12023,18906,41068,36,1,1
12909,3396,2325,40,14367,14026,2805,14537,23113,38,1,1
12910,6413,3386,40,18696,18265,12634,18866,41349,50,1,1
12911,4259,2775,40,13977,13576,1352,14147,22573,44,1,1
12912,6182,4719,40,15450,14878,2294,15640,28885,70,1,1
12913,3637,1282,40,13326,13084,3767,13476,22212,23,1,1
12914,5851,4208,40,20739,20228,2906,20929,33944,62,1,1
12915,6993,6242,40,16652,15951,1824,16852,31961,87,1,1
12916,7595,5821,40,20669,20018,4469,20869,38804,81,1,1
12917,3827,1062,40,10359,10139,2405,10510,17844,19,1,1
12918,5360,2645,40,9207,8836,1243,9378,18676,43,1,1
12919,6182,4479,40,13876,13345,1633,14066,26390,64,1,1
12920,3667,1253,40,13866,13616,4549,14016,23535,23,1,1
12921,6692,4739,40,20378,19807,3196,20559,35246,69,1,1
12922,6924,5761,40,15890,15259,2024,16090,30839,79,1,1
12923,6823,5390,40,20299,19688,3767,20489,36519,76,1,1
12924,3927,1843,40,10290,9999,1934,10450,18205,31,1,1
12925,4088,300,40,7905,7764,1623,8046,14107,7,1,1
12926,5911,4218,40,12113,11592,1232,12293,23694,62,1,1
12927,3938,861,40,8416,8215,1422,8577,14838,18,1,1
12928,2966,1212,40,13967,13726,4148,14117,22483,23,1,1
12929,6222,4208,30,19948,19427,2244,20128,32842,61,1,1
12930,7134,5761,40,16441,15790,1974,16631,31550,80,1,1
12931,12945,12704,40,22473,21300,1032,22723,49454,153,1,1
12932,3537,992,40,10851,10630,1994,10991,17574,19,1,1
12933,7103,5280,40,11942,11321,1423,12133,25979,76,1,1
12934,3566,431,40,7915,7785,1843,8065,13946,9,1,1
12935,3817,2826,40,22643,22212,3276,22813,32782,44,1,2
12936,6553,4278,40,31290,30739,8195,31470,50526,60,1,2
12937,5881,2635,40,18565,18185,7785,18725,35086,43,1,1
12938,3607,1112,40,9678,9448,1874,9838,16461,22,1,1
12939,2505,1012,40,10500,10300,2525,10660,16742,18,1,1
12940,3747,180,40,7784,7664,1844,7915,13726,4,1,1
12941,5550,3407,40,14898,14457,3878,15088,27963,52,1,1
12942,6302,3246,40,19226,18806,2023,19407,31018,50,1,1
12943,7825,6392,40,18636,17924,1613,18836,34716,89,1,1
12944,6712,4699,41,21590,21019,2174,21782,35397,68,1,1
12945,3867,551,40,9438,9267,2805,9578,16852,11,1,1
12946,6202,4238,40,10350,9818,1263,10530,22283,63,1,1
12947,4278,541,40,7154,6984,1212,7304,13375,13,1,1
12948,5089,3246,40,16521,16090,2204,16702,27281,50,1,1
12949,7103,2205,40,18064,17733,10630,18224,38202,35,1,1
12950,4308,3377,40,15760,15319,2064,15930,25719,50,1,1
12951,17162,12404,40,21821,20729,3426,22052,55094,143,1,1
12952,3606,882,40,9448,9248,1954,9608,16080,17,1,1
12953,3947,441,40,6663,6503,1172,6813,12423,11,1,1
12954,5110,2785,40,9778,9388,1002,9949,18896,43,1,1
12955,1372,170,40,8245,8155,642,8385,10630,3,1,1
12956,16351,18806,40,19688,18095,1613,19978,56798,212,1,1
12957,6012,2144,40,18224,17904,7674,18395,34265,35,1,1
12958,8215,7996,40,20459,19617,1292,20669,38222,106,1,1
12959,6132,2765,40,18415,18025,3056,18575,30578,43,1,1
12960,4187,1614,40,9438,9167,1573,9608,17022,28,1,1
12961,4579,1944,40,8536,8215,1062,8706,16341,35,1,1
12962,3267,160,40,6442,6332,1373,6582,11432,4,1,1
12963,6031,4679,40,21251,20659,1803,21441,33994,66,1,2
12964,6623,3887,40,34224,33713,3406,34406,48382,57,1,2
12965,5991,1483,40,17814,17543,2585,17974,28073,27,1,1
12966,3657,161,40,7654,7554,972,7794,12644,4,1,1
12967,3377,671,40,5391,5200,1232,5541,10861,15,1,1
12968,2705,771,40,7824,7624,1452,7976,12954,16,1,1
12969,6423,5179,40,18755,18164,2044,18956,32642,73,1,1
12970,5099,1042,41,17723,17503,1643,17884,25708,20,1,1
12971,7624,7965,40,21381,20558,1032,21601,38262,105,1,1
12972,3196,952,40,17994,17784,8416,18154,30768,19,1,1
12973,4178,521,40,9899,9729,1062,10049,15860,12,1,1
12974,3958,1753,40,11162,10881,2524,11322,19617,30,1,1
12975,8967,5541,40,15990,15359,2114,16181,32863,77,1,1
12976,6432,5230,40,18224,17633,1893,18415,32030,74,1,1
12977,7494,6262,40,17092,16401,1743,17303,32852,87,1,1
12978,3857,631,40,17444,17262,3336,17584,25458,14,1,1
12979,6092,3757,40,19818,19357,6582,19998,36459,54,1,1
12980,3366,1172,40,17804,17563,2645,17964,25187,22,1,1
12981,6602,4849,40,19607,19016,2515,19788,33804,71,1,1
12982,2635,191,40,17643,17523,12314,17763,32953,4,1,1
12983,2034,671,40,17903,17723,7774,18055,28584,14,1,1
12984,4058,2024,40,14387,14057,2314,14548,23004,35,1,1
12985,7444,5401,40,16211,15600,2545,16401,31831,74,1,1
12986,6713,5531,40,20168,19527,2154,20368,34806,79,1,1
12987,2485,511,40,17824,17673,14337,17974,35347,11,1,1
12988,1813,301,40,17303,17183,11442,17453,31049,7,1,1
12989,7835,7604,40,21200,20399,1142,21410,38042,102,1,1
12990,6272,4749,40,21080,20509,1543,21271,33885,68,1,1
12991,2705,431,40,17743,17603,15569,17894,36639,9,1,1
12992,14237,18645,40,23344,21751,14147,23635,70714,209,1,2
12993,17544,9528,40,25198,24306,13856,25418,66396,114,1,1
12994,2936,1713,40,13797,13525,5390,13957,24036,27,1,1
12995,1312,221,40,7915,7805,7354,8065,16992,5,1,1
12996,16181,21510,40,24045,22262,9518,24367,71616,240,1,1
12997,2094,170,40,17493,17383,16121,17633,36048,3,1,1
12998,15820,20298,41,23604,21851,11242,23905,71305,230,1,2
12999,3116,1072,40,12273,12053,2445,12423,19106,20,1,1
13000,8496,4749,40,14648,14087,2184,14838,30307,68,1,1
13001,6652,4920,40,19888,19317,1733,20078,33433,70,1,1
13002,14618,8155,41,21811,21009,13946,22032,58791,102,1,1
13003,2315,381,40,17483,17353,11201,17633,31570,8,1,1
13004,6241,5040,40,15630,15039,1182,15830,28333,73,1,1
13005,6933,4649,40,14318,13766,1963,14508,28103,68,1,1
13006,6943,5190,30,19167,18556,1813,19357,33353,74,1,1
13007,3076,651,40,17803,17623,15229,17954,36960,14,1,1
13008,16120,21912,40,6713,4890,17854,7033,62949,246,1,1
13009,4418,3367,40,19186,18736,14938,19367,42130,52,1,1
13010,5791,5260,40,23294,22693,1213,23484,35788,74,1,1
13011,6863,5881,40,20850,20178,1854,21040,35678,82,1,1
13012,3126,551,40,17754,17583,15570,17904,37191,12,1,1
13013,6592,4920,40,19627,19006,10400,19817,41769,71,1,2
13014,5932,4999,40,15179,14577,1173,15379,27523,74,1,1
13015,7063,4018,40,13416,12905,1903,13596,26620,60,1,1
13016,6673,5751,40,20389,19728,1473,20589,34516,80,1,1
13017,2084,181,40,17633,17523,14849,17773,34927,3,1,1
13018,9438,10309,40,20740,19727,13235,20970,54002,127,1,2
13019,3888,1032,40,12413,12183,2234,12564,19768,20,1,1
13020,4228,681,40,11662,11492,1663,11813,18445,14,1,1
13021,6582,5571,40,15119,14488,1603,15309,29125,77,1,1
13022,3828,771,40,11783,11602,1663,11943,18255,16,1,1
13023,5650,702,40,17453,17263,16541,17603,40536,15,1,1
13024,15309,18865,40,22923,21280,11482,23214,68920,214,1,2
13025,6432,6122,40,15610,14939,1072,15810,29496,84,1,1
13026,5851,4378,40,15379,14848,1663,15570,27512,64,1,1
13027,4288,1232,41,11942,11692,1704,12103,19367,24,1,1
13028,3667,1423,40,31189,30899,18485,31349,54974,25,1,2
13029,2555,531,41,17453,17282,13135,17594,33865,11,1,1
13030,6863,6002,40,15019,14327,1072,15219,29206,85,1,1
13031,6422,4799,40,18415,17834,2054,18606,31921,70,1,1
13032,2605,661,40,13195,13025,5000,13345,21661,13,1,1
13033,4078,1733,40,19157,18866,8736,19307,33904,30,1,1
13034,7804,6964,40,16521,15790,1674,16731,33223,92,1,1
13035,6583,5600,40,20709,20078,8366,20900,41509,78,1,1
13036,3616,1473,40,13105,12845,3206,13265,21610,26,1,1
13037,6723,5500,41,16361,15709,1813,16542,30628,79,1,1
13038,3387,1322,30,13766,13516,4128,13916,22803,24,1,1
13039,6442,4308,40,20058,19547,3757,20239,34806,62,1,1
13040,6702,5962,40,16070,15409,1984,16270,30968,82,1,1
13041,6893,5019,30,20349,19738,3897,20539,36388,73,1,1
13042,2946,741,40,9729,9538,2194,9869,15800,14,1,1
13043,6442,3888,40,9909,9408,1152,10079,21611,59,1,1
13044,7414,6873,40,14347,13636,1312,14558,30187,90,1,1
13045,2685,641,40,13084,12914,6732,13235,23334,12,1,1
13046,3346,1844,40,19006,18695,7324,19176,31730,32,1,1
13047,6923,5631,40,15981,15339,1883,16161,30658,78,1,1
13048,7003,4549,40,19938,19407,3046,20128,34766,64,1,1
13049,4659,2174,40,12363,12023,1543,12534,20940,36,1,1
13050,3116,712,40,8596,8406,1443,8736,14047,15,1,1
13051,7685,7063,40,12483,11742,1492,12695,28985,94,1,1
13052,3877,972,40,8236,8015,1403,8396,14678,20,1,1
13053,4649,1823,40,13466,13145,3677,13626,23825,33,1,1
13054,6382,3597,40,20028,19577,9728,20208,39955,54,1,1
13055,7034,5901,40,15479,14808,1933,15680,30598,83,1,1
13056,7374,2675,40,18415,18034,8416,18585,37100,42,1,1
13057,3627,1713,40,12293,11993,1764,12453,19607,30,1,1
13058,6222,4519,40,11842,11281,1763,12023,24567,66,1,1
13059,3436,752,40,12463,12273,3616,12604,20458,16,1,1
13060,6181,3327,40,19387,18946,4188,19567,33313,52,1,1
13061,6833,5590,40,18274,17623,1283,18475,32221,81,1,1
13062,6523,3126,40,18765,18335,6452,18936,35087,49,1,1
13063,3477,1252,40,10109,9859,1814,10269,16852,25,1,1
13064,6132,3887,40,11241,10760,1192,11422,22673,57,1,1
13065,4278,561,40,7985,7825,1473,8135,14487,11,1,1
13066,5711,3737,30,15560,15069,3967,15740,29205,58,1,1
13067,5872,4137,40,19627,19106,1523,19798,31390,61,1,1
13068,6954,6041,40,18776,18095,1633,18976,33644,85,1,1
13069,6622,4388,40,19247,18736,2054,19427,32532,61,1,1
13070,3497,1503,40,10029,9759,1273,10179,16492,25,1,1
13071,5821,2986,40,10230,9829,1462,10400,20729,46,1,1
13072,3717,621,40,7073,6903,1042,7224,12654,14,1,1
13073,5521,3827,30,18084,17584,3987,18265,31640,59,1,1
13074,7333,4349,40,19497,18946,1633,19687,33032,65,1,1
13075,7224,6683,40,21481,20739,1833,21681,37471,92,1,1
13076,6613,4228,40,19197,18686,1653,19387,31921,62,1,1
13077,4108,982,40,8707,8496,1943,8867,15940,20,1,1
13078,4147,1042,40,14187,13925,1072,14338,20639,20,1,2
13079,3837,1313,40,6302,6051,1102,6462,12764,25,1,1
13080,1543,621,40,13746,13576,3016,13886,19106,12,1,1
13081,6663,4088,30,35086,34546,7715,35266,53772,59,1,2
13082,5881,2705,40,18335,17954,3717,18495,30848,43,1,1
13083,4208,1393,40,9608,9338,1903,9769,17323,27,1,1
13084,4198,1192,40,9008,8756,1282,9168,15880,24,1,1
13085,2745,671,40,9427,9247,2945,9569,15980,13,1,1
13086,7564,5200,40,15990,15379,1813,16181,30808,74,1,1
13087,6442,1954,40,18104,17794,1543,18274,28243,33,1,1
13088,6813,5441,40,19898,19257,1222,20078,33604,78,1,1
13089,4579,1152,40,17684,17443,1883,17834,25498,22,1,1
13090,9488,3206,40,8536,8126,982,8706,22422,46,1,1
13091,2525,110,40,5080,4989,1422,5220,9327,1,1,1
13092,2966,1853,40,15971,15669,3006,16131,23986,31,1,1
13093,4870,1092,40,24667,24396,1743,24807,32572,21,1,2
13094,6392,5240,40,19908,19307,1723,20108,33503,74,1,1
13095,2304,541,40,18334,18174,601,18475,21962,11,1,1
13096,16962,19126,41,5801,4208,4819,6092,47049,213,1,1
13097,3717,711,40,7555,7364,1072,7705,13245,14,1,1
13098,4388,2315,40,16882,16511,2315,17042,26110,39,1,1
13099,6452,5410,40,21581,20949,2034,21782,35718,78,1,1
13100,3817,561,40,17463,17293,11782,17614,33814,13,1,1
13101,1874,761,40,17734,17544,8206,17884,28775,15,1,1
13102,6963,6732,40,19967,19236,1062,20169,34987,92,1,1
13103,6633,4969,40,21772,21181,2164,21972,35768,73,1,1
13104,2796,701,40,18245,18045,12514,18395,34446,15,1,1
13105,2034,521,40,17814,17673,7875,17964,28454,10,1,1
13106,3376,1273,40,9869,9628,1923,10029,16651,23,1,1
13107,6282,3256,40,15780,15349,1412,15961,26951,50,1,1
13108,6823,5941,40,20719,20048,2184,20920,35908,83,1,1
13109,2265,280,40,17894,17773,12774,18044,33394,6,1,1
13110,1192,260,41,17613,17473,641,17744,19897,7,1,1
13111,17232,19537,40,5881,4278,9568,6172,52559,214,1,1
13112,4529,3496,40,18795,18345,1954,18976,29005,52,1,1
13113,5981,4669,40,19818,19257,1844,20008,32552,67,1,1
13114,2605,581,41,18334,18174,16021,18485,37732,12,1,1
13115,15890,21992,40,6703,4869,19517,7023,64452,246,1,1
13116,7975,5541,40,19677,19046,16661,19868,50105,77,1,1
13117,2435,761,40,10189,9999,2335,10340,15921,15,1,1
13118,6813,5019,40,16822,16231,1503,17012,30377,72,1,1
13119,6733,5170,40,17433,16822,1694,17613,31260,75,1,1
13120,6623,4618,40,15980,15409,1653,16150,29095,68,1,1
13121,2996,531,40,17453,17273,15369,17603,36549,13,1,1
13122,16421,20800,40,25729,23946,12153,26039,75463,236,1,2
13123,3206,781,41,9678,9468,1904,9829,15760,17,1,1
13124,6412,4880,40,16511,15930,1503,16701,29546,71,1,1
13125,7024,5770,40,19897,19246,1843,20099,34776,81,1,1
13126,2004,160,40,17353,17263,16021,17493,35728,3,1,1
13127,15891,21580,40,6502,4729,17393,6813,61717,239,1,1
13128,7714,5731,40,19957,19316,14417,20149,48061,79,1,1
13129,5170,4178,40,19026,18505,1272,19216,29866,62,1,1
13130,6362,5310,40,20048,19437,2004,20228,33954,74,1,1
13131,3056,471,40,17733,17583,16471,17883,37922,10,1,1
13132,15930,21802,40,6723,4880,15399,7033,60204,247,1,1
13133,7394,5139,40,19577,19026,12634,19787,44995,68,1,1
13134,10360,9097,40,22613,21711,1092,22844,43423,116,1,1
13135,6482,5270,40,20569,19958,2014,20759,34575,74,1,1
13136,2003,241,40,17493,17383,12264,17643,32201,5,1,1
13137,2204,631,40,17564,17392,12143,17704,32722,12,1,1
13138,2906,1052,40,12313,12083,2345,12463,18806,20,1,1
13139,6513,3546,40,13064,12614,2013,13236,25358,51,1,1
13140,6482,4749,40,19107,18515,1392,19297,31950,71,1,1
13141,14177,5751,40,21140,20519,12974,21331,54273,76,1,1
13142,6432,3166,40,18776,18355,10450,18946,39044,47,1,1
13143,4519,3015,41,14617,14207,1333,14798,23695,47,1,1
13144,4479,1062,40,11973,11762,1583,12133,19297,20,1,1
13145,7124,5510,41,16371,15719,1843,16572,31089,80,1,1
13146,4148,291,40,28935,28765,3567,29075,37131,7,1,2
13147,6051,3487,40,19537,19076,6432,19717,35727,53,1,1
13148,1693,110,40,7514,7424,571,7655,10069,1,1,1
13149,12834,9558,40,13586,12664,1072,13816,37320,120,1,1
13150,6151,5050,40,15520,14939,1943,15710,28894,70,1,1
13151,4388,1173,40,11972,11722,1603,12113,19337,23,1,1
13152,3347,671,30,17724,17534,13455,17874,35397,15,1,1
13153,3938,2695,40,15159,14778,2074,15329,24086,43,1,1
13154,3086,1794,40,19617,19327,641,19777,25338,30,1,1
13155,16041,18244,40,5661,4108,5530,5942,45797,207,1,1
13156,4047,3286,40,13846,13405,1553,14027,22953,52,1,1
13157,2986,1382,40,13746,13485,571,13907,18876,24,1,1
13158,9728,8967,30,3206,2305,4218,3427,26380,115,1,1
13159,7104,5430,41,15960,15329,3176,16161,31911,78,1,1
13160,6903,5871,40,20599,19948,3987,20790,37611,80,1,1
13161,2675,1903,40,14056,13746,2265,14217,21100,33,1,1
13162,5129,3778,40,20238,19767,3687,20418,33042,56,1,1
13163,5140,3647,40,13636,13165,1282,13816,23925,55,1,1
13164,6443,4939,40,14458,13867,2304,14648,28374,71,1,1
13165,3266,1152,40,13476,13255,4549,13636,22643,21,1,1
13166,5300,3306,40,19697,19257,6052,19867,34576,50,1,1
13167,7044,5841,40,16141,15480,1803,16341,31069,81,1,1
13168,6051,3848,40,19727,19266,6322,19907,36168,54,1,1
13169,7093,5491,40,14728,14107,1032,14918,28584,75,1,1
13170,5551,3527,40,13636,13195,1753,13816,24677,52,1,1
13171,14287,15420,40,26300,24957,1473,26570,57790,178,1,1
13172,7243,6132,40,16061,15370,1753,16261,31429,85,1,1
13173,7434,5761,40,20428,19777,2756,20619,36620,81,1,1
13174,3036,791,40,9428,9237,2144,9579,15600,16,1,1
13175,4208,371,40,8536,8406,1593,8686,14898,8,1,1
13176,5631,4117,40,12133,11612,2214,12314,24326,61,1,1
13177,4238,1072,40,8516,8296,1423,8666,15449,20,1,1
13178,6011,3888,40,15469,14969,3627,15649,29215,58,1,1
13179,7154,4448,40,20299,19758,2034,20479,34175,65,1,1
13180,6883,5821,40,17243,16582,2194,17443,32391,82,1,1
13181,6813,4929,40,19897,19316,2023,20089,33894,70,1,1
13182,1753,121,40,13305,13215,11091,13445,26440,1,1,1
13183,12113,10920,40,10570,9568,7935,10801,41819,130,1,1
13184,3387,1182,40,8496,8246,1753,8647,15009,23,1,1
13185,9708,5520,40,11882,11261,3387,12073,30738,76,1,1
13186,4018,1302,41,13525,13255,3868,13686,22914,25,1,1
13187,7163,4409,40,19757,19226,4308,19937,35878,63,1,1
13188,6643,5140,40,24937,24316,1533,25117,38493,75,1,1
13189,2555,491,40,13195,13034,2104,13336,18536,11,1,1
13190,6322,4379,40,11441,10911,1242,11622,23605,62,1,1
13191,4649,2605,40,15950,15580,1573,16120,24997,43,1,1
13192,6513,2615,40,24116,23705,8215,24286,41659,40,1,2
13193,7865,6412,40,26801,26089,1312,26992,42621,88,1,1
13194,3456,1503,40,9789,9528,1312,9949,16260,26,1,1
13195,6242,3126,40,10560,10129,1222,10730,21380,49,1,1
13196,3657,391,40,7133,7003,1031,7284,12413,9,1,1
13197,6292,3957,41,17382,16882,3146,17564,30999,60,1,1
13198,7083,3407,40,18986,18525,2234,19146,31920,52,1,1
13199,7254,6252,40,18936,18245,2305,19136,34987,86,1,1
13200,6863,4328,41,19076,18535,1893,19267,32391,66,1,1
13201,3617,1092,40,8977,8747,2074,9127,15960,21,1,1
13202,4187,1262,40,14668,14387,1132,14818,21460,23,1,2
13203,3828,500,40,5791,5630,1112,5931,11422,11,1,1
13204,2215,991,40,15379,15169,3627,15529,22413,19,1,1
13205,5901,1473,40,17974,17704,7074,18134,32622,27,1,1
13206,8416,8136,40,20829,19988,1012,21049,38643,107,1,1
13207,5841,3256,40,18475,18044,3046,18655,30848,51,1,1
13208,4147,682,40,9498,9328,1683,9648,16190,12,1,1
13209,3927,862,40,7484,7274,1002,7624,13475,17,1,1
13210,3326,1302,40,9999,9758,2515,10160,17333,24,1,1
13211,7625,6221,40,23354,22653,1733,23555,39174,88,1,1
13212,6743,5631,40,20058,19387,1322,20248,33994,83,1,1
13213,3066,861,40,17524,17313,3567,17684,25228,19,1,1
13214,2995,141,40,7895,7785,982,8035,12193,3,1,1
13215,2525,120,40,4959,4879,1513,5100,9298,1,1,1
13216,3587,2194,40,22883,22513,2584,23043,31459,35,1,2
13217,6773,5060,40,36209,35578,2625,36409,50907,72,1,2
13218,3096,531,40,17644,17494,8005,17794,29466,11,1,1
13219,4288,150,40,9228,9128,1002,9358,14858,3,1,1
13220,6242,4749,40,17784,17193,2645,17974,31660,71,1,1
13221,6532,5220,40,22232,21601,2415,22422,36639,77,1,1
13222,2685,511,40,17654,17504,12544,17804,33574,10,1,1
13223,2064,531,40,17854,17693,8185,18004,28824,11,1,1
13224,3768,1603,40,14658,14387,2374,14818,22613,28,1,1
13225,7164,5149,40,16862,16240,1843,17063,31249,76,1,1
13226,7164,5981,40,25658,24967,1523,25869,40567,86,1,1
13227,2334,191,40,17393,17283,14067,17533,34185,4,1,1
13228,2454,441,40,17443,17293,9708,17594,30247,10,1,1
13229,13105,13896,40,23305,22071,1453,23565,52059,162,1,1
13230,6332,4960,40,20950,20349,1993,21140,34465,72,1,1
13231,2295,310,40,17654,17523,13105,17804,33554,7,1,1
13232,2385,591,40,17844,17684,9809,17984,30829,12,1,1
13233,2805,1242,40,13075,12824,2635,13225,19948,22,1,1
13234,6462,4659,40,15359,14768,2054,15549,28764,72,1,1
13235,6412,5170,30,20990,20369,1593,21180,34395,76,1,1
13236,3326,812,40,17904,17714,15519,18064,37761,17,1,1
13237,4178,3307,40,19276,18815,13575,19456,40547,50,1,2
13238,6262,5250,40,20328,19687,1163,20518,33233,77,1,1
13239,5490,3928,40,19687,19186,2645,19867,31980,59,1,1
13240,2555,391,40,17764,17634,13385,17914,34275,8,1,1
13241,2244,712,40,17633,17443,11943,17783,32722,15,1,1
13242,6131,4659,41,20047,19476,1242,20239,32311,68,1,1
13243,6182,4378,40,16502,15951,3096,16682,30378,66,1,1
13244,6552,4970,40,14968,14397,1432,15159,28153,70,1,1
13245,1984,160,40,17554,17453,551,17694,20449,3,1,1
13246,17774,10289,41,3446,2494,25699,3677,57489,124,1,1
13247,4519,2775,40,19437,19046,13866,19607,40827,44,1,1
13248,4599,3065,40,19346,18926,1372,19516,28594,47,1,1
13249,6583,4929,40,19888,19297,1834,20078,33474,72,1,1
13250,13275,7284,30,21782,21019,17824,21972,60415,94,1,1
13251,2294,1052,40,17954,17744,15399,18114,36889,19,1,1
13252,5119,4439,40,14928,14387,1092,15108,25798,64,1,1
13253,8326,3587,40,13345,12884,2976,13525,28454,53,1,1
13254,5711,4539,40,15529,14968,1983,15700,27993,67,1,1
13255,4940,1533,40,12373,12093,1583,12533,20629,29,1,1
13256,2946,681,40,18114,17944,15669,18265,37601,14,1,1
13257,7414,4348,40,19477,18957,8717,19667,40176,58,1,2
13258,2034,410,40,11852,11712,551,11992,15048,8,1,1
13259,11983,8396,40,14888,14027,1653,15109,37171,108,1,1
13260,6632,5681,40,19688,19037,1643,19878,33884,79,1,1
13261,11492,5510,40,20289,19667,18395,20479,55916,75,1,1
13262,2084,511,40,17483,17323,13726,17633,33994,11,1,1
13263,5410,4238,40,15359,14818,1202,15530,26430,64,1,1
13264,4178,601,40,11733,11571,1643,11883,18365,13,1,1
13265,6573,4718,40,15459,14898,1784,15649,28775,69,1,1
13266,2986,411,40,29446,29266,13836,29596,46869,9,1,2
13267,2374,1092,40,18265,18045,8897,18425,30828,20,1,1
13268,13776,4288,40,11742,11271,18235,11923,48272,54,1,1
13269,3246,1202,40,12945,12704,12884,13095,30467,21,1,1
13270,13356,16621,40,12764,11330,16351,13045,59413,185,1,2
13271,5831,3898,40,12353,11903,13436,12533,35748,54,1,1
13272,4198,712,40,11592,11402,1663,11742,18345,15,1,1
13273,4399,1142,40,18175,17944,17012,18335,40928,22,1,1
13274,15920,21631,40,6502,4729,3948,6823,48372,239,1,1
13275,4950,4548,40,15319,14768,1953,15500,26991,65,1,1
13276,6242,2395,40,18254,17904,13435,18425,40537,38,1,1
13277,4920,3667,40,14537,14067,1422,14718,24777,56,1,1
13278,6693,5310,40,15159,14558,1773,15349,29155,72,1,1
13279,3066,1062,40,13496,13285,4629,13656,22453,20,1,1
13280,5170,2344,41,19667,19306,3827,19828,31219,39,1,1
13281,6693,5560,40,16090,15439,2194,16271,30768,79,1,1
13282,7334,6051,40,20609,19948,4418,20810,38663,83,1,1
13283,3146,982,40,12634,12414,2255,12774,19197,18,1,1
13284,6753,5340,40,14628,13996,2435,14818,29386,77,1,1
13285,3276,1202,40,13245,13015,4458,13406,22392,22,1,1
13286,6022,4138,40,20118,19617,6553,20308,37061,60,1,1
13287,7374,6393,40,16661,15970,1733,16861,32422,87,1,1
13288,6392,4729,40,20780,20229,5611,20970,37752,67,1,1
13289,7153,6222,40,15209,14538,1032,15409,29866,84,1,1
13290,6302,4509,40,13606,13075,2024,13796,26681,65,1,1
13291,2415,541,40,13175,13025,4559,13325,20890,11,1,1
13292,3236,1904,40,19026,18716,6523,19186,30899,32,1,1
13293,7284,5501,40,15930,15309,2104,16120,31049,76,1,1
13294,7424,6001,30,20629,19948,3146,20830,37441,85,1,1
13295,4017,1583,41,13455,13165,1753,13616,20999,29,1,1
13296,5942,4087,40,11081,10590,1723,11272,23064,60,1,1
13297,3506,541,41,15439,15239,1022,15590,20699,11,1,2
13298,4489,1903,41,13565,13265,3737,13726,23905,32,1,1
13299,7184,4759,40,20349,19778,4057,20539,36579,69,1,1
13300,5962,4388,40,14879,14348,2054,15069,27513,64,1,1
13301,7094,4468,40,20058,19487,3096,20239,34957,69,1,1
13302,3066,651,40,8797,8616,2204,8947,14918,14,1,1
13303,5601,2495,40,8195,7815,1533,8365,18034,41,1,1
13304,2645,1493,40,10169,9909,1903,10320,16421,25,1,1
13305,4418,1172,40,8296,8056,1393,8456,15479,23,1,1
13306,2475,571,40,12594,12433,4869,12744,20699,12,1,1
13307,6813,4268,40,21181,20660,3166,21371,35648,63,1,1
13308,5791,3867,40,24205,23715,1362,24387,35467,58,1,1
13309,5220,3647,40,12314,11843,1062,12494,22463,55,1,1
13310,6191,4309,40,11051,10500,1252,11241,23033,67,1,1
13311,4298,1533,40,8496,8226,1192,8656,15739,28,1,1
13312,2445,881,40,14417,14207,3286,14558,21230,17,1,1
13313,7074,3045,40,18886,18475,6502,19066,35728,47,1,1
13314,8136,7815,40,19617,18786,1202,19827,37030,105,1,1
13315,7575,4799,40,19237,18656,2725,19427,34566,69,1,1
13316,3697,1423,40,10059,9798,1503,10219,16902,27,1,1
13317,6282,3376,40,11041,10580,1082,11211,21991,53,1,1
13318,4729,1533,40,20749,20449,1624,20909,28855,28,1,2
13319,7664,3587,40,33394,32923,11481,33574,56346,51,1,2
13320,2465,1122,40,17814,17584,7054,17974,28645,21,1,1
13321,4258,1092,40,9418,9177,2565,9568,17533,22,1,1
13322,4619,1293,40,8566,8286,1203,8716,15871,27,1,1
13323,3908,360,41,6542,6412,1162,6693,12163,8,1,1
13324,3507,631,40,5500,5310,1011,5650,10840,15,1,1
13325,5911,4078,40,16612,16101,4378,16802,31219,61,1,1
13326,6482,2094,41,18174,17853,7604,18335,34565,34,1,1
13327,7114,6442,40,19928,19206,1684,20138,35418,90,1,1
13328,5370,2565,40,18295,17914,3356,18465,29796,42,1,1
13329,3076,431,40,7835,7675,952,7985,12484,10,1,1
13330,3937,581,40,5371,5180,1012,5521,11081,15,1,1
13331,3878,330,40,7784,7644,1041,7915,13215,8,1,1
13332,8266,8346,40,19758,18896,1032,19978,37672,110,1,1
13333,6823,3727,40,31479,30979,3337,31660,45587,54,1,2
13334,7565,6201,40,15780,15098,3106,15981,32893,85,1,1
13335,5020,681,40,17734,17543,1653,17884,25278,15,1,1
13336,3967,652,40,7805,7634,1002,7955,13626,14,1,1
13337,7925,8055,40,19287,18455,1092,19507,36619,107,1,1
13338,6342,5220,40,20689,20068,2275,20879,34756,75,1,1
13339,5411,1573,40,17974,17684,3076,18134,28244,30,1,1
13340,5129,3056,40,19588,19176,6492,19758,34475,47,1,1
13341,3827,351,30,7023,6883,1072,7163,12453,7,1,1
13342,6091,4519,40,18806,18265,3046,18996,32692,66,1,1
13343,6533,5460,40,21080,20448,1743,21271,35047,78,1,1
13344,4518,461,40,18095,17934,12403,18235,35667,11,1,1
13345,2134,291,40,17613,17483,7744,17754,27973,7,1,1
13346,3377,1402,30,12834,12574,2435,12985,20239,24,1,1
13347,7063,5250,40,16080,15449,1944,16281,30578,77,1,1
13348,6663,4909,40,20770,20198,2004,20960,34586,71,1,1
13349,13516,11672,41,24386,23354,9949,24627,59804,134,1,1
13350,1953,441,40,17464,17312,8075,17604,28123,10,1,1
13351,3356,1142,40,14097,13876,2615,14247,21410,20,1,1
13352,6803,4168,40,16591,16090,1333,16781,29135,60,1,1
13353,6643,6011,40,22081,21420,2013,22283,37000,83,1,1
13354,2063,311,40,17724,17604,611,17864,20899,6,1,1
13355,17383,13235,40,4288,3116,19397,4539,54604,155,1,1
13356,9418,7725,40,21380,20579,9978,21580,48752,101,1,1
13357,6202,5490,40,19908,19297,1172,20108,33012,76,1,1
13358,6372,4949,40,19417,18826,1994,19597,32962,70,1,1
13359,2705,692,40,17854,17683,17142,18004,38603,13,1,1
13360,9148,9588,40,20719,19747,13747,20949,53472,121,1,2
13361,7074,5710,40,20018,19356,1072,20219,34115,83,1,1
13362,6532,4629,40,14828,14257,2394,15008,28604,69,1,1
13363,6702,5080,30,21401,20800,2034,21591,35437,73,1,1
13364,2294,121,40,17112,17022,14528,17252,34225,1,1,1
13365,16111,21671,30,23675,21852,15540,23965,77347,238,1,2
13366,17052,6723,40,20579,19888,16761,20779,61366,86,1,1
13367,3227,1482,40,14998,14738,10440,15159,30358,26,1,1
13368,1052,150,40,7534,7434,7394,7675,16311,3,1,1
13369,17093,21220,41,23023,21250,25198,23324,86895,238,1,1
13370,16852,9959,40,21311,20379,14918,21531,63310,120,1,1
13371,4819,2054,41,18485,18164,14026,18656,39595,35,1,1
13372,5280,3947,41,14727,14237,1262,14909,25448,59,1,1
13373,6983,3016,40,12684,12284,1664,12854,24557,45,1,1
13374,6282,5040,40,20278,19687,1894,20468,33734,72,1,1
13375,3226,561,40,17453,17283,15109,17603,36549,12,1,1
13376,16060,21471,40,6483,4719,17172,6803,61546,239,1,1
13377,7534,4569,40,19427,18876,14507,19617,46277,67,1,1
13378,6001,4569,30,16251,15710,1232,16431,28263,64,1,1
13379,6963,4037,40,14989,14507,1703,15169,27923,56,1,1
13380,6963,5771,40,21010,20359,1673,21200,35647,80,1,1
13381,2525,301,40,17874,17764,15379,18024,36269,6,1,1
13382,15900,21080,41,6372,4628,13676,6673,57379,235,1,1
13383,9588,7174,40,20249,19487,10399,20449,47660,96,1,1
13384,5831,3818,40,14638,14167,1292,14818,25799,55,1,1
13385,4929,942,40,12023,11833,1663,12163,19747,16,1,1
13386,6743,5350,40,15580,14959,1363,15780,29266,75,1,1
13387,4328,1042,40,12153,11932,1633,12314,19377,21,1,1
13388,2555,120,40,17183,17092,14808,17323,34856,1,1,1
13389,15991,21060,40,6352,4609,18084,6662,61827,233,1,1
13390,4588,3447,40,19297,18836,14427,19477,41979,54,1,1
13391,4068,1753,40,13426,13115,1563,13586,21000,31,1,1
13392,3927,381,40,11592,11462,1683,11742,17774,9,1,1
13393,6493,4648,40,16140,15579,1704,16321,29216,68,1,1
13394,2294,601,40,29927,29727,641,30077,33653,12,1,2
13395,17484,12553,40,4148,2995,21611,4389,56097,146,1,2
13396,7314,5020,40,20298,19727,11122,20488,43994,70,1,1
13397,6492,5480,40,14717,14086,1222,14919,28153,78,1,1
13398,6312,4759,40,15149,14578,2014,15339,28474,68,1,1
13399,3947,201,40,11271,11151,1714,11411,17313,5,1,1
13400,5490,832,40,17783,17573,17142,17934,41438,17,1,1
13401,6262,4950,40,15439,14868,1724,15629,28625,71,1,1
13402,6161,2796,40,18585,18204,11141,18755,38903,43,1,1
13403,5079,3327,40,13896,13475,1343,14076,23865,49,1,1
13404,6373,5239,40,14157,13556,1613,14347,27613,74,1,1
13405,2905,842,40,13636,13446,691,13786,18274,16,1,1
13406,17072,18315,41,23835,22252,3987,24126,63560,211,1,1
13407,6883,5711,40,16392,15759,2274,16592,31510,79,1,1
13408,7164,5400,40,20930,20299,2254,21130,35988,78,1,1
13409,3296,1072,40,9999,9758,1994,10149,16561,21,1,1
13410,5751,3486,40,10109,9678,1182,10290,20749,51,1,1
13411,6944,5891,40,18685,18014,1693,18886,33454,84,1,1
13412,3307,961,40,13044,12834,3888,13195,21401,18,1,1
13413,5891,3677,40,20058,19587,6152,20238,35998,55,1,1
13414,6793,5801,40,16422,15770,1743,16612,30999,80,1,1
13415,6893,4990,40,20138,19547,3637,20318,35878,71,1,1
13416,3407,1242,40,12284,12053,3196,12444,20339,22,1,1
13417,6863,5140,40,13726,13135,1653,13917,27623,72,1,1
13418,3216,1122,40,12454,12223,4318,12604,21300,20,1,1
13419,7314,1543,40,18255,17984,11752,18415,39054,26,1,1
13420,2825,1643,40,14327,14037,2495,14487,21491,29,1,1
13421,6362,3576,40,18895,18445,12363,19077,41428,52,1,1
13422,5400,4429,40,14137,13606,1222,14327,25408,64,1,1
13423,6191,4739,41,12503,11952,1834,12694,25488,67,1,1
13424,4349,1743,40,22022,21702,2364,22192,30698,31,1,2
13425,7364,4138,40,19988,19477,6042,20168,37762,60,1,1
13426,7624,6543,40,17213,16521,1713,17413,33343,87,1,1
13427,7183,5461,40,20128,19507,4519,20328,37541,76,1,1
13428,3607,861,40,9629,9427,2274,9779,16571,16,1,1
13429,5912,4518,40,11001,10459,1433,11181,23084,64,1,1
13430,4068,1182,40,8276,8046,1072,8426,14808,21,1,1
13431,3767,741,41,8125,7945,1914,8276,14728,14,1,1
13432,3547,1603,40,14387,14107,3747,14548,23495,28,1,1
13433,8406,3958,40,19467,18966,5851,19647,37902,59,1,1
13434,6082,4729,40,24847,24256,1273,25037,37171,71,1,1
13435,2855,301,40,9448,9318,1824,9588,14618,7,1,1
13436,6272,3637,40,10650,10190,1302,10831,22092,54,1,1
13437,7864,7814,40,19376,18575,1083,19597,36389,102,1,1
13438,6843,2855,40,18666,18255,3907,18836,32481,46,1,1
13439,7303,6443,40,19076,18385,1583,19286,34655,87,1,1
13440,6993,4519,40,19236,18686,3246,19417,34235,66,1,1
13441,4268,1693,40,9989,9688,1422,10150,17573,31,1,1
13442,6042,3346,40,10200,9779,1332,10370,21130,48,1,1
13443,2374,411,40,8847,8706,2625,8987,14447,9,1,1
13444,4659,2224,40,20369,20007,1994,20539,29466,36,1,2
13445,7144,3907,41,34295,33774,7384,34476,52971,58,1,2
13446,6051,3146,40,18605,18205,3847,18786,31870,47,1,1
13447,4959,1663,40,9217,8937,1713,9377,17774,30,1,1
13448,3968,1112,40,7845,7605,962,7985,14087,22,1,1
13449,4188,932,40,12143,11893,1092,12293,18545,18,1,2
13450,6282,3276,40,17012,16571,3196,17183,29987,51,1,1
13451,6422,2685,40,33253,32841,7484,33424,50065,41,1,2
13452,6423,2975,40,18275,17863,3497,18445,31390,46,1,1
13453,3957,581,41,8175,7995,962,8326,13866,13,1,1
13454,3717,431,40,12524,12344,1032,12674,17894,9,1,2
13455,3426,1233,40,15179,14938,2655,15329,22693,22,1,1
13456,6653,3386,40,18586,18125,1823,18746,30668,52,1,1
13457,8025,8897,40,21881,21000,1152,22102,40216,113,1,1
13458,3667,411,40,17323,17173,2725,17463,24326,10,1,1
13459,4198,571,40,7414,7254,1022,7564,13385,12,1,1
13460,3176,911,41,11121,10900,2705,11262,18104,18,1,1
13461,7174,5220,40,16211,15569,2264,16391,31109,77,1,1
13462,6963,5721,40,21451,20780,1703,21641,36068,81,1,1
13463,4850,921,41,17713,17493,2565,17854,26250,18,1,1
13464,5300,2324,40,18936,18586,7945,19106,34725,39,1,1
13465,2124,121,40,11812,11722,9909,11952,24136,1,1,1
13466,15930,21681,40,24446,22663,12033,24767,74451,240,1,1
13467,1513,340,40,9748,9628,8056,9899,19858,7,1,1
13468,3536,2655,41,17132,16751,6402,17293,29926,41,1,1
13469,3517,210,40,17213,17093,11943,17353,33063,5,1,1
13470,1854,561,30,17734,17574,7945,17874,28274,11,1,1
13471,3276,1363,40,17553,17293,2485,17723,24877,25,1,1
13472,6523,4829,40,19267,18676,2064,19457,32923,71,1,1
13473,1884,170,30,17674,17574,12103,17814,32021,3,1,1
13474,2655,1072,40,18245,18024,8746,18405,30918,20,1,1
13475,4108,2004,40,14177,13866,2354,14337,22833,32,1,1
13476,6913,4728,40,15329,14778,2384,15509,29586,66,1,1
13477,7344,7784,40,21520,20719,1042,21732,37952,101,1,1
13478,2374,381,40,17984,17844,13445,18135,34375,9,1,1
13479,1884,461,40,17543,17403,11111,17693,31189,10,1,1
13480,6372,5511,40,20058,19417,1163,20248,33354,79,1,1
13481,6392,4990,40,19587,19006,2505,19777,33714,71,1,1
13482,2665,391,40,17423,17283,14838,17563,35507,9,1,1
13483,15930,22032,40,6743,4909,15700,7053,60765,247,1,1
13484,7323,5832,40,22382,21751,13656,22582,49433,78,1,1
13485,6662,5521,40,20108,19467,1182,20298,33713,78,1,1
13486,6893,4849,40,19768,19177,2244,19948,33984,71,1,1
13487,2104,210,40,17393,17283,712,17533,20599,4,1,1
13488,17724,11281,40,3717,2675,23565,3958,56558,134,1,1
13489,7294,5741,40,20509,19858,12053,20699,45827,80,1,1
13490,6782,5591,40,20389,19758,1182,20579,34174,77,1,1
13491,6663,5059,40,19116,18535,2214,19307,33293,70,1,1
13492,2053,251,40,17463,17353,15119,17603,35066,5,1,1
13493,8216,8656,40,20399,19498,11482,20619,49013,111,1,2
13494,4639,3046,40,18956,18535,1403,19126,28254,47,1,1
13495,6893,6172,40,20899,20198,1753,21100,35968,87,1,1
13496,3467,861,40,17884,17693,16020,18034,38433,17,1,1
13497,15870,22924,40,6793,4939,16992,7103,62929,250,1,1
13498,4509,2805,41,19176,18785,13956,19347,40677,44,1,1
13499,1783,301,40,8857,8727,2625,9007,13746,7,1,1
13500,6944,5761,40,12954,12303,1042,13145,26942,80,1,1
13501,7194,3326,40,13305,12855,1994,13495,26049,53,1,1
13502,6252,5129,41,20428,19807,2014,20619,34054,75,1,1
13503,2335,240,41,17693,17573,14478,17834,34927,5,1,1
13504,15931,21831,41,6622,4809,15449,6943,60204,245,1,1
13505,7314,5150,30,21811,21220,12013,22001,46508,71,1,1
13506,7825,5661,40,15609,14978,1122,15809,30458,79,1,1
13507,4248,892,40,11822,11612,1623,11972,18786,18,1,1
13508,6453,5180,40,15489,14878,2665,15679,30027,74,1,1
13509,3968,861,40,11943,11752,1653,12093,18625,16,1,1
13510,4188,651,40,17453,17273,16472,17603,38974,15,1,1
13511,8827,9268,40,20749,19818,14518,20979,53622,117,1,2
13512,5280,4158,40,15109,14588,1232,15289,26009,62,1,1
13513,4379,1072,40,11772,11532,1673,11922,19096,22,1,1
13514,6723,5420,40,15109,14498,1413,15309,28915,76,1,1
13515,2324,401,40,29446,29276,19427,29596,51778,8,1,2
13516,2535,791,41,17623,17423,11602,17774,32752,18,1,1
13517,5941,5190,40,14868,14277,1152,15069,27392,73,1,1
13518,5972,4679,40,15038,14467,1382,15218,27312,69,1,1
13519,4048,211,40,11371,11251,1744,11511,17564,5,1,1
13520,6152,1653,40,18626,18334,12995,18786,39626,29,1,1
13521,6883,5921,40,23384,22713,1462,23585,37891,83,1,1
13522,3086,521,40,9468,9308,2084,9608,15359,11,1,1
13523,4589,2284,40,9869,9518,1373,10029,18325,39,1,1
13524,5711,4709,40,14077,13496,2334,14267,27061,70,1,1
13525,2985,932,40,13296,13094,4368,13446,21781,18,1,1
13526,6012,3356,40,19487,19036,4870,19657,33945,51,1,1
13527,6793,5099,41,15759,15138,2144,15951,30027,75,1,1
13528,7495,4458,40,20229,19668,3977,20419,36379,67,1,1
13529,3206,1273,40,10319,10079,2315,10469,17303,23,1,1
13530,6422,2745,40,9408,9027,1253,9588,20048,44,1,1
13531,7685,6753,40,14818,14097,1683,15028,31189,90,1,1
13532,3657,1854,40,14618,14357,3907,14778,24246,26,1,1
13533,3797,2255,40,20529,20178,8376,20699,35167,37,1,1
13534,6883,6202,40,16732,16041,2054,16912,32111,84,1,1
13535,6833,5150,40,20489,19878,5381,20679,38093,75,1,1
13536,3697,962,40,16672,16461,2084,16832,23625,19,1,1
13537,5320,2906,40,9648,9247,1222,9818,19316,46,1,1
13538,7083,5470,40,14497,13876,1433,14698,28724,77,1,1
13539,3266,1232,40,13135,12904,3597,13296,21441,23,1,1
13540,5450,2876,40,19126,18725,15520,19296,43182,46,1,1
13541,7304,6673,40,17062,16341,1704,17272,32983,90,1,1
13542,6272,3045,40,18795,18375,12434,18966,40747,48,1,1
13543,6452,5220,40,15049,14447,1142,15239,28093,73,1,1
13544,6954,5370,40,12243,11612,1353,12423,26160,76,1,1
13545,4107,250,40,7915,7795,1643,8055,14106,6,1,1
13546,5651,4298,40,15720,15188,3617,15910,29516,64,1,1
13547,6322,3857,40,19527,19026,1763,19698,31690,58,1,1
13548,7273,6433,40,23725,22994,1813,23925,39484,90,1,1
13549,2885,581,41,8866,8686,2305,9017,14818,13,1,1
13550,5771,1613,40,7845,7564,1042,8005,16491,29,1,1
13551,6873,4408,40,11222,10700,1142,11402,23865,62,1,1
13552,3777,411,40,7945,7795,1643,8095,13966,10,1,1
13553,3667,1413,40,13135,12864,3296,13295,21711,27,1,1
13554,7895,3647,40,19387,18906,5621,19567,36760,55,1,1
13555,7023,5480,40,16651,16040,1343,16852,30748,76,1,1
13556,6262,3286,40,18776,18335,8516,18956,37060,51,1,1
13557,2234,180,40,13675,13565,11181,13817,27452,4,1,1
13558,16081,20398,40,13385,11692,12724,13676,62929,227,1,1
13559,5350,2385,40,8877,8516,7795,9027,24607,38,1,1
13560,6212,2585,40,7414,7043,4689,7584,21100,40,1,1
13561,1483,230,41,10179,10059,631,10310,12714,5,1,1
13562,16611,17483,40,20208,18665,1193,20489,55816,204,1,1
13563,16872,11361,41,21801,20769,3046,22042,53371,134,1,1
13564,7284,6412,40,18896,18195,1503,19106,34345,88,1,1
13565,6122,2865,41,18505,18104,5821,18676,33534,45,1,1
13566,3146,581,40,8897,8717,2044,9047,14858,13,1,1
13567,3697,602,40,6753,6582,1082,6903,12344,14,1,1
13568,6001,4208,40,10540,10009,1193,10710,22152,62,1,1
13569,3507,1833,40,9428,9148,2385,9588,17363,29,1,1
13570,8226,6903,40,16972,16211,1734,17172,34085,95,1,1
13571,5992,2755,40,34055,33643,9147,34215,52169,42,1,2
13572,5540,2776,40,18365,17984,4248,18535,31149,42,1,1
13573,4799,1312,41,9337,9077,1774,9488,17423,25,1,1
13574,4048,762,40,9137,8947,972,9277,15109,16,1,1
13575,3877,581,40,11902,11692,1132,12053,17683,12,1,2
13576,5921,4629,40,17804,17263,3607,17984,32191,65,1,1
13577,6933,2826,40,18405,18014,2104,18585,30488,44,1,1
13578,7534,7284,40,21531,20769,1082,21731,37671,95,1,1
13579,5901,1433,40,17654,17393,2404,17814,27582,25,1,1
13580,4679,762,40,7514,7324,972,7664,14117,15,1,1
13581,4008,731,40,5591,5401,1022,5741,11552,15,1,1
13582,3997,1102,41,7864,7644,961,8026,14136,21,1,1
13583,10891,12013,40,22713,21581,1092,22953,46999,148,1,1
13584,6763,3246,40,18465,18044,2976,18645,31670,49,1,1
13585,8356,8466,40,21681,20809,1293,21891,40046,111,1,1
13586,10650,10740,40,22512,21501,1032,22754,45216,131,1,1
13587,4418,1012,40,7855,7624,942,7995,14427,20,1,1
13588,3326,1263,40,10139,9889,2415,10289,17343,23,1,1
13589,9368,5982,40,16621,15970,2094,16821,34305,81,1,1
13590,7414,6272,40,21401,20710,1463,21601,36810,86,1,1
13591,4458,301,40,17594,17463,2344,17734,24887,7,1,1
13592,5770,2755,40,18756,18365,8616,18926,36118,44,1,1
13593,4108,1833,30,13345,13034,2575,13506,22062,31,1,1
13594,7294,5721,40,15510,14849,1863,15710,30638,82,1,1
13595,7304,5491,40,16732,16100,1903,16922,31670,77,1,1
13596,7504,4920,40,16451,15860,1623,16651,30728,73,1,1
13597,4128,460,40,17693,17543,11903,17834,34385,10,1,1
13598,1763,230,40,17253,17142,7795,17393,27221,5,1,1
13599,3517,1503,40,12694,12433,2505,12854,20419,27,1,1
13600,7425,4498,40,15069,14538,2144,15259,29386,65,1,1
13601,6392,5139,40,19016,18405,1894,19216,32682,76,1,1
13602,2354,201,40,17663,17553,11733,17803,32131,4,1,1
13603,1763,421,40,17744,17604,10239,17884,30357,9,1,1
13604,2054,611,40,9799,9639,571,9949,13235,12,1,1
13605,12493,11482,40,18815,17713,1042,19056,44123,143,1,1
13606,8967,10159,40,29115,28114,1062,29345,49583,130,1,1
13607,2315,280,40,17774,17644,721,17914,21270,6,1,1
13608,17363,14096,40,4468,3246,16452,4729,52690,162,1,1
13609,7204,5460,40,20439,19827,7685,20629,41018,75,1,1
13610,3677,1403,40,12323,12073,3738,12483,21341,25,1,1
13611,7103,5110,40,15149,14558,1984,15339,29576,73,1,1
13612,6913,5250,40,20980,20369,2124,21170,35507,74,1,1
13613,2585,441,40,17814,17684,16181,17964,37221,9,1,1
13614,16531,21901,40,6582,4789,19036,6894,64422,241,1,1
13615,7154,5751,40,20900,20268,16571,21090,50626,78,1,1
13616,5851,4880,40,16170,15589,1192,16361,28314,69,1,1
13617,7034,3476,40,12985,12523,1333,13165,25058,55,1,1
13618,5461,4167,40,18865,18345,1653,19046,30378,62,1,1
13619,2134,120,40,17113,17012,14617,17243,34154,1,1,1
13620,13095,15709,40,22262,20839,12995,22523,64362,184,1,2
13621,6312,5290,40,19707,19086,1182,19898,32732,77,1,1
13622,6042,4909,40,15760,15179,1824,15950,28775,70,1,1
13623,7194,4729,40,13887,13326,1653,14077,27703,68,1,1
13624,2485,160,40,17163,17053,14527,17303,34515,3,1,1
13625,16802,21941,40,6552,4749,17423,6863,63079,242,1,1
13626,4409,2715,40,18525,18165,14247,18695,40116,41,1,1
13627,2354,962,40,10991,10781,2024,11151,16531,19,1,1
13628,6693,5621,40,15670,15039,1503,15870,29737,79,1,1
13629,6352,5050,40,19687,19086,1603,19878,32913,73,1,1
13630,1994,200,40,17473,17363,14507,17614,34365,4,1,1
13631,16110,21822,40,6563,4759,15910,6873,60755,242,1,1
13632,8727,6843,40,21100,20359,11733,21310,48653,94,1,1
13633,6362,5140,40,16461,15840,1132,16651,29335,75,1,1
13634,7103,3387,40,13275,12824,1854,13455,25859,53,1,1
13635,6813,5270,41,21320,20689,1844,21511,35488,77,1,1
13636,13535,5721,40,20359,19747,17433,20549,57268,74,1,1
13637,2545,902,40,17754,17543,15770,17914,37171,19,1,1
13638,3657,3186,40,1473,1062,2885,1653,11421,48,1,1
13639,6443,4117,40,19106,18585,1282,19297,31179,62,1,1
13640,5892,4779,40,15660,15099,1943,15850,28514,69,1,1
13641,3888,681,40,12073,11883,1673,12213,18505,15,1,1
13642,4288,692,40,18084,17904,9538,18234,32792,14,1,1
13643,4930,2224,40,18465,18115,10140,18635,35969,37,1,1
13644,4799,3697,40,14568,14077,1262,14738,24556,57,1,1
13645,4769,1633,40,24386,24086,1653,24546,32642,26,1,2
13646,2164,411,40,29957,29756,641,30097,33353,9,1,2
13647,17393,12183,40,4028,2896,16902,4268,50796,142,1,2
13648,4478,3075,40,19857,19426,8707,20028,36329,48,1,1
13649,6242,4779,30,15249,14658,1182,15439,27672,71,1,1
13650,7033,6322,40,15991,15299,1643,16201,31239,87,1,1
13651,3677,150,40,11292,11181,2104,11432,17413,3,1,1
13652,6231,2044,40,19276,18946,18926,19427,46678,33,1,1
13653,14176,17063,40,19277,17754,3086,19567,53932,198,1,2
13654,1332,341,40,17994,17854,642,18124,20499,7,1,1
13655,17022,18756,40,5831,4228,33604,6121,75543,214,1,1
13656,8967,2495,40,9137,8797,13696,9307,34525,38,1,1
13657,16021,21040,40,18926,17183,19597,19236,75934,233,1,1
13658,1523,301,40,7704,7594,10250,7855,20299,6,1,1
13659,17052,20299,40,18575,16862,20599,18875,76865,229,1,1
13660,16391,17894,40,27783,26230,1483,28073,63881,208,1,1
13661,2495,1764,40,14698,14427,801,14858,19968,28,1,1
13662,10891,12894,40,22683,21470,4157,22934,50936,159,1,1
13663,6482,5220,40,14658,14067,972,14858,27572,72,1,1
13664,5220,3577,40,12203,11762,1934,12383,23164,52,1,1
13665,2424,150,40,7484,7384,1302,7625,11551,3,1,1
13666,1683,742,40,13516,13345,601,13666,16752,14,1,1
13667,16922,18405,40,23795,22222,5861,24086,65324,211,1,1
13668,6082,5049,40,16973,16382,1883,17163,30217,71,1,1
13669,6633,2765,40,18605,18225,14126,18775,42340,42,1,1
13670,1953,601,40,10109,9949,2485,10260,15329,11,1,1
13671,3807,711,40,8296,8125,1453,8446,14457,14,1,1
13672,5941,4308,40,11622,11101,1433,11812,23534,63,1,1
13673,4067,1042,41,8125,7905,1423,8276,14858,20,1,1
13674,2845,561,40,12344,12183,3517,12494,19467,12,1,1
13675,2785,1834,40,19126,18826,3166,19286,27111,30,1,1
13676,3066,2254,41,14166,13826,2474,14328,22182,37,1,1
13677,3206,1944,40,19046,18736,2835,19196,27232,32,1,1
13678,5471,4138,40,12524,12023,972,12704,23325,59,1,1
13679,2053,991,40,10409,10189,2054,10550,15709,18,1,1
13680,3998,1513,40,14838,14578,1583,14998,22142,26,1,1
13681,7965,2665,40,25980,25589,11371,26150,48191,40,1,2
13682,7434,6292,40,16652,15951,2324,16852,32942,87,1,1
13683,6843,4328,40,19788,19267,4428,19968,35607,61,1,1
13684,3987,712,40,9718,9528,2104,9869,16712,15,1,1
13685,7264,5129,40,16982,16391,1633,17163,31239,72,1,1
13686,3898,641,40,8226,8055,1452,8376,14407,13,1,1
13687,6121,3888,40,15028,14548,3616,15218,28894,57,1,1
13688,6593,4388,40,19808,19257,1613,19998,32632,67,1,1
13689,8726,8527,40,25909,25027,1082,26129,44514,112,1,1
13690,2485,281,30,9458,9328,1944,9598,14348,6,1,1
13691,6833,4749,40,10490,9939,1132,10680,23434,67,1,1
13692,3948,1122,40,7224,7004,1042,7384,13526,21,1,1
13693,5932,4829,40,17724,17133,1993,17914,30698,71,1,1
13694,8596,4589,40,19467,18926,2865,19657,35747,64,1,1
13695,6823,5971,40,19257,18585,2004,19467,34295,84,1,1
13696,7424,5040,40,19407,18826,1923,19597,34034,72,1,1
13697,3967,772,40,8897,8716,1943,9047,15779,15,1,1
13698,3687,641,30,14097,13887,1112,14237,19727,12,1,2
13699,3747,601,40,5440,5270,1042,5590,11031,13,1,1
13700,8506,7765,40,19146,18335,1072,19367,36760,105,1,1
13701,6803,4248,40,35798,35237,8606,35978,55675,62,1,2
13702,6052,2745,40,18515,18125,3326,18696,30849,45,1,1
13703,4639,1633,41,9387,9097,1393,9548,17263,29,1,1
13704,3917,1082,40,8737,8496,1433,8887,15369,23,1,1
13705,3436,391,40,6653,6513,1293,6803,11973,9,1,1
13706,7364,5360,40,17553,16922,1684,17753,32201,79,1,1
13707,5751,2234,40,18105,17773,4689,18275,30989,36,1,1
13708,8566,4799,40,11843,11271,1443,12033,26891,70,1,1
13709,6913,5130,40,16030,15439,1824,16220,30147,74,1,1
13710,5280,1212,40,17774,17514,3036,17934,27492,25,1,1
13711,3848,290,40,7575,7444,982,7715,12865,6,1,1
13712,3376,341,40,5300,5160,1222,5440,10429,9,1,1
13713,3287,1192,40,16481,16221,1744,16641,22914,22,1,2
13714,7034,5731,40,24957,24306,2856,25147,40808,79,1,1
13715,7805,5160,40,20579,19968,1803,20769,35587,74,1,1
13716,2244,341,40,17583,17453,7844,17724,28203,7,1,1
13717,4218,441,40,7014,6863,1102,7164,12965,11,1,1
13718,4208,1883,40,11602,11292,2215,11762,20108,32,1,1
13719,8035,6442,40,17393,16692,2094,17593,34205,88,1,1
13720,7133,7625,40,21782,20980,1052,21992,37852,101,1,1
13721,3256,701,40,17804,17614,4298,17954,26249,15,1,1
13722,6402,3246,40,19206,18766,6933,19387,36018,50,1,1
13723,6793,6262,40,22182,21471,1072,22382,36559,89,1,1
13724,6732,5491,40,20499,19868,2565,20689,35537,78,1,1
13725,3426,652,40,17763,17593,13084,17914,35126,14,1,1
13726,1874,331,40,17343,17203,8025,17493,27753,9,1,1
13727,4469,1452,41,17172,16912,2345,17333,25639,26,1,1
13728,6603,4308,40,15119,14588,2354,15299,28594,63,1,1
13729,6282,5120,40,20599,19978,1814,20789,34055,75,1,1
13730,2204,211,40,17693,17593,11632,17833,31920,4,1,1
13731,1854,641,40,17644,17484,10810,17794,31159,12,1,1
13732,7794,7905,40,20519,19687,1102,20730,37581,104,1,1
13733,6242,4779,40,20428,19847,2395,20609,34075,69,1,1
13734,12934,8396,30,22333,21521,15830,22543,59753,103,1,1
13735,7614,3637,40,19618,19177,12103,19788,43192,51,1,1
13736,6382,5992,40,20669,19978,1122,20869,34405,85,1,1
13737,6352,5560,40,20479,19848,2214,20679,34856,78,1,1
13738,2995,642,40,17573,17403,15269,17723,36689,14,1,1
13739,6102,5350,40,19597,18935,12294,19787,43593,77,1,2
13740,6743,5440,40,15279,14658,1122,15480,28835,77,1,1
13741,6663,4318,40,14237,13686,2295,14427,27753,66,1,1
13742,6853,5361,40,19467,18826,1593,19647,33504,77,1,1
13743,2254,281,40,17453,17333,14758,17593,34936,6,1,1
13744,10260,11191,40,21030,19928,13676,21280,56447,139,1,2
13745,3176,732,40,9899,9718,2284,10049,16301,14,1,1
13746,6713,4709,40,16381,15820,1283,16571,29316,69,1,1
13747,6452,5050,40,23876,23254,1482,24056,37100,75,1,1
13748,2846,711,40,18004,17814,15459,18134,37201,14,1,1
13749,16751,21692,40,6462,4689,13346,6772,58611,238,1,1
13750,4579,3306,40,19888,19467,12253,20058,40236,48,1,1
13751,10360,2925,40,13847,13476,18324,14017,45666,41,1,1
13752,6793,5260,40,18364,17773,17944,18555,48592,73,1,1
13753,4920,1543,40,9177,8907,10951,9337,26801,26,1,1
13754,15960,21641,40,22923,21120,19918,23244,80793,243,1,1
13755,3517,872,40,17743,17533,13465,17893,35788,17,1,1
13756,2224,481,40,17533,17393,15319,17683,35747,10,1,1
13757,3858,3617,40,1643,1182,2936,1813,12274,53,1,1
13758,4348,2946,40,14117,13706,1814,14287,23435,45,1,1
13759,6623,3396,40,13185,12754,2053,13366,25488,51,1,1
13760,6352,5380,41,19466,18835,1442,19667,32872,77,1,1
13761,2054,210,40,17724,17614,14628,17864,34806,5,1,1
13762,15810,22072,40,6622,4799,15580,6933,60435,244,1,1
13763,7164,5260,40,19958,19367,12364,20138,44986,72,1,1
13764,4509,3146,40,15459,15018,1303,15639,24637,50,1,1
13765,6232,4950,40,15549,14978,2144,15739,29115,70,1,1
13766,3687,411,40,11231,11091,1703,11381,17232,10,1,1
13767,4028,441,40,11562,11412,1793,11712,18024,11,1,1
13768,1814,301,40,17483,17353,15389,17623,35177,7,1,1
13769,15951,21480,40,6432,4669,16692,6743,60906,237,1,1
13770,4459,3126,40,19457,19056,12624,19627,39876,46,1,1
13771,6863,6873,40,15690,14969,1172,15900,30838,90,1,1
13772,2785,1683,40,13215,12934,3196,13356,21070,27,1,1
13773,4629,1112,40,11832,11602,1703,11983,19487,21,1,1
13774,14418,6973,40,20359,19637,16070,20549,58060,89,1,1
13775,3667,2755,40,14267,13896,2304,14438,23204,42,1,1
13776,6923,3536,40,19056,18595,16611,19237,46347,54,1,1
13777,3937,1713,41,13205,12914,2314,13366,21380,29,1,1
13778,2384,1253,40,13686,13445,571,13846,18094,22,1,1
13779,11151,10831,40,16702,15641,4118,16942,43082,135,1,2
13780,6783,4438,30,21040,20499,3296,21221,35788,64,1,1
13781,6873,6181,40,16501,15830,1593,16702,31399,83,1,1
13782,2184,592,40,17523,17343,15459,17673,35948,13,1,1
13783,6062,6312,40,2515,1824,1824,2725,16973,87,1,1
13784,4548,3297,40,13836,13385,1513,14016,23414,53,1,1
13785,3146,2455,40,13486,13135,1873,13656,21170,39,1,1
13786,3226,1132,40,14407,14227,3867,14557,22843,15,1,1
13787,3767,1783,40,18976,18686,9108,19136,33844,30,1,1
13788,5761,4318,30,15730,15179,2264,15910,28293,65,1,1
13789,7183,5831,40,20539,19857,4328,20740,38122,83,1,1
13790,3346,1282,40,10830,10580,2345,10981,18004,23,1,1
13791,6873,3227,40,9648,9207,1253,9818,21221,50,1,1
13792,6022,4478,40,13917,13386,1823,14107,26460,65,1,1
13793,2675,671,40,13025,12854,4619,13175,21180,13,1,1
13794,16632,16120,40,24075,22683,1783,24357,58932,185,1,1
13795,7013,5842,40,16481,15840,2064,16681,31640,80,1,1
13796,7414,4639,40,19958,19396,3657,20128,35898,67,1,1
13797,4017,932,40,9528,9328,2475,9688,17142,18,1,1
13798,4599,400,40,8155,8015,1493,8306,14828,9,1,1
13799,5982,4498,40,13396,12854,1984,13586,26090,64,1,1
13800,3196,371,40,7905,7785,2094,8055,13776,8,1,1
13801,5280,1723,40,13065,12785,3497,13225,23775,29,1,1
13802,6322,3918,40,19527,19046,3927,19707,33924,56,1,1
13803,7725,5761,40,15189,14528,1914,15389,30819,81,1,1
13804,7685,5159,40,19827,19226,2846,20017,35738,73,1,1
13805,4860,2104,40,12904,12574,2825,13074,22904,36,1,1
13806,6533,4979,41,11792,11221,1583,11983,25118,69,1,1
13807,2695,672,40,12965,12784,4258,13115,20780,14,1,1
13808,6573,3997,40,19667,19166,4659,19858,35137,60,1,1
13809,7454,5952,40,21571,20880,1282,21771,36499,86,1,1
13810,4649,972,40,18916,18716,1673,19076,26400,18,1,1
13811,3316,842,40,9778,9578,2355,9938,16491,17,1,1
13812,6733,4398,40,11152,10601,1162,11342,23685,66,1,1
13813,3938,731,41,8235,8055,1433,8396,14528,15,1,1
13814,15249,17773,40,27512,25969,1062,27792,61917,204,1,1
13815,6993,5651,40,18655,18014,1573,18855,33102,79,1,1
13816,6732,4629,40,19347,18806,3176,19537,34114,65,1,1
13817,3567,651,41,9528,9367,1793,9679,15750,12,1,1
13818,6262,3857,40,10500,10019,1252,10681,22102,57,1,1
13819,3727,872,40,7074,6863,1142,7214,13005,19,1,1
13820,6582,4940,40,17934,17343,2625,18124,32321,72,1,1
13821,7234,4448,40,19497,18966,2194,19677,33603,63,1,1
13822,7024,5520,40,18425,17803,1874,18625,33093,78,1,1
13823,6763,4449,40,19256,18725,2135,19446,32833,64,1,1
13824,3246,551,40,8687,8526,1813,8837,14497,12,1,1
13825,4088,802,40,7685,7484,971,7835,13736,16,1,1
13826,4318,1142,40,7073,6833,1042,7234,13766,23,1,1
13827,4599,1302,40,5811,5561,1162,5972,13085,25,1,1
13828,1533,491,40,14027,13877,591,14167,16832,10,1,1
13829,13596,13896,40,38473,37171,6673,38733,72938,167,1,2
13830,6212,2465,40,18295,17944,3757,18465,30929,39,1,1
13831,4439,982,40,8716,8476,2023,8856,16361,21,1,1
13832,3807,1022,40,7875,7645,972,8025,13866,21,1,1
13833,3296,1402,40,10019,9758,2685,10160,17593,24,1,1
13834,11672,12494,40,25588,24426,1042,25838,51087,151,1,1
13835,6883,6302,40,19066,18395,1413,19277,33925,85,1,1
13836,5841,1693,40,17804,17513,2745,17974,28304,31,1,1
13837,3697,410,41,7414,7273,1232,7565,12944,9,1,1
13838,2505,120,40,5080,4990,1513,5220,9398,1,1,1
13839,3065,1784,40,23114,22783,2996,23274,31149,30,1,2
13840,3297,2294,40,34496,34136,3326,34666,43623,36,1,2
13841,2245,160,40,17463,17353,4799,17603,24837,3,1,1
13842,3788,270,40,7384,7274,972,7534,12594,5,1,1
13843,4529,2635,40,11642,11252,1894,11802,20910,42,1,1
13844,7895,6612,40,17433,16731,1974,17634,34155,87,1,1
13845,7454,5691,40,20489,19828,1633,20679,35507,81,1,1
13846,2735,451,40,17403,17242,11561,17543,32351,11,1,1
13847,5250,2595,40,19667,19297,7495,19827,35207,41,1,1
13848,5420,3176,40,14708,14257,1793,14888,25307,51,1,1
13849,6422,4459,40,14207,13676,2174,14387,27502,63,1,1
13850,6822,5220,40,20298,19687,1884,20499,34465,75,1,1
13851,3106,280,40,17333,17212,13486,17473,34405,6,1,1
13852,1883,421,40,17473,17333,8335,17624,28303,9,1,1
13853,2285,310,40,7665,7534,7344,7805,17774,6,1,1
13854,16180,21902,40,25589,23765,13996,25899,78017,244,1,1
13855,1293,330,40,7675,7534,7334,7805,16812,7,1,1
13856,16111,19547,40,25118,23445,8265,25418,69401,224,1,1
13857,2234,251,40,17854,17743,701,17994,21220,5,1,1
13858,17794,12163,40,3968,2876,18856,4218,53071,143,1,1
13859,6683,4959,40,20098,19527,8797,20289,40778,69,1,1
13860,2484,672,40,9658,9488,2475,9808,15479,13,1,1
13861,6612,4329,40,16201,15680,1322,16381,28694,62,1,1
13862,6523,4939,40,19457,18876,1774,19647,32943,71,1,1
13863,2474,120,40,17202,17112,12724,17343,32701,1,1,1
13864,2094,681,40,17633,17463,13064,17784,33673,14,1,1
13865,6863,6403,40,21290,20589,1062,21500,35868,88,1,1
13866,6463,4949,40,21171,20600,2254,21361,35077,70,1,1
13867,6853,5029,40,14848,14267,2234,15039,29205,71,1,1
13868,2775,261,40,18485,18365,15680,18635,37391,6,1,1
13869,5500,3377,40,19236,18786,11461,19407,39795,51,1,1
13870,4749,2915,40,11381,10991,1122,11552,20378,44,1,1
13871,7104,5360,40,16982,16361,1303,17182,30989,77,1,1
13872,6683,4648,40,19066,18505,1232,19257,31880,69,1,1
13873,2394,421,40,17724,17594,15109,17874,35828,8,1,1
13874,1974,721,40,17603,17423,13115,17753,33614,14,1,1
13875,4539,2675,40,14147,13766,1142,14317,22713,43,1,1
13876,6432,4468,40,15820,15289,1282,16010,28243,65,1,1
13877,6813,5501,40,20108,19477,1994,20298,34646,77,1,1
13878,2755,552,40,17643,17493,15049,17793,36209,12,1,1
13879,10130,8726,40,20469,19608,11923,20689,51518,106,1,2
13880,2815,1163,40,11932,11702,2174,12093,18285,22,1,1
13881,7274,2945,40,12795,12394,1733,12965,24947,45,1,1
13882,6763,5500,40,14908,14297,1854,15109,29266,75,1,1
13883,4338,1523,30,12274,11993,1583,12414,19908,27,1,1
13884,2505,210,40,17393,17283,14688,17543,34986,5,1,1
13885,16081,22723,40,6743,4900,17092,7063,63009,249,1,1
13886,4429,2775,40,18926,18515,13426,19086,39766,45,1,1
13887,6732,6212,41,16180,15469,1052,16371,30417,87,1,1
13888,6632,3437,40,13305,12865,2063,13486,25648,51,1,1
13889,6482,4899,40,19667,19096,2004,19857,33293,70,1,1
13890,2084,150,40,17313,17223,13536,17453,33263,2,1,1
13891,15910,21120,40,6332,4589,13065,6643,56778,234,1,1
13892,4608,3166,40,21671,21240,10550,21842,40206,48,1,1
13893,6662,3277,40,14597,14157,1312,14768,26079,51,1,1
13894,6281,5140,40,20870,20248,2144,21050,34665,74,1,1
13895,3787,341,40,11201,11071,1704,11341,17233,8,1,1
13896,4829,821,40,11702,11512,1653,11852,19206,17,1,1
13897,6112,1262,40,17994,17733,17804,18155,43383,25,1,1
13898,2404,1182,40,18314,18084,15400,18475,37491,21,1,1
13899,14868,16061,40,18766,17333,1142,19036,51147,189,1,1
13900,6402,5039,40,14868,14287,1924,15059,28474,72,1,1
13901,4018,421,40,11462,11311,1663,11602,17754,10,1,1
13902,2565,611,40,29907,29707,8075,30047,41348,11,1,2
13903,5821,3497,40,19116,18665,9428,19296,38092,53,1,1
13904,2234,301,40,11962,11852,2635,12113,17323,6,1,1
13905,6532,5020,40,12023,11422,1082,12203,24887,73,1,1
13906,6753,6142,40,15048,14407,1914,15248,30097,80,1,1
13907,3055,882,40,13155,12965,5170,13305,22462,17,1,1
13908,3506,1943,40,18866,18565,5010,19026,29546,32,1,1
13909,6803,5119,41,15278,14677,2144,15470,29586,74,1,1
13910,7875,5641,40,20449,19788,2034,20649,36229,81,1,1
13911,4348,2074,40,12945,12614,1964,13105,21541,35,1,1
13912,7193,6252,40,14418,13706,6913,14608,35006,87,1,1
13913,2545,631,40,12424,12263,4879,12574,20669,12,1,1
13914,3316,1784,40,19317,19026,3386,19477,28003,31,1,1
13915,7875,6893,40,17032,16291,2004,17232,34054,94,1,1
13916,7013,5470,40,20289,19667,1894,20479,34896,75,1,1
13917,3998,1703,40,12083,11813,2455,12243,20439,27,1,1
13918,6302,3867,40,11572,11091,1983,11753,23955,57,1,1
13919,2995,721,40,8677,8486,1422,8827,14006,15,1,1
13920,8025,5841,40,23344,22693,2425,23544,39876,81,1,1
13921,6713,5951,40,23214,22543,2034,23414,38163,83,1,1
13922,2184,210,40,9168,9057,2314,9308,14066,5,1,1
13923,3757,902,40,8376,8175,1442,8526,14657,16,1,1
13924,6262,4499,40,11662,11121,1764,11852,24417,66,1,1
13925,4609,571,40,7985,7825,1573,8135,14948,13,1,1
13926,5340,2826,40,14357,13956,3387,14517,26110,44,1,1
13927,5911,3487,40,19627,19167,3968,19807,33223,53,1,1
13928,7034,5610,40,23013,22362,1784,23204,37672,79,1,1
13929,5851,4408,40,11792,11271,1012,11973,23284,62,1,1
13930,5020,2645,40,18645,18235,1383,18805,27903,40,1,2
13931,3517,1112,40,12674,12434,4168,12834,21681,22,1,1
13932,7074,4128,40,20358,19847,3427,20548,35217,61,1,1
13933,7834,6503,40,20078,19367,1403,20278,36058,88,1,1
13934,6682,4208,41,19777,19246,2825,19958,33733,63,1,1
13935,2986,671,40,9398,9218,2104,9538,15349,14,1,1
13936,6382,4299,40,12443,11913,1182,12634,24527,63,1,1
13937,3357,150,40,7645,7544,1833,7785,13175,3,1,1
13938,6452,4960,40,15650,15038,2024,15850,29316,75,1,1
13939,7474,3547,40,19016,18565,4078,19196,34325,52,1,1
13940,7785,6973,41,19076,18324,1212,19287,35307,96,1,1
13941,7174,4619,40,19597,19046,2254,19777,33874,66,1,1
13942,3096,892,40,9377,9177,1743,9528,15309,17,1,1
13943,5881,3667,40,11031,10550,1163,11201,21952,55,1,1
13944,3767,932,40,15369,15139,1703,15529,21971,18,1,2
13945,6161,3717,40,15138,14638,3526,15320,28764,57,1,1
13946,6853,3657,40,19157,18685,2084,19337,31961,55,1,1
13947,8335,7204,40,26380,25599,1263,26580,43432,99,1,1
13948,15379,7534,40,16882,16120,1212,17093,41258,95,1,1
13949,6172,1653,40,14588,14247,1623,14738,24236,29,1,2
13950,3556,371,40,5481,5340,1062,5621,10650,9,1,1
13951,7715,7304,40,18355,17584,1082,18565,34706,97,1,1
13952,7234,4718,40,35357,34796,7865,35548,55395,64,1,2
13953,6182,2565,40,18255,17894,3537,18425,30769,41,1,1
13954,3717,271,40,8677,8546,1553,8817,14398,6,1,1
13955,3908,561,40,7695,7544,1142,7845,13496,11,1,1
13956,3807,1553,40,10460,10200,2415,10620,18425,26,1,1
13957,7243,5441,40,22953,22342,2064,23153,37941,76,1,1
13958,7074,6171,40,21711,21030,1573,21902,36770,85,1,1
13959,4699,1142,30,17553,17313,2174,17703,25758,22,1,1
13960,3858,541,40,7695,7544,972,7845,13266,12,1,1
13961,2345,120,40,4980,4890,1493,5120,9108,1,1,1
13962,3327,2234,40,11041,10710,2294,11211,19106,37,1,1
13963,7233,6062,40,23475,22774,2324,23665,39324,81,1,2
13964,6582,5160,40,34966,34315,2504,35157,49453,75,1,2
13965,2926,491,40,17774,17613,8316,17914,29697,11,1,1
13966,3898,891,40,7694,7484,1123,7844,13797,18,1,1
13967,5701,3567,40,17784,17313,2525,17964,29807,55,1,1
13968,6894,5981,40,26961,26280,2395,27161,42461,84,1,1
13969,14948,9618,40,22843,21911,12183,23064,59853,119,1,1
13970,1823,491,40,17774,17614,8146,17924,28414,11,1,1
13971,4569,2254,41,16361,16000,2094,16522,25489,39,1,1
13972,7113,5340,40,15891,15268,2004,16091,30598,77,1,1
13973,6302,4789,41,14267,13716,2314,14458,27913,68,1,1
13974,7794,4579,40,14908,14348,2284,15099,29806,68,1,1
13975,3297,511,40,17914,17753,12393,18064,34295,10,1,1
13976,2445,761,40,17804,17624,8005,17964,29225,16,1,1
13977,3817,1974,40,18265,17975,2495,18435,26751,31,1,1
13978,6112,5190,40,20469,19868,1753,20659,33764,72,1,1
13979,2295,390,41,17703,17563,12504,17844,33073,8,1,1
13980,2033,431,40,17413,17262,9818,17554,29886,9,1,1
13981,7625,6492,40,14899,14187,1052,15109,30318,89,1,1
13982,6622,4348,40,14898,14357,2074,15089,28183,66,1,1
13983,6703,5170,40,15179,14558,1593,15369,28885,75,1,1
13984,6993,5550,40,15098,14487,1944,15299,29826,76,1,1
13985,2595,350,41,17392,17262,14657,17544,35176,8,1,1
13986,15850,22503,40,6673,4849,13396,6993,58782,246,1,1
13987,4649,2475,40,19948,19577,12634,20118,39916,41,1,1
13988,6653,6332,40,20569,19868,1102,20759,34896,88,1,1
13989,6002,4699,40,19737,19166,1994,19927,32672,69,1,1
13990,2165,120,40,17082,16982,14348,17222,33895,1,1,1
13991,15890,21621,40,6473,4699,16321,6783,60655,238,1,1
13992,4548,2605,40,18735,18385,14107,18906,40206,38,1,1
13993,2735,782,40,9929,9749,3397,10079,17043,15,1,1
13994,7354,5480,40,16802,16171,1593,17002,31479,79,1,1
13995,6532,4820,40,19557,18996,1964,19747,33123,69,1,1
13996,2404,291,40,17473,17353,14938,17623,35286,6,1,1
13997,15790,23464,41,6532,4749,13275,6853,59432,241,1,1
13998,4568,2525,40,19708,19357,11922,19868,38923,37,1,1
13999,5571,4087,40,19026,18505,1292,19207,30207,61,1,1
14000,6302,4929,40,19787,19206,2144,19978,33403,71,1,1
14001,2094,301,40,17764,17644,691,17914,21050,7,1,1
14002,17653,11171,40,3667,2645,23494,3888,56256,132,1,1
14003,4629,3357,40,18926,18465,12624,19106,39746,52,1,1
14004,5220,3637,40,14548,14087,1292,14728,24917,55,1,1
14005,6713,3687,40,13175,12714,2014,13355,25819,54,1,1
14006,7273,5401,40,19116,18485,1563,19306,33603,77,1,1
14007,2245,220,40,17363,17243,14598,17503,34606,5,1,1
14008,16020,21210,40,6472,4689,16081,6773,60134,238,1,1
14009,4548,2706,40,18866,18465,12644,19036,38984,45,1,1
14010,6753,5530,40,15640,14998,1112,15830,29275,79,1,1
14011,6693,2966,40,12924,12524,2214,13095,25008,46,1,1
14012,6562,5911,40,19537,18886,2034,19727,34295,80,1,1
14013,2505,220,40,17654,17544,12854,17794,33413,5,1,1
14014,1243,350,41,17513,17383,821,17664,20118,7,1,1
14015,17193,18415,40,5751,4178,14197,6041,55886,210,1,1
14016,4318,1643,40,12875,12583,1463,13045,20509,30,1,1
14017,4188,1002,40,11883,11672,1643,12023,18916,18,1,1
14018,6241,4639,41,15238,14667,1723,15430,28083,69,1,1
14019,3246,361,40,11552,11402,2946,11692,18295,9,1,1
14020,7023,3367,40,20299,19878,11131,20479,42050,49,1,1
14021,2214,952,40,19026,18816,14577,19167,36970,18,1,1
14022,6703,6022,40,15389,14708,1082,15589,29436,83,1,1
14023,6483,5159,40,14637,14056,2514,14839,29035,72,1,1
14024,3967,171,40,11371,11251,1703,11501,17393,4,1,1
14025,4839,2164,40,30839,30478,13165,31009,51217,34,1,2
14026,2274,912,40,18084,17874,10039,18244,31519,19,1,1
14027,3397,992,40,12434,12223,2024,12594,19057,20,1,1
14028,7214,5610,40,14848,14197,1803,15048,29716,80,1,1
14029,4779,2264,40,14127,13766,3888,14297,25268,39,1,1
14030,8637,7073,40,21020,20259,2485,21230,39475,96,1,1
14031,7073,5942,40,16130,15479,1773,16331,31179,82,1,1
14032,7274,5420,40,20469,19848,3066,20659,36459,76,1,1
14033,3146,882,40,12073,11883,2154,12233,18445,16,1,1
14034,5069,3577,40,14137,13676,1974,14317,24987,55,1,1
14035,3256,1042,40,13616,13406,4248,13766,22362,18,1,1
14036,5992,4037,41,19947,19456,6803,20128,37000,58,1,1
14037,6943,5470,40,16210,15579,2165,16411,31019,78,1,1
14038,7444,6062,40,20439,19778,2364,20639,36569,83,1,1
14039,3977,381,40,7655,7525,8636,7805,20849,8,1,1
14040,16952,20479,40,16211,14518,22042,16521,76024,227,1,1
14041,1503,451,40,11251,11111,10620,11391,24005,9,1,1
14042,16591,17413,40,15739,14297,7223,16011,57288,191,1,1
14043,2314,711,41,12884,12704,4168,13035,20268,14,1,1
14044,6653,5130,40,20569,19968,6532,20759,39124,72,1,1
14045,6963,6573,40,17573,16862,1823,17774,33183,89,1,1
14046,7604,6483,30,20469,19848,5159,20659,39945,74,1,1
14047,4369,1913,40,10100,9798,1813,10270,18405,33,1,1
14048,4208,742,40,8306,8116,1433,8456,14889,16,1,1
14049,6182,4499,40,11953,11412,1633,12143,24497,65,1,1
14050,3707,581,40,8015,7845,1463,8165,13946,12,1,1
14051,5350,3968,40,14688,14177,3126,14868,27362,60,1,1
14052,7344,5490,41,20759,20128,1994,20960,35818,78,1,1
14053,7003,5751,40,23455,22813,2144,23655,38613,80,1,1
14054,3677,831,41,10580,10369,1903,10731,17192,18,1,1
14055,5871,4068,40,18094,17563,1743,18275,29997,58,1,2
14056,2415,440,41,12072,11922,3887,12214,18996,9,1,1
14057,5921,3517,40,19447,18996,4769,19627,33884,53,1,1
14058,6432,4368,40,24216,23665,1282,24406,36539,67,1,1
14059,2044,261,40,8216,8085,2424,8356,13135,6,1,1
14060,5701,3246,40,8646,8195,1032,8817,18846,51,1,1
14061,2836,1833,40,9879,9588,1874,10039,16622,30,1,1
14062,9848,11142,40,27412,26350,1042,27652,49734,139,1,1
14063,7244,6332,40,25298,24597,1393,25508,40527,88,1,1
14064,3056,761,40,9178,8997,1743,9328,14938,15,1,1
14065,6362,4268,40,10470,9939,1102,10660,22422,63,1,1
14066,3446,1383,40,21451,21171,2405,21611,28875,24,1,2
14067,7214,2385,40,32351,31981,9438,32521,51588,37,1,2
14068,6863,3637,40,18876,18425,5881,19056,35497,53,1,1
14069,4599,1513,40,8857,8586,1593,9007,16772,27,1,1
14070,3637,1443,40,8236,7975,1012,8396,14548,27,1,1
14071,3937,822,40,6883,6683,1032,7023,12874,16,1,1
14072,4268,992,40,5821,5601,1012,5961,12273,19,1,1
14073,2415,1012,40,14808,14608,4138,14968,22573,19,1,1
14074,8005,3647,40,18846,18395,3156,19016,33874,51,1,1
14075,6653,7033,40,25929,25268,1192,26130,41068,82,1,1
14076,1823,111,40,6742,6642,1522,6873,10379,1,1,1
14077,4669,461,40,5341,5210,1102,5491,11773,9,1,1
14078,2795,781,40,7824,7624,1172,7976,12764,17,1,1
14079,4137,2245,40,10921,10590,2264,11091,19797,37,1,1
14080,7575,4899,40,16411,15800,1664,16601,30769,74,1,1
14081,5991,2495,40,18315,17954,3516,18485,30547,41,1,1
14082,5560,5220,40,19668,19047,1242,19848,31920,75,1,1
14083,4549,551,40,17544,17363,2084,17694,24908,13,1,1
14084,4018,250,40,10730,10620,972,10871,16161,6,1,1
14085,7224,7063,40,20068,19286,1182,20279,35788,99,1,1
14086,7003,5971,40,27703,27031,1873,27903,42811,84,1,1
14087,6092,1613,40,17774,17493,2765,17934,28454,29,1,1
14088,6292,2785,40,19317,18946,5861,19487,34485,42,1,1
14089,2765,121,40,6983,6893,1293,7113,11332,1,1,1
14090,6362,4488,40,17063,16512,2164,17253,30317,67,1,1
14091,6483,5270,40,20509,19878,2545,20699,35047,77,1,1
14092,2555,421,40,17874,17724,9328,18014,30378,10,1,1
14093,5020,2575,40,18675,18305,7354,18846,33855,42,1,1
14094,4138,1823,40,16061,15760,2094,16231,24326,32,1,1
14095,7324,5030,40,15159,14548,1583,15349,29336,74,1,1
14096,6242,4578,40,19056,18475,2194,19247,32311,71,1,1
14097,3036,701,41,18164,17974,12674,18315,34766,15,1,1
14098,1843,932,40,17944,17754,8677,18094,29606,16,1,1
14099,3476,1593,40,12594,12324,2505,12744,20368,27,1,1
14100,7264,5501,40,15409,14788,2335,15599,30749,76,1,1
14101,6673,5160,40,19337,18735,1953,19527,33363,73,1,1
14102,2274,461,40,19116,18966,16772,19266,38823,10,1,1
14103,2164,702,40,17493,17323,11091,17643,31640,13,1,1
14104,6763,5931,41,14707,14056,1102,14909,28765,80,1,1
14105,6923,5010,40,15019,14417,2013,15209,29185,72,1,1
14106,6402,5310,40,19698,19096,1853,19888,33513,74,1,1
14107,2194,150,40,17403,17302,14707,17544,34625,2,1,1
14108,11221,12624,40,21361,20149,11822,21611,57328,155,1,2
14109,6112,5490,30,20078,19427,1272,20268,33183,79,1,1
14110,6403,5240,40,20709,20088,1723,20899,34305,75,1,1
14111,2605,561,40,17654,17503,14828,17804,35838,11,1,1
14112,15980,21791,40,6452,4689,18776,6763,63360,237,1,1
14113,4729,2695,40,18836,18465,15430,19016,41930,41,1,1
14114,3938,1202,40,12854,12604,2354,13015,20549,22,1,1
14115,6963,4709,40,14477,13896,2255,14668,28625,69,1,1
14116,7825,5931,40,20198,19537,1923,20399,36138,82,1,1
14117,2896,351,40,17553,17423,15680,17703,36680,8,1,1
14118,8887,8556,40,20720,19818,12634,20950,51077,113,1,2
14119,5470,3928,40,18575,18084,1303,18755,29516,58,1,1
14120,6312,4940,40,19747,19156,1674,19937,32903,72,1,1
14121,2435,370,41,17693,17563,15039,17844,35728,8,1,1
14122,10600,12062,40,21170,20008,11131,21420,55264,148,1,2
14123,3687,1002,40,12534,12313,2344,12684,19767,19,1,1
14124,7263,4017,40,13406,12915,1904,13586,26821,58,1,1
14125,7514,6663,40,20569,19848,1814,20779,36810,91,1,1
14126,3707,831,40,18305,18104,14638,18455,37671,17,1,1
14127,1964,481,40,17473,17303,12324,17623,32422,11,1,1
14128,13024,4990,40,17223,16652,18054,17413,53531,68,1,1
14129,3537,2244,40,10230,9929,11993,10400,28224,32,1,1
14130,15920,21691,41,18134,16361,3066,18455,59182,239,1,1
14131,4138,1663,40,8096,7805,9798,8256,23895,30,1,1
14132,16110,21992,40,18945,17132,17673,19257,75092,244,1,1
14133,17313,7664,40,33032,32251,16151,33243,74421,93,1,2
14134,2474,1092,40,18014,17793,15640,18175,37431,21,1,1
14135,1052,330,40,401,271,561,541,2544,7,1,1
14136,7935,5270,40,14638,14017,1132,14838,29215,76,1,1
14137,4428,922,40,12003,11792,1633,12153,19186,19,1,1
14138,6763,5280,40,20649,20018,1783,20840,34716,77,1,1
14139,2284,421,40,29767,29586,641,29917,33313,10,1,2
14140,17604,9578,40,3357,2425,25047,3577,55856,116,1,2
14141,4789,3347,40,19417,18976,12073,19587,39836,50,1,1
14142,7124,7053,40,15680,14908,1253,15880,31360,96,1,1
14143,6001,4569,40,15199,14648,2304,15389,28313,67,1,1
14144,3988,831,40,11872,11672,1653,12023,18535,16,1,1
14145,5650,1263,40,17844,17613,17012,18004,41979,23,1,1
14146,3477,2515,40,14277,13926,2675,14447,23164,40,1,1
14147,6532,2595,40,20249,19858,12443,20419,42029,43,1,1
14148,3607,1272,40,12133,11883,2024,12283,19226,23,1,1
14149,6352,5310,40,15048,14437,1974,15239,28925,74,1,1
14150,2695,852,40,13285,13085,4048,13435,21070,17,1,1
14151,6433,4428,40,20349,19808,2735,20539,34165,65,1,1
14152,7033,5821,40,15830,15189,1984,16030,30908,80,1,1
14153,7224,5480,30,20499,19857,3728,20679,37161,77,1,1
14154,3036,832,40,9898,9708,1883,10059,15860,17,1,1
14155,6262,2535,40,9408,9057,1393,9568,19808,38,1,1
14156,5811,4148,40,14007,13486,1823,14187,26019,62,1,1
14157,2775,741,40,12964,12774,4278,13115,20949,15,1,1
14158,6462,4048,40,20038,19557,7444,20218,38222,57,1,1
14159,7013,5009,40,15189,14598,2084,15379,29526,72,1,1
14160,7935,6232,40,20599,19928,4688,20800,39705,83,1,1
14161,3367,1372,40,10319,10069,2165,10479,17434,24,1,1
14162,5020,2995,40,9559,9127,1202,9729,18986,49,1,1
14163,5651,3927,40,13346,12855,1703,13536,24857,59,1,1
14164,3547,1232,40,13165,12924,4128,13315,22273,22,1,1
14165,7023,4018,40,19828,19327,4398,20018,35497,61,1,1
14166,7634,5842,40,16331,15680,1793,16531,31840,81,1,1
14167,6763,2124,40,18265,17944,10309,18435,37671,35,1,1
14168,5621,3496,40,13757,13305,1292,13937,24386,53,1,1
14169,6622,4599,40,12243,11692,1613,12434,25318,68,1,1
14170,3867,401,30,7985,7845,1483,8125,13936,9,1,1
14171,7113,5451,40,15730,15109,3817,15930,32351,77,1,1
14172,6142,3977,40,19637,19126,1974,19808,31941,59,1,1
14173,7314,6132,40,23495,22793,2124,23695,39315,86,1,1
14174,2535,401,40,9308,9168,2324,9458,14768,9,1,1
14175,6512,4849,40,11572,11020,971,11763,24135,67,1,1
14176,5370,1042,40,8376,8125,1393,8516,16381,22,1,1
14177,19377,14617,40,25999,24707,1052,26270,61366,172,1,1
14178,6963,5982,40,19046,18385,1383,19246,33614,82,1,1
14179,7264,5571,40,19868,19216,3276,20058,36229,80,1,1
14180,3136,762,40,9258,9067,2675,9408,16011,15,1,1
14181,6172,3857,40,9969,9478,1453,10149,21681,58,1,1
14182,3757,501,40,7264,7103,1092,7404,12804,11,1,1
14183,4188,2364,40,15630,15289,2304,15800,24696,38,1,1
14184,7885,2474,31,26029,25618,14517,26190,51106,40,1,2
14185,6502,5420,40,16070,15439,4549,16261,32772,76,1,1
14186,2254,541,40,17653,17493,7333,17794,27962,11,1,1
14187,4369,1753,40,10540,10250,1243,10700,18115,30,1,1
14188,5360,3586,41,10509,10049,1232,10691,20910,54,1,1
14189,3086,1382,40,14798,14537,2865,14949,22332,24,1,1
14190,7995,2455,40,18225,17884,8105,18395,37010,38,1,1
14191,9108,4829,40,17774,17213,1803,17964,33744,68,1,1
14192,6693,3086,40,18575,18154,3266,18755,31840,49,1,1
14193,4669,2204,40,9839,9488,1373,9999,18305,38,1,1
14194,3717,1573,40,8006,7715,962,8166,14458,29,1,1
14195,3877,431,40,6813,6673,1042,6963,12343,9,1,1
14196,3797,872,40,5621,5400,1022,5771,11512,19,1,1
14197,3246,2304,40,16260,15910,3586,16431,25608,38,1,1
14198,6823,3276,40,18726,18285,2715,18896,31760,50,1,1
14199,7114,6271,40,20779,20068,1603,20970,35998,87,1,1
14200,5070,1523,40,18004,17723,1563,18164,26370,28,1,1
14201,2876,120,40,6783,6683,1232,6913,11181,1,1,1
14202,3867,331,40,5220,5080,1002,5360,10610,9,1,1
14203,2925,291,40,7564,7434,1112,7715,12083,7,1,1
14204,5680,3196,40,16822,16381,1833,17003,27742,51,1,1
14205,6392,5240,40,36199,35557,4007,36389,52078,73,1,2
14206,3577,621,40,24998,24797,3386,25138,32782,12,1,2
14207,2545,571,40,9729,9558,2845,9869,15870,12,1,1
14208,12474,14297,40,19176,17924,1031,19426,47289,165,1,1
14209,6472,5210,40,20068,19487,2074,20268,34074,72,1,1
14210,4980,581,40,17333,17162,2465,17483,25559,13,1,1
14211,4979,2665,40,19406,19046,6532,19578,33794,40,1,1
14212,3897,582,40,10950,10770,1472,11101,17092,13,1,1
14213,6142,4779,40,19076,18515,1804,19266,32041,69,1,1
14214,6442,5611,40,23194,22543,612,23394,36099,80,1,1
14215,5130,3436,40,19177,18687,631,19357,28604,53,1,2
14216,17402,11141,40,3757,2715,16441,3987,49022,134,1,1
14217,9559,7544,40,21000,20209,6062,21200,44415,100,1,1
14218,4097,2365,40,17974,17614,2134,18134,26780,38,1,1
14219,6583,4077,40,15419,14898,1733,15610,28043,63,1,1
14220,5691,4308,40,23845,23284,1964,24035,36048,67,1,1
14221,6933,5671,40,16722,16050,1172,16922,30738,83,1,1
14222,3607,1473,40,19126,18856,14498,19286,38904,26,1,1
14223,5100,2715,40,18926,18545,9358,19106,36309,43,1,1
14224,2886,862,40,11712,11512,2705,11862,18365,17,1,1
14225,7144,4729,40,14798,14247,2515,14988,29436,68,1,1
14226,6282,5179,40,15239,14627,1783,15420,28714,74,1,1
14227,6633,4919,30,14688,14096,2074,14878,28544,71,1,1
14228,14407,7634,40,21360,20589,8466,21571,52128,98,1,1
14229,6523,3576,40,20058,19597,10029,20219,40407,53,1,1
14230,10520,3857,40,12954,12483,18325,13134,45897,56,1,1
14231,7785,3476,40,11001,10570,14398,11181,36880,50,1,1
14232,7043,3326,40,14527,14077,4389,14697,29496,52,1,1
14233,14277,11672,40,16671,15639,17143,16902,60054,133,1,1
14234,3677,2494,40,17172,16812,13807,17342,37371,39,1,1
14235,1242,111,40,17152,17072,641,17292,19347,1,1,1
14236,17623,11202,40,3727,2705,26891,3957,59723,132,1,1
14237,8716,7124,40,20649,19918,13165,20849,49894,92,1,1
14238,6603,5981,41,17282,16601,1082,17483,31189,85,1,1
14239,6753,3627,40,12975,12484,1753,13145,25318,56,1,1
14240,5891,4669,40,19707,19146,2335,19897,32852,68,1,1
14241,3035,642,40,18004,17824,15549,18154,37410,14,1,1
14242,15890,22282,40,6623,4809,15069,6933,60214,243,1,1
14243,7164,5230,40,20338,19747,13315,20529,46278,72,1,1
14244,1964,401,40,11762,11632,541,11912,14858,8,1,1
14245,11582,9137,40,15830,14898,1964,16061,38784,120,1,1
14246,6593,4508,40,19306,18745,2124,19486,32772,67,1,1
14247,2424,181,40,17403,17283,14948,17543,35126,4,1,1
14248,16261,21280,40,6422,4659,11762,6733,56096,237,1,1
14249,7214,4679,40,20418,19878,9948,20599,42490,65,1,1
14250,4980,3446,40,14848,14387,1322,15019,24817,52,1,1
14251,7004,3496,40,13155,12704,1733,13336,25609,52,1,1
14252,8015,7975,40,20679,19938,1583,20869,38502,91,1,1
14253,1753,170,40,17554,17443,561,17694,20208,3,1,1
14254,17743,8156,40,2865,2064,21500,3076,50535,102,1,1
14255,4649,3196,40,19828,19397,9618,20008,37501,50,1,1
14256,3847,1764,40,13455,13165,2204,13616,21481,31,1,1
14257,6542,3146,41,13014,12583,2094,13185,25017,49,1,1
14258,6252,5140,40,19437,18836,2024,19627,33073,72,1,1
14259,2905,120,40,17072,16992,14918,17213,35196,1,1,1
14260,16852,21280,40,23344,21580,11953,23655,73790,232,1,2
14261,5310,3727,40,17333,16862,1283,17513,27893,54,1,1
14262,4338,651,40,11683,11501,1623,11833,18485,15,1,1
14263,6402,5250,40,15259,14658,1884,15449,29035,75,1,1
14264,4058,1172,40,11913,11682,1623,12073,18976,22,1,1
14265,13656,9949,40,22784,21822,8927,23014,55596,125,1,1
14266,5020,3296,40,19628,19177,14958,19798,43122,51,1,1
14267,2294,541,40,11743,11561,2234,11883,17002,11,1,1
14268,4719,901,40,11903,11692,1633,12053,19346,19,1,1
14269,6562,5250,40,15349,14718,2304,15530,29706,76,1,1
14270,2965,722,40,30788,30578,591,30938,35266,15,1,2
14271,17854,10810,40,3677,2644,26971,3918,59603,129,1,2
14272,4689,2394,30,18575,18214,13706,18736,39565,39,1,1
14273,3196,1232,41,12042,11792,2464,12193,19126,23,1,1
14274,6322,5199,40,18565,17974,2214,18756,32541,73,1,1
14275,5149,612,40,11602,11442,1082,11752,18655,13,1,1
14276,6833,2184,40,20229,19898,16561,20399,46007,36,1,1
14277,6812,5982,40,16091,15429,1943,16291,31088,84,1,1
14278,6883,5200,40,20609,20018,5230,20799,38152,72,1,1
14279,4879,1834,40,12464,12153,3456,12624,22843,32,1,1
14280,2104,1192,41,12283,12042,3016,12424,18786,21,1,1
14281,4137,1774,40,13806,13516,3968,13976,23885,31,1,1
14282,7454,4779,40,20670,20088,3066,20850,36189,69,1,1
14283,6743,5551,40,15940,15319,1884,16140,30358,78,1,1
14284,6903,5390,40,20459,19828,6412,20659,39404,78,1,1
14285,7063,5952,40,14748,14107,1152,14948,29155,80,1,1
14286,6573,4659,40,14157,13596,1973,14347,27592,66,1,1
14287,3517,851,40,12865,12685,3947,13015,21380,16,1,1
14288,6342,4008,40,20108,19617,4409,20298,35087,58,1,1
14289,7815,6542,40,16602,15890,1342,16802,32541,89,1,1
14290,7474,6022,40,20479,19818,5200,20669,39415,82,1,1
14291,4398,1132,40,12304,12083,2424,12464,20458,21,1,1
14292,6582,4569,40,14307,13746,1643,14497,27331,67,1,1
14293,3196,992,40,13355,13145,3637,13505,21380,18,1,1
14294,6032,3737,40,19717,19236,6002,19897,35718,56,1,1
14295,7454,6161,40,16351,15669,1933,16552,32130,84,1,1
14296,7284,4999,40,19737,19156,3417,19927,35678,70,1,1
14297,3406,1022,40,9899,9669,1974,10049,16481,20,1,1
14298,3947,632,40,8496,8326,1453,8646,14728,14,1,1
14299,6122,4148,40,11161,10640,1674,11341,23325,61,1,1
14300,3617,241,40,7765,7664,1683,7915,13496,5,1,1
14301,6201,4399,40,15379,14848,2786,15559,28985,64,1,1
14302,7033,5370,41,20298,19687,1733,20489,34675,75,1,1
14303,6863,6212,40,23835,23144,2385,24035,39525,85,1,1
14304,3246,882,40,10370,10159,5119,10530,19807,19,1,1
14305,5300,3687,40,10340,9849,1262,10510,20819,57,1,1
14306,3867,581,40,8066,7895,1042,8206,13736,12,1,1
14307,3937,451,40,7985,7855,1482,8135,14056,9,1,1
14308,4840,2074,40,13656,13325,3637,13816,24427,35,1,1
14309,7224,3937,40,19497,19006,4308,19678,35187,57,1,1
14310,7143,5932,40,17603,16952,1183,17803,32111,81,1,1
14311,5901,3196,40,18986,18565,8696,19167,36990,49,1,1
14312,4708,1353,40,10620,10370,1272,10781,18174,25,1,1
14313,6252,3566,40,10069,9588,1232,10250,21340,55,1,1
14314,3858,981,40,7434,7233,1032,7585,13496,18,1,1
14315,5540,3978,40,16822,16321,1984,17012,28554,60,1,1
14316,7033,3567,40,19217,18766,3967,19397,34024,54,1,1
14317,6933,6032,40,19777,19116,1553,19977,34545,83,1,1
14318,6382,2245,40,18114,17764,6503,18264,33454,37,1,1
14319,3847,1072,40,9348,9148,1774,9498,16251,19,1,1
14320,7294,4378,40,10891,10350,1002,11071,23785,65,1,1
14321,3708,841,40,13967,13777,2655,14117,21361,16,1,1
14322,6192,2765,40,33674,33273,8406,33844,51257,41,1,2
14323,5300,2144,40,18084,17773,4499,18255,30238,34,1,1
14324,5831,2134,40,9538,9217,1673,9699,19397,34,1,1
14325,3136,692,40,13636,13465,1453,13786,19117,14,1,1
14326,3898,420,41,11942,11762,1022,12083,17473,8,1,2
14327,6473,5180,40,18956,18355,3276,19156,34125,74,1,1
14328,6883,3166,40,18645,18215,2094,18815,31008,48,1,1
14329,7214,6632,41,21280,20549,1282,21481,36649,90,1,1
14330,6442,1733,40,17844,17544,2094,18004,28313,31,1,1
14331,12934,6382,40,15079,14417,1102,15279,35727,82,1,1
14332,3827,461,41,5290,5149,992,5441,10771,10,1,1
14333,1533,160,40,7465,7364,2144,7605,11492,3,1,1
14334,7544,4939,40,19998,19407,2695,20188,35407,71,1,1
14335,6492,3307,40,25298,24847,3276,25478,38603,47,1,2
14336,8747,7594,40,19758,18936,3517,19968,39866,104,1,1
14337,3567,571,40,24987,24796,6623,25137,35938,11,1,2
14338,2264,521,40,10389,10229,592,10529,13967,11,1,1
14339,12984,13085,41,17934,16711,2044,18195,46338,160,1,1
14340,6342,5560,40,21340,20699,2245,21531,35718,78,1,1
14341,3978,681,40,17634,17443,2785,17784,25278,15,1,1
14342,5490,1764,40,18074,17774,6943,18234,32481,32,1,1
14343,2775,762,40,12243,12053,2816,12393,18796,15,1,1
14344,7033,4328,40,14778,14237,1974,14969,28354,65,1,1
14345,6603,5240,40,15429,14838,2435,15619,29947,73,1,1
14346,6783,5230,40,16150,15529,1843,16341,30247,76,1,1
14347,2475,200,40,17674,17554,12904,17804,33423,4,1,1
14348,1883,571,40,17924,17753,7985,18075,28554,12,1,1
14349,4008,2214,40,15600,15249,2334,15760,24366,37,1,1
14350,7184,5240,40,16030,15419,1654,16220,30348,75,1,1
14351,8797,10029,40,22453,21470,1162,22683,42721,127,1,1
14352,2615,351,40,17654,17514,14157,17794,34977,8,1,1
14353,2014,661,40,17553,17383,13255,17704,33674,14,1,1
14354,7104,7554,40,21832,21040,1042,22032,37782,98,1,1
14355,6352,5169,40,19427,18816,1543,19627,32722,75,1,1
14356,1583,121,40,17182,17092,591,17313,19648,1,1,1
14357,17503,14006,40,4419,3206,16531,4679,52750,160,1,1
14358,7374,5530,40,21541,20940,8957,21731,43642,73,1,1
14359,2184,390,40,9267,9127,2245,9408,14277,9,1,1
14360,5320,2925,41,16250,15840,1423,16431,26139,47,1,1
14361,6893,4960,40,19717,19126,1924,19897,33724,71,1,1
14362,2404,311,40,17674,17544,14628,17814,35207,6,1,1
14363,13256,16120,41,22242,20809,13045,22503,64984,186,1,2
14364,5741,5059,30,16240,15649,1173,16431,28444,71,1,1
14365,6462,4138,40,13336,12824,1793,13526,25959,61,1,1
14366,5901,4468,40,19858,19296,1884,20048,32341,66,1,1
14367,3176,421,41,17312,17172,15690,17463,36800,10,1,1
14368,15860,22082,40,23875,22012,14097,24176,76265,245,1,2
14369,2515,511,40,9257,9087,2464,9407,14938,11,1,1
14370,7134,5310,40,16311,15690,1493,16501,30478,76,1,1
14371,7644,6122,40,20419,19738,1142,20619,35567,85,1,1
14372,2354,241,40,17243,17133,14728,17393,34756,5,1,1
14373,16100,20489,40,23324,21581,12554,23635,72808,230,1,2
14374,12153,10600,40,20900,19898,1062,21130,44985,129,1,1
14375,6613,4388,40,19107,18576,2264,19287,32612,63,1,1
14376,2094,291,40,17593,17463,14237,17733,34405,6,1,1
14377,15069,20088,40,23325,21601,14357,23625,73189,224,1,2
14378,6022,4969,40,14949,14348,1142,15139,27322,73,1,1
14379,7655,2865,40,13135,12744,2093,13315,25969,44,1,1
14380,6362,5580,40,23173,22542,1813,23375,37170,78,1,1
14381,2695,341,40,17734,17604,14968,17874,35928,7,1,1
14382,15920,21731,40,6552,4749,14117,6863,58661,241,1,1
14383,9868,7274,40,20880,20128,11522,21080,49804,94,1,1
14384,5421,4068,40,15469,14968,1253,15649,26451,60,1,1
14385,4569,841,41,11952,11752,1613,12103,19176,17,1,1
14386,8196,4919,40,15279,14688,1884,15469,30508,72,1,1
14387,3837,1202,40,12053,11812,1724,12213,19026,23,1,1
14388,5089,221,40,17443,17333,11322,17583,34255,5,1,1
14389,1974,782,40,17603,17413,12273,17763,32822,16,1,1
14390,5219,3738,40,15750,15259,1272,15920,26189,56,1,1
14391,4018,521,40,23735,23535,1794,23885,30248,10,1,2
14392,1814,200,40,11792,11692,601,11933,14598,4,1,1
14393,18525,9658,40,21681,20760,22904,21901,73028,114,1,2
14394,6052,3176,40,18806,18405,6823,18966,35077,45,1,1
14395,3307,1482,40,12493,12233,2245,12654,19728,25,1,1
14396,6332,5139,40,20068,19477,2164,20249,33924,71,1,1
14397,3486,271,40,11622,11512,2435,11772,18004,6,1,1
14398,6352,2305,40,18775,18425,15028,18936,42661,37,1,1
14399,3767,2956,40,15329,14938,2595,15499,24877,45,1,1
14400,6212,2655,40,18605,18245,15188,18776,42881,40,1,1
14401,4448,3076,40,13656,13245,1313,13836,22723,48,1,1
14402,6252,5149,40,14317,13716,2344,14508,28303,73,1,1
14403,3416,1162,40,13506,13285,3747,13666,22021,21,1,1
14404,6713,4118,40,22623,22112,4639,22803,38313,61,1,1
14405,7243,6072,40,16251,15560,1914,16451,31720,85,1,1
14406,7444,5360,40,20569,19968,6312,20769,39935,75,1,1
14407,3327,971,40,12383,12183,2565,12533,19447,18,1,1
14408,6422,4498,40,13726,13165,1553,13917,26430,67,1,1
14409,3237,1021,40,13475,13275,4198,13636,22132,18,1,1
14410,6453,3617,40,19537,19086,6452,19717,36289,53,1,1
14411,7053,5571,40,15629,14988,1713,15830,30197,78,1,1
14412,6933,5450,40,20109,19497,4699,20299,37431,74,1,1
14413,4349,2424,40,10080,9728,1813,10240,18886,38,1,1
14414,3837,380,40,8216,8075,1503,8356,14117,8,1,1
14415,7244,5400,40,15610,14989,1763,15800,30257,76,1,1
14416,3987,832,40,8196,8005,1433,8356,14658,17,1,1
14417,4618,2245,40,13976,13626,3828,14136,24867,37,1,1
14418,7324,4919,40,20138,19547,4598,20328,37210,70,1,1
14419,7434,5731,40,16030,15399,2164,16220,31609,78,1,1
14420,6773,4809,40,20168,19597,5801,20349,37782,69,1,1
14421,13786,4529,40,9418,8907,17824,9608,45777,62,1,1
14422,3296,832,30,5711,5510,7644,5861,17663,16,1,1
14423,17003,19276,40,15319,13706,16080,15610,68009,214,1,1
14424,1463,170,40,7344,7233,7183,7495,16351,4,1,1
14425,16751,19237,40,13366,11773,8065,13656,57769,214,1,1
14426,1162,110,40,7544,7454,2365,7675,11372,1,1,1
14427,8155,6993,40,16781,16020,2585,16993,34756,95,1,1
14428,7304,4759,40,20088,19547,9638,20279,42020,66,1,1
14429,2905,1763,40,15148,14848,721,15298,20739,30,1,1
14430,13777,14267,40,21771,20499,10130,22041,60255,169,1,1
14431,6863,4909,40,12193,11612,982,12383,25177,71,1,1
14432,6462,4328,40,11352,10820,962,11532,23324,63,1,1
14433,3627,411,40,7775,7645,1483,7925,13476,8,1,1
14434,4659,3096,40,14778,14367,4188,14949,26942,48,1,1
14435,6122,3607,40,19727,19236,2044,19897,31730,58,1,1
14436,7444,6393,40,19637,18936,1864,19847,35598,89,1,1
14437,6933,4659,40,19607,19036,2145,19787,33574,69,1,1
14438,3176,811,40,9338,9158,1763,9488,15299,15,1,1
14439,6201,4038,30,10240,9729,972,10420,21671,60,1,1
14440,3717,751,41,7343,7153,1082,7485,13085,15,1,1
14441,6111,3557,40,17283,16822,2936,17463,30117,55,1,1
14442,6773,4108,40,19567,19046,2295,19757,32993,63,1,1
14443,6934,6001,40,18976,18305,1613,19176,33784,84,1,1
14444,6813,3797,41,19086,18615,2254,19257,32161,55,1,1
14445,3497,942,40,12503,12283,1783,12654,18926,20,1,1
14446,4098,1072,40,13846,13586,1343,13996,20549,19,1,2
14447,3497,531,40,5440,5270,1112,5591,10771,12,1,1
14448,7214,7244,40,18215,17443,1102,18425,34025,96,1,1
14449,5711,1974,30,18024,17693,9248,18184,35147,34,1,1
14450,9197,9448,40,21180,20229,1412,21400,41498,123,1,1
14451,7324,4368,40,18815,18294,2776,19006,33514,63,1,1
14452,6082,3025,40,10059,9628,1302,10230,20689,48,1,1
14453,3758,1001,40,7774,7554,1232,7935,13967,20,1,1
14454,2996,160,40,6372,6282,1413,6512,11131,3,1,1
14455,7424,6272,40,17974,17273,1462,18185,33393,88,1,1
14456,6252,2705,40,23575,23144,4759,23745,37501,43,1,2
14457,5571,3927,40,18214,17713,1443,18405,29376,60,1,1
14458,5740,1113,40,17814,17573,1643,17954,26510,21,1,1
14459,3818,270,40,7214,7083,1002,7354,12494,6,1,1
14460,3166,331,40,5210,5070,1222,5350,10119,8,1,1
14461,2675,892,40,7705,7504,1182,7855,12654,18,1,1
14462,7545,5220,40,19367,18746,1463,19547,33835,75,1,1
14463,5170,1102,41,17863,17633,1583,18014,25930,21,1,1
14464,7795,6963,40,21220,20459,1333,21431,37572,95,1,1
14465,3426,1202,41,18785,18555,8617,18936,32231,21,1,1
14466,4118,591,40,7674,7504,971,7815,13535,12,1,1
14467,3908,1653,40,11131,10851,2305,11291,19207,29,1,1
14468,11241,12514,40,18345,17173,1042,18585,43442,152,1,1
14469,6943,5781,40,21781,21130,1593,21972,36349,80,1,1
14470,1703,110,40,17062,16962,9077,17182,28133,1,1,1
14471,6613,4168,40,19677,19146,6533,19857,37221,63,1,1
14472,3657,1633,40,17834,17553,2325,17994,25649,28,1,1
14473,7484,6502,40,21351,20619,1773,21541,37340,90,1,1
14474,2344,441,40,17834,17694,12604,17984,33403,9,1,1
14475,1864,461,40,17854,17724,8817,17994,29186,9,1,1
14476,4599,2264,40,18715,18364,3306,18886,29085,37,1,1
14477,6662,5500,40,20920,20279,2364,21100,35677,78,1,1
14478,2655,751,40,17744,17563,13856,17894,35197,14,1,1
14479,2535,932,40,17784,17583,11381,17944,32832,17,1,1
14480,8255,8386,40,21882,21019,1082,22102,39865,110,1,1
14481,6062,4298,40,15499,14958,1914,15669,27993,64,1,1
14482,7013,4689,40,14437,13866,2454,14627,28824,69,1,1
14483,1873,120,41,17052,16952,12584,17183,31800,1,1,1
14484,2334,1243,40,18114,17894,10651,18264,32542,20,1,1
14485,6201,5209,40,20108,19497,1192,20299,32942,75,1,1
14486,6853,4990,40,21210,20619,1714,21400,35007,72,1,1
14487,2565,501,41,18134,17984,15950,18285,37341,10,1,1
14488,15880,22833,40,6783,4929,13766,7094,59623,249,1,1
14489,4769,3376,30,19326,18866,12424,19497,40116,53,1,1
14490,6452,5150,40,20058,19437,1162,20248,33052,75,1,1
14491,6201,4699,40,19527,18956,1883,19718,32541,68,1,1
14492,2735,641,40,18095,17914,15469,18245,37120,13,1,1
14493,15880,22222,40,6662,4839,19467,6983,64602,245,1,1
14494,4759,2766,40,19186,18795,16411,19356,43322,44,1,1
14495,6161,4709,40,19868,19276,1213,20058,32191,71,1,1
14496,6252,5170,40,19797,19196,1783,19978,33233,72,1,1
14497,2274,211,40,17433,17313,14487,17563,34585,5,1,1
14498,8406,8246,40,20168,19277,13716,20388,50806,110,1,2
14499,4859,3967,40,19196,18705,1303,19377,29546,59,1,1
14500,5961,4679,40,26500,25929,1754,26690,39124,68,1,1
14501,1873,140,40,17313,17213,14638,17453,34135,2,1,1
14502,15429,18996,40,22904,21271,13896,23194,71565,214,1,2
14503,2666,931,41,11862,11662,2375,12013,18035,18,1,1
14504,7004,3837,40,13576,13105,2024,13746,26651,54,1,1
14505,6602,5360,40,15499,14898,1493,15700,29195,75,1,1
14506,4859,1743,40,12254,11962,1563,12414,20619,30,1,1
14507,2445,220,40,19247,19137,15940,19387,38042,4,1,1
14508,15870,22302,40,6672,4849,13015,6993,58210,246,1,1
14509,4900,3396,40,19638,19206,11321,19818,39485,50,1,1
14510,4649,3276,40,18875,18435,1352,19057,28374,51,1,1
14511,5901,4609,40,15379,14838,2635,15559,28744,65,1,1
14512,4098,1462,41,11992,11742,1573,12153,19336,26,1,1
14513,5361,1803,40,18656,18355,17773,18816,43803,31,1,1
14514,9488,10860,40,20950,19888,13205,21190,54803,134,1,2
14515,2094,171,40,12834,12734,10731,12974,26000,3,1,1
14516,17002,21361,40,17744,15971,23705,18064,80172,239,1,1
14517,2945,952,41,19056,18815,11211,19207,34365,18,1,2
14518,3376,1924,40,8045,7745,8847,8205,22382,30,1,1
14519,4208,1984,40,9478,9158,5110,9628,20970,33,1,1
14520,17162,8577,40,34235,33383,16501,34445,76725,102,1,2
14521,2575,802,40,17864,17673,14006,18014,35447,16,1,1
14522,6873,6111,41,15669,14978,1062,15870,29956,85,1,1
14523,6142,4990,40,14066,13485,2033,14257,27462,71,1,1
14524,4068,1132,40,13566,13336,4559,13716,23515,21,1,1
14525,7273,5361,40,21200,20589,4378,21400,38452,75,1,1
14526,6983,6061,40,15940,15269,1874,16141,31119,84,1,1
14527,7113,5491,40,20529,19888,5200,20719,38573,79,1,1
14528,3106,741,40,11582,11402,2134,11732,17763,15,1,1
14529,5941,5130,40,14297,13706,2345,14477,27953,72,1,1
14530,3487,1472,41,14978,14768,3717,15129,23855,20,1,1
14531,3126,1884,40,19557,19246,3326,19717,28103,32,1,1
14532,6773,5671,40,16421,15790,1744,16621,30849,78,1,1
14533,6753,5551,40,20930,20298,3586,21120,37070,77,1,1
14534,3026,651,40,11692,11532,2435,11842,18004,13,1,1
14535,5991,4479,40,13736,13195,1894,13916,26330,65,1,1
14536,3005,1203,40,13305,13085,4068,13465,21771,21,1,1
14537,6863,3897,40,20108,19628,5059,20289,36138,56,1,1
14538,7795,6833,40,16562,15830,1723,16772,33173,93,1,1
14539,6833,5120,40,20358,19777,3015,20548,35567,70,1,1
14540,3196,1012,40,10570,10339,1924,10720,16892,20,1,1
14541,7614,6242,41,12573,11892,1292,12774,27963,84,1,1
14542,3557,1082,40,8286,8075,1393,8446,14518,20,1,1
14543,2886,972,30,8266,8045,1763,8416,14077,19,1,1
14544,4308,1903,40,13225,12924,3446,13385,23093,33,1,1
14545,6342,4168,40,19928,19407,5350,20108,36008,62,1,1
14546,6963,5050,40,15449,14848,1784,15629,29466,72,1,1
14547,7234,4658,40,19958,19387,4879,20149,36970,69,1,1
14548,4538,2004,40,10781,10470,1663,10951,19196,34,1,1
14549,7194,5670,40,11822,11171,1343,12013,26260,80,1,1
14550,3126,842,40,13856,13666,3547,14006,21581,17,1,1
14551,6392,1843,40,18154,17854,13716,18315,40296,31,1,1
14552,6212,4859,40,17653,17042,1894,17844,30859,73,1,1
14553,6372,2124,40,18144,17804,8326,18304,35176,36,1,1
14554,3787,1072,40,10550,10330,2215,10710,17814,21,1,1
14555,6131,3197,40,9898,9478,1593,10069,21020,48,1,1
14556,4398,1253,40,8416,8186,1032,8576,15299,22,1,1
14557,3366,170,40,7965,7855,1643,8106,13315,3,1,1
14558,5551,4528,40,15339,14798,3967,15530,29606,65,1,1
14559,6622,3838,40,19737,19247,1773,19917,32181,57,1,1
14560,7774,6974,40,22713,21962,1303,22923,39024,95,1,1
14561,7114,5250,40,19697,19096,2384,19887,34676,74,1,1
14562,3457,1072,40,10099,9879,1323,10249,16141,18,1,1
14563,6101,4178,40,13836,13305,1383,14017,25719,63,1,1
14564,3867,1011,40,6973,6753,1042,7134,13095,21,1,1
14565,6322,4489,40,17283,16722,3306,17463,31630,66,1,1
14566,6863,4468,40,19417,18885,1764,19607,32752,65,1,1
14567,7725,6061,40,19207,18515,1843,19407,35076,85,1,1
14568,6973,4739,40,19247,18676,1773,19437,32962,68,1,1
14569,3707,531,41,8526,8375,2454,8677,15419,12,1,1
14570,3005,531,40,7784,7624,1222,7935,12734,11,1,1
14571,4288,1193,40,7073,6843,1032,7233,13806,22,1,1
14572,3586,891,40,5621,5410,1032,5771,11341,19,1,1
14573,1072,230,40,8436,8316,592,8576,10510,5,1,1
14574,14868,14397,40,17574,16281,1863,17834,49012,170,1,1
14575,7123,3377,40,18906,18465,3346,19076,32972,51,1,1
14576,7404,7063,40,19136,18365,1082,19347,34937,97,1,1
14577,5400,1823,40,18014,17703,3436,18164,28874,32,1,1
14578,3737,1052,40,9298,9068,2034,9458,16321,21,1,1
14579,4489,1563,40,8096,7805,981,8256,15319,29,1,1
14580,3456,1333,40,10250,10019,2555,10410,17804,23,1,1
14581,7044,5760,40,23314,22663,1864,23515,38213,81,1,1
14582,7785,8446,40,21932,21060,1082,22152,39515,111,1,1
14583,5841,1884,40,17934,17624,1894,18094,27743,32,1,1
14584,3657,180,40,7384,7273,1002,7525,12404,4,1,1
14585,2435,110,40,5000,4910,1563,5140,9308,1,1,1
14586,2635,1082,40,27682,27421,2265,27832,33864,21,1,2
14587,6262,5550,40,37231,36560,3126,37431,52409,78,1,2
14588,3196,872,40,18475,18284,8546,18625,31289,17,1,1
14589,3988,370,40,7635,7505,1002,7785,13175,8,1,1
14590,4628,2575,41,13275,12884,2094,13436,22783,42,1,1
14591,7114,5270,40,16872,16241,2465,17052,31951,77,1,1
14592,6893,5541,40,20629,20008,1914,20829,35217,78,1,1
14593,2885,321,40,17723,17603,11672,17874,32792,7,1,1
14594,2195,621,40,18044,17874,7855,18194,28905,13,1,1
14595,2675,651,40,11642,11452,2815,11782,17974,14,1,1
14596,7174,5450,41,15499,14868,2104,15690,30468,78,1,1
14597,6653,5320,40,20249,19618,2094,20439,34546,76,1,1
14598,3416,782,40,18415,18234,13365,18565,36188,15,1,1
14599,1182,321,40,17584,17443,8095,17724,27352,7,1,1
14600,4198,2144,40,17393,17042,2314,17553,26249,36,1,1
14601,6342,4919,40,19527,18936,2335,19717,33363,73,1,1
14602,13585,10801,40,22693,21711,8717,22923,56066,127,1,1
14603,6252,4419,40,19787,19266,10439,19978,41118,62,1,1
14604,7044,6943,40,20739,19998,1072,20949,36038,92,1,1
14605,6773,5190,40,19878,19266,2134,20078,34215,75,1,1
14606,1994,170,40,17524,17413,14708,17654,34566,3,1,1
14607,14007,14207,40,22112,20780,11792,22372,62418,170,1,2
14608,5851,4739,40,19918,19337,1212,20108,31950,69,1,1
14609,6733,5620,40,22042,21410,2494,22243,37130,78,1,1
14610,2745,241,40,17423,17313,13966,17563,34565,5,1,1
14611,4889,2204,40,18525,18185,10299,18686,36118,36,1,1
14612,12503,4519,40,15670,15149,17253,15850,50185,62,1,1
14613,12654,5761,40,19186,18555,12143,19386,49974,77,1,1
14614,1193,300,40,7986,7874,7484,8126,17163,5,1,1
14615,16972,21331,40,22974,21210,15669,23284,77296,238,1,1
14616,2866,711,40,18045,17863,15700,18195,37512,14,1,1
14617,15870,22683,40,6883,4999,19547,7204,65334,252,1,1
14618,4449,2915,41,19186,18775,16762,19367,43533,47,1,1
14619,4208,3085,40,19487,19056,1042,19658,28043,49,1,1
14620,7113,3507,40,13015,12554,1383,13195,25238,53,1,1
14621,6473,4709,40,19196,18605,2024,19386,32632,71,1,1
14622,1793,151,40,17122,17032,632,17262,19878,2,1,1
14623,17313,13245,40,4299,3105,20699,4549,55856,156,1,1
14624,8687,7023,40,21441,20700,11231,21641,48642,93,1,1
14625,5320,4098,40,14618,14107,1262,14788,25528,60,1,1
14626,6673,3236,41,13545,13124,2104,13716,25769,47,1,1
14627,6983,5701,40,19687,19026,1643,19877,34244,81,1,1
14628,2234,181,40,17323,17222,12443,17463,32361,3,1,1
14629,3256,1242,40,17904,17654,12905,18054,35507,24,1,1
14630,6502,5340,40,15038,14427,1133,15228,28264,75,1,1
14631,7414,3777,40,13376,12905,1773,13556,26560,56,1,1
14632,5951,4909,40,14417,13856,1814,14608,27332,68,1,1
14633,4899,1693,41,12102,11802,1553,12264,20469,31,1,1
14634,3056,170,40,17283,17183,14929,17423,35608,3,1,1
14635,16271,23063,40,6472,4699,14658,6783,60815,238,1,1
14636,4599,2625,40,19768,19397,12233,19938,39435,42,1,1
14637,3446,1343,40,13816,13566,1713,13976,20519,23,1,1
14638,4428,1283,40,11973,11732,1583,12133,19467,23,1,1
14639,7083,5951,41,15519,14858,1643,15720,30427,82,1,1
14640,4960,891,40,29597,29365,2805,29747,38463,16,1,2
14641,7374,4919,40,20829,20268,3747,21019,37120,68,1,1
14642,3286,691,41,9738,9558,2495,9879,16411,14,1,1
14643,7605,4659,40,10670,10109,1233,10860,24407,67,1,1
14644,6031,4559,40,14478,13927,1973,14668,27281,67,1,1
14645,3717,201,40,11351,11231,1734,11481,17193,5,1,1
14646,12514,7394,40,33153,32402,16661,33363,69972,91,1,2
14647,2285,561,40,17754,17603,15018,17894,35808,10,1,1
14648,6963,6733,40,16301,15560,1102,16511,31349,92,1,1
14649,5962,4338,40,15580,15049,2444,15770,28554,64,1,1
14650,3387,1132,40,13375,13135,4248,13515,22332,21,1,1
14651,6201,4539,40,20229,19678,3456,20419,34665,67,1,1
14652,8045,6913,40,16391,15640,1744,16591,33333,94,1,1
14653,7014,5841,40,20769,20088,5170,20969,39034,85,1,1
14654,3416,882,40,11853,11642,2024,12003,18375,18,1,1
14655,6683,4789,40,14688,14117,1914,14878,28304,70,1,1
14656,2685,671,40,12775,12614,5109,12925,21430,13,1,1
14657,4479,1733,40,18756,18475,6052,18916,31240,30,1,1
14658,7684,5210,40,16271,15660,1824,16451,31219,75,1,1
14659,7214,4408,40,19748,19227,2585,19938,34195,63,1,1
14660,3807,1353,40,12584,12333,3847,12744,21801,25,1,1
14661,6582,4458,40,13756,13195,2084,13947,27101,66,1,1
14662,3125,681,40,12644,12464,4368,12804,21019,14,1,1
14663,6522,3587,40,19647,19196,8046,19827,38012,52,1,1
14664,7104,5761,40,16161,15500,1703,16351,30969,81,1,1
14665,5771,2725,40,18956,18576,11101,19126,38773,42,1,1
14666,5631,4128,40,13335,12804,1233,13515,24557,62,1,1
14667,6422,4829,30,12384,11793,1543,12574,25408,71,1,1
14668,3606,311,40,7975,7855,1483,8125,13565,7,1,1
14669,5110,2805,40,14417,14027,3526,14588,26079,44,1,1
14670,7434,4439,40,20579,20038,3577,20759,36259,64,1,1
14671,7134,5290,40,16501,15870,2244,16701,31420,79,1,1
14672,7073,4739,40,19927,19356,4097,20119,36078,69,1,1
14673,5541,3967,40,12123,11633,1142,12303,23004,58,1,1
14674,4549,1493,40,17533,17243,1463,17683,25228,25,1,2
14675,2575,391,30,12183,12033,3998,12323,19327,9,1,1
14676,7234,3357,40,19316,18876,6031,19497,36159,51,1,1
14677,7103,5771,40,19677,19026,1192,19868,33994,81,1,1
14678,6132,2805,40,18746,18335,6041,18916,33934,46,1,1
14679,4749,2305,40,10370,10009,1683,10540,19337,40,1,1
14680,7464,5881,40,16501,15830,1192,16702,31279,82,1,1
14681,3657,151,40,7975,7885,1703,8105,13666,2,1,1
14682,6392,3977,40,14938,14427,2625,15119,28143,60,1,1
14683,7304,4399,40,19417,18876,2675,19597,34015,64,1,1
14684,7895,5931,40,17473,16802,1173,17673,32722,84,1,1
14685,7104,4148,40,19266,18766,6322,19457,37061,60,1,1
14686,3607,742,40,9708,9528,1604,9858,15861,15,1,1
14687,6112,3907,40,10751,10239,1333,10921,22323,60,1,1
14688,3767,291,40,6622,6502,1042,6772,11922,7,1,1
14689,6202,5270,40,17603,16972,2544,17794,31860,77,1,1
14690,6693,3487,40,19667,19216,6152,19847,36219,53,1,1
14691,7123,6292,40,19467,18776,1774,19667,34906,87,1,1
14692,6683,4659,40,19136,18585,2575,19326,33283,68,1,1
14693,5491,3226,40,9869,9438,1002,10029,19808,48,1,1
14694,3827,982,40,7835,7594,1002,7975,13836,21,1,1
14695,3757,470,40,6762,6592,1031,6893,12203,11,1,1
14696,3837,781,40,5600,5420,1123,5760,11542,16,1,1
14697,2465,1022,40,14788,14578,3156,14948,21621,19,1,1
14698,6553,4158,40,35537,34986,7885,35717,54353,60,1,2
14699,5851,2956,40,18445,18024,3286,18605,30748,46,1,1
14700,3547,211,40,7173,7053,1153,7313,12274,5,1,1
14701,4248,1122,30,5690,5450,1142,5841,12404,22,1,1
14702,3026,962,40,7695,7474,1092,7855,12975,21,1,1
14703,3276,1052,40,9769,9538,2454,9929,16741,21,1,1
14704,7675,4859,40,16001,15420,1513,16201,30288,71,1,1
14705,9939,4338,30,18946,18425,2845,19127,36289,62,1,1
14706,7495,6742,40,20569,19827,1122,20760,36179,92,1,1
14707,5140,1372,40,17873,17593,2053,18025,26630,27,1,1
14708,3727,270,40,7174,7054,972,7314,12333,6,1,1
14709,2014,120,40,5100,5010,1824,5240,9238,1,1,1
14710,4328,3066,40,19006,18566,1713,19187,28344,47,1,2
14711,7214,5160,40,16822,16211,2515,17012,31941,73,1,1
14712,6302,2605,40,33123,32722,6503,33283,48743,41,1,2
14713,7183,7775,40,17473,16672,1223,17683,33904,101,1,1
14714,12324,12984,40,24546,23374,6082,24797,56227,153,1,1
14715,5380,391,40,12554,12414,1152,12704,19667,9,1,1
14716,6081,4339,40,18655,18094,2285,18845,31590,66,1,1
14717,5169,3056,40,13155,12724,6212,13325,27812,48,1,1
14718,7525,5770,40,16962,16351,4979,17152,35477,76,1,1
14719,2885,281,40,17894,17753,15108,18034,36358,7,1,1
14720,5330,2996,40,20288,19867,7685,20468,36509,48,1,1
14721,3596,1483,40,13065,12794,2615,13215,20969,26,1,1
14722,6472,4669,40,15399,14838,2405,15579,29175,68,1,1
14723,7614,5761,40,20619,19958,1693,20820,35928,81,1,1
14724,2415,481,40,17773,17633,15359,17923,36209,10,1,1
14725,2515,931,40,18194,17994,8276,18345,30107,16,1,1
14726,3687,1703,40,13576,13275,2364,13736,21540,30,1,1
14727,6733,4178,40,15039,14508,2304,15209,28474,62,1,1
14728,6713,5250,40,14828,14217,1683,15009,28715,74,1,1
14729,6762,5431,40,14808,14187,1543,14998,28794,76,1,1
14730,2836,902,40,18134,17934,13366,18284,35428,17,1,1
14731,2315,821,41,17833,17633,12344,17974,33504,17,1,1
14732,2545,1042,40,12674,12444,2725,12814,19177,19,1,1
14733,6903,5230,40,14628,14017,1944,14808,28925,74,1,1
14734,9318,10420,40,22703,21671,1092,22943,43823,135,1,1
14735,2455,250,40,17724,17603,14708,17874,35327,6,1,1
14736,16922,20779,40,23464,21691,13316,23775,74832,233,1,2
14737,1883,281,40,11071,10941,2605,11211,16010,6,1,1
14738,4939,2605,40,16321,15951,1473,16491,25538,41,1,1
14739,7173,6473,40,20860,20148,1723,21070,36479,89,1,1
14740,2214,281,40,17894,17774,15029,18044,35618,7,1,1
14741,16551,22012,40,6643,4829,15229,6963,60795,245,1,1
14742,4549,2725,40,19597,19237,13746,19768,40838,41,1,1
14743,6092,4228,40,14597,14077,1412,14778,26560,62,1,1
14744,6782,3958,40,15490,14989,2314,15670,28764,59,1,1
14745,7023,5350,40,20138,19527,1372,20339,34134,76,1,1
14746,2655,371,40,17703,17563,14788,17843,35697,8,1,1
14747,16040,21751,40,6672,4849,17914,6983,62738,245,1,1
14748,4789,2595,40,19447,19066,15319,19617,42370,43,1,1
14749,2475,611,40,9819,9649,2284,9969,15389,13,1,1
14750,6452,4809,40,16541,15970,1323,16731,29356,69,1,1
14751,6122,5280,40,19757,19156,2033,19947,33433,75,1,1
14752,2275,310,41,17623,17493,14968,17764,35357,7,1,1
14753,16722,21991,40,6653,4829,14567,6974,60294,245,1,1
14754,9358,6402,40,20529,19848,12103,20729,48632,85,1,1
14755,4658,3627,41,18725,18264,1473,18906,28704,54,1,1
14756,6532,5200,30,24296,23685,2695,24487,38944,74,1,1
14757,1753,121,40,17142,17042,14137,17282,33333,1,1,1
14758,16952,21681,41,6542,4749,14447,6863,59983,242,1,1
14759,7234,4518,40,19197,18655,10800,19367,41979,63,1,1
14760,9999,8686,40,50736,49875,1052,50957,70734,111,1,1
14761,5740,4829,40,42370,41799,2345,42560,55505,68,1,1
14762,35026,33624,781,94820,90852,12393,96703,178167,229,1,1
14763,7394,5861,60,47110,46148,11802,47470,72617,51,1,1
14764,9528,3577,60,40377,25348,7304,40797,61456,33,1,1
14765,14457,8015,231,48502,47430,1533,49093,73189,58,1,1
14766,4108,792,60,29806,29496,11271,30097,46358,9,1,1
14767,2705,120,60,18134,17984,2033,18355,23284,1,1,1
14768,5170,4228,70,31199,30298,9367,31579,50435,39,1,1
14769,13566,14167,81,45506,43863,2575,45937,76335,86,1,1
14770,6271,2635,80,38813,38343,23534,39134,71675,21,1,1
14771,5290,2074,90,36770,36338,13716,37090,58260,18,1,1
14772,3186,1142,80,19307,18936,3847,19607,27872,13,1,1
14773,5170,3156,80,31089,30558,2355,31429,42200,25,1,1
14774,5400,3006,80,26270,25709,4088,26600,39184,27,1,1
14775,14718,13726,80,32261,30848,2655,32692,63881,84,1,1
14776,34215,22533,81,46087,44113,18235,46568,121651,122,1,1
14777,4228,2605,90,36779,36319,14016,37101,58040,20,1,1
14778,5591,3146,80,26580,26060,3396,26901,39124,24,1,1
14779,12133,9248,80,35728,34636,1403,36108,58982,62,1,1
14780,5300,4268,80,30649,30006,3436,30979,44083,32,1,1
14781,6383,4418,80,28144,27432,3066,28484,42441,34,1,1
14782,6002,2194,80,31210,30928,13285,31470,53031,21,1,1
14783,2705,1243,50,19777,19547,10640,19948,34586,21,1,1
14784,1873,470,40,10249,10089,2345,10400,15129,10,1,1
14785,5140,2554,40,16671,16301,1533,16861,26149,39,1,1
14786,7173,5861,40,21951,21320,1684,22152,36910,74,1,1
14787,3857,862,40,19988,19778,14678,20138,39585,17,1,1
14788,2735,471,40,18836,18686,11171,18986,33413,9,1,1
14789,6342,6031,40,16462,15779,1152,16662,30237,81,1,1
14790,7825,5300,40,15710,15099,2024,15900,31099,71,1,1
14791,7775,6152,40,16942,16271,1493,17142,32612,79,1,1
14792,7695,6282,50,15830,15149,1823,16040,31890,81,1,1
14793,3887,431,40,18996,18836,16862,19136,40356,9,1,1
14794,16762,22753,40,6762,4929,17463,7084,64102,236,1,1
14795,4658,2935,40,20169,19758,15038,20339,43031,43,1,1
14796,6473,4118,40,16561,16050,1553,16751,28935,59,1,1
14797,7865,4118,40,13927,13416,1633,14107,27773,57,1,1
14798,5521,4549,40,21230,20679,2405,21420,33945,62,1,1
14799,3657,1012,40,19397,19166,17513,19557,41769,19,1,1
14800,7284,4789,40,20750,20107,11712,20940,44765,65,1,2
14801,5481,4418,41,16431,15920,1352,16622,27923,58,1,1
14802,7724,4329,40,14347,13816,1443,14527,28063,60,1,1
14803,6783,5119,40,25258,24647,1963,25449,39374,70,1,1
14804,3717,611,40,18986,18815,17463,19136,40988,12,1,1
14805,9679,10630,40,22483,21420,17463,22723,60535,127,1,2
14806,11061,11131,40,22984,21921,1142,23224,46608,130,1,1
14807,7023,5741,41,21621,20969,2124,21822,36770,76,1,1
14808,3257,501,50,18956,18805,16521,19106,39425,10,1,1
14809,17433,22763,40,25539,23664,13255,25869,79360,237,1,2
14810,6011,5761,40,16602,15940,1152,16802,29776,78,1,1
14811,5431,1973,41,13996,13706,1513,14157,23124,28,1,1
14812,7174,6222,40,17143,16471,1663,17353,32462,81,1,1
14813,4779,1403,40,13235,12985,1563,13395,21190,23,1,1
14814,3096,842,40,19457,19267,17283,19607,40868,14,1,1
14815,17744,22342,40,6683,4849,15770,7003,62909,235,1,1
14816,5110,2475,40,19958,19597,14417,20148,42200,39,1,1
14817,3196,1202,40,13646,13396,2134,13806,20388,23,1,1
14818,4939,1703,40,13475,13185,1533,13656,21871,30,1,1
14819,6783,5461,40,17864,17223,1683,18064,32041,75,1,1
14820,2745,171,40,12143,12033,11832,12283,27071,3,1,1
14821,6763,5420,41,21811,21200,11231,22012,45466,71,1,1
14822,2134,751,40,18846,18656,13446,18996,35387,14,1,1
14823,6703,6382,40,16391,15700,1132,16592,30869,82,1,1
14824,6963,5331,40,17122,16501,2064,17322,31740,73,1,1
14825,4178,581,40,14147,13967,1793,14297,20889,13,1,1
14826,5711,2315,40,20459,20108,15539,20629,44244,36,1,1
14827,4188,3427,40,15980,15529,2325,16160,26140,49,1,1
14828,6542,3407,40,19948,19487,10740,20128,40877,51,1,1
14829,5660,5431,40,16271,15620,1202,16471,28814,76,1,1
14830,6623,5390,40,15981,15339,2144,16181,30388,75,1,1
14831,4268,2003,40,14507,14187,3567,14678,24566,33,1,1
14832,6853,4619,50,21962,21400,3958,22162,37632,65,1,1
14833,7534,5341,40,16431,15810,1753,16621,31299,73,1,1
14834,7284,5060,40,21561,20960,4769,21761,38924,70,1,1
14835,3286,661,40,10981,10801,2094,11131,17232,13,1,1
14836,5601,3486,40,10660,10209,1172,10841,21150,49,1,1
14837,6042,4609,40,16170,15609,1933,16361,28985,64,1,1
14838,3427,1122,40,14047,13837,4138,14207,22944,18,1,1
14839,8176,5130,40,21891,21290,5401,22081,40848,70,1,1
14840,7524,5811,40,17944,17272,1863,18155,33403,79,1,1
14841,7434,5421,40,21651,21030,3587,21851,38333,73,1,1
14842,3096,932,40,10810,10610,2145,10960,17193,16,1,1
14843,5841,2676,40,10249,9849,1243,10419,20219,42,1,1
14844,7524,5611,40,18715,18054,1292,18916,33383,77,1,1
14845,3006,1072,40,14808,14588,4158,14968,23234,18,1,1
14846,6092,3586,40,21040,20559,3827,21221,34766,53,1,1
14847,7935,7254,40,17944,17183,1463,18154,34856,92,1,1
14848,6833,5190,40,21481,20850,4228,21671,37972,73,1,1
14849,5229,4197,40,13565,13045,1062,13757,24306,60,1,1
14850,6132,4759,40,14347,13776,2324,14547,27813,67,1,1
14851,3738,440,40,17423,17242,1452,17574,23254,8,1,2
14852,2194,701,40,15680,15500,5070,15840,23845,13,1,1
14853,3737,1623,50,20018,19727,2976,20188,28575,29,1,1
14854,7223,5952,40,17864,17203,2394,18064,33683,79,1,1
14855,7985,5921,50,21401,20740,1563,21601,37130,78,1,1
14856,1773,150,40,8627,8526,932,8767,11672,2,1,1
14857,18605,7785,41,13094,12333,13366,13305,53111,91,1,1
14858,3006,501,50,17794,17614,6452,17944,27943,9,1,2
14859,2815,792,50,6623,6442,5009,6793,15459,15,1,1
14860,3948,1863,40,8607,8296,2775,8767,17413,31,1,1
14861,13776,14668,40,20789,19487,1492,21070,51056,165,1,1
14862,7925,4528,50,21080,20549,9238,21270,43022,61,1,1
14863,7855,6612,41,20088,19366,1292,20309,36118,87,1,1
14864,6984,3697,40,20028,19537,7624,20208,38563,54,1,1
14865,4799,2284,40,11832,11482,1482,12003,20609,35,1,1
14866,6122,3406,40,11592,11142,1844,11772,23194,48,1,1
14867,2044,501,50,9508,9358,2705,9658,14968,10,1,1
14868,4999,3637,40,23715,23224,2515,23895,35106,55,1,1
14869,7394,5420,40,18656,17994,1422,18856,33142,77,1,1
14870,7334,4849,40,20589,20018,1753,20780,34776,66,1,1
14871,3617,1232,50,10961,10711,1663,11121,17673,23,1,1
14872,6242,3537,40,11522,11051,1473,11702,22994,52,1,1
14873,2986,962,50,9989,9788,2424,10149,16561,17,1,1
14874,7735,4669,40,16642,16071,2044,16842,31340,65,1,1
14875,7534,3958,40,20489,19988,3286,20679,35497,56,1,1
14876,3998,1172,40,8326,8085,1052,8496,14758,22,1,1
14877,6733,4879,40,17573,16972,1252,17764,30688,70,1,1
14878,6583,2935,51,19817,19406,3347,19998,32913,44,1,1
14879,3887,782,40,10209,10009,2034,10359,17122,15,1,1
14880,4298,1604,40,9127,8827,982,9287,16231,29,1,1
14881,2956,320,40,7734,7604,1133,7885,12334,7,1,1
14882,4358,411,50,6121,5981,1012,6272,12113,9,1,1
14883,10069,10480,40,22993,21991,1573,23244,45416,126,1,1
14884,7514,2735,40,20699,20308,2915,20870,34094,41,1,1
14885,7324,6502,40,21761,21040,1242,21962,37080,85,1,1
14886,7093,3257,40,19687,19256,1764,19867,32021,48,1,1
14887,1863,110,40,8436,8335,1863,8587,12463,1,1,1
14888,4078,451,40,6002,5851,1142,6152,11883,9,1,1
14889,3837,701,40,8606,8406,1313,8756,14648,15,1,1
14890,5731,3917,40,18715,18194,2024,18906,30628,58,1,1
14891,6983,2205,50,19607,19266,3867,19777,32892,35,1,1
14892,8406,7885,40,22112,21290,1924,22342,40607,101,1,1
14893,3256,201,40,18725,18605,3095,18866,25458,4,1,1
14894,4729,711,40,8557,8365,1312,8707,15499,14,1,1
14895,3316,902,40,10931,10741,2635,11101,17984,16,1,1
14896,8276,6071,40,17703,17002,2215,17904,34506,82,1,1
14897,6763,5610,40,16892,16231,2214,17093,31730,77,1,1
14898,6803,4919,40,16612,16001,2004,16802,30578,70,1,1
14899,5541,841,40,18876,18686,2675,19036,28143,16,1,1
14900,6903,3307,40,20519,20088,2845,20699,33804,47,1,1
14901,3537,551,50,13345,13195,1683,13496,19317,10,1,1
14902,6563,5280,40,17243,16632,2555,17453,31891,73,1,1
14903,7053,6502,41,23093,22382,1784,23294,38683,84,1,1
14904,2885,411,40,18716,18575,14146,18866,36348,8,1,1
14905,1934,581,50,19036,18876,8757,19196,30518,12,1,1
14906,4679,2645,40,20699,20299,2024,20889,30267,43,1,1
14907,6553,5270,40,21881,21260,2255,22071,36189,72,1,1
14908,2865,752,40,19777,19587,14978,19928,38563,14,1,1
14909,1983,632,40,20028,19847,9768,20178,32611,12,1,1
14910,3837,1413,40,18856,18586,3968,19016,28284,25,1,1
14911,6983,5991,41,22161,21480,2174,22363,37571,80,1,1
14912,1984,110,40,18465,18374,10029,18606,30789,1,1,1
14913,2435,1022,40,18926,18715,11572,19086,34155,19,1,1
14914,6592,5491,40,19457,18816,1242,19657,33032,75,1,1
14915,6772,4037,40,16532,16010,1382,16712,28954,59,1,1
14916,5901,4158,50,19106,18575,2114,19316,31519,61,1,1
14917,6172,3146,50,16091,15650,1373,16271,27022,50,1,1
14918,12413,6803,40,22252,21551,15479,22473,57208,85,1,1
14919,6172,2525,40,20168,19818,14288,20348,43373,38,1,1
14920,4398,2365,40,16602,16241,2104,16772,25689,37,1,1
14921,6903,3377,40,13606,13145,1513,13786,25609,50,1,1
14922,6422,4809,40,22383,21782,2114,22573,35968,69,1,1
14923,3076,1012,40,19127,18905,17393,19277,40818,18,1,1
14924,16611,22793,50,25098,23204,15770,25429,80653,239,1,2
14925,6181,4739,41,20629,20048,1222,20830,33012,67,1,1
14926,6632,4759,40,21550,20989,1923,21752,35116,64,1,1
14927,1924,180,40,18445,18335,15660,18595,36409,4,1,1
14928,15118,12684,40,23594,22392,13275,23846,64973,144,1,2
14929,4378,3116,41,19737,19316,1383,19918,28845,46,1,1
14930,7143,6833,40,21591,20939,1994,21792,37822,77,1,1
14931,11571,5209,40,21811,21230,15209,22012,54042,67,1,1
14932,7153,4980,40,20799,20188,15079,20989,48261,67,1,1
14933,6322,5010,40,16572,15961,1212,16762,29366,71,1,1
14934,7013,3196,40,14528,14086,2044,14708,27001,48,1,1
14935,6582,5331,40,21751,21120,1854,21951,35778,74,1,1
14936,3717,651,40,18946,18756,17103,19096,40617,14,1,1
14937,11431,12003,50,22473,21310,14478,22733,60685,141,1,2
14938,2966,1182,40,21090,20870,611,21250,26069,20,1,1
14939,8316,5791,41,14577,13926,1283,14778,30198,76,1,1
14940,6772,5801,40,17423,16752,1663,17634,31920,80,1,1
14941,3947,982,40,13275,13055,1623,13426,20028,18,1,1
14942,5230,1042,40,19687,19467,7985,19848,34145,19,1,1
14943,6382,2695,40,19788,19417,12774,19968,41859,40,1,1
14944,5030,2134,40,14497,14147,1763,14667,23645,35,1,1
14945,4519,1112,40,12925,12684,1623,13085,20379,22,1,1
14946,7113,5991,50,18195,17523,1473,18415,33023,81,1,1
14947,11061,7535,40,34786,33995,15289,34996,68931,89,1,2
14948,5440,2665,50,20008,19627,14798,20188,43142,40,1,1
14949,17774,7244,50,19988,19287,18074,20198,63340,85,1,1
14950,3517,1443,50,11091,10841,12494,11261,28755,23,1,1
14951,16731,21691,40,15249,13436,18766,15560,72808,228,1,2
14952,6512,3467,40,12985,12524,13585,13165,36779,51,1,1
14953,2635,110,41,12253,12153,2204,12394,17403,1,1,1
14954,5911,1433,40,19447,19176,14317,19607,41308,24,1,1
14955,3607,2515,40,15619,15269,2595,15790,24567,38,1,1
14956,7824,6473,40,22573,21862,5090,22773,42220,84,1,1
14957,3176,1022,40,13455,13225,2484,13616,20338,19,1,1
14958,6693,4979,40,16021,15420,1974,16221,29917,70,1,1
14959,4319,1573,40,14658,14377,3787,14818,24547,27,1,1
14960,6362,3928,50,21601,21110,2765,21791,34906,56,1,1
14961,7394,6042,50,17423,16732,1573,17633,32672,82,1,1
14962,8095,6883,40,22112,21351,5320,22332,42660,91,1,1
14963,3537,922,40,11091,10881,2865,11241,18625,16,1,1
14964,5671,3356,40,10410,9959,1192,10590,20859,49,1,1
14965,5611,4568,50,14968,14417,1964,15169,27362,64,1,1
14966,3206,872,40,13465,13265,4098,13615,21841,16,1,1
14967,7134,3947,40,21080,20579,5150,21261,37542,55,1,1
14968,7264,5049,41,16090,15489,1774,16301,30418,71,1,1
14969,17063,21220,40,26080,24376,2585,26390,67308,219,1,1
14970,3447,1372,50,11241,11001,2264,11402,18545,22,1,1
14971,6282,3146,50,10319,9898,1463,10500,21451,46,1,1
14972,3216,1944,40,14277,13967,2565,14437,22212,30,1,1
14973,3607,1262,40,14007,13756,4619,14167,23705,22,1,1
14974,4047,2365,40,20358,19998,4298,20529,31279,37,1,1
14975,7344,6402,41,18144,17443,1924,18355,34075,84,1,1
14976,7945,6492,40,21701,20990,5079,21911,41468,84,1,1
14977,3386,1002,40,10590,10370,1924,10750,17122,19,1,1
14978,2615,501,40,8947,8777,1774,9097,14037,11,1,1
14979,6001,4388,40,13185,12634,2955,13386,26770,63,1,1
14980,4148,311,40,8676,8536,1522,8826,14858,7,1,1
14981,6372,4188,40,15790,15269,2705,15981,29286,58,1,1
14982,7835,4448,40,21009,20458,6071,21201,39585,62,1,1
14983,8286,7193,50,17783,17012,1252,18005,34786,94,1,1
14984,7384,5510,40,21932,21301,5160,22132,40226,74,1,1
14985,3397,901,40,9849,9618,2034,10009,16381,19,1,1
14986,5771,3086,40,9298,8877,1182,9478,19577,47,1,1
14987,6803,4989,40,12714,12133,1062,12915,25819,69,1,1
14988,4168,290,50,8686,8566,1493,8836,14848,6,1,1
14989,13346,14126,40,20368,19056,1402,20640,49544,164,1,1
14990,6923,2355,40,19647,19297,17894,19817,47029,36,1,1
14991,8436,8085,40,21421,20559,1343,21641,39555,104,1,1
14992,6492,2064,40,19637,19306,8767,19798,37181,33,1,1
14993,2875,932,40,10741,10529,1753,10891,16511,17,1,1
14994,6191,3176,41,11081,10660,1543,11262,22212,46,1,1
14995,3947,742,40,8155,7955,1062,8306,14097,15,1,1
14996,5250,3096,40,16842,16401,2034,17022,27452,49,1,1
14997,6944,3767,40,34776,34265,13536,34956,59253,52,1,2
14998,6463,3396,40,19978,19547,8386,20158,38453,46,1,1
14999,3997,942,50,10550,10360,1603,10710,17302,15,1,1
15000,6132,2916,40,11852,11442,1393,12022,22523,44,1,1
15001,2865,942,40,14979,14788,2855,15139,21841,16,1,1
15002,7103,3858,40,20258,19768,5099,20439,36549,54,1,1
15003,7544,6252,40,21040,20319,1273,21250,36369,85,1,1
15004,7324,2785,40,19627,19246,1773,19818,31730,42,1,1
15005,3958,1082,40,10220,9979,2364,10380,17824,21,1,1
15006,4468,1593,40,9157,8867,1453,9327,16892,29,1,1
15007,3747,291,40,7334,7204,1152,7484,12724,6,1,1
15008,6653,4629,40,26069,25467,1383,26259,38974,66,1,2
15009,15699,9879,40,37041,36088,3456,37261,66355,111,1,2
15010,7274,5731,40,17633,16982,1562,17833,32441,76,1,1
15011,2835,561,40,18576,18415,2815,18726,24987,11,1,1
15012,4007,251,40,8626,8506,1422,8776,14507,5,1,1
15013,3947,1413,50,14868,14588,1243,15048,21691,24,1,2
15014,2074,782,40,16050,15860,2725,16210,21841,15,1,1
15015,6423,2625,40,25468,25058,3266,25638,38002,39,1,2
15016,8867,8717,50,23925,23054,1213,24155,42992,106,1,1
15017,3316,741,40,18916,18715,6783,19076,29966,16,1,1
15018,4238,851,41,8616,8406,1192,8777,15098,17,1,1
15019,3647,1523,40,12885,12604,2855,13045,21130,26,1,1
15020,7664,6042,40,17212,16551,2364,17413,33533,78,1,1
15021,6673,5851,40,23515,22844,2375,23715,38654,79,1,1
15022,4008,591,40,18666,18496,2364,18826,25829,13,1,1
15023,6242,3156,40,20759,20329,9347,20930,39735,46,1,1
15024,2044,200,40,9738,9618,2665,9879,14838,4,1,1
15025,7214,5690,40,19507,18836,1172,19707,33834,79,1,1
15026,7064,6482,40,24427,23714,1994,24637,40227,84,1,1
15027,2494,361,50,19207,19076,14407,19367,36679,8,1,1
15028,2224,752,50,19186,19006,7965,19357,30328,14,1,1
15029,7725,7484,40,22673,21881,1152,22884,39295,96,1,1
15030,3527,2625,40,23605,23224,2464,23775,32451,40,1,1
15031,10329,7014,50,22252,21521,9588,22462,49443,88,1,1
15032,2254,842,40,19096,18906,12603,19257,35006,15,1,1
15033,7704,6823,40,21962,21210,1212,22172,37971,90,1,1
15034,6442,4849,41,21069,20478,2284,21261,34876,68,1,1
15035,2024,291,40,19437,19307,661,19587,22613,6,1,1
15036,18395,14988,40,4769,3456,16631,5040,55114,165,1,1
15037,5039,3236,41,21059,20629,9468,21231,39024,46,1,1
15038,3277,1012,40,13806,13586,2475,13966,20780,19,1,1
15039,7243,5661,41,16080,15439,2084,16281,31329,75,1,1
15040,6933,6001,40,21120,20429,1783,21320,36078,81,1,1
15041,2495,331,40,19176,19036,16171,19326,38363,7,1,1
15042,1302,241,40,18615,18485,792,18755,21130,5,1,1
15043,17664,19677,50,6052,4409,18255,6362,62018,211,1,1
15044,6943,5661,40,21501,20849,1142,21701,35507,77,1,1
15045,6853,5470,50,23174,22543,2284,23384,38042,75,1,1
15046,2225,200,40,18796,18686,15680,18946,37091,4,1,1
15047,4208,3136,40,20268,19797,13386,20448,41228,47,1,2
15048,17533,7444,40,17022,16251,17403,17233,59673,92,1,1
15049,3396,1522,40,16291,16010,7604,16452,29035,26,1,1
15050,1343,240,41,9127,9007,9418,9278,20329,5,1,1
15051,16632,23134,40,24767,22864,16582,25097,81495,245,1,1
15052,17353,10540,40,23425,22423,18254,23665,69872,123,1,1
15053,1894,481,50,20619,20469,922,20779,24126,10,1,1
15054,17894,18835,40,5891,4288,17724,6192,60695,205,1,1
15055,6783,6111,40,21591,20909,1242,21791,35988,80,1,1
15056,6973,5340,50,21631,21000,1492,21831,35687,74,1,1
15057,2274,280,40,19407,19277,722,19557,22884,6,1,1
15058,18235,10680,41,3616,2615,28453,3847,61266,124,1,1
15059,5029,2926,40,20879,20459,13094,21050,42149,45,1,1
15060,4188,1433,40,13756,13485,2234,13926,21831,25,1,1
15061,6923,3877,40,14788,14277,1783,14979,27602,57,1,1
15062,6392,5530,40,21029,20378,1883,21231,35066,75,1,1
15063,2705,621,40,18916,18736,16301,19066,38753,13,1,1
15064,10490,11271,40,22142,21030,12273,22393,56477,135,1,2
15065,5391,4027,40,16161,15639,1273,16351,27092,58,1,1
15066,4759,691,50,13265,13085,1583,13436,20499,15,1,1
15067,7033,5881,40,17032,16371,1393,17233,31590,78,1,1
15068,1703,261,50,12524,12403,2084,12674,16782,6,1,1
15069,3817,1603,50,20199,19937,18655,20379,44484,26,1,1
15070,15439,18205,40,24226,22623,14458,24516,72678,200,1,2
15071,5350,4308,41,16110,15589,1313,16301,27332,60,1,1
15072,4278,1092,50,26230,25990,1824,26400,33644,18,1,2
15073,2726,931,40,32872,32622,13355,33023,50085,18,1,2
15074,6402,2605,40,19868,19487,12354,20038,41449,39,1,1
15075,6222,5050,40,16151,15540,1302,16351,28965,71,1,1
15076,6662,5311,40,15960,15359,2575,16160,30748,71,1,1
15077,6252,3015,41,15809,15379,1583,15991,26891,47,1,1
15078,6833,1593,40,19537,19267,14047,19697,42230,25,1,1
15079,3787,3056,40,15910,15500,2635,16100,25608,44,1,1
15080,5932,2675,40,20318,19948,14667,20489,43813,39,1,1
15081,4959,3627,40,15159,14688,1353,15339,25338,53,1,1
15082,6162,4338,40,16111,15560,1573,16301,28424,62,1,1
15083,4368,1814,40,14948,14648,4719,15108,26059,30,1,1
15084,3577,2454,40,21090,20739,2945,21261,30297,37,1,1
15085,7884,6051,40,17333,16652,1794,17543,33313,80,1,1
15086,7133,5311,40,21661,21060,3477,21861,37832,72,1,1
15087,4208,2324,40,13535,13175,2215,13706,22513,36,1,1
15088,6613,4759,40,15620,15059,2204,15820,29446,66,1,1
15089,3356,581,41,13445,13295,4469,13606,22052,11,1,1
15090,7885,5460,40,22764,22152,4047,22964,40396,72,1,1
15091,7044,6111,40,17733,17052,1644,17934,32783,81,1,1
15092,8466,6012,40,22112,21451,3276,22322,40116,78,1,1
15093,2084,190,40,9438,9328,711,9588,12623,4,1,1
15094,17863,19207,50,16001,14378,1673,16311,55104,208,1,1
15095,6713,4939,41,15409,14808,2094,15600,29396,69,1,1
15096,3477,1713,40,14618,14327,3637,14778,23665,28,1,1
15097,7434,5080,40,21761,21150,4469,21961,38994,70,1,1
15098,7023,5210,41,16381,15760,2024,16572,30889,72,1,1
15099,7194,5220,40,21090,20469,5681,21280,39425,72,1,1
15100,4038,1533,40,11282,11001,4047,11452,21120,27,1,1
15101,2856,451,40,9227,9057,1633,9378,14378,11,1,1
15102,6152,4158,40,12684,12153,1493,12874,24707,60,1,1
15103,3938,1603,40,14257,13967,3637,14417,23635,27,1,1
15104,7644,3627,50,20680,20219,6191,20880,38372,53,1,1
15105,4299,1062,40,9798,9558,1402,9958,16772,21,1,1
15106,8005,7004,40,17844,17092,1914,18054,35017,90,1,1
15107,7885,6162,40,21230,20519,2705,21430,38242,84,1,1
15108,4459,1512,40,11321,11061,1954,11482,19467,26,1,1
15109,6242,4408,40,12063,11532,1313,12253,24246,60,1,1
15110,3907,651,51,8866,8696,1522,9038,15158,13,1,1
15111,4990,2925,40,15400,14999,4107,15580,27652,43,1,1
15112,7664,4819,40,21009,20428,1613,21211,35347,69,1,1
15113,7795,6502,40,19928,19196,1963,20128,36449,87,1,1
15114,7474,5210,40,20890,20268,2304,21100,36118,73,1,1
15115,2835,321,40,9799,9669,1964,9949,15119,6,1,1
15116,6222,3577,40,11662,11181,1383,11842,23074,53,1,1
15117,3838,731,40,8216,8026,1192,8366,14177,14,1,1
15118,5320,3747,40,18696,18195,2725,18886,30728,56,1,1
15119,7584,4258,40,20940,20409,2525,21130,35557,61,1,1
15120,7144,6622,40,20729,20008,1934,20940,36690,86,1,1
15121,9778,7575,40,21551,20759,1152,21761,40316,95,1,1
15122,3607,801,40,10039,9838,1924,10189,16582,15,1,1
15123,4138,952,40,16321,16081,1172,16481,22793,16,1,2
15124,3877,752,40,6562,6382,1082,6732,12473,15,1,1
15125,8797,9508,40,21280,20339,1062,21511,40928,115,1,1
15126,7023,3557,40,36960,36479,9158,37130,56928,48,1,2
15127,6262,5541,50,21350,20719,3106,21550,36509,74,1,1
15128,2304,882,40,19046,18836,5000,19206,27432,17,1,1
15129,4879,1373,40,10660,10410,3036,10840,20158,23,1,1
15130,4258,1323,40,9819,9558,1222,9979,16822,23,1,1
15131,3787,1002,40,11061,10850,1663,11222,17714,18,1,1
15132,6983,5130,40,16772,16141,2164,16972,31279,73,1,1
15133,7464,3306,40,25468,25007,1904,25649,38373,46,1,2
15134,6763,5671,40,21671,21010,2535,21871,36890,77,1,1
15135,5330,1683,40,19006,18715,1613,19177,27843,30,1,1
15136,3747,250,40,8276,8156,1353,8416,13826,5,1,1
15137,3587,280,40,5982,5872,1743,6142,11782,6,1,1
15138,2795,711,40,15439,15209,1543,15589,20689,14,1,2
15139,5430,4158,50,18465,17944,3637,18655,31930,60,1,1
15140,5471,1192,40,18906,18666,1643,19066,27422,21,1,1
15141,7354,6462,40,22633,21912,1363,22853,38072,86,1,1
15142,2575,441,40,19066,18926,9047,19217,31340,10,1,1
15143,3947,782,40,8867,8657,1583,9027,15389,16,1,1
15144,3888,1673,40,11702,11402,2445,11862,19928,29,1,1
15145,13516,15690,40,20138,18766,1153,20408,50817,174,1,1
15146,6553,5210,50,23014,22403,1994,23214,37021,72,1,1
15147,3827,691,40,18905,18705,4047,19057,27682,15,1,1
15148,6101,2796,40,20278,19878,6102,20458,35507,43,1,1
15149,11772,5440,41,21360,20769,12113,21561,50926,70,1,1
15150,3386,2325,40,18485,18155,6653,18655,31069,34,1,1
15151,1012,231,40,8907,8777,7414,9057,17744,5,1,1
15152,4299,2324,40,21581,21221,6974,21751,35398,37,1,1
15153,7164,5180,40,19527,18926,1593,19727,33714,71,1,1
15154,9698,4939,40,21510,20929,12062,21702,48461,66,1,1
15155,1994,631,50,18966,18795,8175,19127,29967,12,1,1
15156,4097,1583,40,20188,19887,2435,20349,28504,28,1,1
15157,7334,5520,40,22963,22322,1944,23164,38012,75,1,1
15158,12484,8807,40,23986,23114,9808,24206,55365,106,1,1
15159,2194,521,40,19066,18906,11511,19217,33493,11,1,1
15160,8145,8356,41,22442,21591,1152,22663,40366,103,1,1
15161,6813,5501,40,20990,20339,2314,21200,35868,76,1,1
15162,2726,370,40,19107,18955,15289,19257,37672,8,1,1
15163,2494,632,40,19587,19417,9738,19747,32661,12,1,1
15164,6833,7053,50,21861,21100,1203,22082,37211,92,1,1
15165,12514,8406,50,23325,22452,1553,23565,46068,107,1,1
15166,2344,181,50,18675,18575,16712,18825,38102,3,1,1
15167,6803,5801,40,20870,20169,10650,21080,44374,79,1,2
15168,6843,6663,40,17093,16331,1212,17303,32071,91,1,1
15169,7354,5260,40,16611,16000,2385,16812,31851,72,1,1
15170,6983,5410,40,22593,21962,1393,22793,36639,74,1,1
15171,3367,781,40,19116,18926,17363,19267,40828,14,1,1
15172,16622,22642,40,6863,5000,19507,7193,66015,241,1,1
15173,7985,6021,50,21912,21251,16491,22122,52659,79,1,1
15174,5911,4198,40,20169,19628,1332,20369,31840,62,1,1
15175,6362,4869,40,20809,20228,2465,21020,34756,69,1,1
15176,2595,391,40,18665,18525,16852,18825,38693,8,1,1
15177,16552,17894,50,25238,23675,18004,25528,78018,196,1,2
15178,5550,4849,40,20138,19557,1363,20328,32131,66,1,1
15179,6462,5160,40,21852,21240,2084,22042,35808,71,1,1
15180,3046,761,50,19377,19197,14137,19537,37521,14,1,1
15181,2605,851,41,19136,18935,10590,19287,33393,16,1,1
15182,5720,3918,40,15680,15189,1383,15870,26931,54,1,1
15183,7303,3267,40,14327,13906,1884,14497,26991,45,1,1
15184,8076,7053,40,22753,21982,1553,22963,39685,92,1,1
15185,2555,221,40,18866,18735,16401,19006,38233,5,1,1
15186,9909,9468,40,22242,21240,12934,22473,54834,118,1,2
15187,11061,12273,40,23104,21942,1182,23354,47930,145,1,1
15188,6733,5090,40,15880,15279,2134,16080,30077,70,1,1
15189,4097,1072,40,13095,12854,1723,13255,20188,21,1,1
15190,6001,110,40,18755,18655,15229,18896,40286,1,1,1
15191,6442,3637,40,20739,20268,11212,20929,42260,52,1,1
15192,5841,5170,40,16191,15580,1192,16391,28634,72,1,1
15193,6352,4899,40,29165,28554,2185,29365,42842,67,1,2
15194,1954,110,40,18616,18515,15860,18756,36720,1,1,1
15195,17523,21982,40,19367,17523,3898,19687,63140,233,1,2
15196,3126,952,40,19166,18946,9999,19326,33433,18,1,1
15197,6873,6252,40,16301,15599,1103,16521,30789,84,1,1
15198,6682,6683,40,16792,16151,5491,16992,35898,75,1,1
15199,3396,1183,40,14567,14337,4468,14728,23815,20,1,1
15200,6703,5260,40,22152,21511,2184,22342,36549,75,1,1
15201,7474,6071,40,17122,16421,2014,17333,32932,83,1,1
15202,7153,5781,50,22092,21440,3356,22293,38633,78,1,1
15203,4078,1222,40,13526,13275,2505,13686,21541,22,1,1
15204,6873,4929,50,16521,15930,2174,16721,30748,70,1,1
15205,3276,822,40,14497,14307,4529,14657,23314,15,1,1
15206,3577,2214,40,20830,20479,3446,21000,30287,36,1,1
15207,7294,6251,40,18224,17523,1994,18425,34014,82,1,1
15208,7785,6462,40,22592,21881,3757,22814,40848,85,1,1
15209,3556,972,40,11181,10961,2374,11342,18284,19,1,1
15210,5992,3206,40,10530,10089,1202,10710,21160,48,1,1
15211,7323,5050,40,15229,14628,1683,15429,29525,70,1,1
15212,2905,762,40,13436,13235,4548,13596,21851,15,1,1
15213,7284,5550,40,22142,21531,4088,22343,39315,73,1,1
15214,7484,6051,50,17924,17252,1733,18135,33443,81,1,1
15215,7274,5570,40,21712,21069,3296,21922,38102,75,1,1
15216,3837,1203,40,10670,10430,1894,10830,17814,22,1,1
15217,2816,200,40,8947,8827,1744,9087,13897,5,1,1
15218,6993,4779,40,12965,12384,1613,13165,26590,67,1,1
15219,3938,721,41,8876,8686,1562,9027,15299,14,1,1
15220,4428,2465,40,14668,14297,3076,14838,24847,38,1,1
15221,7604,4369,40,21340,20809,8165,21541,41719,60,1,1
15222,7885,6602,40,17834,17092,1593,18044,34174,88,1,1
15223,6261,2625,40,19737,19366,12163,19918,41007,40,1,1
15224,4930,3937,40,13436,12934,1082,13616,23625,56,1,1
15225,6913,4980,40,12985,12404,1403,13185,26531,68,1,1
15226,3617,731,40,14428,14247,3206,14588,22192,14,1,1
15227,8025,3878,40,20889,20389,6502,21080,39525,57,1,1
15228,7405,5821,40,19587,18896,1723,19797,34786,83,1,1
15229,7575,4939,50,21120,20538,2454,21331,36329,69,1,1
15230,3637,681,50,9949,9769,2224,10109,16701,14,1,1
15231,5370,2776,40,9338,8927,1132,9518,18836,44,1,1
15232,5730,4068,40,13065,12543,1694,13255,24797,59,1,1
15233,3817,261,40,8526,8396,1513,8676,14317,6,1,1
15234,6222,3787,40,16311,15840,3737,16491,30297,54,1,1
15235,7254,4549,40,20860,20299,1543,21050,34456,63,1,1
15236,7434,6462,40,26811,26100,1563,27021,42520,85,1,1
15237,11943,4809,40,12123,11572,5400,12313,34515,62,1,1
15238,5149,1503,41,9618,9357,7053,9779,23524,25,1,1
15239,3006,1142,40,6813,6563,3146,6973,14307,22,1,1
15240,3707,431,50,8025,7885,1152,8175,13515,9,1,1
15241,3236,2094,40,17363,17022,2996,17533,25919,35,1,1
15242,7685,4408,40,20639,20118,4458,20820,37431,58,1,1
15243,7765,6402,40,20058,19327,1573,20268,36058,87,1,1
15244,7154,4519,40,20419,19888,2755,20619,35087,60,1,1
15245,3597,851,51,9888,9688,2114,10049,16661,16,1,1
15246,4278,1533,40,9178,8887,1172,9348,16381,28,1,1
15247,4438,792,40,7755,7544,1072,7915,14257,16,1,1
15248,4508,902,40,6352,6142,1042,6512,13025,18,1,1
15249,1653,501,50,9718,9568,3317,9878,15399,10,1,1
15250,4749,3406,40,16210,15760,2896,16391,27502,50,1,1
15251,6973,3356,50,35478,35015,8175,35668,54212,47,1,2
15252,7735,7033,40,20759,19998,1343,20970,37131,91,1,1
15253,5901,2445,40,19707,19337,4037,19877,32321,39,1,1
15254,5460,2765,40,11312,10930,1653,11482,21410,40,1,1
15255,3757,1613,40,8997,8717,992,9157,15569,26,1,1
15256,2625,661,40,11752,11582,3226,11903,18475,12,1,1
15257,13415,10821,40,26280,25228,1082,26530,51898,130,1,1
15258,7515,6482,40,22493,21782,1182,22703,37932,86,1,1
15259,5209,1433,40,18966,18695,1854,19136,27672,26,1,1
15260,3888,150,40,8186,8086,1703,8336,14117,2,1,1
15261,3136,110,40,5871,5771,1343,6011,10650,1,1,1
15262,3155,1122,40,24957,24677,2926,25117,32371,19,1,2
15263,6543,5550,40,40617,39926,3237,40817,56197,76,1,2
15264,2996,871,50,20058,19867,8446,20219,32582,16,1,1
15265,3858,411,40,8115,7965,1343,8265,13927,9,1,1
15266,3917,1603,40,16892,16602,2735,17052,25358,28,1,1
15267,7264,5821,40,25829,25168,982,26039,40136,78,1,1
15268,8816,7885,51,21460,20598,11402,21681,49824,101,1,2
15269,1663,662,50,19166,18996,8196,19326,29887,13,1,1
15270,3427,1262,40,16511,16250,2545,16672,23956,23,1,1
15271,7114,4859,40,17173,16592,1974,17373,31370,68,1,1
15272,6072,4749,40,15389,14798,2184,15579,28634,68,1,1
15273,7223,5591,40,16712,16071,1874,16922,31660,77,1,1
15274,2414,211,40,19257,19136,13656,19397,35728,5,1,1
15275,2394,431,40,19066,18916,8416,19217,30518,8,1,1
15276,2765,1112,40,16481,16271,2685,16641,23254,19,1,1
15277,8847,8716,50,19407,18545,1173,19647,38423,106,1,1
15278,6903,5811,40,23925,23264,2365,24126,39255,78,1,1
15279,3236,300,40,18946,18805,13335,19086,36008,7,1,1
15280,2595,811,40,19136,18936,10430,19297,33173,16,1,1
15281,7194,7554,40,17914,17142,1282,18135,34205,92,1,1
15282,6633,4989,40,16210,15619,2545,16411,30628,70,1,1
15283,7023,5561,40,23445,22783,1783,23645,38072,77,1,1
15284,2284,280,40,18905,18775,16030,19047,37701,6,1,1
15285,17624,21120,40,25278,23445,16301,25608,80693,231,1,2
15286,15048,15560,40,25198,23815,1072,25488,57198,175,1,1
15287,6712,5140,40,21381,20769,2515,21581,35998,70,1,1
15288,2274,341,40,19267,19136,16130,19417,38202,7,1,1
15289,4649,3667,50,20469,19967,12143,20669,41158,53,1,2
15290,7084,6662,41,22262,21510,1312,22473,37581,89,1,1
15291,6532,5411,40,22382,21771,2404,22592,36980,72,1,1
15292,3045,592,40,19006,18826,17323,19156,40166,12,1,1
15293,14527,18445,51,24256,22653,17914,24557,75503,201,1,2
15294,5410,5080,40,20279,19708,1272,20479,32281,66,1,1
15295,6803,5280,40,21481,20850,2515,21681,36319,74,1,1
15296,2705,411,40,19327,19176,15739,19477,38382,9,1,1
15297,2896,761,51,18925,18745,10650,19086,33434,14,1,1
15298,5801,5050,50,16621,16020,1372,16821,29085,70,1,1
15299,7114,3857,41,14617,14126,2124,14808,27953,55,1,1
15300,6833,6282,40,21902,20760,1563,22102,36840,83,1,1
15301,2485,241,40,19176,19056,16431,19316,38533,5,1,1
15302,15299,17663,40,24336,22783,14417,24627,72056,193,1,2
15303,2926,1222,40,13867,13625,2515,14027,20750,21,1,1
15304,7073,3517,40,14227,13777,2275,14407,27302,49,1,1
15305,6763,5590,40,21521,20890,1784,21721,35908,74,1,1
15306,2585,181,40,18505,18395,16101,18645,37562,3,1,1
15307,16581,21331,40,6402,4649,12875,6712,57559,226,1,1
15308,5129,2886,40,20980,20569,11131,21150,40346,44,1,1
15309,2175,380,40,12564,12413,2305,12704,17604,8,1,1
15310,4519,1072,40,12965,12735,1643,13115,20409,20,1,1
15311,7524,6503,50,17373,16652,1814,17583,33484,87,1,1
15312,4018,631,51,31870,31659,3988,32031,40708,13,1,2
15313,6533,3226,40,20719,20299,6853,20890,37552,45,1,1
15314,3657,1252,40,13145,12895,2335,13315,20599,23,1,1
15315,6232,5010,40,16351,15760,1924,16551,29757,69,1,1
15316,3867,501,40,12654,12494,1713,12804,18935,10,1,1
15317,4309,1773,40,32772,32442,17594,32932,56648,28,1,2
15318,17273,16581,40,25528,24086,15339,25809,75062,183,1,1
15319,6221,5541,40,15590,14949,1212,15780,28804,74,1,1
15320,6893,5651,40,16973,16321,2354,17173,32121,77,1,1
15321,10821,7233,40,17673,16902,2615,17884,38603,93,1,1
15322,7464,5440,40,22243,21620,2344,22453,37741,73,1,1
15323,7815,7965,50,45777,43903,4328,46248,66646,84,1,1
15324,15449,16511,261,61065,59443,3236,61818,97134,92,1,1
15325,34405,13485,80,46127,44785,27742,46638,122362,77,1,1
15326,6903,1784,80,18706,18305,11772,19016,39575,15,1,1
15327,3667,1282,80,15629,15279,19847,15931,40817,12,1,1
15328,14067,8256,90,24026,23084,14908,24416,61737,52,1,1
15329,5781,3006,80,29366,28835,6392,29686,44955,25,1,1
15330,6953,5430,90,40897,40176,10449,41259,64181,38,1,1
15331,6863,5421,90,30418,29636,3406,30778,46558,42,1,1
15332,7113,5200,90,39916,39194,13386,40276,66065,38,1,1
15333,7575,5209,90,26600,25889,2755,26962,42591,37,1,1
15334,10981,10309,90,31490,30358,2324,31890,55605,65,1,1
15335,5029,2285,80,26550,26100,6161,26861,40426,19,1,1
15336,14277,10630,90,41439,40317,12654,41839,79491,65,1,1
15337,11261,10851,80,32612,31330,2735,33012,57949,70,1,1
15338,4197,1442,80,36369,35988,25969,36680,68379,14,1,1
15339,13155,9448,80,24226,23114,1463,24617,48783,64,1,1
15340,12644,11652,81,23454,22512,1603,23805,49774,76,1,1
15341,4078,942,40,9308,9107,1493,9468,16021,17,1,1
15342,2756,631,40,9147,8967,1804,9297,14528,13,1,1
15343,5480,3497,40,16081,15630,4378,16271,29676,49,1,1
15344,3667,2054,40,20459,20128,2875,20619,29275,33,1,1
15345,7905,8887,40,25859,24988,1132,26099,44063,107,1,1
15346,3486,912,40,10961,10761,2224,11111,17783,16,1,1
15347,6032,3296,50,20739,20239,1703,20919,32011,46,1,2
15348,2785,491,40,13325,13155,4008,13475,20809,11,1,1
15349,7123,3787,40,21080,20609,5069,21271,37280,53,1,1
15350,5961,4589,40,25759,25208,1323,25959,37872,63,1,1
15351,5360,4037,40,12313,11802,1142,12504,23083,58,1,1
15352,7254,4739,40,11903,11342,1262,12113,25398,66,1,1
15353,4368,1483,40,10099,9829,1082,10259,17242,25,1,1
15354,2465,110,50,8346,8256,2304,8496,13435,1,1,1
15355,7484,5089,50,17142,16551,2014,17342,31980,70,1,1
15356,7564,4178,40,21010,20488,4168,21200,37150,59,1,1
15357,7343,6533,40,20810,20108,1392,21030,36328,84,1,1
15358,7644,5341,40,20809,20198,2675,21009,36709,71,1,1
15359,3817,1133,40,10550,10309,1753,10710,17463,21,1,1
15360,6803,3957,40,11132,10630,1402,11322,23534,56,1,1
15361,4618,1243,40,17764,17502,1713,17924,25548,21,1,2
15362,7714,6132,40,18285,17614,2555,18505,34936,81,1,1
15363,7674,4619,40,20840,20289,2815,21030,36178,62,1,1
15364,8045,6402,50,20318,19597,1443,20539,36479,87,1,1
15365,7073,3006,40,20118,19718,5571,20298,35988,43,1,1
15366,3677,992,40,10350,10129,2034,10510,17263,19,1,1
15367,4389,1112,40,9067,8827,1533,9227,16291,21,1,1
15368,4058,641,50,7825,7655,1142,7985,13866,13,1,1
15369,4058,431,40,6422,6272,1193,6572,12304,9,1,1
15370,2024,992,40,16261,16051,742,16421,20239,17,1,1
15371,17393,13425,40,23305,22101,7524,23555,61957,151,1,1
15372,8726,8226,40,22102,21241,1714,22322,41028,105,1,1
15373,6393,3105,40,19637,19216,3116,19828,32482,46,1,1
15374,4989,732,40,10159,9979,1563,10309,17653,13,1,1
15375,3807,751,41,10339,10139,1573,10490,16681,15,1,1
15376,3878,1923,41,17463,17162,2484,17644,25959,31,1,1
15377,7354,5551,40,40497,39836,3907,40707,57559,74,1,2
15378,5039,1052,50,19086,18875,2595,19247,27983,18,1,1
15379,4208,421,40,8195,8045,972,8345,13986,8,1,1
15380,2575,120,40,5671,5571,1653,5811,10209,1,1,1
15381,3987,2354,40,21331,20940,2565,21501,30448,37,1,2
15382,7614,6202,40,18185,17483,2204,18395,34455,83,1,1
15383,7184,6552,50,25228,24516,852,25438,40076,86,1,1
15384,17423,23404,40,25418,23475,3818,25738,70444,246,1,2
15385,4178,1553,50,19758,19507,8406,19938,34115,25,1,1
15386,4008,310,40,8446,8316,1292,8586,14257,6,1,1
15387,5961,4108,50,18405,17884,3026,18595,31730,59,1,1
15388,7434,6693,50,24517,23795,1863,24727,40767,86,1,1
15389,17132,15550,40,26290,24978,9328,26570,68630,167,1,1
15390,1934,571,40,20650,20478,8185,20800,31550,11,1,1
15391,2094,240,40,10350,10230,2825,10490,15709,5,1,1
15392,5851,3346,41,16922,16471,1412,17113,27762,49,1,1
15393,7324,6392,40,21791,21070,2134,22002,37892,85,1,1
15394,2825,311,40,18715,18585,14518,18855,36559,6,1,1
15395,5761,3036,40,20149,19708,7253,20329,36419,47,1,1
15396,4078,2014,40,12494,12153,2244,12664,21040,33,1,1
15397,7023,4419,50,17804,17283,1553,18004,31039,61,1,1
15398,6762,5250,40,22362,21721,1513,22573,36148,75,1,1
15399,3316,902,40,19868,19657,14197,20028,38493,17,1,1
15400,2625,912,40,19697,19487,12443,19848,35878,16,1,1
15401,7895,7905,40,17153,16341,1543,17383,34776,99,1,1
15402,7324,5801,40,16381,15710,2435,16591,32201,80,1,1
15403,6883,5220,40,21711,21090,1754,21911,35808,72,1,1
15404,2615,251,40,19086,18956,15470,19226,37622,5,1,1
15405,7224,3957,40,20058,19577,12163,20238,43632,52,1,1
15406,6021,4709,40,15920,15339,1262,16111,28163,66,1,1
15407,7544,5290,40,16341,15700,2194,16541,31609,75,1,1
15408,7194,5480,40,15950,15309,1893,16161,30758,75,1,1
15409,7073,4830,40,15559,14958,1934,15749,29636,69,1,1
15410,2214,230,51,19366,19256,16582,19517,38583,4,1,1
15411,16601,22553,40,6773,4919,15850,7093,62147,238,1,1
15412,5270,3356,40,20429,20007,13806,20609,43091,46,1,1
15413,6222,5851,40,21151,20478,1172,21351,34656,78,1,1
15414,6904,5550,40,21641,21000,1693,21841,36029,75,1,1
15415,2565,130,40,18405,18305,15900,18545,37180,1,1,1
15416,16581,23174,40,6943,5039,15449,7264,62518,244,1,1
15417,7524,5631,50,21721,21080,12975,21931,48101,76,1,1
15418,5450,4128,40,20810,20299,1302,21000,31930,58,1,1
15419,6372,5030,50,21571,21010,2675,21781,35888,66,1,1
15420,2415,210,40,18606,18485,16311,18756,37732,4,1,1
15421,16792,21741,50,6523,4739,13165,6853,58601,231,1,1
15422,4689,4088,40,22102,21611,11732,22282,42841,54,1,1
15423,8016,2655,40,9217,8847,14468,9387,34576,39,1,1
15424,16661,22202,40,25308,23474,18495,25649,83047,237,1,1
15425,1613,401,50,9208,9067,9969,9358,21381,8,1,1
15426,16541,22803,40,24567,22673,16641,24907,80933,243,1,1
15427,1472,120,50,18455,18375,16201,18615,36449,1,1,1
15428,16551,22232,40,6753,4899,15429,7074,61336,239,1,1
15429,7744,4920,40,20739,20158,13195,20929,46848,67,1,1
15430,6493,5510,40,17053,16422,1192,17253,30498,74,1,1
15431,7595,3316,40,14187,13756,1794,14377,27142,47,1,1
15432,7044,6141,40,21250,20569,1613,21461,36289,80,1,1
15433,4148,121,40,18455,18365,16812,18595,39726,1,1,1
15434,5310,3677,50,20168,19667,12133,20359,41529,52,1,2
15435,3958,2395,40,15158,14798,1382,15339,23114,38,1,1
15436,4769,1192,50,13376,13144,1593,13536,21130,21,1,1
15437,7214,6532,40,17052,16341,1563,17263,32612,84,1,1
15438,3416,1122,40,32091,31830,15179,32251,52028,20,1,2
15439,2355,1202,40,19357,19116,14698,19507,37822,21,1,1
15440,6171,5260,41,16250,15629,1133,16451,29065,72,1,1
15441,6713,4688,40,16751,16180,1923,16953,30327,66,1,1
15442,4147,561,40,12624,12463,1763,12774,19296,11,1,1
15443,5109,2024,40,33293,32953,14056,33464,54693,30,1,2
15444,7715,4038,40,20489,19998,8326,20679,40808,56,1,1
15445,3356,1232,40,13135,12874,2364,13306,20288,23,1,1
15446,6643,5631,40,15890,15239,2114,16090,30528,76,1,1
15447,3567,1382,40,15038,14788,4920,15199,25108,23,1,1
15448,4308,2194,50,20649,20329,3636,20839,31018,33,1,1
15449,7474,5951,50,17723,17042,1874,17934,33273,81,1,1
15450,6993,5009,40,21852,21271,2705,22062,36820,69,1,1
15451,3256,821,41,13615,13415,2155,13776,20048,16,1,1
15452,5911,3877,40,15068,14567,2735,15249,27812,56,1,1
15453,3316,1573,40,14267,13986,4669,14428,24046,26,1,1
15454,3737,2495,40,20970,20609,7474,21150,34906,38,1,1
15455,6993,5440,40,17393,16761,1693,17594,31770,74,1,1
15456,7304,5731,40,21641,21010,3567,21851,38493,75,1,1
15457,2905,812,50,10330,10129,2394,10490,16651,16,1,1
15458,6332,3146,50,10931,10510,1483,11121,22122,47,1,1
15459,8526,5491,40,74691,71145,4849,75362,95010,74,1,1
15460,34215,38443,431,74050,70574,2013,75143,149924,194,1,1
15461,13265,12213,80,39765,38183,3326,40216,69121,78,1,1
15462,11612,10540,80,41148,39916,2876,41528,66646,67,1,1
15463,11382,10439,80,34175,32952,1302,34566,57769,71,1,1
15464,13505,12614,80,26470,25077,2304,26871,55384,82,1,1
15465,2484,390,80,15800,15579,2264,16071,21300,4,1,1
15466,4609,2575,80,28725,28224,6532,29035,42841,24,1,1
15467,13095,9748,80,39925,38834,2164,40297,65394,66,1,1
15468,5580,4077,80,28213,27372,3908,28534,42200,34,1,1
15469,11041,8567,80,38483,37411,2635,38853,61186,60,1,1
15470,22753,22212,80,26420,24426,1383,26881,73319,129,1,1
15471,10170,7995,80,34886,33703,2374,35257,55886,58,1,2
15472,28163,30257,80,54003,51378,2144,54533,115188,173,1,1
15473,10480,9157,70,32371,31329,1253,32732,53712,62,1,1
15474,7194,3947,80,26941,26580,6462,27211,44885,33,1,1
15475,3477,1152,40,12163,11932,1903,12314,18886,20,1,1
15476,6031,3888,40,11642,11181,1232,11822,23013,55,1,1
15477,3968,2234,40,15810,15489,2425,15980,24647,35,1,1
15478,6723,2395,40,27662,27292,11342,27822,48322,35,1,2
15479,3456,2655,30,14457,14086,2204,14618,22993,41,1,1
15480,6543,3877,40,19427,18956,6773,19607,36850,56,1,1
15481,4499,1553,40,10380,10099,1563,10540,18185,27,1,1
15482,6582,4429,40,12223,11702,1203,12423,24677,62,1,1
15483,3156,1352,40,21951,21661,2645,22101,29305,24,1,2
15484,6582,4087,41,34355,33824,10369,34536,55625,59,1,2
15485,6112,3386,40,19086,18635,5681,19257,34486,51,1,1
15486,4399,1473,40,9518,9247,1773,9678,17373,27,1,1
15487,4018,1372,40,8517,8255,1182,8667,15289,25,1,1
15488,3787,741,40,7233,7043,1022,7374,12964,14,1,1
15489,3957,892,40,5771,5571,1012,5931,11832,18,1,1
15490,5891,4378,40,17773,17252,2946,17964,31209,63,1,1
15491,7394,2936,40,19256,18876,3316,19427,33123,43,1,1
15492,6582,7074,40,27231,26500,1202,27442,42360,92,1,1
15493,2906,120,40,7424,7344,2084,7574,12714,1,1,1
15494,3697,500,40,5380,5240,1002,5531,10770,10,1,1
15495,2776,701,40,7905,7715,1142,8055,12724,14,1,1
15496,4238,2074,40,11271,10941,2364,11441,20168,36,1,1
15497,7034,5190,40,15670,15078,1853,15860,29987,72,1,1
15498,6172,2044,40,18696,18375,3727,18856,30839,33,1,1
15499,9318,8185,40,20149,19327,1342,20369,39254,106,1,1
15500,4339,190,40,19397,19277,2294,19527,26400,4,1,1
15501,4118,401,40,7735,7584,1112,7875,13556,10,1,1
15502,2184,291,40,6652,6542,2524,6792,11842,6,1,1
15503,6553,4168,40,15660,15159,1332,15850,27943,60,1,1
15504,8245,5862,40,22783,22122,2044,22963,39164,81,1,1
15505,6312,1483,41,18154,17883,2194,18315,28354,27,1,1
15506,4739,1282,40,18976,18735,6733,19137,31941,22,1,1
15507,3857,1022,40,8056,7834,992,8206,14127,19,1,1
15508,6693,4739,40,12403,11852,1994,12593,26069,68,1,1
15509,7885,5390,40,16882,16241,2044,17082,32451,79,1,1
15510,6352,5641,40,21541,20910,1804,21731,35568,77,1,1
15511,3918,641,40,18275,18104,12313,18425,35347,14,1,1
15512,16741,19026,40,25538,23975,4399,25829,66045,210,1,1
15513,7564,6362,40,20279,19568,1052,20479,35497,87,1,1
15514,6392,5099,40,22042,21420,2575,22222,36339,74,1,1
15515,2685,511,40,18596,18445,11431,18746,33413,10,1,1
15516,2104,691,40,18705,18505,7835,18846,29526,15,1,1
15517,1723,110,40,25308,25207,741,25449,28053,1,1,1
15518,17654,11351,41,21711,20719,20268,21952,71255,129,1,1
15519,1383,310,40,10329,10199,10681,10480,22904,7,1,1
15520,3085,2355,40,15279,14939,7805,15449,28734,37,1,1
15521,7444,6201,30,16040,15359,2735,16241,32651,84,1,1
15522,14046,11172,40,23464,22452,10360,23694,59312,130,1,1
15523,1894,220,40,17965,17853,14377,18105,34636,5,1,1
15524,6593,5470,40,22713,22122,1232,22914,36249,73,1,1
15525,6593,4809,40,20389,19818,2144,20579,34175,70,1,1
15526,1793,150,40,17713,17623,902,17854,20739,2,1,1
15527,17553,12594,40,3998,2896,22412,4238,56837,144,1,1
15528,10119,8015,40,22172,21350,10059,22382,50616,103,1,1
15529,7004,6202,40,17112,16431,1072,17312,31640,85,1,1
15530,6843,5190,40,15289,14698,2345,15479,29907,72,1,1
15531,6432,5100,40,20469,19878,2004,20659,34245,71,1,1
15532,2765,111,30,17523,17433,12844,17653,33433,1,1,1
15533,2214,311,40,18145,18024,15549,18295,36419,7,1,1
15534,6272,5330,40,19878,19257,1192,20068,32902,77,1,1
15535,4749,3467,40,19337,18896,1984,19517,29767,52,1,1
15536,3236,371,40,17864,17724,15439,18014,37110,9,1,1
15537,14638,18164,40,24056,22462,13555,24346,70754,207,1,2
15538,4940,3296,40,14959,14518,1372,15119,24777,49,1,1
15539,6813,3577,40,13205,12734,1954,13385,25759,54,1,1
15540,6974,5901,40,19908,19247,1683,20098,34696,81,1,1
15541,2515,280,40,17774,17654,15189,17924,35948,6,1,1
15542,5841,5350,40,20078,19427,11311,20268,42821,75,1,2
15543,5320,2525,40,13466,13105,1853,13636,23374,40,1,1
15544,6542,2936,40,13245,12845,2004,13425,24957,46,1,1
15545,6782,5290,40,19417,18806,1903,19607,33643,74,1,1
15546,3466,812,40,19527,19347,15810,19687,39825,16,1,1
15547,4889,2575,40,18846,18485,11822,19016,38352,41,1,1
15548,3758,1442,41,12704,12443,2284,12865,20399,27,1,1
15549,4629,1903,40,12453,12163,1553,12624,20749,31,1,1
15550,6693,5240,40,16070,15469,1843,16261,30067,73,1,1
15551,3808,591,40,11782,11622,1664,11932,18055,13,1,1
15552,3046,411,40,18054,17924,15710,18204,37411,8,1,1
15553,15900,22884,40,6693,4859,17343,7013,63180,246,1,1
15554,9609,7113,40,20800,20058,12143,21000,49925,93,1,1
15555,4779,3397,40,15179,14718,1293,15359,24858,53,1,1
15556,4468,1062,41,12363,12143,1603,12514,19697,21,1,1
15557,7273,6342,30,18395,17693,1853,18596,34124,87,1,1
15558,2394,451,40,18486,18334,15479,18636,37000,10,1,1
15559,16492,22131,40,6562,4759,3456,6873,48993,242,1,1
15560,5951,4308,40,15750,15229,1463,15940,27692,63,1,1
15561,6162,3617,40,20268,19798,16821,20449,47089,55,1,1
15562,14417,17453,30,19817,18325,1133,20098,53141,198,1,1
15563,6503,5380,40,15900,15299,2285,16100,30298,74,1,1
15564,4048,411,40,11622,11472,1693,11762,17954,10,1,1
15565,5260,1082,40,18375,18154,16531,18535,41438,21,1,1
15566,3787,2926,40,14858,14468,2615,15028,24406,45,1,1
15567,6062,2835,40,18986,18585,11010,19157,39124,44,1,1
15568,4839,3326,41,13515,13074,1293,13696,23194,52,1,1
15569,5901,4609,40,14889,14348,2384,15069,28023,65,1,1
15570,3196,892,40,13155,12955,3898,13315,21331,17,1,1
15571,6513,4148,40,21972,21481,4158,22152,37031,57,1,1
15572,7164,5901,40,16051,15379,1963,16241,31309,83,1,1
15573,7665,6522,41,21260,20549,3817,21461,39515,88,1,1
15574,3116,942,40,10440,10230,1823,10600,16511,19,1,1
15575,6312,2735,40,9638,9268,1483,9808,20388,41,1,1
15576,5831,4107,40,14337,13816,2314,14528,26831,64,1,1
15577,3627,1453,40,13696,13436,4008,13846,22974,25,1,1
15578,6452,4449,40,20489,19978,2174,20679,33794,62,1,1
15579,7304,6101,40,16582,15911,1793,16782,32030,85,1,1
15580,7604,5861,40,20729,20088,1233,20919,35658,78,1,1
15581,3246,1152,40,10229,10009,2385,10380,17203,20,1,1
15582,6172,3045,40,9418,9007,1212,9599,20078,48,1,1
15583,5861,4569,40,14358,13797,1913,14548,26941,67,1,1
15584,4669,2094,40,14237,13917,4128,14407,25338,34,1,1
15585,6703,3998,40,20729,20228,5902,20919,37552,59,1,1
15586,7024,6021,30,16482,15809,1743,16672,31500,82,1,1
15587,6693,2755,40,19046,18686,9228,19216,37952,40,1,1
15588,5620,4839,40,14247,13676,1172,14437,26109,70,1,1
15589,6432,4639,41,12664,12103,1553,12835,25519,67,1,1
15590,3918,701,40,8316,8135,1513,8466,14638,14,1,1
15591,6131,4989,40,15640,15039,3947,15830,30938,73,1,1
15592,6132,3927,41,19987,19477,1693,20169,31981,60,1,1
15593,7294,6272,40,16632,15920,2154,16832,32602,88,1,1
15594,7073,4980,40,20519,19938,1964,20709,34766,70,1,1
15595,2956,711,40,8857,8667,2254,9007,14958,15,1,1
15596,5630,2555,40,8226,7864,1032,8396,17663,40,1,1
15597,6252,4018,40,11672,11161,1002,11852,23164,60,1,1
15598,3747,360,41,8275,8145,1553,8426,14136,8,1,1
15599,2906,681,40,12484,12304,4158,12624,20409,13,1,1
15600,5952,3707,40,19747,19266,4319,19927,33945,55,1,1
15601,7354,7334,40,18836,18185,6392,19036,40166,82,1,1
15602,2425,1272,40,18755,18505,4268,18905,26921,23,1,1
15603,2735,420,40,9368,9227,2134,9518,14858,9,1,1
15604,4298,722,40,7123,6943,1032,7274,13366,14,1,1
15605,6472,4198,40,11521,11021,1032,11713,23475,60,1,1
15606,2605,661,40,8836,8676,2645,8988,14949,12,1,1
15607,7685,4879,40,15009,14428,1873,15189,29666,69,1,1
15608,17203,9417,40,37230,36309,9238,37461,73369,114,1,2
15609,2264,1002,40,18125,17903,7214,18265,28805,19,1,1
15610,4228,1763,40,10430,10140,1413,10600,18054,31,1,1
15611,6382,3928,40,12313,11812,1243,12493,24086,59,1,1
15612,3406,1132,40,14267,14036,2805,14418,21811,21,1,1
15613,6212,2725,40,33463,33073,8656,33633,51287,40,1,2
15614,5370,2735,41,18905,18535,4770,19076,31981,41,1,1
15615,2595,250,40,7935,7814,8115,8076,19096,6,1,1
15616,9208,5109,40,7484,6913,2815,7675,24847,69,1,1
15617,2034,471,40,8025,7885,4107,8166,14838,9,1,1
15618,3797,210,40,6663,6542,1072,6803,11932,6,1,1
15619,3697,541,40,13686,13486,1533,13836,19657,13,1,2
15620,6682,4539,40,15690,15129,5150,15880,32291,67,1,1
15621,3627,1292,40,18215,17974,2284,18375,25628,23,1,1
15622,7444,5470,40,19437,18795,1734,19627,34335,78,1,1
15623,6222,2655,40,18545,18174,1483,18715,29135,42,1,1
15624,3126,160,41,7744,7654,1894,7885,13125,3,1,1
15625,3807,290,41,13024,12853,1032,13165,18344,6,1,2
15626,3958,1893,40,10930,10620,2175,11091,19167,33,1,1
15627,7223,6132,40,17093,16401,1853,17293,32541,85,1,1
15628,16591,11913,40,39856,38743,1032,40086,69682,141,1,2
15629,4087,561,41,17693,17523,2104,17834,24646,12,1,1
15630,4268,1373,40,7675,7414,952,7835,14478,25,1,1
15631,3367,1573,40,11822,11592,2666,11982,19628,22,1,1
15632,7564,6242,40,16271,15580,1824,16471,32141,87,1,1
15633,3387,2174,40,14407,14077,2585,14577,22753,36,1,1
15634,7133,6022,40,16501,15830,1933,16691,31830,84,1,1
15635,5310,1543,40,18165,17873,3667,18325,28905,29,1,1
15636,5540,2315,40,19807,19467,7835,19977,35717,38,1,1
15637,4298,1042,40,12393,12173,1683,12554,19627,21,1,1
15638,7745,6342,40,15901,15198,2304,16101,32552,88,1,1
15639,6392,5039,41,16882,16290,2054,17073,30618,73,1,1
15640,6532,4989,40,15669,15078,1794,15850,29225,72,1,1
15641,2104,160,40,17734,17634,13505,17874,33693,3,1,1
15642,1863,291,40,18104,17984,7765,18254,28213,6,1,1
15643,2735,711,41,12704,12513,2685,12855,19026,15,1,1
15644,7023,5260,41,15098,14497,1974,15289,29596,74,1,1
15645,6763,4729,40,21380,20809,2445,21560,35547,69,1,1
15646,1913,201,40,17744,17643,12664,17884,32712,3,1,1
15647,1964,420,41,18334,18194,9308,18485,30217,8,1,1
15648,7514,7314,40,16231,15480,1002,16441,32331,96,1,1
15649,7915,5701,40,15469,14818,2535,15649,31860,79,1,1
15650,6692,5060,40,20930,20329,2214,21130,35126,73,1,1
15651,3547,801,40,18696,18505,13786,18846,37020,16,1,1
15652,1753,331,40,18074,17944,11552,18224,31890,7,1,1
15653,6682,6122,40,20880,20189,1102,21080,35036,86,1,1
15654,6092,4568,41,19817,19246,1553,20008,32271,68,1,1
15655,2335,160,40,17874,17774,14457,18004,35016,3,1,1
15656,2756,811,40,18145,17954,12403,18295,34315,15,1,1
15657,3016,891,40,10319,10119,3397,10480,17824,18,1,1
15658,7034,5380,40,16652,16031,1402,16842,30708,76,1,1
15659,6863,5871,40,21891,21240,1503,22092,36369,81,1,1
15660,2635,401,40,18365,18235,15510,18515,37101,8,1,1
15661,16010,18505,40,23544,21942,12223,23826,70624,209,1,2
15662,2545,621,40,9629,9448,3757,9769,16752,14,1,1
15663,7003,5480,40,17794,17182,1623,17994,32141,76,1,1
15664,6663,5701,40,20719,20068,1934,20919,35247,81,1,1
15665,3146,722,40,18575,18395,16091,18725,38724,15,1,1
15666,15920,21792,40,6553,4769,15599,6873,60214,241,1,1
15667,7163,5641,40,21161,20528,13495,21361,47690,77,1,1
15668,4809,2975,40,14988,14567,1433,15149,24426,47,1,1
15669,7024,4117,40,13626,13125,1573,13806,26561,60,1,1
15670,6733,6032,40,16100,15429,1283,16300,30398,84,1,1
15671,7053,3918,40,13596,13105,1864,13776,26651,58,1,1
15672,2585,351,40,18134,17994,14979,18274,36249,8,1,1
15673,2315,691,40,18115,17934,12063,18265,33374,14,1,1
15674,5470,4198,40,15760,15229,1203,15950,26881,65,1,1
15675,6893,4108,40,13586,13065,1824,13776,26641,62,1,1
15676,6913,5821,40,20769,20118,1653,20970,35407,81,1,1
15677,2325,110,40,17874,17784,15209,18014,35708,1,1,1
15678,15920,21932,40,6522,4739,16811,6833,61556,241,1,1
15679,4588,2655,40,18986,18585,13556,19156,39986,44,1,1
15680,5350,3938,40,16090,15600,1302,16271,26891,57,1,1
15681,6723,5270,40,16091,15479,2214,16281,30538,75,1,1
15682,3938,551,40,11502,11352,1693,11652,17874,11,1,1
15683,3717,691,30,11942,11752,1684,12093,18215,15,1,1
15684,3897,1754,40,18766,18465,16120,18926,40727,30,1,1
15685,2344,361,40,17924,17784,12664,18074,33483,9,1,1
15686,4769,3788,40,14477,13986,1223,14657,24497,59,1,1
15687,4559,1673,40,12433,12133,1543,12584,20399,30,1,1
15688,6973,5871,40,16622,15950,1753,16812,31469,83,1,1
15689,2935,461,40,18135,17984,15379,18275,37100,10,1,1
15690,13886,17573,40,18134,16572,2966,18414,52880,203,1,2
15691,2916,1252,40,18425,18194,12724,18585,35508,22,1,1
15692,6272,6121,40,14999,14297,1122,15199,28764,86,1,1
15693,6532,4809,40,16061,15490,1753,16251,29385,69,1,1
15694,4037,662,40,11802,11612,1854,11952,18555,15,1,1
15695,6011,3156,40,19698,19297,5951,19868,35046,46,1,1
15696,7144,5911,40,16512,15840,1964,16712,31761,83,1,1
15697,6723,5310,40,20859,20238,2565,21050,35698,76,1,1
15698,3216,611,40,12434,12254,2064,12584,18515,14,1,1
15699,4689,2655,40,10119,9739,1253,10289,18936,43,1,1
15700,5410,4197,40,15108,14597,2434,15299,27382,62,1,1
15701,3737,1603,30,13947,13666,4478,14107,23975,28,1,1
15702,7354,4579,40,20760,20219,4358,20940,37281,65,1,1
15703,6913,5992,40,16521,15840,1894,16711,31560,83,1,1
15704,7414,5961,40,21261,20589,4168,21461,39054,83,1,1
15705,3296,962,40,12213,12003,2395,12373,19066,19,1,1
15706,8006,4899,40,15630,15059,2064,15820,30829,69,1,1
15707,2505,481,40,13095,12945,4038,13245,20309,10,1,1
15708,13305,9809,40,22012,21090,4308,22242,49694,119,1,1
15709,7053,5601,40,16120,15499,1924,16310,30938,77,1,1
15710,7253,5120,40,20439,19847,5070,20639,38122,72,1,1
15711,2295,150,40,16391,16291,12925,16531,31951,3,1,1
15712,16531,20970,40,19286,17583,21541,19597,78669,229,1,1
15713,3036,1844,40,29316,29015,6131,29476,40527,30,1,1
15714,10450,10570,40,17453,16461,2224,17684,40978,129,1,1
15715,7564,4479,40,20379,19838,6552,20559,39204,64,1,1
15716,7244,5871,40,15680,15019,1964,15880,31009,82,1,1
15717,6983,4579,40,20308,19757,4208,20498,36308,67,1,1
15718,2194,300,40,9227,9107,2295,9378,14207,7,1,1
15719,4318,882,40,8356,8155,1483,8506,15239,17,1,1
15720,5310,3838,40,11942,11462,1893,12113,23214,56,1,1
15721,3818,631,40,20298,20078,2023,20449,26981,14,1,2
15722,6592,4258,40,32121,31570,9108,32301,52319,59,1,2
15723,2164,752,40,17994,17804,9348,18134,30458,15,1,1
15724,1973,331,40,8977,8837,2525,9107,13996,7,1,1
15725,5320,2926,40,8416,8005,1082,8586,17954,46,1,1
15726,6372,5000,40,12003,11442,1423,12183,25028,68,1,1
15727,3937,651,41,8055,7865,1423,8196,14247,14,1,1
15728,3948,1503,40,13425,13155,3888,13585,22974,27,1,1
15729,6602,4349,40,28183,27623,6832,28363,46197,62,1,2
15730,6552,5441,40,16652,16020,2505,16852,31410,78,1,1
15731,6793,4258,40,20339,19818,2745,20529,34355,63,1,1
15732,3537,521,40,9348,9187,1583,9488,15179,11,1,1
15733,6572,4348,41,10630,10109,1092,10821,22883,64,1,1
15734,3136,1142,40,8426,8196,1303,8586,14207,22,1,1
15735,4749,2625,40,17894,17483,2284,18054,27773,45,1,1
15736,10099,4548,40,19857,19336,3346,20047,38082,64,1,1
15737,7794,5912,40,17283,16601,1733,17483,32982,85,1,1
15738,5851,2505,40,19327,18936,5080,19487,32973,42,1,1
15739,3216,611,40,9348,9178,1593,9498,14968,13,1,1
15740,6202,3546,40,10419,9929,1302,10601,21701,57,1,1
15741,2474,602,40,9197,9047,2706,9347,15169,11,1,1
15742,9037,5821,40,23445,22783,2284,23645,40827,81,1,1
15743,6432,5360,40,19356,18725,1292,19558,32682,78,1,1
15744,5470,1934,40,18385,18064,1673,18545,27682,34,1,1
15745,3587,812,40,8846,8646,2084,8997,15510,16,1,1
15746,4098,1132,40,8215,7975,961,8366,14607,23,1,1
15747,3747,381,40,6823,6693,1072,6973,12213,8,1,1
15748,7044,5169,40,23584,22963,2375,23795,38423,73,1,2
15749,7444,2404,40,18825,18475,2044,18986,30928,36,1,1
15750,7253,5831,40,19737,19086,1162,19928,34224,80,1,1
15751,5902,2104,40,18415,18084,2134,18575,28755,34,1,1
15752,3727,531,40,8085,7905,972,8235,13505,13,1,1
15753,3407,300,41,5179,5059,1193,5330,10280,7,1,1
15754,3116,531,40,7935,7764,1272,8076,13045,12,1,1
15755,6031,4628,41,18695,18134,2886,18866,32472,67,1,1
15756,6583,3587,40,28564,28103,3236,28724,42190,49,1,2
15757,7223,6413,40,19938,19216,2384,20138,36218,89,1,1
15758,2595,221,40,17603,17483,4910,17743,25499,5,1,1
15759,4248,1343,40,8246,7985,1092,8406,15149,26,1,1
15760,3386,1112,40,10861,10640,2194,11021,17753,21,1,1
15761,6823,5430,40,16571,15940,2345,16762,31400,77,1,1
15762,7534,5561,30,23344,22683,1383,23534,38062,81,1,1
15763,5199,751,40,17984,17784,2655,18134,26780,17,1,1
15764,5781,2946,40,20489,20068,7765,20669,37201,47,1,1
15765,3456,1363,40,18185,17934,4348,18345,27552,25,1,1
15766,7424,6582,40,21972,21260,2044,22162,38262,88,1,1
15767,14127,9177,40,23224,22332,9468,23445,56257,114,1,1
15768,1973,622,40,18154,17974,7905,18304,28834,13,1,1
15769,3577,1553,40,18264,17994,2294,18414,25889,27,1,1
15770,6111,4248,40,19737,19196,1763,19928,32090,65,1,1
15771,2003,151,40,17743,17643,12964,17874,33032,2,1,1
15772,6773,3396,40,19337,18906,9568,19517,39294,50,1,1
15773,4188,2034,40,13115,12804,2304,13275,21861,33,1,1
15774,7004,5199,40,15679,15098,2755,15881,30889,72,1,1
15775,6713,5630,40,21090,20449,1833,21290,35517,79,1,1
15776,2925,632,40,18515,18365,13245,18665,35517,12,1,1
15777,1873,290,40,17513,17383,9918,17654,29786,6,1,1
15778,3257,1292,40,12985,12734,2284,13145,20028,24,1,1
15779,6723,4298,40,14858,14317,2194,15038,28303,64,1,1
15780,6603,5560,40,20209,19567,1994,20409,34596,79,1,1
15781,3116,872,40,18565,18375,15991,18725,38754,17,1,1
15782,15940,21691,40,24096,22293,16010,24406,78087,235,1,2
15783,5611,4078,40,19657,19166,1293,19837,30859,57,1,1
15784,6683,3867,40,14858,14367,2405,15038,28044,59,1,1
15785,7063,5090,40,20259,19667,2414,20449,35066,72,1,1
15786,2395,210,40,17914,17794,15740,18054,36439,5,1,1
15787,17012,21211,40,23795,22031,14077,24105,76455,233,1,2
15788,4338,1943,40,14387,14066,2074,14558,22953,34,1,1
15789,6963,4138,40,13566,13055,1563,13736,26450,59,1,1
15790,6813,5621,40,21491,20850,1493,21681,35658,78,1,1
15791,2455,410,40,18264,18134,14879,18415,36209,9,1,1
15792,15910,22052,40,6643,4840,17964,6963,62929,244,1,1
15793,4509,2996,40,19457,19066,15710,19627,42892,45,1,1
15794,2174,211,40,8787,8677,2535,8927,13897,5,1,1
15795,4579,2114,40,11662,11321,1513,11822,20068,36,1,1
15796,7233,4309,30,13455,12924,1644,13635,26871,63,1,1
15797,6993,5761,40,15820,15169,1624,16020,30438,81,1,1
15798,7104,4077,40,13515,13014,1604,13685,26511,59,1,1
15799,2033,210,40,18054,17944,10931,18194,31429,4,1,1
15800,5972,3026,40,19096,18685,11181,19256,39485,46,1,1
15801,6012,4609,40,14818,14267,1202,15008,26881,67,1,1
15802,7344,2865,40,12964,12584,2014,13134,25408,44,1,1
15803,6693,5620,40,16841,16190,1342,17033,30738,79,1,1
15804,5851,2825,40,12604,12203,1452,12774,22943,44,1,1
15805,2264,301,40,18204,18084,15499,18345,36449,6,1,1
15806,15890,21852,40,6492,4719,13866,6802,58461,239,1,1
15807,4739,2545,40,19858,19487,13586,20028,40938,41,1,1
15808,17072,11742,40,44654,43572,6413,44895,80182,142,1,1
15809,2946,481,40,8536,8386,8286,8686,20449,11,1,1
15810,17272,22503,40,19678,17924,18144,19988,77937,234,1,1
15811,2665,401,40,11753,11622,1873,11903,16892,8,1,1
15812,4900,481,40,18104,17944,11211,18254,34876,11,1,1
15813,2044,651,40,18175,17994,12133,18325,33193,14,1,1
15814,4318,2665,40,14127,13746,1393,14307,22723,42,1,1
15815,3797,211,40,11562,11452,1693,11712,17443,5,1,1
15816,7103,6873,41,16651,15920,1804,16862,32682,91,1,1
15817,2515,110,40,17443,17363,15670,17583,35928,1,1,1
15818,11562,13115,40,16341,15109,2555,16591,43873,157,1,2
15819,2445,511,40,18675,18515,8597,18825,30418,11,1,1
15820,2375,761,40,11743,11552,2454,11893,17523,15,1,1
15821,6542,5380,40,15479,14848,1593,15680,29225,77,1,1
15822,2525,110,40,11252,11161,2534,11392,16601,1,1,1
15823,6823,1332,40,18916,18666,8747,19066,36028,24,1,1
15824,5911,4509,40,15800,15239,1974,15980,28424,68,1,1
15825,6242,2715,40,19076,18716,13094,19247,41348,39,1,1
15826,4979,3407,40,13496,13045,1252,13676,23364,53,1,1
15827,6181,4479,40,14758,14237,1673,14948,27321,64,1,1
15828,2073,351,40,12464,12334,4779,12614,19867,8,1,1
15829,2785,1743,40,19657,19377,2866,19817,27262,28,1,1
15830,6933,5641,40,23455,22813,2154,23655,38423,80,1,1
15831,2965,912,40,12414,12223,2785,12574,19286,17,1,1
15832,6502,4829,40,12954,12383,1473,13145,25999,68,1,1
15833,3707,641,40,7975,7795,1413,8125,13926,14,1,1
15834,2014,912,40,13015,12825,4248,13175,20389,17,1,1
15835,6732,4208,40,20469,19968,6512,20660,38142,60,1,1
15836,6783,5701,40,16662,16010,1853,16852,31239,81,1,1
15837,8005,6452,40,23475,22774,2896,23685,41068,87,1,1
15838,12173,5961,40,14408,13716,1072,14608,33854,85,1,1
15839,6462,4449,40,12283,11742,1614,12473,25048,65,1,1
15840,3868,270,40,7985,7855,1502,8126,13806,7,1,1
15841,3436,1423,40,13756,13516,3978,13916,22793,24,1,1
15842,6321,3967,40,19998,19507,3216,20178,33733,59,1,1
15843,5761,4318,40,15630,15109,2685,15820,28614,63,1,1
15844,6853,5330,40,20238,19627,2555,20438,35216,77,1,1
15845,3356,1042,40,12093,11873,2455,12253,19136,20,1,1
15846,7895,7765,40,13075,12264,972,13295,29967,103,1,1
15847,2966,831,40,12514,12334,3958,12674,20469,16,1,1
15848,6372,4148,41,27963,27422,3546,28144,42270,62,1,2
15849,7224,5500,40,15800,15168,2084,16001,30849,79,1,1
15850,7063,5230,40,20008,19397,2906,20198,35447,74,1,1
15851,3687,581,40,9027,8866,1994,9178,15490,12,1,1
15852,7093,4489,40,12945,12414,1423,13145,26190,64,1,1
15853,3737,331,40,8085,7945,1493,8235,13826,8,1,1
15854,6533,4208,40,15339,14808,3737,15519,30037,63,1,1
15855,7564,3657,40,19547,19086,1933,19728,32912,54,1,1
15856,7965,7635,40,25929,25138,1814,26139,43593,100,1,1
15857,2955,662,40,9718,9548,2565,9868,16080,13,1,1
15858,6593,4188,40,11291,10770,1413,11461,23715,61,1,1
15859,3597,390,41,6762,6632,1041,6913,11982,9,1,1
15860,5490,3597,40,16642,16161,2324,16812,28263,55,1,1
15861,7123,3968,40,33924,33384,10791,34104,56016,58,1,2
15862,4769,2185,40,18715,18375,6312,18875,32181,36,1,1
15863,3958,1292,40,9047,8816,1783,9208,16271,22,1,1
15864,3877,561,40,6773,6613,1032,6923,12443,12,1,1
15865,5350,1984,40,10239,9939,1523,10409,19316,32,1,1
15866,8285,8626,40,21441,20579,1022,21661,39655,111,1,1
15867,6251,2886,40,27673,27252,8546,27843,45576,43,1,2
15868,7264,6442,41,16250,15569,1894,16451,32101,86,1,1
15869,6352,3416,41,19046,18585,3526,19217,32561,53,1,1
15870,4949,1964,40,11302,10991,1673,11462,20098,32,1,1
15871,4298,1924,40,8827,8516,962,8987,16221,33,1,1
15872,3957,912,40,9899,9688,1734,10049,16702,17,1,1
15873,6963,4889,40,16963,16381,2484,17153,31539,71,1,1
15874,7073,3066,40,23865,23445,1774,24045,35998,45,1,2
15875,7033,6292,40,22142,21440,1402,22343,37120,87,1,1
15876,5561,1403,40,18154,17904,3166,18314,28484,26,1,1
15877,3838,160,40,7655,7554,1412,7795,13255,3,1,1
15878,3396,411,40,5311,5149,1222,5441,10530,10,1,1
15879,2836,671,40,7965,7795,1112,8125,12784,14,1,1
15880,6392,5321,40,18996,18375,2194,19196,33153,76,1,1
15881,5210,1021,40,17954,17723,1633,18104,26019,21,1,1
15882,7935,7264,40,20599,19818,1232,20799,37281,99,1,1
15883,3507,1172,40,18625,18405,9608,18776,33113,21,1,1
15884,4007,1093,40,7594,7354,952,7744,13856,23,1,1
15885,4057,2305,40,16511,16171,2435,16681,25518,38,1,1
15886,10640,12554,40,23925,22753,1042,24165,48452,154,1,1
15887,4088,551,40,17784,17613,3276,17934,25899,13,1,1
15888,6842,3666,40,19827,19326,6302,20008,36859,58,1,1
15889,3237,1382,40,12885,12614,2475,13035,20179,26,1,1
15890,6893,4759,40,15630,15039,2304,15810,29826,72,1,1
15891,6893,5330,40,20528,19897,1793,20730,34786,79,1,1
15892,2765,551,40,18155,17984,13666,18295,35327,11,1,1
15893,1583,200,41,17883,17773,8085,18025,27923,4,1,1
15894,2905,1122,40,14408,14186,3016,14568,21661,21,1,1
15895,6823,4428,40,15008,14467,2445,15199,28935,66,1,1
15896,6363,5229,40,21250,20629,2635,21441,35728,75,1,1
15897,2595,271,40,18204,18094,14017,18354,35277,6,1,1
15898,1923,471,40,18025,17863,12443,18165,33042,10,1,1
15899,7234,6673,40,20429,19697,1072,20639,35648,92,1,1
15900,6542,4769,40,21340,20759,1884,21531,34756,70,1,1
15901,2946,531,40,18074,17904,15890,18225,37632,12,1,1
15902,16722,19777,41,23965,22262,12263,24256,73068,222,1,2
15903,16892,8035,40,23464,22683,12744,23665,61397,98,1,1
15904,3626,1784,40,13696,13426,4799,13856,24105,28,1,1
15905,5180,2434,40,13816,13455,9718,13987,31359,39,1,1
15906,2926,2214,40,16371,16051,7635,16531,29346,33,1,1
15907,2044,191,40,17693,17583,14548,17833,34646,4,1,1
15908,15900,22683,40,6703,4860,14638,7013,60284,247,1,1
15909,4368,2986,40,20199,19778,12774,20379,40537,49,1,1
15910,6281,4038,40,14468,13967,1262,14648,26269,58,1,1
15911,7234,3677,40,14067,13586,2445,14247,27633,56,1,1
15912,7515,5700,40,20128,19467,1833,20329,35407,80,1,1
15913,2374,260,40,18285,18165,15279,18435,36399,6,1,1
15914,10810,12774,40,21751,20549,13786,22002,59422,155,1,2
15915,2254,511,40,10099,9939,2524,10240,15589,11,1,1
15916,6823,5090,40,18014,17413,1413,18204,31580,73,1,1
15917,7604,6362,40,21682,20979,1232,21882,37130,88,1,1
15918,2995,291,40,17974,17844,15440,18124,36880,7,1,1
15919,16432,21320,41,6432,4668,14117,6743,58652,237,1,1
15920,7775,6091,40,20799,20168,11893,21000,46799,78,1,1
15921,3948,1923,40,16090,15790,1553,16251,23725,31,1,1
15922,6012,1423,40,13115,12864,1563,13275,22333,25,1,1
15923,5310,3817,40,20308,19797,2876,20479,32532,59,1,1
15924,13165,5540,40,20388,19807,15890,20579,55224,72,1,1
15925,4909,2395,40,19036,18685,12634,19206,39184,38,1,1
15926,6062,4508,40,15249,14708,1233,15439,27282,66,1,1
15927,4319,931,41,12072,11872,1613,12233,19137,18,1,1
15928,7614,6372,40,20058,19346,1543,20259,35848,88,1,1
15929,1924,110,40,17583,17493,14146,17714,33944,1,1,1
15930,6332,3547,40,19627,19167,11812,19807,41549,53,1,1
15931,4589,2885,40,13967,13566,1343,14147,23004,46,1,1
15932,4949,1012,41,12143,11942,1603,12304,19898,18,1,1
15933,7454,5250,40,16281,15659,2134,16472,31370,76,1,1
15934,3907,1433,40,12073,11823,1593,12233,19216,25,1,1
15935,6132,1392,40,18535,18254,17944,18696,44204,27,1,1
15936,13716,16321,40,22914,21460,13215,23184,66486,188,1,2
15937,6963,6432,40,16111,15400,1152,16311,30898,88,1,1
15938,7083,5681,40,15109,14487,1323,15309,29436,78,1,1
15939,4228,872,40,12293,12083,1603,12433,19176,18,1,1
15940,3466,1283,40,31810,31530,18816,31960,55565,23,1,2
15941,2294,641,40,18044,17864,13655,18185,34825,14,1,1
15942,6653,5530,40,14879,14247,1142,15079,28444,77,1,1
15943,6111,4970,40,16451,15860,1974,16651,29736,72,1,1
15944,3457,671,40,12805,12624,4198,12955,21341,15,1,1
15945,6753,4137,40,20769,20268,5631,20960,37521,61,1,1
15946,7074,6031,40,16270,15599,1873,16472,31490,83,1,1
15947,8095,7134,40,21721,20960,4248,21932,41469,97,1,1
15948,3466,752,40,14567,14377,3808,14717,22783,15,1,1
15949,7193,5010,40,14127,13526,1843,14317,28423,73,1,1
15950,3096,671,40,12694,12514,4138,12854,20799,15,1,1
15951,5360,2184,40,19127,18775,12564,19287,39455,37,1,1
15952,7003,6142,40,16341,15660,1914,16541,31640,84,1,1
15953,6122,1683,40,18455,18165,13316,18615,39776,30,1,1
15954,2515,871,40,9347,9157,2285,9508,15229,17,1,1
15955,5120,2925,40,9608,9197,1333,9779,19197,46,1,1
15956,5852,4508,40,14909,14358,1863,15099,27352,66,1,1
15957,2876,781,40,12584,12404,4429,12744,20870,15,1,1
15958,5761,3968,40,21030,20549,3917,21210,34896,56,1,1
15959,6652,5551,40,16732,16111,2204,16932,31389,78,1,1
15960,7074,5931,40,20759,20108,3817,20959,37822,81,1,1
15961,4458,1583,40,11502,11222,1683,11662,19416,28,1,1
15962,3126,602,40,8566,8386,1463,8706,13947,13,1,1
15963,5671,3887,41,11341,10850,1834,11532,22964,59,1,1
15964,4168,892,40,8225,8025,1433,8375,14918,18,1,1
15965,3446,1383,40,13386,13135,3286,13546,21711,25,1,1
15966,6622,1804,40,18545,18254,15439,18715,42610,30,1,1
15967,3636,2175,40,14287,13946,2555,14447,22873,37,1,1
15968,5210,2214,40,20178,19848,12694,20348,40507,37,1,1
15969,5671,4689,40,14037,13476,1182,14227,25809,67,1,1
15970,6002,4228,40,11923,11382,1823,12103,24196,63,1,1
15971,3556,1223,40,14016,13796,692,14166,19687,20,1,1
15972,17193,16702,30,23284,21842,2415,23554,59914,191,1,1
15973,7154,5901,40,25679,25008,1773,25879,40757,85,1,1
15974,3116,591,40,9327,9157,2235,9468,15460,12,1,1
15975,6642,4429,40,11712,11191,1173,11902,24186,63,1,1
15976,3907,471,40,8005,7845,1482,8156,14056,10,1,1
15977,7134,5180,40,16351,15730,3537,16551,32442,76,1,1
15978,5931,3747,41,19867,19386,1764,20048,31520,56,1,1
15979,6963,6262,40,25929,25228,1653,26129,41057,87,1,1
15980,3718,631,40,9338,9167,1603,9468,15480,12,1,1
15981,6012,3667,40,10760,10299,1323,10930,21982,54,1,1
15982,3807,801,40,7293,7103,1022,7444,13135,17,1,1
15983,6102,4378,40,17994,17443,3858,18174,32562,66,1,1
15984,6833,3537,40,19497,19026,1854,19667,31931,54,1,1
15985,7364,6512,40,25509,24767,1583,25699,41208,92,1,1
15986,2505,171,40,8526,8426,2515,8656,13907,4,1,1
15987,4719,1843,41,14918,14618,1162,15079,22863,28,1,2
15988,3507,691,40,5731,5561,1012,5881,11151,14,1,1
15989,7615,7474,40,18856,18054,1202,19076,35407,102,1,1
15990,6372,3446,40,34465,34004,8115,34646,52619,50,1,2
15991,6482,2455,40,18635,18285,3777,18806,31560,39,1,1
15992,5710,2565,41,9918,9548,1553,10089,19957,41,1,1
15993,4007,1223,40,8797,8536,1262,8937,15479,24,1,1
15994,2465,411,40,11913,11772,3126,12063,18095,9,1,1
15995,7544,4890,40,16411,15830,3126,16601,32201,72,1,1
15996,6913,2605,41,18745,18364,1483,18906,29957,41,1,1
15997,7424,5841,41,19757,19086,1363,19958,34626,83,1,1
15998,4759,1022,40,17914,17694,1924,18074,25829,21,1,1
15999,4108,211,40,7384,7274,2585,7524,14458,4,1,1
16000,2575,110,40,4969,4879,1323,5100,9158,1,1,1
16001,3166,1512,40,15289,15018,3256,15450,23425,27,1,1
16002,5120,300,41,25127,24957,1784,25278,32512,7,1,2
16003,6973,5651,40,19898,19246,1533,20088,34295,79,1,1
16004,2395,170,41,18194,18094,8647,18335,29587,3,1,1
16005,3647,411,40,7164,7023,1002,7314,12414,9,1,1
16006,5741,3727,40,17824,17333,1964,18014,29486,59,1,1
16007,6693,5330,40,22713,22082,1823,22913,36800,78,1,1
16008,3257,451,40,17884,17733,12053,18034,33835,10,1,1
16009,14408,16270,40,24657,23224,5149,24938,60795,191,1,1
16010,3557,1413,40,12504,12253,2555,12664,20229,25,1,1
16011,6863,3818,40,14006,13525,2535,14186,27442,57,1,1
16012,7033,5671,40,18675,18034,1453,18865,33062,78,1,1
16013,6823,5501,40,16571,15960,1804,16771,30939,76,1,1
16014,2174,311,40,18164,18044,13426,18314,34275,7,1,1
16015,2324,541,40,18095,17954,8065,18245,29225,10,1,1
16016,3937,1512,40,12183,11912,2595,12344,20429,27,1,1
16017,7053,4979,40,15098,14517,2495,15289,29866,71,1,1
16018,6482,5070,40,20088,19477,1974,20278,33854,74,1,1
16019,13626,8506,40,22502,21671,9898,22723,54804,107,1,1
16020,1823,521,40,18144,17984,9648,18285,30327,11,1,1
16021,3477,1483,40,12784,12514,2585,12934,20539,27,1,1
16022,7454,6722,30,16050,15399,3918,16240,34375,80,1,1
16023,5991,5100,40,16471,15870,1843,16672,29636,74,1,1
16024,7284,6121,40,15049,14367,1343,15249,30037,84,1,1
16025,3156,661,40,18475,18315,16211,18625,38703,13,1,1
16026,14237,17513,40,23104,21562,15450,23384,70634,201,1,2
16027,6883,6532,40,20629,19908,1072,20839,35357,91,1,1
16028,6302,4579,40,19988,19447,2114,20178,33203,65,1,1
16029,3577,440,40,17623,17463,13586,17773,35417,11,1,1
16030,1994,682,40,17773,17583,11301,17924,31941,15,1,1
16031,6553,5861,40,22403,21741,1132,22603,36189,81,1,1
16032,5902,4618,30,20028,19477,1803,20209,32572,66,1,1
16033,13946,8926,40,22212,21350,14748,22433,60104,111,1,1
16034,2545,1022,40,18084,17864,15860,18234,37711,19,1,1
16035,7805,9127,40,3446,2515,2756,3677,23395,119,1,1
16036,5561,4328,40,19457,18936,1273,19647,30849,63,1,1
16037,5971,4779,40,21842,21250,2284,22022,35106,70,1,1
16038,2405,360,30,17844,17703,15089,17984,35878,8,1,1
16039,15890,21601,41,6492,4719,16762,6803,61086,238,1,1
16040,4769,3236,40,19417,18975,13225,19577,40857,49,1,1
16041,2184,311,40,9588,9468,2926,9738,15199,7,1,1
16042,6673,3827,40,16091,15590,1352,16271,28173,60,1,1
16043,7154,6061,41,19927,19236,2155,20128,35538,85,1,1
16044,2274,271,40,17974,17854,15239,18124,35958,6,1,1
16045,15800,19717,40,23494,21811,10510,23795,69862,220,1,2
16046,6111,4689,40,19287,18706,1232,19477,31549,69,1,1
16047,6713,5350,40,20279,19658,2024,20469,34606,76,1,1
16048,3457,290,40,18105,17974,11311,18255,33343,7,1,1
16049,2425,571,40,18105,17944,12664,18255,33955,12,1,1
16050,4628,3176,40,14607,14177,1322,14778,23955,49,1,1
16051,4178,401,40,12013,11853,1653,12153,18435,11,1,1
16052,6773,5129,40,16591,15980,1533,16792,30267,76,1,1
16053,4228,461,40,13005,12865,4008,13155,21882,9,1,1
16054,6101,2585,41,20448,20078,8036,20619,37381,41,1,1
16055,7544,4418,41,19446,18905,10190,19617,41819,63,1,1
16056,5651,4689,40,14397,13846,1203,14577,26180,66,1,1
16057,6582,5110,40,14768,14177,2265,14958,28975,72,1,1
16058,4879,1002,41,11912,11712,1643,12063,19637,18,1,1
16059,3797,1042,40,31149,30887,9648,31300,45817,18,1,2
16060,6542,2745,41,18965,18595,11030,19137,39494,41,1,1
16061,5931,5581,40,15068,14447,1122,15268,27943,78,1,1
16062,5991,4629,40,14698,14137,1423,14878,26981,66,1,1
16063,13145,14217,40,26410,25157,1493,26681,55576,165,1,1
16064,6923,5751,40,16852,16180,2314,17042,32071,82,1,1
16065,7293,5641,40,20960,20318,4489,21160,38623,80,1,1
16066,2374,481,40,11853,11712,2234,12003,17142,10,1,1
16067,7354,5039,40,15078,14497,2385,15269,30087,70,1,1
16068,3748,1563,40,14016,13756,4529,14176,24046,27,1,1
16069,5530,3296,40,20218,19797,7023,20399,36298,50,1,1
16070,7154,6061,40,17002,16321,1904,17203,32362,84,1,1
16071,7274,5611,40,20729,20098,3838,20919,37682,77,1,1
16072,3016,1252,40,10300,10059,2515,10460,17283,23,1,1
16073,6403,3296,40,9879,9428,1162,10039,20960,51,1,1
16074,5691,4358,41,14196,13665,1803,14388,26290,65,1,1
16075,2896,761,40,13546,13376,3757,13696,21160,14,1,1
16076,6873,4709,40,20830,20268,3707,21030,36369,69,1,1
16077,7915,6592,40,16401,15690,1382,16591,32542,88,1,1
16078,5932,2194,40,18756,18425,12684,18916,39786,35,1,1
16079,2194,521,40,9267,9107,2154,9408,14327,11,1,1
16080,4228,1022,40,8546,8315,1383,8697,15380,21,1,1
16081,5941,3928,40,12454,11963,2014,12634,24577,59,1,1
16082,3898,641,40,8516,8346,1443,8666,14698,14,1,1
16083,16341,18615,40,28123,26530,1323,28414,64723,211,1,1
16084,7013,5601,40,16441,15820,2535,16641,31840,76,1,1
16085,6873,5260,40,20509,19888,1683,20699,34565,76,1,1
16086,13406,5550,40,17053,16462,16541,17233,52780,72,1,1
16087,3647,1363,40,7454,7204,10801,7614,23475,24,1,1
16088,16431,18485,40,13215,11652,3307,13495,51768,209,1,1
16089,2525,892,40,8165,7975,9438,8325,21230,17,1,1
16090,7143,6462,40,9858,9167,6884,10049,30578,85,1,1
16091,4128,1934,40,13616,13295,3687,13786,23575,33,1,1
16092,6833,3747,40,20058,19567,5670,20239,36529,57,1,1
16093,7895,6512,40,20058,19346,1433,20259,36149,89,1,1
16094,7054,5039,40,21421,20859,9909,21611,43653,67,1,1
16095,5771,3366,40,11181,10740,1162,11362,21711,52,1,1
16096,6542,4649,40,11953,11402,952,12133,24326,66,1,1
16097,3546,161,40,7715,7614,1743,7855,13355,3,1,1
16098,6011,3467,40,14918,14458,2405,15098,27011,55,1,1
16099,6553,3226,40,33263,32823,9258,33433,52530,46,1,2
16100,4368,2214,40,19377,19037,9368,19537,35547,36,1,1
16101,3557,1212,40,9839,9588,1703,9999,16511,23,1,1
16102,6202,3596,40,10830,10359,1233,11010,22092,55,1,1
16103,3987,411,40,6903,6753,1072,7043,12563,10,1,1
16104,6973,4989,40,17974,17383,3707,18175,33894,73,1,1
16105,7334,3206,40,19627,19206,7785,19797,38172,48,1,1
16106,6873,6061,41,19206,18515,1753,19407,34134,85,1,1
16107,6793,4539,40,19357,18826,3015,19537,33934,63,1,1
16108,3227,661,40,8606,8436,2214,8756,14909,14,1,1
16109,4278,1202,40,8276,8016,992,8416,14938,25,1,1
16110,3867,361,40,6673,6533,1032,6823,12113,8,1,1
16111,3467,531,40,5550,5390,1052,5700,10790,13,1,1
16112,2034,922,40,14908,14698,842,15058,18886,17,1,1
16113,16722,16120,40,23134,21711,1883,23405,58180,188,1,1
16114,7404,6022,40,21080,20409,1433,21270,36189,84,1,1
16115,6423,3867,40,19317,18836,1353,19497,31190,56,1,1
16116,3286,180,40,9559,9447,1142,9699,14337,4,1,1
16117,4138,430,40,5400,5250,1002,5541,11171,10,1,1
16118,4027,260,40,7805,7675,952,7945,13245,7,1,1
16119,3417,1312,41,10650,10409,2515,10811,18095,23,1,1
16120,8226,5720,40,16942,16281,1603,17142,32722,81,1,1
16121,7124,5760,40,18825,18174,6913,19026,38864,80,1,1
16122,4008,661,40,17664,17483,1663,17814,24186,15,1,1
16123,5801,1713,40,18165,17873,2785,18335,28674,31,1,1
16124,3837,331,40,7113,6973,1533,7253,13014,8,1,1
16125,2635,110,40,5200,5120,1363,5340,9498,1,1,1
16126,3417,3416,40,24517,24145,2986,24677,34556,35,1,2
16127,7104,5901,40,20800,20138,2254,21000,36309,83,1,1
16128,4279,260,40,17634,17504,1713,17764,24066,6,1,1
16129,3407,931,40,18525,18304,7624,18665,30668,19,1,1
16130,3587,280,40,7113,6983,1052,7254,12223,7,1,1
16131,5881,3687,40,17232,16741,2365,17413,29386,57,1,1
16132,6503,5330,40,20839,20208,2314,21030,35217,77,1,1
16133,3447,531,40,18225,18055,12704,18375,35097,12,1,1
16134,1773,351,40,18545,18415,9498,18695,30357,8,1,1
16135,6522,5300,41,20288,19637,1142,20469,33483,79,1,1
16136,6913,5540,40,21420,20759,1904,21611,36018,81,1,1
16137,2265,170,40,17884,17764,13075,18024,33574,4,1,1
16138,1963,430,41,17933,17793,7814,18085,28323,9,1,1
16139,2685,631,41,12994,12834,4860,13135,21371,12,1,1
16140,7494,4779,41,17162,16581,1523,17353,31189,70,1,1
16141,6552,5070,40,20148,19547,2355,20338,34355,72,1,1
16142,2495,160,40,17774,17674,11081,17914,31690,3,1,1
16143,2154,952,40,18285,18084,10600,18435,32181,18,1,1
16144,7113,6723,40,20048,19357,1093,20248,35227,88,1,1
16145,6693,5340,40,21030,20419,1753,21230,35046,74,1,1
16146,2825,281,40,17643,17523,14999,17783,35938,7,1,1
16147,16571,21421,40,24025,22222,13927,24336,76295,238,1,2
16148,5901,4078,40,17974,17453,1313,18154,29496,61,1,1
16149,6562,4428,40,16080,15579,1323,16261,28614,59,1,1
16150,5811,4368,40,19637,19086,1813,19827,31870,66,1,1
16151,2525,491,40,18505,18355,15830,18645,37551,10,1,1
16152,13716,13235,40,22332,21090,12364,22593,61958,160,1,2
16153,6132,4809,40,19437,18856,1223,19627,31831,71,1,1
16154,6091,4549,40,19297,18756,2004,19487,32181,67,1,1
16155,2254,151,40,17844,17733,15289,17984,35718,3,1,1
16156,13937,16461,40,23034,21560,11292,23304,65054,191,1,2
16157,4859,3486,40,16601,16150,1303,16781,26480,52,1,1
16158,6683,1533,30,13426,13135,1523,13586,23365,28,1,1
16159,5430,4178,40,19377,18856,1844,19567,31049,62,1,1
16160,3957,1062,40,18154,17924,16662,18304,40026,20,1,1
16161,15900,22082,40,6623,4820,16211,6943,61186,244,1,1
16162,4458,2505,40,19517,19167,15390,19677,42080,37,1,1
16163,6773,6232,40,19828,19127,1102,20028,34175,87,1,1
16164,7164,5911,40,19968,19317,2124,20168,35417,82,1,1
16165,2635,361,40,17864,17724,15019,18004,36059,8,1,1
16166,2414,811,40,18074,17874,10980,18225,32481,17,1,1
16167,7024,6712,40,15649,14928,1202,15861,30839,91,1,1
16168,6533,3045,40,13124,12704,2144,13306,25068,48,1,1
16169,7053,4799,40,19457,18886,1744,19647,33293,69,1,1
16170,2174,160,40,18014,17914,16120,18155,36649,3,1,1
16171,9438,9027,40,20769,19828,11282,20990,50777,116,1,2
16172,4659,3396,40,15570,15129,1393,15750,25238,52,1,1
16173,6483,5320,40,16932,16331,2575,17132,31560,74,1,1
16174,4188,981,40,11742,11542,1643,11893,18755,18,1,1
16175,7034,2264,40,31460,31078,4759,31620,45727,37,1,2
16176,7343,3967,40,19678,19207,11431,19858,42660,57,1,1
16177,11031,3957,41,9377,8917,16642,9558,41228,53,1,1
16178,14848,18054,40,18796,17273,17082,19086,69100,203,1,1
16179,4428,1603,40,9067,8796,11171,9237,26480,28,1,1
16180,16020,19998,40,18836,17132,12573,19157,67788,227,1,1
16181,4709,1152,40,12173,11933,1613,12334,19838,23,1,1
16182,4428,1353,40,18375,18115,17283,18535,41639,25,1,1
16183,16562,21069,40,6382,4629,4218,6693,48582,235,1,1
16184,4859,3817,40,15559,15078,2425,15740,26871,57,1,1
16185,5901,2715,40,19006,18615,14478,19176,42310,43,1,1
16186,6191,5259,40,14868,14277,1172,15058,27732,73,1,1
16187,6181,4639,41,15639,15088,2385,15830,29075,67,1,1
16188,2916,711,40,12985,12805,4378,13135,21180,14,1,1
16189,6493,3366,40,20409,19948,3036,20579,33514,53,1,1
16190,7004,6001,40,16351,15700,1734,16551,31350,82,1,1
16191,7604,6122,40,21070,20389,4208,21270,39244,84,1,1
16192,3186,591,40,14027,13846,2104,14177,20108,13,1,1
16193,6202,4669,40,14828,14257,2385,15018,28314,69,1,1
16194,3447,1272,41,15529,15289,4238,15680,24687,22,1,1
16195,16131,10219,40,22392,21440,3948,22613,52951,121,1,1
16196,7133,6042,40,16661,15980,2154,16852,32231,84,1,1
16197,7575,5350,40,21090,20489,3827,21280,38072,74,1,1
16198,2996,1062,40,12003,11783,2585,12153,18836,19,1,1
16199,6373,4959,40,14488,13887,1933,14678,27993,73,1,1
16200,2775,711,40,12715,12543,4618,12865,21009,14,1,1
16201,3917,2235,40,19577,19246,6112,19747,32041,36,1,1
16202,6792,5501,30,16531,15890,1763,16722,30828,79,1,1
16203,7063,5921,40,21050,20368,5280,21250,39545,84,1,1
16204,3546,1573,40,10109,9838,1853,10270,17282,28,1,1
16205,3667,711,40,8476,8286,1744,8616,14778,15,1,1
16206,9749,10279,41,14006,13014,982,14247,35307,130,1,1
16207,3757,340,41,8055,7915,1463,8196,13796,8,1,1
16208,5140,3396,40,14678,14226,3527,14848,26951,52,1,1
16209,6743,4148,40,20158,19627,1964,20338,33243,63,1,1
16210,6362,4448,40,15790,15248,2474,15980,29305,66,1,1
16211,7093,5460,40,20289,19647,1483,20489,34576,79,1,1
16212,4819,1092,40,9157,8937,1894,9318,17163,21,1,1
16213,5651,3186,40,8567,8156,1082,8747,18706,48,1,1
16214,5391,3316,40,18415,17965,1633,18595,28975,48,1,2
16215,3156,782,40,13035,12854,3466,13195,20649,16,1,1
16216,6693,4208,40,33764,33234,6162,33944,51047,60,1,2
16217,7304,5150,40,25168,24537,1453,25358,39325,77,1,1
16218,2555,591,40,9618,9448,2155,9768,15099,12,1,1
16219,6482,4278,40,10971,10460,1132,11161,23083,61,1,1
16220,3166,1082,40,14137,13907,2705,14287,21280,21,1,1
16221,7534,2876,40,33574,33143,12393,33744,56587,44,1,2
16222,2475,1102,40,19788,19567,6843,19938,30408,20,1,1
16223,4549,1573,40,9839,9548,1493,9999,17654,28,1,1
16224,6222,4018,40,11482,10951,1012,11652,22944,62,1,1
16225,4198,1442,40,21801,21521,2054,21962,29686,25,1,2
16226,17403,10771,40,30308,29306,7915,30538,66677,126,1,2
16227,6242,5009,40,16250,15649,2444,16442,30167,72,1,1
16228,6662,3467,40,19086,18635,5751,19246,35176,51,1,1
16229,4368,1042,40,8637,8416,2224,8797,16461,20,1,1
16230,3868,451,40,7694,7534,962,7834,13175,10,1,1
16231,4168,270,40,6642,6512,1102,6783,12373,7,1,1
16232,3717,511,40,5491,5330,1072,5641,10991,12,1,1
16233,5501,3857,40,16752,16260,3026,16932,29366,57,1,1
16234,6562,2155,40,18425,18084,8406,18595,35758,36,1,1
16235,7324,6342,40,20108,19416,1944,20309,35949,85,1,1
16236,5500,2295,40,18555,18214,3316,18715,29876,37,1,1
16237,4468,651,40,7424,7253,1102,7575,13856,14,1,1
16238,3787,612,40,5600,5420,992,5740,11181,14,1,1
16239,2895,351,40,7715,7585,1503,7865,12654,8,1,1
16240,4820,2514,40,16120,15749,2174,16301,25849,42,1,1
16241,6372,2625,40,18986,18595,3076,19146,31279,42,1,1
16242,8216,7955,40,21400,20589,1282,21621,39124,104,1,1
16243,4348,391,40,17623,17483,2505,17773,25047,9,1,1
16244,4268,210,40,6983,6863,992,7124,12624,5,1,1
16245,8587,8385,40,21671,20809,1102,21891,40016,111,1,1
16246,6813,5320,41,22663,22041,2625,22864,37652,76,1,1
16247,6733,2124,40,18455,18145,2946,18625,30468,34,1,1
16248,4819,2826,30,20308,19908,5561,20478,33724,45,1,1
16249,3827,301,40,7154,7024,992,7304,12464,8,1,1
16250,6222,4358,40,18235,17683,2856,18415,31891,65,1,1
16251,8546,9197,40,22964,22152,1373,23174,42330,101,1,1
16252,3417,260,40,17704,17584,12514,17844,34085,7,1,1
16253,1743,220,41,17703,17603,7695,17844,27552,5,1,1
16254,3436,1643,40,14899,14628,2444,15059,22622,28,1,1
16255,6743,4729,40,16161,15590,1803,16351,29666,68,1,1
16256,5461,4388,40,20790,20239,2154,20970,33023,65,1,1
16257,2484,371,40,18455,18325,11733,18605,33223,8,1,1
16258,1372,321,40,18084,17964,7615,18234,27582,7,1,1
16259,3677,1343,40,10240,9989,2354,10400,17804,23,1,1
16260,5851,3516,40,16010,15539,1363,16190,26961,55,1,1
16261,6623,4719,40,20849,20268,1693,21040,34115,70,1,1
16262,2344,381,40,18395,18245,10230,18525,31540,9,1,1
16263,4479,2064,40,18665,18345,11542,18825,36960,34,1,1
16264,7344,6823,40,20649,19898,1082,20849,36148,94,1,1
16265,6292,5210,40,20920,20288,2254,21100,34916,76,1,1
16266,3005,391,40,17984,17834,15450,18124,37020,9,1,1
16267,16221,18014,40,24086,22533,11762,24376,70413,203,1,2
16268,5651,4639,40,17223,16662,1192,17413,28945,69,1,1
16269,6993,3877,41,15148,14667,1774,15329,28013,56,1,1
16270,6793,5290,41,24366,23755,1883,24567,38573,76,1,1
16271,3286,711,40,18275,18095,14898,18425,37360,15,1,1
16272,5892,3095,40,19266,18866,12544,19427,41008,44,1,1
16273,10100,2544,40,21450,21100,18335,21621,52650,39,1,1
16274,3637,1503,40,15069,14818,14437,15219,34846,24,1,1
16275,1083,230,40,8116,8005,7704,8256,17313,5,1,1
16276,16972,21892,40,23715,21912,24096,24015,87015,240,1,1
16277,4098,1914,40,20880,20569,1553,21040,28655,32,1,1
16278,5340,2706,40,20378,19998,13746,20539,42381,41,1,1
16279,5731,5069,40,19267,18695,1222,19467,31539,70,1,1
16280,5972,4709,40,19537,18966,1914,19727,32352,69,1,1
16281,2785,271,40,17693,17563,15410,17833,36339,6,1,1
16282,15880,22503,40,6753,4920,17393,7073,62889,248,1,1
16283,5169,3457,40,19858,19417,14387,20038,43101,52,1,1
16284,5470,4338,40,12153,11632,992,12334,23184,62,1,1
16285,6963,5411,40,16191,15589,1573,16381,30378,75,1,1
16286,6402,4930,40,19898,19296,1392,20088,32862,73,1,1
16287,2875,611,40,18365,18204,15520,18515,37571,12,1,1
16288,15950,22282,40,6612,4799,13185,6913,58380,244,1,1
16289,4107,2084,40,19006,18685,11502,19177,36920,34,1,1
16290,6923,6362,40,15780,15079,1062,15980,30377,87,1,1
16291,4930,1252,40,12334,12103,1593,12494,20309,22,1,1
16292,6482,5371,40,15940,15309,1693,16140,29726,78,1,1
16293,5290,661,40,11933,11753,1673,12093,19757,15,1,1
16294,2465,240,40,18344,18214,15449,18485,36680,6,1,1
16295,16171,20869,40,6823,5069,16411,7134,60635,237,1,1
16296,4559,2755,40,19758,19377,12513,19928,39795,43,1,1
16297,2775,601,40,12113,11953,2124,12263,17793,12,1,1
16298,4208,932,40,12023,11802,1653,12173,19006,19,1,1
16299,6863,5661,40,15530,14878,1663,15720,29947,80,1,1
16300,2615,531,40,29817,29617,14668,29967,47811,11,1,2
16301,2104,861,40,18374,18194,11612,18536,33163,16,1,1
16302,5961,5381,40,15179,14557,1142,15379,27893,77,1,1
16303,6171,4228,40,14678,14157,2154,14868,27472,63,1,1
16304,3697,231,40,11451,11331,1713,11591,17273,5,1,1
16305,6643,892,40,18034,17834,17814,18184,43583,18,1,1
16306,4649,4007,40,14648,14137,1744,14818,25268,56,1,2
16307,6442,3196,40,18886,18475,11181,19066,39926,47,1,1
16308,1513,161,40,10440,10329,551,10580,12845,3,1,1
16309,8386,6412,40,10930,10219,1011,11142,26991,89,1,1
16310,5380,3837,40,14568,14087,2505,14758,26530,58,1,1
16311,3357,1042,40,13285,13075,4419,13435,22303,19,1,1
16312,6202,4569,40,20859,20308,3476,21050,35347,67,1,1
16313,6953,6212,40,16281,15589,1924,16471,31610,85,1,1
16314,6843,5691,40,21010,20359,4048,21210,37822,80,1,1
16315,3476,1112,41,9999,9758,2044,10140,16832,22,1,1
16316,5671,2655,40,9458,9087,1273,9628,19257,40,1,1
16317,6903,5100,40,15710,15099,1944,15900,29897,75,1,1
16318,4238,1974,40,13816,13516,4047,13977,24296,33,1,1
16319,6723,3857,40,20249,19778,4298,20429,35347,55,1,1
16320,7214,5631,40,15790,15139,1853,15980,30738,80,1,1
16321,7615,5780,40,20619,19978,4298,20819,38543,79,1,1
16322,13746,14928,40,17162,15880,1082,17423,47239,169,1,1
16323,8126,5159,40,14387,13786,1703,14578,29606,73,1,1
16324,4880,2334,40,13816,13466,3738,13976,24968,38,1,1
16325,6403,4177,40,20288,19757,4268,20458,35357,62,1,1
16326,7043,5661,40,16010,15369,1593,16201,30558,79,1,1
16327,6742,5040,40,20429,19818,5030,20619,37481,74,1,1
16328,3106,912,40,9298,9097,2114,9448,15630,17,1,1
16329,4389,1072,40,8486,8256,1383,8646,15530,21,1,1
16330,7143,5240,40,11862,11241,1633,12053,26099,75,1,1
16331,3948,871,40,20740,20489,2084,20880,27833,18,1,2
16332,6863,3447,40,19788,19357,4258,19958,34576,50,1,1
16333,7043,5631,40,16481,15850,1744,16671,31119,77,1,1
16334,7555,4638,40,20198,19627,3256,20389,35868,69,1,1
16335,4608,1804,40,10149,9829,1774,10309,18545,33,1,1
16336,6974,3937,40,11081,10590,1052,11261,23264,57,1,1
16337,3977,511,30,8006,7844,1583,8146,14257,11,1,1
16338,2785,772,40,13085,12894,3787,13235,20639,16,1,1
16339,6021,3337,40,19477,19046,6292,19657,35347,50,1,1
16340,6603,5350,40,25589,24958,1222,25779,39004,78,1,1
16341,3566,1293,40,9969,9718,1713,10119,16751,23,1,1
16342,5952,5149,40,11331,10750,1183,11521,23846,71,1,1
16343,4248,962,40,7274,7044,1052,7424,13736,20,1,1
16344,2234,521,40,8887,8737,2645,9037,14487,11,1,1
16345,7895,5711,40,23595,22944,1964,23795,39415,81,1,1
16346,6763,5771,40,19297,18636,1763,19487,33824,81,1,1
16347,7074,3216,40,18635,18214,1443,18815,30578,48,1,1
16348,4629,1382,41,9818,9568,1263,9979,17303,24,1,1
16349,6352,3497,40,10590,10119,1423,10770,22072,54,1,1
16350,2555,110,40,6352,6262,1573,6482,10770,1,1,1
16351,7715,6843,30,18275,17534,1112,18475,34185,92,1,1
16352,6503,3556,30,29455,28964,7333,29627,47069,51,1,2
16353,6402,5480,40,17002,16381,2374,17203,31499,77,1,1
16354,6262,2615,40,18695,18305,4178,18855,31970,43,1,1
16355,3076,541,40,8426,8266,2165,8576,14408,13,1,1
16356,3878,1022,40,8276,8045,972,8416,14338,20,1,1
16357,3908,340,40,11802,11622,1192,11932,17423,8,1,2
16358,6352,4979,40,18205,17594,2415,18385,32191,73,1,1
16359,7183,2826,40,18946,18535,2334,19116,31489,45,1,1
16360,7404,6933,40,20369,19627,1463,20569,36419,94,1,1
16361,5149,2044,40,18265,17934,1533,18435,27201,35,1,1
16362,2916,381,40,10339,10209,1232,10490,15059,9,1,1
16363,3557,160,40,5240,5140,1012,5380,10149,3,1,1
16364,2635,361,40,7745,7614,1122,7895,12063,8,1,1
16365,5079,3337,40,17763,17323,2274,17944,28684,52,1,1
16366,6342,5190,40,37081,36429,4057,37271,52900,75,1,2
16367,3697,651,40,17714,17524,2745,17864,25007,15,1,1
16368,4789,692,40,7614,7434,962,7764,14267,15,1,1
16369,2735,631,40,9829,9648,3446,9969,16832,14,1,1
16370,7695,5881,40,17273,16612,2244,17473,33333,82,1,1
16371,6463,5310,40,16952,16321,1683,17152,30638,77,1,1
16372,6793,5971,40,16642,15971,1643,16842,31299,83,1,1
16373,5160,842,40,17914,17704,2365,18054,26481,19,1,1
16374,5029,2494,40,19828,19456,6883,19998,34445,41,1,1
16375,2354,120,40,10601,10489,9117,10731,22362,1,1,1
16376,16090,22273,40,26109,24266,10680,26430,75513,248,1,1
16377,5290,2454,41,10940,10600,6703,11101,25588,36,1,1
16378,5941,4478,40,17463,16932,4649,17654,32762,64,1,1
16379,3657,401,40,18044,17894,13104,18185,35397,9,1,1
16380,2745,1413,40,18976,18726,7715,19136,31059,25,1,1
16381,4489,1413,40,12764,12504,2435,12914,21311,26,1,1
16382,10460,10109,40,17293,16331,1012,17524,39165,126,1,1
16383,7585,6272,40,20749,20028,1423,20949,36269,89,1,1
16384,11371,6272,40,21661,21030,9348,21861,48892,78,1,1
16385,2615,1012,40,18245,18034,9007,18395,31079,19,1,1
16386,3035,1092,40,10470,10259,2525,10630,17333,20,1,1
16387,3657,1293,40,9197,8947,2094,9348,16442,23,1,1
16388,4708,2726,40,13566,13205,2264,13736,23474,41,1,1
16389,2926,1924,40,13616,13305,2404,13776,21090,33,1,1
16390,2925,1152,40,13345,13115,2525,13496,20148,20,1,1
16391,3226,622,40,18254,18084,14307,18405,36600,13,1,1
16392,2014,541,40,17754,17603,10300,17904,30799,11,1,1
16393,5901,5341,40,17944,17323,1132,18144,30568,77,1,1
16394,7214,4598,40,15419,14848,1443,15610,28905,68,1,1
16395,6072,4799,40,15008,14427,1943,15198,28063,71,1,1
16396,6793,4779,40,14788,14237,1844,14978,28444,68,1,1
16397,3025,581,41,17873,17713,14898,18025,36569,12,1,1
16398,15870,22062,40,23965,22132,14518,24276,76786,242,1,2
16399,6683,5891,40,20479,19817,1353,20679,34646,82,1,1
16400,2615,1744,40,18315,18024,2314,18475,25208,30,1,1
16401,2094,181,40,17813,17703,12984,17954,33273,4,1,1
16402,2024,451,40,17794,17633,13916,17934,34375,10,1,1
16403,6211,4349,40,19306,18765,1272,19497,31359,65,1,1
16404,6062,4258,40,15489,14968,2696,15679,28725,63,1,1
16405,7234,4368,40,13495,12974,1834,13676,27162,62,1,1
16406,2104,170,41,17903,17793,15659,18035,36028,4,1,1
16407,21711,13295,41,23354,22152,7684,23615,66335,157,1,1
16408,2655,712,40,12363,12183,2274,12513,18195,14,1,1
16409,7805,5000,40,14417,13846,1634,14617,29086,70,1,1
16410,6543,4538,41,20358,19807,1864,20539,33544,67,1,1
16411,2665,381,40,17724,17584,15058,17864,36028,8,1,1
16412,15830,21551,40,6553,4759,15900,6863,60174,241,1,1
16413,4488,3036,40,19667,19257,14136,19848,41558,47,1,1
16414,4268,2134,41,13435,13114,1964,13606,22012,35,1,1
16415,6793,3126,40,13405,12975,2165,13575,25709,49,1,1
16416,6542,4910,40,24035,23454,1784,24225,37491,69,1,1
16417,2074,181,40,17673,17573,15309,17803,35417,3,1,1
16418,5861,4940,40,19507,18886,11422,19687,41950,70,1,2
16419,1583,171,40,8686,8576,622,8826,11252,4,1,1
16420,13406,12273,41,18034,16892,1032,18285,45026,150,1,1
16421,6503,5770,40,16170,15519,2414,16371,31119,81,1,1
16422,4088,1122,40,12013,11773,1613,12163,19026,22,1,1
16423,14227,5711,40,21220,20609,13285,21410,54693,76,1,1
16424,2545,651,40,18104,17934,14157,18254,35658,14,1,1
16425,2996,1082,40,11532,11322,2014,11692,17824,20,1,1
16426,4909,982,40,12013,11813,1563,12173,19667,19,1,1
16427,6462,4769,40,15539,14958,1774,15740,28785,71,1,1
16428,2044,181,40,29325,29185,602,29475,32342,4,1,2
16429,17533,9999,40,3476,2515,27643,3707,58922,121,1,2
16430,9738,8196,40,20759,20058,12634,20959,51577,86,1,1
16431,6542,5230,40,14869,14267,1132,15059,28023,75,1,1
16432,6542,4809,41,15028,14457,2284,15219,28904,69,1,1
16433,3948,290,40,11482,11341,1714,11612,17624,7,1,1
16434,6593,1562,40,18475,18184,18114,18625,44945,29,1,1
16435,10059,9949,40,17393,16410,1443,17623,39114,122,1,2
16436,7183,4689,40,20309,19758,3998,20499,36419,66,1,1
16437,3106,932,40,11742,11532,2274,11893,18265,18,1,1
16438,6553,4739,40,14407,13836,2134,14597,28063,68,1,1
16439,4038,1673,41,13525,13255,4549,13686,23996,29,1,1
16440,3327,2154,40,20158,19818,4028,20318,29877,37,1,1
16441,6913,5931,40,16231,15559,1794,16431,31109,82,1,1
16442,6974,5320,40,21300,20689,5410,21500,39245,76,1,1
16443,3457,1403,40,15068,14808,2395,15218,22513,24,1,1
16444,7324,5982,40,14678,14036,1463,14878,29687,80,1,1
16445,3226,942,40,13235,13035,4478,13386,22072,17,1,1
16446,6212,3817,40,20539,20078,5010,20709,35798,54,1,1
16447,7204,6151,40,16521,15840,1703,16722,31830,84,1,1
16448,6823,4759,40,20348,19797,5080,20539,37241,67,1,1
16449,3316,1031,40,11722,11502,2565,11872,18836,19,1,1
16450,5731,3567,40,12584,12103,1884,12764,23996,57,1,1
16451,11993,13215,41,26580,25408,1062,26831,53151,154,1,1
16452,6983,5761,40,18505,17844,1714,18695,33203,82,1,1
16453,7134,5120,40,20288,19687,2465,20488,35247,74,1,1
16454,3546,652,40,9959,9778,2014,10109,16371,14,1,1
16455,6893,5080,40,12574,11993,1493,12764,26290,72,1,1
16456,4038,691,40,15600,15379,1713,15750,22222,14,1,2
16457,2705,1643,41,14086,13806,4419,14237,23054,29,1,1
16458,8486,6422,40,20990,20299,1323,21190,37471,86,1,1
16459,6873,5370,40,16963,16331,1984,17163,31430,79,1,1
16460,6673,5079,40,20178,19577,1964,20369,34125,73,1,1
16461,5700,3727,40,11712,11231,1032,11892,22392,56,1,1
16462,5922,3777,40,11933,11462,1272,12113,23134,56,1,1
16463,3797,421,40,7885,7745,1573,8035,13876,10,1,1
16464,3246,1403,40,13476,13215,3987,13636,22302,24,1,1
16465,5911,3376,40,19687,19216,4949,19868,34134,53,1,1
16466,6101,4679,40,18225,17654,1292,18405,30527,69,1,1
16467,7024,3516,40,19256,18805,6332,19437,36349,52,1,1
16468,2224,261,40,14607,14487,11912,14747,29185,6,1,1
16469,16060,19217,40,13025,11442,9919,13305,58541,211,1,1
16470,1422,401,40,7925,7775,7955,8065,17883,10,1,1
16471,7193,4659,41,8285,7784,4038,8466,24406,60,1,1
16472,1002,140,40,7965,7875,622,8105,9909,2,1,1
16473,14938,13616,40,18284,17042,1022,18545,48171,165,1,1
16474,6933,3857,30,33583,33072,12454,33763,57058,57,1,2
16475,2244,902,40,18235,18024,7875,18375,29436,17,1,1
16476,5280,1693,40,10119,9828,1242,10269,18535,28,1,1
16477,6141,4008,40,10109,9618,1463,10299,21961,59,1,1
16478,3426,1633,40,14537,14277,2665,14697,22462,26,1,1
16479,7544,3497,40,19337,18876,4749,19517,35347,53,1,1
16480,7204,5821,40,20098,19417,1473,20288,34826,83,1,1
16481,17042,13185,41,22121,20949,1452,22383,54112,155,1,1
16482,3336,561,40,8867,8707,1473,9007,14427,11,1,1
16483,4147,1563,40,8686,8406,1042,8857,15659,29,1,1
16484,3546,360,40,11883,11713,1022,12023,17012,8,1,2
16485,5590,4459,40,18595,18054,3777,18785,32651,66,1,1
16486,6102,2655,40,18866,18495,2695,19036,30538,41,1,1
16487,7203,6071,40,20519,19838,1303,20719,35337,85,1,1
16488,7464,2976,40,18635,18235,1793,18806,31079,45,1,1
16489,4379,671,40,7775,7595,1082,7925,14107,14,1,1
16490,4058,451,40,5450,5300,1012,5600,11171,11,1,1
16491,3406,1032,41,7634,7414,1072,7795,13345,21,1,1
16492,5750,3908,40,18335,17824,2465,18515,30678,61,1,1
16493,6562,2816,40,18675,18285,2855,18835,31109,43,1,1
16494,8206,7725,40,21250,20429,1323,21460,38754,103,1,1
16495,14187,14598,40,23585,22282,1693,23845,54373,171,1,1
16496,4378,962,40,9187,8977,971,9338,15689,18,1,1
16497,2275,410,40,9748,9608,2886,9898,15520,9,1,1
16498,7294,4919,41,15649,15078,2345,15840,30428,70,1,1
16499,6933,5881,40,21410,20759,2044,21611,36529,82,1,1
16500,4558,391,40,17684,17553,2405,17834,25228,8,1,1
16501,5731,2976,40,19838,19447,8446,20018,37201,44,1,1
16502,3977,1744,40,10450,10159,2054,10610,18445,31,1,1
16503,5630,3236,40,15820,15379,1402,15991,26309,50,1,1
16504,6853,5330,40,17142,16531,1684,17343,31260,76,1,1
16505,6432,5300,40,14538,13917,1513,14728,28033,76,1,1
16506,1954,110,40,17373,17293,12765,17513,32382,1,1,1
16507,1793,652,40,18074,17894,7705,18214,28414,13,1,1
16508,5160,2114,40,17603,17253,1773,17764,26851,36,1,1
16509,5761,4399,40,16932,16381,2194,17112,29516,66,1,1
16510,6452,4899,40,14146,13555,1793,14338,27542,72,1,1
16511,2244,291,40,18235,18115,12954,18375,33904,6,1,1
16512,1944,441,40,18014,17874,11091,18154,31680,9,1,1
16513,7785,7985,40,20800,19987,1032,21000,37852,103,1,1
16514,6613,4889,40,20769,20188,2725,20960,35227,71,1,1
16515,2104,381,40,17724,17593,10700,17874,31109,8,1,1
16516,5661,3436,40,19768,19316,8135,19948,37220,52,1,1
16517,3577,1242,40,12314,12082,3527,12474,20860,22,1,1
16518,7595,5119,40,15369,14748,2064,15550,30378,75,1,1
16519,6913,5711,40,20098,19447,1904,20298,34876,80,1,1
16520,3978,1452,41,18635,18364,16621,18796,40887,27,1,1
16521,9258,6893,40,20679,19898,15500,20869,52580,92,1,2
16522,5480,3798,40,14096,13606,1262,14267,24857,57,1,1
16523,6983,4138,40,14438,13927,2324,14628,28103,62,1,1
16524,5871,3998,40,14618,14107,1853,14798,26570,61,1,1
16525,6482,4889,40,14247,13666,2014,14438,27873,72,1,1
16526,2054,210,40,18145,18025,14888,18285,35467,4,1,1
16527,12343,10810,40,21471,20388,10990,21701,55895,136,1,2
16528,6242,5230,40,18174,17563,1163,18374,31039,75,1,1
16529,6462,3237,40,13375,12934,1864,13545,25158,51,1,1
16530,5511,4318,40,15259,14758,2215,15449,27543,61,1,1
16531,7364,4558,41,14176,13625,1412,14368,27752,67,1,1
16532,13656,5390,40,20339,19758,18254,20529,57869,70,1,1
16533,2425,952,40,17994,17784,16712,18154,38293,19,1,1
16534,10841,13435,41,4598,3336,2806,4859,31971,165,1,1
16535,4749,3567,40,14007,13546,3176,14187,25739,54,1,1
16536,6913,4499,40,14137,13606,1824,14327,27603,64,1,1
16537,7474,5982,40,21621,20960,1533,21811,36850,82,1,1
16538,2394,251,40,17844,17734,14828,17994,35507,5,1,1
16539,15951,22382,40,6673,4849,15630,6993,61006,246,1,1
16540,7414,5471,40,21200,20559,12233,21390,46558,78,1,1
16541,2044,390,40,9548,9408,2284,9699,14457,9,1,1
16542,7264,4638,40,16431,15890,1493,16622,30047,66,1,1
16543,6322,5039,41,20258,19637,1834,20449,33704,76,1,1
16544,2175,280,40,17904,17774,15530,18054,36089,7,1,1
16545,17363,21170,40,6362,4608,12754,6673,58000,235,1,1
16546,4609,2375,40,19507,19166,11702,19677,38403,38,1,1
16547,4399,2915,40,15089,14688,1613,15259,24226,45,1,1
16548,6743,5631,40,15550,14908,1473,15740,29637,79,1,1
16549,3727,551,40,11632,11452,1793,11772,17883,13,1,1
16550,4208,681,40,11782,11612,1683,11933,18545,14,1,1
16551,4709,1483,40,19146,18866,14498,19306,40026,27,1,1
16552,2224,180,41,17653,17533,8877,17784,29115,4,1,1
16553,2625,441,40,11883,11732,2174,12033,17303,10,1,1
16554,6402,3858,40,25398,24908,1743,25578,37621,54,1,2
16555,13014,7695,40,22262,21511,8776,22473,51988,95,1,1
16556,3346,2114,40,13866,13535,2395,14027,21932,36,1,1
16557,6292,3506,40,19346,18896,9648,19527,39024,53,1,1
16558,6593,6843,40,15820,15079,1002,16030,30508,93,1,1
16559,6212,4919,40,14929,14348,2905,15119,29215,71,1,1
16560,3396,151,40,12393,12293,2364,12533,18485,3,1,1
16561,6602,2775,40,19667,19276,14958,19838,44223,44,1,1
16562,6111,5100,40,15950,15339,1983,16151,29375,75,1,1
16563,6903,4939,40,20689,20118,13867,20879,46629,71,1,1
16564,16972,5440,40,11412,10791,17363,11602,51437,75,1,1
16565,3296,1533,40,10009,9719,12404,10169,27452,29,1,1
16566,16070,20339,40,16251,14598,5741,16551,58731,222,1,1
16567,4849,2615,40,8206,7825,11321,8376,27211,42,1,1
16568,16000,21250,30,16902,15119,13856,17202,68359,238,1,1
16569,3627,1653,40,14488,14207,4158,14648,24136,30,1,1
16570,6673,4148,40,20489,19978,3787,20669,35337,61,1,1
16571,7234,5821,40,16952,16301,2054,17152,32311,82,1,1
16572,7284,6061,40,21050,20368,3497,21250,38122,83,1,1
16573,3577,1362,40,10009,9758,2344,10170,17483,24,1,1
16574,5540,3186,40,9668,9237,1202,9849,19817,50,1,1
16575,5771,4178,40,14227,13696,2004,14407,26410,63,1,1
16576,3136,992,40,13175,12975,4429,13335,21942,18,1,1
16577,3407,1853,41,19346,19066,4659,19507,29476,30,1,1
16578,7193,5651,40,16071,15429,2194,16271,31349,80,1,1
16579,6823,5040,40,20509,19938,4419,20699,37041,71,1,1
16580,3076,911,41,9688,9498,2254,9849,16120,17,1,1
16581,4559,1282,41,8796,8566,1343,8957,16171,22,1,1
16582,5972,4879,40,14277,13706,1794,14477,27162,71,1,1
16583,3336,1162,40,13786,13545,3757,13936,22242,22,1,1
16584,16832,13906,40,23184,21982,2274,23435,56497,158,1,1
16585,6984,6201,30,16361,15659,1723,16552,31500,87,1,1
16586,6653,6412,40,20369,19737,3346,20559,37010,76,1,1
16587,3316,832,40,9398,9187,1983,9548,15719,17,1,1
16588,4138,271,40,7915,7785,1483,8055,13987,7,1,1
16589,5611,3637,40,11512,11041,1643,11692,22623,55,1,1
16590,2895,762,40,12944,12754,4037,13095,20839,16,1,1
16591,6201,3307,40,27452,26990,5140,27632,42310,50,1,2
16592,7624,5801,40,16271,15620,2425,16471,32361,80,1,1
16593,6983,4318,40,19838,19316,2745,20028,34104,63,1,1
16594,3006,651,40,9417,9227,2013,9569,15279,15,1,1
16595,5901,3357,40,10540,10109,1563,10720,21571,50,1,1
16596,4258,1182,40,8386,8146,1042,8546,15078,22,1,1
16597,3898,270,40,7805,7684,1493,7955,13656,6,1,1
16598,6793,4348,40,15439,14898,4258,15610,31059,64,1,1
16599,4429,1873,40,18885,18585,2154,19057,27563,32,1,1
16600,6733,5671,40,18936,18295,1834,19136,33414,80,1,1
16601,7624,4339,40,19797,19257,1983,19988,33964,65,1,1
16602,5841,2344,40,9979,9638,1352,10139,19727,37,1,1
16603,6592,3967,40,10170,9689,1182,10360,22142,58,1,1
16604,3116,942,40,7654,7434,1042,7805,12945,19,1,1
16605,6332,4569,40,17413,16862,1924,17593,30478,67,1,1
16606,7404,3768,40,19948,19457,3627,20128,34977,57,1,1
16607,6612,5741,40,18536,17873,1563,18736,32682,82,1,1
16608,7525,4989,40,19788,19206,2014,19978,34556,71,1,1
16609,2985,411,40,8647,8507,2234,8787,14467,9,1,1
16610,4018,621,41,14517,14327,1072,14668,20439,13,1,2
16611,3567,781,40,5621,5441,1122,5771,11291,16,1,1
16612,8907,9698,40,20129,19196,1042,20349,40046,120,1,1
16613,6472,3086,40,26640,26200,8506,26811,44915,45,1,2
16614,7645,6402,40,18726,18004,1152,18926,34175,89,1,1
16615,7574,4358,40,19366,18845,3196,19547,34725,62,1,1
16616,5390,4318,30,10199,9808,1433,10360,21551,43,1,1
16617,3436,772,40,11502,11321,1643,11642,17553,15,1,1
16618,2404,150,40,6522,6412,1633,6663,10890,3,1,1
16619,6031,5010,40,17493,16892,1413,17683,30167,72,1,1
16620,6061,2254,40,18475,18134,4599,18636,31600,36,1,1
16621,8636,4098,40,17493,16993,2053,17674,32511,59,1,1
16622,5340,1112,40,17974,17764,2935,18135,27562,20,1,1
16623,3917,281,40,9458,9338,962,9608,14818,7,1,1
16624,3426,411,40,5421,5280,1172,5571,10620,10,1,1
16625,3106,641,40,14097,13876,1553,14247,19607,14,1,2
16626,6051,4128,40,17042,16542,3967,17223,31419,61,1,1
16627,4619,651,40,17723,17543,1673,17874,24857,15,1,1
16628,6823,5821,40,21020,20359,1433,21220,35327,82,1,1
16629,12754,16110,40,26540,25138,5340,26821,61055,187,1,1
16630,4288,1192,40,7865,7614,992,8015,14528,24,1,1
16631,4118,2144,40,11412,11081,2415,11582,20299,36,1,1
16632,7505,6201,40,16811,16100,1993,17013,32772,88,1,1
16633,6642,5560,40,15269,14648,1754,15469,29456,77,1,1
16634,6653,5480,40,16471,15840,2014,16661,30859,77,1,1
16635,3968,1072,40,18024,17784,2805,18174,26059,22,1,1
16636,6903,4749,41,20919,20338,5080,21110,37882,69,1,1
16637,5150,2284,40,12864,12514,2294,13035,22803,38,1,1
16638,6472,4188,40,15349,14818,2225,15539,28464,64,1,1
16639,6923,5410,40,20239,19607,1933,20439,34735,78,1,1
16640,3126,271,40,17603,17463,13235,17733,34415,7,1,1
16641,1753,251,40,17904,17783,8165,18044,28243,5,1,1
16642,3957,1473,40,12314,12043,2214,12474,20168,27,1,1
16643,7153,5681,40,16502,15840,2424,16682,31990,80,1,1
16644,7003,5550,40,15750,15118,1623,15941,30177,77,1,1
16645,8907,6272,40,16091,15379,1493,16281,33013,87,1,1
16646,2635,511,40,18435,18285,14007,18585,35768,10,1,1
16647,2234,631,41,18014,17833,9708,18165,30778,13,1,1
16648,3146,1282,41,12473,12223,2545,12624,19637,24,1,1
16649,12263,13345,40,18094,16902,1032,18355,45035,157,1,1
16650,6812,5882,40,20379,19737,1362,20579,34685,80,1,1
16651,13375,7073,40,22432,21711,16021,22633,59142,91,1,1
16652,2134,652,40,18014,17844,13115,18164,34115,13,1,1
16653,5911,5430,40,21100,20468,1142,21301,33824,78,1,1
16654,6062,4819,40,21020,20459,2004,21210,34155,69,1,1
16655,3076,711,40,18024,17833,16251,18175,38253,16,1,1
16656,11070,13535,40,22081,20819,13946,22343,60935,161,1,2
16657,6652,5691,40,19728,19066,1132,19918,33443,81,1,1
16658,6031,4318,40,19487,18945,2284,19667,32351,65,1,1
16659,2174,281,40,18074,17954,602,18224,21311,6,1,1
16660,17674,9558,40,3256,2345,24898,3476,55656,117,1,1
16661,7154,4548,41,20338,19797,11382,20519,43653,65,1,1
16662,6402,6012,40,20098,19397,1092,20298,33844,86,1,1
16663,6152,4969,40,20790,20189,1713,20980,33864,72,1,1
16664,2785,271,40,18034,17904,15359,18174,36639,7,1,1
16665,15920,22323,40,8847,4769,11903,9147,59343,242,1,1
16666,21080,18415,40,25228,23685,7645,25518,72698,207,1,1
16667,14748,5310,40,16872,16291,17884,17062,55044,71,1,1
16668,3376,1232,40,10389,10159,11912,10549,27121,22,1,1
16669,16221,21150,40,18816,17043,6993,19116,63530,238,1,1
16670,942,141,40,7344,7244,611,7484,9218,2,1,1
16671,17443,13736,40,11582,10390,27592,11833,70644,156,1,1
16672,4388,2725,40,8135,7765,10190,8305,25639,40,1,1
16673,4488,3497,40,16652,16201,7614,16832,32461,52,1,1
16674,13375,7284,40,21030,20289,18114,21240,60053,94,1,1
16675,2174,460,41,17813,17663,15490,17964,36129,10,1,1
16676,12734,16591,40,5420,3947,2896,5701,37962,196,1,1
16677,6262,4959,40,19196,18595,1203,19387,31851,73,1,1
16678,6011,4309,40,19166,18635,2004,19346,31720,63,1,1
16679,2053,131,40,17794,17693,14627,17934,34785,2,1,1
16680,9398,9819,40,21170,20179,12384,21400,53051,125,1,2
16681,4649,3206,40,16902,16481,1433,17082,26420,49,1,1
16682,4489,1212,40,12233,12003,1583,12393,19717,23,1,1
16683,6372,5330,40,16100,15489,1714,16301,29757,76,1,1
16684,3927,1092,41,12243,12032,1803,12404,19266,20,1,1
16685,5610,932,40,18004,17784,17243,18154,41989,19,1,1
16686,13746,17413,40,23153,21621,19507,23435,74141,199,1,2
16687,6983,6362,40,14828,14146,1052,15039,29476,86,1,1
16688,6412,4990,40,15520,14909,2585,15710,29727,73,1,1
16689,5751,2164,40,12434,12103,1623,12604,22182,36,1,1
16690,2736,210,40,29676,29526,19867,29816,52690,5,1,2
16691,4698,2375,40,18746,18385,13535,18916,39584,41,1,1
16692,6913,6382,40,14908,14217,1062,15108,29515,86,1,1
16693,6252,4769,40,13797,13225,2264,13987,27332,70,1,1
16694,4028,1763,40,14056,13776,4058,14217,24126,30,1,1
16695,7263,4689,30,21029,20448,2033,21221,35256,70,1,1
16696,7153,5401,40,16511,15880,1674,16701,30989,77,1,1
16697,6011,2465,40,19167,18796,12634,19337,40477,40,1,1
16698,5250,4509,40,14878,14317,1193,15068,26060,67,1,1
16699,6182,4949,40,14698,14127,1853,14889,27923,70,1,1
16700,3056,922,40,13325,13125,4469,13475,21972,16,1,1
16701,4028,1833,31,19657,19336,3507,19808,29226,32,1,1
16702,6753,5671,40,16201,15570,2074,16401,30939,78,1,1
16703,6803,5370,40,20980,20349,3617,21170,37020,78,1,1
16704,3617,1233,40,12243,12013,2154,12403,19467,23,1,1
16705,5690,2706,40,9618,9237,1212,9788,19446,43,1,1
16706,7594,6663,40,14487,13756,1152,14688,30147,91,1,1
16707,3487,1032,40,13205,12985,4349,13345,22263,19,1,1
16708,7474,4970,40,20539,19998,4418,20729,37631,66,1,1
16709,7284,6022,40,16521,15840,2004,16721,32071,84,1,1
16710,6963,5150,40,20499,19888,5982,20699,38834,75,1,1
16711,4037,982,40,9288,9068,1914,9428,16401,18,1,1
16712,3697,160,40,7835,7734,1523,7975,13395,3,1,1
16713,6994,4198,40,13355,12814,3277,13545,28064,64,1,1
16714,3888,691,40,8136,7955,4368,8286,17273,14,1,1
16715,12143,12254,40,25989,24857,1132,26239,51808,149,1,1
16716,6712,4759,40,16010,15439,2184,16210,29906,70,1,1
16717,7063,5300,40,20409,19778,2805,20599,35817,77,1,1
16718,3577,952,40,10420,10200,2946,10570,18095,19,1,1
16719,6512,5330,40,11842,11221,1663,12033,25588,76,1,1
16720,4379,1653,40,14708,14417,2705,14858,23645,29,1,1
16721,7905,3276,40,33734,33284,14858,33914,59993,49,1,2
16722,5590,2194,40,18445,18114,8937,18616,35367,36,1,1
16723,2935,832,40,9247,9057,2074,9408,15289,17,1,1
16724,6533,3557,40,10460,10019,1533,10630,22303,51,1,1
16725,4329,1893,40,8847,8526,1123,9007,16402,33,1,1
16726,3307,210,40,7895,7785,1714,8035,13316,5,1,1
16727,5571,3958,40,15619,15119,4147,15800,29516,60,1,1
16728,6392,3837,40,20008,19507,1493,20188,31950,59,1,1
16729,6923,5480,40,19446,18795,1402,19628,33483,79,1,1
16730,6692,4389,40,19597,19046,2044,19787,32952,65,1,1
16731,3256,591,40,9078,8917,1663,9228,14778,12,1,1
16732,6152,3407,40,9999,9558,1272,10179,21050,51,1,1
16733,3807,812,40,7003,6813,1122,7153,12944,16,1,1
16734,5691,3506,40,17644,17182,3276,17824,30327,54,1,1
16735,16601,10290,40,21762,20800,1042,21982,49975,124,1,1
16736,8046,7404,40,19958,19166,1292,20168,36950,99,1,1
16737,7004,4578,40,19517,18986,1943,19708,33263,65,1,1
16738,3667,431,40,8616,8456,2104,8766,14998,10,1,1
16739,3847,732,40,12594,12403,972,12754,18345,16,1,1
16740,4318,1082,40,7233,7013,1032,7384,13866,20,1,1
16741,4048,1503,40,6111,5831,1142,6272,13015,28,1,1
16742,882,130,40,8056,7956,581,8186,9829,2,1,1
16743,15389,16471,30,20499,19096,7615,20769,60284,185,1,1
16744,3046,2134,40,16711,16391,7955,16872,30057,33,1,1
16745,7344,3446,40,19167,18726,6863,19337,37050,51,1,1
16746,6362,3066,40,18846,18435,4348,19026,32852,48,1,1
16747,4669,1542,40,9438,9157,1783,9588,17623,27,1,1
16748,4058,1272,40,7875,7644,1223,8035,14648,23,1,1
16749,4769,2435,40,16281,15940,2765,16451,26470,39,1,1
16750,6723,2675,40,18666,18295,1783,18836,30067,41,1,1
16751,7584,6633,40,20078,19357,1663,20288,36208,91,1,1
16752,4699,1513,41,18174,17893,3276,18325,27873,28,1,1
16753,3867,571,40,7224,7064,1283,7374,13155,13,1,1
16754,2956,120,40,4960,4870,1392,5090,9598,1,1,1
16755,8406,8757,40,27142,26220,1042,27362,45617,115,1,2
16756,6502,5090,40,20359,19758,2705,20559,34906,75,1,1
16757,6773,1403,40,18265,17994,1573,18425,28214,27,1,1
16758,2274,261,40,17894,17764,4318,18034,24937,6,1,1
16759,3687,240,40,7164,7054,1693,7314,12964,5,1,1
16760,3196,1402,40,15590,15339,2725,15750,23133,25,1,1
16761,6903,5981,41,19867,19196,1593,20068,34585,82,1,1
16762,3617,461,40,17784,17623,11001,17924,33043,11,1,1
16763,4809,2395,40,19567,19197,7114,19727,34095,39,1,1
16764,6672,5461,40,20429,19767,1152,20619,33954,81,1,1
16765,6583,4899,40,25368,24757,2455,25558,39525,73,1,1
16766,3106,501,40,17994,17834,13836,18144,35617,11,1,1
16767,6322,4899,40,19878,19327,7214,20068,38553,66,1,1
16768,2215,250,40,7324,7204,6843,7464,16822,6,1,1
16769,17133,21240,41,27141,25388,15369,27452,81234,235,1,1
16770,2294,461,40,9278,9117,11552,9428,23775,11,1,1
16771,4027,3377,40,19377,18956,7764,19547,34765,48,1,1
16772,3287,1072,40,18946,18735,11852,19106,35367,20,1,1
16773,1924,601,40,17994,17834,10140,18134,30849,12,1,1
16774,7404,7124,40,19858,19096,1042,20068,35688,95,1,1
16775,6412,4659,30,19798,19236,2054,19978,33153,68,1,1
16776,1633,110,40,17553,17463,561,17684,20038,1,1,1
16777,17613,10330,40,3467,2505,23755,3697,55455,125,1,1
16778,8787,6322,40,21230,20529,10560,21430,47149,87,1,1
16779,6101,5370,41,19597,18976,1152,19788,32471,75,1,1
16780,6342,5050,40,20750,20148,2013,20940,34385,72,1,1
16781,4068,891,40,17884,17673,15951,18034,38984,18,1,1
16782,1884,531,40,17724,17564,12644,17864,32983,11,1,1
16783,5801,4779,40,19817,19246,1193,20008,31841,70,1,1
16784,6312,5210,40,20288,19687,2064,20479,34115,73,1,1
16785,2685,301,40,18125,17994,15018,18275,36309,7,1,1
16786,2605,241,40,17633,17503,11692,17773,32361,6,1,1
16787,4569,3627,40,20809,20339,1303,20989,30528,55,1,1
16788,6482,5029,40,19778,19157,1493,19958,33023,75,1,1
16789,2335,230,40,17814,17694,15329,17954,35898,5,1,1
16790,15840,21862,40,6502,4729,13505,6812,58070,239,1,1
16791,8345,5740,40,20499,19897,11411,20680,46237,73,1,1
16792,2454,521,40,9278,9118,2174,9428,14607,11,1,1
16793,7254,5240,40,16852,16261,1222,17052,30818,74,1,1
16794,6693,5370,40,20850,20229,1543,21050,34706,77,1,1
16795,2234,131,40,17673,17583,14859,17813,35087,2,1,1
16796,15960,21360,41,6482,4719,17012,6793,61176,237,1,1
16797,8706,5721,41,20328,19697,12243,20509,47239,77,1,1
16798,6412,5180,40,15259,14668,1152,15459,28233,73,1,1
16799,6863,3005,41,13345,12934,2445,13516,25879,46,1,1
16800,6212,4869,40,19286,18725,1714,19467,32312,68,1,1
16801,2364,171,30,17874,17774,15930,18014,36519,3,1,1
16802,15860,22122,40,6582,4779,14889,6893,59824,243,1,1
16803,7204,4789,40,20018,19457,11111,20208,43362,69,1,1
16804,4699,3626,40,14708,14217,1262,14879,24516,56,1,1
16805,4739,1022,40,12183,11973,1613,12344,19748,20,1,1
16806,7223,6402,40,16040,15339,1363,16241,31279,87,1,1
16807,4438,561,40,30568,30358,2315,30698,38072,11,1,2
16808,5801,3326,40,20419,19988,4138,20599,33924,51,1,1
16809,2985,781,40,11923,11733,3837,12073,19727,16,1,1
16810,6412,4809,40,15149,14578,1563,15339,28163,69,1,1
16811,4128,411,40,11612,11462,1723,11752,18054,9,1,1
16812,2896,621,40,29887,29686,18445,30037,52049,12,1,2
16813,2614,821,40,18044,17844,14467,18185,36138,16,1,1
16814,3046,1062,40,12093,11862,2404,12254,18796,20,1,1
16815,6873,5010,40,15189,14608,2164,15379,29466,70,1,1
16816,3106,892,40,13245,13035,4138,13395,21561,17,1,1
16817,6963,3847,40,20679,20188,4940,20859,36660,58,1,1
16818,7815,5961,40,16672,15990,2084,16862,32762,83,1,1
16819,7354,6131,41,20999,20318,5160,21200,39885,85,1,1
16820,4679,2255,40,12494,12133,1783,12654,21421,39,1,1
16821,7534,5831,40,14217,13556,2034,14417,29856,82,1,1
16822,2816,781,41,13315,13134,4468,13466,21571,15,1,1
16823,3226,1833,40,19547,19236,4528,19708,29335,32,1,1
16824,10370,11822,40,26530,25408,1032,26781,50045,146,1,1
16825,3276,1493,40,11693,11431,2364,11853,19036,26,1,1
16826,5971,3958,40,12063,11552,1833,12243,24065,60,1,1
16827,3907,992,40,23535,23274,1743,23685,30387,20,1,2
16828,7685,4408,40,18986,18444,2194,19167,33504,65,1,1
16829,7544,6933,40,24105,23354,1553,24306,40387,94,1,1
16830,2114,180,40,13095,12985,2294,13225,17863,4,1,1
16831,3677,290,40,8006,7885,1503,8156,13656,7,1,1
16832,5791,4438,40,11371,10820,1664,11561,23485,65,1,1
16833,3636,551,40,8025,7875,1453,8175,13876,12,1,1
16834,4349,1573,40,13185,12904,3146,13335,22443,27,1,1
16835,6923,2385,40,18826,18465,14447,18996,42781,39,1,1
16836,3387,2134,40,13786,13445,2164,13956,21681,36,1,1
16837,5901,3046,40,19016,18595,12554,19186,40737,47,1,1
16838,5431,4658,40,18926,18375,1252,19117,30498,68,1,1
16839,6402,4619,40,11913,11362,1423,12103,24577,67,1,1
16840,2825,922,40,13285,13085,3817,13445,21059,18,1,1
16841,6282,2825,40,19688,19296,3737,19858,32742,44,1,1
16842,7374,6482,40,27222,26501,1443,27432,42761,90,1,1
16843,3637,1052,40,9498,9268,1924,9648,16321,21,1,1
16844,7253,4659,41,10640,10099,1002,10831,23775,65,1,1
16845,4028,390,40,8295,8155,1804,8436,14708,9,1,1
16846,6392,4308,40,15750,15209,2335,15940,29025,66,1,1
16847,7364,3617,40,19397,18946,3637,19577,34235,53,1,1
16848,7565,6141,40,19016,18304,1473,19217,34426,87,1,1
16849,6812,4238,40,19617,19106,2926,19797,33824,60,1,1
16850,3857,791,40,9077,8866,1593,9228,15509,17,1,1
16851,6322,4027,40,11572,11081,1042,11753,23194,58,1,1
16852,3957,661,41,15168,14958,1503,15309,21480,14,1,2
16853,5931,4359,40,16140,15589,3035,16321,29696,65,1,1
16854,6171,3898,40,19647,19166,1593,19827,31529,56,1,1
16855,7274,6222,40,19226,18525,1553,19426,34525,87,1,1
16856,7664,4990,40,19537,18966,1834,19727,34265,71,1,1
16857,14387,4799,40,17463,16922,4699,17643,41579,64,1,1
16858,5130,1413,40,14598,14326,3015,14748,24366,23,1,2
16859,2926,280,40,5350,5220,1172,5491,9909,6,1,1
16860,1273,400,41,14236,14096,641,14388,16742,9,1,1
16861,13726,14157,40,39385,38083,7374,39645,74932,166,1,2
16862,5901,2635,40,18826,18445,3447,18996,31019,42,1,1
16863,4689,481,40,8386,8246,1262,8536,15018,10,1,1
16864,3707,922,40,7955,7745,972,8105,13746,19,1,1
16865,3677,1683,40,15759,15469,2434,15931,23775,30,1,1
16866,6663,3166,40,18716,18295,1763,18896,30518,49,1,1
16867,7534,6793,40,20750,20017,2224,20960,37561,93,1,1
16868,5310,1223,40,18044,17794,1623,18194,26390,24,1,1
16869,3788,410,40,8536,8396,952,8687,13877,9,1,1
16870,2224,110,40,5070,4980,1463,5210,9057,1,1,1
16871,3557,2094,40,16602,16281,2485,18685,26871,36,1,1
16872,4528,351,40,7044,6903,982,7184,13105,8,1,1
16873,6763,4839,40,36920,36299,2024,37121,50777,71,1,2
16874,2415,350,41,18074,17944,8656,18215,29676,7,1,1
16875,4238,1183,40,7755,7504,951,7915,14327,23,1,1
16876,5450,3928,40,17513,17012,2134,17703,29245,59,1,1
16877,11231,13846,40,23815,22553,1182,24065,50365,165,1,1
16878,2044,111,40,17543,17453,14798,17683,34686,1,1,1
16879,5631,5400,40,20088,19428,7854,20288,39214,77,1,2
16880,5229,3517,40,18696,18234,1843,18876,29525,54,1,1
16881,6342,4598,40,20889,20308,1764,21080,33824,69,1,1
16882,3396,972,40,18856,18645,13526,19006,36950,19,1,1
16883,1793,631,40,18124,17964,8476,18275,29225,13,1,1
16884,3677,1773,40,17393,17092,2364,17554,25418,31,1,1
16885,6332,4990,40,19948,19347,2134,20138,33624,72,1,1
16886,2074,130,40,17543,17443,13466,17683,33393,2,1,1
16887,2394,892,40,18004,17794,9999,18155,31490,18,1,1
16888,7685,7063,40,20700,19938,1062,20900,36750,95,1,1
16889,6652,4980,40,19587,18996,2906,19777,34345,71,1,1
16890,2464,341,40,17934,17804,15029,18084,35978,9,1,1
16891,10069,11562,40,21561,20428,13235,21812,56728,144,1,2
16892,6362,5350,41,19176,18565,1192,19367,32321,75,1,1
16893,6382,4990,40,19607,19026,1894,19807,33113,72,1,1
16894,4749,581,40,18075,17914,17072,18225,40667,12,1,1
16895,15880,22533,40,6733,4900,18185,7043,63691,247,1,1
16896,9457,7074,40,21641,20900,15269,21841,53691,91,1,1
16897,11422,10971,40,17744,16702,1022,17974,41439,135,1,1
16898,7023,5070,40,15159,14548,1924,15349,29416,74,1,1
16899,6522,5170,40,19848,19237,1934,20038,33724,74,1,1
16900,2164,331,40,18124,17984,14257,18264,35056,7,1,1
16901,16902,22022,40,6663,4840,16972,6983,62919,246,1,1
16902,4469,2505,40,19707,19327,13326,19867,40217,41,1,1
16903,4649,3186,40,13626,13195,1303,13796,22984,49,1,1
16904,6603,3797,40,14267,13787,2224,14447,27122,57,1,1
16905,6242,4248,40,19567,19016,2164,19747,32451,65,1,1
16906,6592,4699,40,13907,13355,1643,14097,27081,67,1,1
16907,1944,200,40,17814,17713,602,17954,20750,4,1,1
16908,17854,11201,41,3646,2625,23093,3888,56066,132,1,1
16909,7654,5671,40,21421,20779,9548,21611,44534,78,1,1
16910,5650,4549,40,14538,13977,1182,14728,26149,68,1,1
16911,6632,3818,40,13706,13215,2355,13886,26741,58,1,1
16912,7414,6032,40,16441,15760,1764,16641,31881,83,1,1
16913,4338,1342,40,12123,11873,1603,12283,19597,25,1,1
16914,4468,170,40,17873,17763,16651,18015,39344,3,1,1
16915,4960,2314,40,19207,18855,12514,19377,39205,38,1,1
16916,6262,5751,40,21320,20699,1172,21521,34746,77,1,1
16917,6041,4499,40,16120,15580,2184,16301,29075,64,1,1
16918,2625,280,40,28835,28674,18165,28985,50085,6,1,2
16919,5060,2404,41,19547,19196,13245,19718,40477,39,1,1
16920,5160,3617,40,14107,13636,1303,14287,24417,57,1,1
16921,4739,1492,40,12273,11992,1643,12434,20348,27,1,1
16922,6322,4910,40,15509,14928,1623,15700,28605,71,1,1
16923,3848,681,40,11812,11622,1843,11963,18365,15,1,1
16924,6252,1162,40,18385,18154,11212,18545,37221,22,1,1
16925,2154,431,40,18295,18125,15630,18435,36700,11,1,1
16926,7594,8516,40,3166,2314,2995,3397,22552,110,1,1
16927,7194,6091,40,14307,13606,1272,14508,29105,87,1,1
16928,6352,4919,40,15049,14468,1874,15239,28434,70,1,1
16929,3918,431,40,11622,11482,1683,11772,17844,10,1,1
16930,4729,2264,40,32131,31749,13496,32291,52820,36,1,2
16931,2485,491,40,17743,17593,9087,17884,29987,10,1,1
16932,2254,451,40,11572,11422,2495,11712,16972,10,1,1
16933,6492,4669,40,14508,13957,2324,14698,28243,67,1,1
16934,3818,1322,30,13987,13726,4589,14137,23906,25,1,1
16935,3747,2365,40,20008,19647,2735,20178,29075,39,1,1
16936,7475,5660,41,15960,15299,1883,16151,31219,80,1,1
16937,6993,5230,40,20589,19988,3577,20779,36619,72,1,1
16938,3236,882,40,11692,11492,2274,11842,18274,17,1,1
16939,6423,5019,40,17123,16531,2204,17313,30999,72,1,1
16940,14107,16261,40,27312,25939,1633,27582,59633,182,1,1
16941,7074,5640,40,17132,16481,2315,17333,32402,81,1,1
16942,7764,5240,40,20909,20298,3096,21090,37230,74,1,1
16943,14277,4969,40,10490,9949,17833,10681,47810,66,1,1
16944,3718,1442,40,6222,5961,8537,6372,20129,25,1,1
16945,16943,20418,40,15729,14056,17663,16031,71085,223,1,1
16946,1553,481,40,7835,7695,7564,7985,17633,10,1,1
16947,16983,19687,40,16411,14748,9658,16712,63080,223,1,1
16948,14347,16411,40,27692,26260,1032,27973,59803,190,1,1
16949,7324,5941,40,16561,15900,2304,16762,32371,82,1,1
16950,7013,5461,40,20870,20239,2164,21060,35758,78,1,1
16951,3166,832,40,9668,9468,1983,9809,15850,16,1,1
16952,3958,871,40,8446,8235,1432,8597,14888,17,1,1
16953,5310,3297,40,11562,11111,2004,11742,22383,51,1,1
16954,4358,451,40,8216,8056,1473,8366,14678,10,1,1
16955,7143,5220,41,15910,15309,3276,16111,31800,75,1,1
16956,7364,4829,40,20719,20158,1533,20910,34686,68,1,1
16957,6422,5320,40,17192,16571,2575,17383,31750,75,1,1
16958,7163,5521,40,20329,19707,2024,20519,35287,76,1,1
16959,4539,1593,40,9618,9318,1673,9778,17643,31,1,1
16960,6382,4248,40,11021,10500,1032,11201,22913,61,1,1
16961,4509,1202,40,8366,8126,1503,8516,15790,22,1,1
16962,1814,190,40,12113,12003,591,12253,14898,4,1,1
16963,17182,17423,40,23705,22212,3637,23995,62288,200,1,1
16964,7575,5901,40,25418,24737,1352,25619,40487,84,1,1
16965,1823,130,41,8405,8305,551,8547,11091,2,1,1
16966,9928,7445,40,10189,9388,1072,10399,28874,101,1,1
16967,5621,4338,40,12965,12474,1533,13145,24677,56,1,1
16968,8817,9047,40,26971,26049,1072,27201,46167,117,1,1
16969,6883,5411,40,19126,18485,1764,19316,33424,78,1,1
16970,5440,2084,40,18565,18245,1543,18725,27842,34,1,1
16971,3577,862,40,9718,9498,1623,9859,15981,18,1,1
16972,6322,3517,40,10530,10069,1252,10710,21841,53,1,1
16973,3015,1303,40,20970,20688,2996,21120,28494,22,1,2
16974,6923,3427,40,27262,26821,3356,27432,41188,47,1,2
16975,6893,6392,41,16501,15810,1964,16702,31991,86,1,1
16976,7966,4488,40,19517,18976,1523,19697,33724,64,1,1
16977,3566,882,40,8617,8426,1743,8777,15018,17,1,1
16978,4498,1202,40,7664,7434,972,7825,14527,22,1,1
16979,3787,972,40,7124,6903,1022,7274,13085,19,1,1
16980,3727,1022,40,5761,5531,1042,5911,11752,20,1,1
16981,5009,3647,41,17192,16741,3527,17373,29616,54,1,1
16982,7144,3406,40,19127,18676,3146,19297,33043,51,1,1
16983,7444,6011,40,19978,19307,1273,20178,34937,84,1,1
16984,6793,3246,40,18906,18465,1743,19066,30908,49,1,1
16985,3226,110,40,6833,6743,1543,6963,11902,1,1,1
16986,3797,391,40,5340,5190,1002,5480,10720,10,1,1
16987,3015,281,40,7494,7364,1072,7645,12043,7,1,1
16988,7685,7905,40,18996,18184,1012,19216,35858,104,1,1
16989,6412,2605,40,23956,23565,3146,24126,36329,39,1,2
16990,8496,7775,41,20078,19296,2635,20289,39245,100,1,1
16991,3898,160,40,17493,17383,2514,17634,24246,3,1,1
16992,3947,461,40,7094,6943,962,7244,12654,10,1,1
16993,2595,511,40,9779,9619,3106,9919,16191,11,1,1
16994,7254,5971,40,16852,16191,2245,17062,32572,83,1,1
16995,7043,5651,40,16471,15810,1532,16662,30928,80,1,1
16996,6873,6102,40,18655,17964,1964,18855,33824,84,1,1
16997,7073,3337,40,18866,18435,2264,19036,31770,49,1,1
16998,4268,1714,40,20308,20028,3236,20468,29726,28,1,1
16999,3697,110,41,6452,6352,1703,6593,12153,1,1,1
17000,7153,5521,40,18816,18174,1943,19016,33673,79,1,1
17001,6422,5290,40,20589,19968,2896,20779,35437,75,1,1
17002,2284,241,40,18365,18245,14758,18495,35828,5,1,1
17003,6091,4178,40,19527,19036,7213,19718,37240,58,1,1
17004,5210,3176,40,18705,18264,2164,18876,29486,51,1,1
17005,6422,5080,40,20038,19437,2435,20228,34205,74,1,1
17006,3086,1052,40,18585,18365,14347,18745,37270,20,1,1
17007,7474,5160,40,20389,19757,7304,20569,40567,77,1,1
17008,7094,7063,41,27291,26530,1092,27492,42791,95,1,1
17009,6262,4949,41,20518,19937,2404,20709,34365,71,1,1
17010,1924,190,40,17854,17754,621,17994,20779,4,1,1
17011,17453,13165,40,4198,3035,17302,4439,52419,152,1,1
17012,4859,3106,40,19958,19547,10179,20128,38312,46,1,1
17013,6162,5630,41,24736,24095,1282,24938,38062,80,1,1
17014,6292,5049,41,14928,14337,2374,15119,28874,73,1,1
17015,7223,5401,40,14898,14297,2004,15098,29756,75,1,1
17016,2225,260,40,18075,17954,14818,18215,35568,6,1,1
17017,10891,12173,40,21831,20649,12123,22072,57309,151,1,2
17018,6382,6052,40,20930,19918,1012,21130,34626,84,1,1
17019,6403,4939,40,20599,20008,1653,20799,33844,73,1,1
17020,2795,150,40,17673,17573,14959,17814,35758,3,1,1
17021,15970,22122,40,6642,4819,17874,6953,62969,244,1,1
17022,4589,2495,40,19096,18726,14438,19266,40828,40,1,1
17023,6833,6292,40,20248,19557,1092,20448,34705,87,1,1
17024,6031,4619,40,19898,19347,2074,20078,32852,67,1,1
17025,2475,481,40,18195,18045,15339,18345,36680,10,1,1
17026,15890,21411,40,6513,4739,13255,6833,57429,239,1,1
17027,4839,2766,40,19587,19186,12263,19757,39665,44,1,1
17028,4839,3145,40,18014,17593,1333,18184,27563,47,1,1
17029,7103,4869,41,14216,13666,1633,14398,28053,67,1,1
17030,6843,5871,40,14588,13957,1263,14788,28805,79,1,1
17031,7033,4489,40,13776,13245,1613,13956,27141,64,1,1
17032,2856,401,40,18024,17874,15179,18164,36640,9,1,1
17033,15900,21451,41,6622,4809,17183,6933,61517,243,1,1
17034,5080,3597,40,19777,19337,14137,19957,42821,52,1,1
17035,5661,4709,40,15018,14457,1192,15209,26821,67,1,1
17036,7334,3767,40,13526,13045,1793,13706,26650,57,1,1
17037,6873,5621,40,21250,20579,1663,21440,35637,81,1,1
17038,2735,240,40,18185,18074,15409,18325,36759,5,1,1
17039,16531,21040,41,6432,4668,14067,6743,58421,237,1,1
17040,4759,4589,40,20068,19647,18074,20238,47700,47,1,1
17041,16922,6222,40,18986,18354,16852,19187,59223,79,1,1
17042,3237,1412,41,12844,12594,13536,12995,31230,23,1,1
17043,7053,3757,40,25879,25397,1543,26060,38463,54,1,2
17044,4088,461,40,11742,11582,1714,11892,18185,11,1,1
17045,2756,190,40,17634,17533,15770,17774,36530,4,1,1
17046,16111,21931,40,6562,4769,17743,6883,62709,242,1,1
17047,7424,3386,40,19237,18795,13576,19417,43843,51,1,1
17048,4889,3827,40,14368,13886,1242,14548,24556,57,1,1
17049,4639,932,40,12013,11792,1593,12173,19367,19,1,1
17050,6372,5170,41,15158,14557,1834,15359,28775,74,1,1
17051,2404,321,40,29877,29717,18245,30027,51047,7,1,2
17052,2574,1122,40,18645,18415,12945,18805,35497,22,1,1
17053,7414,6473,40,14758,14047,1032,14968,29917,88,1,1
17054,5931,4118,30,14367,13837,2334,14548,26961,62,1,1
17055,4509,771,40,12002,11802,1724,12153,19197,16,1,1
17056,5100,1232,40,18405,18184,16591,18566,41519,21,1,1
17057,7123,5390,40,15950,15339,1623,16151,30337,76,1,1
17058,5931,2435,40,18755,18385,12894,18915,40226,41,1,1
17059,2405,711,40,11612,11441,2364,11763,17293,14,1,1
17060,6713,5130,40,14307,13696,1523,14497,27913,74,1,1
17061,3287,861,40,13576,13375,3928,13716,21852,16,1,1
17062,5962,3787,40,20449,19968,3286,20629,33694,56,1,1
17063,6843,5250,40,15960,15349,2124,16150,30427,75,1,1
17064,6772,5471,40,22813,22182,4008,23003,39294,76,1,1
17065,3487,691,40,9849,9658,1954,9999,16161,15,1,1
17066,5591,2605,40,9578,9218,1263,9748,19247,40,1,1
17067,5942,4378,40,14007,13466,2374,14187,26941,64,1,1
17068,2996,671,40,13185,13004,4679,13326,21732,14,1,1
17069,3557,1833,40,19888,19617,5531,20048,31009,28,1,1
17070,6672,5530,40,16431,15790,1863,16622,30738,79,1,1
17071,7223,5381,30,20599,19988,2765,20789,36198,74,1,1
17072,4188,1853,40,11632,11342,2504,11793,20388,30,1,1
17073,8296,8355,40,15028,14187,962,15249,32912,107,1,1
17074,3477,1402,41,13705,13455,3827,13867,22613,25,1,1
17075,7073,4869,40,20649,20068,3997,20830,36809,69,1,1
17076,7074,5901,40,16060,15429,1783,16261,31069,78,1,1
17077,6993,4759,40,20308,19747,4689,20499,36970,68,1,1
17078,3767,791,41,9327,9137,1904,9478,15980,16,1,1
17079,3647,591,40,8326,8146,1593,8476,14337,13,1,1
17080,6041,4198,40,11753,11232,1843,11933,24055,62,1,1
17081,3907,271,40,7825,7705,1513,7965,13706,6,1,1
17082,7133,5270,40,15960,15349,4168,16161,32772,76,1,1
17083,3507,1723,40,18976,18686,2836,19136,27252,30,1,1
17084,6633,5831,40,16441,15790,2205,16641,31370,82,1,1
17085,7334,6041,40,20649,19988,1853,20850,36128,83,1,1
17086,5430,4258,40,11712,11161,1012,11893,22643,65,1,1
17087,6232,4087,40,19687,19196,1884,19878,32121,59,1,1
17088,3977,381,40,8005,7865,1483,8145,14036,8,1,1
17089,3226,1192,40,13556,13336,3958,13716,22132,22,1,1
17090,6863,4118,40,19978,19457,5090,20168,36279,63,1,1
17091,7184,5740,40,19747,19096,1323,19948,34235,82,1,1
17092,7264,4658,40,19877,19316,3817,20069,35868,69,1,1
17093,3457,992,40,9438,9227,2605,9588,16702,18,1,1
17094,6392,4017,40,10751,10250,1162,10921,22543,58,1,1
17095,3176,772,40,13956,13766,2655,14106,20749,15,1,1
17096,6082,1723,40,18556,18255,10409,18716,36970,30,1,1
17097,4058,3106,40,15960,15540,2083,16141,25418,49,1,1
17098,6071,3857,40,19517,19026,5550,19698,35226,59,1,1
17099,4899,1833,41,9437,9137,1352,9599,17733,31,1,1
17100,5891,3667,40,10380,9919,1092,10560,21270,55,1,1
17101,3176,1012,30,9428,9218,2625,9578,16431,19,1,1
17102,5089,3397,40,22703,22242,2265,22873,33674,53,1,1
17103,4118,1653,40,11152,10851,1643,11312,18766,30,1,1
17104,6843,5851,40,16301,15670,1984,16501,31229,80,1,1
17105,5040,2394,41,18735,18374,1523,18896,27893,38,1,1
17106,4920,2074,40,9698,9368,1443,9858,18345,35,1,1
17107,3917,1193,40,7995,7755,972,8145,14267,22,1,1
17108,3717,531,40,6973,6803,1011,7113,12413,12,1,1
17109,3627,451,40,5460,5310,982,5600,10710,10,1,1
17110,3156,2444,40,16741,16371,2404,16902,24957,40,1,1
17111,6783,3246,40,19147,18706,2785,19327,32181,50,1,1
17112,7354,5951,40,21311,20629,1413,21511,36269,83,1,1
17113,5952,2124,40,18375,18034,1503,18545,28164,37,1,1
17114,2755,110,40,6993,6903,1242,7134,11301,1,1,1
17115,3717,191,40,5150,5039,1042,5290,10270,4,1,1
17116,3427,381,40,7314,7173,941,7464,12243,9,1,1
17117,5190,3576,40,17703,17222,1954,17874,28644,56,1,1
17118,7344,2735,40,18755,18364,1754,18926,30789,42,1,1
17119,8446,7665,40,21420,20609,1522,21621,39314,102,1,1
17120,3677,441,40,28935,28765,3487,29075,36720,9,1,2
17121,7835,8065,40,15309,14478,1203,15509,32672,105,1,1
17122,7004,4879,40,15399,14818,2255,15579,29757,70,1,1
17123,7163,5971,40,21060,20368,1673,21261,36098,85,1,1
17124,6933,1282,40,18796,18535,2144,18956,29365,25,1,1
17125,5150,2755,40,19848,19457,6753,20008,34716,43,1,1
17126,3366,170,41,6742,6642,1463,6883,11942,4,1,1
17127,7524,5120,40,19697,19086,1483,19887,34054,75,1,1
17128,6703,5370,40,21892,21261,1753,22092,35968,78,1,1
17129,2755,331,40,18164,18034,13516,18314,34966,8,1,1
17130,2004,441,40,17704,17564,7845,17854,28184,10,1,1
17131,4138,1834,40,12834,12514,2044,12994,21060,33,1,1
17132,7094,4618,40,15659,15088,2225,15840,29837,69,1,1
17133,7003,4469,40,19196,18656,2204,19387,33103,66,1,1
17134,2836,721,40,18505,18315,13706,18645,35948,14,1,1
17135,1844,881,40,18365,18164,9729,18515,31019,16,1,1
17136,1814,320,40,9077,8947,2555,9217,13957,7,1,1
17137,7714,5180,41,17092,16461,1323,17283,31550,77,1,1
17138,6683,5320,40,20609,19978,1664,20809,34516,78,1,1
17139,2284,331,40,18335,18205,8416,18485,29546,7,1,1
17140,6142,2955,30,19547,19136,11211,19718,40056,46,1,1
17141,12013,4328,40,15740,15239,16552,15910,48863,58,1,1
17142,3247,470,40,12694,12533,5681,12845,22283,11,1,1
17143,2054,360,40,7675,7544,8576,7825,18855,8,1,1
17144,16942,21170,40,24266,22533,17223,24576,79962,233,1,1
17145,2795,711,40,18445,18244,15900,18585,38042,15,1,1
17146,15921,21941,40,6692,4869,14828,7013,59734,246,1,1
17147,8667,6111,40,21641,21010,12954,21842,49634,79,1,1
17148,7655,7604,40,21140,20339,1172,21341,37822,101,1,1
17149,12283,9568,40,22483,21530,1052,22713,45656,122,1,1
17150,2866,721,40,18556,18374,15850,18706,38183,14,1,1
17151,15870,21932,40,6633,4819,14277,6953,59082,244,1,1
17152,4529,2935,40,19246,18855,12594,19417,39535,44,1,1
17153,3797,1242,40,13797,13545,2304,13947,21350,23,1,1
17154,6562,3417,40,12804,12373,1633,12984,24626,50,1,1
17155,6051,4629,40,20158,19598,1973,20339,33042,67,1,1
17156,2294,171,40,17553,17433,14658,17693,34846,4,1,1
17157,16231,21010,40,6402,4639,12023,6702,56016,236,1,1
17158,9498,7094,40,21451,20739,9157,21661,47460,90,1,1
17159,6091,5160,40,20099,19486,1212,20279,32802,73,1,1
17160,5982,4779,40,20259,19708,1613,20449,32873,67,1,1
17161,1984,120,41,17603,17503,14588,17744,34466,1,1,1
17162,16792,21431,40,6502,4709,13315,6813,58381,240,1,1
17163,4679,3497,40,19837,19367,12112,20018,40346,54,1,1
17164,6161,4759,41,14958,14377,1172,15149,27291,70,1,1
17165,6582,2996,40,13305,12894,1874,13485,24967,48,1,1
17166,6482,4869,40,18816,18245,1763,19006,32160,70,1,1
17167,2695,621,41,19196,19026,711,19337,23404,12,1,1
17168,17433,11812,40,3967,2875,29877,4218,63380,143,1,1
17169,9438,6732,40,22242,21551,12724,22433,51367,84,1,1
17170,5019,3517,40,14518,14067,1302,14688,24566,51,1,1
17171,4989,1433,40,12334,12063,1563,12484,20529,27,1,1
17172,6573,5310,30,15409,14798,2114,15599,29636,74,1,1
17173,3777,1342,40,12363,12093,1603,12513,19286,26,1,1
17174,3977,1963,40,19207,18885,17233,19367,42591,33,1,1
17175,9588,8657,40,21120,20219,15329,21340,54964,112,1,2
17176,4258,2344,40,13355,12994,1473,13516,21651,39,1,1
17177,4588,1323,40,12183,11913,1563,12333,19847,26,1,1
17178,6703,5561,40,15700,15059,2204,15890,30408,79,1,1
17179,3387,872,40,30267,30027,17734,30407,52450,17,1,2
17180,2695,962,40,18084,17874,12324,18234,34255,18,1,1
17181,2345,921,41,9387,9177,2195,9538,15039,17,1,1
17182,6923,5080,40,11272,10681,1032,11462,24557,72,1,1
17183,5731,4628,40,15249,14708,2434,15420,28263,64,1,1
17184,4599,671,40,11823,11643,1763,11983,19046,15,1,1
17185,7054,2775,40,19968,19587,8857,20138,38884,44,1,1
17186,6061,4679,40,15610,15038,2004,15800,28594,70,1,1
17187,7524,6212,40,21561,20860,1673,21761,37220,88,1,1
17188,3186,500,40,14998,14848,3337,15149,22213,11,1,1
17189,5851,3106,40,9929,9498,1213,10109,20309,49,1,1
17190,7534,5480,40,14217,13595,1593,14408,29065,76,1,1
17191,4329,1943,40,14016,13706,3958,14177,24467,33,1,1
17192,7143,5571,40,21040,20409,2084,21240,36078,78,1,1
17193,6743,5360,40,16611,15990,2034,16802,30979,76,1,1
17194,6833,5560,40,21080,20428,4578,21271,38302,80,1,1
17195,3277,1162,40,13405,13185,2544,13555,20579,20,1,1
17196,5480,3336,40,10069,9618,1172,10240,20278,53,1,1
17197,6271,4299,40,14768,14227,2214,14948,27792,64,1,1
17198,3367,761,40,13205,13014,4358,13356,21872,15,1,1
17199,7093,4599,40,20329,19788,4408,20519,36659,65,1,1
17200,7074,5801,40,15499,14858,1914,15699,30538,79,1,1
17201,7384,6161,41,20779,20088,2755,20970,37320,85,1,1
17202,3076,1262,40,10710,10460,2284,10860,17523,23,1,1
17203,5451,2755,40,9198,8817,1232,9378,18856,43,1,1
17204,5831,4729,40,13706,13145,1794,13896,26300,68,1,1
17205,3336,1703,41,13325,13054,3937,13486,22522,29,1,1
17206,6903,4368,41,20508,19977,2524,20700,34535,64,1,1
17207,6933,5410,40,16381,15770,1903,16582,30878,76,1,1
17208,7715,5660,40,20438,19797,2716,20639,36780,79,1,1
17209,4168,1713,40,12153,11862,2214,12324,20449,30,1,1
17210,6582,5250,40,11943,11342,1433,12143,25448,74,1,1
17211,2584,140,40,7755,7675,1933,7895,12593,2,1,1
17212,6652,5320,40,16000,15379,1944,16191,30157,77,1,1
17213,7744,3646,40,20088,19637,3917,20269,35627,54,1,1
17214,6873,5691,40,15820,15179,1704,16020,30338,81,1,1
17215,6733,4779,40,20218,19647,4529,20408,36489,70,1,1
17216,5601,3006,40,12413,11993,1112,12594,22343,48,1,1
17217,5961,3857,40,10570,10109,1473,10750,22092,55,1,1
17218,3617,431,40,7925,7775,1473,8065,13646,10,1,1
17219,3287,1462,40,13415,13155,3727,13575,22092,26,1,1
17220,6453,3356,40,19728,19287,4889,19908,34656,52,1,1
17221,6983,5811,41,18795,18124,1293,18996,33143,85,1,1
17222,6732,4108,41,19657,19126,2264,19838,32992,63,1,1
17223,3677,621,40,9087,8917,1754,9237,15329,13,1,1
17224,6392,3647,30,10259,9788,1403,10430,21922,54,1,1
17225,3687,821,41,7123,6913,1132,7264,12944,17,1,1
17226,4820,2985,40,17043,16621,2054,17213,27112,47,1,1
17227,6813,4007,40,35096,34565,13987,35277,60144,59,1,2
17228,2925,1313,40,18285,18044,6723,18445,29446,24,1,1
17229,4850,2474,41,10008,9658,1202,10180,18756,38,1,1
17230,5992,3707,40,10259,9779,1432,10440,21601,56,1,1
17231,2194,221,40,8626,8506,2645,8766,13866,5,1,1
17232,7765,5190,40,15810,15209,2315,16000,31310,73,1,1
17233,6392,2364,40,18546,18204,7825,18716,35327,37,1,1
17234,7805,7314,40,19477,18706,1082,19687,35938,98,1,1
17235,5460,2034,40,18535,18205,4438,18695,30678,36,1,1
17236,4729,2665,40,9658,9288,1333,9828,18595,41,1,1
17237,4077,1553,40,8467,8175,1232,8617,15519,28,1,1
17238,4017,612,40,12313,12103,1022,12453,18154,13,1,2
17239,6673,5841,40,19467,18815,2966,19667,35197,82,1,1
17240,7915,3627,40,19096,18625,1994,19276,32852,54,1,1
17241,7975,6442,40,20479,19778,1333,20689,36479,89,1,1
17242,6272,1563,40,18125,17844,2264,18285,28424,28,1,1
17243,12885,7274,40,15890,15149,962,16090,37261,92,1,1
17244,3977,391,40,5280,5130,1002,5420,10830,9,1,1
17245,1393,110,40,7154,7074,2475,7294,11312,1,1,1
17246,6702,5471,40,17874,17253,1443,18074,31740,78,1,1
17247,6542,2224,40,18635,18284,3066,18796,30678,38,1,1
17248,7795,6873,30,21651,20890,1082,21851,37651,95,1,1
17249,2835,371,40,17624,17484,5621,17774,26651,9,1,1
17250,4028,1042,40,7154,6933,982,7304,13416,20,1,1
17251,3576,1463,40,11141,10891,2685,11302,19066,25,1,1
17252,8416,6702,40,16541,15830,1964,16752,33874,90,1,1
17253,6392,4949,41,20909,20328,2405,21100,34906,71,1,1
17254,3927,591,40,17643,17473,2886,17793,25228,12,1,1
17255,5280,2835,40,22353,21952,8336,22523,39024,44,1,1
17256,7243,7114,30,16271,15510,992,16481,31870,96,1,1
17257,6633,4498,41,14978,14437,1974,15169,28334,66,1,1
17258,6853,5541,40,20128,19507,1914,20328,34686,77,1,1
17259,2405,380,40,18425,18294,15269,18576,36680,8,1,1
17260,2775,751,40,18234,18054,8086,18385,30037,15,1,1
17261,4539,1963,40,18114,17803,2545,18285,27372,33,1,1
17262,6362,5030,40,19627,19036,2224,19807,33473,70,1,1
17263,2755,721,40,18274,18094,10480,18415,32431,14,1,1
17264,1934,762,40,18445,18275,14828,18595,36169,14,1,1
17265,7174,7253,40,20719,19958,1072,20929,36489,97,1,1
17266,6282,5180,40,20529,19908,1693,20719,33924,75,1,1
17267,2986,752,40,18354,18184,8886,18505,31189,14,1,1
17268,4649,2285,40,18605,18254,9578,18755,35317,37,1,1
17269,2986,1032,40,12003,11782,2505,12153,18726,20,1,1
17270,6723,4638,40,14978,14407,2094,15169,28664,68,1,1
17271,6372,4739,41,23875,23304,1853,24066,37070,69,1,1
17272,2315,230,40,17954,17833,15399,18095,36079,5,1,1
17273,15970,22703,40,6642,4829,15048,6954,60715,244,1,1
17274,4809,2445,40,19678,19327,13696,19838,40848,38,1,1
17275,3066,1342,40,13806,13555,2455,13967,20870,24,1,1
17276,6412,3527,40,13045,12584,1713,13205,24907,53,1,1
17277,5250,4468,40,20148,19618,1763,20339,31860,63,1,1
17278,2905,381,40,18225,18075,16000,18365,37701,9,1,1
17279,16461,22002,40,6753,4899,14457,7063,60033,248,1,1
17280,4688,2785,40,19277,18876,12533,19457,39494,46,1,1
17281,6052,4618,40,11962,11401,1173,12153,24046,68,1,1
17282,6773,5240,40,16531,15940,1463,16721,30247,73,1,1
17283,6903,6001,40,24616,23935,2074,24827,39855,85,1,1
17284,13556,8876,40,21931,21100,12073,22142,56697,105,1,1
17285,4849,2154,40,18726,18395,15910,18896,41859,37,1,1
17286,11201,10480,40,21651,20640,1052,21881,44644,130,1,1
17287,6742,5320,40,20038,19417,2344,20238,34685,76,1,1
17288,1823,141,40,17904,17804,601,18044,20639,2,1,1
17289,17513,13415,40,4358,3156,25929,4609,61516,158,1,1
17290,4338,3036,40,19387,18966,14086,19547,41047,46,1,1
17291,5861,4268,40,14558,14017,1212,14738,26129,64,1,1
17292,7624,3757,40,13456,12975,1613,13636,26680,57,1,1
17293,6453,4849,40,22813,22232,1883,23003,36229,69,1,1
17294,2445,290,40,17864,17733,14568,18004,35357,7,1,1
17295,16060,20930,41,6291,4558,13295,6593,56938,232,1,1
17296,9688,6392,41,20518,19807,10810,20719,47660,89,1,1
17297,2355,230,40,9038,8927,1993,9178,13796,5,1,1
17298,6472,4569,40,16181,15630,1423,16371,28885,67,1,1
17299,6913,6042,40,16171,15499,1943,16371,31319,84,1,1
17300,4990,711,40,12033,11853,1674,12183,19598,15,1,1
17301,5090,1022,40,18325,18104,9959,18475,34596,19,1,1
17302,2384,542,40,17813,17643,13175,17964,34105,13,1,1
17303,4548,3296,40,14036,13585,1303,14217,23394,51,1,1
17304,4839,1934,40,24406,24086,1633,24567,33033,30,1,2
17305,1804,170,40,11803,11713,651,11943,14608,3,1,1
17306,17744,10159,40,22343,21371,18625,22563,69151,121,1,2
17307,6242,3186,40,18986,18565,8706,19166,37340,49,1,1
17308,2394,551,40,9288,9128,2274,9438,14697,12,1,1
17309,6743,4238,40,10911,10370,1092,11101,23214,65,1,1
17310,5741,4318,40,14227,13716,1764,14407,26280,62,1,1
17311,3367,370,41,11541,11401,2224,11683,17704,9,1,1
17312,6231,2736,40,20398,20048,14257,20569,43853,40,1,1
17313,3586,2715,40,15790,15389,2765,15960,25077,45,1,1
17314,6632,2786,40,18805,18425,15529,18976,43973,43,1,1
17315,4278,2344,40,12764,12403,1473,12935,21060,38,1,1
17316,6553,5079,40,14427,13826,1663,14618,27953,73,1,1
17317,4569,2475,30,14377,13996,3767,14547,25408,42,1,1
17318,6001,3968,40,20780,20269,1923,20970,32892,61,1,1
17319,6873,5821,40,16882,16231,2365,17082,32201,82,1,1
17320,7444,5851,31,20929,20268,3537,21120,38002,82,1,1
17321,2695,721,40,11542,11351,2595,11682,17743,14,1,1
17322,6602,4859,31,12724,12113,1743,12915,26159,73,1,1
17323,4328,270,40,7685,7564,1463,7835,13926,6,1,1
17324,1142,220,41,12143,12042,911,12284,14617,5,1,1
17325,17343,17974,40,23895,22373,8205,24175,67748,202,1,1
17326,6843,5881,40,16381,15730,1754,16581,31109,82,1,1
17327,6102,2475,40,19948,19587,10309,20118,39044,40,1,1
17328,8896,6032,40,13586,12905,1052,13786,29806,85,1,1
17329,6072,3396,40,12254,11802,1603,12424,23535,51,1,1
17330,3958,691,40,8456,8266,1443,8596,14738,15,1,1
17331,3667,1573,40,13916,13646,3787,14077,23164,28,1,1
17332,6322,3967,41,20208,19717,2525,20389,33263,59,1,1
17333,6863,5431,40,16922,16281,2745,17122,32211,79,1,1
17334,6933,5029,40,20339,19738,2034,20529,34566,73,1,1
17335,13576,4739,40,11522,10981,15149,11702,45206,64,1,1
17336,5591,952,30,5911,5701,9248,6061,21882,18,1,1
17337,16501,16041,40,15149,13796,8156,15429,56157,180,1,1
17338,1122,310,40,7875,7754,7434,8026,16932,6,1,1
17339,15530,16150,40,14497,13125,5911,14778,52409,182,1,1
17340,901,121,40,7654,7574,2245,7794,11091,1,1,1
17341,8115,7264,40,24667,23916,2855,24877,43151,95,1,1
17342,7084,6051,40,17312,16641,2204,17514,32903,85,1,1
17343,7253,5310,40,20268,19647,1894,20468,34976,77,1,1
17344,3206,330,40,8376,8235,2195,8516,14297,8,1,1
17345,6322,2455,40,8025,7665,1042,8195,18054,40,1,1
17346,5801,3857,40,13024,12564,1503,13205,24406,55,1,1
17347,3787,421,40,7875,7735,1473,8025,13766,10,1,1
17348,7174,5190,40,15489,14898,3307,15679,31400,72,1,1
17349,6613,4288,40,20259,19728,1723,20449,33123,65,1,1
17350,8436,7233,40,22462,21691,1734,22673,40126,98,1,1
17351,7204,4148,40,20489,19978,1453,20679,33514,61,1,1
17352,2845,581,40,8836,8676,1733,8987,14197,13,1,1
17353,6282,4339,40,10269,9748,972,10449,22082,62,1,1
17354,3807,712,40,7264,7073,1072,7414,13055,15,1,1
17355,9909,10660,41,22121,21080,2094,22363,45066,136,1,1
17356,6722,2735,40,32822,32401,11211,32993,53691,41,1,2
17357,2064,902,40,18325,18124,6642,18485,28143,18,1,1
17358,3957,1513,40,9198,8927,1392,9358,16260,27,1,1
17359,4088,551,40,6913,6733,1082,7063,12824,13,1,1
17360,4829,2194,40,9629,9277,1062,9779,17914,37,1,1
17361,2725,782,40,8997,8817,3246,9137,15950,15,1,1
17362,5040,2785,40,22463,22062,2695,22633,33203,45,1,1
17363,5921,4348,41,19116,18575,1443,19297,31069,65,1,1
17364,3927,572,40,17633,17463,1693,17783,24015,12,1,1
17365,5902,2544,40,9768,9398,1343,9929,19778,41,1,1
17366,3777,491,40,7184,7024,992,7324,12634,11,1,1
17367,2264,110,40,6423,6322,1573,6563,10550,1,1,1
17368,7945,4859,40,18015,17413,1422,18205,32481,73,1,1
17369,6272,3527,40,29235,28725,4418,29406,43683,55,1,2
17370,5972,4659,40,17783,17222,1242,17974,29897,68,1,1
17371,4729,1122,40,18004,17764,1704,18164,25759,23,1,1
17372,3998,331,40,7133,6983,972,7273,12624,9,1,1
17373,3186,310,40,5230,5079,1263,5370,10169,9,1,1
17374,2755,842,40,7724,7524,1162,7864,12684,16,1,1
17375,8486,8676,40,27312,26431,1042,27532,45796,114,1,1
17376,7243,6693,40,20860,20129,1092,21060,36138,91,1,1
17377,2825,220,40,17864,17744,8837,18004,29917,5,1,1
17378,3627,681,40,12894,12714,962,13045,18365,14,1,1
17379,3607,1503,40,10680,10420,2655,10841,18656,26,1,1
17380,7244,5691,40,16441,15780,2225,16641,31831,81,1,1
17381,6863,5741,40,22573,21932,2435,22773,37842,80,1,1
17382,2114,141,40,17573,17483,8026,17713,28024,2,1,1
17383,6423,4117,40,20509,19978,5129,20689,36409,63,1,1
17384,3627,1453,40,18325,18054,2404,18485,26019,27,1,1
17385,8998,9678,40,16832,16001,1543,17042,37311,105,1,1
17386,6552,5421,40,21110,20469,2124,21290,35437,78,1,1
17387,2885,291,40,17924,17814,13055,18074,34355,6,1,1
17388,6392,3567,40,19537,19066,7775,19717,37491,55,1,1
17389,2946,1032,40,9889,9668,3316,10029,17363,19,1,1
17390,6913,4970,40,17473,16892,1423,17673,31009,71,1,1
17391,5651,4198,40,19848,19327,2475,20038,32392,62,1,1
17392,2695,631,41,18585,18404,13015,18726,35117,13,1,1
17393,1884,611,40,17964,17794,10530,18114,31179,13,1,1
17394,2164,370,40,9207,9077,2435,9358,14387,8,1,1
17395,6392,5511,40,17473,16862,1343,17673,30949,76,1,1
17396,6542,5080,40,20809,20198,1644,20999,34315,75,1,1
17397,2325,210,40,17804,17694,15560,17944,36099,5,1,1
17398,11592,12794,40,22032,20810,11021,22282,57729,154,1,2
17399,6422,5671,40,17794,17163,1152,17994,31279,79,1,1
17400,7013,4689,40,14427,13846,1953,14618,28313,69,1,1
17401,7194,6141,40,20139,19476,1432,20339,35156,83,1,1
17402,2615,180,40,17523,17423,15249,17653,35758,4,1,1
17403,16751,21371,40,6422,4659,14457,6733,59352,236,1,1
17404,4789,3226,40,20729,20288,12935,20910,41910,52,1,1
17405,4108,1563,40,9879,9588,1894,10029,17644,29,1,1
17406,7544,5160,40,16311,15710,1503,16511,30758,74,1,1
17407,6773,4989,40,19648,19057,1392,19848,33042,73,1,1
17408,2786,731,40,18255,18075,17323,18395,39295,15,1,1
17409,16471,21772,40,6653,4839,18755,6963,64021,244,1,1
17410,4719,3446,40,19457,19016,16452,19637,44294,52,1,1
17411,2645,811,40,11932,11742,2595,12093,18184,17,1,1
17412,6863,3657,40,13726,13265,2064,13907,26531,54,1,1
17413,6242,4659,40,21010,20459,1733,21190,33874,66,1,1
17414,11161,4940,40,20068,19507,13005,20258,49414,68,1,1
17415,1974,902,40,18134,17944,11612,18274,32812,16,1,1
17416,4448,3156,40,18185,17774,1012,18365,27041,48,1,1
17417,5199,3838,40,19116,18625,2605,19296,30988,57,1,1
17418,11272,5510,40,20629,20038,14338,20819,51969,72,1,1
17419,2294,561,40,17954,17784,12213,18104,33213,12,1,1
17420,6332,5892,40,19186,18505,1113,19376,32763,84,1,1
17421,6412,5079,40,20008,19397,1753,20208,33503,75,1,1
17422,2195,230,40,18195,18075,15078,18335,35888,5,1,1
17423,16631,21741,40,6472,4709,11853,6783,57058,238,1,1
17424,5741,4018,40,20128,19617,10390,20298,40507,59,1,1
17425,4819,3317,40,14026,13586,1303,14206,23675,51,1,1
17426,2815,381,40,11923,11793,1282,12073,16591,8,1,1
17427,3377,2555,40,15479,15109,2275,15649,23886,42,1,1
17428,1342,180,40,11492,11382,1683,11632,14888,4,1,1
17429,5630,832,40,17884,17694,17323,18034,41869,16,1,1
17430,14407,16541,40,22823,21361,11823,23104,65925,190,1,2
17431,18816,7524,40,16061,15319,17263,16271,59904,93,1,1
17432,3416,1814,40,10860,10580,12704,11021,29015,30,1,1
17433,16541,18275,40,24747,23144,9458,25027,69341,208,1,2
17434,3266,2164,40,11131,10820,8195,11302,24967,34,1,1
17435,2916,741,40,30889,30679,19487,31029,54233,15,1,2
17436,5992,2945,40,19156,18755,13155,19327,41459,44,1,1
17437,3828,1593,40,12514,12243,2134,12674,20279,27,1,1
17438,5861,4749,30,14708,14157,2084,14888,27642,66,1,1
17439,3206,1052,40,13536,13326,3998,13696,22002,20,1,1
17440,6232,4538,40,20679,20138,2224,20870,33904,66,1,1
17441,8436,6642,40,24095,23374,1844,24296,41258,90,1,1
17442,2995,692,40,11782,11602,2225,11932,17894,15,1,1
17443,7254,5630,40,15139,14487,1934,15339,30207,81,1,1
17444,3276,1302,40,13937,13696,4038,14097,22743,23,1,1
17445,6943,5110,40,20900,20328,3467,21090,36670,71,1,1
17446,6843,5561,40,16602,15960,1893,16802,31129,80,1,1
17447,7003,5611,40,21290,20649,3055,21471,37190,78,1,1
17448,2104,301,40,9297,9157,561,9427,12444,7,1,1
17449,10941,9177,40,11391,10480,1143,11622,32923,118,1,1
17450,5861,4439,40,18866,18315,1713,19056,31119,67,1,1
17451,14418,15689,40,20128,18796,1463,20399,52009,176,1,1
17452,6442,1783,40,18395,18105,13296,18545,40116,28,1,1
17453,3226,2274,40,14708,14367,2746,14878,23154,37,1,1
17454,6122,2204,40,18435,18094,12774,18595,39755,36,1,1
17455,5510,4628,41,16270,15719,1292,16451,27923,65,1,1
17456,6112,4238,40,11602,11081,1533,11782,23705,61,1,1
17457,3818,1362,41,8616,8375,1493,8777,15490,24,1,1
17458,4308,2465,40,13626,13266,3026,13786,23645,40,1,1
17459,7324,4489,40,20218,19677,4469,20398,36720,65,1,1
17460,6893,5801,40,16942,16281,1704,17132,31580,80,1,1
17461,7103,4518,40,20189,19638,6532,20379,38583,67,1,1
17462,3506,1253,40,9798,9558,1904,9958,16661,23,1,1
17463,3697,792,40,8386,8175,1433,8536,14498,17,1,1
17464,7233,5751,40,11982,11321,1333,12183,26540,82,1,1
17465,3046,681,40,12584,12403,3738,12744,20259,15,1,1
17466,6582,2915,40,19507,19117,4248,19687,33473,45,1,1
17467,7204,5741,40,18185,17524,1453,18395,32833,83,1,1
17468,6572,4248,40,19797,19266,2435,19978,33283,62,1,1
17469,2956,651,40,9087,8907,2064,9238,14959,14,1,1
17470,6052,4298,40,11081,10570,1233,11271,22894,61,1,1
17471,3788,460,40,8115,7975,1463,8265,14017,10,1,1
17472,7073,5391,40,16401,15760,3527,16601,32622,78,1,1
17473,6413,4528,40,19988,19447,1433,20178,32582,66,1,1
17474,7113,5420,40,18334,17703,1703,18535,32812,78,1,1
17475,10229,8366,40,21140,20299,1032,21350,41017,106,1,1
17476,3216,1333,40,9949,9698,1322,10099,16010,23,1,1
17477,6512,3617,40,15349,14888,1363,15519,27071,54,1,1
17478,3626,882,30,7234,7034,1052,7384,12974,17,1,1
17479,7494,6292,40,18866,18165,2204,19056,35096,87,1,1
17480,7244,3978,40,19647,19156,2134,19837,33223,58,1,1
17481,6813,5581,40,19086,18435,1894,19276,33604,80,1,1
17482,6883,4208,40,19607,19086,2465,19788,33394,62,1,1
17483,3266,561,40,8316,8145,2485,8466,14838,13,1,1
17484,4128,1272,40,7885,7644,972,8046,14468,24,1,1
17485,4308,672,40,7214,7033,1022,7364,13406,15,1,1
17486,4849,771,40,5660,5480,1492,5811,12984,16,1,1
17487,7995,7273,40,25999,25238,1062,26210,42591,96,1,1
17488,7494,6573,40,19527,18806,1072,19727,34906,91,1,1
17489,5741,1813,40,18404,18104,3105,18576,29275,32,1,1
17490,2686,260,40,8116,7985,2254,8256,13496,6,1,1
17491,3917,1212,40,7594,7364,962,7755,13896,23,1,1
17492,2975,1203,40,12674,12444,2775,12834,19827,22,1,1
17493,7304,5601,40,17413,16772,1523,17603,32081,79,1,1
17494,5961,2455,40,18675,18315,3918,18835,31229,39,1,1
17495,8306,7785,40,20459,19617,1643,20669,38453,106,1,1
17496,5822,1703,40,18204,17894,1753,18355,27683,31,1,1
17497,3757,111,40,6592,6492,1463,6722,12103,1,1,1
17498,3837,291,40,5160,5030,1182,5310,10660,7,1,1
17499,2725,1843,40,23154,22823,2736,23324,30668,32,1,2
17500,6652,5340,40,36820,36158,2955,37010,51998,76,1,2
17501,2906,561,40,18244,18094,7945,18394,29857,11,1,1
17502,3867,170,41,6853,6752,931,6994,12022,4,1,1
17503,3948,2094,40,10720,10400,2023,10891,18996,36,1,1
17504,7154,4989,40,16731,16130,2305,16922,31410,73,1,1
17505,6983,5371,40,20479,19857,2034,20669,35107,77,1,1
17506,2315,110,40,17573,17483,8637,17713,28825,1,1,1
17507,15359,17373,40,25819,24316,4579,26109,63460,200,1,1
17508,3236,722,40,9187,9017,2595,9337,15940,14,1,1
17509,3426,1493,41,14437,14166,2034,14598,21601,27,1,1
17510,6352,4529,40,20008,19457,2054,20198,33173,66,1,1
17511,2215,170,40,17854,17744,11271,17994,31680,3,1,1
17512,1212,251,40,17954,17844,831,18104,20428,5,1,1
17513,17172,22252,40,6572,4769,6302,6883,52649,238,1,1
17514,4568,3697,41,19156,18685,1713,19327,29355,55,1,1
17515,6152,5170,40,20308,19727,2024,20508,33904,71,1,1
17516,2845,341,40,17804,17673,13385,17954,34555,8,1,1
17517,1994,691,40,18135,17964,10420,18285,31440,14,1,1
17518,7735,7715,40,15640,14838,962,15860,32312,102,1,1
17519,6803,4889,40,15439,14858,2354,15630,29736,71,1,1
17520,7243,5872,40,19948,19286,1693,20138,35006,81,1,1
17521,2165,110,40,17784,17694,15088,17924,35327,1,1,1
17522,8516,5561,40,19958,19297,11622,20158,45897,76,1,2
17523,6542,5421,40,20589,19948,1253,20789,34035,80,1,1
17524,6433,4929,40,20770,20199,1583,20950,33935,68,1,1
17525,2214,150,40,17644,17544,14247,17784,34445,3,1,1
17526,1854,631,40,18225,18045,10039,18375,30939,15,1,1
17527,10901,5340,40,14678,14107,17613,14878,48762,69,1,1
17528,3457,2164,30,15760,15429,8937,15920,30518,35,1,1
17529,1122,190,41,7293,7183,611,7434,9398,4,1,1
17530,17272,16341,40,19276,17874,25018,19547,78218,185,1,1
17531,8225,5491,40,15700,15078,2905,15890,32551,75,1,1
17532,3457,300,40,17604,17483,15630,17754,37181,7,1,1
17533,15820,21751,40,6703,4880,18054,7013,62698,245,1,1
17534,9609,7344,40,20278,19537,15560,20488,53051,93,1,1
17535,5961,5210,40,19367,18766,1202,19557,31980,74,1,1
17536,5952,4659,40,20078,19527,1964,20258,32893,66,1,1
17537,16451,8807,40,22012,21200,15199,22222,62739,104,1,1
17538,2314,1152,40,18435,18195,14378,18585,36469,21,1,1
17539,3918,1974,40,13656,13335,1913,13816,21651,33,1,1
17540,7664,3928,40,13766,13285,1503,13946,27091,56,1,1
17541,7814,6312,40,16080,15379,1363,16281,31820,87,1,1
17542,4368,1423,40,12404,12143,1543,12554,19948,25,1,1
17543,2244,200,40,17854,17733,15099,17994,35587,5,1,1
17544,16060,22383,40,6613,4790,12193,6913,57609,243,1,1
17545,7364,5019,40,20459,19887,9959,20649,43031,70,1,1
17546,6582,6442,41,15409,14677,1022,15610,29706,90,1,1
17547,6633,3045,40,13235,12824,2064,13406,25198,47,1,1
17548,6121,4909,40,21110,20539,2154,21300,34535,69,1,1
17549,2594,121,40,17593,17493,14668,17733,35146,1,1,1
17550,16100,21221,40,6382,4639,14237,6692,58290,235,1,1
17551,4749,2285,40,19256,18906,12012,19427,38513,38,1,1
17552,4358,2705,41,19106,18705,1342,19277,27732,45,1,1
17553,2595,371,40,11762,11632,1924,11912,16842,9,1,1
17554,6483,5089,40,17463,16872,2004,17664,31300,73,1,1
17555,5090,1483,40,30949,30668,3657,31109,41379,25,1,2
17556,6542,3036,40,20249,19838,4138,20429,34185,48,1,1
17557,6763,6542,40,19006,18294,1933,19207,34495,88,1,1
17558,6262,4719,40,15580,15019,1733,15770,28524,67,1,1
17559,3937,581,40,11753,11582,1753,11903,18224,13,1,1
17560,14647,9188,40,34696,33803,7424,34906,66215,110,1,2
17561,6453,2805,40,18956,18546,12404,19126,40838,46,1,1
17562,6823,6692,41,15940,15198,1022,16131,30718,92,1,1
17563,6903,5070,40,16431,15820,1904,16621,30538,73,1,1
17564,11412,11311,40,18094,17022,1984,18345,43092,140,1,1
17565,7645,4498,40,20710,20159,4007,20900,37100,66,1,1
17566,6993,5952,40,15840,15169,1713,16030,30748,83,1,1
17567,7143,5270,40,20889,20258,3297,21079,36840,77,1,1
17568,3917,1072,40,11532,11301,2175,11682,18896,20,1,1
17569,2395,1482,40,15820,15559,2354,15971,22262,25,1,1
17570,2815,662,40,12984,12814,4319,13134,20970,14,1,1
17571,6472,3847,40,20418,19938,5009,20599,35978,56,1,1
17572,6963,5621,40,16832,16181,1834,17032,31490,79,1,1
17573,7134,5470,40,21161,20558,4178,21351,38183,74,1,1
17574,3416,1082,41,12974,12744,3166,13125,20829,20,1,1
17575,2434,1373,40,14247,13997,2154,14407,20408,24,1,1
17576,3096,982,40,13266,13065,4268,13426,21802,18,1,1
17577,8216,5210,40,20669,20078,4679,20849,39014,72,1,1
17578,6783,5701,40,16121,15479,1483,16311,30328,79,1,1
17579,6503,4408,40,20459,19908,3166,20639,34766,65,1,1
17580,5361,3566,41,13535,13074,982,13716,23685,55,1,1
17581,5982,3767,40,12894,12394,1683,13075,24547,59,1,1
17582,1964,270,40,7955,7825,1813,8095,12183,7,1,1
17583,4339,2314,40,14448,14087,3256,14618,24567,39,1,1
17584,7154,4198,40,21531,21010,3416,21721,36529,63,1,1
17585,7093,5561,40,16060,15409,1764,16250,30718,80,1,1
17586,7304,5410,40,20388,19757,4309,20589,37652,78,1,1
17587,3076,691,40,8867,8696,1633,9017,14457,13,1,1
17588,6162,2956,40,8626,8215,1122,8796,19086,46,1,1
17589,3257,931,40,18234,18004,1794,18375,24407,17,1,2
17590,2375,531,40,12564,12414,4368,12714,20028,11,1,1
17591,3336,1323,40,19056,18786,6082,19216,29997,25,1,1
17592,6903,5771,40,21080,20408,1182,21291,35187,83,1,1
17593,7053,3547,40,20639,20159,1854,20819,33303,55,1,1
17594,3417,551,40,8767,8596,2013,8907,14928,11,1,1
17595,5912,3747,40,10370,9879,1302,10550,21541,57,1,1
17596,4028,681,40,9528,9348,1653,9678,16091,14,1,1
17597,6803,4619,40,15359,14788,1683,15550,28685,69,1,1
17598,7034,3997,40,19817,19306,2986,19998,34055,60,1,1
17599,7183,5230,40,17634,17002,1222,17824,31519,77,1,1
17600,16671,18145,40,23575,22102,4529,23855,63240,195,1,1
17601,2625,561,41,9017,8856,1853,9168,14247,11,1,1
17602,6262,3326,40,10059,9608,1393,10230,21271,51,1,1
17603,3878,821,40,16221,16001,1733,16371,22843,16,1,2
17604,7064,4719,40,15329,14758,2735,15529,30097,70,1,1
17605,5912,3617,40,19697,19226,2164,19867,31610,55,1,1
17606,7444,5741,40,19076,18425,1473,19276,33984,81,1,1
17607,7774,5411,40,19988,19357,1673,20178,35076,77,1,1
17608,3947,1032,40,8787,8587,1894,8947,15870,18,1,1
17609,3858,1392,40,7745,7474,952,7905,14157,28,1,1
17610,3837,361,40,6633,6493,1022,6783,12043,9,1,1
17611,3627,601,41,5931,5761,1032,6072,11392,13,1,1
17612,5430,3436,40,16801,16351,2534,16983,28423,52,1,1
17613,6322,1723,40,18495,18195,8066,18655,34796,30,1,1
17614,8456,7865,40,21441,20630,1373,21651,39375,101,1,1
17615,6031,3296,40,18875,18445,3236,19047,31660,50,1,1
17616,3997,672,40,8446,8276,1693,8586,14998,12,1,1
17617,3787,1192,40,7865,7614,992,8005,14036,23,1,1
17618,2284,231,40,9127,9017,2695,9267,14537,5,1,1
17619,7935,5330,40,15990,15369,1834,16191,31330,77,1,1
17620,16692,13946,40,39705,38443,1313,39956,71957,160,1,2
17621,5120,631,40,17794,17634,2074,17944,25809,13,1,1
17622,3727,271,40,6873,6753,962,7013,12013,6,1,1
17623,3647,1323,40,10610,10360,1463,10770,17243,25,1,1
17624,6683,5450,40,17253,16621,2655,17443,32271,77,1,1
17625,6182,2685,40,17924,17524,1443,18094,28454,44,1,1
17626,6262,5089,41,16381,15790,2585,16572,30548,72,1,1
17627,5209,231,40,17744,17634,1713,17894,25087,5,1,1
17628,3877,1283,40,19096,18856,8366,19256,32832,23,1,1
17629,4478,211,40,13165,13055,1533,13315,19567,5,1,1
17630,2215,1072,40,16251,16020,591,16401,20329,20,1,1
17631,9017,11011,40,11401,10279,8747,11632,40457,137,1,2
17632,3516,2445,40,16431,16071,6723,16591,29315,38,1,1
17633,4429,2294,40,14608,14257,3176,14778,24717,39,1,1
17634,11703,6372,40,21972,21290,8095,22172,48382,85,1,1
17635,5500,3647,40,20860,20368,6923,21030,37150,57,1,1
17636,7204,7294,40,21210,20419,1092,21420,37070,101,1,1
17637,6392,4759,40,26581,26020,2344,26771,40316,69,1,1
17638,2655,230,40,17783,17663,12093,17924,32942,5,1,1
17639,2104,280,40,17714,17574,8216,17854,28494,7,1,1
17640,4348,1974,40,12754,12444,2215,12924,21491,33,1,1
17641,6863,6101,41,15128,14567,3677,15299,32000,66,1,1
17642,5871,4288,40,21801,21250,2044,21982,34225,65,1,1
17643,4359,1473,30,18785,18525,12705,18935,37512,25,1,1
17644,2385,832,40,17914,17723,11902,18064,33243,16,1,1
17645,7735,7123,40,21781,21019,1072,21982,37972,96,1,1
17646,5551,4508,40,19497,18955,1873,19678,31660,65,1,1
17647,11802,6162,40,20880,20249,14908,21080,53992,79,1,1
17648,6492,3607,40,19658,19216,9768,19838,39755,52,1,1
17649,7153,6893,40,20478,19727,1092,20690,35858,95,1,1
17650,5430,3807,40,19016,18525,2094,19197,30578,57,1,1
17651,2174,140,40,17664,17564,13836,17804,33994,2,1,1
17652,7845,5501,40,20078,19417,10580,20268,44224,77,1,2
17653,6322,5340,40,16190,15559,1143,16391,29236,78,1,1
17654,6612,4098,40,13185,12664,1302,13366,25428,62,1,1
17655,5961,4558,40,19106,18555,2044,19297,31890,67,1,1
17656,3347,581,40,18174,18014,15850,18324,38153,12,1,1
17657,16131,21982,40,6593,4789,15229,6903,60295,242,1,1
17658,4869,2615,40,19978,19587,13586,20148,41258,44,1,1
17659,5130,3457,40,13676,13225,1302,13846,23775,52,1,1
17660,7033,4198,40,14037,13536,1884,14217,27382,61,1,1
17661,6773,5370,40,19307,18686,1853,19507,33543,77,1,1
17662,2073,130,40,17724,17633,15529,17864,35647,2,1,1
17663,15970,22252,40,6592,4789,18215,6903,63390,243,1,1
17664,5080,3096,40,19146,18766,13716,19316,41248,43,1,1
17665,5952,5149,40,15419,14818,1132,15610,27893,74,1,1
17666,7855,4228,40,13586,13075,1743,13766,27632,60,1,1
17667,7354,5320,40,20830,20218,1593,21030,35327,76,1,1
17668,2054,171,40,17673,17573,14638,17813,34716,3,1,1
17669,16772,21390,40,6492,4719,15049,6803,60074,240,1,1
17670,4729,3596,40,20278,19797,12324,20449,41148,56,1,1
17671,11061,8997,40,61707,60795,1002,61917,83018,115,1,1
17672,5881,4448,40,44364,43833,2685,44555,57619,64,1,1
17673,30217,34455,431,94048,91202,11131,95321,171364,225,1,1
17674,3728,2053,60,43532,43152,12644,43833,62339,20,1,1
17675,5150,3066,60,24006,23555,4488,24256,37040,30,1,1
17676,6032,1002,70,29255,29005,2905,29486,39505,13,1,1
17677,8226,5049,61,29786,29145,10340,30057,53752,47,1,1
17678,2334,130,61,11922,11782,2335,12143,17022,1,1,1
17679,10560,9568,60,31109,30097,5901,31420,57509,80,1,1
17680,9508,9167,60,36178,35177,1913,36479,57148,79,1,1
17681,4749,1583,60,28585,28263,20288,28825,55525,19,1,1
17682,3637,1673,60,27913,27592,12384,28143,45917,18,1,1
17683,942,140,60,11181,11041,782,11402,13346,1,1,1
17684,18785,22282,70,34475,32642,1723,34887,77737,156,1,1
17685,9738,25789,731,82577,80232,4829,85082,126018,76,1,1
17686,20719,15489,80,37331,35347,2565,37842,76715,88,1,1
17687,33925,17292,80,51708,49905,18095,52129,121531,97,1,1
17688,11441,7915,80,38473,37481,11732,38814,69992,51,1,1
17689,5631,2725,80,20549,20078,2845,20860,32151,22,1,1
17690,11441,9108,80,34656,33494,1523,35016,57178,61,1,1
17691,7785,6883,70,27512,26631,3216,27883,45857,48,1,1
17692,13285,13085,80,30348,28955,2435,30738,59633,82,1,1
17693,33143,23274,80,44415,42470,16411,44885,117803,126,1,1
17694,9758,5651,70,36409,35657,19156,36730,71395,42,1,1
17695,1533,290,81,17012,16802,1012,17293,20218,4,1,1
17696,20369,20328,80,34836,32973,1343,35287,77417,120,1,1
17697,11803,13686,80,39946,38704,2505,40326,68410,74,1,1
17698,9087,3536,80,35587,34996,26870,35898,75482,30,1,1
17699,5150,1393,80,34415,34085,18174,34716,59523,12,1,1
17700,11492,9458,80,31320,30177,1302,31690,54032,69,1,1
17701,12443,8255,80,28904,27933,1773,29276,51838,58,1,1
17702,5340,4358,80,16281,15900,2264,16551,28584,35,1,1
17703,8106,6492,40,15309,14598,1302,15509,31450,88,1,1
17704,4819,972,41,18324,18114,16752,18475,41068,18,1,1
17705,8687,8736,40,20949,19948,14928,21170,53572,109,1,2
17706,7574,7374,40,21732,20959,1122,21952,38052,98,1,1
17707,6433,5109,40,21911,21320,2114,22102,35808,71,1,1
17708,3677,1032,40,18716,18495,16401,18876,40026,20,1,1
17709,12003,15439,40,22643,21260,13766,22914,64162,178,1,2
17710,5029,3677,41,15960,15509,1352,16131,26229,52,1,1
17711,7014,3456,40,13115,12684,1714,13295,25529,50,1,1
17712,6502,4959,40,22112,21521,1953,22302,35747,71,1,1
17713,3306,791,40,18365,18174,15760,18505,38412,16,1,1
17714,15910,22313,40,6582,4789,19487,6903,64663,243,1,1
17715,7324,6873,40,23675,22964,17533,23885,55645,88,1,1
17716,13947,16631,40,24887,23434,1082,25158,56868,192,1,1
17717,6422,5450,40,20759,20128,2214,20950,35076,77,1,1
17718,2625,291,40,18004,17894,15390,18154,36510,6,1,1
17719,16521,21280,40,6462,4699,14889,6772,59513,238,1,1
17720,4348,1953,30,18646,18324,11682,18806,36830,33,1,1
17721,6773,6002,40,16131,15449,1322,16341,30478,84,1,1
17722,4619,1503,40,12624,12373,1543,12784,20499,25,1,1
17723,6463,5410,40,16301,15690,1864,16491,30278,75,1,1
17724,4238,1272,40,12273,12013,1683,12413,19668,24,1,1
17725,3536,170,40,17463,17363,15920,17613,37270,3,1,1
17726,16381,16962,40,23103,21610,13786,23385,70564,193,1,2
17727,3878,1713,40,13906,13616,2244,14077,21942,30,1,1
17728,4699,2305,40,12514,12163,1563,12684,21301,37,1,1
17729,6442,5620,40,16641,16010,1854,16832,30788,77,1,1
17730,2995,571,41,28894,28684,17103,29045,49744,11,1,2
17731,4929,3105,40,19146,18725,12724,19317,40136,47,1,1
17732,6672,5932,40,16020,15379,1163,16210,30027,79,1,1
17733,6552,5040,40,15179,14578,2435,15369,29426,73,1,1
17734,4058,791,40,12334,12143,1703,12484,19066,15,1,1
17735,6062,2054,40,18856,18535,15289,19026,42471,35,1,1
17736,3557,2735,40,15089,14688,2384,15259,23985,44,1,1
17737,7133,4709,40,20630,20068,4889,20820,37581,67,1,1
17738,4799,1353,40,13656,13396,2114,13806,22122,24,1,1
17739,6613,4899,40,15690,15118,2705,15880,30157,70,1,1
17740,3968,1332,41,13816,13565,4128,13957,23435,23,1,1
17741,5741,3787,40,20599,20128,3267,20779,33614,55,1,1
17742,7223,6002,40,16341,15670,1864,16541,31670,84,1,1
17743,7574,4790,40,20509,19938,4348,20699,37471,71,1,1
17744,3286,1162,40,11181,10950,1813,11342,17643,22,1,1
17745,5781,2985,40,10009,9618,1242,10180,20238,44,1,1
17746,7414,6071,40,20428,19757,1773,20629,35938,84,1,1
17747,2144,190,40,11712,11602,571,11842,14788,3,1,1
17748,17453,18776,40,24046,22483,7484,24346,68109,209,1,1
17749,3456,2816,40,15048,14668,2655,15208,24185,43,1,1
17750,7033,6082,40,21160,20499,5450,21361,39986,83,1,1
17751,3667,1423,40,10500,10250,2044,10650,17844,24,1,1
17752,5100,2836,40,9919,9528,1282,10089,19357,45,1,1
17753,5751,4739,40,15018,14477,1924,15208,27682,67,1,1
17754,3757,1743,41,13565,13275,3938,13726,23214,29,1,1
17755,6573,4478,40,20048,19507,6753,20229,38073,64,1,1
17756,7064,5731,40,16341,15710,2084,16541,31460,78,1,1
17757,7494,5631,40,20398,19747,3897,20589,37661,79,1,1
17758,2484,461,40,9789,9639,2304,9939,15228,10,1,1
17759,4208,1293,40,8476,8226,1152,8636,15329,25,1,1
17760,2695,1624,40,13275,13004,2425,13435,20219,26,1,1
17761,1583,110,40,7594,7504,2054,7744,11531,1,1,1
17762,2155,1132,40,13886,13666,4960,14046,22323,21,1,1
17763,3116,1462,40,18495,18234,2304,18655,25578,26,1,1
17764,2926,2134,40,14939,14608,3256,15099,23475,35,1,1
17765,2825,1543,40,19026,18755,2144,19177,25739,27,1,1
17766,11442,6462,41,13074,12393,2686,13275,33915,85,1,1
17767,6151,1603,40,16982,16672,5550,17143,30497,27,1,2
17768,8165,6161,40,11041,10489,2505,11231,28103,67,1,1
17769,13385,13636,40,26290,25047,2104,26550,55715,162,1,1
17770,7114,6081,40,19056,18395,1373,19256,33875,83,1,1
17771,7594,3878,40,19557,19046,2615,19737,33854,59,1,1
17772,3346,751,40,10149,9969,1673,10300,16100,14,1,1
17773,6202,4408,40,11111,10570,982,11292,22944,64,1,1
17774,3306,1102,40,14167,13957,2745,14327,21530,20,1,1
17775,7023,3106,40,32702,32262,13155,32862,56196,45,1,2
17776,2675,1293,40,18224,17974,7114,18374,29516,24,1,1
17777,4228,1233,40,10029,9809,1533,10189,17233,21,1,1
17778,6503,3747,40,11231,10771,1543,11401,23244,54,1,1
17779,4198,821,40,14167,13966,3546,14327,22943,18,1,1
17780,6112,2074,40,18615,18295,9007,18785,36008,35,1,1
17781,7985,4358,40,17524,17003,2003,17704,32090,62,1,1
17782,5921,2775,40,18486,18104,3045,18656,30447,43,1,1
17783,5090,2164,40,9819,9488,1623,9989,18896,35,1,1
17784,3787,1393,40,8646,8386,1363,8796,15389,25,1,1
17785,3617,641,40,12244,12022,1022,12394,17704,13,1,2
17786,6703,5360,40,17964,17353,2124,18154,32381,74,1,1
17787,7224,3316,40,18696,18275,2675,18876,32131,49,1,1
17788,7324,6903,30,19878,19136,1372,20078,35707,92,1,1
17789,4839,1493,40,17985,17693,1553,18145,26070,28,1,1
17790,3176,110,40,7825,7725,1844,7965,13145,1,1,1
17791,3827,290,40,5400,5270,1062,5541,10760,7,1,1
17792,2405,160,40,7915,7815,1152,8065,11812,3,1,1
17793,5661,4108,40,18054,17543,2134,18244,30197,61,1,1
17794,6953,2164,41,18224,17904,1523,18385,29065,34,1,1
17795,7073,6453,40,21390,20699,1473,21590,36639,87,1,1
17796,5480,902,40,17924,17714,2605,18074,27121,19,1,1
17797,4047,782,40,7865,7664,962,8015,13856,16,1,1
17798,2535,261,40,9628,9508,2705,9778,15309,6,1,1
17799,8265,6513,40,16752,16041,2154,16952,33924,89,1,1
17800,7063,5921,40,20659,19988,1673,20860,35557,83,1,1
17801,5781,801,40,17633,17443,2174,17784,26580,16,1,1
17802,5250,2234,40,18636,18315,3166,18806,29506,34,1,1
17803,3877,411,40,12383,12243,1773,12524,18635,8,1,1
17804,6863,5100,40,15780,15199,2946,15960,30929,71,1,1
17805,6593,5580,40,20619,19978,1773,20810,34796,77,1,1
17806,2535,291,40,17613,17493,12523,17764,33153,7,1,1
17807,2725,411,40,17874,17724,7554,18014,28744,9,1,1
17808,5190,3256,40,19587,19137,1873,19758,30117,51,1,1
17809,12834,16602,40,25929,24497,1162,26210,56868,191,1,1
17810,2455,361,40,18104,17984,12384,18244,33494,7,1,1
17811,1492,501,40,17843,17693,9347,17995,29385,11,1,1
17812,2474,551,40,10239,10089,3837,10389,17312,11,1,1
17813,6613,3997,40,16721,16231,1853,16912,29416,58,1,1
17814,7214,5631,40,22002,21350,2545,22202,37632,80,1,1
17815,2365,200,40,17994,17894,11051,18134,31790,4,1,1
17816,2775,1523,40,18285,18034,9908,18445,32691,26,1,1
17817,3657,1874,40,13485,13185,2144,13656,21371,32,1,1
17818,6483,4849,40,15029,14438,2144,15219,28725,71,1,1
17819,6903,5711,40,20288,19627,1422,20479,34555,80,1,1
17820,2044,150,40,17283,17193,14257,17423,33924,2,1,1
17821,15921,22602,40,7644,5851,14407,7955,60936,241,1,1
17822,7024,3977,40,20328,19857,12173,20529,43733,56,1,1
17823,6433,5801,40,19968,19327,1392,20168,33834,80,1,1
17824,6523,5230,40,21471,20850,1723,21651,35167,75,1,1
17825,2595,832,40,18225,18044,16230,18375,38072,14,1,1
17826,15910,22102,40,6673,4849,15589,6984,60645,245,1,1
17827,4759,3247,40,19116,18715,13967,19286,41309,46,1,1
17828,6743,6302,41,20468,19787,1173,20669,34937,85,1,1
17829,6362,4830,40,20419,19848,1593,20609,33434,69,1,1
17830,2335,401,40,17783,17643,14938,17934,35658,9,1,1
17831,16501,21902,40,23846,22042,14267,24166,76876,238,1,2
17832,5150,3556,40,19206,18765,1443,19377,29576,51,1,1
17833,5962,4879,40,21090,20509,1603,21280,33754,69,1,1
17834,2094,320,40,17934,17814,561,18074,21100,6,1,1
17835,17753,10881,40,3497,2525,29456,3737,61867,126,1,1
17836,8927,7104,40,20790,20058,13405,21000,50476,92,1,1
17837,6092,5009,40,15560,14978,1513,15750,28394,70,1,1
17838,7294,3807,40,13656,13195,2164,13836,27161,55,1,1
17839,7084,5981,40,20730,20058,1502,20930,35537,82,1,1
17840,12364,6141,40,21641,20979,14738,21832,55115,80,1,1
17841,2906,701,41,17903,17713,11151,18055,32853,15,1,1
17842,5640,4679,40,25288,24737,1263,25478,37090,66,1,1
17843,4589,1012,40,12213,11993,1673,12373,19687,20,1,1
17844,6572,5020,40,16141,15550,1873,16341,29846,73,1,1
17845,3907,1293,40,12143,11902,1693,12313,19256,23,1,1
17846,4318,1012,40,18425,18205,14277,18585,38242,21,1,1
17847,6793,3997,30,19867,19366,12664,20038,43542,58,1,1
17848,5621,4529,40,14948,14407,1243,15138,26581,66,1,1
17849,4429,902,40,12143,11932,1723,12303,19397,19,1,1
17850,6422,4689,40,16191,15610,2134,16381,29666,70,1,1
17851,12774,6823,40,32772,32061,17392,32972,70012,83,1,2
17852,2725,1152,40,18566,18325,14207,18716,36860,22,1,1
17853,16992,7264,40,29145,28434,17332,29356,70994,90,1,1
17854,5871,2414,40,12734,12383,14738,12895,35978,38,1,1
17855,1793,501,40,8226,8076,8356,8376,19056,11,1,1
17856,16882,21892,40,18355,16571,19667,18675,77156,239,1,1
17857,3627,410,41,11662,11521,1723,11793,17613,8,1,1
17858,6251,2033,40,18394,18064,18495,18556,45376,35,1,1
17859,9218,9728,40,18225,17243,1523,18445,38954,122,1,2
17860,6201,2845,40,18435,18034,15480,18605,43172,44,1,1
17861,2585,511,40,12824,12664,2465,12974,18585,11,1,1
17862,6913,5019,40,15670,15079,2715,15860,30558,73,1,1
17863,3857,1753,41,13926,13645,3757,14087,23504,29,1,1
17864,3066,2254,40,21090,20750,3297,21250,29917,37,1,1
17865,8005,6552,40,16632,15900,1613,16832,33052,91,1,1
17866,7264,5831,40,20860,20218,2645,21060,36840,79,1,1
17867,2876,741,40,10119,9929,2405,10269,16331,15,1,1
17868,5170,3236,40,9889,9458,1193,10069,19718,50,1,1
17869,6202,4228,40,14528,14007,2164,14708,27362,61,1,1
17870,2855,822,40,12934,12734,4278,13085,21080,16,1,1
17871,6352,4829,40,20269,19718,4358,20449,36038,66,1,1
17872,7905,6362,40,16261,15560,1603,16461,32361,86,1,1
17873,16351,19046,40,24386,22813,1373,24677,61497,209,1,1
17874,4028,1633,40,10480,10209,1974,10640,18325,27,1,1
17875,5901,2535,40,9338,8967,1453,9508,19437,40,1,1
17876,6733,5110,40,15098,14497,1302,15289,28474,72,1,1
17877,2915,982,40,13426,13205,3988,13576,21511,19,1,1
17878,7454,5160,40,20850,20249,3967,21050,37661,74,1,1
17879,7024,5931,30,16481,15810,1693,16672,31370,82,1,1
17880,8105,5972,40,20489,19818,2795,20689,37601,83,1,1
17881,3367,1062,40,10239,10019,2063,10390,16932,20,1,1
17882,4097,1052,40,8636,8416,1383,8797,15369,21,1,1
17883,7124,4939,40,12093,11512,1643,12283,26019,71,1,1
17884,3717,651,41,8095,7915,1443,8246,14087,13,1,1
17885,7003,5180,40,17604,17003,2184,17804,32221,75,1,1
17886,6973,4649,40,20338,19807,3276,20529,35467,64,1,1
17887,6843,5670,40,17573,16922,1833,17774,32180,81,1,1
17888,6913,5912,40,20499,19847,2625,20689,36199,81,1,1
17889,3166,872,40,10029,9829,1954,10179,16211,17,1,1
17890,5601,2955,40,8477,8065,1072,8647,18325,46,1,1
17891,5741,3637,40,10911,10440,1343,11081,21862,55,1,1
17892,3747,421,40,8025,7895,1453,8175,13836,9,1,1
17893,13515,13125,40,27402,26199,1142,27653,55485,159,1,1
17894,7374,6522,40,26400,25668,1452,26591,41999,91,1,1
17895,3868,2174,40,11352,11011,1222,11512,18826,36,1,1
17896,6543,4338,30,10881,10340,1413,11061,23395,63,1,1
17897,3737,711,41,7113,6933,1062,7264,12814,15,1,1
17898,5060,2825,40,15940,15529,2204,16111,26240,45,1,1
17899,7805,3777,40,19698,19247,4859,19878,36379,54,1,1
17900,7324,6052,40,19317,18625,1763,19517,34696,85,1,1
17901,7825,5100,40,19727,19116,2023,19918,34896,73,1,1
17902,3477,631,40,9598,9438,1773,9749,15680,12,1,1
17903,6052,3587,40,11492,11031,1312,11662,22673,54,1,1
17904,2785,902,40,9248,9058,2755,9398,15880,16,1,1
17905,3938,2705,40,14938,14558,2564,15108,24356,42,1,1
17906,7124,1783,40,18235,17944,5791,18405,33143,30,1,1
17907,7615,6151,40,20458,19767,1502,20670,35978,87,1,1
17908,6773,3617,40,18685,18234,2555,18865,31860,53,1,1
17909,4018,1192,40,9739,9508,2775,9899,17934,22,1,1
17910,4068,1493,40,8616,8336,972,8766,15349,27,1,1
17911,3677,200,40,6713,6602,1153,6863,11933,5,1,1
17912,3637,180,40,5491,5370,1052,5631,10540,5,1,1
17913,6803,5871,40,20068,19407,2945,20269,35938,82,1,1
17914,7494,3116,40,18795,18385,1974,18966,31590,47,1,1
17915,7694,8376,40,22222,21350,1102,22433,39655,110,1,1
17916,6542,2415,40,18535,18185,2325,18705,30037,39,1,1
17917,3547,140,40,7985,7895,1342,8116,13205,2,1,1
17918,3958,1082,40,5871,5641,1072,6021,12183,21,1,1
17919,3296,1453,40,8546,8286,981,8696,14477,26,1,1
17920,6743,5440,40,19366,18735,3207,19557,34997,77,1,1
17921,7334,3206,40,18586,18154,1843,18756,31189,49,1,1
17922,7073,6482,40,21961,21270,1512,22162,37290,86,1,1
17923,3607,581,40,17894,17733,5360,18045,27653,13,1,1
17924,4168,501,40,7865,7704,1713,8015,14427,11,1,1
17925,2926,862,40,9868,9668,2755,10019,16602,17,1,1
17926,7274,5911,41,16461,15810,2284,16662,32171,81,1,1
17927,7003,5942,40,21110,20459,2064,21310,36379,81,1,1
17928,4368,511,40,17533,17353,2585,17673,25187,13,1,1
17929,5500,3567,40,19758,19277,8195,19938,37260,57,1,1
17930,3006,751,40,13135,12955,2715,13285,19807,15,1,1
17931,6803,4899,40,16592,16011,2124,16782,30658,71,1,1
17932,6673,4979,40,25649,25058,1563,25839,39114,72,1,1
17933,1994,160,40,17744,17644,13756,17884,33854,3,1,1
17934,2705,1372,40,18616,18365,8075,18766,30979,23,1,1
17935,6482,5530,40,21551,20910,1273,21751,35087,78,1,1
17936,6372,5129,40,21591,20979,2134,21782,35467,74,1,1
17937,3156,622,40,18124,17954,13937,18274,36039,13,1,1
17938,2044,621,40,17934,17764,13406,18084,34195,12,1,1
17939,2605,972,40,13045,12824,2645,13195,19477,19,1,1
17940,7334,5391,40,15750,15129,2434,15940,31139,76,1,1
17941,6592,5511,40,20318,19677,1783,20519,34455,78,1,1
17942,2775,531,41,18344,18194,12915,18495,34766,11,1,1
17943,1994,741,40,18195,18014,9708,18345,30848,15,1,1
17944,5982,4959,40,19577,18956,1213,19767,31971,74,1,1
17945,6403,4739,40,16962,16391,2194,17152,30538,69,1,1
17946,7054,4779,40,15139,14568,1994,15329,29196,68,1,1
17947,14748,6893,40,22442,21751,14889,22653,59213,86,1,1
17948,1974,741,40,18656,18455,15709,18796,37270,16,1,1
17949,17112,21551,40,6593,4809,4699,6893,50315,237,1,1
17950,4910,3486,40,19757,19296,1734,19938,30118,54,1,1
17951,6352,5070,40,22252,21651,2755,22432,36659,71,1,1
17952,3106,701,40,18515,18334,16291,18666,38814,15,1,1
17953,15810,20389,40,23665,21932,13987,23975,74201,227,1,2
17954,17193,6402,40,15299,14638,17143,15499,56287,81,1,1
17955,3416,1683,40,15630,15359,11311,15790,32241,27,1,1
17956,1733,201,40,7935,7815,7564,8075,17623,5,1,1
17957,16722,20839,40,23815,22092,15900,24126,77637,230,1,1
17958,16882,9819,40,21641,20750,17063,21861,65675,114,1,1
17959,6633,1793,40,18215,17924,16321,18385,43172,31,1,1
17960,4779,3456,31,19136,18685,1413,19307,28995,51,1,1
17961,7585,7003,40,21060,20329,1383,21270,37291,92,1,1
17962,2375,290,40,18275,18135,15139,18405,36259,7,1,1
17963,15069,16421,40,23044,21551,11963,23324,66827,192,1,2
17964,4068,1803,40,15058,14778,2435,15219,23575,28,1,1
17965,6693,5210,40,15890,15279,1794,16090,29827,75,1,1
17966,4218,611,40,22533,22332,1693,22683,29235,12,1,2
17967,5761,1202,40,19738,19487,16571,19888,43462,23,1,1
17968,4588,1914,40,18475,18155,11823,18635,37020,33,1,1
17969,3657,1623,40,13435,13165,1624,13605,20559,27,1,1
17970,3958,561,40,12013,11853,1713,12163,18455,12,1,1
17971,7133,5932,40,15279,14618,1513,15489,30097,82,1,1
17972,3817,1243,40,12213,11973,1603,12373,19096,24,1,1
17973,5270,201,40,17733,17613,11121,17874,34516,5,1,1
17974,2084,791,40,17774,17573,12444,17924,33273,16,1,1
17975,3858,1653,40,13576,13285,1623,13736,20900,29,1,1
17976,4950,1993,40,25267,24927,1643,25429,34045,31,1,2
17977,2174,190,40,18334,18224,1072,18475,21951,4,1,1
17978,17954,12433,40,4088,2955,9438,4339,44204,148,1,1
17979,8897,8446,41,16451,15599,1934,16672,35989,110,1,1
17980,5971,3206,40,19076,18646,9539,19256,38012,49,1,1
17981,3497,1433,40,13135,12864,2615,13295,20900,27,1,1
17982,6623,4529,40,14517,13966,2023,14717,27923,66,1,1
17983,4088,1072,40,12855,12633,2214,13005,20429,20,1,1
17984,6492,2716,40,19827,19447,13144,19998,42390,41,1,1
17985,3768,3045,41,15028,14617,2705,15199,24747,46,1,1
17986,5932,2575,40,18805,18455,14517,18966,42040,38,1,1
17987,5160,3847,40,15049,14528,1252,15229,25528,60,1,1
17988,6222,5079,40,15679,15088,2254,15871,29456,70,1,1
17989,3947,1783,40,13916,13626,3597,14077,23454,31,1,1
17990,7905,5541,40,20850,20219,2955,21040,37491,77,1,1
17991,7905,6893,40,24086,23325,1563,24286,40697,95,1,1
17992,2855,982,40,10630,10430,2204,10790,16872,18,1,1
17993,5461,2805,40,9709,9318,1232,9879,19427,44,1,1
17994,8156,5751,40,51738,50185,3466,52188,69772,81,1,1
17995,37170,36189,281,72126,69131,2334,73048,148852,191,1,1
17996,12213,12434,80,37340,36038,3376,37812,65935,79,1,1
17997,7144,6452,80,38944,38132,4619,39295,57610,45,1,1
17998,24677,28203,80,38593,36149,2265,39114,94369,158,1,1
17999,12293,10210,80,22984,21811,1824,23364,47781,70,1,1
18000,6252,2174,80,17093,16652,1473,17393,27392,19,1,1
18001,1673,381,80,23364,23144,841,23655,26650,4,1,1
18002,32933,39274,80,47570,44334,14849,48171,135317,215,1,1
18003,6773,6021,80,30007,29205,5360,30348,48602,45,1,1
18004,10590,10089,80,38753,37591,10229,39145,70153,70,1,1
18005,8085,7043,80,26640,25739,1312,27012,43552,52,1,1
18006,11772,10400,80,23054,21842,2124,23454,47850,74,1,1
18007,3156,1042,80,24286,23976,5571,24576,34445,11,1,1
18008,13836,11683,80,38343,37261,4368,38733,68710,65,1,1
18009,7234,2996,80,30648,30127,1482,30968,42781,25,1,1
18010,11221,5921,81,35797,34996,10700,36149,64091,45,1,1
18011,10820,8205,81,21981,20969,1352,22352,42831,60,1,1
18012,11030,9248,81,21009,19917,1703,21381,43462,65,1,1
18013,5881,431,80,14608,14377,1723,14888,23023,5,1,1
18014,4138,2435,80,22172,21902,4729,22432,33794,20,1,1
18015,4338,2264,40,19287,18935,2615,19447,28714,36,1,1
18016,7234,6071,40,24636,23975,1843,24837,40036,81,1,1
18017,2184,200,40,9619,9508,2044,9759,14237,5,1,1
18018,6833,3998,40,11302,10821,1282,11482,23645,57,1,1
18019,3717,882,40,7624,7424,1092,7774,13515,17,1,1
18020,5490,4048,40,17614,17093,2935,17804,30327,61,1,1
18021,7635,3867,40,19507,19047,3938,19687,35187,54,1,1
18022,7273,6513,40,18816,18104,1903,19016,34755,87,1,1
18023,6883,3486,40,19137,18695,3376,19327,33112,52,1,1
18024,3577,781,31,9227,9027,2004,9378,15790,16,1,1
18025,4108,942,40,15309,15029,1212,15459,21761,16,1,2
18026,3617,581,40,5831,5661,1022,5981,11251,13,1,1
18027,2925,901,40,9819,9628,2385,9969,16241,17,1,1
18028,7594,5180,40,15790,15208,1963,15991,30778,71,1,1
18029,6161,1933,40,18175,17864,8716,18345,35206,32,1,1
18030,6813,5721,40,19547,18906,1263,19757,33594,79,1,1
18031,16782,16692,40,22383,21040,1382,22663,57569,178,1,1
18032,4188,1132,40,9808,9558,1954,9959,17273,23,1,1
18033,4118,892,40,8306,8105,1553,8466,15079,18,1,1
18034,3577,571,40,9127,8977,2846,9277,16311,12,1,1
18035,6943,5150,40,16081,15480,2214,16281,30638,72,1,1
18036,6954,2364,40,23785,23405,1654,23945,34967,35,1,2
18037,6943,6442,40,21231,20529,2094,21441,36970,87,1,1
18038,5871,2195,40,18044,17703,1934,18204,28244,35,1,1
18039,3667,161,40,7694,7584,1032,7835,12745,3,1,1
18040,3607,661,40,5521,5341,1292,5671,11281,14,1,1
18041,2955,1082,40,16922,16672,1743,17082,22923,20,1,2
18042,7394,6022,40,16381,15700,3687,16581,33734,83,1,1
18043,4438,441,40,17584,17433,1713,17734,24376,11,1,1
18044,7313,6171,41,20558,19847,1302,20760,35607,89,1,1
18045,2585,421,40,18064,17924,9058,18214,30318,9,1,1
18046,3867,692,40,7915,7734,1012,8065,13686,15,1,1
18047,4459,2685,40,16832,16431,2455,17002,26651,44,1,1
18048,7103,5952,40,22673,21992,2385,22873,38353,82,1,1
18049,3456,601,40,17433,17272,3076,17583,24767,12,1,1
18050,6803,4048,40,20549,20028,5431,20739,37071,61,1,1
18051,17282,8246,40,31149,30348,9929,31359,66856,100,1,1
18052,8176,5470,41,17903,17292,2274,18095,34075,75,1,1
18053,1142,170,40,8306,8206,7094,8446,16902,3,1,1
18054,6212,4839,40,16441,15850,5491,16631,33223,71,1,1
18055,3777,1543,40,16922,16652,3587,17072,26029,27,1,1
18056,2054,180,40,17353,17233,14187,17493,33944,4,1,1
18057,1874,421,40,17683,17523,7946,17813,28104,9,1,1
18058,4108,2114,40,19277,18945,2254,19437,27973,34,1,1
18059,6142,4558,41,21180,20629,1733,21371,33854,66,1,1
18060,15129,13145,40,25208,24056,8316,25448,62098,150,1,1
18061,6382,4037,40,19757,19266,9989,19938,40406,58,1,1
18062,4158,2434,40,19136,18785,2284,19307,28233,38,1,1
18063,7664,6533,40,21150,20439,2194,21370,37791,89,1,1
18064,2705,300,40,17904,17773,15519,18055,36619,7,1,1
18065,12994,16562,40,22964,21500,11712,23234,64552,189,1,2
18066,6793,5841,40,20679,20028,1322,20890,34896,82,1,1
18067,6062,4999,40,20038,19457,2024,20229,33364,70,1,1
18068,3046,371,40,17523,17383,15399,17663,36519,8,1,1
18069,2445,1172,40,18465,18195,10640,18615,32932,21,1,2
18070,6092,4478,40,15559,14998,1303,15740,27663,66,1,1
18071,7263,5200,40,14999,14397,2024,15189,29736,73,1,1
18072,6743,4909,41,20769,20178,1743,20960,34395,70,1,1
18073,3197,891,40,18315,18104,16011,18465,38604,17,1,1
18074,16071,22222,40,6733,4900,19056,7043,64442,246,1,1
18075,9528,7214,40,20579,19848,15410,20789,52991,93,1,1
18076,7485,6873,40,19888,19146,1142,20098,35638,93,1,1
18077,6723,2454,40,13425,13075,1493,13605,24316,38,1,1
18078,6072,4949,40,20028,19437,2184,20218,33463,70,1,1
18079,2715,752,40,17904,17714,15560,18054,37131,15,1,1
18080,16511,21080,41,6402,4658,19367,6713,63731,235,1,1
18081,7895,6452,40,21852,21190,15680,22052,52129,82,1,1
18082,5220,4488,40,15168,14637,1283,15359,26390,64,1,1
18083,6723,4499,40,14287,13756,1703,14467,27452,63,1,1
18084,6462,4599,40,20008,19457,1874,20208,33193,67,1,1
18085,2254,110,40,17222,17132,14368,17363,34145,1,1,1
18086,15951,21200,40,6443,4679,14467,6753,58411,237,1,1
18087,4890,2294,40,18335,17994,11271,18505,37010,37,1,1
18088,6342,4609,40,19887,19326,1332,20078,32401,67,1,1
18089,5881,4669,40,17553,17002,2625,17743,30968,67,1,1
18090,3808,701,40,11812,11632,3366,11963,19888,14,1,1
18091,6984,2254,40,19016,18686,8025,19196,36499,36,1,1
18092,5971,3256,41,18885,18435,10941,19066,39274,52,1,1
18093,9808,8687,40,21491,20609,1102,21721,41358,113,1,1
18094,6953,5901,40,16231,15550,1904,16431,31229,83,1,1
18095,3737,711,40,11973,11783,1733,12113,18354,15,1,1
18096,6683,1493,40,18345,18074,14888,18505,41629,27,1,1
18097,2294,652,40,17824,17653,12423,17974,33403,14,1,1
18098,6312,5521,40,15740,15119,1202,15930,29025,76,1,1
18099,6472,4849,40,18225,17674,1693,18415,31489,67,1,1
18100,5500,1483,40,12093,11813,1754,12253,21020,27,1,1
18101,14898,7354,40,32141,31369,17494,32341,72127,90,1,2
18102,6693,3326,40,18756,18335,14017,18946,43012,50,1,1
18103,6602,4859,41,15268,14707,1232,15470,28203,69,1,1
18104,7474,4098,40,14668,14147,2465,14848,28915,61,1,1
18105,3476,1533,40,14227,13946,4208,14388,23655,27,1,1
18106,6893,4839,40,20268,19687,3156,20479,35408,71,1,1
18107,7294,5751,41,16290,15619,1623,16481,31210,82,1,1
18108,7394,5911,40,20569,19898,2585,20769,36710,82,1,1
18109,3096,942,40,10340,10129,1843,10490,16431,18,1,1
18110,4989,2515,40,9819,9438,1423,9999,18966,42,1,1
18111,5872,4739,40,15108,14527,2304,15309,28264,70,1,1
18112,2605,521,40,12604,12453,4067,12754,19987,11,1,1
18113,6212,3556,40,19927,19447,5400,20108,35317,55,1,1
18114,7234,5901,40,16682,16001,1743,16882,31800,83,1,1
18115,8115,6372,40,20579,19887,4358,20790,39675,85,1,1
18116,2004,280,40,9879,9758,621,10029,12974,6,1,1
18117,11452,10159,40,11632,10650,1192,11872,34726,127,1,1
18118,5701,4188,40,14247,13736,1984,14437,26360,62,1,1
18119,3226,1172,40,13446,13235,5039,13606,23083,20,1,1
18120,4208,2625,40,19086,18716,3406,19256,29546,40,1,1
18121,7013,5651,40,15850,15199,2064,16040,30828,80,1,1
18122,7324,5430,40,20399,19788,1783,20599,35176,75,1,1
18123,6242,4388,41,13976,13455,1232,14167,26079,63,1,1
18124,6191,4910,40,11993,11422,1573,12183,24907,69,1,1
18125,4158,811,40,8376,8186,1553,8516,15098,16,1,1
18126,4188,1794,40,13195,12905,3707,13355,23094,30,1,1
18127,6974,4188,40,19928,19397,4989,20108,36319,63,1,1
18128,6793,5470,40,15890,15249,1793,16081,30197,78,1,1
18129,6823,5060,40,19898,19297,3938,20088,35959,72,1,1
18130,3076,821,40,9458,9267,1903,9609,15459,16,1,1
18131,3757,892,40,8065,7835,1483,8205,14397,19,1,1
18132,5681,4098,40,12173,11642,1613,12353,23795,62,1,1
18133,2695,631,40,14608,14438,2996,14758,21140,13,1,1
18134,6453,3727,40,19427,18936,4809,19607,34646,57,1,1
18135,8015,6502,40,19838,19116,1293,20048,35908,90,1,1
18136,6502,2545,40,18145,17774,5961,18315,33373,40,1,1
18137,3457,501,40,9257,9077,1673,9388,15079,12,1,1
18138,5961,3687,40,12354,11873,1713,12534,23935,55,1,1
18139,3727,230,40,7835,7725,1523,7975,13505,5,1,1
18140,6963,5190,41,16391,15780,4488,16582,33273,74,1,1
18141,3366,1533,31,18404,18134,2264,18556,25769,25,1,1
18142,7033,5601,40,18716,18065,1703,18916,33303,79,1,1
18143,11763,10670,40,21501,20499,1273,21731,45487,129,1,1
18144,2294,190,40,7895,7774,8446,8026,19006,5,1,1
18145,16331,17633,41,11972,10550,7084,12263,53351,189,1,1
18146,4529,1653,40,8717,8456,5160,8877,20279,27,1,1
18147,2806,1192,40,5941,5711,2916,6091,13055,21,1,1
18148,2965,391,40,7034,6893,1182,7184,11782,9,1,1
18149,5189,3888,40,16922,16441,2245,17102,28484,57,1,1
18150,7263,3327,40,18976,18545,3637,19156,33433,49,1,1
18151,7064,6221,40,19186,18505,1884,19387,34596,84,1,1
18152,7835,5210,40,19437,18826,3146,19637,35878,75,1,1
18153,4598,1654,40,9778,9498,1773,9938,18024,29,1,1
18154,4118,1182,40,8315,8095,971,8476,14798,22,1,1
18155,4449,871,40,6983,6763,1082,7124,13566,18,1,1
18156,4037,932,40,5641,5431,1092,5801,11902,19,1,1
18157,5881,3687,40,16721,16261,2155,16902,28685,54,1,1
18158,6673,4088,40,33704,33173,8065,33884,52770,59,1,2
18159,6002,2695,40,18365,17984,3777,18545,31069,43,1,1
18160,4930,1964,40,10399,10099,1653,10560,19157,32,1,1
18161,3677,1122,40,8215,7995,991,8376,14216,22,1,1
18162,2806,761,40,13847,13666,3005,13997,20619,15,1,1
18163,8887,8836,40,24917,24045,1162,25148,44073,112,1,1
18164,7094,6291,40,20058,19377,1302,20269,34996,85,1,1
18165,5571,1372,40,17743,17473,1834,17904,26731,26,1,1
18166,4018,160,40,7835,7725,1012,7975,13215,3,1,1
18167,2635,110,40,4949,4859,1333,5100,9218,1,1,1
18168,3136,1723,40,23575,23254,2485,23735,31129,28,1,2
18169,6493,5490,40,37531,36870,3636,37732,53411,77,1,2
18170,3547,561,40,18034,17854,8416,18165,30749,12,1,1
18171,4017,291,40,7905,7785,952,8055,13365,7,1,1
18172,4619,2514,40,16250,15890,2394,16422,25999,41,1,1
18173,7374,6082,40,23544,22853,1673,23755,38924,86,1,1
18174,3387,441,40,17263,17092,4198,17413,25479,11,1,1
18175,6363,4468,40,19908,19377,7665,20088,38644,63,1,1
18176,3547,1462,40,13335,13064,2485,13496,21030,25,1,1
18177,7003,5280,40,15329,14708,2154,15519,30017,75,1,1
18178,6953,5821,40,20349,19698,1874,20539,35237,80,1,1
18179,3145,751,40,18114,17934,11982,18275,34204,15,1,1
18180,2134,592,40,17854,17673,7604,17994,28374,13,1,1
18181,5911,4749,40,14468,13907,1232,14648,26590,67,1,1
18182,7234,5731,40,16251,15620,2284,16451,31760,79,1,1
18183,6772,5220,40,20068,19447,2014,20259,34325,75,1,1
18184,3056,1002,40,18425,18215,13235,18575,35918,19,1,1
18185,2415,681,40,17724,17543,10800,17874,31820,14,1,1
18186,7404,6733,40,15269,14558,1032,15479,30698,90,1,1
18187,6703,4238,40,14678,14157,2485,14858,28344,63,1,1
18188,7154,5731,40,17373,16702,1543,17573,32041,81,1,1
18189,7093,5430,40,15208,14567,2043,15400,30016,77,1,1
18190,2595,451,40,18144,17994,15580,18294,36960,9,1,1
18191,17062,22302,40,6643,4840,15319,6963,61697,243,1,1
18192,4679,3206,40,20028,19618,13626,20198,41759,46,1,1
18193,14497,17173,40,24717,23254,1163,25007,57880,196,1,1
18194,6582,5120,40,19497,18886,2285,19697,33734,75,1,1
18195,2425,240,41,17903,17773,14838,18035,35598,6,1,1
18196,2185,711,40,17824,17644,12243,17974,33153,14,1,1
18197,6322,4899,40,19848,19276,1303,20028,32602,69,1,1
18198,6562,4709,41,20208,19637,2926,20399,34656,69,1,1
18199,2895,241,40,17513,17403,14788,17653,35627,5,1,1
18200,15930,21410,40,6502,4729,18215,6823,62418,238,1,1
18201,9498,6722,40,21029,20318,14808,21251,52309,90,1,1
18202,5140,4368,40,19908,19387,1322,20088,30968,62,1,1
18203,6231,4870,40,20078,19497,2665,20268,34084,69,1,1
18204,2224,371,40,17803,17673,15249,17944,35838,8,1,1
18205,3216,1713,40,18034,17724,7976,18194,31149,27,1,2
18206,3647,1613,40,13847,13566,2134,14007,21461,29,1,1
18207,6963,3697,40,13456,13014,1874,13636,26210,52,1,1
18208,6642,5531,40,20218,19587,2094,20418,34715,78,1,1
18209,13686,10160,40,24727,23735,4859,24967,53722,128,1,1
18210,8315,4518,40,19507,18966,8897,19697,41478,66,1,1
18211,3406,1363,40,12704,12454,2485,12854,20158,24,1,1
18212,7124,3527,40,13065,12594,2114,13245,26060,54,1,1
18213,6773,5781,40,19557,18906,1624,19767,33985,81,1,1
18214,2645,161,40,17553,17453,15560,17683,36109,3,1,1
18215,3426,1583,40,18004,17704,11191,18155,34405,26,1,2
18216,3207,541,40,12213,12053,2294,12363,18455,11,1,1
18217,5741,702,30,11642,11452,1673,11792,19938,15,1,1
18218,7093,4729,41,15138,14577,1794,15329,28995,68,1,1
18219,4228,501,40,29586,29386,4910,29726,39415,11,1,2
18220,6653,2264,40,18716,18355,6843,18876,34696,38,1,1
18221,2855,842,40,12604,12414,2675,12764,19186,16,1,1
18222,6623,4819,40,14979,14408,2144,15179,28805,69,1,1
18223,4278,521,40,11633,11481,1693,11783,18335,11,1,1
18224,3446,1483,40,31861,31550,17573,32021,54583,27,1,2
18225,1874,801,41,18324,18134,15470,18475,36670,16,1,1
18226,12123,15770,40,5100,3717,3086,5370,36389,184,1,1
18227,6973,5871,40,15019,14358,1262,15219,29365,81,1,1
18228,6222,4538,41,16260,15719,2165,16451,29426,65,1,1
18229,14136,15169,41,25969,24606,1853,26240,57448,179,1,1
18230,6903,5490,40,16432,15809,2454,16632,31529,78,1,1
18231,6954,5470,40,20329,19718,2104,20539,35107,76,1,1
18232,15129,4499,40,17012,16491,15610,17202,52490,62,1,1
18233,6232,1793,40,8076,7775,12323,8236,28624,30,1,1
18234,10891,6763,30,11872,11161,6372,12083,36139,89,1,1
18235,5831,2755,40,9488,9107,12343,9659,30648,43,1,1
18236,7063,5601,40,13045,12413,10810,13235,36749,77,1,1
18237,15780,19537,40,28755,27101,1052,29055,65484,220,1,1
18238,7234,5591,40,16701,16040,2294,16902,32071,82,1,1
18239,6963,5581,40,20339,19698,3296,20539,36419,79,1,1
18240,3366,1302,40,10480,10240,2184,10630,17533,22,1,1
18241,6052,2675,40,9167,8807,1262,9338,19387,40,1,1
18242,6983,5250,40,14478,13846,1783,14668,28744,76,1,1
18243,3647,1502,40,13455,13195,3848,13616,22663,26,1,1
18244,6593,2094,40,17994,17684,16822,18154,43723,32,1,1
18245,3196,2464,40,14657,14297,2845,14839,23374,39,1,1
18246,6552,3166,40,18786,18385,11472,18956,40186,44,1,1
18247,4669,2966,40,13916,13506,1533,14096,23314,47,1,1
18248,6231,4157,40,11842,11331,1423,12033,23895,61,1,1
18249,3597,361,40,8235,8085,1573,8365,13956,8,1,1
18250,5560,3256,40,14828,14397,4498,14998,28373,49,1,1
18251,6984,4077,40,20649,20148,1894,20850,33845,60,1,1
18252,7194,5871,40,16331,15689,2645,16522,32282,78,1,1
18253,7163,5050,40,19808,19217,1883,19998,34154,73,1,1
18254,2975,1042,41,10359,10149,2194,10520,16781,19,1,1
18255,5490,2745,40,18335,17924,1473,18505,28263,42,1,2
18256,2314,421,30,12013,11863,3948,12153,18896,9,1,1
18257,6052,3376,40,19357,18916,4849,19537,33854,51,1,1
18258,5441,3607,40,17643,17162,1573,17823,28504,56,1,1
18259,6182,2034,40,18405,18085,3797,18585,30638,35,1,1
18260,2735,641,40,9658,9478,2054,9809,15279,14,1,1
18261,6432,4749,40,12694,12173,1223,12884,25338,62,1,1
18262,2985,201,40,7805,7695,1944,7945,13135,5,1,1
18263,7544,6082,40,16892,16211,2174,17092,32952,85,1,1
18264,7114,4047,41,19526,19026,2645,19728,33574,61,1,1
18265,6953,5861,40,19898,19237,5791,20098,38753,81,1,1
18266,6102,2935,40,18766,18365,4959,18936,32982,45,1,1
18267,4118,2324,41,10349,10009,1213,10520,18225,36,1,1
18268,6222,3476,40,10530,10069,1432,10711,21881,52,1,1
18269,4087,1353,40,16742,16452,1863,16892,24245,26,1,2
18270,7234,5270,40,16401,15780,2405,16591,31550,76,1,1
18271,7905,4859,40,20138,19557,2324,20329,35477,71,1,1
18272,8246,7404,40,20048,19267,1453,20268,37421,100,1,1
18273,5380,3527,40,18786,18335,5200,18966,33123,52,1,1
18274,3818,952,40,9558,9338,2054,9708,16592,19,1,1
18275,4107,1393,40,8226,7965,962,8386,14898,26,1,1
18276,4008,511,40,6813,6662,1122,6963,12644,10,1,1
18277,3737,651,40,5691,5510,1052,5841,11331,14,1,1
18278,2195,992,40,14237,14026,3637,14377,21261,18,1,1
18279,7064,3747,40,19016,18535,2685,19196,32732,56,1,1
18280,7374,6713,40,20399,19667,1373,20619,36119,92,1,1
18281,6152,2194,40,18355,18014,1663,18525,28594,37,1,1
18282,3526,281,40,7464,7344,1503,7604,12964,6,1,1
18283,4208,411,40,5530,5390,1022,5680,11361,9,1,1
18284,2965,531,40,10039,9878,1423,10190,15169,12,1,1
18285,3967,1994,40,15630,15309,2425,15790,24206,33,1,1
18286,7284,2605,40,18305,17934,3376,18485,31790,41,1,1
18287,7344,7935,40,22312,21501,1042,22542,38903,104,1,1
18288,4769,922,40,17493,17273,2515,17643,25889,19,1,1
18289,3887,181,40,7835,7735,1002,7975,13105,4,1,1
18290,2144,110,40,4949,4849,1623,5089,9017,1,1,1
18291,3837,2345,40,16702,16341,2434,16872,25538,39,1,1
18292,6812,4218,40,39104,38533,1853,39295,52218,63,1,2
18293,2555,390,40,17863,17713,9478,18005,30488,9,1,1
18294,4319,400,41,7584,7434,1002,7725,13496,9,1,1
18295,7213,5050,40,18746,18145,2625,18946,33874,73,1,1
18296,6663,5831,40,22142,21491,2495,22352,37391,81,1,1
18297,14187,9708,40,23695,22764,8677,23935,56547,121,1,1
18298,5490,2876,40,19337,18926,6693,19517,34626,46,1,1
18299,3417,1212,40,12945,12704,2635,13105,20409,22,1,1
18300,9929,7133,40,16291,15529,1603,16511,35227,96,1,1
18301,6713,4950,40,15990,15379,1563,16180,29436,73,1,1
18302,6943,5841,40,14788,14137,1803,14999,29616,80,1,1
18303,4429,1302,40,18315,18054,12654,18465,36890,25,1,1
18304,4809,1703,40,18214,17914,7344,18375,32281,31,1,1
18305,3677,1923,40,14227,13906,2384,14388,22422,33,1,1
18306,6582,5040,40,14868,14257,1783,15069,28504,74,1,1
18307,7113,5200,40,18335,17744,1914,18535,32812,72,1,1
18308,6342,4298,40,15109,14578,1403,15299,27392,63,1,1
18309,1773,150,40,17173,17062,14397,17313,33673,3,1,1
18310,6953,4128,41,19977,19486,11171,20168,42461,60,1,1
18311,6833,6543,40,20158,19427,1193,20358,34987,90,1,1
18312,6502,5280,40,18495,17904,2564,18706,33092,74,1,1
18313,8166,4438,40,14928,14387,2224,15119,29997,65,1,1
18314,2224,150,40,18916,18816,15870,19056,37350,3,1,1
18315,7795,5290,40,20228,19587,9929,20419,43493,74,1,2
18316,6833,6142,40,21731,21050,1653,21931,36610,83,1,1
18317,6492,4909,30,20218,19627,2254,20408,34114,71,1,1
18318,2395,110,40,17564,17473,14998,17694,35257,1,1,1
18319,10079,11552,40,21441,20309,9749,21681,53121,141,1,2
18320,2845,561,40,10070,9898,2054,10220,15730,12,1,1
18321,6873,5441,40,16892,16271,1433,17082,30889,77,1,1
18322,6522,4960,40,21010,20409,1413,21220,34155,74,1,1
18323,2945,391,40,17253,17102,15089,17393,35868,9,1,1
18324,16050,21641,40,6502,4719,14327,6813,58871,239,1,1
18325,4508,2505,40,18886,18515,12995,19046,39104,40,1,1
18326,2505,691,40,9759,9568,1984,9909,15139,15,1,1
18327,6211,3978,40,15670,15159,1042,15850,27131,60,1,1
18328,6202,5290,40,21491,20860,2234,21681,35467,76,1,1
18329,2164,151,40,17142,17032,14478,17282,34125,3,1,1
18330,16681,21491,40,6412,4659,14628,6723,59583,237,1,1
18331,4749,3236,40,19718,19307,11952,19908,39885,48,1,1
18332,10760,4940,40,13596,13065,18074,13786,47610,64,1,1
18333,7263,2976,40,12263,11893,12052,12434,34765,42,1,1
18334,3707,1512,40,12704,12453,3336,12865,21481,25,1,1
18335,5370,2254,40,8657,8316,11291,8827,27782,36,1,1
18336,15871,22131,40,25889,24076,12624,26209,76886,243,1,1
18337,10921,5250,30,20088,19527,16081,20278,52580,67,1,1
18338,2625,1042,40,18194,17974,13806,18345,35868,20,1,1
18339,5320,3627,40,15239,14768,1292,15419,25718,56,1,1
18340,7935,4058,40,13296,12795,1643,13476,27162,58,1,1
18341,6352,4739,40,19848,19287,1613,20048,32802,68,1,1
18342,2514,111,40,17162,17072,14328,17292,34295,1,1,1
18343,15400,18925,40,22753,21160,12103,23044,69512,208,1,2
18344,5911,5420,40,19848,19227,1543,20058,32972,77,1,1
18345,6883,5671,40,16261,15620,1844,16461,30909,80,1,1
18346,3086,411,40,29456,29276,16181,29596,49324,8,1,2
18347,2554,661,40,17543,17373,13907,17703,34876,14,1,1
18348,6632,5661,40,15429,14778,1122,15620,29095,79,1,1
18349,6272,4519,40,14427,13876,2084,14618,27543,67,1,1
18350,4078,431,40,11381,11241,1694,11531,17794,10,1,1
18351,6803,1773,40,30829,30518,14107,30999,53722,28,1,2
18352,2825,671,40,17403,17212,8556,17553,29646,15,1,1
18353,3296,962,40,12283,12063,2224,12434,18966,19,1,1
18354,6453,5049,41,14828,14227,2414,15019,28995,73,1,1
18355,3136,771,40,12815,12623,4118,12965,21040,16,1,1
18356,6042,3877,40,20068,19578,3306,20248,33534,58,1,1
18357,6742,5481,40,16221,15570,1904,16421,30588,80,1,1
18358,7113,5771,40,20509,19848,2325,20709,35968,81,1,1
18359,3586,902,40,12634,12424,2445,12784,19767,18,1,1
18360,5871,4689,40,14318,13756,2054,14498,27162,67,1,1
18361,3386,1342,40,13566,13326,3928,13726,22433,24,1,1
18362,5971,4238,40,20389,19858,2845,20569,33683,62,1,1
18363,7073,7304,41,16851,16190,1793,17063,33283,83,1,1
18364,7364,5470,40,20559,19918,3366,20760,37010,77,1,1
18365,3086,891,40,10320,10099,2224,10470,16721,18,1,1
18366,6131,3387,40,9598,9167,1182,9788,20528,51,1,1
18367,6001,4529,40,14047,13506,1613,14237,26430,66,1,1
18368,14698,16221,40,26831,25438,1373,27101,59443,184,1,1
18369,6732,5200,40,22503,21921,2525,22693,37210,71,1,1
18370,3126,801,40,9989,9799,2245,10139,16371,16,1,1
18371,4278,591,40,8095,7935,1453,8245,14617,13,1,1
18372,7614,5872,40,13445,12774,1983,13645,29145,82,1,1
18373,3607,621,40,7905,7734,1473,8066,13817,14,1,1
18374,6632,5190,40,15599,14998,3417,15790,31079,72,1,1
18375,6272,3777,40,20118,19638,1944,20298,32351,56,1,1
18376,7154,5731,40,15890,15239,2084,16080,31109,79,1,1
18377,7374,4949,40,19587,18996,2014,19788,34155,71,1,1
18378,1803,160,41,8736,8636,551,8877,11441,3,1,1
18379,16001,12664,40,11412,10260,1062,11672,41439,150,1,1
18380,2735,1803,40,10540,10249,2044,10701,17343,30,1,1
18381,3938,1042,40,8336,8115,1413,8486,14929,20,1,1
18382,4688,2034,41,13475,13135,3587,13646,24015,36,1,1
18383,5942,3617,40,19787,19316,5341,19967,34927,56,1,1
18384,5771,4398,40,17383,16852,1322,17573,29105,64,1,1
18385,5009,2414,40,18896,18515,7234,19066,33774,41,1,1
18386,5570,3316,40,12012,11562,1072,12194,22202,52,1,1
18387,6873,5460,40,11461,10840,1202,11653,25218,75,1,1
18388,4068,1924,40,14838,14528,2525,14998,23575,32,1,1
18389,6963,3256,40,32442,31970,11442,32622,54333,49,1,2
18390,1833,662,40,17784,17623,7875,17934,28364,13,1,1
18391,4067,1132,40,12393,12173,1303,12543,19106,20,1,1
18392,6071,3818,40,10309,9819,1202,10490,21631,57,1,1
18393,2955,782,40,13906,13706,2815,14046,20659,17,1,1
18394,6572,2876,40,18565,18174,12073,18745,40306,44,1,1
18395,4478,1954,40,7554,7234,2825,7724,17032,34,1,1
18396,4859,3216,40,17113,16682,2134,17283,27552,49,1,1
18397,6061,3948,40,19126,18635,4729,19316,34094,58,1,1
18398,3737,441,40,8867,8717,1864,9007,15099,10,1,1
18399,4168,1623,40,8166,7865,972,8326,15139,30,1,1
18400,3818,611,40,6733,6573,1002,6883,12364,12,1,1
18401,3556,1173,40,5941,5701,992,6101,11872,23,1,1
18402,2825,1412,40,15049,14799,3156,15209,22643,24,1,1
18403,6702,3858,40,18886,18385,4428,19066,34094,57,1,1
18404,7595,6232,40,20659,19958,1433,20859,36169,86,1,1
18405,6944,2745,40,18225,17824,1773,18395,29897,43,1,1
18406,3888,591,40,7875,7705,1443,8025,13997,13,1,1
18407,3808,260,40,5180,5070,1002,5330,10450,6,1,1
18408,3757,581,40,7734,7554,962,7885,13225,14,1,1
18409,5090,2435,40,16040,15670,2144,16210,25930,40,1,1
18410,6443,4989,30,35217,34586,3367,35397,50246,71,1,2
18411,3767,461,40,17583,17423,2264,17734,24256,11,1,1
18412,4018,541,40,7334,7164,962,7474,13045,12,1,1
18413,1774,170,40,6683,6573,621,6823,9438,3,1,1
18414,11952,11452,40,18275,17193,1022,18515,43001,140,1,1
18415,7374,6933,40,23945,23204,1663,24156,40166,93,1,1
18416,6392,1663,40,17814,17514,2244,17974,28313,29,1,1
18417,5010,2154,40,19166,18836,5260,19326,31800,34,1,1
18418,3968,551,40,7765,7615,1283,7915,13777,11,1,1
18419,7625,4558,40,17413,16862,2264,17604,32091,66,1,1
18420,6803,5520,40,21311,20710,2114,21511,35998,75,1,1
18421,4258,290,40,17984,17844,14507,18125,37230,7,1,1
18422,5711,3607,30,19296,18856,7364,19476,36198,51,1,1
18423,3086,1042,40,12925,12694,2945,13075,20208,20,1,1
18424,7254,5310,40,15099,14488,2345,15299,30258,76,1,1
18425,6633,4649,40,15670,15089,2074,15860,29256,69,1,1
18426,9107,9327,41,16751,15820,1042,16982,36519,121,1,1
18427,2434,291,40,17744,17634,13215,17894,33884,6,1,1
18428,2044,571,40,17784,17614,8075,17934,28674,13,1,1
18429,1914,100,40,13556,13466,581,13686,16341,1,1,1
18430,17974,8386,40,16662,15860,22973,16872,66245,101,1,1
18431,4108,3166,40,14408,14007,2785,14578,24687,46,1,1
18432,13836,14127,40,23264,22001,8706,23545,60244,168,1,1
18433,2175,240,40,17393,17283,14528,17523,34516,5,1,1
18434,8366,9197,40,20910,19947,15008,21130,53751,117,1,2
18435,5921,5040,40,14678,14087,1192,14868,27071,72,1,1
18436,6453,4117,40,14467,13946,2315,14658,27593,63,1,1
18437,7084,4869,40,19968,19357,1463,20158,33614,73,1,1
18438,3226,561,40,17744,17584,14006,17884,35737,12,1,1
18439,2275,641,40,17603,17423,10980,17743,31700,14,1,1
18440,5169,3837,40,17553,17052,1493,17733,28293,59,1,1
18441,6773,4739,40,14387,13816,1833,14588,27963,70,1,1
18442,6672,5571,40,19798,19147,1994,19988,34285,80,1,1
18443,3577,611,40,17894,17724,13025,18054,35307,13,1,1
18444,2635,481,40,17303,17153,13736,17453,34355,10,1,1
18445,3847,2024,40,15390,15058,2234,15550,23705,34,1,1
18446,6913,4418,31,14607,14056,2335,14788,28514,66,1,1
18447,7374,5901,40,20539,19857,1774,20729,35828,82,1,1
18448,2625,201,40,17553,17453,15299,17693,35878,4,1,1
18449,15950,22563,40,6663,4839,14878,6983,60424,245,1,1
18450,7203,5601,40,21040,20409,11883,21250,45967,79,1,1
18451,1974,411,40,9798,9658,2194,9949,14568,9,1,1
18452,5801,3847,40,15480,14988,1342,15670,26710,59,1,1
18453,6412,4899,40,19286,18715,1704,19487,32552,70,1,1
18454,2285,180,40,17133,17013,14247,17263,34025,4,1,1
18455,15880,21921,40,6582,4769,14297,6893,59031,242,1,1
18456,7304,5049,40,19597,19036,12373,19798,44564,67,1,1
18457,6132,5280,40,14808,14186,1122,14999,27593,75,1,1
18458,7645,3687,40,13195,12724,1583,13375,26330,55,1,1
18459,6672,5030,40,20840,20229,1933,21030,34705,74,1,1
18460,14417,8396,40,20770,19977,15890,20980,59743,100,1,1
18461,2665,1062,40,18235,18014,11832,18395,33994,21,1,1
18462,6182,5140,40,15650,15059,1152,15850,28374,73,1,1
18463,5751,1964,40,12554,12263,1523,12724,22002,30,1,1
18464,6823,5340,40,15870,15249,1563,16070,29836,76,1,1
18465,4318,922,40,11733,11532,1653,11893,18836,18,1,1
18466,3326,471,40,18105,17964,15700,18255,37802,10,1,1
18467,16011,21731,40,6633,4820,15750,6953,60495,244,1,1
18468,4549,1693,40,19878,18304,12334,20038,38654,30,1,1
18469,3777,1684,40,13345,13045,1473,13515,20499,30,1,1
18470,4629,1503,30,12133,11843,1543,12293,20008,29,1,1
18471,6773,5390,40,16711,16070,1903,16923,31029,79,1,1
18472,2415,451,40,18295,18135,15620,18435,36971,10,1,1
18473,7854,7925,40,16331,15469,1964,16551,34355,105,1,2
18474,5370,2635,40,19056,18676,16270,19227,43562,42,1,1
18475,14468,16060,40,19226,17834,1022,19507,51107,185,1,1
18476,6442,5771,41,15519,14868,2184,15720,30167,79,1,1
18477,4268,391,40,11582,11442,1693,11732,18124,9,1,1
18478,5070,1202,40,17984,17744,17323,18144,41789,22,1,1
18479,3627,2485,40,14267,13916,2395,14447,23004,40,1,1
18480,7154,3597,40,18956,18505,10800,19146,40747,53,1,1
18481,4609,2865,40,14347,13946,1342,14528,23384,46,1,1
18482,7354,5711,40,14979,14327,2244,15179,30528,80,1,1
18483,3466,1263,40,14127,13876,4118,14287,23174,23,1,1
18484,6583,5039,40,19988,19396,1994,20188,33844,73,1,1
18485,7083,5521,40,16201,15559,2034,16401,31079,78,1,1
18486,7253,5571,40,20459,19818,2194,20659,35737,80,1,1
18487,3076,671,40,10019,9839,1884,10159,15850,14,1,1
18488,5370,3126,40,9699,9297,1222,9869,19637,44,1,1
18489,6752,4719,40,14798,14227,1613,14989,28133,70,1,1
18490,3627,1012,40,13385,13165,4328,13535,22553,19,1,1
18491,6492,3877,40,19857,19366,4078,20048,34545,59,1,1
18492,7003,6082,40,16592,15930,2314,16802,32251,83,1,1
18493,7023,5781,41,20759,20118,3457,20960,37281,80,1,1
18494,3166,1322,40,9999,9759,2124,10149,16811,22,1,1
18495,6793,2946,30,9518,9077,1202,9688,20679,49,1,1
18496,5821,4549,40,14237,13686,1613,14427,26450,66,1,1
18497,2885,632,40,12564,12383,4238,12714,20509,13,1,1
18498,5982,3386,40,19788,19367,7454,19978,36840,49,1,1
18499,6833,5340,40,16672,16051,1753,16862,30838,75,1,1
18500,6613,3136,40,18996,18595,9518,19176,38483,45,1,1
18501,5440,3828,40,11612,11111,1032,11802,22132,59,1,1
18502,3847,802,40,8145,7955,1523,8295,14517,16,1,1
18503,5209,3677,40,11281,10800,1994,11462,22372,55,1,1
18504,4338,361,40,8236,8086,1493,8366,14618,8,1,1
18505,7464,5511,40,15479,14848,3767,15679,32471,78,1,1
18506,6212,4178,40,19858,19337,2044,20048,32532,62,1,1
18507,6813,5670,40,16170,15499,2144,16371,31048,82,1,1
18508,6933,5100,40,19768,19177,2444,19978,34495,73,1,1
18509,3006,651,40,9398,9218,2154,9548,15409,14,1,1
18510,6653,2835,40,8275,7875,1042,8446,19026,44,1,1
18511,7144,3546,40,13044,12574,1172,13226,25148,55,1,1
18512,3917,431,40,8076,7925,1452,8206,14066,9,1,1
18513,2886,331,40,12063,11942,4138,12213,19608,7,1,1
18514,6352,3617,40,19567,19086,4078,19748,33835,55,1,1
18515,7614,5581,40,24687,24036,1343,24887,39475,79,1,1
18516,2324,231,40,9017,8887,2064,9147,13816,5,1,1
18517,6522,4268,40,11021,10480,1132,11212,23184,65,1,1
18518,2926,631,40,13726,13566,3045,13876,20519,12,1,1
18519,7745,2675,40,18716,18345,4989,18886,34335,41,1,1
18520,7264,5180,40,17022,16401,1332,17223,31039,75,1,1
18521,11242,10309,40,21151,20178,1042,21391,44034,125,1,1
18522,3727,1002,40,9678,9458,1734,9838,16341,20,1,1
18523,7374,3787,40,11532,11021,1032,11722,23955,59,1,1
18524,3086,1242,41,14307,14066,2845,14458,21691,22,1,1
18525,6332,2966,40,18395,18104,8286,18555,36199,30,1,1
18526,8697,4889,40,17634,17043,1583,17824,33043,71,1,1
18527,5851,2465,40,18225,17854,3897,18395,30668,41,1,1
18528,3587,571,40,8026,7845,8997,8166,21371,12,1,1
18529,11952,8887,40,8516,7644,3296,8737,32912,109,1,1
18530,892,200,40,7785,7685,711,7925,9788,4,1,1
18531,17644,12504,40,3947,2845,2725,4198,37131,144,1,1
18532,3437,671,40,11983,11773,1112,12123,17393,13,1,2
18533,6462,4809,40,17333,16762,2545,17524,31400,70,1,1
18534,6994,3226,40,18555,18114,2705,18725,31710,49,1,1
18535,7294,6402,40,19677,18986,1393,19888,35017,86,1,1
18536,7584,3907,40,18655,18144,1754,18836,32121,59,1,1
18537,3437,150,40,7525,7425,1172,7665,12484,3,1,1
18538,3697,280,40,12414,12254,1032,12564,17613,6,1,2
18539,4128,2084,40,16170,15850,2174,16341,24777,34,1,1
18540,6221,3797,40,31470,30969,3496,31650,45205,52,1,2
18541,15720,18776,40,23665,22092,1042,23955,59553,210,1,1
18542,3968,601,40,17443,17283,2505,17583,24697,12,1,1
18543,4518,1373,40,7735,7484,972,7905,14818,25,1,1
18544,3266,1302,40,12865,12603,2565,13015,20198,24,1,1
18545,7755,5941,40,17183,16501,1994,17373,33123,83,1,1
18546,5641,4869,40,17634,17063,1984,17824,30368,69,1,1
18547,7104,5661,40,17162,16511,1913,17363,32091,80,1,1
18548,4738,991,40,17643,17423,3016,17804,26600,20,1,1
18549,5891,4328,40,20729,20188,5791,20920,36980,64,1,1
18550,3296,952,40,12434,12213,1764,12584,18646,19,1,1
18551,6072,3647,40,14718,14237,3166,14898,27823,55,1,1
18552,5340,4198,40,14688,13846,1844,14868,26310,61,1,1
18553,7014,5410,30,16612,15990,1953,16802,31219,75,1,1
18554,2344,151,40,17493,17383,13536,17633,33714,3,1,1
18555,1983,611,40,17503,17313,7334,17653,27622,14,1,1
18556,2945,1042,40,12594,12374,2595,12754,19376,20,1,1
18557,6552,4378,40,15108,14577,2245,15299,28524,64,1,1
18558,6953,4899,40,20228,19647,2876,20419,35207,72,1,1
18559,2655,501,40,17363,17213,13736,17503,34445,10,1,1
18560,2224,701,40,18014,17833,9057,18165,30207,14,1,1
18561,2835,1242,40,13415,13175,2595,13566,20288,22,1,1
18562,6823,4859,40,14658,14086,2004,14848,28594,70,1,1
18563,7244,6161,40,20188,19517,1954,20389,35808,84,1,1
18564,12504,8426,40,22092,21270,11642,22312,54934,105,1,1
18565,1964,932,40,17924,17734,11672,18084,32702,17,1,1
18566,1803,271,40,9247,9127,2765,9398,14287,6,1,1
18567,6953,3687,40,16021,15530,1372,16201,28253,56,1,1
18568,7063,6071,40,20669,19978,1993,20870,36048,85,1,1
18569,2124,160,40,17504,17402,14667,17644,34645,3,1,1
18570,6472,6042,40,19457,18736,12233,19657,44454,84,1,2
18571,7173,6513,40,20188,19477,1082,20398,35216,89,1,1
18572,6342,4308,41,20518,19988,2304,20710,33714,63,1,1
18573,2184,151,40,17353,17242,14227,17483,34095,3,1,1
18574,13295,16171,40,22132,20700,12303,22412,64221,185,1,2
18575,13506,13525,40,22542,21290,1052,22803,50936,163,1,1
18576,8687,6412,40,20359,19627,1553,20569,37261,91,1,1
18577,3327,621,40,17884,17714,15560,18024,37592,12,1,1
18578,15850,21871,40,6632,4819,17343,6963,62057,244,1,1
18579,10179,7254,30,21060,20299,13165,21270,51908,96,1,1
18580,4859,3326,40,18585,18134,1583,18765,28584,52,1,1
18581,6723,5050,40,20419,19827,2364,20619,34796,73,1,1
18582,2264,341,40,17874,17754,11743,18024,32422,7,1,1
18583,1833,291,40,17543,17403,13125,17683,32982,7,1,1
18584,5340,4128,40,14538,14037,1232,14738,25488,60,1,1
18585,7444,4168,40,13626,13115,1663,13806,27131,61,1,1
18586,6532,5380,40,20279,19648,1523,20479,33964,78,1,1
18587,2765,271,40,17443,17313,14888,17583,35557,6,1,1
18588,16581,21932,40,23525,21702,12163,23845,74561,239,1,2
18589,4578,2766,40,14026,13646,1342,14207,22943,43,1,1
18590,4218,892,40,11792,11572,1614,11942,18716,19,1,1
18591,7404,5490,40,18736,18105,1463,18926,33343,77,1,1
18592,3927,952,40,11983,11772,1643,12133,18705,18,1,1
18593,4559,110,40,17133,17032,14197,17273,36179,1,1,1
18594,2755,631,41,17913,17723,11892,18065,33383,14,1,1
18595,4759,3497,40,14477,14017,1263,14667,24246,54,1,1
18596,5040,1042,40,11822,11602,1834,11982,19938,20,1,1
18597,6362,5370,40,15860,15249,1874,16070,29716,76,1,1
18598,2424,511,41,29996,29826,44865,30147,78348,10,1,2
18599,15198,11742,300,59904,58551,20429,60785,108365,67,1,1
18600,12032,12694,80,39435,38163,1323,39935,66075,77,1,1
18601,4438,3607,81,26189,25628,3997,26500,38633,28,1,1
18602,7064,941,80,24727,24436,1523,25018,34636,9,1,1
18603,3997,1703,40,17994,17783,17443,18145,41348,18,1,1
18604,15950,22693,40,18765,16832,3577,19076,61346,243,1,2
18605,2465,812,40,17914,17724,15880,18064,37271,15,1,1
18606,7144,5891,40,14768,14097,2145,14968,30208,80,1,2
18607,7204,5681,40,15379,14758,2485,15569,30989,77,1,1
18608,3717,1292,41,14196,13946,3797,14348,23194,24,1,1
18609,6192,4027,40,20790,20299,4819,20980,36058,58,1,1
18610,6873,6282,40,22944,22242,1953,23134,38292,86,1,1
18611,3115,1052,40,10369,10149,2205,10519,16952,19,1,1
18612,6622,3898,40,10510,10049,1142,10690,22412,54,1,1
18613,6302,4769,40,16721,16180,2155,16912,30188,66,1,1
18614,2815,792,40,13145,12965,4258,13305,21200,15,1,1
18615,6653,3938,40,20198,19717,5521,20378,36520,55,1,1
18616,7013,5501,40,15710,15089,1773,15890,30217,74,1,1
18617,6913,5140,40,20479,19908,4138,20669,36900,70,1,1
18618,17222,6161,40,20169,19557,17142,20359,60935,74,1,1
18619,3507,1052,40,7625,7434,10359,7775,22753,17,1,1
18620,18856,19708,40,14608,13035,5841,14898,59343,210,1,1
18621,3517,2214,40,22813,22493,5330,22983,34074,35,1,1
18622,2455,681,40,8265,8095,2014,8406,13616,13,1,1
18623,3246,1142,40,13225,13005,3948,13375,21761,20,1,1
18624,7133,5571,40,20499,19878,5390,20699,38843,76,1,1
18625,7083,5881,40,16261,15609,2024,16452,31500,80,1,1
18626,7374,5721,40,20168,19537,3667,20358,37180,78,1,1
18627,3507,901,41,9798,9598,2034,9949,16441,17,1,1
18628,3908,230,40,7925,7795,1492,8055,13736,5,1,1
18629,6752,4498,40,11222,10691,1432,11412,24145,65,1,1
18630,3697,551,40,19477,19286,2094,19627,25999,11,1,2
18631,6823,2885,40,31039,30629,16712,31209,57669,41,1,2
18632,2474,1153,40,17894,17653,11732,18054,33443,22,1,1
18633,5340,3697,40,12223,11752,1072,12403,22552,55,1,1
18634,6392,4468,41,11561,11061,1402,11753,24045,60,1,1
18635,4489,581,40,8035,7875,1462,8186,14768,12,1,1
18636,5561,2505,40,14447,14077,3176,14617,25909,41,1,1
18637,7635,4218,40,19567,19046,2936,19747,34566,61,1,1
18638,6993,6142,40,18615,17954,1342,18816,33333,83,1,1
18639,6883,4639,40,19587,19006,2966,19777,34295,69,1,1
18640,3376,1263,40,9849,9608,1563,9999,16251,23,1,1
18641,6102,4148,40,10781,10290,1252,10971,22513,58,1,1
18642,3918,871,40,7264,7083,1032,7414,13285,16,1,1
18643,5821,3247,30,16000,15549,1954,16170,27232,51,1,1
18644,6452,3457,40,32632,32171,11862,32812,54623,49,1,2
18645,2274,1022,40,17974,17764,7615,18124,29085,19,1,1
18646,4639,1844,40,13475,13185,1222,13636,21391,30,1,1
18647,6693,4228,40,11132,10630,1483,11322,23766,60,1,1
18648,8896,11001,40,26340,25428,1092,26571,47600,118,1,1
18649,6983,6222,40,18976,18285,1773,19176,34204,85,1,1
18650,7234,3236,40,18555,18125,1804,18715,31039,48,1,1
18651,2625,230,41,8896,8776,2394,9037,14337,5,1,1
18652,4057,1123,40,8566,8346,1222,8706,15158,20,1,1
18653,3877,521,40,12183,11982,1052,12324,17814,10,1,2
18654,5009,3697,40,17774,17303,3918,17954,30618,55,1,1
18655,7233,2565,40,18395,18045,2796,18565,31189,37,1,1
18656,7124,6332,40,20699,20008,1152,20899,35548,86,1,1
18657,6432,1754,40,18034,17744,2184,18194,28614,31,1,1
18658,3807,210,40,7735,7614,1152,7875,13094,5,1,1
18659,3436,180,40,5260,5149,1262,5391,10329,5,1,1
18660,2805,411,40,7244,7114,1152,7384,11802,8,1,1
18661,6062,4869,40,18515,17934,3677,18705,33373,71,1,1
18662,7154,3206,40,18726,18305,2314,18906,31630,49,1,1
18663,7374,6783,40,22062,21321,1112,22252,37571,92,1,1
18664,2374,150,41,17112,17002,5290,17253,25097,2,1,1
18665,4388,1593,40,8396,8105,961,8557,15539,29,1,1
18666,3386,1463,40,15850,15580,2645,16010,23534,26,1,1
18667,6653,5590,40,22513,21871,2224,22703,37210,78,1,1
18668,8736,2645,40,18485,18114,1502,18646,31569,40,1,1
18669,5801,4258,41,19837,19326,6643,20018,36770,61,1,1
18670,3697,1824,40,18545,18245,3868,18705,28144,31,1,1
18671,6813,5350,40,20690,20058,2224,20880,35307,77,1,1
18672,2936,401,40,17844,17704,15569,17984,36950,9,1,1
18673,2776,1082,40,18285,18024,7905,18425,30238,18,1,2
18674,3577,1603,40,12904,12634,2464,13075,20749,28,1,1
18675,8286,4769,40,15259,14688,2364,15449,30908,69,1,1
18676,6552,5080,40,22082,21481,2154,22262,36098,72,1,1
18677,2335,170,40,17303,17203,12704,17443,32702,3,1,1
18678,2074,491,40,17623,17473,10841,17773,31209,10,1,1
18679,7414,7625,40,21320,20519,1042,21530,37661,101,1,1
18680,6682,5361,40,20328,19727,1863,20519,34475,74,1,1
18681,2806,651,40,18245,18065,12594,18385,34476,13,1,1
18682,2104,441,40,17804,17663,9669,17954,30208,9,1,1
18683,3045,561,40,9357,9187,2335,9488,15479,12,1,1
18684,5039,2244,40,15319,14988,1503,15499,24316,36,1,1
18685,6713,5340,41,19667,19046,2014,19858,33975,76,1,1
18686,2295,220,40,17884,17774,15039,18024,35618,5,1,1
18687,16100,22653,40,6682,4859,16001,6983,61797,244,1,1
18688,9698,8055,40,20849,20038,12855,21070,51708,104,1,1
18689,5721,4178,40,15279,14768,1363,15469,26771,61,1,1
18690,7094,4448,40,14197,13656,2054,14387,28023,66,1,1
18691,6402,5380,40,19928,19317,2044,20128,34004,76,1,1
18692,2715,121,40,17253,17142,14998,17383,35257,1,1,1
18693,10459,9648,40,21050,20089,11722,21280,53150,121,1,2
18694,6292,5250,40,15700,15079,1132,15900,28614,77,1,1
18695,7034,4298,40,14097,13586,1883,14277,27542,61,1,1
18696,7043,4749,40,20118,19537,1543,20309,33684,70,1,1
18697,2896,421,40,17463,17313,17333,17603,38303,9,1,1
18698,16151,22182,40,6643,4830,20028,6963,65364,244,1,1
18699,8907,7174,40,20188,19457,14929,20398,51448,91,1,1
18700,5901,5200,40,19557,18956,1192,19757,32080,74,1,1
18701,6282,5099,40,19817,19216,1754,19998,33183,72,1,1
18702,2374,191,40,17643,17543,15289,17784,35688,3,1,1
18703,13335,16351,40,22783,21331,11020,23054,63790,187,1,2
18704,2614,911,40,13065,12854,2375,13215,19166,18,1,1
18705,8025,4398,40,13536,13014,1553,13716,27752,62,1,1
18706,6352,5270,40,20238,19647,2134,20428,34224,72,1,1
18707,2004,110,40,17173,17083,14588,17313,34065,1,1,1
18708,15911,22292,40,6603,4799,12093,6913,57259,244,1,1
18709,4569,2675,40,18886,18485,10891,19056,37231,44,1,1
18710,13675,9519,40,44013,43112,10450,44243,77937,117,1,1
18711,16962,15089,40,17052,15760,13786,17323,63200,171,1,1
18712,3316,2475,40,11141,10810,10761,11331,27923,37,1,1
18713,3015,782,40,12203,12013,1814,12353,18014,16,1,1
18714,4899,211,40,17824,17704,12393,17964,35517,5,1,1
18715,4389,2505,40,18595,18234,11843,18755,37542,39,1,1
18716,2344,602,40,10520,10339,1923,10670,15579,13,1,1
18717,7053,4098,40,16331,15830,1323,16521,29045,61,1,1
18718,6772,5270,40,16481,15870,1814,16672,30568,75,1,1
18719,2204,311,40,31670,31500,15119,31810,49494,6,1,2
18720,5140,2014,40,18405,18085,9368,18575,35137,34,1,1
18721,2324,621,40,12173,12012,2254,12324,17563,12,1,1
18722,5941,3587,40,10791,10319,1162,10961,21701,55,1,1
18723,8406,7364,40,16020,15249,1623,16230,33663,98,1,1
18724,3367,160,40,11352,11251,2214,11492,17273,3,1,1
18725,6041,1513,40,18966,18696,8386,19126,35126,27,1,1
18726,7875,7364,40,16842,16071,1383,17042,33714,98,1,1
18727,7063,5411,40,20709,20098,3998,20909,37421,75,1,1
18728,3948,1282,40,12654,12414,2215,12814,20309,23,1,1
18729,6703,5190,40,14427,13846,2534,14618,29105,72,1,1
18730,3566,1523,40,13907,13645,4478,14067,23674,27,1,1
18731,10159,9679,40,22393,21451,1052,22623,43573,122,1,1
18732,7244,5971,40,16602,15910,1933,16802,31980,85,1,1
18733,7154,5600,40,20800,20138,1733,21000,35527,81,1,1
18734,4168,2074,40,10931,10600,1914,11091,19297,35,1,1
18735,5941,3236,40,9718,9277,1192,9879,20298,50,1,1
18736,6272,4669,40,14117,13576,1543,14297,26831,65,1,1
18737,3467,1122,40,13145,12915,3787,13295,21721,20,1,1
18738,7103,3878,40,19898,19417,5861,20088,36970,57,1,1
18739,7203,5891,40,16180,15529,1624,16381,31129,81,1,1
18740,6994,5039,41,20027,19456,3637,20219,35939,70,1,1
18741,3096,952,40,9909,9689,2204,10059,16361,18,1,1
18742,3857,210,40,7864,7744,1512,7996,13615,5,1,1
18743,7665,5130,40,12343,11752,1142,12544,26531,73,1,1
18744,3707,241,40,8125,8015,1513,8265,13766,5,1,1
18745,2976,1062,40,12834,12614,4248,12984,21310,19,1,1
18746,6693,4889,40,20519,19928,6833,20710,39165,71,1,1
18747,6863,5581,40,15670,15029,2194,15860,30548,79,1,1
18748,8125,5019,40,20108,19527,4499,20298,38002,71,1,1
18749,5711,3908,30,12474,11973,1032,12654,23355,58,1,1
18750,6903,5250,40,12083,11452,1513,12273,25989,76,1,1
18751,3727,431,40,8026,7874,1693,8166,14067,10,1,1
18752,3367,2013,40,14187,13876,2765,14358,22553,34,1,1
18753,7104,3787,40,27452,26942,3948,27632,42531,55,1,2
18754,6763,5099,40,15940,15329,2024,16141,30067,75,1,1
18755,7685,4288,40,19497,18996,4429,19677,36129,61,1,1
18756,3757,1152,40,10260,10019,1853,10400,17212,21,1,1
18757,6632,4729,41,12623,12083,1432,12815,25648,66,1,1
18758,4328,1513,40,8676,8406,1143,8836,15870,28,1,1
18759,3868,120,40,7524,7424,1532,7665,13215,1,1,1
18760,6503,4458,41,15449,14898,3316,15620,29957,65,1,1
18761,6322,4208,40,19807,19287,1933,19998,32501,63,1,1
18762,7094,6412,40,25198,24487,1503,25398,40457,88,1,1
18763,9077,7704,40,13115,12323,992,13326,31149,99,1,1
18764,6082,3847,40,10691,10210,1192,10871,22032,56,1,1
18765,4058,691,40,6893,6702,1032,7034,12855,14,1,1
18766,4268,2555,41,16350,15990,2464,16522,25859,40,1,1
18767,6502,3337,40,33163,32672,10670,33333,53892,52,1,2
18768,4658,2395,40,18646,18285,6973,18816,32892,39,1,1
18769,4358,1503,40,8987,8727,1523,9147,16581,26,1,1
18770,4649,1422,40,14437,14147,1222,14598,21931,25,1,2
18771,4218,881,40,5660,5460,1032,5821,11982,18,1,1
18772,8596,9048,40,20409,19517,1392,20639,39715,114,1,1
18773,6011,2034,40,18285,17964,8225,18445,34765,34,1,1
18774,8105,7875,40,20399,19587,1072,20609,37711,104,1,1
18775,5901,2986,40,18555,18155,4248,18726,31911,46,1,1
18776,5871,2615,40,9989,9608,1663,10160,20349,42,1,1
18777,5310,782,40,7795,7604,1232,7945,15319,16,1,1
18778,3377,551,40,9067,8897,1994,9217,15169,12,1,1
18779,7224,5721,40,16251,15610,2234,16451,31660,80,1,1
18780,7144,3537,40,28394,27933,1573,28574,40878,50,1,2
18781,8997,5250,40,16441,15840,1944,16641,32862,74,1,1
18782,4880,1422,40,17954,17693,4779,18115,29226,26,1,1
18783,4268,170,40,7945,7844,1693,8076,14257,3,1,1
18784,3397,521,40,5460,5290,1243,5600,10801,11,1,1
18785,3416,1303,40,8085,7825,1001,8236,13996,24,1,1
18786,6552,4990,40,18866,18265,1854,19066,32502,74,1,1
18787,6041,2385,40,18355,17994,2996,18525,29997,39,1,1
18788,6783,5921,40,21591,20919,1282,21792,35828,83,1,1
18789,3447,1402,40,18595,18345,7825,18755,31470,24,1,1
18790,3667,521,40,7705,7535,972,7845,13055,12,1,1
18791,4258,1944,40,10790,10470,2034,10950,19236,34,1,1
18792,12694,14868,41,20528,19186,1042,20790,49444,176,1,1
18793,8636,5861,41,21170,20508,1833,21361,37751,82,1,1
18794,4318,591,40,17934,17754,3256,18084,26299,14,1,1
18795,6282,4118,40,20148,19648,6432,20329,37191,58,1,1
18796,3526,1263,40,12524,12273,2575,12684,20088,24,1,1
18797,6803,4679,40,15780,15199,2384,15970,29876,70,1,1
18798,6171,4829,40,21450,20879,2344,21641,35046,70,1,1
18799,2595,300,40,17783,17663,13586,17934,34445,6,1,1
18800,2204,521,40,17893,17753,7744,18045,28564,10,1,1
18801,3196,952,40,12805,12584,2464,12955,19607,19,1,1
18802,6983,5270,40,15299,14698,2365,15489,30167,74,1,1
18803,6342,5039,40,19597,18986,2034,19788,33233,73,1,1
18804,2846,390,40,17673,17543,13877,17824,34967,8,1,1
18805,3126,581,40,17903,17733,11812,18045,33614,12,1,1
18806,7685,7254,40,22863,22092,1103,23073,39145,97,1,1
18807,6612,5341,40,20358,19747,1472,20548,34034,74,1,1
18808,13606,7634,40,21571,20819,14918,21772,57980,94,1,1
18809,2495,1082,40,18094,17874,13596,18244,35467,19,1,1
18810,10810,5541,40,22272,21671,15258,22462,54112,73,1,1
18811,3647,1844,40,14147,13856,8857,14297,28695,30,1,1
18812,5120,2284,40,13114,12784,9838,13276,30558,35,1,1
18813,6963,5510,40,17383,16741,5460,17574,35547,78,1,1
18814,13365,7915,40,21681,20909,13786,21882,57008,98,1,1
18815,2004,541,40,17974,17824,15409,18124,36128,12,1,1
18816,7233,7284,41,12493,11712,2205,12694,29456,94,1,2
18817,7144,5611,40,16151,15499,1402,16341,30558,80,1,1
18818,6362,4659,40,21300,20730,1933,21491,34475,67,1,1
18819,2675,401,40,17824,17683,12053,17974,33153,8,1,1
18820,2083,651,40,17854,17674,11552,18004,32331,14,1,1
18821,5741,4919,40,20199,19618,1232,20389,32321,71,1,1
18822,6272,5059,41,20288,19687,1573,20479,33423,73,1,1
18823,2856,591,40,17854,17684,15700,18004,37191,14,1,1
18824,15960,22984,41,6842,4979,14447,7164,60595,251,1,1
18825,9207,7835,40,21411,20609,12524,21621,51217,101,1,1
18826,5160,7314,40,19968,19407,1383,20158,34065,67,1,1
18827,6181,4820,40,19326,18745,2043,19517,32591,69,1,1
18828,2274,200,40,17443,17332,12864,17584,32972,4,1,1
18829,2084,551,40,17623,17453,11693,17773,32131,12,1,1
18830,5611,3507,40,14297,13846,1283,14487,24938,54,1,1
18831,6974,3827,40,13456,12975,1863,13636,26330,56,1,1
18832,6533,4799,40,20158,19567,1724,20348,33454,72,1,1
18833,15239,8236,40,21331,20509,17182,21541,62248,103,1,1
18834,6141,2585,40,18895,18495,15078,19056,42901,43,1,1
18835,5170,3657,40,15339,14848,1282,15519,25678,57,1,1
18836,6632,4990,40,15790,15189,1924,15980,29556,72,1,1
18837,3867,551,40,11542,11372,1693,11682,17833,12,1,1
18838,4158,742,40,11782,11592,1663,11922,18535,15,1,1
18839,6022,1643,40,18435,18165,17894,18595,44194,27,1,1
18840,10791,10900,40,21090,20008,12564,21331,55626,136,1,2
18841,6452,5541,40,14878,14257,1132,15068,28243,76,1,1
18842,6472,5250,40,14678,14087,1984,14868,28624,73,1,1
18843,4478,1293,40,11933,11692,1573,12093,19487,24,1,1
18844,3447,1413,40,30758,30458,18615,30908,54433,25,1,2
18845,2214,802,40,17654,17463,14177,17794,35047,16,1,1
18846,6673,5611,40,15159,14507,1102,15359,28775,81,1,1
18847,6272,5110,40,17884,17273,2235,18064,31731,73,1,1
18848,2905,692,40,12774,12594,4739,12924,21290,14,1,1
18849,3717,2044,40,19227,18886,8937,19397,34125,36,1,1
18850,7624,5130,40,15710,15119,2094,15900,30788,72,1,1
18851,7464,5240,30,20809,20188,4218,20999,37962,75,1,1
18852,4549,2324,40,13215,12845,3306,13376,23605,39,1,1
18853,6612,4128,40,14398,13877,2054,14588,27422,62,1,1
18854,3757,1152,40,13566,13335,4288,13726,22973,22,1,1
18855,7193,4950,40,20619,20028,5240,20819,38252,73,1,1
18856,7223,5872,40,16190,15529,1933,16381,31459,81,1,1
18857,7234,6562,40,20889,20168,4729,21090,39655,89,1,1
18858,3226,1283,40,10370,10129,2144,10520,17213,22,1,1
18859,6522,3136,40,9608,9167,1182,9779,20669,50,1,1
18860,6021,4178,40,13786,13265,1644,13966,25859,61,1,1
18861,1844,190,40,11953,11853,661,12093,14838,4,1,1
18862,17633,20539,40,24356,22673,7053,24657,69922,225,1,1
18863,7254,5751,40,16071,15420,1783,16261,31109,80,1,1
18864,6853,4168,30,19987,19487,4408,20169,35638,58,1,1
18865,4769,2865,40,11502,11091,1353,11682,20699,47,1,1
18866,6562,5811,40,12374,11723,1002,12574,25979,80,1,1
18867,4508,1473,40,8186,7925,1312,8346,15679,26,1,1
18868,3456,1243,40,8376,8135,1743,8536,15018,23,1,1
18869,3827,1643,40,13757,13455,3867,13907,23294,30,1,1
18870,6111,3537,40,19688,19237,5731,19868,35297,54,1,1
18871,6953,5862,40,15970,15309,1934,16160,30969,82,1,1
18872,7535,5490,40,20138,19507,4508,20339,37912,79,1,1
18873,4398,1774,40,12584,12283,1903,12754,20869,32,1,1
18874,6432,4488,40,11592,11041,1363,11772,24096,65,1,1
18875,2936,661,40,12704,12534,4218,12854,20709,13,1,1
18876,6512,4118,40,19968,19447,4899,20158,35717,63,1,1
18877,7985,6142,40,18896,18195,1303,19096,34566,88,1,1
18878,9428,5000,40,19747,19146,3697,19938,38103,73,1,1
18879,5671,1413,40,10630,10379,2415,10790,20349,25,1,1
18880,6974,4007,40,11332,10851,1222,11502,23755,57,1,1
18881,5130,821,40,8175,7985,1593,8326,15930,16,1,1
18882,8196,4849,40,16051,15460,2955,16241,32281,72,1,1
18883,7314,4599,40,19777,19236,1323,19957,33243,64,1,1
18884,7254,5911,40,25489,24807,1733,25689,40637,85,1,1
18885,2765,641,40,9658,9498,1964,9808,15239,13,1,1
18886,5501,3977,40,10641,10139,1352,10821,21681,58,1,1
18887,3567,521,40,6933,6763,1082,7083,12293,12,1,1
18888,5851,4228,40,17704,17193,3567,17894,31580,61,1,1
18889,7033,4188,41,19717,19166,1333,19898,32502,65,1,1
18890,7214,6272,60,19096,18405,1874,19316,34716,86,1,1
18891,7805,4498,40,19237,18695,1834,19427,33594,65,1,1
18892,2816,441,40,11071,10921,2304,11211,16822,10,1,1
18893,4409,1092,40,8165,7945,972,8325,14838,21,1,1
18894,4359,901,40,6913,6712,1032,7064,13396,17,1,1
18895,3958,1052,40,6042,5821,1052,6192,12314,20,1,1
18896,2154,972,40,9007,8807,2795,9167,15149,18,1,1
18897,5571,3266,40,14618,14197,2705,14788,26370,48,1,1
18898,7484,2284,40,18725,18395,7364,18895,36078,37,1,1
18899,9158,9067,40,20409,19497,1282,20639,40196,118,1,1
18900,6422,3296,40,18616,18185,3486,18796,32040,50,1,1
18901,4068,1112,40,9448,9237,1503,9608,16341,20,1,1
18902,4108,1433,40,9057,8767,1263,9207,16061,28,1,1
18903,2866,741,40,15429,15239,601,15580,19818,15,1,1
18904,13616,9408,40,20549,19597,1453,20779,45286,122,1,1
18905,7314,6573,40,19908,19176,1112,20108,35157,91,1,1
18906,4809,1924,40,18315,18004,1533,18475,26791,32,1,1
18907,6101,1042,41,8626,8406,1773,8777,17753,20,1,1
18908,2985,211,40,5240,5130,1413,5380,10039,5,1,1
18909,2976,1413,40,11211,10951,3467,11371,19267,26,1,1
18910,7715,4288,40,22062,21491,1473,22252,35758,64,1,2
18911,6432,5350,40,19166,18555,3136,19357,34315,74,1,1
18912,7334,2114,40,18415,18084,1793,18585,29866,36,1,1
18913,2595,290,40,17584,17463,8346,17734,29005,7,1,1
18914,3657,481,40,7474,7314,972,7624,12784,11,1,1
18915,5340,3176,40,17223,16782,1763,17403,27732,51,1,1
18916,6673,5059,41,21510,20909,2084,21711,35577,74,1,1
18917,3257,380,40,17322,17172,11351,17464,32502,9,1,1
18918,1723,271,40,17423,17293,8336,17563,27943,6,1,1
18919,3607,1422,40,13986,13736,2515,14147,21751,25,1,1
18920,7775,5370,40,15038,14437,1683,15239,30097,73,1,1
18921,6453,4999,40,21030,20428,1814,21220,34536,72,1,1
18922,13777,7714,40,21952,21170,11001,22162,54704,100,1,1
18923,2044,551,40,17673,17503,7504,17824,27953,13,1,1
18924,2605,842,40,10209,10009,2355,10359,16201,16,1,1
18925,7033,5390,40,16892,16271,1402,17083,30958,76,1,1
18926,6703,5090,40,21741,21120,2495,21931,36269,75,1,1
18927,2845,752,40,18074,17894,13656,18224,35537,15,1,1
18928,1292,331,40,18305,18185,631,18455,20749,7,1,1
18929,16752,21901,40,6632,4839,9478,6953,55134,243,1,1
18930,4418,3697,40,20068,19577,1814,20248,30207,57,1,1
18931,6162,4989,40,21501,20910,2134,21701,35026,72,1,1
18932,3166,681,40,17954,17773,15900,18105,37892,14,1,1
18933,16250,22974,40,6593,4800,17263,6913,63450,242,1,1
18934,9568,7484,40,21571,20820,14538,21781,53411,96,1,1
18935,5941,5310,40,14898,14267,1152,15089,27532,77,1,1
18936,7364,5631,40,15560,14908,1833,15760,30628,80,1,1
18937,6322,4999,40,16722,16121,1473,16912,29746,74,1,1
18938,6772,4629,40,13466,12924,1623,13646,26720,65,1,1
18939,14708,8556,40,21712,20879,12413,21922,57629,105,1,1
18940,4639,2294,40,18645,18315,11371,18806,37160,35,1,1
18941,6171,4829,40,15589,15008,1182,15780,28003,70,1,1
18942,7054,4619,40,14457,13896,1974,14647,28354,69,1,1
18943,6402,4960,40,20439,19837,1583,20629,33614,74,1,1
18944,2675,461,40,18195,18044,571,18325,22082,9,1,1
18945,17433,12313,40,4058,2946,30067,4308,64161,147,1,1
18946,4850,2554,40,19066,18675,15249,19237,41920,43,1,1
18947,5190,4428,40,20098,19567,1273,20278,31219,63,1,1
18948,6262,5039,41,25077,24476,2104,25268,38713,73,1,1
18949,2295,371,40,18054,17924,15349,18204,36259,8,1,1
18950,15239,19948,40,23445,21752,15569,23735,74541,224,1,2
18951,2484,451,40,9949,9809,3016,10099,16090,9,1,1
18952,7114,4639,40,11261,10690,1173,11451,24427,69,1,1
18953,6673,3717,40,13536,13085,1773,13706,25919,52,1,1
18954,6522,5120,40,19467,18836,2354,19657,33703,76,1,1
18955,3266,270,40,17823,17703,15739,17964,37290,6,1,1
18956,10139,10410,40,20890,19867,10690,21130,52399,128,1,2
18957,6161,5371,40,15690,15058,1132,15880,28584,76,1,1
18958,6863,3707,40,13596,13124,1914,13776,26300,54,1,1
18959,6713,5290,40,15309,14698,1924,15499,29476,75,1,1
18960,6011,1944,40,12394,12083,1633,12554,22192,33,1,1
18961,2084,161,40,17503,17413,14908,17643,34856,3,1,1
18962,16852,20929,40,6342,4619,12313,6662,56797,233,1,1
18963,4739,2595,40,19387,19006,10640,19557,37571,42,1,1
18964,4518,2345,40,14227,13887,1393,14397,22683,37,1,1
18965,4178,852,40,11853,11642,1643,12003,18716,17,1,1
18966,6943,5541,40,15339,14698,1804,15539,29867,79,1,1
18967,3817,300,40,11391,11261,2716,11531,18405,7,1,1
18968,7124,3466,40,20398,19958,7864,20579,39084,52,1,1
18969,6242,3166,41,19016,18605,11532,19187,40177,46,1,1
18970,6632,5952,40,15249,14568,1082,15449,29145,83,1,1
18971,6111,4659,40,14277,13726,1794,14467,27071,67,1,1
18972,4479,681,40,11953,11773,1673,12093,18976,14,1,1
18973,4328,1873,40,31901,31590,10921,32071,49234,30,1,2
18974,6653,3206,40,19156,18736,10189,19327,39435,48,1,1
18975,6312,4459,40,17623,17052,1222,17814,29837,67,1,1
18976,6573,5460,40,14899,14267,2324,15099,29496,78,1,1
18977,2966,681,40,12924,12754,4539,13075,21301,14,1,1
18978,6112,3516,41,20158,19707,4518,20339,34525,52,1,1
18979,7574,6803,40,16922,16191,1883,17132,33443,92,1,1
18980,7875,6192,40,20318,19727,3237,20508,37862,72,1,1
18981,3457,1152,40,12354,12113,2154,12504,19307,22,1,1
18982,6442,5090,40,14568,13977,2244,14748,28574,72,1,1
18983,3396,1363,40,13846,13596,4078,14006,22873,25,1,1
18984,6642,4880,40,20719,20148,2675,20899,35136,68,1,1
18985,6963,5741,40,16752,16130,2174,16952,31870,78,1,1
18986,7935,5330,40,20489,19897,4960,20689,38944,73,1,1
18987,4128,1613,40,10540,10259,1893,10701,18365,27,1,1
18988,5721,2886,40,9388,8977,1212,9558,19417,47,1,1
18989,5881,4709,40,14628,14057,1733,14808,27181,68,1,1
18990,3376,1453,40,13366,13105,4027,13516,22432,25,1,1
18991,6412,3627,40,19767,19316,4769,19948,34806,53,1,1
18992,6893,5621,40,15740,15099,1844,15930,30338,79,1,1
18993,6503,1863,30,18325,18025,12003,18485,38894,31,1,1
18994,4359,3025,40,12403,11992,1102,12584,21110,48,1,1
18995,5992,4218,40,12614,12073,1503,12794,24557,65,1,1
18996,4739,831,40,7986,7794,1432,8136,15178,17,1,1
18997,5250,722,40,8255,8055,1442,8406,15860,16,1,1
18998,5932,3065,40,14928,14507,3717,15099,27863,49,1,1
18999,6162,4138,40,19898,19387,2134,20088,32582,62,1,1
19000,7595,5881,40,17002,16331,2605,17202,33323,83,1,1
19001,7384,5651,40,20078,19417,1603,20279,34967,82,1,1
19002,1633,110,41,13355,13275,601,13496,15880,1,1,1
19003,17944,7194,40,11302,10610,12273,11502,48973,88,1,1
19004,5220,2064,40,18325,17974,1844,18475,27653,33,1,2
19005,3307,871,40,12614,12404,3287,12764,20279,18,1,1
19006,7704,3236,41,19587,19136,3987,19758,34735,51,1,1
19007,6222,4498,40,17774,17223,1303,17964,30037,67,1,1
19008,5851,3386,41,19647,19176,7254,19828,36349,54,1,1
19009,3576,942,40,10791,10570,2004,10931,17513,19,1,1
19010,7124,4058,40,11752,11241,1323,11932,24467,59,1,1
19011,4608,1052,40,14237,13996,1623,14387,21721,21,1,1
19012,6282,2345,40,26931,26551,9709,27101,45497,39,1,2
19013,7935,7194,40,16702,15911,1353,16912,33444,100,1,1
19014,16642,18515,40,23545,22042,4028,23825,63060,199,1,1
19015,4017,1643,40,10139,9848,1503,10300,17523,29,1,1
19016,5811,4348,40,11292,10761,1312,11482,22993,65,1,1
19017,4068,200,40,6602,6492,1072,6733,12113,4,1,1
19018,6161,4579,40,17834,17283,3497,18014,32301,66,1,1
19019,7163,3597,40,19227,18755,5661,19407,35858,54,1,1
19020,7183,6453,40,19206,18495,1784,19406,34866,88,1,1
19021,7284,4478,41,19156,18615,2525,19337,33674,64,1,1
19022,3346,571,40,8726,8556,2215,8876,15049,12,1,1
19023,3867,1373,30,14858,14557,1112,14998,21410,25,1,2
19024,3577,952,40,5771,5551,1012,5921,11502,19,1,1
19025,2324,1102,40,14698,14458,3477,14858,21801,21,1,1
19026,7324,3306,40,19056,18616,4108,19236,34004,50,1,1
19027,7013,6132,40,19527,18816,1774,19727,34686,87,1,1
19028,6653,3035,41,18795,18384,1864,18966,30558,47,1,1
19029,3637,811,40,8196,8026,972,8346,13816,15,1,1
19030,4558,582,40,5350,5190,1132,5500,11812,12,1,1
19031,3026,501,40,7725,7564,1663,7875,13105,11,1,1
19032,3587,1533,40,10590,10309,2435,10740,18345,27,1,1
19033,7044,4989,40,16071,15490,1723,16261,30057,72,1,1
19034,6151,2745,40,18695,18305,3356,18865,31169,44,1,1
19035,6593,5080,40,18795,18174,1252,18986,31961,75,1,1
19036,3727,752,40,17693,17513,3837,17844,26220,16,1,1
19037,3757,361,40,7825,7695,972,7975,13095,8,1,1
19038,2384,121,40,4839,4739,1523,4969,9037,1,1,1
19039,3376,2184,40,19768,19386,2324,19928,27852,37,1,2
19040,7264,6051,40,16160,15489,2345,16361,32071,84,1,1
19041,6393,5480,40,20199,19577,5460,20389,37782,76,1,1
19042,5551,611,40,17533,17353,1683,17684,25579,13,1,1
19043,3967,1343,40,18545,18285,8376,18705,32441,25,1,1
19044,4048,310,40,7334,7203,962,7474,12844,7,1,1
19045,5801,4037,41,18214,17713,2625,18395,30908,59,1,1
19046,6492,5561,40,21320,20679,2544,21521,36158,79,1,1
19047,2865,992,40,18034,17804,13195,18185,35277,21,1,1
19048,1863,702,40,18234,18054,7976,18384,28975,14,1,1
19049,6863,6352,40,21221,20519,1102,21411,35778,87,1,1
19050,6312,4609,40,21751,21180,2094,21941,34996,69,1,1
19051,2495,391,40,18415,18274,13936,18555,35417,8,1,1
19052,6522,3306,40,19336,18886,7434,19517,36820,52,1,1
19053,2675,791,40,12294,12103,4328,12444,20288,16,1,1
19054,8126,4709,40,15229,14688,2705,15419,30989,66,1,1
19055,8436,5150,40,19968,19367,2264,20148,36058,73,1,1
19056,3327,551,40,17874,17714,14497,18014,36439,11,1,1
19057,2535,551,40,17574,17413,9748,17724,30598,12,1,1
19058,3086,1382,40,13315,13064,2705,13466,20689,25,1,1
19059,6823,4809,40,15109,14538,2104,15289,29065,68,1,1
19060,6693,5009,40,21040,20439,1934,21230,34906,73,1,1
19061,3557,661,40,17614,17423,15599,17764,37611,14,1,1
19062,8817,9919,40,20870,19848,14848,21100,54734,127,1,2
19063,5660,4489,40,17333,16772,1242,17503,28944,67,1,1
19064,6692,5340,40,14056,13505,2033,14237,28343,66,1,1
19065,7354,6402,40,20398,19677,1734,20599,36139,90,1,1
19066,2315,300,41,17924,17803,15018,18075,35758,7,1,1
19067,10530,11091,40,21141,20058,12203,21371,55245,134,1,2
19068,6292,4689,40,18926,18345,1232,19106,31359,69,1,1
19069,1603,761,40,12755,12573,2625,12905,17934,14,1,1
19070,6523,4478,40,14338,13776,2004,14528,27583,68,1,1
19071,2715,340,41,18004,17864,15018,18145,36278,8,1,1
19072,2003,612,40,17643,17483,9929,17793,30397,12,1,1
19073,2645,901,41,12533,12343,561,12684,16841,17,1,1
19074,9938,8356,41,15389,14537,1853,15600,35797,109,1,1
19075,6262,5250,41,20589,19967,1863,20780,34205,75,1,1
19076,2865,511,41,17523,17352,15058,17664,36138,11,1,1
19077,15950,21791,40,6623,4799,19216,6923,63931,243,1,1
19078,7113,6042,40,20168,19527,15299,20358,48862,78,1,1
19079,5751,4739,40,15950,15359,1182,16131,27853,70,1,1
19080,7203,3327,40,13345,12915,1864,13525,25959,51,1,1
19081,7084,5720,40,19907,19256,1753,20109,34716,81,1,1
19082,3446,671,40,17944,17773,14888,18095,37140,13,1,1
19083,2405,691,40,17624,17443,10600,17774,31520,15,1,1
19084,3486,1163,40,12834,12584,2315,12974,19998,22,1,1
19085,7575,3206,40,13155,12724,1873,13325,26019,49,1,1
19086,6642,5701,40,19868,19206,1503,20058,33964,81,1,1
19087,1583,110,40,17152,17052,621,17283,19637,1,1,1
19088,18946,9909,41,3406,2454,27001,3627,59543,122,1,1
19089,4458,2856,40,19136,18745,13165,19306,39825,45,1,1
19090,4339,2625,40,18044,17643,1393,18214,26611,44,1,1
19091,6502,4850,40,15369,14778,2224,15559,29185,72,1,1
19092,3055,311,40,29476,29306,16652,29616,49684,7,1,2
19093,2364,631,40,17753,17603,10340,17903,31299,12,1,1
19094,13415,4419,40,9528,9017,18255,9718,45847,62,1,1
19095,3246,1122,30,9869,9649,10941,10019,25378,20,1,1
19096,16031,20378,40,6172,4489,19948,6473,62880,225,1,1
19097,4518,2745,40,11211,10830,14738,11381,33423,43,1,1
19098,11462,12714,40,15880,14728,10671,16130,51037,152,1,1
19099,3086,441,40,11602,11442,2064,11752,17373,11,1,1
19100,4919,1393,40,17944,17684,17243,18094,41699,26,1,1
19101,8506,9878,40,17042,16060,2345,17273,38042,122,1,2
19102,6172,3436,40,18776,18345,12884,18956,41498,50,1,1
19103,5601,4469,40,15269,14738,1252,15449,26821,63,1,1
19104,6432,5060,40,14768,14167,2384,14958,28874,73,1,1
19105,3376,1002,41,13174,12964,4538,13336,22292,19,1,1
19106,6893,4218,40,19948,19427,3928,20128,35207,62,1,1
19107,8015,7154,40,15880,15119,1482,16091,32792,96,1,1
19108,7064,5851,40,20609,19938,5110,20799,38874,82,1,1
19109,3346,1463,40,12835,12564,2174,12985,20008,26,1,1
19110,6492,4378,40,14298,13746,2374,14478,27772,65,1,1
19111,3757,1031,40,13275,13065,3787,13425,22052,18,1,1
19112,8115,4318,41,20188,19667,6412,20369,39254,61,1,1
19113,7013,5661,40,16081,15440,2044,16281,31049,79,1,1
19114,6943,4629,40,20088,19547,4579,20268,36459,65,1,1
19115,3828,1312,40,10440,10190,2184,10590,17964,23,1,1
19116,6011,3547,40,9688,9218,1272,9868,20749,55,1,1
19117,5841,4218,40,13967,13446,1803,14147,26049,61,1,1
19118,2405,511,40,12724,12574,601,12874,16441,10,1,1
19119,17042,18716,40,24046,22483,5290,24336,65434,208,1,1
19120,7234,6372,41,16571,15880,2004,16782,32432,86,1,1
19121,7535,5791,40,20379,19727,3617,20569,37572,80,1,1
19122,3667,1162,40,10871,10630,1904,11021,17804,22,1,1
19123,7484,6973,40,12414,11662,972,12614,28093,93,1,1
19124,3697,170,40,7585,7474,1563,7725,13185,3,1,1
19125,3316,411,40,7895,7745,1643,8045,13455,10,1,1
19126,5250,3376,40,14808,14367,3977,14989,27642,52,1,1
19127,6553,3987,40,19988,19467,2034,20168,32783,61,1,1
19128,7233,5721,41,16361,15709,2504,16562,32060,81,1,1
19129,6933,4949,40,19897,19316,1683,20088,33704,72,1,1
19130,3326,832,40,9768,9568,2033,9919,16160,17,1,1
19131,6522,3437,40,18204,17723,1753,18385,30137,53,1,2
19132,4899,2495,40,9178,8837,1042,9348,17824,37,1,1
19133,1583,161,40,11932,11832,591,12073,14438,3,1,1
19134,17182,17293,40,23043,21561,5139,23324,62989,198,1,1
19135,6022,3807,40,17283,16812,1373,17463,28725,56,1,1
19136,6102,3737,40,19517,19046,8606,19697,38172,55,1,1
19137,2445,621,40,9999,9829,2154,10149,15419,13,1,1
19138,6553,4568,41,11582,11051,1152,11773,24076,64,1,1
19139,3607,1683,40,14708,14417,2514,14859,22713,29,1,1
19140,7093,3076,40,21010,20599,4559,21180,35938,46,1,1
19141,7194,5991,40,25368,24697,1172,25579,39986,85,1,1
19142,3066,331,40,9638,9508,2195,9778,15410,7,1,1
19143,5400,1062,40,8366,8126,1082,8506,16110,21,1,1
19144,6813,3376,41,13946,13495,1503,14127,25849,53,1,1
19145,5009,1453,40,22303,22012,1763,22463,30748,26,1,2
19146,7294,2815,40,29095,28695,11441,29266,50876,41,1,2
19147,3307,1993,41,13645,13325,2424,13806,21581,34,1,1
19148,5741,2836,40,18595,18215,6142,18775,33534,44,1,1
19149,4950,1393,40,12353,12083,2365,12513,21271,26,1,1
19150,3687,451,40,8106,7966,1573,8256,14007,10,1,1
19151,3797,351,40,6603,6473,1012,6753,11963,8,1,1
19152,4348,421,40,5471,5310,1062,5601,11492,11,1,1
19153,4098,1784,40,14968,14678,4489,15128,25539,29,1,1
19154,6873,1783,41,18234,17924,8677,18395,35778,31,1,1
19155,8106,7945,40,20740,19908,1523,20950,38564,104,1,1
19156,4528,1914,40,18155,17844,3917,18315,28714,32,1,1
19157,4118,581,40,7675,7514,1302,7825,13866,12,1,1
19158,3998,561,40,5441,5270,1012,5581,11202,13,1,1
19159,3086,541,40,7795,7625,972,7945,12584,13,1,1
19160,4088,2154,40,16141,15800,2474,16301,25057,36,1,1
19161,5941,2735,40,18405,18004,2986,18575,30288,44,1,1
19162,7314,6743,40,21000,20268,1212,21210,36529,93,1,1
19163,5821,1373,40,17944,17674,1593,18104,26921,26,1,1
19164,3767,151,40,7113,7023,952,7253,12163,2,1,1
19165,8796,9538,40,21490,20549,1021,21732,41137,123,1,1
19166,6522,5430,40,21962,21341,2775,22162,36930,77,1,1
19167,5401,1512,30,17813,17533,3015,17964,27953,28,1,1
19168,5240,3366,41,19356,18905,5922,19527,34105,51,1,1
19169,3837,190,40,7194,7084,952,7334,12343,4,1,1
19170,7474,5280,40,19006,18385,3026,19196,35036,76,1,1
19171,6453,5630,40,21080,20438,1943,21281,35337,79,1,1
19172,3006,140,40,17363,17263,12344,17503,33043,2,1,1
19173,1994,681,41,17863,17693,7784,18015,28524,14,1,1
19174,3547,1343,40,13115,12864,2525,13265,20740,24,1,1
19175,7364,4979,41,15579,14988,2164,15780,30317,73,1,1
19176,6513,5320,40,15399,14758,1954,15599,29416,78,1,1
19177,6652,5541,40,15369,14728,2305,15559,30107,78,1,1
19178,2615,230,40,17924,17814,13396,18074,34345,5,1,1
19179,1803,411,40,17874,17724,7825,18014,28103,9,1,1
19180,3386,1153,40,13155,12934,2505,13315,20389,20,1,1
19181,7294,5119,40,15158,14567,2565,15349,30377,73,1,1
19182,6743,5400,40,17323,16712,2415,17513,32121,74,1,1
19183,6592,4709,40,15339,14778,1422,15530,28303,69,1,1
19184,2474,391,40,17984,17834,551,18115,21581,8,1,1
19185,17002,12444,40,3988,2886,21931,4228,55645,144,1,1
19186,4969,3647,40,20429,19948,12123,20599,41378,55,1,1
19187,6503,5640,40,20789,20148,1193,20989,34386,80,1,1
19188,6362,5090,40,20950,20339,2244,21140,34876,74,1,1
19189,3427,561,40,17734,17574,14447,17884,36369,12,1,1
19190,2675,1453,40,18405,18155,12474,18565,35207,26,1,1
19191,6432,5320,40,19868,19227,1182,20048,33032,77,1,1
19192,6092,4719,40,20629,20058,2415,20819,34085,70,1,1
19193,2304,281,40,17874,17764,15179,18024,35828,6,1,1
19194,16070,18245,40,22924,21351,14147,23204,71726,205,1,2
19195,17022,6222,40,21611,20950,17293,21801,62388,81,1,1
19196,3537,1433,40,17924,17684,13566,18084,36660,24,1,1
19197,3767,862,40,9308,9118,11892,9468,26029,17,1,1
19198,16772,22232,40,23564,21741,20579,23886,83509,246,1,1
19199,16982,11402,40,22342,21300,14368,22582,65394,136,1,1
19200,2364,742,40,17623,17443,14106,17774,35036,14,1,1
19201,5030,3737,40,13907,13446,1292,14097,24206,54,1,1
19202,7444,4769,40,14458,13907,1763,14648,28674,67,1,1
19203,7003,6062,40,20148,19467,1383,20348,34846,84,1,1
19204,3386,601,40,17863,17683,16030,18005,38072,13,1,1
19205,16050,21912,41,6612,4799,14347,6913,59272,243,1,1
19206,7414,4789,40,19627,19056,12754,19807,44815,68,1,1
19207,5631,3967,40,14318,13807,1242,14498,25378,60,1,1
19208,6692,3587,41,13345,12874,1863,13516,25708,55,1,1
19209,6402,4889,40,19427,18835,1864,19617,32812,71,1,1
19210,2374,271,40,17764,17644,14968,17914,35577,6,1,1
19211,15960,22052,41,6532,4739,12894,6843,57789,241,1,1
19212,7304,4518,40,19737,19206,10911,19918,42701,65,1,1
19213,5560,3667,40,14778,14287,1283,14958,25498,56,1,1
19214,5250,1713,40,13776,13516,1563,13936,22512,27,1,1
19215,6482,5130,40,15810,15209,1643,16000,29305,73,1,1
19216,4539,701,40,12093,11913,1683,12243,19206,14,1,1
19217,2766,451,40,17763,17623,15088,17914,36269,10,1,1
19218,15890,21531,40,6532,4739,16030,6843,60334,240,1,1
19219,4699,3016,40,18926,18536,13135,19096,39986,45,1,1
19220,4168,2525,40,13656,13286,1383,13826,21942,41,1,1
19221,4168,762,40,12103,11902,1643,12243,18866,16,1,1
19222,7133,5972,40,15580,14918,1643,15780,30578,83,1,1
19223,1883,161,40,11612,11502,611,11752,14437,3,1,1
19224,18044,8296,40,21040,20199,25228,21250,72858,101,1,2
19225,2435,992,40,17864,17644,10981,18014,32472,19,1,1
19226,7053,6001,40,16000,15319,1182,16201,30477,84,1,1
19227,8065,7213,40,15710,14958,1032,15920,32271,95,1,1
19228,3838,440,40,11531,11381,1663,11663,17654,9,1,1
19229,5761,1613,40,18435,18145,18656,18595,44665,29,1,1
19230,6211,5079,40,15570,14968,1753,15760,28844,73,1,1
19231,6553,2485,40,18565,18204,9839,18735,37652,40,1,1
19232,3556,1203,40,15740,15489,2304,15890,22993,23,1,1
19233,6543,4739,40,14377,13816,2265,14567,28164,69,1,1
19234,10911,10610,40,18305,17293,2565,18535,42661,132,1,1
19235,7124,5460,40,21059,20438,2174,21261,36049,77,1,1
19236,7114,5621,40,22993,22342,2063,23194,38032,81,1,1
19237,3036,811,40,10039,9849,2003,10190,16090,16,1,1
19238,5991,3206,40,9729,9308,1212,9909,20358,47,1,1
19239,5320,3827,40,16741,16241,2564,16922,28684,58,1,1
19240,3446,1533,40,14196,13926,3957,14358,23334,27,1,1
19241,6211,3848,40,20268,19778,5391,20438,35928,57,1,1
19242,7083,5991,40,16160,15479,2024,16351,31489,84,1,1
19243,6973,5631,40,20349,19698,4999,20539,38192,79,1,1
19244,3868,1923,41,12844,12543,3537,13005,22383,31,1,1
19245,6582,4739,40,14267,13706,1803,14458,27622,67,1,1
19246,3637,1252,40,14047,13806,3877,14207,23003,23,1,1
19247,6573,4549,40,20549,20028,5781,20729,37672,62,1,1
19248,7284,5991,41,17563,16892,1833,17764,32922,84,1,1
19249,6211,3297,40,18846,18425,9828,19006,38392,49,1,1
19250,5470,4629,40,14528,13986,1323,14718,26200,66,1,1
19251,6262,4729,40,12314,11733,1412,12494,24947,69,1,1
19252,4529,1162,40,21351,21060,1903,21491,29135,23,1,2
19253,7233,3517,40,19668,19227,5620,19848,36248,51,1,1
19254,7514,5911,40,17232,16571,1644,17423,32542,82,1,1
19255,7394,5891,40,20910,20239,3837,21110,38282,83,1,1
19256,3887,1192,41,10159,9908,1793,10320,17232,23,1,1
19257,6312,4208,40,11091,10570,1262,11272,23104,61,1,1
19258,3857,662,40,8105,7935,1423,8255,14257,14,1,1
19259,4619,1954,40,13245,12944,3256,13415,23284,33,1,1
19260,6452,3316,40,19297,18845,5781,19477,35066,52,1,1
19261,7103,5690,41,25558,24887,1543,25759,40136,82,1,1
19262,2836,360,41,9538,9407,2134,9689,15049,8,1,1
19263,4048,1322,40,8386,8136,1343,8536,15299,24,1,1
19264,2855,1573,41,10329,10069,1934,10490,16892,26,1,1
19265,3036,671,40,14498,14307,2725,14648,21110,14,1,1
19266,7233,2505,40,18776,18435,5090,18946,33824,38,1,1
19267,7013,6212,40,17914,17222,1763,18124,33143,86,1,1
19268,8587,5550,41,19577,18966,4318,19778,38263,75,1,1
19269,3717,1342,30,9818,9558,1553,9969,16631,24,1,1
19270,5341,3496,40,10550,10089,1272,10731,20880,53,1,1
19271,2705,601,40,15780,15590,591,15930,19877,12,1,2
19272,11282,10309,41,17843,16801,2264,18084,41970,131,1,2
19273,6432,3517,40,33013,32522,7705,33193,50887,52,1,2
19274,5841,3446,41,18665,18234,4689,18836,32862,49,1,1
19275,4238,1082,40,9579,9367,1983,9739,17082,20,1,1
19276,3928,1603,40,8366,8106,962,8536,15079,26,1,1
19277,3797,361,40,11812,11652,1042,11962,17192,8,1,2
19278,6503,5049,40,17834,17242,2275,18034,31901,73,1,1
19279,6843,2334,40,18294,17954,3166,18465,30848,37,1,1
19280,7254,6352,40,19307,18605,1443,19517,34616,89,1,1
19281,6622,3346,40,18826,18365,1693,18996,30708,52,1,1
19282,3647,470,40,7584,7414,1052,7735,12934,11,1,1
19283,3586,291,40,5330,5210,992,5480,10399,7,1,1
19284,2976,400,40,7754,7614,952,7905,12273,9,1,1
19285,5130,3236,40,16662,16221,2354,16842,27592,51,1,1
19286,7985,1703,40,18255,17954,3607,18415,31760,31,1,1
19287,9788,9368,40,21812,20910,1523,22032,42751,116,1,1
19288,4028,852,40,17794,17573,2925,17934,25799,18,1,1
19289,5050,1312,41,8305,8065,972,8466,15840,24,1,1
19290,7213,7194,40,19768,19006,1182,19978,35607,96,1,1
19291,6502,5841,40,22313,21641,1863,22493,36759,81,1,1
19292,5551,611,40,17423,17243,2445,17573,26220,14,1,1
19293,5991,2365,40,19537,19187,6943,19697,35046,38,1,1
19294,2856,180,40,10831,10721,9648,10971,23695,4,1,1
19295,16491,21330,40,26079,24316,10941,26390,75192,235,1,1
19296,1072,150,40,7875,7785,7304,8015,16592,2,1,1
19297,6492,6533,40,20599,19888,6573,20799,40447,90,1,1
19298,3226,160,40,17323,17233,12223,17463,33122,3,1,1
19299,1994,531,40,17733,17563,7955,17874,28394,11,1,1
19300,3547,1313,40,15599,15349,2594,15750,23254,23,1,1
19301,7154,5280,40,16281,15670,2004,16481,30949,75,1,1
19302,5801,4489,40,17774,17243,2044,17964,30348,65,1,1
19303,6843,4949,40,16070,15479,1613,16260,29706,72,1,1
19304,2315,411,40,18284,18144,11361,18425,32572,8,1,1
19305,2384,481,41,17673,17513,8817,17814,29536,10,1,1
19306,7084,5300,40,20148,19537,1303,20338,34055,74,1,1
19307,6542,4880,40,16551,15960,2706,16751,30919,72,1,1
19308,6743,5290,40,14968,14347,2034,15169,29266,76,1,1
19309,2534,561,40,17954,17793,14607,18095,35847,11,1,1
19310,4879,1813,40,18314,18014,10420,18475,35627,30,1,1
19311,6062,5490,40,20298,19647,1152,20489,33243,80,1,1
19312,6251,4649,41,20118,19547,2014,20299,33263,69,1,1
19313,3636,892,40,17914,17714,15600,18074,38252,18,1,1
19314,11783,11672,40,21992,20879,13976,22232,59693,139,1,2
19315,6572,5641,40,23364,22713,1152,23555,36970,79,1,1
19316,6031,4519,40,19537,18986,1944,19717,32261,66,1,1
19317,1893,110,41,17292,17202,652,17433,20138,1,1,1
19318,18115,10490,30,3456,2495,24706,3687,57038,123,1,1
19319,4969,2976,40,19797,19387,11672,19968,39625,47,1,1
19320,3857,1293,40,13015,12764,2374,13165,20729,24,1,1
19321,7214,4328,40,13897,13366,1984,14087,27643,64,1,1
19322,6753,5410,40,20168,19527,1844,20358,34416,78,1,1
19323,2304,291,40,17924,17804,15199,18074,35918,6,1,1
19324,15119,16431,40,22823,21411,11061,23094,65755,183,1,2
19325,4579,3045,40,14818,14397,1433,14989,24086,47,1,1
19326,6773,4388,40,14318,13787,2003,14498,27702,63,1,1
19327,7183,5731,40,20258,19607,1583,20459,35006,81,1,1
19328,3086,401,40,17443,17303,15349,17583,36479,8,1,1
19329,15950,22102,40,6653,4829,15980,6963,61035,244,1,1
19330,7204,5230,40,19938,19337,13105,20118,45707,72,1,1
19331,4278,1252,40,13015,12775,2094,13175,20829,23,1,1
19332,7714,3707,40,13676,13215,1873,13846,27201,54,1,1
19333,6302,5210,40,18455,17824,1713,18645,31920,76,1,1
19334,4860,1733,40,12223,11933,1694,12393,20720,31,1,1
19335,2364,160,41,17493,17393,14597,17634,34785,3,1,1
19336,11181,11252,40,21270,20168,11843,21510,55816,138,1,2
19337,10109,10700,40,21420,20388,1092,21661,43592,135,1,1
19338,6752,5269,40,15499,14888,1964,15699,29736,76,1,1
19339,4087,1052,40,11872,11662,1734,12032,18936,20,1,1
19340,3938,110,40,17353,17263,12093,17493,33684,1,1,1
19341,2274,431,40,17463,17313,13856,17614,34215,11,1,1
19342,2515,591,40,12183,12023,3707,12334,19187,12,1,1
19343,4178,411,40,11472,11331,1703,11622,17944,9,1,1
19344,6833,5290,40,14878,14247,1683,15079,28925,77,1,1
19345,2194,391,40,29897,29717,591,30047,33263,8,1,2
19346,18315,8386,40,2896,2084,25849,3106,55706,99,1,2
19347,8647,6011,40,20579,19908,10701,20779,46178,82,1,1
19348,6372,4999,40,14247,13696,1182,14438,27041,68,1,1
19349,6442,4649,40,14598,14047,2034,14788,27973,67,1,1
19350,4038,381,40,11442,11301,1783,11582,17834,8,1,1
19351,5881,1453,40,18164,17914,17654,18324,43352,24,1,1
19352,13616,16592,40,19066,17613,2004,19346,51608,189,1,2
19353,2254,1273,40,18976,18746,15690,19136,38393,22,1,1
19354,6222,5089,40,15138,14547,1153,15329,27843,73,1,1
19355,6612,5230,40,14388,13766,1683,14578,28153,76,1,1
19356,3246,1113,40,13696,13465,4548,13846,22793,21,1,1
19357,5861,3948,40,20168,19657,2695,20348,32902,60,1,1
19358,7074,6181,40,16270,15589,2104,16472,31881,84,1,1
19359,7344,5981,40,20719,20048,1974,20920,36269,84,1,1
19360,4007,2264,30,13084,12754,2224,13246,21771,35,1,1
19361,6462,4909,40,14337,13766,2174,14528,28133,70,1,1
19362,3476,1032,40,12895,12674,4258,13045,21851,19,1,1
19363,7975,5230,40,20309,19717,3166,20499,36910,72,1,1
19364,7665,5851,40,16070,15409,1683,16271,31510,82,1,1
19365,7535,6642,41,20609,19887,2875,20820,37912,90,1,1
19366,2966,952,40,12313,12103,2675,12453,19106,18,1,1
19367,7103,5841,30,14828,14157,1833,15009,29836,82,1,1
19368,1773,211,40,12023,11922,591,12163,14798,4,1,1
19369,17132,18746,40,24016,22432,4809,24316,65043,212,1,1
19370,7404,6152,40,18224,17523,1333,18424,33343,87,1,1
19371,5881,3567,40,19237,18776,11061,19407,39976,54,1,1
19372,5461,4218,40,12694,12153,1042,12874,23645,64,1,1
19373,6302,5139,40,12393,11822,1523,12584,25598,70,1,1
19374,3807,561,40,15620,15420,1473,15770,21641,11,1,2
19375,3035,1863,40,14638,14337,4499,14798,24226,31,1,1
19376,3577,2414,41,19296,18946,2655,19467,28163,39,1,1
19377,6683,5490,40,16190,15569,2414,16381,31029,77,1,1
19378,6823,5050,40,19898,19287,1653,20098,33654,75,1,1
19379,5801,3627,40,12434,11973,1052,12614,23134,54,1,1
19380,6532,4108,40,11572,11071,1002,11752,23444,60,1,1
19381,4208,1373,40,8416,8155,1042,8576,15239,26,1,1
19382,4248,1183,40,8466,8216,1363,8626,15460,24,1,1
19383,5741,3416,41,14948,14507,3416,15129,27752,52,1,1
19384,9819,4779,40,20008,19447,6442,20198,41278,69,1,1
19385,6252,4598,40,20479,19918,1282,20669,32842,68,1,1
19386,6773,4098,40,20279,19778,2655,20449,34025,59,1,1
19387,15069,5400,41,15218,14647,10309,15409,46228,69,1,1
19388,3327,1042,40,5861,5641,7254,6011,17684,19,1,1
19389,4328,1112,40,7334,7093,2295,7484,15249,21,1,1
19390,941,191,40,7594,7484,622,7734,9528,4,1,1
19391,17684,13856,40,9518,8296,8977,9768,50325,160,1,1
19392,6542,1984,40,7705,7384,1182,7865,17623,33,1,1
19393,5881,4479,40,17673,17142,2043,17863,30307,65,1,1
19394,6222,3687,40,26881,26390,13396,27051,50406,52,1,2
19395,3377,2935,40,15399,15018,6152,15580,28084,44,1,1
19396,2696,921,40,19568,19366,8045,19718,31420,16,1,1
19397,4408,1393,40,10460,10190,1283,10620,17734,25,1,1
19398,6232,3417,30,10941,10490,1553,11101,22353,51,1,1
19399,3436,1693,40,14848,14577,2575,15008,22773,28,1,1
19400,7895,4309,40,19437,18906,3206,19627,35097,65,1,1
19401,7123,6573,40,20188,19477,1663,20388,35797,89,1,1
19402,8236,4569,40,19136,18585,1543,19326,33734,68,1,1
19403,3126,581,40,12033,11873,2275,12183,18225,13,1,1
19404,4398,1333,40,7895,7635,1002,8055,14838,26,1,1
19405,3868,661,40,6903,6733,1192,7053,12824,14,1,1
19406,7133,5811,41,23424,22743,2685,23625,39294,81,1,2
19407,5120,1132,40,18264,18054,1633,18425,26350,20,1,1
19408,7364,5961,41,19396,18725,1373,19607,34335,84,1,1
19409,6362,2365,40,18174,17824,2084,18344,29185,38,1,1
19410,3667,280,40,7865,7734,1793,7995,13786,6,1,1
19411,3767,301,40,5220,5090,1012,5360,10490,7,1,1
19412,2735,671,40,7875,7684,1232,8015,12694,14,1,1
19413,5871,3938,40,18635,18134,2345,18815,31009,58,1,1
19414,7364,3517,40,18705,18235,1953,18885,31760,54,1,1
19415,7534,6342,40,21621,20910,1654,21821,37401,88,1,1
19416,1703,140,40,17594,17504,631,17734,20258,2,1,1
19417,15109,15169,40,12223,10861,962,12483,43773,175,1,2
19418,2925,601,40,7083,6923,2235,7233,13035,12,1,1
19419,7374,6112,40,17614,16942,1362,17814,32712,83,1,1
19420,7003,5471,40,21611,20980,2114,21811,36439,78,1,1
19421,4098,812,40,17593,17393,2715,17743,25419,17,1,1
19422,6182,3687,40,20098,19617,8026,20278,38203,56,1,1
19423,3467,1303,40,14457,14217,2445,14607,21882,22,1,1
19424,6843,4188,40,16191,15680,2525,16371,29977,62,1,1
19425,6021,4619,40,25368,24807,2405,25558,38653,68,1,1
19426,3266,531,40,17894,17723,11822,18044,33714,12,1,1
19427,13426,14758,40,24005,22673,4849,24276,57359,177,1,1
19428,3907,1433,40,13335,13055,2344,13496,21220,27,1,1
19429,6663,4288,40,15419,14878,2225,15599,28815,64,1,1
19430,6963,5140,40,20389,19788,1924,20589,34656,75,1,1
19431,2665,361,40,18044,17914,11562,18184,32832,7,1,1
19432,1964,731,41,18054,17873,9899,18205,30839,14,1,1
19433,3797,1282,40,12534,12293,2515,12694,20328,22,1,1
19434,6663,4408,40,14979,14457,2525,15169,28805,64,1,1
19435,6653,4829,40,21010,20449,2084,21200,34806,69,1,1
19436,2655,120,40,17183,17082,12363,17323,32491,1,1,1
19437,2274,661,40,17884,17714,9889,18034,30898,14,1,1
19438,2735,691,40,11872,11692,3827,12013,19316,13,1,1
19439,7134,4679,40,14788,14217,2154,14978,28985,69,1,1
19440,6954,5610,40,19977,19326,2104,20169,34887,80,1,1
19441,2855,752,40,18224,18044,13856,18375,35878,15,1,1
19442,6332,4278,40,19707,19176,16682,19898,47240,63,1,1
19443,6382,5230,40,19517,18886,1152,19707,32521,77,1,1
19444,6191,4969,40,19848,19257,2234,20048,33483,72,1,1
19445,13696,7494,40,22283,21501,7925,22493,51638,98,1,1
19446,6161,2776,40,18745,18345,10831,18905,38723,44,1,1
19447,5982,4067,40,15058,14537,1303,15239,26631,62,1,1
19448,8356,4379,40,14147,13636,1903,14337,29015,62,1,1
19449,6863,4729,40,20118,19557,1593,20309,33534,67,1,1
19450,2745,381,40,17704,17574,15179,17854,36209,8,1,1
19451,15971,21901,40,6542,4749,16081,6853,60856,240,1,1
19452,4619,2815,40,18756,18355,14317,18926,40717,45,1,1
19453,2404,952,40,11993,11793,2234,12133,17773,17,1,1
19454,6623,3797,40,14137,13655,2074,14317,26861,56,1,1
19455,6262,5009,40,19848,19256,2074,20028,33413,70,1,1
19456,2034,311,40,17724,17613,14758,17874,35017,6,1,1
19457,16401,22433,40,6663,4829,14798,6973,60655,245,1,1
19458,4749,2926,40,19497,19076,13095,19657,40467,46,1,1
19459,2404,541,40,11292,11122,2114,11432,16541,11,1,1
19460,6953,5120,40,17323,16722,1243,17513,30879,73,1,1
19461,7033,4398,41,18755,18204,1613,18946,32040,65,1,1
19462,2525,110,40,17303,17213,14417,17433,34545,1,1,1
19463,3466,1974,40,18245,17913,11221,18405,35126,32,1,2
19464,4819,3306,40,14788,14348,1413,14968,24546,52,1,1
19465,4389,551,40,11672,11502,1633,11812,18435,12,1,1
19466,6663,5641,40,15439,14788,1684,15639,29667,80,1,1
19467,3828,1262,40,12183,11923,1563,12343,19036,25,1,1
19468,4979,211,40,17553,17443,11111,17703,34044,5,1,1
19469,1723,360,40,17544,17413,11231,17694,31039,8,1,1
19470,1663,270,40,11461,11341,572,11602,14157,6,1,1
19471,7394,4168,40,12063,11562,1062,12243,24907,60,1,1
19472,2826,621,40,20088,19878,2044,20218,25759,12,1,2
19473,7384,5500,40,14308,13665,3607,14498,31029,78,1,1
19474,12213,5130,40,32191,31600,16642,32381,66406,68,1,2
19475,2234,691,40,17694,17513,10410,17854,31219,15,1,1
19476,3326,1433,40,12443,12173,2524,12603,19927,26,1,1
19477,6392,5140,40,18645,18044,2074,18845,32481,73,1,1
19478,3196,311,40,11602,11472,2074,11742,17373,7,1,1
19479,7133,2946,40,19617,19217,10700,19798,40607,46,1,1
19480,2996,2354,40,14368,14037,2645,14538,22573,36,1,1
19481,5600,3186,41,19336,18905,13816,19507,42159,49,1,1
19482,17172,6282,40,14217,13575,17893,14418,55795,80,1,1
19483,3607,1293,40,7404,7154,9508,7554,22012,24,1,1
19484,16281,20469,41,15088,13405,10160,15389,62359,224,1,1
19485,1884,441,40,7935,7795,8015,8085,18465,10,1,1
19486,16792,21641,40,16721,14928,17082,17033,72598,240,1,1
19487,14447,15559,40,27312,25919,1102,27573,58741,184,1,1
19488,7925,7424,40,17333,16552,1884,17543,34836,100,1,1
19489,6883,5521,40,20769,20138,4058,20959,37471,78,1,1
19490,3447,1252,41,10860,10610,2174,11001,17934,23,1,1
19491,6863,3216,40,9498,9078,1203,9678,20990,48,1,1
19492,7444,5901,40,13867,13225,1483,14067,28935,80,1,1
19493,4158,2124,41,14196,13886,3917,14368,24607,34,1,1
19494,6242,4228,41,19897,19386,4078,20088,34676,61,1,1
19495,7113,6032,40,17182,16501,1813,17382,32391,84,1,1
19496,7314,5831,40,20458,19807,3837,20650,37672,80,1,1
19497,3246,1042,40,9859,9638,2274,10019,16621,20,1,1
19498,5160,1062,40,8546,8346,1072,8696,16050,17,1,1
19499,6702,4649,40,20659,20088,1773,20850,34014,69,1,1
19500,4599,2064,40,14017,13686,3727,14177,24617,35,1,1
19501,6462,3917,40,19767,19266,4008,19948,34375,59,1,1
19502,7574,5611,40,16030,15369,1784,16230,31249,82,1,1
19503,7364,5000,40,20048,19457,4759,20238,37401,72,1,1
19504,3336,1002,40,9999,9789,2014,10159,16541,19,1,1
19505,3767,842,40,8206,8005,1442,8356,14457,17,1,1
19506,6733,4588,40,12193,11652,1783,12384,25528,65,1,1
19507,13776,15008,40,26500,25178,1062,26771,56647,175,1,1
19508,4719,1784,40,15018,14718,1624,15178,23355,31,1,1
19509,6051,2435,40,18515,18165,5891,18685,33102,38,1,1
19510,3577,971,40,9207,8987,2114,9368,16060,20,1,1
19511,6191,2876,40,8256,7855,1042,8436,18585,47,1,1
19512,6753,4969,40,11763,11192,1282,11953,25007,69,1,1
19513,4318,601,41,8175,8005,1443,8316,14728,12,1,1
19514,6562,4168,41,15248,14738,3576,15430,29786,61,1,1
19515,7685,4648,40,19937,19346,1653,20129,34165,71,1,1
19516,7103,5881,40,25368,24707,1863,25569,40456,83,1,1
19517,2765,521,40,9468,9308,1944,9608,14878,10,1,1
19518,6252,4458,40,10651,10089,972,10831,22563,67,1,1
19519,3798,791,40,7124,6934,1042,7274,12935,15,1,1
19520,5240,4118,40,17524,17012,2164,17714,29276,62,1,1
19521,8206,4068,40,19397,18906,3336,19587,35247,59,1,1
19522,7354,6222,40,18676,17984,1513,18876,34015,87,1,1
19523,7094,5200,40,19527,18916,2866,19727,34917,75,1,1
19524,3998,1333,40,9348,9097,1663,9508,16552,24,1,1
19525,3998,501,40,6923,6773,1032,7073,12644,11,1,1
19526,5291,2174,40,9358,9027,1102,9528,18145,36,1,1
19527,8466,8396,40,21921,21060,1012,22132,40056,110,1,1
19528,3236,2144,40,34636,34266,601,34806,40837,36,1,2
19529,17994,8516,40,2966,2135,8967,3176,38713,101,1,2
19530,4819,2655,40,18555,18154,3366,18726,29606,45,1,1
19531,3917,892,40,8837,8627,1563,8987,15399,19,1,1
19532,4328,1142,40,8587,8345,1533,8727,15780,22,1,1
19533,3317,901,40,9888,9668,1933,10029,16231,18,1,1
19534,7154,5320,40,16241,15620,2014,16431,30969,75,1,1
19535,5931,2084,40,18275,17954,1533,18445,28043,35,1,1
19536,5681,3477,40,17664,17213,1392,17834,28434,53,1,1
19537,4940,1683,40,17884,17584,3517,18044,28224,30,1,1
19538,4048,310,40,7755,7625,982,7905,13275,7,1,1
19539,3747,481,41,5490,5340,1272,5641,11181,11,1,1
19540,3406,1293,40,22903,22633,1914,23063,29726,24,1,2
19541,6362,2033,40,18084,17763,1713,18254,28403,35,1,1
19542,7494,6492,40,20860,20139,1383,21060,36479,90,1,1
19543,2084,211,40,17704,17593,6833,17834,27022,4,1,1
19544,3777,361,40,12594,12454,982,12734,17894,8,1,1
19545,3757,1733,40,10951,10671,2375,11111,19016,29,1,1
19546,8807,7604,40,17704,16892,2154,17914,36519,102,1,1
19547,7204,7364,40,23435,22633,1052,23635,39315,101,1,1
19548,3647,511,41,17703,17533,3236,17844,25278,12,1,1
19549,6702,3557,40,20900,20429,5140,21080,36529,55,1,1
19550,5621,1863,40,13015,12705,2695,13165,23404,33,1,1
19551,6993,4599,40,15009,14458,2394,15189,29215,66,1,1
19552,6883,5350,40,19057,18434,2034,19247,33554,77,1,1
19553,4138,291,40,17724,17593,13034,17874,35377,7,1,1
19554,1863,541,40,17714,17564,8256,17854,28564,10,1,1
19555,3737,1232,40,14888,14638,2595,15049,22663,23,1,1
19556,6884,5600,40,16522,15900,2354,16722,31610,78,1,1
19557,6573,5300,40,16161,15530,1453,16351,29727,77,1,1
19558,6843,5400,40,15931,15309,1954,16121,30378,76,1,1
19559,2415,421,40,18164,18014,13356,18304,34536,9,1,1
19560,2084,631,40,17693,17513,9638,17844,30237,15,1,1
19561,1913,251,40,9107,8997,562,9257,12023,5,1,1
19562,13335,13456,40,18776,17563,1042,19036,46929,161,1,1
19563,6503,5119,40,21170,20579,2144,21360,35187,73,1,1
19564,14758,7976,40,21931,21150,14838,22142,59764,99,1,1
19565,2385,691,40,17584,17403,12834,17734,33694,15,1,1
19566,6753,6201,40,20609,19908,1222,20810,35026,86,1,1
19567,6603,5140,40,20278,19667,1623,20468,33895,74,1,1
19568,12264,6983,40,20900,20179,10550,21110,50957,91,1,1
19569,2084,571,40,17944,17774,13155,18084,33944,12,1,1
19570,6432,5420,40,22983,22332,1173,23184,36249,80,1,1
19571,7194,5660,40,19627,18996,2104,19828,34836,78,1,1
19572,2304,130,40,17523,17423,13936,17664,34074,2,1,1
19573,2725,771,41,17823,17643,13185,17984,34715,16,1,1
19574,6703,5280,30,15950,15339,1282,16141,29446,74,1,1
19575,6713,3326,40,13075,12624,1954,13255,25298,53,1,1
19576,6843,5430,40,20780,20129,1803,20970,35106,80,1,1
19577,2355,160,40,17634,17523,15299,17774,35618,3,1,1
19578,18245,19507,40,23375,21722,12153,23675,73640,218,1,2
19579,16962,8246,40,17413,16632,17353,17623,60234,99,1,1
19580,3487,1693,40,9799,9498,11201,9959,26400,31,1,1
19581,10280,10179,40,15910,14908,4368,16131,41008,128,1,1
19582,1543,231,40,7284,7173,7404,7434,16642,5,1,1
19583,16792,22012,40,24968,23154,23454,25278,87576,243,1,1
19584,16892,11101,40,22963,21942,16993,23193,68230,132,1,1
19585,2394,551,41,17673,17493,15219,17814,36028,13,1,1
19586,7374,8176,40,3106,2254,2916,3316,21832,108,1,1
19587,4569,3346,40,13676,13235,1684,13846,23495,51,1,1
19588,6602,3838,40,13305,12834,1994,13485,25969,56,1,1
19589,7153,5370,30,19757,19136,1693,19948,34204,75,1,1
19590,1984,160,40,17413,17303,14237,17553,33964,3,1,1
19591,15931,20919,40,6212,4508,13014,6523,56427,229,1,1
19592,4598,2866,40,19387,18986,12744,19557,39805,45,1,1
19593,4328,2545,41,14096,13726,1373,14267,22563,42,1,1
19594,4990,1533,40,12383,12113,1624,12543,20730,28,1,1
19595,8266,6342,40,16021,15329,1473,16231,32362,87,1,1
19596,3908,1012,40,11892,11672,1824,12042,18846,20,1,1
19597,5791,1994,40,18435,18115,17373,18615,43813,35,1,1
19598,2484,922,40,17974,17764,16110,18125,37701,18,1,1
19599,5741,6011,40,2424,1763,2926,2625,17343,82,1,1
19600,6612,5100,40,14528,13937,1342,14718,27812,72,1,1
19601,6121,6162,40,20780,20209,2314,20960,35597,68,1,1
19602,4378,1042,40,11882,11652,1633,12033,19126,21,1,1
19603,2846,821,41,30437,30207,18305,30588,52620,16,1,2
19604,2475,841,40,18045,17843,13656,18195,35197,16,1,1
19605,6863,5250,40,14678,14087,1162,14868,28193,73,1,1
19606,6202,4769,40,14387,13806,2385,14567,27963,69,1,1
19607,3617,1463,40,14117,13866,4017,14277,23404,25,1,1
19608,7955,5380,40,21120,20499,6292,21321,40978,76,1,1
19609,7574,6743,40,16982,16231,1573,17182,33132,94,1,1
19610,7273,5781,40,20859,20188,4749,21050,38893,82,1,1
19611,3757,1513,40,12143,11873,2355,12283,19958,26,1,1
19612,6843,4879,40,14057,13456,1643,14247,27652,73,1,1
19613,2776,581,40,12674,12504,4018,12814,20239,12,1,1
19614,6733,3697,40,19638,19156,5440,19818,35738,57,1,1
19615,6923,5581,40,15349,14728,1834,15549,29937,77,1,1
19616,7354,5821,40,20709,20068,2695,20909,36829,80,1,1
19617,2104,311,40,9768,9638,571,9918,12944,7,1,1
19618,11873,10369,40,11672,10660,1172,11903,35367,130,1,1
19619,5821,4739,40,13686,13125,1984,13856,26460,67,1,1
19620,3496,1572,40,13495,13225,3988,13655,22753,26,1,1
19621,6342,4419,40,20329,19808,5761,20509,37061,62,1,1
19622,6803,5891,40,16341,15690,1944,16532,31220,80,1,1
19623,7174,6051,41,20418,19747,5671,20609,39565,83,1,1
19624,3306,832,40,9538,9337,2074,9688,15950,17,1,1
19625,3256,531,30,8286,8126,1483,8426,13746,11,1,1
19626,5811,4368,40,15930,15389,2325,16110,28665,64,1,1
19627,3778,701,40,8106,7915,1462,8256,14227,15,1,1
19628,4709,2264,40,13626,13275,2986,13786,23795,38,1,1
19629,6833,2414,40,19467,19147,13105,19637,42029,34,1,1
19630,8346,6973,40,15920,15149,1262,16131,32762,97,1,1
19631,5720,1593,40,18254,17984,12193,18415,37961,26,1,1
19632,11441,11703,40,16992,15910,1012,17232,41438,142,1,1
19633,6843,4629,40,11882,11331,1593,12073,25178,67,1,1
19634,3046,611,40,12384,12213,5210,12524,21451,13,1,1
19635,3377,1583,40,18555,18295,3076,18715,26791,26,1,1
19636,7264,6051,41,18034,17363,1523,18245,33133,84,1,1
19637,6613,4358,40,19497,18976,2825,19687,33513,63,1,1
19638,3437,811,41,9187,8997,1994,9348,15630,16,1,1
19639,5992,3276,40,9879,9448,1473,10049,20830,50,1,1
19640,3807,952,40,8205,7985,1042,8355,14196,19,1,1
19641,3717,421,40,7915,7765,1492,8055,13726,9,1,1
19642,5450,4298,40,15709,15188,3847,15890,29536,62,1,1
19643,6362,3837,40,19306,18835,1744,19487,31490,56,1,1
19644,6542,5380,40,19057,18434,1773,19247,32992,75,1,1
19645,7615,4598,41,19547,18986,2544,19718,34525,67,1,1
19646,3136,691,40,9368,9178,1653,9508,15028,14,1,1
19647,6222,4308,40,10319,9789,971,10500,22041,63,1,1
19648,3606,922,40,7104,6893,1042,7254,12874,19,1,1
19649,5531,4168,40,17393,16852,3016,17573,30338,63,1,1
19650,7334,4168,40,19377,18836,2655,19547,33754,63,1,1
19651,7043,6002,40,18375,17704,1773,18575,33433,83,1,1
19652,9057,8095,40,20438,19637,1063,20649,38914,102,1,1
19653,3397,701,40,8967,8777,2254,9117,15499,14,1,1
19654,4188,1172,40,14277,13967,1183,14417,21020,23,1,2
19655,3947,1062,40,5862,5630,1012,6012,12083,21,1,1
19656,911,131,40,8185,8095,591,8326,9999,2,1,1
19657,14097,14117,40,18906,17614,1954,19176,49384,169,1,1
19658,7635,3216,40,19387,18586,2315,19567,32773,51,1,1
19659,7485,6221,40,18525,17834,1353,18726,33835,86,1,1
19660,6292,2565,40,18545,18185,3778,18705,31390,40,1,1
19661,3838,701,40,10410,10240,1814,10560,16963,14,1,1
19662,3667,1443,40,8386,8125,962,8546,14658,27,1,1
19663,3197,1332,40,15399,15169,8135,15560,28254,22,1,1
19664,8717,4789,40,33073,32482,3687,33253,50496,65,1,2
19665,6983,5350,40,15680,15059,1403,15870,29656,76,1,1
19666,1192,120,41,17112,17032,3647,17253,22262,1,1,1
19667,3677,391,40,7404,7264,972,7544,12634,9,1,1
19668,2325,120,40,5140,5060,1373,5280,9128,1,1,1
19669,3426,2054,40,24988,24617,2585,25148,33263,35,1,2
19670,7073,6242,40,20259,19567,2955,20459,36759,85,1,1
19671,6953,1803,40,18155,17843,1573,18305,28674,31,1,1
19672,14518,14106,40,22322,21090,2164,22583,53401,161,1,1
19673,3767,151,40,7053,6963,972,7193,12133,2,1,1
19674,3286,1092,40,10389,10169,2645,10550,17603,20,1,1
19675,8035,6683,40,17002,16271,2044,17213,34015,92,1,1
19676,6763,5370,40,17202,16581,1583,17392,31170,75,1,1
19677,6562,5491,30,16711,16060,2184,16892,31179,79,1,1
19678,3777,962,40,17884,17663,12644,18044,35467,21,1,1
19679,1814,331,40,17473,17343,8757,17613,28565,7,1,1
19680,5291,3105,40,19006,18575,1984,19177,29607,49,1,1
19681,6151,5120,40,21481,20870,1563,21671,34555,74,1,1
19682,3497,331,40,17803,17663,12283,17954,34105,8,1,1
19683,2164,471,40,17533,17383,8025,17673,28383,10,1,1
19684,2354,251,40,9508,9388,601,9648,12894,5,1,1
19685,17423,13345,40,21450,20278,19848,21701,72377,154,1,1
19686,1373,360,41,15689,15549,9418,15830,27041,8,1,1
19687,3457,2434,40,12594,12243,7604,12765,26300,37,1,1
19688,8356,7294,40,17724,16973,3607,17924,37231,95,1,1
19689,2284,401,40,17904,17764,14397,18054,35166,9,1,1
19690,2525,651,40,18034,17854,9578,18185,30979,13,1,1
19691,2264,762,40,10049,9879,2445,10199,15720,14,1,1
19692,6102,4398,40,17022,16491,1302,17203,29055,63,1,1
19693,7063,5440,40,19897,19276,1593,20088,34224,76,1,1
19694,3105,702,40,18174,17984,15990,18324,38152,14,1,1
19695,9047,10009,40,20760,19767,14137,20990,54223,124,1,2
19696,6993,6823,40,20529,19778,1192,20739,35787,95,1,1
19697,6422,5280,40,19848,19246,2084,20048,33874,73,1,1
19698,2695,441,40,17844,17694,15058,17994,36228,10,1,1
19699,8436,8316,40,20249,19366,11361,20469,48642,108,1,2
19700,6723,5581,40,19778,19126,1142,19968,33464,79,1,1
19701,6602,5331,40,19807,19166,2545,19997,34525,77,1,1
19702,1983,241,40,17573,17453,15038,17713,35016,5,1,1
19703,15920,22172,40,6573,4769,13576,6893,58591,242,1,1
19704,9038,7253,40,21520,20789,11361,21742,49424,92,1,1
19705,4899,3567,40,15399,14928,1283,15569,25358,54,1,1
19706,7133,3156,41,12984,12553,1864,13155,25348,48,1,1
19707,7033,5420,40,19537,18916,1543,19728,33764,75,1,1
19708,2314,311,40,19637,19517,16210,19788,38663,7,1,1
19709,15940,21079,40,23825,22031,15049,24136,76235,236,1,2
19710,4980,3757,40,14558,14087,1272,14738,24787,54,1,1
19711,6772,4168,41,13465,12984,1994,13646,26640,58,1,1
19712,7153,5901,40,20679,20008,1633,20880,35607,82,1,1
19713,14918,7033,40,21351,20629,18225,21561,61777,90,1,1
19714,5611,2415,40,18655,18305,12304,18825,39205,39,1,1
19715,6322,5170,40,15139,14507,1152,15329,28023,76,1,1
19716,7194,3476,40,13315,12854,2194,13496,26400,53,1,1
19717,6793,5410,40,19186,18555,1914,19387,33544,78,1,1
19718,2314,120,40,17193,17113,14698,17333,34495,1,1,1
19719,16521,21351,40,6453,4689,14828,6763,59503,238,1,1
19720,8897,6242,40,20619,19958,10630,20819,46628,83,1,1
19721,5150,3987,40,19617,19106,1302,19798,30267,59,1,1
19722,4629,1403,40,12323,12063,1532,12483,20088,26,1,1
19723,6543,4849,40,15840,15249,1814,16030,29276,71,1,1
19724,3977,1032,40,12163,11933,2985,12324,20348,21,1,1
19725,7665,3026,40,20228,19818,7665,20398,38794,46,1,1
19726,6352,2945,41,18715,18344,12534,18886,40747,41,1,1
19727,11953,13626,40,17994,16752,1032,18254,44905,162,1,1
19728,6683,5420,40,14919,14288,1843,15109,29115,77,1,1
19729,4058,481,40,11481,11341,1683,11632,17904,10,1,1
19730,3597,1523,40,32041,31720,17884,32201,55245,27,1,2
19731,2825,631,31,17583,17403,14177,17724,35397,13,1,1
19732,6613,6161,40,16140,15469,1072,16341,30247,84,1,1
19733,6352,5291,40,15008,14397,1553,15188,28424,73,1,1
19734,3817,1283,40,13456,13225,4188,13616,22944,22,1,1
19735,6612,4128,40,20269,19758,2785,20439,34014,61,1,1
19736,7223,5821,40,15960,15299,1874,16161,31119,81,1,1
19737,7525,6312,40,21210,20519,4018,21420,39325,87,1,1
19738,4428,2024,40,14227,13897,1894,14397,22773,35,1,1
19739,7263,6142,40,14438,13757,1853,14638,29936,84,1,1
19740,2815,651,40,12584,12404,4539,12734,20789,15,1,1
19741,6362,3987,41,19867,19396,6282,20048,36719,56,1,1
19742,7094,5580,40,15850,15218,2234,16051,30989,78,1,1
19743,8226,5580,41,20418,19797,4699,20619,39174,77,1,1
19744,3546,1744,40,11983,11712,2354,12143,19847,28,1,1
19745,5720,3838,40,13205,12714,2084,13385,25067,57,1,1
19746,3105,1302,40,13526,13295,4398,13686,22522,22,1,1
19747,3396,1734,40,19076,18785,7494,19236,31920,29,1,1
19748,8517,6762,40,16621,15890,1674,16812,33825,91,1,1
19749,8116,5831,40,20479,19838,6352,20669,41008,78,1,1
19750,4108,1824,40,12564,12263,1683,12724,20399,32,1,1
19751,5791,4238,40,11963,11461,1633,12153,23855,60,1,1
19752,3046,370,40,8216,8075,1503,8356,13325,8,1,1
19753,4409,2354,41,14066,13716,2946,14227,23996,38,1,1
19754,7684,4008,40,19958,19447,4478,20138,36358,60,1,1
19755,7444,6121,41,16831,16160,1673,17023,32311,84,1,1
19756,6733,4498,40,19897,19336,3186,20078,34535,66,1,1
19757,2866,651,40,9518,9338,2064,9668,15289,14,1,1
19758,5591,1112,40,18986,18736,1653,19136,27542,19,1,2
19759,3907,1483,40,13255,12995,3466,13416,22322,26,1,1
19760,6642,2806,40,19256,18886,4930,19426,33854,42,1,1
19761,6803,5450,40,19617,18996,1212,19818,33333,78,1,1
19762,5831,1703,40,18124,17844,7784,18285,33643,29,1,1
19763,3456,892,40,9709,9508,1974,9869,16231,18,1,1
19764,5841,4268,40,11242,10741,1182,11432,22763,60,1,1
19765,3416,291,40,7705,7585,1853,7855,13445,6,1,1
19766,6172,3957,40,15961,15449,2384,16141,28694,61,1,1
19767,7314,4158,40,19698,19186,2675,19868,34065,60,1,1
19768,7094,6562,40,18836,18115,1253,19036,33995,90,1,1
19769,5631,3887,40,19147,18656,5160,19327,34055,58,1,1
19770,4008,1733,40,9959,9668,1533,10119,17433,30,1,1
19771,6011,3887,40,11432,10921,1182,11602,22733,59,1,1
19772,3045,582,40,7153,6993,1042,7303,12012,12,1,1
19773,6392,4769,40,18445,17874,3556,18626,33393,69,1,1
19774,7124,4268,40,19698,19167,1673,19888,32983,64,1,1
19775,7484,6773,40,25699,24957,1543,25909,41759,93,1,1
19776,14067,6251,40,16130,15469,2906,16331,39595,82,1,1
19777,5841,2104,40,14788,14427,1973,14948,24897,34,1,2
19778,3687,461,40,5361,5219,1102,5511,10811,10,1,1
19779,1012,181,40,8235,8135,641,8375,10240,3,1,1
19780,15359,15390,40,18966,17613,1723,19236,51758,180,1,1
19781,6782,4698,40,34876,34254,8065,35057,54653,70,1,2
19782,6161,3106,40,18625,18194,3857,18796,31960,49,1,1
19783,4459,340,40,7144,7013,962,7294,13105,8,1,1
19784,4198,460,30,5360,5200,992,5501,11201,11,1,1
19785,3276,882,40,13415,13205,971,13566,18735,18,1,1
19786,3687,1904,40,10640,10330,2304,10791,18726,31,1,1
19787,6863,4919,40,17504,16892,1893,17684,31409,73,1,1
19788,7184,4348,40,36279,35717,3246,36469,51287,62,1,2
19789,5931,2595,40,18194,17814,1783,18365,28704,41,1,1
19790,4138,440,31,7594,7444,1052,7735,13405,9,1,1
19791,2495,110,40,4899,4819,1393,5029,9087,1,1,1
19792,4118,3226,41,17152,16711,2665,17323,27382,51,1,1
19793,4810,1783,40,18014,17714,1503,18174,26320,32,1,1
19794,5922,1633,40,18064,17774,2745,18224,28574,30,1,1
19795,3035,722,40,18174,17984,8556,18315,30678,14,1,1
19796,3066,201,40,7574,7464,1052,7714,12083,4,1,1
19797,5741,4298,40,18264,17743,2645,18455,31179,64,1,1
19798,6783,5991,40,21982,21311,2425,22182,37421,83,1,1
19799,1603,120,40,17132,17052,581,17273,19607,1,1,1
19800,17433,12203,40,4017,2915,18284,4269,52229,145,1,1
19801,4900,3827,40,20339,19858,7244,20519,36550,58,1,1
19802,4499,2565,40,14718,14357,2184,14888,24196,41,1,1
19803,7113,4469,40,13947,13396,1983,14137,27742,67,1,1
19804,5380,4188,40,19357,18826,2124,19537,31269,63,1,1
19805,2786,571,40,17834,17654,14207,17984,35588,12,1,1
19806,2154,771,41,17753,17573,8687,17904,29556,15,1,1
19807,3987,1624,40,12403,12143,2525,12563,20739,26,1,1
19808,7083,5290,41,15218,14617,2585,15419,30417,74,1,1
19809,8416,6693,40,21160,20459,1453,21370,37982,89,1,1
19810,2384,301,40,17734,17604,10319,17874,30938,7,1,1
19811,5771,2816,40,18585,18204,9017,18755,36399,42,1,1
19812,2505,391,40,9418,9288,671,9568,13175,8,1,1
19813,10950,9418,41,18094,17162,1042,18325,39785,122,1,1
19814,6433,4959,40,19778,19187,1613,19968,33023,71,1,1
19815,3226,391,40,17664,17503,15429,17804,36900,10,1,1
19816,16502,16130,40,24947,23544,9829,25218,67709,185,1,1
19817,6132,4839,40,19968,19387,1213,20158,32382,69,1,1
19818,7464,6402,40,19257,18535,1342,19457,34715,89,1,1
19819,6332,5030,30,14828,14227,2185,15018,28605,73,1,1
19820,3066,521,40,17583,17413,15439,17724,36810,12,1,1
19821,15890,21941,40,6492,4719,18535,6803,63219,238,1,1
19822,7184,5219,40,20348,19757,15490,20538,48482,73,1,1
19823,13916,14388,40,24947,23655,1032,25207,54603,170,1,1
19824,6402,4679,40,17183,16622,1923,17373,30427,69,1,1
19825,6181,3828,40,15048,14558,1362,15229,26650,58,1,1
19826,2064,181,40,17743,17643,14518,17883,34686,3,1,1
19827,16622,22172,40,6663,4849,15189,6983,61006,245,1,1
19828,9868,6633,40,21902,21170,11461,22102,50104,91,1,1
19829,4729,3317,40,18555,18114,1353,18725,28164,51,1,1
19830,6492,4940,40,19507,18916,2214,19697,33383,71,1,1
19831,1974,130,41,17433,17332,14758,17564,34466,2,1,1
19832,16662,19837,40,23484,21811,10009,23785,70343,220,1,2
19833,6562,4228,40,14438,13917,1232,14618,26700,62,1,1
19834,7284,4128,40,13546,13045,2104,13736,27292,60,1,1
19835,7204,5791,40,16321,15670,1704,16521,31250,81,1,1
19836,3838,1232,40,11803,11562,1603,11953,18666,23,1,1
19837,2274,401,40,17633,17493,14868,17784,35377,9,1,1
19838,16512,21761,40,6713,4889,16812,7023,62158,246,1,1
19839,7324,4559,40,19677,19126,12553,19868,44344,67,1,1
19840,6723,6382,41,20488,19777,1092,20689,34937,89,1,1
19841,5831,4649,40,15850,15289,2625,16040,29175,67,1,1
19842,2164,190,41,28443,28283,19166,28585,50135,3,1,2
19843,1974,411,40,18345,18215,15088,18495,35998,8,1,1
19844,2064,230,40,12544,12434,2104,12684,17132,5,1,1
19845,5240,2144,41,17954,17593,1472,18115,27021,38,1,1
19846,7815,6282,40,15940,15229,1223,16140,31510,89,1,1
19847,3426,431,40,11582,11432,2445,11732,18074,9,1,1
19848,7293,4589,40,21030,20458,6062,21210,39204,68,1,1
19849,6222,2565,40,19086,18726,12544,19256,40637,39,1,1
19850,6442,5230,40,14878,14267,1162,15059,27943,73,1,1
19851,6452,5310,40,15669,15058,2555,15860,30227,75,1,1
19852,4298,541,40,11512,11352,1693,11652,18244,12,1,1
19853,4869,2535,41,32060,31659,17223,32231,56898,41,1,2
19854,2445,531,40,17734,17574,10309,17884,31209,12,1,1
19855,4930,3937,40,14107,13635,1283,14287,24467,56,1,1
19856,7775,4518,40,21231,20679,1903,21421,35657,67,1,1
19857,4057,1883,40,14468,14157,3416,14618,24025,32,1,1
19858,10800,8997,40,21942,21030,3747,22162,45746,117,1,1
19859,7675,5240,40,15790,15179,1603,15990,30548,76,1,1
19860,7203,5040,40,20619,20038,3617,20809,36719,72,1,1
19861,3066,1232,40,12083,11842,2314,12233,18896,23,1,1
19862,5992,3977,40,14107,13596,2064,14287,26350,60,1,1
19863,3186,861,40,12705,12503,4178,12855,21120,16,1,1
19864,6012,3877,40,20238,19758,4598,20429,34946,57,1,1
19865,7133,5340,40,16211,15599,1844,16411,30758,76,1,1
19866,6772,5200,41,20198,19617,3196,20389,35607,70,1,1
19867,1753,120,41,7033,6943,6562,7174,15639,1,1,1
19868,16872,20749,40,17423,15750,25198,17724,80583,224,1,1
19869,16942,12785,40,13916,12804,8766,14166,52700,146,1,1
19870,3046,1172,40,8406,8186,3337,8566,16161,21,1,1
19871,13416,14587,40,26109,24807,1463,26370,55896,172,1,1
19872,8346,7364,40,17443,16661,1933,17654,35347,98,1,1
19873,8426,7594,40,20970,20168,1764,21180,39004,101,1,1
19874,3146,942,40,9508,9308,2074,9658,15870,18,1,1
19875,4548,722,40,8326,8136,1443,8466,15219,14,1,1
19876,5671,4338,40,11862,11341,1844,12053,23946,63,1,1
19877,4188,621,40,8056,7885,1462,8196,14517,13,1,1
19878,5921,3937,40,15340,14838,3356,15520,28784,59,1,1
19879,6483,3797,40,19998,19527,1904,20168,32402,55,1,1
19880,6732,5842,40,16461,15800,2385,16651,31670,82,1,1
19881,7143,4990,40,19968,19377,1663,20168,33994,73,1,1
19882,4558,2024,40,9719,9388,1693,9879,18194,34,1,1
19883,6652,4499,40,12614,12103,1253,12804,25248,62,1,1
19884,4108,1092,40,8206,7985,1403,8356,14999,21,1,1
19885,2004,501,40,12945,12804,551,13095,16191,10,1,1
19886,17032,17984,40,23285,21742,1923,23575,60564,207,1,1
19887,8076,7344,40,25649,24857,1062,25859,42381,100,1,1
19888,2284,321,40,8767,8647,2244,8917,13816,7,1,1
19889,6412,3717,40,11392,10931,1242,11572,22983,54,1,1
19890,2375,501,40,8847,8697,691,8987,12614,10,1,1
19891,14708,16331,40,26851,25388,1042,27121,59262,195,1,1
19892,6833,6152,40,19497,18806,1523,19697,34255,86,1,1
19893,7063,4609,40,19467,18926,1904,19657,33273,65,1,1
19894,3537,891,40,9498,9297,1593,9649,15720,17,1,1
19895,6332,4118,40,10781,10279,1202,10961,22663,58,1,1
19896,3527,852,40,21040,20809,2434,21190,28063,17,1,2
19897,7685,3416,40,18966,18515,4398,19147,34676,51,1,1
19898,8587,7344,40,19397,18595,1202,19607,36780,100,1,1
19899,8386,4418,40,19427,18906,1353,19607,33814,63,1,1
19900,3106,571,41,10830,10650,2234,10981,16932,13,1,1
19901,3827,972,40,7725,7515,972,7875,13696,18,1,1
19902,3717,461,40,6743,6583,1022,6883,12143,11,1,1
19903,3597,782,40,5801,5591,1002,5951,11372,17,1,1
19904,2515,1473,30,14998,14738,3277,15148,22463,26,1,1
19905,7504,2845,40,18735,18335,2605,18906,31910,45,1,1
19906,7424,6612,40,20218,19487,1253,20429,35758,92,1,1
19907,5701,2344,41,18224,17873,3016,18395,29506,39,1,1
19908,4158,251,40,9117,8997,1343,9257,15069,6,1,1
19909,4298,231,40,5190,5070,1012,5320,10921,6,1,1
19910,2495,210,40,7344,7233,1202,7495,11432,5,1,1
19911,8045,8105,40,19246,18395,1032,19457,36689,108,1,1
19912,8035,3587,30,27422,26941,2876,27582,42140,50,1,2
19913,7394,6853,40,21911,21180,2776,22111,39184,92,1,1
19914,4970,701,40,17544,17363,1873,17694,25288,15,1,1
19915,3828,390,41,7354,7223,992,7505,12765,9,1,1
19916,7885,8015,40,20519,19667,1042,20729,37721,108,1,1
19917,7044,6051,40,22703,22022,1533,22913,37571,85,1,1
19918,7013,2094,40,18104,17764,2464,18265,29876,35,1,1
19919,4929,2866,40,19397,19006,5821,19567,33233,44,1,1
19920,3286,121,40,6803,6713,1623,6943,12003,1,1,1
19921,6252,3927,40,17183,16692,2194,17373,29776,59,1,1
19922,6252,4899,40,20449,19847,2806,20639,34636,73,1,1
19923,2545,411,40,17894,17754,10941,18044,31981,9,1,1
19924,2044,701,40,18015,17833,8676,18165,29636,14,1,1
19925,5130,2114,40,17553,17213,2154,17723,27151,36,1,1
19926,7364,6382,40,21520,20809,2114,21722,37632,89,1,1
19927,3006,801,40,18775,18585,12865,18925,35648,17,1,1
19928,1963,912,40,18185,17994,8085,18335,29355,17,1,1
19929,2345,641,40,11933,11763,2605,12083,17714,12,1,1
19930,6031,4228,40,17202,16671,1312,17382,29005,64,1,1
19931,6022,4518,40,20298,19747,1213,20489,32292,67,1,1
19932,2254,310,40,17974,17854,11061,18125,31800,7,1,1
19933,7213,4309,40,19577,19056,9408,19767,40737,64,1,1
19934,2746,781,40,10260,10069,2324,10410,16311,16,1,1
19935,7093,5090,40,15870,15279,1553,16060,29836,71,1,1
19936,9578,10550,40,23555,22532,1042,23785,45015,132,1,1
19937,2454,461,40,18165,18024,15118,18315,36388,9,1,1
19938,14026,14277,40,22653,21320,10690,22914,61947,170,1,2
19939,6222,4559,40,19326,18765,1242,19507,31580,67,1,1
19940,6212,4809,41,20278,19687,1703,20469,33223,71,1,1
19941,2735,611,40,18004,17834,15710,18154,37250,13,1,1
19942,16511,22292,41,6742,4899,17243,7063,63159,248,1,1
19943,5160,3296,40,19386,18946,16160,19567,44224,52,1,1
19944,6602,5300,41,20518,19887,1182,20710,33844,77,1,1
19945,6262,5119,40,19727,19136,1764,19918,33123,72,1,1
19946,14728,8266,40,22953,22122,15018,23164,61226,105,1,1
19947,4539,1633,40,17934,17634,12745,18094,37051,30,1,1
19948,5470,4148,40,15620,15099,1363,15800,26831,61,1,1
19949,6653,3196,40,12884,12454,1664,13064,24617,50,1,1
19950,6523,4979,40,19357,18756,2154,19557,33243,73,1,1
19951,2485,340,41,17984,17843,15409,18125,36409,8,1,1
19952,10119,11161,40,20950,19867,14377,21190,56887,135,1,2
19953,6221,5491,40,15419,14798,1123,15599,28494,76,1,1
19954,6722,3888,40,13656,13165,1894,13836,26370,57,1,1
19955,6643,5330,40,23965,23354,1593,24166,37772,75,1,1
19956,2344,682,40,18204,18034,15870,18354,37290,13,1,1
19957,17484,20949,40,6432,4679,14858,6743,60094,237,1,1
19958,9117,6052,40,20188,19537,12133,20388,47730,81,1,1
19959,11683,3897,40,14888,14418,17633,15069,48332,56,1,1
19960,3487,1002,40,9337,9127,11081,9498,25108,19,1,1
19961,16111,21060,40,22162,20429,12463,22472,72157,232,1,1
19962,4138,1243,40,9147,8917,12554,9297,27292,22,1,1
19963,15950,21501,40,22493,20689,12283,22813,72587,242,1,1
19964,12273,2585,40,19026,18676,16771,19186,50866,38,1,1
19965,2395,851,40,17793,17603,15208,17955,36449,17,1,1
19966,4288,2094,40,14097,13767,1734,14267,22423,35,1,1
19967,6082,5360,40,15169,14568,2625,15359,29466,73,1,1
19968,2715,121,40,11151,11061,2134,11291,16291,1,1,1
19969,6583,3206,40,19557,19167,7194,19727,36760,44,1,1
19970,5711,2816,40,15209,14808,1573,15379,25519,45,1,1
19971,6221,3156,41,18915,18495,10540,19077,39044,47,1,1
19972,7023,6432,40,15599,14898,1072,15790,30367,86,1,1
19973,5871,4739,40,14788,14217,2264,14979,27883,68,1,1
19974,4378,632,40,11762,11592,1693,11912,18645,12,1,1
19975,5941,2435,40,30358,29967,15149,30518,54103,37,1,2
19976,6092,2925,41,18695,18304,9769,18876,37712,45,1,1
19977,4728,3266,40,14047,13606,1332,14207,23584,49,1,1
19978,6011,4879,40,15018,14437,2074,15209,28223,71,1,1
19979,2595,511,40,12494,12334,4138,12634,19928,11,1,1
19980,6473,3656,40,21460,21030,4428,21630,36239,50,1,1
19981,7073,5310,40,15991,15359,1933,16191,30537,77,1,1
19982,7745,5500,40,20849,20218,5240,21040,39565,76,1,1
19983,3447,1142,40,10720,10490,1844,10880,17353,22,1,1
19984,5921,2405,40,9338,8987,1292,9498,19176,38,1,1
19985,5631,4298,40,14588,14047,2184,14778,26941,66,1,1
19986,1994,240,30,12233,12113,602,12373,15249,5,1,1
19987,17183,18294,40,23855,22292,3447,24156,63110,209,1,1
19988,6923,6182,40,16061,15389,2755,16261,32161,84,1,1
19989,7203,6072,40,20409,19727,1923,20599,35837,83,1,1
19990,3316,1122,41,9898,9678,2265,10049,16792,20,1,1
19991,5951,3146,40,9518,9097,1172,9698,20007,49,1,1
19992,6653,4519,40,13736,13195,1513,13916,26651,65,1,1
19993,3236,922,40,13125,12924,3897,13275,21370,18,1,1
19994,6362,3437,40,19677,19236,5651,19857,35347,52,1,1
19995,7174,6592,41,16330,15619,1793,16532,32131,88,1,1
19996,7444,5280,40,19957,19356,5270,20159,38203,74,1,1
19997,5190,4128,40,13876,13365,1213,14066,24637,62,1,1
19998,6552,4930,40,11873,11272,1733,12063,25328,73,1,1
19999,3596,371,40,8025,7895,1482,8176,13665,8,1,1
20000,5791,4228,40,15209,14708,4518,15399,29976,61,1,1
20001,3216,1302,40,18435,18185,2776,18595,25929,25,1,1
20002,7374,5901,41,16461,15789,1994,16662,31971,84,1,1
20003,8717,5661,40,20028,19397,1793,20228,36449,79,1,1
20004,3066,681,40,8927,8747,2295,9087,15169,15,1,1
20005,5761,2295,40,8426,8065,1032,8596,17734,40,1,1
20006,7054,3336,40,16411,15990,1403,16591,28424,50,1,1
20007,4058,391,40,8085,7945,1512,8225,14237,9,1,1
20008,4338,1583,40,14458,14177,4208,14618,24787,28,1,1
20009,6282,3787,40,20068,19567,4047,20249,34405,59,1,1
20010,7404,6082,40,25678,24997,1482,25879,40897,84,1,1
20011,3477,701,41,9498,9317,2494,9649,16371,14,1,1
20012,6102,3957,40,10189,9698,1513,10380,22002,58,1,1
20013,4028,721,41,7123,6953,1082,7274,13155,14,1,1
20014,3737,1453,40,14247,13986,2795,14407,22442,26,1,1
20015,7123,3677,40,19387,18926,4749,19567,35166,54,1,1
20016,7424,6252,40,17884,17183,1463,18084,33253,87,1,1
20017,11692,8075,40,20749,19928,1102,20970,41869,105,1,1
20018,3837,901,40,9619,9427,1643,9769,16211,17,1,1
20019,6232,2976,40,10009,9598,1112,10189,20549,47,1,1
20020,3486,1102,40,14548,14317,2775,14698,22101,22,1,1
20021,6743,4859,40,36068,35447,9348,36259,57259,71,1,2
20022,6282,2284,40,18374,18024,4177,18536,31329,37,1,1
20023,4789,2204,40,9418,9068,1283,9578,17904,37,1,1
20024,3687,1112,40,7774,7534,972,7915,13736,22,1,1
20025,3707,541,30,6934,6763,1082,7074,12464,12,1,1
20026,4168,921,40,5751,5530,1012,5901,12053,20,1,1
20027,3367,2504,41,16310,15940,3777,16482,26170,40,1,1
20028,7564,3948,40,19276,18785,1984,19456,33002,59,1,1
20029,7143,5972,40,19627,18956,1423,19837,34405,84,1,1
20030,4598,1523,40,17863,17593,1693,18025,25899,28,1,1
20031,3236,171,40,7334,7234,1212,7464,12133,3,1,1
20032,3647,250,40,5210,5079,1022,5340,10319,6,1,1
20033,2865,752,40,7755,7564,972,7905,12534,16,1,1
20034,5561,3967,40,18264,17753,2054,18455,30087,61,1,1
20035,5751,1944,40,18084,17764,1542,18235,27522,33,1,1
20036,7194,5911,40,19908,19227,1423,20108,34686,83,1,1
20037,14938,9368,40,29777,28876,1623,29987,55966,112,1,2
20038,2916,771,40,10710,10520,2435,10861,17033,15,1,1
20039,8396,5160,40,16021,15430,2424,16201,32231,72,1,1
20040,6823,6181,40,25939,25248,1854,26139,41038,85,1,1
20041,5531,771,41,17683,17493,2254,17834,26440,16,1,1
20042,4428,1994,40,19106,18786,6753,19276,32491,35,1,1
20043,3166,180,40,6943,6833,1803,7074,12273,4,1,1
20044,6472,5330,40,20529,19897,2054,20730,34616,77,1,1
20045,6452,5390,40,22062,21431,2044,22262,36178,78,1,1
20046,2895,411,40,18085,17933,11672,18225,33253,9,1,1
20047,2434,1103,40,18334,18114,7684,18485,29756,20,1,1
20048,5210,2545,40,18345,17974,2184,18515,28494,41,1,1
20049,6091,4549,40,19938,19377,1894,20118,32712,68,1,1
20050,2645,762,40,18174,17994,13786,18325,35558,14,1,1
20051,1412,541,40,17704,17554,10099,17854,29946,11,1,1
20052,2624,921,40,12705,12493,2615,12855,19056,17,1,1
20053,6693,4689,40,15099,14538,2435,15289,29136,67,1,1
20054,6773,5370,40,16572,15941,1883,16772,30848,78,1,1
20055,7374,6372,40,15480,14788,1683,15690,31159,87,1,1
20056,2224,311,40,18174,18044,692,18324,21591,7,1,1
20057,16731,11833,40,3888,2826,19056,4128,51798,139,1,1
20058,7234,5811,40,21160,20509,9437,21351,43873,80,1,1
20059,12905,4789,40,12353,11812,16350,12533,46628,64,1,1
20060,3436,1313,40,13936,13696,9899,14096,28784,23,1,1
20061,952,190,40,7354,7234,591,7494,9257,4,1,1
20062,17554,16571,40,16351,14948,28253,16622,79050,186,1,1
20063,4108,4518,40,14548,14126,6092,14708,29466,46,1,1
20064,12935,7243,40,21140,20439,14858,21351,56427,89,1,1
20065,2255,751,40,18245,18044,14467,18395,35898,16,1,1
20066,2975,1333,40,17754,17503,2314,17904,24576,23,1,1
20067,6763,5630,40,20338,19687,1764,20529,34726,80,1,1
20068,3377,471,30,18024,17864,15680,18154,37732,11,1,1
20069,8807,9107,40,20719,19778,13545,20930,52439,115,1,2
20070,3607,1372,40,15169,14908,2455,15329,22813,26,1,1
20071,7885,5320,40,15149,14538,1543,15339,30147,75,1,1
20072,6782,5912,40,20188,19517,1724,20388,34846,83,1,1
20073,2515,381,40,18004,17854,12574,18144,33664,9,1,1
20074,2084,501,40,17964,17804,12334,18104,33073,11,1,1
20075,5520,4579,40,23475,22914,1252,23655,35056,66,1,1
20076,5911,4579,40,19617,19056,2385,19807,32742,68,1,1
20077,1873,151,40,17303,17212,14617,17443,34144,2,1,1
20078,16541,21150,40,6382,4638,13866,6693,58280,235,1,1
20079,5320,3247,40,19577,19136,11532,19757,39896,51,1,1
20080,5801,4379,40,15179,14638,1192,15369,26781,65,1,1
20081,6953,3016,40,13235,12825,2074,13405,25478,46,1,1
20082,6362,5531,40,19617,18976,2104,19797,33844,78,1,1
20083,2575,321,40,18044,17914,14969,18184,36099,7,1,1
20084,15910,21611,41,6512,4729,13275,6823,57669,240,1,1
20085,4509,3256,40,20730,20339,12033,20900,40748,44,1,1
20086,5040,3457,40,14046,13596,1362,14227,24116,53,1,1
20087,4649,991,40,12053,11832,1623,12203,19517,20,1,1
20088,6823,5891,40,15880,15209,1493,16081,30348,82,1,1
20089,4057,1463,40,12184,11912,1573,12344,19467,27,1,1
20090,3697,1032,40,18134,17904,12965,18285,36029,20,1,1
20091,6312,3937,40,19617,19126,13275,19798,43362,57,1,1
20092,4529,2705,40,14498,14087,1352,14668,23294,45,1,1
20093,4489,1022,40,11933,11712,1593,12093,19237,20,1,1
20094,6432,4799,40,14919,14337,1833,15109,28233,71,1,1
20095,3056,561,40,28935,28725,16582,29085,49334,12,1,2
20096,4999,1994,40,18335,18035,11372,18495,36900,32,1,1
20097,4007,2365,40,13345,12985,2274,13496,22192,38,1,1
20098,6493,4719,40,15349,14778,2485,15539,29286,69,1,1
20099,4078,861,40,12183,11963,1643,12334,18956,19,1,1
20100,6242,2365,40,19126,18785,7685,19296,35638,38,1,1
20101,7254,5991,40,16080,15429,1824,16281,31400,81,1,1
20102,6803,5650,40,20919,20278,3506,21109,37120,79,1,1
20103,3105,1103,40,12654,12433,3537,12814,20589,21,1,1
20104,6513,4548,41,14066,13505,2054,14247,27412,67,1,1
20105,4218,1623,40,13857,13566,3867,14017,23785,30,1,1
20106,6092,4007,40,20359,19857,2385,20539,33073,60,1,1
20107,8206,5931,40,15930,15269,1854,16130,32171,82,1,1
20108,7364,5560,40,20599,19968,7935,20799,41689,79,1,1
20109,3477,912,40,9728,9518,2164,9879,16492,19,1,1
20110,5841,3347,40,9498,9057,1202,9668,20098,51,1,1
20111,5961,4829,40,15198,14627,1683,15379,27893,68,1,1
20112,14457,17583,40,26239,24867,1833,26511,60444,182,1,1
20113,6743,5230,40,15439,14848,2073,15639,29726,73,1,1
20114,7354,5791,40,20819,20188,3767,21020,37982,78,1,1
20115,3537,1052,40,9698,9468,2245,9848,16742,20,1,1
20116,6553,3236,40,9488,9077,1273,9668,20780,48,1,1
20117,7674,6843,40,14838,14116,1493,15049,31099,92,1,1
20118,3326,1022,40,12914,12694,3697,13065,21160,20,1,1
20119,6332,3887,40,19807,19336,4529,19988,34776,56,1,1
20120,6943,5581,40,15880,15249,1844,16080,30498,78,1,1
20121,6903,4809,40,19878,19297,3717,20068,35537,70,1,1
20122,4018,992,40,12043,11832,1643,12203,18896,20,1,1
20123,6382,4329,40,11281,10750,1593,11471,23815,64,1,1
20124,3166,221,40,7764,7664,1963,7915,13305,5,1,1
20125,7364,5290,40,15289,14678,1954,15479,30127,76,1,1
20126,7084,2475,40,18946,18585,10860,19116,39575,40,1,1
20127,4168,3045,40,14517,14076,2305,14688,24266,50,1,1
20128,4929,2124,40,18806,18485,10460,18976,36529,36,1,1
20129,5591,3998,40,11301,10810,1012,11481,22142,59,1,1
20130,6994,5270,40,11482,10861,972,11672,24958,75,1,1
20131,3757,510,40,8035,7875,1453,8185,13957,11,1,1
20132,5931,3546,40,14839,14367,3086,15019,27623,56,1,1
20133,7464,4348,40,19677,19147,7674,19868,39384,64,1,1
20134,6272,4969,40,17603,17012,1263,17794,30338,71,1,1
20135,6362,2926,40,18896,18505,5640,19066,34054,45,1,1
20136,3396,812,40,9348,9138,1583,9498,15339,17,1,1
20137,5881,3547,40,16211,15740,1312,16401,27181,56,1,1
20138,3937,862,40,7594,7384,1031,7744,13625,18,1,1
20139,5099,3347,40,15960,15530,1934,16140,26570,50,1,1
20140,7113,3246,40,18765,18324,13636,18936,42971,49,1,1
20141,5080,2524,40,16791,16411,2194,16963,26791,41,1,1
20142,6713,3366,40,18906,18485,6883,19086,36088,49,1,1
20143,4849,1773,40,10741,10460,1352,10901,18935,29,1,1
20144,6763,4338,40,10259,9738,1172,10440,22753,62,1,1
20145,3035,1072,40,14798,14577,2835,14959,21941,20,1,1
20146,6442,2124,40,18305,17984,7855,18465,34936,34,1,1
20147,9237,9438,40,21351,20408,1282,21581,41588,122,1,1
20148,5500,2554,40,18354,17984,3978,18525,30598,41,1,1
20149,5120,2795,40,10630,10240,982,10800,19737,44,1,1
20150,4057,1684,40,12353,12063,1463,12513,19757,29,1,1
20151,3537,431,40,11892,11712,1032,12032,17082,8,1,2
20152,5841,4629,40,18325,17764,3106,18505,32131,67,1,1
20153,3267,1262,40,18014,17774,2845,18165,25599,23,1,1
20154,6602,5431,40,20389,19758,1192,20579,33854,78,1,1
20155,5992,1613,40,17904,17624,2465,18064,28174,28,1,1
20156,1773,111,40,12193,12093,3066,12323,17323,1,1,1
20157,3797,210,40,5159,5049,1001,5300,10349,5,1,1
20158,1483,170,40,7264,7154,2204,7404,11291,3,1,1
20159,7855,5952,40,18044,17383,1543,18234,33634,81,1,1
20160,6753,3196,40,18586,18185,3126,18766,31891,47,1,1
20161,8587,7875,40,21711,20890,1112,21921,39535,104,1,1
20162,2956,200,40,17242,17132,5030,17383,25619,5,1,1
20163,4078,671,40,7034,6853,1232,7174,13205,15,1,1
20164,3326,1453,40,11211,10941,2434,11372,18625,27,1,1
20165,7344,5440,40,15901,15268,2064,16101,30999,79,1,1
20166,6312,4909,40,21050,20459,2184,21240,34685,71,1,1
20167,4017,601,40,17623,17453,2184,17774,24626,13,1,1
20168,5320,2865,40,19076,18675,8777,19246,36249,44,1,1
20169,6653,5620,40,16882,16230,1092,17083,30478,80,1,1
20170,7364,5220,40,15870,15259,1973,16061,30668,75,1,1
20171,7394,5581,40,15770,15139,1573,15960,30568,77,1,1
20172,6813,4909,40,16011,15440,1923,16201,29906,71,1,1
20173,3146,441,40,17624,17474,11682,17774,33073,10,1,1
20174,2084,521,40,17604,17443,7784,17754,28173,11,1,1
20175,4999,3547,40,18866,18395,1834,19046,29476,55,1,1
20176,6843,5120,40,20719,20128,2094,20899,35016,72,1,1
20177,2855,401,40,17704,17584,12023,17854,33173,8,1,1
20178,4368,1643,40,18645,18365,10740,18816,35607,28,1,1
20179,7815,8195,30,21160,20328,1042,21371,38473,105,1,1
20180,6903,5481,40,19928,19297,1974,20118,34516,77,1,1
20181,1924,210,40,17694,17584,591,17834,20609,4,1,1
20182,17413,12785,40,4168,3026,16642,4418,51318,150,1,1
20183,7274,5941,40,20128,19487,7905,20329,41489,80,1,1
20184,3587,1713,40,17804,17514,2415,17964,25729,31,1,1
20185,6332,5040,40,20148,19567,1884,20338,33634,71,1,1
20186,1984,180,41,17773,17663,561,17914,20689,4,1,1
20187,17593,9949,40,3306,2395,22814,3536,53922,118,1,1
20188,9658,7815,40,21331,20529,10199,21541,49253,101,1,1
20189,6232,5180,40,19888,19287,1162,20088,32702,74,1,1
20190,6372,4919,41,20138,19547,1843,20319,33513,72,1,1
20191,2855,541,40,17894,17743,15850,18045,37331,11,1,1
20192,16812,21130,41,23945,22151,13456,24256,75684,234,1,2
20193,5941,4689,40,19357,18786,1212,19547,31439,69,1,1
20194,6383,4799,40,20559,19998,2805,20739,34776,67,1,1
20195,3356,451,40,17554,17393,15710,17694,37261,11,1,1
20196,15459,20008,40,23274,21560,12443,23575,71545,225,1,2
20197,9909,8215,40,16822,15980,1022,17032,36218,107,1,1
20198,7073,4108,40,13305,12794,1543,13495,26249,61,1,1
20199,8666,4619,40,19998,19457,2345,20188,35878,66,1,1
20200,2214,461,40,17894,17743,15228,18044,35988,9,1,1
20201,10821,12484,40,21952,20749,12243,22202,57800,155,1,2
20202,4569,2064,40,12995,12674,2144,13165,21982,35,1,1
20203,6462,3397,40,13416,12975,2144,13596,25649,52,1,1
20204,6372,5570,41,18434,17813,1432,18636,32040,77,1,1
20205,5561,1683,40,12484,12183,1543,12634,21461,29,1,1
20206,2354,431,40,18315,18175,15249,18465,36529,9,1,1
20207,15970,21771,40,6492,4719,15479,6803,60083,240,1,1
20208,9258,7023,40,20559,19808,12454,20769,49544,94,1,1
20209,4819,3316,40,14578,14137,1302,14748,24246,51,1,1
20210,4017,692,40,11872,11702,1614,12022,18395,14,1,1
20211,6202,4919,40,20789,20198,2074,20970,34215,70,1,1
20212,3727,521,40,11693,11541,1713,11843,17844,10,1,1
20213,4979,381,40,17614,17473,9007,17754,32171,8,1,1
20214,6983,3707,40,19687,19217,11261,19867,41859,56,1,1
20215,5120,3817,40,14748,14278,1263,14928,25178,56,1,1
20216,4268,1052,40,23615,23375,1683,23775,30818,18,1,2
20217,13325,8687,40,33353,32511,9178,33573,64793,103,1,2
20218,6111,2695,40,18885,18525,8205,19057,36118,41,1,1
20219,3587,1583,40,12474,12203,2394,12634,20248,27,1,1
20220,5982,4338,40,14007,13466,2635,14187,27202,64,1,1
20221,3907,451,40,12053,11903,2064,12193,18655,10,1,1
20222,6302,3086,40,19397,18986,13145,19567,42140,46,1,1
20223,3647,2825,40,15209,14798,2575,15379,24456,45,1,1
20224,7094,1924,40,18274,17984,15850,18435,43353,30,1,1
20225,4779,3587,40,13606,13145,1332,13786,23514,54,1,1
20226,5991,4268,41,14076,13535,1784,14257,26350,65,1,1
20227,3858,1532,40,13996,13726,4138,14157,23725,27,1,1
20228,7033,5150,40,20730,20139,2054,20930,35217,73,1,1
20229,6943,5801,40,15740,15089,2004,15930,30718,81,1,1
20230,6863,4990,40,20449,19858,2515,20639,35057,72,1,1
20231,2765,752,40,13405,13225,2265,13555,19387,14,1,1
20232,5771,2976,40,9438,9007,1212,9608,19617,49,1,1
20233,5821,3787,40,13626,13145,1513,13806,24987,58,1,1
20234,3106,731,40,13084,12904,4678,13235,21811,15,1,1
20235,3466,1984,40,19217,18896,5220,19367,30097,33,1,1
20236,7163,5621,40,16251,15620,1844,16451,31119,79,1,1
20237,7133,5791,40,20509,19857,2595,20700,36269,80,1,1
20238,3106,1292,40,12324,12053,2434,12474,19356,25,1,1
20239,6713,5491,40,14417,13786,1724,14617,28595,78,1,1
20240,3337,972,40,13265,13055,4128,13425,21902,18,1,1
20241,5861,4599,40,32001,31410,6783,32181,49474,65,1,2
20242,6392,3547,40,18926,18475,8426,19106,37531,53,1,1
20243,1994,110,40,7634,7534,7975,7765,17894,1,1,1
20244,16952,19827,40,15569,13926,19997,15850,72677,218,1,1
20245,16902,12785,40,13646,12524,7554,13896,51177,147,1,1
20246,3156,1423,40,7635,7384,5360,7795,17784,25,1,1
20247,1212,110,40,7685,7585,2004,7815,11191,1,1,1
20248,6141,4669,40,16431,15860,3095,16612,30567,68,1,1
20249,5951,3527,40,19888,19427,4949,20068,34525,55,1,1
20250,7143,6202,40,17253,16572,1653,17453,32491,85,1,1
20251,6924,4909,40,19768,19217,4809,19958,36640,68,1,1
20252,3166,912,40,14397,14177,2194,14547,20859,19,1,1
20253,5661,3537,40,8646,8165,1052,8836,19136,57,1,1
20254,6683,5310,40,11582,10991,1533,11772,25338,72,1,1
20255,3687,411,40,8116,7966,1473,8256,13877,9,1,1
20256,4920,3216,40,14798,14357,4128,14958,27272,50,1,1
20257,6413,3536,40,19406,18956,1562,19587,31139,53,1,1
20258,7224,6192,40,24867,24176,2144,25077,40667,86,1,1
20259,3276,1122,40,9729,9508,1342,9879,15659,20,1,1
20260,5861,4018,40,10470,9969,1293,10660,21882,60,1,1
20261,3707,902,40,7274,7064,1042,7424,13125,18,1,1
20262,6182,4158,40,17694,17173,2645,17874,30909,62,1,1
20263,7094,4418,41,19436,18915,2705,19628,33895,64,1,1
20264,7113,5891,40,17994,17333,1693,18194,32932,83,1,1
20265,7023,4629,41,19366,18825,1974,19557,33233,66,1,1
20266,4308,902,40,9438,9228,1593,9598,16451,19,1,1
20267,4218,1613,40,15560,15249,1042,15710,22633,27,1,2
20268,3336,1422,40,14678,14428,2184,14838,21821,25,1,1
20269,8967,5801,40,35147,34464,7194,35347,57349,79,1,2
20270,5831,2285,40,18275,17914,3827,18435,30428,39,1,1
20271,6022,3086,40,9788,9368,1283,9958,20389,47,1,1
20272,3847,1083,40,8185,7955,962,8335,14277,21,1,1
20273,2885,201,40,6472,6362,1533,6602,11271,5,1,1
20274,6342,5260,40,17924,17293,1633,18124,31389,77,1,1
20275,6502,2495,40,28634,28243,4538,28805,42380,41,1,2
20276,7715,5490,40,15850,15209,1583,16041,30869,78,1,1
20277,5661,1372,40,17873,17593,2033,18035,27131,27,1,1
20278,4639,180,40,7064,6963,972,7214,13055,4,1,1
20279,3216,742,40,5951,5761,1022,6101,11121,15,1,1
20280,2816,1062,40,8145,7925,1313,8295,13536,20,1,1
20281,7384,5761,40,18616,17964,1452,18816,33463,81,1,1
20282,6422,1823,41,18124,17813,3266,18285,29846,33,1,1
20283,7825,6553,40,21070,20349,1092,21280,36780,91,1,1
20284,2555,622,40,18094,17934,8837,18234,30298,12,1,1
20285,3737,661,40,7435,7243,971,7585,12994,15,1,1
20286,3897,1774,40,16441,16130,2495,16601,24817,33,1,1
20287,6823,5190,40,20589,19978,1664,20779,34496,74,1,1
20288,2976,491,40,17423,17273,8346,17573,29416,11,1,1
20289,6121,2335,40,19086,18745,5761,19246,33513,37,1,1
20290,3356,1313,40,12363,12113,2755,12524,20008,25,1,1
20291,6503,4739,40,15529,14958,2245,15719,29246,68,1,1
20292,6542,5160,40,21000,20369,2244,21190,35186,76,1,1
20293,3186,712,40,18324,18134,13986,18475,36389,15,1,1
20294,1793,622,40,17944,17794,8065,18094,28624,12,1,1
20295,3987,1814,40,15299,15008,3777,15469,25087,31,1,1
20296,7024,4829,40,16532,15961,2194,16722,30809,68,1,1
20297,6943,6512,41,20468,19817,1844,20659,35998,80,1,1
20298,2715,250,40,17604,17494,12594,17754,33353,5,1,1
20299,13315,14347,40,24377,23093,8716,24627,61065,167,1,1
20300,2985,1022,40,12895,12664,2785,13035,19877,19,1,1
20301,6823,5330,40,15219,14618,2485,15399,30097,74,1,1
20302,6823,5691,40,21080,20428,1422,21281,35257,81,1,1
20303,1994,190,40,17513,17403,14308,17653,34175,4,1,1
20304,6894,7133,40,20219,19438,10680,20429,45186,94,1,2
20305,6182,5200,40,19557,18956,1193,19747,32362,74,1,1
20306,6132,4288,40,18796,18275,2074,18986,31520,63,1,1
20307,2465,180,40,17293,17183,14858,17433,34976,4,1,1
20308,16060,21631,41,6462,4699,14708,6763,59222,237,1,1
20309,4769,2014,40,18666,18335,12964,18826,38623,35,1,1
20310,4388,1693,41,9758,9458,2054,9919,18104,32,1,1
20311,7364,6322,40,17533,16812,1462,17734,32942,90,1,1
20312,7144,5320,40,25479,24858,1443,25669,39616,76,1,1
20313,2595,531,40,17694,17534,15048,17844,36068,11,1,1
20314,16121,21431,40,6533,4749,18294,6853,62749,240,1,1
20315,4498,2034,40,19187,18856,15439,19347,41368,35,1,1
20316,5680,4399,40,20960,20409,1042,21130,32301,65,1,1
20317,2114,1132,40,13075,12855,561,13235,17082,21,1,1
20318,13456,14136,40,18805,17503,1452,19067,48161,171,1,1
20319,14928,7324,40,20949,20218,15991,21140,59433,90,1,1
20320,4779,2284,40,18235,17904,11872,18405,37380,36,1,1
20321,4829,3457,40,13385,12925,1292,13566,23184,54,1,1
20322,7484,4739,40,13947,13376,1643,14127,28033,68,1,1
20323,6993,5861,41,19496,18825,1472,19688,34054,82,1,1
20324,2104,250,40,17433,17323,14567,17584,34545,5,1,1
20325,15830,21722,40,6492,4709,12423,6803,56818,239,1,1
20326,7253,4769,40,20278,19727,10540,20469,43061,67,1,1
20327,6031,5401,40,15519,14868,1113,15709,28304,79,1,1
20328,6362,3256,40,13276,12835,1943,13446,25057,51,1,1
20329,6772,4970,40,19607,19026,1653,19787,33232,71,1,1
20330,2585,551,40,18014,17854,15089,18164,36429,11,1,1
20331,15900,21480,40,6602,4799,14397,6924,58741,243,1,1
20332,9739,6973,40,20800,20089,10810,21010,48572,90,1,1
20333,3667,942,40,11953,11742,2154,12113,18906,19,1,1
20334,4849,1152,40,12003,11792,1633,12163,19847,20,1,1
20335,6773,5039,40,18685,18104,1704,18875,32442,72,1,1
20336,4258,1202,40,12013,11783,1603,12173,19286,22,1,1
20337,1493,211,40,17673,17563,15459,17824,35017,5,1,1
20338,15960,21461,40,6573,4789,18805,6893,63169,241,1,1
20339,4839,1744,40,18245,17944,14537,18405,39555,31,1,1
20340,17053,7885,40,18856,18084,15820,19076,59874,98,1,1
20341,3426,2806,40,11452,11171,10620,11612,28504,28,1,1
20342,7213,2936,40,20299,19878,9247,20459,39895,41,1,2
20343,3226,1212,40,10059,9818,7885,10200,22573,21,1,1
20344,13786,6352,40,31730,31069,17383,31930,69501,78,1,2
20345,2375,711,41,17803,17623,13706,17954,34786,14,1,1
20346,7204,6692,40,15699,14968,1032,15901,30869,91,1,1
20347,7284,5801,41,15329,14667,1533,15520,30198,81,1,1
20348,3246,912,40,13335,13145,4468,13486,22162,17,1,1
20349,5881,4469,40,20569,20018,5150,20749,36309,66,1,1
20350,7774,6944,40,16972,16221,1794,17172,33734,94,1,1
20351,7004,5069,40,20640,20028,4608,20830,37541,74,1,1
20352,4188,651,40,11933,11773,2364,12083,19336,12,1,1
20353,6563,4709,40,14558,13997,1953,14748,28013,68,1,1
20354,3867,1142,40,12895,12664,3767,13045,21861,21,1,1
20355,6282,4689,40,20509,19948,2475,20699,34195,69,1,1
20356,6793,5771,41,16741,16070,1974,16932,31520,82,1,1
20357,6853,5851,40,21260,20599,2144,21450,36339,81,1,1
20358,2956,1202,40,10310,10090,2334,10470,16992,21,1,1
20359,5590,2245,40,9177,8847,1273,9347,18505,37,1,1
20360,7544,5951,40,14177,13505,1272,14378,29195,85,1,1
20361,3176,731,40,12584,12413,4549,12734,21240,14,1,1
20362,8816,6713,40,20750,20048,2615,20960,39144,89,1,1
20363,7263,5751,40,15650,15008,1553,15830,30447,78,1,1
20364,6682,4960,40,20208,19637,2866,20398,34946,69,1,1
20365,3838,731,40,9188,9007,2034,9338,15971,15,1,1
20366,3066,310,40,8325,8205,1613,8477,13506,7,1,1
20367,5721,4178,40,11151,10630,1874,11341,23154,62,1,1
20368,4359,701,40,8116,7935,3066,8256,16432,15,1,1
20369,1132,180,40,12013,11892,601,12153,14106,4,1,1
20370,17122,18115,40,23775,22232,8326,24065,67668,205,1,1
20371,6693,5511,40,15960,15339,1774,16150,30188,76,1,1
20372,7344,4609,40,20318,19777,6052,20498,38543,65,1,1
20373,3497,1433,40,10249,9979,1884,10409,17253,26,1,1
20374,3737,1133,40,8265,8025,1492,8426,14828,23,1,1
20375,7024,4508,41,12173,11622,1442,12354,25388,66,1,1
20376,2986,952,40,12704,12494,3537,12854,20379,18,1,1
20377,6282,3467,40,19637,19196,4719,19817,34335,52,1,1
20378,7144,6352,40,18275,17564,1262,18485,33283,89,1,1
20379,6572,3898,40,19607,19096,3437,19797,33744,62,1,1
20380,2926,771,40,9829,9629,1974,9979,15700,17,1,1
20381,5811,3496,41,10399,9958,1503,10580,21440,52,1,1
20382,4369,1392,40,8426,8156,1133,8576,15520,27,1,1
20383,3437,230,40,7834,7724,1502,7976,13205,5,1,1
20384,7194,5209,40,15980,15359,3467,16170,32091,76,1,1
20385,6252,4458,40,20028,19497,2755,20219,33734,65,1,1
20386,7855,8666,30,27312,26440,1052,27522,45145,111,1,1
20387,2545,330,40,9258,9127,2094,9408,14407,7,1,1
20388,6142,3908,40,11572,11081,1032,11752,22874,59,1,1
20389,3797,1142,40,7134,6893,1032,7284,13305,22,1,1
20390,5901,4058,40,17183,16662,3567,17363,30929,61,1,1
20391,6893,4188,40,19537,19026,1974,19727,32822,62,1,1
20392,6893,5720,40,18625,17974,1573,18826,33052,81,1,1
20393,6613,4599,40,19397,18846,2144,19577,32973,66,1,1
20394,3246,581,30,8626,8456,2474,8767,15118,12,1,1
20395,3627,1052,41,13836,13595,1593,13987,20309,22,1,1
20396,4078,1452,41,7414,7143,1042,7575,14177,26,1,1
20397,3867,702,40,5701,5520,1012,5841,11482,15,1,1
20398,1122,231,40,8135,8025,2745,8275,12423,5,1,1
20399,7674,4659,40,16391,15830,2405,16571,31359,67,1,1
20400,7284,3968,40,35067,34526,7634,35237,54183,60,1,2
20401,5270,2064,40,18275,17964,4518,18445,30337,33,1,1
20402,5411,2174,30,9949,9608,1593,10109,19337,36,1,1
20403,4138,872,40,7825,7625,972,7985,14017,18,1,1
20404,3626,1674,40,15569,15279,2525,15729,23594,28,1,1
20405,7374,3537,40,18695,18245,1754,18875,31570,53,1,1
20406,8486,9608,40,22753,21791,1082,22994,42210,125,1,1
20407,5720,2184,40,18184,17834,1874,18344,28163,37,1,1
20408,3667,170,40,8116,8015,1092,8256,13235,3,1,1
20409,2525,120,40,5050,4970,1363,5190,9238,1,1,1
20410,3737,2765,40,24386,23935,2574,24547,33663,45,1,2
20411,6712,5451,40,37822,37150,3015,38002,53230,77,1,2
20412,2835,180,40,17383,17272,8135,17524,28704,4,1,1
20413,3687,370,40,7665,7524,1012,7805,12914,8,1,1
20414,3737,1453,40,11091,10831,2235,11241,18716,25,1,1
20415,7535,5099,40,16751,16140,2504,16942,32131,75,1,1
20416,6923,5751,40,17564,16902,1392,17764,31880,83,1,1
20417,6332,5070,40,16922,16331,1763,17122,30317,73,1,1
20418,2434,221,40,17313,17203,4849,17463,24997,5,1,1
20419,6883,3728,40,19667,19196,7665,19847,38163,55,1,1
20420,2615,581,40,12264,12093,2855,12414,18505,12,1,1
20421,7233,5351,40,16341,15710,2114,16541,31299,78,1,1
20422,6602,5551,40,15890,15239,1974,16090,30257,79,1,1
20423,6613,5099,40,15940,15319,1683,16121,29566,74,1,1
20424,2786,581,40,18194,18034,13025,18344,34776,12,1,1
20425,2054,531,40,17834,17664,8436,17984,29045,13,1,1
20426,7233,5610,40,20219,19567,1152,20429,34465,81,1,1
20427,7394,5360,40,19917,19296,1362,20119,34275,77,1,1
20428,2364,241,40,17523,17413,12263,17673,32581,5,1,1
20429,2034,761,40,17954,17774,10119,18104,31059,14,1,1
20430,2625,772,40,9819,9628,2555,9959,15961,15,1,1
20431,7254,3977,40,15940,15419,1332,16121,28734,61,1,1
20432,7103,5771,40,20458,19787,1372,20660,34946,83,1,1
20433,2184,180,40,17583,17483,14788,17724,34936,4,1,1
20434,15911,22192,40,6553,4759,15539,6853,60545,240,1,1
20435,4709,2595,40,19487,19117,13827,19657,40828,41,1,1
20436,6512,5511,40,21982,21351,1152,22182,35407,78,1,1
20437,6934,4568,41,14948,14397,1473,15139,28154,65,1,1
20438,5862,4448,40,20619,20058,2455,20809,33604,66,1,1
20439,2214,481,40,17874,17724,14728,18014,35487,10,1,1
20440,2014,511,40,17544,17383,10520,17694,30779,11,1,1
20441,2074,180,40,7134,7034,6773,7274,16331,4,1,1
20442,16872,21641,30,24787,22994,26641,25097,90281,240,1,1
20443,1713,411,40,7434,7294,7414,7584,17152,9,1,1
20444,16792,21651,40,23003,21210,19496,23305,81294,241,1,1
20445,17232,10760,40,21751,20760,16942,21982,66977,129,1,1
20446,5320,2635,40,18545,18185,17332,18716,44063,41,1,1
20447,5420,4669,40,15610,15069,1262,15790,27201,65,1,1
20448,7755,3206,40,13295,12865,1773,13476,26250,50,1,1
20449,6502,5401,40,19907,19296,1553,20108,33594,75,1,1
20450,2023,141,40,17633,17543,13496,17773,33493,2,1,1
20451,3767,2825,40,18586,18155,12854,18756,38242,43,1,2
20452,3576,1603,40,12894,12624,2004,13055,20298,28,1,1
20453,7004,3857,40,13726,13245,1834,13886,26641,55,1,1
20454,6392,5110,40,19116,18525,1613,19316,32461,73,1,1
20455,2204,171,40,17703,17603,15158,17844,35417,3,1,1
20456,3156,1293,40,18144,17873,12554,18294,35347,22,1,2
20457,6301,4929,40,20589,19978,1203,20769,33253,73,1,1
20458,7163,5831,40,19868,19206,1964,20058,35056,81,1,1
20459,2585,310,41,17783,17643,15630,17914,36489,7,1,1
20460,15339,19788,40,23264,21622,12164,23564,70905,216,1,2
20461,4669,3016,40,14367,13946,1343,14547,23615,49,1,1
20462,4889,932,40,11873,11673,1613,12033,19517,19,1,1
20463,6803,5600,41,15379,14728,1833,15570,29856,80,1,1
20464,4539,1022,40,30027,29777,3557,30187,39345,20,1,2
20465,6292,3687,30,20268,19787,4479,20449,34957,55,1,1
20466,3196,1303,40,12624,12384,2335,12784,19668,24,1,1
20467,6021,4849,40,15179,14588,1593,15359,27872,71,1,1
20468,4048,621,40,11592,11422,1783,11742,18255,14,1,1
20469,3406,862,40,30277,30056,8196,30427,42951,17,1,2
20470,6132,3647,40,19036,18575,12564,19216,41609,54,1,1
20471,7524,6543,40,15710,14969,1072,15910,31099,92,1,1
20472,6563,6221,40,14718,14127,2675,14899,30398,70,1,1
20473,4638,1153,40,13445,13225,3347,13605,22783,21,1,1
20474,6402,3897,40,20239,19758,5089,20419,35857,57,1,1
20475,6823,5500,40,16341,15700,2094,16541,31008,80,1,1
20476,7414,6503,40,21090,20369,5250,21290,40487,90,1,1
20477,2254,411,40,11773,11632,2434,11923,17062,9,1,1
20478,6692,4990,40,18345,17744,2254,18545,32511,74,1,1
20479,3316,832,40,12664,12463,8586,12814,25588,17,1,1
20480,4218,2034,40,19457,19156,7173,19627,33092,33,1,1
20481,6893,5571,40,16431,15800,2054,16621,31179,77,1,1
20482,7404,4759,40,20228,19667,3747,20419,36369,69,1,1
20483,4609,1864,40,12774,12463,3437,12944,22904,33,1,1
20484,6533,4668,40,14026,13465,1874,14217,27332,67,1,1
20485,2745,571,40,12714,12544,4398,12865,20609,12,1,1
20486,7384,5430,40,20689,20068,4279,20879,38012,75,1,1
20487,6753,5611,40,16672,16030,1853,16862,31119,78,1,1
20488,7675,4999,40,20308,19707,3206,20499,36419,73,1,1
20489,3337,1372,41,9758,9488,2856,9919,17524,25,1,1
20490,3777,421,40,8096,7946,1593,8246,14087,10,1,1
20491,8016,7955,40,19808,18976,1092,20018,37131,105,1,1
20492,3757,571,40,8116,7955,1402,8266,14036,13,1,1
20493,5310,2795,40,13666,13275,2695,13846,24687,44,1,1
20494,7193,4278,40,20068,19547,5240,20248,37010,62,1,1
20495,6733,5720,40,16561,15920,1613,16762,30868,81,1,1
20496,7995,5871,40,20318,19647,3978,20519,38413,83,1,1
20497,2695,381,30,9298,9148,2064,9438,14628,9,1,1
20498,4338,1182,40,17092,16832,1743,17243,24546,21,1,2
20499,7244,4238,40,9638,9127,1032,9828,22382,62,1,1
20500,3577,1242,40,12895,12654,3266,13055,21190,24,1,1
20501,7955,3627,40,20970,20489,4869,21150,37651,56,1,1
20502,6753,5410,40,18255,17624,1222,18445,31890,78,1,1
20503,6052,2655,40,18936,18545,5901,19106,33754,44,1,1
20504,3406,1012,40,9609,9388,1833,9769,16050,20,1,1
20505,6302,4238,40,11161,10660,1293,11341,23214,60,1,1
20506,3958,371,40,8185,8045,1644,8325,14358,8,1,1
20507,6462,4719,40,15739,15148,2244,15931,29396,71,1,1
20508,7644,4388,40,19336,18805,2154,19517,33753,64,1,1
20509,6913,5601,40,18044,17413,1352,18234,32151,78,1,1
20510,6832,4238,40,19346,18836,2003,19527,32661,60,1,1
20511,3937,2064,40,10630,10309,1282,10801,18124,35,1,1
20512,5841,3717,40,10099,9638,1473,10279,21351,55,1,1
20513,3877,1082,40,15700,15450,1964,15860,22833,21,1,2
20514,7514,4850,40,23274,22723,2745,23474,38613,67,1,1
20515,7113,6212,40,18806,18124,1784,19006,34155,85,1,1
20516,7544,4168,40,19297,18796,2264,19477,33493,59,1,1
20517,3897,591,40,8726,8566,2144,8877,15559,13,1,1
20518,3948,1052,40,7955,7735,992,8105,14157,20,1,1
20519,3657,421,40,6722,6582,1022,6873,12013,9,1,1
20520,3697,481,40,5621,5461,1042,5761,11041,11,1,1
20521,1803,651,40,9027,8857,2645,9177,14327,13,1,1
20522,8506,6943,40,16612,15871,2234,16822,34555,93,1,1
20523,6753,1573,40,18104,17824,7675,18264,34315,28,1,1
20524,8326,7544,40,20459,19668,1323,20669,37912,101,1,1
20525,5871,2846,40,18655,18245,2826,18815,30408,46,1,1
20526,3367,450,40,7915,7764,1493,8066,13416,10,1,1
20527,3807,832,40,7244,7054,982,7404,13055,17,1,1
20528,2625,611,40,10049,9889,2605,10199,16100,13,1,1
20529,7615,4719,40,15379,14788,1523,15569,29456,71,1,1
20530,6001,1553,40,18114,17824,3406,18275,29275,29,1,1
20531,7004,7233,40,21440,20669,2124,21651,38052,98,1,1
20532,4428,952,40,17694,17463,2274,17844,25548,20,1,1
20533,4198,421,40,8196,8045,1002,8346,14017,11,1,1
20534,1773,111,40,5110,5009,1623,5240,8797,1,1,1
20535,3186,2384,40,16502,16141,2735,16662,25017,39,1,1
20536,5139,1413,40,30368,30068,1753,30518,38873,26,1,2
20537,6552,5450,40,22593,21961,1673,22793,36499,78,1,1
20538,3126,571,40,18184,18014,8696,18335,30778,13,1,1
20539,4278,401,40,12524,12374,1783,12654,19166,9,1,1
20540,6603,4669,40,18906,18325,2344,19096,32742,69,1,1
20541,5510,2305,40,13776,13436,6282,13936,28083,37,1,1
20542,7604,6222,40,18355,17673,4789,18555,37200,83,1,1
20543,2565,340,40,17924,17783,13175,18075,34195,8,1,1
20544,4649,2935,40,20068,19667,8155,20249,36038,46,1,1
20545,4448,2305,40,13836,13485,2264,13986,23053,37,1,1
20546,7063,5681,40,16281,15609,2094,16481,31359,83,1,1
20547,6502,4930,40,19928,19327,2064,20108,33654,73,1,1
20548,2234,170,41,17453,17342,12734,17594,32762,3,1,1
20549,1864,531,40,17754,17573,8175,17894,28514,13,1,1
20550,4338,1994,40,13275,12955,2114,13445,21931,34,1,1
20551,10821,11431,41,18244,17182,1052,18485,41829,138,1,1
20552,6823,5751,40,20710,20058,1683,20900,35217,80,1,1
20553,3106,812,40,18014,17824,12814,18164,34946,15,1,1
20554,2265,430,40,17894,17753,11481,18045,32251,9,1,1
20555,7033,6943,40,20479,19757,1072,20690,35768,91,1,1
20556,6172,4619,40,19507,18946,2665,19687,33193,68,1,1
20557,2174,160,40,17844,17743,15931,17984,36289,3,1,1
20558,16962,22282,40,23745,21902,12263,24056,75623,241,1,2
20559,6623,5821,40,20509,19848,1132,20699,34335,82,1,1
20560,6222,5029,40,20409,19838,2234,20599,34144,70,1,1
20561,2525,300,40,17573,17453,15159,17714,35748,6,1,1
20562,16231,21050,40,6442,4679,16701,6753,60775,237,1,1
20563,8957,6783,40,21461,20770,12474,21661,49925,86,1,1
20564,6823,6503,40,20649,19948,1092,20859,35317,88,1,1
20565,6171,4639,41,19967,19406,1873,20158,32892,69,1,1
20566,2755,120,41,17282,17202,14889,17423,35227,1,1,1
20567,15931,21530,40,6462,4699,13676,6773,57950,238,1,1
20568,9748,6152,40,21210,20549,10830,21411,48181,83,1,1
20569,4608,2966,40,15129,14708,1343,15289,24256,47,1,1
20570,6623,3406,40,13646,13195,2014,13826,25909,53,1,1
20571,6342,5310,40,24226,23625,2104,24406,38202,72,1,1
20572,2334,321,40,17774,17644,14888,17914,35497,7,1,1
20573,15940,21261,40,6422,4669,17473,6732,61446,236,1,1
20574,6883,4649,40,19487,18966,14648,19677,45887,63,1,1
20575,5750,5029,40,15029,14428,1152,15219,27181,72,1,1
20576,6653,3326,40,13245,12804,2044,13425,25498,52,1,1
20577,6402,4719,40,22132,21550,2344,22323,35838,70,1,1
20578,1984,190,40,17563,17453,14647,17704,34565,4,1,1
20579,12544,15058,40,22142,20769,13966,22403,64021,177,1,2
20580,10620,9939,40,58812,57849,982,59042,80623,123,1,1
20581,5761,4408,40,44034,43493,2244,44224,56687,66,1,1
20582,29767,33503,421,93858,90160,10289,95631,169481,218,1,1
20583,3296,1783,70,41699,41178,12584,42020,59753,19,1,1
20584,4469,3537,60,25919,25218,5661,26169,39896,34,1,1
20585,5761,551,60,29186,28884,3086,29406,38864,7,1,1
20586,25197,30218,60,44986,42120,8285,45436,109216,207,1,1
20587,2304,151,70,12654,12444,2204,12884,17603,1,1,1
20588,8796,7715,70,30538,29515,4708,30828,52128,67,1,1
20589,9528,9578,60,36128,34926,3095,36450,58711,82,1,1
20590,5440,1643,70,28624,28303,19537,28865,55545,19,1,1
20591,9007,5511,60,30738,30047,10209,31008,55816,51,1,1
20592,1212,190,60,13645,13495,761,13857,16090,2,1,1
20593,15579,14828,60,20168,18796,1223,20509,52209,114,1,1
20594,10189,8016,60,23935,23064,2544,24236,45075,69,1,1
20595,4558,3898,60,20719,20168,3046,20979,32561,39,1,1
20596,11331,11983,70,24757,23564,1863,25087,50345,98,1,1
20597,26029,13396,60,33674,32422,13315,34014,86814,102,1,1
20598,5571,3116,40,21020,20609,7775,21200,37722,44,1,1
20599,5220,2585,40,17203,16822,2344,17373,27582,37,1,1
20600,7414,5620,40,18204,17603,2114,18415,33603,70,1,1
20601,8316,7244,40,23004,22262,2013,23214,40837,89,1,1
20602,3657,621,41,19276,19106,11883,19427,35638,12,1,1
20603,2334,551,50,19066,18916,11341,19237,33503,11,1,1
20604,6983,6813,40,21661,20950,1193,21881,36920,84,1,1
20605,7033,6102,40,22252,21591,2375,22462,38022,78,1,1
20606,3817,661,40,19177,19006,15900,19337,39765,12,1,1
20607,2675,521,40,19547,19397,11091,19697,34034,9,1,1
20608,5851,4448,40,21130,20589,1493,21320,33173,61,1,1
20609,6772,5310,40,22502,21901,2825,22693,37661,68,1,1
20610,4138,1072,40,19457,19227,18075,19617,42942,19,1,1
20611,17674,23595,50,25258,23335,17032,25588,83929,237,1,2
20612,3646,1934,40,14879,14568,2404,15059,23073,31,1,1
20613,7724,5471,50,15900,15279,2445,16100,31790,73,1,1
20614,6993,6092,40,21771,21100,2144,21971,37260,78,1,1
20615,3467,831,41,19667,19487,17323,19828,41499,14,1,1
20616,9999,9618,40,21942,20960,13215,22172,55054,115,1,2
20617,5450,4759,40,20810,20258,1363,21000,32632,63,1,1
20618,6432,5009,40,24296,23685,2806,24486,38794,70,1,1
20619,2675,581,40,19136,18976,16672,19286,39254,11,1,1
20620,16691,23405,40,6863,4990,19718,7193,67057,241,1,1
20621,4969,3877,41,21230,20759,17102,21421,47409,52,1,1
20622,12223,13095,40,24096,22874,1252,24366,50966,152,1,1
20623,6763,5580,40,21500,20859,2013,21712,36118,75,1,1
20624,2876,571,40,19297,19137,17223,19447,40167,10,1,1
20625,11912,15179,40,23344,22061,14527,23615,65263,157,1,2
20626,6663,6092,40,16551,15890,1243,16761,30809,78,1,1
20627,4909,1333,40,13496,13255,1673,13656,21611,21,1,1
20628,6913,5771,40,17503,16842,1653,17723,32100,79,1,1
20629,4729,1313,40,13265,13015,1693,13425,21210,22,1,1
20630,2815,241,40,18896,18766,16331,19036,38473,5,1,1
20631,17183,23224,40,6823,4950,14858,7143,62468,240,1,1
20632,10159,7053,40,21631,20919,11732,21852,50826,86,1,1
20633,5440,4478,40,16300,15750,1282,16492,27732,63,1,1
20634,4759,2134,41,13575,13245,1563,13746,22252,33,1,1
20635,7444,6723,50,18074,17353,1392,18295,33904,87,1,1
20636,3807,211,50,12644,12534,7735,12794,24587,5,1,1
20637,4258,1373,40,19407,19157,8626,19567,33864,22,1,1
20638,5400,2765,40,19777,19386,11813,19948,39976,41,1,1
20639,7344,7805,40,17233,16441,1072,17463,33724,96,1,1
20640,6643,5701,40,15880,15229,1794,16080,30278,76,1,1
20641,4048,501,40,12704,12544,1724,12864,19187,10,1,1
20642,6001,1723,40,19447,19146,17183,19607,44575,28,1,1
20643,3857,3016,40,15900,15509,2415,16090,25418,43,1,1
20644,6993,4539,50,21391,20840,12503,21581,45666,63,1,1
20645,5912,4799,50,17072,16521,1302,17272,29336,64,1,1
20646,6683,5871,40,16591,15940,2284,16802,31680,76,1,1
20647,4288,1974,40,15299,14979,3557,15469,25328,32,1,1
20648,7013,4268,40,21611,21100,5300,21801,38432,58,1,1
20649,7324,6382,40,22543,21832,1924,22753,38443,84,1,1
20650,3336,2254,41,20859,20508,4990,21030,31660,35,1,1
20651,3326,892,40,13315,13105,2255,13465,19988,17,1,1
20652,6372,5240,40,15730,15129,2255,15930,29847,71,1,1
20653,3577,1173,40,14277,14036,4138,14447,23375,21,1,1
20654,6983,5120,40,21531,20960,6121,21721,40005,65,1,1
20655,7564,6573,40,17283,16571,1613,17493,33283,84,1,1
20656,6933,4980,40,21431,20850,3316,21621,36900,66,1,1
20657,3416,1443,40,13546,13275,2635,13706,21260,25,1,1
20658,6593,5400,40,15410,14798,1863,15610,29516,71,1,1
20659,4419,2274,50,14698,14357,3637,14878,25248,35,1,1
20660,6462,4438,41,21861,21300,6042,22062,39064,64,1,1
20661,8496,7264,40,18074,17293,1674,18284,35768,93,1,1
20662,6924,3847,50,20038,19577,9799,20238,40838,52,1,1
20663,6011,5391,40,13756,13165,1052,13956,26460,68,1,1
20664,6132,4348,40,13846,13315,2073,14047,26640,60,1,1
20665,3857,321,50,17483,17303,1703,17633,23564,7,1,2
20666,2465,1473,40,15129,14878,4218,15289,23495,23,1,1
20667,7625,5300,40,21751,21120,1442,21962,36369,73,1,1
20668,7474,6442,40,17613,16902,2846,17834,34636,85,1,1
20669,7714,5180,40,21371,20760,2445,21571,36950,71,1,1
20670,12654,4369,40,10590,10099,17142,10790,44995,55,1,1
20671,3547,712,50,6863,6692,8847,7023,20179,14,1,1
20672,17122,17924,40,13696,12243,9598,13987,58681,184,1,1
20673,3266,671,40,17293,17073,9178,17443,30598,12,1,2
20674,3827,2124,40,8216,7905,6542,8386,20939,32,1,1
20675,4308,1843,41,14637,14327,3808,14808,24807,31,1,1
20676,5881,2064,40,30498,30147,19137,30678,57790,30,1,2
20677,3637,2745,40,15639,15259,2846,15810,25078,39,1,1
20678,6633,2575,40,19517,19146,8746,19687,37691,39,1,1
20679,3326,1103,40,11331,11101,2124,11481,18094,19,1,1
20680,6602,3667,40,11863,11392,1252,12053,23624,52,1,1
20681,3487,1242,41,15208,14958,2655,15369,22804,22,1,1
20682,9718,4919,40,30117,29546,5821,30308,50806,60,1,2
20683,7564,6923,40,17533,16802,2144,17744,34425,86,1,1
20684,7424,4789,41,20468,19887,2776,20659,35708,66,1,1
20685,4108,1232,40,10860,10620,1644,11020,18035,20,1,1
20686,6132,3577,40,11322,10851,1473,11502,22724,51,1,1
20687,3327,1322,40,16221,15980,2605,16381,23695,23,1,1
20688,7254,3677,40,20279,19808,4558,20469,36008,52,1,1
20689,4579,1743,41,11101,10800,1332,11272,18966,29,1,1
20690,10170,11792,50,26370,25298,1112,26630,49744,134,1,1
20691,2064,210,51,10149,10039,2495,10300,15109,4,1,1
20692,4569,1162,50,9748,9498,1313,9909,17013,23,1,1
20693,4078,651,40,13546,13335,1052,13706,19537,12,1,2
20694,6142,4629,40,18295,17754,2995,18495,32301,62,1,1
20695,6933,2114,40,19617,19307,5311,19777,34195,30,1,1
20696,7504,7094,40,21591,20829,1693,21801,38152,92,1,1
20697,4939,1523,40,19357,19056,4048,19517,30077,29,1,1
20698,3988,280,50,8496,8376,1332,8647,14307,6,1,1
20699,3817,181,40,5901,5791,1132,6041,11231,4,1,1
20700,3075,712,40,8486,8296,1503,8646,13986,15,1,1
20701,5781,3677,40,18675,18194,2104,18855,30467,54,1,1
20702,6743,5060,50,39114,38493,3407,39314,54574,68,1,2
20703,4449,601,40,18776,18595,2565,18926,26601,13,1,1
20704,4298,641,51,10509,10319,1693,10671,17353,15,1,1
20705,8897,8606,40,14348,13475,1132,14568,33253,106,1,1
20706,7244,5270,40,16822,16201,3006,17022,32582,72,1,1
20707,8095,7464,41,16982,16190,1543,17193,34355,94,1,1
20708,7504,6052,50,17293,16622,2334,17513,33433,80,1,1
20709,6102,1192,40,19027,18775,2324,19197,28865,23,1,1
20710,5160,2324,40,20559,20188,3536,20740,31800,38,1,1
20711,3246,120,41,8095,8005,1673,8256,13325,1,1,1
20712,7334,6041,40,20750,20068,2274,20950,36659,80,1,1
20713,6873,5300,50,21661,21050,1913,21861,36008,72,1,1
20714,3317,300,41,18986,18855,13756,19147,36560,7,1,1
20715,2765,751,41,19166,18986,8707,19327,31600,13,1,1
20716,3787,1803,40,19957,19657,2364,20119,28113,29,1,1
20717,6622,5421,40,24476,23835,2375,24686,39144,75,1,1
20718,2885,661,50,19356,19176,13807,19516,36910,13,1,1
20719,2655,1042,40,19717,19497,9839,19877,33463,19,1,1
20720,12734,13826,40,18986,17774,1934,19256,47790,152,1,1
20721,7855,5831,40,17223,16571,2555,17433,33724,76,1,1
20722,7444,6793,50,25067,24336,1734,25287,41308,89,1,1
20723,1983,171,40,18795,18685,631,18936,21781,3,1,1
20724,18244,11823,40,3898,2826,18906,4148,53161,134,1,1
20725,8747,6833,40,22593,21882,8336,22793,46769,85,1,1
20726,2444,802,40,13626,13436,2675,13786,19737,15,1,1
20727,8156,5510,40,15930,15289,2114,16131,31951,74,1,1
20728,6663,6422,50,21451,20850,1803,21651,36589,70,1,1
20729,12073,6983,40,22784,22072,14497,22994,56597,84,1,1
20730,2555,741,40,19187,18996,12864,19337,35537,14,1,1
20731,7234,6212,40,23284,22593,1202,23484,38182,81,1,1
20732,6983,6302,40,22763,22062,1473,22973,37781,83,1,1
20733,2595,160,40,18595,18485,15880,18736,37421,3,1,1
20734,16601,23785,50,6933,5050,16281,7274,63981,244,1,1
20735,5200,3567,40,20559,20118,14818,20739,44364,48,1,1
20736,6392,5661,40,16752,16120,1192,16962,30247,73,1,1
20737,7524,4719,50,15600,15039,2775,15800,30858,65,1,1
20738,6933,5480,40,21211,20569,1763,21411,35627,74,1,1
20739,2715,611,51,19136,18976,16902,19297,39575,12,1,1
20740,17533,21461,40,25288,23506,13937,25598,78589,225,1,2
20741,2364,481,40,10450,10300,1994,10610,15499,10,1,1
20742,6472,3286,40,16401,15950,1412,16592,27812,49,1,1
20743,6643,4779,40,20629,20058,2224,20839,34525,67,1,1
20744,2305,250,40,19277,19147,741,19417,22753,5,1,1
20745,18415,12163,50,3788,2736,32020,4038,66686,132,1,1
20746,7294,3797,50,20649,20178,15139,20849,47119,54,1,1
20747,6512,6062,40,16672,16010,1242,16882,30748,78,1,1
20748,8055,3587,40,14337,13867,1923,14518,28133,51,1,1
20749,7234,6412,40,21561,20859,1433,21771,36900,83,1,1
20750,2565,551,40,19547,19397,17483,19697,40356,10,1,1
20751,16191,20328,40,24987,23264,13556,25298,75433,217,1,2
20752,2365,270,50,20740,20619,2665,20890,26250,6,1,1
20753,5070,2354,40,17563,17212,1573,17744,26791,36,1,1
20754,6543,4989,40,16832,16231,2195,17022,30799,69,1,1
20755,3968,1042,40,12934,12714,1633,13104,19777,19,1,1
20756,3968,1422,40,19798,19517,16291,19958,41679,26,1,1
20757,2364,1082,40,19286,19046,16071,19436,39014,20,1,1
20758,2775,852,40,13937,13726,2144,14097,19918,16,1,1
20759,4358,871,40,12774,12564,1743,12925,19947,17,1,1
20760,6683,5410,41,17693,17052,1874,17904,31921,74,1,1
20761,2665,301,40,18745,18605,16381,18895,38292,7,1,1
20762,16782,23164,40,20248,18355,3276,20569,63851,239,1,2
20763,3166,1112,40,18956,18715,11172,19116,34606,20,1,1
20764,10580,4359,40,16200,15700,19777,16391,51157,56,1,1
20765,3507,1553,40,13395,13115,13847,13555,32502,26,1,1
20766,17172,23084,50,6803,4939,17924,7134,65354,240,1,1
20767,5079,2545,41,9918,9548,13195,10109,30978,39,1,1
20768,16121,21721,40,20659,18855,13125,20980,71997,232,1,1
20769,2494,120,40,12383,12293,2064,12533,17252,1,1,1
20770,6954,2735,40,20960,20589,22062,21130,52921,38,1,1
20771,3507,2875,50,17002,16611,902,17193,24517,42,1,1
20772,10930,9268,40,21681,20760,14859,21921,57028,114,1,1
20773,2905,992,50,13917,13705,2455,14087,20479,19,1,1
20774,6322,5080,40,15580,14968,2094,15770,29316,70,1,1
20775,3958,1282,40,14608,14348,4008,14768,24076,23,1,1
20776,6602,3517,50,21311,20860,3326,21511,34996,51,1,1
20777,7404,5951,51,16721,16050,1984,16932,32311,80,1,1
20778,7264,5841,40,21942,21291,3156,22152,38453,76,1,1
20779,2955,1002,41,13084,12874,2545,13245,19787,17,1,1
20780,6572,4839,41,13375,12794,1653,13566,26690,67,1,1
20781,3868,972,40,8786,8566,1382,8936,15219,19,1,1
20782,15609,16472,40,27242,25829,1282,27532,60945,179,1,1
20783,7164,6713,40,17513,16782,2024,17733,33674,87,1,1
20784,7524,6392,40,22172,21471,2295,22382,38633,83,1,1
20785,3627,1072,50,11302,11091,2294,11462,18505,19,1,1
20786,5821,2755,40,10059,9678,1242,10240,20098,40,1,1
20787,6473,4258,40,15179,14658,1723,15369,27873,58,1,1
20788,3657,1303,40,14688,14447,4178,14858,24026,22,1,1
20789,6773,4218,40,21291,20780,4949,21491,37481,58,1,1
20790,7224,6032,50,16661,16000,2124,16882,32302,79,1,1
20791,7184,5350,41,21460,20849,3767,21671,38012,72,1,1
20792,4078,1803,50,13576,13266,2214,13746,21891,31,1,1
20793,6603,4859,40,12735,12163,1853,12955,26320,66,1,1
20794,4759,1273,40,23775,23475,1984,23935,31991,23,1,2
20795,7304,3256,40,21140,20699,5200,21321,37121,47,1,1
20796,7615,6142,40,17824,17122,1863,18024,33704,82,1,1
20797,8537,4679,50,21521,20960,4528,21731,39505,65,1,1
20798,3437,1162,40,10981,10750,2054,11141,17844,21,1,1
20799,6923,4529,40,12434,11893,1162,12624,25288,61,1,1
20800,3837,281,40,8676,8546,1674,8816,14668,6,1,1
20801,4398,2174,41,15228,14888,3676,15390,25688,33,1,1
20802,17162,14287,41,23995,22733,3437,24256,59202,158,1,1
20803,6603,5570,40,20649,20018,1252,20860,34325,74,1,1
20804,6803,3547,40,20519,20038,8226,20699,39325,53,1,1
20805,2986,711,51,11441,11251,2044,11602,17383,14,1,1
20806,4318,1543,40,9458,9178,1112,9628,16631,27,1,1
20807,5641,3977,51,11341,10850,1693,11532,22903,56,1,1
20808,3967,882,50,8095,7895,1092,8255,14257,17,1,1
20809,5590,3637,41,17322,16832,1943,17513,28724,55,1,1
20810,7214,3517,40,30918,30438,12603,31099,54483,49,1,2
20811,8005,6643,40,16201,15469,1663,16421,32772,89,1,1
20812,4969,2845,40,20118,19747,7434,20299,35577,40,1,1
20813,5150,2244,40,12173,11823,1242,12344,21020,35,1,1
20814,6683,4669,40,12393,11812,1112,12584,25098,66,1,1
20815,2365,421,40,12854,12714,2885,13004,18736,9,1,1
20816,7635,5961,40,17343,16672,2425,17553,33614,79,1,1
20817,6422,2956,40,29947,29516,8155,30117,47710,41,1,2
20818,7895,7414,51,18465,17673,1613,18686,35658,96,1,1
20819,6232,3567,40,20439,19978,3597,20619,34065,51,1,1
20820,6091,1934,40,11331,11021,1813,11502,21400,31,1,1
20821,4548,1052,40,9078,8846,1863,9238,16741,19,1,1
20822,2805,160,40,9448,9338,1503,9598,14116,3,1,1
20823,3186,812,40,19948,19728,1873,20108,26019,15,1,2
20824,8586,7695,40,26030,25218,2344,26260,44915,98,1,1
20825,7875,6723,40,23946,23214,1332,24156,40136,87,1,1
20826,6342,1833,40,19407,19087,2254,19567,30046,31,1,1
20827,3797,431,40,9268,9117,1473,9428,15179,10,1,1
20828,4057,702,40,6402,6212,1152,6562,12513,15,1,1
20829,3386,661,41,8977,8776,1663,9128,14878,15,1,1
20830,6713,4388,40,18556,18004,2314,18746,32221,63,1,1
20831,8607,2955,41,19667,19256,3356,19848,34816,44,1,1
20832,10209,8586,40,23494,22613,1734,23714,44294,107,1,1
20833,4769,291,40,18545,18405,5631,18695,29426,7,1,1
20834,4208,871,41,8295,8075,1052,8456,14637,18,1,1
20835,3757,1413,40,11512,11251,2745,11672,19637,24,1,1
20836,7464,6092,40,17203,16522,2214,17423,33223,80,1,1
20837,6833,5892,40,22272,21621,1794,22472,37041,76,1,1
20838,4599,290,50,18676,18546,2224,18826,25989,7,1,1
20839,5991,3797,41,21701,21230,8215,21892,39925,52,1,1
20840,3978,2094,40,14778,14447,2595,14958,23665,33,1,1
20841,7715,5510,40,18044,17403,2164,18245,33684,75,1,1
20842,9608,11371,40,24176,23114,1252,24417,46708,131,1,1
20843,3727,741,40,19858,19668,13836,20008,38352,14,1,1
20844,2785,772,40,19086,18896,8406,19236,31259,14,1,1
20845,3006,1072,40,14758,14528,2395,14918,21441,20,1,1
20846,7374,5601,50,15900,15249,1924,16110,31059,77,1,1
20847,7274,5821,40,22152,21490,1743,22363,37241,78,1,1
20848,2935,501,40,19367,19216,12123,19517,35126,10,1,1
20849,2254,782,50,18916,18726,11842,19076,34004,15,1,1
20850,3476,1232,50,13646,13405,2875,13806,21430,21,1,1
20851,7334,5039,40,17122,16541,2485,17323,32241,67,1,1
20852,6181,4799,40,21040,20458,2003,21241,34264,67,1,1
20853,2775,671,40,19758,19577,13676,19908,37070,12,1,1
20854,2174,832,40,19347,19146,9668,19507,32231,16,1,1
20855,2845,781,40,13225,13034,2605,13376,19657,15,1,1
20856,3176,1573,40,14277,13987,3246,14437,22492,27,1,1
20857,8105,5430,40,21300,20659,1744,21510,36830,75,1,1
20858,2646,160,40,18475,18365,16111,18615,37572,3,1,1
20859,17463,22673,50,26871,24987,19547,27202,86925,237,1,2
20860,4980,2685,40,16471,16081,1893,16672,26270,41,1,1
20861,8356,5300,50,15249,14668,1513,15449,30678,68,1,1
20862,9207,11101,40,25308,24256,1232,25549,47139,129,1,1
20863,3136,601,40,19327,19147,17233,19477,40497,13,1,1
20864,10750,12634,40,23365,22141,14828,23615,61877,149,1,2
20865,1473,110,40,8065,7975,661,8206,10500,1,1,1
20866,18615,6753,40,13275,12564,34766,13485,73659,84,1,1
20867,4098,1843,41,11571,11271,13255,11743,30989,30,1,1
20868,4128,1152,40,12684,12454,1794,12844,19958,19,1,1
20869,5490,2534,51,14387,14006,16000,14568,38633,41,1,1
20870,6813,5170,40,20549,19937,12553,20739,45336,70,1,1
20871,12273,6402,41,21981,21320,18996,22192,59903,79,1,1
20872,6392,3286,40,19998,19537,15660,20178,45566,50,1,1
20873,5501,5139,40,22091,21551,1352,22283,34325,61,1,1
20874,6423,5039,41,21450,20829,2014,21641,35177,71,1,1
20875,14327,6602,50,22462,21781,9569,22673,53211,80,1,1
20876,3116,1382,41,19537,19276,12012,19698,36258,24,1,1
20877,6934,5560,50,16572,15961,1232,16772,30548,72,1,1
20878,6803,4358,40,14457,13916,1824,14648,27683,60,1,1
20879,6652,5491,40,21190,20559,1533,21400,35116,74,1,1
20880,3166,381,40,19016,18876,15529,19166,38292,8,1,1
20881,7243,3497,40,20259,19788,12213,20439,43432,51,1,1
20882,5681,4789,51,20358,19807,1303,20609,32422,63,1,1
20883,6252,4839,40,16671,16100,2305,16862,30298,65,1,1
20884,3908,1162,40,13917,13676,1723,14077,20920,21,1,1
20885,5961,431,40,18956,18806,16632,19106,42170,9,1,1
20886,2675,821,40,18836,18656,11262,18996,33804,15,1,1
20887,3887,2445,50,15550,15219,1433,15750,23565,34,1,1
20888,5050,2204,40,27051,26681,1734,27221,36249,33,1,2
20889,2224,210,41,31329,31169,11392,31470,45356,4,1,2
20890,4198,1974,40,19457,19136,13285,19617,39124,32,1,1
20891,6823,6722,50,16531,15830,1142,16752,31489,84,1,1
20892,6432,4478,51,15539,14988,2675,15740,29365,63,1,1
20893,3938,391,40,12443,12293,2245,12593,19197,8,1,1
20894,7003,1673,40,19587,19306,18755,19748,47239,26,1,1
20895,3707,2956,40,16051,15650,2815,16231,25759,43,1,1
20896,6643,3667,40,21371,20900,15048,21551,46969,52,1,1
20897,2675,992,40,14016,13806,2275,14176,20158,17,1,1
20898,6251,4820,40,18725,18144,1844,18915,31870,66,1,1
20899,5230,2726,40,15860,15469,3787,16050,27833,43,1,1
20900,6733,4819,50,22112,21521,2625,22312,36549,69,1,1
20901,7093,5942,40,17273,16602,2184,17483,32742,80,1,1
20902,7194,5661,40,22132,21471,5260,22332,40497,77,1,1
20903,3387,1031,40,11381,11151,2315,11541,18315,19,1,1
20904,6662,2715,40,10019,9648,1252,10210,20879,40,1,1
20905,5641,4158,40,16000,15479,1884,16200,27913,58,1,1
20906,2925,792,50,13406,13225,4238,13566,21561,14,1,1
20907,6172,4328,50,21551,21040,5861,21751,38162,59,1,1
20908,7124,5941,41,17182,16511,2074,17383,32572,79,1,1
20909,7514,5400,40,21420,20819,6352,21631,40937,70,1,1
20910,3677,1313,50,14107,13856,3376,14277,22693,23,1,1
20911,7144,6572,40,16070,15369,1303,16281,31350,84,1,1
20912,3827,1543,40,14468,14187,3917,14628,23975,26,1,1
20913,6803,4188,40,21450,20910,5380,21631,38062,60,1,1
20914,7074,5590,40,16421,15790,1773,16631,31119,75,1,1
20915,6362,2405,40,19577,19217,10269,19758,38844,38,1,1
20916,5691,5110,40,15199,14638,1253,15469,27563,65,1,1
20917,6251,4469,40,12915,12364,1673,13115,25548,63,1,1
20918,2765,701,40,13746,13555,3977,13896,21390,14,1,1
20919,6673,2865,40,20549,20148,3476,20730,33804,44,1,1
20920,5551,2685,40,17473,17082,1563,17643,27492,41,1,1
20921,6542,2675,40,19988,19607,6282,20178,35718,41,1,1
20922,4499,1763,40,12404,12093,1793,12584,20679,31,1,1
20923,6382,4819,40,13125,12574,1082,13315,25658,63,1,1
20924,3788,250,40,8967,8847,1523,9117,14728,6,1,1
20925,5380,3256,50,15900,15460,4238,16080,29015,49,1,1
20926,7615,4328,50,20930,20399,1804,21120,34917,61,1,1
20927,8255,7695,50,27693,26881,1633,27913,45546,98,1,1
20928,3677,2344,40,12083,11763,1173,12283,19517,32,1,1
20929,4028,2134,40,11091,10761,1393,11271,18866,33,1,1
20930,3296,1002,50,8306,8096,1162,8466,13966,18,1,1
20931,2645,1513,50,16752,16502,3256,16922,24376,24,1,1
20932,4569,2445,50,20028,19667,2555,20218,29817,38,1,1
20933,4118,3346,41,18745,18314,2104,18936,28564,49,1,1
20934,3546,1563,41,19647,19356,1793,19808,26760,27,1,1
20935,4980,3236,40,11772,11382,1062,11983,21321,42,1,1
20936,2665,832,40,16211,15981,1743,16361,21661,15,1,2
20937,2475,571,40,6322,6142,1283,6472,10831,13,1,1
20938,7534,7905,40,19678,18896,1162,19908,36549,95,1,1
20939,6593,3556,40,27552,27081,8025,27742,45967,47,1,2
20940,9648,8787,40,22473,21591,1673,22703,42851,108,1,1
20941,7094,2925,41,19957,19547,4068,20148,34275,44,1,1
20942,4117,1183,40,10510,10249,1934,10670,17944,23,1,1
20943,4709,2024,40,9118,8777,1002,9278,17073,35,1,1
20944,3447,1583,50,18315,18014,1102,18515,24687,24,1,2
20945,4478,2716,40,16331,15940,2975,16511,26730,42,1,1
20946,2816,781,40,19016,18815,1723,19177,24537,15,1,1
20947,5480,4428,50,19627,19086,1854,19838,31650,63,1,1
20948,2375,391,40,18625,18475,1954,18775,23545,9,1,1
20949,3878,170,40,8807,8697,1703,8947,14758,3,1,1
20950,3517,351,40,5911,5771,1313,6061,11292,8,1,1
20951,2765,902,40,8426,8206,1232,8586,13525,18,1,1
20952,2635,1913,41,17413,17092,2715,17574,24897,31,1,1
20953,5069,841,40,18856,18656,1683,19006,26660,16,1,1
20954,7995,6552,40,23635,22913,1423,23845,39855,85,1,1
20955,2474,551,40,19877,19707,1032,20028,24125,11,1,1
20956,17483,22322,40,6562,4769,7725,6883,54443,230,1,1
20957,3236,732,40,8646,8446,1213,8796,14007,15,1,1
20958,4007,1834,40,17273,16972,2645,17453,25979,30,1,1
20959,7514,6192,40,24396,23695,1763,24616,40136,83,1,1
20960,3166,611,40,18906,18715,3667,19056,26540,13,1,1
20961,6773,4589,40,22713,22152,5200,22913,39515,64,1,1
20962,13936,7805,40,27633,26871,10580,27843,60214,90,1,1
20963,7234,5320,40,19898,19277,2936,20098,35638,71,1,1
20964,1362,301,40,11702,11572,8166,11852,21721,6,1,1
20965,6612,5220,40,24185,23574,6031,24397,42310,72,1,1
20966,2494,311,50,19437,19317,16251,19587,38703,6,1,1
20967,2976,871,40,19648,19427,8887,19808,32592,17,1,1
20968,3216,1163,40,14247,13996,2725,14407,21561,21,1,1
20969,6793,5441,40,17072,16471,2235,17282,31781,70,1,1
20970,7023,5571,40,23354,22713,1803,23565,38002,75,1,1
20971,2214,291,50,19156,19036,772,19306,22633,6,1,1
20972,18155,13225,40,4188,3026,24066,4438,59934,144,1,1
20973,5100,3867,40,22142,21651,12493,22322,43833,54,1,1
20974,7985,8506,40,23123,22292,1122,23355,41008,100,1,1
20975,6473,5099,41,21460,20859,2435,21661,35708,70,1,1
20976,2254,181,50,19477,19377,13285,19627,35387,3,1,1
20977,2465,691,40,19267,19086,11832,19417,34455,13,1,1
20978,6632,6983,40,21621,20879,1192,21842,36699,88,1,1
20979,6762,5210,40,20859,20238,2154,21060,35226,72,1,1
20980,3337,691,40,19547,19367,13686,19697,37471,13,1,1
20981,2435,891,40,19146,18936,10740,19317,33413,17,1,1
20982,6412,5641,40,20990,20369,1272,21200,34565,73,1,1
20983,6853,5280,40,21181,20548,1863,21391,35417,73,1,1
20984,3216,602,40,19216,19026,16722,19376,39956,13,1,1
20985,16742,22953,40,6742,4909,18084,7074,64903,237,1,1
20986,4719,2865,40,20929,20519,16782,21120,45526,44,1,1
20987,6453,5580,40,21231,20610,1332,21431,34836,71,1,1
20988,6142,5030,40,21791,21180,2455,21981,35658,70,1,1
20989,2906,661,40,19147,18966,17082,19307,40006,13,1,1
20990,17503,23094,40,6793,4940,18545,7123,66305,239,1,1
20991,7514,6873,40,22403,21681,16070,22623,53110,87,1,1
20992,5661,4799,50,21080,20519,1253,21320,33073,63,1,1
20993,6291,4909,40,21571,20980,1773,21761,34795,67,1,1
20994,2224,120,50,18836,18756,16110,18986,37491,1,1,1
20995,16732,22493,40,6623,4799,15399,6943,61617,234,1,1
20996,5009,4349,40,20779,20369,11542,20979,41929,44,1,1
20997,6122,5470,50,19537,18946,1273,19747,32672,70,1,1
20998,6813,2094,40,15089,14768,1934,15259,26160,32,1,1
20999,6853,6041,40,22021,21340,1863,22222,37030,80,1,1
21000,2966,411,40,18946,18796,16541,19096,39054,9,1,1
21001,4929,3517,40,20409,19898,13555,20589,42640,52,1,2
21002,8145,7705,40,22032,21250,1142,22242,39294,93,1,1
21003,6583,5661,50,17673,17032,2334,17874,32512,75,1,1
21004,4188,922,40,12844,12634,1683,13005,19848,18,1,1
21005,6422,1383,40,19336,19076,16922,19506,44284,24,1,1
21006,6191,1864,40,19587,19287,9959,19757,37811,30,1,1
21007,5932,5711,40,16611,15990,1183,16811,29677,71,1,1
21008,6693,5270,40,17523,16892,2245,17723,31991,73,1,1
21009,5230,1293,40,13255,13025,1904,13415,21902,22,1,1
21010,2895,762,40,33022,32792,18264,33173,55154,14,1,2
21011,6302,3346,40,20559,20118,12955,20739,43392,48,1,1
21012,6743,6062,40,16201,15559,1162,16411,30428,77,1,1
21013,6492,5080,50,16351,15770,1924,16561,30107,68,1,1
21014,3406,1283,40,15048,14808,4599,15208,24546,22,1,1
21015,3827,2004,41,20508,20188,3666,20689,30237,33,1,1
21016,7755,6161,40,17563,16872,2054,17764,33794,82,1,1
21017,8547,6802,40,22352,21621,3627,22573,41579,87,1,1
21018,3486,982,40,13787,13555,2094,13947,20569,19,1,1
21019,6692,4900,40,16531,15940,3196,16731,31579,69,1,1
21020,3056,791,40,14026,13836,4479,14197,22563,15,1,1
21021,3337,1723,40,20509,20218,3717,20689,29506,28,1,1
21022,7123,6031,40,17132,16461,1894,17342,32441,79,1,1
21023,7273,6022,40,21942,21261,2334,22142,37811,80,1,1
21024,3516,1283,40,11572,11332,2605,11742,19176,22,1,1
21025,5781,3146,40,10951,10530,1683,11131,21801,46,1,1
21026,6011,4098,40,15509,14979,1673,15700,27522,59,1,1
21027,3236,1042,40,14197,13986,5019,14358,23715,19,1,1
21028,3837,2164,40,20389,20047,3898,20569,30498,34,1,1
21029,7163,6052,40,16902,16231,1704,17102,32081,78,1,1
21030,7875,6462,40,21791,21100,1974,21992,38353,81,1,1
21031,8376,4599,40,12714,12133,1253,12904,27182,66,1,1
21032,2926,711,40,10821,10650,1663,10981,16341,12,1,1
21033,7765,6382,40,13626,12934,1553,13846,29596,82,1,1
21034,3988,671,40,8837,8646,1463,8997,15149,13,1,1
21035,6342,3346,40,15960,15509,3266,16140,29145,49,1,1
21036,6813,3627,40,21451,21000,6712,21641,38843,50,1,1
21037,7524,6181,40,17403,16712,2034,17603,33393,81,1,1
21038,7334,5250,40,21461,20850,5640,21671,39925,71,1,1
21039,3316,1162,40,12173,11933,2003,12334,18855,21,1,1
21040,7093,6162,40,13315,12614,1323,13515,28153,83,1,1
21041,3287,1573,40,15870,15590,2445,16030,23375,26,1,1
21042,6603,2875,40,32271,31851,15299,32462,57279,40,1,2
21043,3677,2275,40,13576,13225,1974,13746,21722,35,1,1
21044,3015,1203,40,19086,18856,9528,19246,33052,21,1,1
21045,3286,972,40,11231,11011,2364,11392,18054,18,1,1
21046,5932,3877,40,12965,12454,1663,13145,24667,56,1,1
21047,4118,952,40,10830,10620,1533,10991,17634,17,1,1
21048,7344,5200,40,17353,16732,2706,17553,32853,73,1,1
21049,7203,6181,41,21841,21230,1563,22052,37030,71,1,1
21050,7434,6442,40,27943,27232,1724,28163,43813,85,1,1
21051,1833,110,40,8607,8516,9007,8747,19757,1,1,1
21052,17843,11872,40,11111,10069,3526,11352,44654,129,1,1
21053,1683,401,40,8907,8767,5190,9057,16371,8,1,1
21054,7484,2986,40,7454,7053,1984,7634,20128,43,1,1
21055,2595,191,40,7314,7214,1252,7464,11552,4,1,1
21056,7013,6082,40,19337,18656,2324,19537,35016,80,1,1
21057,7174,4348,40,20690,20188,4298,20890,36760,58,1,1
21058,6893,6122,40,20770,20078,1733,20980,35768,82,1,1
21059,7053,4008,40,20399,19888,2925,20579,34625,57,1,1
21060,4549,1312,40,10670,10420,1783,10831,18525,22,1,1
21061,4208,752,50,8947,8756,1342,9107,15459,15,1,1
21062,4339,1492,40,8045,7764,1112,8216,15199,27,1,1
21063,3527,711,50,6292,6112,1243,6452,11983,14,1,1
21064,1593,331,40,9779,9659,621,9929,12524,6,1,1
21065,15169,16982,41,19987,18515,1893,20269,54363,186,1,1
21066,6632,5781,50,38794,38103,7695,38994,59162,77,1,2
21067,6302,2444,41,19847,19477,3948,20028,32752,38,1,1
21068,6131,2986,40,11913,11492,1372,12083,22632,45,1,1
21069,3917,1273,40,8947,8696,1352,9107,15689,22,1,1
21070,3106,611,40,10750,10580,2465,10901,17133,12,1,1
21071,7284,5059,40,17303,16681,1442,17504,31339,71,1,1
21072,6082,1883,40,20118,19817,1603,20319,29927,30,1,1
21073,3536,2515,40,19257,18886,2234,19437,27762,39,1,1
21074,1152,120,40,18666,18586,2585,18816,22713,1,1,1
21075,4689,181,40,8837,8716,1222,8977,15109,4,1,1
21076,2655,111,40,5991,5901,2235,6131,11192,1,1,1
21077,3497,1844,40,24967,24616,2345,25137,32873,31,1,2
21078,6583,5731,40,22172,21501,2875,22372,37611,78,1,1
21079,6984,1512,40,19236,18956,1693,19397,29636,27,1,1
21080,3256,1052,41,19937,19717,7475,20098,31921,19,1,1
21081,3787,380,50,8325,8195,1152,8476,13856,8,1,1
21082,4118,2254,40,12234,11882,2575,12404,21401,35,1,1
21083,8065,7193,40,17884,17102,2114,18114,35538,94,1,1
21084,6672,6372,40,25518,24837,1603,25718,40426,80,1,1
21085,2916,380,40,18625,18465,13135,18776,35257,9,1,1
21086,4659,2124,40,20669,20359,8035,20840,35708,32,1,1
21087,4628,2495,40,17634,17263,2535,17804,27512,38,1,1
21088,6703,5350,40,17583,16962,2104,17783,31980,72,1,1
21089,6783,5330,40,21200,20579,1974,21410,35527,72,1,1
21090,2936,320,40,19396,19266,37551,19547,60415,7,1,1
21091,10850,10851,691,73460,71566,15229,75052,112282,59,1,1
21092,13275,15790,80,61466,59262,1272,61997,92425,94,1,1
21093,10430,10450,81,35968,34465,3116,36349,60435,70,1,1
21094,12353,11332,80,34305,32943,2305,34695,60775,72,1,1
21095,33123,28464,80,49423,47099,22853,49935,134465,149,1,1
21096,10329,6563,80,38323,37451,17563,38673,73218,46,1,1
21097,3908,2264,81,24406,23975,3367,24717,34336,19,1,1
21098,13025,12183,80,31200,29926,3336,31590,60224,78,1,1
21099,5971,4859,81,29185,28524,3056,29526,43502,36,1,1
21100,14317,13335,80,30287,28725,2044,30689,60475,85,1,1
21101,33183,22072,80,43612,41659,31209,44084,130638,126,1,1
21102,4739,1743,80,22433,22192,16080,22673,45305,16,1,1
21103,13816,14928,40,24446,23174,1122,24717,54613,168,1,1
21104,6663,5691,40,21240,20539,2484,21441,36319,77,1,1
21105,2915,461,40,18015,17873,9408,18165,30979,10,1,1
21106,4698,2395,40,18646,18285,14477,18816,40436,39,1,1
21107,5891,4759,40,16301,15720,1343,16491,28524,68,1,1
21108,7194,5240,40,15209,14588,2114,15399,29987,75,1,1
21109,6763,5300,40,21140,20529,1522,21351,34966,75,1,1
21110,3045,451,40,17884,17744,15660,18034,37240,10,1,1
21111,15960,21841,40,6572,4799,18425,6883,63169,240,1,1
21112,4599,2535,40,19347,18976,16010,19517,42701,40,1,1
21113,6302,4238,40,20088,19597,1553,20279,32412,58,1,1
21114,6132,4899,40,21611,21050,2846,21811,35738,69,1,1
21115,2225,370,41,17873,17743,14647,18025,35307,8,1,1
21116,7575,7865,40,20499,19618,11241,20709,47450,102,1,2
21117,6272,5360,41,16451,15840,1192,16652,29526,74,1,1
21118,6663,3576,40,13445,13004,1944,13605,25839,49,1,1
21119,6813,5060,40,20379,19778,2014,20569,34496,73,1,1
21120,3116,270,40,17754,17624,15399,17894,36729,6,1,1
21121,15790,16802,40,22883,21410,12784,23164,68580,191,1,2
21122,5751,4699,40,15519,14968,1203,15719,27402,67,1,1
21123,7254,4358,40,13856,13325,1734,14036,27442,62,1,1
21124,6502,5510,40,21019,20398,1743,21221,35026,76,1,1
21125,2424,211,40,18044,17934,14948,18174,35797,3,1,1
21126,16140,21160,40,6282,4559,12975,6593,56908,232,1,1
21127,9568,7244,40,21431,20689,10370,21641,48863,92,1,1
21128,3927,1453,40,13906,13636,1683,14057,21170,25,1,1
21129,4438,621,41,11872,11702,1673,12023,18815,13,1,1
21130,6853,5370,40,16270,15649,1953,16472,30688,75,1,1
21131,3947,672,40,29235,29025,4669,29385,38713,13,1,2
21132,6242,3617,40,19437,18976,6582,19617,36088,54,1,1
21133,2906,901,40,12964,12774,2615,13125,19597,16,1,1
21134,7544,6413,40,16742,16040,1873,16952,32822,88,1,1
21135,4018,681,30,11893,11712,1834,12043,18616,14,1,1
21136,3837,1453,40,34135,33835,12905,34295,52520,24,1,2
21137,1723,491,40,18705,18555,631,18856,21731,10,1,1
21138,17944,17032,40,5200,3767,12864,5481,53361,190,1,1
21139,6442,4428,41,15048,14527,1223,15239,27382,63,1,1
21140,6032,4909,40,16141,15560,1864,16331,29186,71,1,1
21141,3307,982,40,13415,13205,4499,13565,22403,18,1,1
21142,6452,4388,40,20319,19797,3477,20509,34876,63,1,1
21143,7164,6081,40,16832,16171,1894,17042,32221,83,1,1
21144,7604,5811,40,20899,20228,2285,21100,36830,81,1,1
21145,15419,4679,40,28194,27693,16902,28384,65424,59,1,1
21146,3426,1613,40,9629,9357,7925,9789,22803,27,1,1
21147,1733,531,41,8636,8486,8737,8777,19818,10,1,1
21148,16762,21481,40,18555,16802,9889,18855,67037,235,1,1
21149,4027,1623,40,14688,14407,3948,14858,24496,29,1,1
21150,6112,3737,40,20218,19757,5731,20388,36018,53,1,1
21151,6432,4980,40,16581,16000,2104,16782,30338,71,1,1
21152,6272,2915,40,18896,18525,12975,19066,41268,42,1,1
21153,2205,771,40,10350,10170,2455,10500,15961,14,1,1
21154,5821,3477,40,9899,9458,1192,10089,20629,52,1,1
21155,5660,4749,40,14988,14437,1874,15189,27512,67,1,1
21156,3336,902,40,13476,13265,3957,13626,21861,17,1,1
21157,6382,3657,40,20489,20038,5130,20679,35898,54,1,1
21158,6833,5902,40,16311,15670,2084,16511,31390,80,1,1
21159,7474,5671,40,20689,20058,4268,20890,38343,76,1,1
21160,3767,992,40,9899,9689,1984,10059,16842,19,1,1
21161,4769,420,40,8005,7875,1473,8156,14858,9,1,1
21162,6453,4658,40,14557,13986,2104,14748,28003,68,1,1
21163,7404,2836,371,44083,43413,1814,45005,57329,15,1,1
21164,9939,7935,81,32762,31830,4719,33193,55876,50,1,1
21165,33173,31269,80,47780,45146,10299,48312,123143,171,1,1
21166,7133,5731,80,32131,31359,3396,32482,48832,43,1,1
21167,11011,9628,81,39765,38663,8065,40146,68940,66,1,1
21168,10179,8296,81,30567,29596,1352,30929,50856,57,1,1
21169,5661,1473,80,32612,32112,1864,32902,41990,13,1,2
21170,6613,3657,80,15349,14788,3096,15679,29125,29,1,1
21171,5240,1303,80,19136,18926,4779,19376,30768,12,1,1
21172,3788,2043,30,19396,19066,5340,19558,30769,34,1,1
21173,7033,5871,40,24726,24075,1242,24928,39114,78,1,1
21174,5540,4198,40,12935,12424,1012,13125,23915,62,1,1
21175,6472,4138,40,12174,11662,1162,12364,24186,60,1,1
21176,3898,1593,40,8626,8356,1031,8796,15359,28,1,1
21177,4309,350,40,8306,8165,1814,8436,14969,8,1,1
21178,6082,4238,40,16521,15990,2415,16711,29486,63,1,1
21179,7564,3467,40,19587,19166,4288,19767,35136,49,1,1
21180,7083,6412,40,19727,19026,1403,19927,34866,86,1,1
21181,6652,4608,41,19476,18955,2835,19668,33804,63,1,1
21182,3406,1012,40,10200,9988,1633,10350,16441,19,1,1
21183,6202,3667,40,10801,10350,1523,10981,22413,53,1,1
21184,4428,1353,40,21431,21151,2044,21591,29466,24,1,2
21185,7294,3647,40,28424,27943,4549,28604,44134,50,1,2
21186,8997,7023,40,24386,23634,1783,24587,42440,93,1,1
21187,3837,391,40,9959,9819,2284,10099,16661,8,1,1
21188,4238,842,40,8075,7875,982,8235,14327,17,1,1
21189,3937,311,40,6763,6633,1142,6903,12333,7,1,1
21190,3908,781,40,5882,5680,1122,6032,11873,16,1,1
21191,2164,612,40,9177,9017,2896,9327,15029,12,1,1
21192,4228,2435,40,15600,15239,3256,15770,25739,40,1,1
21193,6292,2645,40,18675,18315,2855,18856,30698,41,1,1
21194,5460,5330,40,26309,25708,1312,26501,38653,74,1,1
21195,2956,120,40,7815,7715,1613,7945,12674,1,1,1
21196,4629,551,40,5470,5300,1012,5600,11842,11,1,1
21197,3055,702,40,9618,9448,1844,9778,15419,13,1,1
21198,4208,2074,40,16511,16191,2365,16691,25388,35,1,1
21199,6633,3056,40,18395,17994,3036,18575,31330,45,1,1
21200,9468,10460,40,23194,22202,1242,23434,44654,128,1,1
21201,5290,1282,40,18124,17864,2555,18275,27442,25,1,1
21202,4128,521,40,8376,8206,972,8516,14197,13,1,1
21203,2956,120,40,4930,4839,1442,5070,9618,1,1,1
21204,3377,2124,40,11251,10921,2204,11411,19166,35,1,1
21205,7364,5421,40,23815,23144,2134,24015,38974,77,1,2
21206,7023,5952,40,18675,18014,2135,18865,34025,80,1,1
21207,7023,1723,40,17964,17694,1763,18124,28694,28,1,1
21208,3817,1373,40,19196,18946,8126,19356,32712,24,1,1
21209,3908,260,40,8416,8285,1673,8547,14438,5,1,1
21210,5721,3617,40,18896,18415,2344,19076,30798,56,1,1
21211,6823,5270,40,22312,21691,2224,22513,36880,77,1,1
21212,17032,12404,40,25759,24677,10831,25999,66306,141,1,1
21213,2094,651,41,18064,17894,7945,18195,28945,12,1,1
21214,2916,972,40,12473,12263,2454,12624,19016,19,1,1
21215,6993,4268,40,15069,14548,2675,15259,29245,62,1,1
21216,7665,6362,40,19918,19227,1814,20118,36009,86,1,1
21217,3477,551,40,17824,17653,12814,17974,34856,12,1,1
21218,2194,1022,40,18135,17924,8566,18285,30117,18,1,1
21219,4259,2043,40,13054,12734,4117,13216,23685,34,1,1
21220,12454,11722,40,17975,16922,1613,18235,44054,138,1,1
21221,6663,5831,40,18024,17393,1834,18234,32592,79,1,1
21222,6252,4539,40,15930,15399,1523,16110,28484,63,1,1
21223,2294,111,40,17914,17824,14447,18054,34956,1,1,1
21224,6733,4569,40,19918,19377,11852,20108,43312,66,1,1
21225,7464,6943,40,22232,21510,1122,22453,38012,90,1,1
21226,6192,4398,41,20488,19957,2916,20679,34245,64,1,1
21227,3096,551,40,18685,18515,15830,18836,38353,12,1,1
21228,9598,10280,40,20689,19678,13014,20920,53862,127,1,2
21229,6462,5270,40,20339,19748,1222,20539,33523,72,1,1
21230,6603,5550,40,20599,19967,2124,20800,35107,78,1,1
21231,2365,210,40,17624,17534,13826,17764,34215,3,1,1
21232,2825,1042,41,18134,17924,11802,18285,33994,18,1,1
21233,6322,5500,40,20749,20128,1102,20950,33924,77,1,1
21234,6633,5029,40,24476,23905,2024,24676,38393,70,1,1
21235,2795,431,40,18966,18836,16051,19116,38443,9,1,1
21236,16051,20669,40,23395,21660,14327,23705,74812,229,1,2
21237,4689,3216,40,14338,13926,1432,14508,23895,46,1,1
21238,7003,4298,40,14107,13586,2254,14287,27882,61,1,1
21239,6302,5170,40,21441,20850,2024,21631,35187,73,1,1
21240,2885,321,40,17263,17122,14557,17403,35206,7,1,1
21241,15850,22383,40,6583,4789,14557,6903,59733,242,1,1
21242,9358,7794,40,21480,20689,11151,21702,50045,99,1,1
21243,10019,2985,40,9397,9007,15799,9569,38412,42,1,1
21244,15870,22041,40,25338,23524,17894,25649,81515,243,1,1
21245,4208,1864,40,8997,8687,10821,9157,26090,31,1,1
21246,15900,21551,40,24757,22964,15119,25087,77697,242,1,1
21247,17713,9939,41,22813,21891,17233,23054,67989,119,1,1
21248,2264,791,41,17883,17693,15790,18035,36930,16,1,1
21249,3376,1323,40,12604,12343,2434,12754,19927,21,1,2
21250,7063,3467,40,13115,12664,1903,13295,25778,53,1,1
21251,6372,5119,41,15649,15048,1904,15840,29265,72,1,1
21252,4409,1402,40,12695,12433,1543,12855,20239,26,1,1
21253,2575,111,40,17092,17002,14628,17232,34596,1,1,1
21254,16000,20749,40,6262,4549,15940,6573,59292,230,1,1
21255,7333,4368,40,19958,19437,13004,21531,46297,63,1,1
21256,4218,2284,40,14458,14117,1413,14628,22583,38,1,1
21257,4508,631,41,11842,11672,1653,11993,18825,14,1,1
21258,6502,5060,40,16411,15820,1944,16601,30147,71,1,1
21259,4619,1763,40,30037,29707,16662,30197,53281,29,1,2
21260,2304,612,40,17713,17553,13035,17863,33864,13,1,1
21261,7013,6473,40,15229,14537,1062,15439,30027,87,1,1
21262,6733,5510,41,15138,14517,1824,15329,29446,76,1,1
21263,3957,350,40,11562,11422,1734,11702,17794,8,1,1
21264,5030,2785,40,31830,31420,13135,32000,52990,42,1,2
21265,2545,271,40,17573,17453,8757,17703,29336,5,1,1
21266,3286,962,40,10590,10390,2004,10750,17042,18,1,1
21267,4408,1954,40,9358,9057,1493,9528,17423,32,1,1
21268,6062,4478,40,14698,14167,1924,14888,27392,65,1,1
21269,3516,1333,40,13656,13406,4128,13816,22843,24,1,1
21270,6653,4278,40,20639,20118,2455,20829,34265,63,1,1
21271,7214,5921,40,16321,15660,1874,16521,31580,82,1,1
21272,6983,5480,40,20720,20088,3837,20920,37250,77,1,1
21273,3316,792,40,12884,12694,2144,13034,19316,15,1,1
21274,6091,4298,41,14307,13786,1984,14498,26911,62,1,1
21275,3226,1152,40,13947,13726,4057,14107,22582,21,1,1
21276,6042,3897,40,19918,19427,5561,20098,35648,57,1,1
21277,7555,5941,40,16602,15930,1783,16802,32121,83,1,1
21278,7134,5560,40,20418,19777,4468,20609,37822,78,1,1
21279,3286,982,40,10110,9899,2274,10260,16832,18,1,1
21280,5701,3717,40,9698,9228,1233,9878,20579,56,1,1
21281,7584,7504,41,15809,15028,981,16021,32140,100,1,1
21282,2625,501,40,12624,12473,4398,12774,20328,10,1,1
21283,6672,5310,40,20489,19978,6622,20679,39324,60,1,1
21284,7224,6092,40,16141,15469,1863,16341,31570,84,1,1
21285,7104,5510,41,20368,19747,3607,20569,36830,76,1,1
21286,3707,1032,40,10660,10430,1873,10801,17473,20,1,1
21287,5300,3837,40,12393,11932,2014,12564,23765,53,1,1
21288,4348,531,40,15760,15570,1653,15910,22482,11,1,2
21289,1483,381,40,12223,12093,3847,12373,18114,8,1,1
21290,6282,4037,41,19717,19206,3988,19898,34235,59,1,1
21291,7013,5370,40,15469,14848,1734,15659,29827,76,1,1
21292,6632,3287,40,18795,18385,8385,18975,37330,47,1,1
21293,3517,1162,40,10290,10049,2945,10430,18104,21,1,1
21294,6653,4639,40,19026,18425,1673,19206,32211,66,1,2
21295,3487,1372,40,13246,12994,4037,13406,22342,24,1,1
21296,6984,3847,40,19447,18966,2385,19627,32893,57,1,1
21297,7033,6051,40,17833,17152,1352,18035,32511,85,1,1
21298,7174,5591,40,20088,19457,2555,20288,35658,77,1,1
21299,4028,661,40,10911,10741,1924,11061,17714,13,1,1
21300,6442,3346,40,11001,10550,1643,11171,22653,51,1,1
21301,3657,1503,40,8636,8376,1042,8786,15048,26,1,1
21302,3687,1603,40,14607,14327,2324,14768,22432,28,1,1
21303,7213,2124,40,18645,18335,4990,18816,33193,34,1,1
21304,7334,6132,40,17634,16942,1162,17834,32502,86,1,1
21305,7113,3066,40,18766,18334,6002,18936,35167,48,1,1
21306,4468,1343,40,10229,9979,1442,10390,17683,25,1,1
21307,6372,3857,40,11342,10831,1362,11522,23154,60,1,1
21308,2916,921,40,9127,8927,2445,9288,15610,18,1,1
21309,8687,6071,40,23344,22673,1543,23545,39886,82,1,1
21310,4008,1112,40,7144,6903,1032,7304,13496,23,1,1
21311,6182,4499,40,18154,17603,1984,18344,31049,67,1,1
21312,5400,2736,40,19918,19537,1463,20088,29747,43,1,1
21313,3547,811,40,9458,9277,2104,9619,16121,16,1,1
21314,5029,1072,40,8637,8395,972,8787,15900,21,1,1
21315,3887,441,40,6773,6633,1072,6913,12353,9,1,1
21316,3828,901,40,5710,5500,1112,5851,11753,19,1,1
21317,2605,1222,40,15259,15018,3877,15409,23164,23,1,1
21318,7835,2985,40,18706,18324,2886,18876,32632,44,1,1
21319,6542,6282,40,25569,24898,1312,25769,39945,83,1,1
21320,2444,121,40,7925,7835,1343,8065,12013,1,1,1
21321,3156,591,40,5590,5430,1132,5741,10660,13,1,1
21322,2966,440,40,7965,7805,1222,8116,12784,11,1,1
21323,4208,1954,30,15970,15650,2615,16130,24967,33,1,1
21324,6412,5040,40,35668,35046,3587,35868,50967,71,1,2
21325,4388,281,40,17213,17093,2294,17363,24366,6,1,1
21326,3947,611,40,7734,7564,1082,7885,13575,13,1,1
21327,2224,171,40,6522,6412,2485,6662,11582,3,1,1
21328,6663,5190,40,17112,16521,1243,17302,30438,72,1,1
21329,7194,5490,40,21531,20900,2024,21731,36469,78,1,1
21330,6623,1563,40,17864,17583,2244,18034,28504,29,1,1
21331,4739,2154,40,19407,19086,7514,19567,34034,34,1,1
21332,4088,882,40,8055,7865,961,8206,14187,16,1,1
21333,6983,5691,40,18535,17894,2574,18736,34014,80,1,1
21334,6703,5019,40,21722,21130,2204,21912,35878,72,1,1
21335,2845,291,40,17804,17683,13425,17954,34555,7,1,1
21336,2164,441,41,17573,17433,7705,17724,28074,9,1,1
21337,3307,1242,40,12614,12374,2776,12774,20139,24,1,1
21338,6732,4228,30,15128,14587,2225,15309,28544,65,1,1
21339,6802,5501,40,16872,16241,1804,17072,31239,79,1,1
21340,8015,6473,40,15079,14377,1553,15299,31380,89,1,1
21341,14778,10219,41,25157,24195,9799,25388,60224,123,1,1
21342,2324,461,40,17463,17303,7645,17613,28083,10,1,1
21343,1734,110,40,19156,19076,582,19296,21772,1,1,1
21344,17563,11251,40,19577,18555,20559,19808,69221,131,1,1
21345,3907,1894,40,13696,13386,9037,13856,28724,31,1,1
21346,5731,4238,40,18145,17644,6742,18345,35086,60,1,1
21347,15248,11091,40,24246,23234,10490,24486,61366,132,1,1
21348,2114,731,40,18155,17984,13996,18305,35186,13,1,1
21349,4549,2395,40,14347,13986,2144,14507,23645,38,1,1
21350,6302,3837,40,14147,13675,2104,14327,26610,56,1,1
21351,7194,5961,40,20649,19988,1473,20850,35518,82,1,1
21352,2455,311,40,17814,17684,13736,17964,34506,7,1,1
21353,6172,2976,40,19096,18706,12264,19266,40728,43,1,1
21354,5269,3757,40,14678,14187,1262,14858,25197,58,1,1
21355,7123,4098,40,14267,13756,2204,14447,27922,60,1,1
21356,6983,5902,40,19827,19176,1703,20038,34666,82,1,1
21357,2525,451,40,17773,17633,14677,17914,35617,9,1,1
21358,6242,5811,40,19837,19166,15199,20038,47340,78,1,2
21359,4178,1713,40,12805,12504,2114,12965,21020,30,1,1
21360,6843,4148,41,14377,13866,2485,14558,28084,62,1,1
21361,6392,5180,40,20770,20148,1663,20960,34255,75,1,1
21362,3115,761,40,18094,17904,15509,18245,37681,15,1,1
21363,15930,21351,40,23425,21651,13796,23725,74852,232,1,2
21364,4359,3196,40,16140,15760,1362,16311,25278,43,1,1
21365,6853,3907,40,13906,13415,1814,14097,26701,59,1,1
21366,7134,4829,40,15560,14999,1833,15750,29586,68,1,1
21367,6903,4459,40,13906,13355,1463,14096,26961,66,1,1
21368,2124,160,40,17233,17133,14768,17373,34475,3,1,1
21369,16021,21080,40,6212,4509,15209,6522,58872,229,1,1
21370,8957,6963,40,20579,19838,10550,20779,47309,92,1,1
21371,5641,3677,40,14718,14247,1283,14898,25539,54,1,1
21372,6652,3347,40,13385,12944,1904,13565,25508,51,1,1
21373,6422,4889,40,20158,19607,1623,20349,33323,67,1,1
21374,1983,110,40,17213,17122,14667,17353,34164,1,1,1
21375,15971,21050,40,6192,4499,14137,6492,57710,228,1,1
21376,4819,2415,40,19427,19056,12013,19587,38874,40,1,1
21377,2324,501,40,9198,9058,2384,9348,14607,10,1,1
21378,7254,5450,40,12534,11943,1213,12744,26701,74,1,1
21379,5230,1974,40,12484,12183,1553,12634,21441,30,1,1
21380,7223,5851,40,16641,15970,1503,16842,31459,83,1,1
21381,4468,691,41,11822,11652,1864,11973,19036,14,1,1
21382,2766,160,40,17123,17013,14948,17253,35177,3,1,1
21383,15940,21892,40,6522,4739,15359,6833,60064,240,1,1
21384,8827,4949,40,19507,18946,11311,19687,44825,67,1,1
21385,4548,3417,40,19176,18735,1353,19356,28724,52,1,1
21386,6522,4449,40,16110,15570,2204,16291,29526,64,1,1
21387,2595,330,40,17654,17514,15249,17784,36018,7,1,1
21388,9057,9869,40,16702,15709,2334,16932,38222,124,1,2
21389,1052,221,40,19477,19357,621,19607,21551,4,1,1
21390,17343,16191,40,5130,3727,16782,5410,55776,187,1,1
21391,4509,2735,40,13887,13496,3166,14057,24497,42,1,1
21392,7514,6162,40,15520,14839,2204,15720,31640,84,1,1
21393,4138,421,40,11482,11342,1934,11632,18165,10,1,1
21394,5661,1222,40,17964,17714,14868,18125,39926,24,1,1
21395,3657,2655,40,14678,14297,2374,14848,23564,41,1,1
21396,6161,3467,40,19136,18696,12072,19317,41057,52,1,1
21397,5240,4018,40,14187,13676,1242,14377,24907,61,1,1
21398,6031,4308,40,14557,14026,2806,14748,27923,63,1,1
21399,3427,1012,40,13415,13205,4218,13566,22273,19,1,1
21400,7274,4328,40,20268,19748,5891,20459,38002,63,1,1
21401,8015,7214,40,16111,15339,1844,16321,33444,97,1,1
21402,7525,6191,40,21110,20428,6252,21311,41329,84,1,1
21403,3186,1262,40,13295,13065,2214,13456,20168,23,1,1
21404,6803,5761,40,15429,14778,1733,15620,29957,79,1,1
21405,3306,1152,40,12955,12735,4128,13105,21741,20,1,1
21406,6102,4128,40,20238,19728,3667,20429,34366,60,1,1
21407,7785,6642,40,16692,15960,1373,16902,32752,93,1,1
21408,3677,2374,40,19237,18885,3847,19407,29355,38,1,1
21409,3737,1393,40,10530,10280,2315,10690,18165,23,1,1
21410,6242,2925,40,9428,9017,1242,9598,20058,45,1,1
21411,8136,7093,40,15199,14428,1283,15409,31971,96,1,1
21412,3306,1042,40,13245,13045,4719,13396,22503,18,1,1
21413,2424,862,30,18104,17894,15640,18254,37210,17,1,1
21414,16581,20068,41,19206,17513,3827,19507,60033,224,1,2
21415,2455,1092,40,18746,18516,14227,18896,36720,21,1,1
21416,4829,3287,40,13586,13165,1322,13766,23254,49,1,1
21417,5952,4468,40,14879,14327,1743,15069,27262,65,1,1
21418,3677,380,41,7925,7774,1483,8076,13666,10,1,1
21419,7073,4960,40,15660,15089,3446,15850,31379,70,1,1
21420,6142,4318,40,20118,19617,1844,20318,32662,60,1,1
21421,6753,5620,41,16160,15509,2455,16361,31229,81,1,1
21422,7173,5581,40,20239,19597,1933,20429,35166,78,1,1
21423,2815,652,40,9267,9097,2314,9418,15229,13,1,1
21424,5911,2635,40,8246,7875,1032,8416,18044,42,1,1
21425,6612,3867,40,11041,10560,1212,11231,22963,57,1,1
21426,3737,431,40,7985,7845,1483,8135,13826,9,1,1
21427,4588,1894,40,13005,12684,3436,13155,23123,33,1,1
21428,6943,2605,40,19096,18746,7725,19276,36589,40,1,1
21429,6523,4779,40,20509,19948,1283,20699,33334,68,1,1
21430,6813,3877,40,20689,20198,2124,20869,33734,59,1,1
21431,2665,581,40,9749,9579,2024,9899,15219,13,1,1
21432,6242,4137,40,10880,10369,1022,11071,22512,61,1,1
21433,2625,571,40,13625,13455,3085,13767,20088,12,1,1
21434,7524,3296,40,18916,18485,3607,19097,33554,49,1,1
21435,7374,5060,40,18285,17673,1633,18485,32582,76,1,1
21436,16762,14978,40,22573,21301,1824,22833,56437,167,1,1
21437,3677,942,40,9699,9488,1523,9859,16051,19,1,1
21438,5811,4078,40,12053,11552,1423,12243,23605,61,1,1
21439,3216,1122,40,15269,15058,2705,15430,22513,20,1,1
21440,8276,5019,40,34927,34315,9488,35117,57950,70,1,2
21441,5891,2765,40,18645,18264,5030,18816,32552,42,1,1
21442,2925,150,41,8195,8095,7955,8336,19416,3,1,1
21443,3667,1032,40,6302,6081,5711,6452,16902,19,1,1
21444,1854,791,40,7745,7565,4799,7895,15399,15,1,1
21445,3357,380,41,7985,7834,1222,8126,13135,8,1,1
21446,4489,1793,40,20278,19948,1653,20439,28424,30,1,2
21447,6472,2034,40,27622,27282,5471,27792,41809,31,1,2
21448,7805,5751,40,16361,15710,1784,16561,31951,80,1,1
21449,6091,2685,40,18175,17793,3276,18345,30447,42,1,1
21450,3357,420,40,7955,7805,1473,8095,13396,9,1,1
21451,3727,221,40,5170,5049,1012,5310,10320,5,1,1
21452,3267,541,40,8756,8586,1162,8907,13927,13,1,1
21453,5480,3477,40,12503,12053,1633,12684,23324,52,1,1
21454,7284,6142,40,15800,15119,1853,16000,31329,83,1,1
21455,6803,2335,40,18284,17944,4558,18454,32201,38,1,1
21456,11732,13917,40,22573,21311,1042,22833,49554,165,1,1
21457,3727,541,40,17503,17333,2534,17654,24496,13,1,1
21458,4178,1112,40,8216,7985,1252,8376,14958,21,1,1
21459,3327,1092,40,10580,10370,2415,10740,17604,20,1,1
21460,8125,6392,40,16442,15750,2034,16642,33233,86,1,1
21461,6622,5571,40,21060,20409,1864,21260,35367,79,1,1
21462,4108,501,40,17373,17203,3246,17523,25428,13,1,1
21463,5079,1954,40,18566,18265,6963,18726,32762,30,1,1
21464,4599,671,40,9488,9297,1472,9629,16421,14,1,1
21465,7765,5610,40,17343,16681,1483,17544,32452,82,1,1
21466,6251,4960,40,21280,20689,1693,21470,34415,71,1,1
21467,2515,110,40,17172,17082,11352,17312,31340,1,1,1
21468,2274,711,40,17924,17743,7554,18075,28664,14,1,1
21469,2975,882,40,12844,12634,2705,12995,19597,17,1,1
21470,7144,4638,40,15068,14507,2084,15269,29165,68,1,1
21471,6682,5170,41,18314,17703,2425,18505,32822,74,1,1
21472,7705,5330,40,15790,15159,1583,15990,30648,77,1,1
21473,1683,180,40,17403,17293,1002,17543,20458,3,1,1
21474,17794,12714,40,4058,2946,17433,4308,52289,146,1,1
21475,4950,3186,40,20098,19667,8426,20278,36880,49,1,1
21476,7584,7374,40,16781,16020,1042,16993,33033,96,1,1
21477,7113,5130,40,16321,15730,2655,16511,31449,72,1,1
21478,7083,5701,40,21411,20760,1563,21601,35998,79,1,1
21479,3567,551,40,17834,17674,12504,17984,34636,11,1,1
21480,1994,401,40,17573,17423,10680,17714,30839,9,1,1
21481,3617,1082,40,10861,10640,1973,11021,17733,21,1,1
21482,6974,4678,40,15679,15118,1593,15861,29166,67,1,1
21483,6383,4869,40,20549,19968,1824,20739,33875,71,1,1
21484,2645,471,40,17714,17573,15309,17864,36339,10,1,1
21485,5300,4038,40,19237,18696,13956,19417,42741,60,1,2
21486,6392,5490,40,19527,18875,1162,19718,32822,79,1,1
21487,6642,5170,40,22172,21561,1522,22373,35757,75,1,1
21488,2344,261,40,17643,17523,14798,17794,35237,6,1,1
21489,16622,21580,40,6492,4719,12073,6812,57128,239,1,1
21490,9167,6102,40,20790,20128,9778,20990,46077,82,1,1
21491,14347,14798,40,26810,25478,1332,27082,57599,175,1,1
21492,6433,4929,40,20820,20229,1903,21020,34335,73,1,1
21493,3086,951,40,18475,18264,15980,18626,38693,17,1,1
21494,11412,14076,40,22052,20728,17012,22303,64843,169,1,2
21495,4339,1292,40,13516,13266,1904,13656,21241,23,1,1
21496,5981,3968,40,16030,15529,1363,16220,27562,60,1,1
21497,6713,5210,40,20148,19547,1553,20338,33854,73,1,1
21498,14367,7524,40,22263,21481,15900,22463,60294,97,1,1
21499,4779,1994,40,18054,17744,13876,18224,38914,33,1,1
21500,6191,5250,40,15549,14948,1152,15750,28383,75,1,1
21501,6622,3577,40,13476,13005,1813,13656,25708,54,1,1
21502,6713,5200,40,21230,20629,1432,21430,34826,74,1,1
21503,13365,5551,40,19617,19016,17904,19817,56677,73,1,1
21504,5851,2274,40,18215,17864,15690,18385,42240,38,1,1
21505,5530,4339,40,14578,14047,1212,14768,25879,64,1,1
21506,5090,1202,40,12073,11822,1583,12224,20149,24,1,1
21507,7594,5531,40,15830,15219,2144,16020,31339,76,1,1
21508,5350,1082,40,11953,11722,1623,12103,20218,21,1,1
21509,4007,121,40,17252,17172,12724,17392,34285,1,1,1
21510,2265,941,40,18334,18134,9238,18485,30969,17,1,1
21511,2134,171,40,9738,9648,2365,9878,14598,3,1,1
21512,6543,4338,40,12794,12274,1112,12985,25028,63,1,1
21513,4348,1212,40,12073,11832,1624,12233,19457,23,1,1
21514,7725,6332,40,15930,15219,1563,16130,31790,87,1,1
21515,4058,942,40,17854,17653,14287,18004,37341,19,1,1
21516,4348,2475,40,13375,13025,2144,13535,22552,38,1,1
21517,6162,3767,40,19397,18905,10430,19577,39976,58,1,1
21518,6752,6362,40,16521,15800,1052,16722,30938,89,1,1
21519,6012,4358,40,15319,14788,1693,15509,27613,64,1,1
21520,3898,1833,41,11722,11542,2004,11873,19648,14,1,1
21521,6241,1743,40,18625,18345,9298,18785,36128,29,1,1
21522,6101,5039,40,15620,15039,2044,15820,29055,72,1,1
21523,7374,5069,41,20669,20078,5240,20870,38583,73,1,1
21524,3697,1042,40,12183,11963,2154,12343,19266,21,1,1
21525,6031,4910,40,15219,14618,2124,15409,28504,72,1,1
21526,3476,1072,40,13586,13376,4559,13736,22893,20,1,1
21527,2905,1103,40,18605,18395,4960,18755,27773,20,1,1
21528,6582,5130,40,15910,15299,2044,16100,29916,74,1,1
21529,6873,5330,40,20780,20159,4669,20970,37882,75,1,1
21530,3827,1853,41,12694,12403,2274,12855,20839,29,1,1
21531,6712,4749,40,13185,12614,2044,13375,26941,71,1,1
21532,4339,1102,40,8055,7825,1393,8215,15099,21,1,1
21533,5099,3627,40,14328,13867,3616,14508,26900,54,1,1
21534,6202,3727,40,20018,19547,5019,20198,35186,55,1,1
21535,6904,5290,40,15519,14898,1593,15709,29546,77,1,1
21536,6092,2675,40,19457,19096,9598,19627,38042,41,1,1
21537,1483,120,40,14778,14688,11612,14919,28164,1,1,1
21538,16311,19817,41,18114,16481,23134,18405,77727,217,1,1
21539,3026,1242,40,21161,20899,8275,21321,33914,24,1,1
21540,2324,711,40,8105,7945,2785,8256,14126,13,1,1
21541,12974,14418,40,19216,17934,1663,19477,48582,169,1,1
21542,8786,4479,30,20238,19678,5680,20419,39404,67,1,1
21543,7193,5030,40,15610,15019,1783,15800,29856,71,1,1
21544,7284,5150,40,19778,19207,3797,19968,36259,71,1,1
21545,3968,1473,40,10460,10189,1843,10620,17954,28,1,1
21546,3617,481,40,8156,8005,1452,8306,13906,11,1,1
21547,7183,6072,40,14047,13396,1583,14247,29135,81,1,1
21548,3517,400,41,19116,18926,1954,19257,25178,9,1,2
21549,6342,3216,40,32522,32061,15379,32692,57679,47,1,2
21550,5069,2204,40,18204,17874,10620,18375,36298,36,1,1
21551,6112,4368,40,12163,11612,991,12353,23875,65,1,1
21552,6291,4388,40,11642,11111,1132,11832,23674,63,1,1
21553,3777,561,40,8055,7895,1543,8206,14137,12,1,1
21554,5250,2585,40,14708,14317,3787,14878,26540,43,1,1
21555,6131,3396,40,19417,18956,5861,19597,35046,55,1,1
21556,7194,6172,40,18405,17713,2014,18615,34045,86,1,1
21557,7134,3697,40,19206,18745,2856,19396,33123,55,1,1
21558,3437,661,40,9699,9528,1623,9849,15610,13,1,1
21559,6232,3506,40,11081,10630,1342,11262,22382,52,1,1
21560,3797,1032,40,7154,6923,1042,7304,13205,20,1,1
21561,5420,3227,40,16411,15960,2144,16591,27412,51,1,1
21562,7203,3597,40,19587,19117,3336,19767,33944,55,1,1
21563,7915,7334,40,18445,17664,1102,18655,35056,100,1,1
21564,6442,2525,40,18305,17944,4859,18475,32351,40,1,1
21565,3426,832,40,9859,9658,1623,10009,15940,17,1,1
21566,5941,3507,40,11161,10700,1433,11351,22262,54,1,1
21567,2244,401,40,8847,8707,2715,8997,14397,8,1,1
21568,4469,3136,40,21952,21541,2695,22132,32462,47,1,1
21569,7243,6272,40,18956,18254,1292,19157,34024,89,1,1
21570,6242,2695,40,18545,18155,3046,18715,30748,43,1,1
21571,5090,2675,40,10219,9829,1443,10389,19637,43,1,1
21572,3647,1463,40,8546,8276,1072,8707,14929,27,1,1
21573,3867,251,40,11962,11792,1042,12093,17303,5,1,2
21574,6622,5360,41,18535,17914,3587,18736,34345,77,1,1
21575,5180,1914,40,18315,18004,1553,18475,27172,31,1,1
21576,7284,6061,40,22513,21832,1443,22713,37541,84,1,1
21577,6301,1152,40,17774,17533,2084,17934,27522,23,1,1
21578,4088,281,40,9899,9778,1472,10049,15930,7,1,1
21579,3917,200,41,5109,4999,1012,5240,10409,4,1,1
21580,4158,421,40,8065,7915,991,8215,13846,11,1,1
21581,6392,4369,40,17112,16561,2255,17302,30368,65,1,1
21582,6863,2985,40,18506,18094,3516,18676,32090,46,1,1
21583,9117,8296,40,21761,20910,1373,21971,40817,108,1,1
21584,2785,191,40,17122,17002,3286,17252,23565,4,1,1
21585,4238,1593,40,8416,8125,1162,8576,15620,30,1,1
21586,3507,1283,40,10229,9979,2565,10389,17774,24,1,1
21587,7344,5009,41,16120,15519,2305,16311,31019,73,1,1
21588,7044,6172,40,22563,21871,1422,22773,37441,87,1,1
21589,4679,311,40,17222,17102,2174,17373,24587,7,1,1
21590,5501,3547,40,19857,19397,6652,20038,35778,54,1,1
21591,14638,15870,40,24296,22913,1433,24567,56548,182,1,1
21592,6883,5090,40,19477,18866,2164,19667,33834,73,1,1
21593,13896,10510,40,24417,23405,12373,24657,61486,131,1,1
21594,2305,851,40,17853,17663,8396,18005,29607,16,1,1
21595,4178,1393,40,12424,12163,2334,12584,20539,26,1,1
21596,7244,4899,40,15259,14678,2024,15449,29666,70,1,1
21597,6873,4999,40,16942,16341,2033,17133,31068,72,1,1
21598,3266,1483,40,12393,12143,2655,12544,19988,25,1,1
21599,13476,5921,41,20959,20328,9378,21160,49985,78,1,1
21600,4739,2334,41,18535,18174,9438,18706,35267,40,1,1
21601,2846,972,40,12393,12173,2465,12543,18876,19,1,1
21602,6853,4629,40,18886,18335,1282,19076,31880,66,1,1
21603,7203,6082,40,22713,22032,1613,22913,37871,85,1,1
21604,2885,732,40,17764,17583,13235,17914,34816,15,1,1
21605,2104,551,40,17293,17142,10119,17443,30277,11,1,1
21606,2275,531,40,12764,12604,2805,12914,18565,11,1,1
21607,4929,1904,40,15299,14988,1533,15469,23885,33,1,1
21608,6883,5470,40,22313,21671,1974,22513,36880,78,1,1
21609,2234,311,40,18204,18074,831,18345,21751,6,1,1
21610,17433,11141,40,3727,2695,27963,3968,60545,134,1,1
21611,4599,2575,40,19196,18826,13867,19366,40457,41,1,1
21612,2876,1072,40,13636,13426,2595,13796,20389,20,1,1
21613,7233,3677,41,13345,12874,1743,13536,26229,56,1,1
21614,6572,5341,40,20549,19908,2495,20739,35207,78,1,1
21615,2164,221,40,17473,17363,14788,17613,34826,5,1,1
21616,15900,22483,40,6563,4769,12353,6873,57669,241,1,1
21617,4780,2795,40,19106,18716,10751,19276,37652,45,1,1
21618,5901,4839,40,16652,16070,1303,16842,28925,70,1,1
21619,7143,3928,40,15279,14788,1743,15459,28323,57,1,1
21620,6743,5490,40,17834,17193,1363,18034,31660,79,1,1
21621,4618,1924,40,13786,13486,1542,13957,22091,33,1,1
21622,3267,1142,40,18164,17924,16110,18315,38874,21,1,1
21623,15910,21932,40,6613,4809,19266,6943,64081,242,1,1
21624,7154,5129,41,20058,19476,15790,20249,48372,71,1,1
21625,5240,4428,41,20017,19477,1312,20199,31229,64,1,1
21626,6232,4949,40,20388,19807,2084,20579,33884,70,1,1
21627,3276,762,40,18194,18014,15670,18344,38092,15,1,1
21628,5330,2875,40,18896,18515,10480,19076,37812,44,1,1
21629,5761,4599,40,19888,19317,1222,20078,31700,69,1,1
21630,6151,4659,40,16872,16301,2685,17062,30587,68,1,1
21631,3497,291,40,11101,10981,4017,11251,19096,6,1,1
21632,3908,1292,40,18916,18676,7074,19066,31380,22,1,1
21633,6993,3908,30,19126,18635,10480,19306,40737,58,1,1
21634,13716,9368,40,43803,42902,5982,44023,73129,116,1,1
21635,13014,10370,40,15430,14467,14066,15670,53170,125,1,1
21636,3547,2625,40,13426,13064,10680,13596,30498,40,1,1
21637,3727,1332,40,12103,11853,1714,12263,19086,25,1,1
21638,6021,872,40,17894,17694,9228,18044,34205,17,1,1
21639,6392,2815,40,18625,18234,9238,18806,37311,45,1,1
21640,2434,221,40,12153,12043,2314,12293,17302,5,1,1
21641,5511,3206,40,14347,13917,1173,14517,24457,49,1,1
21642,4549,1543,40,23274,22984,1643,23424,31199,24,1,2
21643,6893,5921,40,11121,10460,2535,11322,26701,81,1,1
21644,13085,4939,40,20329,19808,14718,20519,53301,63,1,1
21645,3807,2495,40,13736,13386,2224,13906,22462,38,1,1
21646,5911,3096,40,19127,18715,10710,19297,39064,46,1,1
21647,5952,5149,40,15018,14447,1303,15209,27653,70,1,1
21648,5871,4849,40,14738,14177,2384,14928,28093,68,1,1
21649,2395,110,40,11131,11041,2846,11271,16682,1,1,1
21650,6142,2926,40,20168,19787,11302,20338,40768,44,1,1
21651,3186,2084,40,14938,14618,592,15108,21010,35,1,1
21652,12032,12785,40,23154,21972,5220,23404,53491,156,1,1
21653,2865,661,41,12343,12153,2224,12494,18274,14,1,1
21654,6292,4729,40,14337,13766,1734,14527,27322,68,1,1
21655,3587,1412,40,13786,13535,4558,13947,23544,25,1,1
21656,3005,1744,40,19106,18806,5060,19266,29115,30,1,1
21657,7274,5620,40,16210,15559,2033,16401,31389,80,1,1
21658,6813,5601,40,20529,19898,4839,20729,38022,78,1,1
21659,3627,1693,41,13215,12934,2014,13376,20760,29,1,1
21660,5431,2795,40,9418,9017,1243,9578,19097,43,1,1
21661,7073,5661,40,14999,14368,1533,15199,29496,78,1,1
21662,3506,1664,40,14026,13736,3707,14186,23094,28,1,1
21663,6211,3466,40,19808,19367,4669,19978,34385,51,1,1
21664,6953,5982,40,16351,15690,1803,16551,31319,82,1,1
21665,6813,5250,40,20168,19557,5280,20358,37732,74,1,1
21666,3606,1273,40,10670,10430,2175,10830,17934,23,1,1
21667,3146,471,40,8196,8046,1473,8346,13476,11,1,1
21668,6071,4699,40,12193,11632,1552,12383,24756,68,1,1
21669,4048,270,41,7904,7794,1492,8056,13916,6,1,1
21670,4358,2054,40,13586,13245,4138,13746,24336,36,1,1
21671,6452,4238,40,19867,19346,4970,20058,35748,62,1,1
21672,7193,5921,40,16681,16010,1954,16872,31980,83,1,1
21673,6993,5420,40,19968,19326,5029,20158,37641,78,1,1
21674,4378,1974,40,13025,12704,1774,13195,21361,35,1,1
21675,6813,4589,40,11512,10941,1152,11702,24286,68,1,1
21676,3676,1182,40,13095,12864,3136,13255,21290,23,1,1
21677,8637,3546,40,27191,26701,3617,27372,43202,52,1,2
21678,6954,5390,40,15099,14488,2124,15299,29817,76,1,1
21679,7445,5460,40,21531,20930,2405,21731,37081,74,1,1
21680,2945,592,40,9418,9247,2144,9568,15289,13,1,1
21681,5331,3366,40,8436,8005,1193,8616,18546,51,1,1
21682,6522,5180,40,13145,12564,1303,13335,26400,72,1,1
21683,3667,290,40,7854,7724,1482,7996,13485,7,1,1
21684,5100,3547,40,14828,14367,4368,15008,28073,53,1,1
21685,4448,1803,40,18835,18545,2806,18996,28093,30,1,1
21686,7314,6402,40,19136,18435,2013,19336,35126,88,1,1
21687,9808,8837,40,21170,20289,1352,21401,41448,113,1,1
21688,3777,1333,40,9969,9719,2365,10129,17644,24,1,1
21689,6402,4048,40,11051,10550,1453,11241,23184,60,1,1
21690,3667,441,40,6753,6602,1012,6903,12073,11,1,1
21691,5079,3357,40,16070,15610,2294,16251,27021,54,1,1
21692,8296,5430,40,34425,33754,10720,34615,59122,77,1,2
21693,2265,671,40,17493,17323,7655,17643,28294,14,1,1
21694,4038,1012,40,9588,9378,1914,9748,16752,19,1,1
21695,4339,1232,40,14678,14418,1132,14838,21581,22,1,2
21696,4028,881,40,5621,5420,1002,5771,11742,18,1,1
21697,8105,8225,40,18586,17743,1042,18806,36239,108,1,1
21698,6252,2825,40,18505,18104,9007,18676,36800,44,1,1
21699,7354,7384,41,20488,19717,1472,20699,36970,98,1,1
21700,6112,2675,40,18305,17934,3436,18475,30738,42,1,1
21701,5070,1342,40,9589,9338,1983,9749,18184,25,1,1
21702,4398,1062,40,8597,8365,1152,8747,15399,22,1,1
21703,2886,400,40,9157,9027,2074,9308,14718,9,1,1
21704,6743,4548,40,16271,15709,2235,16451,30027,67,1,1
21705,7073,2876,40,23204,22783,1493,23374,34866,43,1,2
21706,7224,6252,40,20158,19467,2114,20358,36008,87,1,1
21707,5551,1683,40,18124,17824,3486,18285,29065,31,1,1
21708,3907,241,40,8215,8095,971,8356,13525,5,1,1
21709,3637,561,40,5470,5310,1212,5620,11081,13,1,1
21710,2585,490,40,8396,8225,1222,8547,12874,11,1,1
21711,7665,4869,40,19217,18646,2484,19417,34485,71,1,1
21712,5931,1613,40,17854,17573,1583,18014,27192,28,1,1
21713,7003,6162,40,20880,20198,1483,21080,35768,85,1,1
21714,2354,521,40,18204,18064,641,18355,21901,10,1,1
21715,16812,20930,40,6332,4609,6182,6632,50606,231,1,1
21716,3687,1282,40,8186,7925,962,8336,14318,25,1,1
21717,6973,6152,40,18846,18154,1293,19046,33494,85,1,1
21718,6502,5150,40,22773,22172,2034,22973,36699,74,1,1
21719,3928,721,40,17443,17262,3176,17594,25479,16,1,1
21720,6102,4088,40,19697,19196,6112,19887,36229,60,1,1
21721,3417,1372,40,13235,12984,2575,13396,20800,25,1,1
21722,6493,4618,40,15309,14758,2214,15499,28875,68,1,1
21723,7063,6072,40,20960,20289,1533,21160,35878,84,1,1
21724,3306,591,40,17563,17393,12513,17714,34164,13,1,1
21725,2034,441,40,17543,17383,7995,17684,28194,10,1,1
21726,3206,802,40,12874,12694,2474,13025,19557,15,1,1
21727,6552,4619,40,15780,15239,2686,15970,29877,66,1,1
21728,6793,5270,40,15439,14818,2505,15629,30227,75,1,1
21729,6994,4959,40,15229,14658,1894,15429,29316,70,1,1
21730,2044,150,40,17143,17032,14187,17273,33704,2,1,1
21731,14418,19527,40,23354,21701,12954,23644,70594,216,1,2
21732,2524,1193,40,16361,16140,2505,16521,22783,21,1,1
21733,6613,4538,41,15599,15078,1844,15780,28825,62,1,1
21734,2625,1924,40,18876,18565,2625,19036,26250,32,1,1
21735,13465,8026,40,22743,21982,15790,22953,60294,97,1,1
21736,2464,812,40,17834,17654,14067,17984,35377,15,1,1
21737,17073,7594,40,24527,23745,13095,24737,62529,97,1,1
21738,2915,1363,40,13496,13255,5059,13656,23043,24,1,1
21739,1814,220,40,8136,8026,8135,8276,18505,5,1,1
21740,14678,16942,40,24085,22603,8547,24366,64573,196,1,1
21741,2225,170,40,17233,17133,14357,17373,34165,3,1,1
21742,15870,22483,40,6703,4870,14077,7023,59503,246,1,1
21743,4699,3336,40,19436,18996,11982,19608,39675,51,1,1
21744,6192,4468,40,16160,15599,1273,16341,28324,67,1,1
21745,7124,4228,40,13235,12714,1312,13415,26130,63,1,1
21746,7745,6512,40,21300,20589,1563,21500,37371,89,1,1
21747,2064,231,40,17683,17563,691,17824,20860,5,1,1
21748,17443,10731,40,3617,2605,30167,3847,62238,130,1,1
21749,8466,5300,40,19748,19126,13936,19948,47710,77,1,1
21750,6452,5190,40,18034,17423,1152,18234,31068,75,1,1
21751,6933,4649,40,14197,13646,1653,14387,27662,67,1,1
21752,6493,5380,40,15439,14818,1803,15640,29366,77,1,1
21753,6442,4188,40,13285,12775,1442,13476,25598,62,1,1
21754,2996,541,40,17433,17263,14888,17583,36048,13,1,1
21755,8175,6122,40,20008,19307,13456,20208,48001,83,1,2
21756,4128,1854,40,16331,16030,1994,16491,24517,31,1,1
21757,5961,1222,40,12684,12453,1613,12845,21681,22,1,1
21758,5761,5962,40,19857,19296,1883,20048,33714,69,1,1
21759,2224,170,40,17544,17443,14708,17684,34836,3,1,1
21760,15960,21460,40,23685,21902,12704,23996,74150,234,1,2
21761,5951,4439,40,15499,14948,1303,15689,27422,67,1,1
21762,6812,2535,41,12744,12383,1994,12915,24306,39,1,1
21763,6552,5109,40,20509,19887,1603,20699,34004,75,1,1
21764,2364,110,40,17322,17242,14427,17464,34415,1,1,1
21765,8877,9197,40,20539,19577,13265,20760,52149,120,1,2
21766,4027,2024,41,13705,13395,1513,13877,21481,33,1,1
21767,4068,541,40,11732,11572,1673,11882,18204,12,1,1
21768,5671,4078,40,14979,14468,2154,15159,27112,61,1,1
21769,4097,922,40,11692,11492,1773,11853,18695,18,1,1
21770,6051,1563,41,17893,17623,17853,18055,43562,28,1,1
21771,11602,12805,40,21561,20338,12764,21801,59012,154,1,2
21772,5731,4288,40,15118,14587,1213,15299,26591,63,1,1
21773,6182,5049,40,15640,15048,2275,15830,29366,71,1,1
21774,4268,821,40,11743,11551,1653,11893,18695,17,1,1
21775,3367,731,40,29556,29325,17513,29706,51357,14,1,2
21776,2585,902,40,17884,17684,12724,18044,34305,18,1,1
21777,6152,5090,40,15730,15149,1142,15920,28344,70,1,1
21778,6352,4669,30,17042,16481,1994,17222,30287,67,1,1
21779,2915,852,40,13225,13025,4829,13375,22011,16,1,1
21780,3597,2274,40,19136,18795,5070,19307,30278,37,1,1
21781,7965,7354,40,24496,23725,2014,24707,42080,97,1,1
21782,3387,751,40,12604,12423,3516,12754,20469,15,1,1
21783,6682,5080,40,17914,17313,1934,18104,31860,75,1,1
21784,3888,1302,41,13645,13395,4338,13807,23375,24,1,1
21785,6492,4799,40,20488,19928,2264,20690,34285,70,1,1
21786,6752,5851,40,16211,15549,2094,16411,31159,82,1,1
21787,6863,4869,40,20139,19547,6071,20329,38162,71,1,1
21788,4007,2114,41,13856,13525,2324,14017,22512,35,1,1
21789,6522,5039,40,14647,14056,1723,14849,28173,72,1,1
21790,2805,731,40,13104,12924,5520,13256,22352,14,1,1
21791,2986,1673,40,19517,19237,3778,19677,28154,29,1,1
21792,6973,5380,40,15971,15339,1873,16161,30427,77,1,1
21793,6944,5680,40,20679,20028,2004,20870,35538,79,1,1
21794,3286,882,40,10771,10560,1803,10921,16942,17,1,1
21795,6653,5029,40,12234,11622,1583,12414,25729,73,1,1
21796,3957,812,40,7905,7705,1453,8055,14317,16,1,1
21797,4478,1653,41,8646,8365,1343,8807,16331,29,1,1
21798,5150,2475,40,13666,13295,3056,13836,24567,40,1,1
21799,7033,2885,40,18956,18545,15209,19126,44294,46,1,1
21800,3697,2504,40,14327,13966,2765,14498,23514,41,1,1
21801,6091,3437,40,19076,18636,11371,19257,40206,52,1,1
21802,2955,1052,40,9959,9729,2014,10109,16170,20,1,1
21803,4309,911,41,8095,7895,1543,8246,15059,18,1,1
21804,5440,3697,40,12364,11882,1884,12544,23605,57,1,1
21805,3026,711,40,12344,12163,3737,12494,20008,14,1,1
21806,7765,3857,40,19867,19377,4738,20047,36459,57,1,1
21807,7494,6452,41,25047,24336,1132,25258,40396,90,1,1
21808,2865,862,40,10350,10149,2044,10500,16311,17,1,1
21809,6533,4188,40,11131,10630,1132,11311,23214,60,1,1
21810,4048,1333,40,8446,8185,1032,8606,15059,26,1,1
21811,3657,672,40,8065,7885,1934,8215,14528,15,1,1
21812,7965,5190,40,21500,20889,3757,21742,38694,72,1,1
21813,4168,2776,40,23284,22913,1884,23494,32362,40,1,1
21814,7855,6523,40,19256,18545,1452,19467,35337,90,1,1
21815,7424,5491,40,19817,19196,2205,20007,35177,76,1,1
21816,3216,822,40,9899,9709,1803,10049,15940,17,1,1
21817,5300,3166,40,10500,10070,1353,10670,20529,48,1,1
21818,3857,1042,40,7114,6873,1032,7254,13235,21,1,1
21819,5340,4228,40,17774,17263,4498,17964,32080,62,1,1
21820,7344,3486,40,19116,18655,2284,19297,32471,54,1,1
21821,8106,6262,40,18745,18034,1502,18945,34866,88,1,1
21822,8416,4298,40,19197,18646,2114,19377,34255,65,1,1
21823,2815,351,40,8736,8616,2235,8886,14327,7,1,1
21824,4999,1563,40,14648,14336,1313,14808,22733,29,1,2
21825,3837,1032,40,5821,5591,1042,5961,11922,20,1,1
21826,1623,551,40,9017,8867,2856,9167,14227,11,1,1
21827,4438,2926,40,15509,15109,2835,15690,25929,46,1,1
21828,6712,2716,40,18445,18054,7694,18615,35787,44,1,1
21829,8426,8076,40,20509,19667,1152,20729,38423,107,1,1
21830,6522,3226,40,18566,18124,2925,18736,31469,50,1,1
21831,3717,1042,40,9698,9478,1974,9848,16641,20,1,1
21832,4058,1202,41,9608,9357,1292,9759,16371,24,1,1
21833,1683,160,40,6712,6612,611,6852,9338,2,1,1
21834,13125,13044,40,18425,17243,1082,18676,45987,156,1,1
21835,6552,2385,40,18345,17984,3276,18515,30788,40,1,1
21836,9127,9528,40,21291,20328,1322,21521,41538,123,1,1
21837,3947,1654,40,18084,17794,1663,18244,25548,30,1,1
21838,4409,310,40,11161,11041,2475,11312,18546,7,1,1
21839,3516,191,40,5100,4989,1282,5240,10279,4,1,1
21840,2665,1793,40,15469,15168,3547,15640,23685,31,1,1
21841,5029,500,40,24516,24336,2665,24667,32902,11,1,2
21842,7004,6382,40,20419,19727,1773,20619,35828,86,1,1
21843,2424,151,40,17222,17122,10409,17363,30377,2,1,1
21844,3767,281,40,7564,7434,1253,7704,13055,6,1,1
21845,5620,3377,40,12824,12374,1623,13004,23675,53,1,1
21846,7354,6132,40,17764,17072,2454,17964,33934,85,1,1
21847,6502,5160,40,20218,19597,1553,20408,33663,75,1,1
21848,2505,120,40,17002,16912,14508,17132,34305,1,1,1
21849,3126,1753,40,18255,17945,7114,18425,30468,29,1,2
21850,4409,2404,41,14277,13926,2054,14448,23365,39,1,1
21851,6883,4949,40,15249,14658,2305,15439,29626,73,1,1
21852,6883,5320,40,20148,19527,1964,20358,34556,77,1,1
21853,1904,110,30,17343,17253,15209,17473,34756,1,1,1
21854,4248,2625,40,18595,18194,7435,18765,33113,40,1,2
21855,3457,1393,40,12433,12173,2746,12593,20229,25,1,1
21856,6943,5099,40,14988,14397,2355,15189,29626,73,1,1
21857,7985,8045,40,22202,21360,1042,22413,39545,106,1,1
21858,2295,220,40,17544,17423,13576,17684,33815,5,1,1
21859,831,181,40,17503,17393,571,17633,19266,3,1,1
21860,16973,20539,40,6262,4569,8316,6572,52440,228,1,1
21861,8245,8146,40,16241,15409,1072,16451,33974,105,1,1
21862,6743,5209,40,15259,14658,2384,15459,29836,75,1,1
21863,6903,5321,40,20419,19787,1633,20609,34516,76,1,1
21864,3056,221,40,17283,17172,14718,17433,35468,5,1,1
21865,15920,22032,40,6653,4839,17623,6973,62588,245,1,1
21866,4679,3267,40,20950,20499,15990,21130,45106,51,1,1
21867,3757,1172,40,12865,12634,2565,13025,20559,21,1,1
21868,6983,5100,40,14928,14327,2475,15128,29726,75,1,1
21869,6713,5019,41,19617,18996,1853,19808,33443,75,1,1
21870,2545,371,40,17643,17503,15119,17793,35858,8,1,1
21871,11792,10439,40,21190,20147,11412,21421,55115,130,1,2
21872,6873,6201,40,20278,19577,1112,20479,34695,87,1,1
21873,6934,6362,40,20709,20008,1744,20909,35989,86,1,1
21874,2905,662,40,17593,17413,14768,17743,36108,14,1,1
21875,16051,20909,40,6462,4699,18145,6773,61928,238,1,1
21876,4869,2956,40,19327,18906,15639,19507,43001,48,1,1
21877,4548,3517,40,14608,14177,1313,14788,24226,50,1,1
21878,7504,4709,41,13315,12784,1282,13506,27061,65,1,1
21879,6662,5531,40,16331,15700,1693,16531,30447,78,1,1
21880,7414,4658,40,13565,13014,1292,13756,27151,67,1,1
21881,3717,631,40,17924,17754,16151,18064,38613,13,1,1
21882,15870,21752,40,6713,4880,16471,7033,61156,246,1,1
21883,7264,4899,40,20118,19547,14087,20308,46608,71,1,1
21884,9388,8296,40,21942,21100,1102,22172,40988,107,1,1
21885,6582,4839,40,20790,20208,1974,20980,34425,71,1,1
21886,1693,120,40,17092,17002,14027,17223,33103,1,1,1
21887,15870,22913,40,6462,4689,10109,6773,55695,238,1,1
21888,4668,2605,40,19186,18795,8516,19357,35186,43,1,1
21889,3707,1312,40,13376,13135,2464,13536,21059,24,1,1
21890,6893,3486,40,13125,12664,1984,13305,25698,52,1,1
21891,6542,5350,41,19837,19216,1463,20028,33433,75,1,1
21892,14016,4749,40,20068,19537,13545,20249,52609,62,1,1
21893,6592,3036,40,18536,18114,10870,18706,39254,48,1,1
21894,4047,2124,40,14377,14056,1413,14548,22182,35,1,1
21895,4348,641,40,11743,11561,1653,11893,18585,14,1,1
21896,6913,5370,40,16161,15540,1964,16361,30648,77,1,1
21897,3838,170,40,11552,11452,3657,11692,19397,3,1,1
21898,6782,3307,40,20469,20028,8165,20639,38953,50,1,1
21899,6162,3106,40,18996,18576,9368,19176,37842,48,1,1
21900,1974,390,41,12022,11882,572,12163,15149,8,1,1
21901,7895,8857,40,15459,14557,3386,15679,35868,111,1,2
21902,4358,922,40,11812,11602,1674,11952,18956,18,1,1
21903,21430,14157,40,35938,34666,6312,36199,78138,164,1,2
21904,6292,3447,40,19206,18736,9128,19386,38293,54,1,1
21905,1954,360,40,9879,9748,2295,10029,14668,8,1,1
21906,5280,2996,40,10139,9719,1202,10310,19828,48,1,1
21907,6832,5690,40,15178,14517,1944,15379,29906,83,1,1
21908,3396,681,40,12504,12323,5080,12654,21871,15,1,1
21909,3607,2154,40,19948,19607,3346,20108,29265,36,1,1
21910,7123,5801,41,15749,15108,2013,15950,30938,80,1,1
21911,7013,5631,40,20549,19898,4048,20749,37481,81,1,1
21912,4368,1933,40,13054,12744,2043,13216,21590,32,1,1
21913,6151,4499,40,16221,15660,2234,16401,29335,67,1,1
21914,14457,14708,40,19668,18375,1753,19938,50896,172,1,1
21915,6933,4057,40,20108,19607,4478,20289,35797,58,1,1
21916,7484,5571,40,16621,15970,1864,16811,31780,80,1,1
21917,7464,5521,40,20469,19828,6512,20659,40206,78,1,1
21918,4288,2355,40,13335,12975,1894,13505,22102,40,1,1
21919,5530,2916,40,9548,9138,1303,9728,19507,47,1,1
21920,5951,4669,40,14477,13896,1784,14667,27101,69,1,1
21921,3307,1432,40,13335,13075,4068,13486,22343,25,1,1
21922,6653,3827,40,20238,19767,5450,20419,36389,56,1,1
21923,7384,6061,40,16622,15941,1603,16832,31920,85,1,1
21924,7034,4428,30,19798,19277,6342,19988,37832,62,1,1
21925,3417,1042,40,12594,12373,2294,12744,19527,19,1,1
21926,5951,3807,40,12504,12013,1794,12684,24286,58,1,1
21927,3647,1102,40,8446,8226,1473,8606,14858,21,1,1
21928,8857,4719,40,15189,14618,4288,15379,33283,68,1,1
21929,4157,1834,40,18605,18295,2424,18766,27241,32,1,1
21930,8045,6543,40,17052,16331,1854,17252,33754,90,1,1
21931,7094,5320,40,20068,19477,1974,20278,34696,73,1,1
21932,2054,120,40,13155,13075,10610,13295,26119,1,1,1
21933,17022,20689,40,15950,14257,19838,16261,73850,227,1,1
21934,16741,14277,40,14357,13075,6973,14617,52659,167,1,1
21935,7885,4017,40,9648,9147,3857,9829,25618,58,1,1
21936,5169,2425,40,14407,14067,3316,14578,25538,38,1,1
21937,6773,4709,41,20508,19927,5620,20709,37852,71,1,1
21938,6672,5691,41,19056,18405,1673,19257,33353,81,1,1
21939,5240,2475,40,20108,19727,8296,20278,36339,41,1,1
21940,3788,1242,40,10200,9949,2024,10350,17464,24,1,1
21941,7414,5020,40,11642,11051,1183,11832,25499,72,1,1
21942,3536,300,40,7785,7675,1774,7935,13586,6,1,1
21943,6092,4498,40,15599,15048,2245,15789,28675,68,1,1
21944,8195,4689,40,28585,28003,5109,28765,46808,64,1,2
21945,8045,7234,40,16491,15720,1714,16701,33734,98,1,1
21946,6913,4148,40,19016,18505,3196,19206,33503,62,1,1
21947,3357,511,40,9788,9618,1623,9928,15460,11,1,1
21948,6132,2995,40,10489,10099,1272,10661,21120,45,1,1
21949,3767,361,40,6763,6622,1042,6903,12113,8,1,1
21950,5681,4228,40,18115,17564,3547,18295,31791,65,1,1
21951,7244,4408,40,19437,18906,1684,19627,33003,65,1,1
21952,7154,5901,40,18966,18295,1994,19166,34255,83,1,1
21953,7034,4879,40,19166,18585,1663,19357,32983,71,1,1
21954,5110,2124,40,10510,10180,1433,10670,19377,34,1,1
21955,3646,991,40,14487,14237,1192,14638,20528,19,1,2
21956,3807,902,40,5811,5601,1022,5961,11732,17,1,1
21957,2204,1022,40,15740,15530,822,15900,19998,19,1,1
21958,15319,14437,40,22232,20940,2715,22513,55014,172,1,1
21959,7354,5831,40,19537,18876,1523,19737,34496,81,1,1
21960,7104,3657,40,18555,18094,1583,18735,31129,54,1,1
21961,3867,621,41,9217,9047,1573,9368,15469,13,1,1
21962,3597,451,40,8106,7945,1543,8246,13897,11,1,1
21963,3396,1132,40,9869,9649,2615,10019,17212,20,1,1
21964,6863,4920,40,15870,15269,1483,16070,29396,74,1,1
21965,6934,2354,40,18465,18125,3126,18635,31089,37,1,1
21966,7404,6713,40,21020,20279,1102,21240,36489,94,1,1
21967,4018,771,40,17473,17273,3506,17624,25979,17,1,1
21968,3707,301,40,8035,7905,971,8176,13205,7,1,1
21969,2515,120,40,5962,5882,1362,6102,10149,1,1,1
21970,2926,1924,40,18395,18054,2024,18565,25479,33,1,2
21971,6943,5571,40,16782,16161,2334,16982,31870,78,1,1
21972,6212,2996,40,34766,34335,5631,34936,49825,44,1,2
21973,2846,581,40,17804,17643,8125,17954,29546,12,1,1
21974,2886,330,41,7444,7313,992,7595,11843,8,1,1
21975,4789,3116,40,16641,16211,2354,16821,27141,50,1,1
21976,6783,5881,40,23465,22814,2434,23665,38803,81,1,1
21977,2965,431,40,17854,17714,13215,17994,34655,9,1,1
21978,2114,872,40,18255,18054,8266,18415,29697,17,1,1
21979,4148,1613,40,13376,13085,2665,13536,22002,29,1,1
21980,7154,5691,40,16201,15540,2024,16401,31310,82,1,1
21981,6393,5390,40,21651,21030,1934,21851,35598,76,1,1
21982,2405,210,40,17694,17594,13305,17844,33814,4,1,1
21983,1964,431,40,17663,17503,7454,17804,27693,10,1,1
21984,2745,762,40,12363,12173,4348,12504,20409,15,1,1
21985,7003,4258,40,14268,13766,2524,14448,28263,58,1,1
21986,6842,5701,41,20589,19927,1993,20790,35356,81,1,1
21987,2594,341,40,17433,17303,12334,17573,32882,7,1,1
21988,2174,621,40,17674,17503,11321,17834,31990,14,1,1
21989,7003,6803,40,21090,20358,1092,21301,36239,92,1,1
21990,6563,5410,40,20599,19978,1453,20799,34265,77,1,1
21991,2855,692,40,18435,18265,15630,18585,37812,14,1,1
21992,9889,10871,40,21090,20008,14989,21330,57109,137,1,2
21993,7074,5420,40,19367,18736,1142,19567,33243,78,1,1
21994,7915,4919,40,20459,19877,1803,20660,35337,71,1,1
21995,2083,161,40,17443,17353,12764,17583,32641,3,1,1
21996,2214,642,40,17573,17393,12414,17723,33033,13,1,1
21997,6543,5711,40,20679,20028,1142,20879,34325,81,1,1
21998,6021,4569,40,19717,19177,1563,19908,32111,66,1,1
21999,2976,260,40,17504,17372,15429,17644,36359,6,1,1
22000,12644,14207,40,22062,20740,11822,22332,61045,170,1,2
22001,5871,5200,40,22934,22322,1182,23124,35427,75,1,1
22002,6352,5391,40,20799,20188,1412,20990,34205,76,1,1
22003,2705,271,40,17293,17152,14828,17433,35287,7,1,1
22004,15910,21591,40,6473,4689,18304,6783,62628,238,1,1
22005,7234,5340,40,20409,19808,14076,20599,47309,74,1,1
22006,5971,4900,30,15660,15059,1152,15850,27913,72,1,1
22007,7023,3547,40,13395,12925,2073,13565,26249,54,1,1
22008,7074,5630,40,20559,19907,1963,20760,35477,81,1,1
22009,2795,371,40,17794,17643,15068,17934,36218,9,1,1
22010,15840,21922,40,6513,4718,13135,6833,57760,241,1,1
22011,8667,6192,40,20499,19838,11191,20699,46799,82,1,1
22012,6182,5360,40,15319,14697,1132,15520,28234,77,1,1
22013,6743,2464,41,12764,12393,2455,12925,24637,40,1,1
22014,6342,5000,40,19427,18846,2465,19617,33464,70,1,1
22015,2534,221,40,17493,17373,14518,17623,34956,5,1,1
22016,6031,4258,41,19016,18485,9087,19197,38623,60,1,2
22017,4379,2274,40,14327,13967,1402,14498,22593,38,1,1
22018,4438,661,40,11822,11642,1643,11973,18775,15,1,1
22019,6332,5139,40,16461,15850,1823,16662,29986,75,1,1
22020,2826,230,40,28695,28545,14016,28835,45947,4,1,2
22021,4618,1052,40,17974,17743,10610,18125,34455,20,1,1
22022,9889,4318,40,9809,9308,16211,9989,40457,59,1,1
22023,16060,20910,40,17644,15900,17283,17954,72237,233,1,1
22024,1603,240,40,8256,8136,8566,8396,18845,5,1,1
22025,16862,21701,40,17233,15430,18315,17553,74461,243,1,1
22026,3917,672,40,11722,11532,1663,11872,18164,15,1,1
22027,4790,1132,40,17844,17623,15459,18004,39425,21,1,1
22028,15990,20920,40,6392,4638,4438,6703,48081,235,1,1
22029,4609,3947,41,15218,14728,2524,15399,26520,58,1,1
22030,6563,2996,40,18996,18585,14397,19176,43182,47,1,1
22031,5841,5049,41,15038,14467,1172,15239,27341,71,1,1
22032,5831,4389,40,14437,13886,2485,14617,27382,65,1,1
22033,3306,862,40,13035,12845,4388,13185,21781,16,1,1
22034,7204,6081,41,20979,20298,1874,21180,36389,84,1,1
22035,7654,6963,41,15739,14988,1713,15950,32311,94,1,1
22036,7244,5610,40,20428,19777,2625,20619,36138,79,1,1
22037,3526,1032,40,9839,9608,1914,9989,16521,21,1,1
22038,5150,2605,40,9648,9278,1232,9829,18866,42,1,1
22039,6732,5551,40,15780,15159,1643,15970,29936,75,1,1
22040,2996,871,40,12463,12273,3798,12614,20319,17,1,1
22041,6352,1273,40,17844,17633,13495,17994,39164,20,1,1
22042,3337,2444,40,13917,13575,2595,14087,22503,38,1,1
22043,6803,2795,40,18265,17884,12644,18435,40727,42,1,1
22044,6503,6432,40,12834,12163,972,13034,26991,84,1,1
22045,5520,3046,40,9488,9058,1193,9658,19467,48,1,1
22046,7124,5901,40,14798,14127,1102,14998,29175,83,1,1
22047,2805,932,40,12834,12644,4388,12995,21170,17,1,1
22048,7394,4338,40,19817,19306,3677,20008,35467,62,1,1
22049,7705,6993,40,16471,15730,1793,16672,33203,92,1,1
22050,7244,5430,40,20118,19487,2485,20308,35507,77,1,1
22051,3307,1021,40,9908,9708,2064,10070,16502,19,1,1
22052,3767,220,40,7976,7864,1503,8116,13656,5,1,1
22053,6673,4618,41,11822,11271,1553,12003,24887,66,1,1
22054,3797,551,40,8056,7885,1462,8196,14056,13,1,1
22055,5240,3386,40,14487,14046,3747,14657,27091,50,1,1
22056,6502,5300,40,20418,19787,1683,20609,34145,77,1,1
22057,7935,7133,40,19006,18244,1803,19217,36138,96,1,1
22058,7805,5931,40,20199,19517,1342,20399,35527,85,1,1
22059,3237,440,40,9227,9077,2455,9367,15550,10,1,1
22060,5531,2675,40,8136,7735,1032,8306,17574,44,1,1
22061,5872,4238,40,19096,18535,1864,19276,31300,62,1,2
22062,2846,881,40,12774,12574,3968,12934,20670,18,1,1
22063,7293,4098,40,19447,18945,3287,19637,34345,59,1,1
22064,4569,3196,40,17563,17123,1392,17744,26951,51,1,1
22065,5351,2945,40,18946,18556,6342,19116,33814,45,1,1
22066,2975,772,40,9648,9468,1964,9808,15559,16,1,1
22067,6192,4518,40,11421,10890,1143,11602,23515,64,1,1
22068,2726,911,41,13946,13756,2916,14107,20700,17,1,1
22069,5841,1653,40,18265,17975,12945,18425,38894,29,1,1
22070,4719,4318,40,17924,17403,1814,18104,28995,62,1,1
22071,6833,3978,40,19136,18646,5069,19316,35257,58,1,1
22072,4528,1022,40,9928,9708,1673,10080,17363,19,1,1
22073,6181,3838,40,11772,11261,1333,11952,23344,59,1,1
22074,3927,1473,40,21751,21461,2134,21902,29496,26,1,2
22075,7173,3417,40,33173,32712,10851,33353,54844,51,1,2
22076,4950,2464,40,18475,18114,5881,18646,31971,40,1,1
22077,4849,812,40,9548,9358,2415,9688,17824,16,1,1
22078,3647,932,40,7715,7504,972,7875,13456,19,1,1
22079,3848,410,41,6672,6532,1032,6823,12143,9,1,1
22080,3707,260,40,5240,5119,1072,5391,10470,6,1,1
22081,3056,1623,40,15469,15179,3808,15629,24156,29,1,1
22082,8907,4829,40,19287,18726,4208,19477,37461,68,1,1
22083,8266,7885,40,20219,19407,1372,20429,38002,102,1,1
22084,8005,5330,40,19417,18826,1262,19607,34254,73,1,1
22085,3557,250,41,8155,8035,1112,8296,13275,6,1,1
22086,3607,591,40,5521,5371,1322,5671,11241,12,1,1
22087,2986,551,40,8075,7915,1102,8225,12904,12,1,1
22088,4749,2384,40,16300,15940,2264,16472,25919,40,1,1
22089,6783,4268,40,35247,34696,3146,35427,49664,60,1,2
22090,5170,481,30,17383,17223,1914,17523,25128,11,1,1
22091,3587,160,40,10901,10801,1122,11041,15950,3,1,1
22092,8637,8316,40,19387,18555,1032,19597,37632,106,1,1
22093,6472,4929,41,20679,20108,2414,20870,34725,69,1,1
22094,5651,1613,40,18024,17734,3165,18184,28654,29,1,1
22095,4578,2145,40,18725,18395,6493,18885,32151,34,1,1
22096,4008,311,40,7594,7454,1002,7724,13095,7,1,1
22097,6443,4819,40,18826,18225,2475,19016,32793,72,1,1
22098,6873,4989,40,22562,21971,2544,22754,37210,72,1,1
22099,2956,160,41,17142,17052,12704,17283,33143,3,1,1
22100,1382,350,40,17383,17253,8416,17533,27732,8,1,1
22101,3447,1483,40,17964,17693,2525,18124,25629,26,1,1
22102,6131,4769,40,19337,18745,1954,19527,32421,71,1,1
22103,2655,210,40,17874,17764,13175,18014,34114,5,1,1
22104,4299,2064,40,19066,18735,8186,19236,33825,36,1,1
22105,3677,1432,40,10591,10319,2254,10751,18154,26,1,1
22106,6452,3407,40,16351,15910,1383,16531,27813,52,1,1
22107,6743,5891,40,19497,18836,1633,19697,34024,83,1,1
22108,2114,170,40,17443,17333,12224,17583,32131,3,1,1
22109,2104,591,40,17774,17604,12093,17924,32752,13,1,1
22110,6332,4990,40,20519,19918,1192,20709,33273,73,1,1
22111,6292,5180,40,20489,19868,2314,20689,34515,77,1,1
22112,4809,1222,40,17754,17504,16942,17904,40917,24,1,1
22113,2705,732,40,17884,17693,13195,18034,34716,17,1,1
22114,6452,5560,40,15940,15299,1112,16141,29305,79,1,1
22115,6522,4298,40,14748,14207,2434,14929,28243,64,1,1
22116,6292,5090,40,15980,15389,1914,16170,29506,72,1,1
22117,6482,5070,40,14598,14007,1984,14798,28374,72,1,1
22118,2215,150,40,17373,17273,14548,17513,34476,3,1,1
22119,15960,21711,40,6442,4669,13075,6753,57539,237,1,1
22120,5010,3386,40,19668,19237,10430,19848,38724,50,1,1
22121,9819,3647,40,16291,15870,19407,16471,49374,48,1,1
22122,3386,3607,40,13516,13225,15129,13686,35848,30,1,1
22123,15329,13907,40,17423,16181,1854,17683,48813,162,1,1
22124,1944,270,40,7905,7785,8546,8045,18856,6,1,1
22125,16972,21761,40,22783,20990,24667,23094,86544,241,1,1
22126,16802,10810,40,22663,21671,13856,22904,64412,130,1,1
22127,2024,831,40,18455,18274,15960,18606,37461,15,1,1
22128,4038,3867,40,1764,1283,571,1944,10460,57,1,1
22129,8957,7284,40,16361,15630,1223,16571,34085,93,1,1
22130,6472,4167,40,14397,13886,1804,14588,27072,62,1,1
22131,6924,4939,40,15730,15129,1393,15920,29226,73,1,1
22132,7314,4779,40,13736,13175,1453,13917,27513,67,1,1
22133,4248,1002,40,18495,18275,17293,18645,41228,19,1,1
22134,15930,21771,40,6673,4859,16120,6994,60855,244,1,1
22135,4669,3307,40,19347,18926,14898,19517,42451,47,1,1
22136,6011,4609,40,14888,14327,1183,15078,26941,68,1,1
22137,7123,4639,40,13446,12905,1783,13636,27241,66,1,1
22138,6763,5320,40,20328,19707,1673,20529,34325,77,1,1
22139,1934,120,40,17303,17203,14267,17443,33794,1,1,1
22140,15890,21160,40,6352,4619,13676,6662,57438,234,1,1
22141,4829,2965,40,19106,18695,10460,19277,37591,46,1,1
22142,5811,4769,40,15339,14758,1172,15529,27311,70,1,1
22143,4178,611,40,11893,11712,1653,12033,18515,13,1,1
22144,7294,6502,41,16591,15870,1313,16802,31951,90,1,1
22145,3927,572,40,11902,11742,1644,12052,18235,12,1,1
22146,2485,190,40,17443,17343,14828,17583,35126,4,1,1
22147,16681,20599,40,6292,4569,15740,6593,59653,231,1,1
22148,5090,2835,40,18746,18375,13115,18916,39986,42,1,1
22149,4969,3366,40,18996,18555,1372,19166,28924,50,1,1
22150,5951,4388,40,17984,17443,1833,18175,30397,65,1,1
22151,2766,771,40,30308,30096,621,30458,34646,14,1,2
22152,18025,7915,40,2755,1974,22874,2965,51809,94,1,2
22153,7264,4969,31,20338,19757,10220,20519,43032,69,1,1
22154,7464,7343,40,15740,14988,1002,15961,31821,96,1,1
22155,6322,4659,40,14357,13796,2155,14547,27723,68,1,1
22156,3827,181,40,11502,11392,1743,11642,17443,4,1,1
22157,5390,1022,40,17794,17574,16902,17954,41308,20,1,1
22158,13175,16241,40,18345,16902,2956,18615,51047,187,1,2
22159,3216,1193,40,18485,18234,5420,18625,28504,23,1,1
22160,3827,1102,40,10419,10189,1553,10570,17102,21,1,1
22161,2554,1082,40,8897,8676,1893,9047,14637,20,1,1
22162,5400,3928,40,14287,13776,2756,14467,26601,60,1,1
22163,3066,961,40,13425,13225,4248,13586,21901,18,1,1
22164,6502,3937,40,20328,19837,5170,20509,36158,58,1,1
22165,6983,6172,40,16231,15540,2004,16431,31620,85,1,1
22166,6773,5330,40,20419,19788,3697,20619,36469,79,1,1
22167,3667,1102,40,13045,12815,2084,13205,20108,22,1,1
22168,5882,4578,41,15349,14768,2034,15540,28084,69,1,1
22169,3146,1102,40,13044,12814,4359,13195,21852,20,1,1
22170,7234,5019,40,21701,21120,6092,21891,40287,71,1,1
22171,8025,6993,40,23564,22813,1343,23775,40176,95,1,1
22172,3036,931,40,16260,16050,3656,16401,24065,17,1,1
22173,6593,5570,41,13826,13195,1653,14017,27873,77,1,1
22174,14688,16781,40,20499,19036,1302,20780,53601,196,1,1
22175,7774,5530,40,20579,19958,6964,20769,41088,76,1,1
22176,7184,6132,40,16201,15529,1613,16401,31390,85,1,1
22177,6292,3367,40,19286,18876,11071,19456,40246,48,1,1
22178,5280,3797,40,13806,13315,1252,13987,24356,57,1,1
22179,6823,5611,40,12484,11832,1152,12684,26310,80,1,1
22180,4940,2144,40,21791,21431,2184,21961,31260,35,1,2
22181,7845,5180,40,33053,32422,7585,33243,53893,73,1,2
22182,6242,3086,40,18595,18195,7034,18775,35167,46,1,1
22183,3516,1122,40,9408,9177,2134,9558,16381,21,1,1
22184,6382,3116,40,8616,8206,1032,8796,19366,48,1,1
22185,6532,5090,40,11452,10871,972,11642,24276,70,1,1
22186,4178,561,40,7995,7845,1473,8145,14407,12,1,1
22187,4398,1834,40,13726,13425,3376,13906,23574,32,1,1
22188,6282,4088,40,27472,26940,6973,27662,45035,59,1,2
22189,7164,5520,41,16791,16150,1994,16992,31720,80,1,1
22190,7294,4789,40,19507,18946,6122,19697,37952,67,1,1
22191,4408,1483,40,10721,10449,1643,10881,18445,25,1,1
22192,6262,4348,40,11051,10530,1002,11232,22904,62,1,1
22193,1984,260,40,8577,8456,591,8717,11592,6,1,1
22194,15550,15639,40,18826,17443,1502,19097,51828,183,1,1
22195,7184,2675,40,18746,18385,4148,18916,32973,41,1,1
22196,7995,7665,40,17754,17083,1493,17954,35147,83,1,1
22197,6532,3216,41,18875,18465,3878,19046,32712,46,1,1
22198,3877,2154,40,10750,10439,1283,10911,18275,34,1,1
22199,5901,3206,40,10079,9648,1403,10250,20810,50,1,1
22200,2315,390,40,14728,14557,2605,14878,20239,8,1,2
22201,3186,1473,40,13235,12955,2896,13385,20990,27,1,1
22202,6553,3757,40,33293,32801,7625,33473,51438,54,1,2
22203,6603,3206,40,18565,18125,3987,18736,32582,51,1,1
22204,4849,1162,40,9408,9158,1653,9548,17272,23,1,1
22205,3958,1292,40,7875,7605,972,8015,14297,25,1,1
22206,4008,521,40,6883,6723,1032,7023,12634,11,1,1
22207,3557,1132,40,12984,12724,1032,13145,18916,22,1,2
22208,6623,5470,40,16672,16041,2324,16862,31309,77,1,1
22209,7213,3507,40,18866,18405,3166,19046,32962,53,1,1
22210,7024,6292,30,19757,19056,1463,19957,34786,87,1,1
22211,6853,3547,40,18795,18345,2174,18976,31600,54,1,1
22212,3647,300,40,8126,7996,1152,8266,13425,7,1,1
22213,3777,270,40,5180,5049,1173,5320,10580,6,1,1
22214,3126,481,40,7925,7785,1293,8075,13035,10,1,1
22215,5681,3647,40,17553,17082,1994,17733,29095,55,1,1
22216,6242,3487,40,35006,34525,3787,35176,48753,53,1,2
22217,2725,230,40,17393,17283,2806,17533,23345,6,1,1
22218,3066,692,40,8285,8105,1292,8436,13526,14,1,1
22219,2635,701,40,9968,9788,2484,10120,15990,14,1,1
22220,6873,5551,40,16962,16321,2505,17162,32131,79,1,1
22221,6312,4920,40,22002,21411,1934,22192,35418,72,1,1
22222,6502,5020,40,15870,15259,2184,16060,29826,74,1,1
22223,5440,671,40,17283,17112,2535,17433,26139,14,1,1
22224,5100,2454,41,18895,18545,6403,19066,33063,39,1,1
22225,2084,110,40,10731,10641,8927,10871,22042,1,1,1
22226,15930,21220,40,25608,23875,12454,25919,75563,232,1,1
22227,5360,3306,40,10410,9949,6943,10570,26229,52,1,1
22228,2825,1694,40,12894,12614,6052,13054,23675,29,1,1
22229,3466,1844,40,19186,18896,4208,19347,28905,30,1,1
22230,14136,5781,40,20739,20118,10791,20940,51698,77,1,1
22231,2314,451,40,17724,17573,7734,17864,28413,10,1,1
22232,2925,1002,40,12794,12584,2665,12945,19567,17,1,1
22233,6783,5320,40,16321,15680,1924,16511,30588,79,1,1
22234,6443,5380,40,21240,20609,1654,21430,34947,77,1,1
22235,2394,361,40,17974,17834,631,18124,21560,9,1,1
22236,17343,10980,40,3597,2615,17513,3838,49714,129,1,1
22237,7274,6082,40,20629,19958,7444,20829,41659,82,1,1
22238,3326,972,40,11212,10990,2505,11352,18215,18,1,1
22239,7054,4137,40,16902,16391,1483,17092,29807,62,1,1
22240,6522,4929,40,20108,19527,2394,20309,34184,71,1,1
22241,12974,8196,40,22052,21250,9578,22262,53060,100,1,1
22242,2024,311,40,17383,17263,11642,17533,31540,7,1,1
22243,5821,4719,40,19607,19046,1233,19797,31620,68,1,1
22244,6903,4819,40,15008,14427,1774,15199,28755,71,1,1
22245,7474,5029,40,14918,14337,2254,15119,29916,72,1,1
22246,2424,251,40,17453,17333,14758,17593,35066,5,1,1
22247,15790,22633,40,6732,4899,15609,7054,61136,247,1,1
22248,4549,3727,40,19487,19016,14578,19667,42561,54,1,1
22249,6482,6112,40,16842,15800,1042,17042,30728,86,1,1
22250,6462,4769,40,14538,13967,2224,14718,28213,69,1,1
22251,6953,6102,40,20840,20168,1613,21040,35748,82,1,1
22252,2375,340,40,17704,17573,15049,17844,35658,7,1,1
22253,15880,22092,40,6673,4840,13916,6983,58921,245,1,1
22254,4629,2645,40,19066,18705,12754,19236,39294,40,1,1
22255,6392,5110,40,19928,19337,1222,20128,32882,72,1,1
22256,6382,4739,40,20399,19838,1904,20589,33664,69,1,1
22257,2745,591,40,17683,17513,15890,17824,37100,12,1,1
22258,15189,18896,40,23224,21581,10921,23524,68570,217,1,2
22259,4589,2955,40,21842,21440,1393,22022,31009,46,1,1
22260,6492,5019,40,20378,19787,2505,20569,34635,73,1,1
22261,2575,631,40,17914,17754,15179,18064,36509,13,1,1
22262,15880,21180,40,6512,4739,17403,6823,61336,239,1,1
22263,7364,4999,40,19568,18975,13355,19758,45516,71,1,1
22264,3657,1193,40,12694,12463,2434,12854,20178,22,1,1
22265,6762,3106,40,13245,12814,1934,13426,25278,49,1,1
22266,6793,5340,40,20979,20358,1903,21180,35247,76,1,1
22267,2645,411,40,17433,17293,15079,17583,35748,9,1,1
22268,1953,441,40,17413,17253,12284,17563,32291,10,1,1
22269,9348,7985,40,16521,15710,961,16732,35066,102,1,1
22270,4228,491,40,11652,11492,1674,11802,18235,11,1,1
22271,6473,5791,40,15770,15129,2214,15960,30498,78,1,1
22272,4018,721,40,11843,11663,1663,11993,18435,15,1,1
22273,3777,691,41,17493,17312,15940,17644,38092,15,1,1
22274,7504,6983,41,20048,19276,14507,20259,49303,95,1,2
22275,2544,602,40,12003,11832,2074,12153,17413,13,1,1
22276,4388,631,41,11461,11271,1664,11592,18335,15,1,1
22277,6592,4739,40,15129,14578,1733,15329,28423,68,1,1
22278,2274,171,40,28775,28624,17793,28905,49193,3,1,2
22279,2074,952,40,17984,17784,10710,18145,31931,19,1,1
22280,6542,6372,41,16371,15659,1032,16582,30568,90,1,1
22281,6162,4729,40,14618,14037,1904,14808,27653,70,1,1
22282,3647,261,40,11301,11181,1724,11451,17123,6,1,1
22283,5781,2945,40,18795,18415,18626,18966,46378,44,1,1
22284,5901,5911,40,16401,15710,1653,16612,30107,82,1,2
22285,5911,2725,40,18245,17864,15008,18425,42119,44,1,1
22286,4889,3277,40,14187,13746,1302,14357,23865,50,1,1
22287,5872,4358,40,14357,13826,2074,14547,26891,64,1,1
22288,3076,891,40,13185,12974,4398,13326,21751,17,1,1
22289,6362,4018,40,19958,19457,2825,20138,33393,59,1,1
22290,7474,6633,40,16301,15590,2114,16501,32782,89,1,1
22291,7303,5521,40,20499,19868,2525,20699,36088,78,1,1
22292,3096,1172,40,17353,17143,2595,17513,24416,20,1,1
22293,6242,4529,40,12133,11572,1733,12323,24867,68,1,1
22294,3817,1133,40,8005,7785,1413,8165,14568,21,1,1
22295,4649,2424,40,13846,13475,3617,14017,24747,40,1,1
22296,7705,4418,40,20169,19657,5640,20349,38162,60,1,1
22297,7775,6993,40,16862,16100,1482,17062,33373,95,1,1
22298,6101,2385,30,18766,18405,13786,18926,41248,38,1,1
22299,6502,5380,40,14818,14197,1142,15009,28073,75,1,1
22300,6312,4428,40,12624,12073,1904,12804,25488,66,1,1
22301,3326,1123,40,12834,12604,3918,12984,21401,21,1,1
22302,7193,4459,40,20178,19617,3707,20368,35777,67,1,1
22303,7273,6342,40,18064,17343,1483,18265,33423,90,1,1
22304,7875,5791,40,20098,19467,3347,20288,37351,77,1,1
22305,2946,731,30,10661,10470,2254,10811,16792,15,1,1
22306,6312,5320,40,12384,11793,1603,12574,25869,74,1,1
22307,3978,791,40,15470,15239,1523,15630,21962,17,1,2
22308,2715,1503,40,14086,13816,4709,14247,23214,26,1,1
22309,3497,1773,40,18766,18485,2815,18926,27071,30,1,1
22310,7835,7273,40,17363,16591,1543,17584,34285,99,1,1
22311,7033,5691,40,19898,19256,1543,20108,34415,80,1,1
22312,3187,711,40,9428,9248,2204,9588,15740,15,1,1
22313,5690,3116,41,8786,8345,1052,8957,18855,50,1,1
22314,5520,3667,40,12002,11532,1653,12184,23054,55,1,1
22315,3717,200,40,7695,7584,1613,7835,13405,4,1,1
22316,5029,2435,40,14036,13686,3256,14197,24967,38,1,1
22317,6552,3737,40,19397,18916,4639,19577,34545,57,1,1
22318,5200,4038,40,16702,16201,1352,16892,27522,60,1,1
22319,16822,12954,40,22262,21110,5400,22513,57729,151,1,1
22320,2074,150,40,13416,13326,10640,13556,26480,3,1,1
22321,16181,18565,41,12403,10860,10240,12694,57730,206,1,1
22322,1794,481,40,8125,7965,8116,8265,18696,11,1,1
22323,6353,2825,40,6482,6092,4218,6653,20089,44,1,1
22324,3948,972,40,7284,7063,1232,7434,13636,19,1,1
22325,4939,3186,40,16501,16061,2134,16682,26971,50,1,1
22326,7604,2966,40,18565,18185,12414,18735,41759,43,1,1
22327,3426,2595,40,16721,16351,2345,16892,25318,41,1,1
22328,6021,2736,40,18705,18315,7435,18875,35117,43,1,1
22329,4839,1904,40,10951,10640,1443,11111,19347,32,1,1
22330,6112,3967,30,10379,9878,1393,10560,22082,59,1,1
22331,3417,1563,40,15139,14878,2815,15299,23134,26,1,1
22332,8236,4258,40,28114,27563,5280,28294,46108,60,1,2
22333,7805,6923,40,17583,16832,1343,17794,33905,95,1,1
22334,6763,3857,40,18756,18265,2364,18936,31980,58,1,1
22335,3667,691,40,9177,8987,1733,9328,15449,15,1,1
22336,3928,1633,40,10520,10209,972,10680,17263,31,1,1
22337,3837,450,41,11682,11492,1022,11823,17183,9,1,2
22338,5801,4038,40,17253,16742,3497,17443,30819,61,1,1
22339,6081,2896,40,23655,23224,1402,23825,34254,45,1,2
22340,7865,7965,40,21350,20529,1132,21561,38583,104,1,1
22341,7324,1583,40,17844,17553,2014,18004,28965,29,1,1
22342,4177,772,40,7875,7685,982,8015,13996,16,1,1
22343,3737,441,40,5390,5250,1022,5530,10780,9,1,1
22344,2374,581,41,7714,7534,1183,7865,12043,13,1,1
22345,6393,4087,40,18645,18134,2605,18826,31971,61,1,1
22346,6813,2916,40,18355,17944,1993,18525,30297,45,1,1
22347,7324,7043,40,21010,20268,1503,21211,37131,93,1,1
22348,10450,11001,40,22463,21460,1052,22693,45246,129,1,1
22349,4058,711,40,10931,10741,972,11081,16852,15,1,1
22350,2595,471,40,10019,9869,2585,10169,15850,9,1,1
22351,7374,5190,40,16682,16091,2505,16872,32001,72,1,1
22352,6813,5080,40,20228,19657,1934,20418,34295,70,1,1
22353,4519,400,30,17484,17332,2104,17624,24697,9,1,1
22354,5090,2976,40,19026,18615,8256,19206,35568,47,1,1
22355,4097,2084,40,12523,12193,2285,12674,21190,34,1,1
22356,8506,5461,40,15569,14938,1843,15769,31620,79,1,1
22357,7254,5751,40,21361,20700,1663,21551,36269,80,1,1
22358,6973,4929,40,15119,14527,1643,15309,28904,71,1,1
22359,3637,221,40,17393,17283,12143,17533,33574,5,1,1
22360,2594,862,40,18165,17964,7544,18315,29365,17,1,1
22361,3477,1363,40,14988,14728,2655,15148,22683,25,1,1
22362,7114,5129,30,16240,15619,1543,16431,30257,75,1,1
22363,7565,7314,40,22152,21380,1783,22362,39074,97,1,1
22364,2385,361,40,17894,17764,11592,18044,32412,8,1,1
22365,2014,711,40,17954,17784,10800,18105,31670,13,1,1
22366,7814,7174,40,21070,20329,1062,21280,37380,94,1,1
22367,6362,5360,40,25067,24466,1573,25258,38603,74,1,1
22368,1703,120,40,17182,17092,11011,17323,30197,1,1,1
22369,1794,490,40,17453,17293,10079,17604,29997,10,1,1
22370,3737,1252,40,13045,12814,3487,13205,21711,22,1,1
22371,7424,4549,40,15078,14518,2324,15259,29606,67,1,1
22372,6783,5631,40,21020,20359,1934,21220,35608,80,1,1
22373,2845,541,41,17463,17292,15269,17614,36309,13,1,1
22374,16902,22042,40,6623,4819,18845,6923,64772,242,1,1
22375,7214,6282,40,21360,20669,17192,21570,52309,87,1,1
22376,6723,5921,40,20148,19467,1122,20349,34155,84,1,1
22377,6011,4899,40,19136,18545,2385,19326,32662,70,1,1
22378,19687,10881,40,24777,23765,5811,25017,61446,132,1,1
22379,5882,2534,40,18725,18355,11101,18896,38453,41,1,1
22380,6012,4729,40,20228,19667,1243,20418,32432,67,1,1
22381,6162,4939,40,20088,19507,1674,20278,33093,71,1,1
22382,2234,160,41,17503,17393,15199,17644,35277,3,1,1
22383,15960,21771,40,6612,4799,18746,6933,63440,244,1,1
22384,9478,6292,40,20148,19477,13526,20348,49674,82,1,1
22385,2394,631,40,9407,9247,2063,9559,14697,12,1,1
22386,5771,4308,40,16591,16050,1322,16782,28223,65,1,1
22387,6292,5189,40,16150,15519,1944,16340,29806,76,1,1
22388,7054,5290,40,14027,13426,1252,14227,27863,74,1,1
22389,2555,521,40,17663,17503,15228,17804,36158,11,1,1
22390,15780,22252,40,6752,4909,16761,7064,61917,248,1,1
22391,8396,6342,40,20970,20269,12814,21170,48772,87,1,1
22392,6032,4388,40,19447,18935,1273,19637,31370,62,1,1
22393,6462,5410,40,19467,18835,1874,19667,33453,77,1,1
22394,13856,8226,40,22212,21391,10681,22432,55235,104,1,1
22395,1873,732,40,17703,17523,12203,17853,32712,14,1,1
22396,4498,2906,40,14818,14398,1353,14978,23785,46,1,1
22397,4208,711,40,11873,11682,1643,12023,18625,15,1,1
22398,7535,6282,30,16050,15339,1774,16250,31871,88,1,1
22399,3777,1022,40,11913,11682,1623,12073,18545,21,1,1
22400,4949,431,40,17664,17493,10129,17804,33363,11,1,1
22401,6592,3747,41,20829,20368,10300,21010,41689,53,1,1
22402,4859,2816,40,13786,13385,1373,13956,23044,45,1,1
22403,5821,3096,40,24767,24346,1673,24937,35577,44,1,2
22404,3356,571,40,29786,29595,15840,29936,49754,12,1,2
22405,5390,2244,40,18465,18114,7484,18626,33794,36,1,1
22406,3657,1593,40,12734,12443,2244,12894,20428,29,1,1
22407,5841,4649,40,15189,14658,1593,15379,27502,65,1,1
22408,3417,340,40,11703,11561,2284,11843,17944,8,1,1
22409,6282,2284,40,19588,19256,8326,19758,36690,37,1,1
22410,7394,6312,40,16792,16111,1714,16992,32472,86,1,1
22411,6933,5280,40,21220,20629,4098,21420,37761,72,1,1
22412,2635,311,40,7524,7404,7825,7674,18475,7,1,1
22413,17123,20068,40,16531,14888,26750,16832,80833,221,1,1
22414,16602,14046,40,15860,14648,9368,16121,56187,161,1,1
22415,3216,1463,40,11632,11372,6994,11792,23495,25,1,1
22416,2454,531,40,12705,12543,4548,12845,20438,10,1,1
22417,3356,2144,41,19406,19076,7525,19567,32632,34,1,1
22418,7003,6052,40,16421,15740,2174,16621,31900,85,1,1
22419,7495,5290,40,20278,19677,6904,20468,40217,73,1,1
22420,3307,1012,40,10039,9839,2184,10199,16742,19,1,1
22421,6072,3005,41,9417,9007,1223,9598,19938,47,1,1
22422,7124,5340,40,14327,13716,1473,14527,28514,76,1,1
22423,3306,1032,40,13395,13195,4528,13556,22462,19,1,1
22424,5620,4168,41,19927,19426,2706,20118,32642,59,1,1
22425,7715,6703,40,23064,22342,1973,23264,39695,89,1,1
22426,6192,5300,40,15950,15299,982,16150,28664,79,1,1
22427,4208,932,40,8586,8386,1412,8726,15339,17,1,1
22428,5991,4378,40,18425,17884,1773,18616,30808,66,1,1
22429,3046,791,40,12894,12704,3868,13045,20800,16,1,1
22430,6813,4157,40,19717,19206,4208,19908,35126,62,1,1
22431,7304,5771,40,16271,15610,1763,16451,31349,80,1,1
22432,7224,5350,40,19998,19367,3286,20198,36098,78,1,1
22433,3948,801,40,11081,10871,2084,11231,18094,17,1,1
22434,7174,4558,30,11571,11011,1673,11753,25208,67,1,1
22435,4048,781,41,8546,8355,1643,8697,15219,16,1,1
22436,4018,2936,40,14016,13606,2435,14186,23615,47,1,1
22437,6873,3647,41,19527,19066,4598,19708,34866,52,1,1
22438,4799,2154,40,15439,15089,1502,15600,24105,37,1,1
22439,5661,1703,41,18104,17813,8556,18275,34235,30,1,1
22440,3607,1122,40,10140,9889,1903,10300,16962,23,1,1
22441,6222,4378,40,10560,10039,1362,10751,22753,63,1,1
22442,4379,1733,40,8797,8496,1082,8957,16201,32,1,1
22443,3757,431,40,7945,7805,1463,8095,13786,10,1,1
22444,5571,3757,40,15129,14638,3657,15299,28334,56,1,1
22445,6372,4318,40,19928,19387,1563,20118,32411,66,1,1
22446,7925,8255,40,26279,25428,1022,26501,43743,107,1,1
22447,2235,230,40,9438,9328,2114,9578,14217,5,1,1
22448,5971,3767,40,10651,10169,1222,10831,21841,57,1,1
22449,3687,641,40,6943,6773,1083,7083,12554,13,1,1
22450,6241,4538,40,17794,17243,2224,17984,31038,67,1,1
22451,7574,3507,40,19216,18766,2635,19397,33153,52,1,1
22452,7184,5721,40,18124,17453,1483,18314,32742,82,1,1
22453,6984,4598,40,19196,18645,2054,19397,33073,66,1,1
22454,2795,521,40,8656,8506,1903,8807,14066,11,1,1
22455,5531,1192,40,14318,14026,1172,14478,22413,23,1,2
22456,4218,802,40,5600,5400,1012,5750,11832,17,1,1
22457,1633,251,40,8847,8747,691,8997,11622,5,1,1
22458,16702,18425,40,19808,18254,1713,20088,56978,207,1,1
22459,6151,2254,40,18275,17904,8606,18435,35497,39,1,1
22460,8075,7545,40,21140,20339,1052,21350,38072,102,1,1
22461,6412,3677,40,18715,18234,3256,18896,32281,56,1,1
22462,4669,1833,41,9548,9217,1703,9709,17944,32,1,1
22463,3817,1302,40,8486,8245,1493,8647,15309,24,1,1
22464,3506,621,41,9257,9087,1864,9408,15439,13,1,1
22465,7263,5441,40,15980,15349,2104,16180,31038,78,1,1
22466,6473,2685,40,25438,25027,1513,25608,36319,41,1,2
22467,7034,6121,40,18154,17473,1784,18355,33354,86,1,1
22468,5280,1353,40,17864,17593,3246,18024,27953,27,1,1
22469,3858,330,40,7745,7605,1022,7885,13145,8,1,1
22470,3667,361,40,5340,5220,1232,5480,10780,8,1,1
22471,3237,1332,40,18776,18485,2074,18936,25619,24,1,2
22472,7384,5089,41,17663,17042,2365,17854,32722,75,1,1
22473,4398,471,40,17473,17323,1704,17623,24246,11,1,1
22474,6953,5641,40,20078,19427,1653,20278,34576,80,1,1
22475,2264,391,40,18014,17874,8246,18154,29105,8,1,1
22476,3767,311,40,7153,7023,961,7294,12383,8,1,1
22477,3888,1653,40,16241,15940,2455,16401,24427,30,1,1
22478,6753,5841,40,22453,21792,1783,22653,37070,81,1,1
22479,4198,1001,40,17613,17383,3066,17763,26089,20,1,1
22480,6161,3317,40,19517,19066,5741,19697,34966,51,1,1
22481,4077,1954,40,18475,18165,2135,18645,26841,33,1,1
22482,6653,4869,40,15199,14598,2154,15389,29105,72,1,1
22483,6462,4849,40,19537,18986,2125,19727,33213,68,1,1
22484,2675,451,40,17653,17493,12795,17783,33754,10,1,1
22485,1313,180,40,18435,18325,8266,18575,28384,4,1,1
22486,7614,5901,40,15188,14527,1082,15390,30047,83,1,1
22487,7264,5180,40,15048,14427,2404,15239,30137,75,1,1
22488,6873,5781,40,15159,14488,1563,15349,29616,82,1,1
22489,7525,5941,40,14979,14317,1693,15179,30388,82,1,1
22490,2605,451,40,17603,17453,12815,17743,33664,10,1,1
22491,1863,521,41,17913,17763,9848,18065,30347,11,1,1
22492,7404,7044,40,15579,14828,1011,15780,31289,94,1,1
22493,7044,4759,40,14397,13816,2144,14597,28574,70,1,1
22494,6783,5541,40,19778,19146,2044,19988,34386,78,1,1
22495,2034,110,40,17042,16952,14147,17182,33523,1,1,1
22496,15960,21501,40,6463,4708,13566,6773,57840,237,1,1
22497,4789,3456,40,20218,19767,12243,20399,40927,53,1,1
22498,6021,5370,40,20309,19697,1182,20509,33122,76,1,1
22499,6763,5631,40,20409,19768,2284,20609,35317,79,1,1
22500,3267,441,30,17773,17623,15470,17913,37141,9,1,1
22501,15709,20920,41,23654,21891,12835,23955,73459,232,1,2
22502,6632,6322,30,20208,19497,1092,20409,34485,88,1,1
22503,6332,5019,41,19126,18535,2244,19317,32972,72,1,1
22504,1924,221,40,17813,17703,601,17954,20750,4,1,1
22505,17483,9268,40,3156,2275,25929,3376,56106,113,1,1
22506,9778,6553,40,21100,20389,11983,21300,49664,89,1,1
22507,7023,6042,40,20820,20118,1102,21020,35247,87,1,1
22508,6903,5801,40,20138,19487,1593,20338,34675,81,1,1
22509,2274,321,40,17783,17653,591,17924,21160,7,1,1
22510,17523,11873,40,3848,2786,23414,4088,56928,139,1,1
22511,7474,5039,41,19907,19346,10981,20098,43642,69,1,1
22512,12153,4508,40,20268,19757,18265,20449,55435,62,1,1
22513,3136,1422,40,11712,11451,12273,11873,28734,25,1,1
22514,16671,21631,40,18795,17032,6112,19106,63560,238,1,1
22515,3586,1123,40,10760,10540,10781,10920,26450,21,1,1
22516,16621,21029,30,24316,22553,20759,24627,83067,236,1,1
22517,16662,11071,40,23324,22282,17133,23564,68480,135,1,1
22518,2294,742,40,17663,17473,15410,17813,36299,15,1,1
22519,7063,7835,40,3036,2204,2946,3236,21130,105,1,1
22520,6522,4979,40,14277,13686,1192,14468,27211,71,1,1
22521,7374,3346,40,13025,12584,1854,13205,25829,51,1,1
22522,6833,5360,40,19016,18375,1663,19206,33112,78,1,1
22523,2024,220,40,17743,17633,14758,17874,34936,5,1,1
22524,15921,21470,40,6482,4709,14708,6793,58942,238,1,1
22525,4819,2745,40,19166,18776,12464,19346,39425,44,1,1
22526,3717,1442,41,10179,9898,1322,10330,16861,27,1,1
22527,6222,4248,40,15570,15049,1322,15750,27592,61,1,1
22528,6662,5230,40,16651,16050,2014,16852,30798,74,1,1
22529,3958,811,40,11843,11652,1663,11993,18475,16,1,1
22530,5751,1763,40,18345,18045,18285,18505,44344,31,1,1
22531,16751,18165,40,22894,21301,16361,23184,74501,208,1,2
22532,6923,6332,40,15169,14467,1062,15369,29736,87,1,1
22533,6703,4959,40,19998,19397,2234,20198,34144,74,1,1
22534,4870,1372,40,12063,11803,1613,12223,20108,25,1,1
22535,2514,501,40,29996,29816,631,30148,33834,10,1,2
22536,17473,9388,41,3396,2454,30157,3627,60675,117,1,2
22537,4820,2544,40,18535,18184,13756,18716,39866,39,1,1
22538,5992,5761,40,14968,14317,1092,15168,28053,81,1,1
22539,6993,6122,40,15179,14518,1523,15379,30057,81,1,1
22540,3156,1293,40,13626,13395,4458,13786,22743,22,1,1
22541,7504,4909,40,20539,19958,2355,20729,35547,71,1,1
22542,7875,6552,40,16561,15840,1794,16772,33043,91,1,1
22543,8065,5761,40,20619,19968,3266,20820,37952,81,1,1
22544,3357,881,41,12373,12163,2104,12524,18916,18,1,1
22545,5891,4369,40,14437,13916,2524,14627,27452,63,1,1
22546,2595,621,40,12614,12454,3938,12754,19968,12,1,1
22547,3146,1843,40,19116,18815,6222,19287,30548,32,1,1
22548,7054,6011,40,16471,15820,1823,16672,31610,81,1,1
22549,7344,5631,40,20960,20299,4849,21160,39034,82,1,1
22550,3206,1252,40,12804,12554,2385,12955,19838,23,1,1
22551,6091,4309,40,13576,13055,1603,13756,25799,61,1,1
22552,3577,1112,40,13596,13376,3457,13756,21932,20,1,1
22553,7554,3687,40,19808,19356,4859,19988,36148,53,1,1
22554,7765,6242,40,16050,15359,1593,16250,31880,86,1,1
22555,6222,2404,40,18284,17934,11552,18454,38663,38,1,1
22556,5831,4288,40,12403,11862,1002,12584,23765,64,1,1
22557,6062,4308,40,23034,22463,2044,23224,35678,64,1,2
22558,2384,180,40,7704,7594,1744,7845,12193,4,1,1
22559,3928,1653,40,13065,12774,3417,13235,22283,30,1,1
22560,8326,5050,40,20329,19727,5240,20519,39175,73,1,1
22561,7044,5640,40,16130,15479,1814,16331,30869,81,1,1
22562,7444,4589,40,19797,19236,2745,19987,34816,67,1,1
22563,3337,1372,40,12073,11822,3266,12233,20259,25,1,1
22564,6893,5190,40,11632,11021,1493,11822,25448,76,1,1
22565,2876,551,40,12393,12233,4108,12533,20108,11,1,1
22566,6653,4348,40,19547,19026,3888,19737,34666,64,1,1
22567,6653,4699,40,18696,18135,1262,18886,31550,69,1,1
22568,7414,3818,40,20669,20158,1763,20849,33884,60,1,1
22569,3657,972,40,9969,9749,1914,10129,16712,20,1,1
22570,5961,3507,40,10379,9939,1563,10570,21641,52,1,1
22571,3837,1012,40,8276,8055,1082,8436,14417,21,1,1
22572,3697,521,40,8076,7925,1493,8226,13987,11,1,1
22573,6022,3907,41,15078,14567,4168,15269,29406,62,1,1
22574,6492,3656,40,19196,18725,1924,19377,31510,56,1,1
22575,7434,5710,40,25919,25248,1152,26119,40456,83,1,1
22576,3326,1332,40,10329,10079,1343,10480,16521,23,1,1
22577,5801,3467,40,10260,9789,1242,10440,20990,54,1,1
22578,3617,1403,40,7184,6913,1022,7334,13426,26,1,1
22579,4899,3637,40,17543,17083,2916,17723,29225,55,1,1
22580,7174,4157,40,19326,18815,1483,19517,32371,62,1,1
22581,7134,5841,40,24928,24266,2224,25128,40377,83,1,1
22582,2695,341,40,9117,8987,2244,9257,14587,7,1,1
22583,4328,1363,40,14778,14487,1102,14938,21791,26,1,2
22584,3827,451,40,5420,5260,1122,5560,11010,11,1,1
22585,882,170,40,8687,8576,641,8817,10550,3,1,1
22586,15971,17543,40,21090,19547,1523,21380,56447,204,1,1
22587,6482,3266,40,34315,33864,9678,34486,53972,48,1,2
22588,5791,2485,40,18365,18005,4168,18545,31019,39,1,1
22589,3998,1172,40,9007,8757,1512,9168,15890,23,1,1
22590,3627,862,40,7635,7434,1002,7795,13326,18,1,1
22591,3156,1322,40,16021,15770,2615,16171,23304,24,1,1
22592,6602,2535,40,18205,17834,2785,18365,30337,40,1,1
22593,8286,8206,40,21050,20208,1443,21260,39235,106,1,1
22594,4519,1092,40,17534,17303,3466,17684,26811,21,1,1
22595,3707,190,40,7434,7334,1163,7574,12674,4,1,1
22596,2996,511,40,5611,5461,1643,5761,10961,11,1,1
22597,2986,1182,40,22612,22352,2715,22774,29707,22,1,2
22598,6282,5441,40,36920,36259,3206,37100,52079,76,1,2
22599,2445,341,40,17573,17433,5080,17713,25619,7,1,1
22600,4448,251,40,10199,10079,1001,10340,16070,5,1,1
22601,3096,882,40,9919,9719,2515,10059,16602,17,1,1
22602,8125,4849,41,15038,14457,2134,15229,30387,71,1,1
22603,6682,5831,41,15910,15249,1944,16101,30608,81,1,1
22604,6733,5109,41,15078,14487,1794,15279,28955,73,1,1
22605,2855,161,40,17223,17122,10900,17363,31319,3,1,1
22606,5440,3166,40,19267,18845,7424,19447,35517,47,1,1
22607,5050,3005,40,18214,17803,1924,18395,28424,48,1,1
22608,5932,4628,40,21731,21160,3166,21922,35698,68,1,1
22609,12003,7734,40,23033,22242,11091,23244,54123,99,1,1
22610,2515,952,40,18104,17914,8065,18255,29827,16,1,1
22611,14668,8185,40,17513,16721,9338,17724,49965,101,1,1
22612,6833,5220,41,16471,15900,2485,16662,31260,71,1,1
22613,4358,1633,40,17433,17172,9417,17594,33052,27,1,1
22614,3517,2344,40,18104,17773,8075,18275,32261,36,1,1
22615,2265,280,40,17413,17293,14438,17563,34586,6,1,1
22616,4618,3247,40,18675,18215,8116,18855,34886,49,1,2
22617,2535,982,40,9618,9418,2435,9778,15770,18,1,1
22618,6703,3877,40,10770,10269,1132,10950,22713,59,1,1
22619,6382,4830,40,15219,14648,2555,15409,29216,70,1,1
22620,6883,5400,40,20559,19938,1693,20759,34775,77,1,1
22621,2305,320,40,17704,17583,14828,17854,35347,7,1,1
22622,12493,16031,40,22202,20770,11963,22472,63019,185,1,2
22623,6171,5230,40,19507,18905,1192,19708,32331,74,1,1
22624,6041,4689,40,20178,19617,2655,20368,33804,69,1,1
22625,3036,330,41,17152,17022,15109,17293,35808,7,1,1
22626,8977,9177,40,20289,19347,11802,20509,50525,117,1,2
22627,5941,4338,40,15098,14547,1223,15279,26831,65,1,1
22628,7474,4879,41,14697,14116,1993,14888,29285,72,1,1
22629,6342,5501,40,20288,19657,1904,20488,34275,78,1,1
22630,2074,220,40,17793,17683,602,17944,20870,5,1,1
22631,17483,10951,41,3737,2695,23033,3968,55475,135,1,1
22632,4889,3106,40,19898,19467,14097,20068,42190,48,1,1
22633,4389,2675,40,14517,14147,1422,14688,23214,40,1,1
22634,7083,3236,41,12894,12463,1603,13075,25027,50,1,1
22635,8025,6883,40,15059,14347,1874,15269,32091,90,1,1
22636,6923,4218,40,13516,13005,1503,13706,26380,61,1,1
22637,3006,741,40,18004,17814,15569,18155,37521,16,1,1
22638,15850,22343,40,6533,4749,14908,6843,59994,241,1,1
22639,6572,4338,40,19587,19066,12534,19768,43262,62,1,1
22640,5691,4639,40,19768,19197,1232,19948,31560,67,1,1
22641,6322,4970,40,19166,18595,2154,19356,32852,70,1,1
22642,14227,8016,40,21360,20569,17773,21570,61637,101,1,1
22643,2335,901,41,17613,17403,13135,17764,34175,19,1,1
22644,6693,6251,40,15699,15008,1072,15901,29967,87,1,1
22645,6572,3086,40,13195,12775,2134,13365,25208,48,1,1
22646,6893,6262,40,19577,18916,1694,19777,34666,82,1,1
22647,2505,200,40,17473,17373,16932,17614,37291,4,1,1
22648,8296,5440,40,19327,18684,9087,19507,42380,74,1,2
22649,4568,3506,40,14578,14127,1413,14768,24296,53,1,1
22650,4318,1293,40,12043,11782,1573,12193,19427,25,1,1
22651,6582,5521,40,19487,18826,1994,19677,33824,80,1,1
22652,5831,1193,40,30287,30036,2665,30437,40176,21,1,2
22653,8386,3657,40,19497,19026,4870,19677,36640,55,1,1
22654,3416,1363,40,17503,17243,3838,17643,26310,24,1,1
22655,6904,5280,40,15559,14958,1784,15749,29767,73,1,1
22656,4057,281,40,11332,11221,1733,11482,17593,6,1,1
22657,2916,761,40,30077,29856,18966,30228,52911,15,1,2
22658,2805,771,40,17873,17663,14737,18025,36368,17,1,1
22659,6312,5711,40,15269,14618,1092,15469,28644,81,1,1
22660,5831,4839,40,14868,14297,2535,15059,28304,69,1,1
22661,3046,931,41,12654,12443,4438,12805,21270,18,1,1
22662,6202,3647,40,19928,19447,2394,20108,32401,56,1,1
22663,7054,5661,40,16050,15399,2014,16250,31019,80,1,1
22664,7735,5941,40,20770,20108,3557,20970,38263,83,1,1
22665,4598,2224,40,12894,12544,1803,13054,21731,38,1,1
22666,6242,4889,40,14136,13545,2414,14328,27933,71,1,1
22667,3005,942,40,13225,13014,4578,13386,21941,19,1,1
22668,6031,3447,40,19597,19156,4479,19767,33764,50,1,1
22669,8125,6402,40,16311,15609,2184,16521,33263,88,1,1
22670,6763,5210,40,20038,19427,3637,20228,35868,73,1,1
22671,3246,992,40,10059,9859,2314,10219,16821,18,1,1
22672,5320,2655,40,9348,8957,1232,9518,18775,44,1,1
22673,6332,5009,40,13756,13175,1833,13947,27171,70,1,1
22674,4128,1673,40,13766,13476,4529,13936,24306,30,1,1
22675,3677,1443,40,18906,18656,5761,19066,29987,24,1,1
22676,6793,5741,40,16471,15830,1753,16671,31008,81,1,1
22677,6843,5260,40,20308,19697,3576,20498,36218,75,1,1
22678,3998,1553,40,12474,12213,1843,12634,20078,26,1,1
22679,3116,691,40,8466,8285,1463,8617,13927,15,1,1
22680,6202,4579,40,11722,11171,1543,11912,24296,67,1,1
22681,3798,541,40,7985,7815,1473,8125,13987,12,1,1
22682,5902,3356,40,14718,14257,2695,14898,26901,53,1,1
22683,7224,3517,40,19447,18976,4969,19627,35397,56,1,1
22684,7244,5330,40,17253,16621,1753,17453,31820,78,1,1
22685,7184,5721,40,20279,19637,3396,20479,36830,80,1,1
22686,3186,851,40,9829,9638,2084,9979,16150,16,1,1
22687,4118,380,40,16512,16351,1653,16652,22853,7,1,2
22688,7174,4148,40,9498,8987,1192,9678,22232,60,1,1
22689,3307,1352,40,13446,13185,3998,13606,22303,25,1,1
22690,6242,3988,40,19647,19156,2716,19827,32823,59,1,1
22691,6923,5120,40,25148,24537,1383,25348,38824,75,1,1
22692,2375,451,40,9117,8967,2184,9267,14327,10,1,1
22693,6282,4649,40,13526,12985,1162,13716,25849,66,1,1
22694,4328,1242,41,14747,14497,1743,14899,22262,23,1,1
22695,6322,2765,40,18806,18415,10029,18976,38142,43,1,1
22696,6883,6151,41,18234,17543,1453,18435,32962,85,1,1
22697,5380,2706,40,18765,18395,6001,18945,33073,43,1,1
22698,4017,1323,40,9729,9468,1432,9879,16701,25,1,1
22699,6563,5019,40,11793,11212,992,11983,24617,71,1,1
22700,3777,591,41,6903,6732,1092,7054,12544,13,1,1
22701,6232,4599,40,17854,17283,2925,18054,31850,69,1,1
22702,7244,3807,40,19207,18716,3917,19387,34395,57,1,1
22703,7313,6693,40,19567,18855,1733,19778,35567,90,1,1
22704,6672,3888,40,18946,18465,2024,19136,31760,57,1,1
22705,2494,121,40,12083,11993,6472,12223,21360,1,1,1
22706,6502,2365,40,6392,6051,1763,6552,17242,37,1,1
22707,5430,1543,41,14918,14608,2705,15079,24807,27,1,2
22708,2424,411,40,5320,5170,1192,5461,9528,9,1,1
22709,1132,201,40,8015,7905,3487,8155,13025,4,1,1
22710,5140,2765,40,14637,14227,2876,14808,25629,45,1,1
22711,6482,2274,40,25047,24687,7394,25208,41408,35,1,2
22712,7855,6402,40,19387,18676,1142,19587,35036,88,1,1
22713,6181,2836,40,18535,18124,3387,18705,31139,45,1,1
22714,3938,240,40,8366,8245,1213,8506,13937,5,1,1
22715,4068,591,30,5290,5120,1143,5430,11282,12,1,1
22716,3887,561,40,12063,11903,1002,12223,17723,13,1,1
22717,3567,1423,40,10490,10219,2204,10650,17894,26,1,1
22718,7154,5059,41,16521,15910,1733,16712,30718,75,1,1
22719,16611,12043,40,37832,36720,1052,38072,67818,139,1,2
22720,5210,1323,40,17713,17453,1913,17874,26350,24,1,1
22721,4068,461,40,7634,7484,971,7785,13315,10,1,1
22722,2495,120,40,4899,4809,1423,5040,9108,1,1,1
22723,2886,1433,40,10370,10109,2514,10540,17413,26,1,1
22724,6873,5090,40,22533,21892,2565,22723,37281,72,1,2
22725,6232,5220,40,18325,17703,2124,18515,32131,75,1,1
22726,4669,881,40,17763,17553,1674,17914,25168,17,1,1
22727,2585,631,40,17874,17713,7986,18024,29266,12,1,1
22728,3958,1152,40,7494,7264,972,7644,13776,21,1,1
22729,5711,4038,40,18365,17854,2004,18545,30358,60,1,1
22730,6643,5340,40,20359,19728,2314,20559,34896,77,1,1
22731,12834,8646,40,22954,22092,10750,23164,55445,110,1,1
22732,2054,711,40,17834,17643,8206,17984,28995,15,1,1
22733,4308,1963,40,13115,12814,2154,13286,21761,33,1,1
22734,7084,5230,40,15600,14999,2184,15790,30348,74,1,1
22735,6382,5390,40,14637,14016,1924,14838,28574,77,1,1
22736,6953,4989,41,15118,14537,2024,15309,29335,71,1,1
22737,3026,1092,40,18084,17864,13676,18234,36088,20,1,1
22738,1934,791,40,18154,17964,8096,18305,29156,15,1,1
22739,3417,1373,40,13115,12854,2464,13275,20579,25,1,1
22740,6473,4388,40,15369,14848,2574,15559,29045,63,1,1
22741,9548,8747,40,21531,20659,1423,21751,41509,112,1,1
22742,3627,1122,40,19998,19768,11001,20148,35958,21,1,1
22743,2976,1082,40,17944,17724,9598,18094,31800,20,1,1
22744,1883,201,40,8977,8857,2565,9107,13816,5,1,1
22745,5070,2815,40,15710,15309,1443,15890,25258,45,1,1
22746,6111,5310,40,20028,19416,1693,20229,33383,75,1,1
22747,2425,281,40,17252,17142,14858,17402,35017,6,1,1
22748,14226,18145,40,22713,21161,14407,23003,69832,204,1,2
22749,3026,1543,40,13165,12904,2034,13315,19968,26,1,1
22750,5200,2866,40,15860,15449,1433,16030,25579,46,1,1
22751,8456,8887,40,22272,21370,1152,22493,41048,116,1,1
22752,2865,671,40,17823,17643,15228,17964,36789,14,1,1
22753,16151,21971,40,6662,4849,18354,6974,63490,244,1,1
22754,4628,3136,40,19246,18845,15059,19417,42290,45,1,1
22755,12744,11883,40,16952,15850,1032,17193,42902,145,1,1
22756,7183,4188,40,14107,13585,2245,14297,27963,63,1,1
22757,7404,5069,41,19727,19136,2294,19928,34745,73,1,1
22758,2275,190,40,17554,17453,14968,17704,35187,4,1,1
22759,16060,15920,40,22522,21080,11592,22793,66415,186,1,2
22760,4799,3737,40,18976,18505,1342,19147,29065,54,1,1
22761,6092,4087,40,19066,18545,2254,19247,31720,61,1,1
22762,2655,822,40,18054,17854,15880,18194,37601,16,1,1
22763,12954,14798,41,23694,22322,12533,23966,64291,176,1,2
22764,5350,4649,40,22353,21782,1212,22543,33794,69,1,1
22765,6352,5080,30,20028,19417,2365,20228,34055,75,1,1
22766,13476,6923,40,20098,19397,15800,20298,56527,87,1,1
22767,2876,921,41,17723,17523,14057,17874,35768,18,1,1
22768,5982,4999,40,14538,13957,1182,14728,26941,70,1,1
22769,7184,3596,40,13135,12674,1773,13316,25909,54,1,1
22770,6713,5791,40,19357,18705,1503,19557,33624,81,1,1
22771,2234,111,40,17192,17102,11361,17333,31099,1,1,1
22772,1222,261,40,17874,17754,581,18014,20118,6,1,1
22773,17393,17363,40,5521,4008,15599,5791,56206,201,1,1
22774,4689,2124,40,13145,12834,1433,13315,21601,34,1,1
22775,4489,872,40,11722,11522,1633,11872,18906,17,1,1
22776,6843,5361,40,14978,14367,1764,15178,29186,76,1,1
22777,3476,141,40,11391,11291,3907,11531,19116,2,1,1
22778,6712,2205,40,18795,18475,8385,18956,36308,34,1,1
22779,6803,3667,40,18635,18205,12775,18815,42110,50,1,1
22780,5791,4588,41,14487,13936,1212,14678,26299,66,1,1
22781,6141,5040,40,14478,13877,1392,14668,27281,72,1,1
22782,3918,431,40,11862,11702,1714,12002,18115,10,1,1
22783,4649,2184,40,30709,30348,15629,30869,53391,34,1,2
22784,2355,571,40,17654,17493,9227,17804,30007,12,1,1
22785,3055,1173,40,12744,12504,2094,12904,19266,22,1,1
22786,6823,5731,40,19397,18725,1663,19597,33854,83,1,1
22787,3948,1563,40,13866,13586,3747,14036,23324,29,1,1
22788,6642,4078,40,21541,21010,2966,21721,35457,62,1,1
22789,6652,5020,40,15419,14828,1803,15620,29145,73,1,1
22790,5530,3587,40,19507,19056,14297,19688,43152,53,1,1
22791,5982,4218,40,15409,14888,1213,15599,27052,63,1,1
22792,6072,4518,40,15168,14617,2214,15350,28214,66,1,1
22793,3436,1092,41,12633,12423,4719,12795,22082,20,1,1
22794,3807,1854,40,18805,18505,5620,18966,30287,31,1,1
22795,7124,5721,40,23354,22693,2053,23545,38493,81,1,1
22796,15780,6412,40,11743,11101,12644,11943,46809,79,1,1
22797,3236,1192,40,8927,8686,4468,9077,18024,22,1,1
22798,1002,230,40,7755,7635,621,7895,9778,5,1,1
22799,17343,15339,40,13887,12584,15138,14147,62007,172,1,1
22800,3968,1904,40,9327,9027,2865,9498,18285,33,1,1
22801,14658,16942,40,27653,26179,1513,27933,61086,195,1,1
22802,7374,6392,40,23324,22633,2315,23524,39666,87,1,1
22803,2485,511,40,9648,9488,2214,9798,15058,11,1,1
22804,3797,471,40,8005,7835,1472,8146,13926,11,1,1
22805,5781,4519,40,11492,10951,1753,11682,23785,65,1,1
22806,3747,881,41,8055,7854,1433,8206,14327,17,1,1
22807,6051,4529,40,14958,14408,3717,15139,29476,65,1,1
22808,5951,4058,40,19668,19157,1693,19858,31610,62,1,1
22809,6833,5841,40,16211,15570,2845,16411,31970,80,1,1
22810,6812,5520,40,19768,19137,1833,19958,34164,77,1,1
22811,3527,1132,40,9638,9398,1834,9798,16331,23,1,1
22812,6983,5210,40,11162,10539,1142,11362,24737,75,1,1
22813,4218,1122,40,8196,7955,1503,8346,15239,22,1,1
22814,1894,310,40,12214,12092,4338,12364,18956,7,1,1
22815,6793,2926,40,21501,21100,4849,21671,36299,46,1,1
22816,5811,4218,40,18435,17884,1292,18625,29996,66,1,1
22817,7073,3998,40,18736,18245,1884,18916,31931,59,1,1
22818,3166,1082,40,9648,9428,2003,9808,16100,21,1,1
22819,6342,4098,40,10400,9899,1182,10590,22252,60,1,1
22820,3967,1203,40,8476,8215,1032,8616,14878,24,1,1
22821,8116,7985,40,26050,25218,1132,26270,43543,106,1,1
22822,7304,5831,41,18685,18044,1523,18886,33594,81,1,1
22823,8947,5711,40,19517,18866,1603,19707,36028,79,1,1
22824,4599,2154,40,9869,9528,1393,10029,18225,36,1,1
22825,6442,3176,40,9938,9508,1242,10120,21030,50,1,1
22826,3427,1342,40,21080,20790,2716,21230,28765,24,1,2
22827,8526,2865,40,32712,32282,9739,32882,54073,44,1,2
22828,5179,2956,40,18515,18115,5249,18685,32120,45,1,1
22829,3917,1162,40,9027,8787,1482,9178,15779,22,1,1
22830,3957,1804,40,7955,7644,962,8115,14898,33,1,1
22831,3907,932,40,7034,6833,1042,7184,13125,18,1,1
22832,4068,1162,40,5751,5501,1012,5901,12193,24,1,1
22833,2224,1292,41,15178,14928,3647,15339,22562,25,1,1
22834,7554,3426,40,18745,18304,3056,18925,33022,51,1,1
22835,7344,6492,40,19156,18455,1413,19367,34666,88,1,1
22836,6873,3216,40,18605,18194,1443,18786,30358,48,1,1
22837,2936,110,40,11682,11602,1233,11822,16151,1,1,1
22838,4178,531,40,5380,5220,1002,5531,11302,12,1,1
22839,2805,511,41,7373,7213,1132,7525,12013,11,1,1
22840,5100,2725,41,16701,16291,2255,16872,26982,45,1,1
22841,14257,9769,40,37020,36078,1103,37250,62409,117,1,2
22842,4248,762,40,17593,17403,2064,17753,24877,16,1,1
22843,3747,401,40,7163,7013,1062,7314,12564,10,1,1
22844,8596,7795,40,14788,13976,1052,15019,32502,104,1,1
22845,7073,5009,40,16170,15569,2464,16371,30968,75,1,1
22846,7103,5952,40,23795,23134,2004,23995,39104,82,1,1
22847,6322,1533,40,17753,17483,2736,17914,28565,28,1,1
22848,4429,1833,40,18636,18355,4719,18796,29827,30,1,1
22849,3166,121,40,10159,10069,1192,10289,14818,1,1,1
22850,6152,4588,40,17563,16992,2415,17754,30959,68,1,1
22851,6372,5000,40,19978,19357,2936,20168,34516,75,1,1
22852,2204,110,40,17093,17002,14618,17223,34215,1,1,1
22853,3867,2114,30,18225,17873,8145,18375,32541,32,1,2
22854,4117,2145,40,17473,17132,2234,17653,26189,36,1,1
22855,6513,5550,40,20590,19947,2835,20780,35728,78,1,1
22856,3306,671,40,17714,17554,13325,17864,35216,13,1,1
22857,1864,581,40,17583,17403,8116,17733,28334,13,1,1
22858,3467,1332,40,17493,17243,2394,17654,24897,25,1,1
22859,6793,5060,40,15710,15109,1713,15910,29506,73,1,1
22860,8025,6562,40,14587,13896,1593,14788,31018,86,1,1
22861,2044,171,40,17373,17283,10149,17513,29937,3,1,1
22862,5250,2154,40,18525,18185,10150,18695,36289,36,1,1
22863,7033,6432,40,19667,18966,1092,19868,34485,87,1,1
22864,6172,4158,40,19207,18666,1763,19387,31540,64,1,1
22865,2275,220,40,17734,17614,14888,17874,35307,5,1,1
22866,4178,3136,40,18626,18155,10009,18796,36159,49,1,2
22867,6241,5351,40,16361,15720,1262,16551,29465,78,1,1
22868,7864,5601,40,15239,14608,1704,15429,30648,77,1,1
22869,7544,6783,40,21891,21150,1713,22092,38182,92,1,1
22870,2885,982,40,18124,17914,15930,18275,38132,19,1,1
22871,16882,21691,40,6472,4709,15500,6793,60916,237,1,1
22872,8897,7404,40,22052,21290,12754,22252,51357,95,1,1
22873,6462,5971,40,19958,19276,1223,20158,33864,84,1,1
22874,7154,5420,40,19307,18685,2264,19507,34385,77,1,1
22875,1894,150,40,17423,17333,14608,17553,34255,2,1,1
22876,14678,17503,40,22853,21310,12293,23144,67668,203,1,2
22877,2054,301,40,8957,8837,2234,9107,13726,7,1,1
22878,5199,3247,40,17493,17052,1403,17673,27562,51,1,1
22879,7434,5791,40,19397,18756,1503,19597,34385,80,1,1
22880,3867,962,40,18144,17924,14899,18284,38072,19,1,1
22881,4839,2004,40,18285,17964,12594,18445,37912,32,1,1
22882,6452,5421,40,15309,14708,1152,15519,28574,74,1,1
22883,6843,3447,40,13185,12734,1633,13355,25328,52,1,1
22884,6452,4879,41,25788,25197,1683,25990,39044,72,1,1
22885,3166,291,40,17383,17263,15029,17523,36059,6,1,1
22886,16341,20489,40,23274,21541,12333,23585,72788,228,1,2
22887,16992,7374,40,19326,18585,17343,19537,61286,93,1,1
22888,3647,1673,40,15980,15689,15249,16141,36760,29,1,1
22889,4619,1292,40,9277,9027,10811,9438,26210,24,1,1
22890,16070,21781,40,23114,21290,17162,23435,78498,245,1,1
22891,16832,7123,40,20889,20178,15620,21100,60705,90,1,1
22892,2204,822,40,17964,17784,15510,18124,36700,16,1,1
22893,3136,1392,40,13135,12844,2134,13285,20008,25,1,2
22894,4388,1253,40,12023,11782,1603,12183,19457,24,1,1
22895,6783,5560,40,15309,14667,1553,15500,29436,78,1,1
22896,3416,992,40,29336,29096,16712,29486,50666,19,1,2
22897,2514,702,40,17844,17673,13355,18004,34615,14,1,1
22898,6393,5199,40,15158,14557,1162,15349,28154,73,1,1
22899,6202,4358,40,13927,13406,2524,14107,27231,61,1,1
22900,4147,752,40,11802,11632,1673,11953,18575,15,1,1
22901,5450,1122,40,17854,17623,17253,18014,41869,22,1,1
22902,3417,2214,40,14317,13977,2504,14488,22673,36,1,1
22903,7625,4158,40,20449,19938,5300,20629,37772,61,1,1
22904,4278,2094,40,13165,12824,1793,13315,21530,35,1,1
22905,5220,3687,40,14348,13876,2685,14528,26170,55,1,1
22906,2985,931,40,13005,12784,4479,13155,21601,19,1,1
22907,3838,2094,40,19397,19066,3506,19557,29045,35,1,1
22908,6713,5671,30,16171,15540,2004,16361,30809,78,1,1
22909,7975,5159,40,20298,19697,2665,20488,36338,73,1,1
22910,4278,1974,40,12814,12494,2014,12984,21300,35,1,1
22911,6312,4909,40,14147,13556,2395,14337,27993,71,1,1
22912,2806,731,40,12454,12274,4208,12594,20389,15,1,1
22913,5841,4228,40,20579,20068,2585,20759,33463,61,1,1
22914,6763,5861,40,16692,16031,1643,16892,31199,81,1,1
22915,6983,6142,40,20499,19817,4598,20699,38462,83,1,1
22916,3366,1212,40,12434,12183,2465,12594,19677,23,1,1
22917,5841,4008,40,12103,11592,1603,12293,23795,61,1,1
22918,13225,14818,40,33784,32482,1052,34045,63200,169,1,2
22919,7835,6813,40,16922,16181,2204,17122,34024,93,1,1
22920,7254,5220,40,19978,19357,2364,20178,35056,76,1,1
22921,3006,501,40,12744,12584,2013,12885,18455,11,1,1
22922,4528,571,40,8225,8045,1443,8376,14958,13,1,1
22923,7625,6131,41,12573,11882,1342,12784,27923,87,1,1
22924,4378,542,30,8406,8235,1473,8546,14979,12,1,1
22925,9458,6322,41,15890,15178,3937,16091,35848,88,1,1
22926,6292,4098,40,19387,18886,1994,19567,32011,60,1,1
22927,7143,6753,40,16441,15710,2304,16641,32892,91,1,1
22928,7755,6742,40,20368,19627,1904,20579,37030,93,1,1
22929,1733,171,40,9428,9328,571,9568,12093,3,1,1
22930,11071,8867,40,12905,12012,1252,13115,34355,108,1,2
22931,3817,301,40,7845,7715,1503,7985,13666,7,1,1
22932,3096,1072,40,13836,13606,3667,13986,21861,21,1,1
22933,6552,3417,40,19557,19106,3817,19737,33573,53,1,1
22934,7023,5521,40,25428,24787,1383,25618,39605,78,1,1
22935,2565,460,40,9157,9017,2575,9307,14958,10,1,1
22936,7324,4940,40,11402,10821,1102,11592,25008,71,1,1
22937,3447,1332,41,14467,14217,2695,14628,22142,25,1,1
22938,16943,10209,40,21301,20349,2785,21521,51508,121,1,1
22939,7444,6141,40,17994,17312,1122,18195,32962,86,1,1
22940,7223,4157,40,18865,18354,5811,19046,36279,60,1,1
22941,3908,2895,41,9868,9598,1734,10029,18596,26,1,1
22942,5851,3807,41,10950,10480,1203,11141,22042,56,1,1
22943,2175,290,40,8757,8637,591,8897,12013,6,1,1
22944,14217,14378,40,32301,30939,1303,32561,62499,174,1,2
22945,6452,5330,40,19006,18375,2525,19196,33563,77,1,1
22946,7374,3998,40,18836,18365,1753,19016,32191,54,1,1
22947,3647,822,40,8846,8636,1653,8997,15159,17,1,1
22948,3687,641,40,7785,7615,962,7935,13285,14,1,1
22949,3627,541,40,6964,6782,1082,7114,12394,13,1,1
22950,3768,881,41,5630,5430,1082,5791,11562,18,1,1
22951,6842,5610,40,18115,17483,2435,18315,33253,79,1,1
22952,6632,3036,40,18766,18345,2765,18946,31409,47,1,1
22953,8086,7634,40,21681,20889,1162,21892,38834,101,1,1
22954,7073,3186,40,18505,18074,1593,18676,30568,48,1,1
22955,3737,290,41,7394,7273,972,7545,12574,6,1,1
22956,3587,290,40,5180,5059,1012,5330,10259,7,1,1
22957,3056,661,40,7494,7304,1123,7644,12524,15,1,1
22958,6863,6222,40,19407,18695,1122,19617,33884,89,1,1
22959,5891,1924,40,17974,17654,4609,18134,30598,33,1,1
22960,8275,7555,40,20058,19256,1924,20268,38072,102,1,1
22961,3497,391,40,24877,24707,4068,25027,33023,8,1,2
22962,2625,621,40,9458,9308,2495,9608,15389,12,1,1
22963,7024,5310,40,15529,14908,2224,15730,30328,77,1,1
22964,6492,5120,30,26380,25769,3006,26570,41218,73,1,1
22965,4849,822,40,17423,17222,2445,17573,25749,17,1,1
22966,5610,2906,40,19647,19247,7114,19817,35477,45,1,1
22967,3407,120,40,7524,7444,1212,7665,12434,1,1,1
22968,6252,4849,40,13726,13155,1673,13916,26750,70,1,1
22969,6693,5680,40,17312,16661,2234,17513,32161,80,1,1
22970,6823,5781,40,23114,22463,1383,23314,37341,81,1,1
22971,2535,210,40,17463,17343,13525,17603,33914,5,1,1
22972,2054,431,40,17814,17683,8105,17964,28604,8,1,1
22973,4078,2094,40,13415,13075,2073,13576,21871,36,1,1
22974,6382,4589,40,15429,14858,2093,15619,28714,69,1,1
22975,6602,5140,40,19638,19026,1743,19838,33363,76,1,1
22976,2906,651,40,17754,17574,12313,17904,33814,13,1,1
22977,2024,902,40,18004,17804,9418,18154,30538,17,1,1
22978,6843,6833,41,19997,19286,1001,20199,34916,89,1,1
22979,2164,1212,40,13135,12904,1953,13295,18655,22,1,1
22980,2594,1593,40,13515,13245,2835,13675,20749,27,1,1
22981,14036,8797,40,21401,20549,9187,21611,53671,108,1,1
22982,1583,611,40,17914,17754,8937,18064,29245,12,1,1
22983,10470,4579,40,10941,10410,17674,11121,43904,63,1,1
22984,3266,2384,41,16811,16471,14838,16983,37501,37,1,1
22985,941,170,40,7013,6913,712,7153,9027,3,1,1
22986,17413,14858,41,14397,13114,31860,14668,78829,169,1,1
22987,4468,3186,40,14086,13656,6673,14257,28634,48,1,1
22988,12033,6783,40,21691,20990,15249,21891,56006,87,1,1
22989,1853,451,40,17593,17453,14337,17744,34425,10,1,1
22990,3757,3377,40,1633,1192,571,1813,9558,52,1,1
22991,9938,9648,40,20930,19968,1593,21170,42400,125,1,1
22992,6642,5621,40,20389,19758,1583,20589,34485,79,1,1
22993,2845,521,40,18084,17934,15830,18235,37491,11,1,1
22994,20148,22402,40,6803,4949,14277,7124,63991,249,1,1
22995,4629,2886,40,19697,19276,12935,19867,40367,47,1,1
22996,6642,5039,40,16111,15520,1212,16301,29245,72,1,1
22997,7123,3216,30,13055,12623,1824,13225,25448,50,1,1
22998,6172,5350,40,20359,19758,2345,20559,34476,74,1,1
22999,13236,7043,40,20519,19818,15570,20719,56618,88,1,1
23000,2304,902,40,17814,17613,15820,17954,37030,16,1,1
23001,2384,1713,40,1042,761,561,1202,5921,29,1,1
23002,8506,6502,40,14758,14076,1302,14969,31309,86,1,1
23003,6963,4920,40,14057,13476,1903,14247,28073,70,1,1
23004,6763,5861,40,19908,19257,1543,20108,34325,81,1,1
23005,2064,271,40,17503,17373,14247,17633,34275,6,1,1
23006,13887,17643,40,22713,21179,12804,22994,67388,200,1,2
23007,2705,862,40,20759,20559,2394,20910,26911,16,1,1
23008,7414,3687,40,13145,12674,1613,13325,26089,54,1,1
23009,6683,5450,40,19557,18926,1522,19747,33453,77,1,1
23010,2926,691,40,17874,17694,14718,18024,36389,14,1,1
23011,15900,20429,41,6261,4538,14026,6562,56958,230,1,1
23012,4799,2285,40,18946,18605,12704,19116,38964,38,1,1
23013,5451,4568,41,19066,18515,1222,19257,30548,67,1,1
23014,6201,5240,40,15729,15118,1122,15931,28524,75,1,1
23015,3737,1342,40,12143,11883,1593,12293,19006,25,1,1
23016,4698,1403,40,19086,18836,8886,19247,34264,25,1,1
23017,5190,2294,40,19227,18896,14407,19387,41328,34,1,1
23018,4038,1733,40,13245,12975,1543,13415,20759,28,1,1
23019,4448,1042,40,11833,11612,1613,11993,19136,21,1,1
23020,6953,5972,40,15499,14818,2003,15700,30678,84,1,1
23021,2955,652,40,13004,12824,12734,13145,29536,13,1,1
23022,15920,21771,40,25439,23634,21501,25749,85001,241,1,1
23023,2656,701,40,17674,17503,12073,17824,33304,14,1,1
23024,6613,5671,40,15389,14748,1132,15579,29045,78,1,1
23025,5961,4649,40,18455,17894,2725,18645,32030,67,1,1
23026,4028,581,40,11602,11422,1674,11752,18065,13,1,1
23027,6001,3176,40,19547,19126,6632,19728,35567,48,1,1
23028,7334,6202,40,23304,22613,1824,23514,38904,86,1,1
23029,2635,541,40,11923,11772,3617,12073,18906,11,1,1
23030,6532,4990,40,14277,13686,2094,14467,28133,72,1,1
23031,4208,1613,40,13486,13215,4228,13646,23745,28,1,1
23032,6322,4569,40,20629,20058,2715,20820,34476,69,1,1
23033,7554,6502,41,16310,15579,1853,16512,32471,90,1,1
23034,6913,4939,40,20389,19808,4639,20589,37130,71,1,1
23035,3287,1252,40,10400,10169,2224,10560,17373,23,1,1
23036,5480,2455,40,9889,9518,1262,10059,19306,41,1,1
23037,6092,5079,40,14437,13866,1713,14638,27562,71,1,1
23038,2966,1001,40,13726,13505,4458,13877,22342,19,1,1
23039,5270,1613,40,18576,18295,12393,18746,38062,29,1,1
23040,2926,1983,41,14537,14247,2735,14708,22402,32,1,1
23041,4870,1923,41,19226,18925,14237,19387,40477,33,1,1
23042,7414,7565,40,14928,14157,971,15138,31139,98,1,1
23043,6482,5881,40,15169,14597,1463,15359,29235,71,1,1
23044,3166,1132,40,13155,12935,4108,13305,21761,20,1,1
23045,6602,4048,40,20228,19718,1923,20409,33032,61,1,1
23046,7344,6011,40,24707,24026,2144,24907,40446,85,1,1
23047,2625,551,40,9939,9778,2104,10089,15409,11,1,1
23048,4328,721,40,8266,8076,1443,8416,14958,15,1,1
23049,5861,4619,40,11943,11391,1904,12143,24577,67,1,1
23050,4188,391,40,7895,7755,1483,8035,14147,8,1,1
23051,7384,5540,40,15459,14808,2234,15660,30858,81,1,1
23052,7183,3798,40,31540,31049,4849,31720,47600,55,1,2
23053,4919,2345,40,19176,18816,8606,19347,35267,40,1,1
23054,3817,1173,40,9838,9598,1833,9998,16862,23,1,1
23055,6813,4008,40,10580,10089,1293,10760,22914,58,1,1
23056,3757,662,40,8035,7855,1463,8185,14107,14,1,1
23057,5290,2515,40,14338,13977,3306,14508,25669,41,1,1
23058,6713,4088,40,19677,19147,4027,19858,34736,63,1,1
23059,7094,5731,40,25609,24957,1282,25799,39966,80,1,1
23060,1744,120,40,7244,7154,1723,7384,11011,1,1,1
23061,5140,2695,40,8005,7615,1042,8175,17092,43,1,1
23062,5661,4418,40,16471,15930,1272,16662,28053,64,1,1
23063,3807,802,40,7013,6813,1082,7163,12894,17,1,1
23064,4769,2494,41,15128,14758,2174,15299,24776,41,1,1
23065,6272,2955,40,18636,18215,13806,18806,41889,47,1,1
23066,3607,2655,40,16111,15730,2334,16281,24917,42,1,1
23067,6272,2665,40,18555,18165,7564,18725,35267,42,1,1
23068,4568,1283,40,9769,9538,1162,9929,16972,22,1,1
23069,6331,3777,40,10740,10259,972,10930,22041,56,1,1
23070,3166,932,40,9047,8857,2354,9208,15700,17,1,1
23071,8446,6592,40,17022,16291,1884,17223,34195,90,1,1
23072,6883,3697,40,18826,18365,3787,19006,33423,55,1,1
23073,8215,6463,40,19757,19046,1333,19967,36008,89,1,1
23074,5420,1964,40,18115,17794,3506,18285,29215,34,1,1
23075,3587,561,40,8957,8797,1894,9097,15189,10,1,1
23076,4208,1132,30,8346,8106,1473,8496,15349,22,1,1
23077,3847,941,41,12173,11922,1142,12314,18305,18,1,2
23078,5991,4359,40,18194,17643,2975,18384,31760,66,1,1
23079,7935,2865,40,18405,18014,2204,18576,31630,43,1,1
23080,8125,7394,40,21170,20379,1102,21391,38042,100,1,1
23081,2515,401,40,17353,17213,2795,17493,23244,9,1,1
23082,14397,7164,40,14878,14167,1011,15098,37711,90,1,1
23083,3827,772,40,5581,5380,1042,5731,11422,16,1,1
23084,1874,200,40,7314,7204,2154,7464,11732,5,1,1
23085,7685,5631,40,18525,17884,1643,18725,33744,80,1,1
23086,6923,3677,40,27462,26982,2945,27652,41238,53,1,2
23087,7905,6593,40,20549,19808,4579,20749,39876,93,1,1
23088,2845,551,40,17493,17333,5510,17643,26590,12,1,1
23089,4108,651,40,7504,7314,972,7644,13426,14,1,1
23090,2675,711,41,10560,10369,2845,10711,16992,15,1,1
23091,7624,5090,40,15550,14949,2214,15740,30708,74,1,1
23092,6412,4979,30,19977,19356,2444,20169,34044,74,1,1
23093,3908,370,40,17343,17202,2215,17493,24016,9,1,1
23094,5330,3116,40,18866,18445,4949,19036,32471,46,1,1
23095,2565,671,41,15389,15208,2755,15540,21571,13,1,1
23096,7093,5210,40,15800,15179,2235,15990,30578,76,1,1
23097,7074,5741,40,15660,14978,2164,15850,30879,83,1,1
23098,6623,4939,40,15609,15028,1804,15800,29206,70,1,1
23099,2354,471,40,18175,18024,13846,18325,35036,10,1,1
23100,2324,621,40,17823,17633,8066,17964,29025,14,1,1
23101,4038,1703,40,15109,14808,2344,15269,23404,30,1,1
23102,6983,5501,40,14608,13986,1232,14798,28574,77,1,1
23103,5981,4508,40,19517,18956,2364,19707,32601,67,1,1
23104,3015,1022,41,17823,17603,13546,17964,35587,18,1,1
23105,6502,3907,40,19747,19266,12384,19928,42761,55,1,1
23106,7263,6563,40,20509,19778,1102,20719,35697,91,1,1
23107,6091,4689,40,20129,19548,2374,20319,33513,69,1,1
23108,2484,311,40,17423,17293,11733,17563,32131,6,1,1
23109,5521,2775,40,18806,18425,8195,18986,35527,43,1,1
23110,3287,992,40,12564,12343,2294,12714,19337,19,1,1
23111,6532,4138,40,14688,14167,2214,14878,27812,63,1,1
23112,7194,5801,40,14568,13907,1834,14778,29637,81,1,1
23113,8015,6282,40,15038,14347,1502,15239,31078,86,1,1
23114,1943,151,40,17373,17273,14337,17513,33974,2,1,1
23115,16792,22342,40,6703,4879,17052,7024,63260,245,1,1
23116,4870,2615,40,18785,18425,14317,18966,40818,41,1,1
23117,5911,4739,40,15449,14878,1292,15640,27632,69,1,1
23118,7664,5170,40,14528,13917,2344,14718,29956,74,1,1
23119,6702,5120,40,20359,19758,1623,20559,34034,73,1,1
23120,2736,210,40,17293,17173,14988,17433,35417,5,1,1
23121,11673,13325,40,21591,20349,14127,21841,61016,158,1,2
23122,6642,5400,40,19637,19006,1172,19828,33092,77,1,1
23123,6382,5150,40,20288,19677,2185,20488,34245,75,1,1
23124,2174,301,40,18625,18495,15229,18755,36509,6,1,1
23125,15960,22984,40,6743,4910,17624,7063,63671,248,1,1
23126,4468,2505,40,18756,18385,15008,18926,40937,39,1,1
23127,2084,320,40,9659,9529,581,9799,12834,6,1,1
23128,15880,16130,40,19537,18134,1102,19818,52960,186,1,1
23129,2023,1072,40,17573,17353,601,17724,21470,20,1,1
23130,13506,16662,40,22463,20979,8696,22743,61637,191,1,2
23131,1934,711,40,17894,17714,12594,18044,33313,14,1,1
23132,6011,5180,40,15049,14458,1052,15239,27542,72,1,1
23133,7124,4589,40,13726,13185,1503,13916,27182,66,1,1
23134,2504,1784,40,16922,16622,2234,17082,23634,29,1,1
23135,3267,1733,40,12323,12023,1282,12484,18816,30,1,1
23136,2695,110,41,17212,17132,14788,17353,34996,1,1,1
23137,15900,21771,41,6602,4789,17133,6913,61757,243,1,1
23138,4809,2925,40,18625,18214,14117,18796,40707,46,1,1
23139,4358,2174,40,13215,12874,1513,13386,21481,36,1,1
23140,4539,1132,40,12023,11782,1563,12183,19467,23,1,1
23141,3006,1663,40,21781,21501,601,21941,27262,28,1,1
23142,9498,7404,40,14037,13255,1072,14247,32281,99,1,1
23143,5531,1252,41,18184,17954,9378,18335,34546,22,1,1
23144,2745,902,40,17974,17774,14487,18125,36309,17,1,1
23145,5661,4218,40,17854,17333,1313,18044,29276,62,1,1
23146,4769,1684,40,23925,23624,1613,24085,32211,27,1,2
23147,1733,140,40,11482,11392,672,11622,14217,2,1,1
23148,18245,10420,40,23144,22171,25168,23374,77247,121,1,2
23149,6372,3287,40,19116,18625,8747,19286,37742,49,1,1
23150,2374,932,40,12584,12394,2585,12734,18685,17,1,1
23151,6703,5520,40,15549,14928,1513,15750,29526,76,1,1
23152,4900,861,40,12945,12754,1673,13095,20579,16,1,1
23153,6512,1623,40,18044,17774,15519,18195,41889,26,1,1
23154,3657,2795,41,14697,14317,2695,14868,24076,43,1,1
23155,6022,3366,40,18916,18455,15179,19086,43693,52,1,1
23156,4819,3226,40,14437,14026,1413,14618,24126,48,1,1
23157,5961,4649,40,13967,13416,2375,14167,27182,67,1,1
23158,3798,1282,40,13666,13416,4349,13826,23285,23,1,1
23159,8035,4408,41,20398,19857,5270,20589,38342,66,1,1
23160,7144,5891,30,15630,14959,1763,15820,30668,82,1,1
23161,6964,5019,40,20439,19817,4779,20629,37451,75,1,1
23162,2895,942,40,9628,9428,2355,9788,16020,18,1,1
23163,5871,2454,40,9207,8847,1393,9367,19136,39,1,1
23164,5771,4529,40,13486,12935,1874,13676,25890,65,1,1
23165,2795,932,40,12795,12593,4138,12935,20850,17,1,1
23166,12824,9308,40,21982,21080,3126,22212,47500,116,1,1
23167,7645,7113,40,23324,22563,1423,23525,39756,95,1,1
23168,7354,6372,40,14968,14277,1052,15179,29997,87,1,1
23169,5971,4298,40,14076,13535,1924,14267,26490,64,1,1
23170,3537,861,40,12965,12774,4328,13115,21881,17,1,1
23171,6182,3627,40,19577,19106,4459,19747,34075,54,1,1
23172,7834,7044,40,23224,22463,1653,23424,40015,95,1,1
23173,13125,3216,40,14447,14047,15509,14638,46518,46,1,1
23174,3386,1223,40,8286,8025,9858,8436,22943,25,1,1
23175,7364,2765,40,9017,8647,1814,9187,21180,42,1,1
23176,3667,1122,40,8155,7895,8286,8305,21421,24,1,1
23177,3276,1693,40,9578,9277,6262,9749,21010,30,1,1
23178,731,110,40,7584,7484,591,7705,9197,1,1,1
23179,12123,13957,40,26671,25358,3356,26931,56407,167,1,2
23180,6653,5661,40,16701,16060,1753,16892,31009,79,1,1
23181,3426,1914,40,18826,18515,2675,18986,27061,34,1,1
23182,5791,4329,40,11772,11231,1012,11952,23134,63,1,1
23183,1623,651,40,8947,8777,2245,9087,13656,13,1,1
23184,4298,1543,40,8366,8075,1112,8526,15519,28,1,1
23185,3446,291,40,7855,7725,1503,7995,13285,6,1,1
23186,6423,4248,40,15469,14958,3467,15659,29847,62,1,1
23187,7043,3427,40,19447,18996,1673,19617,31800,51,1,1
23188,7404,6623,40,18706,17974,1583,18906,34566,90,1,1
23189,7354,5270,40,19858,19227,2214,20048,34946,77,1,1
23190,3426,802,40,13345,13145,1823,13496,19597,17,1,1
23191,3747,411,40,6733,6583,1012,6873,12093,9,1,1
23192,6101,4158,40,10430,9928,1092,10620,22011,60,1,1
23193,3667,501,40,7044,6883,1022,7184,12424,11,1,1
23194,5631,4458,41,17182,16621,2525,17363,30027,66,1,1
23195,7194,4378,40,19337,18796,1994,19517,33143,64,1,1
23196,7374,6332,40,25027,24316,1523,25228,40517,89,1,1
23197,2875,371,40,8586,8436,1824,8716,13836,8,1,1
23198,4158,1603,40,14377,14077,1153,14527,21491,26,1,2
23199,3677,1353,40,6072,5811,1002,6232,12304,26,1,1
23200,8697,8396,40,19417,18545,1062,19637,37832,111,1,1
23201,6322,3586,40,31960,31470,8827,32141,50926,52,1,2
23202,6613,5210,40,16852,16231,1222,17042,30137,76,1,1
23203,3417,1392,40,17954,17693,4348,18115,27322,26,1,1
23204,7023,1453,40,9218,8937,1653,9378,19547,27,1,1
23205,3456,400,40,7565,7434,942,7715,12554,9,1,1
23206,2845,200,41,6392,6292,1382,6533,11010,4,1,1
23207,6653,5570,40,22723,22051,1633,22914,36820,78,1,2
23208,7023,3126,40,29346,28915,2445,29526,42160,47,1,2
23209,7545,6181,40,19306,18605,2235,19507,35518,87,1,1
23210,5680,1724,40,18024,17713,1553,18184,27201,31,1,1
23211,3777,271,40,7354,7224,1102,7494,12684,6,1,1
23212,3596,461,41,5420,5260,1262,5561,10930,11,1,1
23213,3958,1422,40,20629,20338,1793,20790,28013,27,1,2
23214,7083,6122,40,17413,16712,2425,17603,33283,87,1,1
23215,5761,1943,40,17924,17593,1763,18094,27602,34,1,1
23216,7013,6522,40,19888,19177,1142,20098,34806,88,1,1
23217,2385,340,40,17764,17623,8717,17904,29396,8,1,1
23218,4138,1022,40,7724,7494,971,7874,14046,21,1,1
23219,3647,1442,41,10580,10319,2194,10741,18074,26,1,1
23220,11763,12513,40,19186,18024,1042,19447,44805,154,1,1
23221,6913,5771,40,20689,20028,1884,20900,35508,83,1,1
23222,1924,170,41,17202,17102,8015,17343,27492,3,1,1
23223,5941,3577,40,19547,19076,5811,19727,35106,54,1,1
23224,3336,1062,40,13105,12884,2524,13265,20238,20,1,1
23225,6983,5050,40,15740,15139,1974,15940,29997,74,1,1
23226,6983,5741,40,25428,24767,1884,25629,40277,82,1,1
23227,2765,221,40,17763,17643,13575,17903,34515,5,1,1
23228,6763,4438,40,19547,18986,6572,19737,37551,68,1,1
23229,3987,1714,40,18054,17753,3557,18214,27522,31,1,1
23230,6352,5411,40,21400,20769,2314,21590,35718,77,1,1
23231,3036,721,40,17804,17613,14197,17954,35948,14,1,1
23232,1924,491,40,17613,17463,11031,17763,31259,11,1,1
23233,7744,8516,40,21611,20759,1102,21851,39244,110,1,1
23234,6192,4759,40,19307,18756,2134,19507,32622,67,1,1
23235,2405,160,40,17603,17503,13095,17743,33443,3,1,1
23236,6322,3256,40,19237,18816,9408,19407,38453,48,1,1
23237,4027,1363,40,10690,10440,2304,10841,18585,24,1,1
23238,7173,4900,40,15990,15399,1263,16180,29566,71,1,1
23239,6202,4579,40,19657,19096,1694,19847,32372,68,1,1
23240,2595,401,40,17644,17483,14958,17784,35788,10,1,1
23241,11461,13295,40,21941,20700,11852,22193,58841,158,1,2
23242,3757,1513,40,10069,9798,1813,10229,17362,28,1,1
23243,6923,5270,40,16191,15580,1824,16391,30448,76,1,1
23244,6422,3927,40,23103,22603,1452,23305,35136,61,1,1
23245,3096,501,40,17734,17574,15219,17864,36730,10,1,1
23246,15800,22834,40,6733,4890,16932,7053,62659,248,1,1
23247,7113,5170,40,20289,19708,14738,20479,47550,70,1,1
23248,6652,6192,40,20880,20179,1082,21080,35056,88,1,1
23249,6903,5881,40,19958,19276,1753,20159,34726,83,1,1
23250,1994,200,40,17252,17142,12654,17403,32301,5,1,1
23251,2135,731,40,17634,17443,12684,17784,33364,14,1,1
23252,5551,4779,40,18886,18335,1222,19076,30678,67,1,1
23253,6412,5490,40,20408,19777,4088,20609,36649,78,1,1
23254,2013,181,40,17583,17473,13566,17713,33523,3,1,1
23255,2565,761,40,17713,17523,10400,17863,31650,16,1,1
23256,1863,401,40,12464,12334,2415,12614,17333,8,1,1
23257,7284,5280,40,11291,10680,1172,11482,25268,75,1,1
23258,6462,4038,40,13325,12825,2074,13506,26130,58,1,1
23259,6693,5600,40,19998,19356,1823,20198,34355,79,1,1
23260,3537,371,40,17493,17353,15880,17633,37461,8,1,1
23261,2385,671,40,17794,17614,10891,17934,31931,14,1,1
23262,4098,2194,40,13777,13435,1422,13947,21701,36,1,1
23263,4468,1011,40,11962,11732,1603,12113,19256,21,1,1
23264,7625,6091,40,16091,15389,1854,16291,31921,86,1,1
23265,3787,742,40,11883,11702,1663,12033,18285,16,1,1
23266,5630,1253,40,17954,17703,17102,18104,42129,23,1,1
23267,16591,21691,40,23755,21931,13335,24066,75743,240,1,2
23268,17183,8055,40,22072,21291,11572,22292,59132,99,1,1
23269,2084,120,41,11181,11091,7284,11322,20840,1,1,1
23270,3677,1993,41,13165,12854,6021,13326,25067,32,1,1
23271,3125,2044,41,13485,13175,3828,13656,22693,34,1,1
23272,13376,5480,40,32041,31420,16121,32231,67258,71,1,2
23273,6062,2965,40,18465,18054,13766,18636,41479,45,1,1
23274,6713,5671,40,15119,14458,1072,15319,28825,83,1,1
23275,6473,5230,40,14988,14387,1864,15188,28795,74,1,1
23276,3767,1573,40,13877,13606,4308,14037,23725,27,1,1
23277,7024,4759,40,20429,19868,2174,20619,34616,68,1,1
23278,6983,5671,40,16541,15890,1913,16741,31359,81,1,1
23279,6693,5580,40,20959,20308,2054,21150,35527,79,1,1
23280,3828,841,40,12294,12082,2084,12444,19227,17,1,1
23281,7374,6121,40,14798,14106,1973,15019,30527,87,1,1
23282,3867,1172,31,13365,13124,4308,13506,22903,21,1,1
23283,6513,3607,40,19897,19437,4398,20078,34646,54,1,1
23284,6783,5771,40,15459,14838,1924,15669,30177,78,1,1
23285,6663,4499,40,20138,19597,4699,20328,36229,65,1,1
23286,3106,922,40,12183,11973,2485,12333,18896,18,1,1
23287,6222,4538,40,13606,13065,1673,13786,26270,64,1,1
23288,3707,1483,40,13496,13225,3857,13666,22743,27,1,1
23289,6232,3567,40,19677,19216,4900,19857,34596,53,1,1
23290,6773,5811,40,15730,15078,1954,15930,30508,80,1,1
23291,8015,5180,40,20108,19507,2685,20298,36219,72,1,1
23292,3116,912,30,11051,10831,2014,11201,17293,19,1,1
23293,6953,4048,40,11843,11322,1623,12023,24697,61,1,1
23294,5440,1443,40,8456,8186,1353,8616,16902,27,1,1
23295,5470,992,40,8256,8045,1363,8416,16281,20,1,1
23296,4379,1994,40,13485,13145,3336,13655,23425,37,1,1
23297,6662,3657,40,19517,19056,5029,19698,35086,54,1,1
23298,7113,5941,40,18104,17423,1733,18305,33132,84,1,1
23299,6973,4308,41,20548,20018,3136,20740,35207,63,1,1
23300,3647,1102,41,10419,10189,2044,10570,17423,21,1,1
23301,5781,4028,40,11552,11031,2114,11732,23685,61,1,1
23302,3287,1142,40,14217,13987,3086,14367,21942,21,1,1
23303,7163,3617,40,19758,19297,5721,19948,36489,55,1,1
23304,7003,5740,40,18595,17954,1613,18806,33203,80,1,1
23305,7274,4659,40,19587,19036,2705,19777,34455,67,1,1
23306,3647,611,40,9538,9368,2184,9688,16180,12,1,1
23307,6402,3406,41,10720,10289,3146,10901,23895,50,1,1
23308,4449,1903,41,8486,8165,1032,8657,16081,34,1,1
23309,3597,230,40,7825,7715,1654,7975,13506,5,1,1
23310,5971,4299,40,15629,15109,4538,15830,30688,64,1,1
23311,3196,1683,40,18525,18245,2465,18685,26089,29,1,1
23312,7995,7134,40,25959,25178,1422,26170,42771,99,1,1
23313,2425,210,40,9558,9438,2184,9699,14568,5,1,1
23314,3647,1002,40,8156,7935,1042,8316,14047,21,1,1
23315,7063,4649,41,15890,15349,1342,16091,29175,66,1,1
23316,3577,1242,40,7064,6823,1032,7224,13105,22,1,1
23317,5731,3576,40,17202,16721,3236,17393,29976,57,1,1
23318,7284,4629,40,19617,19046,1864,19807,33644,70,1,1
23319,7765,6732,40,18475,17754,1342,18695,34575,92,1,1
23320,7033,5030,40,19346,18755,2524,19537,34164,71,1,1
23321,4078,812,40,8837,8626,2104,8987,16021,17,1,1
23322,4779,1062,40,13345,13125,1603,13495,20980,20,1,1
23323,4648,1093,40,7093,6863,1032,7243,14066,21,1,1
23324,3677,581,40,5481,5320,1022,5631,10961,12,1,1
23325,871,121,40,7604,7514,702,7744,9468,1,1,1
23326,16611,18315,40,18946,17433,2104,19236,56316,202,1,1
23327,6943,3827,40,18986,18525,3376,19177,33363,55,1,1
23328,6252,5149,40,18304,17683,1203,18495,31149,76,1,1
23329,5911,2044,40,18055,17733,3697,18225,29907,34,1,1
23330,4018,912,40,8977,8766,1693,9137,15790,19,1,1
23331,4338,1253,40,8175,7935,971,8325,14948,22,1,1
23332,3717,1603,40,10430,10159,2275,10590,18245,28,1,1
23333,7895,5670,40,15980,15339,1894,16191,31680,80,1,1
23334,5511,2605,40,19276,18916,1452,19446,29065,41,1,1
23335,8176,7734,40,20589,19767,1282,20810,38052,105,1,1
23336,5691,1713,40,17964,17674,1724,18134,27302,30,1,1
23337,3868,170,40,7755,7655,1132,7895,13105,3,1,1
23338,2625,120,40,4940,4860,1422,5080,9287,1,1,1
23339,3256,1714,40,19026,18696,1683,19196,25889,31,1,2
23340,7163,4729,40,16061,15480,1733,16251,29916,70,1,1
23341,6502,2245,40,25969,25599,5571,26129,40497,35,1,2
23342,8556,7664,40,17483,16681,3316,17694,37270,100,1,1
23343,3015,602,40,18334,18164,8616,18465,30758,12,1,1
23344,3878,390,40,7114,6983,972,7264,12534,8,1,1
23345,4108,2404,40,16492,16130,2454,16672,25678,39,1,1
23346,6994,6031,40,21231,20559,2054,21441,36560,83,1,1
23347,2525,160,40,17232,17132,11662,17373,31760,3,1,1
23348,2575,711,40,17833,17643,7564,17985,28875,15,1,1
23349,2284,221,40,11101,10981,2635,11241,16431,5,1,1
23350,4930,2404,41,9748,9387,1273,9919,18576,40,1,1
23351,7624,6142,40,15780,15099,2144,15980,31950,86,1,1
23352,6783,5390,40,16220,15579,1773,16412,30418,78,1,1
23353,6783,5110,40,14157,13546,1743,14347,28043,74,1,1
23354,12994,6713,40,21631,20930,10841,21831,52429,88,1,1
23355,14467,17974,40,25969,24416,4990,26249,63731,206,1,1
23356,3867,1463,40,10180,9918,2294,10340,18014,26,1,1
23357,6292,4429,40,16481,15950,1303,16671,28745,65,1,1
23358,6342,5080,40,19998,19397,1864,20198,33534,73,1,1
23359,2926,951,40,17984,17783,14978,18145,37050,18,1,1
23360,1934,531,40,17494,17333,12443,17634,32592,12,1,1
23361,7945,7705,40,21010,20178,1112,21220,38042,104,1,1
23362,6843,5270,40,19517,18906,1954,19707,33824,74,1,1
23363,2114,151,40,17343,17253,12924,17483,32712,2,1,1
23364,2405,801,40,18485,18294,14707,18636,36599,16,1,1
23365,4098,2084,40,12534,12203,2304,12704,21220,35,1,1
23366,7224,4909,40,14838,14257,2044,15028,29255,71,1,1
23367,7424,6042,40,21420,20759,2184,21621,37321,82,1,1
23368,13406,8295,40,22202,21380,12353,22413,56527,104,1,1
23369,2485,772,40,17683,17483,11482,17833,32622,16,1,1
23370,12113,5000,40,19537,19016,17293,19727,54173,62,1,1
23371,3467,1542,40,15699,15439,13886,15861,34796,26,1,1
23372,2104,561,40,9007,8837,10851,9157,22703,12,1,1
23373,16752,22131,40,23144,21331,15119,23454,77497,242,1,1
23374,3076,922,40,17844,17634,15599,17994,37641,18,1,1
23375,16972,21631,40,23785,21962,16481,24096,79210,239,1,2
23376,5501,4198,40,18896,18385,1293,19096,30118,61,1,1
23377,6162,4909,40,19447,18866,2074,19647,32832,71,1,1
23378,16372,9758,40,22383,21491,9608,22603,58401,115,1,1
23379,2285,721,40,17513,17333,10280,17663,30989,14,1,1
23380,2745,671,40,10369,10189,1944,10510,15920,14,1,1
23381,6973,5190,40,10731,10119,1373,10931,24517,74,1,1
23382,3878,1773,40,12875,12594,2214,13035,20960,29,1,1
23383,6903,5430,41,15699,15068,1784,15890,30057,77,1,1
23384,5671,2685,40,12944,12574,1482,13115,22993,41,1,1
23385,2465,230,40,17634,17513,14668,17764,35177,5,1,1
23386,15850,22112,40,6562,4759,14919,6873,59804,241,1,1
23387,4598,2144,40,18615,18264,12574,18786,38152,37,1,1
23388,3898,1963,40,13425,13115,2124,13595,21631,34,1,1
23389,6993,3557,40,13285,12825,1713,13466,25769,54,1,1
23390,6713,5550,40,19898,19266,1473,20098,33884,79,1,1
23391,2735,120,40,17082,17002,15079,17223,35197,1,1,1
23392,12704,14728,40,22042,20709,12684,22302,62458,172,1,2
23393,5400,4128,40,14738,14226,1232,14928,25729,62,1,1
23394,4468,1293,40,12343,12093,1553,12503,19857,25,1,1
23395,6232,5310,40,15379,14758,1734,15569,28895,75,1,1
23396,5029,741,40,29556,29346,3076,29706,38593,14,1,2
23397,6032,4588,40,20889,20348,3387,21080,35137,66,1,1
23398,1593,120,40,7264,7184,551,7404,9708,1,1,1
23399,11222,9828,30,13625,12674,1032,13847,35979,122,1,1
23400,6562,4779,40,15359,14798,1763,15550,28704,69,1,1
23401,4078,841,41,11722,11521,1763,11873,18595,17,1,1
23402,3227,1102,40,30838,30588,17433,30998,52800,21,1,2
23403,2384,882,40,17874,17664,16061,18014,37381,17,1,1
23404,1954,1232,40,851,611,541,1002,4779,23,1,1
23405,13025,13586,40,18115,16902,1182,18365,46208,160,1,1
23406,6462,5310,40,16501,15900,2053,16692,30577,74,1,1
23407,2836,651,40,12774,12614,4589,12934,21050,13,1,1
23408,5651,3907,40,20249,19748,6682,20439,36719,59,1,1
23409,6712,5761,40,16401,15750,2034,16602,31149,82,1,1
23410,7233,5631,40,20669,20038,3937,20880,37721,79,1,1
23411,4017,1453,40,13255,13005,2605,13415,21530,24,1,1
23412,6563,5059,40,16781,16180,1663,16973,30288,72,1,1
23413,15069,15229,40,19497,18154,1533,19757,51648,176,1,1
23414,7694,5240,40,20419,19808,3216,20619,36809,75,1,1
23415,7224,5661,40,16020,15359,1854,16210,31009,81,1,1
23416,8235,7064,40,21150,20409,2685,21350,39394,93,1,1
23417,3186,832,40,11772,11572,3687,11912,19677,16,1,1
23418,5751,2094,40,9168,8867,1322,9338,18555,32,1,1
23419,6262,4017,40,13165,12664,1923,13345,25608,59,1,1
23420,2925,942,40,12975,12775,4438,13125,21480,18,1,1
23421,6913,4108,40,20018,19517,4298,20218,35567,60,1,1
23422,7063,5751,41,16601,15940,1693,16812,31349,81,1,1
23423,6933,5050,40,20329,19768,3196,20529,35748,69,1,1
23424,3326,1092,40,13005,12795,1813,13165,19446,20,1,1
23425,6102,4659,40,17413,16852,1643,17603,30047,66,1,1
23426,4018,691,41,8426,8235,1432,8577,14758,15,1,1
23427,4248,982,40,8497,8275,1412,8647,15339,19,1,1
23428,6573,4619,40,15168,14608,3005,15359,29596,67,1,1
23429,7444,5210,40,20088,19486,1673,20299,34656,75,1,1
23430,7925,6763,40,23425,22683,1363,23645,39736,94,1,1
23431,3216,672,40,10650,10480,1964,10800,16682,13,1,1
23432,6051,3186,40,9197,8786,1032,9368,19697,47,1,1
23433,4668,2564,40,20158,19797,1473,20329,29085,37,1,2
23434,3136,621,40,12313,12153,3957,12463,20228,13,1,1
23435,6702,3928,40,19657,19156,2826,19847,33343,59,1,1
23436,6963,4599,40,21771,21200,1282,21962,34846,68,1,1
23437,5981,1723,40,18875,18575,1573,19036,28364,31,1,1
23438,3106,781,40,11913,11723,2014,12063,18014,16,1,1
23439,6382,4418,40,11121,10590,1253,11301,23405,63,1,1
23440,3977,501,41,9688,9528,1483,9829,15830,11,1,1
23441,7754,4519,40,17153,16592,2134,17343,31790,68,1,1
23442,7104,3466,40,19176,18715,1934,19357,31911,52,1,1
23443,7254,5510,40,20358,19697,1293,20559,34666,81,1,1
23444,3938,962,40,17242,17032,1663,17392,24016,18,1,1
23445,3407,871,40,10881,10670,1693,11021,17042,17,1,1
23446,5862,3466,30,10410,9939,1253,10580,21211,54,1,1
23447,4038,831,40,6934,6742,1032,7084,13035,17,1,1
23448,6683,5841,40,20299,19627,1703,20499,34776,83,1,1
23449,7384,3416,40,19157,18716,5029,19337,35206,51,1,1
23450,7123,6262,40,20279,19577,1813,20489,35727,88,1,1
23451,7213,4860,40,19407,18816,4679,19607,36399,72,1,1
23452,3537,871,41,10219,10039,1733,10370,16571,16,1,1
23453,3286,1122,40,7725,7485,982,7885,13315,22,1,1
23454,3677,280,41,7554,7424,1032,7695,12724,6,1,1
23455,3567,461,40,5440,5290,1042,5591,10711,11,1,1
23456,1964,1162,40,16161,15931,3106,16321,22583,20,1,1
23457,6793,3466,40,18956,18526,4148,19146,33583,50,1,1
23458,7595,6803,40,19908,19176,1262,20108,35818,90,1,1
23459,6593,3416,40,18495,18065,1944,18675,30668,51,1,1
23460,3827,240,41,7364,7253,1132,7515,12754,6,1,1
23461,4148,761,40,5481,5290,992,5641,11592,16,1,1
23462,3557,692,40,7514,7334,972,7664,12925,15,1,1
23463,3286,831,40,12233,12032,2445,12384,18996,17,1,1
23464,8957,6773,40,17042,16281,1373,17252,34395,94,1,1
23465,6663,4018,40,35377,34856,3226,35547,49514,58,1,2
23466,4789,1222,40,17654,17403,2214,17814,26069,23,1,1
23467,4168,350,41,7524,7394,992,7675,13215,8,1,1
23468,2275,120,40,4829,4749,1503,4969,8897,1,1,1
23469,3136,2365,40,11402,11061,2154,11572,19277,38,1,1
23470,7644,6272,40,24376,23645,2104,24577,40657,87,1,2
23471,6843,5921,40,20409,19727,2064,20609,35467,83,1,1
23472,4538,571,40,19407,19236,1694,19557,26410,13,1,1
23473,16111,16251,40,25408,24016,5711,25688,63811,184,1,1
23474,4148,571,40,12563,12393,2134,12715,19608,13,1,1
23475,6031,4930,40,17844,17243,2064,18034,31109,73,1,1
23476,5390,3918,40,16361,15890,6492,16541,32391,56,1,1
23477,6943,4629,40,19186,18625,4869,19366,35868,66,1,1
23478,2384,361,40,17383,17253,14478,17533,34786,8,1,1
23479,12153,12002,40,21931,20779,8106,22172,54463,145,1,2
23480,7324,7043,40,15890,15129,982,16100,31489,95,1,1
23481,6722,4309,40,14778,14247,2254,14968,28293,64,1,1
23482,7264,4849,40,14438,13857,2064,14628,28845,71,1,1
23483,7615,5741,40,15529,14878,1924,15729,31049,82,1,1
23484,2825,220,40,17563,17453,13185,17694,33974,5,1,1
23485,2825,772,40,17834,17644,7715,17984,29326,14,1,1
23486,4037,1613,41,10409,10139,2114,10560,18364,26,1,1
23487,6512,4348,41,16681,16150,1403,16872,29165,64,1,1
23488,6623,5210,40,19938,19317,1743,20138,33744,76,1,1
23489,3165,651,40,18244,18064,14066,18395,36318,13,1,1
23490,1793,481,40,17503,17353,11261,17644,31239,10,1,1
23491,6753,5480,41,20488,19847,1153,20689,34125,78,1,1
23492,6182,4338,40,19177,18616,1964,19367,31901,67,1,1
23493,1543,120,40,17193,17082,561,17313,19587,1,1,1
23494,17523,11662,40,3827,2775,21020,4068,54323,138,1,1
23495,7294,5621,40,20228,19587,10149,20429,43533,79,1,1
23496,8025,6352,41,19737,19036,1092,19948,35467,88,1,1
23497,6042,4458,40,19457,18926,2425,19657,32622,65,1,1
23498,2474,170,40,17513,17413,14708,17653,35056,3,1,1
23499,15881,22602,40,6753,4909,16661,7064,62268,248,1,1
23500,5189,2485,40,19207,18866,13806,19377,40907,37,1,1
23501,6201,5139,41,21510,20889,1183,21701,34285,76,1,1
23502,6523,5149,40,19937,19316,2625,20129,34476,75,1,1
23503,2685,391,40,17904,17764,15449,18054,36609,9,1,1
23504,15961,21631,40,6633,4819,16120,6943,60705,243,1,1
23505,7153,5180,40,20690,20098,13556,20880,46829,73,1,1
23506,3677,862,40,14377,14177,2214,14527,21330,16,1,1
23507,7975,4889,40,13966,13395,1904,14157,28965,69,1,1
23508,6943,5641,40,18856,18225,1693,19056,33393,78,1,1
23509,7073,4549,40,13526,12985,1483,13716,26871,65,1,1
23510,2374,171,40,17152,17042,14317,17292,34184,3,1,1
23511,16020,21491,40,6542,4759,13366,6863,57780,241,1,1
23512,4839,3136,40,19256,18846,10379,19437,37831,46,1,1
23513,5761,5120,30,20419,19808,1192,20609,32712,74,1,1
23514,6893,5901,40,24516,23855,2235,24716,39806,82,1,1
23515,1763,151,40,17262,17162,631,17393,19978,2,1,1
23516,17884,9418,40,3086,2224,26290,3306,56928,110,1,1
23517,9027,7655,40,21300,20599,11883,21520,50115,88,1,1
23518,10760,8837,40,55255,54352,1002,55485,76124,114,1,1
23519,6162,4578,40,43232,42671,2585,43423,56798,67,1,1
23520,29316,32461,491,93778,90010,11071,95491,168559,223,1,1
23521,7304,5871,70,45617,44685,12273,45957,71495,50,1,1
23522,4869,3156,60,25959,25208,9028,26209,43322,30,1,1
23523,12183,4769,60,30718,29977,1834,30999,49845,44,1,1
23524,7013,4378,60,30958,30047,10670,31219,53371,44,1,1
23525,2695,220,60,12815,12664,2124,13025,18134,3,1,1
23526,10109,9268,60,32672,31320,4940,32982,57379,81,1,1
23527,9709,8907,60,35748,34656,2344,36058,57078,78,1,1
23528,5120,1202,60,28474,28084,17974,28704,53080,15,1,1
23529,10630,7063,70,30768,29957,9228,31069,58050,64,1,1
23530,852,120,60,11151,11011,761,11382,13195,1,1,1
23531,20108,21200,60,23094,21270,1513,23485,66376,154,1,1
23532,8707,6602,60,24055,23254,2775,24346,42501,62,1,1
23533,3938,2975,61,22061,21581,3005,22313,32311,32,1,1
23534,3407,2575,70,22433,22012,3186,22693,31931,28,1,1
23535,25629,18164,70,35477,33894,14508,35848,94229,133,1,1
23536,10270,4058,60,27071,26661,7835,27301,49544,39,1,1
23537,7274,7033,40,22733,22012,1222,22943,38513,86,1,1
23538,6773,5520,50,17673,17042,1994,17884,32211,74,1,1
23539,8536,7454,41,16310,15539,1603,16532,34175,93,1,1
23540,3707,280,40,19136,19006,12594,19286,35898,6,1,1
23541,2274,962,50,19557,19357,9468,19717,32471,17,1,1
23542,3507,1172,40,15680,15440,2886,15840,23455,20,1,1
23543,6944,4889,40,15830,15259,2214,16040,30127,67,1,1
23544,6653,4909,41,21089,20498,1723,21291,34626,69,1,1
23545,3878,531,40,19076,18906,16461,19226,40146,11,1,1
23546,7033,4539,40,20759,20228,9448,20959,42009,60,1,1
23547,6743,5460,40,16341,15719,1202,16542,29997,72,1,1
23548,6843,4188,40,15569,15048,2475,15760,29316,58,1,1
23549,7865,5571,40,22563,21932,2054,22773,38293,73,1,1
23550,4087,1123,40,19306,19066,18355,19466,43061,20,1,1
23551,16771,23455,40,6913,5030,16741,7234,64261,243,1,1
23552,4839,2194,50,20028,19678,15179,20198,42460,36,1,1
23553,4499,2354,40,15359,15008,2214,15540,24657,37,1,1
23554,7163,4699,40,15861,15289,2384,16061,30357,66,1,1
23555,6613,5210,40,21290,20669,1644,21490,34997,72,1,1
23556,3556,772,40,19647,19457,17433,19807,41618,15,1,1
23557,12544,13766,40,22973,21641,13997,23254,63601,158,1,2
23558,3286,1112,40,11051,10830,1984,11201,17634,18,1,1
23559,6131,4398,40,17603,17052,1383,17803,29756,63,1,1
23560,6702,4990,50,23475,22894,1893,23685,37310,68,1,1
23561,3046,701,40,19176,18996,16701,19337,39835,14,1,1
23562,17363,23234,40,6983,5070,18775,7314,66746,246,1,1
23563,5020,2515,40,19677,19317,16291,19857,43713,37,1,1
23564,11632,11171,40,23865,22834,1022,24116,47981,127,1,1
23565,6723,5771,40,22182,21511,1674,22382,36600,78,1,1
23566,2856,631,50,19457,19287,17032,19617,40176,13,1,1
23567,16532,23123,40,25488,23555,14979,25809,80493,243,1,2
23568,5821,4569,40,16091,15540,1383,16271,28104,62,1,1
23569,4839,1232,40,13526,13285,1573,13686,21380,21,1,1
23570,7233,6192,40,18375,17674,1503,18575,33553,83,1,1
23571,4248,691,41,13064,12874,1654,13215,19868,14,1,1
23572,2645,211,40,18585,18485,16461,18735,38092,4,1,1
23573,17493,22262,40,6813,4939,17022,7134,63961,240,1,1
23574,4659,2285,40,19847,19487,13655,20018,40657,36,1,1
23575,4098,1543,40,13856,13576,2024,14016,21741,26,1,1
23576,4269,1272,40,13005,12764,1653,13165,20399,22,1,1
23577,6944,5540,40,21621,20970,1863,21841,36239,76,1,1
23578,4940,841,40,30988,30748,6793,31149,43753,16,1,2
23579,6713,3236,41,20208,19767,10410,20399,40798,48,1,1
23580,6533,5841,40,15950,15309,1052,16151,29617,75,1,1
23581,1793,872,40,14137,13916,661,14297,17663,17,1,1
23582,11081,12003,40,16241,15069,1814,16491,41449,140,1,2
23583,1293,230,40,31290,31140,17513,31440,50516,4,1,2
23584,3547,1553,50,19377,19107,13506,19547,38203,26,1,1
23585,4578,2746,40,16932,16521,19076,17102,43562,43,1,1
23586,22683,25758,711,83308,79922,3276,85122,137260,136,1,1
23587,31229,38263,70,65534,61897,2235,66215,138052,204,1,1
23588,12574,12444,80,35638,33804,2986,36028,64132,81,1,1
23589,7364,6652,80,40407,39445,3076,40757,57940,48,1,1
23590,6161,1724,80,22062,21661,2305,22372,32652,17,1,1
23591,11051,5982,80,19567,18846,1303,19917,38343,40,1,1
23592,5941,4018,80,26591,25889,3466,26921,40436,34,1,1
23593,5811,2605,80,26811,26350,6021,27122,41649,22,1,1
23594,11682,8496,80,28684,28153,5641,28985,54884,57,1,1
23595,7153,6642,40,16702,16021,2154,16902,32882,84,1,1
23596,7264,5010,40,20308,19747,5280,20489,38083,67,1,1
23597,3326,1463,40,12063,11802,2144,12213,19196,24,1,1
23598,5350,2454,40,9327,8967,1283,9498,18625,38,1,1
23599,5310,4258,40,15129,14628,2004,15309,26921,60,1,1
23600,3487,1342,40,13455,13215,4449,13605,22944,23,1,1
23601,7494,4318,40,19978,19467,4047,20159,36068,60,1,1
23602,7243,6092,40,16341,15680,1503,16541,31439,83,1,1
23603,7224,4969,40,20258,19667,3637,20449,36329,71,1,1
23604,2474,491,40,17724,17583,2525,17874,23404,10,1,1
23605,6543,5230,40,16561,15980,2204,16751,30779,72,1,1
23606,3988,290,41,8215,8085,1573,8366,14247,7,1,1
23607,16491,20969,40,28574,26891,1543,28875,67939,226,1,1
23608,6893,6112,40,16341,15690,2585,16541,32171,81,1,1
23609,7485,6091,40,20259,19567,1403,20459,35478,84,1,1
23610,2635,110,40,8817,8727,9248,8967,20990,1,1,1
23611,13094,11402,40,12604,11572,7004,12834,44384,132,1,1
23612,2775,491,40,17323,17093,7154,17453,27923,9,1,2
23613,3576,1623,40,6432,6161,5120,6593,16952,27,1,1
23614,3828,2144,40,8005,7675,2986,8175,17183,37,1,1
23615,15329,16662,40,27893,26481,1273,28183,61487,188,1,1
23616,6382,5240,41,17893,17292,1202,18085,30959,73,1,1
23617,6643,2635,40,18515,18155,7154,18695,35177,41,1,1
23618,4128,1563,40,14898,14628,1603,15038,22392,26,1,1
23619,6492,3938,40,13575,13095,1092,13756,25308,55,1,1
23620,2856,741,40,14398,14217,2795,14548,20980,14,1,1
23621,7424,2705,40,18895,18525,5931,19067,35167,40,1,1
23622,7474,6382,40,18746,18075,1453,18946,34295,84,1,1
23623,7244,4909,41,19416,18875,4459,19607,36269,66,1,1
23624,3727,1123,40,10229,9999,1733,10379,16992,20,1,1
23625,6032,3566,40,10900,10430,1724,11091,22453,54,1,1
23626,3306,1132,40,14697,14467,2765,14849,22102,21,1,1
23627,8166,3907,41,19076,18585,3657,19257,35027,57,1,1
23628,6813,3366,40,16993,16542,1402,17163,28794,52,1,1
23629,6382,2845,40,18495,18104,3066,18676,30999,44,1,1
23630,5120,1082,40,9308,9078,2054,9468,17764,22,1,1
23631,4248,1363,40,8807,8546,1022,8967,15640,25,1,1
23632,3778,460,40,12022,11831,1032,12163,17474,9,1,2
23633,5480,4268,40,17623,17112,2805,17804,30397,60,1,1
23634,7354,2825,40,18545,18164,2855,18716,31810,43,1,1
23635,7564,7955,40,26600,25789,1122,26821,43502,103,1,1
23636,2745,111,40,8436,8346,1994,8586,13476,1,1,1
23637,4368,221,40,5250,5140,1032,5380,11051,5,1,1
23638,3276,191,40,8296,8185,1012,8426,12955,4,1,1
23639,6071,4068,40,17874,17363,1894,18054,30137,61,1,1
23640,6643,2845,40,18746,18335,4118,18916,32562,45,1,1
23641,8426,7975,40,23013,22202,1593,23234,41278,103,1,1
23642,3577,692,40,17773,17603,2805,17924,25058,14,1,1
23643,3947,481,40,7835,7685,982,7985,13435,10,1,1
23644,3306,1092,40,10180,9939,2344,10320,17112,22,1,1
23645,8095,6022,40,16371,15690,1844,16571,32582,84,1,1
23646,6512,5490,40,21290,20679,2415,21500,35948,76,1,1
23647,5561,721,40,17744,17554,2224,17894,26450,15,1,1
23648,5380,2374,41,18935,18605,3065,19096,29966,35,1,1
23649,3427,170,41,7965,7854,1272,8096,13015,3,1,1
23650,6653,5340,40,13306,12684,2024,13506,27563,76,1,1
23651,7575,6512,40,17223,16522,2224,17423,33774,87,1,1
23652,7414,6242,40,22232,21541,1403,22442,37551,87,1,1
23653,2946,781,41,17984,17803,11632,18135,33534,15,1,1
23654,1794,300,40,17633,17513,8506,17784,28434,7,1,1
23655,6783,6382,40,21331,20629,1132,21541,35888,88,1,1
23656,6212,4709,40,22102,21521,2545,22292,35798,69,1,1
23657,2886,781,40,20359,20179,11091,20519,35317,15,1,1
23658,2114,651,40,18154,17974,9709,18295,30829,14,1,1
23659,1853,301,40,10209,10089,561,10359,13115,7,1,1
23660,17333,18715,40,20249,18675,1783,20539,58410,209,1,1
23661,6833,5730,40,24676,24025,1833,24888,39324,80,1,1
23662,3297,841,40,19006,18816,14237,19156,37571,16,1,1
23663,1773,431,40,17614,17474,11422,17754,31440,9,1,1
23664,5791,3907,40,14959,14468,1332,15139,26229,58,1,1
23665,6953,5010,40,15640,15039,2174,15830,30017,72,1,1
23666,6322,5050,40,15249,14658,1643,15439,28494,72,1,1
23667,6672,4738,40,15269,14698,1653,15449,28574,69,1,1
23668,2285,190,40,17974,17854,15119,18114,35748,4,1,1
23669,16732,20669,41,24205,22453,13124,24516,75092,230,1,2
23670,2635,831,40,13406,13205,2645,13566,19717,17,1,1
23671,7334,4829,40,14938,14367,2154,15129,29496,70,1,1
23672,6562,5180,40,15810,15188,1963,16000,29756,75,1,1
23673,7564,5991,40,14868,14197,1363,15069,30027,82,1,1
23674,3216,1022,40,18796,18596,16141,18956,39385,18,1,1
23675,15880,21881,40,6672,4849,15238,6983,60033,244,1,1
23676,8436,7053,40,20819,20078,12975,21029,49534,93,1,1
23677,6332,4960,40,17603,17002,1312,17794,30458,73,1,1
23678,6944,4268,40,13255,12734,1393,13445,26090,62,1,1
23679,5531,4448,41,20027,19477,2104,20209,32342,65,1,1
23680,2114,291,40,18495,18365,581,18635,21671,7,1,1
23681,17593,10540,40,3577,2585,29366,3807,61346,128,1,1
23682,8917,6392,40,20960,20289,12895,21160,49414,84,1,1
23683,4238,2755,40,14538,14166,1663,14718,23414,42,1,1
23684,6552,4088,40,14137,13626,1974,14327,26981,60,1,1
23685,7064,5981,40,16081,15429,1533,16291,30909,81,1,1
23686,6883,5090,40,13896,13325,1552,14097,27672,70,1,1
23687,2595,501,40,18154,17994,15079,18294,36519,10,1,1
23688,16411,21230,40,6503,4718,15640,6813,60144,238,1,1
23689,4528,2655,40,19346,18986,13516,19517,40276,41,1,1
23690,5932,4438,40,17433,16892,1203,17623,29236,65,1,1
23691,7244,3737,40,13445,12985,1933,13625,26590,55,1,1
23692,6502,5060,40,15800,15209,1513,15990,29115,72,1,1
23693,4759,1944,40,12544,12234,1603,12714,21070,34,1,1
23694,3126,200,41,17863,17743,15830,17994,37190,4,1,1
23695,15961,21530,40,6542,4749,14067,6863,58471,240,1,1
23696,4499,3526,40,19607,19146,11572,19787,39425,54,1,1
23697,4829,3777,41,25478,24997,1272,25659,35567,55,1,1
23698,4408,1453,40,12253,11993,1604,12413,19938,27,1,1
23699,6913,5841,40,18224,17553,1352,18435,32582,83,1,1
23700,4007,1243,40,12233,12003,1593,12393,19286,22,1,1
23701,3807,300,40,17934,17803,11131,18065,33363,6,1,1
23702,7414,3837,40,18986,18525,13636,19166,44093,52,1,1
23703,6161,5320,40,15349,14728,1212,15550,28293,76,1,1
23704,4568,1303,40,12153,11892,1643,13636,21180,25,1,1
23705,6723,5791,40,17063,16421,1643,17273,31470,80,1,1
23706,1844,220,40,11682,11572,11011,11823,24948,5,1,1
23707,15971,21591,40,25358,23595,17744,25668,81024,235,1,1
23708,2395,541,40,17773,17593,12764,17924,33654,13,1,1
23709,13927,4759,40,26510,25999,17964,26700,63400,62,1,1
23710,3297,1182,40,11261,11021,11602,11412,27543,22,1,1
23711,16131,21370,40,19447,17693,12824,19758,70113,234,1,1
23712,1432,401,40,8346,8205,8466,8486,18835,9,1,1
23713,16892,20569,40,17433,15700,17844,17753,73098,233,1,1
23714,3567,281,40,11592,11452,1693,11732,17333,7,1,1
23715,6192,3025,40,19036,18645,16391,19217,44865,45,1,1
23716,3386,2866,40,15349,14968,2284,15519,24095,43,1,1
23717,5109,2455,40,19688,19317,15950,19868,43422,41,1,1
23718,4679,2394,40,13256,12894,1883,13426,22442,40,1,1
23719,6643,5270,40,17433,16822,2344,17623,31920,74,1,1
23720,4248,1804,40,13976,13686,3837,14147,24086,30,1,1
23721,6262,4288,40,20289,19748,3056,20469,34125,63,1,1
23722,6732,5611,40,16091,15440,1783,16291,30457,80,1,1
23723,7484,5801,40,21380,20739,5411,21581,40327,80,1,1
23724,3066,992,40,11191,10961,2275,11331,17724,19,1,1
23725,5741,2505,40,9398,9027,1262,9568,19106,40,1,1
23726,6042,4137,40,14808,14287,1873,14989,27091,61,1,1
23727,13436,15329,40,20058,18364,1382,20319,50516,174,1,1
23728,8195,4900,40,21070,20509,4058,21260,38453,68,1,1
23729,6732,5511,40,17093,16451,1783,17293,31349,79,1,1
23730,7644,5611,40,20589,19948,3277,20789,37361,79,1,1
23731,3807,1744,40,15619,15349,2514,15780,23905,28,1,1
23732,6071,4799,40,13986,13435,1653,14187,26760,68,1,1
23733,3417,1192,40,13676,13436,3637,13826,22132,22,1,1
23734,6943,3317,40,19477,19046,5630,19667,35597,51,1,1
23735,7424,6092,80,15569,14888,1733,15809,31099,84,1,1
23736,5350,3206,40,19648,19207,11401,19818,39825,50,1,1
23737,5020,3667,40,14137,13646,1272,14317,24316,57,1,1
23738,6312,4419,40,12514,11973,1483,12694,24958,64,1,1
23739,4148,851,40,21410,21150,1784,21561,28384,17,1,2
23740,6182,2304,40,31780,31419,14698,31951,55165,35,1,2
23741,2655,761,41,17683,17493,10210,17844,31510,16,1,1
23742,3767,1132,30,10520,10280,1844,10660,17453,21,1,1
23743,5961,3757,40,11381,10930,1393,11562,22723,52,1,1
23744,3927,551,40,8026,7865,1503,8176,14187,12,1,1
23745,6011,3757,40,14157,13685,3096,14337,27261,56,1,1
23746,8686,4419,40,20068,19537,7003,20258,40416,63,1,1
23747,7133,5781,40,19126,18475,1453,19327,33754,81,1,1
23748,7184,4498,40,19828,19287,2825,20018,34575,65,1,1
23749,3878,751,40,12564,12384,1894,12714,19277,15,1,1
23750,6242,3407,40,11091,10630,1393,11271,22343,53,1,1
23751,3657,1453,40,7584,7324,1032,7745,13937,26,1,1
23752,4388,2175,40,15509,15159,2465,15669,24747,37,1,1
23753,7955,3156,40,18765,18345,10910,18936,41007,47,1,1
23754,6121,5090,40,18395,17804,2194,18595,32040,73,1,1
23755,5631,3176,40,19337,18915,8677,19507,37041,47,1,1
23756,3787,942,40,10570,10360,1644,10720,17133,17,1,1
23757,5160,3998,40,12514,12013,1252,12704,23154,59,1,1
23758,3477,1222,41,9668,9438,2585,9819,17153,21,1,1
23759,10661,8255,41,24115,23274,1924,24326,45216,106,1,1
23760,6803,5671,40,19818,19167,1232,20018,33774,81,1,1
23761,6903,2976,40,18425,18035,2375,18605,30899,44,1,1
23762,3787,791,40,10961,10770,2505,11111,18244,16,1,1
23763,3817,952,40,8086,7885,1002,8236,14057,18,1,1
23764,4259,280,40,7254,7134,1102,7404,13075,6,1,1
23765,5901,3247,40,24146,23655,1543,24316,35067,51,1,2
23766,6171,2325,40,30067,29715,5240,30247,44013,35,1,2
23767,7063,5872,40,17643,16972,1704,17843,32532,84,1,1
23768,6102,2485,40,18294,17934,2204,18465,29296,39,1,1
23769,3687,430,40,7925,7785,1002,8075,13245,9,1,1
23770,3998,701,41,13255,13044,1042,13416,19217,14,1,2
23771,4288,2454,41,16531,16170,2144,16702,25638,40,1,1
23772,6262,2004,40,18304,17994,3596,18465,30377,33,1,1
23773,9839,9157,40,24156,23224,1303,24386,44715,119,1,1
23774,3346,230,41,17553,17443,5611,17704,26931,5,1,1
23775,3838,831,40,9178,8977,1382,9328,15429,17,1,1
23776,2815,932,40,10600,10380,2565,10750,17112,19,1,1
23777,11482,13055,40,18485,17323,1042,18745,44364,152,1,1
23778,6873,5881,40,22232,21581,2074,22442,37311,81,1,1
23779,4569,781,40,17704,17504,2425,17854,25689,17,1,1
23780,5621,3707,40,20178,19687,8156,20358,37872,57,1,1
23781,2896,861,40,10240,10039,2485,10400,16672,17,1,1
23782,6683,4909,40,18675,18094,1343,18866,31851,71,1,1
23783,6763,5811,40,23905,23244,2024,24105,38743,81,1,1
23784,2004,110,40,17283,17193,10771,17423,30348,1,1,1
23785,2584,1313,40,18706,18475,7544,18866,30357,23,1,1
23786,5390,2986,40,19166,18756,2244,19337,30007,46,1,1
23787,6051,4719,40,21450,20859,2175,21641,34626,70,1,1
23788,3076,611,40,18355,18174,11411,18505,33633,13,1,1
23789,1934,461,40,17734,17583,12724,17884,33033,10,1,1
23790,7645,8185,41,21731,20899,1112,21952,38944,105,1,1
23791,6592,5361,40,20899,20278,1392,21090,34465,75,1,1
23792,2735,521,40,18335,18185,12213,18485,33984,11,1,1
23793,2414,652,40,17423,17263,9227,17563,29916,12,1,1
23794,2134,261,40,12183,12063,2304,12333,17082,7,1,1
23795,5150,2484,40,16441,16050,1523,16612,25829,43,1,1
23796,6642,4980,40,19928,19337,1883,20118,33673,72,1,1
23797,2865,571,40,17824,17664,15830,17974,37280,12,1,1
23798,12895,16822,40,22863,21371,19267,23143,72167,192,1,2
23799,6302,6232,40,23966,23264,1092,24166,37842,87,1,1
23800,6332,5681,40,21922,21281,1332,22112,35507,78,1,1
23801,2725,751,40,18165,17994,15569,18325,37410,14,1,1
23802,16091,22372,40,6773,4929,15330,7103,60946,248,1,1
23803,5039,3156,40,19146,18715,12925,19317,40487,49,1,1
23804,10700,3997,40,12965,12514,17403,13155,45286,53,1,1
23805,3286,2064,40,17554,17283,13605,17714,36709,27,1,1
23806,16721,15450,40,23294,21952,11382,23564,67177,177,1,1
23807,2865,2314,40,18595,18274,6522,18756,30517,34,1,1
23808,11392,6983,40,20950,20229,17083,21170,56678,90,1,1
23809,2755,1192,40,18095,17843,14688,18245,36920,22,1,1
23810,2695,691,41,10479,10299,2003,10631,16070,15,1,1
23811,6773,4428,41,16561,16010,1333,16742,29326,65,1,1
23812,7264,5801,40,15890,15239,1523,16090,30728,81,1,1
23813,7605,4638,40,13816,13275,1282,14007,27582,66,1,1
23814,1904,110,40,17644,17564,14427,17784,34275,1,1,1
23815,15900,21711,40,6572,4779,13506,6893,58050,242,1,1
23816,4598,2926,40,19096,18696,10641,19266,37481,46,1,1
23817,6001,3887,40,18004,17533,1333,18184,29466,56,1,1
23818,6693,3587,40,13546,13065,1924,13726,25970,55,1,1
23819,6402,4920,40,19637,19046,1854,19827,33033,71,1,1
23820,3527,110,40,17373,17283,15319,17513,36519,1,1,1
23821,16020,20820,40,23515,21762,12013,23815,72708,228,1,2
23822,2745,451,40,9759,9608,1984,9899,15139,10,1,1
23823,6172,4358,40,15580,15038,1313,15760,27643,64,1,1
23824,6322,5260,40,15790,15179,3166,15970,30768,73,1,1
23825,3978,1252,40,12414,12163,2014,12574,19848,23,1,1
23826,6151,1213,40,18505,18265,10680,18645,36749,21,1,1
23827,2635,982,40,18425,18215,12885,18585,35127,18,1,1
23828,4770,3416,40,14578,14117,1333,14758,24317,53,1,1
23829,4869,1463,40,25368,25067,1823,25518,33723,25,1,2
23830,1753,170,40,12474,12364,621,12614,15188,3,1,1
23831,17664,11441,40,22743,21671,20689,22974,72808,133,1,2
23832,1753,470,40,17713,17553,12494,17854,32622,10,1,1
23833,6232,6011,40,15690,15019,1112,15890,29295,83,1,1
23834,6142,4588,41,15349,14788,2505,15530,28825,67,1,1
23835,3026,351,30,11732,11592,2605,11872,17894,8,1,1
23836,7414,3587,40,20298,19818,5380,20478,36890,55,1,1
23837,7134,6041,40,17494,16801,1873,17704,32802,86,1,1
23838,7344,6232,40,21130,20438,5771,21331,40728,85,1,1
23839,3346,1193,40,12754,12514,2214,12914,19707,23,1,1
23840,6092,4468,40,14698,14157,2665,14898,28153,65,1,1
23841,4078,1733,40,14267,13967,4028,14437,24306,31,1,1
23842,6482,4669,40,20559,19988,3357,20749,35307,69,1,1
23843,7334,6382,40,16721,16020,1614,16932,32292,87,1,1
23844,6913,5360,40,20579,19968,5059,20770,38152,75,1,1
23845,7675,6963,40,15039,14307,1082,15249,31019,91,1,1
23846,6492,4749,40,13967,13416,1733,14167,27191,67,1,1
23847,3767,1603,40,8627,8346,1402,8787,15619,28,1,1
23848,3798,1462,41,13946,13696,5120,14107,24537,25,1,1
23849,3086,1653,40,18836,18555,2725,18996,26520,29,1,1
23850,6903,5871,40,23314,22643,2655,23514,38974,81,1,1
23851,3186,832,40,9969,9779,3557,10119,17744,16,1,1
23852,3767,741,41,8636,8446,1453,8797,14798,14,1,1
23853,6352,4248,40,14668,14117,1753,14868,27261,66,1,1
23854,3657,1162,40,13917,13676,3306,14067,22232,22,1,1
23855,7314,4378,40,20589,20058,5079,20790,37591,64,1,1
23856,6752,6121,40,16021,15340,1893,16221,31048,85,1,1
23857,6763,5170,40,20118,19527,3466,20309,35758,72,1,1
23858,3667,962,30,12955,12734,2214,13105,19988,19,1,1
23859,7063,4629,40,11923,11362,1362,12113,25207,66,1,1
23860,3075,822,40,12794,12614,3807,12955,20709,16,1,1
23861,6833,3246,40,27061,26580,4619,27241,41989,50,1,2
23862,6973,5891,40,16441,15780,2845,16642,32391,82,1,1
23863,7574,5200,40,20329,19697,2094,20519,35427,76,1,1
23864,3897,1663,40,10841,10539,1884,11001,18495,30,1,1
23865,6512,5661,40,12203,11572,1012,12404,25629,77,1,1
23866,3908,420,40,8105,7965,1443,8256,14077,10,1,1
23867,6182,4308,40,15449,14918,3556,15640,29716,64,1,1
23868,7855,4478,40,19838,19307,1633,20028,34044,64,1,1
23869,7504,6051,40,18606,17914,2274,18806,34686,85,1,1
23870,7434,4769,40,19557,18986,1623,19748,33614,69,1,1
23871,2766,601,40,9999,9829,1813,10149,15379,13,1,1
23872,6392,3697,40,11020,10520,1152,11202,22493,58,1,1
23873,3697,742,40,7234,7053,1032,7384,12915,15,1,1
23874,5972,3817,40,17423,16912,2235,17603,29677,59,1,1
23875,6993,2966,40,19176,18776,3817,19347,33153,44,1,1
23876,7464,6462,40,19927,19216,1633,20139,35748,89,1,1
23877,7154,4769,40,19407,18836,2274,19587,33824,67,1,1
23878,3757,821,40,9307,9117,2064,9468,16160,17,1,1
23879,4549,621,40,14197,13996,1192,14348,20760,13,1,2
23880,4338,732,40,5741,5560,1022,5901,12043,15,1,1
23881,8486,9177,40,19568,18645,1052,19788,38553,116,1,1
23882,6181,2956,40,19046,18656,8847,19226,37260,43,1,1
23883,7734,6933,40,20859,20098,1523,21059,37310,95,1,1
23884,6513,2865,40,19637,19227,3687,19818,32913,46,1,1
23885,5099,2394,40,9829,9468,1653,9999,19176,38,1,1
23886,4048,1513,40,8516,8246,1022,8676,15309,27,1,1
23887,4208,2244,41,16521,16190,1593,16692,24787,36,1,1
23888,5841,3386,41,34445,33984,4999,34626,48882,49,1,2
23889,5250,1142,40,17834,17603,1663,17994,26089,21,1,1
23890,3718,150,40,7885,7785,1002,8025,12945,3,1,1
23891,3446,341,40,5360,5220,1243,5510,10580,8,1,1
23892,2736,911,40,8285,8075,1163,8446,13296,19,1,1
23893,7104,5630,41,19426,18785,1432,19637,33844,78,1,1
23894,6442,1774,40,18114,17794,3287,18274,29817,32,1,1
23895,8055,7224,40,21812,21029,1162,22022,38513,98,1,1
23896,2454,111,40,17443,17343,9077,17583,29265,1,1,1
23897,4158,812,40,8306,8105,1252,8456,14728,16,1,1
23898,3807,1744,40,11552,11261,2324,11712,19637,30,1,1
23899,8215,6172,40,17062,16381,2104,17263,33804,85,1,1
23900,6562,5330,40,22984,22352,2435,23174,37541,76,1,1
23901,3386,581,40,17623,17453,3647,17773,25438,13,1,1
23902,7374,4038,40,20238,19738,4899,20419,36770,58,1,1
23903,13095,6943,40,28383,27682,10951,28604,59633,88,1,1
23904,4378,1182,40,9578,9347,7504,9739,22833,22,1,1
23905,7063,5300,40,17163,16552,5721,17353,35477,74,1,1
23906,2515,431,40,18034,17884,14447,18174,35607,9,1,1
23907,2165,581,40,17944,17784,7935,18094,28835,13,1,1
23908,3948,2144,40,17042,16712,2064,17213,25419,35,1,1
23909,6823,4279,40,15760,15239,2044,15950,29146,63,1,1
23910,4308,2565,40,14027,13646,2144,14197,23244,41,1,1
23911,6893,4890,40,15479,14898,1694,15679,29186,71,1,1
23912,3728,1072,40,18575,18365,12063,18725,35638,19,1,1
23913,1903,401,40,17654,17513,10710,17804,30858,9,1,1
23914,7725,7384,40,20719,19948,1142,20929,37231,98,1,1
23915,6452,4929,41,20749,20168,2284,20940,34665,71,1,1
23916,2635,431,40,18264,18104,15198,18415,36719,10,1,1
23917,11642,13696,40,21932,20650,10229,22182,57789,163,1,2
23918,4488,1964,40,11241,10911,1804,11401,19707,35,1,1
23919,6983,4488,40,16401,15850,1593,16592,29706,67,1,1
23920,6613,5681,40,20549,19898,2024,20749,35107,80,1,1
23921,2655,210,41,17583,17473,15179,17724,35808,5,1,1
23922,11802,14027,40,21811,20529,11332,22071,59282,164,1,2
23923,7184,6112,40,21160,20479,1172,21360,35888,85,1,1
23924,6432,5109,40,20879,20278,1163,21070,33824,73,1,1
23925,2785,320,40,17954,17814,15169,18094,36409,8,1,1
23926,16862,21401,40,6412,4649,17173,6722,62208,235,1,1
23927,4729,3487,40,19467,18996,15299,19647,43202,55,1,1
23928,6022,5119,40,15539,14928,1172,15740,28093,75,1,1
23929,7313,4920,40,14878,14327,1874,15078,29215,68,1,1
23930,7564,6092,40,20920,20239,1964,21120,36780,83,1,1
23931,2575,291,40,17743,17613,15369,17874,36159,6,1,1
23932,15900,20770,40,6412,4659,21380,6713,64813,234,1,1
23933,4850,4097,40,20889,20398,16502,21080,46579,58,1,1
23934,5010,4017,41,15559,15068,1242,15750,26069,58,1,1
23935,6943,3557,40,13345,12885,1573,13525,25638,54,1,1
23936,6552,5420,40,20178,19557,1854,20379,34245,76,1,1
23937,1943,151,40,17503,17403,14528,17633,34305,2,1,1
23938,15950,21872,40,6613,4810,15489,6933,60294,243,1,1
23939,4589,3586,40,20128,19687,11522,20319,40056,50,1,1
23940,5731,4779,40,15199,14628,1182,15389,27111,68,1,1
23941,6602,3808,40,13525,13045,2144,13706,26310,55,1,1
23942,7194,5801,40,21611,20970,1663,21821,36529,80,1,1
23943,2485,140,41,17603,17513,15149,17734,35558,2,1,1
23944,16030,21090,40,6533,4749,13155,6853,57178,239,1,1
23945,4999,2465,40,18966,18606,11242,19136,37892,40,1,1
23946,7905,6723,40,16862,16131,1133,17062,32873,90,1,1
23947,6162,4929,41,15429,14828,2304,15620,29055,71,1,1
23948,4158,401,40,11642,11502,1052,11782,17453,9,1,1
23949,3988,861,40,11743,11542,1643,11903,18435,18,1,1
23950,5710,932,40,18325,18115,16351,18475,41518,18,1,1
23951,2255,661,40,17824,17644,11291,17974,32221,14,1,1
23952,5821,4769,40,15680,15099,1222,15870,27732,70,1,1
23953,6202,4679,40,15630,15079,2064,15820,28815,66,1,1
23954,5671,1322,40,12022,11782,1593,12183,20800,23,1,1
23955,3287,601,40,29696,29485,18205,29846,51979,13,1,2
23956,7083,3587,40,20539,20098,13486,20719,44925,52,1,1
23957,2665,962,40,10279,10059,2554,10430,16661,19,1,1
23958,6322,4168,40,10931,10410,1112,11111,22763,62,1,1
23959,6773,4439,40,14587,14047,2424,14768,28464,64,1,1
23960,3357,1262,40,13726,13476,4539,13876,23074,23,1,1
23961,7504,5210,40,20920,20299,4749,21110,38623,75,1,1
23962,7174,5831,40,15911,15239,1923,16101,31079,81,1,1
23963,7203,6022,40,21070,20399,6492,21280,41037,84,1,1
23964,4178,1883,41,12844,12543,2084,13015,21200,32,1,1
23965,6272,4959,40,14839,14236,2675,15029,28995,72,1,1
23966,2865,721,41,13175,12984,4558,13316,21500,14,1,1
23967,6112,3827,40,20229,19728,2525,20409,32903,57,1,1
23968,6762,4920,40,16411,15800,2174,16601,30497,74,1,1
23969,7424,6192,40,21010,20339,1783,21230,36669,84,1,1
23970,3967,1263,40,10590,10349,2154,10750,18164,23,1,1
23971,5891,3126,40,9798,9368,1192,9979,20218,49,1,1
23972,6873,5841,40,15319,14648,1132,15520,29406,81,1,1
23973,2014,160,40,12012,11922,831,12153,15219,3,1,1
23974,17313,18906,40,23615,22042,5791,23905,65955,208,1,1
23975,7234,5881,40,16622,15981,1623,16822,31610,80,1,1
23976,7053,5611,40,20399,19778,6021,20599,39334,76,1,1
23977,4107,971,41,14367,14146,2174,14518,21821,19,1,1
23978,3637,391,40,8216,8095,1583,8366,14007,7,1,1
23979,5921,4228,40,11933,11392,1593,12113,23915,63,1,1
23980,4007,672,40,8205,8025,1522,8346,14597,15,1,1
23981,4418,2154,40,13976,13636,3407,14146,24156,37,1,1
23982,6573,4218,40,20158,19647,7294,20338,38483,61,1,1
23983,6813,5651,40,16621,15960,1844,16821,31169,81,1,1
23984,7103,4539,40,20238,19697,5270,20428,37390,66,1,1
23985,6022,4518,40,14358,13786,1292,14548,26410,68,1,1
23986,6212,4729,40,12113,11542,1433,12293,24717,69,1,1
23987,3306,731,40,12694,12503,3697,12845,20609,15,1,1
23988,6122,3046,40,19386,18966,4949,19567,33734,49,1,1
23989,7995,6021,41,17944,17242,1312,18145,33523,86,1,1
23990,6052,1873,40,18625,18324,6152,18796,32913,32,1,1
23991,3226,1082,40,9788,9548,2174,9949,16471,22,1,1
23992,4178,2415,40,8466,8095,1102,8636,16381,40,1,1
23993,6202,4368,40,12324,11803,1282,12504,24406,61,1,1
23994,3817,200,41,7985,7875,1573,8126,13766,5,1,1
23995,7153,5130,40,16512,15900,3857,16702,32892,74,1,1
23996,6322,4669,40,19848,19287,1633,20028,32702,66,1,1
23997,7013,5941,40,25528,24847,1443,25729,40166,84,1,1
23998,13285,4509,40,11081,10590,4839,11261,33954,58,1,1
23999,5270,1413,40,8486,8226,4819,8646,20198,26,1,1
24000,3316,902,40,6132,5932,2856,6282,13416,18,1,1
24001,2395,291,40,6712,6582,1352,6853,10951,7,1,1
24002,7414,6112,40,19146,18465,2144,19366,35067,86,1,1
24003,7394,4098,40,19527,19027,4238,19718,35498,60,1,1
24004,7675,6432,40,19657,18936,1623,19858,35638,89,1,1
24005,7104,4528,40,19436,18895,3697,19618,35007,64,1,1
24006,3738,1142,40,9849,9608,1803,9999,16732,22,1,1
24007,3897,1934,40,14768,14407,1253,14928,22062,34,1,2
24008,3757,300,41,5420,5300,1072,5571,10730,7,1,1
24009,1563,230,40,8637,8517,751,8767,11361,5,1,1
24010,15620,16491,40,19867,18435,1744,20138,54053,189,1,1
24011,7204,2695,40,18986,18615,7805,19156,36900,41,1,1
24012,6893,6121,40,20118,19417,1112,20319,34505,87,1,1
24013,5731,2705,41,18434,18034,3827,18606,30919,44,1,1
24014,4779,1984,40,10981,10670,2575,11141,20519,32,1,1
24015,3797,1333,40,8436,8186,1333,8596,15099,24,1,1
24016,2695,501,40,9558,9398,2925,9699,15870,11,1,1
24017,8236,6261,40,16611,15910,1393,16812,32742,86,1,1
24018,14568,10099,41,37090,36158,1092,37321,63130,116,1,2
24019,5791,1202,40,17924,17694,1814,18084,26931,22,1,1
24020,3607,150,40,7965,7875,972,8105,12884,3,1,1
24021,3186,161,40,5220,5130,1272,5360,10029,3,1,1
24022,3056,2054,40,24236,23885,2876,24406,32422,34,1,2
24023,6472,5120,40,20659,20058,2736,20849,35237,73,1,1
24024,7344,1522,40,17904,17633,1723,18075,28704,28,1,1
24025,2696,591,40,18325,18174,9107,18475,30909,11,1,1
24026,3697,250,40,7734,7614,1303,7874,13175,5,1,1
24027,3827,2174,40,16692,16340,2475,16842,25378,37,1,1
24028,6422,5170,40,22362,21751,2084,22552,36268,74,1,1
24029,13936,11693,40,25047,23915,1172,25298,52149,146,1,1
24030,6482,4138,40,20078,19577,8156,20258,39094,59,1,1
24031,4057,1934,40,13506,13175,2224,13676,21931,35,1,1
24032,2896,1703,40,13806,13506,3196,13967,21812,30,1,1
24033,7424,6512,40,21611,20890,2004,21811,37801,88,1,1
24034,2595,350,40,17784,17653,12464,17934,33373,8,1,1
24035,1974,461,40,17623,17483,7835,17773,28083,9,1,1
24036,4468,2004,40,12905,12604,2384,13075,21981,32,1,1
24037,6873,5039,40,15689,15098,2334,15880,30187,71,1,1
24038,7384,6592,40,21762,21030,1703,21962,37691,90,1,1
24039,2595,521,40,18064,17914,10540,18205,31911,10,1,1
24040,4789,3056,40,20900,20498,15540,21080,44505,47,1,1
24041,7324,6953,40,20209,19447,1062,20419,35798,95,1,1
24042,6272,4959,41,20098,19497,1823,20289,33373,71,1,1
24043,3928,250,41,11221,11101,1964,11362,17534,5,1,1
24044,12494,6712,40,21040,20358,14898,21260,55395,85,1,1
24045,6182,2305,40,18585,18254,16491,18755,43793,36,1,1
24046,15860,17813,40,24787,23304,1122,25068,59923,197,1,1
24047,6192,5049,40,19697,19106,2595,19888,33784,72,1,1
24048,2565,210,41,17853,17743,16330,18004,37150,5,1,1
24049,4579,3707,40,19257,18745,12644,19437,40417,56,1,2
24050,2915,1173,40,17693,17443,2294,17844,24286,23,1,1
24051,6382,5030,40,19847,19246,2935,20048,34435,74,1,1
24052,2555,281,40,17774,17653,15159,17924,35969,6,1,1
24053,15971,21771,40,6573,4769,17904,6883,62559,240,1,1
24054,9929,6873,41,20488,19747,14968,20689,52500,91,1,1
24055,5551,4789,40,20329,19768,1222,20519,32121,68,1,1
24056,6672,5581,40,20609,19968,2034,20799,35136,78,1,1
24057,2364,290,40,17744,17604,14958,17894,35547,7,1,1
24058,13085,15219,40,22212,20829,10621,22482,61437,177,1,2
24059,5731,4809,40,20129,19547,1262,20329,32171,70,1,1
24060,5911,5160,40,21531,20970,1994,21721,34826,67,1,1
24061,1863,140,40,17773,17683,14698,17914,34655,2,1,1
24062,16782,21751,40,6563,4769,16170,6873,61616,240,1,1
24063,7334,4378,40,20179,19648,12143,20369,44274,63,1,1
24064,5721,4769,40,15309,14738,1212,15489,27231,68,1,1
24065,6643,3396,40,13446,13005,1984,13626,25679,51,1,1
24066,6342,4919,40,15088,14507,1704,15279,28294,69,1,1
24067,4689,1623,40,12363,12063,1613,12524,20489,30,1,1
24068,2084,201,40,18174,18064,15089,18314,35728,4,1,1
24069,16050,21511,40,6502,4729,17002,6813,61426,238,1,1
24070,4749,2826,40,19457,19056,13876,19627,41128,44,1,1
24071,5080,3637,30,14137,13646,1282,14317,24356,57,1,1
24072,4809,1583,41,12603,12323,1613,12774,20830,29,1,1
24073,6542,4929,40,16090,15519,2024,16291,29826,69,1,1
24074,3577,591,40,29155,28945,6483,29295,39996,13,1,2
24075,6612,2184,41,18725,18384,6372,18896,34114,37,1,1
24076,3166,791,40,13045,12845,2595,13195,19807,16,1,1
24077,6272,4638,40,14547,13986,2225,14738,27923,67,1,1
24078,3957,762,40,11782,11582,1643,11932,18344,16,1,1
24079,3236,1212,40,30357,30067,19377,30508,54383,22,1,2
24080,1984,671,40,17864,17694,14939,18014,35668,14,1,1
24081,15479,20749,40,6372,4639,2976,6683,45917,232,1,1
24082,4689,3917,41,14166,13676,1673,14347,24677,58,1,1
24083,6312,4779,41,15900,15319,2014,16091,29256,71,1,1
24084,3326,962,40,13456,13245,4298,13606,22232,18,1,1
24085,6282,3997,41,20679,20168,2935,20870,34114,60,1,1
24086,7304,5831,41,16421,15759,2114,16632,31911,83,1,1
24087,7824,6122,40,21090,20399,3597,21290,38893,85,1,1
24088,17173,6181,40,18795,18164,15921,18996,58311,78,1,1
24089,3247,1082,40,8496,8266,7945,8646,20960,20,1,1
24090,1874,400,40,8295,8165,9297,8445,20048,8,1,1
24091,16040,20910,41,17483,15709,13636,17794,68430,236,1,1
24092,15519,18125,40,27893,26320,1152,28193,63029,209,1,1
24093,6903,5931,40,16862,16181,2134,17062,32070,84,1,1
24094,7203,6032,40,20449,19778,2535,20649,36479,83,1,1
24095,3446,1784,40,14407,14127,3607,14567,23454,29,1,1
24096,6342,4399,40,14227,13706,1994,14417,27192,62,1,1
24097,2575,761,40,13365,13175,872,13516,17764,15,1,1
24098,17182,18375,40,24195,22633,4809,24497,64903,207,1,1
24099,6803,5210,40,16041,15460,1994,16231,30298,71,1,1
24100,6803,5410,40,20349,19738,3487,20539,36289,74,1,1
24101,2124,221,40,9899,9788,2274,10049,14698,5,1,1
24102,3767,481,41,8075,7925,1453,8226,13967,11,1,1
24103,7424,5480,40,12233,11602,1483,12434,26871,78,1,1
24104,3477,531,40,7945,7775,1563,8095,13696,12,1,1
24105,6783,3727,40,14598,14137,3036,14788,28374,55,1,1
24106,7734,4569,40,20769,20209,3967,20960,37280,67,1,1
24107,7183,6151,40,16963,16270,1483,17173,32051,86,1,1
24108,7304,5891,40,20619,19978,3777,20820,37852,80,1,1
24109,3727,1213,40,9869,9648,1773,10029,16792,21,1,1
24110,5480,3467,40,36259,35137,2524,36669,48351,51,1,1
24111,7754,3116,280,59854,59202,1443,60495,72908,18,1,2
24112,29325,32502,80,54944,52129,2154,55565,119636,181,1,1
24113,8887,6773,80,33083,32241,1403,33433,50586,48,1,1
24114,10289,8066,80,38683,37742,8967,39054,66466,55,1,1
24115,4588,1423,81,17152,16801,2605,17453,26159,14,1,1
24116,5992,2985,80,14527,13997,1883,14849,25799,26,1,1
24117,9357,7033,80,20349,19496,1894,20699,39074,48,1,1
24118,4198,200,80,14687,14507,2414,14989,21891,1,1,1
24119,6653,4008,80,26901,26270,4068,27211,42040,32,1,1
24120,5461,3777,80,56517,55936,12443,56787,78539,32,1,2
24121,2745,1032,40,18485,18244,7975,18636,30428,19,1,1
24122,3887,1303,40,10480,10240,1713,10630,17573,22,1,1
24123,5952,4047,40,11201,10730,1192,11392,22613,55,1,1
24124,4358,1002,40,21120,20870,1844,21270,28514,18,1,2
24125,7063,2726,40,33183,32792,8646,33343,51828,38,1,2
24126,7294,4018,40,19086,18606,4930,19266,35558,55,1,1
24127,4919,2324,40,10239,9909,1703,10410,19406,36,1,1
24128,4559,1293,40,8826,8596,1593,8987,16472,22,1,1
24129,3818,421,40,6843,6693,1082,6983,12354,9,1,1
24130,3948,731,40,5791,5601,1122,5941,11772,15,1,1
24131,2044,1002,40,14608,14387,3206,14758,21050,19,1,1
24132,17423,13756,40,41409,40226,5991,41659,78879,149,1,2
24133,4548,2214,40,18445,18104,4298,18615,29726,35,1,1
24134,3927,170,40,8336,8236,1332,8476,13956,3,1,1
24135,4538,1523,40,6442,6182,1152,6603,13846,26,1,1
24136,3136,1052,40,10149,9909,1573,10289,16110,21,1,1
24137,4048,1874,40,10961,10670,2304,11131,19397,31,1,1
24138,7223,6122,40,16602,15961,1893,16802,32100,80,1,1
24139,6672,3497,40,18946,18485,3387,19116,32712,51,1,1
24140,7765,7043,40,22242,21501,1232,22453,38543,93,1,1
24141,4729,1543,41,18094,17793,2725,18255,27302,29,1,1
24142,4489,821,40,7595,7394,1022,7745,14127,17,1,1
24143,2524,111,40,5360,5270,1553,5510,9738,1,1,1
24144,4288,3056,40,11612,11181,2024,11792,21190,47,1,1
24145,7885,6112,40,17734,17072,2234,17924,34205,81,1,1
24146,6082,2144,40,32372,32001,1773,32542,42581,35,1,2
24147,7094,6282,40,17583,16882,1844,17783,33033,85,1,1
24148,3317,270,40,18085,17964,9438,18235,31300,7,1,1
24149,3517,391,40,7624,7484,1032,7775,12765,9,1,1
24150,5581,3767,40,18115,17644,2975,18305,30678,57,1,1
24151,6843,5361,40,21811,21210,2245,22011,36510,74,1,1
24152,17172,14186,40,24927,23715,10690,25188,67287,160,1,1
24153,2034,932,40,18275,18084,8185,18425,29626,16,1,1
24154,3747,1242,40,19917,19677,2515,20068,27622,21,1,1
24155,7224,5270,40,16311,15690,2204,16501,31239,75,1,1
24156,6272,5350,40,20759,20158,2004,20949,34615,72,1,1
24157,2535,471,40,18004,17844,14217,18154,35427,11,1,1
24158,2184,942,40,18185,17974,8285,18345,29796,18,1,1
24159,3937,1523,41,14176,13906,4117,14327,23955,26,1,1
24160,8998,7804,40,16902,16120,2414,17133,36379,100,1,1
24161,6552,5310,40,16071,15440,1723,16261,29906,77,1,1
24162,7033,5461,40,16030,15399,1734,16220,30508,76,1,1
24163,3136,882,40,18866,18675,12644,19016,35728,16,1,1
24164,2094,722,40,18234,18064,12123,18395,33384,14,1,1
24165,7564,7815,40,22072,21261,1092,22292,38803,103,1,1
24166,6181,4509,40,20259,19728,2344,20459,33523,64,1,1
24167,3086,571,40,18194,18034,12043,18344,34084,12,1,1
24168,2074,721,40,17904,17714,12063,18034,32952,14,1,1
24169,6292,5370,30,14788,14186,1142,14989,27823,73,1,1
24170,7083,4739,41,15088,14527,2084,15279,29225,67,1,1
24171,7204,5741,40,19827,19206,1683,20028,34686,77,1,1
24172,17132,8517,40,22072,21250,14587,22282,62568,104,1,1
24173,7425,3646,40,19266,18825,14688,19447,45246,51,1,1
24174,7695,7624,41,21741,20919,1032,21952,38363,104,1,1
24175,5872,4268,40,19847,19307,2394,20028,32622,64,1,1
24176,2886,371,40,17673,17533,15089,17813,36219,8,1,1
24177,15940,22413,40,6683,4870,15319,7003,60715,244,1,1
24178,4709,3547,40,20028,19567,12594,20198,41088,52,1,1
24179,2605,882,40,14217,14027,2215,14367,20119,17,1,1
24180,5501,2825,40,15320,14918,1432,15490,25288,46,1,1
24181,6973,6122,41,20989,20368,2455,21430,37010,76,1,1
24182,3186,531,41,18204,18034,15590,18355,37702,11,1,1
24183,2294,812,40,17753,17573,13385,17904,34445,14,1,1
24184,11261,4589,40,11893,11382,18806,12093,46779,62,1,1
24185,3507,1763,40,11382,11111,13085,11542,29947,28,1,1
24186,16642,22202,40,22202,20409,8717,22522,70133,241,1,1
24187,1312,331,40,8205,8075,8616,8346,18655,7,1,1
24188,16721,21862,40,23214,21401,18385,23524,80542,243,1,1
24189,1483,100,40,17493,17403,14337,17633,33604,1,1,1
24190,16582,21450,40,6592,4789,19347,6913,64332,242,1,1
24191,4328,2545,40,19006,18645,14297,19176,40386,40,1,1
24192,6162,4238,40,15028,14488,1272,15209,26941,63,1,1
24193,7274,4057,41,13746,13245,1743,13937,27051,60,1,1
24194,6352,5581,40,16421,15800,1683,16621,30287,76,1,1
24195,3857,1112,40,30167,29906,18405,30317,53731,19,1,2
24196,1994,621,40,17984,17813,15680,18135,36470,13,1,1
24197,3156,1773,40,11782,11472,792,11943,17714,29,1,2
24198,7524,5621,40,13716,13075,1052,13916,28143,79,1,1
24199,5170,2275,40,12544,12193,1573,12704,21782,37,1,1
24200,7254,5721,40,16662,15990,1713,16862,31590,83,1,1
24201,3066,401,40,29927,29747,12614,30077,46198,8,1,2
24202,2725,1052,40,18094,17864,10349,18245,32421,20,1,1
24203,6753,6091,40,14908,14237,1082,15109,29085,84,1,1
24204,6282,5871,40,14428,13897,1873,14618,28684,64,1,1
24205,4208,411,40,11632,11502,1713,11782,18154,8,1,1
24206,4900,1763,40,30368,30027,12283,30528,49514,29,1,2
24207,1733,281,40,17854,17714,8326,17984,28374,6,1,1
24208,3647,1402,41,10600,10339,1933,10761,17783,26,1,1
24209,4038,1383,40,9418,9157,1553,9568,16592,26,1,1
24210,6011,5079,40,14568,13977,2154,14768,28063,72,1,1
24211,3707,1333,40,13957,13706,4248,14107,23455,23,1,1
24212,6783,4328,40,20899,20378,3667,21090,35918,62,1,1
24213,7634,5631,40,16321,15680,1844,16521,31670,79,1,1
24214,6963,5571,40,20909,20278,5179,21110,38863,77,1,1
24215,4268,1924,40,13105,12774,2094,13265,21601,34,1,1
24216,5911,4499,40,14017,13446,2525,14207,27182,67,1,1
24217,3477,1112,40,12935,12714,4408,13085,22132,20,1,1
24218,6363,4809,40,20569,19998,4669,20759,36640,68,1,1
24219,7033,5942,40,17112,16431,1944,17312,32271,84,1,1
24220,7504,5290,40,20960,20329,3687,21170,37691,78,1,1
24221,3266,952,40,10319,10129,2414,10469,17162,16,1,1
24222,6522,3807,41,9868,9377,1153,10049,21571,56,1,1
24223,8296,8606,40,15961,15108,972,16171,34095,108,1,1
24224,2726,691,40,13085,12915,4288,13235,21000,14,1,1
24225,6211,3858,40,32011,31490,6091,32191,48381,55,1,2
24226,6091,3176,40,19317,18896,7154,19497,35968,49,1,1
24227,3407,1162,40,11191,10961,2174,11331,18124,21,1,1
24228,6853,4969,40,13265,12674,1573,13456,26891,71,1,1
24229,3957,281,40,7584,7464,1463,7724,13475,6,1,1
24230,3216,752,40,8396,8205,1653,8536,14207,15,1,1
24231,5511,4067,41,15569,15068,3326,15760,28704,60,1,1
24232,6101,3958,40,19848,19347,1894,20038,32041,60,1,1
24233,8486,7985,40,23905,23194,1813,24126,42440,90,1,1
24234,3176,682,40,9889,9718,2955,10039,16912,14,1,1
24235,7544,5130,40,19127,18495,1513,19317,33544,72,1,2
24236,3386,1173,40,13105,12864,3947,13255,21821,22,1,1
24237,6282,3637,40,19597,19136,5921,19777,35667,55,1,1
24238,7093,6383,40,18375,17673,1322,18575,33423,86,1,1
24239,6773,4128,40,19467,18926,2665,19647,33273,63,1,1
24240,3436,762,40,10730,10540,2014,10890,17142,16,1,1
24241,6282,4048,40,11081,10600,1343,11271,22994,58,1,1
24242,3727,1343,40,14598,14347,2444,14758,22332,25,1,1
24243,17152,11793,40,21862,20840,1984,22102,53071,132,1,1
24244,7695,6633,40,18806,18074,1382,19006,34766,91,1,1
24245,6663,4558,40,19196,18665,3347,19387,33995,64,1,1
24246,3546,762,40,9708,9528,1734,9858,15950,15,1,1
24247,4037,1262,40,8276,8035,1092,8436,14878,23,1,1
24248,7113,5080,40,11492,10911,992,11682,24907,70,1,1
24249,3186,1332,41,14637,14387,2756,14798,22112,23,1,1
24250,6923,4338,41,36038,35467,12333,36219,59853,62,1,2
24251,5751,3076,40,18776,18365,5650,18956,33483,47,1,1
24252,3887,1152,40,9958,9718,1853,10120,17062,23,1,1
24253,3777,1423,40,8346,8075,992,8506,14758,27,1,1
24254,4137,901,40,7044,6822,1102,7184,13385,18,1,1
24255,3987,902,40,5861,5651,1213,6011,12153,18,1,1
24256,2474,1293,40,14778,14538,3597,14938,22342,23,1,1
24257,7133,3807,40,18986,18505,2665,19186,32822,57,1,1
24258,6462,5290,40,20388,19777,1223,20579,33604,74,1,1
24259,2795,110,40,7384,7293,1282,7525,11762,1,1,1
24260,6732,4789,30,20599,20028,1523,20790,33884,68,1,1
24261,4047,662,40,5701,5520,1022,5851,11642,15,1,1
24262,3006,731,41,8636,8446,1703,8777,14267,15,1,1
24263,7434,7143,41,19316,18545,1243,19527,35397,97,1,1
24264,6392,2605,40,18625,18255,3407,18785,31249,40,1,1
24265,8587,7794,40,20539,19717,1422,20750,38603,103,1,1
24266,6161,451,40,17584,17443,2044,17734,26440,10,1,1
24267,3957,681,41,7504,7324,962,7655,13315,15,1,1
24268,1854,210,40,6813,6713,581,6963,9658,4,1,1
24269,13165,13185,40,19537,18315,1112,19797,47299,160,1,1
24270,6482,5200,40,23675,23053,2004,23865,37591,75,1,1
24271,6402,1673,40,18024,17734,2544,18194,28854,29,1,1
24272,4439,1763,40,19066,18786,6272,19236,31760,30,1,1
24273,4158,922,40,8025,7825,1072,8185,14387,18,1,1
24274,7003,5250,40,17373,16752,2024,17573,31880,75,1,1
24275,7174,5410,40,21761,21140,2024,21961,36619,76,1,1
24276,2935,571,40,18124,17954,12564,18275,34395,13,1,1
24277,4609,1934,40,19166,18846,7074,19326,32993,33,1,1
24278,3897,1463,40,13285,13015,2184,13445,21049,27,1,1
24279,6642,4990,40,16511,15920,2304,16722,30688,73,1,1
24280,6523,5169,40,21691,21080,2124,21892,35758,75,1,1
24281,13817,8917,40,22162,21290,9308,22382,54474,111,1,1
24282,4579,1954,40,18846,18525,7694,19016,33293,34,1,1
24283,1993,151,40,16080,15990,12664,16220,31058,2,1,1
24284,10230,11612,40,22102,21000,11462,22352,55696,143,1,1
24285,3517,1132,40,9488,9247,8886,9629,23224,21,1,1
24286,8627,7454,40,19307,18515,6202,19527,41840,101,1,1
24287,16371,11722,40,24717,23635,11452,24977,64562,141,1,1
24288,1353,481,40,17513,17363,14528,17653,34065,9,1,1
24289,8526,7765,40,20599,19758,2034,20819,39194,104,1,2
24290,6292,4749,40,20679,20118,1983,20870,33924,68,1,1
24291,14357,9818,40,22572,21631,16060,22804,63079,121,1,1
24292,5901,3256,40,19016,18606,14468,19186,42861,46,1,1
24293,5891,4849,40,15850,15249,1152,16040,27983,72,1,1
24294,6733,4198,30,13996,13485,2043,14186,27201,60,1,1
24295,6643,5130,40,19998,19387,2445,20198,34456,75,1,1
24296,2535,160,40,17503,17403,10890,17644,31269,3,1,1
24297,2625,391,40,17614,17474,15589,17764,36409,9,1,1
24298,9077,8376,40,15870,14949,2324,16080,35898,111,1,2
24299,7033,4128,40,14227,13716,2275,14417,27903,62,1,1
24300,6642,4519,40,19497,18946,1683,19687,32581,66,1,1
24301,3487,681,40,18445,18255,16071,18585,38864,14,1,1
24302,15920,21531,40,23966,22152,13886,24276,75643,237,1,2
24303,4228,2635,40,15239,14868,1653,15409,23966,40,1,1
24304,6843,3407,40,13035,12594,1893,13215,25408,52,1,1
24305,6322,5220,40,20068,19457,1994,20258,33844,74,1,1
24306,2535,411,40,18304,18164,15689,18444,37130,8,1,1
24307,16942,18265,41,23183,21620,14677,23465,73399,204,1,2
24308,7144,5069,40,16031,15429,1142,16221,29626,72,1,1
24309,6583,3536,40,13385,12944,2094,13566,25819,52,1,1
24310,7103,5150,40,19978,19357,1914,20178,34375,75,1,1
24311,2134,180,40,17624,17524,721,17764,20849,3,1,1
24312,17824,10510,40,3497,2525,26480,3737,58591,126,1,1
24313,9468,6703,30,21000,20278,11031,21200,48452,89,1,1
24314,5700,4658,40,19777,19246,1263,19968,31640,65,1,1
24315,5971,4969,40,16751,16180,2194,16953,30117,71,1,1
24316,14818,6523,40,31991,31269,17884,32191,71466,83,1,2
24317,2865,481,40,17854,17694,15059,17994,36449,11,1,1
24318,2805,742,40,12804,12614,2265,12954,18826,15,1,1
24319,4569,681,40,11823,11632,1793,11973,19056,14,1,1
24320,7003,5240,40,16171,15570,1803,16381,30467,74,1,1
24321,2545,290,40,17704,17564,15018,17844,35747,7,1,1
24322,16180,21251,40,6312,4589,3607,6622,47720,232,1,1
24323,4548,3637,40,15229,14768,1864,15409,25508,54,1,1
24324,4929,2345,40,19216,18856,15239,19376,41939,39,1,1
24325,12954,13837,40,21080,19818,1132,21350,49313,167,1,1
24326,6542,5400,30,15369,14748,2034,15560,29576,75,1,1
24327,3798,280,40,11562,11432,1724,11712,17564,7,1,1
24328,5400,1593,40,18394,18114,15399,18556,40998,29,1,1
24329,6382,5280,40,16061,15460,1773,16261,29746,74,1,1
24330,5911,2084,40,18655,18334,14498,18826,41359,33,1,1
24331,5660,4829,40,15529,14938,1142,15720,27411,72,1,1
24332,6041,4449,40,14407,13856,2214,14597,27351,67,1,1
24333,3086,982,40,12864,12654,4309,13014,21441,18,1,1
24334,6202,3837,40,20258,19767,3627,20439,34165,59,1,1
24335,6893,5421,40,15900,15269,1743,16110,30207,79,1,1
24336,7154,5751,40,21000,20349,5541,21210,39706,81,1,1
24337,3326,1373,40,10399,10139,1813,10550,17122,25,1,1
24338,5170,2865,31,9487,9097,1242,9659,18986,42,1,1
24339,6813,4829,40,14948,14367,1924,15139,28745,70,1,1
24340,3046,931,40,13375,13185,4198,13525,21761,17,1,1
24341,5841,3306,40,20018,19587,5481,20198,34876,50,1,1
24342,7084,5570,40,15760,15138,1693,15961,30358,77,1,1
24343,7394,5440,40,20589,19988,5210,20789,38883,74,1,1
24344,3787,1283,40,10269,10029,2084,10419,17623,22,1,1
24345,6011,3176,40,9549,9097,1182,9719,20138,51,1,1
24346,5510,4178,40,14708,14197,1654,14888,26270,61,1,1
24347,2845,511,40,12855,12704,4128,12995,20529,10,1,1
24348,7734,2976,40,19527,19127,9277,19707,39745,46,1,1
24349,5801,4338,40,15389,14868,2485,15579,28243,63,1,1
24350,7254,4308,40,20018,19467,4519,20198,36339,65,1,1
24351,5530,4168,40,12403,11892,1012,12604,23344,62,1,1
24352,7154,5070,40,12413,11812,1313,12603,26180,73,1,1
24353,4138,731,40,7875,7674,1423,8025,14347,16,1,1
24354,4779,862,40,8086,7875,1402,8246,15319,19,1,1
24355,6983,5400,40,16281,15660,2786,16481,31700,77,1,1
24356,7144,5400,41,21079,20438,1362,21281,35237,79,1,1
24357,7083,5901,41,17152,16481,2084,17353,32461,83,1,1
24358,7003,5711,40,20369,19707,1382,20569,34705,81,1,1
24359,3957,722,40,10149,9969,2685,10299,17713,15,1,1
24360,6041,3557,40,11682,11221,1463,11872,22963,54,1,1
24361,3687,441,40,7945,7785,1463,8095,13726,10,1,1
24362,3075,1193,40,13175,12924,3657,13325,21290,23,1,1
24363,8586,4399,40,19908,19357,4538,20088,37661,65,1,1
24364,6974,5320,40,18134,17503,1352,18335,32021,78,1,1
24365,8556,6453,40,20358,19627,2234,20558,37852,91,1,1
24366,2725,431,40,7695,7555,1343,7845,12394,9,1,1
24367,5140,2504,41,7814,7454,1272,7996,16942,39,1,1
24368,5771,3496,40,10660,10199,1423,10841,21561,53,1,1
24369,4228,591,40,6793,6623,1032,6943,12854,13,1,1
24370,2565,902,40,14077,13877,2805,14237,20549,17,1,1
24371,17202,10159,40,21561,20639,5580,21782,54763,117,1,1
24372,6963,6001,41,18164,17503,1313,18365,32682,82,1,1
24373,7123,4639,41,19376,18835,3727,19567,35106,64,1,1
24374,3937,1032,40,10029,9808,1783,10180,16972,19,1,1
24375,6292,3667,40,11211,10740,1042,11401,22452,56,1,1
24376,2846,911,41,14587,14387,2705,14738,21250,18,1,1
24377,8036,2985,41,27622,27171,6542,27803,45416,48,1,2
24378,8295,7735,40,18075,17253,1693,18285,36058,103,1,1
24379,7454,3206,40,18755,18325,1884,18926,31520,48,1,1
24380,2675,160,40,8066,7966,7935,8206,19026,3,1,1
24381,6492,2936,40,7003,6603,5711,7173,22342,44,1,1
24382,1373,451,40,8005,7875,4028,8155,14047,9,1,1
24383,3778,501,40,6803,6632,1202,6953,12484,13,1,1
24384,4809,1744,40,22693,22372,1623,22863,31079,30,1,2
24385,6753,5500,40,19597,18956,1543,19808,33644,78,1,1
24386,4969,1453,40,18055,17774,1583,18215,26260,28,1,1
24387,3596,1664,40,19006,18715,2725,19166,27191,28,1,1
24388,3747,391,40,8356,8215,1292,8506,13966,9,1,1
24389,3767,351,40,5300,5170,982,5450,10600,8,1,1
24390,3307,430,40,7794,7634,971,7945,12704,11,1,1
24391,8205,8306,40,21812,20970,1002,22032,39585,107,1,1
24392,6252,3798,40,34134,33623,4538,34315,48953,56,1,2
24393,4218,360,40,17613,17473,2234,17754,24606,8,1,1
24394,4288,1303,40,8236,7975,961,8386,14998,25,1,1
24395,2334,401,40,9408,9278,3056,9548,15379,8,1,1
24396,7123,4949,40,15429,14828,2244,15620,29987,72,1,1
24397,6532,5631,40,15349,14708,1363,15559,29125,79,1,1
24398,6542,4910,40,16251,15660,2545,16441,30478,71,1,1
24399,4408,541,40,17804,17634,3136,17954,26089,13,1,1
24400,5160,3056,40,19958,19557,7434,20138,35828,45,1,1
24401,3617,330,41,7303,7163,1192,7445,12634,8,1,1
24402,6993,5320,40,17844,17222,1382,18045,31780,76,1,1
24403,7133,5791,40,16291,15649,2325,16491,31790,79,1,1
24404,6812,5169,40,15339,14728,2194,15540,29756,75,1,1
24405,15740,9157,40,22202,21310,9258,22423,56628,113,1,1
24406,2214,521,40,17824,17684,8025,17974,28784,10,1,1
24407,3026,1132,41,16992,16761,2665,17143,24016,20,1,1
24408,6772,5030,40,15920,15319,1903,16131,29886,74,1,1
24409,2886,2234,40,14578,14227,2655,14738,22563,36,1,1
24410,7976,6923,40,16441,15690,1764,16641,33364,94,1,1
24411,3036,691,40,18165,18004,15299,18315,37401,13,1,1
24412,2314,742,40,17723,17543,9147,17874,30127,14,1,1
24413,2756,1072,40,10199,9969,2355,10339,16572,20,1,1
24414,7394,4649,40,16281,15720,1383,16471,29957,68,1,1
24415,7123,5801,40,21410,20739,1263,21611,35838,81,1,1
24416,2786,901,41,18074,17874,13395,18225,35337,16,1,1
24417,2154,661,41,17813,17643,12113,17964,32952,13,1,1
24418,8606,7194,40,20800,20038,1082,21020,37932,95,1,1
24419,6232,4899,40,20830,20239,2294,21020,34495,71,1,1
24420,2164,150,41,17423,17312,14507,17554,34425,3,1,1
24421,9929,7114,40,20308,19567,11432,20518,49043,90,1,2
24422,6443,4709,40,16271,15700,1162,16461,28835,69,1,1
24423,6923,5040,40,17072,16471,1223,17262,30498,72,1,1
24424,6583,4929,40,20599,20007,2354,20800,34716,72,1,1
24425,3576,702,40,18415,18235,16351,18565,39234,14,1,1
24426,8777,6382,40,19958,19226,11331,20168,46688,88,1,2
24427,3737,1583,40,13526,13245,3727,13686,22773,29,1,1
24428,7113,3998,40,14167,13666,2174,14347,27662,58,1,1
24429,6463,5059,40,20198,19607,2024,20399,33995,73,1,1
24430,2885,611,40,18055,17873,15209,18205,36950,14,1,1
24431,16792,21441,40,6483,4698,14858,6793,59924,238,1,1
24432,8917,7013,40,20549,19847,12824,20750,49564,88,1,1
24433,5150,3898,40,19296,18806,1462,19477,30037,57,1,1
24434,6322,4719,40,20168,19597,1863,20359,33313,69,1,1
24435,1734,110,40,17413,17323,14437,17543,33884,1,1,1
24436,5320,3947,40,19527,18986,13365,19708,42390,59,1,2
24437,3206,1253,40,15900,15650,2235,16050,22794,23,1,1
24438,7575,3887,40,13496,13004,1773,13676,26941,56,1,1
24439,7444,6613,40,20960,20218,1222,21170,36489,93,1,1
24440,2104,110,40,17203,17113,14257,17333,33854,1,1,1
24441,15920,21792,40,6492,4719,17383,6813,61958,239,1,1
24442,7855,4979,41,19927,19346,12274,20118,45256,69,1,1
24443,5591,4008,40,15299,14808,1252,15479,26370,58,1,1
24444,4559,1022,40,12063,11832,1583,12213,19427,21,1,1
24445,6342,5380,30,16492,15880,2023,16682,30467,74,1,1
24446,3867,1323,40,12393,12133,1573,12553,19366,25,1,1
24447,4158,1022,40,18154,17934,13075,18314,36619,21,1,1
24448,2444,1002,40,18035,17824,10359,18195,32040,19,1,1
24449,5170,3697,41,14457,13966,1313,14638,24848,56,1,1
24450,4478,972,40,12133,11913,1614,12293,19397,20,1,1
24451,6893,5431,40,16241,15600,1994,16431,30799,78,1,1
24452,3897,1152,41,29556,29295,17884,29717,52690,20,1,2
24453,4929,1343,40,18124,17864,9378,18284,33974,26,1,1
24454,2424,842,40,12304,12123,2665,12454,18425,15,1,1
24455,6061,4729,41,15268,14707,2324,15460,28634,69,1,1
24456,3737,191,40,11351,11241,1933,11492,17403,4,1,1
24457,6563,3316,40,20008,19598,6373,20178,36470,48,1,1
24458,7565,6372,40,16592,15900,1803,16792,32582,87,1,1
24459,7214,5540,40,20790,20168,4759,20990,38543,77,1,1
24460,3416,1533,41,13175,12894,2094,13336,20419,27,1,1
24461,6091,4258,40,14308,13796,2284,14508,27191,62,1,1
24462,3066,791,40,12795,12613,4098,12945,20950,15,1,1
24463,6342,3617,40,20369,19898,3106,20549,33654,55,1,1
24464,6873,5490,40,15360,14727,1763,15560,29726,79,1,1
24465,7795,5200,40,20829,20198,5270,21030,39345,76,1,1
24466,3066,832,40,11432,11231,2524,11572,18044,17,1,1
24467,5851,2474,40,9337,8957,1433,9508,19296,42,1,1
24468,2876,1733,40,13867,13575,2404,14027,21080,29,1,1
24469,14157,15650,40,19657,18305,1343,19927,51107,178,1,1
24470,7504,4409,40,20248,19747,5250,20428,37631,58,1,1
24471,7374,6022,40,16451,15780,1743,16651,31820,82,1,1
24472,6903,5470,40,20349,19708,2435,20539,35387,77,1,1
24473,14137,4619,40,15520,14989,18064,15700,52570,62,1,1
24474,6763,862,40,5961,5771,10039,6121,23835,17,1,1
24475,16031,20609,40,15840,14147,16692,16150,69532,227,1,1
24476,2885,1123,40,21891,21671,5541,22041,31650,20,1,1
24477,3046,1513,40,11041,10780,3737,11191,19537,26,1,1
24478,2154,271,40,11932,11812,4428,12083,18976,6,1,1
24479,6482,4429,40,20048,19517,5871,20238,37070,64,1,1
24480,7234,6102,40,15579,14918,1793,15780,30939,82,1,1
24481,6703,4729,40,20348,19787,2996,20538,34996,67,1,1
24482,3286,1203,40,9738,9488,1824,9878,16251,23,1,1
24483,3657,271,40,7955,7825,1503,8105,13576,7,1,1
24484,6853,5260,40,12274,11652,1312,12464,25949,75,1,1
24485,3477,260,40,7824,7684,1773,7966,13506,7,1,1
24486,8005,6913,40,16461,15720,2054,16671,33674,94,1,1
24487,7785,4819,40,20268,19697,3777,20459,36870,70,1,1
24488,7063,5611,40,16561,15900,1744,16751,31219,81,1,1
24489,7304,5310,40,20168,19557,3337,20368,36369,76,1,1
24490,3126,591,40,9798,9638,2074,9939,15780,12,1,1
24491,6673,3787,40,10931,10470,1353,11111,22974,54,1,1
24492,4018,350,40,7986,7854,1503,8136,14047,8,1,1
24493,13886,15009,40,28244,26921,1082,28514,58541,174,1,1
24494,6292,5079,40,18354,17763,1422,18556,31389,72,1,1
24495,6552,3427,40,19016,18565,6132,19196,35367,54,1,1
24496,3536,1082,40,9528,9307,1653,9689,15990,20,1,1
24497,6102,4187,40,10690,10169,1353,10870,22553,61,1,1
24498,3847,682,40,7103,6913,1092,7253,12914,15,1,1
24499,5811,3516,40,15891,15429,1843,16071,27281,54,1,1
24500,7194,3036,40,19407,19006,5520,19587,35387,45,1,1
24501,7344,6142,40,17173,16492,1433,17373,32342,84,1,1
24502,6251,3828,40,19186,18685,5170,19386,34665,60,1,1
24503,3597,1022,40,9297,9067,1573,9438,15680,20,1,1
24504,6152,3246,40,10089,9648,982,10269,20689,51,1,1
24505,3156,1072,40,14437,14217,2906,14587,21771,20,1,1
24506,6522,4579,40,36399,35798,8346,36589,56086,68,1,2
24507,5511,2545,40,18445,18084,4679,18615,31400,40,1,1
24508,5160,2244,40,9539,9197,1242,9709,18385,37,1,1
24509,3968,822,40,7514,7304,972,7654,13466,17,1,1
24510,3697,230,41,12102,11962,1042,12244,17263,4,1,2
24511,6042,4478,40,18174,17643,3437,18365,32362,65,1,1
24512,6662,2866,40,18946,18555,3026,19106,31720,43,1,1
24513,8135,8125,40,21701,20849,1032,21922,39264,108,1,1
24514,6462,2204,30,18375,18045,2254,18535,29495,35,1,1
24515,3847,431,40,8537,8396,1082,8687,14087,9,1,1
24516,3838,511,40,5430,5270,1042,5580,11021,12,1,1
24517,2364,441,40,7915,7765,1483,8065,12413,11,1,1
24518,6212,4829,40,18235,17654,3336,18435,32852,71,1,1
24519,7123,3387,40,18665,18234,2235,18845,31620,50,1,1
24520,8146,6141,40,21831,21140,1343,22031,37702,85,1,1
24521,4018,1202,41,17833,17573,6172,17984,29436,25,1,1
24522,4048,1222,40,8246,8015,1062,8406,14778,22,1,1
24523,3466,1423,40,10961,10700,2355,11121,18415,27,1,1
24524,6923,5380,40,16691,16080,2434,16882,31680,76,1,1
24525,6782,5441,40,23535,22913,1943,23735,37951,77,1,1
24526,5831,1133,40,17753,17523,2634,17913,27552,22,1,1
24527,5771,3857,40,20098,19597,6392,20279,36349,60,1,1
24528,3467,1312,41,20939,20689,3798,21100,29707,24,1,1
24529,6943,3798,40,16020,15529,1303,16210,28294,59,1,1
24530,2775,1934,40,13686,13395,3086,13846,21681,30,1,1
24531,7204,6172,40,15610,14918,1903,15810,31129,84,1,1
24532,2474,341,40,17874,17744,10550,18024,31429,8,1,1
24533,16401,19417,40,25909,24286,5059,26210,67137,218,1,1
24534,4078,1723,40,16471,16171,2515,16631,24997,31,1,1
24535,7134,5240,40,16080,15489,1694,16280,30388,73,1,1
24536,8175,4960,40,17964,17363,1493,18154,32822,72,1,1
24537,6974,4608,40,14978,14417,1583,15169,28364,68,1,1
24538,14297,10981,40,23335,22323,10790,23565,59683,130,1,1
24539,1853,691,31,17944,17773,12944,18085,33623,13,1,1
24540,7374,6332,40,20028,19337,1102,20248,35096,87,1,1
24541,6292,4408,41,20599,20038,1713,20790,33243,67,1,1
24542,4078,1503,40,19377,19116,13225,19537,38383,26,1,1
24543,1552,270,40,18024,17894,11251,18164,31299,7,1,1
24544,2034,642,40,12233,12063,2685,12373,17784,13,1,1
24545,6763,5600,40,15349,14688,2154,15550,30107,80,1,1
24546,7544,6192,40,15990,15289,1913,16191,31880,87,1,1
24547,7414,7083,41,15058,14387,1804,15259,31620,84,1,1
24548,2655,210,40,17754,17634,14578,17894,35387,5,1,1
24549,15910,22222,40,6633,4819,20449,6943,65554,243,1,1
24550,4308,2846,40,19126,18725,18495,19296,44975,44,1,1
24551,1663,891,41,681,471,561,832,3977,17,1,1
24552,11582,13305,40,22372,21160,1764,22623,49334,158,1,1
24553,6292,5441,40,20429,19808,1763,20619,34165,75,1,1
24554,2114,170,40,17814,17714,15019,17954,35297,3,1,1
24555,6372,6272,40,19817,19086,14247,20018,46949,86,1,2
24556,5952,4979,40,15420,14818,1192,15610,27763,72,1,1
24557,6923,4318,40,14147,13626,2134,14338,27753,63,1,1
24558,6773,5981,40,20669,20008,1964,20859,35627,81,1,1
24559,2705,741,40,18055,17874,15820,18195,37521,15,1,1
24560,15881,22352,40,6753,4909,19287,7063,64623,247,1,1
24561,7665,4819,40,19437,18885,14618,19617,46759,65,1,1
24562,5390,3507,40,18876,18405,1342,19046,29335,53,1,1
24563,6612,5120,40,19928,19337,1944,20118,33844,72,1,1
24564,2194,281,40,17924,17794,15089,18064,35678,6,1,1
24565,15910,21030,40,23825,22022,13946,24136,75062,236,1,2
24566,6062,4769,40,19237,18666,1232,19427,31540,68,1,1
24567,5881,4519,40,17784,17233,3036,17974,31440,66,1,1
24568,3787,551,40,11752,11592,2415,11903,18686,12,1,1
24569,7203,3968,40,20158,19667,7515,20338,39064,57,1,1
24570,5871,3907,40,19297,18836,13906,19477,43201,54,1,1
24571,16802,12183,40,44504,43402,7654,44755,81424,144,1,1
24572,1512,151,40,8316,8216,8316,8456,18475,2,1,1
24573,16872,21451,40,17874,16121,18836,18184,75383,236,1,1
24574,3386,1152,40,12353,12123,1763,12514,18865,22,1,1
24575,4819,1452,40,18455,18194,10329,18615,35266,26,1,1
24576,2285,300,40,17413,17292,13225,17564,33414,7,1,1
24577,4999,3667,40,14357,13876,1373,14548,24617,57,1,1
24578,4308,772,40,20589,20379,1693,20749,27562,14,1,2
24579,6542,5020,40,14708,14127,5490,14898,32010,71,1,1
24580,12624,7134,40,32692,31951,13846,32902,66536,88,1,2
24581,5239,2245,40,18575,18245,7294,18745,33573,36,1,1
24582,3738,1603,40,13255,12964,2334,13415,21120,28,1,1
24583,6512,5280,40,15029,14428,1543,15229,28594,74,1,1
24584,2485,110,40,11312,11211,2595,11432,16682,1,1,1
24585,6623,2354,40,18825,18475,11291,18985,39315,38,1,1
24586,3286,2154,40,14608,14267,2605,14768,22863,35,1,1
24587,6202,4118,40,20028,19527,12143,20218,42711,59,1,1
24588,4579,3075,40,14156,13736,1322,14328,23354,47,1,1
24589,6282,5160,40,15249,14638,2314,15449,29255,75,1,1
24590,4098,1352,40,13736,13485,3847,13897,23254,25,1,1
24591,6683,4428,40,20860,20329,6132,21050,38333,63,1,1
24592,7794,6002,40,17704,17042,1783,17904,33523,82,1,1
24593,6953,5751,40,21581,20930,6272,21791,40807,81,1,1
24594,3577,1412,41,10610,10359,2274,10761,18074,24,1,1
24595,5701,3396,40,9939,9478,1052,10119,20308,52,1,1
24596,5941,4499,40,14207,13666,1643,14387,26510,64,1,1
24597,4087,1693,40,13636,13345,4078,13796,23705,29,1,1
24598,6161,4168,41,20579,20058,4097,20760,35246,61,1,1
24599,7263,5611,40,16141,15510,1763,16341,31038,78,1,1
24600,6963,5430,41,20589,19977,3757,20790,36990,75,1,1
24601,3517,982,40,13475,13265,2625,13635,20799,19,1,1
24602,6312,3747,40,11352,10860,1563,11532,23194,57,1,1
24603,3938,451,40,8416,8266,1473,8556,14478,10,1,1
24604,2836,932,40,12864,12654,3747,13014,20579,19,1,1
24605,6772,4860,40,20669,20068,2725,20859,35256,73,1,1
24606,6863,5720,40,16100,15449,1834,16301,30758,81,1,1
24607,6933,5070,40,20258,19637,4138,20448,36629,75,1,1
24608,5390,3978,30,16531,16020,1253,16711,27372,59,1,1
24609,6232,4478,40,11803,11262,1513,11983,24246,65,1,1
24610,3226,792,40,12464,12274,3637,12604,20309,15,1,1
24611,6973,3957,40,27502,26982,3546,27682,42200,56,1,2
24612,7094,5380,40,17263,16652,2565,17453,32542,76,1,1
24613,8326,6352,40,20269,19597,1773,20469,36980,84,1,1
24614,3096,551,40,9558,9398,2244,9708,15659,12,1,1
24615,6552,3948,40,11993,11502,1984,12193,24717,58,1,1
24616,3798,521,40,8005,7835,1463,8135,13977,11,1,1
24617,5991,4329,40,15289,14758,3527,15469,29366,63,1,1
24618,6562,3747,40,19668,19177,1843,19848,32050,58,1,1
24619,7063,6112,40,25278,24587,2214,25478,40907,86,1,1
24620,2605,481,41,9558,9397,2785,9699,15610,10,1,1
24621,6192,4127,40,10700,10169,1262,10881,22502,62,1,1
24622,3807,712,40,6873,6693,1072,7023,12644,14,1,1
24623,6102,3937,40,16432,15940,1923,16612,28634,59,1,1
24624,6292,2955,40,33073,32633,10210,33233,52740,44,1,2
24625,5931,2345,40,18365,18004,6152,18535,33013,39,1,1
24626,4469,1332,40,9679,9427,1773,9839,17453,24,1,1
24627,4148,441,40,6673,6522,1012,6823,12474,10,1,1
24628,4468,2425,40,10801,10440,1222,10971,19126,40,1,1
24629,3427,1172,40,14828,14588,2676,14978,22303,21,1,1
24630,6302,3426,40,34976,34476,8216,35147,53141,51,1,2
24631,6082,3286,40,18766,18325,3506,18926,31860,50,1,1
24632,4890,1212,40,9208,8967,1653,9368,17153,23,1,1
24633,4549,1883,40,8967,8636,1002,9138,16602,35,1,1
24634,3396,541,40,7153,6993,1684,7304,12975,13,1,1
24635,7153,5781,40,17673,17022,1623,17884,32481,81,1,1
24636,6672,3277,40,30197,29727,4599,30367,44965,49,1,2
24637,6583,4729,40,16892,16321,1393,17082,29837,69,1,1
24638,5551,1873,41,18014,17703,3316,18185,28965,32,1,1
24639,3747,170,40,7564,7454,951,7705,12603,3,1,1
24640,3246,701,40,5711,5520,1203,5851,11041,14,1,1
24641,3035,851,40,8005,7805,1242,8166,13335,17,1,1
24642,6332,4749,40,19487,18916,1743,19678,32552,68,1,1
24643,5992,2124,40,24807,24456,1573,24967,34706,32,1,2
24644,7344,5701,40,22422,21761,1613,22602,37310,81,1,1
24645,2515,401,40,17754,17624,9317,17904,30177,8,1,1
24646,3777,1092,40,8176,7945,972,8336,14217,22,1,1
24647,4478,1944,40,10490,10159,2214,10650,19336,34,1,1
24648,11001,11532,40,18616,17534,1032,18866,42461,140,1,1
24649,6943,5861,40,21210,20539,1403,21411,35658,83,1,1
24650,4389,551,40,18625,18445,3166,18775,26921,13,1,1
24651,6072,3677,40,19788,19307,6682,19968,36429,54,1,1
24652,3286,1112,40,13025,12785,2675,13175,20298,22,1,1
24653,7033,4539,40,15410,14839,2154,15600,29366,69,1,1
24654,6763,5400,40,20719,20078,1934,20920,35057,79,1,1
24655,15399,10059,40,23104,22162,11502,23324,60334,120,1,1
24656,2394,571,40,18084,17904,7995,18225,29225,13,1,1
24657,3307,1022,40,12834,12614,2555,12984,19918,20,1,1
24658,7244,4799,40,15179,14638,2765,15369,30227,66,1,1
24659,6773,5581,40,19838,19207,1913,20038,34355,78,1,1
24660,2896,361,40,17773,17653,12143,17924,33364,7,1,1
24661,2104,622,40,18114,17954,11342,18264,32372,12,1,1
24662,7023,7053,40,20018,19266,1092,20229,35447,94,1,1
24663,6633,5160,40,21080,20459,1914,21270,35037,75,1,1
24664,2726,651,40,18425,18255,15650,18575,37632,12,1,1
24665,16882,20449,40,24036,22312,14307,24336,76004,226,1,2
24666,17183,8836,40,24636,23795,14728,24847,65644,106,1,1
24667,3516,1483,40,13376,13105,3647,13526,22222,26,1,1
24668,1463,140,40,8126,8026,7895,8266,17794,2,1,1
24669,16020,20750,40,24727,22994,11111,25037,72968,232,1,1
24670,11372,6372,40,20879,20218,14607,21080,53491,83,1,1
24671,2364,1022,40,17764,17554,13796,17904,35146,18,1,1
24672,7685,5120,30,16341,15730,1263,16541,30639,73,1,1
24673,6682,2996,40,12524,12123,1413,12704,23835,46,1,1
24674,8095,6733,40,21260,20529,1403,21470,37751,92,1,1
24675,14688,9648,40,22643,21711,16532,22873,63791,120,1,1
24676,2665,672,40,17593,17413,15339,17733,36469,14,1,1
24677,8927,10640,40,3777,2755,3076,4018,26721,134,1,1
24678,6652,4709,40,19878,19307,1222,20068,32701,68,1,1
24679,6192,4789,40,15971,15400,2194,16161,29386,69,1,1
24680,6993,5030,40,14357,13766,1573,14537,28183,71,1,1
24681,2695,511,40,18104,17954,15700,18255,37211,11,1,1
24682,16852,22293,40,6723,4889,16521,7043,62759,246,1,1
24683,4578,2896,40,19106,18706,13857,19276,40647,45,1,1
24684,5160,3406,40,15549,15108,1293,15730,25639,51,1,1
24685,7033,3847,40,13185,12694,2014,13365,26310,57,1,1
24686,7374,6021,40,20589,19888,1733,20790,35968,86,1,1
24687,3346,671,40,18225,18045,16070,18375,38502,13,1,1
24688,16000,20018,40,23375,21651,12433,23685,72186,226,1,2
24689,5701,4398,40,18265,17713,1192,18455,29786,66,1,1
24690,6863,3346,40,13415,12964,1854,13596,25699,52,1,1
24691,6382,4719,40,20278,19687,1894,20468,33503,71,1,1
24692,2134,171,40,17694,17583,14667,17834,34856,3,1,1
24693,16691,19668,40,25038,23345,14487,25348,76234,221,1,2
24694,3937,1363,40,13025,12774,1793,13195,20318,24,1,1
24695,4248,421,40,11612,11472,1704,11762,18195,9,1,1
24696,6662,5491,40,15119,14498,1523,15319,29045,77,1,1
24697,3717,1002,40,11983,11762,1623,12143,18535,20,1,1
24698,5761,622,40,17844,17663,15639,17994,40046,13,1,1
24699,6262,3346,41,18895,18445,9528,19066,38252,51,1,1
24700,1813,261,40,11091,10961,551,11221,13896,6,1,1
24701,9929,8466,40,14047,13185,1022,14267,33744,110,1,1
24702,6463,5149,40,15930,15329,1613,16131,29396,74,1,1
24703,3997,842,40,11872,11672,1633,12013,18545,17,1,1
24704,3016,1002,40,30628,30378,16201,30778,51047,18,1,2
24705,4860,2174,40,18305,17974,12554,18485,38113,37,1,1
24706,6292,4698,40,14818,14277,1192,14998,27241,65,1,1
24707,6212,4559,40,16211,15670,2154,16401,29376,66,1,1
24708,2696,791,40,13386,13195,4448,13536,21511,15,1,1
24709,7053,2946,40,19918,19537,7564,20098,37701,44,1,1
24710,7314,5450,40,16010,15399,1954,16201,30959,75,1,1
24711,7454,5771,40,20770,20128,5070,20980,39315,80,1,1
24712,3417,1533,40,13055,12784,3316,13215,21531,28,1,1
24713,6923,5140,40,14588,13977,1944,14778,28835,75,1,1
24714,3457,1523,40,13445,13185,3988,13605,22603,26,1,1
24715,6382,4699,40,20649,20078,2876,20839,34826,67,1,1
24716,6743,5992,40,16471,15790,1954,16681,31410,84,1,1
24717,6752,5431,40,20358,19747,2905,20559,35687,75,1,1
24718,2925,1012,40,11983,11783,2685,12133,18815,17,1,1
24719,6242,4449,40,13636,13095,1823,13816,26390,64,1,1
24720,2665,832,40,13195,13005,6202,13335,23084,16,1,1
24721,4007,3377,40,19767,19437,5740,19928,33112,35,1,1
24722,6933,5400,40,15780,15139,1684,15970,30037,78,1,1
24723,6933,4799,40,20429,19857,4429,20619,36830,69,1,1
24724,4057,1714,40,10780,10470,1694,10940,18435,31,1,1
24725,3737,541,40,8276,8096,1563,8416,14307,13,1,1
24726,9298,9027,40,13546,12634,1002,13776,33143,118,1,1
24727,3838,1132,40,8346,8115,1363,8506,14889,22,1,1
24728,4458,2154,40,13746,13415,3045,13917,23614,36,1,1
24729,7525,3647,40,19537,19066,6633,19717,37572,54,1,1
24730,7074,5881,40,15700,15049,1743,15900,30648,81,1,1
24731,6432,3436,40,19577,19116,9979,19758,39655,54,1,1
24732,5200,3697,40,12023,11552,1032,12203,22192,55,1,1
24733,7083,5521,40,12213,11572,1653,12413,26700,78,1,1
24734,3817,1733,40,15650,15359,2786,15820,24186,29,1,1
24735,8817,4749,40,19998,19427,3427,20178,37221,68,1,1
24736,6873,6152,40,20549,19858,1473,20749,35297,86,1,1
24737,6843,4419,40,19677,19106,1954,19857,33133,68,1,1
24738,3136,852,40,9799,9588,1963,9949,15960,19,1,1
24739,5931,4077,40,11292,10790,1152,11472,22693,58,1,1
24740,3858,561,40,8316,8145,1452,8466,14387,13,1,1
24741,6963,4208,40,15670,15139,3457,15860,30538,64,1,1
24742,5761,3447,40,19317,18886,1753,19507,30508,51,1,1
24743,7074,5871,40,19477,18796,1323,19667,33995,84,1,1
24744,7084,5290,40,19737,19136,1654,19937,34015,74,1,1
24745,3316,381,40,9578,9438,1723,9719,15189,8,1,1
24746,6182,3887,40,10249,9748,1253,10430,21802,59,1,1
24747,3837,501,40,6983,6823,1072,7123,12583,10,1,1
24748,5611,4057,40,17603,17092,4158,17774,31650,60,1,1
24749,6883,2956,40,19147,18756,3627,19327,32833,45,1,1
24750,8506,6602,40,18925,18214,1422,19147,35717,90,1,1
24751,7033,3517,40,19066,18626,2194,19256,32041,51,1,1
24752,4749,2995,40,10671,10249,1192,10841,19827,47,1,1
24753,3827,1103,40,8075,7835,992,8225,14197,22,1,1
24754,4398,862,40,6993,6773,1022,7143,13475,18,1,1
24755,3627,841,40,5811,5610,1082,5972,11572,18,1,1
24756,1242,401,40,13817,13686,631,13967,16281,8,1,1
24757,14367,13936,40,39074,37802,6753,39335,74451,163,1,2
24758,6402,2424,41,18374,18014,3667,18545,31078,38,1,1
24759,4319,1522,40,9488,9217,1803,9649,17343,28,1,1
24760,3938,972,40,8987,8767,1293,9147,15380,20,1,1
24761,3046,992,40,12514,12303,2745,12674,19507,19,1,1
24762,7704,5481,40,16371,15730,1543,16561,31329,77,1,1
24763,6502,1954,40,24777,24427,3607,24947,37060,31,1,2
24764,8867,8065,40,18825,18024,1482,19046,37501,102,1,1
24765,4589,1162,40,17814,17584,1773,17974,25528,22,1,1
24766,4418,110,40,7314,7224,1714,7454,13736,1,1,1
24767,2845,110,40,5100,5000,1263,5230,9508,1,1,1
24768,2625,1002,40,15350,15118,3366,15500,22543,20,1,1
24769,5410,701,40,25098,24878,1733,25258,33142,15,1,2
24770,6913,5380,40,19386,18765,1734,19577,33654,76,1,1
24771,2775,431,40,17824,17684,8947,17974,30167,9,1,1
24772,3096,361,40,7795,7664,1002,7945,12444,8,1,1
24773,4639,2524,40,16401,16030,2114,16572,25909,42,1,1
24774,7023,5470,41,21140,20488,1903,21331,35777,79,1,1
24775,3196,311,40,17373,17223,11532,17523,32602,8,1,1
24776,2164,942,40,18034,17824,8015,18184,29355,18,1,1
24777,3808,1943,40,16992,16681,2344,17163,25308,32,1,1
24778,8296,6482,40,15539,14838,1553,15739,32131,87,1,1
24779,7053,5541,40,21802,21160,1843,22002,36489,79,1,1
24780,2294,260,40,18074,17964,14838,18225,35667,6,1,1
24781,1874,721,40,17924,17754,7825,18074,28534,14,1,1
24782,3196,1082,40,12303,12083,2454,12464,19236,20,1,1
24783,7113,5290,40,15329,14737,2274,15530,30247,72,1,1
24784,7224,5149,40,15659,15058,1724,15850,29997,72,1,1
24785,7263,5120,40,14408,13817,1613,14618,28644,73,1,1
24786,2284,351,40,18505,18365,13676,18645,35006,8,1,1
24787,15189,18265,40,25599,24066,7213,25889,66606,204,1,1
24788,4318,2294,40,13305,12954,2154,13476,22302,38,1,1
24789,6963,4859,40,14878,14297,2224,15069,29165,71,1,1
24790,6783,5500,40,19697,19066,1804,19898,34035,78,1,1
24791,3196,541,40,17994,17824,15439,18145,37361,12,1,1
24792,15900,21541,40,24046,22223,15810,24346,77647,239,1,2
24793,6302,4859,40,15330,14747,1162,15520,27883,70,1,1
24794,7514,6061,40,15589,14878,1944,15790,31349,87,1,1
24795,6823,5210,40,20539,19928,1714,20729,34536,75,1,1
24796,2645,320,40,17704,17573,15329,17844,36188,7,1,1
24797,13065,16191,40,22673,21211,12594,22943,64833,188,1,2
24798,5441,2504,40,17944,17563,1853,18125,27973,42,1,1
24799,7294,6242,40,20489,19788,2244,20689,36509,86,1,1
24800,3307,941,40,18194,17974,15920,18345,38563,19,1,1
24801,5451,4118,40,20819,20269,13736,21009,44354,60,1,2
24802,5320,4819,40,20299,19728,1222,20489,31900,68,1,1
24803,5962,4458,40,16572,16011,2064,16762,29286,67,1,1
24804,6823,3998,40,13856,13375,1764,14036,26671,57,1,1
24805,2966,551,40,17553,17383,15520,17703,36790,12,1,1
24806,9708,9869,40,21010,20007,13876,21250,54743,126,1,2
24807,8517,7774,40,20859,20048,1042,21070,38463,102,1,1
24808,6452,4519,40,15940,15389,2064,16130,29225,67,1,1
24809,5260,2756,40,13095,12704,1463,13265,22794,43,1,1
24810,2034,240,40,17734,17624,15008,17884,35206,5,1,1
24811,16992,19597,40,23194,21510,13485,23495,73609,220,1,2
24812,6292,4930,40,15119,14548,1162,15319,27753,70,1,1
24813,6923,3777,40,13536,13045,1804,13716,26270,58,1,1
24814,6753,5149,40,20058,19447,1803,20259,34004,75,1,1
24815,13706,5270,40,21280,20699,10650,21471,51147,70,1,1
24816,2225,410,40,17773,17623,13155,17913,33764,10,1,1
24817,4218,2545,40,14768,14387,972,14938,22733,43,1,1
24818,2474,1562,40,13616,13355,551,13776,18425,26,1,1
24819,11923,11061,40,14989,13916,1843,15239,40106,135,1,2
24820,4127,712,40,12033,11852,1663,12183,18735,15,1,1
24821,6312,1753,40,18736,18435,9548,18896,36569,31,1,1
24822,5690,2696,40,18865,18465,11782,19036,39234,44,1,1
24823,6974,6803,40,15920,15189,1022,16140,30979,93,1,1
24824,6753,4529,40,15710,15159,2254,15900,29496,67,1,1
24825,4308,691,41,11852,11672,1673,12003,18715,14,1,1
24826,3677,701,40,29807,29606,10099,29957,44484,12,1,2
24827,2264,942,40,18024,17814,12043,18184,33483,18,1,1
24828,7104,7143,40,16801,16040,1012,17013,32312,95,1,1
24829,6462,4669,40,14498,13937,1944,14698,27813,68,1,1
24830,1753,141,30,11612,11502,611,11732,14297,2,1,1
24831,17283,18054,40,5580,4048,8346,5871,49614,205,1,1
24832,4548,2565,40,19718,19347,7003,19888,34054,42,1,1
24833,7234,5791,40,16521,15850,1754,16711,31540,82,1,1
24834,6703,5089,40,20679,20058,4749,20870,37451,74,1,1
24835,3297,1012,40,12393,12183,2285,12533,19177,19,1,1
24836,6231,4819,40,15159,14577,2174,15359,28624,71,1,1
24837,3086,621,40,12764,12594,4037,12905,20699,13,1,1
24838,6332,4949,40,21060,20479,6964,21260,39555,71,1,1
24839,7675,6923,40,17704,16932,1653,17914,34205,96,1,1
24840,7675,5450,40,21090,20479,6643,21290,41098,76,1,1
24841,4478,2024,40,12744,12414,2144,12905,21591,34,1,1
24842,6753,5420,40,13957,13356,1513,14157,27883,73,1,1
24843,3236,862,40,12825,12634,4077,12975,21200,16,1,1
24844,7054,3727,40,20058,19577,5751,20238,36820,56,1,1
24845,7684,6643,40,23375,22653,1442,23585,39384,90,1,1
24846,2925,541,40,9549,9377,2244,9699,15459,12,1,1
24847,4188,491,30,8256,8096,1453,8396,14588,11,1,1
24848,8276,7404,40,13816,13015,1002,14036,30758,101,1,1
24849,3677,1002,40,8787,8567,1453,8937,15109,20,1,1
24850,6332,4739,40,15440,14859,3076,15630,29817,69,1,1
24851,6342,3727,40,21431,20920,2184,21611,33924,59,1,1
24852,6813,5220,40,16371,15749,2003,16562,30658,75,1,1
24853,7544,5381,40,20419,19808,2064,20619,35658,76,1,1
24854,14648,5681,40,19688,19077,16761,19878,57018,74,1,1
24855,3406,1423,40,8005,7755,8486,8165,21510,25,1,1
24856,3978,1433,40,8586,8326,2555,8746,16772,27,1,1
24857,8466,4679,40,11973,11412,2164,12163,27532,68,1,1
24858,4578,1603,41,13054,12764,3838,13225,23284,29,1,1
24859,6472,3857,40,19728,19237,5691,19918,35978,58,1,1
24860,6953,5100,40,25449,24827,1222,25639,38964,75,1,1
24861,3386,912,40,9338,9127,2164,9488,16000,18,1,1
24862,5080,2504,40,8456,8095,1032,8637,17283,40,1,1
24863,6672,4459,40,11632,11081,1162,11822,24145,65,1,1
24864,3466,181,40,7724,7614,1773,7855,13325,4,1,1
24865,6702,5090,40,15450,14848,2254,15650,29736,75,1,1
24866,7454,3997,40,33052,32542,4599,33232,49333,56,1,2
24867,6181,2796,40,19076,18675,4088,19246,32361,44,1,1
24868,2785,631,40,11061,10881,1734,11211,16391,13,1,1
24869,6281,3998,40,11061,10550,1283,11241,22843,60,1,1
24870,3817,571,40,6773,6592,1072,6923,12424,13,1,1
24871,5961,4429,40,17653,17082,4288,17844,32562,67,1,1
24872,7925,4399,40,19677,19126,2555,19867,34776,65,1,1
24873,7103,5951,40,18815,18134,2103,19006,34224,84,1,1
24874,9318,7244,40,20449,19677,1052,20659,38323,98,1,1
24875,2805,350,40,8947,8817,2215,9097,14518,8,1,1
24876,4028,1262,40,8566,8326,971,8727,15018,23,1,1
24877,3937,1032,40,12053,11802,1022,12203,18244,18,1,2
24878,3116,1212,40,14367,14146,2936,14528,21842,21,1,1
24879,6211,2295,40,18325,17984,8806,18495,35847,37,1,1
24880,9037,9348,41,22362,21470,1092,22593,42110,115,1,1
24881,6472,3116,40,18706,18274,3226,18886,31740,49,1,1
24882,3817,601,40,9148,8987,1573,9298,15339,12,1,1
24883,3697,812,40,7945,7755,972,8095,13626,16,1,1
24884,3156,1253,40,15629,15389,2665,15790,22904,23,1,1
24885,7073,2865,40,18595,18204,1904,18776,30668,44,1,1
24886,7404,6522,40,20018,19286,1372,20219,35567,91,1,1
24887,5230,1643,40,18035,17744,3526,18205,28654,30,1,1
24888,3807,220,40,7434,7324,962,7585,12624,5,1,1
24889,2965,511,40,12654,12454,1103,12804,17423,11,1,2
24890,7785,6072,40,18114,17413,2014,18314,34225,86,1,1
24891,5851,4438,40,18645,18114,5711,18836,34876,63,1,1
24892,4719,641,40,17613,17423,1673,17764,24837,14,1,1
24893,2786,621,40,17964,17794,8236,18104,29797,13,1,1
24894,3677,260,40,7254,7134,972,7394,12353,6,1,1
24895,6162,4348,40,18856,18305,2455,19046,32061,65,1,1
24896,6632,5611,40,22292,21631,2014,22492,36789,81,1,1
24897,3567,591,40,17794,17624,12113,17944,34265,13,1,1
24898,2284,651,40,17724,17534,7564,17854,28393,14,1,1
24899,3336,1232,41,13084,12844,2495,13245,20348,23,1,1
24900,7104,5109,41,16371,15759,1963,16562,30778,75,1,1
24901,6162,5129,40,21350,20729,2034,21541,34916,74,1,1
24902,2484,161,40,17333,17242,13245,17473,33423,3,1,1
24903,1983,571,40,17934,17763,7845,18085,28524,13,1,1
24904,2715,852,40,12424,12223,4558,12574,20739,16,1,1
24905,6943,4829,40,15670,15098,2385,15850,30057,68,1,1
24906,7644,6773,40,21581,20850,2335,21801,38593,93,1,1
24907,2665,411,40,18875,18725,12463,19016,34615,9,1,1
24908,2114,401,40,17944,17804,11001,18094,31660,9,1,1
24909,7244,7073,41,20779,20008,1032,20990,36389,96,1,1
24910,6993,5951,40,21040,20368,1473,21240,35697,83,1,1
24911,2585,230,41,17653,17523,14628,17794,35287,6,1,1
24912,9247,10039,41,21651,20619,14437,21882,55665,129,1,2
24913,3316,1172,40,12574,12344,2525,12734,19787,22,1,1
24914,7183,5140,40,15019,14418,2204,15219,29796,74,1,1
24915,6713,4819,40,20128,19547,1723,20319,33634,71,1,1
24916,13035,6632,40,20969,20288,17132,21171,58020,85,1,1
24917,4739,1593,40,18214,17924,15720,18375,40477,29,1,1
24918,6502,5310,40,17794,17162,1143,17984,30989,77,1,1
24919,6493,2805,40,14708,14327,1974,14888,26210,44,1,1
24920,6662,5650,41,20218,19557,1863,20419,34655,81,1,1
24921,2565,381,40,18244,18094,15660,18384,37040,9,1,1
24922,15659,20980,40,23494,21771,12644,23815,73148,228,1,2
24923,5630,5200,40,19828,19216,1152,20018,32060,74,1,1
24924,6592,5631,40,20860,20208,1493,21060,34826,80,1,1
24925,2985,551,40,18215,18044,15520,18365,37451,11,1,1
24926,15950,21931,40,6662,4839,17523,6984,62418,244,1,1
24927,7174,5490,40,20228,19627,15369,20419,48502,72,1,1
24928,5079,3377,40,14768,14307,1333,14938,24777,53,1,1
24929,6973,3797,40,13595,13095,1903,13777,26500,59,1,1
24930,6602,4879,40,16070,15469,1684,16270,29486,73,1,1
24931,3737,962,40,11762,11542,1623,11903,18275,18,1,1
24932,4269,1092,40,18164,17954,10661,18324,34406,20,1,1
24933,1803,561,40,17753,17593,14939,17904,35247,12,1,1
24934,6071,5030,40,18585,17994,1113,18785,31039,72,1,1
24935,7204,3556,40,13375,12914,1984,13556,26350,54,1,1
24936,7414,5841,40,20980,20318,1643,21180,36128,82,1,1
24937,1804,120,40,17263,17173,14357,17403,33724,1,1,1
24938,15619,20118,40,23454,21751,12284,23745,71816,221,1,2
24939,2835,551,40,12383,12223,2054,12534,18034,13,1,1
24940,4318,701,40,11803,11602,1663,11943,18675,15,1,1
24941,7243,5862,40,16501,15830,1814,16701,31670,84,1,1
24942,3196,281,40,29616,29455,14377,29746,47660,6,1,2
24943,2454,1042,41,18464,18254,10750,18626,32922,19,1,1
24944,9859,3266,40,8988,8576,15539,9168,37872,48,1,1
24945,16021,21470,40,18275,16491,18815,18596,74952,240,1,1
24946,1593,271,40,8145,8025,8746,8296,18946,6,1,1
24947,16992,21831,40,17423,15609,20318,17744,76935,243,1,1
24948,2425,200,41,11481,11371,2084,11622,16381,5,1,1
24949,4759,1353,40,18335,18064,16922,18485,41569,25,1,1
24950,15910,20379,40,20559,18826,3257,20879,60475,229,1,2
24951,5501,2685,40,20278,19908,15489,20458,44174,42,1,1
24952,5080,3837,40,14277,13807,1282,14458,24707,55,1,1
24953,5801,4749,40,14899,14337,2314,15099,27993,67,1,1
24954,3116,1132,40,13155,12925,4078,13295,21671,20,1,1
24955,7084,4608,40,21019,20448,2725,21211,35668,68,1,1
24956,6883,5861,40,16581,15920,2004,16782,31580,81,1,1
24957,6893,5600,40,20939,20278,2525,21140,36208,81,1,1
24958,4008,1923,41,12724,12413,2044,12885,20910,31,1,1
24959,6202,5170,40,15018,14397,2053,15219,28694,75,1,1
24960,2425,641,40,12875,12714,671,13025,16822,12,1,1
24961,17072,18845,40,24536,22913,7464,24837,68269,216,1,1
24962,6112,5009,40,16141,15560,1904,16331,29406,70,1,1
24963,7364,5640,40,20619,19988,3276,20810,37140,77,1,1
24964,3105,1212,30,10400,10159,2284,10550,17212,22,1,1
24965,6693,3677,40,9899,9418,1152,10079,21651,57,1,1
24966,5871,4328,40,13686,13155,1954,13876,26089,64,1,1
24967,2595,611,40,12965,12794,4248,13115,20619,13,1,1
24968,6973,3597,40,19988,19517,5511,20168,36289,54,1,1
24969,6513,4999,40,15680,15089,2415,15870,29837,71,1,1
24970,7945,5210,41,20238,19627,2415,20439,36049,76,1,1
24971,3296,902,40,10189,9979,1944,10349,16521,18,1,1
24972,2965,461,40,8547,8386,1472,8697,13635,10,1,1
24973,5881,4369,40,11973,11442,1964,12173,24417,65,1,1
24974,3817,691,41,8075,7875,1423,8226,14197,15,1,1
24975,4629,2856,40,14588,14197,3907,14758,26210,44,1,1
24976,6291,3496,40,19788,19337,2535,19968,32341,52,1,1
24977,6693,5971,40,17233,16572,2575,17433,32722,82,1,1
24978,7244,4979,40,20008,19417,1693,20209,34175,71,1,1
24979,2806,531,40,9267,9097,2214,9418,15009,12,1,1
24980,5611,2795,40,8757,8346,1032,8927,18425,46,1,1
24981,6703,5440,30,20308,19647,1533,20499,34225,76,1,2
24982,2896,851,41,12704,12503,3667,12855,20319,16,1,1
24983,6121,3447,40,19798,19347,5781,19978,35367,53,1,1
24984,6152,4408,40,18254,17703,1273,18455,30328,67,1,1
24985,5260,2815,40,19166,18766,6973,19357,34435,46,1,1
24986,3606,1333,40,10200,9949,1873,10360,17222,25,1,1
24987,6843,4789,40,11992,11431,1413,12183,25278,67,1,1
24988,3016,1052,40,10180,9958,2815,10320,17263,19,1,1
24989,6021,4218,40,22223,21721,2434,22403,35126,60,1,1
24990,6752,5601,40,18565,17924,1512,18776,32691,80,1,1
24991,7294,4488,40,19306,18785,2285,19497,33604,63,1,1
24992,3557,1473,40,10099,9839,1323,10259,16642,25,1,1
24993,6282,3727,40,11763,11282,982,11953,22984,57,1,1
24994,3867,621,41,15309,15108,1723,15460,21721,12,1,2
24995,6703,3837,40,15710,15229,2635,15890,29125,57,1,1
24996,6843,3206,40,33253,32792,10069,33413,53591,48,1,2
24997,5461,2465,40,18605,18234,6302,18765,33033,39,1,1
24998,4028,992,40,9187,8967,2335,9337,16742,19,1,1
24999,3897,1012,40,8166,7935,1062,8316,14347,20,1,1
25000,4168,350,41,6652,6522,1062,6803,12433,8,1,1
25001,3517,431,40,5400,5240,992,5540,10530,10,1,1
25002,2705,1433,40,15469,15199,3968,15629,23785,26,1,1
25003,6903,2916,40,18856,18465,5180,19046,34075,45,1,1
25004,7505,6803,40,19908,19176,1523,20108,35999,91,1,1
25005,6973,3517,40,18786,18345,1773,18976,31279,52,1,1
25006,4047,261,40,7625,7494,941,7765,13074,7,1,1
25007,3917,541,41,5450,5290,1112,5601,11231,12,1,1
25008,3737,651,40,8055,7875,972,8196,13616,14,1,1
25009,4288,2054,40,16251,15920,2375,16431,25198,36,1,1
25010,6523,2214,40,18315,17964,3366,18475,30628,37,1,1
25011,9979,8576,40,22373,21501,1452,22593,42650,111,1,1
25012,5079,491,40,17674,17514,1693,17814,25117,11,1,1
25013,3967,251,40,7254,7134,972,7404,12634,6,1,1
25014,8185,9138,40,20439,19527,1032,20669,39064,116,1,1
25015,7424,5741,40,21842,21190,1813,22042,37080,81,1,1
25016,5210,1082,40,17764,17533,3406,17914,27662,21,1,1
25017,5120,2545,40,18886,18495,6753,19056,33514,42,1,1
25018,3787,321,40,7594,7444,951,7725,12844,8,1,1
25019,6563,5090,40,18445,17844,3266,18645,33614,74,1,1
25020,6502,5611,40,21741,21090,2174,21941,36268,79,1,1
25021,3547,260,40,17794,17673,11933,17934,33724,6,1,1
25022,2765,1343,40,18235,17974,7424,18385,29957,25,1,1
25023,4398,2194,40,16943,16591,2464,17113,26209,37,1,1
25024,6823,4699,41,15569,14998,2425,15750,29737,68,1,1
25025,6522,4608,41,19737,19156,2425,19928,33534,69,1,1
25026,2114,110,40,17494,17413,11992,17634,31910,1,1,1
25027,4549,1853,40,18435,18134,7455,18595,32502,32,1,1
25028,3397,911,41,9598,9397,2304,9749,16401,17,1,1
25029,7614,5791,41,16932,16250,1533,17133,32111,82,1,1
25030,6783,5811,40,20439,19768,1653,20639,34936,82,1,1
25031,2465,410,40,17874,17723,13585,18015,34525,9,1,1
25032,2945,792,40,17603,17413,11733,17753,33263,15,1,1
25033,2505,671,40,10610,10430,2245,10760,16231,14,1,1
25034,6362,5891,40,17342,16681,1152,17544,31009,83,1,1
25035,6733,5069,40,21360,20759,1774,21571,35177,74,1,1
25036,3136,1533,40,17894,17733,16170,18034,38923,10,1,1
25037,7144,4168,40,19567,19066,11282,19747,42391,60,1,1
25038,7124,5601,40,16521,15860,1223,16721,30719,81,1,1
25039,7003,4338,40,13535,12994,1383,13736,26490,65,1,1
25040,5941,4559,40,16180,15630,1933,16371,28834,66,1,1
25041,7454,5711,40,14848,14187,1653,15039,29917,80,1,1
25042,2494,321,40,17914,17784,15319,18054,36228,7,1,1
25043,15449,18836,40,23104,21481,15109,23394,72838,213,1,2
25044,17433,6653,40,23414,22733,17343,23624,65103,85,1,1
25045,3296,2265,40,15469,15139,9639,15639,30879,36,1,1
25046,1523,270,40,7675,7565,7324,7825,16992,6,1,1
25047,16962,21250,40,22522,20769,27131,22834,88217,234,1,1
25048,16992,10330,40,22443,21451,15429,22683,65474,128,1,1
25049,2164,702,40,17944,17763,15770,18094,36790,15,1,1
25050,1743,1092,40,762,542,561,912,4358,20,1,1
25051,9057,7154,40,19637,18886,1313,19847,37411,94,1,1
25052,7074,5951,41,19797,19136,1543,19998,34626,83,1,1
25053,2815,632,40,17743,17573,15329,17884,36700,13,1,1
25054,15960,21691,40,6673,4859,17383,6993,62088,244,1,1
25055,9177,7765,40,20850,20068,13105,21060,51147,98,1,1
25056,5821,4719,40,20810,20239,1262,20990,32842,68,1,1
25057,6272,4619,40,16261,15690,2475,16451,29857,68,1,1
25058,4007,1263,40,12203,11952,1563,12353,19226,24,1,1
25059,4789,1162,40,18295,18054,16662,18445,41098,21,1,1
25060,2545,991,40,18214,17994,13275,18365,35236,20,1,1
25061,6202,4829,40,15369,14778,1173,15559,27813,71,1,1
25062,4990,1863,40,12534,12254,1513,12694,21100,29,1,1
25063,6332,5640,40,15659,15028,1644,15850,29526,76,1,1
25064,4157,812,40,12013,11813,1643,12163,18825,16,1,1
25065,3045,291,40,17844,17714,15279,17984,36639,7,1,1
25066,10339,9689,40,20599,19618,12945,20819,53832,119,1,2
25067,4278,2194,40,13957,13606,1603,14127,22232,37,1,1
25068,4108,411,40,11672,11512,1663,11822,18044,11,1,1
25069,6392,5400,40,15610,14978,1613,15800,29245,77,1,1
25070,3807,1694,40,31069,30739,15129,31229,51909,29,1,2
25071,6412,3878,40,19517,19036,10570,19697,40607,57,1,1
25072,6873,5540,41,15178,14537,1113,15379,28945,78,1,1
25073,5851,4549,40,14638,14087,1763,14828,27041,67,1,1
25074,3797,341,40,11702,11562,1703,11842,17734,8,1,1
25075,5270,2114,40,18835,18515,18424,19006,44844,33,1,1
25076,6863,6994,40,16361,15580,2134,16561,32592,92,1,2
25077,6082,2545,40,18545,18165,11873,18715,39265,41,1,1
25078,4819,3086,40,13696,13255,1303,13866,23134,49,1,1
25079,6222,4499,40,14558,14017,2214,14758,27743,66,1,1
25080,3306,1092,40,13646,13405,4559,13786,22793,21,1,1
25081,5861,4118,40,20549,20018,2435,20749,33193,64,1,1
25082,7023,6072,40,17934,17243,1964,18134,33233,85,1,1
25083,6984,5530,40,20920,20278,5260,21130,38944,79,1,1
25084,3607,1313,40,10470,10209,1904,10630,17494,25,1,1
25085,5931,3076,40,9599,9198,1292,9769,20128,45,1,1
25086,8527,7223,41,16811,16040,1532,17022,34345,97,1,1
25087,3507,1142,40,13205,12985,3918,13365,21972,20,1,1
25088,7103,4769,40,20289,19738,5731,20489,38122,66,1,1
25089,7033,6052,40,16752,16070,1703,16952,31780,84,1,1
25090,7675,6292,40,20689,19998,3898,20889,38804,84,1,1
25091,4328,1333,40,12414,12173,3556,12564,21831,23,1,1
25092,6433,4739,40,13856,13285,1854,14046,27112,69,1,1
25093,4469,1863,40,13596,13266,3968,13756,24086,33,1,1
25094,6482,1854,40,18255,17954,11421,18415,38222,32,1,1
25095,3126,2164,40,14036,13706,2585,14207,22122,36,1,1
25096,7083,3076,40,19106,18716,11071,19276,40546,43,1,1
25097,4909,3927,40,13696,13185,1252,13876,24015,59,1,1
25098,6281,4288,40,11692,11151,1613,11872,24095,64,1,1
25099,3868,821,41,8566,8365,1433,8717,14889,17,1,1
25100,6433,4398,40,15710,15149,3236,15900,29997,67,1,1
25101,6432,4869,40,20459,19857,2114,20649,34124,72,1,1
25102,7895,6011,40,17062,16371,1874,17263,33083,85,1,1
25103,7564,5841,40,20549,19867,1883,20750,36098,84,1,1
25104,2866,611,40,12754,12594,2064,12904,18485,12,1,1
25105,5901,3397,40,10520,10089,1252,10700,21290,50,1,1
25106,3817,350,40,7965,7825,1483,8106,13796,8,1,1
25107,3847,1353,40,14077,13816,3697,14227,23174,26,1,1
25108,6453,3476,41,19597,19146,4839,19778,34586,53,1,1
25109,7334,5190,40,25429,24796,1332,25629,39515,77,1,1
25110,3396,411,40,9618,9458,2094,9748,15709,9,1,1
25111,3797,2324,41,8135,7895,1032,8286,15499,22,1,1
25112,6552,4308,40,11041,10509,1202,11231,23334,64,1,1
25113,2956,1062,40,13996,13766,2685,14147,20890,20,1,1
25114,7594,2906,40,19026,18625,4489,19196,34225,44,1,1
25115,7184,5310,40,17794,17153,1343,17994,31861,79,1,1
25116,7023,4739,40,19447,18875,2365,19637,33814,69,1,1
25117,3587,1943,40,10530,10209,1382,10701,17653,33,1,1
25118,5862,3466,40,10290,9839,1393,10470,21241,52,1,1
25119,2414,121,40,6422,6332,1713,6562,10840,1,1,1
25120,4378,2364,40,14968,14607,2104,15139,24035,40,1,1
25121,6242,3126,40,33223,32761,7544,33393,50345,46,1,2
25122,6092,2755,40,18646,18255,3937,18816,31640,43,1,1
25123,4147,1363,40,9368,9108,1814,9528,16902,26,1,1
25124,4509,1553,40,8245,7955,1002,8406,15530,30,1,1
25125,3837,411,40,6923,6763,1032,7063,12403,10,1,1
25126,5991,3166,40,22583,22113,1463,22753,33413,50,1,2
25127,7474,2074,40,27743,27402,4368,27913,41859,32,1,2
25128,6793,5831,41,16761,16100,1654,16952,31290,80,1,1
25129,7354,4128,40,18996,18505,1633,19176,32341,58,1,1
25130,3226,160,41,7213,7103,1173,7354,11943,3,1,1
25131,3788,280,40,5230,5120,1092,5380,10580,6,1,1
25132,2765,260,40,7164,7034,1122,7304,11502,6,1,1
25133,5511,3126,40,17794,17373,2274,17974,28925,49,1,1
25134,6933,2304,40,18355,18014,1733,18525,29526,37,1,1
25135,7645,7123,40,21381,20609,1343,21581,37742,97,1,1
25136,3396,451,41,17473,17312,2525,17624,24046,11,1,1
25137,3376,521,40,7665,7505,962,7815,12724,11,1,1
25138,3306,952,40,10420,10210,2675,10570,17563,18,1,1
25139,8215,7104,40,17543,16802,2214,17764,35347,94,1,1
25140,6773,5631,40,19156,18515,1522,19357,33333,79,1,1
25141,6713,5480,40,17633,15800,1944,17824,32001,79,1,1
25142,5781,922,40,17784,17563,2445,17934,27132,19,1,1
25143,4990,3106,40,20238,19828,7495,20418,36059,47,1,1
25144,2114,150,40,10230,10130,8957,10370,21641,3,1,1
25145,15870,21921,40,24156,22352,12243,24477,74551,241,1,1
25146,14388,14407,40,18105,16802,4949,18375,52169,172,1,1
25147,7895,3817,41,14307,13826,2635,14488,28885,56,1,1
25148,3898,290,40,17764,17634,13055,17904,35197,7,1,1
25149,1994,371,40,17914,17774,7724,18054,28193,9,1,1
25150,4719,2254,40,15720,15369,2124,15890,25037,38,1,1
25151,6793,5160,40,16582,15971,1893,16772,30678,75,1,1
25152,6402,5200,40,21030,20409,1803,21230,34675,75,1,1
25153,13495,7764,41,22041,21280,11673,22252,55225,96,1,1
25154,2204,651,41,17974,17803,9738,18125,30758,12,1,1
25155,2655,551,41,10449,10289,2706,10600,16552,11,1,1
25156,6542,4419,40,16221,15680,1282,16411,28694,65,1,1
25157,7063,5480,40,20879,20238,2044,21079,35707,79,1,1
25158,3326,631,40,18054,17894,13887,18204,36109,13,1,1
25159,6532,3607,40,20128,19658,9578,20309,40066,54,1,1
25160,5982,4889,40,15359,14778,1182,15560,27663,71,1,1
25161,6573,4028,40,14247,13736,2254,14427,27312,60,1,1
25162,6773,5410,40,15740,15098,1723,15931,29887,77,1,1
25163,6743,4959,41,14467,13866,1834,14668,28254,74,1,1
25164,2956,731,40,17853,17683,15499,18005,37241,14,1,1
25165,16321,21971,40,7394,4699,16662,7715,62719,236,1,1
25166,8687,7855,40,21912,21100,14026,22142,52740,103,1,1
25167,6843,6402,40,21550,20839,1082,21752,36129,88,1,1
25168,6332,4248,40,19386,18855,1614,19567,31801,62,1,1
25169,2214,351,40,17964,17824,15059,18104,35788,8,1,1
25170,2745,752,40,18345,18145,10620,18495,32642,16,1,1
25171,2074,410,41,12082,11932,2414,12224,17162,9,1,1
25172,5851,4188,40,17333,16802,1313,17523,28925,63,1,1
25173,6422,4960,40,20489,19888,1733,20679,33824,71,1,1
25174,2255,140,40,17714,17624,14628,17854,34937,3,1,1
25175,15880,22713,40,6713,4880,13886,7033,59562,247,1,1
25176,4578,2866,40,19497,19096,11953,19687,39114,46,1,1
25177,5090,4278,40,19978,19457,1263,20168,30839,63,1,1
25178,6132,4739,40,20750,20179,1893,20940,33764,69,1,1
25179,2515,501,40,17784,17623,15088,17934,36088,11,1,1
25180,16040,20599,40,6412,4659,13806,6733,57218,235,1,1
25181,8687,6081,40,21411,20760,10680,21621,47109,81,1,1
25182,6592,5901,40,20198,19517,1122,20409,34054,84,1,1
25183,6142,4829,40,16431,15850,2194,16632,29837,70,1,1
25184,3948,922,40,11822,11612,1643,11972,18535,18,1,1
25185,5912,2314,40,18666,18335,18755,18846,45867,36,1,1
25186,6993,2825,40,18765,18365,13336,18936,42130,44,1,1
25187,10159,8907,40,23575,22673,1052,23805,43963,115,1,1
25188,6472,4549,40,15579,15028,2214,15770,29055,67,1,1
25189,4338,842,40,11853,11632,1753,11993,18986,19,1,1
25190,3987,110,41,17202,17122,9989,17343,31489,1,1,1
25191,4859,1944,40,18335,18024,11632,18495,36990,32,1,1
25192,4258,2816,40,14197,13796,1322,14367,22813,45,1,1
25193,4288,1072,40,11853,11622,1613,12013,19026,22,1,1
25194,6443,5280,40,15139,14517,1452,15329,28564,76,1,1
25195,2735,161,40,29366,29225,14157,29506,46619,3,1,2
25196,2484,822,30,17824,17623,10991,17974,32301,17,1,1
25197,6683,5540,40,15599,14958,1113,15790,29186,77,1,1
25198,6553,4889,40,14758,14177,2114,14968,28564,71,1,1
25199,4047,401,30,11462,11311,1253,11602,17343,9,1,1
25200,6833,1853,40,18766,18455,14688,18926,42340,32,1,1
25201,7023,5611,40,16050,15409,1783,16260,30718,79,1,1
25202,6803,5821,40,21330,20669,6772,21530,40977,81,1,1
25203,3256,1042,40,11823,11592,2214,11983,18535,21,1,1
25204,6462,4659,40,14147,13596,2314,14347,27822,68,1,1
25205,3216,842,40,13485,13285,3808,13625,21531,16,1,1
25206,6412,4288,40,20770,20229,5520,20960,37210,64,1,1
25207,6803,5200,40,15720,15098,1934,15910,29897,74,1,1
25208,6773,5109,41,20669,20068,3356,20870,36158,74,1,1
25209,3817,1553,40,10600,10319,2084,10771,18265,27,1,1
25210,5992,2915,40,9528,9118,1222,9699,19878,45,1,1
25211,6072,4538,40,13716,13175,1773,13907,26330,66,1,1
25212,2875,912,40,13245,13025,4258,13396,21481,18,1,1
25213,6312,4519,40,20679,20138,9038,20859,40778,64,1,1
25214,6072,6241,40,16271,15699,1973,16462,30798,69,1,1
25215,7314,5270,40,20539,19917,4679,20729,38032,75,1,1
25216,3086,1282,40,10410,10160,2054,10560,17042,23,1,1
25217,5360,3657,40,9989,9518,1112,10169,20348,56,1,1
25218,6232,4659,40,14287,13746,1353,14487,26771,66,1,1
25219,3807,1573,40,14207,13937,3457,14377,23254,28,1,1
25220,6413,3907,40,20018,19507,3056,20208,33624,61,1,1
25221,7635,5450,40,16712,16061,1844,16902,31891,79,1,1
25222,7815,6141,40,20559,19877,3456,20760,38212,84,1,1
25223,2345,230,40,12214,12102,2625,12354,17604,5,1,1
25224,3898,441,40,7995,7835,1473,8135,14007,11,1,1
25225,7064,5220,40,11602,10971,1633,11792,25749,76,1,1
25226,4549,190,40,7855,7745,1814,7995,14608,5,1,1
25227,6251,4519,40,15480,14929,3356,15670,29836,67,1,1
25228,6422,4098,40,20179,19668,1483,20359,32402,61,1,1
25229,6973,5320,41,16320,15669,1953,16512,30808,79,1,1
25230,7344,5741,40,20429,19768,2815,20629,36569,81,1,1
25231,3526,872,40,9328,9128,2304,9478,16210,16,1,1
25232,5230,2565,40,8296,7925,1042,8466,17343,40,1,1
25233,6362,4559,40,12364,11813,992,12554,24517,65,1,1
25234,3897,491,40,8026,7855,1462,8166,14066,12,1,1
25235,3917,1713,40,13876,13586,3697,14037,23414,29,1,1
25236,6171,3827,40,20018,19517,3447,20198,33684,58,1,1
25237,5500,4820,40,21170,20569,1343,21360,33073,72,1,1
25238,7695,5040,40,20659,20068,1723,20859,35357,73,1,1
25239,2935,581,40,13475,13305,11833,13626,29025,13,1,1
25240,8375,7174,40,9218,8486,7113,9428,32140,92,1,1
25241,1894,370,41,10289,10109,7675,10440,20429,8,1,1
25242,3717,1603,40,6502,6232,4098,6662,16120,27,1,1
25243,6392,1893,41,7915,7614,1082,8086,17483,31,1,1
25244,5089,2816,40,16852,16471,2565,17032,27552,44,1,1
25245,7595,3266,40,19337,18906,14057,19517,44485,49,1,1
25246,3486,2956,40,16271,15870,2194,16441,25137,45,1,1
25247,7003,3196,40,19136,18715,6813,19327,36369,49,1,1
25248,4769,2134,40,10410,10069,1183,10580,18696,37,1,1
25249,6021,3857,40,10680,10179,1212,10861,22001,59,1,1
25250,3837,1703,40,15520,15229,2815,15680,24085,29,1,1
25251,8577,3617,40,19126,18655,3547,19306,35097,55,1,1
25252,7033,6603,40,20830,20108,1583,21040,36299,89,1,1
25253,7154,3446,40,18876,18424,1884,19056,31580,52,1,1
25254,3226,661,40,8656,8466,2144,8796,14878,14,1,1
25255,3827,912,40,8276,8075,1062,8436,14287,18,1,1
25256,3947,631,40,6883,6713,1212,7024,12864,13,1,1
25257,8436,8717,40,31530,30608,1142,31750,50085,114,1,2
25258,6502,4729,40,21130,20539,1703,21321,34295,71,1,1
25259,4709,732,40,17503,17323,1673,17653,24827,15,1,1
25260,3627,160,40,7495,7394,1202,7625,12674,3,1,1
25261,3837,701,40,5470,5290,1172,5621,11382,14,1,1
25262,4027,1122,40,8105,7865,972,8255,14437,22,1,1
25263,6111,4088,40,18646,18104,2495,18826,31580,63,1,1
25264,6633,2945,40,18445,18054,1893,18626,30147,45,1,1
25265,7424,6502,40,21029,20298,1663,21241,36880,91,1,1
25266,8987,8336,40,21721,20890,1062,21941,40366,106,1,1
25267,3967,341,40,7795,7665,992,7945,13295,8,1,1
25268,2415,551,40,10029,9869,3066,10179,16271,12,1,1
25269,7104,4899,41,15619,15028,2305,15810,30168,71,1,1
25270,7684,6251,40,21901,21190,1573,22102,37651,87,1,1
25271,3747,571,40,17684,17513,2805,17824,24987,12,1,1
25272,5310,3537,40,20208,19767,8957,20398,38242,52,1,1
25273,7073,5641,40,15019,14387,1152,15229,29135,79,1,1
25274,6823,5110,40,15559,14958,2254,15760,29997,73,1,1
25275,7224,5320,40,15951,15319,1823,16141,30568,77,1,1
25276,6803,4789,40,15128,14557,1562,15329,28514,69,1,1
25277,3516,371,40,17654,17513,13696,17804,35437,9,1,1
25278,1783,541,40,17864,17713,8166,18014,28554,10,1,1
25279,3356,1373,40,17994,17744,2335,18154,25268,25,1,1
25280,6703,3937,40,15560,15039,1793,15740,28213,61,1,1
25281,7374,6051,40,20488,19787,1703,20690,35858,86,1,1
25282,3357,962,40,18405,18194,11682,18555,34596,18,1,1
25283,2104,440,30,17543,17393,10299,17684,30577,10,1,1
25284,7284,6482,40,21160,20439,1082,21371,36269,90,1,1
25285,6312,4448,40,24717,24166,1814,24907,37521,66,1,1
25286,2445,271,40,17573,17453,10781,17723,31260,6,1,1
25287,5781,3016,40,19257,18856,8967,19427,37251,46,1,1
25288,2916,1001,40,14437,14227,3687,14598,22242,19,1,1
25289,6993,4880,40,15599,14998,1613,15790,29336,72,1,1
25290,6472,5030,40,19407,18786,2194,19597,33343,74,1,1
25291,3477,961,40,17984,17763,15870,18135,38483,19,1,1
25292,16902,20769,40,23986,22223,16772,24296,78779,232,1,2
25293,7273,7123,40,20549,19808,1092,20769,36298,94,1,1
25294,6311,4578,40,19788,19216,2334,19968,33232,68,1,1
25295,13315,6142,40,21471,20800,14397,21671,55555,81,1,1
25296,2675,291,40,17483,17363,10831,17633,31470,6,1,1
25297,6583,6112,40,20499,19817,1202,20699,34656,85,1,1
25298,6282,4919,40,16471,15900,1884,16661,29796,70,1,1
25299,6652,3317,40,12975,12534,1382,13145,24556,50,1,1
25300,2104,150,40,17363,17262,15319,17494,35107,2,1,1
25301,16050,21621,40,6502,4719,18675,6823,63209,239,1,1
25302,4909,3727,41,19406,18925,15139,19597,43412,56,1,1
25303,2314,541,40,10300,10140,2114,10450,15459,11,1,1
25304,6883,4719,40,15489,14948,1724,15679,29045,66,1,1
25305,6172,4919,40,19908,19327,2014,20108,33253,71,1,1
25306,3707,1002,40,18125,17904,16411,18285,39435,19,1,1
25307,15890,22332,40,6823,4949,14507,7144,59923,251,1,1
25308,8927,6562,40,20960,20248,12304,21160,49003,89,1,1
25309,5370,4499,40,16041,15480,1282,16231,27412,67,1,1
25310,7264,3496,41,13505,13034,1844,13676,26330,53,1,1
25311,6322,5290,40,19998,19397,1703,20208,33563,75,1,1
25312,2174,110,40,17373,17273,14537,17503,34375,1,1,1
25313,16591,21922,40,6593,4779,16000,6913,61476,243,1,1
25314,4759,3135,40,19076,18635,13195,19247,40387,49,1,1
25315,2685,481,40,9398,9247,2004,9538,14768,10,1,1
25316,5581,3206,40,15259,14818,1393,15439,25659,51,1,1
25317,6593,5350,40,15600,14959,1934,15790,29727,78,1,1
25318,3958,1132,40,12354,12103,1613,12504,19257,22,1,1
25319,5741,1283,40,19587,19337,9037,19737,35958,24,1,1
25320,5220,2695,40,18976,18585,11662,19146,38773,44,1,1
25321,2114,211,40,8997,8887,2034,9137,13556,5,1,1
25322,5951,3607,40,10871,10380,1132,11061,21801,59,1,1
25323,4148,1252,40,21501,21230,1663,21651,28764,21,1,2
25324,6904,4558,40,10821,10269,2795,11011,25318,67,1,1
25325,12293,6162,40,20048,19397,15780,20238,54533,80,1,1
25326,3997,3206,41,14267,13836,2164,14448,23855,50,1,1
25327,6462,3727,40,19437,18946,12193,19617,42039,57,1,1
25328,6442,5571,40,15239,14608,1132,15429,28614,76,1,1
25329,6232,4719,40,19858,19297,2274,20048,33323,68,1,1
25330,3577,190,40,11342,11232,2014,11482,17313,5,1,1
25331,6392,2004,40,18586,18304,8967,18746,36159,30,1,1
25332,6212,5019,41,15960,15359,1853,16151,29285,72,1,1
25333,5421,3596,40,19957,19487,14016,20139,43212,55,1,1
25334,16992,6763,31,12373,11692,17403,12564,53782,83,1,1
25335,3667,1934,40,11562,11262,12804,11722,30177,31,1,1
25336,9698,11141,40,3908,2826,17583,4148,42620,140,1,1
25337,4358,2234,40,10080,9728,13966,10250,30858,38,1,1
25338,15980,21681,40,16932,15149,14558,17252,69512,239,1,1
25339,3737,1583,40,14037,13756,3998,14197,23565,28,1,1
25340,6261,4369,40,20980,20439,8205,21170,40045,65,1,1
25341,6763,5811,40,16812,16141,1954,17012,31570,82,1,1
25342,6953,5220,41,20759,20148,5510,20960,38693,76,1,1
25343,3306,1232,40,12393,12163,2595,12554,19727,22,1,1
25344,6281,5049,40,19577,18986,1522,19768,32671,72,1,1
25345,3397,972,40,47340,46648,7364,47720,59673,19,1,1
25346,12844,10150,291,53721,52680,10550,54423,88077,56,1,1
25347,10359,10650,80,34976,33855,3707,35457,60264,67,1,1
25348,4038,1813,80,35146,34766,23424,35448,64813,15,1,1
25349,13446,13435,80,35868,34476,1343,36269,64603,86,1,1
25350,12183,12393,80,23484,22182,2735,23876,51277,80,1,1
25351,5601,1142,80,16111,15799,1523,16411,24767,11,1,1
25352,28754,33975,80,54393,51517,1994,54954,119767,190,1,1
25353,12824,12584,80,32802,31449,3116,33203,61827,84,1,1
25354,7855,6382,80,37992,37170,3396,38343,56066,47,1,1
25355,9979,8156,80,16862,16331,1142,17162,36519,58,1,1
25356,3687,231,40,8135,8035,1473,8275,13716,5,1,1
25357,6081,4980,40,12243,11682,1753,12423,25298,68,1,1
25358,2194,351,40,12684,12554,581,12824,16010,7,1,1
25359,17123,19567,40,31911,30228,7023,32211,75964,215,1,2
25360,7324,6573,40,17864,17163,2375,18074,34386,88,1,1
25361,7404,4990,30,19727,19146,4870,19907,37211,69,1,1
25362,3447,1052,40,12524,12303,2003,12674,19216,20,1,1
25363,5831,4008,40,11211,10720,1153,11391,22443,57,1,1
25364,3787,451,40,8105,7965,1463,8255,13996,9,1,1
25365,21100,20138,40,27662,25979,1443,27963,70694,224,1,1
25366,6933,5922,40,18695,18034,1523,18895,33303,81,1,1
25367,7094,4348,40,19467,18965,2255,19657,33394,61,1,1
25368,3316,521,40,9618,9468,1714,9768,15359,10,1,1
25369,5891,4438,40,11401,10860,1373,11582,23344,64,1,1
25370,3957,872,40,9247,9057,1362,9418,15639,15,1,1
25371,2094,1172,40,15971,15750,2785,16141,22242,19,1,1
25372,6382,2545,40,18365,18024,11101,18535,38613,38,1,1
25373,7485,6833,40,18916,18174,1463,19116,34957,93,1,1
25374,6692,3687,40,18895,18435,5811,19077,35317,55,1,1
25375,4989,2936,40,10269,9899,1362,10439,19787,42,1,1
25376,4489,1252,41,15038,14778,1182,15199,22162,20,1,2
25377,3927,952,40,5721,5511,1032,5871,11832,19,1,1
25378,2445,721,40,9288,9128,2725,9438,15389,13,1,1
25379,4739,3056,40,22784,22372,2615,22954,33414,46,1,1
25380,6031,4558,40,19978,19447,1293,20168,32081,64,1,1
25381,4028,601,40,17343,17183,1693,17493,23865,12,1,1
25382,6212,3086,40,10330,9899,1222,10490,21060,48,1,1
25383,3887,1192,40,9648,9408,1673,9799,16601,22,1,1
25384,3426,411,40,7084,6944,1453,7234,12554,9,1,1
25385,6121,4779,40,16612,16050,1463,16792,29205,68,1,1
25386,6162,2364,40,18536,18185,4789,18706,32061,38,1,1
25387,8526,4358,40,17834,17312,2315,18014,33263,62,1,1
25388,4839,1944,40,18034,17724,3587,18204,28624,34,1,1
25389,4047,411,40,11693,11561,962,11843,17313,9,1,1
25390,3687,450,40,5440,5290,1232,5581,11000,10,1,1
25391,3747,1733,40,23123,22803,1653,23285,30478,29,1,2
25392,7905,3727,41,34605,34114,2415,34786,48883,54,1,2
25393,2344,241,40,17894,17774,7995,18034,28654,5,1,1
25394,3857,561,40,7935,7764,1002,8076,13546,13,1,1
25395,7645,8556,40,20910,20069,1142,21130,38523,108,1,1
25396,6993,6042,40,22653,21982,1833,22853,37771,83,1,1
25397,3296,692,40,17483,17303,4609,17633,26280,14,1,1
25398,6683,3396,40,19558,19106,6472,19738,36349,53,1,1
25399,4558,2104,40,13625,13295,2284,13797,22803,36,1,1
25400,6943,4809,41,15569,15008,2104,15760,29666,69,1,1
25401,6743,5330,40,16301,15710,1703,16501,30317,73,1,1
25402,6843,5120,40,14077,13495,1724,14277,28004,72,1,1
25403,2344,161,40,17323,17223,13626,17463,33644,3,1,1
25404,2234,641,41,17833,17653,7775,17964,28674,13,1,1
25405,3477,1793,40,18224,17924,2335,18385,26050,31,1,1
25406,6622,5350,40,20879,20278,1774,21070,34866,73,1,1
25407,17012,10931,40,23715,22723,8536,23955,60474,129,1,1
25408,5180,2554,40,18545,18174,9618,18715,36118,42,1,1
25409,2024,421,40,9738,9598,2594,9878,14968,8,1,1
25410,7143,5120,40,16912,16331,1482,17113,30898,72,1,1
25411,6452,5180,40,20018,19416,1993,20209,33884,73,1,1
25412,2033,120,40,17122,17032,14557,17272,34024,1,1,1
25413,16160,22202,40,6583,4789,15178,6893,60474,241,1,1
25414,4959,2635,40,18986,18636,12514,19156,39304,40,1,1
25415,6693,6182,40,20929,20248,1102,21140,35167,85,1,1
25416,6192,4779,40,20138,19587,2805,20329,34165,68,1,1
25417,2805,201,40,17212,17102,14607,17353,34996,4,1,1
25418,15619,19858,41,23163,21470,14447,23465,73439,221,1,2
25419,5871,4508,41,19727,19166,1242,19908,31569,67,1,1
25420,6022,4248,40,21320,20769,1914,21510,33734,65,1,1
25421,2364,180,40,17553,17453,14648,17694,34926,3,1,1
25422,8546,8416,40,20248,19347,12593,20459,50074,109,1,2
25423,6623,5400,40,22343,21701,1162,22533,35768,78,1,1
25424,7363,5740,40,25468,24817,2314,25669,41137,81,1,1
25425,2254,151,40,17182,17082,14557,17323,34325,2,1,1
25426,11031,12814,30,21731,20508,13205,21972,59062,155,1,2
25427,17132,6793,40,19376,18695,17382,19587,60935,85,1,1
25428,3237,1202,40,10420,10179,11341,10570,26390,22,1,1
25429,16621,21100,40,18425,16681,6923,18736,63420,233,1,1
25430,1543,320,40,12864,12734,10530,13005,25448,7,1,1
25431,16291,21520,40,23725,21912,19226,24056,81133,243,1,1
25432,17003,7203,40,20378,19687,17343,20589,62178,87,1,1
25433,4830,1673,40,18325,18024,20008,18485,45036,31,1,1
25434,4539,1903,40,13456,13134,2044,13616,22142,33,1,1
25435,7474,3647,40,13275,12804,1854,13455,26470,55,1,1
25436,6893,5811,40,19728,19076,1603,19928,34285,82,1,1
25437,2424,191,40,17493,17393,14808,17633,35106,4,1,1
25438,16140,21931,41,6502,4719,13696,6823,58631,240,1,1
25439,9518,6372,40,20269,19608,11171,20469,47570,82,1,1
25440,4970,3787,40,16131,15640,1262,16311,26360,57,1,1
25441,7164,6182,40,16341,15670,1743,16541,31680,83,1,1
25442,3808,581,30,11592,11422,1673,11732,17854,13,1,1
25443,4308,732,40,11702,11522,1643,11852,18595,16,1,1
25444,6192,1062,40,17844,17603,17513,17984,42801,21,1,1
25445,15459,19928,40,23404,21690,14758,23705,73880,225,1,2
25446,6613,6182,40,14948,14267,1102,15148,29085,83,1,1
25447,6593,5540,40,15079,14457,2034,15269,29486,76,1,1
25448,4589,1322,41,11972,11712,1583,12133,19677,26,1,1
25449,3987,1493,40,30207,29907,18064,30358,53952,25,1,2
25450,2685,891,40,18174,17964,13796,18314,35737,18,1,1
25451,1993,240,40,9338,9228,2465,9488,14217,5,1,1
25452,6252,3948,40,10680,10189,1122,10860,22222,59,1,1
25453,5751,4067,40,14607,14097,1883,14788,26530,59,1,1
25454,4549,1743,40,13906,13616,3737,14067,24136,28,1,1
25455,7694,4669,41,20188,19637,3006,20379,35788,67,1,1
25456,6773,5430,40,15900,15289,1804,16100,30137,75,1,1
25457,7154,5640,40,20428,19797,4198,20630,37652,78,1,1
25458,4829,1473,40,14828,14557,1954,14978,23284,26,1,1
25459,6252,4649,40,14237,13666,2235,14427,27613,69,1,1
25460,3216,942,40,12994,12774,4279,13144,21621,19,1,1
25461,6833,4318,40,20188,19657,3697,20379,35267,64,1,1
25462,6703,5300,40,15910,15289,1774,16100,29927,76,1,1
25463,6562,5571,40,21010,20369,3767,21210,37150,79,1,1
25464,3907,1683,40,10299,10019,2033,10460,18134,28,1,1
25465,5540,2936,40,9358,8957,1273,9538,19327,47,1,1
25466,7103,6442,41,14778,14086,1062,14979,29636,86,1,1
25467,3417,1633,40,13346,13075,4478,13496,23074,26,1,1
25468,6472,3637,40,20038,19587,5611,20218,35988,53,1,1
25469,6803,5711,40,15800,15159,1814,16000,30378,79,1,1
25470,6813,6002,40,20589,19928,5000,20789,38644,82,1,1
25471,3276,1243,40,10730,10480,1984,10870,17423,23,1,1
25472,7604,5470,40,13575,12944,1763,13767,28654,78,1,1
25473,4349,1202,40,8085,7845,1432,8236,15269,23,1,1
25474,3386,781,40,8155,7975,1433,8305,13966,16,1,1
25475,4589,2224,40,13887,13556,3396,14057,24296,35,1,1
25476,6292,4017,40,20249,19747,6302,20429,37090,61,1,1
25477,6822,5872,40,16471,15820,2064,16671,31469,81,1,1
25478,8396,6342,40,20339,19658,3497,20539,38824,86,1,1
25479,3397,1442,41,12513,12253,3517,12674,21070,25,1,1
25480,6632,5381,40,12083,11472,1533,12283,25869,76,1,1
25481,2835,541,40,12263,12113,4077,12414,19897,11,1,1
25482,6582,3587,40,19397,18926,3577,19577,33373,56,1,1
25483,7494,5681,40,18365,17694,1383,18565,33163,82,1,1
25484,7043,4479,40,19557,18996,2094,19747,33403,67,1,1
25485,3116,822,40,9608,9408,1994,9758,15730,16,1,1
25486,6553,4739,40,11061,10520,1002,11251,23595,66,1,1
25487,3898,320,41,8425,8305,3626,8577,16471,7,1,1
25488,4269,1933,40,14608,14287,4148,14768,25158,33,1,1
25489,7574,4028,40,19537,19036,1974,19727,33353,59,1,1
25490,7164,6342,40,18936,18215,1343,19136,34015,89,1,1
25491,7063,4549,40,19547,18996,2375,19737,33784,67,1,1
25492,3146,922,40,9558,9368,1714,9718,15550,17,1,1
25493,2235,1022,40,9027,8837,2134,9187,14628,18,1,1
25494,3787,1203,40,7153,6923,1032,7303,13385,22,1,1
25495,5220,3316,40,16782,16331,2835,16963,28394,53,1,1
25496,6732,3467,40,19157,18686,2605,19327,32191,54,1,1
25497,6041,4749,41,18034,17473,2034,18225,31109,69,1,1
25498,6873,4007,40,19066,18575,2324,19247,32501,59,1,1
25499,3396,841,40,8947,8757,2094,9097,15489,16,1,1
25500,4048,1503,40,14989,14668,1092,15149,21842,29,1,2
25501,3496,1042,41,5891,5670,1102,6042,11722,20,1,1
25502,972,150,40,8116,8026,591,8256,10009,2,1,1
25503,15820,17012,40,19818,18325,2084,20098,55054,197,1,1
25504,6332,3997,41,32691,32151,8666,32883,51928,61,1,2
25505,6072,4488,40,16772,16220,1283,16962,28855,67,1,1
25506,17283,11001,40,21070,20078,1543,21310,51167,128,1,1
25507,3567,811,41,9077,8876,2224,9228,15880,16,1,1
25508,4499,1333,40,8306,8045,971,8466,15299,25,1,1
25509,3156,1292,40,10109,9879,2815,10270,17573,22,1,1
25510,7945,5991,40,17403,16721,1813,17604,33403,84,1,1
25511,6643,4889,40,19537,18976,6943,19727,38253,68,1,1
25512,4058,802,40,17553,17373,1694,17703,24317,16,1,1
25513,5932,2344,40,18115,17774,3156,18285,29757,38,1,1
25514,3777,150,40,9829,9739,962,9969,14908,3,1,1
25515,3597,551,40,5651,5490,1172,5801,11171,12,1,1
25516,2856,1894,40,15249,14938,2955,15419,23174,34,1,1
25517,3647,1272,40,25579,25309,1743,25739,32461,24,1,2
25518,7585,6271,40,19547,18856,2114,19748,35758,85,1,1
25519,1994,220,40,17544,17443,741,17684,20689,4,1,1
25520,17142,17534,40,5250,3807,2655,5530,42911,193,1,1
25521,3807,431,40,7885,7735,942,8035,13245,10,1,1
25522,3267,1312,40,10310,10059,2525,10460,17614,25,1,1
25523,7284,5039,40,16281,15660,2094,16471,30918,75,1,1
25524,6573,5240,40,20489,19868,1583,20679,34115,75,1,1
25525,4519,1252,40,19597,19346,11081,19768,36660,23,1,1
25526,14668,16591,40,24907,23444,4940,25188,61417,193,1,1
25527,4398,2174,40,15961,15619,2014,16121,24757,36,1,1
25528,6893,4228,40,16451,15940,2024,16641,29826,61,1,1
25529,6503,5691,40,20439,19797,1783,20629,34646,78,1,1
25530,3456,391,40,17433,17293,12975,17573,34445,9,1,1
25531,1953,541,40,17673,17523,8366,17813,28734,10,1,1
25532,14157,8496,40,16922,16110,9137,17133,48963,103,1,1
25533,7073,4549,40,15750,15219,2826,15930,30438,63,1,1
25534,4679,1723,40,10189,9889,9137,10349,25929,31,1,1
25535,3617,2355,40,17413,17072,8346,17583,31951,37,1,1
25536,2164,221,40,17784,17684,12604,17924,32963,4,1,1
25537,2174,781,40,18045,17863,9388,18195,30578,14,1,1
25538,2875,1032,41,14948,14748,2685,15099,21751,18,1,1
25539,7284,4539,40,15419,14878,2043,15609,29526,65,1,1
25540,6212,4809,40,20268,19707,1823,20458,33363,69,1,1
25541,13094,7384,40,21651,20899,16311,21862,58691,96,1,1
25542,5791,2114,40,18706,18355,18134,18866,44945,36,1,1
25543,6733,6502,40,21110,20399,1082,21321,35678,90,1,1
25544,6873,6172,40,21080,20409,1393,21280,35758,82,1,1
25545,3457,811,41,17934,17733,16321,18085,38704,16,1,1
25546,4308,2785,40,18696,18275,11432,18866,37431,43,1,2
25547,6723,5480,40,19738,19086,1152,19928,33323,79,1,1
25548,6452,4920,40,19377,18796,2825,19567,33804,71,1,1
25549,2225,300,40,17544,17423,14908,17694,35167,6,1,1
25550,15930,22803,40,6642,4829,14187,6963,59943,245,1,1
25551,7404,4118,40,20298,19777,10941,20488,42991,62,1,1
25552,5881,4528,40,19958,19407,1252,20129,31850,65,1,1
25553,6462,5089,40,19878,19256,2375,20068,34045,75,1,1
25554,2254,151,40,17433,17333,14498,17573,34526,3,1,1
25555,13185,13395,40,21611,20359,11882,21872,60374,162,1,2
25556,5561,4418,40,16310,15750,1182,16492,27693,67,1,1
25557,6853,3627,40,13636,13175,2064,13806,26400,53,1,1
25558,6743,5881,40,19877,19226,2144,20078,34876,81,1,1
25559,2445,300,40,17924,17784,14788,18054,35637,7,1,1
25560,15840,22472,40,6743,4899,18966,7064,64382,248,1,1
25561,8937,5521,40,19958,19357,13566,20148,48232,75,1,1
25562,6783,6382,40,27242,26510,1072,27442,41729,91,1,1
25563,7354,6512,40,20098,19386,1713,20299,35918,88,1,1
25564,2966,341,40,17944,17824,15199,18094,36630,7,1,1
25565,16612,21240,40,6403,4639,14026,6703,58631,236,1,1
25566,4769,3166,40,19146,18715,12684,19316,39966,48,1,1
25567,3757,1403,40,13245,12994,1894,13405,20499,24,1,1
25568,4959,961,41,11912,11692,1573,12073,19607,20,1,1
25569,7004,5360,40,20339,19707,1773,20539,34726,76,1,1
25570,3346,431,40,11682,11542,2073,11823,17733,9,1,1
25571,6843,4488,40,21591,21040,5160,21781,38332,67,1,1
25572,6353,3416,40,18866,18425,11883,19036,40738,50,1,1
25573,12964,14287,40,18425,17133,1042,18685,47029,170,1,1
25574,6663,5090,40,15449,14838,1924,15649,29356,75,1,1
25575,4248,420,40,11481,11331,1793,11622,18134,10,1,1
25576,3497,1613,40,31490,31189,17353,31640,54153,26,1,2
25577,4929,2325,40,18695,18355,14708,18865,40857,37,1,1
25578,6362,6282,41,15208,14507,1041,15409,29145,86,1,1
25579,5791,4579,40,14487,13926,2023,14668,27121,67,1,1
25580,3015,1002,41,13245,13034,4198,13386,21651,18,1,1
25581,6102,1443,40,18014,17754,16401,18164,42160,25,1,1
25582,7173,5832,40,15710,15068,1713,15910,30678,80,1,1
25583,6673,3637,40,19277,18816,13485,19457,43312,55,1,1
25584,1252,291,40,10279,10149,2205,10419,14207,7,1,1
25585,5310,2435,40,8997,8637,1323,9167,18285,40,1,1
25586,3026,1843,40,13045,12754,2685,13205,20819,31,1,1
25587,2705,681,40,12755,12583,5420,12905,21771,14,1,1
25588,2615,1262,40,18636,18385,13525,18786,36248,23,1,1
25589,2906,1874,40,14107,13796,2775,14267,21872,33,1,1
25590,5901,3467,40,18976,18545,11983,19136,40547,48,1,1
25591,7053,7053,40,18034,17303,1012,18245,33393,92,1,1
25592,7024,5330,40,12814,12193,1633,13015,27042,77,1,1
25593,4238,962,41,23905,23665,1733,24066,31039,18,1,2
25594,7314,4408,40,30437,29857,2775,30618,45166,63,1,2
25595,5831,3918,40,19677,19176,8156,19867,37812,59,1,1
25596,4228,1683,41,12794,12493,2054,12955,20950,30,1,1
25597,6071,4940,40,12874,12314,1663,13055,25769,68,1,1
25598,3927,591,40,8265,8105,1462,8415,14457,13,1,1
25599,6423,3917,40,14818,14328,3075,14998,28454,58,1,1
25600,5851,3416,40,20118,19657,3747,20299,33343,53,1,1
25601,6773,5601,40,23615,22973,1593,23815,37832,80,1,1
25602,1974,290,40,9679,9548,551,9829,12684,7,1,1
25603,10229,8546,40,19927,19045,1142,20149,40126,109,1,2
25604,3096,841,41,12533,12343,3737,12674,20398,16,1,1
25605,7294,4047,40,19697,19186,4399,19878,35668,60,1,1
25606,6833,5681,40,20419,19758,1393,20609,34556,81,1,1
25607,7244,2745,40,18905,18515,7594,19077,36700,43,1,1
25608,3537,982,40,10009,9789,1863,10159,16591,19,1,1
25609,7384,5040,40,16701,16110,1132,16902,30488,72,1,1
25610,4579,1522,40,9347,9077,1342,9508,16982,27,1,1
25611,9859,9037,40,25018,24095,1082,25248,45276,118,1,1
25612,7364,5892,30,19908,19226,1442,20098,34856,84,1,1
25613,6974,4749,40,19367,18796,2164,19557,33474,69,1,1
25614,3386,762,40,9868,9678,1663,10019,15890,16,1,1
25615,6342,3977,41,10870,10369,1112,11051,22542,60,1,1
25616,4248,992,40,16150,15910,1733,16311,23314,19,1,2
25617,7264,4508,40,22202,21651,3036,22393,37231,66,1,1
25618,7494,5801,40,25559,24868,1322,25759,40416,85,1,1
25619,15099,5781,40,16862,16231,1112,17052,39094,76,1,1
25620,5731,1613,41,15419,15099,1723,15580,24687,29,1,2
25621,2896,200,40,5260,5150,1152,5400,9688,5,1,1
25622,8005,7755,40,18836,18034,1142,19056,35998,103,1,1
25623,6853,3637,40,35016,34495,8576,35197,54303,56,1,2
25624,6502,3206,40,18525,18105,3627,18695,32080,48,1,1
25625,3807,290,40,7354,7234,992,7504,12644,7,1,1
25626,4278,691,41,5400,5209,1022,5551,11582,15,1,1
25627,3738,571,40,7704,7544,992,7865,13216,13,1,1
25628,4298,2255,40,11672,11321,2304,11842,20739,38,1,1
25629,7084,5791,40,16191,15540,1873,16391,31189,81,1,1
25630,6422,3898,40,35127,34606,3617,35307,49284,57,1,2
25631,4699,1483,40,17874,17604,2224,18024,26470,26,1,1
25632,4469,701,40,7705,7515,982,7855,14057,16,1,1
25633,2334,120,40,4869,4769,1573,5000,9077,1,1,1
25634,3496,2425,40,10801,10430,2374,10971,19296,40,1,1
25635,7425,5099,40,23355,22733,2164,23545,38283,71,1,2
25636,6573,5320,40,19437,18836,2725,19627,34305,74,1,1
25637,4128,401,40,17353,17213,1703,17493,23765,9,1,1
25638,2725,711,40,17864,17674,7895,18004,29375,14,1,1
25639,3958,230,40,7615,7505,1082,7755,13055,4,1,1
25640,5520,3417,40,17824,17373,2314,18004,29305,53,1,1
25641,6492,5451,40,22072,21420,2324,22262,36589,79,1,1
25642,13536,9808,41,22292,21470,9548,22513,55435,105,1,1
25643,2003,732,40,18124,17934,8557,18274,29606,15,1,1
25644,4489,2024,40,15840,15509,2144,16000,24707,35,1,1
25645,7304,4749,40,16241,15660,1864,16431,30388,70,1,1
25646,6973,5220,40,20139,19507,1743,20339,34305,77,1,1
25647,3768,1062,40,18655,18435,13025,18815,36710,21,1,1
25648,2715,1182,40,17974,17763,7835,18135,29907,20,1,1
25649,3878,1523,40,13095,12814,2635,13235,21321,26,1,1
25650,7264,5250,40,15329,14728,1934,15529,30017,75,1,1
25651,7074,6111,40,21220,20539,2014,21421,36660,84,1,1
25652,2475,381,40,18064,17924,641,18204,21751,8,1,1
25653,17643,12083,40,3958,2856,18525,4198,52499,143,1,1
25654,4949,2494,40,18776,18424,9608,18956,36038,39,1,1
25655,3156,1372,40,12925,12674,2755,13085,20418,25,1,1
25656,7174,4548,41,14798,14217,2013,14989,28764,69,1,1
25657,7294,5040,40,20839,20248,1984,21039,35387,73,1,1
25658,2525,150,40,17363,17253,14608,17503,34816,2,1,1
25659,10400,11301,41,21380,20278,11562,21621,54934,141,1,2
25660,6432,6332,40,15860,15149,1022,16061,29897,88,1,1
25661,6512,4218,30,15079,14548,2044,15259,28073,63,1,1
25662,7064,5210,40,15770,15159,1853,15960,30147,75,1,1
25663,6823,5571,40,14978,14317,1744,15178,29366,83,1,1
25664,2525,180,40,17323,17232,14308,17463,34516,3,1,1
25665,16862,21571,41,6572,4779,20258,6883,65614,241,1,1
25666,4588,4950,40,19918,19457,16391,20098,46077,53,1,1
25667,15669,15259,40,22893,21531,1072,23164,55214,180,1,1
25668,6232,4037,40,19697,19176,2264,19878,32471,61,1,1
25669,2304,240,41,17683,17573,15009,17824,35427,5,1,1
25670,14948,15159,41,22552,21200,10230,22823,63200,176,1,2
25671,5039,3557,40,15881,15409,1262,16061,25959,54,1,1
25672,6984,3897,40,14177,13686,1934,14357,27212,58,1,1
25673,6672,4789,40,20058,19467,1813,20248,33573,71,1,1
25674,2494,481,40,17653,17493,14818,17794,35637,11,1,1
25675,15920,21982,40,6533,4739,13796,6833,58581,241,1,1
25676,7885,4900,40,20599,20018,11382,20779,44996,69,1,1
25677,5440,4348,41,15569,15028,1243,15750,26831,64,1,1
25678,4128,1263,40,12203,11943,1553,12353,19337,24,1,1
25679,6532,5470,40,19787,19156,1503,19978,33523,76,1,1
25680,2365,281,40,17473,17343,14638,17613,34927,6,1,1
25681,16060,20759,40,6352,4609,15880,6663,59402,234,1,1
25682,7324,5461,40,19898,19267,12774,20098,45697,78,1,1
25683,6723,6041,40,15419,14718,1032,15619,29456,87,1,1
25684,6412,3116,40,13245,12825,2195,13425,25188,49,1,1
25685,6582,5491,40,26871,26230,1653,27061,40837,78,1,1
25686,2054,111,30,17152,17052,14287,17282,33784,1,1,1
25687,17823,20900,41,6311,4568,17723,6623,63099,233,1,1
25688,4559,3607,30,20549,20068,15449,20719,44384,55,1,1
25689,3907,1633,40,10530,10239,1242,10691,17503,28,1,1
25690,6392,4569,40,11332,10791,1042,11522,23585,66,1,1
25691,4118,912,40,11863,11662,1633,12023,18726,18,1,1
25692,6462,5180,40,15009,14398,1673,15209,28554,75,1,1
25693,3897,842,40,11953,11742,1623,12103,18505,18,1,1
25694,6162,380,40,17484,17342,12984,17634,37200,9,1,1
25695,1913,381,40,17674,17533,15389,17814,35547,9,1,1
25696,4308,4238,40,1803,1303,2955,1994,13545,60,1,1
25697,4398,3727,40,14047,13565,1683,14237,24075,57,1,1
25698,7023,5661,40,15019,14368,1393,15219,29336,80,1,1
25699,3848,400,40,11602,11441,1683,11733,17724,10,1,1
25700,4528,1774,40,30878,30557,12153,31048,49553,30,1,2
25701,2074,631,40,17793,17623,9468,17944,30167,13,1,1
25702,2274,261,40,10119,9989,2024,10259,14878,6,1,1
25703,5962,3336,40,9428,8977,1243,9608,20189,53,1,1
25704,2745,1653,30,13796,13516,2625,13947,21020,27,1,1
25705,3777,1603,40,13596,13325,3497,13756,22673,28,1,1
25706,6612,3998,40,20028,19537,5771,20208,36639,59,1,1
25707,7194,5560,40,15740,15098,1844,15940,30568,79,1,1
25708,7835,5620,41,20689,20028,4819,20880,39194,81,1,1
25709,5520,4529,40,14678,14117,1172,14858,26129,67,1,1
25710,6492,4569,40,17032,16471,1914,17222,30227,66,1,1
25711,3056,771,40,12815,12634,4057,12965,20909,15,1,1
25712,6051,3878,40,19948,19467,6001,20128,36108,57,1,1
25713,8746,7755,40,24096,23314,1383,24306,42250,100,1,1
25714,1613,110,40,7384,7304,582,7524,9879,1,1,1
25715,18756,6132,40,10941,10329,27883,11141,63962,76,1,1
25716,4358,2194,40,9318,8977,4679,9488,20769,37,1,1
25717,1573,240,40,8446,8335,8706,8597,19146,5,1,1
25718,17182,19497,41,18164,16531,8396,18465,63580,217,1,1
25719,3106,1413,40,14267,14007,4619,14417,23615,25,1,1
25720,7273,5451,40,20278,19667,2304,20479,35557,75,1,1
25721,6612,4960,40,16241,15660,6552,16431,34595,69,1,1
25722,3647,2335,40,19216,18876,3317,19386,28745,38,1,1
25723,3347,571,40,9398,9218,1733,9548,15239,13,1,1
25724,3837,882,40,8215,8015,1382,8375,14527,18,1,1
25725,7224,4659,40,11672,11111,1483,11862,25278,69,1,1
25726,3877,451,40,7965,7815,1453,8115,13936,10,1,1
25727,5871,4509,40,15329,14768,4028,15519,29977,67,1,1
25728,6402,4579,40,20309,19768,1763,20499,33283,66,1,1
25729,12384,14517,40,26480,25157,1042,26751,54734,174,1,1
25730,3797,902,40,9999,9798,2134,10149,17032,17,1,1
25731,6402,3947,40,18605,18085,1633,18786,30798,56,1,2
25732,2806,671,40,12844,12664,3748,12994,20259,14,1,1
25733,7304,3407,40,19557,19116,3627,19747,34125,52,1,1
25734,6202,4428,40,24296,23745,1303,24496,36469,67,1,1
25735,1743,200,41,8806,8696,581,8947,11521,4,1,1
25736,9638,6072,40,9288,8606,1032,9478,26270,85,1,1
25737,2745,1613,40,10330,10049,1964,10480,16852,26,1,1
25738,4107,1112,40,14928,14708,3337,15088,23675,21,1,1
25739,7555,3616,40,19186,18705,3066,19367,33634,55,1,1
25740,7464,6172,40,25138,24436,1453,25338,40477,87,1,1
25741,3076,1122,40,15058,14838,1753,15209,21220,20,1,1
25742,6743,4138,40,11021,10500,1182,11211,23324,63,1,1
25743,3867,1072,41,21791,21510,2665,21942,29596,21,1,2
25744,7153,3297,40,27242,26791,3266,27422,41178,47,1,2
25745,7364,6522,40,16662,15951,2525,16862,33323,88,1,1
25746,8857,3978,40,19156,18665,1634,19336,33845,57,1,1
25747,3236,632,40,8907,8746,1793,9057,14768,13,1,1
25748,4188,1062,40,7955,7725,962,8105,14377,21,1,1
25749,3036,290,40,6943,6823,1152,7094,11602,7,1,1
25750,4328,862,40,5630,5430,1042,5791,12063,18,1,1
25751,2294,1163,40,15028,14808,3768,15188,22443,21,1,1
25752,6713,3577,40,18936,18475,2535,19116,32001,55,1,1
25753,7976,7394,40,21400,20599,1212,21611,38243,100,1,1
25754,6292,2565,40,18405,18035,1483,18575,28965,41,1,1
25755,3336,140,40,7023,6923,1182,7154,11862,2,1,1
25756,3887,561,40,5571,5411,1012,5711,11231,12,1,1
25757,3526,581,40,7614,7434,1062,7765,12964,13,1,1
25758,5150,2595,40,16050,15670,2375,16220,26390,42,1,1
25759,6482,2415,40,23314,22924,4047,23475,36469,38,1,2
25760,9168,8345,40,22512,21651,2053,22734,42340,109,1,1
25761,4809,872,40,17533,17313,1994,17683,25398,19,1,1
25762,4098,561,40,9839,9668,992,9989,15680,13,1,1
25763,7905,8096,40,19928,19076,1052,20138,37241,107,1,1
25764,7685,7223,41,22652,21871,1553,22864,39365,98,1,1
25765,5841,1513,40,17944,17664,2695,18104,28204,28,1,1
25766,4238,1433,40,18234,17984,6372,18384,30468,24,1,1
25767,3226,120,40,7264,7173,1413,7404,12203,1,1,1
25768,6192,3406,41,13225,12774,2515,13406,25559,53,1,1
25769,8095,4899,40,14587,14006,1744,14778,29546,70,1,1
25770,5740,4519,40,20219,19668,3015,20409,33733,66,1,1
25771,3086,441,40,19597,19447,11322,19737,34636,10,1,1
25772,1803,371,40,17513,17383,7705,17663,27572,8,1,1
25773,4900,1693,40,13766,13476,2295,13926,22854,30,1,1
25774,7394,4859,40,15489,14908,2044,15680,30017,71,1,1
25775,6663,5300,40,16512,15870,1713,16702,30428,78,1,1
25776,6933,5501,40,14457,13826,1593,14657,28714,78,1,1
25777,1874,240,40,18065,17954,9758,18215,30127,5,1,1
25778,5049,3307,40,19717,19277,6954,19887,35247,50,1,1
25779,3677,1603,40,18044,17774,2525,18204,26049,28,1,1
25780,6573,4859,40,20088,19507,1573,20278,33343,71,1,1
25781,2044,291,40,17663,17533,10850,17803,31029,6,1,1
25782,2525,1252,40,18004,17764,11722,18155,33704,22,1,1
25783,6413,4859,40,14628,14047,1282,14828,27422,71,1,1
25784,6813,4739,40,15159,14578,1874,15349,28805,70,1,1
25785,6602,4980,40,14998,14407,1844,15188,28664,72,1,1
25786,6743,4689,40,14567,14006,1803,14758,28033,69,1,1
25787,2866,471,40,17864,17693,15519,17994,36900,11,1,1
25788,3226,1854,40,18244,17924,10149,18405,33684,30,1,2
25789,5450,4238,40,15559,15028,1202,15750,26690,64,1,1
25790,6993,4569,30,14608,14057,2475,14788,28875,66,1,1
25791,6412,5130,40,24897,24306,1834,25087,38523,73,1,1
25792,2796,731,40,18054,17884,15539,18205,37321,14,1,1
25793,16812,22392,40,6702,4859,16141,7013,62418,247,1,1
25794,4759,3056,40,19327,18926,14207,19507,41569,46,1,1
25795,6372,4870,40,20108,19136,1052,20298,32642,72,1,1
25796,6763,5501,40,19507,18876,1964,19707,33965,77,1,1
25797,3306,702,40,18114,17934,16081,18264,38393,14,1,1
25798,9398,9488,40,21040,20058,12073,21270,52259,120,1,2
25799,4589,2735,40,13476,13085,1443,13646,22453,43,1,1
25800,6812,3938,40,13836,13346,2033,14017,26860,59,1,1
25801,6552,5450,41,21079,20448,1763,21271,35076,76,1,1
25802,2665,441,41,17433,17292,14698,17584,35438,10,1,1
25803,16000,20549,40,6282,4559,16722,6592,59893,231,1,1
25804,9368,8365,40,20919,20088,12384,21140,51287,105,1,1
25805,5981,5260,40,15209,14597,1153,15399,27833,75,1,1
25806,6833,3467,40,13245,12795,1953,13416,25729,52,1,1
25807,6342,4939,40,19978,19387,1724,20168,33223,72,1,1
25808,2585,361,40,17643,17513,14889,17793,35658,8,1,1
25809,15860,22132,40,6623,4809,12684,6943,57679,245,1,1
25810,4739,3276,40,19237,18806,11191,19407,38663,50,1,1
25811,11652,4008,40,17714,17243,18134,17884,51738,54,1,1
25812,3467,1723,40,10250,9959,11582,10410,27222,29,1,1
25813,16742,16932,40,16922,15439,1212,17203,52129,197,1,1
25814,5170,1403,40,8576,8326,10460,8736,25799,25,1,1
25815,16020,21010,40,18855,17092,17813,19166,74060,237,1,1
25816,17173,7684,40,34025,33253,16602,34225,75734,91,1,2
25817,2354,872,40,18014,17824,15550,18164,36990,16,1,1
25818,7654,8927,30,3297,2394,2755,3507,22883,115,1,1
25819,5360,2585,40,13646,13275,1383,13826,23194,42,1,1
25820,4789,912,40,11932,11722,1644,12082,19467,18,1,1
25821,6903,5280,40,15309,14688,1974,15500,29697,75,1,1
25822,2184,251,40,29295,29145,611,29436,32522,5,1,2
25823,17464,12483,40,4117,2965,18064,4359,52420,146,1,2
25824,5270,3236,40,19357,18936,8797,19537,36880,48,1,1
25825,2294,421,40,9278,9127,2475,9418,14658,9,1,1
25826,6512,4659,40,10841,10279,1072,11021,23304,68,1,1
25827,7063,5530,40,15239,14597,1853,15440,29916,79,1,1
25828,4409,531,40,11832,11672,1684,11972,18646,11,1,1
25829,5911,1243,40,29806,29546,13535,29967,50696,21,1,2
25830,2475,561,40,17684,17513,11291,17824,32201,12,1,1
25831,5310,3527,40,13836,13375,1263,14016,24156,55,1,1
25832,6383,5129,41,15138,14537,2175,15329,29066,73,1,1
25833,4669,2134,40,14507,14167,3927,14678,25448,37,1,1
25834,6212,3817,40,19907,19417,5491,20088,35668,58,1,1
25835,7044,5651,40,15329,14678,2425,15529,30689,80,1,1
25836,7805,5741,40,20709,20058,1964,20909,36459,82,1,1
25837,4549,1072,40,10410,10190,2204,10570,18435,21,1,1
25838,5831,3327,30,10079,9658,1172,10249,20619,48,1,1
25839,6132,3827,40,14067,13556,2094,14247,26330,59,1,1
25840,2736,541,40,12313,12163,4288,12463,20078,11,1,1
25841,6082,3747,40,20309,19838,6722,20489,37080,55,1,1
25842,7444,6713,40,17143,16412,1583,17343,33133,92,1,1
25843,7134,5039,41,21280,20669,6122,21471,39806,74,1,1
25844,3497,1252,40,12754,12513,2294,12915,20008,23,1,1
25845,5931,3046,40,9338,8937,1222,9518,19757,47,1,1
25846,5660,4359,40,13886,13355,1884,14076,26039,65,1,1
25847,4148,1743,40,13235,12965,3828,13395,23174,28,1,1
25848,5791,4368,40,19917,19366,3075,20109,33383,67,1,1
25849,7163,5731,41,15629,14978,1633,15820,30397,79,1,1
25850,7044,4879,40,20249,19678,3276,20449,35688,70,1,1
25851,5670,4259,40,11452,10931,1142,11642,22763,63,1,1
25852,3897,752,40,8275,8095,1422,8426,14547,16,1,1
25853,6342,4628,41,11742,11181,1623,11933,24577,69,1,1
25854,3897,421,40,8276,8146,1473,8426,14267,9,1,1
25855,5831,4087,40,15158,14637,4187,15339,29485,61,1,1
25856,3717,1883,40,18986,18675,2655,19147,27442,32,1,1
25857,7044,5761,40,16211,15559,2294,16411,31560,81,1,1
25858,7464,4949,40,19897,19316,1743,20098,34305,72,1,1
25859,3166,461,40,8456,8315,2254,8607,14518,10,1,1
25860,5861,2515,40,8155,7765,1031,8315,17773,43,1,1
25861,6773,3957,40,11532,11041,1022,11712,23514,59,1,1
25862,4128,461,40,8105,7965,1472,8256,14357,10,1,1
25863,3246,1173,40,13305,13075,3577,13465,21501,22,1,1
25864,5481,2855,40,26861,26461,16742,27031,52169,43,1,2
25865,3366,2495,40,14688,14327,2505,14858,23264,40,1,1
25866,5781,2875,40,18845,18425,9388,19016,37100,47,1,1
25867,3407,1453,40,9919,9648,2394,10069,17383,26,1,1
25868,6212,3897,40,11441,10960,1042,11622,22833,58,1,1
25869,3437,1162,40,14187,13937,2635,14337,21621,23,1,1
25870,6963,3817,40,33794,33293,12974,33975,57779,54,1,2
25871,13917,13055,40,21661,20529,4749,21901,53682,147,1,1
25872,4668,2195,40,9939,9618,1312,10109,18334,35,1,1
25873,6452,4048,40,15399,14888,1363,15579,27482,59,1,1
25874,1573,191,40,10079,9979,762,10219,12785,4,1,1
25875,15509,17383,40,26700,25208,1082,26981,60995,197,1,1
25876,4268,1593,40,15620,15329,1553,15780,23224,29,1,1
25877,6743,3126,40,18705,18284,2275,18875,31079,48,1,1
25878,4008,1022,40,9318,9107,1583,9468,16131,18,1,1
25879,3747,1343,40,8276,8025,1092,8436,14668,26,1,1
25880,3888,331,40,6803,6662,1072,6943,12294,8,1,1
25881,3727,691,40,5521,5350,1042,5671,11192,14,1,1
25882,3096,2104,40,16141,15810,3597,16301,25148,34,1,1
25883,6953,3266,40,18866,18425,2565,19036,31880,50,1,1
25884,8075,7665,40,26590,25789,1193,26810,43793,102,1,1
25885,2104,110,40,7073,6983,1512,7214,10980,1,1,1
25886,3807,371,40,5230,5090,1012,5370,10610,9,1,1
25887,2886,561,40,7454,7284,1233,7594,12324,12,1,1
25888,5230,3106,40,16421,16000,2074,16601,27051,49,1,1
25889,6513,2384,40,18364,18024,3646,18536,31129,38,1,1
25890,8747,7905,40,20779,19978,1813,21000,39505,102,1,1
25891,16401,12714,40,31560,30428,1172,31800,62147,143,1,2
25892,2435,591,40,9999,9839,2645,10149,15870,12,1,1
25893,7264,5330,40,16341,15720,2495,16531,31670,76,1,1
25894,6953,5451,40,20809,20168,1954,20999,35397,78,1,1
25895,6632,1343,40,17904,17644,2084,18064,28163,26,1,1
25896,5450,3006,40,19417,19006,6622,19587,34705,46,1,1
25897,3166,110,30,6874,6772,1663,7004,11993,1,1,1
25898,6222,4669,40,18265,17694,2134,18455,31530,69,1,1
25899,7344,6802,40,23484,22743,1784,23685,39665,92,1,1
25900,2574,221,40,17904,17794,12063,18044,32942,5,1,1
25901,1723,451,40,19036,18886,7945,19186,29345,11,1,1
25902,3296,1623,41,13655,13365,2604,13816,21400,29,1,1
25903,7805,5410,41,15188,14587,2044,15389,30708,75,1,1
25904,6712,5320,40,21030,20378,2054,21210,35347,78,1,1
25905,2836,831,40,18384,18214,14627,18546,36890,15,1,1
25906,2224,1072,41,18585,18374,10309,18746,32381,19,1,1
25907,7424,6723,41,20468,19737,1072,20669,35928,90,1,1
25908,6061,4248,40,20409,19878,1884,20599,32832,64,1,1
25909,6773,4638,41,14186,13635,2334,14368,28163,66,1,1
25910,2735,491,40,17814,17674,8587,17964,29837,10,1,1
25911,6211,3878,40,19798,19287,11962,19978,42079,60,1,1
25912,10300,3697,40,13025,12584,18415,13205,45667,52,1,1
25913,8957,3487,40,18475,18024,13205,18645,44354,51,1,1
25914,1753,411,40,7985,7835,7685,8135,18024,9,1,1
25915,17083,22152,40,26040,24206,26510,26350,92145,245,1,1
25916,17072,9328,40,22272,21391,14929,22512,63891,114,1,1
25917,4889,2585,41,18625,18284,13926,18796,40246,38,1,1
25918,7013,6142,40,20739,20008,1112,20939,35236,90,1,1
25919,7284,6011,41,20058,19366,1412,20259,35016,86,1,1
25920,2806,340,40,17444,17302,15078,17574,35848,7,1,1
25921,15950,21792,40,6543,4749,14116,6853,58761,240,1,1
25922,8516,6573,40,22723,21992,11121,22943,49203,92,1,1
25923,6062,4088,40,18024,17503,1233,18204,29627,61,1,1
25924,7073,4258,41,14437,13906,2214,14628,28223,65,1,1
25925,7164,5761,40,20880,20199,1353,21080,35398,83,1,1
25926,2655,421,40,17864,17724,15299,18014,36429,9,1,1
25927,15860,22172,40,6683,4849,16962,6993,62027,246,1,1
25928,4719,3647,40,19157,18706,14016,19327,41759,52,1,1
25929,5140,3918,40,17092,16611,1253,17272,27643,58,1,1
25930,7725,4448,40,13987,13445,1663,14177,28053,66,1,1
25931,6842,6021,40,19878,19217,1633,20078,34625,82,1,1
25932,13295,7103,40,20689,19978,15329,20889,56667,90,1,1
25933,6051,2264,40,18294,17954,13085,18465,39905,38,1,1
25934,6051,5020,40,15169,14588,1152,15369,27632,71,1,1
25935,7053,3868,40,13345,12854,2255,13515,26731,56,1,1
25936,7073,5620,40,19798,19156,1333,19988,34065,78,1,1
25937,3326,912,40,17944,17724,16171,18094,38553,19,1,1
25938,16602,21581,40,6422,4659,12424,6742,57389,237,1,1
25939,4409,2424,41,19016,18665,10760,19187,36830,40,1,1
25940,5971,5360,41,19567,18945,1152,19768,32301,78,1,1
25941,7164,6292,40,15810,15119,1603,16010,31109,86,1,1
25942,3808,821,40,11953,11753,1633,12103,18415,17,1,1
25943,4399,691,40,17924,17734,9959,18064,33173,15,1,1
25944,2404,812,40,19237,19036,14166,19387,36819,17,1,1
25945,4719,2555,40,13756,13386,1452,13917,22693,41,1,1
25946,4478,692,40,11652,11472,1643,11812,18665,15,1,1
25947,6552,4889,41,14938,14357,2294,15129,28914,72,1,1
25948,2966,821,40,30398,30156,15590,30538,49955,17,1,2
25949,6232,3176,40,18736,18305,10289,18916,38653,49,1,1
25950,7103,5952,40,16150,15479,1092,16340,30538,82,1,1
25951,5881,4529,40,15179,14618,2284,15359,28103,67,1,1
25952,3767,1143,40,12063,11832,1803,12223,18976,22,1,1
25953,6643,2725,40,18756,18395,11812,18926,40146,40,1,1
25954,5741,4458,40,15429,14879,2104,15620,27963,67,1,1
25955,7194,4919,41,20699,20128,4669,20890,37722,70,1,1
25956,2595,731,40,11922,11732,3607,12072,19046,15,1,1
25957,6733,5030,40,15529,14918,2244,15730,29767,74,1,1
25958,4198,2014,40,13927,13606,3356,14087,23705,33,1,1
25959,6212,4549,40,20719,20178,2594,20910,34315,66,1,1
25960,6773,5481,40,16090,15439,2043,16291,30628,79,1,1
25961,7033,4970,40,20639,20018,2775,20829,35647,75,1,1
25962,3116,962,40,9788,9578,2554,9939,16611,18,1,1
25963,5811,3216,40,9558,9138,1192,9739,19998,49,1,1
25964,6172,4769,40,14027,13466,1353,14217,26571,68,1,1
25965,2886,661,40,12694,12514,4269,12844,20700,13,1,1
25966,6462,3146,40,19547,19117,8346,19717,37721,48,1,1
25967,6933,5881,40,16231,15579,2064,16421,31359,80,1,1
25968,8346,5821,40,20439,19818,5591,20629,40437,76,1,1
25969,3737,1412,40,10339,10089,2154,10500,17843,24,1,1
25970,5040,2795,40,9568,9168,1213,9738,18836,45,1,1
25971,5912,4338,40,19587,19056,1493,19777,31560,63,1,1
25972,2956,691,40,13656,13466,5581,13806,23074,14,1,1
25973,3336,1944,30,18886,18565,4829,19046,29195,32,1,1
25974,7204,6432,40,17012,16311,1963,17212,32862,89,1,1
25975,7224,5100,40,20098,19487,2365,20288,35027,75,1,1
25976,1964,220,40,8857,8757,1834,8997,13075,4,1,1
25977,3677,782,40,8186,7995,1312,8336,14157,17,1,1
25978,2786,1833,40,10591,10299,2534,10751,17944,30,1,1
25979,3477,1082,40,20890,20629,1042,21050,26681,22,1,2
25980,2716,811,40,30167,29937,13866,30318,47751,16,1,2
25981,16892,16992,40,23554,22122,8345,23836,66115,191,1,1
25982,5982,4468,40,11893,11352,1002,12083,23575,66,1,1
25983,2134,1103,40,10259,10029,1754,10409,15450,20,1,1
25984,5059,832,40,8195,7995,1192,8346,15489,17,1,1
25985,4178,1663,40,13125,12844,3597,13285,22763,28,1,1
25986,6923,4418,40,19768,19227,4749,19958,36088,66,1,1
25987,6553,5951,40,18886,18205,1783,19086,33413,84,1,1
25988,7524,3817,40,19297,18806,2675,19477,33534,58,1,1
25989,3617,791,40,9268,9067,1703,9418,15569,17,1,1
25990,6061,2705,41,9938,9558,1613,10109,20529,42,1,1
25991,2195,531,40,7073,6913,1273,7223,11272,12,1,1
25992,852,130,41,7965,7854,621,8106,9749,2,1,1
25993,10570,10009,40,17644,16662,1903,17874,40396,126,1,1
25994,6613,3606,40,19046,18595,3196,19227,32702,53,1,1
25995,3186,2275,40,15700,15359,2354,15870,23735,37,1,1
25996,3577,1473,40,18595,18325,3596,18746,27442,26,1,1
25997,3216,662,40,9087,8927,1693,9237,14848,13,1,1
25998,6042,4638,40,10560,9999,1172,10731,22633,66,1,1
25999,3036,1302,40,9408,9178,2445,9568,16401,22,1,1
26000,8706,5180,41,15228,14617,2013,15419,31369,75,1,1
26001,6652,3347,40,34124,33674,7955,34305,52289,49,1,2
26002,17363,14838,40,21641,20489,1674,21891,55796,150,1,1
26003,5150,1863,40,9078,8766,1382,9238,17673,32,1,1
26004,3818,651,40,8116,7935,1472,8266,14257,14,1,1
26005,3808,751,40,11963,11743,1182,12103,17884,14,1,2
26006,6222,4549,40,18204,17673,3607,18394,32832,64,1,1
26007,7064,3537,40,18825,18385,2124,19006,31781,52,1,1
26008,6984,6452,40,21130,20409,1363,21330,36179,89,1,1
26009,6443,1733,40,18004,17714,1553,18174,27943,30,1,1
26010,2735,241,40,12443,12333,2905,12584,18515,5,1,1
26011,4098,321,40,5330,5180,1012,5460,10951,8,1,1
26012,1613,120,40,7094,7013,2184,7234,11201,1,1,1
26013,7464,5400,40,18365,17754,1954,18565,33423,76,1,1
26014,6953,3006,40,18465,18055,3076,18635,31700,46,1,1
26015,7655,7534,40,21190,20409,1073,21400,37702,98,1,1
26016,3256,300,40,17433,17313,6322,17584,27492,7,1,1
26017,4097,441,40,9959,9809,972,10099,15659,11,1,1
26018,3918,1783,41,10590,10279,2434,10751,18926,32,1,1
26019,6953,4920,40,15650,15069,2374,15840,30127,71,1,1
26020,6612,5351,40,21310,20689,1904,21500,35407,76,1,1
26021,3717,271,40,17533,17403,2545,17683,24246,7,1,1
26022,16731,15339,40,24126,22793,6091,24397,62608,176,1,1
26023,2805,701,40,12484,12304,2695,12634,18885,15,1,1
26024,7254,5380,40,16321,15690,2084,16511,31259,76,1,1
26025,7554,6723,40,15489,14768,1893,15700,31910,91,1,1
26026,7995,6212,40,16371,15670,1463,16571,32291,87,1,1
26027,2364,160,41,17513,17403,14918,17654,35136,3,1,1
26028,5601,4949,40,19257,18646,7574,19447,37601,70,1,2
26029,2956,1513,40,12844,12574,2545,13004,20068,27,1,1
26030,8225,5039,40,15580,14989,1984,15770,31069,72,1,1
26031,6102,4629,40,19547,18966,2495,19737,33003,70,1,1
26032,2304,221,40,17633,17513,10841,17763,31179,4,1,1
26033,4579,2204,41,18535,18214,13195,18706,38734,35,1,1
26034,7495,7113,40,15820,15048,1001,16031,31670,96,1,1
26035,7323,5240,40,15429,14828,2405,15630,30648,74,1,1
26036,8056,5620,40,21201,20569,1633,21401,36760,79,1,1
26037,2294,411,40,18135,17984,11441,18265,32471,8,1,1
26038,2124,591,40,17433,17282,9588,17584,29947,12,1,1
26039,2315,531,40,9608,9448,2435,9748,15089,11,1,1
26040,5370,2104,40,15309,14979,1503,15479,24496,36,1,1
26041,6733,5180,40,20930,20319,2054,21120,35137,74,1,1
26042,2104,281,40,17693,17573,14979,17833,35237,6,1,1
26043,15870,22222,40,6733,4889,14398,7043,59583,247,1,1
26044,7785,6242,30,20980,20288,12043,21170,47300,85,1,1
26045,6011,5060,40,15069,14478,1162,15259,27532,71,1,1
26046,6733,3977,40,14187,13676,2195,14367,27312,61,1,1
26047,7284,5460,40,19738,19086,1493,19928,34215,79,1,1
26048,2755,401,40,18164,18034,15229,18314,36739,8,1,1
26049,15600,20338,40,23494,21781,12785,23805,72568,227,1,2
26050,6252,5019,40,14648,14066,1152,14838,27322,72,1,1
26051,7193,4088,40,14017,13516,2314,14197,27832,59,1,1
26052,7114,5139,40,26059,25458,2234,26250,40787,74,1,1
26053,3567,361,40,17463,17323,15630,17603,37211,8,1,1
26054,15940,21060,40,6332,4598,16581,6633,60274,233,1,1
26055,7213,4449,40,19868,19357,13906,20048,45656,60,1,1
26056,11352,10199,40,21331,20359,1092,21561,44254,125,1,1
26057,7975,6713,40,19998,19267,2415,20198,37341,90,1,1
26058,2284,120,40,17253,17173,14277,17393,34114,1,1,1
26059,2224,1002,40,18125,17924,12233,18285,33784,18,1,1
26060,5650,4738,40,15028,14467,1193,15208,26841,67,1,1
26061,6673,2605,40,12854,12484,1724,13024,24066,41,1,1
26062,7364,6673,40,22993,22272,1513,23193,38793,89,1,1
26063,2575,391,40,18234,18094,13816,18375,35197,8,1,1
26064,2294,431,40,17493,17343,10721,17643,31139,10,1,1
26065,5350,3637,40,15028,14537,1353,15208,25588,57,1,1
26066,4899,842,40,11782,11592,1613,11942,19336,17,1,1
26067,7785,7304,40,15740,14959,2004,15940,33083,98,1,1
26068,3748,541,40,11832,11672,1643,11982,17964,13,1,1
26069,4900,120,40,17122,17032,10109,17263,32432,1,1,1
26070,4949,3136,40,18906,18495,11582,19076,38793,46,1,1
26071,4719,3717,41,14387,13896,1242,14568,24296,58,1,1
26072,4759,1613,40,24386,24086,1133,24546,32091,25,1,2
26073,1603,110,40,17283,17203,581,17423,19777,1,1,1
26074,17373,12334,40,3998,2886,10289,4238,44294,145,1,1
26075,6362,4048,40,14197,13686,1312,14387,26149,62,1,1
26076,5951,2665,40,19056,18666,8145,19227,36038,43,1,1
26077,4067,3407,40,13105,12824,2414,13265,23203,28,1,1
26078,6272,4609,40,14508,13967,2114,14698,27753,66,1,1
26079,3327,210,40,11753,11643,2294,11903,17774,5,1,1
26080,7174,4759,40,20800,20239,5691,20990,38654,67,1,1
26081,8005,7445,40,16401,15619,1793,16611,33904,99,1,1
26082,7845,6132,40,20849,20178,5610,21050,40667,82,1,1
26083,3817,1403,40,12804,12534,1904,12964,20138,27,1,1
26084,6192,5030,40,14698,14107,1994,14888,28154,72,1,1
26085,3828,1673,40,13776,13476,4028,13936,23515,30,1,1
26086,6512,4369,40,20479,19918,3707,20669,35287,66,1,1
26087,3567,2014,40,14227,13906,2715,14387,22733,34,1,1
26088,7043,5300,40,20619,19988,6733,20799,39926,77,1,1
26089,2314,251,40,8606,8496,2695,8746,14057,5,1,1
26090,6121,3858,40,11241,10730,1123,11421,22553,60,1,1
26091,7113,6593,40,14798,14087,1002,15008,29756,89,1,1
26092,2595,501,40,12463,12323,4368,12614,20128,10,1,1
26093,7785,4699,40,20179,19617,4639,20369,37532,67,1,1
26094,7134,5730,40,15880,15239,1803,16081,30798,80,1,1
26095,7835,5781,40,20759,20118,3817,20959,38422,79,1,1
26096,6953,5210,40,17082,16471,1142,17273,30618,75,1,1
26097,6152,4989,40,17574,16992,1954,17764,30909,69,1,1
26098,3447,1242,40,13015,12774,3447,13165,21341,22,1,1
26099,7484,5080,40,20279,19657,2555,20469,35628,75,1,1
26100,7164,5771,40,16461,15790,2033,16662,31680,83,1,1
26101,7194,5190,40,20108,19497,3847,20308,36579,75,1,1
26102,15249,5821,40,15229,14638,16301,15419,52840,73,1,1
26103,3567,1032,40,5611,5400,8115,5761,18525,20,1,1
26104,18204,20199,40,16522,14858,14157,16822,69442,221,1,1
26105,1243,330,40,7784,7664,7353,7936,16912,7,1,1
26106,15770,17774,40,13155,11642,6813,13445,53852,202,1,1
26107,1233,120,40,7715,7625,2154,7855,11402,1,1,1
26108,7253,6222,40,24186,23484,2716,24386,40627,87,1,1
26109,6943,5300,40,16631,16000,2074,16821,31199,77,1,1
26110,7565,4388,40,19377,18846,3206,19557,34776,64,1,1
26111,6001,3727,40,11743,11272,1052,11923,22763,56,1,1
26112,6042,3406,40,10190,9749,1222,10360,21080,51,1,1
26113,3867,1443,40,8597,8336,1182,8757,15299,27,1,1
26114,3466,291,40,7935,7805,1503,8075,13365,6,1,1
26115,6743,4368,40,15259,14738,3386,15450,29997,64,1,1
26116,6632,3978,40,19988,19487,2134,20178,32972,60,1,1
26117,7193,6171,40,25148,24436,1573,25348,40326,87,1,1
26118,3075,361,40,9118,8977,1753,9258,14507,8,1,1
26119,5962,4398,40,10991,10440,982,11171,22563,66,1,1
26120,3917,1082,40,7214,6993,1042,7364,13465,20,1,1
26121,5821,4077,40,17292,16772,2504,17464,29916,61,1,1
26122,6883,4348,40,27442,26891,5981,27633,44885,62,1,2
26123,6692,5461,40,16501,15850,2555,16691,31439,79,1,1
26124,7344,4598,40,19346,18775,2986,19527,34495,69,1,1
26125,4889,1193,40,8736,8506,1513,8896,16541,22,1,1
26126,2285,110,40,6512,6422,1332,6653,10430,1,1,1
26127,3527,1813,40,9297,9007,1092,9468,15930,30,1,1
26128,2975,1052,40,13906,13706,2906,14057,21040,18,1,1
26129,6802,5380,40,35577,34926,7153,35778,55164,76,1,2
26130,5540,2145,40,18264,17924,3005,18434,29175,37,1,1
26131,4759,2946,40,11312,10891,992,11472,20229,46,1,1
26132,1764,471,40,8055,7905,1293,8205,11773,10,1,1
26133,3547,1062,40,13045,12824,1713,13195,19567,20,1,1
26134,7363,4309,40,15770,15259,1863,15960,29535,63,1,1
26135,5902,2184,40,23074,22712,1893,23234,33263,33,1,2
26136,6722,5120,40,18115,17514,1463,18305,31660,74,1,1
26137,1733,240,40,17242,17132,2545,17383,21951,5,1,1
26138,3777,270,41,7644,7524,982,7795,12864,6,1,1
26139,3277,831,40,5691,5491,1022,5841,11021,17,1,1
26140,2945,792,40,16361,16141,2004,16521,22302,15,1,2
26141,3316,2114,40,16952,16622,3878,17122,26470,35,1,1
26142,2956,661,40,17664,17483,1483,17814,22964,14,1,1
26143,3086,2134,40,18305,17984,591,18475,24326,34,1,1
26144,6041,5270,40,19317,18705,9047,19517,39915,76,1,1
26145,3316,541,40,7334,7164,1092,7484,12483,12,1,1
26146,7574,7424,40,20048,19246,1042,20269,36349,102,1,1
26147,6432,5010,40,21250,20659,2225,21440,35157,72,1,1
26148,11442,5961,40,19737,19086,5290,19938,42681,80,1,1
26149,6362,3486,40,19648,19166,5641,19828,35357,56,1,1
26150,7434,6042,40,20900,20218,1102,21100,35738,85,1,1
26151,6933,5531,40,20980,20339,2314,21170,35998,78,1,1
26152,13365,8617,40,22352,21481,10731,22562,55325,111,1,1
26153,5591,3166,40,19497,19066,7384,19667,35838,49,1,1
26154,4488,2215,40,17904,17563,3487,18074,28314,37,1,1
26155,6723,5290,40,26049,25418,1933,26240,40236,77,1,1
26156,3547,962,40,18184,17964,12234,18324,35117,18,1,1
26157,2013,842,40,17614,17413,13606,17764,34275,16,1,1
26158,8105,8176,40,20729,19888,1092,20939,38362,105,1,1
26159,7174,4969,40,19677,19096,1813,19868,33864,70,1,1
26160,2044,200,40,17494,17382,13345,17634,33273,5,1,1
26161,4208,1944,40,18205,17904,10941,18375,35508,32,1,1
26162,6282,5160,40,18575,17964,1163,18775,31420,74,1,1
26163,6782,5170,41,21009,20398,2124,21200,35337,76,1,1
26164,2435,310,41,17944,17813,15399,18085,36279,7,1,1
26165,16442,22362,40,6773,4929,14768,7093,60715,248,1,1
26166,4769,3055,40,18956,18545,12634,19126,39625,46,1,1
26167,6773,5701,40,20188,19537,1223,20388,34145,81,1,1
26168,6482,5120,40,19928,19327,1613,20118,33373,72,1,1
26169,2765,721,40,18215,18034,15850,18355,37741,14,1,1
26170,16221,17994,41,23093,21530,15420,23384,73069,203,1,2
26171,2314,621,40,12744,12574,571,12894,16431,12,1,1
26172,12514,11081,40,16020,14929,1683,16261,41589,141,1,1
26173,6122,5049,41,19486,18895,1993,19678,32882,71,1,1
26174,2565,211,40,17263,17142,14958,17403,35187,5,1,1
26175,13967,16281,40,22342,20890,13094,22623,66005,190,1,2
26176,4799,4168,41,15950,15429,1222,16121,26360,62,1,1
26177,6733,4258,40,14177,13645,2165,14357,27573,63,1,1
26178,7134,5460,40,22322,21681,1864,22513,37001,77,1,1
26179,1903,141,40,17403,17323,571,17543,20218,2,1,1
26180,17793,9268,40,3166,2275,27722,3397,58220,113,1,1
26181,7213,5180,40,20710,20098,12193,20910,45536,75,1,1
26182,6081,4800,40,14838,14257,1152,15028,27111,70,1,1
26183,6863,3326,40,13235,12785,1863,13406,25508,52,1,1
26184,6773,5851,40,19748,19076,1393,19948,34005,82,1,1
26185,2104,181,40,17483,17383,14968,17623,34926,4,1,1
26186,16471,21020,40,6373,4618,15198,6673,59412,234,1,1
26187,7184,4598,41,19977,19416,11401,20169,43402,69,1,1
26188,2004,361,40,9198,9057,2124,9338,13877,8,1,1
26189,6502,4048,40,10370,9859,1112,10550,22242,60,1,1
26190,4569,812,40,11892,11702,1664,12042,19127,16,1,1
26191,6543,5059,40,15740,15138,1954,15940,29526,74,1,1
26192,4188,1042,40,12173,11942,1613,12323,19226,21,1,1
26193,5851,2064,40,18646,18314,14888,18806,41649,34,1,1
26194,1944,861,40,17703,17523,14598,17854,35317,16,1,1
26195,10981,4418,40,15699,15188,17913,15880,49233,61,1,1
26196,3597,1072,40,7454,7244,9628,7615,21952,20,1,1
26197,16080,20880,41,14998,13305,9919,15319,62238,227,1,1
26198,3456,992,41,20007,19767,7534,20149,32181,18,1,2
26199,2905,1253,40,7153,6913,5710,7314,17212,23,1,1
26200,3987,1824,40,9327,9037,3486,9498,18835,31,1,1
26201,13665,6963,40,32361,31590,17293,32561,70543,91,1,2
26202,2655,561,41,18014,17843,13235,18165,34656,13,1,1
26203,2966,1473,40,14527,14267,2434,14678,21611,25,1,1
26204,5962,4338,30,13756,13225,2916,13936,27192,63,1,1
26205,4087,1512,40,14106,13846,4138,14267,24055,26,1,1
26206,6081,3958,40,19998,19507,4669,20178,34936,58,1,1
26207,6913,6222,40,23405,22713,2184,23605,38974,86,1,1
26208,2855,541,40,11882,11712,2245,12023,17714,11,1,1
26209,6652,5140,30,14578,13977,2114,14768,28724,72,1,1
26210,3878,1623,40,13906,13616,3606,14067,23214,30,1,1
26211,6542,4499,40,20519,19978,2525,20709,34305,66,1,1
26212,6752,5691,41,15749,15098,1743,15940,30187,80,1,1
26213,6753,5390,40,20660,20017,4117,20850,37160,78,1,1
26214,3176,1112,40,9919,9708,2154,10069,16561,20,1,1
26215,5891,2525,40,9147,8787,1363,9317,19146,40,1,1
26216,5871,4328,40,14247,13696,1804,14427,26470,65,1,1
26217,2865,762,40,12934,12744,4278,13085,21040,15,1,1
26218,6282,4448,41,20248,19727,6743,20429,37952,63,1,1
26219,6783,5851,40,16040,15399,1864,16240,30768,80,1,1
26220,6933,5110,40,20208,19607,6453,20398,38944,73,1,1
26221,5029,3276,41,11942,11481,1072,12123,21540,53,1,1
26222,6101,4328,40,11952,11411,1433,12143,24035,65,1,1
26223,4018,571,40,7875,7705,1543,8015,14197,13,1,1
26224,3937,891,40,8186,7986,1443,8346,14668,18,1,1
26225,5440,2876,40,14347,13926,3046,14527,25919,48,1,1
26226,7484,4469,40,20118,19567,2715,20308,35026,67,1,1
26227,7494,5600,40,16271,15619,1793,16472,31409,81,1,1
26228,6793,5481,40,20228,19607,4419,20418,37161,76,1,1
26229,3357,1032,40,9327,9117,1883,9488,15810,20,1,1
26230,4017,1223,40,8225,7985,1382,8386,15038,23,1,1
26231,5681,4047,40,18014,17483,2084,18195,30067,63,1,1
26232,11242,10239,40,18525,17573,1312,18756,41589,121,1,1
26233,6983,4358,40,19798,19257,4268,19978,35647,65,1,1
26234,8055,6222,40,19137,18415,1282,19347,34946,88,1,1
26235,6322,3567,40,19197,18726,7033,19377,36359,56,1,1
26236,5390,3787,40,11753,11252,1022,11943,22182,59,1,1
26237,6462,5140,40,11522,10931,1293,11712,24657,72,1,1
26238,3917,301,40,7755,7625,1483,7895,13656,7,1,1
26239,6632,4728,40,15649,15078,3466,15840,30728,70,1,1
26240,5921,3677,40,19607,19127,1613,19788,31039,55,1,1
26241,7124,6181,40,19457,18755,1763,19658,34776,87,1,1
26242,7394,5260,40,19687,19076,1633,19878,34205,73,1,1
26243,2304,241,40,8526,8406,1754,8666,13015,5,1,1
26244,3857,421,40,6853,6693,1032,6993,12343,10,1,1
26245,5420,3417,40,15289,14828,1593,15469,25939,53,1,1
26246,3416,782,40,7143,6953,1082,7294,12614,16,1,1
26247,5039,3697,40,17343,16861,2686,17533,28995,58,1,1
26248,6974,3005,40,19067,18675,5931,19237,35187,45,1,1
26249,7094,6342,40,19096,18395,1634,19296,34416,87,1,1
26250,6773,4779,40,19277,18716,3797,19457,34856,66,1,1
26251,3526,752,40,8687,8496,2504,8827,15669,15,1,1
26252,3807,771,40,7795,7584,972,7945,13535,17,1,1
26253,4168,672,40,6913,6723,1032,7053,12965,14,1,1
26254,3647,922,40,5691,5490,1032,5851,11492,19,1,1
26255,5070,2715,40,14859,14457,2414,15029,25278,44,1,1
26256,16942,10049,40,20860,19958,5560,21080,53681,115,1,1
26257,8006,6853,30,19537,18786,1052,19737,35708,94,1,1
26258,5471,2484,40,18405,18044,3877,18576,30458,40,1,1
26259,4639,1243,40,8887,8626,1773,9037,16742,24,1,1
26260,4008,1132,40,7685,7454,972,7845,13987,22,1,1
26261,3257,1553,40,15970,15690,2806,16130,23786,27,1,1
26262,5901,3196,40,28364,27923,3828,28534,41519,46,1,2
26263,8246,7464,40,18445,17654,3266,18655,37661,99,1,1
26264,6022,1142,40,17683,17463,1903,17844,26941,21,1,1
26265,4579,170,40,6874,6762,1372,7014,13175,3,1,1
26266,2675,140,41,5139,5049,1413,5290,9558,2,1,1
26267,7154,6061,40,26330,25619,2976,26530,42781,84,1,2
26268,6813,5731,40,37451,36750,2876,37641,53111,81,1,2
26269,4589,1503,40,18835,18545,8295,18996,33423,29,1,1
26270,3777,371,40,8155,8015,962,8285,13455,8,1,1
26271,4399,2134,40,16070,15750,2215,16240,25028,35,1,1
26272,6412,5330,40,21471,20820,2074,21661,35537,79,1,1
26273,2925,281,40,17303,17172,11301,17443,32000,7,1,1
26274,7735,4769,40,20238,19647,6492,20429,39455,70,1,1
26275,1663,120,40,7324,7234,571,7464,9848,1,1,1
26276,12523,12153,40,14658,13516,1032,14909,40657,149,1,1
26277,7204,5420,40,15941,15309,1974,16141,30789,79,1,1
26278,6743,5420,40,15610,14979,1563,15810,29576,78,1,1
26279,7213,5381,40,15700,15069,2054,15890,30578,77,1,1
26280,11091,6282,40,20870,20218,10660,21070,49153,82,1,1
26281,2404,582,40,17693,17533,7324,17843,28203,12,1,1
26282,3997,1804,40,13145,12854,2395,13305,21551,30,1,1
26283,6803,4849,40,15239,14667,2215,15429,29336,69,1,1
26284,6332,5089,40,21019,20428,1873,21211,34565,72,1,1
26285,2455,471,40,17673,17523,12745,17813,33544,10,1,1
26286,2114,541,40,17834,17683,9819,17984,30508,11,1,1
26287,3367,1703,40,16902,16622,2535,17062,24717,28,1,1
26288,6803,4037,40,16020,15509,2715,16201,29816,61,1,1
26289,7164,6031,41,15719,15048,1543,15920,30698,83,1,1
26290,6762,5551,40,15039,14378,1773,15239,29375,82,1,1
26291,2284,200,40,17643,17523,14677,17784,34976,4,1,1
26292,15871,22292,40,6543,4759,15639,6863,60705,241,1,1
26293,7725,5190,40,19988,19427,12634,20168,45767,68,1,1
26294,6202,5660,40,20679,20018,1162,20870,33944,80,1,1
26295,6312,5099,40,20989,20388,2685,21181,35327,73,1,1
26296,1773,121,40,17152,17052,14267,17292,33483,1,1,1
26297,8647,10009,40,21280,20279,10610,21510,50836,126,1,2
26298,17152,8196,40,14808,14027,16291,15018,56707,99,1,1
26299,6322,4108,40,16972,16502,9367,17153,37000,56,1,1
26300,932,120,40,7063,6963,6572,7194,14858,1,1,1
26301,17323,18655,40,22192,20589,17022,22493,75543,214,1,1
26302,16742,11983,40,22252,21170,17133,22492,68410,141,1,1
26303,2375,671,40,17614,17433,15509,17764,36359,14,1,1
26304,15840,22092,40,6762,4929,3646,7074,48712,247,1,1
26305,5711,3016,40,18605,18205,1492,18776,29055,46,1,1
26306,5881,4699,40,19447,18866,2405,19627,32672,69,1,1
26307,1703,110,41,17162,17062,10420,17293,29576,1,1,1
26308,5119,1974,40,18656,18335,12544,18816,38503,33,1,1
26309,3968,2024,40,14056,13786,1993,14217,22242,28,1,1
26310,8086,4328,40,13676,13175,1794,13866,28114,60,1,1
26311,7033,5851,40,20108,19437,1633,20299,34876,82,1,1
26312,1864,110,40,17213,17123,14497,17343,33874,1,1,1
26313,15900,20469,40,6282,4549,15109,6592,58100,231,1,1
26314,4749,2665,40,19237,18856,13365,19407,40226,43,1,1
26315,2926,1072,40,12173,11943,2315,12323,18686,20,1,1
26316,6833,3526,40,13445,12994,1834,13625,25859,52,1,1
26317,6302,5050,40,19848,19247,1903,20038,33333,73,1,1
26318,2404,201,40,17693,17593,14598,17833,35096,4,1,1
26319,16101,21701,40,6533,4729,15239,6843,59934,241,1,1
26320,4979,1884,40,18826,18515,11592,18996,37481,33,1,1
26321,4939,3537,40,14137,13666,1293,14307,24126,53,1,1
26322,4679,802,40,11732,11542,1633,11882,19046,16,1,1
26323,6572,5751,40,16241,15580,1673,16431,30487,81,1,1
26324,4519,861,40,29465,29215,3707,29606,38744,17,1,2
26325,6262,3767,40,20479,20008,4679,20649,35407,55,1,1
26326,4088,922,40,11552,11341,2515,11702,19287,18,1,1
26327,6142,4569,40,14908,14347,1904,15088,27753,67,1,1
26328,3717,230,40,11411,11301,1734,11552,17283,5,1,1
26329,3607,1012,40,30578,30328,11492,30738,46879,19,1,2
26330,2145,651,40,17603,17433,9968,17753,30578,14,1,1
26331,3276,1593,40,11962,11672,2305,12123,19327,28,1,1
26332,6373,4598,40,18645,18094,1753,18836,31610,67,1,1
26333,3537,1372,40,13465,13215,4128,13616,22703,25,1,1
26334,6332,3887,40,20720,20219,4057,20900,35216,59,1,1
26335,7004,5590,40,16221,15559,1694,16421,30749,81,1,1
26336,8265,6723,40,20900,20158,2805,21100,38933,92,1,1
26337,3476,1062,30,12163,11922,2234,12313,19136,22,1,1
26338,6432,4599,40,14417,13866,2235,14607,27923,67,1,1
26339,2295,501,40,12684,12534,681,12834,16361,11,1,1
26340,17062,19006,40,23364,21781,7905,23665,67678,211,1,1
26341,9999,11672,30,26129,25017,1093,26370,49184,145,1,1
26342,3547,1293,40,12023,11782,3977,12173,21040,22,1,1
26343,7344,6312,40,14407,13716,1393,14598,29697,85,1,1
26344,2705,491,40,12324,12184,4158,12474,19868,10,1,1
26345,6332,4188,40,19968,19457,6352,20158,37060,61,1,1
26346,7003,5771,40,15871,15208,1593,16071,30478,81,1,1
26347,7074,4789,40,20058,19497,4218,20248,36379,67,1,1
26348,3377,1292,40,12694,12454,2294,12854,19868,23,1,1
26349,6211,4349,40,11472,10941,1282,11652,23554,64,1,1
26350,3727,781,40,8236,8056,1423,8396,14367,16,1,1
26351,5701,3216,40,14337,13926,2876,14517,26360,48,1,1
26352,8186,5230,40,20459,19858,5911,20659,40026,74,1,1
26353,7184,6432,40,16732,16051,1894,16932,32492,86,1,1
26354,7184,3967,40,19457,18966,4849,19637,35688,59,1,1
26355,2805,681,40,9498,9327,2023,9649,15208,14,1,1
26356,3928,621,40,16932,16712,1533,17062,23194,12,1,2
26357,6813,2916,40,9358,8947,1593,9518,20890,46,1,1
26358,13546,13946,40,25728,24476,1594,25999,55125,165,1,1
26359,7084,5450,40,25228,24597,1202,25418,39214,78,1,1
26360,2595,420,40,8736,8586,2245,8887,14177,9,1,1
26361,5571,2665,40,8657,8286,1082,8827,18195,42,1,1
26362,6021,4559,40,11592,11041,992,11772,23394,66,1,1
26363,3737,240,40,8086,7976,1593,8236,13846,5,1,1
26364,6733,3907,41,14958,14447,2375,15139,28194,61,1,1
26365,6863,2645,40,32271,31881,12814,32441,54813,40,1,2
26366,1563,511,40,18115,17964,601,18255,20970,10,1,1
26367,17073,19747,40,5881,4258,8085,6172,51127,217,1,1
26368,4899,2475,40,9838,9488,1162,10009,18585,39,1,1
26369,5821,3837,40,10360,9869,1202,10540,21430,56,1,1
26370,4068,1152,40,15198,14937,1582,15349,22202,22,1,2
26371,6592,5160,40,23565,22964,2916,23765,38483,74,1,1
26372,6612,5641,40,18024,17383,1743,18215,32261,78,1,1
26373,6893,4308,40,19046,18515,1833,19237,32311,63,1,1
26374,3316,882,40,8596,8386,1713,8747,14708,18,1,1
26375,4028,761,40,7484,7294,971,7645,13455,16,1,1
26376,3887,441,41,6812,6662,1092,6964,12414,11,1,1
26377,3657,571,40,5731,5581,1002,5881,11161,12,1,1
26378,10300,11552,40,20860,19748,1072,21090,44064,143,1,1
26379,6823,5229,40,37080,36449,7785,37270,57168,74,1,2
26380,6262,3116,40,18455,18035,3477,18625,31510,46,1,1
26381,2875,110,40,6933,6843,1282,7064,11391,1,1,1
26382,2925,792,40,5611,5420,1212,5771,10740,16,1,1
26383,2184,551,40,7815,7664,1303,7965,12043,11,1,1
26384,3236,1092,41,9778,9558,2285,9929,16602,20,1,1
26385,7414,4789,40,16010,15429,1693,16191,30147,70,1,1
26386,6823,3968,40,34475,33975,2024,34655,47510,55,1,2
26387,4158,571,40,17333,17153,2395,17483,24637,13,1,1
26388,3797,160,40,7705,7594,1333,7835,13175,3,1,1
26389,2614,110,40,4849,4769,1794,4989,9568,1,1,1
26390,3758,2595,40,16932,16561,2294,17102,25799,40,1,1
26391,5721,1062,41,34415,34155,1783,34566,43172,21,1,2
26392,7043,5370,40,18865,18224,1854,19066,33373,79,1,1
26393,3416,752,40,18094,17914,8627,18244,31089,15,1,1
26394,5149,551,41,11992,11822,1664,12143,19557,13,1,1
26395,6622,4619,41,17523,16952,2244,17714,31229,68,1,1
26396,4619,1663,40,12313,12033,6943,12483,25749,30,1,1
26397,8486,7214,40,21190,20439,4780,21400,41920,95,1,1
26398,14558,8997,40,23034,22152,10490,23254,57359,113,1,1
26399,2134,782,40,18064,17874,7865,18214,29025,15,1,1
26400,3867,1282,40,17032,16792,2445,17192,24837,24,1,1
26401,6362,5080,40,15449,14838,2505,15639,29626,74,1,1
26402,7284,6041,40,16511,15830,2355,16712,32432,84,1,1
26403,2224,161,40,17463,17353,11812,17603,31830,3,1,1
26404,1693,631,41,17934,17763,7945,18075,28394,13,1,1
26405,3666,1673,40,12674,12383,2395,12834,20599,29,1,1
26406,6863,4649,40,15299,14748,2285,15489,29336,67,1,1
26407,6602,5561,40,20509,19878,2124,20709,35036,78,1,1
26408,2495,401,40,17593,17453,13396,17743,34085,9,1,1
26409,2104,360,40,17463,17323,12944,17604,33073,8,1,1
26410,7213,6392,40,20288,19587,1082,20489,35226,88,1,1
26411,7474,6372,40,26661,25939,2014,26861,42771,89,1,1
26412,1864,110,40,17253,17173,14648,17393,34065,1,1,1
26413,15950,21772,40,6512,4739,12503,6823,57088,239,1,1
26414,4528,2976,40,19467,19066,11121,19637,38302,46,1,1
26415,4348,1924,40,13916,13596,2144,14076,22543,33,1,1
26416,6592,4529,40,14939,14388,2013,15129,28323,67,1,1
26417,6242,4679,40,21210,20639,2314,21400,34665,69,1,1
26418,2455,401,40,17864,17734,14868,18014,35778,8,1,1
26419,16591,20339,40,23865,22102,15430,24165,76585,230,1,2
26420,6593,5771,40,19597,18926,1132,19797,33333,81,1,1
26421,6373,4999,40,15570,14979,1463,15760,28645,72,1,1
26422,6622,4018,40,13405,12905,1623,13586,25899,59,1,1
26423,3106,150,40,17604,17503,15219,17744,36269,3,1,1
26424,12023,14468,40,22272,20960,13356,22532,62439,170,1,2
26425,3577,1423,40,12564,12303,2094,12724,19858,25,1,1
26426,6533,4057,41,13826,13315,1773,14017,26420,60,1,1
26427,6201,5130,40,19357,18765,1944,19547,32862,72,1,1
26428,2074,160,40,17573,17463,14808,17704,34786,3,1,1
26429,12784,15199,40,22132,20730,13065,22402,63510,179,1,2
26430,5730,4449,40,15560,15019,1202,15740,27161,64,1,1
26431,6813,3056,40,13105,12694,2274,13275,25458,46,1,1
26432,7064,5370,40,21180,20559,1542,21380,35397,76,1,1
26433,1753,111,40,17132,17052,14017,17272,33213,1,1,1
26434,16521,21340,40,6482,4699,14738,6803,59432,239,1,1
26435,8316,5911,40,19617,18966,11332,19807,45416,80,1,1
26436,9919,8927,40,59002,58100,1082,59222,79210,114,1,1
26437,5851,4078,40,43051,42531,2554,43242,55765,60,1,1
