batch_id,d1_ns,d2_ns,d3_ns,d4_ns,d5_ns,d6_ns,svc_ns,total_ns,num_faults,num_va_spaces,num_blocks
7657,28814,33574,491,82036,77967,11903,83498,158059,224,1,1
7658,4399,841,60,21671,21350,1944,21952,29226,9,1,1
7659,3917,1363,60,16000,15610,13616,16230,35196,14,1,1
7660,8346,8266,60,25518,24226,11281,25808,53762,66,1,1
7661,3536,2686,60,24697,24106,3196,24947,34425,27,1,1
7662,3506,642,60,28484,28264,16612,28704,49544,9,1,1
7663,3918,2775,60,29767,29195,11702,30017,48492,30,1,1
7664,4639,2856,60,15058,14728,2595,15279,25439,30,1,1
7665,6291,4148,40,12744,12243,1533,12935,24957,56,1,1
7666,7274,6402,50,15400,14408,1623,15610,30949,79,1,1
7667,7344,6653,40,13025,12324,1423,13225,28695,84,1,1
7668,6352,5490,40,24106,23214,3286,24306,39484,72,1,1
7669,3206,2084,40,89510,87406,2524,90171,98456,32,1,1
7670,35076,43913,340,70714,66657,19297,71786,170172,233,1,2
7671,5390,2925,80,40156,39615,20078,40557,69050,23,1,1
7672,6122,3617,80,34065,33513,3156,34395,47380,28,1,1
7673,6753,3897,80,20338,19737,2514,20660,33914,31,1,1
7674,6111,5130,80,22022,21230,3347,22352,37040,38,1,1
7675,12243,11702,80,25298,23976,1934,25688,51668,76,1,1
7676,9819,7855,80,33424,32451,6522,33794,58090,57,1,1
7677,32050,46729,80,45877,42090,2645,46528,128042,248,1,1
7678,4589,1954,80,30027,29777,19728,30277,56608,17,1,1
7679,3096,1694,40,18795,18515,16922,18956,40718,28,1,1
7680,3036,2444,41,10479,10098,771,10640,16942,36,1,2
7681,11402,11121,41,15429,14367,1192,15660,39435,138,1,1
7682,6723,4859,40,17984,17403,2024,18174,31830,69,1,1
7683,6663,4198,40,16421,15910,3337,16601,30859,61,1,1
7684,8105,4759,40,20699,20138,2845,20900,36659,68,1,1
7685,1754,370,40,17934,17793,15299,18075,35538,8,1,1
7686,16171,23314,40,6823,4960,19527,7143,66185,250,1,1
7687,5060,3807,41,19877,19436,14979,20068,43954,52,1,1
7688,1122,240,40,11763,11653,601,11903,13896,4,1,1
7689,11301,10119,40,12474,11531,1042,12714,35206,122,1,1
7690,3427,1162,40,9027,8807,1704,9187,15520,22,1,1
7691,6161,4810,40,15249,14678,1403,15439,27853,68,1,1
7692,3958,641,40,8336,8176,1573,8486,14708,13,1,1
7693,6533,4609,40,16090,15549,3597,16290,31069,67,1,1
7694,5661,4588,40,16090,15549,2936,16280,29516,66,1,1
7695,6211,2414,40,19217,18866,18906,19387,46979,38,1,1
7696,2815,792,40,17924,17734,14107,18074,35828,15,1,1
7697,5811,4398,40,15630,15099,1312,15820,27381,63,1,1
7698,7083,5160,40,14488,13897,2555,14678,29526,72,1,1
7699,6342,4218,40,15029,14548,3296,15229,29125,58,1,1
7700,5290,4438,40,19237,18676,3817,19417,33002,66,1,1
7701,7283,2575,41,19366,19006,18986,19537,48431,40,1,1
7702,2685,1032,40,18244,18034,13565,18404,35737,19,1,1
7703,6523,5671,40,14036,13395,1132,14237,27613,78,1,1
7704,6332,4939,40,13696,13115,2264,13886,27462,70,1,1
7705,6542,4238,40,17794,17272,3838,17974,32652,62,1,1
7706,6633,5680,40,19346,18715,1593,19547,33504,78,1,1
7707,5420,2425,40,18866,18495,16741,19036,43672,41,1,1
7708,6853,3346,40,18615,18194,10159,18786,39204,48,1,1
7709,3206,1262,40,10771,10510,2334,10911,17773,24,1,1
7710,6743,3567,40,8286,7885,1162,8466,19988,46,1,1
7711,5661,4218,40,13786,13275,2114,13966,25989,59,1,1
7712,16411,15108,40,21530,20168,1182,21802,54553,180,1,1
7713,9848,9098,40,20419,19477,1352,20639,40997,120,1,1
7714,5851,2625,40,18545,18195,13345,18716,40587,40,1,1
7715,2294,842,40,17694,17493,9147,17844,30167,16,1,1
7716,6002,3727,40,11833,11352,2855,12013,24657,56,1,1
7717,4458,902,40,16912,16692,1052,17072,23524,16,1,2
7718,6673,5410,40,12253,11612,1823,12443,26410,78,1,1
7719,8446,6162,40,14898,14227,1533,15108,31299,84,1,1
7720,7064,6021,40,19547,18865,1623,19748,34496,84,1,1
7721,6623,2214,40,18415,18085,10671,18585,38133,36,1,1
7722,2305,571,40,17553,17383,7014,17683,27633,12,1,1
7723,4248,2846,40,11211,10831,1463,11381,19968,42,1,1
7724,6582,4399,40,10580,10029,1423,10770,23214,65,1,1
7725,6452,5360,41,18755,18124,4679,18946,35487,76,1,1
7726,6503,4338,40,19888,19357,2064,20078,33023,64,1,1
7727,5421,2274,40,18165,17834,4789,18335,30879,37,1,1
7728,6853,2635,30,17974,17603,2204,18144,29886,41,1,1
7729,4058,1082,40,8276,8055,1242,8416,14848,19,1,1
7730,3977,1062,41,8115,7885,962,8266,14317,21,1,1
7731,7023,5470,40,12844,12213,2315,13034,27893,78,1,1
7732,4809,1142,41,12112,11882,1773,12264,20038,20,1,1
7733,6763,5711,40,15560,14919,5170,15750,33444,78,1,1
7734,5120,791,40,28344,28122,2064,28494,36519,14,1,2
7735,5090,2825,40,19277,18906,6272,19447,33674,41,1,1
7736,4659,911,40,10550,10339,1302,10701,17623,18,1,1
7737,6803,4979,40,13054,12453,1543,13245,26601,71,1,1
7738,6713,6011,41,13104,12433,1303,13295,27372,82,1,1
7739,7023,5861,40,12063,11411,1563,12253,26760,80,1,1
7740,6543,4769,40,16682,16121,3406,16882,31640,68,1,1
7741,5461,4638,30,17433,16882,3637,17614,31410,65,1,1
7742,5290,2434,41,18605,18264,9548,18786,36098,38,1,1
7743,16671,20289,40,25498,23855,4459,25808,67267,221,1,1
7744,3617,1333,40,11361,11111,2284,11512,18806,24,1,1
7745,6973,5660,40,11972,11351,1062,12174,25919,77,1,1
7746,6032,4629,40,14788,14217,1723,14988,27402,69,1,1
7747,6302,4328,40,10229,9698,1152,10420,22252,65,1,1
7748,7694,6072,40,17593,16912,3457,17793,35066,84,1,1
7749,6733,5721,40,17513,16882,2996,17713,33203,78,1,1
7750,5701,2184,40,18636,18304,16221,18806,42962,36,1,1
7751,2415,781,40,17623,17443,15289,17783,36319,16,1,1
7752,6152,5330,41,17172,16551,1132,17373,30017,77,1,1
7753,6403,5350,40,18104,17483,2165,18294,32272,76,1,1
7754,6001,4358,40,15449,14918,3697,15629,29736,63,1,1
7755,6262,5210,40,16762,16151,3186,16952,31670,75,1,1
7756,5971,2064,40,19126,18826,19247,19296,46628,31,1,1
7757,7233,6032,40,19627,18916,14658,19837,47800,86,1,2
7758,4048,1703,41,10630,10339,1903,10801,18495,29,1,1
7759,6462,4820,40,12133,11552,1142,12323,24787,71,1,1
7760,6803,4919,40,16381,15789,1773,16572,30107,71,1,1
7761,6423,4518,40,16111,15559,3156,16301,30458,68,1,1
7762,6122,4288,40,16492,15961,2364,16682,29506,65,1,1
7763,5481,2144,40,20810,20479,18735,20980,47390,35,1,1
7764,13776,16060,40,22943,21511,14708,23214,67808,185,1,2
7765,5611,4538,41,13796,13225,1062,13997,25248,70,1,1
7766,4187,1303,40,8606,8376,1452,8767,15749,22,1,1
7767,6482,4639,40,18275,17704,1593,18465,31239,69,1,1
7768,6061,4008,40,15179,14678,3357,15379,28845,60,1,1
7769,7093,5571,40,16080,15439,2295,16290,31289,81,1,1
7770,6673,2705,40,19507,19136,17574,19677,46679,40,1,1
7771,2806,1262,40,18185,17934,13155,18335,35608,24,1,1
7772,12324,5680,40,10209,9608,18154,10410,46608,74,1,1
7773,3587,1493,40,8005,7735,10099,8166,23385,27,1,1
7774,16020,20459,41,6171,4488,16622,6482,59623,227,1,1
7775,9257,6202,40,19046,18335,13326,19236,48061,83,1,2
7776,3928,2484,41,9437,9097,10079,9609,26150,38,1,1
7777,3557,2415,40,14407,14047,3387,14567,23966,39,1,1
7778,5511,4709,40,19817,19266,2264,20008,32552,67,1,1
7779,5811,2124,41,18605,18274,14377,18766,41128,34,1,1
7780,5119,2245,40,18315,17964,9949,18475,35838,37,1,1
7781,4749,2806,40,11201,10801,2255,11371,21211,44,1,1
7782,5681,2625,40,8005,7625,1173,8175,17704,42,1,1
7783,7093,5841,40,12894,12263,1563,13095,27642,79,1,1
7784,7194,5030,40,18355,17743,3426,18555,34235,75,1,1
7785,6532,5400,40,18876,18254,1974,19066,33022,76,1,1
7786,5801,1623,40,18605,18335,17383,18765,43612,27,1,1
7787,2585,941,40,17633,17433,10801,17783,32161,17,1,1
7788,5811,4579,40,13616,13055,1332,13796,25578,66,1,1
7789,7544,4829,40,13235,12664,2134,13415,27983,68,1,1
7790,7133,4719,40,17443,16862,3937,17634,33473,70,1,1
7791,6783,5461,40,20759,20138,2635,20959,35888,77,1,1
7792,5731,2324,40,18786,18435,10119,18946,37180,37,1,1
7793,6723,2354,40,18415,18064,5691,18575,33393,38,1,1
7794,4058,1733,40,10360,10069,1603,10520,17964,29,1,1
7795,6262,4218,40,10430,9899,1142,10620,22282,63,1,1
7796,5981,4669,40,18165,17594,3807,18365,32862,69,1,1
7797,7054,6031,40,20790,20098,3146,20990,37261,85,1,1
7798,6061,1372,40,18135,17884,8837,18295,34626,26,1,1
7799,7313,4509,40,18976,18435,4118,19166,35156,65,1,1
7800,4859,1263,40,8506,8266,1223,8656,16051,22,1,1
7801,4338,1263,40,8376,8115,992,8526,15169,25,1,1
7802,6362,3176,40,12804,12373,1182,12985,23745,51,1,1
7803,5130,1603,40,12303,12033,1583,12464,20820,27,1,1
7804,7023,5731,40,15009,14358,2084,15199,30087,80,1,1
7805,4178,862,40,11642,11452,1663,11802,18545,17,1,1
7806,5710,1052,40,17603,17383,2204,17764,26770,21,1,1
7807,6011,1373,40,17644,17393,1933,17804,27181,25,1,1
7808,3206,862,40,8216,7995,1052,8366,13536,18,1,1
7809,6001,4699,40,13516,12954,3076,13716,27552,69,1,1
7810,6943,5992,40,18736,18054,1813,18946,33734,84,1,1
7811,4288,752,40,11833,11652,1643,11983,18706,15,1,1
7812,6342,5250,40,18185,17573,1573,18385,31600,75,1,1
7813,5871,3196,40,19848,19397,10420,20018,39565,51,1,1
7814,2135,931,41,17984,17763,8356,18125,29607,19,1,1
7815,4027,1523,40,11983,11722,2355,12133,20098,26,1,1
7816,5992,4067,40,10349,9828,1173,10540,21812,63,1,1
7817,6954,5660,30,16150,15479,1644,16341,30649,81,1,1
7818,6392,5921,40,15950,15359,3015,16151,31519,73,1,1
7819,6242,5210,40,18195,17584,3356,18385,33253,75,1,1
7820,6472,2485,40,18756,18405,10310,18926,38243,39,1,1
7821,5741,3466,40,19356,18916,10920,19548,39725,52,1,1
7822,6693,5240,40,16121,15490,1172,16321,29466,77,1,1
7823,6493,4689,40,17333,16782,3096,17533,31841,68,1,1
7824,6392,4458,40,16571,16030,3437,16752,31089,64,1,1
7825,7094,5761,40,17173,16511,2975,17383,33253,82,1,1
7826,5871,2425,40,18385,18045,18405,18565,45306,36,1,1
7827,13285,16311,40,22633,21170,18144,22904,70694,190,1,2
7828,12764,13315,40,19507,18315,1102,19768,46989,158,1,1
7829,6473,5119,40,16972,16351,1653,17163,30448,75,1,1
7830,6292,4789,41,15920,15349,3186,16111,30418,69,1,1
7831,6382,4429,40,16031,15490,2274,16221,29356,65,1,1
7832,6603,3005,30,19597,19196,19467,19767,48893,45,1,1
7833,8055,5521,40,19898,19287,14437,20098,48161,75,1,1
7834,6442,5561,40,16080,15449,1112,16281,29436,77,1,1
7835,7174,6222,40,15850,15159,3076,16060,32572,86,1,1
7836,6191,4498,40,16151,15590,2695,16341,29776,67,1,1
7837,6523,4789,40,16141,15560,3276,16331,30969,69,1,1
7838,6632,2094,40,18505,18175,18645,18666,46077,34,1,1
7839,8736,9118,40,20629,19668,14087,20849,52830,119,1,2
7840,3377,1613,40,11251,10981,1773,11402,18215,26,1,1
7841,5039,902,40,8005,7795,1363,8165,15519,19,1,1
7842,6141,4920,40,13606,13015,2394,13796,27311,71,1,1
7843,6182,4328,40,15339,14788,2886,15539,28965,66,1,1
7844,7244,5360,40,19697,19066,1894,19888,34436,77,1,1
7845,5741,2285,40,18445,18084,18104,18615,44785,38,1,1
7846,8926,6973,40,19808,19026,11061,20018,47029,93,1,2
7847,4308,3427,40,12373,11913,1282,12564,21621,53,1,1
7848,6302,4689,40,12594,12053,2365,12794,26190,67,1,1
7849,7364,6232,40,18495,17794,3597,18695,35928,87,1,1
7850,8156,6652,41,19797,19066,2405,20008,37271,92,1,1
7851,6563,2745,40,18966,18596,13426,19126,41920,40,1,1
7852,6603,3356,41,18865,18425,7094,19036,36139,51,1,1
7853,7013,6182,40,12494,11803,1022,12714,26971,87,1,1
7854,6332,4268,40,11622,11091,1994,11812,24436,63,1,1
7855,5961,4759,41,17212,16651,1954,17403,30127,68,1,1
7856,6553,5510,40,18775,18134,2375,18976,33464,79,1,1
7857,5381,1472,40,17863,17603,10740,18035,35668,27,1,1
7858,2545,922,40,18225,18024,6953,18375,28835,17,1,1
7859,4799,2064,40,10460,10139,1783,10630,19326,34,1,1
7860,6261,3727,40,10500,10049,1623,10670,22342,52,1,1
7861,3858,400,41,6752,6622,1032,6903,12233,9,1,1
7862,7293,5751,41,18034,17373,3587,18235,34906,81,1,1
7863,6382,5571,40,20449,19838,2635,20659,35277,76,1,1
7864,6101,1373,40,17664,17403,8065,17814,33403,25,1,1
7865,6612,3186,40,18656,18214,4499,18836,33183,51,1,1
7866,3557,921,40,17252,17062,1462,17413,23394,16,1,1
7867,3947,832,40,5741,5561,992,5901,11722,16,1,1
7868,3136,1062,41,9097,8866,2034,9248,15520,21,1,1
7869,7103,6943,40,18925,18244,6863,19127,40086,83,1,1
7870,6482,5731,40,20799,20158,2985,21000,36248,80,1,1
7871,5941,1944,40,18235,17914,5500,18395,31830,33,1,1
7872,6673,2324,40,18064,17724,2665,18235,29937,37,1,1
7873,3006,912,40,8446,8245,1232,8606,13796,18,1,1
7874,5340,3076,40,11853,11422,2014,12023,22503,49,1,1
7875,5079,982,40,20569,20339,1724,20719,28564,18,1,2
7876,7023,6142,40,14498,13836,2124,14708,30037,83,1,1
7877,5270,3737,40,16982,16502,2435,17172,28664,57,1,1
7878,4599,270,40,17383,17253,1784,17523,24216,6,1,1
7879,4820,2514,40,18986,18625,9408,19167,35959,41,1,1
7880,1583,181,40,24536,24436,642,24666,27122,3,1,1
7881,17603,10450,40,10119,9188,18645,10350,57098,120,1,1
7882,3967,1303,40,10099,9859,4088,10249,19667,23,1,1
7883,2165,1092,40,8887,8656,7734,9037,20068,20,1,1
7884,6151,4800,40,12964,12423,5570,13155,29726,65,1,1
7885,6873,5260,40,17153,16541,4699,17353,34225,74,1,1
7886,2835,1804,40,16281,15980,601,16441,21721,30,1,1
7887,16792,22844,40,6953,5080,12093,7273,59062,253,1,1
7888,4809,3647,40,20699,20238,10640,20879,40025,55,1,1
7889,1984,891,40,18755,18555,12123,18896,33944,16,1,1
7890,6682,6523,40,17433,16732,1092,17643,31980,88,1,1
7891,6081,4639,40,16742,16181,2685,16932,30377,67,1,1
7892,6142,4589,40,16251,15710,3507,16441,30729,66,1,1
7893,6071,4920,40,17733,17152,3266,17924,32241,72,1,1
7894,5461,1773,40,18936,18646,15910,19106,42280,30,1,1
7895,2355,1192,40,18515,18275,18054,18676,40307,22,1,1
7896,9528,9388,40,12604,11652,2175,12834,33955,119,1,2
7897,7064,4939,40,11643,11030,1252,11833,25128,73,1,1
7898,7053,5190,40,17333,16702,1433,17523,31259,77,1,1
7899,6142,4649,40,16120,15560,3486,16311,30628,67,1,1
7900,6172,5029,40,16642,16061,3457,16842,31550,72,1,1
7901,5441,2544,40,18916,18545,17954,19097,45076,41,1,1
7902,2415,771,40,17704,17504,15820,17854,36890,16,1,1
7903,6192,5491,40,16150,15519,1162,16351,29246,77,1,1
7904,6302,4508,40,15760,15198,2946,15950,29756,67,1,1
7905,6443,4769,40,15880,15309,3497,16070,30829,70,1,1
7906,5090,3867,40,16832,16331,3577,17012,29586,59,1,1
7907,5320,2154,40,18655,18335,18415,18825,44765,35,1,1
7908,15950,18876,40,23314,21722,14668,23604,73148,208,1,2
7909,4719,3457,40,12925,12464,1072,13105,22403,53,1,1
7910,4017,1032,40,8446,8236,1462,8607,15148,19,1,1
7911,6221,4920,40,13746,13165,1864,13936,26981,70,1,1
7912,6682,3998,40,23465,22934,1382,23665,35767,61,1,2
7913,6943,5390,40,16071,15440,2034,16271,30688,79,1,1
7914,5781,2445,40,18836,18485,17503,19006,44775,38,1,1
7915,2765,1042,40,18055,17843,13826,18205,35878,19,1,1
7916,6712,6332,40,13305,12614,1032,13526,27642,87,1,1
7917,6302,4759,41,13114,12543,2795,13306,27222,69,1,1
7918,6202,5049,40,18665,18084,3477,18866,33644,72,1,1
7919,6773,4458,40,19006,18455,1923,19207,32411,67,1,1
7920,6012,2364,40,19988,19648,16692,20168,45276,37,1,1
7921,2515,962,40,18535,18315,11352,18685,33574,19,1,1
7922,6662,6453,40,13516,12824,1092,13726,27973,86,1,1
7923,6593,4097,40,12062,11552,1913,12254,24897,61,1,1
7924,6422,5060,40,18345,17754,3687,18545,33764,73,1,1
7925,6903,5761,40,18766,18094,2044,18966,33714,83,1,1
7926,5991,2595,40,18716,18354,16281,18886,43793,40,1,1
7927,2445,1172,40,18105,17864,10840,18245,32762,22,1,1
7928,5711,5070,40,12985,12384,1012,13175,25008,73,1,1
7929,6262,4869,40,13125,12534,1994,13325,26490,71,1,1
7930,6572,5371,40,17864,17233,4238,18054,34285,76,1,1
7931,6863,6111,40,21460,20789,3707,21672,38393,83,1,1
7932,6132,2284,40,18866,18525,11462,19036,38944,37,1,1
7933,2174,692,40,17904,17713,5400,18054,26350,14,1,1
7934,3537,1022,40,9458,9248,2425,9618,16662,20,1,1
7935,6412,4008,40,9668,9178,1022,9849,21351,59,1,1
7936,3958,1282,41,12994,12713,1122,13145,19557,23,1,2
7937,7384,6552,41,17803,17082,3537,18004,35537,89,1,1
7938,6122,4829,40,14157,13576,3807,14347,29165,71,1,1
7939,6372,3226,40,13055,12623,1643,13245,24526,51,1,1
7940,6402,2585,41,18575,18204,4478,18746,32271,41,1,1
7941,6673,2936,40,18715,18335,2365,18885,30909,41,1,1
7942,4809,2014,40,8486,8175,1884,8656,17403,33,1,1
7943,4418,1233,40,8316,8065,962,8466,15119,23,1,1
7944,5971,4879,40,13967,13386,3557,14167,28614,70,1,1
7945,4278,682,40,11682,11502,1844,11832,18686,15,1,1
7946,7204,6182,40,15630,14938,3556,15840,32812,86,1,1
7947,5100,752,40,28985,28765,1783,29125,36810,14,1,2
7948,10920,9408,40,24726,23825,4618,24948,49944,113,1,1
7949,4138,371,40,7605,7454,1052,7735,13346,8,1,1
7950,6332,4509,40,14087,13536,4549,14287,29717,66,1,1
7951,6863,6132,40,18285,17604,2495,18495,34035,85,1,1
7952,6462,3888,40,17353,16862,2274,17533,30207,58,1,1
7953,6533,5130,40,17653,17042,2816,17843,32372,74,1,1
7954,5219,2225,40,18806,18485,9387,18976,35857,35,1,1
7955,4959,3306,40,19367,18915,7234,19547,35096,52,1,1
7956,4118,2474,40,14718,14347,2434,14888,23975,41,1,1
7957,6141,4889,40,16862,16281,1934,17052,30077,71,1,1
7958,6141,4439,40,16892,16341,3276,17082,30988,67,1,1
7959,6041,4820,40,18835,18234,3406,19026,33343,72,1,1
7960,5901,2054,40,18605,18295,16160,18776,42931,33,1,1
7961,2765,772,40,17794,17593,13866,17944,35377,16,1,1
7962,6543,5049,40,15780,15168,1173,15980,28775,74,1,1
7963,6582,4769,40,16261,15689,3136,16461,30998,70,1,1
7964,6412,4830,40,16872,16281,3797,17062,32151,71,1,1
7965,5511,4318,40,17293,16752,3607,17483,30969,65,1,1
7966,5109,1984,40,18385,18075,18115,18555,43803,34,1,1
7967,17032,20078,40,23935,22232,15500,24236,76886,221,1,2
7968,951,170,40,9418,9318,601,9568,11331,3,1,1
7969,10560,9669,40,13766,12815,1102,14006,35377,123,1,1
7970,6793,6101,41,17693,17022,1693,17894,32541,84,1,1
7971,6592,5090,40,15900,15289,3467,16090,31279,74,1,1
7972,7434,6363,40,16511,15800,2475,16711,33043,88,1,1
7973,6182,2344,41,19246,18905,21170,19417,49143,37,1,1
7974,8006,8816,41,20589,19656,16912,20810,54574,114,1,2
7975,3737,1623,40,12373,12073,1914,12524,19848,29,1,1
7976,5501,2795,40,9188,8807,1473,9368,19167,43,1,1
7977,6152,4569,40,15068,14517,1593,15269,27633,68,1,1
7978,6212,4539,40,15409,14858,2856,15599,29246,66,1,1
7979,6472,4859,40,15600,15019,2956,15790,30127,71,1,1
7980,5400,2054,40,19417,19086,18786,19587,45867,34,1,1
7981,6842,6742,40,20709,19938,18024,20910,52579,92,1,2
7982,6282,5340,40,13585,12974,1012,13776,26461,74,1,1
7983,5500,2174,40,19807,19456,1513,19978,29205,33,1,2
7984,5921,4138,40,14898,14377,3376,15079,28564,61,1,1
7985,6813,5451,40,18876,18235,2304,19076,33694,79,1,1
7986,6362,2695,40,19006,18615,19066,19176,47349,43,1,1
7987,2916,1132,40,17804,17564,14027,17954,36069,22,1,1
7988,11071,5250,40,10099,9528,17964,10289,44624,69,1,1
7989,7514,6743,40,11111,10400,13536,11331,39164,90,1,1
7990,2424,1523,40,17944,17643,15549,18105,37661,27,1,2
7991,14828,17122,41,13465,11992,10610,13746,56356,195,1,1
7992,3908,2755,40,14197,13816,3677,14367,24757,42,1,1
7993,6132,4709,40,18856,18285,2124,19046,32061,69,1,1
7994,5971,2425,40,18285,17914,15800,18445,42691,39,1,1
7995,8225,4479,40,19677,19176,8446,19867,41067,60,1,1
7996,4288,2355,40,11071,10720,1583,11241,19517,38,1,1
7997,6121,4559,40,11883,11352,1573,12073,24376,65,1,1
7998,5100,2094,40,19146,18795,1593,19316,28163,36,1,2
7999,3857,2265,40,13716,13375,2475,13896,22533,38,1,1
8000,7495,6973,40,19146,18395,1793,19357,35658,94,1,1
8001,5380,2384,40,18475,18115,13957,18645,40417,39,1,1
8002,2905,1173,40,17834,17593,7454,17994,29566,23,1,1
8003,4739,2034,40,10470,10149,2114,10630,19577,33,1,1
8004,7193,3536,40,10320,9878,1283,10510,22563,52,1,1
8005,6051,3106,40,17974,17544,2054,18154,29425,50,1,1
8006,6582,5130,40,19657,19046,1824,19847,33433,74,1,1
8007,5991,2144,40,18305,17964,9087,18465,35747,36,1,1
8008,16982,18034,40,22923,21451,2605,23214,60875,194,1,1
8009,5079,1102,40,8326,8105,1823,8476,16521,20,1,1
8010,4388,762,40,12584,12363,1022,12734,18966,15,1,2
8011,7114,5450,41,18344,17713,3287,18535,34436,76,1,1
8012,7213,6503,40,15700,14989,4799,15900,34475,88,1,1
8013,4058,601,40,11632,11462,1764,11782,18235,12,1,1
8014,1683,110,40,17053,16962,4198,17193,23224,1,1,1
8015,5300,651,41,17553,17383,1914,17714,25629,14,1,1
8016,3387,280,40,7704,7574,1243,7835,12785,6,1,1
8017,4308,2525,40,8646,8296,1864,8836,17573,40,1,1
8018,6312,4629,40,11492,10951,1092,11692,23765,66,1,1
8019,4198,1452,40,22152,21880,1803,22313,29806,24,1,2
8020,7093,5912,40,12023,11372,2695,12223,27973,81,1,1
8021,2014,1262,40,15098,14858,601,15259,19176,22,1,1
8022,9528,5350,40,19157,18524,5751,19357,40016,74,1,2
8023,6753,3707,40,19347,18875,6893,19517,36930,54,1,1
8024,4298,1443,40,11111,10851,1813,11272,18876,25,1,1
8025,6572,4629,40,11652,11061,1062,11842,24145,70,1,1
8026,6212,4528,41,16290,15729,1803,16492,29075,67,1,1
8027,7795,5601,40,18525,17874,3126,18735,35297,80,1,1
8028,14267,18986,40,22874,21250,1964,23174,58441,216,1,1
8029,6152,3026,40,20098,19677,10330,20278,39836,48,1,1
8030,2345,891,40,18275,18074,11482,18435,33193,18,1,1
8031,7514,6703,40,17283,16541,1112,17483,32862,91,1,1
8032,6703,5080,40,16231,15620,2304,16431,30558,75,1,1
8033,6432,4258,40,16061,15520,3216,16251,30207,64,1,1
8034,7444,6102,40,17754,17073,2876,17964,34426,84,1,1
8035,7294,2534,40,18555,18194,16191,18726,44805,40,1,1
8036,2745,992,40,17994,17764,15169,18144,37090,20,1,1
8037,6011,5160,40,15480,14889,1222,15680,28113,73,1,1
8038,6322,4679,40,16982,16401,3166,17172,31389,70,1,1
8039,6162,4308,40,15759,15229,3045,15951,29516,64,1,1
8040,5721,4418,40,17153,16582,2445,17343,29977,68,1,1
8041,5811,1994,40,18775,18455,18395,18935,45195,33,1,1
8042,13065,17483,40,23113,21581,17082,23405,71085,200,1,2
8043,751,111,40,7183,7093,601,7323,8827,1,1,1
8044,17333,18265,40,16001,14458,1442,16291,53381,205,1,1
8045,6602,4879,40,16291,15710,2094,16482,30107,70,1,1
8046,6533,4248,40,15299,14768,3036,15489,29356,63,1,1
8047,6432,5721,40,16421,15780,2555,16631,31379,80,1,1
8048,5691,1874,40,18435,18134,18355,18605,44575,32,1,1
8049,15059,16230,40,22903,21471,14468,23184,68981,186,1,2
8050,4639,1744,40,10620,10349,1633,10790,18846,28,1,1
8051,5751,4258,40,9999,9478,1132,10189,21380,63,1,1
8052,2986,1292,40,8737,8476,1453,8897,14658,24,1,1
8053,6181,4369,40,14497,13946,1933,14688,27221,65,1,1
8054,5831,3657,40,14778,14307,3517,14958,28013,54,1,1
8055,7294,5851,40,19507,18845,3095,19708,36008,82,1,1
8056,5550,2084,40,18545,18234,18234,18716,44634,33,1,1
8057,12574,11071,40,21431,20339,12013,21671,57369,137,1,2
8058,5791,5260,40,13926,13325,981,14127,26209,74,1,1
8059,6332,5450,40,13285,12664,2354,13486,27662,77,1,1
8060,6382,4529,40,17703,17162,2114,17894,30959,66,1,1
8061,6643,5480,40,19517,18886,2805,19718,34696,78,1,1
8062,5591,2124,40,18906,18565,17062,19066,43903,35,1,1
8063,2755,1213,40,18204,17964,10550,18355,32923,22,1,1
8064,6522,5220,40,12453,11862,1042,12644,25488,72,1,1
8065,6021,4148,40,11813,11312,2114,12013,24336,60,1,1
8066,6873,5250,40,18004,17383,4048,18204,34415,76,1,1
8067,6412,5510,40,18866,18224,1844,19066,32882,79,1,1
8068,5631,2645,40,19066,18706,14388,19246,41960,41,1,1
8069,2394,1343,40,18034,17794,9268,18194,31249,24,1,1
8070,2775,902,40,10019,9799,2164,10169,16050,18,1,1
8071,5100,1663,40,16101,15820,1052,16261,24126,25,1,2
8072,6282,3878,40,16361,15850,2605,16551,29366,60,1,1
8073,6122,5110,40,19327,18716,2815,19517,33624,74,1,1
8074,5230,2224,40,18485,18144,11031,18646,37191,36,1,1
8075,2304,822,40,17834,17643,6272,17984,27442,16,1,1
8076,4408,1533,50,10129,9879,1624,10299,17904,26,1,1
8077,6563,4208,40,10149,9638,1243,10329,22393,60,1,1
8078,6763,4559,40,18886,18345,4068,19076,34506,65,1,1
8079,6783,5651,40,21531,20870,3737,21721,37952,81,1,1
8080,5801,1693,40,18044,17754,4989,18205,30738,29,1,1
8081,6312,2284,40,18315,17964,2525,18475,29636,36,1,1
8082,3907,451,40,8216,8075,1663,8366,14437,8,1,1
8083,3837,611,40,7955,7794,1342,8116,13946,13,1,1
8084,16250,21420,40,25137,23354,1704,25458,64883,238,1,1
8085,6162,5240,40,15790,15169,3867,15990,31299,75,1,1
8086,6032,1432,41,29425,29135,2605,29586,39715,24,1,2
8087,4879,2756,40,19196,18806,8506,19366,35537,43,1,1
8088,3847,652,40,8065,7885,1814,8215,14568,14,1,1
8089,6412,4829,40,13605,13014,2444,13807,27542,72,1,1
8090,6733,5120,40,19537,18916,1783,19727,33413,75,1,1
8091,6162,4178,40,16221,15700,3396,16401,30197,62,1,1
8092,4900,3807,40,16902,16421,4048,17102,29897,57,1,1
8093,20890,15149,40,24066,22733,6001,24336,66426,175,1,1
8094,6302,3797,40,19757,19276,7024,19948,37111,57,1,1
8095,14607,7344,40,20398,19677,9629,20609,52229,90,1,1
8096,3246,2094,40,11061,10751,7204,11221,23815,33,1,1
8097,4128,1864,40,9337,9007,11121,9498,26661,34,1,1
8098,5250,4999,40,16632,16030,9298,16822,36429,73,1,1
8099,4719,3437,50,16601,16161,4790,16791,29787,52,1,1
8100,1993,1242,40,15239,14989,641,15379,19306,22,1,1
8101,16832,22392,40,6873,5009,16712,7204,63180,250,1,1
8102,4678,2705,40,20368,19978,16481,20539,44454,43,1,1
8103,2575,1062,40,18185,17944,15890,18335,37912,21,1,1
8104,4258,2195,40,11522,11171,1823,11692,20018,38,1,1
8105,6102,3927,40,10480,9969,1112,10670,21861,61,1,1
8106,6452,5180,40,15860,15248,1452,16051,29175,75,1,1
8107,6021,3467,40,15299,14838,3487,15479,28504,54,1,1
8108,6563,4949,40,17303,16702,2926,17493,31981,73,1,1
8109,5410,2224,40,19828,19507,19096,19998,46768,34,1,1
8110,11302,13144,40,22092,20840,16661,22343,63500,160,1,2
8111,3176,1663,40,13716,13426,2064,13876,20809,28,1,1
8112,6161,5000,40,16071,15480,3546,16261,31028,73,1,1
8113,7324,6262,30,16662,15960,3477,16862,33965,86,1,1
8114,5560,4318,41,15940,15409,2785,16131,28844,64,1,1
8115,16862,11802,40,22111,21070,16030,22353,67087,133,1,1
8116,2675,1232,40,18384,18154,14056,18546,36559,22,1,1
8117,6662,6523,40,16912,16201,1102,17112,31459,88,1,1
8118,6332,5110,40,15780,15179,2866,15980,30338,74,1,1
8119,6261,4369,40,15750,15209,2565,15950,29195,66,1,1
8120,6573,5500,40,16442,15820,2314,16642,31079,77,1,1
8121,5530,1553,41,18485,18204,17924,18646,43693,27,1,1
8122,12543,15369,40,22332,20960,13536,22603,64101,178,1,2
8123,6483,5941,40,13616,12975,992,13826,27292,80,1,1
8124,5931,4319,40,12924,12383,2875,13104,26270,64,1,1
8125,3798,631,40,8065,7885,1432,8215,14127,14,1,1
8126,6603,4979,40,15870,15269,3366,16061,31069,73,1,1
8127,5230,4168,40,20379,19868,2334,20559,32351,60,1,1
8128,1644,511,40,17984,17834,15209,18134,35548,10,1,1
8129,11081,11572,40,21220,20098,11121,21471,55285,143,1,2
8130,5170,3627,40,12364,11873,1252,12544,22633,56,1,1
8131,6633,5270,40,13235,12614,2826,13435,28204,75,1,1
8132,6131,4619,40,17463,16892,2023,17654,30487,69,1,1
8133,7304,5450,40,19918,19277,2224,20118,35156,79,1,1
8134,7204,3226,40,19166,18766,15529,19337,45346,44,1,1
8135,5079,1774,40,18395,18104,11461,18555,36909,28,1,1
8136,4860,4168,40,11962,11442,1242,12143,22453,61,1,1
8137,6633,4308,40,11532,10991,2124,11722,24827,64,1,1
8138,5741,3206,40,23565,23094,1513,23735,34245,50,1,2
8139,7144,5631,40,18745,18094,1674,18945,33444,80,1,1
8140,5491,1833,41,18214,17924,10099,18375,35858,31,1,1
8141,6282,2975,41,18655,18244,5240,18836,33373,47,1,1
8142,4759,1794,40,9959,9668,1823,10129,18545,31,1,1
8143,6713,3557,40,11552,11121,1603,11732,23645,51,1,1
8144,6963,6282,40,19316,18615,3487,19517,36309,87,1,1
8145,6572,5491,40,20218,19597,2415,20428,34946,77,1,1
8146,6021,2194,40,18325,17984,9408,18495,36158,37,1,1
8147,5821,2855,40,18655,18254,4889,18826,32431,44,1,1
8148,4248,1002,40,7905,7675,1874,8055,15239,21,1,1
8149,4268,1283,40,8195,7945,962,8355,14908,23,1,1
8150,4379,861,41,5650,5440,1032,5801,12113,18,1,1
8151,3637,2775,40,13065,12674,2405,13235,22112,43,1,1
8152,7955,5159,40,13585,13004,1252,13776,28193,71,1,1
8153,6011,4138,40,12935,12444,4609,13125,27933,59,1,1
8154,3807,591,40,11632,11451,1753,11783,17964,13,1,1
8155,5972,1112,40,18715,18485,2424,18875,28424,22,1,1
8156,5139,1353,40,18034,17774,1653,18195,26370,25,1,1
8157,3948,1152,40,8837,8597,1092,8987,15229,22,1,1
8158,5601,3136,40,11823,11382,1723,12003,22513,50,1,1
8159,6652,5060,40,28775,28144,2445,28975,43182,73,1,2
8160,5661,4459,40,18064,17533,1663,18254,30087,64,1,1
8161,5921,1824,40,18285,17994,10710,18455,36950,30,1,1
8162,2194,862,40,18455,18255,8576,18605,30287,17,1,1
8163,4429,1923,40,11101,10770,2184,11262,19858,34,1,1
8164,5951,3908,40,10710,10199,1143,10890,21942,59,1,1
8165,5711,4308,40,12554,12022,2064,12734,24867,62,1,1
8166,7013,5591,40,11352,10711,1252,11552,25448,79,1,1
8167,5761,4669,40,17123,16542,4158,17313,31951,69,1,1
8168,4479,3517,40,17793,17323,771,17974,26791,54,1,1
8169,17122,23204,40,6953,5070,12003,7284,59653,253,1,1
8170,4679,3317,40,20409,19988,10229,20589,38864,49,1,1
8171,2415,581,40,17774,17614,10650,17924,31600,12,1,1
8172,6101,5420,40,17403,16792,1182,17603,30347,74,1,1
8173,6272,4579,40,16692,16121,2535,16872,30308,68,1,1
8174,6031,4439,40,16361,15810,3517,16551,30588,66,1,1
8175,7234,6362,40,18415,17694,3156,18615,35427,89,1,1
8176,6472,2464,40,19026,18675,19377,19196,47560,39,1,1
8177,6362,6121,40,20168,19427,17072,20368,49964,87,1,2
8178,6071,5571,40,16161,15520,1142,16361,29195,79,1,1
8179,6312,4829,40,16792,16191,2775,16982,30938,72,1,1
8180,6132,4278,40,16401,15850,2866,16591,29907,64,1,1
8181,6121,5471,40,17553,16962,3407,17743,32802,73,1,1
8182,6212,2184,40,18676,18365,16892,18846,44174,33,1,1
8183,2615,1432,40,18805,18555,14328,18966,37391,24,1,1
8184,1002,111,40,7634,7534,702,7774,9629,1,1,1
8185,11411,10660,40,11381,10380,1462,11633,35216,130,1,1
8186,5561,2865,40,9208,8806,1313,9388,19167,46,1,1
8187,6202,4408,40,14989,14458,1773,15179,27622,65,1,1
8188,6241,4489,40,15119,14568,2715,15319,28804,66,1,1
8189,6863,5430,40,16130,15479,2204,16331,30868,79,1,1
8190,5911,2775,41,18745,18354,19036,18916,46678,43,1,1
8191,11662,11171,40,21331,20208,15108,21581,59562,140,1,2
8192,2785,781,40,10439,10239,1743,10590,15940,16,1,1
8193,4018,841,41,8115,7905,1433,8266,14588,17,1,1
8194,5881,4609,40,13757,13195,2354,13947,26841,67,1,1
8195,6893,4448,40,14929,14388,3046,15119,29566,66,1,1
8196,7214,5911,40,20318,19617,1413,20519,35107,85,1,1
8197,5310,1754,40,18715,18415,18085,18875,44074,31,1,1
8198,16611,17252,40,23404,21932,10209,23675,67798,188,1,2
8199,5791,4579,40,13034,12494,1052,13245,24707,66,1,1
8200,6022,4428,40,13606,13054,2195,13786,26481,66,1,1
8201,6362,4639,40,17473,16912,2475,17663,31189,67,1,1
8202,6733,5701,40,19187,18535,2504,19387,34385,80,1,1
8203,5541,2565,40,18936,18575,17092,19096,44344,38,1,1
8204,2986,1322,40,18515,18274,11852,18666,34866,22,1,1
8205,12434,5951,40,10089,9478,18174,10290,46889,75,1,1
8206,3426,1393,40,6443,6192,8776,6603,20248,24,1,1
8207,18054,18866,40,12994,11411,7284,13285,57549,210,1,1
8208,2415,1352,41,18735,18455,13185,18886,35888,23,1,2
8209,3677,1663,40,8116,7824,7825,8276,21471,28,1,1
8210,9187,7154,40,15450,14698,1563,15670,33624,95,1,1
8211,7324,6542,40,19587,18886,1894,19788,35598,86,1,1
8212,5631,1983,41,18535,18224,13706,18696,40076,32,1,1
8213,2595,1493,40,18034,17754,9047,18194,31379,27,1,1
8214,2665,862,40,9578,9378,2224,9728,15529,16,1,1
8215,6372,4288,40,17513,16963,1282,17694,29686,61,1,2
8216,6122,4498,41,17723,17182,3787,17914,32371,66,1,1
8217,6142,4709,40,19587,19046,4810,19777,35498,66,1,1
8218,5420,2064,40,18646,18325,7815,18816,34145,34,1,1
8219,6642,3928,40,18866,18365,3486,19046,33142,57,1,1
8220,3417,1042,40,9468,9257,1933,9628,16070,20,1,1
8221,6071,2986,40,9428,9018,982,9608,19687,47,1,1
8222,5640,4479,40,18114,17563,2124,18304,30587,65,1,1
8223,6252,4588,40,15659,15088,8096,15850,34826,67,1,1
8224,3346,902,40,11842,11632,1874,11982,18154,18,1,1
8225,17082,9658,40,20639,19737,2615,20860,50255,113,1,1
8226,6382,2655,40,18164,17783,2244,18325,29656,41,1,1
8227,3807,291,40,7344,7224,1323,7494,12945,6,1,1
8228,4850,1482,40,18234,17934,1433,18395,26200,26,1,2
8229,4128,360,40,11362,11231,1693,11512,17733,8,1,1
8230,6853,5821,40,14507,13846,3407,14718,30849,82,1,1
8231,5871,2254,40,31610,31230,2024,31770,41969,37,1,2
8232,5220,2325,40,18625,18305,9649,18795,36039,35,1,1
8233,3997,1403,40,13826,13556,2544,13977,21971,25,1,1
8234,7504,5030,40,18535,17934,2034,18725,33343,72,1,1
8235,6212,4759,40,17684,17113,3657,17874,32562,69,1,1
8236,7044,6482,40,18345,17644,3677,18555,35798,87,1,1
8237,4358,1894,40,18535,18244,11502,18715,36509,31,1,1
8238,2174,892,40,18034,17834,10390,18184,31680,17,1,1
8239,4479,2174,40,13756,13435,2314,13926,22943,35,1,1
8240,5881,4729,40,16792,16221,3286,16992,30928,68,1,1
8241,6252,4058,40,15900,15379,3677,16080,30117,60,1,1
8242,5651,4489,40,17663,17102,3487,17853,31530,66,1,1
8243,6212,2053,40,18585,18274,16000,18756,43071,33,1,1
8244,5972,3757,40,18896,18435,14077,19076,42932,54,1,1
8245,7114,6682,40,16501,15780,1032,16712,31590,90,1,1
8246,6442,5701,40,16552,15921,2735,16762,31690,78,1,1
8247,6783,4398,40,16301,15750,4349,16481,32061,65,1,1
8248,5361,3907,40,16101,15600,3166,16291,28765,59,1,1
8249,3707,1383,40,19327,19076,17243,19487,41870,24,1,1
8250,16321,22212,40,6573,4789,18725,6893,64201,240,1,1
8251,7173,4719,41,20258,19697,16161,20439,48542,67,1,1
8252,5380,4980,40,15760,15159,1202,15950,27562,72,1,1
8253,6352,5611,40,17102,16451,2705,17302,32010,79,1,1
8254,6492,4138,40,15961,15460,3807,16141,30628,59,1,1
8255,5120,3396,40,15880,15409,3406,16051,28023,53,1,1
8256,4478,2204,40,18886,18535,17874,19046,43652,37,1,1
8257,16932,20699,40,24246,22513,17383,24557,79631,229,1,2
8258,24136,22553,411,65844,63661,2866,67027,116872,123,1,1
8259,14468,15068,80,28935,27402,3327,29466,62419,93,1,1
8260,5250,1262,81,42390,41879,2264,42681,51547,10,1,2
8261,5470,4168,80,28264,27632,2445,28594,40767,32,1,1
8262,3326,1453,81,36729,36389,31851,37030,73750,13,1,1
8263,4980,3326,81,35647,35096,22964,35968,67328,27,1,1
8264,1713,441,80,17684,17473,952,17974,21170,4,1,1
8265,21341,21510,80,21661,19698,1372,22121,66436,126,1,1
8266,5501,4388,80,21641,21009,4618,21972,36569,33,1,1
8267,4609,1613,80,28765,28393,2755,29075,38142,15,1,1
8268,5340,2966,80,32952,32412,841,33283,42520,27,1,1
8269,19347,14818,80,35608,34224,16882,35968,87095,95,1,2
8270,2525,1192,40,18796,18566,12474,18946,35177,21,1,1
8271,3036,1042,40,10249,10029,2404,10400,16932,19,1,1
8272,7053,4810,40,9037,8506,1182,9227,22302,64,1,1
8273,3527,2675,40,11963,11602,2695,12133,21090,40,1,1
8274,6833,4940,40,18575,18014,3888,18765,34476,68,1,1
8275,6312,4679,40,19427,18876,2655,19617,33313,66,1,1
8276,5691,2384,40,19066,18716,16310,19227,43662,37,1,1
8277,7334,3577,40,21411,20970,8786,21591,41318,51,1,1
8278,4538,3537,40,12153,11712,1153,12333,21611,52,1,1
8279,6693,5370,40,12694,12093,1593,12884,26591,72,1,1
8280,6412,4930,40,17974,17393,3126,18164,32672,69,1,1
8281,6562,5972,40,20449,19788,3246,20639,36469,80,1,1
8282,7585,3296,40,19167,18736,10580,19337,40848,48,1,1
8283,2425,841,40,17714,17524,6222,17864,27402,16,1,1
8284,4539,1653,40,10170,9899,1583,10350,18165,28,1,1
8285,6462,4408,40,9748,9207,1102,9939,21951,65,1,1
8286,6342,3406,40,23304,22812,2054,23475,35317,52,1,2
8287,6793,6172,40,19938,19267,1583,20138,34726,83,1,1
8288,6412,2424,40,18855,18495,8697,19026,36599,39,1,1
8289,5390,2515,40,18565,18205,4348,18735,31038,39,1,1
8290,3526,1263,40,8917,8667,1533,9077,15449,25,1,1
8291,4789,2054,40,8436,8115,2455,8616,17954,36,1,1
8292,8687,8125,40,20439,19608,2786,20659,40307,105,1,1
8293,6603,5680,40,16130,15489,3978,16331,32642,78,1,1
8294,4669,991,40,30628,30368,2184,30778,38673,19,1,2
8295,4508,651,40,18125,17964,2254,18275,25718,12,1,1
8296,3346,170,40,7525,7434,1563,7665,12794,3,1,1
8297,6001,4359,40,12884,12353,1884,13064,25358,64,1,1
8298,15169,21300,40,23565,21841,1042,23885,61426,231,1,1
8299,5831,2605,40,16612,16221,1443,16792,26711,43,1,1
8300,6493,5190,40,17884,17273,2625,18074,32442,75,1,1
8301,5731,2465,40,19227,18856,8586,19387,36219,39,1,1
8302,6202,3917,40,19637,19167,7063,19828,37050,55,1,1
8303,4468,2214,40,13555,13195,1943,13716,22392,39,1,1
8304,6201,3738,30,12323,11842,1463,12493,23945,55,1,1
8305,3146,1874,40,13816,13496,2475,13976,21511,32,1,1
8306,6994,5350,40,11462,10871,1122,11652,25168,73,1,1
8307,6332,5029,40,17774,17173,3337,17964,32712,73,1,1
8308,5982,4538,40,17233,16681,3307,17423,31310,67,1,1
8309,5059,2295,40,19607,19277,9108,19777,36299,36,1,1
8310,5159,3697,40,19747,19296,10260,19928,39094,54,1,1
8311,16992,9909,40,23485,22573,16702,23715,67358,117,1,1
8312,3596,1864,40,10650,10340,12363,10821,28674,32,1,1
8313,3537,2535,40,9047,8657,10791,9227,26130,40,1,2
8314,15950,22272,40,18956,17152,16220,19287,73759,244,1,1
8315,3546,1844,40,15129,14838,4699,15299,25438,31,1,1
8316,3136,1723,40,15630,15339,601,15790,21290,29,1,1
8317,16932,22623,40,6833,4980,15269,7153,62007,248,1,1
8318,4578,3126,40,21120,20700,14186,21291,43221,48,1,1
8319,2424,1032,41,18064,17853,15900,18225,37621,20,1,1
8320,6402,5911,40,13265,12575,2265,13465,28103,82,1,2
8321,5029,2104,40,9909,9578,1323,10069,18565,34,1,1
8322,6101,4719,40,13867,13306,1873,14057,26800,68,1,1
8323,3747,731,40,7895,7715,1663,8045,14226,15,1,1
8324,6974,6312,40,17764,17072,2745,17974,34055,87,1,1
8325,6763,5891,41,16351,15709,3096,16552,32332,80,1,1
8326,5650,2645,40,19617,19276,18745,19798,46868,38,1,1
8327,14107,15339,40,22573,21200,14728,22843,67047,177,1,2
8328,892,160,40,7224,7133,551,7354,9007,2,1,1
8329,12964,11231,40,14918,13856,1283,15159,40687,139,1,1
8330,6132,4719,40,15950,15369,1653,16140,28684,69,1,1
8331,15410,18004,40,20319,18776,1212,20609,55295,206,1,1
8332,7735,6412,40,16271,15569,2385,16481,33053,89,1,1
8333,5380,2104,40,19277,18946,18655,19447,45626,35,1,1
8334,15830,18155,40,24216,22623,15399,24506,73940,207,1,2
8335,4619,2464,40,11703,11361,1443,11883,20449,38,1,1
8336,4929,1673,40,18986,18685,1783,19146,27572,26,1,2
8337,6352,4158,40,14949,14428,3016,15129,28705,62,1,1
8338,5921,4970,40,18174,17593,3216,18365,32512,70,1,1
8339,6272,1413,40,18545,18295,14558,18705,40988,23,1,1
8340,1893,572,40,17994,17834,13195,18144,33854,12,1,1
8341,4769,3096,40,11983,11552,1262,12153,21330,48,1,1
8342,6031,4669,40,12294,11733,2525,12484,25769,68,1,1
8343,6673,4448,40,17514,16963,2344,17694,31209,65,1,1
8344,6803,5641,40,18986,18355,2836,19176,34516,77,1,1
8345,5961,2024,40,18645,18345,13787,18805,40627,31,1,1
8346,2806,571,40,17834,17683,7604,17984,29005,11,1,1
8347,4569,2755,40,11352,10971,1563,11522,20459,43,1,1
8348,5841,4339,40,11412,10891,1923,11602,23735,62,1,1
8349,4469,1352,40,22313,22010,1693,22473,30037,25,1,2
8350,6603,5581,40,18986,18355,1533,19186,32953,78,1,1
8351,5721,2194,40,18536,18224,15429,18706,42100,34,1,1
8352,2785,1323,40,18254,18014,9368,18404,31920,23,1,1
8353,2786,851,41,9387,9197,2335,9538,15570,17,1,1
8354,7814,5701,40,11953,11341,1333,12153,27031,75,1,1
8355,6502,3567,40,18525,18065,1663,18716,30488,55,1,1
8356,6552,5651,40,20228,19587,1783,20428,34465,79,1,1
8357,5200,1653,40,18726,18435,7795,18896,33584,29,1,1
8358,7274,3928,40,18946,18485,3436,19126,33814,54,1,1
8359,5852,2524,41,8967,8616,1262,9138,18816,37,1,1
8360,4309,911,40,14037,13805,1092,14197,20539,16,1,2
8361,8666,9378,50,15249,14327,1202,15479,34775,119,1,1
8362,6973,2966,40,13055,12674,1393,13235,24607,44,1,1
8363,6522,5631,40,19968,19347,4699,20178,37070,78,1,1
8364,6192,2174,40,18455,18125,5170,18625,32191,36,1,1
8365,6352,2585,41,18234,17853,2765,18405,30157,41,1,1
8366,4077,221,40,7424,7304,972,7554,12864,5,1,1
8367,5440,3016,40,8997,8576,1613,9167,19296,47,1,1
8368,4108,1754,40,17343,17002,1342,17503,24757,31,1,2
8369,3887,281,40,11642,11532,1703,11792,17713,6,1,1
8370,7134,5961,40,15068,14397,6963,15269,35367,82,1,1
8371,1763,751,41,13635,13455,822,13786,17152,14,1,1
8372,9488,5461,40,19557,18907,1673,19737,36409,76,1,2
8373,6011,4529,40,20338,19808,6672,20529,37781,64,1,1
8374,4509,1974,40,15008,14698,2195,15178,23906,33,1,1
8375,6493,5300,40,16792,16181,2545,16982,31360,73,1,1
8376,6352,4589,40,17193,16632,3837,17373,32211,67,1,1
8377,5811,4418,40,17934,17403,4369,18124,32772,64,1,1
8378,5340,2385,40,20228,19888,9958,20399,38122,38,1,1
8379,5921,3918,40,19827,19327,12102,20008,41989,60,1,1
8380,7875,7935,40,16852,16031,972,17072,33894,105,1,1
8381,7404,6091,40,16963,16300,2615,17163,33333,83,1,1
8382,17283,15890,40,21331,19918,1432,21611,56266,187,1,1
8383,6853,5079,40,17072,16461,3427,17263,32672,75,1,1
8384,8035,2545,40,19547,19186,13606,19717,43963,41,1,1
8385,4890,2555,40,19216,18836,11362,19396,38233,42,1,1
8386,6292,4990,40,16231,15640,1172,16421,28905,70,1,1
8387,6372,4959,41,16942,16351,3246,17133,31770,72,1,1
8388,6362,5110,40,16462,15860,3627,16652,31801,73,1,1
8389,6613,4348,40,16562,16011,2795,16752,30548,67,1,1
8390,7304,2285,40,19046,18705,19217,19206,48072,36,1,1
8391,5210,3617,40,19908,19396,15479,20078,44434,53,1,2
8392,6091,5401,40,15950,15299,1112,16140,28794,79,1,1
8393,6232,5059,40,16912,16321,2014,17103,30448,72,1,1
8394,6212,3587,40,15790,15329,3627,15970,29446,55,1,1
8395,5871,3577,40,15680,15199,2605,15860,27953,55,1,1
8396,6863,2935,40,18856,18465,19177,19026,48061,45,1,1
8397,3166,1463,40,18254,17954,13526,18404,36619,25,1,2
8398,5971,4959,41,15429,14838,1162,15620,27762,72,1,1
8399,6403,4989,40,13075,12474,2625,13265,27322,73,1,1
8400,6432,3497,40,23495,22994,1432,23685,35086,56,1,2
8401,7153,5952,40,16431,15770,1884,16631,31670,83,1,1
8402,5199,2155,40,18685,18365,17814,18845,44073,33,1,1
8403,13977,16821,40,23014,21540,13265,23294,67408,192,1,2
8404,851,151,40,7895,7785,571,8025,9638,2,1,1
8405,13045,13876,40,11962,10770,1353,12213,40527,155,1,1
8406,6633,5240,40,13085,12464,2505,13275,27693,75,1,1
8407,6132,4638,40,18495,17934,2935,18686,32431,68,1,1
8408,7935,6222,40,20539,19838,1774,20739,36710,87,1,1
8409,5340,2214,40,19026,18676,16822,19186,43622,37,1,1
8410,2986,982,40,18064,17854,10971,18214,33203,18,1,1
8411,6823,6182,40,13385,12704,1002,13595,27652,86,1,1
8412,6402,4949,40,12835,12243,1843,13025,26259,70,1,1
8413,7304,4819,40,17944,17363,3898,18134,34195,70,1,1
8414,7484,5300,40,18305,17694,2385,18505,33714,76,1,1
8415,5962,2384,40,18916,18576,14077,19086,41549,37,1,1
8416,2695,1172,41,18464,18214,6933,18616,29466,23,1,1
8417,14648,7624,40,10480,9718,17693,10691,50706,96,1,1
8418,3347,1332,40,6412,6162,8486,6563,19768,24,1,1
8419,13115,10710,40,10250,9248,1553,10490,35908,131,1,1
8420,2554,1293,40,23515,23234,591,23665,28163,22,1,2
8421,17363,18415,40,5600,4047,11763,5881,53462,202,1,2
8422,4840,2204,40,6572,6242,4578,6743,18405,36,1,1
8423,3397,2384,40,17724,17363,2936,17884,26641,38,1,1
8424,5701,2033,40,18755,18435,11592,18926,38302,34,1,1
8425,2544,1213,40,18475,18245,7745,18635,30187,23,1,1
8426,4849,2084,40,10269,9939,972,10440,18385,36,1,1
8427,6262,3196,41,9097,8646,972,9278,19758,51,1,1
8428,7364,6112,40,24146,23435,2154,24356,40026,85,1,2
8429,6372,5500,40,20298,19657,1974,20489,34385,78,1,1
8430,4749,1332,40,18034,17783,8376,18195,32702,24,1,1
8431,6382,2815,41,19627,19256,4619,19798,33674,42,1,1
8432,4558,972,40,7805,7585,1142,7945,14667,18,1,1
8433,4319,721,40,7625,7444,982,7785,13847,16,1,1
8434,6302,5330,41,19637,19016,3416,19828,34916,75,1,1
8435,6813,5411,40,16161,15529,2134,16351,30759,77,1,1
8436,5901,2595,40,30197,29797,2064,30378,40988,42,1,2
8437,16682,14738,40,24767,23444,6052,25037,62549,175,1,1
8438,4018,862,40,7334,7124,982,7484,13386,18,1,1
8439,6732,5090,40,14007,13386,3016,14197,29095,75,1,1
8440,7244,5710,40,17062,16431,2254,17263,32521,78,1,1
8441,6873,5100,40,17684,17083,3777,17884,33664,73,1,1
8442,5270,4248,40,17423,16892,4218,17613,31399,64,1,1
8443,6602,3376,40,19647,19206,8226,19828,38072,50,1,1
8444,6252,4138,40,20188,19667,6883,20378,37701,63,1,1
8445,4649,2254,40,10580,10230,1974,10740,19667,37,1,1
8446,7024,4969,40,11302,10730,1222,11492,24757,70,1,1
8447,7093,5771,40,16201,15530,1473,16401,30788,82,1,1
8448,6332,4739,40,17272,16691,3277,17463,31861,71,1,1
8449,5681,3898,40,17202,16702,3947,17383,30959,58,1,1
8450,4599,1703,40,18896,18596,16461,19056,41869,30,1,1
8451,6662,3456,40,18786,18335,13926,18956,43051,51,1,1
8452,6913,6753,40,16532,15780,1002,16742,31450,94,1,1
8453,6122,4518,40,16020,15459,1723,16211,28624,67,1,1
8454,5731,4007,40,15810,15299,3376,15991,29145,60,1,1
8455,6542,5440,40,16922,16291,3166,17112,32321,77,1,1
8456,6613,2605,40,19697,19336,20078,19867,49203,38,1,1
8457,5660,2876,40,19347,18946,731,19517,28824,42,1,2
8458,17142,19397,40,5871,4268,17072,6172,59813,215,1,1
8459,6382,4278,40,14548,14037,1222,14738,26660,61,1,1
8460,6342,4799,40,15599,15008,2575,15799,29546,71,1,1
8461,6322,4308,40,16632,16101,3126,16822,30618,64,1,1
8462,7494,5621,40,16852,16211,2195,17052,32422,80,1,1
8463,6682,3166,40,19997,19587,16611,20169,46678,46,1,1
8464,6943,4378,40,19748,19236,12383,19928,43672,60,1,1
8465,3466,1603,40,10841,10550,2054,11001,18154,29,1,1
8466,5770,2444,40,9328,8977,1413,9508,19176,39,1,1
8467,6993,5741,40,15911,15258,1493,16111,30368,80,1,1
8468,6031,3928,40,15019,14518,3045,15199,28233,58,1,1
8469,6392,5200,40,15830,15229,2175,16020,29837,73,1,1
8470,5651,2434,40,19446,19106,18966,19608,46719,37,1,1
8471,12514,13135,41,22222,21010,14167,22483,62349,155,1,2
8472,13265,13395,40,16241,15008,982,16502,44184,161,1,1
8473,6663,5540,40,21671,21000,2024,21861,36129,77,1,2
8474,6703,4659,40,15409,14848,3206,15589,30217,67,1,1
8475,7064,5991,41,20068,19386,1863,20269,35227,84,1,1
8476,5430,1743,40,19497,19226,18465,19658,45346,28,1,1
8477,17483,17213,40,23765,22233,13115,24035,71906,199,1,2
8478,3397,1683,40,11131,10851,1844,11291,18255,28,1,1
8479,5801,4759,40,12123,11552,1863,12314,24767,68,1,1
8480,6372,5240,40,17544,16932,3537,17734,32943,73,1,1
8481,6653,5771,40,18816,18154,2605,19006,34085,80,1,1
8482,6112,2635,40,19096,18745,17674,19266,45747,39,1,1
8483,6603,3256,40,19307,18886,9237,19477,38633,48,1,1
8484,4889,2335,40,40887,40537,1393,41057,49724,39,1,1
8485,2114,972,40,28354,28154,2435,28514,34085,18,1,1
8486,35307,31159,401,83478,79531,12483,84921,164151,215,1,1
8487,6171,862,60,23244,22873,1663,23545,32311,10,1,1
8488,3837,1233,60,17513,17122,13636,17743,36519,13,1,1
8489,8015,7144,60,26030,24767,9478,26320,51027,59,1,1
8490,3967,2465,60,25208,24667,1022,25468,32982,27,1,1
8491,19176,16161,61,34415,32762,14437,34766,84610,125,1,2
8492,3437,2304,60,28675,28284,11662,28925,46388,24,1,1
8493,4509,2975,61,18384,17793,2575,18636,28765,32,1,1
8494,9147,7264,60,18565,17723,1333,18846,36660,66,1,1
8495,4980,3747,70,18766,18235,2845,19026,30658,37,1,1
8496,11382,9728,60,18645,17593,1303,18946,41439,84,1,1
8497,9167,7564,60,27211,26340,4669,27492,48972,68,1,1
8498,4469,3506,61,25267,24757,771,25519,34325,35,1,1
8499,25528,32993,60,37541,34766,15449,38012,112052,235,1,2
8500,4699,2315,60,34796,34385,15329,35036,57449,26,1,1
8501,21230,3627,301,83728,81645,5641,84901,115850,26,1,1
8502,12543,10971,300,28955,27632,1382,29727,54723,59,1,1
8503,6312,5761,80,24516,23384,3336,24927,40427,40,1,1
8504,5590,3988,80,18966,18204,2725,19287,31680,30,1,1
8505,10881,10891,80,35237,33814,6162,35617,63641,72,1,1
8506,29946,41770,81,43682,39985,2284,44304,118394,229,1,1
8507,3807,1803,80,38373,37981,37982,38673,82366,16,1,1
8508,5210,2705,80,35397,34926,30157,35708,73870,22,1,1
8509,17042,8366,81,23504,22482,1423,23875,50806,57,1,1
8510,12173,7935,80,20619,19647,1373,20979,42551,57,1,1
8511,5861,4048,80,21761,21130,2915,22092,35006,33,1,1
8512,12053,10701,80,19998,18816,1303,20378,44525,72,1,1
8513,13085,12954,80,34064,32642,5911,34476,66516,89,1,1
8514,6312,5000,80,31450,30749,862,31780,44044,38,1,1
8515,25468,36980,80,44895,41900,37881,45446,145876,190,1,2
8516,4929,2805,80,35548,35057,29666,35858,73349,24,1,1
8517,6693,3056,70,18986,18455,2214,19296,31349,26,1,1
8518,10520,4789,80,17132,16441,1282,17463,34145,37,1,1
8519,5991,4238,80,21591,20950,2555,21932,34806,34,1,1
8520,5941,1112,81,14918,14597,1533,15199,23875,11,1,1
8521,14808,14487,80,16642,15870,2635,16992,49003,92,1,1
8522,7093,5971,40,17393,16732,1924,17594,32632,82,1,1
8523,6122,2735,40,18766,18404,19016,18936,46849,38,1,1
8524,5941,5331,40,19787,19167,14728,19967,46017,71,1,2
8525,922,110,40,8596,8506,2335,8747,12154,1,1,1
8526,5791,4128,30,12795,12294,1192,12985,24136,60,1,1
8527,6612,5250,40,14909,14307,1783,15109,28804,74,1,1
8528,6322,4278,40,15570,15079,2875,15750,29275,59,1,1
8529,7073,5781,41,20017,19366,2094,20229,35207,81,1,1
8530,5471,2274,40,19177,18856,18355,19337,45487,35,1,1
8531,5971,4018,40,19026,18495,12544,19216,41789,60,1,2
8532,922,140,40,8837,8737,651,8967,10740,2,1,1
8533,9437,7214,40,10110,9347,1122,10330,28143,97,1,1
8534,6022,4809,40,13836,13295,2615,14026,27502,65,1,1
8535,7605,6402,40,18515,17824,2886,18735,35668,88,1,1
8536,6332,5300,40,19166,18555,1913,19366,32962,74,1,1
8537,5521,2845,40,18926,18556,18556,19096,46068,42,1,1
8538,4258,3807,40,20769,20259,16421,20950,45466,54,1,2
8539,1132,280,40,8196,8085,591,8346,10379,5,1,1
8540,10861,10269,41,10730,9748,1032,10961,33173,126,1,1
8541,7635,6021,40,15319,14648,1774,15519,30999,83,1,1
8542,7064,6252,40,18906,18204,3116,19106,35578,87,1,1
8543,6452,5470,40,18254,17633,2064,18455,32491,77,1,1
8544,6372,2355,40,18766,18435,11702,18936,39405,37,1,1
8545,1834,661,40,18014,17854,621,18164,21330,13,1,1
8546,16461,19738,40,5711,4148,8496,6011,50746,209,1,1
8547,8195,6833,40,12894,12173,1904,13105,30097,91,1,1
8548,3847,581,40,16481,16281,1062,16631,22162,11,1,2
8549,7795,6622,40,18274,17553,1593,18475,34535,90,1,1
8550,6482,5510,40,20479,19857,1813,20670,34525,76,1,1
8551,5932,1743,40,18255,17974,10650,18415,36780,27,1,1
8552,2815,982,40,18125,17904,6542,18275,28654,19,1,1
8553,4799,2455,40,11011,10630,1333,11181,19808,41,1,1
8554,6091,3597,40,9789,9318,1042,9969,20749,56,1,1
8555,6673,5160,40,13937,13345,3546,14137,29546,72,1,1
8556,7845,4549,40,13836,13315,1493,14016,27953,61,1,1
8557,7354,4138,40,15420,14928,4869,15610,32011,58,1,1
8558,6222,2104,40,18455,18114,5571,18615,32562,35,1,1
8559,7394,6793,40,18215,17483,1353,18415,34005,91,1,1
8560,6452,2425,40,18204,17834,2265,18364,29556,39,1,1
8561,4398,1082,40,8627,8406,1202,8777,15509,19,1,1
8562,3807,932,40,8947,8737,1022,9097,14898,18,1,1
8563,7023,5801,40,13586,12935,3427,13786,30087,80,1,1
8564,4949,1213,40,12073,11832,1603,12223,20048,23,1,1
8565,6192,5260,40,16381,15780,5370,16571,33433,73,1,1
8566,7444,3526,40,29686,29285,1633,29847,42500,38,1,2
8567,5510,3016,40,19577,19167,6963,19758,35297,47,1,1
8568,4799,1333,40,12003,11752,1442,12163,19777,24,1,1
8569,6653,4979,40,12062,11481,1502,12264,25428,70,1,1
8570,6242,5310,40,14337,13736,1552,14528,27682,73,1,1
8571,7585,6382,40,11933,11241,1202,12143,27362,86,1,1
8572,7384,5741,40,17744,17103,3447,17944,34556,80,1,1
8573,5050,4048,40,19347,18856,631,19527,29306,59,1,1
8574,16902,21340,40,24256,22472,9949,24567,72798,235,1,2
8575,5150,3006,40,19487,19076,7725,19657,35578,45,1,1
8576,4308,2003,41,11642,11331,2244,11813,20419,33,1,1
8577,7284,6081,40,11772,11121,1523,11973,26911,80,1,1
8578,6081,4248,40,12193,11653,1533,12374,24276,63,1,1
8579,5861,4208,40,10981,10460,1102,11171,22372,63,1,1
8580,7134,4959,40,17133,16531,3627,17333,33103,73,1,1
8581,7153,6101,40,18395,17714,2675,18595,34585,85,1,1
8582,6101,2255,40,19216,18896,15189,19386,42981,34,1,1
8583,5249,2915,40,18846,18445,15139,19016,42360,44,1,1
8584,7424,6593,40,17914,17202,1232,18124,33423,90,1,1
8585,6793,5149,40,17463,16842,2384,17654,32040,76,1,1
8586,6091,3878,40,15790,15279,3517,15970,29506,60,1,1
8587,6102,4368,40,16652,16110,3036,16842,30398,65,1,1
8588,7104,3246,40,19838,19437,18916,20018,49324,46,1,1
8589,5120,3126,40,19146,18736,15840,19326,43452,47,1,1
8590,3226,1172,40,10690,10459,1753,10851,17052,22,1,1
8591,4499,2044,40,9618,9298,1443,9788,17814,34,1,1
8592,7495,5370,40,14317,13696,1914,14507,29336,75,1,1
8593,6532,5040,40,23334,22712,2866,23534,38022,71,1,2
8594,7424,6282,40,17102,16391,2525,17302,33563,87,1,1
8595,6221,2716,40,20218,19837,20349,20388,49714,41,1,1
8596,10841,9728,40,21010,20058,15479,21241,57329,118,1,2
8597,5751,4468,41,13766,13205,1022,13947,25238,66,1,1
8598,4178,1533,41,8706,8436,1313,8867,15931,27,1,1
8599,6011,4288,40,15349,14798,2093,15529,27962,64,1,1
8600,3967,722,40,8266,8075,1513,8416,14658,15,1,1
8601,8005,6262,40,16361,15670,2966,16561,33844,86,1,1
8602,6432,5491,40,17123,16501,2655,17323,31961,77,1,1
8603,6142,2124,40,18856,18545,15980,19036,43322,34,1,1
8604,2706,921,31,18174,17964,14287,18325,36289,18,1,1
8605,17062,8727,40,11352,10520,17263,11562,54664,104,1,1
8606,3386,1803,40,8055,7764,9518,8216,22973,29,1,1
8607,16050,21070,40,6242,4529,17523,6543,61226,229,1,1
8608,4659,3096,40,17614,17162,14828,17784,40407,47,1,2
8609,6472,4088,40,10360,9869,10781,10550,31921,57,1,1
8610,4077,2485,40,13847,13476,2825,14007,23454,40,1,1
8611,6433,5560,41,19757,19126,2525,19958,34516,78,1,1
8612,6151,2385,40,19197,18836,16631,19357,44574,38,1,1
8613,4969,2344,40,19256,18916,11202,19426,37992,38,1,1
8614,6312,5380,40,13175,12564,1032,13366,26140,74,1,1
8615,6532,5000,40,13025,12434,1944,13215,26721,71,1,1
8616,6523,5310,40,17934,17323,4869,18134,34886,76,1,1
8617,6562,5451,40,18535,17914,1834,18745,32622,78,1,1
8618,5410,1904,40,18806,18505,16130,18966,42450,31,1,1
8619,2765,1623,40,18556,18264,10309,18716,33473,29,1,1
8620,5580,4108,40,12063,11552,1443,12243,23434,60,1,1
8621,3948,1272,41,7253,7023,1113,7414,13787,22,1,1
8622,6823,5300,40,12644,12023,1753,12834,26760,76,1,1
8623,6553,5240,40,18184,17553,2935,18385,33143,77,1,1
8624,8547,6191,40,20999,20318,3296,21210,39285,86,1,1
8625,7554,2154,41,18795,18465,10610,18966,39344,36,1,1
8626,2214,531,40,17583,17423,6492,17724,27021,12,1,1
8627,4979,2104,40,10800,10470,1453,10961,19547,35,1,1
8628,6322,4368,30,11401,10860,1463,11582,23785,63,1,1
8629,6312,4769,40,18265,17694,3366,18455,32952,70,1,1
8630,7384,7044,40,20449,19707,1933,20669,37070,94,1,1
8631,6372,1383,40,18024,17774,8375,18185,34365,24,1,1
8632,6492,4158,40,19147,18646,4017,19327,34044,59,1,1
8633,4729,1122,40,8556,8336,1533,8706,16131,19,1,1
8634,3988,1442,41,8375,8105,1442,8537,15459,27,1,1
8635,5270,2044,40,12564,12243,1292,12734,21380,35,1,1
8636,5451,1873,40,12454,12133,1543,12614,21531,33,1,1
8637,6031,4449,40,13365,12814,4148,13545,28223,65,1,1
8638,4088,591,40,11572,11402,1684,11722,18125,13,1,1
8639,5781,1593,40,17884,17603,2344,18044,27802,28,1,1
8640,7144,3436,40,18806,18354,1353,18986,30969,51,1,1
8641,4057,551,40,7514,7354,992,7665,13315,12,1,1
8642,6702,5801,41,13926,13275,2204,14127,28864,80,1,1
8643,6542,5130,40,16421,15830,2816,16621,31149,72,1,1
8644,4028,551,40,11672,11492,1663,11822,18104,13,1,1
8645,6442,5140,40,18576,17984,1472,18786,31870,73,1,1
8646,7033,3286,40,19658,19217,9047,19828,39244,51,1,1
8647,5010,3617,40,19798,19327,7173,19978,35828,56,1,1
8648,3336,1392,40,14116,13866,2695,14277,21741,24,1,1
8649,6332,5110,40,17323,16712,2484,17523,31489,74,1,1
8650,6503,4398,40,16121,15570,3176,16311,30418,67,1,1
8651,6863,5651,40,17623,16982,3246,17834,33634,80,1,1
8652,5951,2975,40,19598,19166,10680,19778,39435,49,1,1
8653,2134,701,41,17984,17813,10450,18135,31480,14,1,1
8654,2735,1103,40,10540,10309,2054,10690,16632,21,1,1
8655,5140,3336,40,10520,10090,1644,10710,20860,51,1,1
8656,6672,5090,40,17714,17103,2004,17914,31720,75,1,1
8657,6212,4698,40,15850,15289,3497,16040,30498,68,1,1
8658,5360,4248,40,17062,16531,3717,17243,30608,63,1,1
8659,5200,2234,40,19096,18776,18355,19266,45095,34,1,1
8660,16422,21360,41,24756,23003,16731,25068,79611,231,1,2
8661,10660,11211,40,18775,17703,1092,19026,42029,140,1,1
8662,6432,5260,41,16751,16120,1874,16942,30558,76,1,1
8663,6522,5160,40,16732,16141,2585,16932,31249,72,1,1
8664,6763,5841,40,17604,16932,2504,17804,32962,82,1,1
8665,5601,2364,40,18856,18505,18475,19016,45506,37,1,1
8666,12093,12934,40,22343,21109,15800,22593,63470,157,1,2
8667,5871,4959,40,14697,14126,1022,14889,26801,70,1,1
8668,5300,3006,40,10009,9588,1273,10179,19798,47,1,1
8669,6252,4709,40,16231,15670,1633,16421,29055,67,1,1
8670,6122,3887,41,16561,16050,2976,16742,29767,60,1,1
8671,7745,6412,40,16973,16271,2214,17183,33584,88,1,1
8672,6031,1993,41,18996,18675,18745,19157,45977,33,1,1
8673,9669,9879,40,21320,20308,14718,21550,55866,126,1,2
8674,4468,2325,40,11792,11442,1422,11963,20218,39,1,1
8675,3997,581,40,8026,7854,1543,8166,14327,12,1,1
8676,5811,4619,40,13626,13105,2315,13816,26611,64,1,1
8677,6632,4659,40,15289,14728,2876,15479,29696,69,1,1
8678,6823,5490,40,19066,18435,1933,19267,33573,78,1,1
8679,5991,1854,40,18264,17984,19356,18435,45686,30,1,1
8680,2455,461,40,17904,17754,12173,18054,33173,10,1,1
8681,4539,2625,40,12354,11973,1262,12534,21000,42,1,1
8682,6432,4929,40,12644,12053,2585,12834,26831,71,1,1
8683,6332,5069,40,18344,17723,3346,18536,33333,75,1,1
8684,7504,5070,40,18485,17884,2445,18675,33744,73,1,1
8685,5701,1853,40,18675,18375,14698,18846,41128,31,1,1
8686,7053,3427,40,19437,19006,6773,19617,36920,50,1,1
8687,3176,882,40,10240,10029,2505,10390,16993,18,1,1
8688,4689,2235,40,7855,7514,1022,8015,16011,37,1,1
8689,6953,5520,40,13275,12644,1532,13476,27532,78,1,1
8690,5891,4349,40,17443,16922,1844,17633,29767,62,1,1
8691,6793,5440,40,18675,18054,2575,18876,33734,76,1,1
8692,7163,3006,30,19187,18776,10279,19357,39835,45,1,1
8693,2204,952,40,17823,17633,6011,17984,27201,17,1,1
8694,4619,1924,40,10219,9899,1884,10379,18836,32,1,1
8695,6553,4017,40,10710,10209,1323,10891,22824,58,1,1
8696,3868,841,40,6923,6712,1022,7074,12855,17,1,1
8697,6262,4990,40,17343,16752,3827,17533,32652,72,1,1
8698,7775,5270,40,20839,20228,2014,21049,36148,75,1,1
8699,5530,2215,40,18735,18405,8296,18915,34996,36,1,1
8700,6632,4178,40,19437,18936,4619,19617,35096,59,1,1
8701,4408,2705,41,20769,20368,1463,20940,29566,43,1,1
8702,6062,3416,41,9538,9097,1042,9729,20299,51,1,1
8703,6712,4949,40,18906,18335,4599,19106,35407,70,1,1
8704,6833,6032,40,15459,14788,5130,15659,33714,83,1,1
8705,4188,1012,40,12013,11782,1613,12163,19016,21,1,1
8706,5661,1914,40,18315,18004,5631,18485,31751,33,1,1
8707,5761,2655,40,18215,17823,2795,18385,29626,42,1,1
8708,3767,812,40,8095,7905,1202,8256,14077,17,1,1
8709,5410,3407,40,13145,12684,1823,13325,24015,53,1,1
8710,4589,1252,40,20970,20689,1974,21120,28975,22,1,2
8711,7635,7424,40,14989,14207,2004,15199,32322,99,1,1
8712,5070,3537,40,17042,16602,2004,17232,27883,52,1,1
8713,5871,1353,40,17894,17653,1593,18054,26921,24,1,1
8714,6352,3797,41,20238,19747,6362,20419,36960,57,1,1
8715,2876,761,40,24186,23995,15319,24326,43332,15,1,1
8716,3286,2195,40,11702,11391,11752,11872,29155,34,1,1
8717,1804,791,41,8776,8596,7294,8927,18866,14,1,1
8718,3928,2374,40,11733,11382,6722,11903,24987,39,1,1
8719,3907,1673,40,15129,14848,4900,15299,25819,29,1,1
8720,2535,1502,40,14948,14688,601,15108,19797,26,1,1
8721,16210,22353,40,24937,23064,11141,25258,75002,245,1,2
8722,1893,681,40,17743,17573,12203,17894,32721,13,1,1
8723,2775,1252,40,13896,13656,2645,14057,20779,23,1,1
8724,5872,4448,40,16251,15700,2485,16441,29296,65,1,1
8725,6022,4629,40,15720,15149,3967,15900,30578,68,1,1
8726,7104,4498,40,16972,16421,4438,17173,33253,67,1,1
8727,2053,490,40,17954,17813,15750,18105,36449,10,1,1
8728,8897,9899,40,21611,20609,16942,21841,57629,124,1,2
8729,4118,1783,40,11502,11202,2225,11662,19828,31,1,1
8730,6612,3848,40,10620,10129,1222,10800,22532,59,1,1
8731,6181,4359,40,16150,15600,1793,16331,28714,65,1,1
8732,7204,4038,40,15710,15209,2905,15890,30097,60,1,1
8733,7724,5080,40,16622,16021,3366,16822,33032,73,1,1
8734,4278,1623,40,19156,18876,17634,19317,42912,28,1,1
8735,7785,4769,40,19517,18906,13897,19707,46188,67,1,2
8736,5791,4699,41,15509,14948,1252,15710,27482,67,1,1
8737,6372,5140,40,16762,16141,2425,16952,30949,74,1,1
8738,6393,4348,40,15790,15259,3517,15980,30278,64,1,1
8739,5480,4448,40,16381,15830,2765,16572,29315,66,1,1
8740,6212,2525,40,19908,19547,19257,20088,48122,41,1,1
8741,8947,8666,40,21410,20518,14478,21631,53772,110,1,2
8742,4879,3216,40,15179,14738,1372,15359,24877,50,1,1
8743,6122,4368,40,14046,13485,2756,14237,27533,67,1,1
8744,7244,4077,40,23264,22723,1974,23455,36800,60,1,2
8745,6903,5661,40,16281,15630,1864,16481,30949,81,1,1
8746,6192,2564,40,19406,19036,13094,19578,41468,40,1,1
8747,2746,1513,40,18705,18435,13796,18865,36970,26,1,1
8748,6132,5320,40,13856,13235,991,14057,26550,77,1,1
8749,6152,4549,40,12874,12333,2385,13064,26200,65,1,1
8750,7785,6332,40,20549,19838,3136,20749,38062,87,1,1
8751,6402,5591,40,19948,19297,2014,20138,34195,80,1,1
8752,5581,2184,40,19667,19327,17874,19827,45526,36,1,1
8753,2716,1212,40,18115,17884,11201,18275,33454,22,1,1
8754,6703,6332,40,13235,12554,1012,13445,27532,85,1,1
8755,6162,4208,40,12334,11813,1994,12514,24938,61,1,1
8756,6362,4688,40,17964,17373,3557,18155,32813,70,1,1
8757,8756,5250,40,19557,18926,2154,19748,35948,77,1,1
8758,6493,2184,40,19046,18715,16281,19216,44204,36,1,1
8759,4879,2444,40,18885,18515,9648,19067,36078,40,1,1
8760,3787,1803,41,10449,10149,1954,10620,18204,31,1,1
8761,3727,1192,40,7414,7183,1122,7575,13646,22,1,1
8762,5480,4188,40,13015,12494,2084,13205,25007,63,1,1
8763,6232,4819,40,17853,17282,3586,18055,32732,70,1,1
8764,6382,5280,40,20288,19657,3817,20479,36008,76,1,1
8765,5941,2715,40,18886,18516,10570,19066,38332,42,1,1
8766,2214,952,40,18085,17874,5570,18235,27021,18,1,1
8767,3366,802,40,9127,8937,2725,9268,16221,16,1,1
8768,6512,3447,40,9648,9197,1012,9828,20859,54,1,1
8769,4228,1613,41,15258,14958,1603,15430,22924,28,1,2
8770,7775,5380,40,14166,13565,1543,14348,29106,74,1,1
8771,6953,5741,40,19487,18836,4659,19697,37090,81,1,1
8772,6082,2054,40,18595,18275,4459,18765,31390,34,1,1
8773,6392,2285,40,18465,18134,2595,18625,29957,34,1,1
8774,5190,2825,40,9048,8637,1082,9218,18365,45,1,1
8775,4238,992,40,8466,8256,1783,8616,15679,19,1,1
8776,6442,5039,40,14567,13966,4108,14758,30387,72,1,1
8777,4068,661,40,11903,11712,1673,12053,18495,14,1,1
8778,6152,5019,40,15330,14748,5380,15520,32131,71,1,1
8779,5941,1533,40,30879,30579,1683,31039,40256,27,1,2
8780,4238,601,40,17573,17393,3918,17713,26510,14,1,1
8781,3596,682,40,7945,7765,1052,8095,13465,15,1,1
8782,6552,5440,40,14337,13706,3797,14528,30377,77,1,1
8783,6913,5931,41,18024,17353,2244,18225,33373,82,1,1
8784,7003,3176,40,16501,16080,2495,16682,29406,49,1,1
8785,6662,5881,40,18294,17633,3036,18495,34114,82,1,1
8786,5390,2375,40,19026,18676,9388,19206,36389,38,1,1
8787,5180,3306,40,20139,19687,7093,20319,35938,52,1,1
8788,4819,2235,40,14637,14297,2104,14808,24026,37,1,1
8789,6983,5230,40,16792,16171,2224,16982,31479,75,1,1
8790,6072,3958,40,16090,15589,3307,16290,29667,61,1,1
8791,6192,4298,40,17123,16582,4128,17303,31981,64,1,1
8792,6362,2194,40,19076,18746,15961,19246,43813,35,1,1
8793,2444,842,40,18185,17974,13656,18325,35317,17,1,1
8794,5731,4809,40,16000,15419,1212,16191,28003,70,1,1
8795,5961,4489,40,16672,16131,2254,16862,29616,66,1,1
8796,6663,4328,40,16301,15750,3467,16491,30999,66,1,1
8797,5972,4528,40,17624,17073,3306,17814,31650,66,1,1
8798,5761,2675,40,19347,18966,19166,19517,47159,40,1,1
8799,6412,5531,40,19768,19097,15649,19968,47610,78,1,2
8800,5550,4338,40,15709,15158,1192,15901,27041,66,1,1
8801,6623,5039,40,16180,15579,2124,16371,30188,72,1,1
8802,6302,4288,40,15699,15168,3336,15881,29867,63,1,1
8803,5561,4508,40,16692,16130,2745,16882,29746,68,1,1
8804,5531,2064,40,18866,18535,20018,19026,46689,34,1,1
8805,11802,13045,40,22683,21471,15059,22923,62889,153,1,2
8806,4128,1724,40,12363,12073,2004,12533,20439,31,1,1
8807,5371,2655,40,9237,8857,1242,9408,18736,42,1,1
8808,6101,4970,40,15850,15259,2134,16040,29285,70,1,1
8809,6162,4639,40,15660,15099,2885,15850,29586,67,1,1
8810,6903,4889,40,15830,15249,2906,16030,30778,72,1,1
8811,6202,2595,40,19988,19597,19317,20158,48302,42,1,1
8812,6352,4088,41,19827,19316,15960,20008,46448,60,1,1
8813,1032,230,40,9819,9699,571,9959,11822,5,1,1
8814,11502,10260,40,22903,21891,1092,23134,46048,126,1,2
8815,7304,5991,40,15800,15129,2966,16000,32311,82,1,1
8816,7754,6142,40,19387,18686,1834,19587,35357,86,1,1
8817,6302,1402,40,18115,17863,17483,18275,43492,24,1,1
8818,2525,902,40,17984,17774,12083,18134,33694,18,1,1
8819,13044,7454,40,11151,10389,18275,11362,50185,95,1,1
8820,3517,1693,40,7945,7675,9638,8105,23004,28,1,1
8821,16090,21020,41,6231,4528,19496,6542,63199,228,1,1
8822,4879,2825,41,17132,16692,16812,17303,41869,47,1,2
8823,3206,2144,40,20720,20358,11852,20880,38132,34,1,2
8824,3597,2485,40,16652,16301,2194,16832,25158,40,1,1
8825,6152,3166,40,19928,19527,18034,20108,47500,46,1,1
8826,2505,942,40,17994,17794,10800,18154,32451,18,1,1
8827,4809,3748,40,12133,11652,1062,12313,21982,55,1,1
8828,6413,4658,40,11932,11391,1823,12122,25078,66,1,1
8829,6392,3116,40,25639,25178,1543,25819,36920,48,1,2
8830,6572,4970,40,18706,18104,2194,18896,32692,73,1,1
8831,5691,2705,40,19517,19136,15740,19687,43873,42,1,1
8832,6132,3476,40,19236,18775,8166,19417,37241,54,1,1
8833,5270,1853,40,10360,10060,1824,10520,19517,31,1,1
8834,6251,4197,40,11261,10760,1373,11452,23314,59,1,1
8835,6202,3507,40,12754,12274,1664,12944,24357,56,1,1
8836,6793,4939,40,14658,14087,1413,14848,28043,69,1,1
8837,7053,5911,40,20629,19968,2835,20829,36689,82,1,1
8838,6532,2074,40,18726,18394,9157,18896,36699,35,1,1
8839,5160,2786,40,18685,18295,4910,18875,31771,45,1,1
8840,3637,1322,40,8557,8295,1513,8717,15229,25,1,1
8841,4138,541,40,5510,5340,1042,5661,11432,13,1,1
8842,3456,1122,40,8646,8406,1102,8797,14517,21,1,1
8843,6502,5581,40,14016,13365,3757,14206,30107,79,1,1
8844,6092,2975,41,13435,13024,1794,13606,24517,46,1,1
8845,5961,3877,40,13926,13425,5060,14107,29065,59,1,1
8846,4549,1082,40,11953,11722,1633,12113,19427,22,1,1
8847,17032,8737,40,20649,19808,1112,20859,47790,105,1,1
8848,5881,942,40,17713,17513,1663,17873,26400,18,1,1
8849,3768,370,41,7884,7734,1512,8026,13736,9,1,1
8850,4569,2965,40,9018,8606,1753,9188,18515,46,1,1
8851,7063,5060,40,11442,10841,1092,11642,24907,73,1,1
8852,4358,1893,40,23384,23053,1703,23555,31539,31,1,2
8853,7194,5761,40,11983,11332,2605,12183,27793,80,1,1
8854,2174,1322,40,15369,15118,611,15520,19677,23,1,1
8855,10250,6332,40,20098,19376,5991,20298,42911,86,1,2
8856,5941,3337,40,19467,19036,6061,19637,35036,48,1,1
8857,4188,2304,40,13816,13465,1823,13986,22352,38,1,1
8858,5460,2906,40,12544,12143,1242,12724,22382,46,1,1
8859,3016,2084,40,12704,12384,652,12884,18676,34,1,1
8860,12374,14106,40,14577,13285,1452,14839,42821,169,1,1
8861,3196,1973,40,15870,15569,4258,16030,25518,32,1,1
8862,5580,4619,40,17924,17373,3958,18114,32331,67,1,1
8863,4860,1813,40,18405,18085,10210,18565,35478,32,1,1
8864,1953,702,40,18014,17844,10620,18164,31499,14,1,1
8865,6933,6923,40,16932,16191,1062,17152,32110,94,1,1
8866,6653,5541,40,17263,16621,2434,17463,32131,78,1,1
8867,6513,4128,40,15920,15399,3437,16110,30238,63,1,1
8868,5150,4028,40,17503,16992,3877,17683,30798,60,1,1
8869,4889,1513,40,18104,17834,15810,18264,40516,26,1,1
8870,2375,721,40,17844,17664,16251,17984,37391,14,1,1
8871,822,100,40,7675,7585,571,7815,9358,1,1,1
8872,12404,13085,40,16451,15219,1112,16701,43342,160,1,1
8873,6582,5290,40,17102,16491,2074,17303,31309,76,1,1
8874,6232,4519,40,16341,15780,3046,16541,30368,67,1,1
8875,6963,6272,40,17934,17253,2555,18144,33984,86,1,1
8876,6502,2726,40,19196,18836,19417,19366,48061,39,1,1
8877,3727,2575,40,18686,18304,15439,18856,40637,38,1,2
8878,11432,11401,41,15739,14667,971,15980,39835,138,1,1
8879,5631,3216,40,9578,9158,1192,9748,19848,47,1,1
8880,6682,5250,40,13446,12824,1182,13636,26810,76,1,1
8881,4188,1543,40,8817,8546,1443,8977,16191,26,1,1
8882,7013,5561,40,15980,15349,2685,16181,31490,78,1,1
8883,6332,5230,40,16592,15991,2655,16782,31059,73,1,1
8884,5721,2134,40,18886,18575,18185,19056,45126,33,1,1
8885,11812,11742,40,22132,20460,15189,22382,61166,143,1,2
8886,2675,802,40,9799,9609,2194,9949,15660,16,1,1
8887,5721,3687,40,9378,8897,1082,9558,20098,56,1,1
8888,3798,1362,40,8416,8156,1594,8576,15390,26,1,1
8889,6091,4920,40,13997,13416,2545,14187,27803,71,1,1
8890,7243,4649,40,15319,14758,3116,15510,30578,68,1,1
8891,5952,4338,40,18565,18044,3367,18765,32462,63,1,1
8892,5269,1883,40,19257,18936,18064,19417,44684,32,1,1
8893,3667,2124,40,18325,17955,11482,18485,35808,35,1,2
8894,5411,4338,40,13065,12514,1012,13245,24066,66,1,1
8895,6081,4258,40,13205,12694,2705,13395,26490,62,1,1
8896,6032,5210,40,18275,17674,2234,18465,31991,73,1,1
8897,6763,5410,40,19186,18555,2405,19387,34015,77,1,1
8898,5350,1874,40,18956,18645,15629,19126,42029,32,1,1
8899,2885,1603,40,18665,18395,10159,18826,33533,28,1,1
8900,1182,150,40,7635,7534,571,7775,9718,3,1,1
8901,11582,11221,40,11192,10119,1042,11432,35317,138,1,1
8902,6002,4729,40,11993,11422,2294,12183,25248,68,1,1
8903,6352,4879,40,18265,17674,3747,18455,33493,72,1,1
8904,6712,5310,40,19236,18625,1924,19447,33433,76,1,1
8905,6042,1853,40,18325,18014,15079,18485,41509,32,1,1
8906,2665,1242,40,18074,17824,9038,18224,31230,23,1,1
8907,3156,762,40,8145,7955,1713,8306,13987,16,1,1
8908,5300,2946,40,7013,6623,1021,7194,16501,44,1,1
8909,3216,221,40,14287,14137,1293,14427,19197,5,1,2
8910,7294,5391,40,7805,7183,1653,7995,22383,76,1,1
8911,3356,2155,40,12073,11742,3537,12243,21331,36,1,1
8912,3848,1563,40,12193,11912,1984,12353,19788,27,1,1
8913,6713,5781,40,20489,19828,1853,20679,35086,81,1,1
8914,17103,9077,40,21140,20269,7113,21360,54714,111,1,1
8915,6923,2785,40,22543,22152,6041,22713,38502,42,1,1
8916,4379,1793,40,11743,11442,1462,11903,19587,30,1,1
8917,6703,3677,40,9568,9108,1253,9758,21441,55,1,1
8918,6312,4639,40,18806,18235,3647,18996,33654,69,1,1
8919,6833,5129,40,20258,19667,5330,20459,37791,73,1,1
8920,5951,2204,40,18375,18055,4940,18555,31690,35,1,1
8921,6663,2164,40,18085,17743,2515,18255,29637,35,1,1
8922,4839,410,41,8065,7925,1262,8216,14778,8,1,1
8923,4669,351,40,7815,7665,1032,7955,14057,8,1,1
8924,6452,5159,41,13635,13014,4047,13827,29546,75,1,1
8925,4318,471,40,11853,11693,1763,11993,18585,11,1,1
8926,6292,4188,41,13826,13325,5170,14017,29717,60,1,1
8927,5390,1804,40,29566,29216,2745,29726,39715,32,1,2
8928,5170,2555,40,19618,19247,8977,19798,36550,42,1,1
8929,3237,310,40,7795,7665,1153,7945,12705,8,1,1
8930,6822,5441,40,14207,13586,1954,14407,28674,76,1,1
8931,6713,5681,40,18285,17624,2054,18485,32983,81,1,1
8932,6151,4369,40,16742,16201,3396,16932,30898,65,1,1
8933,5811,4157,40,17092,16551,3988,17273,31279,63,1,1
8934,16702,16581,40,25137,23745,13035,25408,71776,183,1,1
8935,8616,6202,40,20710,19998,6081,20920,41859,88,1,1
8936,16412,10059,40,23434,22493,9457,23654,59643,119,1,1
8937,3788,2645,40,11261,10901,3397,11431,21311,39,1,1
8938,4549,2514,40,9528,9177,11502,9699,28304,39,1,1
8939,15088,20489,40,19898,18174,11843,20198,67668,229,1,1
8940,7434,6101,41,18475,17783,5801,18686,38062,86,1,1
8941,2054,802,40,15229,15019,661,15379,18946,17,1,1
8942,16842,21871,40,24226,22353,17733,24547,81033,244,1,2
8943,2385,972,40,18345,18144,16301,18505,38193,17,1,1
8944,5110,2865,40,14026,13626,1824,14207,24056,46,1,1
8945,6683,4559,40,16441,15870,3146,16631,31069,68,1,1
8946,6072,4629,40,16211,15650,3316,16401,30478,68,1,1
8947,6813,5420,40,18004,17383,3056,18205,33524,76,1,1
8948,4168,1864,40,20228,19928,18264,20389,44745,31,1,1
8949,15650,20499,40,24336,22592,17363,24636,78188,227,1,2
8950,4037,2124,40,11782,11471,1753,11963,19917,34,1,1
8951,4208,1854,40,9468,9167,1382,9638,17132,32,1,1
8952,6002,4358,40,16391,15861,2094,16592,29096,64,1,1
8953,5991,4318,40,15690,15149,3457,15880,29696,65,1,1
8954,5851,4609,40,16431,15860,2425,16621,29556,68,1,1
8955,5921,2265,40,19327,18996,18785,19507,46518,35,1,1
8956,16682,19357,40,24256,22643,13586,24546,74211,209,1,2
8957,6042,5670,40,13125,12473,1012,13316,26090,79,1,1
8958,4058,410,40,8265,8135,1533,8416,14467,9,1,1
8959,6192,5230,40,13255,12644,1383,13455,26310,74,1,1
8960,3737,711,40,8106,7925,1442,8256,14186,15,1,1
8961,5901,4318,40,15579,15048,3417,15770,29456,62,1,1
8962,5671,4799,40,16291,15710,2555,16481,29566,70,1,1
8963,5931,2214,40,19207,18896,18825,19367,46387,32,1,1
8964,9367,9809,40,21080,20058,14608,21310,55144,126,1,2
8965,751,110,40,8446,8346,852,8586,10339,1,1,1
8966,12253,12023,40,12193,11051,1303,12443,38062,148,1,1
8967,6432,5411,40,13756,13145,2314,13956,28163,76,1,1
8968,4659,1272,40,15329,15089,1663,15480,23134,23,1,1
8969,6372,5070,40,19788,19187,1463,19988,32933,73,1,1
8970,5450,1683,40,19166,18885,16842,19337,43352,29,1,1
8971,2705,1072,40,17974,17744,12264,18124,34225,20,1,1
8972,5441,4438,40,12494,11933,1182,12684,23805,68,1,1
8973,6312,4639,40,12995,12434,2355,13185,26541,67,1,1
8974,6643,4678,40,17994,17433,4298,18184,33854,68,1,1
8975,6532,5280,40,20349,19728,2405,20549,34816,76,1,1
8976,6793,2434,30,19417,19077,14828,19587,43692,36,1,1
8977,5511,2915,40,19447,19046,12744,19617,40837,44,1,1
8978,5541,4679,40,12704,12143,1032,12884,24176,66,1,1
8979,7344,5841,40,12143,11472,1493,12353,27061,83,1,1
8980,6372,3797,40,23715,23163,1653,23896,35778,61,1,2
8981,6812,5230,40,18154,17523,1363,18355,31810,77,1,1
8982,5510,2125,40,19096,18785,10079,19256,37030,32,1,1
8983,2304,681,41,17984,17803,5751,18135,26921,15,1,1
8984,4599,1152,40,10009,9769,1724,10159,17674,22,1,1
8985,6462,3737,40,11872,11401,1363,12053,23675,55,1,1
8986,6633,5921,40,19718,19046,3396,19918,35918,82,1,1
8987,6602,5270,41,20228,19597,1974,20429,34325,77,1,1
8988,6052,1563,40,18114,17854,8295,18275,34225,26,1,1
8989,6563,4017,40,18976,18475,4288,19167,34075,59,1,1
8990,3767,922,40,8616,8406,2555,8776,16060,19,1,1
8991,2695,891,40,7945,7734,1433,8106,13165,18,1,1
8992,4168,571,40,5591,5420,1433,5731,11953,12,1,1
8993,4459,4959,40,18345,17864,2585,18525,30578,56,1,1
8994,6282,5290,40,19717,19106,3767,19918,35297,75,1,1
8995,4960,651,40,17894,17714,2806,18034,26511,15,1,1
8996,6423,2024,40,18034,17693,2054,18194,28755,35,1,1
8997,4478,1082,40,8336,8116,1062,8496,15158,20,1,1
8998,7364,7224,40,14057,13305,1523,14277,30428,96,1,1
8999,6593,5180,40,29376,28735,2875,29566,44274,73,1,2
9000,5641,4098,40,16872,16371,1783,17052,28634,59,1,1
9001,5560,1453,40,18515,18245,10279,18675,36028,27,1,1
9002,4528,2856,40,19978,19577,8336,20148,35908,44,1,1
9003,4569,2414,40,12373,11992,1994,12554,21571,41,1,1
9004,6042,3907,40,10861,10350,1342,11041,22382,59,1,1
9005,6372,4188,40,12213,11692,1663,12393,24666,62,1,1
9006,7735,5290,40,11682,11061,1683,11872,26630,75,1,1
9007,6762,5451,40,17834,17213,3577,18044,33874,78,1,1
9008,5731,4749,40,17323,16762,3727,17513,31780,69,1,1
9009,5110,1503,40,18635,18375,9318,18795,34776,26,1,1
9010,6462,4329,40,19847,19317,10189,20048,41058,65,1,1
9011,3286,1613,40,14979,14708,2344,15139,22442,28,1,1
9012,6572,5521,40,16882,16241,1964,17082,31189,79,1,1
9013,6412,4258,40,15880,15339,4208,16061,30999,64,1,1
9014,5190,3797,40,16762,16271,3406,16942,29386,58,1,1
9015,6643,2224,40,19087,18756,19376,19257,47540,35,1,1
9016,11532,11962,40,22402,21250,17293,22663,63500,146,1,2
9017,5931,4749,40,16191,15610,1222,16381,28333,70,1,1
9018,6382,4920,40,16441,15850,2475,16631,30458,71,1,1
9019,7364,4308,40,15600,15069,3206,15780,30698,62,1,1
9020,5660,3767,40,15920,15429,3647,16101,29225,57,1,1
9021,5951,2014,40,19116,18816,16181,19276,43482,32,1,1
9022,2505,891,41,18044,17843,14036,18195,35667,17,1,1
9023,6583,6312,40,15960,15259,1132,16170,30248,87,1,1
9024,6282,5100,40,16591,16000,2856,16791,31079,72,1,1
9025,6553,4699,40,16030,15459,3487,16210,31009,68,1,1
9026,5851,4548,40,16892,16321,2264,17083,29776,68,1,1
9027,6562,2796,40,19497,19116,19326,19677,48401,43,1,1
9028,6602,3878,40,19397,18896,13155,19577,43272,58,1,1
9029,4208,2164,41,11331,11010,1222,11502,19146,34,1,1
9030,3957,1262,40,8516,8266,1413,8676,15359,25,1,1
9031,6091,4559,40,14037,13466,2585,14227,27492,67,1,1
9032,6542,5160,40,15830,15228,2544,16021,30317,73,1,1
9033,7114,5580,40,20258,19627,1713,20459,34916,79,1,1
9034,5871,2224,40,19066,18726,18315,19226,45687,35,1,1
9035,2615,1192,40,18235,17994,12173,18395,34425,23,1,1
9036,3236,1002,40,10410,10199,2024,10570,16892,19,1,1
9037,6793,5169,40,13435,12824,2044,13646,27692,75,1,1
9038,6172,4739,40,18255,17664,3477,18445,32883,71,1,1
9039,6893,5310,40,19517,18906,2154,19717,34124,76,1,1
9040,6442,2826,40,19747,19367,14598,19917,43843,42,1,1
9041,2976,701,40,18175,17994,9929,18315,31981,14,1,1
9042,2083,410,40,8446,8315,8876,8597,20007,8,1,1
9043,17153,20649,40,13656,11952,22253,13956,74061,226,1,1
9044,6372,3146,40,19788,19376,13135,19958,42661,42,1,2
9045,3997,1182,40,7133,6903,7784,7284,20288,20,1,1
9046,6733,4699,40,13946,13395,1443,14136,27071,66,1,1
9047,6533,5280,40,18235,17623,2524,18435,32822,76,1,1
9048,6312,2955,40,19287,18885,13846,19467,42620,44,1,1
9049,16732,17453,40,23595,22162,6462,23875,64562,189,1,1
9050,4188,1503,40,10079,9809,2084,10229,18054,26,1,1
9051,6622,4379,40,17152,16581,1443,17332,29816,62,1,2
9052,6402,4609,40,17874,17303,3296,18064,32421,68,1,1
9053,7103,5691,40,20289,19647,3376,20489,36719,79,1,1
9054,5641,1743,40,18626,18334,8306,18786,34516,29,1,1
9055,6493,3797,40,19187,18736,4258,19367,33975,53,1,1
9056,3446,591,41,9207,9037,1934,9358,15379,13,1,1
9057,6051,3477,40,9738,9278,1132,9929,20629,53,1,1
9058,6322,4759,40,13997,13436,2344,14187,27652,68,1,1
9059,7344,3918,40,13415,12934,1513,13595,26420,56,1,1
9060,8707,5540,40,20660,20017,5540,20860,40707,79,1,1
9061,6031,2285,40,18395,18064,5951,18565,32892,36,1,1
9062,6583,1923,41,18254,17944,2395,18415,29376,32,1,1
9063,3837,280,40,7584,7454,1022,7725,12904,6,1,1
9064,4468,1573,40,18224,17904,1493,18375,25959,28,1,2
9065,4338,692,40,11812,11632,1653,11962,18696,15,1,1
9066,6102,4689,40,14578,14027,5009,14758,30618,66,1,1
9067,1744,330,41,12613,12473,3176,12745,18055,7,1,1
9068,5570,420,41,17382,17232,1803,17534,25378,10,1,1
9069,16421,19648,40,26069,24466,5410,26370,67899,214,1,1
9070,4138,2174,40,14347,14017,2495,14517,23384,36,1,1
9071,6592,6151,40,16482,15890,2264,16682,31730,73,1,1
9072,6682,5020,40,17002,16421,3446,17203,32401,72,1,1
9073,5892,4558,41,18214,17663,3717,18405,32632,66,1,1
9074,5230,2124,40,19667,19347,9659,19847,36900,36,1,1
9075,6302,3367,40,18926,18495,8797,19106,37612,49,1,1
9076,2986,1212,40,13095,12855,2455,13255,19948,23,1,1
9077,6793,4829,40,12814,12243,1042,13005,25709,67,1,1
9078,2905,1994,40,12063,11743,2575,12223,19757,33,1,1
9079,6843,5531,40,12023,11392,1362,12213,26009,77,1,1
9080,6172,4769,40,17163,16582,3897,17353,32231,70,1,1
9081,2896,1452,41,15789,15529,691,15931,21030,24,1,1
9082,17162,21842,40,24346,22503,15259,24656,78969,243,1,2
9083,2435,701,40,18265,18084,14107,18415,35708,15,1,1
9084,5090,3236,40,11843,11411,1643,12013,22032,48,1,1
9085,6582,4499,40,10400,9859,1092,10590,22803,65,1,1
9086,6061,4539,40,15660,15119,1793,15850,28283,65,1,1
9087,6643,4548,40,16381,15830,2925,16572,30728,66,1,1
9088,6403,4709,40,17032,16441,3276,17222,31650,71,1,1
9089,15159,10470,40,23825,22833,17674,24065,67418,128,1,1
9090,1453,270,41,17743,17623,15029,17884,34686,6,1,1
9091,15870,22383,40,6873,5020,3477,7203,48973,249,1,1
9092,5340,3997,41,15799,15299,1312,15981,26670,58,1,1
9093,5951,4438,40,17473,16942,3316,17674,31419,64,1,1
9094,6933,5541,30,16872,16231,2916,17072,32512,78,1,1
9095,7334,5911,41,17483,16801,1913,17684,32892,84,1,1
9096,6242,2394,40,19557,19226,20980,19737,49394,37,1,1
9097,5170,2875,41,19557,19156,14577,19738,42410,46,1,1
9098,9388,8857,40,17143,16261,1022,17363,36680,112,1,1
9099,7094,5500,40,13476,12834,2515,13666,28825,77,1,1
9100,4549,1323,40,22342,22061,1964,22492,30388,24,1,2
9101,8526,5902,40,16231,15570,1493,16431,32382,81,1,1
9102,5981,2535,40,19397,19036,16852,19567,44975,40,1,1
9103,2394,1443,40,18335,18085,12905,18495,35297,25,1,1
9104,6432,4910,40,12874,12283,982,13064,25428,71,1,1
9105,6432,4669,40,13025,12454,2465,13215,26841,69,1,1
9106,6302,3837,41,17483,16972,1943,17664,29786,59,1,1
9107,6151,5200,41,19236,18645,1743,19427,32571,73,1,1
9108,6482,2906,40,19507,19106,17112,19687,46237,45,1,1
9109,3016,1333,40,18395,18154,11892,18555,34846,24,1,1
9110,4318,2505,40,11312,10940,1823,11482,20168,40,1,1
9111,6432,5110,40,12574,11993,2084,12774,26450,71,1,1
9112,6272,5069,40,17894,17293,4558,18094,34034,73,1,1
9113,6673,5390,40,18756,18135,2004,18956,33073,76,1,1
9114,5781,2435,40,18806,18445,15790,18986,43032,40,1,1
9115,2595,731,40,17834,17664,9338,17984,30698,14,1,1
9116,3557,1442,40,10319,10049,2134,10470,17663,26,1,1
9117,4319,1212,40,7414,7174,1052,7574,14207,24,1,1
9118,7194,5340,40,12584,11952,1814,12784,27182,77,1,1
9119,6502,5621,40,17874,17233,2796,18074,33043,80,1,1
9120,6943,5240,40,23254,22643,2935,23445,38613,74,1,1
9121,5952,2274,40,19277,18936,11562,19447,39285,36,1,1
9122,5059,2114,40,19186,18845,29706,19347,56266,35,1,1
9123,8306,4920,381,48542,47681,2474,49513,65444,26,1,1
9124,10399,8576,80,20940,19977,1413,21400,41879,54,1,1
9125,9648,9238,80,42270,41218,6001,42661,67648,62,1,1
9126,10099,9879,80,33384,32702,2474,33694,56216,67,1,1
9127,6332,3156,40,20178,19767,7535,20358,37411,45,1,1
9128,7986,4959,40,19467,18896,4108,19657,36750,66,1,1
9129,3817,1092,40,9428,9207,2154,9579,16672,19,1,1
9130,5039,2164,41,9287,8916,1152,9448,17843,36,1,1
9131,6011,4339,40,19236,18715,2966,19426,32782,63,1,1
9132,6573,5400,40,21281,20640,621,21471,34105,74,1,1
9133,17223,22502,40,6672,4869,3927,6994,50686,242,1,1
9134,4559,1422,40,18435,18184,2384,18596,26991,24,1,1
9135,5831,1603,40,18385,18115,3717,18545,29736,27,1,1
9136,4118,461,40,7795,7635,1292,7945,13866,11,1,1
9137,5641,4058,40,13786,13275,2335,13956,26050,59,1,1
9138,6833,5972,40,18305,17653,3376,18495,34726,80,1,1
9139,4769,1383,40,14257,14017,1603,14417,22202,24,1,1
9140,6632,5501,40,18515,17884,2225,18715,33133,78,1,1
9141,6903,4649,40,20178,19667,9478,20368,41438,62,1,1
9142,5540,3667,40,19667,19216,7414,19838,36519,51,1,1
9143,4609,2304,40,11813,11471,1773,11983,20709,37,1,1
9144,6813,6602,40,12695,12022,1422,12895,27772,83,1,1
9145,7354,6342,40,20559,19867,1352,20760,35858,85,1,1
9146,6963,5340,40,17282,16661,3116,17474,32933,75,1,1
9147,5590,4529,40,17594,17033,3286,17774,31239,67,1,1
9148,5711,1493,40,18405,18135,9408,18565,35217,27,1,1
9149,5470,3257,40,19116,18685,9799,19296,37872,50,1,1
9150,17193,11041,40,27773,26801,16120,28003,72407,123,1,1
9151,3517,1653,40,12203,11923,9518,12354,27092,27,1,1
9152,1974,611,40,8256,8085,8245,8406,19266,12,1,1
9153,16902,21842,40,18766,16973,20158,19086,78038,240,1,1
9154,5680,3718,40,16952,16481,4639,17132,31199,54,1,1
9155,2915,1884,40,15539,15249,612,15709,21160,31,1,1
9156,17022,20349,40,23976,22212,20379,24276,82066,227,1,2
9157,2504,692,40,18164,17994,16001,18314,37561,13,1,1
9158,14046,18325,41,5871,4268,3236,6162,41799,213,1,1
9159,4729,3397,40,15139,14688,1853,15309,25338,51,1,1
9160,6572,5050,30,16101,15490,2705,16281,30658,73,1,1
9161,7113,4940,40,16361,15800,2876,16551,31510,68,1,1
9162,7354,5661,40,16802,16161,2815,16992,32872,78,1,1
9163,5811,2245,40,19066,18736,18565,19226,45897,35,1,1
9164,8657,9097,40,21281,20349,15469,21501,54774,116,1,2
9165,6772,6132,40,14007,13326,1152,14207,28303,84,1,1
9166,5570,2585,40,9468,9108,1413,9638,19246,40,1,1
9167,6241,5010,40,15530,14959,1923,15720,28954,70,1,1
9168,6182,4228,40,15359,14848,2775,15539,28775,61,1,1
9169,6672,6291,40,16721,16140,1953,16923,31880,72,1,1
9170,6182,2404,41,19687,19346,19577,19858,48071,38,1,1
9171,7564,5050,40,20249,19648,13515,20439,46618,72,1,1
9172,4628,2985,40,12614,12214,1133,12784,21581,46,1,1
9173,4709,1733,40,18746,18435,1403,18906,26801,27,1,2
9174,5991,3567,40,14417,13957,3166,14587,27362,54,1,1
9175,5871,4819,40,18516,17944,2985,18696,32421,69,1,1
9176,5611,1864,40,18475,18174,13776,18645,39936,32,1,1
9177,1443,290,40,17804,17673,13225,17944,32932,6,1,1
9178,5050,4017,40,12684,12173,1012,12865,22994,61,1,1
9179,6462,4689,40,12664,12093,2224,12855,26280,69,1,1
9180,6252,4940,40,18214,17633,2174,18405,31821,72,1,1
9181,6713,5290,40,19427,18806,2545,19617,34215,77,1,1
9182,6222,2856,40,19777,19407,14226,19948,43312,42,1,1
9183,2575,962,40,18035,17833,7815,18185,29577,16,1,1
9184,4659,2494,40,10620,10249,1633,10801,19617,42,1,1
9185,6462,4649,40,11863,11332,1573,12053,24797,65,1,1
9186,6483,4578,40,17804,17242,2916,17994,32011,68,1,1
9187,6162,4739,40,18956,18375,1954,19146,32031,70,1,1
9188,5600,2144,41,19096,18785,15008,19257,42059,33,1,1
9189,6352,4028,40,19467,18956,8166,19647,38243,61,1,1
9190,4238,1913,40,10460,10149,2014,10620,18815,32,1,1
9191,6983,4689,40,10991,10470,1252,11171,24135,62,1,1
9192,5951,2725,40,17884,17493,1643,18054,28403,42,1,1
9193,6302,4879,41,19426,18855,1263,19607,32101,69,1,1
9194,5501,1262,40,18345,18074,7965,18495,33263,25,1,1
9195,6322,4559,40,19076,18596,4438,19256,34616,55,1,1
9196,5180,2244,40,8416,8076,1182,8576,17222,36,1,1
9197,4258,642,40,5510,5330,1032,5650,11632,13,1,1
9198,4168,1793,40,9468,9187,1262,9629,16882,28,1,1
9199,6813,5450,40,19287,18656,3226,19477,35016,78,1,1
9200,7124,6222,40,22012,21320,2885,22212,38503,86,1,1
9201,5841,2024,40,18385,18065,4950,18555,31420,35,1,1
9202,6994,2474,40,18154,17813,2605,18325,30448,38,1,1
9203,4148,551,40,8125,7955,1002,8276,14017,13,1,1
9204,5501,2975,40,9068,8646,1503,9238,19267,47,1,1
9205,4368,2164,41,10650,10319,1292,10821,18685,36,1,1
9206,3997,1183,40,19557,19307,1643,19707,26580,19,1,2
9207,7384,5741,40,14447,13816,2745,14648,30558,79,1,1
9208,7154,5180,40,35828,35187,1933,36018,50335,73,1,2
9209,7184,2925,40,19567,19166,8857,19747,38754,46,1,1
9210,3075,1173,40,10840,10600,2365,10990,17643,22,1,1
9211,6412,4669,40,11733,11162,1072,11923,24126,69,1,1
9212,6052,4548,41,13014,12463,1754,13205,25599,67,1,1
9213,6923,4799,40,10680,10089,1022,10861,23645,70,1,1
9214,6563,5109,41,17613,17012,3447,17814,32973,74,1,1
9215,5691,4008,40,17323,16822,4879,17513,32131,60,1,1
9216,13676,13325,40,24706,23514,8876,24958,60885,156,1,1
9217,4879,2585,41,19296,18885,12965,19467,39926,45,1,1
9218,7113,5831,40,16701,16050,1103,16892,30989,80,1,1
9219,6583,5009,40,16441,15840,2705,16642,30969,74,1,1
9220,7154,5901,40,16802,16131,3126,17002,33223,84,1,1
9221,5350,4058,40,16752,16220,4148,16922,30528,62,1,1
9222,5170,1904,40,19367,19056,17182,19527,43813,32,1,1
9223,2405,1022,40,18315,18094,14878,18475,36830,21,1,1
9224,3907,1523,40,11262,10980,1763,11422,18645,28,1,1
9225,6593,4288,40,10320,9779,1092,10500,22533,64,1,1
9226,7414,5992,40,15680,15008,1573,15890,30909,84,1,1
9227,8516,5962,40,16361,15700,2835,16551,33914,82,1,1
9228,6833,5791,40,17864,17213,2725,18064,33473,82,1,1
9229,5500,2435,40,19296,18946,19206,19467,46638,39,1,1
9230,7925,7745,40,20499,19678,17263,20709,53692,101,1,2
9231,4579,3046,40,12704,12273,1192,12874,21731,48,1,1
9232,4920,2575,40,9538,9167,1202,9708,18465,42,1,1
9233,5911,4569,40,13306,12745,1753,13496,25769,68,1,1
9234,5280,2896,40,9498,9087,1203,9668,19107,47,1,1
9235,7183,5801,41,16481,15820,3236,16682,32942,82,1,1
9236,5350,4479,40,16712,16181,3126,16902,29907,64,1,1
9237,5170,2515,40,20048,19697,19116,20208,47069,38,1,1
9238,10720,12654,41,22312,21099,15710,22563,61697,154,1,2
9239,5120,4248,40,12634,12093,1012,12824,23244,65,1,1
9240,3888,731,40,8096,7915,1423,8236,14328,15,1,1
9241,6082,4548,40,13185,12623,1903,13376,25939,68,1,1
9242,6632,3707,40,22773,22242,2004,22953,35347,57,1,2
9243,7104,6071,40,15980,15309,2074,16181,31480,84,1,1
9244,1523,221,40,17954,17844,15019,18084,34907,5,1,1
9245,16622,21370,40,6422,4659,16010,6733,60785,236,1,1
9246,4428,2154,40,18696,18354,12203,18846,37691,35,1,1
9247,5671,5140,40,13656,13045,1042,13846,25749,74,1,1
9248,5971,4609,40,13005,12444,2464,13195,26289,69,1,1
9249,6693,4819,40,20739,20168,3848,20929,36329,69,1,1
9250,6542,5651,40,19567,18926,2565,19757,34555,79,1,1
9251,6382,2365,40,18575,18254,17453,18745,44995,36,1,1
9252,5521,2825,41,18695,18304,10470,18866,37732,43,1,1
9253,6622,6442,40,13055,12353,972,13255,27342,89,1,1
9254,5981,4349,40,12844,12303,2034,13024,25428,64,1,1
9255,5892,4338,40,17874,17323,3116,18044,31450,65,1,1
9256,6672,5370,40,18184,17553,3006,18375,33483,77,1,1
9257,5671,2064,40,19176,18846,11141,19337,38253,35,1,1
9258,2284,1022,40,18054,17834,6172,18204,27742,19,1,1
9259,13065,7334,40,10530,9778,18124,10741,49304,94,1,1
9260,3456,1573,40,7554,7274,10029,7715,22813,28,1,1
9261,6733,5841,40,25047,24356,10720,25248,48582,82,1,2
9262,2895,1113,40,6482,6262,6082,6632,16762,20,1,1
9263,3376,2495,40,18565,18214,601,18735,25257,39,1,1
9264,14397,14648,40,22222,20870,8215,22483,59783,173,1,2
9265,6823,3887,40,19296,18825,5501,19476,35748,56,1,1
9266,4819,1824,40,10089,9799,1623,10249,18565,31,1,1
9267,6442,3316,40,8987,8546,1142,9168,20108,51,1,1
9268,6211,5000,40,24026,23395,2935,24216,38412,72,1,2
9269,6672,5891,40,20178,19517,2695,20379,35677,82,1,1
9270,4739,1643,40,18445,18164,7805,18605,32832,29,1,1
9271,6422,3376,40,18636,18214,4318,18816,32962,49,1,1
9272,3957,912,40,8236,8026,1423,8386,14728,17,1,1
9273,4418,1293,40,8165,7905,1002,8335,15088,25,1,1
9274,6662,5431,40,15289,14658,3206,15469,30828,77,1,1
9275,4309,621,40,13856,13676,1113,14006,20089,13,1,1
9276,6192,4959,40,17272,16671,5020,17453,33674,72,1,1
9277,5229,1123,40,29496,29236,2064,29646,38112,20,1,2
9278,4228,461,41,17603,17453,9809,17744,32292,11,1,1
9279,3066,251,40,7624,7494,972,7754,12103,6,1,1
9280,6242,4399,40,13185,12634,2795,13365,26851,66,1,1
9281,7084,5200,40,16681,16080,1533,16872,30739,74,1,1
9282,5811,4038,40,16852,16341,3798,17042,30719,62,1,1
9283,5180,4067,41,16982,16471,4128,17163,30588,61,1,1
9284,5010,2234,40,19207,18876,8887,19377,35558,36,1,1
9285,4819,2796,40,19707,19306,7525,19877,35067,45,1,1
9286,4589,2124,40,11181,10841,1884,11341,19988,35,1,1
9287,7514,4729,40,11312,10750,1262,11502,25047,68,1,1
9288,5971,4208,40,12483,11962,1784,12664,24677,62,1,1
9289,6442,4749,41,10950,10379,1083,11131,23445,69,1,1
9290,5821,4269,40,17212,16651,3887,17382,31420,66,1,1
9291,5009,3677,40,16402,15920,3446,16582,28764,56,1,1
9292,4729,1603,40,18104,17834,16942,18264,41588,28,1,1
9293,5430,2485,40,18645,18275,15159,18815,41939,41,1,1
9294,6011,4719,40,15810,15229,1162,16010,27942,71,1,1
9295,6683,5491,40,19607,18966,2084,19787,34105,77,1,1
9296,6482,4499,40,16321,15770,3527,16511,31079,68,1,1
9297,6943,5330,40,16882,16261,2886,17082,32271,77,1,1
9298,6363,1803,40,18896,18616,18876,19056,46158,30,1,1
9299,9519,10449,40,21290,20228,19006,21531,60555,132,1,2
9300,5130,4288,40,15209,14688,1353,15399,26210,63,1,1
9301,6162,4809,40,16080,15148,3186,16271,30478,71,1,1
9302,6201,4689,40,16071,15489,3076,16261,30267,71,1,1
9303,7144,5500,40,16671,16040,2716,16872,32282,79,1,1
9304,6703,2504,40,19737,19386,17794,19908,46949,39,1,1
9305,6462,3917,41,20438,19927,12664,20619,43702,59,1,1
9306,3767,1573,40,10180,9899,2294,10340,18024,28,1,1
9307,7244,4719,40,11883,11322,1523,12063,25599,68,1,1
9308,7554,6151,40,16041,15349,1473,16251,31460,87,1,1
9309,6612,4569,40,15660,15099,3136,15850,30217,67,1,1
9310,6202,4999,40,16532,15941,2565,16722,30528,72,1,1
9311,6342,2475,40,19777,19437,20399,19947,49203,37,1,1
9312,8887,7494,40,21030,20218,13816,21240,51477,96,1,2
9313,4508,1583,40,10410,10119,2685,10560,19396,28,1,1
9314,5540,3096,41,20047,19586,1563,20219,30458,47,1,2
9315,6893,4899,40,15490,14899,3366,15680,30888,72,1,1
9316,7243,6012,40,19818,19137,2194,20018,35497,83,1,1
9317,7123,2786,40,18735,18375,17694,18905,46558,40,1,1
9318,7464,4198,40,19767,19246,10590,19958,42240,62,1,1
9319,4839,2355,40,11652,11291,1463,11812,20509,39,1,1
9320,9678,10350,40,13816,12834,972,14056,35106,128,1,1
9321,6963,6262,40,19407,18716,2315,19607,35177,86,1,1
9322,6973,6192,40,19918,19236,1913,20118,35246,84,1,1
9323,5791,2614,40,19146,18765,20589,19317,48352,42,1,1
9324,6503,3707,40,19427,18966,9608,19607,39465,54,1,1
9325,5310,3035,40,40286,39855,1233,40456,50075,48,1,1
9326,2214,1192,40,28745,28504,2114,28905,34455,21,1,1
9327,30037,31780,501,86023,81735,13055,87726,162888,218,1,1
9328,6312,801,60,22383,22021,1563,22633,31379,10,1,1
9329,3987,1403,60,19728,19276,13415,19948,38823,15,1,1
9330,8346,7344,61,26780,25478,9247,27061,52079,62,1,1
9331,3807,1883,70,24737,24316,801,24998,31559,21,1,1
9332,21240,16482,70,34626,32822,16070,34976,88838,115,1,2
9333,4268,2986,60,29316,28665,13345,29566,50235,30,1,1
9334,4649,2425,60,17112,16642,2995,17353,27492,27,1,1
9335,8987,7825,60,18725,17854,1302,19016,37190,68,1,1
9336,4959,3928,60,18275,17664,2605,18535,30107,38,1,1
9337,10029,8536,60,18525,17574,1242,18825,38713,75,1,1
9338,4749,3196,60,24617,24115,5911,24867,38793,34,1,1
9339,4950,3406,71,25568,25037,802,25829,35057,37,1,1
9340,25178,33594,60,37692,34915,14417,38162,111421,237,1,2
9341,3567,2174,70,27853,27472,15710,28093,49634,24,1,1
9342,7123,4849,60,19026,18415,2014,19287,33343,45,1,1
9343,8406,6051,60,16472,15739,1262,16752,32541,56,1,1
9344,4759,3246,60,17262,16762,2845,17513,28434,34,1,1
9345,10871,8636,60,17042,16100,1523,17343,38443,75,1,1
9346,4499,2485,60,23434,22994,5410,23675,36139,29,1,1
9347,23434,33263,60,34956,32231,2234,35447,94448,237,1,1
9348,3296,952,60,27702,27442,29125,27933,61366,12,1,1
9349,10670,5290,60,29897,29205,22723,30177,68930,52,1,1
9350,7253,4519,60,20108,19497,1973,20368,34194,44,1,1
9351,12384,7885,70,18175,17533,1683,18445,40457,71,1,1
9352,6172,4429,40,16351,15800,1673,16541,28865,63,1,1
9353,6582,4950,40,17202,16621,3396,17393,32381,67,1,1
9354,5581,4358,50,17563,17022,2855,17754,30608,63,1,1
9355,6322,2675,40,20289,19917,20719,20459,50225,39,1,1
9356,3407,2895,41,21019,20599,641,21200,28184,41,1,2
9357,17604,20879,50,6262,4548,15549,6573,60655,220,1,1
9358,4800,3867,50,13706,13235,1403,13906,24016,53,1,1
9359,5651,2244,40,9868,9528,1292,10039,19277,35,1,1
9360,7063,6192,50,17273,16562,1703,17483,32491,85,1,1
9361,6553,4709,40,16421,15850,2936,16611,30849,66,1,1
9362,7394,6392,40,17543,16852,1883,17763,33463,83,1,1
9363,5852,3055,50,20488,20078,21049,20670,50686,46,1,1
9364,5570,3066,40,19848,19427,16071,20018,44775,45,1,1
9365,1103,180,50,10129,10029,2345,10279,13937,3,1,1
9366,6382,4549,40,12604,12033,1272,12794,25057,65,1,1
9367,7814,7925,40,15439,14608,1152,15659,32591,101,1,1
9368,6342,4539,50,16762,16201,2625,16952,30508,65,1,1
9369,6903,5330,40,20910,20269,1753,21110,35146,75,1,1
9370,6562,2294,40,19797,19457,18395,19968,47269,34,1,1
9371,2736,801,40,19227,19027,13265,19377,36239,16,1,1
9372,932,120,41,8355,8255,2584,8526,12203,1,1,1
9373,5571,3727,50,10159,9689,1052,10350,20740,53,1,1
9374,6082,5140,40,13656,13055,2455,13856,27563,69,1,1
9375,6703,4879,51,19967,19376,3447,20168,35247,69,1,1
9376,7204,5841,50,21070,20389,1573,21280,35948,82,1,1
9377,6211,2165,40,20098,19757,18655,20268,47359,35,1,1
9378,3016,1343,40,19807,19547,11362,19977,35748,25,1,1
9379,3928,2174,50,12514,12173,1943,12684,20769,35,1,1
9380,6272,5040,40,16131,15560,2124,16331,29817,66,1,1
9381,6933,5660,40,19777,19126,3287,19988,35908,77,1,1
9382,6352,5250,40,20569,19938,2104,20769,34515,73,1,1
9383,5721,2705,41,20498,20108,13987,20669,43122,41,1,1
9384,4930,3055,40,20519,20108,9047,20690,37782,44,1,1
9385,4098,1503,40,11041,10771,3016,11211,19858,26,1,1
9386,4689,1253,40,18204,17933,1153,18364,25509,20,1,2
9387,9979,11141,40,20980,19918,1082,21220,43483,132,1,1
9388,7014,5610,40,21560,20919,2054,21762,36490,76,1,1
9389,6182,1984,40,20078,19757,11131,20258,39605,34,1,1
9390,2445,1102,50,19547,19326,6792,19708,30107,20,1,1
9391,3998,902,40,10740,10530,1934,10900,17784,17,1,1
9392,6703,4649,40,11031,10470,1443,11221,24066,65,1,1
9393,6743,5420,40,14949,14307,3817,15149,31169,74,1,1
9394,6673,3717,40,14287,13826,1403,14467,26310,51,1,1
9395,7284,6432,40,22403,21681,3447,22603,39826,85,1,1
9396,6252,2745,40,19688,19297,5610,19868,34525,42,1,1
9397,6753,2745,40,19527,19146,2434,19698,31680,40,1,1
9398,3767,2494,40,10330,9948,1383,10500,18205,39,1,1
9399,4809,1543,40,18345,18035,1052,18505,25949,26,1,2
9400,7755,5891,50,18616,17954,2314,18826,34816,79,1,1
9401,6422,5039,51,16341,15780,4178,16542,32221,65,1,1
9402,4769,361,40,30799,30617,2284,30949,38413,7,1,2
9403,6202,2846,50,21260,20869,8356,21440,38894,42,1,1
9404,4729,1142,40,12224,11982,1493,12384,19808,21,1,1
9405,7043,5160,40,12153,11542,1543,12353,26139,71,1,1
9406,6613,5220,40,13967,13355,1292,14167,27342,72,1,1
9407,7214,5731,40,12564,11912,1332,12774,27091,77,1,1
9408,6312,5130,50,18705,18094,3517,18905,33924,73,1,1
9409,6232,4889,41,19687,19116,3396,19888,34455,67,1,1
9410,5190,2324,41,20448,20118,9909,20619,38092,34,1,1
9411,1924,711,40,18956,18766,7554,19116,29355,15,1,1
9412,4048,2144,40,15850,15500,2415,16020,24677,36,1,1
9413,6753,5049,40,18836,18235,1914,19036,32802,70,1,1
9414,6463,4839,40,17042,16451,3095,17233,31690,68,1,1
9415,5691,4539,40,17924,17363,4459,18114,32853,65,1,1
9416,2185,360,50,18806,18665,16512,18956,38063,8,1,1
9417,13125,15790,40,23825,22413,16962,24116,70033,177,1,2
9418,5550,5190,40,17784,17163,1142,17974,29916,72,1,1
9419,6743,5571,50,18214,17563,2624,18414,33413,77,1,1
9420,7114,4719,40,17072,16481,3526,17263,32672,67,1,1
9421,5851,4057,40,17453,16932,3657,17644,31259,59,1,1
9422,4789,1553,40,19627,19337,18505,19788,44695,27,1,1
9423,16310,21581,40,25709,23906,17353,26020,81304,226,1,2
9424,931,171,40,9778,9668,582,9928,11662,3,1,1
9425,11241,10220,40,14397,13415,1143,14647,37291,123,1,1
9426,6923,4679,40,14999,14418,1853,15189,28704,67,1,1
9427,6332,3437,50,10610,10169,1192,10790,21811,50,1,1
9428,8616,5921,40,19748,19086,4529,19958,39074,79,1,1
9429,2926,1653,40,16632,16361,681,16792,22102,26,1,1
9430,17673,22122,40,26430,24576,20920,26741,87516,233,1,2
9431,2775,1162,51,19476,19246,15810,19638,39445,21,1,1
9432,5470,3908,50,13195,12704,1042,13385,23845,56,1,1
9433,4359,2064,40,10029,9708,1383,10199,18045,32,1,1
9434,6443,5019,40,16231,15629,1764,16431,29707,70,1,1
9435,3937,1113,40,22282,22022,1824,22442,29376,20,1,2
9436,7474,5691,40,18024,17363,1373,18244,32822,79,1,1
9437,6543,2815,40,21140,20750,19277,21320,49995,42,1,1
9438,6342,3687,40,20329,19858,15008,20509,45606,52,1,1
9439,17713,8987,41,12082,11231,18044,12304,57098,104,1,1
9440,3747,1563,40,8807,8537,10680,8967,25007,26,1,1
9441,16632,21280,40,6432,4659,17533,6753,62248,227,1,1
9442,7754,5521,40,19136,18485,14657,19337,47319,73,1,2
9443,3357,2535,40,9808,9438,11541,9978,27472,38,1,1
9444,6702,4769,40,16361,15790,2555,16552,30628,65,1,1
9445,7754,7094,40,21391,20629,1803,21601,38292,91,1,1
9446,6162,2084,40,19788,19477,17353,19958,45607,32,1,1
9447,2595,1422,40,19687,19437,11472,19847,35387,24,1,1
9448,6964,6762,40,14798,14076,1012,14999,29797,86,1,1
9449,6522,4739,40,13235,12664,1583,13426,26310,65,1,1
9450,7424,6663,40,19838,19126,3877,20048,38072,86,1,1
9451,6803,5891,40,21831,21190,1944,22032,36710,74,1,1
9452,25037,11051,50,22873,21871,14167,23114,73429,125,1,1
9453,2925,792,40,19687,19497,10811,19847,34415,15,1,1
9454,5290,3296,40,12173,11742,1182,12363,22162,47,1,1
9455,6663,5380,50,12714,12113,1913,12925,26931,72,1,1
9456,6513,4819,40,19146,18565,4359,19336,35077,67,1,1
9457,7484,5741,51,21320,20659,2435,21531,37231,78,1,1
9458,6372,2405,40,20098,19747,9909,20268,39014,37,1,1
9459,2284,602,40,18865,18705,6091,19016,28043,11,1,1
9460,4388,1743,50,11352,11060,1493,11522,19186,29,1,1
9461,6633,4689,40,11912,11351,1342,12103,24817,65,1,1
9462,6362,5491,40,20118,19487,4449,20318,36660,74,1,1
9463,6673,5300,40,20930,20289,3617,21130,36770,75,1,1
9464,6633,1743,40,19647,19336,7544,19818,35778,30,1,1
9465,7013,3907,41,20228,19727,3627,20409,35006,55,1,1
9466,5581,1943,40,9918,9598,1422,10080,19086,32,1,1
9467,4629,1022,40,8677,8466,1302,8837,15830,18,1,1
9468,5461,2304,40,13055,12695,1423,13225,22473,37,1,1
9469,5070,1653,40,13455,13175,1583,13625,21962,26,1,1
9470,7254,6843,40,23024,22283,3266,23234,40637,89,1,1
9471,5921,1273,40,18936,18695,2204,19096,28544,23,1,1
9472,5982,2114,40,19617,19287,2154,19787,30087,34,1,1
9473,4128,621,40,8577,8386,1042,8727,14568,13,1,1
9474,10220,11772,40,18115,16982,1052,18375,41469,143,1,1
9475,7124,6382,50,19417,18716,2465,19627,35658,84,1,1
9476,4609,1112,40,14428,14187,1803,14588,22142,21,1,1
9477,6783,5390,40,30799,30177,1443,30999,44665,72,1,1
9478,6011,3978,40,21651,21150,10851,21831,42731,56,1,1
9479,2023,1012,40,19727,19507,8536,19878,31489,18,1,1
9480,2625,921,40,10760,10550,2335,10911,16842,17,1,1
9481,6031,4368,40,12203,11652,1092,12393,23945,63,1,1
9482,7575,5961,40,15510,14819,992,15710,30288,81,1,1
9483,6923,4709,40,11121,10540,1182,11312,24186,67,1,1
9484,3056,2224,40,16962,16611,4308,17133,26781,37,1,1
9485,5170,3917,41,19066,18565,3506,19257,31900,58,1,1
9486,5110,2555,40,20739,20369,9599,20909,38233,39,1,1
9487,7314,4880,40,21110,20539,10059,21300,43593,65,1,1
9488,6372,5401,40,16782,16141,1132,16982,29947,76,1,1
9489,7194,6072,40,19507,18826,2304,19727,35337,82,1,1
9490,6472,5380,41,17723,17092,3457,17924,33273,73,1,1
9491,5501,4558,40,18024,17473,3617,18215,31941,64,1,1
9492,5300,1823,40,20369,20068,19627,20539,47329,29,1,1
9493,4449,2685,40,20539,20119,16972,20709,44855,40,1,2
9494,12513,13566,40,21341,20078,1092,21601,48822,158,1,1
9495,7545,6261,40,18395,17673,1382,18606,33844,86,1,1
9496,6863,5861,40,17423,16771,2855,17624,33263,78,1,1
9497,7033,5971,51,18485,17803,1893,18696,33633,81,1,1
9498,6212,2244,40,20419,20078,19818,20589,48913,35,1,1
9499,2715,1163,40,19377,19136,17363,19537,40828,20,1,1
9500,3246,1623,40,12063,11783,2074,12223,19216,27,1,1
9501,5480,2235,40,9899,9538,1282,10069,19116,37,1,1
9502,7664,6312,40,17904,17182,1482,18114,33623,85,1,1
9503,6151,4048,40,16822,16291,2976,17012,30237,61,1,1
9504,7103,5871,50,18024,17343,3076,18234,34335,81,1,1
9505,4699,1373,40,19607,19357,18876,19767,44765,24,1,1
9506,14608,18936,40,24727,23093,15269,25027,73890,205,1,2
9507,842,150,40,10961,10851,611,11101,12744,2,1,1
9508,9648,8647,40,15259,14398,1243,15489,35077,107,1,1
9509,7273,5972,40,14608,13927,1883,14808,29976,80,1,1
9510,6633,4588,50,16231,15680,3266,16432,30969,64,1,1
9511,5851,4769,40,20008,19437,2315,20198,33183,66,1,1
9512,6161,2175,40,20068,19727,18225,20238,46839,34,1,1
9513,2725,881,40,19557,19366,13936,19718,37310,15,1,1
9514,6021,5310,40,14427,13796,1002,14628,27011,74,1,1
9515,6503,4428,40,13476,12914,2886,13666,27533,64,1,1
9516,6131,4859,40,19487,18886,3847,19688,34565,70,1,1
9517,6692,5681,40,19878,19236,2595,20078,35096,77,1,1
9518,6573,2785,50,20820,20448,13896,21000,44284,40,1,1
9519,7173,4789,40,21370,20809,7455,21560,41008,63,1,1
9520,2145,230,50,8496,8396,582,8646,11643,4,1,1
9521,11101,8997,40,10951,10049,1052,11181,32391,112,1,1
9522,6041,4939,40,13275,12684,1683,13476,26189,68,1,1
9523,7274,6192,40,19016,18315,1723,19216,34455,82,1,1
9524,6702,5561,50,19467,18816,2365,19677,34355,77,1,1
9525,5650,1784,40,19998,19717,12494,20158,40126,26,1,1
9526,7404,4930,40,21010,20439,6352,21200,39936,65,1,1
9527,5400,2315,40,13055,12704,1733,13235,22733,37,1,1
9528,6603,4238,40,12163,11642,1183,12343,24427,59,1,1
9529,4428,902,40,12644,12444,1643,12804,19827,17,1,1
9530,6191,5210,51,20929,20318,1583,21130,34164,71,1,1
9531,6443,4839,50,17393,16802,2615,17593,31550,69,1,1
9532,3998,1843,41,19767,19446,4749,19928,30568,31,1,1
9533,6352,4208,40,20529,20008,4479,20719,35818,60,1,1
9534,3948,2033,40,21560,21240,1412,21732,29175,33,1,1
9535,6763,4058,40,10540,10039,1212,10730,22813,56,1,1
9536,6121,4318,50,19256,18705,3897,19457,33844,63,1,1
9537,6583,5450,40,21411,20770,3687,21611,37391,75,1,1
9538,6121,2725,41,19827,19447,5200,20008,34094,40,1,1
9539,6703,1493,40,19316,19026,2574,19477,30297,27,1,1
9540,3827,872,40,8917,8707,1263,9077,15089,17,1,1
9541,5340,3597,40,23304,22793,1734,23494,34215,53,1,2
9542,4488,381,50,12554,12424,1894,12704,19517,8,1,1
9543,6583,4899,40,16221,15650,5631,16421,33584,68,1,1
9544,1543,661,41,14808,14617,611,14959,17834,13,1,1
9545,13586,8266,40,21501,20589,1563,21721,45176,106,1,2
9546,6633,4589,50,23304,22733,4018,23504,38784,66,1,1
9547,2836,581,40,14848,14678,13596,15008,32071,12,1,1
9548,4218,2805,40,13055,12654,10250,13225,30548,43,1,1
9549,2003,712,50,8787,8616,7364,8947,19076,13,1,1
9550,3396,1873,40,12233,11913,6282,12404,23996,31,1,1
9551,1673,632,40,15279,15109,872,15439,18666,13,1,1
9552,17854,21040,40,6292,4569,5701,6602,51257,221,1,1
9553,4779,4398,40,18074,17543,3717,18264,31210,61,1,1
9554,13145,9688,40,23615,22573,11622,23845,58361,116,1,1
9555,2464,882,40,19517,19297,14788,19667,37851,18,1,1
9556,4779,2805,40,15851,15439,2234,16031,25899,44,1,1
9557,6312,5330,40,17463,16832,2625,17654,31981,73,1,1
9558,6953,5421,40,17824,17193,3446,18024,33894,74,1,1
9559,6022,3897,51,17934,17453,4298,18135,32392,55,1,1
9560,1944,521,40,18865,18695,16471,19016,38012,11,1,1
9561,10941,12714,40,23234,22012,17754,23494,64953,149,1,2
9562,3406,952,40,10741,10519,2455,10901,17764,19,1,1
9563,7764,5911,40,13415,12744,1122,13616,28463,79,1,1
9564,7094,5320,40,17373,16742,2465,17573,32502,73,1,1
9565,6512,4238,50,17543,17022,3847,17733,32371,60,1,1
9566,6061,5030,40,17734,17133,3206,17924,32271,69,1,1
9567,4078,1533,50,20448,20188,19056,20619,45326,25,1,1
9568,13636,13265,40,23214,21942,15118,23474,65554,155,1,2
9569,922,120,40,7935,7835,2445,8085,11612,1,1,1
9570,5260,2965,40,12614,12183,1203,12794,22262,47,1,1
9571,6823,5190,40,16682,16051,2244,16882,31189,73,1,1
9572,6682,4900,40,16942,16351,3276,17142,32050,68,1,1
9573,5861,4709,40,17654,17073,2665,17844,31139,68,1,1
9574,16101,9939,40,23374,22443,17484,23604,67168,115,1,1
9575,2766,1352,51,19777,19537,15810,19938,39916,22,1,1
9576,4559,1874,40,12724,12413,1673,12884,21040,30,1,1
9577,3937,511,50,8937,8776,1562,9097,15148,11,1,1
9578,7735,6211,50,14357,13656,2194,14568,30758,84,1,1
9579,4268,401,50,8887,8746,1473,9047,15229,9,1,1
9580,6903,5521,40,17413,16772,3787,17613,33884,76,1,1
9581,6662,5209,40,17172,16551,2635,17373,31940,73,1,1
9582,6713,2695,41,20839,20478,19267,21020,49745,39,1,1
9583,2685,781,40,19187,18996,13716,19337,36569,15,1,1
9584,6362,6002,40,15269,14588,1012,15469,28905,80,1,1
9585,6522,5311,50,14517,13906,2155,14717,28745,72,1,1
9586,6282,4559,50,18735,18164,3065,18936,32892,66,1,1
9587,6853,5560,50,20599,19958,3116,20800,36389,76,1,1
9588,7264,2755,40,20670,20288,17954,20840,48873,40,1,1
9589,3296,1253,40,19477,19226,11542,19637,35778,22,1,1
9590,7153,6583,50,14307,13596,1173,14527,29486,86,1,1
9591,7204,6011,41,13345,12694,1894,13546,28715,78,1,1
9592,7043,5350,41,19827,19206,3577,20038,36048,73,1,1
9593,6723,5731,40,20579,19928,2124,20779,35407,78,1,1
9594,5971,2706,40,20479,20108,16772,20659,46148,41,1,1
9595,5330,2545,40,19948,19567,9919,20118,37942,40,1,1
9596,5731,4358,50,12814,12274,991,13005,24145,63,1,1
9597,6753,4218,40,13295,12774,2004,13485,26500,58,1,1
9598,7244,4949,40,18856,18245,3587,19066,34886,72,1,1
9599,7183,5461,40,22392,21771,3978,22592,39274,74,1,1
9600,6071,2184,40,19837,19487,10721,20008,39024,35,1,1
9601,2484,1102,51,19697,19457,5410,19858,28894,21,1,1
9602,2675,210,50,8977,8877,3066,9127,15128,4,1,1
9603,3938,912,40,6702,6492,1092,6863,12855,18,1,1
9604,6121,3326,40,10029,9578,1032,10220,20739,50,1,1
9605,4027,882,40,16311,16061,1503,16471,22933,17,1,2
9606,7995,5040,40,15670,14688,1473,15870,30418,69,1,1
9607,7484,5500,40,20549,19897,2975,20750,36749,75,1,1
9608,6372,2165,40,19587,19256,4148,19757,32502,34,1,1
9609,6762,2705,40,19727,19356,2445,19897,31870,38,1,1
9610,5871,3267,40,9838,9388,1252,10019,20459,50,1,1
9611,5009,1303,50,8947,8677,992,9117,16451,25,1,1
9612,6622,4809,41,15409,14808,4709,15600,31800,69,1,1
9613,4007,722,50,12684,12494,1673,12844,19286,15,1,1
9614,6743,5210,40,15019,14407,4829,15209,32041,70,1,1
9615,5360,631,40,31580,31380,1814,31740,39585,13,1,2
9616,12904,11272,40,25558,24477,1222,25809,51247,135,1,1
9617,4158,1012,50,8937,8727,1363,9097,15680,19,1,1
9618,6743,5059,40,15028,14427,3507,15219,30588,70,1,1
9619,6873,5891,50,19477,18806,1864,19687,34365,80,1,1
9620,6913,3928,40,17964,17453,1834,18154,30879,58,1,1
9621,6352,5010,40,19266,18675,3767,19467,34646,70,1,1
9622,4579,1953,50,20118,19797,9398,20288,36269,32,1,1
9623,5150,3266,40,21120,20679,7264,21300,37020,48,1,1
9624,4147,2044,41,17172,16842,2455,17343,26029,33,1,1
9625,6583,5480,40,19988,19327,581,20188,32872,77,1,1
9626,14638,16782,40,21881,20348,3687,22162,57309,190,1,2
9627,6232,5541,50,19106,18465,3367,19306,34506,76,1,1
9628,5431,2053,40,20128,19787,16822,20299,44655,34,1,1
9629,8336,5751,40,21631,20980,13285,21841,49263,76,1,1
9630,6703,6212,40,17393,16712,1233,17593,31801,81,1,1
9631,6182,4969,40,17954,17353,3406,18155,32762,71,1,1
9632,6693,5290,40,17523,16902,3988,17723,33734,72,1,1
9633,6251,4598,41,18545,17954,3927,18736,33563,67,1,1
9634,5701,1483,40,19768,19497,19276,19928,46428,25,1,1
9635,14086,13996,40,23335,22011,15138,23605,66866,162,1,2
9636,4358,2495,50,15109,14738,1994,15289,24176,39,1,1
9637,6552,5130,40,17744,17112,3186,17934,32862,73,1,1
9638,6713,5029,40,17262,16671,3356,17453,32612,69,1,1
9639,5680,4699,40,17664,17092,3016,17854,31299,66,1,1
9640,5260,2024,40,20539,20219,19748,20709,47781,31,1,1
9641,5650,4629,40,21069,20459,16000,21281,47620,67,1,2
9642,2956,761,40,9198,8998,2144,9358,15259,15,1,1
9643,7764,6332,40,11311,10610,1313,11521,26981,84,1,1
9644,5600,2645,40,10590,10229,1583,10771,20649,39,1,1
9645,6633,4969,50,14748,14146,1152,14949,27753,71,1,1
9646,4258,992,50,9088,8877,1442,9248,15990,19,1,1
9647,6032,3917,40,15870,15369,2895,16061,28955,57,1,1
9648,6492,5591,40,17363,16732,3056,17553,32752,74,1,1
9649,4218,1673,40,20819,20539,19947,20990,46868,27,1,1
9650,16973,20839,41,26209,24457,17063,26510,81425,219,1,2
9651,3917,1783,50,12373,12073,2054,12543,20338,30,1,1
9652,4769,1743,40,22463,22122,1783,22623,30968,28,1,2
9653,6753,4869,40,16771,16170,3236,16963,31881,69,1,1
9654,6061,4930,40,20158,19557,1683,20348,33072,69,1,1
9655,5821,1724,40,20398,20098,16361,20559,44525,29,1,1
9656,2826,1262,40,20399,20149,12694,20569,37381,23,1,1
9657,17403,10550,40,12714,11722,18094,12944,59041,121,1,1
9658,7574,2675,40,8587,8206,12864,8767,31920,40,1,1
9659,6533,6101,40,21280,20558,17423,21491,51598,82,1,2
9660,4068,3156,50,10169,9748,11632,10349,29265,46,1,1
9661,3978,3136,40,15539,15099,3446,15720,26310,47,1,1
9662,5571,4538,41,18665,18114,2244,18856,31259,63,1,1
9663,5461,1433,40,19447,19196,16521,19607,43062,23,1,1
9664,2715,1253,50,19847,19617,10430,20007,34465,21,1,1
9665,5380,5089,40,13556,12944,1303,13756,25579,70,1,1
9666,6503,5200,40,13045,12434,1683,13245,26681,71,1,1
9667,6132,2484,50,25217,24817,1553,25399,35618,41,1,2
9668,8026,7233,40,20358,19567,1543,20569,37431,95,1,1
9669,6002,2775,40,20108,19708,17342,20279,46458,42,1,1
9670,2906,1312,40,19286,19026,9047,19447,32742,23,1,1
9671,3928,1413,40,10640,10370,2124,10800,18315,24,1,1
9672,6723,4258,40,11372,10841,1513,11562,24106,60,1,1
9673,7504,4288,40,19427,18876,2404,19618,33874,63,1,1
9674,6603,5430,40,21411,20780,2795,21621,36499,74,1,1
9675,6212,1382,40,19507,19247,9458,19667,36759,24,1,1
9676,6863,3737,40,20499,20008,4910,20679,36229,55,1,1
9677,4369,1443,40,8877,8596,1382,9037,16281,27,1,1
9678,4348,611,40,14548,14337,1132,14698,20829,11,1,2
9679,5461,3286,40,19156,18706,4147,19337,32291,50,1,1
9680,6372,5150,40,15880,15269,5741,16080,33393,71,1,1
9681,3637,821,40,12895,12684,1643,13055,19216,17,1,1
9682,6612,881,40,19978,19768,2836,20128,30508,17,1,1
9683,4719,631,50,18825,18655,1803,18985,26190,13,1,1
9684,3957,631,40,8726,8546,1323,8877,14838,13,1,1
9685,7274,6312,50,11762,11061,1303,11972,26921,85,1,1
9686,6101,3888,40,13195,12684,1172,13385,24596,57,1,1
9687,4108,1242,50,23976,23695,1703,24136,31249,23,1,2
9688,7455,6412,50,13926,13235,2504,14137,30568,84,1,1
9689,2384,1623,50,15820,15550,2484,15990,22522,26,1,1
9690,6161,1492,51,19587,19316,6773,19758,34235,26,1,1
9691,6522,4038,50,21390,20880,6612,21591,38813,58,1,1
9692,4388,2314,41,15258,14888,2074,15430,24246,37,1,1
9693,6963,5300,40,14357,13726,2435,14547,29305,73,1,1
9694,7494,6512,40,12704,11982,1422,12905,28383,86,1,1
9695,6853,5490,40,18786,18145,4158,18986,35537,76,1,1
9696,2935,1834,50,16371,16081,641,16541,22001,29,1,1
9697,17704,22623,40,25819,23916,11382,26139,77908,240,1,2
9698,2255,1102,40,19267,19026,10570,19427,33394,20,1,1
9699,7324,7494,40,17954,17162,1102,18175,34145,96,1,1
9700,7545,6662,50,18895,18164,2414,19107,35778,87,1,1
9701,7003,4779,50,17774,17193,3577,17974,33373,68,1,1
9702,5951,5030,40,18465,17874,3637,18675,33333,69,1,1
9703,5200,2284,40,20349,19998,16641,20519,44694,35,1,1
9704,2625,1142,40,19607,19376,15850,19778,39435,21,1,1
9705,6783,6082,40,18305,17623,1092,18525,32522,82,1,1
9706,6302,5070,40,18796,18175,2134,18996,32542,72,1,1
9707,6192,4539,40,17172,16601,3487,17362,31630,65,1,1
9708,6863,6081,50,20309,19627,2815,20519,36318,81,1,1
9709,5791,2274,50,20419,20088,20609,20589,49323,34,1,1
9710,5110,4669,40,21381,20770,16581,21571,47991,66,1,2
9711,842,140,40,8416,8316,601,8556,10199,2,1,1
9712,18215,17513,41,17292,15810,1543,17573,54894,189,1,1
9713,6903,5190,40,16331,15690,2224,16531,30878,74,1,1
9714,6472,4268,40,16502,15941,3386,16692,30878,64,1,1
9715,6212,4819,40,18024,17433,2975,18214,32271,68,1,1
9716,6021,2695,41,20218,19827,20208,20389,49373,41,1,1
9717,7283,3948,50,20419,19948,14327,20609,46207,53,1,1
9718,4859,2605,40,12845,12454,1382,13015,21921,41,1,1
9719,3858,992,50,9307,9097,1482,9468,15850,18,1,1
9720,7404,6332,40,15379,14658,1663,15580,31029,85,1,1
9721,6923,5000,40,16301,15690,2846,16501,31310,70,1,1
9722,5901,4518,40,19967,19427,3286,20169,33924,63,1,1
9723,5891,1954,40,19998,19677,19858,20178,47921,32,1,1
9724,3055,932,40,18976,18745,12293,19137,35457,17,1,2
9725,4939,3898,40,14728,14227,1032,14928,24847,57,1,1
9726,6402,5170,40,13977,13375,2104,14177,27903,71,1,1
9727,6111,4749,41,19757,19166,2214,19958,33092,69,1,1
9728,6793,5430,40,20389,19747,2725,20589,35597,75,1,1
9729,5881,2034,40,20048,19728,14839,20218,43012,32,1,1
9730,2766,911,40,19527,19296,10219,19678,33624,19,1,1
9731,6973,7194,40,14969,14197,1052,15179,30458,92,1,1
9732,6452,4940,40,13035,12444,2234,13225,26911,69,1,1
9733,7263,5481,40,20098,19437,3627,20298,36719,77,1,1
9734,7053,6162,40,19767,19066,1813,19968,35056,82,1,1
9735,6362,2625,40,20539,20169,15460,20719,45206,40,1,1
9736,2845,1302,40,19547,19286,9558,19708,33463,23,1,1
9737,5751,4107,40,12654,12123,1282,12845,24035,59,1,1
9738,4539,1122,40,17573,17343,1212,17733,24657,17,1,2
9739,5551,4017,40,17313,16782,2084,17504,29206,59,1,1
9740,6412,5260,41,20398,19767,1964,20599,34275,73,1,1
9741,5761,1753,40,19456,19156,11191,19628,38373,29,1,1
9742,2425,631,50,19297,19136,6913,19457,29476,12,1,1
9743,4408,1643,40,10981,10681,1593,11151,18835,29,1,1
9744,6603,4018,40,10349,9839,1052,10540,22253,58,1,1
9745,6583,4949,41,14757,14146,3867,14949,30408,70,1,1
9746,5440,2505,40,19657,19257,1533,19827,29345,37,1,2
9747,7033,5781,50,15339,14678,1964,15549,30387,79,1,1
9748,5080,1743,40,13536,13225,1533,13696,22112,30,1,1
9749,5400,1683,40,19497,19196,6652,19658,33453,29,1,1
9750,7334,3527,40,19808,19367,2615,19998,33514,49,1,1
9751,3907,401,50,9167,9027,1624,9317,15299,9,1,1
9752,3707,601,40,8356,8186,1272,8516,14126,13,1,1
9753,6743,4889,40,19647,19056,4018,19838,35538,68,1,1
9754,6583,5230,40,15920,15319,1533,16130,29506,71,1,1
9755,6312,1362,40,31200,30908,2334,31360,41408,22,1,2
9756,5190,2585,40,20058,19667,7474,20228,35527,41,1,1
9757,2986,371,50,8857,8716,1342,9007,13756,8,1,1
9758,7104,5460,40,13666,13035,2385,13856,28855,73,1,1
9759,7244,5400,50,18685,18054,1874,18896,33464,75,1,1
9760,6472,4559,40,17563,16982,3537,17753,32371,67,1,1
9761,5611,4398,50,19537,18996,5490,19728,35287,63,1,1
9762,1533,461,40,50145,49604,17543,50526,70273,10,1,1
9763,14637,15069,270,57299,55806,13285,58040,101141,84,1,1
9764,34366,23584,90,59844,57850,20378,60415,138843,122,1,1
9765,1663,581,81,15669,15399,1022,15961,19327,5,1,1
9766,34696,37541,80,36188,33063,47670,36760,156757,194,1,1
9767,9067,8406,80,35697,34625,7895,36089,61547,56,1,1
9768,6222,5811,80,35206,34405,961,35548,48642,42,1,1
9769,31310,43091,80,49684,45968,34014,50316,158821,225,1,2
9770,9738,8056,80,38744,38203,16040,39054,72968,54,1,1
9771,6012,5059,50,17773,17192,1313,17984,30408,69,1,1
9772,6773,5841,40,17062,16411,3025,17263,32932,76,1,1
9773,7063,5531,50,18194,17553,4378,18395,35417,76,1,1
9774,3807,5030,40,17734,17333,4068,17904,30859,42,1,1
9775,5110,2154,40,21340,21020,20528,21510,49343,31,1,1
9776,7534,7554,50,21681,20890,17012,21902,54042,92,1,2
9777,1483,210,40,9147,9037,631,9298,11672,3,1,1
9778,8907,7915,40,14307,13506,1242,14518,32632,96,1,1
9779,6953,6122,40,17413,16732,2385,17623,33113,80,1,1
9780,6853,5771,41,17753,17112,2916,17954,33534,75,1,1
9781,6151,4930,40,17734,17133,2605,17924,31640,69,1,1
9782,5841,2575,40,19908,19547,18064,20078,46588,37,1,1
9783,2645,1402,40,19547,19316,14627,19708,38422,20,1,1
9784,6121,6052,40,14598,13937,1002,14808,28023,79,1,1
9785,4509,961,40,9638,9428,1733,9799,17042,17,1,1
9786,6102,5009,40,16802,16201,1704,17002,29857,69,1,1
9787,5952,3637,40,16702,16221,3086,16882,29617,53,1,1
9788,6653,5670,40,16852,16201,2645,17053,32061,76,1,1
9789,5791,2445,50,20920,20569,20318,21090,49704,38,1,1
9790,2886,1433,40,20058,19787,13786,20218,38363,24,1,1
9791,802,100,50,8406,8316,742,8556,10260,1,1,1
9792,13405,14948,40,13686,12353,1182,13946,43532,168,1,1
9793,7264,6182,40,14668,13977,2505,14878,30869,81,1,1
9794,4178,611,40,9038,8866,1813,9188,15840,12,1,1
9795,6382,4158,40,17153,16642,3276,17343,31209,58,1,1
9796,5881,4368,40,19427,18886,2194,19617,32111,61,1,1
9797,6182,2404,40,20018,19658,16482,20188,45306,36,1,1
9798,2645,901,41,19276,19066,11201,19427,34224,17,1,1
9799,5140,4348,40,13746,13205,1062,13937,24547,62,1,1
9800,6512,4559,40,15069,14528,2645,15259,29025,64,1,1
9801,7224,5149,40,19897,19296,3937,20109,36459,72,1,1
9802,7515,6151,40,20639,19958,1984,20850,36530,82,1,1
9803,6322,2495,40,20399,20028,15930,20569,45366,38,1,1
9804,5580,2846,40,20879,20489,11892,21049,41418,41,1,1
9805,5671,5010,50,12874,12303,1012,13074,24797,66,1,1
9806,6072,4668,40,12584,12043,1633,12775,25198,63,1,1
9807,5851,3567,40,26260,25758,1684,26460,37592,53,1,2
9808,7023,6081,40,19857,19196,1734,20058,34946,79,1,1
9809,6041,2013,40,19997,19697,9017,20179,37301,31,1,1
9810,5982,2705,40,20198,19818,5501,20368,34596,40,1,1
9811,4669,2365,40,10700,10350,1663,10870,19617,37,1,1
9812,6613,3907,40,13115,12624,1673,13295,25538,55,1,1
9813,6492,5380,40,20780,20158,3907,20980,36799,73,1,1
9814,6613,5460,40,20930,20289,2385,21130,35638,75,1,1
9815,6112,2485,40,20078,19707,8636,20248,37521,38,1,1
9816,5701,3406,40,20368,19908,4499,20549,34195,50,1,1
9817,3817,712,40,8596,8416,2485,8756,15820,14,1,1
9818,4178,1313,40,8847,8586,1142,9007,15700,24,1,1
9819,4178,641,41,6372,6191,1102,6523,12484,13,1,1
9820,3767,2645,50,13285,12914,2405,13466,22313,40,1,1
9821,6032,2415,40,13676,13315,1483,13856,23836,38,1,1
9822,7334,6061,41,21621,20939,4057,21822,39334,80,1,1
9823,5480,1132,40,19527,19286,2324,19688,28674,22,1,1
9824,6101,1502,51,19276,19006,2114,19447,29215,27,1,1
9825,2866,1262,40,8677,8426,1412,8837,14417,22,1,1
9826,5681,3897,40,13495,12974,1563,13686,24877,58,1,1
9827,6893,6212,40,32432,31710,6191,32642,51988,82,1,2
9828,6012,4398,40,18866,18324,1704,19056,31210,61,1,1
9829,5901,1793,40,19607,19307,9839,19777,37361,30,1,1
9830,2164,992,40,19297,19076,8286,19447,30949,18,1,1
9831,4990,2635,50,12904,12504,2054,13085,22814,44,1,1
9832,6152,3917,40,12022,11522,1142,12214,23465,57,1,1
9833,6322,5120,40,13105,12504,1643,13305,26430,70,1,1
9834,7805,6001,40,12754,12063,1352,12965,28163,82,1,1
9835,6562,4578,40,18055,17523,3547,18245,32993,61,1,1
9836,6162,5049,40,18966,18364,4107,19166,34535,70,1,1
9837,4619,1753,40,20098,19788,10499,20259,37180,31,1,1
9838,2063,732,40,19557,19367,10771,19717,33323,15,1,1
9839,5891,5691,40,17814,17162,1183,18014,30819,77,1,1
9840,6633,4979,40,16842,16231,2355,17042,31049,71,1,1
9841,6753,4589,40,17273,16702,3276,17463,32131,66,1,1
9842,5671,4769,40,18685,18104,3537,18875,32912,67,1,1
9843,5571,1843,41,20138,19827,20188,20299,47951,30,1,1
9844,6192,5741,40,21390,20690,18274,21591,51848,77,1,2
9845,6231,4870,40,13886,13295,1042,14076,26279,68,1,1
9846,6632,4379,40,11872,11311,1163,12062,24266,64,1,1
9847,7554,6142,40,14497,13796,1713,14698,30157,83,1,1
9848,6342,4900,40,12023,11452,1152,12213,24657,66,1,1
9849,6022,4508,40,17734,17183,3156,17924,31660,63,1,1
9850,7013,5391,40,17874,17253,3737,18074,34255,73,1,1
9851,4709,2044,40,20348,20028,16522,20508,43823,31,1,1
9852,2585,1112,40,19397,19167,12814,19547,36108,19,1,1
9853,6302,6122,40,17142,16080,1113,17352,30939,83,1,1
9854,6783,5590,50,17674,17022,3377,17874,33684,77,1,1
9855,7214,4248,40,16742,16211,3707,16932,32141,60,1,1
9856,5751,3978,40,16772,16271,2064,16952,28795,56,1,1
9857,5841,2635,40,20318,19938,20769,20489,49794,40,1,1
9858,3446,1473,40,19798,19497,14227,19968,39154,25,1,2
9859,5170,4098,50,14197,13686,1132,14387,24847,59,1,1
9860,4358,1293,40,9168,8897,1352,9328,16391,25,1,1
9861,6282,4929,40,15199,14618,2465,15399,29115,68,1,1
9862,6772,4769,40,16261,15680,2755,16462,30788,68,1,1
9863,6933,5259,40,20629,19998,1904,20819,34977,74,1,1
9864,6783,2705,50,20398,20038,17724,20579,47841,38,1,1
9865,2885,1092,40,19316,19076,12524,19477,36018,21,1,1
9866,5019,2826,40,12213,11792,1583,12383,21871,45,1,1
9867,6161,3758,40,13906,13405,2515,14096,26580,56,1,1
9868,7074,4468,50,18335,17773,2505,18525,32612,65,1,1
9869,6863,5601,40,20709,20058,2054,20909,35487,77,1,1
9870,6452,2314,40,20158,19797,17884,20329,47009,37,1,1
9871,5941,3317,40,21160,20729,10600,21330,41238,46,1,1
9872,9579,5270,40,11391,10800,18384,11582,44865,68,1,1
9873,9799,10019,40,15079,14117,13285,15319,48472,119,1,1
9874,2665,1633,40,25658,25328,16271,25819,46428,27,1,2
9875,4188,2134,50,9699,9367,9348,9869,25589,35,1,1
9876,5981,5090,40,18876,18265,1984,19076,32171,71,1,1
9877,6131,2325,40,20218,19878,16993,20388,45877,35,1,1
9878,2726,1392,41,19887,19627,11652,20048,35868,24,1,1
9879,6072,4608,40,12483,11942,1283,12674,24697,63,1,1
9880,6532,4619,40,18766,18185,1673,18956,31830,62,1,2
9881,5450,3897,50,18505,17994,3456,18695,31539,59,1,1
9882,7013,6713,40,21300,20589,4238,21511,39525,86,1,1
9883,5640,2074,51,19637,19326,8386,19808,35968,32,1,1
9884,5390,3316,40,20189,19768,4178,20369,33303,46,1,1
9885,4419,1402,40,10730,10460,1643,10891,18405,25,1,1
9886,6633,4158,40,10460,9929,1052,10640,22533,60,1,1
9887,6602,4869,40,14247,13666,2254,14438,28203,66,1,1
9888,7364,3617,40,14517,14047,1913,14708,27652,54,1,1
9889,6342,5600,40,23194,22542,6692,23395,42079,76,1,1
9890,5640,2134,40,19857,19507,5541,20028,33383,35,1,1
9891,7725,2695,40,19777,19397,2114,19948,32532,40,1,1
9892,3767,291,50,8195,8075,1352,8346,13816,6,1,1
9893,4759,1613,41,19797,19476,1443,19968,27823,27,1,2
9894,6181,1734,40,21250,20930,1814,21410,31199,26,1,2
9895,7154,6322,50,17062,16371,1303,17272,32111,83,1,1
9896,5240,2324,41,35166,34786,2174,35337,45135,36,1,2
9897,4789,2054,40,20198,19868,9438,20368,36679,32,1,1
9898,2635,961,40,11181,10991,2555,11341,17553,16,1,1
9899,5370,4308,40,12815,12274,1162,13005,23895,62,1,1
9900,6362,4819,40,16832,16231,1843,17032,30097,69,1,1
9901,6453,4829,40,18395,17804,3306,18585,33223,69,1,1
9902,5190,4238,40,19327,18816,4999,19517,33984,59,1,1
9903,1603,491,40,19477,19307,11822,19627,33593,10,1,1
9904,2054,902,40,19267,19066,10760,19427,33183,16,1,1
9905,7474,8066,40,16030,15189,1042,16250,32882,102,1,1
9906,8787,5150,40,12053,11452,1353,12253,27573,70,1,1
9907,6342,5430,40,17944,17313,2004,18144,31980,75,1,1
9908,6793,5260,40,18375,17764,3326,18575,34004,71,1,1
9909,5851,4689,40,18535,17954,3697,18726,33013,67,1,1
9910,5460,1844,40,19767,19457,16220,19938,43512,31,1,1
9911,2485,1032,40,19577,19357,14317,19747,37611,19,1,1
9912,6031,5351,40,14337,13716,1052,14527,27021,72,1,1
9913,6503,3817,40,11482,10971,1132,11662,23174,58,1,1
9914,6352,4729,51,13966,13405,1864,14157,27152,65,1,1
9915,6363,4358,40,11161,10610,1253,11351,23365,63,1,1
9916,5771,4568,40,17353,16782,4238,17543,32161,65,1,1
9917,3246,2144,40,17113,16782,661,17273,23374,33,1,1
9918,17634,22252,50,27392,25528,21030,27732,88688,238,1,2
9919,1964,421,40,18916,18766,16661,19066,38172,9,1,1
9920,15259,20920,40,6543,4759,2815,6853,45897,229,1,1
9921,4749,3777,50,15990,15490,1512,16181,26259,56,1,1
9922,3015,2164,40,16431,16090,3827,16602,25668,34,1,1
9923,6612,5150,40,17083,16482,3216,17283,32301,70,1,1
9924,6493,5099,40,17012,16421,2875,17203,31730,68,1,1
9925,6984,3326,40,21561,21120,20178,21741,52279,48,1,1
9926,2705,721,40,19237,19056,14998,19397,37851,14,1,1
9927,8085,7314,40,17022,16241,1042,17242,33733,95,1,1
9928,6673,5651,50,14978,14337,2375,15188,29937,77,1,1
9929,4999,1222,40,22793,22513,1803,22954,31018,22,1,2
9930,7724,6062,40,18385,17694,1593,18595,34024,83,1,1
9931,9398,3637,40,21120,20639,17564,21300,51949,53,1,1
9932,2766,1342,40,19868,19607,15550,20028,39726,23,1,1
9933,3827,1914,40,11933,11622,2485,12103,20379,31,1,1
9934,7073,5170,40,13656,13044,2604,13856,28754,71,1,1
9935,6863,3166,40,18675,18244,1433,18855,30357,47,1,1
9936,6642,5881,40,20959,20308,1512,21161,35246,77,1,1
9937,6542,2625,41,20027,19657,17362,20199,46768,39,1,1
9938,2726,1462,41,19827,19567,12143,19988,36369,24,1,1
9939,2294,741,50,11061,10880,571,11221,14888,14,1,1
9940,10820,10209,40,11582,10570,1002,11823,33904,125,1,1
9941,2825,1824,50,12293,11993,2485,12463,19657,30,1,1
9942,6602,5130,40,19407,18796,3747,19607,35136,71,1,1
9943,7113,5751,41,19987,19326,2144,20199,35247,79,1,1
9944,6552,3016,50,20559,20159,14468,20739,44825,43,1,1
9945,7514,2435,50,19677,19317,8517,19857,38353,37,1,1
9946,3226,1513,40,11241,10961,2164,11401,18344,26,1,1
9947,3236,1323,40,8115,7855,1142,8276,14017,23,1,1
9948,5901,4218,40,12474,11933,2034,12664,24857,61,1,1
9949,6903,5321,40,19146,18505,3387,19346,35007,75,1,1
9950,6653,4158,40,21481,20950,2885,21671,35407,60,1,1
9951,7154,3076,40,20399,19978,11492,20569,42341,46,1,1
9952,2605,591,40,19156,18986,6453,19306,29005,12,1,1
9953,4658,1292,40,10811,10550,1402,10971,18374,23,1,1
9954,6102,3045,40,9908,9488,1573,10090,20860,46,1,1
9955,4849,1403,40,23414,23114,1714,23574,31570,24,1,2
9956,6823,5671,50,20208,19567,1613,20419,34576,76,1,1
9957,6262,2534,40,21581,21210,7083,21752,37681,38,1,1
9958,5791,3456,40,23063,22613,4859,23254,37391,50,1,1
9959,3617,832,40,9338,9127,2074,9498,16061,17,1,1
9960,4669,1623,40,9098,8797,1032,9268,16642,29,1,1
9961,7484,5621,40,16391,15730,3206,16602,32953,78,1,1
9962,5079,642,40,13025,12844,2124,13175,21060,13,1,1
9963,2305,1352,41,13235,12984,1022,13396,18115,23,1,1
9964,17363,23114,40,6783,4940,4408,7103,52048,238,1,1
9965,4619,1303,40,31409,31109,1723,31560,39255,24,1,2
9966,3968,521,40,19176,18996,2605,19326,26470,13,1,1
9967,2786,360,51,8806,8666,1593,8957,13756,8,1,1
9968,6091,4990,40,15239,14658,2004,15429,28564,67,1,1
9969,6903,5911,41,18865,18184,3116,19066,35056,80,1,1
9970,4839,1583,40,14838,14548,1573,14998,23033,27,1,1
9971,6412,5280,40,18806,18195,3086,18996,33834,72,1,1
9972,6412,3036,50,20890,20489,10680,21070,41248,45,1,1
9973,2214,1032,40,19748,19517,8616,19898,31800,19,1,1
9974,3757,1654,40,14618,14327,2324,14788,22563,28,1,1
9975,6692,4499,40,14107,13586,1082,14287,26620,60,1,1
9976,3196,1964,40,14067,13746,2464,14237,21901,31,1,1
9977,6943,5030,40,12654,12053,1223,12854,26100,71,1,1
9978,6493,5180,40,18595,17974,3527,18785,34035,72,1,1
9979,5280,4328,40,18646,18105,3607,18836,32101,62,1,1
9980,4449,1913,50,20048,19737,9648,20219,36279,31,1,1
9981,6752,4609,40,21451,20899,10670,21641,43712,63,1,1
9982,9749,4308,40,17483,16962,17994,17673,49764,58,1,1
9983,3757,2184,50,11562,11241,11662,11732,29385,34,1,1
9984,4899,2344,40,9868,9508,12093,10049,29425,38,1,1
9985,16682,25799,50,21211,19286,19096,21551,83178,249,1,1
9986,3417,1994,40,16331,16010,4288,16501,26250,33,1,1
9987,6993,5661,40,19387,18715,3837,19587,36128,78,1,1
9988,4889,2194,40,19768,19416,19357,19938,46438,35,1,1
9989,6221,5351,40,20799,20138,15169,20999,47770,72,1,2
9990,6983,7003,40,18165,17403,1082,18375,33473,90,1,1
9991,6492,4919,40,17112,16521,2806,17303,31570,69,1,1
9992,6483,4378,40,17032,16492,2935,17223,31069,62,1,1
9993,7063,6102,40,18174,17473,2464,18384,34054,84,1,1
9994,6573,2645,40,20739,20369,19396,20910,49574,38,1,1
9995,5871,3246,40,20890,20459,13235,21070,43462,46,1,1
9996,1182,150,40,8536,8436,641,8676,10700,2,1,1
9997,13285,12714,50,16121,14948,1232,16391,43652,148,1,1
9998,6642,5501,40,16541,15900,2024,16741,30948,75,1,1
9999,6813,4960,50,16461,15880,3176,16661,31660,68,1,1
10000,5780,4108,41,16932,16411,2324,17113,29375,59,1,1
10001,6372,1843,40,19768,19467,18956,19928,47149,30,1,1
10002,2585,1252,40,19487,19247,14338,19647,37882,22,1,1
10003,5490,4439,40,14167,13616,1122,14367,25468,64,1,1
10004,6752,4147,40,22162,21590,1453,22353,34756,60,1,2
10005,6622,4419,50,16160,15630,3386,16351,30838,61,1,1
10006,6112,5230,40,20088,19467,2936,20278,34606,73,1,1
10007,6072,2635,40,20739,20369,12745,20919,42411,39,1,1
10008,4659,2414,51,21220,20849,15619,21401,44133,39,1,1
10009,4238,1934,40,12864,12534,1753,13035,21000,32,1,1
10010,16732,16240,40,17022,15579,1223,17313,51558,183,1,1
10011,6142,4458,40,18556,17994,2184,18746,31590,65,1,1
10012,7404,6282,50,20299,19587,2274,20509,36529,85,1,1
10013,6332,2144,40,20078,19747,13505,20238,42270,33,1,1
10014,3036,932,40,19086,18876,7655,19246,30919,17,1,1
10015,5070,2645,40,11763,11392,1583,11943,21281,40,1,1
10016,6933,5220,50,12344,11752,1733,12544,26480,70,1,1
10017,4699,742,40,7755,7574,1102,7915,14498,15,1,1
10018,7444,6052,40,19547,18846,3136,19757,36429,83,1,1
10019,6652,5561,40,19547,18916,1624,19747,33634,74,1,1
10020,7634,2966,50,19838,19447,14187,20018,44835,42,1,1
10021,5671,3085,40,19867,19447,8597,20058,37441,46,1,1
10022,3126,801,40,10751,10550,2294,10901,17182,16,1,1
10023,7565,7514,40,12945,12133,982,13165,29276,97,1,1
10024,5330,1363,40,13085,12834,1563,13265,21561,24,1,1
10025,5250,1453,40,13125,12864,1603,13285,21621,24,1,1
10026,7174,6182,40,21260,20579,1783,21471,36660,82,1,1
10027,6352,1173,50,19056,18816,7695,19226,34496,22,1,1
10028,6663,3176,40,19968,19527,4138,20148,34175,48,1,1
10029,4299,1813,40,9699,9378,1543,9869,17564,32,1,1
10030,4579,882,40,6432,6222,1052,6592,13145,17,1,1
10031,3496,1072,41,9488,9277,1523,9639,15780,18,1,1
10032,6483,4789,40,14057,13476,3246,14257,28815,67,1,1
10033,6613,3166,40,14207,13766,1583,14377,25789,47,1,1
10034,6733,5380,40,22082,21451,2234,22282,36669,73,1,1
10035,5961,1273,40,19457,19206,6332,19617,33223,22,1,1
10036,7234,2966,40,19507,19096,2625,19677,32552,44,1,1
10037,4058,771,40,9919,9708,1102,10069,16060,16,1,1
10038,5921,3476,40,9808,9327,1583,9989,21019,53,1,1
10039,4459,2044,40,10791,10450,1302,10961,18816,35,1,1
10040,4488,1263,40,20499,20208,1663,20659,28123,22,1,2
10041,7174,5430,50,15179,14528,2144,15389,30167,77,1,1
10042,5460,3828,50,19006,18505,1743,19196,30277,57,1,1
10043,3987,712,40,18745,18545,1653,18896,25298,15,1,1
10044,6262,3687,40,21090,20639,5510,21271,36780,50,1,1
10045,4148,1894,40,12313,12003,2064,12483,20649,31,1,1
10046,6924,4448,40,12103,11522,1062,12293,24787,67,1,1
10047,6502,4830,40,16291,15740,1893,16481,29756,64,1,1
10048,6793,5099,40,17623,17002,3447,17824,33213,73,1,1
10049,5701,4288,51,18865,18324,4860,19056,33965,63,1,1
10050,12794,12294,40,25829,24697,7895,26079,59102,141,1,1
10051,5500,3447,50,20780,20309,10409,20970,40366,52,1,1
10052,7254,6883,40,15059,14297,1012,15269,30448,90,1,1
10053,7004,4869,40,11923,11332,1082,12113,25108,68,1,1
10054,6162,4519,40,16181,15620,1663,16371,28755,64,1,1
10055,6062,3937,50,17303,16792,4068,17493,31610,58,1,1
10056,6322,4789,50,18075,17504,3246,18275,32672,66,1,1
10057,4639,1663,40,20359,20068,16682,20519,43553,28,1,1
10058,5600,2455,40,20199,19828,15639,20369,44103,39,1,1
10059,871,141,40,8506,8406,591,8646,10299,2,1,1
10060,12373,12334,40,15770,14608,1062,16020,41829,146,1,1
10061,6762,5000,40,17042,16461,1933,17232,30978,68,1,1
10062,6602,5070,40,17062,16451,3297,17252,32281,72,1,1
10063,5331,4218,40,18054,17523,3036,18244,30869,60,1,1
10064,6393,2544,50,22021,21671,20979,22202,52169,36,1,1
10065,7394,4859,50,21631,21060,15720,21842,49855,67,1,1
10066,4939,3697,40,16741,16250,1253,16922,26861,54,1,1
10067,6182,5149,40,17413,16802,2505,17614,31490,71,1,1
10068,6762,5040,40,17634,17033,3777,17824,33463,69,1,1
10069,6943,5731,40,18174,17513,2504,18375,33593,78,1,1
10070,5230,2124,40,20709,20389,20209,20889,48492,33,1,1
10071,6512,5601,50,21170,20479,13736,21380,47259,78,1,2
10072,4879,3416,40,13355,12894,1072,13546,22953,52,1,1
10073,4008,230,40,8847,8737,1473,8997,14748,5,1,1
10074,6162,4418,41,14247,13696,2074,14448,27142,65,1,1
10075,6673,4038,40,25478,24907,2285,25668,38704,60,1,2
10076,7525,6091,41,17703,16992,1964,17904,33544,84,1,1
10077,4498,1844,40,21000,20699,19717,21160,47269,30,1,1
10078,13215,15940,40,23955,22532,12284,24226,65725,176,1,2
10079,6463,6131,40,15088,14377,1032,15289,28965,84,1,1
10080,6733,5340,41,14377,13746,2675,14578,29366,74,1,1
10081,6592,4919,50,20298,19707,3597,20499,35657,70,1,1
10082,7003,5421,40,21260,20619,2515,21450,36449,75,1,1
10083,6011,1974,40,21110,20779,18094,21270,47409,33,1,1
10084,2756,1242,40,20309,20058,12433,20469,36940,23,1,1
10085,6663,6101,40,14507,13806,992,14708,28514,82,1,1
10086,7525,6312,40,14057,13325,1913,14257,30067,86,1,1
10087,5520,4318,40,20089,19537,4168,20279,34335,62,1,1
10088,6603,5681,40,20329,19677,2805,20529,35648,76,1,1
10089,6012,2414,40,20298,19958,12985,20459,41930,35,1,1
10090,3386,1152,50,19227,18996,6542,19387,30527,21,1,1
10091,12784,7424,50,11763,11031,18485,11973,50726,89,1,1
10092,3607,1543,40,9007,8736,10500,9177,24877,26,1,1
10093,2645,1603,41,19777,19457,10951,19958,35197,27,1,2
10094,3888,1302,40,20118,19838,6652,20279,32171,21,1,2
10095,2986,2234,40,19136,18806,652,19316,25218,34,1,1
10096,15088,16411,40,24396,22923,9889,24677,66115,181,1,2
10097,2975,882,40,20108,19898,7003,20269,31179,16,1,1
10098,5069,2064,41,12102,11772,1412,12274,20869,33,1,1
10099,6632,4088,40,10069,9568,1002,10280,22032,57,1,1
10100,6202,4689,40,26490,25858,3497,26680,41098,67,1,2
10101,6763,5731,50,21340,20669,2165,21550,36259,80,1,1
10102,4880,1593,40,19617,19327,8146,19777,34456,27,1,1
10103,6392,3707,50,20289,19838,4528,20479,35156,51,1,1
10104,4248,1012,40,9348,9127,1563,9498,16371,18,1,1
10105,4669,1002,50,8807,8587,1002,8967,15690,19,1,1
10106,6522,5250,40,21862,21221,3687,22052,37561,75,1,1
10107,7294,5550,41,16551,15900,1954,16752,31590,76,1,1
10108,6292,1433,40,31770,31460,1614,31930,41319,25,1,2
10109,5531,1713,50,19688,19397,8005,19858,35157,30,1,1
10110,4127,491,40,8456,8295,1533,8607,14808,11,1,1
10111,15439,19317,41,22342,20699,1292,22643,58731,210,1,1
10112,6933,6382,41,20859,20148,1754,21070,36169,84,1,1
10113,6843,5430,40,18716,18095,4248,18916,35467,72,1,1
10114,6692,5250,41,19897,19276,3367,20098,35437,72,1,1
10115,5791,2525,40,20219,19838,8977,20399,37732,40,1,1
10116,7865,5771,40,21621,20960,6843,21821,42340,77,1,1
10117,5781,2825,50,17062,16662,1783,17243,27692,44,1,1
10118,6212,4619,40,14518,13967,1002,14728,26591,65,1,1
10119,7404,5801,40,13786,13105,1382,13987,28624,80,1,1
10120,6953,5610,40,12173,11552,1042,12373,26039,74,1,1
10121,6973,5130,40,18445,17843,3757,18646,34566,71,1,1
10122,7183,6042,40,19808,19116,3026,20008,36319,82,1,1
10123,6623,2955,50,21020,20610,16201,21200,47029,46,1,1
10124,7224,4488,51,21520,20979,15169,21711,48642,62,1,1
10125,4549,2715,40,17483,17083,1993,17654,26961,42,1,1
10126,6783,5270,40,17964,17333,2916,18164,33163,73,1,1
10127,6652,4980,50,18235,17654,3877,18435,33994,69,1,1
10128,6993,5992,50,18425,17754,2956,18635,34626,80,1,1
10129,7213,3276,40,20679,20248,20519,20860,51928,48,1,1
10130,5561,3466,40,21791,21340,18124,21982,49173,50,1,1
10131,5751,4940,40,18545,17954,1172,18745,30648,69,1,1
10132,6523,4618,40,16661,16090,2766,16862,30819,67,1,1
10133,7805,6612,51,17803,17072,2385,18014,34856,87,1,1
10134,7143,5220,40,18956,18334,3277,19156,34836,72,1,1
10135,6262,2986,40,20228,19848,17814,20408,47520,41,1,1
10136,6402,4409,40,20619,20068,13716,20809,45396,63,1,1
10137,5069,2856,50,15339,14938,1693,15519,25197,43,1,1
10138,5981,1974,40,10179,9849,1233,10339,19587,33,1,1
10139,7584,6032,40,17333,16632,1273,17553,32472,82,1,1
10140,7334,5530,40,17243,16592,3016,17443,33373,76,1,1
10141,7374,6252,40,17403,16691,1933,17614,33213,84,1,1
10142,6121,2275,40,20459,20098,20699,20629,49774,37,1,1
10143,7915,6192,40,21721,21020,12854,21921,48922,78,1,2
10144,4288,2194,40,13816,13456,2886,13986,23404,36,1,1
10145,7444,4719,40,25118,24496,1673,25308,39184,66,1,2
10146,7805,6081,40,16751,16060,2875,16953,33764,82,1,1
10147,7354,6453,40,21340,20619,1984,21550,37371,86,1,1
10148,7234,3116,40,20870,20449,15880,21050,47320,44,1,1
10149,7825,4959,40,20659,20068,10550,20860,44234,69,1,1
10150,4900,2534,40,12103,11722,1463,12273,21211,40,1,1
10151,9979,11331,40,15399,14307,1022,15640,38022,135,1,1
10152,6562,5100,50,13295,12694,2215,13495,27432,71,1,1
10153,9879,9107,40,17634,16731,1623,17864,38523,111,1,1
10154,6883,5741,41,20448,19787,2245,20649,35578,78,1,1
10155,7223,2826,40,21781,21380,22633,21951,54693,42,1,1
10156,6612,4128,41,21069,20579,10089,21261,42120,56,1,1
10157,5160,2354,40,42531,42179,1623,42701,51898,37,1,1
10158,2505,1283,40,30488,30247,2274,30658,36770,22,1,1
10159,35076,35056,531,83278,79251,12193,84801,167397,227,1,1
10160,6352,882,60,22583,22202,1533,22863,31700,10,1,1
10161,4038,1252,70,19267,18926,13806,19507,38663,14,1,1
10162,8196,8035,60,26781,25379,9458,27081,52840,66,1,1
10163,4118,2775,60,25439,24797,882,25699,33544,27,1,1
10164,17593,14648,70,34946,33383,14667,35287,82275,113,1,2
10165,3797,2335,60,29716,29115,11581,29956,47740,26,1,1
10166,4829,2845,61,18334,17463,2946,18585,29265,28,1,1
10167,8757,6161,60,18144,17393,1283,18414,34686,57,1,1
10168,4649,3917,60,18485,17844,2695,18746,30077,39,1,1
10169,10299,7514,50,13115,12434,1523,13335,32722,81,1,1
10170,6482,5330,50,18966,18364,3596,19167,34635,71,1,1
10171,7364,6592,51,19997,19306,3526,20209,37741,84,1,1
10172,5139,2184,40,20408,20088,11261,20578,39214,32,1,1
10173,2405,812,40,19537,19337,11822,19697,34776,15,1,1
10174,7224,6802,40,14387,13706,1052,14588,29716,80,1,1
10175,6222,4008,40,11952,11472,1252,12133,23665,54,1,1
10176,8065,6964,40,14728,14016,1342,14948,31359,85,1,1
10177,6783,5510,40,12244,11642,1753,12434,26540,70,1,1
10178,8376,7574,40,19517,18725,3376,19728,39104,95,1,1
10179,5380,4469,40,19407,18886,3527,19597,33023,60,1,1
10180,7774,3096,40,20890,20488,20068,21070,52058,42,1,1
10181,2515,1523,40,20439,20179,16612,20599,41289,24,1,1
10182,6643,4178,40,13335,12844,1353,13525,25739,56,1,1
10183,6592,4629,50,11843,11302,1503,12043,24817,64,1,1
10184,6612,4769,50,14207,13656,1372,14408,27201,65,1,1
10185,5661,4037,40,11191,10690,1293,11381,22413,56,1,1
10186,6622,4328,40,17523,17012,3637,17714,32341,58,1,1
10187,6502,4840,40,18455,17884,2304,18655,32351,67,1,1
10188,5751,2835,50,21120,20749,20599,21301,50526,40,1,1
10189,2685,1092,40,19647,19427,16260,19808,39895,19,1,1
10190,5500,3537,40,13355,12905,1693,13535,24306,50,1,1
10191,5901,2555,40,10420,10050,1333,10590,20409,38,1,1
10192,6413,4959,50,17133,16562,1683,17343,30438,67,1,1
10193,5931,4038,50,16181,15690,3186,16371,29586,57,1,1
10194,9528,11903,50,19277,18215,1122,19527,42130,133,1,1
10195,5941,2665,40,21491,21130,19898,21661,50215,39,1,1
10196,2865,1002,50,19738,19537,15038,19898,38863,18,1,1
10197,882,120,40,8647,8557,2835,8807,12694,1,1,1
10198,3817,1984,40,9338,9017,1593,9508,16942,32,1,1
10199,3617,430,41,9017,8866,1583,9168,14838,9,1,1
10200,6362,4699,40,14708,14146,2054,14908,28063,65,1,1
10201,7003,4829,50,16902,16350,2895,17103,31880,65,1,1
10202,6953,5511,40,21421,20780,1964,21621,36089,75,1,1
10203,6122,2224,40,20389,20048,19006,20559,47961,35,1,1
10204,2795,1373,50,19787,19537,12934,19958,37090,22,1,1
10205,5972,4077,40,13465,12974,1353,13655,25098,56,1,1
10206,6622,5390,40,13355,12724,2204,13546,27822,73,1,1
10207,8526,5159,50,20118,19527,3286,20318,37340,69,1,1
10208,6633,6021,40,21240,20579,2033,21451,36168,78,1,1
10209,5842,2484,51,20148,19787,18054,20319,46759,38,1,1
10210,2645,1243,40,20048,19808,12514,20208,36660,22,1,1
10211,6151,5670,51,13655,13034,991,13857,26720,74,1,1
10212,6332,4418,40,14708,14177,2074,14899,27773,60,1,1
10213,6282,5220,41,19346,18725,3076,19547,34165,72,1,1
10214,6332,5090,40,19728,19127,2645,19918,34035,70,1,1
10215,6142,2926,40,20288,19898,14979,20468,44555,41,1,1
10216,1944,541,50,19757,19597,9999,19917,32431,11,1,1
10217,1684,521,40,10850,10690,3306,11011,16572,10,1,1
10218,4157,381,40,7785,7634,1052,7935,13575,9,1,1
10219,6983,5701,50,12784,12173,1392,12985,27121,72,1,1
10220,7003,5801,40,19217,18576,2424,19417,34685,76,1,1
10221,7003,5590,40,21571,20930,2484,21772,36899,75,1,1
10222,7324,3256,40,20519,20098,10530,20699,41869,46,1,1
10223,2344,611,40,19297,19136,6873,19447,29335,12,1,1
10224,4358,1383,40,10460,10209,1653,10620,18074,24,1,1
10225,6482,5040,40,10861,10250,1182,11071,23805,71,1,1
10226,6352,5220,40,20289,19687,4298,20489,36409,70,1,1
10227,7044,5881,40,21531,20850,3647,21731,38353,80,1,1
10228,6051,2475,50,20179,19828,4338,20369,33263,37,1,1
10229,6663,2264,41,19687,19336,2254,19858,31069,35,1,1
10230,4268,1382,40,10330,10069,1794,10490,17974,23,1,1
10231,3226,1623,40,16742,16410,1062,16902,22874,28,1,2
10232,5600,3707,41,17793,17302,2595,17984,29936,55,1,1
10233,7084,4548,40,17053,16491,3537,17243,32462,64,1,1
10234,7414,2374,50,32952,32582,2255,33123,45226,35,1,2
10235,5120,2555,40,20649,20289,7625,20819,36179,37,1,1
10236,4860,1563,50,12033,11762,1543,12203,20209,27,1,1
10237,6883,5471,40,12975,12353,1232,13175,26811,72,1,1
10238,6232,4939,41,17322,16741,1604,17513,30348,67,1,1
10239,6622,5310,40,18354,17733,3456,18555,33984,73,1,1
10240,6062,5179,40,18555,17964,3968,18746,34005,68,1,1
10241,1883,461,40,19477,19337,9929,19637,31950,9,1,1
10242,2364,1143,40,19497,19276,8155,19647,31369,18,1,1
10243,4849,2866,40,16421,16020,2164,16601,26520,44,1,1
10244,6342,4629,50,16642,16060,2705,16842,30548,67,1,1
10245,8045,6422,40,18425,17693,3347,18635,36479,86,1,1
10246,6192,5229,50,20879,20288,3407,21080,35958,70,1,1
10247,5480,1854,40,20218,19918,16942,20388,44694,29,1,1
10248,3036,731,50,19797,19627,16431,19958,40196,13,1,1
10249,6592,5922,40,17503,16822,1162,17713,31429,81,1,1
10250,6282,4950,40,17844,17253,2234,18034,31560,68,1,1
10251,6402,4318,40,17213,16672,3787,17403,31960,62,1,1
10252,7324,6672,40,18996,18264,2585,19217,35838,88,1,1
10253,6092,2675,40,20830,20439,17443,21000,47260,41,1,1
10254,5531,3476,41,21761,21290,16982,21942,47971,52,1,1
10255,812,110,40,8656,8576,641,8807,10420,1,1,1
10256,9939,9117,41,15238,14347,1142,15460,35708,108,1,1
10257,6613,5320,40,16952,16351,1704,17162,30849,72,1,1
10258,6262,5170,50,18395,17844,3226,18605,33303,65,1,1
10259,5981,4579,50,18004,17473,3337,18194,32141,62,1,1
10260,3928,1563,50,20649,20389,19197,20819,45547,25,1,1
10261,16692,21210,40,25999,24256,16521,26320,80783,220,1,2
10262,5911,3958,40,14578,14077,1332,14768,26019,56,1,1
10263,3867,1423,40,9628,9378,1402,9789,16531,24,1,1
10264,6452,5190,50,16061,15460,2294,16261,30257,71,1,1
10265,4909,1002,40,9598,9388,1523,9758,17232,18,1,1
10266,7615,6542,40,17774,17063,2665,17974,34846,85,1,1
10267,7504,6562,40,18074,17343,1943,18275,34335,86,1,1
10268,6552,2685,40,20599,20228,18234,20770,48291,38,1,1
10269,17243,17864,40,25358,23906,11693,25638,72478,183,1,1
10270,17484,10920,50,12694,11712,17653,12945,59042,122,1,1
10271,3577,2134,40,7555,7234,10089,7725,23575,34,1,1
10272,16732,21340,41,15058,13325,11672,15369,65173,223,1,1
10273,6201,3106,40,18845,18404,15079,19046,43462,44,1,2
10274,3657,1663,40,9067,8787,10680,9238,25278,26,1,1
10275,7434,7915,40,17293,16461,3166,17503,36068,97,1,2
10276,6723,4959,41,20278,19697,2515,20469,34716,67,1,1
10277,6933,2545,50,20669,20308,18465,20849,48842,38,1,1
10278,4579,2435,40,21110,20739,12684,21280,41038,39,1,1
10279,1503,300,41,10519,10399,661,10671,13195,6,1,1
10280,10119,7945,40,10841,10029,1032,11051,30197,98,1,1
10281,4378,1954,40,12884,12574,2495,13044,21911,30,1,1
10282,6642,5631,40,20028,19397,2846,20228,35387,74,1,1
10283,7144,6342,40,20018,19337,1393,20218,35147,81,1,1
10284,6002,2354,40,20279,19918,16361,20449,45216,37,1,1
10285,2855,1182,40,19837,19607,11242,19998,35337,19,1,1
10286,5661,4839,50,13506,12955,1062,13706,25318,65,1,1
10287,6592,5020,40,13075,12474,2014,13265,26951,69,1,1
10288,6923,5350,40,18756,18114,3707,18956,34976,74,1,1
10289,6793,5280,40,21120,20509,2024,21320,35467,72,1,1
10290,5771,1934,40,19968,19667,9318,20138,37211,31,1,1
10291,6733,2836,40,20158,19777,5300,20338,35257,41,1,1
10292,4178,1763,40,11692,11412,1723,11853,19577,27,1,1
10293,6402,4258,40,11662,11141,1243,11852,23805,60,1,1
10294,6362,4910,50,19908,19347,4057,20108,35487,66,1,1
10295,7133,6072,50,20409,19758,3527,20629,37391,78,1,1
10296,6192,2084,40,20108,19788,8196,20278,36800,33,1,1
10297,6733,4138,40,20700,20179,3717,20890,35508,58,1,1
10298,4969,1703,41,9978,9688,1833,10150,18705,28,1,1
10299,4349,1242,40,9188,8937,1252,9348,16251,23,1,1
10300,5741,2905,40,14488,14077,1393,14668,24757,44,1,1
10301,5560,2004,40,13777,13465,1763,13947,23324,31,1,1
10302,7254,5320,41,21150,20529,5420,21351,39395,73,1,1
10303,7013,2846,40,20018,19637,2355,20188,32442,41,1,1
10304,6162,1533,40,19236,18956,2054,19396,29205,27,1,1
10305,4258,531,40,8776,8616,991,8926,14758,11,1,1
10306,16552,23394,40,21370,19487,3888,21691,65585,242,1,1
10307,2584,1773,50,16091,15810,641,16271,21310,28,1,1
10308,14367,15509,40,17733,16341,1904,18004,49834,170,1,2
10309,6692,5912,40,19958,19297,1463,20158,34275,78,1,1
10310,7865,4769,40,21682,21110,9428,21872,43984,65,1,1
10311,1964,1002,40,19998,19788,8687,20148,31861,17,1,1
10312,2474,401,40,11121,10981,2434,11271,16631,8,1,1
10313,5511,3176,40,11682,11242,1552,11862,22162,47,1,1
10314,6642,5641,40,17744,17093,1733,17944,32020,76,1,1
10315,6913,4629,40,17874,17302,3237,18064,32903,65,1,1
10316,5550,4378,40,18865,18324,3396,19057,32431,62,1,1
10317,4990,2134,40,20329,19998,9628,20509,37301,34,1,1
10318,2124,761,40,19226,19026,10029,19377,32341,15,1,1
10319,6873,6663,40,18385,17644,1052,18595,33233,87,1,1
10320,6993,5791,41,19366,18685,2475,19567,34876,80,1,1
10321,6362,4799,41,17493,16912,3236,17684,32141,67,1,1
10322,5420,3958,50,19347,18846,4148,19537,33123,58,1,1
10323,2054,692,40,19777,19607,17063,19927,39796,12,1,1
10324,17133,23314,40,6994,5100,19386,7324,67207,245,1,1
10325,5059,2605,40,20279,19908,16992,20449,45155,38,1,1
10326,12935,14136,40,20689,19407,1112,20960,49193,161,1,1
10327,6753,5881,40,17643,16972,1532,17844,32050,78,1,1
10328,6493,4458,40,16602,16060,2946,16792,30729,61,1,1
10329,6532,5490,40,18475,17844,2615,18665,33363,74,1,1
10330,5931,2665,40,21281,20920,22142,21451,52249,37,1,1
10331,5069,2986,50,20619,20189,15880,20810,44775,47,1,1
10332,6132,4829,40,14528,13937,1062,14718,26781,68,1,1
10333,5761,2916,40,10420,10039,1573,10600,20890,42,1,1
10334,6643,5610,40,17022,16391,1894,17223,31430,75,1,1
10335,6212,3787,40,16671,16180,2946,16852,29837,55,1,1
10336,6722,5811,41,17843,17172,2444,18054,33062,79,1,1
10337,6422,2545,40,20800,20418,19146,20970,49123,39,1,1
10338,6913,3997,40,20769,20278,12955,20949,44855,54,1,1
10339,4739,2725,40,13436,13034,1503,13606,22623,42,1,1
10340,3958,631,40,8837,8657,1533,8997,15159,13,1,1
10341,6552,5310,41,13675,13074,1783,13877,27572,71,1,1
10342,6873,4178,40,16311,15779,2995,16502,30598,60,1,1
10343,7324,5821,40,20579,19918,1543,20789,35527,79,1,1
10344,6082,2575,40,21471,21100,18335,21641,48693,39,1,1
10345,3216,732,50,19136,18956,12614,19296,35908,15,1,1
10346,4309,3386,40,13245,12815,1192,13426,22373,47,1,1
10347,6622,5391,40,13786,13155,2354,13986,28393,73,1,1
10348,6443,5119,40,19467,18845,4739,19658,36009,71,1,1
10349,6984,6131,51,20448,19757,3858,20659,37682,83,1,1
10350,6393,3075,40,20649,20248,14227,20840,44575,44,1,1
10351,7033,3927,40,20368,19918,7625,20549,39184,50,1,1
10352,3046,1122,40,11311,11071,2264,11461,17954,21,1,1
10353,4478,1333,50,8235,7995,1062,8406,15319,23,1,1
10354,7414,5500,40,13446,12784,1663,13646,28273,77,1,1
10355,6342,4920,50,18675,18094,2154,18875,32352,69,1,1
10356,7014,5330,40,20188,19567,4489,20388,37261,73,1,1
10357,24135,10470,51,22713,21791,8796,22954,66405,114,1,1
10358,2344,912,40,19407,19216,6552,19577,29425,16,1,1
10359,4909,2394,40,11262,10901,1763,11432,20549,37,1,1
10360,8146,5991,40,20018,19335,1452,20219,35868,76,1,2
10361,6512,5340,50,18445,17834,3227,18645,33784,72,1,1
10362,6762,6322,40,21571,20889,2655,21782,37561,82,1,1
10363,8256,2444,40,20108,19737,7083,20279,38112,39,1,1
10364,6622,4198,41,20689,20178,4508,20870,36258,58,1,1
10365,4328,1152,40,17553,17333,2014,17714,25238,18,1,1
10366,4839,3136,40,10230,9789,1102,10410,19547,48,1,1
10367,5401,4077,40,19597,19086,5070,19788,34396,59,1,1
10368,6913,5771,40,16452,15810,4528,16652,33924,76,1,1
10369,3978,1042,40,13075,12864,1653,13235,19958,18,1,1
10370,6432,3186,50,20108,19697,5571,20288,35527,45,1,1
10371,7584,3898,50,20108,19607,2184,20298,34014,57,1,1
10372,4278,721,40,8696,8506,1503,8856,15389,15,1,1
10373,5310,3717,40,13465,12974,1724,13645,24457,54,1,1
10374,4609,871,40,22172,21951,1923,22323,29786,14,1,2
10375,7134,5881,40,15339,14678,2224,15540,30839,78,1,1
10376,5150,3487,40,17804,17373,2124,17984,28795,48,1,1
10377,5130,290,41,18885,18745,1714,19036,26220,7,1,1
10378,5430,3146,40,20609,20189,7614,20790,37030,46,1,1
10379,2846,371,40,14658,14517,12844,14808,30909,8,1,1
10380,6703,5791,50,15199,14568,10299,15399,38252,76,1,1
10381,1593,501,40,9258,9108,7725,9408,19287,9,1,1
10382,3627,2254,40,12775,12414,6101,12945,24977,37,1,1
10383,3166,1833,40,17483,17192,801,17654,23504,29,1,1
10384,19086,22603,40,6693,4879,5330,7013,54092,234,1,1
10385,10489,10701,40,21631,20609,2665,21871,45776,127,1,1
10386,15009,14086,40,25799,24546,7815,26060,63030,157,1,1
10387,5330,3527,50,20449,20008,11873,20639,41419,50,1,1
10388,7374,7855,40,19236,18415,1272,19447,36008,99,1,1
10389,6533,5260,40,17794,17193,2445,17984,32282,70,1,1
10390,6833,5560,41,17954,17312,2935,18155,33523,74,1,1
10391,5912,4789,40,18695,18114,3937,18886,33584,66,1,1
10392,6011,2865,40,21240,20859,17804,21421,48141,41,1,1
10393,2655,972,40,19357,19146,17212,19517,40386,18,1,1
10394,5831,3887,40,13827,13284,1974,14027,25749,57,1,2
10395,6161,4309,40,11672,11131,1192,11862,23584,61,1,1
10396,6211,4549,40,17012,16431,1823,17203,29846,67,1,1
10397,7464,5491,40,17393,16742,3006,17593,33614,76,1,1
10398,5520,4167,40,17653,17132,3797,17844,31369,58,1,1
10399,4859,2014,40,20339,20028,16271,20509,43693,30,1,1
10400,5059,2705,40,20699,20298,13976,20880,42650,42,1,1
10401,5431,4698,50,16381,15840,1262,16582,28023,63,1,1
10402,6683,5110,40,17022,16411,2835,17212,31901,71,1,1
10403,7004,5219,40,17303,16712,3306,17503,33093,70,1,1
10404,5520,4599,50,17483,16952,2355,17673,30197,62,1,1
10405,6332,2405,40,20228,19878,20459,20398,49654,35,1,1
10406,8567,3967,41,20819,20318,14077,21010,47671,56,1,1
10407,6102,3616,40,13425,12954,1223,13606,24607,52,1,1
10408,3998,1132,40,9308,9067,1372,9468,16010,21,1,1
10409,7083,6102,40,15420,14718,2104,15620,30959,83,1,1
10410,6883,3977,41,24947,24396,2384,25128,38412,57,1,2
10411,7774,5972,40,17253,16591,2084,17463,33333,79,1,1
10412,6101,2404,40,20900,20559,13776,21070,43402,35,1,1
10413,3246,1203,40,19316,19076,13675,19467,37641,21,1,1
10414,6271,5812,40,14357,13696,1002,14557,27702,78,1,1
10415,7434,6783,40,14427,13696,2635,14627,31539,87,1,1
10416,6462,4859,40,19357,18776,3096,19547,34004,66,1,1
10417,6422,5240,40,20168,19547,2044,20358,34124,72,1,1
10418,5560,2675,40,21230,20839,18144,21410,47840,41,1,1
10419,2185,891,51,19346,19156,11622,19507,34265,16,1,1
10420,7154,7013,40,14889,14136,1112,15109,30438,91,1,1
10421,6683,5250,40,13425,12834,2275,13615,27873,67,1,1
10422,6772,5912,50,19547,18886,3236,19757,35717,79,1,1
10423,7234,5771,40,19627,18976,2094,19827,34986,77,1,1
10424,6021,2425,40,20269,19908,13966,20439,42901,36,1,1
10425,2735,1343,40,19958,19708,9117,20118,33363,24,1,1
10426,5671,4659,40,13115,12564,1152,13315,24837,63,1,1
10427,4248,551,51,7925,7774,1182,8086,14117,11,1,1
10428,6913,5531,40,14267,13626,1954,14467,28915,75,1,1
10429,7173,5290,40,18835,18204,3577,19036,35126,74,1,1
10430,6582,5440,40,23534,22883,4269,23735,40076,75,1,1
10431,6262,2835,40,20749,20358,10440,20930,40517,42,1,1
10432,2504,1072,40,19707,19487,5831,19868,29325,19,1,1
10433,5670,1714,40,11241,10951,2335,11411,21190,29,1,1
10434,6252,3366,41,10670,10219,1002,10861,21511,51,1,1
10435,4018,1011,40,13776,13506,1052,13927,20048,19,1,2
10436,7805,6993,40,19598,18836,3707,19818,38373,93,1,1
10437,7114,6061,40,21310,20619,5180,21511,39916,81,1,1
10438,6111,2504,41,19917,19557,5130,20088,33874,37,1,1
10439,7214,2905,40,20048,19667,2695,20229,33093,41,1,1
10440,4949,1743,40,9337,9027,1593,9498,17833,30,1,1
10441,4639,1502,40,8997,8716,1052,9158,16401,26,1,1
10442,6622,5159,51,15810,15208,3657,16011,31500,71,1,1
10443,4368,621,40,12935,12754,1783,13085,19907,13,1,1
10444,6763,5380,40,17202,16561,5731,17393,35327,75,1,1
10445,2525,461,40,12654,12504,2294,12804,18124,9,1,1
10446,5020,1633,40,19858,19567,1773,20028,28504,28,1,1
10447,5311,1022,50,20088,19877,3036,20258,29677,19,1,1
10448,4589,601,40,8797,8627,992,8957,15179,13,1,1
10449,6622,5541,40,15029,14398,4328,15229,31760,74,1,1
10450,6242,5310,40,19758,19126,3326,19958,34886,73,1,1
10451,6933,4188,40,18034,17513,1964,18234,31359,60,1,1
10452,6683,5019,40,19237,18625,2505,19427,33694,71,1,1
10453,5922,2685,40,20499,20108,9578,20669,38904,41,1,1
10454,4739,2334,40,20790,20419,7564,20970,35657,39,1,1
10455,4759,2395,40,15579,15219,2144,15749,25107,38,1,1
10456,6803,5260,50,17664,17042,2474,17864,32461,73,1,1
10457,6432,4799,40,17103,16512,3476,17303,32060,69,1,1
10458,5661,4880,40,18445,17864,3286,18635,32512,67,1,1
10459,5260,2044,40,20649,20309,17272,20819,45446,34,1,1
10460,2656,961,40,19476,19256,13155,19628,36460,18,1,1
10461,6532,4358,41,14457,13916,1553,14648,27141,61,1,1
10462,6994,4709,40,12033,11462,1092,12223,25078,65,1,1
10463,6493,5199,40,16942,16311,2134,17143,31009,72,1,1
10464,6542,4679,40,17193,16622,3266,17393,31930,67,1,1
10465,5461,4498,40,17664,17112,3587,17854,31460,63,1,1
10466,14778,8165,50,23004,22222,17804,23224,64021,94,1,1
10467,2715,611,40,19466,19296,15779,19618,38773,12,1,1
10468,5931,5591,40,18204,17553,1172,18405,31159,76,1,1
10469,7134,5750,40,17583,16912,2826,17784,33544,79,1,1
10470,6251,4980,40,16441,15860,3397,16631,31309,66,1,1
10471,5641,4348,41,17603,17062,2234,17794,30067,61,1,1
10472,6232,2765,40,20529,20138,20299,20699,50045,41,1,1
10473,2235,1172,40,19387,19167,17092,19547,40106,20,1,1
10474,2575,2003,41,1152,831,581,1313,6522,32,1,1
10475,10179,9428,40,15029,14127,1472,15259,36378,111,1,1
10476,6112,3186,40,10370,9959,1563,10560,21471,46,1,1
10477,6402,4860,40,16471,15880,1774,16661,29757,68,1,1
10478,6593,4579,40,16671,16100,2655,16862,30749,65,1,1
10479,7464,6873,40,17954,17223,2655,18164,35216,89,1,1
10480,6623,3156,50,22112,21721,19467,22292,51568,42,1,1
10481,1363,370,40,19877,19737,722,20017,22523,7,1,1
10482,17934,20529,40,5931,4318,16942,6232,61687,207,1,1
10483,7705,6713,40,14317,13576,1072,14517,30067,89,1,1
10484,5811,2375,40,21892,21511,1563,22062,31871,35,1,2
10485,6322,4288,40,16311,15770,3327,16491,30478,62,1,1
10486,7394,6913,50,22703,21982,2084,22913,39365,88,1,1
10487,1744,290,40,19628,19496,17112,19768,38974,6,1,1
10488,16601,22743,40,6642,4819,13857,6963,60224,234,1,1
10489,5149,2084,40,20328,19998,12544,20499,40306,32,1,1
10490,17663,8827,51,11912,11061,18105,12143,56778,104,1,1
10491,3647,1983,40,8746,8426,11312,8907,25889,31,1,1
10492,16711,22162,40,6632,4819,19787,6984,65694,233,1,1
10493,9388,7233,40,19907,19106,17273,20118,54062,90,1,2
10494,3697,2565,40,9769,9398,12113,9939,28374,38,1,1
10495,8456,7034,40,17152,16360,3136,17362,36038,91,1,2
10496,6422,5621,40,13596,12964,1774,13786,27663,74,1,1
10497,6812,4970,40,15970,15389,1312,16161,29305,66,1,1
10498,1663,421,40,19266,19106,17183,19416,38723,10,1,1
10499,17444,22632,40,6612,4799,12283,6934,59333,233,1,1
10500,4869,2796,40,20238,19878,10420,20418,38553,38,1,1
10501,5451,4839,40,13576,12995,1072,13786,25188,67,1,1
10502,5941,4208,40,13024,12523,2515,13225,25939,58,1,1
10503,4288,1132,40,17173,16893,1553,17333,24356,21,1,2
10504,6602,4920,50,16181,15600,1984,16381,29937,68,1,1
10505,6382,5510,40,21110,20509,2605,21311,35848,71,1,1
10506,6221,3155,40,20729,20318,14147,20909,44484,46,1,1
10507,2765,1283,50,19517,19277,8376,19677,32151,22,1,1
10508,5090,2996,40,11732,11322,1754,11912,21802,45,1,1
10509,5561,3517,40,11612,11151,1593,11792,22523,51,1,1
10510,7043,5871,40,20419,19858,1804,20609,35387,64,1,1
10511,6993,6392,40,22162,21461,1833,22363,37641,83,1,1
10512,7704,2195,40,20098,19757,8045,20268,38262,35,1,1
10513,6913,3247,40,20268,19838,4689,20438,35337,47,1,1
10514,3656,1032,40,9718,9498,1703,9879,16320,19,1,1
10515,4559,1342,41,14938,14648,1262,15119,22322,23,1,2
10516,2735,1824,40,12834,12524,4148,12994,21751,30,1,1
10517,6442,2906,40,13986,13596,1704,14166,25268,41,1,1
10518,6943,5511,40,15560,14968,5570,15760,33834,70,1,1
10519,3907,992,40,13065,12834,1653,13225,19817,19,1,1
10520,5811,1263,50,19898,19657,3366,20058,30548,22,1,1
10521,3817,461,41,19266,19106,1774,19417,25519,10,1,1
10522,2374,120,40,8786,8706,2004,8947,13485,1,1,1
10523,4138,2194,40,10640,10280,2425,10810,19607,36,1,1
10524,6783,5350,50,11973,11352,1232,12173,25588,73,1,1
10525,3537,1743,51,23925,23604,1924,24096,31350,28,1,2
10526,7514,6693,40,13606,12875,2034,13816,30107,87,1,1
10527,2185,1282,50,16792,16552,732,16962,21211,23,1,1
10528,11081,7635,50,21601,20770,6653,21821,47240,97,1,2
10529,7093,5060,40,21651,21060,6372,21851,40406,68,1,1
10530,4458,2355,40,14558,14197,2264,14728,23865,37,1,1
10531,6913,4509,50,14197,13656,1052,14387,26921,63,1,1
10532,3617,2054,40,12403,12083,2155,12573,20459,33,1,1
10533,7153,5781,40,12464,11802,1303,12664,26931,77,1,1
10534,6602,5220,50,18384,17783,4077,18586,34545,71,1,1
10535,3126,1733,40,16661,16371,792,16822,22533,28,1,1
10536,17604,22242,50,25729,23906,10440,26049,76395,231,1,2
10537,2034,751,40,19748,19567,11522,19898,34255,13,1,1
10538,6402,5811,40,19387,18725,1152,19587,33003,78,1,1
10539,6672,5731,40,18696,18034,2174,18896,33523,78,1,1
10540,6573,4939,41,17362,16761,3767,17554,32893,70,1,1
10541,5320,4288,40,18786,18264,782,18986,29426,60,1,1
10542,17534,22362,41,26680,24776,17423,27001,84370,239,1,2
10543,6702,4309,40,20980,20439,14437,21170,46668,61,1,1
10544,1463,160,40,8627,8516,2675,8767,13105,3,1,1
10545,6582,5030,40,14798,14207,1153,14988,27803,68,1,1
10546,7283,5902,50,19347,18695,2114,19557,34906,78,1,1
10547,5861,4388,50,17122,16591,3387,17323,31009,62,1,1
10548,5971,5110,40,18576,17964,2765,18766,32662,70,1,1
10549,6081,2094,50,20509,20199,20720,20679,49624,32,1,1
10550,5130,4268,40,20800,20248,16251,20980,46679,58,1,2
10551,751,120,40,8506,8416,571,8646,10149,1,1,1
10552,18104,20379,50,18405,16731,1542,18725,58801,216,1,1
10553,6522,5260,40,16692,16070,2114,16892,30838,72,1,1
10554,6782,5209,40,16741,16120,2755,16942,31740,73,1,1
10555,6984,5921,40,18024,17353,2264,18224,33454,79,1,1
10556,6553,2925,40,20750,20358,18625,20930,49093,42,1,1
10557,3086,1072,50,19738,19527,15178,19898,39294,18,1,1
10558,4238,2836,50,13075,12674,1372,13265,21751,44,1,1
10559,3938,1453,40,9628,9358,1473,9788,16702,26,1,1
10560,6181,5200,40,14788,14176,2795,14989,29215,71,1,1
10561,6903,5220,40,16721,16100,3778,16912,32863,72,1,1
10562,6733,3787,40,18585,18084,2235,18765,31570,55,1,1
10563,7113,2034,40,20689,20349,19137,20849,49183,33,1,1
10564,2715,992,40,19928,19708,12564,20078,36399,18,1,1
10565,4870,2605,40,12924,12544,1704,13094,22313,39,1,1
10566,6362,5591,40,13776,13135,2405,13976,28364,74,1,1
10567,6402,4759,40,19577,18986,2174,19767,33152,68,1,1
10568,7324,6693,40,21261,20529,2034,21471,37572,87,1,1
10569,6463,2554,40,20188,19827,15249,20359,44675,38,1,1
10570,2565,1212,50,19597,19367,9818,19767,33413,22,1,1
10571,6192,5661,40,13676,13045,1333,13876,27112,74,1,1
10572,6482,4678,40,13605,13044,2114,13797,27122,65,1,1
10573,6633,5000,50,20038,19477,3587,20238,35498,66,1,1
10574,7163,5721,40,20569,19928,2484,20769,36188,76,1,1
10575,6031,2554,40,20188,19827,15069,20369,44064,39,1,1
10576,2945,1263,40,19968,19727,9387,20128,33763,22,1,1
10577,4228,1332,40,11292,11031,2084,11462,19166,24,1,1
10578,4037,852,40,7845,7645,1473,8005,14417,16,1,1
10579,3637,1753,41,10840,10550,2285,11001,18736,28,1,1
10580,7004,5851,50,19297,18615,3537,19507,35949,81,1,1
10581,7023,6422,50,23334,22633,2374,23545,39414,84,1,1
10582,5771,2395,40,19767,19417,11322,19937,39485,35,1,1
10583,2274,421,40,19186,19036,6963,19337,29055,9,1,1
10584,4388,2084,40,10680,10349,1483,10851,18856,34,1,1
10585,6752,4379,40,10360,9829,1192,10570,22933,61,1,1
10586,6823,5831,40,15019,14358,3486,15219,31409,77,1,1
10587,6403,3516,40,20810,20307,1854,20990,32803,49,1,2
10588,6904,5911,40,21270,20589,1714,21480,36059,81,1,1
10589,5711,1944,50,19667,19367,5060,19837,32612,30,1,1
10590,8657,2965,50,21430,21040,2514,21641,35828,40,1,1
10591,3196,311,40,9257,9127,1313,9407,14267,6,1,1
10592,4168,642,40,9287,9107,1252,9438,15560,14,1,1
10593,6443,4789,40,14417,13836,3656,14617,29556,68,1,1
10594,4228,441,50,12864,12714,1714,13024,19457,11,1,1
10595,6602,5250,41,15349,14728,4779,15540,32221,72,1,1
10596,5621,1834,40,31800,31480,2505,31970,41970,28,1,2
10597,5150,2705,40,21000,20599,6483,21180,35568,43,1,1
10598,4027,701,40,8536,8326,1283,8686,14748,16,1,1
10599,6823,4779,40,14037,13446,2114,14227,27993,67,1,1
10600,6883,5080,40,19848,19217,2264,20048,34325,73,1,1
10601,6322,4719,40,17914,17343,3727,18105,32933,65,1,1
10602,7003,5691,41,19036,18384,3627,19237,35618,76,1,1
10603,5320,3006,50,20900,20499,9608,21080,39064,44,1,1
10604,2365,811,50,19718,19527,8516,19878,31630,16,1,1
10605,10169,6232,40,18315,17664,12784,18515,47760,76,1,1
10606,3707,2184,40,12784,12473,8837,12965,27733,32,1,1
10607,1122,230,50,8937,8836,721,9088,11201,4,1,1
10608,17994,17984,50,18254,16742,20949,18556,75533,193,1,1
10609,2705,1603,40,16692,16412,641,16852,21861,26,1,1
10610,17503,22693,40,6733,4890,5871,7053,53160,236,1,1
10611,7033,6743,40,20148,19427,3216,20359,37411,88,1,1
10612,4589,1613,50,20078,19808,17183,20248,43683,26,1,1
10613,2435,982,50,19387,19176,17192,19547,40216,19,1,1
10614,6052,4358,40,13626,13045,1704,13816,25970,62,1,2
10615,6412,4439,40,11963,11402,1673,12153,24727,64,1,1
10616,7625,6051,40,18616,17934,2144,18826,34696,81,1,1
10617,6382,4939,40,17593,17002,3236,17783,32391,68,1,1
10618,5561,4308,40,17514,16962,3296,17704,30909,62,1,1
10619,4278,1754,40,21310,21010,18976,21480,46538,29,1,1
10620,14267,18616,40,25037,23454,17583,25348,75854,200,1,2
10621,4930,3667,40,16251,15780,1353,16431,26441,52,1,1
10622,6753,6041,40,18044,17373,3196,18255,34285,79,1,1
10623,6643,4739,40,17804,17233,3767,17994,33183,65,1,1
10624,5400,4208,40,17524,17003,2535,17714,29907,59,1,1
10625,6402,3136,40,20329,19928,20529,20509,50606,43,1,1
10626,2855,962,40,19547,19337,15730,19707,39304,17,1,1
10627,5821,4609,40,13466,12915,1062,13666,25208,64,1,1
10628,4429,1202,40,9919,9679,1964,10079,17714,21,1,1
10629,2715,2054,40,12804,12483,1924,12975,19718,32,1,1
10630,4088,771,40,9238,9038,1773,9408,16080,16,1,1
10631,6572,4790,40,16862,16281,3697,17052,32161,67,1,1
10632,6141,5230,40,18025,17423,2494,18225,32140,70,1,1
10633,6192,2304,40,20078,19718,20088,20248,48872,37,1,1
10634,3367,1132,40,19467,19227,13486,19627,37662,21,1,1
10635,6733,6562,40,15299,14577,1052,15500,29907,85,1,1
10636,6642,5050,40,14388,13777,2775,14588,29095,70,1,1
10637,4208,871,50,9098,8896,1653,9258,16040,17,1,1
10638,6463,4418,50,16481,15941,3045,16682,30648,63,1,1
10639,6302,5220,40,19917,19316,2004,20118,33694,71,1,1
10640,6282,2775,40,20589,20209,17383,20759,47249,40,1,1
10641,5631,3567,40,21751,20830,11982,21931,43162,50,1,1
10642,4679,3617,50,12955,12504,1152,13145,22643,51,1,1
10643,6533,5640,40,14637,13996,2434,14848,29506,76,1,1
10644,6783,5541,40,19557,18906,4980,19757,37101,76,1,1
10645,6993,6402,40,21019,20298,2234,21221,36910,85,1,1
10646,6452,2745,40,20980,20599,16301,21150,46708,40,1,1
10647,4769,2775,40,21591,21190,12654,21771,42009,43,1,1
10648,5841,4999,40,13506,12904,1072,13706,25658,68,1,1
10649,7514,6383,40,13776,13075,1653,13976,29566,83,1,1
10650,6231,4329,50,20789,20218,1533,20989,33122,63,1,2
10651,6963,5230,40,16161,15540,1863,16351,30467,72,1,1
10652,7003,5941,40,19948,19276,2856,20158,36008,80,1,1
10653,6252,1993,40,20378,20058,11292,20549,40116,31,1,1
10654,2625,982,41,19657,19426,6322,19818,29807,19,1,1
10655,4949,2575,40,11181,10811,1633,11362,20559,39,1,1
10656,7404,4819,40,12163,11592,1062,12353,25689,65,1,1
10657,6763,5590,40,20980,20328,3537,21180,37130,76,1,1
10658,5190,3266,41,19647,19206,2304,19818,30638,48,1,1
10659,6272,1854,40,19938,19617,10009,20108,38283,31,1,1
10660,2345,941,41,19637,19406,5911,19798,29035,19,1,1
10661,4689,962,40,8877,8657,2475,9037,17223,19,1,1
10662,4579,1002,50,8777,8556,1553,8937,16131,19,1,1
10663,4588,602,40,6272,6091,1082,6422,12734,13,1,1
10664,3576,2786,40,13325,12955,2345,13505,22262,41,1,1
10665,7454,3607,50,14207,13756,1413,14397,26921,51,1,1
10666,6493,5270,40,20880,20268,4949,21080,37832,71,1,1
10667,5801,701,40,19147,18956,2484,19307,28343,15,1,1
10668,4248,1503,40,19618,19336,1673,19788,27252,27,1,1
10669,4498,1012,41,9447,8215,1242,9609,16411,18,1,1
10670,5661,3607,40,13285,12804,2114,13465,24907,53,1,1
10671,7364,6352,40,31089,30377,2725,31300,47801,82,1,2
10672,5661,3847,40,17994,17504,1803,18185,29546,56,1,1
10673,6172,1663,40,20058,19758,11322,20218,39435,29,1,1
10674,5190,3056,40,20779,20379,8005,20970,37261,45,1,1
10675,4448,2114,40,11442,11091,2415,11612,20639,35,1,1
10676,6463,4418,50,12053,11502,1102,12253,24276,63,1,1
10677,6352,4929,40,16712,16111,1784,16902,30027,69,1,1
10678,7674,5330,41,17773,17142,2846,17974,33874,73,1,1
10679,6302,5230,40,18816,18195,4348,19016,34946,73,1,1
10680,2003,832,40,20028,19828,10350,20178,33423,16,1,1
10681,5771,3266,40,20428,19968,9467,20609,39164,51,1,1
10682,5841,5741,40,17453,16792,1173,17653,30448,77,1,1
10683,6513,5199,40,17924,17303,1633,18115,31520,72,1,1
10684,6122,4428,40,17263,16732,3687,17453,31740,61,1,1
10685,5881,5180,40,18315,17724,2926,18515,32552,70,1,1
10686,5961,2004,50,20499,20179,19347,20669,48031,33,1,1
10687,8456,8917,40,21942,21019,19757,22172,59342,108,1,2
10688,6953,6272,40,17504,16811,1152,17714,32131,83,1,1
10689,6363,5189,40,16852,16251,2635,17053,31300,71,1,1
10690,6422,4749,40,17213,16652,3206,17403,31830,64,1,1
10691,5720,4820,40,17603,17022,3587,17793,31970,67,1,1
10692,5941,2434,40,21050,20699,17563,21221,47199,36,1,1
10693,5561,3677,40,21070,20569,15389,21250,45937,56,1,1
10694,1293,220,40,10089,9979,7585,10239,19377,4,1,1
10695,3166,2124,50,9718,9408,1924,9889,17163,32,1,1
10696,5941,3196,40,10680,10250,1562,10861,21600,46,1,1
10697,6993,5711,40,16872,16221,1503,17072,31339,77,1,1
10698,6552,4789,40,16411,15830,2615,16602,30618,67,1,1
10699,6342,5350,50,17693,17072,2334,17894,31981,73,1,1
10700,6532,2365,50,21090,20729,20439,21270,50656,39,1,1
10701,6602,4218,40,21050,20548,14658,21230,46768,56,1,1
10702,4698,3637,40,13896,13435,1132,14087,23604,52,1,1
10703,4028,1132,40,9278,9037,1373,9438,16021,21,1,1
10704,6472,5220,40,14878,14247,2345,15078,29175,73,1,1
10705,6662,5411,40,16782,16151,3196,16982,32291,73,1,1
10706,6011,4559,40,20319,19758,2284,20509,33403,65,1,1
10707,5862,1703,50,20319,20028,18745,20489,46839,28,1,1
10708,2765,581,40,19136,18956,12323,19286,35016,12,1,1
10709,4058,2324,40,11883,11522,1763,12063,20248,37,1,1
10710,6583,5520,40,14557,13936,2245,14758,29156,73,1,1
10711,6382,4910,50,19978,19397,3366,20178,34876,68,1,1
10712,6783,6192,40,20719,20028,2124,20919,36068,82,1,1
10713,6162,2785,40,20178,19798,16872,20349,46218,40,1,1
10714,7063,3397,40,20389,19938,9979,20569,41068,49,1,1
10715,10761,6342,50,10921,10280,19477,11131,47761,76,1,1
10716,3526,1513,41,7724,7454,10260,7885,23234,25,1,1
10717,17072,19948,41,13645,12062,6562,13946,57589,204,1,1
10718,2204,1363,40,18184,17894,14116,18335,36058,22,1,2
10719,6001,3657,40,9668,9198,8245,9849,27812,52,1,1
10720,8165,6291,40,17834,17142,1663,18045,34215,83,1,1
10721,6793,5991,50,20269,19608,2294,20479,35607,79,1,1
10722,5851,2234,40,20799,20469,14547,20969,43663,34,1,1
10723,7263,4579,40,21180,20629,8025,21371,41288,62,1,1
10724,3066,951,40,10499,10289,2003,10651,16731,17,1,1
10725,2305,821,40,17634,17404,2064,17794,23014,16,1,2
10726,4779,3466,50,17644,17192,3236,17834,29355,50,1,1
10727,6772,6052,40,20920,20259,6412,21130,40406,78,1,1
10728,6422,2354,40,20639,20288,9488,20810,39134,37,1,1
10729,7504,5370,40,20920,20309,3897,21120,37931,70,1,1
10730,3877,892,40,10640,10440,1894,10800,17513,16,1,1
10731,6663,3777,51,10209,9738,1182,10400,22072,54,1,1
10732,5881,4168,50,14007,13476,2114,14197,26410,61,1,1
10733,8326,4148,40,14868,14357,1533,15058,29115,59,1,1
10734,6402,5631,40,21230,20599,6393,21440,39906,75,1,1
10735,15188,9969,40,22212,21270,3476,22443,51126,115,1,1
10736,6823,3035,40,19947,19527,2294,20129,32321,45,1,1
10737,3998,210,40,8646,8536,1313,8787,14368,4,1,1
10738,4478,1183,40,19627,19346,1533,19787,27031,22,1,2
10739,4739,832,40,12965,12764,1833,13125,20569,16,1,1
10740,7043,6212,40,16331,15649,5260,16531,35086,80,1,1
10741,4458,2345,40,16892,16541,2335,17062,26260,36,1,1
10742,5390,672,50,18836,18655,1693,18996,26801,14,1,1
10743,6011,3857,51,20929,20458,7474,21120,38502,53,1,1
10744,4508,2545,40,15990,15630,2474,16171,25738,38,1,1
10745,7153,4799,40,16932,16371,2284,17123,31419,65,1,1
10746,6673,4408,40,17804,17263,3527,18004,32662,63,1,1
10747,5521,5190,40,19467,18896,4188,19657,34596,65,1,1
10748,4208,1653,40,20569,20289,11282,20729,37922,25,1,1
10749,2364,1002,40,19968,19748,10530,20118,34074,18,1,1
10750,7434,7354,40,18405,17613,1262,18626,34726,96,1,1
10751,6692,5321,40,17653,17012,2665,17853,32581,74,1,1
10752,6933,5380,40,17954,17313,4028,18154,34536,75,1,1
10753,6533,5079,40,19046,18435,3817,19247,34716,70,1,1
10754,5000,1513,40,20028,19747,16651,20188,43402,26,1,1
10755,2695,1022,40,19567,19347,15560,19727,39054,19,1,1
10756,4950,2695,40,15219,14818,2084,15389,25168,42,1,1
10757,6963,5491,40,17012,16371,3297,17212,33013,75,1,1
10758,7875,6753,50,17924,17173,3477,18134,36279,90,1,1
10759,5671,4729,51,18414,17833,3416,18616,32492,68,1,1
10760,5160,2074,40,21822,21481,21070,21992,50346,34,1,1
10761,5761,4479,40,20960,20369,16722,21150,48172,63,1,2
10762,5079,3707,41,15779,15279,1332,15961,26119,55,1,1
10763,6913,5771,40,18735,18054,3336,18936,35006,79,1,1
10764,6522,5180,50,17393,16812,3597,17593,32952,69,1,1
10765,6252,5190,40,18004,17383,2615,18194,32291,71,1,1
10766,6282,1794,40,20018,19727,20228,20188,48542,29,1,1
10767,8176,5841,40,21691,21011,14598,21901,50556,75,1,2
10768,9157,8777,40,17724,16852,1152,17944,37090,106,1,1
10769,6512,5200,40,14106,13485,2645,14307,28704,71,1,1
10770,4088,1002,40,22142,21892,1763,22302,29205,18,1,2
10771,9017,7123,40,18035,17272,1282,18255,35717,92,1,1
10772,5971,2785,40,21241,20849,18876,21411,49103,41,1,1
10773,5511,3316,40,21040,20589,13867,21210,43964,49,1,1
10774,1212,271,40,9678,9538,671,9828,12022,6,1,1
10775,12895,12393,40,13024,11872,1062,13276,39666,143,1,1
10776,2705,1784,40,13255,12955,2956,13425,20920,29,1,1
10777,6583,3767,40,19918,19427,1994,20098,32502,55,1,1
10778,6793,5450,40,20759,20118,1713,20959,34956,75,1,1
10779,5941,2355,40,20789,20439,17063,20959,46368,36,1,1
10780,2605,992,40,19708,19477,12844,19868,36339,19,1,1
10781,5591,5160,40,14387,13806,1002,14587,26390,68,1,1
10782,6783,4980,50,13405,12824,2425,13605,27833,68,1,1
10783,6582,5220,40,19617,18996,3656,19817,35316,72,1,1
10784,6652,5801,40,20669,19998,1693,20870,35066,79,1,1
10785,5881,3277,40,20429,20008,16271,20599,46088,46,1,1
10786,2786,741,40,19177,18986,9758,19327,32662,14,1,1
10787,4849,3477,40,12554,12083,1312,12734,22422,51,1,1
10788,6653,5270,40,12965,12364,1733,13155,26871,70,1,1
10789,6252,5290,40,19297,18676,3256,19497,34355,74,1,1
10790,7244,5600,40,22212,21561,2254,22413,37561,76,1,1
10791,5972,1953,40,19827,19517,11292,19998,39265,31,1,1
10792,2725,802,40,19286,19086,6763,19446,29786,16,1,1
10793,4819,1313,40,10971,10710,1362,11131,18685,23,1,1
10794,6583,4148,40,10881,10360,1182,11061,23034,59,1,1
10795,5240,1773,40,25819,25478,3116,25980,36149,30,1,2
10796,8597,9287,40,24346,23444,1773,24577,44284,111,1,1
10797,6302,2665,50,20749,20359,10219,20930,40166,42,1,1
10798,7003,3627,40,21050,20569,4739,21240,36659,54,1,1
10799,4118,1312,40,9318,9058,2064,9478,17022,24,1,1
10800,4568,1543,40,9098,8817,1002,9268,16421,27,1,1
10801,6432,5250,40,21020,20398,2285,21220,35237,73,1,1
10802,6101,5010,40,16251,15650,3396,16441,30988,69,1,1
10803,4098,701,40,12654,12473,2014,12815,19668,15,1,1
10804,6292,1734,40,19627,19316,2284,19797,30147,30,1,1
10805,5861,1794,40,19477,19176,2675,19647,30037,31,1,1
10806,3617,290,40,8597,8456,1413,8747,14107,7,1,1
10807,9638,11101,40,16802,15740,1112,17042,38953,131,1,1
10808,6822,5812,40,18054,17393,3296,18274,34244,79,1,1
10809,4228,641,40,12854,12654,1663,13005,19587,15,1,1
10810,6111,4940,40,17864,17273,2134,18064,31299,68,1,1
10811,5550,2365,40,20379,20048,9869,20549,38393,34,1,1
10812,2194,951,40,19737,19537,8096,19897,31179,16,1,1
10813,4589,2615,40,12163,11772,2174,12343,21761,41,1,1
10814,7163,5631,40,12293,11652,1302,12494,26640,75,1,1
10815,6712,5831,40,15539,14898,1784,15739,30127,76,1,1
10816,7143,6031,40,12804,12133,1342,13005,27572,79,1,1
10817,6142,5060,40,18505,17914,3727,18705,33694,70,1,1
10818,6612,5370,40,20128,19487,3326,20329,35677,75,1,1
10819,5250,2615,40,21301,20930,11261,21471,40637,38,1,1
10820,6061,3807,50,20859,20358,11101,21050,42059,56,1,1
10821,9718,4679,40,15390,14859,18745,15580,48762,59,1,1
10822,3597,1873,50,14838,14537,15369,15008,35908,30,1,1
10823,8577,9037,40,13325,12414,20288,13545,51498,107,1,2
10824,3667,2825,40,14017,13626,15409,14187,36138,42,1,1
10825,10480,12153,40,19096,17924,4228,19347,46268,143,1,2
10826,3106,2304,40,17453,17103,642,17623,23735,36,1,1
10827,17373,24156,40,7124,5179,21351,7454,70394,250,1,1
10828,5069,2705,40,20218,19877,19728,20389,47951,36,1,1
10829,11192,10159,40,22673,21701,16732,22913,61046,116,1,2
10830,3647,1213,40,13485,13245,1964,13645,20509,20,1,1
10831,5390,2274,40,12614,12293,1342,12795,21851,34,1,1
10832,3126,2104,40,12494,12153,2565,12664,20509,34,1,1
10833,6612,3777,41,10700,10239,1292,10891,22612,52,1,1
10834,6051,5060,40,17423,16832,3647,17623,32421,68,1,1
10835,5601,4759,40,18545,17994,3456,18735,32592,63,1,1
10836,5180,1893,41,20599,20308,19927,20780,47820,28,1,1
10837,5560,3607,50,20629,20179,14377,20810,44404,51,1,1
10838,5961,4609,40,14287,13726,1042,14477,26149,64,1,1
10839,5901,2655,40,10390,10009,1242,10560,20398,40,1,1
10840,6332,4709,50,16040,15469,1583,16251,28915,67,1,1
10841,7464,5471,40,17383,16752,2665,17573,33223,74,1,1
10842,7204,5731,50,17293,16641,2174,17493,32662,77,1,1
10843,5741,2475,40,20629,20259,20229,20799,49304,38,1,1
10844,2795,952,40,19377,19176,15469,19527,38793,16,1,1
10845,4649,3537,40,13085,12604,1062,13265,22563,53,1,1
10846,5030,1733,40,19698,19387,1472,19858,28153,27,1,2
10847,7624,5761,50,16772,16131,2705,16972,33112,77,1,1
10848,7414,6031,40,21902,21210,2825,22102,38412,81,1,1
10849,5741,1302,41,19807,19567,14027,19968,41098,22,1,1
10850,5631,2685,40,21271,20870,14487,21451,44294,44,1,1
10851,3507,1252,40,11582,11332,2034,11742,18595,22,1,1
10852,6652,5771,40,13916,13265,2214,14117,28814,76,1,1
10853,7023,5280,41,19026,18404,2064,19227,33644,72,1,1
10854,6803,6201,40,20699,20008,1914,20900,35868,82,1,1
10855,5751,2214,40,20579,20239,13325,20749,42090,34,1,1
10856,2845,661,40,19106,18936,8045,19257,30868,12,1,1
10857,5811,3728,40,12854,12363,1293,13044,23926,55,1,1
10858,6692,5371,40,16611,16000,1593,16801,30518,71,1,1
10859,7134,5951,40,19397,18716,3146,19597,35878,80,1,1
10860,6602,5441,40,19878,19236,1813,20078,33974,74,1,1
10861,5902,2304,40,20188,19848,16030,20349,44645,34,1,1
10862,3066,1432,40,20158,19897,9919,20329,34786,25,1,1
10863,5290,3547,50,12213,11752,1233,12413,22523,53,1,1
10864,6833,4378,40,11672,11131,1723,11863,24847,61,1,1
10865,6302,2905,40,13585,13175,1212,13777,24236,45,1,1
10866,8756,6352,41,16210,15509,1303,16411,32882,83,1,1
10867,7063,6262,40,23164,22463,2665,23364,39404,83,1,1
10868,6462,1583,40,19888,19618,8747,20058,36890,26,1,1
10869,5460,3056,40,20108,19677,4639,20288,33483,46,1,1
10870,5270,2175,40,9708,9378,1593,9878,18966,34,1,1
10871,4338,921,40,6403,6191,1072,6563,12945,17,1,1
10872,3898,921,40,9729,9508,1313,9889,16061,18,1,1
10873,6422,4909,50,15460,14859,3126,15660,30177,71,1,1
10874,6662,2876,40,14087,13676,1453,14257,25308,44,1,1
10875,6292,5049,41,24286,23684,791,24487,36669,69,1,1
10876,17463,23204,40,6953,5070,6953,7284,54954,242,1,1
10877,9288,4118,40,20419,19908,4649,20599,38704,56,1,1
10878,8456,3046,40,19747,19347,2033,19928,33513,43,1,1
10879,4258,381,50,8796,8666,1272,8947,14908,8,1,1
10880,5640,3115,40,12413,11972,1673,12584,23063,48,1,1
10881,4428,1042,40,21291,21039,1683,21451,28654,19,1,2
10882,7484,6372,40,16311,15630,3116,16531,33543,82,1,1
10883,6582,6171,41,39124,38393,1733,39325,53872,82,1,2
10884,5320,2795,41,20719,20348,8867,20910,37932,41,1,1
10885,5130,1342,40,11161,10901,2114,11332,19968,24,1,1
10886,6642,4168,40,12103,11571,1113,12293,24256,60,1,1
10887,6463,4548,40,14547,14006,1413,14738,27212,61,1,1
10888,7264,5591,40,11843,11212,1202,12043,26150,73,1,1
10889,3106,2074,40,17023,16692,621,17183,23024,33,1,1
10890,17523,22493,41,6702,4879,6403,7023,53492,234,1,1
10891,7244,7153,40,19917,19146,4458,20128,39024,92,1,1
10892,11723,10660,50,25498,24507,10540,25739,58722,124,1,1
10893,3156,911,50,19767,19577,14708,19928,38753,15,1,1
10894,6933,6543,40,18084,17373,1112,18305,32933,85,1,1
10895,6723,5210,50,18585,17974,3206,18785,33964,72,1,1
10896,6542,4990,40,17784,17193,2945,17984,32511,69,1,1
10897,6081,4759,40,18445,17873,3917,18646,33433,66,1,1
10898,6132,2254,40,20849,20499,15139,21020,44585,36,1,1
10899,6241,3467,40,20750,20299,14287,20930,44965,50,1,1
10900,6182,5360,40,16662,16051,1162,16862,29616,72,1,1
10901,6793,4960,40,17233,16611,2895,17433,32131,71,1,1
10902,7073,4899,40,17733,17132,3687,17924,33633,69,1,1
10903,6492,4769,40,18775,18194,3397,18966,33684,67,1,1
10904,5080,1994,40,20018,19718,19497,20188,46809,29,1,1
10905,11241,12444,40,23856,22642,17683,24116,65534,147,1,2
10906,5039,3517,40,12965,12504,1082,13145,22823,51,1,1
10907,5050,2504,41,10600,10229,1392,10771,19767,39,1,1
10908,6363,4959,40,16922,16331,1854,17112,30338,68,1,1
10909,6583,4629,40,16481,15900,2906,16671,30829,67,1,1
10910,7053,5841,40,17673,17012,2044,17874,32852,77,1,1
10911,6272,2916,40,21230,20840,19396,21411,50045,42,1,1
10912,2555,1062,40,19447,19227,13987,19607,37261,18,1,1
10913,4669,3516,40,15178,14728,1303,15359,24897,50,1,1
10914,6292,4879,40,14257,13666,2205,14447,27883,68,1,1
10915,6332,3657,50,25308,24797,1452,25509,37000,55,1,2
10916,7214,5861,51,17473,16811,1663,17684,32462,78,1,1
10917,5861,1963,50,20438,20138,20068,20609,48562,31,1,1
10918,2776,941,40,19326,19126,13837,19487,37081,16,1,1
10919,1222,291,40,10169,10039,581,10319,12453,6,1,1
10920,10820,9218,40,11792,10871,1022,12022,33112,112,1,1
10921,2515,1513,40,12043,11773,2405,12203,18686,25,1,1
10922,6783,4699,40,19678,19097,3166,19868,34566,67,1,1
10923,6473,5500,40,21271,20629,1893,21471,35387,75,1,1
10924,7123,1934,40,22413,22102,18354,22583,50034,30,1,1
10925,2795,862,40,19427,19226,12413,19587,35697,16,1,1
10926,7374,7745,40,14187,13376,1002,14407,30578,97,1,1
10927,6452,5350,41,13946,13325,2024,14137,28023,72,1,1
10928,6482,5400,40,19897,19256,3938,20098,35968,75,1,1
10929,6603,5430,41,20548,19907,3496,20750,36329,75,1,1
10930,5941,2355,40,20459,20098,13275,20629,42260,37,1,1
10931,2575,1393,40,20188,19918,6603,20348,30969,25,1,1
10932,2434,291,50,8466,8336,8897,8616,20288,7,1,1
10933,17603,22293,40,14307,12504,19948,14627,74511,231,1,1
10934,2865,1874,40,25498,25168,621,25669,31069,28,1,2
10935,17904,18895,40,11872,10289,12884,12184,61907,198,1,2
10936,6843,6232,50,21040,20359,1803,21250,36178,81,1,1
10937,5922,2154,40,20238,19908,12163,20408,40697,33,1,1
10938,2756,841,40,19628,19407,7684,19778,31109,17,1,1
10939,4919,2084,40,11221,10891,1382,11391,19837,34,1,1
10940,6412,4409,40,10440,9909,992,10620,22493,60,1,1
10941,8015,6582,40,26460,25699,2705,26671,44023,87,1,2
10942,7975,6573,40,21210,20489,2545,21420,38553,86,1,1
10943,12133,8096,50,22042,21260,6652,22262,49183,94,1,1
10944,6743,3236,40,20048,19617,3857,20218,34094,45,1,1
10945,4699,872,50,9057,8867,1313,9217,16161,16,1,1
10946,3927,581,40,8056,7874,992,8216,13766,13,1,1
10947,6272,4970,40,20318,19727,4949,20529,36760,68,1,1
10948,7083,6012,40,16782,16111,4488,16982,34615,79,1,1
10949,6102,1713,50,32011,31701,2284,32191,42330,28,1,2
10950,4338,1323,40,19537,19306,7384,19697,32792,22,1,1
10951,3757,571,51,8395,8225,1302,8557,14227,13,1,1
10952,6693,4548,41,14627,14056,3086,14818,29195,65,1,1
10953,6793,5710,40,21090,20429,2585,21291,36439,78,1,1
10954,6503,5260,40,17623,17012,3828,17823,33464,71,1,1
10955,5771,4598,50,19356,18795,3707,19558,33674,65,1,1
10956,4849,1944,40,20058,19747,8556,20218,35607,30,1,1
10957,6352,3777,50,20740,20249,6612,20930,37721,55,1,1
10958,4428,2094,40,11983,11652,2044,12153,20759,33,1,1
10959,7144,5530,40,12564,11922,1012,12764,26500,75,1,1
10960,7564,5901,40,16852,16181,1473,17052,32051,80,1,1
10961,6934,4859,40,17754,17193,2996,17944,32783,65,1,1
10962,6833,6091,40,19266,18585,3477,19467,35928,80,1,1
10963,15429,12745,40,25098,23996,15048,25348,68620,137,1,1
10964,6352,4408,40,21180,20659,15679,21360,47860,59,1,1
10965,3917,1473,40,12153,11892,2043,12314,19787,24,1,1
10966,4448,1643,40,10069,9788,1282,10240,17663,27,1,1
10967,7244,5471,50,17403,16772,1683,17603,32061,75,1,1
10968,7203,5760,40,17984,17333,3306,18185,34515,76,1,1
10969,6542,5631,40,18906,18275,3246,19106,34575,74,1,1
10970,5801,2314,40,20138,19817,19998,20309,48462,32,1,1
10971,4438,3797,40,20859,20358,21321,21050,50646,52,1,2
10972,2985,662,40,60084,58841,4889,60785,69852,13,1,1
10973,12073,11782,361,46217,44284,1503,47180,72648,64,1,1
10974,11282,11892,80,43082,41028,2395,43573,69232,76,1,1
10975,11712,9528,81,33533,32181,4519,33904,59763,64,1,1
10976,5270,4088,81,28383,27772,5019,28715,43192,32,1,1
10977,3446,1503,81,37992,37431,34325,38283,77667,14,1,1
10978,4839,2083,80,35748,35197,27462,36048,70534,17,1,1
10979,4348,1974,40,11963,11572,1934,12123,20419,31,1,1
10980,5831,3306,41,10149,9638,1473,10330,20990,47,1,1
10981,7194,6332,40,20429,19657,1523,20629,35738,84,1,1
10982,6042,4268,40,15790,15269,3036,15970,29356,61,1,1
10983,10470,13656,40,19166,17894,1123,19426,44715,155,1,1
10984,5921,2305,40,19577,19246,18705,19747,46718,35,1,1
10985,9869,9238,40,21010,20068,12934,21230,53311,112,1,2
10986,4148,2144,40,13345,13025,3006,13515,22853,34,1,1
10987,6993,5360,40,21521,20879,2024,21711,36138,73,1,2
10988,6673,5310,40,16221,15609,2846,16411,31300,74,1,1
10989,7003,5761,40,19968,19307,2184,20158,35166,80,1,1
10990,10299,3267,40,19657,19256,16802,19837,50235,45,1,1
10991,16451,17243,41,23274,21821,8826,23555,66105,192,1,1
10992,4528,2575,40,15279,14899,1503,15449,24105,42,1,1
10993,6252,4579,40,12043,11512,2114,12233,25218,64,1,1
10994,6473,4899,40,17734,17163,2845,17924,32201,70,1,1
10995,6432,5351,40,19316,18685,1673,19507,33013,77,1,1
10996,5751,2385,40,18926,18585,16261,19096,43543,37,1,1
10997,6352,2435,40,18254,17904,9889,18414,37150,38,1,1
10998,4769,2515,40,42771,42390,1583,42941,51858,41,1,1
10999,1924,952,40,29025,28824,2254,29185,34365,17,1,1
11000,33524,32832,451,92726,88587,12122,94038,172687,216,1,1
11001,6362,792,60,22764,22462,1543,23054,31831,10,1,1
11002,6152,2324,60,20449,19768,13526,20699,42771,23,1,1
11003,9769,9367,60,28043,26670,9187,28344,56727,75,1,1
11004,7634,7344,60,27873,26951,2605,28153,45816,63,1,1
11005,3888,711,60,29506,29285,15489,29726,49885,9,1,1
11006,4077,3076,60,30047,29506,11301,30288,48812,30,1,1
11007,7154,4579,60,19276,18615,2284,19537,33614,42,1,1
11008,9579,6983,60,17954,17073,1272,18245,36149,65,1,1
11009,6402,3837,71,18905,18024,3065,19167,32551,39,1,1
11010,11081,10400,70,19036,17994,1393,19346,42300,85,1,1
11011,10420,8957,70,27703,26730,4539,28003,51999,78,1,1
11012,4719,4027,60,26189,25608,792,26450,36068,41,1,1
11013,25128,34846,60,38012,35137,13435,38493,111972,241,1,2
11014,3918,1923,61,28133,27752,14037,28374,48312,23,1,1
11015,7073,5571,60,23775,23064,2175,24045,38924,53,1,1
11016,9628,8065,60,24155,23204,3446,24447,45656,75,1,1
11017,10059,8486,60,26080,25138,3747,26370,48752,75,1,1
11018,11162,10550,60,27412,26290,4809,27722,54323,91,1,1
11019,14798,2535,70,29135,28664,28574,29937,75914,27,1,1
11020,24827,30277,60,37762,35377,16010,38203,109407,205,1,1
11021,1443,340,50,10710,10580,681,10861,13365,7,1,1
11022,11802,11722,40,15189,14097,1202,15439,40216,136,1,1
11023,7464,6302,50,17944,17272,1673,18155,33634,80,1,1
11024,6563,5059,50,17373,16791,3166,17574,32412,68,1,1
11025,5581,4148,40,17052,16551,3216,17232,30237,57,1,1
11026,7084,2324,50,20499,20179,21361,20669,51488,33,1,1
11027,5540,3828,40,20288,19838,16030,20479,45917,50,1,1
11028,1393,240,40,8727,8607,2244,8867,12804,5,1,1
11029,7604,5350,40,10960,10359,1573,11151,25729,69,1,1
11030,6001,2445,40,10289,9959,1664,10469,20629,35,1,1
11031,6593,4949,41,14487,13916,1623,14678,27893,65,1,1
11032,3988,741,40,9177,8977,1443,9328,15550,15,1,1
11033,7554,6432,40,17573,16882,3216,17793,35046,83,1,1
11034,5710,4609,40,17634,17072,2445,17834,30648,64,1,1
11035,6182,2745,40,21170,20800,19768,21340,50085,39,1,1
11036,2735,852,40,19276,19056,16030,19437,39094,17,1,1
11037,1373,120,40,8526,8426,2475,8676,12694,1,1,1
11038,6934,4979,40,13306,12725,1022,13496,26491,67,1,1
11039,6813,4859,41,15048,14477,1924,15249,28895,67,1,1
11040,12524,15069,50,19888,18585,1152,20158,48953,165,1,1
11041,6843,4388,40,20319,19788,1914,20519,33714,61,1,1
11042,6292,2525,40,20579,20229,21221,20749,50837,36,1,1
11043,5590,3246,50,20859,20469,12133,21040,42069,43,1,1
11044,5170,3447,40,12704,12233,1072,12884,22633,51,1,1
11045,6813,5551,40,13907,13285,2504,14107,29015,72,1,1
11046,6843,5090,50,19347,18766,3987,19547,35507,68,1,1
11047,7464,6162,40,20630,19947,1553,20830,36049,80,1,1
11048,6222,2985,41,20318,19907,19006,20489,48752,44,1,1
11049,2856,1262,40,19477,19227,12063,19637,35868,23,1,1
11050,6072,5200,50,14447,13866,1052,14647,27011,68,1,1
11051,6252,4799,40,14598,14027,2164,14788,28053,65,1,1
11052,6382,5180,40,18805,18194,3266,18996,33884,71,1,1
11053,8196,7263,40,20679,19918,2475,20889,38874,93,1,1
11054,6182,1754,40,19847,19547,13436,20007,41429,29,1,1
11055,4689,2845,50,20468,20098,9468,20650,37702,40,1,1
11056,931,211,40,8957,8847,581,9097,10870,3,1,1
11057,14848,11862,40,10049,8987,1052,10290,38092,131,1,1
11058,3496,791,40,17894,17694,1463,18054,23845,12,1,2
11059,6422,5120,40,18776,18184,1893,18966,32461,69,1,1
11060,7234,5721,40,20830,20169,2164,21030,36189,77,1,1
11061,6813,2134,40,19767,19457,11221,19948,40156,32,1,1
11062,2495,1002,40,19347,19126,6552,19507,29616,19,1,1
11063,4418,1042,40,11061,10841,1683,11211,18414,19,1,1
11064,2344,1062,40,9268,9037,1673,9418,14527,19,1,1
11065,6032,5170,40,19988,19397,4298,20188,35738,69,1,1
11066,3667,2215,40,19687,19326,651,19857,26440,37,1,1
11067,13626,13004,50,23715,22473,7544,23975,58200,152,1,2
11068,7174,2785,50,19698,19327,2475,19878,32342,40,1,1
11069,4128,1363,40,9508,9258,1142,9668,16351,23,1,1
11070,2945,942,40,8837,8607,1042,8987,13966,19,1,1
11071,7003,5671,40,14478,13837,3366,14678,30768,76,1,1
11072,4629,1102,40,13475,13255,2124,13626,21541,19,1,1
11073,6813,4989,40,14468,13907,4739,14658,31239,64,1,1
11074,5380,1443,40,31700,31400,2274,31870,41007,24,1,2
11075,4970,3095,40,21190,20769,6412,21361,35898,45,1,1
11076,5641,1894,40,12534,12213,1232,12704,21511,32,1,1
11077,7254,4869,40,13015,12433,1303,13215,26691,67,1,1
11078,6432,5300,40,18225,17614,1873,18415,32070,71,1,1
11079,7986,5330,40,18435,17804,3056,18635,35057,74,1,1
11080,7575,5630,40,18845,18204,3617,19046,35908,74,1,1
11081,5170,2675,40,20349,19958,8867,20519,37271,40,1,1
11082,5290,3035,41,20639,20218,6963,20820,36169,47,1,1
11083,4218,1352,41,10920,10650,2325,11081,19026,25,1,1
11084,3026,1192,50,8707,8477,1753,8867,14898,21,1,1
11085,3998,2164,40,10760,10420,2013,10931,19156,35,1,1
11086,8046,6582,40,14498,13786,1192,14708,30568,85,1,1
11087,6933,5651,40,12404,11762,1102,12604,26330,75,1,1
11088,6442,5060,40,18034,17433,3526,18235,33303,71,1,1
11089,5771,4248,40,18375,17844,3527,18555,32161,60,1,1
11090,17433,11943,50,24466,23424,12344,24716,66476,129,1,1
11091,5490,3657,40,21430,20959,13125,21611,43933,52,1,1
11092,6612,6543,40,18235,17523,1142,18445,32782,85,1,1
11093,6873,5030,40,18094,17493,2134,18294,32381,71,1,1
11094,6322,4779,40,20098,19537,3015,20289,34465,64,1,1
11095,5460,4689,40,18125,17574,2785,18315,31299,62,1,1
11096,5701,2455,40,20569,20208,18816,20739,47761,37,1,1
11097,2846,1072,40,19347,19126,15920,19497,39385,18,1,1
11098,5020,4669,40,16602,16061,1222,16792,27753,62,1,1
11099,6763,5360,40,17013,16381,2805,17213,32201,75,1,1
11100,6693,5450,40,17403,16772,3197,17593,32993,73,1,1
11101,5711,4940,40,17784,17202,2755,17994,31440,68,1,1
11102,5791,2184,40,21381,21040,20759,21551,50315,33,1,1
11103,9528,8396,40,21972,21130,13195,22192,53341,98,1,2
11104,5500,4769,40,14217,13636,1192,14407,25929,66,1,1
11105,4098,1493,40,9548,9278,1322,9719,16682,27,1,1
11106,6963,6101,40,16421,15730,1633,16622,31369,82,1,1
11107,2906,240,40,8567,8446,1803,8717,13696,5,1,1
11108,6463,4749,40,16742,16171,3096,16942,31290,66,1,1
11109,6502,5390,40,17954,17312,2334,18155,32431,74,1,1
11110,6302,3657,40,21210,20760,18515,21391,49905,49,1,1
11111,2555,1272,40,19728,19477,14057,19888,37822,22,1,1
11112,17724,8957,40,12073,11231,18014,12293,57028,102,1,1
11113,3096,1443,40,8236,7965,10179,8396,23174,25,1,1
11114,16782,22973,40,6642,4829,17533,6974,64302,234,1,1
11115,5340,3256,50,18925,18444,14126,19107,41879,48,1,2
11116,3497,2835,40,10289,9908,10670,10460,27512,40,1,1
11117,3657,2475,50,15379,15029,3396,15560,25138,38,1,1
11118,7124,6262,50,20849,20178,1903,21059,36389,80,1,1
11119,6672,2003,41,19717,19406,17563,19888,46177,30,1,1
11120,7223,3898,40,20429,19958,9788,20629,41568,53,1,1
11121,892,160,40,10169,10069,571,10320,11993,3,1,1
11122,10740,8476,40,10691,9839,1022,10911,31179,103,1,1
11123,3025,2225,40,12984,12644,2544,13155,20989,33,1,1
11124,7364,5561,50,19798,19147,3036,20008,36009,77,1,1
11125,8075,7194,40,20860,20088,1753,21070,38152,92,1,1
11126,5862,2164,40,19978,19647,17473,20148,45687,32,1,1
11127,2795,1453,40,20088,19838,10740,20249,35277,23,1,1
11128,5160,3957,40,12364,11873,1272,12554,22983,55,1,1
11129,4369,981,40,7855,7634,1062,8016,14468,19,1,1
11130,6873,4769,50,12634,12063,1944,12834,26470,66,1,1
11131,6773,5541,40,18625,17984,3707,18825,34886,76,1,1
11132,6723,3567,40,18916,18445,2936,19096,32372,52,1,1
11133,7394,2414,40,19908,19548,10430,20088,40366,38,1,1
11134,3797,1282,50,19317,19076,6332,19477,30939,22,1,1
11135,4698,1964,40,11061,10751,1664,11221,19607,31,1,1
11136,7023,4569,40,11622,11071,1283,11812,24717,62,1,1
11137,6733,5530,40,20038,19407,4349,20238,36890,74,1,1
11138,6852,5249,50,19907,19306,1773,20108,34044,71,1,1
11139,6372,2365,40,19978,19627,7645,20158,36570,36,1,1
11140,7835,4388,40,20368,19847,3627,20559,36449,58,1,1
11141,5400,1563,40,9458,9188,1433,9628,18074,26,1,1
11142,4448,1092,40,9107,8877,992,9268,15850,20,1,1
11143,4499,1072,40,11492,11262,1413,11652,18686,19,1,1
11144,5561,2014,40,13636,13305,1943,13806,23374,33,1,1
11145,6833,5841,40,21942,21271,4388,22142,39244,79,1,1
11146,5791,1213,40,21310,21050,2475,21470,30989,24,1,1
11147,6312,1873,40,19366,19046,1553,19527,29315,31,1,1
11148,2955,611,40,8466,8295,1312,8627,13535,12,1,1
11149,6232,4538,40,14217,13655,1684,14407,26901,64,1,1
11150,3687,1613,40,16311,16020,601,16471,22423,27,1,1
11151,16922,19907,50,18244,16571,1623,18555,57048,209,1,2
11152,6732,5680,41,19486,18845,1583,19688,33724,75,1,1
11153,6422,3928,40,21440,20950,11822,21621,43843,55,1,1
11154,2164,661,40,19517,19347,8917,19667,31459,12,1,1
11155,3166,831,40,11441,11241,2224,11591,17874,16,1,1
11156,7314,5020,40,13115,12534,1042,13305,26731,67,1,1
11157,6382,4509,40,15169,14598,1273,15359,27563,65,1,1
11158,7073,5510,40,13064,12423,1282,13266,27181,75,1,1
11159,6232,4929,41,17964,17383,3336,18165,32702,67,1,1
11160,5610,4589,50,18866,18325,3457,19056,32762,63,1,1
11161,4940,2495,40,20338,19968,9368,20518,37361,38,1,1
11162,6583,5280,40,21791,21170,10300,21991,44194,72,1,1
11163,6582,6292,40,18465,17773,1082,18676,32672,83,1,1
11164,6883,6302,40,19978,19287,2094,20198,35507,83,1,1
11165,6382,4409,40,16571,16010,3397,16761,30999,63,1,1
11166,6011,5220,40,21451,20830,3948,21651,36860,72,1,1
11167,5791,2695,40,20338,19988,20519,20509,49564,37,1,1
11168,8245,5731,40,21431,20751,16331,21631,51988,75,1,2
11169,13656,15950,50,20830,19447,1032,21110,51798,175,1,1
11170,7134,5260,40,17854,17243,1733,18054,32221,72,1,1
11171,7845,4880,50,17723,17162,3115,17923,33814,66,1,1
11172,5551,4579,40,17523,16952,2285,17713,30168,65,1,1
11173,6231,2474,40,21100,20739,20007,21271,50034,37,1,1
11174,5911,2815,41,20178,19797,15910,20359,45025,41,1,1
11175,7133,7324,40,18545,17774,1032,18756,34295,92,1,1
11176,6502,5120,40,16842,16231,2726,17042,31430,70,1,1
11177,7344,5410,40,17253,16621,2786,17453,33033,73,1,1
11178,7374,5661,40,17834,17183,2885,18044,34014,78,1,1
11179,6943,2635,40,20599,20248,19938,20770,50326,36,1,1
11180,2775,1362,40,19817,19567,14688,19978,38853,22,1,1
11181,4749,3126,40,13475,13045,1462,13656,23043,47,1,1
11182,4228,741,40,8907,8717,1473,9067,15539,14,1,1
11183,7013,5681,40,15189,14558,1894,15379,30007,73,1,1
11184,6292,3848,40,15920,15419,3527,16110,29807,56,1,1
11185,5691,4799,40,19397,18816,2034,19587,32171,67,1,1
11186,5952,2885,40,20800,20409,19076,20970,48933,41,1,1
11187,2575,852,40,19377,19166,13726,19527,36740,17,1,1
11188,5601,5250,50,14187,13596,992,14387,26290,70,1,1
11189,6602,5530,50,14187,13566,2545,14397,29115,73,1,1
11190,6532,5350,40,19658,19036,4198,19858,35988,73,1,1
11191,6412,5460,40,20468,19837,1933,20670,34525,73,1,1
11192,5601,2044,40,20198,19868,14478,20358,42531,33,1,1
11193,7274,3126,40,20429,20028,7905,20619,38964,44,1,1
11194,3427,991,50,10880,10670,2756,11041,18275,18,1,1
11195,4629,2084,40,8396,8065,1062,8566,16381,33,1,1
11196,5520,4268,40,13716,12804,1993,13897,25738,60,1,1
11197,7584,4679,50,18295,17744,1894,18485,32682,64,1,1
11198,7133,5391,40,20358,19737,2615,20559,35748,73,1,1
11199,6322,2024,50,20289,19988,12093,20459,40948,30,1,1
11200,6783,4539,40,21220,20669,6102,21410,38894,63,1,1
11201,5240,2494,40,9478,9107,1412,9649,18845,39,1,1
11202,6051,3818,40,7805,7324,1022,7985,18926,54,1,1
11203,3557,1573,40,10750,10480,2184,10910,18264,25,1,1
11204,4518,1012,40,12544,12314,1633,12704,19907,19,1,1
11205,6433,5390,40,21321,20699,1232,21521,34626,73,1,1
11206,6372,4890,40,17293,16722,5079,17503,33884,67,1,1
11207,3747,1613,50,19848,19567,2715,20018,28123,28,1,1
11208,15770,15159,41,23334,22051,1062,23595,55626,160,1,1
11209,4369,1432,50,17613,17353,1393,17774,25018,24,1,1
11210,4609,922,40,6232,6012,1062,6382,13035,18,1,1
11211,3146,932,50,9208,8997,1954,9368,15450,18,1,1
11212,7054,5390,40,14247,13626,3316,14447,30257,72,1,1
11213,7013,3818,40,14287,13806,1373,14477,26721,54,1,1
11214,6863,5350,40,16120,15499,4980,16321,33554,71,1,1
11215,4027,1473,40,13115,12845,1583,13275,20408,26,1,1
11216,5761,2184,40,19707,19367,4909,19877,32792,36,1,1
11217,6642,2185,40,19527,19186,2605,19697,31179,34,1,1
11218,4188,872,40,9288,9087,1022,9438,15570,16,1,1
11219,5621,3487,40,14147,13676,1823,14327,25318,52,1,1
11220,5340,531,50,21671,21461,1703,21831,29445,12,1,2
11221,8105,7675,40,16431,15630,1533,16651,34004,97,1,1
11222,5741,4418,40,17072,16531,2214,17263,29686,61,1,1
11223,4949,301,40,18585,18445,1713,18735,25738,7,1,1
11224,5821,3627,40,20800,20349,8937,20980,39415,50,1,1
11225,2434,211,40,14097,13986,12634,14237,29566,4,1,1
11226,4899,3998,40,14397,13906,9859,14577,33393,55,1,1
11227,1493,370,40,9448,9307,7464,9599,18976,8,1,1
11228,16872,20950,40,19707,17984,3477,20018,61357,220,1,1
11229,6022,3987,40,17713,17212,4198,17894,32151,56,1,1
11230,2805,1764,40,16892,16602,621,17052,22292,28,1,1
11231,17563,21451,50,25469,23685,11502,25799,76365,226,1,2
11232,2054,1112,41,19196,18976,13486,19357,36049,18,1,1
11233,3106,1142,50,12183,11943,2285,12343,18926,21,1,1
11234,7925,5631,40,12624,11993,1062,12824,27482,74,1,1
11235,6322,5270,40,17954,17343,1864,18154,31660,71,1,1
11236,6442,4559,40,17052,16511,2996,17252,31289,64,1,1
11237,5571,4548,40,17874,17323,3526,18065,31760,63,1,1
11238,5160,2154,40,20198,19868,17914,20358,45636,33,1,1
11239,2816,1412,40,19868,19597,17634,20028,41920,25,1,1
11240,6913,6192,50,17473,16812,1122,17683,31950,79,1,1
11241,6974,5500,40,17233,16602,2455,17443,32412,75,1,1
11242,6582,4659,50,16572,16030,3056,16772,31119,63,1,1
11243,5911,4579,40,17433,16882,3577,17623,31740,63,1,1
11244,4468,1724,40,20188,19918,17634,20358,44214,26,1,1
11245,5560,3577,40,20439,19988,12945,20619,42741,50,1,1
11246,5921,5391,40,17222,16591,1142,17423,29917,73,1,1
11247,7073,6132,40,16772,16091,2465,16972,32702,81,1,1
11248,6743,5100,50,16852,16281,3106,17062,32041,68,1,1
11249,6362,4468,41,16821,16290,2444,17023,30337,60,1,1
11250,7184,2695,40,21751,21381,20038,21932,51899,39,1,1
11251,7594,4018,40,20549,20088,14638,20729,47019,51,1,1
11252,5320,4629,50,15008,14467,991,15199,26199,62,1,1
11253,4087,1724,40,9598,9298,1303,9768,16922,30,1,1
11254,6392,5561,40,14768,14137,2074,14958,29045,74,1,1
11255,7084,4779,50,25358,24756,2014,25558,39485,66,1,2
11256,7104,6592,40,17363,16651,1803,17564,33123,85,1,1
11257,5932,2154,40,20699,20359,18135,20859,47130,34,1,1
11258,2625,1492,50,19446,19186,15128,19618,38903,25,1,1
11259,6573,6292,40,14918,14227,1052,15118,29085,81,1,1
11260,6422,5040,40,13676,13085,2605,13876,27993,69,1,1
11261,6001,4729,40,20118,19537,2555,20309,33634,66,1,1
11262,7755,7204,50,21060,20289,1743,21280,38032,94,1,1
11263,6241,2495,40,20760,20399,16170,20930,45896,38,1,1
11264,2565,952,40,19768,19537,11682,19928,35167,19,1,1
11265,6132,6041,40,14687,14016,1202,14889,28304,78,1,1
11266,7435,6181,40,13034,12353,2044,13235,28945,80,1,1
11267,6132,5040,50,19587,18986,3817,19797,34826,72,1,1
11268,7574,5571,50,20148,19487,2254,20359,35798,78,1,1
11269,6472,2645,40,20068,19707,15940,20239,45356,37,1,1
11270,7554,4308,41,20699,20168,9117,20890,41909,59,1,1
11271,4068,2174,50,11913,11592,1743,12093,20118,33,1,1
11272,6382,4899,50,14077,13486,1723,14277,27322,69,1,1
11273,6853,5320,40,18666,18045,4568,18866,35647,72,1,1
11274,7595,5821,40,22693,22022,4018,22893,40377,79,1,1
11275,6192,2184,40,20008,19677,10911,20178,39515,33,1,1
11276,2645,1072,40,19777,19547,5551,19937,29246,19,1,1
11277,3416,822,40,10550,10350,2555,10710,17543,16,1,1
11278,6653,4548,40,10700,10159,1002,10891,23144,62,1,1
11279,4007,892,40,6252,6042,1042,6412,12383,17,1,1
11280,3917,2735,40,12163,11772,2485,12334,21531,42,1,1
11281,7624,5681,40,15179,14538,1373,15379,30097,75,1,1
11282,7034,5550,40,21140,20499,4078,21341,38043,75,1,1
11283,5911,1893,40,19618,19307,4638,19778,32281,31,1,1
11284,6612,2335,40,19667,19317,2165,19837,30999,35,1,1
11285,4999,2816,40,9939,9528,1353,10109,19337,43,1,1
11286,3928,1573,40,9478,9197,1433,9638,16622,27,1,1
11287,7023,5120,40,20479,19878,4679,20679,37551,71,1,1
11288,6863,5911,40,16642,15970,2314,16842,31980,79,1,1
11289,4829,1062,50,31620,31359,1754,31780,39485,19,1,2
11290,4669,441,50,18655,18495,3497,18805,27462,10,1,1
11291,3908,631,40,8737,8557,1022,8897,14488,13,1,1
11292,6092,4899,50,14768,14197,2315,14968,28324,67,1,1
11293,6863,5300,40,18786,18155,2775,18976,33964,73,1,1
11294,7003,3427,40,18164,17693,1373,18344,30187,51,1,1
11295,6663,5841,40,18896,18265,2485,19096,34145,76,1,1
11296,5901,2876,40,20779,20359,9989,20959,39765,45,1,1
11297,2756,1282,40,20158,19898,7975,20319,32382,23,1,1
11298,4749,2615,40,16351,15960,2194,16522,26140,41,1,1
11299,7394,5741,40,17914,17252,2063,18115,33363,79,1,1
11300,6392,4598,40,18084,17523,3507,18274,32822,65,1,1
11301,5771,5210,40,18566,17985,3817,18766,33604,69,1,1
11302,8155,4228,40,22623,22101,15309,22813,50545,59,1,1
11303,2806,1342,40,19688,19417,14788,19848,38824,25,1,1
11304,882,110,50,8867,8777,621,9037,10700,1,1,1
11305,10910,11542,40,15920,14838,1072,16171,39745,134,1,1
11306,7013,5530,40,17393,16731,2935,17594,33112,77,1,1
11307,7485,5169,40,17914,17292,3416,18115,34215,72,1,1
11308,6623,5110,40,17653,17032,3577,17853,33213,72,1,1
11309,5400,1122,40,20018,19787,19437,20168,46188,20,1,1
11310,15870,17814,50,24226,22682,15930,24516,74181,190,1,2
11311,5901,5561,40,17333,16692,1132,17523,30167,74,1,1
11312,6623,5270,40,17022,16401,2345,17212,31490,71,1,1
11313,6683,4448,41,16461,15910,3096,16652,30929,62,1,1
11314,6212,4589,40,17613,17052,2445,17803,31089,64,1,1
11315,6783,2625,40,20690,20329,20559,20860,50877,38,1,1
11316,2675,1252,40,19837,19587,17514,19998,41479,23,1,1
11317,4609,2435,50,13696,13335,1853,13866,22813,38,1,1
11318,5992,3136,40,10650,10220,1303,10820,21311,46,1,1
11319,6322,4639,40,16882,16311,1613,17072,29696,65,1,1
11320,6252,4609,50,16451,15890,3055,16652,30608,65,1,1
11321,5811,4930,40,17423,16842,2705,17613,31119,67,1,1
11322,5711,2565,40,21351,20990,20729,21521,50556,37,1,1
11323,2825,1964,40,19728,19377,611,19888,25338,30,1,2
11324,18355,18976,40,5521,4008,15599,5811,58781,192,1,1
11325,7334,5740,40,14617,13966,1172,14818,29095,75,1,1
11326,6783,3647,41,24326,23824,13155,24507,48152,51,1,2
11327,30518,34085,1052,79170,75032,2975,81454,149693,179,1,1
11328,13976,15690,91,48882,46548,1813,49363,80933,97,1,1
11329,3467,801,80,37491,37200,34155,37782,76295,9,1,1
11330,5440,2004,80,33844,33454,21331,34144,63009,16,1,1
11331,33203,20989,80,36349,34466,33714,36809,124806,121,1,1
11332,11161,6523,80,17583,16772,25167,17934,60875,46,1,1
11333,4028,2154,80,30568,29966,31619,30879,68770,19,1,2
11334,11232,9468,70,18626,17504,20078,18996,59864,63,1,1
11335,7384,5039,81,28283,27602,5240,28604,46347,37,1,1
11336,6533,4899,70,20569,19698,3246,20900,35668,39,1,1
11337,8887,7494,80,27252,26200,2224,27613,46308,53,1,1
11338,2365,1042,80,35307,35006,33894,35587,72989,10,1,1
11339,5180,2334,80,38723,38293,14778,39033,61417,19,1,1
11340,4439,3546,40,13124,12694,1192,13296,22513,49,1,1
11341,6001,4499,40,12143,11622,1553,12323,24416,62,1,1
11342,5270,2254,40,17633,17252,1343,17793,26711,37,1,2
11343,6422,4399,40,14688,14177,2224,14878,27963,62,1,1
11344,6563,5460,40,18726,18125,2274,18916,33263,73,1,1
11345,5922,2504,40,18916,18555,13205,19086,40758,38,1,1
11346,2554,1032,41,18024,17813,7664,18175,29475,18,1,1
11347,4668,2175,40,11912,11592,1853,12082,20809,35,1,1
11348,6793,4017,40,11913,11421,1473,12083,24416,57,1,1
11349,6462,4389,40,19156,18625,1833,19346,32081,64,1,1
11350,6352,5551,40,20058,19437,1984,20258,34185,76,1,1
11351,6533,1914,40,18535,18234,7935,18695,35127,32,1,1
11352,6803,3607,40,18906,18475,4519,19076,34055,50,1,1
11353,5431,2585,40,10039,9668,1623,10209,19888,41,1,1
11354,4428,551,40,13476,13296,942,13626,19597,10,1,2
11355,6442,5120,40,18656,18055,3486,18856,33944,73,1,1
11356,6692,5210,41,19947,19336,4800,20138,36880,73,1,1
11357,6112,892,40,17743,17543,2645,17883,27592,16,1,1
11358,4669,962,40,17744,17523,1723,17884,25278,19,1,1
11359,3577,431,40,8717,8577,1543,8867,14458,8,1,1
11360,6362,4579,40,10400,9859,1102,10590,22673,65,1,1
11361,6432,3797,40,11752,11281,1182,11933,23384,55,1,1
11362,4318,1513,40,22232,21912,1814,22392,30067,27,1,2
11363,6923,5861,30,14417,13766,3586,14607,31028,80,1,1
11364,5199,3768,40,17473,16992,1723,17653,28393,57,1,1
11365,6492,2074,40,18175,17844,5560,18335,32501,34,1,1
11366,7424,4188,40,19628,19136,7113,19808,38573,58,1,1
11367,4498,1844,40,13035,12724,2334,13195,21921,32,1,1
11368,5741,3406,41,11010,10560,1252,11192,21651,54,1,1
11369,6091,5240,30,13897,13285,1503,14087,26951,74,1,1
11370,7955,6262,40,12163,11482,1532,12374,28163,85,1,1
11371,6632,4999,40,16862,16281,3617,17052,32331,70,1,1
11372,5530,4950,40,18585,18024,3617,18775,32912,68,1,1
11373,5932,3125,40,19857,19437,9468,20027,38613,48,1,1
11374,5100,2995,40,18735,18325,9448,18896,36489,45,1,1
11375,3486,1293,40,14207,13967,2515,14357,21711,23,1,1
11376,6623,5129,40,17012,16421,2916,17203,31921,73,1,1
11377,7083,4629,40,16251,15700,3557,16441,31750,67,1,1
11378,5361,4368,40,17002,16461,4319,17192,31280,64,1,1
11379,4679,1533,40,18375,18105,14558,18535,39345,27,1,1
11380,16472,18745,40,24967,23414,10580,25248,71095,206,1,1
11381,6262,5681,40,17343,16692,1303,17533,30819,80,1,1
11382,6763,5430,40,19167,18556,2825,19367,34415,75,1,1
11383,6342,4238,40,16842,16321,3056,17032,30708,63,1,1
11384,6703,5531,40,17714,17082,2765,17904,32953,78,1,1
11385,6232,2825,40,19227,18836,19126,19397,47630,43,1,1
11386,5561,5310,40,20098,19467,15660,20298,46869,74,1,2
11387,11562,12834,40,20248,19076,1082,20499,46017,154,1,1
11388,6302,5059,40,16701,16090,1713,16903,30017,74,1,1
11389,6613,4548,40,15679,15128,3397,15870,30468,66,1,1
11390,5811,4849,40,16341,15760,2375,16531,29616,70,1,1
11391,5931,2405,40,19066,18725,20369,19236,48001,38,1,1
11392,7604,5481,40,20429,19767,13686,20609,47430,76,1,2
11393,2765,822,40,10891,10691,1813,11031,16471,16,1,1
11394,3867,1082,40,8436,8206,1483,8586,15058,21,1,1
11395,5971,4548,40,13946,13395,2194,14147,26900,67,1,1
11396,6783,4518,41,15599,15048,2786,15780,29917,67,1,1
11397,7053,3888,40,17784,17303,1563,17964,30508,57,1,1
11398,5631,1884,40,18936,18625,17844,19106,44505,33,1,1
11399,2735,501,40,17653,17503,10430,17793,31499,11,1,1
11400,3577,1282,41,11311,11051,1874,11472,18255,24,1,1
11401,6723,4849,40,13436,12844,1934,13616,27172,70,1,1
11402,6673,4168,40,17694,17173,2394,17874,31149,61,1,1
11403,6953,5381,40,19848,19226,2815,20038,35237,76,1,1
11404,5681,2445,40,19186,18836,15088,19357,42611,38,1,1
11405,2795,1203,40,18485,18235,9789,18635,32472,23,1,1
11406,3838,1963,40,10680,10359,2074,10831,18756,32,1,1
11407,4749,1643,40,7805,7524,1092,7965,15489,27,1,1
11408,7094,5340,40,12844,12243,1744,13034,27242,73,1,1
11409,6281,5270,40,17854,17232,3186,18045,32832,75,1,1
11410,6843,5721,40,20288,19637,2254,20479,35337,80,1,1
11411,6963,3687,40,19928,19476,14668,20108,45456,53,1,1
11412,2665,1032,41,18114,17894,9167,18275,31189,21,1,1
11413,3537,1422,40,10850,10590,2094,11010,18104,25,1,1
11414,2365,511,40,14938,14748,1422,15089,19437,10,1,2
11415,6072,4348,40,8025,7505,1743,8216,20419,63,1,1
11416,3136,1863,41,15339,15028,3907,15510,24446,33,1,1
11417,7404,5711,40,21130,20479,2926,21330,37421,80,1,1
11418,6121,2345,40,18826,18475,11461,18986,38963,38,1,1
11419,2345,541,40,17343,17173,6843,17493,27252,12,1,1
11420,4769,2214,40,12063,11763,1593,12223,20849,31,1,1
11421,5971,3547,40,9969,9518,1172,10149,20889,53,1,1
11422,6102,4789,40,18846,18255,2795,19036,32762,68,1,2
11423,6642,4399,40,13716,13185,1332,13886,26309,62,1,1
11424,6352,5080,40,19778,19187,3366,19968,34796,71,1,1
11425,6833,2495,40,18605,18235,5620,18766,33764,41,1,1
11426,6973,3136,40,18405,17985,2565,18575,31299,48,1,1
11427,3166,952,40,8015,7805,1323,8155,13656,17,1,1
11428,4098,681,30,8496,8306,1082,8646,14537,15,1,1
11429,6372,4519,40,14177,13616,3687,14367,28995,68,1,1
11430,4549,601,40,11933,11762,1773,12083,19046,13,1,1
11431,6232,4739,40,14387,13826,5371,14567,30949,67,1,1
11432,6081,1684,40,30257,29927,2725,30417,40967,31,1,2
11433,6041,3697,40,20139,19648,7985,20309,38082,57,1,1
11434,4048,901,40,10509,10299,1322,10671,16982,18,1,1
11435,6993,4969,41,12223,11632,1954,12414,26390,72,1,1
11436,7133,5961,40,19847,19166,1543,20048,34725,84,1,1
11437,6312,4599,40,16682,16121,3356,16872,31179,67,1,1
11438,5240,3997,41,18034,17523,3917,18225,31419,61,1,1
11439,4870,1943,41,18895,18605,9397,19066,35317,31,1,1
11440,5160,3046,40,19126,18716,7454,19307,34997,47,1,1
11441,13275,6763,40,31380,30678,10099,31580,61747,86,1,1
11442,3437,2094,40,12684,12374,5911,12854,24336,33,1,1
11443,2094,481,40,8476,8326,8707,8626,19948,10,1,1
11444,16691,22162,40,21060,19246,15629,21371,75903,243,1,1
11445,2605,1403,40,15319,15059,5461,15479,24978,25,1,1
11446,2726,1803,40,15640,15339,862,15800,21231,31,1,1
11447,16922,22082,40,25959,24135,20749,26260,86063,240,1,2
11448,2615,962,40,17824,17614,14237,17974,35848,18,1,1
11449,3517,1623,40,11422,11131,1864,11582,18636,30,1,1
11450,6542,4559,40,10640,10099,1072,10830,23053,67,1,1
11451,7585,5360,40,13135,12484,1503,13325,27813,79,1,1
11452,6883,4659,40,10550,9969,1262,10730,23574,69,1,1
11453,5861,3587,40,15900,15439,4479,16080,30047,54,1,1
11454,5551,4288,40,17213,16692,3947,17403,31229,62,1,1
11455,4608,1664,40,19407,19126,18304,19567,44193,28,1,1
11456,15971,21851,41,23694,21871,17322,24006,79210,240,1,2
11457,4789,3297,40,16020,15599,1383,16180,25709,47,1,1
11458,6382,5450,40,16671,16050,3056,16862,31800,76,1,1
11459,6602,4779,40,16231,15659,3347,16421,31199,68,1,1
11460,5591,4598,41,16391,15850,2815,16582,29636,66,1,1
11461,6643,2585,40,19257,18896,18705,19427,47410,41,1,1
11462,5731,2786,40,19246,18866,14177,19416,42140,42,1,1
11463,6563,5550,40,13326,12685,1042,13526,26731,80,1,1
11464,4078,1443,40,8666,8416,1512,8827,15900,24,1,1
11465,6201,4969,40,13856,13255,1512,14047,26760,72,1,1
11466,3917,451,40,8056,7905,1503,8196,14117,10,1,1
11467,6422,4589,40,15900,15349,3006,16080,30137,67,1,1
11468,6933,5541,30,16752,16111,2755,16932,32211,78,1,1
11469,6372,2554,40,18515,18154,18385,18696,46058,40,1,1
11470,2645,1222,41,17934,17693,13515,18095,35507,23,1,1
11471,6903,6572,40,13756,13045,1203,13956,28685,88,1,1
11472,6993,5871,40,12764,12113,1923,12965,27792,81,1,1
11473,4178,1263,40,8115,7905,2796,8255,16552,18,1,1
11474,3517,1793,40,13906,13616,4028,14066,23455,31,1,1
11475,6222,5059,40,19797,19206,2124,19988,33433,72,1,1
11476,5942,1933,41,18885,18565,17744,19046,44725,34,1,1
11477,2765,942,40,17824,17604,10901,17974,32642,19,1,1
11478,4820,3626,40,12423,11952,1132,12594,22222,55,1,1
11479,7183,5932,40,13836,13175,2375,14046,29576,84,1,1
11480,6362,4618,40,17823,17252,3496,18015,32541,69,1,1
11481,6582,5581,40,19477,18856,1964,19677,33854,78,1,1
11482,5971,2224,40,18706,18374,16050,18866,43171,34,1,1
11483,5611,3376,40,19397,18946,11642,19567,40246,52,1,1
11484,4539,3156,40,12564,12143,1453,12744,21932,48,1,1
11485,3847,872,40,7544,7334,1052,7694,13505,18,1,1
11486,7274,6262,40,12093,11421,1784,12293,27663,84,1,1
11487,6402,3456,40,24556,24065,1463,24737,36108,53,1,2
11488,7264,6142,40,18535,17844,1724,18735,33905,85,1,1
11489,6162,2264,30,18745,18405,9829,18896,37211,35,1,1
11490,6151,2936,40,18655,18265,4940,18825,32892,42,1,1
11491,5630,2916,40,10690,10300,1273,10850,20719,44,1,1
11492,6913,5070,40,12404,11823,962,12584,25579,69,1,1
11493,6493,5009,41,18495,17914,3727,18686,33975,72,1,1
11494,8185,5521,40,19998,19377,3587,20198,37521,77,1,1
11495,6071,1664,40,18284,18014,8746,18445,34966,28,1,1
11496,6833,4569,40,19197,18666,4288,19377,35107,63,1,1
11497,3967,902,40,8216,8005,1703,8366,14988,19,1,1
11498,4188,842,40,8055,7855,1253,8205,14518,16,1,1
11499,4208,481,40,5540,5380,1012,5690,11431,11,1,1
11500,4118,2945,40,20008,19598,2365,20178,29666,47,1,1
11501,7113,6192,40,21190,20539,2465,21380,37200,80,1,1
11502,5380,702,40,17673,17493,2565,17823,26520,15,1,1
11503,6122,1723,40,17964,17674,2325,18134,28334,30,1,1
11504,3316,822,40,8286,8095,1663,8436,14277,16,1,1
11505,5300,2705,40,8977,8597,1833,9148,19036,43,1,1
11506,7494,4969,40,12033,11442,1202,12213,25929,72,1,1
11507,6021,4789,40,24266,23635,1903,24457,37210,70,1,2
11508,6833,5591,40,12554,11903,1834,12744,27062,80,1,1
11509,5731,4348,41,18214,17673,1513,18395,30037,64,1,1
11510,5831,1613,40,18766,18475,10500,18926,36900,29,1,1
11511,2204,1112,40,19097,18855,641,19237,23254,21,1,1
11512,16902,22573,40,6743,4899,6903,7064,53482,246,1,1
11513,8026,6873,40,13816,13075,1022,14016,29987,92,1,1
11514,6933,4278,40,11282,10751,1162,11472,23885,64,1,1
11515,6582,4980,40,13014,12443,1442,13205,26259,69,1,1
11516,6923,5290,40,11922,11311,1323,12123,25709,76,1,1
11517,6152,4609,40,16441,15880,3276,16641,30718,69,1,1
11518,6663,5420,31,19226,18605,661,19417,32191,76,1,1
11519,16812,20659,40,25459,23675,9698,25769,72978,233,1,2
11520,1944,641,40,17874,17704,10480,18014,31139,12,1,1
11521,4929,2515,40,14127,13746,1954,14297,23735,42,1,1
11522,6713,5550,40,17092,16431,2315,17283,31911,80,1,1
11523,7755,5350,40,16963,16341,2925,17153,33233,76,1,1
11524,15921,21841,40,22864,21039,1453,23184,62439,244,1,1
11525,5711,2816,40,19587,19186,19277,19757,47601,45,1,1
11526,6633,6302,40,20399,19668,19497,20609,53071,88,1,2
11527,5470,3737,40,15570,15089,1292,15750,26289,57,1,1
11528,6532,4970,40,16732,16150,3116,16922,31580,71,1,1
11529,6653,4118,40,15820,15299,3116,15990,29937,61,1,1
11530,7434,6262,40,17303,16591,3296,17503,34545,88,1,1
11531,4909,1513,40,18886,18625,17874,19046,43382,25,1,1
11532,5129,4399,40,19857,19297,13064,20038,42690,63,1,2
11533,5901,5180,40,13145,12544,1032,13335,25498,72,1,1
11534,6222,3647,40,9608,9147,1223,9788,20940,55,1,1
11535,6322,4529,40,14969,14408,1643,15159,27683,67,1,1
11536,5541,3266,40,14678,14237,2886,14858,26601,51,1,1
11537,6673,5330,40,16862,16241,2295,17052,31390,75,1,1
11538,5902,2795,40,19557,19167,19397,19727,47871,44,1,1
11539,6072,5440,41,20158,19506,14347,20359,46248,76,1,2
11540,4479,2915,40,12063,11672,1193,12233,20870,44,1,1
11541,3848,921,40,8345,8145,1482,8507,14798,19,1,1
11542,6092,5200,40,14297,13686,2665,14497,28484,74,1,1
11543,6933,4278,40,15349,14808,2675,15529,29465,64,1,1
11544,6592,5551,40,20318,19677,2866,20518,35567,81,1,1
11545,6823,2935,40,19227,18835,17423,19397,46628,44,1,1
11546,2004,651,40,17594,17413,11562,17744,32011,14,1,1
11547,3006,1202,40,10480,10249,1994,10640,16882,22,1,1
11548,6102,4248,40,13706,13185,2675,13886,26961,62,1,1
11549,6322,4468,40,17724,17163,2525,17914,31279,68,1,1
11550,6462,5511,40,19116,18475,2375,19316,33704,79,1,1
11551,6212,2785,40,19196,18826,18164,19367,46568,40,1,1
11552,2625,1533,40,19177,18916,13165,19327,36690,24,1,1
11553,17202,10199,40,11321,10420,17534,11542,56517,115,1,1
11554,3357,1964,40,6702,6382,9267,6873,21501,35,1,1
11555,16171,19577,40,12824,11232,7714,13125,56637,213,1,1
11556,2876,1192,40,17353,17103,13336,17513,34957,20,1,2
11557,7254,4518,40,8376,7855,7314,8557,27693,61,1,1
11558,8246,6613,40,15229,14548,1583,15429,31921,86,1,1
11559,6582,5611,40,17914,17283,2074,18114,32411,78,1,1
11560,5912,2314,30,18916,18585,13325,19076,40667,34,1,1
11561,2706,811,40,17844,17644,8887,17994,30428,16,1,1
11562,3777,1433,40,10039,9769,2104,10199,17553,27,1,1
11563,6562,3737,40,16812,16290,1313,16992,28634,55,1,2
11564,6552,4689,40,17283,16721,4349,17473,33103,67,1,1
11565,6252,5200,40,19677,19076,4619,19867,35988,73,1,1
11566,6302,2354,41,18885,18545,8116,19056,35858,37,1,1
11567,6703,3857,40,19186,18705,3807,19377,33784,57,1,1
11568,3727,571,41,9427,9247,1953,9569,15860,13,1,1
11569,6232,3326,40,9087,8646,1022,9258,19888,51,1,1
11570,5801,4288,40,12824,12313,2345,13014,25488,62,1,1
11571,7635,3937,40,13486,12994,1563,13676,26851,59,1,1
11572,6171,4639,41,15629,15068,6623,15810,33293,67,1,1
11573,3937,1713,40,12504,12233,1613,12664,19967,28,1,1
11574,6563,2064,40,18365,18044,5741,18525,32943,34,1,1
11575,6753,2104,40,18044,17734,2304,18215,29416,34,1,1
11576,3927,391,40,7915,7765,1292,8055,13706,9,1,1
11577,5040,2184,40,18956,18585,1403,19116,27793,36,1,2
11578,4038,310,40,11501,11371,1713,11642,17744,7,1,1
11579,6632,5330,41,14978,14347,5030,15179,32211,78,1,1
11580,4669,2635,40,34515,34084,2605,34686,44635,43,1,2
11581,5360,2074,40,19397,19096,9147,19567,36188,32,1,1
11582,3266,1382,40,15980,15730,2825,16141,23664,24,1,1
11583,7073,5701,40,16942,16291,2003,17143,31970,79,1,1
11584,7414,6482,40,17152,16451,3086,17363,34395,88,1,1
11585,5450,4038,40,17544,17033,3637,17734,30899,61,1,1
11586,5009,1924,40,18585,18275,10119,18745,35847,32,1,1
11587,2034,652,40,18635,18465,9849,18785,31370,13,1,1
11588,3787,1903,41,16130,15820,2375,16291,24406,32,1,1
11589,6873,5150,40,17032,16421,2815,17223,32111,75,1,1
11590,6302,4729,40,16050,15469,3526,16241,30828,70,1,1
11591,5390,4499,40,17363,16802,3426,17553,30898,67,1,1
11592,6202,1893,40,19206,18895,15970,19367,43482,33,1,1
11593,17062,19788,40,25178,23555,11492,25478,73860,215,1,1
11594,6783,5661,40,16170,15539,1222,16371,30087,77,1,1
11595,6623,5580,40,17192,16551,2936,17383,32562,78,1,1
11596,6783,4328,40,15880,15359,3386,16071,30618,63,1,1
11597,5521,4318,40,17964,17423,3156,18154,31189,65,1,1
11598,3677,1503,40,19637,19357,17413,19797,42430,27,1,1
11599,15950,22192,40,6663,4859,18485,6984,63651,243,1,1
11600,4499,3206,40,19687,19236,17223,19867,44835,51,1,1
11601,5230,4399,40,17984,17433,1202,18164,29045,65,1,1
11602,6662,5120,40,18195,17574,2775,18385,32992,76,1,1
11603,6231,4128,40,16442,15940,4639,16622,31670,60,1,1
11604,3146,1502,40,14457,14207,3868,14617,23194,26,1,1
11605,4409,1954,40,19116,18816,18054,19286,43743,32,1,1
11606,16962,21140,40,24055,22271,16502,24366,79010,233,1,2
11607,8927,7935,40,14558,13766,1022,14768,32702,99,1,1
11608,3867,661,40,8246,8065,1663,8396,14647,15,1,1
11609,6172,4960,40,13425,12834,1904,13615,26701,72,1,1
11610,4098,702,40,20529,20298,1733,20669,27252,14,1,2
11611,7244,5761,40,16010,15359,1664,16210,30929,81,1,1
11612,5670,2104,41,18955,18625,18374,19117,45305,35,1,1
11613,4027,3186,40,19276,18835,12504,19456,39224,47,1,2
11614,902,170,40,8756,8656,611,8897,10620,3,1,1
11615,12834,11282,40,11572,10500,982,11812,36950,140,1,1
11616,3537,1363,40,11441,11191,3576,11602,20128,25,1,1
11617,6693,4579,40,18234,17663,2504,18424,32241,69,1,1
11618,6893,5981,40,19988,19317,1343,20178,34445,83,1,1
11619,5871,2675,40,18485,18134,17182,18645,44424,38,1,1
11620,5751,3326,40,19637,19207,12203,19808,41138,49,1,1
11621,2605,1082,40,9899,9689,2495,10059,16281,19,1,1
11622,6062,3566,40,8846,8386,1082,9028,19788,54,1,1
11623,5871,4379,40,12784,12243,2205,12974,25469,64,1,1
11624,7104,5681,40,18295,17633,2825,18485,34145,80,1,1
11625,6352,5450,40,19167,18535,2234,19357,33443,77,1,1
11626,5621,2264,40,18966,18626,16421,19116,43482,35,1,1
11627,16932,16020,30,23775,22402,6693,24036,63741,180,1,1
11628,4208,2194,40,10479,10129,1843,10641,18926,37,1,1
11629,3737,1212,40,7283,7043,1082,7444,13516,23,1,1
11630,6011,5300,40,11411,10880,1724,11581,24677,62,1,1
11631,11151,10690,41,20949,19907,1092,21180,44173,134,1,1
11632,7795,6432,40,20199,19487,1673,20399,36339,89,1,1
11633,5931,2094,40,18314,17984,9518,18465,36058,34,1,1
11634,5280,1743,40,19967,19667,5941,20139,33153,31,1,1
11635,4668,1363,40,9779,9538,1713,9939,17733,24,1,1
11636,6322,4138,40,9759,9267,1453,9949,21912,59,1,1
11637,5420,2004,40,16762,16402,1563,16932,25959,36,1,2
11638,7734,5210,40,14468,13866,1723,14658,29365,73,1,1
11639,6673,5921,40,20649,19978,2184,20849,35668,83,1,1
11640,6493,2504,40,18585,18204,7735,18735,35518,41,1,1
11641,6713,3467,40,18835,18395,3717,19016,32963,51,1,1
11642,4168,882,40,7735,7535,1433,7885,14408,17,1,1
11643,5060,872,40,7815,7624,962,7965,14919,16,1,1
11644,6362,3998,40,13887,13376,2174,14077,26671,62,1,1
11645,4919,591,40,11923,11753,1693,12063,19316,12,1,1
11646,6693,5450,40,15109,14488,5611,15299,33103,75,1,1
11647,3757,471,40,29726,29546,1754,29866,35908,10,1,2
11648,4638,461,41,17543,17383,2805,17694,25638,11,1,1
11649,2826,110,40,6773,6693,1283,6933,11202,1,1,1
11650,5911,4318,40,13515,12974,1754,13696,25729,65,1,1
11651,6342,5470,40,17643,17012,2525,17833,32221,77,1,1
11652,6422,3227,40,16431,15990,1433,16601,27733,50,1,1
11653,6472,4829,40,17623,17052,2495,17824,31660,70,1,1
11654,5841,2344,40,19257,18916,9368,19417,37031,37,1,1
11655,5100,3316,41,19366,18925,7505,19547,35508,51,1,1
11656,4589,1964,40,10941,10620,2084,11101,19788,34,1,1
11657,2845,1433,40,9728,9478,2194,9889,16411,25,1,1
11658,6783,4749,40,14317,13736,1843,14508,27923,69,1,1
11659,6122,5771,40,11202,10671,1092,11392,24407,64,1,1
11660,19537,19257,40,21902,20299,1052,22192,62088,212,1,1
11661,6703,5470,40,17323,16701,3096,17513,32822,75,1,1
11662,6392,2595,40,19227,18855,10029,19397,38463,41,1,1
11663,6632,4599,40,19988,19427,10490,20178,41949,68,1,1
11664,11893,6522,40,21009,20308,16942,21211,56598,86,1,1
11665,3297,1372,40,8837,8586,3908,8997,17614,25,1,1
11666,2185,691,40,8777,8606,8907,8927,20760,14,1,1
11667,16922,21310,40,19117,17332,17593,19437,75312,239,1,1
11668,2826,1423,40,14447,14197,5280,14607,24186,25,1,1
11669,3066,1483,40,14998,14738,672,15158,20419,27,1,1
11670,16782,22152,40,6833,4969,20188,7144,66306,249,1,1
11671,4739,2014,40,18385,18074,18224,18545,43562,32,1,1
11672,12524,13816,40,22403,21101,17824,22663,66877,166,1,2
11673,6813,6161,40,16020,15329,1072,16221,30317,85,1,1
11674,6272,5381,40,16231,15619,2625,16421,30759,74,1,1
11675,6242,4488,40,16972,16421,2715,17163,30648,67,1,1
11676,6663,5310,40,17563,16932,2475,17753,32241,77,1,1
11677,5681,2394,41,19226,18895,19607,19387,47119,34,1,1
11678,10109,10780,40,21211,20127,15319,21451,57689,134,1,2
11679,6061,4960,30,15159,14558,1132,15349,27542,73,1,1
11680,6342,5139,40,15209,14597,2855,15399,29776,74,1,1
11681,6171,4138,40,17484,16942,2935,17654,30948,63,1,1
11682,2414,1543,40,14438,14167,671,14598,19256,27,1,1
11683,15680,17553,40,23053,21521,19588,23344,76215,200,1,2
11684,2635,1001,40,18204,17994,14788,18354,36819,18,1,1
11685,6071,5120,40,14829,14226,961,15009,27211,74,1,1
11686,4428,1092,40,18255,17994,1483,18405,25458,20,1,2
11687,6001,3737,40,14968,14477,3437,15149,28364,57,1,1
11688,5370,4078,40,18405,17894,2585,18595,30668,62,1,1
11689,5671,1953,40,18685,18375,13826,18846,40336,32,1,1
11690,5520,2996,40,19617,19207,12964,19788,41308,45,1,1
11691,5681,4128,40,13035,12524,1002,13225,24076,62,1,1
11692,6272,4899,40,11963,11382,2234,12153,25608,70,1,1
11693,6232,4208,40,17303,16762,2064,17483,30037,64,1,1
11694,6713,5480,40,19877,19226,3426,20078,35728,79,1,1
11695,6222,1834,40,18445,18154,13145,18605,39846,30,1,1
11696,2524,812,40,17964,17774,8496,18114,29996,15,1,1
11697,4809,2766,40,13004,12634,1452,13175,22242,42,1,1
11698,5801,4037,40,10941,10439,1754,11131,22763,59,1,1
11699,3887,701,40,7233,7053,1062,7384,13084,15,1,1
11700,7535,6141,40,20589,19918,3366,20790,37872,84,1,1
11701,7023,6102,40,18515,17834,1773,18725,33653,85,1,1
11702,6202,2405,40,19096,18776,13185,19266,41088,35,1,1
11703,6612,3597,40,19317,18845,8176,19497,37922,54,1,1
11704,4448,2204,40,10621,10290,2044,10791,19527,36,1,1
11705,7053,4268,40,10760,10249,1533,10951,23855,61,1,1
11706,4979,1242,41,12012,11772,1624,12163,20048,22,1,1
11707,5190,1914,40,12484,12173,1653,12644,21451,32,1,1
11708,6743,5090,40,21521,20900,2815,21721,36419,76,1,1
11709,5831,1683,41,18485,18214,8185,18646,34395,27,1,1
11710,6102,3396,40,19006,18555,4248,19187,32963,52,1,1
11711,7754,3417,40,10760,10320,1313,10920,23454,50,1,1
11712,5580,2375,40,9759,9408,1282,9929,19196,37,1,1
11713,6643,4869,40,18666,18085,4017,18856,34425,71,1,1
11714,6392,4810,40,15379,14808,3857,15579,30688,70,1,1
11715,4218,1082,40,12173,11932,1633,12313,19307,21,1,1
11716,5761,2164,40,18175,17844,4959,18335,31269,35,1,1
11717,6472,2595,41,18234,17863,2685,18395,30197,41,1,1
11718,3737,221,40,7805,7684,962,7945,12905,5,1,1
11719,5540,3417,40,11121,10670,1583,11301,21901,54,1,1
11720,3988,1292,40,19407,19137,1643,19557,26520,22,1,2
11721,7114,5991,40,14328,13666,3356,14528,31049,83,1,1
11722,5741,4388,40,16661,16140,1754,16852,28795,64,1,1
11723,5570,1062,40,17714,17484,1613,17874,26169,21,1,1
11724,5631,4238,30,20689,20169,4829,20860,35608,61,1,1
11725,4369,1803,40,11763,11452,1953,11923,20088,32,1,1
11726,6281,4559,40,11522,10961,1072,11712,23674,68,1,1
11727,5971,4739,40,13676,13094,1503,13866,26129,71,1,1
11728,6803,4538,40,10510,9949,1092,10701,23164,66,1,1
11729,7093,5351,40,17222,16611,3737,17423,33644,76,1,1
11730,6403,4598,40,17282,16721,4549,17473,33053,67,1,1
11731,14427,13957,40,24907,23665,8416,25167,62017,163,1,1
11732,5040,3296,40,20068,19637,12965,20238,41589,49,1,1
11733,7505,6251,40,13495,12794,1112,13696,28614,87,1,1
11734,7534,6052,40,11512,10820,1052,11712,26400,86,1,1
11735,6612,5070,40,15760,15159,1163,15950,28845,74,1,1
11736,7143,3858,40,16491,15980,3437,16661,31149,59,1,1
11737,5421,3927,40,17423,16932,4298,17614,31300,59,1,1
11738,2124,271,40,17453,17333,15760,17593,35798,6,1,1
11739,8607,7153,40,20780,19999,13345,20990,50155,94,1,2
11740,6753,5841,41,16361,15699,1112,16572,30328,83,1,1
11741,6212,4338,40,16521,15980,3226,16702,30528,64,1,1
11742,6843,4659,40,16421,15860,3606,16611,31770,69,1,1
11743,5661,4568,41,16501,15940,2905,16692,29856,67,1,1
11744,5460,2164,40,18865,18535,18385,19036,45085,36,1,1
11745,12584,15449,40,23054,21671,16701,23325,68109,179,1,2
11746,4709,3717,40,15440,14968,1503,15620,25599,56,1,1
11747,6272,4799,40,16582,16001,2956,16762,30849,70,1,1
11748,6162,4809,40,15961,15370,3046,16151,30198,70,1,1
11749,5260,3898,40,16381,15880,2735,16561,28504,59,1,1
11750,5560,2094,40,18976,18655,18394,19136,45235,33,1,1
11751,8276,8035,40,20789,19898,13566,21010,50927,109,1,2
11752,4709,3707,40,15349,14858,1242,15530,25248,57,1,1
11753,6292,4188,40,13276,12745,2274,13466,26250,64,1,1
11754,7925,4608,40,23995,23403,1373,24186,38142,68,1,2
11755,7114,6041,40,16432,15769,1653,16632,31490,83,1,1
11756,4859,1764,40,18525,18215,18225,18685,43583,31,1,1
11757,10480,11853,40,21621,20489,12885,21861,57119,143,1,2
11758,811,130,41,7834,7734,602,7975,9548,2,1,1
11759,12865,12954,40,12674,11482,1012,12935,39806,156,1,1
11760,2936,2695,40,11462,11181,3096,11622,20409,29,1,1
11761,6202,4959,40,18625,18024,3516,18816,33523,72,1,1
11762,6763,4909,40,19216,18625,1633,19417,32762,73,1,1
11763,4779,1894,40,19076,18766,17704,19236,43663,32,1,1
11764,16011,20889,40,23995,22231,14909,24306,76165,232,1,2
11765,6833,6121,40,13525,12864,1062,13737,27793,82,1,1
11766,6242,5130,40,13225,12634,2114,13415,26951,72,1,1
11767,6632,4699,40,18105,17544,4278,18295,33964,68,1,1
11768,6602,5901,41,18154,17503,1874,18355,32772,81,1,1
11769,6182,2304,40,18666,18325,12183,18826,39545,36,1,1
11770,2374,802,40,18184,18004,6483,18334,28053,15,1,1
11771,13305,8366,40,10981,10179,17924,11191,50846,102,1,1
11772,7585,3436,41,8426,7975,9317,8607,28975,51,1,1
11773,5059,3807,40,24777,24266,11251,24958,45125,56,1,2
11774,3437,1452,40,6332,6071,6242,6493,17664,26,1,1
11775,3307,2524,40,17934,17563,2865,18105,26851,40,1,1
11776,5601,1904,40,19367,19076,11381,19547,38483,29,1,1
11777,2325,922,40,18304,18084,8025,18455,29777,18,1,1
11778,5250,2565,40,10200,9838,1403,10370,19638,40,1,1
11779,6322,3387,40,8987,8546,1403,9157,20309,51,1,1
11780,6632,4920,40,24036,23425,3346,24226,39174,72,1,2
11781,8496,6963,40,19527,18776,1804,19737,37040,95,1,1
11782,4769,1683,40,18395,18105,7655,18555,32702,29,1,1
11783,6011,3317,40,18545,18114,4188,18715,32271,49,1,1
11784,4459,1042,40,8236,8005,1423,8376,15360,20,1,1
11785,2445,581,40,7885,7715,1343,8035,12444,13,1,1
11786,7785,4799,40,12734,12153,3858,12934,29406,70,1,1
11787,4419,801,40,12103,11903,1663,12253,19176,16,1,1
11788,6272,4939,40,15760,15179,5761,15960,32972,71,1,1
11789,4879,1172,40,32331,32051,2274,32492,40867,22,1,2
11790,4328,1082,40,18014,17783,8767,18164,32402,20,1,1
11791,3146,431,40,7224,7083,972,7374,11953,9,1,1
11792,6803,5360,40,13676,13035,3326,13887,29416,78,1,1
11793,7303,5401,40,18295,17664,1563,18485,32802,76,1,1
11794,6903,4899,40,16682,16070,4419,16862,33133,73,1,1
11795,5330,3907,40,17493,17002,3336,17674,30307,58,1,1
11796,5430,2565,41,19707,19326,9268,19878,37171,41,1,1
11797,5020,2584,40,19126,18755,7334,19297,34275,42,1,1
11798,4418,2134,40,14117,13766,2205,14287,23074,38,1,1
11799,6602,4799,40,16381,15790,3636,16562,31639,70,1,1
11800,6413,4678,40,17032,16451,3386,17223,31730,69,1,1
11801,6563,4779,40,17824,17233,4028,18004,33414,70,1,1
11802,4879,1793,40,18765,18455,17383,18916,43021,31,1,1
11803,5992,3867,40,19718,19236,15239,19898,45056,57,1,1
11804,3447,1793,40,10170,9868,1994,10330,17614,30,1,1
11805,5861,3897,41,10539,10059,1142,10721,21661,57,1,1
11806,7173,6192,40,16492,15790,1923,16702,32020,87,1,1
11807,6002,3777,40,15690,15219,3126,15870,28835,56,1,1
11808,6132,5179,40,17403,16812,3076,17604,32031,73,1,1
11809,5700,1924,40,18986,18686,19026,19156,45846,32,1,1
11810,15389,18205,40,24466,22884,18726,24756,77126,204,1,2
11811,5340,3586,40,14647,14167,6642,14829,30427,55,1,1
11812,6192,5109,40,14988,14387,3246,15179,29766,73,1,1
11813,6272,4508,41,16280,15729,3035,16462,30327,66,1,1
11814,7895,6693,40,17784,17052,3056,17994,35678,92,1,1
11815,6282,3296,41,20007,19567,17182,20189,46999,51,1,1
11816,6202,3636,40,19817,19346,14127,19987,44013,55,1,1
11817,4448,2264,40,10650,10300,1734,10820,19327,39,1,1
11818,5951,2905,40,9408,9017,1543,9589,20018,44,1,1
11819,7234,5720,40,15930,15289,1753,16131,30888,80,1,1
11820,6211,4058,40,14989,14467,3056,15179,28554,62,1,1
11821,7594,6462,40,16923,16210,1713,17123,32922,88,1,1
11822,5761,2515,40,18976,18616,18996,19136,46458,39,1,1
11823,7514,6282,40,20660,19937,13415,20850,48101,84,1,2
11824,3788,1522,40,10510,10239,2795,10661,18816,27,1,1
11825,6863,4979,40,20679,20058,1613,20869,34385,72,1,2
11826,6633,5019,40,15880,15289,3517,16071,31280,72,1,1
11827,6904,5801,40,19888,19216,1683,20088,34506,82,1,1
11828,6132,2134,40,19377,19066,17483,19527,45326,33,1,1
11829,6482,3837,40,19787,19316,11211,19968,41558,56,1,1
11830,4207,2194,40,10470,10139,1683,10640,18765,36,1,1
11831,8917,8647,40,13756,12874,982,13966,32572,112,1,1
11832,6262,4709,40,18154,17583,2986,18344,32341,68,1,1
11833,8336,6492,40,21210,20529,2224,21411,38503,84,1,1
11834,6482,2415,40,18976,18625,15980,19136,44053,37,1,1
11835,6442,2845,40,18905,18545,9628,19077,38032,40,1,1
11836,4859,2505,40,40256,39886,1482,40426,49313,40,1,1
11837,2305,891,40,29806,29606,2255,29956,35448,16,1,1
