batch_id,d1_ns,d2_ns,d3_ns,d4_ns,d5_ns,d6_ns,svc_ns,total_ns,num_faults,num_va_spaces,num_blocks
4177,1933,1293,631,87546,86393,1733,89038,94629,1,1,1
4178,1573,130,60,16441,16241,1132,16682,19587,1,1,1
4179,1403,130,60,23284,23074,782,23494,25869,1,1,1
4180,1623,131,60,16481,16271,792,16681,19287,1,1,1
4181,1583,131,60,10860,10650,761,11071,13606,1,1,1
4182,1613,131,60,12013,11812,771,12223,14798,1,1,1
4183,5951,211,90,11041,10801,691,11271,18184,1,1,1
4184,3567,230,90,14588,14267,912,14898,19678,1,1,1
4185,3596,231,100,12564,12243,842,12864,17613,1,1,1
4186,681,130,61,4879,4679,761,5090,6732,1,1,1
4187,3526,231,90,17313,17003,902,17623,22362,1,1,1
4188,1934,250,121,17393,17032,952,17774,21010,1,1,1
4189,841,121,80,7554,7314,891,7835,9778,1,1,1
4190,651,110,90,24957,24717,982,25248,27081,1,1,1
4191,3536,230,100,32312,31980,992,32622,37451,1,1,1
4192,5962,150,80,12364,12183,1052,12604,19828,1,1,1
4193,551,110,40,6062,5731,731,6212,7644,1,1,1
4194,3546,231,100,16541,16231,841,16842,21540,1,1,1
4195,3527,230,101,12794,12484,922,13095,17854,1,1,1
4196,3747,230,100,14718,14468,852,15028,19928,1,1,1
4197,621,110,60,12624,12413,1062,12825,14698,1,1,1
4198,601,110,41,12814,12614,741,12955,14457,1,1,1
4199,531,130,40,19497,19317,1002,19637,21340,1,1,1
4200,6101,160,70,11682,11462,671,11892,18865,1,1,1
4201,551,120,40,6563,6392,962,6703,8376,1,1,1
4202,551,121,40,7955,7795,751,8095,9548,1,1,1
4203,541,130,40,8897,8716,762,9037,10510,1,1,1
4204,531,121,40,12824,12724,772,12964,14428,1,1,1
4205,521,130,40,19097,18905,651,19237,20579,1,1,1
4206,541,111,40,12453,12353,671,12594,13957,1,1,1
4207,1523,120,40,8176,8015,671,8316,10670,1,1,1
4208,531,111,40,9027,8867,661,9167,10500,1,1,1
4209,521,111,40,5971,5791,732,6101,7525,1,1,1
4210,541,120,40,7404,7224,852,7534,9087,1,1,1
4211,531,111,40,8576,8486,702,8716,10120,1,1,1
4212,521,110,40,12484,12304,641,12624,13936,1,1,1
4213,511,120,50,18465,18295,642,18605,19938,1,1,1
4214,531,120,40,8616,8506,581,8757,10019,1,1,1
4215,572,110,40,5981,5881,712,6121,7565,1,1,1
4216,541,110,40,7044,6943,631,7174,8506,1,1,1
4217,541,110,50,8335,8245,651,8476,9829,1,1,1
4218,531,110,50,12303,12223,752,12443,13896,1,1,1
4219,531,100,40,18545,18385,661,18685,20037,1,1,1
4220,531,130,40,8236,8136,611,8366,9688,1,1,1
4221,591,120,60,7294,7153,712,7494,8987,1,1,1
4222,601,120,60,9378,9237,722,9588,11091,1,1,1
4223,591,121,70,11622,11482,762,11832,13366,1,1,1
4224,602,130,70,17153,17013,771,17363,18926,1,1,1
4225,531,110,50,18155,18065,641,18295,19627,1,1,1
4226,531,130,40,8145,8045,601,8296,9588,1,1,1
4227,531,110,40,5631,5531,681,5771,7123,1,1,1
4228,531,110,40,7244,7154,741,7384,8816,1,1,1
4229,521,120,50,8386,8306,742,8536,9959,1,1,1
4230,521,111,40,11942,11862,711,12082,13486,1,1,1
4231,531,110,40,18295,18204,741,18425,19858,1,1,1
4232,541,110,40,8005,7845,621,8145,9468,1,1,1
4233,521,111,40,5621,5450,751,5761,7204,1,1,1
4234,521,110,50,7654,7494,652,7795,9138,1,1,1
4235,521,120,40,8366,8286,682,8506,9879,1,1,1
4236,510,130,40,11993,11903,801,12133,13625,1,1,1
4237,531,131,40,18224,18054,721,18355,19788,1,1,1
4238,531,110,40,8356,8266,741,8496,9918,1,1,1
4239,531,130,40,5741,5561,641,5881,7233,1,1,1
4240,531,120,40,7004,6924,691,7154,8546,1,1,1
4241,521,110,40,8657,8566,641,8797,10119,1,1,1
4242,531,110,51,12353,12273,671,12494,13856,1,1,1
4243,531,111,40,18425,18244,631,18555,19888,1,1,1
4244,531,120,40,7975,7815,591,8115,9397,1,1,1
4245,521,110,40,5561,5471,631,5691,7013,1,1,1
4246,531,121,40,7183,7093,641,7324,8667,1,1,1
4247,541,120,40,8606,8436,702,8746,10150,1,1,1
4248,531,100,40,12253,12163,652,12393,13726,1,1,1
4249,531,120,40,18305,18205,771,18445,19907,1,1,1
4250,531,110,40,18926,18835,702,19056,20459,1,1,1
4251,1583,120,40,13175,13004,661,13306,15720,1,1,1
4252,521,120,40,10811,10711,701,10951,12333,1,1,1
4253,541,120,40,5581,5481,791,5721,7203,1,1,1
4254,531,110,40,6963,6883,691,7114,8486,1,1,1
4255,521,111,40,8336,8246,771,8476,9929,1,1,1
4256,511,130,40,12123,12022,881,12264,13826,1,1,1
4257,531,110,40,18265,18164,742,18395,19838,1,1,1
4258,531,110,40,7615,7525,581,7755,9027,1,1,1
4259,531,110,40,5411,5320,701,5551,6943,1,1,1
4260,521,110,40,7144,7044,641,7284,8606,1,1,1
4261,531,110,40,8416,8316,702,8556,9939,1,1,1
4262,521,110,41,12002,11912,712,12133,13536,1,1,1
4263,531,120,41,18314,18224,672,18455,19808,1,1,1
4264,521,131,40,7805,7715,631,7945,9268,1,1,1
4265,541,120,40,5631,5531,751,5771,7213,1,1,1
4266,511,130,40,7003,6903,642,7143,8476,1,1,1
4267,521,110,40,8346,8256,651,8476,9818,1,1,1
4268,511,130,50,12223,12143,641,12363,13695,1,1,1
4269,531,110,40,18144,18064,641,18285,19627,1,1,1
4270,541,110,40,7965,7875,582,8105,9388,1,1,1
4271,531,110,40,5801,5720,721,5942,7354,1,1,1
4272,511,131,40,7334,7244,631,7474,8797,1,1,1
4273,542,120,40,8195,8095,631,8336,9669,1,1,1
4274,531,121,40,12103,12013,631,12243,13576,1,1,1
4275,531,110,40,18214,18124,621,18355,19677,1,1,1
4276,531,110,40,7935,7835,571,8065,9337,1,1,1
4277,531,110,40,5510,5420,662,5650,6994,1,1,1
4278,511,130,40,7103,7013,651,7244,8576,1,1,1
4279,541,121,40,8596,8506,661,8726,10099,1,1,1
4280,521,110,41,12133,12052,701,12274,13666,1,1,1
4281,521,120,40,18696,18596,711,18846,20228,1,1,1
4282,521,111,50,7825,7744,671,7965,9328,1,1,1
4283,511,121,40,5781,5691,671,5921,7284,1,1,1
4284,521,120,40,7134,7033,711,7274,8656,1,1,1
4285,521,110,50,8716,8626,712,8857,10260,1,1,1
4286,521,130,40,12003,11913,721,12143,13565,1,1,1
4287,542,110,40,18495,18405,772,18635,20109,1,1,1
4288,20779,10160,110,131639,129265,35748,132200,199077,94,1,2
4289,15840,9989,271,135476,134094,16691,136168,178798,58,1,5
4290,6472,4629,90,51187,50735,741,51578,63490,31,1,3
4291,18175,13034,40,80863,79522,19277,81114,131650,142,1,7
4292,3526,1162,40,65323,64863,10620,65485,80833,19,1,7
4293,3877,1974,40,83198,82717,661,83368,89920,31,1,6
4294,18204,14037,40,99609,98127,14337,99869,146487,155,1,9
4295,4799,2184,40,103356,102846,7174,103526,117713,32,1,6
4296,2975,1283,40,126369,125819,642,126519,131469,22,1,9
4297,17574,15108,40,168118,166394,12173,168389,213284,169,1,13
4298,3667,2114,40,117051,116351,641,117233,123695,34,1,11
4299,17664,16942,40,244163,242040,4048,244453,283147,188,1,20
4300,16601,21000,40,245936,243111,3126,246267,287024,230,1,31
4301,16561,20729,40,245075,242122,3717,245385,286443,231,1,36
4302,16812,20278,40,270171,267256,3817,270483,311440,227,1,35
4303,17423,21240,40,200259,197354,2996,200590,242299,237,1,33
4304,16542,21400,40,250835,248071,1002,251166,290160,243,1,26
4305,17543,21321,40,231028,228059,2935,231348,273207,240,1,34
4306,16501,22683,40,277336,274381,1653,277666,318553,254,1,31
4307,17413,21711,40,212513,209467,4278,212833,256285,246,1,35
4308,16471,20919,40,243081,240246,6913,243411,287765,236,1,30
4309,3126,1563,40,110429,109679,711,110590,116040,26,1,13
4310,17584,21140,40,338752,335886,3837,339082,381683,240,1,30
4311,17614,21771,40,205329,202474,2565,205660,247660,243,1,29
4312,17483,22112,40,317932,315016,3957,318263,361865,246,1,30
4313,16472,21771,40,222953,219998,4198,223273,265764,245,1,32
4314,16762,21641,40,303706,300671,3446,304036,345935,242,1,36
4315,17714,21941,40,208525,205661,3908,208856,252469,246,1,30
4316,16652,21941,40,288066,285089,2925,288397,329945,245,1,33
4317,17553,21311,50,294197,291071,3867,294528,337309,244,1,39
4318,16722,21401,40,272536,269609,2574,272857,313604,244,1,31
4319,17393,21381,40,236448,233314,3367,236768,278959,240,1,38
4320,16562,21591,50,333602,330735,2775,333932,374910,242,1,29
4321,17914,21210,50,185722,182832,2925,186053,228142,239,1,32
4322,16591,21321,40,336047,332941,2595,336377,376934,242,1,37
4323,17463,21140,40,176745,173759,3657,177066,219376,239,1,34
4324,17613,21160,40,297664,294861,3717,297985,340525,238,1,30
4325,16562,21080,40,212914,210118,2895,213234,253821,238,1,30
4326,17223,22052,40,316209,313168,2856,316549,358720,245,1,34
4327,17483,21551,40,169441,166667,2725,169782,211581,241,1,29
4328,16562,20990,40,274841,271969,5140,275161,317903,238,1,30
4329,10320,12233,50,264721,262756,702,264982,288297,152,1,23
4330,17433,20970,40,307513,304412,2695,307833,348981,238,1,38
4331,16561,23485,40,310418,307512,3056,310738,353890,243,1,31
4332,16611,20859,41,265533,262404,4779,265854,308154,239,1,39
4333,16541,21401,40,235055,232091,3257,235375,276614,239,1,33
4334,17493,20720,40,221530,218534,4258,221860,264361,236,1,34
4335,16561,21802,40,323643,320685,2615,323973,365011,246,1,31
4336,16652,20879,40,172156,169150,2505,172477,212563,238,1,36
4337,17062,21902,40,325958,322939,3056,326278,368348,243,1,33
4338,16562,21661,40,194619,191924,2565,194949,235787,244,1,25
4339,17663,21551,40,220367,217554,4649,220698,264611,245,1,28
4340,16671,21271,40,219276,216731,3316,219596,260914,238,1,22
4341,17453,21220,41,218574,215850,4348,218905,261966,233,1,28
4342,16591,20980,51,249332,246608,2154,249673,289438,239,1,28
4343,17603,21321,50,213905,211110,4789,214236,257989,244,1,28
4344,17553,21581,50,245895,243293,3356,246237,288777,242,1,23
4345,17413,20539,40,160174,157701,3637,160494,202133,235,1,21
4346,17633,21932,40,196342,193757,4349,196662,240626,245,1,22
4347,17433,21761,50,229625,226729,2995,229956,272185,244,1,30
4348,16592,21420,40,169942,167328,4599,170263,212934,239,1,24
4349,5711,4048,40,227020,225680,621,227210,237640,60,1,23
4350,17253,20960,40,290521,287855,1302,290841,330406,239,1,25
4351,17363,21591,41,261485,258539,6122,261816,306942,245,1,32
4352,17694,20719,40,235927,232952,5600,236258,280301,234,1,36
4353,16622,20439,50,265643,262494,3927,265963,307012,231,1,40
4354,17794,20359,40,246317,243198,3026,246637,287856,231,1,40
4355,16722,21861,40,269851,266924,1984,270182,310799,246,1,31
4356,17443,21510,40,196803,193668,4148,197124,240285,244,1,37
4357,17403,21561,40,247058,244288,2314,247389,288707,242,1,28
4358,17503,21240,40,218033,215026,1804,218353,258951,239,1,36
4359,17433,21521,40,277796,274780,942,278137,318073,239,1,35
4360,15449,18485,50,269852,267266,661,270162,304807,210,1,28
4361,17403,21971,40,260574,257708,4007,260905,304336,244,1,31
4362,16802,21521,40,321239,318103,4759,321559,364691,242,1,38
4363,17563,20769,40,251306,248207,3787,251627,293786,234,1,38
4364,16582,21210,40,248912,246026,3958,249232,291032,240,1,32
4365,16571,21060,40,176524,173552,5090,176855,219616,239,1,36
4366,18044,21481,40,256035,253053,4419,256355,300339,242,1,33
4367,16792,21431,40,245756,242841,4148,246086,288507,242,1,32
4368,16902,20559,40,232881,229806,11382,233192,282095,234,1,37
4369,2665,1743,41,145165,144404,601,145326,150385,30,1,13
4370,17634,20408,40,296201,293556,7023,296522,341637,232,1,26
4371,17664,20679,40,245936,242862,7445,246246,292094,235,1,38
4372,16571,21461,50,207152,204283,5150,207483,250705,244,1,29
4373,16772,21100,50,220017,217300,4829,220337,263098,235,1,28
4374,16782,20870,40,185953,183169,4959,186273,228934,237,1,29
4375,16511,21671,40,212072,209227,5240,212403,255855,244,1,28
4376,16652,20900,40,254552,251689,5862,254882,298326,238,1,32
4377,18324,20670,40,181183,178341,5781,181504,226339,232,1,32
4378,16531,20980,40,220147,217302,5120,220467,263148,237,1,30
4379,16862,19747,40,176294,173559,5130,176605,218384,225,1,29
4380,16641,20429,40,262307,259531,5550,262628,305298,231,1,31
4381,16592,20479,40,189649,186733,4608,189980,231709,233,1,33
4382,17483,20178,40,225076,222280,5010,225387,268118,228,1,32
4383,17653,20218,40,214667,211772,3256,214988,256175,230,1,34
4384,17162,20299,40,204227,201488,3447,204537,245485,230,1,30
4385,17413,20659,41,158159,155640,3567,158480,200159,232,1,22
4386,17463,20880,40,226219,223593,4007,226539,268949,237,1,24
4387,16842,20459,40,223463,220718,3166,223784,264301,235,1,29
4388,16622,21220,40,287845,284929,10911,288166,336979,240,1,31
4389,2715,1513,40,83328,82827,631,83488,88407,27,1,7
4390,16702,20659,40,335466,332562,5801,335786,378998,232,1,32
4391,17664,20188,40,190381,187436,5130,190701,233723,229,1,36
4392,17443,20499,40,342438,339462,4228,342760,384980,232,1,35
4393,16561,20399,40,166385,163651,2434,166695,206150,232,1,30
4394,17503,20168,40,252288,249491,2785,252609,293105,231,1,30
4395,12875,15539,41,162778,160482,621,163059,192144,187,1,25
4396,17242,21932,40,263480,260601,3035,263810,306059,246,1,29
4397,16631,21000,50,163830,161114,2996,164161,204828,238,1,26
4398,16632,20959,40,218925,216152,5170,219245,262057,236,1,29
4399,17423,21300,40,206852,203976,5220,207172,251176,242,1,30
4400,16561,20649,40,250033,247369,3025,250355,290640,234,1,26
4401,16521,20749,40,229184,226368,3106,229505,269931,234,1,30
4402,16672,20168,40,262087,259301,3567,262407,302864,229,1,30
4403,16702,20198,40,249593,246691,2715,249914,289579,229,1,35
4404,16711,20148,40,188196,185461,3106,188517,228523,231,1,29
4405,17243,20559,40,253571,250890,4097,253891,295830,232,1,27
4406,17603,20799,50,169772,167132,3747,170093,212302,235,1,25
4407,17453,21210,40,282115,276233,5671,282805,327471,239,1,21
4408,17102,22132,291,267045,264441,8606,267758,315658,241,1,23
4409,2935,1714,40,78138,77667,651,78338,83698,27,1,7
4410,16542,20939,40,341948,339584,2845,342259,382635,236,1,20
4411,16822,21390,40,123344,121039,2424,123645,164341,243,1,16
4412,16662,21380,40,180832,178539,3456,181143,222692,245,1,16
4413,16741,19908,41,166775,164432,2705,167087,206481,231,1,20
4414,11411,13595,40,167888,166076,1232,168149,194438,167,1,19
4415,14247,13686,40,195000,193366,4208,195250,227441,163,1,13
4416,6322,4689,40,132170,131349,631,132361,144033,68,1,9
4417,15379,15720,40,128804,126972,2905,129084,163139,187,1,14
4418,2545,1523,40,36689,36338,881,36849,41839,27,1,3
4419,16752,21020,40,143773,141719,912,144083,182807,242,1,9
4420,16591,10510,40,68761,67499,2524,69001,98666,133,1,9
4421,3075,2335,40,58942,58499,561,59112,65123,38,1,4
4422,7444,6763,40,108105,107163,631,108305,123193,90,1,8
4423,10750,3457,40,46358,45848,1954,46518,62729,49,1,3
4424,3707,2154,40,40988,40628,1022,41158,48071,35,1,2
4425,9829,3146,40,78800,78309,1893,78980,93898,46,1,4
4426,4749,3126,40,15630,15199,601,15810,24326,49,1,1
4427,9588,2034,40,38293,37942,2144,38453,52269,31,1,3
4428,1803,751,40,19977,19797,581,20139,23304,14,1,1
4429,10069,2254,40,32862,32461,2164,33033,47570,36,1,3
4430,2525,712,40,10309,10109,582,10459,14308,15,1,1
4431,2365,501,40,17613,17443,852,17763,21511,11,1,1
4432,8286,671,40,24587,24376,1693,24737,35427,13,1,2
4433,981,151,40,36309,36199,601,36449,38222,3,1,1
4434,1563,140,40,15891,15759,541,16031,18325,2,1,2
4435,10741,190,40,31109,30969,1714,31249,43954,4,1,2
4436,831,151,40,21020,20930,541,21150,22823,1,1,1
4437,4198,110,40,4549,4469,2765,4689,11802,1,1,1
4438,4108,271,40,2885,2775,1433,3035,8887,5,1,1
4439,4279,200,40,3577,3467,1723,3717,9969,5,1,1
4440,4809,310,40,5401,5270,1623,5551,12334,7,1,1
4441,4108,160,40,7635,7535,1663,7775,13756,3,1,1
4442,6682,111,40,12524,12433,1663,12654,21160,1,1,1
4443,4058,110,41,11672,11572,1653,11793,17664,1,1,1
4444,3226,110,40,2835,2755,6322,2965,12684,1,1,1
4445,3788,140,40,3437,3346,8536,3587,16081,3,1,1
4446,3416,100,40,4819,4739,2885,4960,11411,1,1,1
4447,4078,100,40,7464,7364,1744,7594,13556,1,1,1
4448,5811,130,40,12814,12714,1653,12955,20609,2,1,1
4449,3938,100,40,4609,4519,2545,4749,11362,1,1,1
4450,3156,101,40,2565,2475,1392,2695,7394,1,1,1
4451,3497,100,40,3277,3197,8416,3407,15470,1,1,1
4452,3627,100,40,4900,4819,2445,5040,11252,1,1,1
4453,4058,110,40,7424,7334,1664,7554,13436,1,1,1
4454,3777,3327,40,20829,20379,531,20999,28675,51,1,1
4455,2675,301,30,18435,18265,1633,18575,23224,7,1,2
4456,2224,390,40,12544,12383,912,12694,16251,8,1,2
4457,14548,110,40,12434,12344,1823,12564,29095,1,1,1
4458,1363,160,40,13846,13746,661,13987,16211,3,1,1
4459,4589,2975,40,44825,44333,591,44996,53201,48,1,3
4460,5340,4208,41,44564,43913,561,44745,54914,62,1,4
4461,2565,882,40,34044,33764,651,34194,38353,16,1,4
4462,4849,2916,40,71375,70775,641,71556,80002,48,1,6
4463,10440,4398,40,55605,54905,1703,55796,72377,64,1,6
4464,2034,511,40,33604,33384,952,33754,37291,11,1,3
4465,8667,1913,40,54112,53632,1673,54283,66566,32,1,6
4466,3997,2195,40,45486,45034,541,45646,52439,38,1,4
4467,12984,9328,40,92916,91804,1734,93146,117232,123,1,6
4468,4028,2455,40,68439,67948,851,68610,75994,41,1,5
4469,9247,3567,40,87837,87137,2444,88007,103315,56,1,7
4470,2635,1714,40,43282,42901,621,43442,48452,30,1,3
4471,4348,2886,40,38693,38203,581,38873,46718,46,1,4
4472,6963,871,40,27101,26830,1723,27252,36869,17,1,3
4473,1774,410,41,15409,15239,561,15550,18335,9,1,2
4474,4278,3567,40,53762,53181,771,53942,62608,56,1,4
4475,1663,161,40,24476,24325,601,24616,27081,3,1,2
4476,1934,180,40,16101,15951,581,16241,18976,4,1,2
4477,7724,1032,40,36950,36649,1873,37091,47770,19,1,3
4478,3276,1683,40,45056,44736,571,45226,50796,29,1,2
4479,2084,240,40,9548,9418,641,9688,12704,6,1,1
4480,3546,982,40,8076,7875,1062,8236,13856,17,1,1
4481,3657,2014,40,25969,25599,731,26129,32581,35,1,2
4482,1603,131,40,5440,5350,541,5580,7905,2,1,1
4483,6372,231,40,9508,9338,1723,9638,18014,5,1,2
4484,1373,110,40,5170,5090,571,5310,7414,1,1,1
4485,1523,111,40,6482,6402,611,6622,8917,1,1,1
4486,6021,241,40,22643,22453,972,22783,30067,5,1,3
4487,1713,191,40,7775,7665,571,7905,10440,4,1,1
4488,3858,130,40,10971,10831,1713,11111,16862,2,1,2
4489,1934,1042,40,21972,21711,581,22112,25729,20,1,2
4490,1993,261,40,5400,5270,541,5540,8385,6,1,1
4491,7845,1633,40,39344,39004,2084,39505,51127,29,1,3
4492,3136,1082,40,18906,18675,591,19056,23915,21,1,1
4493,4348,882,40,23024,22794,2194,23174,30648,16,1,2
4494,8005,9368,30,63109,62179,531,63320,81254,104,1,4
4495,8066,2545,40,44995,44484,1734,45165,57560,41,1,5
4496,2064,1332,40,23845,23525,842,24006,28274,23,1,3
4497,4649,3567,40,53632,53031,581,53812,62649,53,1,5
4498,2755,1072,40,27582,27312,751,27733,32351,21,1,2
4499,7795,882,40,29716,29454,2275,29876,40868,17,1,3
4500,1222,481,40,25859,25679,561,26009,28303,10,1,2
4501,7834,7855,40,63270,62378,901,63481,80101,102,1,3
4502,7794,3747,40,56116,55526,2695,56297,70573,56,1,4
4503,9748,6852,40,60434,59622,3267,60644,80543,90,1,4
4504,10039,5731,40,94569,93716,631,94769,111220,83,1,7
4505,14046,16101,40,125198,123475,1843,125478,157508,190,1,10
4506,2494,141,40,7404,7264,2866,7544,13095,2,1,2
4507,5300,4128,40,64432,63712,561,64602,74641,63,1,7
4508,10851,6432,40,73319,72336,2375,73519,93227,89,1,9
4509,4418,2845,40,95150,94490,551,95320,103175,46,1,8
4510,10560,7023,40,92515,91483,2144,92726,112493,98,1,9
4511,1773,631,40,40627,40297,622,40767,43833,13,1,5
4512,13145,15680,40,120258,118523,581,120518,149974,185,1,11
4513,14507,10380,40,82527,81104,3527,82767,111221,133,1,13
4514,2895,2024,40,41058,40637,561,41228,46758,34,1,4
4515,17043,19076,40,122983,121026,4809,123273,164251,219,1,10
4516,16592,11982,40,168749,167236,3005,168991,200620,145,1,12
4517,1924,751,40,38913,38613,551,39054,42331,15,1,4
4518,17052,18194,40,154392,152409,3196,154694,193166,216,1,13
4519,17042,19187,40,78859,76716,5871,79160,121300,220,1,16
4520,17003,16831,40,93858,92153,11973,94129,139976,194,1,8
4521,6813,5550,40,170974,169940,831,171155,184389,76,1,14
4522,16842,19437,40,172447,170123,2765,172747,211831,227,1,21
4523,16221,18755,40,103947,101751,1422,104248,140696,222,1,18
4524,16872,18615,40,117162,114888,2685,117463,155665,216,1,21
4525,16722,20488,40,156627,154261,2074,156938,196262,241,1,19
4526,16852,20599,40,124305,121931,3507,124616,165614,238,1,21
4527,15991,19697,40,172247,169733,2254,172547,210529,234,1,24
4528,16842,19668,40,93938,91536,2815,94238,133613,229,1,23
4529,16661,20369,41,218413,216000,1924,218724,257728,242,1,20
4530,17062,18856,40,121390,118925,2084,121691,159743,224,1,26
4531,11522,13395,40,141738,139730,601,141999,167567,166,1,24
4532,16802,20669,40,137962,135696,4739,138282,180532,242,1,16
4533,16912,17443,40,136990,134855,4529,137270,176194,208,1,18
4534,17162,17183,40,153611,151410,4248,153892,192535,201,1,22
4535,15970,19247,40,218194,215750,3386,218494,257127,225,1,24
4536,16241,19587,40,110259,107837,8265,110570,154713,230,1,23
4537,16702,20108,41,220898,218614,2695,221199,260754,236,1,17
4538,16731,20449,40,141588,139103,5791,141909,184920,243,1,22
4539,16020,18805,40,171835,169511,2926,172136,209928,221,1,22
4540,16201,18284,30,168970,166554,3206,169261,206982,214,1,26
4541,15950,19557,40,195971,193483,3507,196272,235346,228,1,25
4542,16611,19818,41,111611,109226,8236,111922,156627,230,1,22
4543,16121,17533,40,162277,160182,8236,162568,204498,206,1,18
4544,16041,18154,40,138161,135985,8035,138452,180733,213,1,19
4545,16020,17824,40,203326,201102,5270,203616,242780,213,1,21
4546,16892,18876,40,149303,146940,6162,149603,191583,223,1,23
4547,16821,18085,40,136519,134305,3887,136809,175662,215,1,19
4548,16832,18826,40,155254,152969,2494,155554,193757,222,1,20
4549,12744,14107,40,148061,146150,581,148331,175803,175,1,19
4550,16862,19407,40,192455,190121,1914,192755,230998,226,1,21
4551,16731,20269,40,141008,138791,3045,141318,181413,239,1,15
4552,16371,21271,40,128564,126221,3477,128874,170043,246,1,16
4553,16371,20589,40,131900,129664,2595,132210,171805,245,1,13
4554,15970,19107,40,176825,174402,802,177115,213034,228,1,22
4555,16802,21100,41,144804,142449,2214,145115,185281,247,1,17
4556,16011,20669,40,114618,112342,4478,114928,156136,239,1,16
4557,1964,761,40,82987,82586,611,83138,86524,15,1,7
4558,16902,18454,40,127221,125237,1072,127522,163991,219,1,12
4559,17062,20940,40,86113,83888,1113,86423,125578,241,1,14
4560,13796,11331,41,131669,130253,631,131910,157708,144,1,11
4561,7133,6533,40,145135,144144,721,145335,159762,92,1,9
4562,9729,9588,40,100490,99226,591,100711,120659,129,1,9
4563,13626,4879,40,41709,41039,2033,41909,62498,67,1,5
4564,2435,1062,40,24747,24497,672,24907,29126,20,1,2
4565,7163,6473,40,53271,52489,1593,53481,68750,91,1,3
4566,1793,271,40,5651,5521,551,5801,8466,6,1,1
4567,1824,190,40,7384,7284,571,7524,10169,4,1,1
4568,1694,170,40,12684,12584,601,12814,15329,3,1,1
4569,3466,1533,40,27222,26911,581,27382,32992,27,1,2
4570,2876,1262,40,11182,10901,571,11332,16101,23,1,2
4571,1694,140,40,19868,19778,571,20008,22453,2,1,1
4572,3657,1944,40,12974,12654,551,13135,19337,33,1,1
4573,1563,131,40,19066,18976,581,19206,21531,2,1,1
4574,3246,90,40,4709,4608,2805,4840,11031,1,1,1
4575,3206,100,40,2755,2675,6832,2896,13074,1,1,1
4576,3016,100,40,3467,3377,5020,3597,11773,1,1,1
4577,2855,100,40,4970,4879,3356,5100,11451,1,1,1
4578,3326,101,40,7594,7514,1663,7734,12864,1,1,1
4579,712,160,40,11743,11663,551,11883,13356,1,1,1
4580,641,161,40,5159,5069,591,5290,6723,1,1,1
4581,9619,110,40,12684,12604,1663,12824,24266,1,1,1
4582,2846,120,40,4178,4098,3096,4308,10410,1,1,1
4583,671,160,40,25459,25368,591,25589,27061,1,1,1
4584,6211,121,40,2565,2475,972,2705,10039,1,1,1
4585,3136,100,40,3316,3236,4419,3456,11151,1,1,1
4586,2845,111,40,4849,4769,2204,4969,10179,1,1,1
4587,2725,100,40,7614,7534,1864,7755,12484,1,1,1
4588,2796,100,40,12474,12384,1863,12604,17413,1,1,1
4589,33603,45617,110,425406,420406,3527,426147,508974,254,1,16
4590,5480,3768,80,242730,241197,1052,243100,253480,31,1,14
4591,14868,15570,80,351877,348842,832,352297,383647,100,1,22
4592,17473,20288,81,280691,278416,571,281093,319506,127,1,26
4593,15119,10941,40,280461,278666,691,280702,307493,136,1,25
4594,9127,8857,40,213424,211750,641,213645,232310,118,1,24
4595,8265,7273,40,254712,253389,581,254923,271073,97,1,18
4596,9919,10259,40,257648,256056,591,257879,278698,130,1,19
4597,5750,4759,40,153480,152639,561,153672,164772,68,1,10
4598,3838,2434,41,89750,89288,761,89911,96994,40,1,4
4599,2344,461,40,30137,29917,581,30278,33724,10,1,3
4600,4678,221,40,6522,6332,1843,6662,13445,5,1,3
4601,1673,110,40,191,101,982,331,3136,1,1,1
4602,8055,190,70,8796,8636,1052,8998,18335,1,1,1
4603,8366,191,70,10199,10049,1393,10409,20399,1,1,1
4604,8606,191,60,11542,11382,1613,11742,22202,1,1,1
4605,7354,190,70,15039,14878,1653,15249,24486,1,1,1
4606,7514,110,40,17834,17734,1924,17964,27552,1,1,1
4607,3356,130,40,8446,8326,1513,8626,13686,1,1,1
4608,3066,141,40,4178,4078,2474,4318,10059,1,1,1
4609,3917,120,70,5149,5059,1653,5340,11061,1,1,1
4610,3146,110,40,5080,4980,1062,5210,9568,1,1,1
4611,3065,121,60,12153,12053,1623,12323,17172,1,1,1
4612,7545,110,40,13155,13045,1643,13295,22633,1,1,1
4613,2966,100,40,5300,5220,1653,5440,10209,1,1,1
4614,3036,100,40,2725,2645,5180,2866,11232,1,1,1
4615,3026,110,41,3496,3406,4599,3637,11412,1,1,1
4616,3046,100,40,4959,4859,1904,5099,10189,1,1,1
4617,34977,45987,291,844019,837088,1714,845481,928309,256,1,32
4618,6161,4549,40,254082,252769,631,254312,265703,64,1,23
4619,13375,16561,40,394778,392483,581,395048,425596,181,1,30
4620,10580,11943,40,339433,337460,861,339683,363108,149,1,27
4621,12274,13816,40,384438,382445,581,384709,411420,166,1,23
4622,8476,7775,40,95210,94038,582,95430,112303,105,1,12
4623,4950,3396,40,1894,1373,571,2074,11031,54,1,3
4624,4619,110,40,6693,6593,1533,6833,13135,1,1,1
4625,3126,110,40,7414,7323,1372,7545,12203,1,1,1
4626,13365,10520,191,366153,363776,781,366675,391451,124,1,31
4627,8977,7725,40,288707,286944,601,288947,306300,98,1,31
4628,5661,4478,40,232951,231488,611,233141,243942,65,1,28
4629,6051,4989,40,339653,338170,682,339844,351606,73,1,27
4630,5260,4148,40,315518,314215,731,315698,325877,61,1,23
4631,4589,3196,40,263369,262317,1042,263530,272417,50,1,19
4632,4038,2254,40,227030,226238,592,227180,234114,37,1,13
4633,4488,3146,40,232160,231398,671,232330,240675,49,1,11
4634,2746,871,40,41840,41610,671,41990,46328,17,1,2
4635,1353,100,40,7074,6994,1403,7224,10130,1,1,1
4636,1884,120,40,5962,5881,1042,6102,9178,1,1,1
4637,4358,1713,120,130016,128906,931,130397,137490,14,1,11
4638,2355,391,80,55185,54694,1042,55465,59343,5,1,5
4639,2445,1162,732,129645,128123,2285,131649,138082,1,1,1
4640,1963,1042,391,42721,42210,1012,43523,47640,1,1,1
4641,1383,120,80,28885,28645,872,29165,31620,1,1,1
4642,1413,120,80,13185,12944,821,13446,15890,1,1,1
4643,1613,110,81,11702,11451,832,11973,14618,1,1,1
4644,1633,120,80,14007,13776,1012,14277,17132,1,1,1
4645,2104,251,110,16391,16030,901,16792,20148,1,1,1
4646,2325,250,110,16331,15970,942,16722,20339,1,1,1
4647,2555,251,120,13586,13256,882,13996,17774,1,1,1
4648,881,201,80,6012,5851,801,6282,8245,1,1,1
4649,2474,241,110,19598,19256,932,20008,23745,1,1,1
4650,2475,251,110,16041,15699,922,16451,20189,1,1,1
4651,862,180,81,7273,7043,811,7545,9488,1,1,1
4652,912,200,80,23715,23465,991,23985,26179,1,1,1
4653,2154,250,110,39655,39305,982,40065,43542,1,1,1
4654,5330,190,60,11301,11141,842,11532,17944,1,1,1
4655,1533,110,40,5551,5401,731,5681,8115,1,1,1
4656,5340,201,60,11091,10700,631,11311,17533,1,1,1
4657,5220,200,70,8406,8165,791,8626,14888,1,1,1
4658,741,170,40,7253,7153,732,7394,9067,1,1,1
4659,772,180,40,8276,8105,732,8416,10140,1,1,1
4660,1262,411,360,61667,61126,1894,62559,66346,1,1,1
4661,841,191,100,32221,31921,872,32481,34455,1,1,1
4662,882,190,80,19477,19336,942,19718,21792,1,1,1
4663,832,190,70,7565,7364,791,7765,9628,1,1,1
4664,732,170,40,7294,7124,882,7414,9248,1,1,1
4665,761,171,40,8366,8195,751,8496,10239,1,1,1
4666,722,210,40,12213,12053,662,12353,13997,1,1,1
4667,731,170,40,18465,18304,571,18606,20118,1,1,1
4668,731,191,40,12053,11962,771,12183,13916,1,1,1
4669,1813,121,40,8315,8165,671,8446,11101,1,1,1
4670,651,180,41,8886,8736,621,9027,10530,1,1,1
4671,761,171,40,5731,5550,661,5861,7504,1,1,1
4672,692,170,40,7014,6843,781,7154,8837,1,1,1
4673,721,180,30,7855,7754,671,7986,9598,1,1,1
4674,781,180,30,11441,11261,832,11562,13395,1,1,1
4675,702,170,40,17533,17353,692,17663,19277,1,1,1
4676,721,181,40,7865,7775,641,7995,9578,1,1,1
4677,772,260,41,5340,5240,611,5481,7174,1,1,1
4678,701,170,40,6722,6632,732,6863,8506,1,1,1
4679,711,170,40,7814,7724,931,7955,9808,1,1,1
4680,721,180,41,11251,11161,661,11382,12994,1,1,1
4681,711,301,40,17283,17133,731,17423,19216,1,1,1
4682,722,290,40,7825,7725,5801,7955,14818,1,1,1
4683,711,321,40,5210,5110,711,5330,7123,1,1,1
4684,711,201,40,6612,6522,681,6743,8376,1,1,1
4685,711,171,40,7835,7745,731,7975,9628,1,1,1
4686,711,191,40,11371,11271,921,11502,13375,1,1,1
4687,701,170,40,17262,17162,682,17392,19006,1,1,1
4688,701,191,40,7374,7284,651,7504,9097,1,1,1
4689,781,171,40,5290,5190,631,5420,7053,1,1,1
4690,721,171,40,6592,6512,891,6732,8566,1,1,1
4691,701,171,40,7845,7755,771,7975,9668,1,1,1
4692,691,170,40,11322,11232,721,11452,13094,1,1,1
4693,711,170,40,17524,17423,741,17654,19326,1,1,1
4694,702,170,40,7575,7394,661,7705,9298,1,1,1
4695,801,181,40,5220,5050,701,5360,7073,1,1,1
4696,651,191,40,9147,8987,1032,9287,11211,1,1,1
4697,751,191,40,12213,12043,682,12363,14037,1,1,1
4698,701,170,40,18625,18515,932,18785,20649,1,1,1
4699,882,190,60,32071,31871,782,32301,34225,1,1,1
4700,792,180,40,14848,14718,891,15049,17002,1,1,1
4701,801,160,70,8667,8276,711,8847,10570,1,1,1
4702,731,190,40,7194,7093,722,7324,9017,1,1,1
4703,711,170,40,8406,8315,741,8536,10219,1,1,1
4704,722,170,40,11963,11803,872,12103,13907,1,1,1
4705,721,180,41,17743,17593,682,17884,19507,1,1,1
4706,842,190,80,13256,13074,1182,13526,15830,1,1,1
4707,831,181,80,8767,8577,741,9027,10880,1,1,1
4708,831,191,80,10851,10680,881,11121,13114,1,1,1
4709,812,180,81,14197,14016,881,14468,16431,1,1,1
4710,711,170,40,11312,11222,882,11442,13255,1,1,1
4711,712,180,40,17343,17253,742,17483,19147,1,1,1
4712,721,170,40,17634,17533,691,17764,19386,1,1,1
4713,1523,131,40,13105,13014,601,13245,15530,1,1,1
4714,642,170,40,9518,9418,682,9658,11192,1,1,1
4715,712,170,40,5380,5290,741,5511,7194,1,1,1
4716,721,181,30,6603,6502,711,6733,8386,1,1,1
4717,711,181,40,7745,7665,801,7885,9618,1,1,1
4718,722,190,40,11422,11322,661,11542,13165,1,1,1
4719,722,180,40,17163,17073,691,17303,18926,1,1,1
4720,712,190,40,7454,7364,711,7595,9238,1,1,1
4721,711,171,40,5160,5059,591,5290,6813,1,1,1
4722,712,170,40,6513,6412,661,6643,8226,1,1,1
4723,702,180,40,7765,7685,742,7905,9569,1,1,1
4724,711,170,41,11221,11141,621,11362,12904,1,1,1
4725,711,171,40,17243,17143,611,17363,18906,1,1,1
4726,721,171,40,7173,7083,621,7304,8877,1,1,1
4727,701,161,40,5180,5080,671,5300,6893,1,1,1
4728,701,171,40,6552,6472,631,6692,8225,1,1,1
4729,782,180,40,7665,7585,631,7805,9438,1,1,1
4730,701,161,30,11221,11131,671,11351,12944,1,1,1
4731,721,181,40,17303,17213,1002,17433,19377,1,1,1
4732,701,201,40,7454,7364,691,7594,9227,1,1,1
4733,732,170,40,5481,5391,591,5611,7164,1,1,1
4734,721,170,40,6523,6432,661,6653,8255,1,1,1
4735,791,180,40,7674,7584,712,7815,9528,1,1,1
4736,791,171,40,11291,11201,621,11421,13054,1,1,1
4737,781,171,40,17202,17102,611,17343,18946,1,1,1
4738,691,161,40,7624,7544,842,7764,9508,1,1,1
4739,711,180,41,5249,5159,751,5381,7063,1,1,1
4740,711,171,40,6723,6623,681,6853,8466,1,1,1
4741,721,181,40,7935,7855,721,8075,9738,1,1,1
4742,921,171,40,11301,11211,722,11431,13295,1,1,1
4743,711,171,40,17263,17163,741,17393,19056,1,1,1
4744,701,171,40,8065,7985,662,8205,9789,1,1,1
4745,792,180,40,5280,5200,822,5420,7244,1,1,1
4746,691,160,40,6733,6642,832,6863,8596,1,1,1
4747,721,180,40,7915,7814,821,8046,9808,1,1,1
4748,701,161,40,11181,11081,762,11301,12985,1,1,1
4749,712,180,40,17173,17083,691,17313,18936,1,1,1
4750,20849,9659,40,60625,59632,18064,60875,109497,108,1,2
4751,7224,2996,40,68740,68199,9178,68960,88408,42,1,5
4752,8155,4158,40,77687,77025,9908,77868,100139,56,1,6
4753,3807,1983,40,61216,60655,771,61377,67979,33,1,7
4754,17423,13525,40,110078,108658,15099,110319,156416,147,1,10
4755,2985,1623,40,62258,61827,651,62418,67718,27,1,6
4756,17974,14819,40,135887,134302,17503,136147,186484,168,1,10
4757,3116,1553,40,45736,45356,11212,45886,61817,25,1,4
4758,3376,1874,30,102654,101983,612,102814,108716,31,1,11
4759,16942,16141,40,197805,195861,8326,198075,239544,181,1,18
4760,16511,17103,40,172457,170400,6663,172747,213064,195,1,19
4761,16261,17202,40,170292,167957,3527,170573,207603,196,1,28
4762,16080,19056,40,220948,218535,4568,221239,261004,218,1,25
4763,16010,19808,40,198667,196063,3486,198967,238321,224,1,30
4764,16942,19266,40,153631,151164,4418,153942,194608,226,1,25
4765,17192,22473,40,254282,251410,4398,254602,298705,244,1,34
4766,16852,21571,40,232841,229867,3657,233162,275272,245,1,36
4767,15118,18776,40,225037,222283,861,225337,260132,219,1,34
4768,16892,20819,41,228382,225367,1122,228693,267576,237,1,40
4769,16832,21871,40,284619,281824,3487,284939,327180,248,1,30
4770,16311,21541,40,206040,203306,6281,206351,250534,246,1,30
4771,15881,21550,40,251867,249241,1222,252188,290891,246,1,24
4772,17383,22312,40,266385,263578,4048,266695,310498,240,1,31
4773,15930,20960,40,200069,197285,1483,200379,238802,243,1,31
4774,16782,21451,40,213084,210301,2886,213384,254563,245,1,31
4775,16882,21020,40,282365,279719,1924,282685,322551,246,1,26
4776,16862,21411,40,298105,295020,1182,298425,337940,246,1,39
4777,15679,19727,40,264101,261279,871,264411,300739,227,1,34
4778,16952,21340,40,273778,271073,2635,274090,315077,245,1,28
4779,15871,21350,41,254632,251677,3336,254953,295550,246,1,36
4780,17033,21290,40,271575,268499,4308,271895,314556,246,1,40
4781,16722,20770,40,251106,248440,2675,251426,291643,240,1,28
4782,17172,21340,40,167688,164791,3206,168008,209767,244,1,36
4783,16081,21140,40,223493,220820,2033,223814,263098,244,1,27
4784,17253,20729,40,140266,137559,3126,140577,181725,240,1,30
4785,17302,20398,40,291241,288505,1844,291552,331147,239,1,29
4786,19417,20218,41,164331,161603,3877,164642,208214,236,1,30
4787,8716,8917,40,265262,263460,702,265493,283868,117,1,27
4788,16952,21561,40,251676,249079,961,251988,291512,247,1,24
4789,16641,21481,40,322912,319896,3717,323232,365111,251,1,36
4790,16822,21661,40,235546,232532,9658,235867,284048,243,1,38
4791,2695,1604,40,140867,140065,591,141027,145957,29,1,16
4792,16832,21040,40,415867,412954,3957,416189,458068,242,1,35
4793,16100,21381,40,154303,151437,3597,154613,195751,245,1,35
4794,16772,21421,40,257668,254853,7063,257979,303295,245,1,32
4795,20900,21350,40,216700,213972,4940,217021,264251,247,1,28
4796,16210,20099,40,299918,297080,5340,300228,341917,234,1,35
4797,15971,20629,40,189048,185922,3767,189369,229776,239,1,41
4798,16922,21030,40,178889,176082,3697,179209,220898,244,1,31
4799,16762,20629,40,224936,222132,2706,225246,265373,239,1,33
4800,16010,20018,40,183958,181244,3006,184269,223343,232,1,33
4801,16692,19517,40,251507,248723,2725,251807,290801,227,1,34
4802,15970,19727,40,136619,134165,3106,136930,175773,231,1,23
4803,16792,21009,40,280992,278178,4068,281302,323212,238,1,33
4804,15970,21471,40,159281,156598,2775,159592,199849,240,1,29
4805,17203,21440,40,269881,266918,2966,270192,311861,246,1,35
4806,15941,20328,41,167517,164855,2865,167828,207012,238,1,29
4807,16752,20889,40,270973,268120,3878,271284,312863,241,1,33
4808,15920,20799,40,192384,189749,2765,192695,232230,241,1,27
4809,16812,20278,40,189209,186465,4478,189519,231127,237,1,30
4810,16121,20589,40,178749,176158,9328,179049,225147,238,1,26
4811,6332,4709,41,182615,181214,561,182807,194439,69,1,25
4812,17453,20619,40,294398,291693,4047,294709,336878,237,1,31
4813,15930,20249,40,157499,154685,2995,157809,197033,233,1,36
4814,16761,21150,40,259041,256176,5140,259362,302453,242,1,33
4815,15900,22773,40,241527,238523,3637,241848,284198,244,1,37
4816,16781,20940,41,152659,149946,4118,152970,194849,240,1,30
4817,16100,20289,40,325877,323170,3206,326188,365833,239,1,29
4818,16762,21130,40,167848,164941,3767,168169,209868,244,1,35
4819,16811,21451,41,217331,214627,3056,217642,259000,245,1,28
4820,19777,20800,40,142099,139542,2205,142409,185251,240,1,25
4821,16171,20078,40,212853,210085,3847,213164,253310,237,1,32
4822,15880,20599,40,224475,221699,2755,224786,264070,241,1,32
4823,16762,20559,40,240997,238200,4258,241317,282936,237,1,32
4824,15930,20820,40,187816,185043,2745,188126,227671,241,1,32
4825,15921,20889,40,202273,199527,2825,202584,242279,243,1,30
4826,16671,20729,40,206341,203455,3627,206662,247739,245,1,35
4827,16792,19777,40,205800,203133,2955,206111,245685,230,1,30
4828,16652,20418,40,238402,235696,2695,238713,278528,234,1,32
4829,17133,19707,40,182656,179921,3456,182967,223303,229,1,33
4830,16211,19957,40,199738,197202,7204,200049,243461,235,1,25
4831,1863,892,40,99909,99368,691,100060,103546,17,1,10
4832,18155,22061,40,337429,334532,2715,337740,380711,238,1,34
4833,16983,20318,40,142690,140024,3897,143001,184249,237,1,30
4834,17063,20789,40,227191,224474,5611,227511,271004,242,1,29
4835,15750,21270,40,173319,170752,3607,173639,214306,247,1,24
4836,15950,20128,40,152910,150312,4519,153220,193847,233,1,28
4837,16001,19847,40,261976,259179,3467,262287,301652,235,1,33
4838,17082,20199,40,209507,206532,4549,209807,251697,235,1,39
4839,16130,20118,40,205890,203274,1763,206201,244262,237,1,28
4840,16712,19937,40,167698,165092,3907,168019,208615,231,1,28
4841,15970,20108,40,232610,230025,3426,232922,272476,230,1,28
4842,16852,19266,41,180241,177617,4188,180552,220898,227,1,31
4843,15870,20810,30,171094,168408,2615,171395,210740,239,1,29
4844,16481,21360,40,197324,194591,2074,197625,237580,238,1,30
4845,16792,21190,40,217161,214444,2936,217482,258440,240,1,29
4846,15940,20709,30,161325,158596,2594,161636,200920,237,1,30
4847,15900,20529,40,182606,179960,4218,182916,223593,238,1,28
4848,15860,21832,40,182336,179701,3997,182656,224385,249,1,27
4849,15930,20558,40,151136,148530,4659,151447,192625,240,1,25
4850,16070,20349,40,140436,137903,9898,140737,187094,236,1,25
4851,3066,2394,41,114617,113702,611,114788,120909,37,1,17
4852,16581,19918,40,282526,279967,3727,282826,323102,232,1,26
4853,18295,20469,40,178007,175244,4558,178318,221680,236,1,32
4854,16131,19476,40,220117,217532,3978,220428,260053,229,1,28
4855,16821,20068,40,183207,180504,3497,183518,223934,231,1,31
4856,15971,20368,30,179079,176388,4168,179390,219937,235,1,28
4857,15991,19607,40,160715,158169,4759,161025,201422,230,1,27
4858,15940,19748,40,156076,153684,4979,156386,197103,231,1,22
4859,16923,19807,40,241146,238641,5300,241458,283548,231,1,26
4860,16832,20679,40,190020,187298,4158,190341,232060,238,1,31
4861,15960,20018,40,187736,185251,3477,188046,227541,232,1,24
4862,15990,19748,40,213505,210969,4869,213805,254452,230,1,26
4863,16562,19677,41,185270,182684,4759,185592,226630,232,1,28
4864,16972,19897,40,195681,193254,3697,195992,236608,234,1,23
4865,16912,20338,40,218684,216056,2555,218994,258860,237,1,27
4866,16561,20830,40,177787,175151,2064,178097,217602,243,1,26
4867,15840,21351,40,149003,146597,1993,149313,188547,245,1,20
4868,16772,20709,40,204517,201953,3056,204818,245405,236,1,25
4869,16782,20719,40,132160,129845,2275,132481,172297,238,1,18
4870,16051,20829,41,177786,175302,4940,178097,219947,239,1,23
4871,3276,2164,40,69612,68972,632,69772,75884,36,1,10
4872,15860,20359,40,287385,284947,611,287685,324575,238,1,22
4873,17152,19066,40,104257,101863,1824,104558,142650,223,1,24
4874,16692,22022,40,253150,250766,2004,253470,294228,251,1,17
4875,16872,20880,40,95501,93059,3006,95811,136619,241,1,21
4876,16742,20860,40,207243,204867,2104,207563,247319,243,1,18
4877,13575,15620,40,136830,134876,611,137110,166946,188,1,18
4878,15560,15559,40,111761,110081,3035,112032,146247,181,1,11
4879,2916,2014,40,58200,57749,772,58360,64092,33,1,5
4880,16822,17483,40,176855,174888,2024,177145,213524,204,1,15
4881,10710,12484,40,49544,48012,762,49794,73790,155,1,12
4882,16060,19688,40,161606,159603,2425,161906,200119,229,1,9
4883,6533,2474,40,59172,58652,2424,59343,70814,39,1,6
4884,3767,2525,40,71436,70934,611,71606,78549,41,1,5
4885,10160,1923,30,29456,29045,1854,29606,43583,31,1,4
4886,3547,1813,40,58060,57679,601,58220,64241,32,1,3
4887,9118,2855,40,15890,15470,2023,16061,30097,43,1,2
4888,1643,741,41,9317,9147,622,9468,12524,14,1,1
4889,8376,2164,40,52068,51638,1884,52239,64693,36,1,4
4890,1893,802,40,35307,35076,591,35467,38783,17,1,2
4891,7764,1133,40,24326,24096,1944,24476,35357,17,1,2
4892,911,211,40,12424,12283,591,12564,14317,2,1,2
4893,1573,110,40,15649,15549,662,15789,18185,1,1,1
4894,1002,220,40,30508,30387,592,30648,32502,3,1,1
4895,10460,621,40,12765,12603,1703,12905,25739,11,1,1
4896,762,180,40,19086,18986,591,19217,20970,1,1,1
4897,4018,291,40,4448,4318,4168,4588,13105,7,1,1
4898,3968,160,40,2856,2766,982,3006,8166,3,1,1
4899,3617,120,40,3547,3456,1573,3697,9047,2,1,1
4900,4479,120,40,4809,4719,2024,4949,11612,1,1,1
4901,3847,110,40,7755,7644,1633,7875,13525,2,1,1
4902,6363,120,40,12454,12373,1653,12594,20760,1,1,1
4903,3797,251,40,5871,5751,1623,6001,11722,5,1,1
4904,3777,121,40,2585,2504,7975,2725,14638,1,1,1
4905,3587,100,40,3427,3336,8687,3557,15981,1,1,1
4906,3857,110,40,4939,4839,2515,5079,11602,2,1,1
4907,3596,151,40,7574,7464,1644,7704,13145,3,1,1
4908,6412,150,40,12484,12374,1643,12614,20859,3,1,1
4909,3907,131,40,4248,4148,2044,4378,10510,3,1,1
4910,3777,120,40,2575,2495,1433,2715,8075,1,1,1
4911,3576,121,40,3266,3186,8316,3406,15459,1,1,1
4912,4028,120,40,4929,4829,1903,5060,11171,3,1,1
4913,3727,110,40,7484,7404,1653,7625,13155,1,1,1
4914,3246,2335,40,12584,12243,932,12754,19327,36,1,1
4915,1993,200,40,6973,6873,582,7113,9939,4,1,1
4916,2605,471,40,13846,13646,2826,13996,19928,10,1,2
4917,4519,120,40,12324,12243,2084,12464,19217,1,1,1
4918,1232,341,40,15279,15109,541,15419,17593,7,1,2
4919,1913,211,40,21150,20960,641,21290,24105,5,1,3
4920,1643,120,40,13896,13776,631,14037,16491,2,1,2
4921,2004,381,40,17553,17373,571,17703,20699,8,1,2
4922,6212,5972,40,57739,57019,2355,57929,72528,78,1,4
4923,5290,4389,40,84851,84089,561,85031,95321,62,1,7
4924,7484,1353,40,49353,48913,1654,49503,60054,23,1,7
4925,5270,4138,40,98277,97525,651,98457,108566,63,1,8
4926,10841,6282,40,99428,98565,1713,99629,118515,84,1,7
4927,3406,1513,40,50396,50035,631,50556,56166,27,1,4
4928,7754,1904,40,34275,33854,1714,34435,45847,32,1,4
4929,1503,271,40,30307,30137,591,30447,32873,6,1,2
4930,11512,7915,40,83789,82858,1834,83999,105320,100,1,6
4931,3025,1443,40,27983,27681,691,28144,33343,25,1,2
4932,4399,3035,40,50866,50375,591,51046,59122,48,1,3
4933,8416,2154,40,36539,36128,2184,36699,49503,37,1,3
4934,1843,752,40,21200,20980,631,21350,24626,15,1,2
4935,2034,300,40,23374,23214,681,23525,26580,7,1,2
4936,1724,170,40,15800,15680,581,15940,18455,4,1,1
4937,2945,231,40,25719,25569,2024,25859,31089,5,1,2
4938,7424,5992,40,66155,65385,642,66355,80463,84,1,4
4939,8737,1002,30,29746,29406,1713,29896,41378,19,1,4
4940,1653,581,40,30147,29886,551,30298,33113,11,1,4
4941,4398,2795,40,40397,39907,641,40567,48451,45,1,4
4942,2855,1162,40,41219,40916,721,41369,46157,21,1,3
4943,6082,1553,40,22352,22051,1443,22502,31630,23,1,3
4944,5590,4399,40,50556,49945,561,50746,61356,66,1,3
4945,5490,4118,40,49684,49073,541,49855,60044,60,1,4
4946,6963,1193,40,58140,57760,1844,58290,68350,22,1,5
4947,4559,3136,40,30398,29937,531,30578,38854,50,1,2
4948,7344,1383,40,27923,27613,972,28083,37832,25,1,3
4949,3337,1633,40,39936,39605,661,40086,45757,29,1,2
4950,5981,170,41,8305,8165,1794,8446,16441,3,1,2
4951,741,130,40,4950,4849,571,5090,6582,2,1,1
4952,1513,110,40,5030,4950,591,5170,7444,1,1,1
4953,1884,130,40,14347,14257,631,14488,17173,2,1,1
4954,8516,3377,40,48462,47941,1743,48642,62318,52,1,3
4955,3196,100,40,7504,7424,1643,7644,12643,1,1,1
4956,7044,120,40,12424,12344,1643,12564,21411,1,1,1
4957,1954,911,40,11431,11231,552,11582,15039,17,1,1
4958,1663,161,40,6432,6342,591,6572,9047,3,1,1
4959,4148,1433,40,27492,27202,2024,27642,35297,25,1,2
4960,8335,5922,40,64853,62419,571,65053,79921,79,1,6
4961,15579,14838,40,73860,72296,2064,74121,106662,176,1,8
4962,6332,2865,40,84400,83758,621,84571,94439,46,1,8
4963,2535,952,40,48893,48522,661,49043,53231,17,1,6
4964,6442,1132,40,28213,27893,2305,28383,38293,20,1,4
4965,7965,7745,30,106872,105770,622,107082,123444,104,1,9
4966,14958,13676,40,90471,88918,2194,90732,121600,169,1,9
4967,4749,2885,40,65444,64811,962,65625,74261,48,1,7
4968,12083,9007,40,107504,106303,2184,107724,131038,116,1,10
4969,5090,3827,40,121420,120650,592,121590,131139,56,1,9
4970,17934,17463,40,76776,74994,3406,77056,115899,197,1,10
4971,1172,180,40,36980,36810,581,37121,39114,4,1,3
4972,16912,19406,40,106672,104727,1403,106983,144734,221,1,10
4973,16972,9457,40,45837,44805,5440,46068,77968,119,1,4
4974,8636,8606,40,121680,120466,571,121901,139764,113,1,11
4975,16962,16932,41,88607,86975,7864,88898,130697,193,1,7
4976,8876,5511,40,97234,96374,7114,97434,118975,73,1,9
4977,16742,16291,40,185411,183508,2395,185681,221169,186,1,16
4978,12654,13415,40,146829,145244,631,147089,173829,160,1,12
4979,17053,17954,40,101863,99951,5060,102163,142260,208,1,12
4980,17132,19166,40,151066,148851,4428,151357,192134,220,1,19
4981,16611,20349,40,156877,154532,3737,157198,197935,232,1,19
4982,16050,21280,40,204437,201920,3477,204747,245605,244,1,23
4983,17002,20118,40,137450,134836,2074,137761,176985,230,1,28
4984,15960,20449,40,190050,187415,1312,190361,228122,233,1,27
4985,16431,20819,40,165814,163157,932,166135,204347,238,1,29
4986,16801,20589,40,193867,191542,1964,194178,233562,236,1,19
4987,15810,20819,40,172476,169960,2886,172787,212342,239,1,23
4988,15960,20158,40,171284,168919,2635,171585,210398,229,1,21
4989,16391,20239,40,200370,197746,5260,200680,242630,234,1,27
4990,16973,16841,40,134054,131997,6142,134325,174331,196,1,19
4991,17002,17493,40,133634,131520,6232,133914,174701,204,1,19
4992,16010,18966,40,138783,136530,3526,139084,177626,222,1,20
4993,15950,20309,40,236799,234204,2715,237109,276133,235,1,27
4994,16792,20980,41,75933,73519,4218,76245,118295,238,1,22
4995,17283,19227,40,193467,191203,5991,193767,236308,221,1,20
4996,17112,17283,40,114187,111950,6061,114477,154983,201,1,23
4997,16271,19136,40,171665,169482,8406,171966,215819,220,1,18
4998,16982,17794,40,201161,199096,1283,201441,237550,204,1,17
4999,16982,17343,40,125037,122824,3317,125327,163019,205,1,21
5000,16571,20038,40,190841,188477,1924,191142,229715,231,1,21
5001,17293,18976,40,136689,134426,3247,136999,176565,220,1,20
5002,16221,19567,40,184680,182416,1172,184980,221980,227,1,19
5003,16631,20890,40,155224,152661,4418,155535,197514,240,1,25
5004,15960,19417,40,168719,166495,2625,169010,207063,224,1,18
5005,16801,19848,40,180132,177698,3527,180442,220668,230,1,23
5006,16722,20799,40,177566,175133,2053,177876,217512,238,1,22
5007,16732,20248,40,138512,136126,2385,138823,178228,234,1,21
5008,16993,20388,40,138051,135826,1173,138352,176956,235,1,16
5009,16752,21100,41,163650,161405,2444,163971,204307,241,1,16
5010,15910,19937,40,140596,138323,802,140897,177596,230,1,18
5011,16781,21120,40,221449,218998,801,221760,260513,239,1,23
5012,16311,17804,40,186734,184580,571,187014,221760,214,1,18
5013,10359,12504,41,97304,95751,631,97555,121099,153,1,12
5014,17042,18405,40,144624,142590,772,144914,181173,217,1,13
5015,11442,12944,40,153681,152108,621,153942,178999,161,1,12
5016,14798,13165,40,74722,73200,581,74972,103576,164,1,9
5017,11993,15679,40,81715,80122,561,81975,110269,185,1,7
5018,7053,251,40,14718,14568,2254,14868,24456,5,1,2
5019,2355,1573,40,34245,33945,591,34405,38974,27,1,2
5020,5621,3797,40,41279,40737,691,41459,51608,59,1,2
5021,1573,140,40,230,130,561,371,2685,2,1,1
5022,5591,110,40,12564,12474,1653,12704,20118,1,1,1
5023,3096,100,40,4328,4238,3166,4458,10860,1,1,1
5024,2906,110,40,2715,2635,5701,2845,11602,1,1,1
5025,2946,110,40,3367,3286,4859,3497,11452,1,1,1
5026,2945,101,40,4879,4789,4459,5009,12554,1,1,1
5027,3306,100,40,7545,7464,1653,7675,12784,1,1,1
5028,721,180,40,11451,11371,561,11581,13095,1,1,1
5029,6262,110,40,12464,12373,1663,12594,20679,1,1,1
5030,761,171,40,4919,4839,581,5059,6602,1,1,1
5031,3516,120,40,3937,3857,1413,4078,9167,1,1,1
5032,3066,110,40,2625,2545,5450,2766,11432,1,1,1
5033,2895,100,41,3296,3206,4599,3427,11071,1,1,1
5034,802,180,41,24185,24105,792,24326,26150,1,1,1
5035,3136,110,40,4829,4739,3316,4950,11572,1,1,1
5036,2815,100,40,7394,7314,1663,7535,12153,1,1,1
5037,2655,100,40,12414,12324,1994,12544,17343,1,1,1
5038,33273,47200,130,535675,530196,2655,536496,619704,256,1,25
5039,4940,3506,80,160654,159372,832,161045,170413,29,1,11
5040,22904,15860,40,329855,327611,802,330125,369751,178,1,28
5041,8756,9709,40,212693,211061,561,212923,231999,121,1,23
5042,10150,10219,40,231048,229244,611,231278,252308,126,1,25
5043,8496,7845,40,249653,248213,641,249863,266895,104,1,20
5044,9789,8847,40,259762,258300,621,259982,279289,115,1,19
5045,8075,6933,40,190672,189430,671,190882,206601,96,1,15
5046,3546,1874,40,90892,90492,1012,91042,97524,31,1,4
5047,2444,542,40,28694,28403,641,28834,32511,11,1,5
5048,5059,130,40,6151,6021,1403,6292,12934,2,1,2
5049,732,110,40,190,100,561,321,1774,1,1,1
5050,7985,191,70,8697,8556,1072,8927,18225,1,1,1
5051,8366,191,60,10239,10089,1383,10459,20439,1,1,1
5052,8346,190,60,11502,11361,1603,11733,21912,1,1,1
5053,8176,190,61,15168,15028,1654,15399,25459,1,1,1
5054,9688,121,40,18044,17964,1864,18184,29897,1,1,1
5055,2935,100,40,5179,5089,1753,5311,10149,1,1,1
5056,3076,100,40,2916,2825,4899,3046,11171,1,1,1
5057,3086,100,40,3557,3477,4018,3697,10931,1,1,1
5058,3186,100,40,5100,5009,1894,5230,10470,1,1,1
5059,3056,161,40,7845,7765,1643,7985,12895,1,1,1
5060,6241,111,30,12764,12664,1643,12894,20929,1,1,1
5061,2996,100,40,7364,7264,1644,7494,12274,1,1,1
5062,3026,100,40,2715,2615,5169,2836,11181,1,1,1
5063,2976,120,40,3396,3306,4598,3527,11261,1,1,1
5064,3006,100,40,4889,4789,2254,5019,10420,1,1,1
5065,36529,51558,481,1050480,1041135,2875,1052804,1144087,256,1,30
5066,4318,3246,201,201060,199738,871,201592,210118,21,1,12
5067,21311,28083,80,622449,619213,822,623000,673296,164,1,31
5068,15329,19848,30,268339,265775,581,268639,304437,226,1,29
5069,11091,12063,40,284229,282385,621,284479,308294,149,1,21
5070,8967,8596,40,211301,209938,551,211521,229665,113,1,16
5071,12013,11001,40,268659,266115,1172,269090,293396,138,1,11
5072,2205,410,150,461,281,752,912,4359,2,1,1
5073,1734,110,80,11923,11753,1052,12193,15179,1,1,1
5074,13225,360,81,12634,12353,1913,12905,28494,2,1,2
5075,17903,23925,150,592873,588784,922,593514,636365,125,1,32
5076,8136,7324,80,250805,248846,851,251146,267537,55,1,26
5077,8486,9027,40,246597,244835,591,246817,264961,115,1,27
5078,7434,7514,40,301581,299827,631,301792,317421,97,1,31
5079,5460,4128,40,301942,300648,681,302133,312432,62,1,24
5080,5140,3957,40,346216,344884,602,346396,356135,58,1,24
5081,4578,3627,41,289177,288266,621,289358,298235,53,1,14
5082,5491,3687,40,205790,205020,691,205960,215879,56,1,9
5083,1994,371,40,20779,20639,581,20919,23905,7,1,1
5084,2315,110,40,6362,6272,1273,6502,10260,1,1,1
5085,2384,120,40,6262,6181,1002,6402,9948,1,1,1
5086,3988,1643,121,169030,167867,952,169451,176134,14,1,12
5087,2494,451,80,49724,49194,882,50025,53942,6,1,5
5088,1844,1873,922,87906,87084,2194,89810,96092,1,1,1
5089,1543,140,60,14808,14598,971,15029,17753,1,1,1
5090,1643,141,70,23484,23164,831,23695,26380,1,1,1
5091,1914,130,60,12594,12384,802,12794,15720,1,1,1
5092,1593,130,61,11461,11261,1042,11672,14517,1,1,1
5093,1633,141,70,13185,12975,842,13395,16071,1,1,1
5094,3436,291,100,14999,14597,852,15349,20018,1,1,1
5095,3637,280,100,14788,14487,932,15139,20068,1,1,1
5096,3787,280,100,12193,11893,862,12554,17553,1,1,1
5097,631,140,60,5049,4849,1052,5250,7143,1,1,1
5098,3637,280,101,17112,16812,922,17463,22382,1,1,1
5099,3647,281,100,14438,14137,922,14788,19718,1,1,1
5100,631,130,60,6262,6051,791,6463,8085,1,1,1
5101,671,130,60,20128,19918,842,20328,22052,1,1,1
5102,3747,280,100,32371,32031,992,32712,37811,1,1,1
5103,3767,281,90,16792,16561,921,17142,22192,1,1,1
5104,1302,141,60,8346,8135,892,8556,10951,1,1,1
5105,3737,280,101,16541,16241,1092,16882,22072,1,1,1
5106,3627,280,100,12474,12173,922,12825,17734,1,1,1
5107,3948,280,90,14738,14498,872,15089,20249,1,1,1
5108,3807,281,90,16752,16451,952,17102,22212,1,1,1
5109,3817,281,90,22533,22232,952,22883,28003,1,1,1
5110,3707,281,90,31510,31189,1022,31860,36940,1,1,1
5111,3507,280,100,16260,16020,851,16612,21330,1,1,1
5112,3737,281,100,12865,12563,1092,13225,18405,1,1,1
5113,2134,381,130,18175,17803,922,18625,22162,1,1,1
5114,1934,311,110,20719,20368,912,21130,24387,1,1,1
5115,2705,281,90,22703,22463,912,23053,27021,1,1,1
5116,1883,311,121,40817,40467,922,41238,44454,1,1,1
5117,551,130,40,13536,13445,822,13676,15239,1,1,1
5118,1593,131,40,8506,8336,671,8636,11071,1,1,1
5119,541,140,40,10200,10039,671,10340,11732,1,1,1
5120,561,120,40,6432,6252,671,6573,7955,1,1,1
5121,551,111,40,7734,7564,851,7875,9438,1,1,1
5122,531,131,50,8847,8757,681,8987,10380,1,1,1
5123,531,130,40,12634,12443,631,12765,14117,1,1,1
5124,651,110,40,19276,18895,682,19417,20900,1,1,1
5125,531,110,50,8757,8666,581,8897,10179,1,1,1
5126,531,111,40,5981,5881,682,6111,7485,1,1,1
5127,541,110,50,7264,7174,691,7404,8806,1,1,1
5128,531,121,40,8867,8776,781,8997,10480,1,1,1
5129,531,120,40,12644,12544,1022,12784,14507,1,1,1
5130,531,121,40,18835,18635,1102,18975,20780,1,1,1
5131,551,120,41,8886,8786,641,9028,10380,1,1,1
5132,541,131,40,5891,5801,671,6031,7434,1,1,1
5133,551,140,40,7324,7224,782,7464,8967,1,1,1
5134,541,120,41,8606,8516,751,8747,10209,1,1,1
5135,551,120,40,12334,12244,671,12474,13856,1,1,1
5136,531,111,40,18926,18826,791,19066,20539,1,1,1
5137,531,110,50,8076,7986,932,8216,9849,1,1,1
5138,541,110,40,5651,5551,661,5791,7153,1,1,1
5139,541,110,40,7324,7244,681,7464,8846,1,1,1
5140,541,110,40,8316,8226,672,8456,9839,1,1,1
5141,531,110,40,12293,12213,642,12433,13766,1,1,1
5142,581,121,40,18314,18224,1011,18455,20208,1,1,1
5143,531,110,51,8395,8225,651,8537,9889,1,1,1
5144,541,120,40,5721,5540,701,5861,7254,1,1,1
5145,541,121,40,7364,7184,721,7504,8927,1,1,1
5146,541,110,50,8436,8266,772,8576,10059,1,1,1
5147,541,110,40,12564,12474,762,12704,14177,1,1,1
5148,541,121,50,18685,18515,842,18825,20369,1,1,1
5149,531,110,50,8206,8045,611,8346,9658,1,1,1
5150,551,120,41,5780,5610,701,5932,7334,1,1,1
5151,531,120,40,7244,7144,692,7384,8767,1,1,1
5152,531,120,40,8386,8286,781,8526,9999,1,1,1
5153,531,110,41,12223,12123,651,12364,13696,1,1,1
5154,541,110,40,18485,18325,671,18616,19988,1,1,1
5155,531,120,41,8486,8386,621,8617,9939,1,1,1
5156,541,120,40,5971,5871,701,6112,7514,1,1,1
5157,541,120,40,7334,7244,762,7474,8937,1,1,1
5158,531,110,40,8577,8405,731,8707,10139,1,1,1
5159,531,120,41,12203,12103,641,12344,13686,1,1,1
5160,541,110,50,20068,18135,652,20218,21571,1,1,1
5161,531,120,40,18526,18424,1022,18666,20379,1,1,1
5162,1593,131,40,13375,13275,671,13515,15940,1,1,1
5163,541,120,40,9999,9899,711,10139,11561,1,1,1
5164,521,121,40,5721,5621,801,5861,7354,1,1,1
5165,541,110,40,7635,7544,691,7765,9167,1,1,1
5166,531,110,40,8406,8315,851,8546,10099,1,1,1
5167,541,121,40,12343,12243,642,12483,13827,1,1,1
5168,531,120,40,18766,18666,761,18906,20368,1,1,1
5169,541,110,50,8757,8667,641,8897,10249,1,1,1
5170,531,120,40,6022,5922,601,6162,7464,1,1,1
5171,541,110,40,7094,6993,711,7224,8646,1,1,1
5172,541,110,40,8446,8356,772,8586,10049,1,1,1
5173,541,110,40,12684,12584,652,12814,14177,1,1,1
5174,541,111,40,18355,18254,681,18495,19878,1,1,1
5175,551,110,40,8596,8506,642,8736,10090,1,1,1
5176,531,121,40,5781,5691,741,5931,7354,1,1,1
5177,541,110,40,7153,7073,692,7293,8697,1,1,1
5178,541,110,40,8285,8195,692,8426,9819,1,1,1
5179,541,120,40,12404,12304,641,12544,13886,1,1,1
5180,531,120,40,18545,18445,641,18685,20017,1,1,1
5181,531,110,40,8867,8767,641,9007,10339,1,1,1
5182,551,121,40,5680,5580,771,5821,7304,1,1,1
5183,531,120,41,7253,7163,642,7384,8727,1,1,1
5184,531,110,40,8396,8306,641,8536,9878,1,1,1
5185,541,120,40,12023,11913,712,12163,13566,1,1,1
5186,541,120,40,18265,18175,641,18395,19747,1,1,1
5187,531,121,50,7965,7885,651,8105,9468,1,1,1
5188,601,110,40,5791,5690,671,5922,7364,1,1,1
5189,602,110,40,7314,7224,661,7454,8877,1,1,1
5190,541,110,40,8346,8246,581,8476,9769,1,1,1
5191,541,110,50,12113,12033,581,12254,13546,1,1,1
5192,541,111,40,18375,18275,661,18505,19878,1,1,1
5193,541,120,40,8095,7985,592,8235,9518,1,1,1
5194,541,120,40,5571,5470,661,5701,7073,1,1,1
5195,531,121,40,7344,7254,671,7484,8847,1,1,1
5196,541,120,50,8827,8737,771,8967,10449,1,1,1
5197,541,131,40,12003,11912,621,12143,13476,1,1,1
5198,622,120,40,18385,18285,822,18545,20159,1,1,1
5199,21090,10680,120,68269,67228,18826,68600,119256,114,1,2
5200,3747,1123,40,58390,58059,13145,58601,76656,16,1,4
5201,7093,2986,40,82506,81894,11973,82686,104778,40,1,7
5202,6513,3927,40,92385,91643,9779,92575,112824,51,1,9
5203,3587,1423,40,55805,55345,10740,55966,71776,23,1,6
5204,3587,1713,40,63050,62639,9778,63220,78338,27,1,5
5205,4469,2344,40,80423,79852,641,80593,88107,34,1,8
5206,18424,15279,50,154653,153051,12834,154924,201511,164,1,10
5207,5209,2034,41,76545,76013,8135,76716,92124,30,1,7
5208,3937,1944,40,95100,94579,661,95271,101863,30,1,7
5209,17654,16341,40,98957,97294,13265,99238,146548,178,1,9
5210,7795,4548,50,182186,181280,641,182376,195420,62,1,11
5211,17704,20128,40,297945,295580,3476,298255,339603,216,1,22
5212,17513,21431,40,238793,236016,3196,239103,281303,233,1,30
5213,16692,20599,40,194469,191764,3066,194789,235186,226,1,29
5214,16821,21591,40,282465,279560,5090,282786,326328,236,1,33
5215,19617,22162,40,199228,196444,5490,199548,246847,244,1,27
5216,16522,22312,40,265443,262807,1383,265763,306030,246,1,23
5217,18155,21671,40,214456,211429,3767,214787,258420,237,1,35
5218,16521,21972,40,270112,267513,1443,270432,310418,243,1,21
5219,16491,22132,40,149754,146952,4910,150084,193667,243,1,30
5220,5681,4589,40,257067,255643,621,257257,268208,66,1,26
5221,15199,17533,40,402833,400009,802,403134,436708,195,1,38
5222,17593,22553,40,187405,184468,1843,187736,229785,250,1,31
5223,17463,21791,40,246927,244132,4288,247249,290851,245,1,27
5224,17553,21711,50,227811,224786,3918,228142,271374,241,1,34
5225,16812,21882,40,249703,246726,2185,250033,290942,238,1,35
5226,16552,22532,40,335866,332581,1704,336197,377045,250,1,39
5227,17624,22573,40,202343,199408,3236,202674,246157,249,1,31
5228,17464,22021,40,262387,257646,3156,262728,305399,245,1,31
5229,16631,21541,41,297894,294860,2254,298215,338701,240,1,37
5230,17514,21580,40,248571,245484,2715,248892,290761,239,1,36
5231,16922,21371,40,291543,288685,1413,291863,331619,239,1,31
5232,17423,22202,50,212222,209314,3266,212553,255504,245,1,32
5233,17132,21341,40,244423,241861,3006,244743,286282,241,1,22
5234,17423,21580,40,251246,248443,3206,251567,293826,243,1,28
5235,16822,21961,40,251496,248647,1864,251827,292514,246,1,29
5236,18174,22463,50,211190,208219,2043,211520,254241,246,1,32
5237,16341,22342,50,392874,389701,761,393215,432699,246,1,37
5238,17263,21912,40,188066,185195,2074,188386,229685,244,1,29
5239,16701,23044,50,328502,325556,6513,328843,375151,251,1,30
5240,17543,22523,40,417892,414837,1082,418222,459420,249,1,34
5241,20720,22412,51,185180,182493,4799,185531,233493,247,1,24
5242,17403,22653,40,322300,319476,3877,322642,366605,253,1,26
5243,16621,22433,40,309005,306036,5720,309336,354170,248,1,32
5244,16562,23855,51,189939,187044,2975,190270,233723,244,1,32
5245,17534,21841,40,267377,264471,3156,267697,310278,241,1,32
5246,17603,21060,40,248962,246065,2204,249282,290209,235,1,33
5247,16632,22553,40,301261,298285,1282,301601,342118,246,1,32
5248,17453,21641,40,269480,266346,2585,269801,311530,240,1,38
5249,16631,21842,40,320066,317151,931,320397,359851,244,1,32
5250,17523,21912,40,417531,410205,4609,418302,462827,241,1,34
5251,33864,43402,330,460342,454533,5320,461484,544170,237,1,32
5252,31370,44153,81,293676,290130,3527,294388,373508,245,1,27
5253,15930,21731,40,213134,210317,3978,213454,255143,248,1,30
5254,16080,21110,40,264320,261523,3336,264631,305208,242,1,32
5255,16842,20679,40,290200,286133,8166,290731,336588,236,1,33
5256,32652,42691,250,366835,361571,8095,367767,451305,235,1,27
5257,31409,42310,81,376513,371008,6953,377225,457987,240,1,30
5258,25959,20700,40,178037,175373,3247,178337,228293,233,1,29
5259,16301,20389,40,310739,307880,4368,311059,352157,234,1,34
5260,5921,4619,41,214826,213535,611,215018,226209,64,1,23
5261,16852,21451,40,307452,304838,3166,307763,349282,243,1,26
5262,16010,20289,40,170463,167665,3928,170773,211050,234,1,33
5263,16020,20128,40,264280,261416,4359,264591,305138,236,1,34
5264,16842,20368,40,181423,178609,5781,181734,224785,235,1,34
5265,18414,21351,40,192886,190239,4589,193206,237610,246,1,26
5266,16932,20229,40,130277,127701,3597,130587,171395,236,1,27
5267,16882,20238,40,268779,266095,1693,269090,307963,238,1,29
5268,16842,20469,40,194638,191725,1083,194959,233403,240,1,36
5269,14307,18745,40,291412,288908,801,291693,325596,218,1,28
5270,16792,20880,40,215298,212361,4348,215598,257668,245,1,35
5271,15961,21200,40,249102,246306,5080,249422,291703,245,1,31
5272,16151,20258,41,149062,146356,5500,149373,191342,237,1,30
5273,15950,19447,40,213014,210319,4168,213314,252919,229,1,31
5274,16151,19196,40,219015,216261,3617,219326,258340,227,1,34
5275,16000,20298,40,202774,199865,3457,203085,242880,239,1,35
5276,15930,20479,40,273398,270532,5420,273719,315588,240,1,34
5277,16862,20038,41,197343,194359,5951,197664,240566,237,1,39
5278,16231,19757,40,236248,233563,4669,236558,277266,233,1,31
5279,16181,20709,40,229815,226889,8737,230126,275803,241,1,34
5280,2114,1113,40,80603,80090,631,80753,84661,20,1,9
5281,16682,20940,40,317001,314143,5600,317321,360573,244,1,32
5282,15930,20349,40,126370,123736,4368,126680,167377,238,1,28
5283,16902,20318,30,241047,238161,4939,241348,283557,238,1,33
5284,15880,20259,40,177456,174619,3277,177766,217222,239,1,34
5285,16792,20659,40,193627,190944,4919,193937,236357,239,1,29
5286,16021,20048,40,217212,214498,3727,217512,257358,231,1,31
5287,15970,20479,41,163619,161012,3877,163931,204297,240,1,26
5288,16501,20509,40,187225,184752,4869,187545,229464,240,1,23
5289,15980,19707,40,152639,150116,5851,152950,194528,233,1,26
5290,16271,20719,40,236038,233180,4628,236348,278016,243,1,33
5291,16021,20298,40,152679,149954,3878,152980,193227,238,1,30
5292,15981,19617,40,230657,228036,4339,230957,270934,230,1,28
5293,16812,20740,40,190942,188166,5921,191252,234775,239,1,32
5294,15970,19888,41,222180,219372,5260,222492,263660,234,1,32
5295,16021,19727,40,172025,169272,5179,172337,213294,233,1,32
5296,16882,18935,40,159452,156919,4629,159753,200259,227,1,28
5297,16031,19176,40,242659,239943,4259,242960,282486,231,1,31
5298,16070,18906,40,200580,197836,4508,200881,240405,226,1,33
5299,16240,19217,40,234595,231729,9828,234895,280230,231,1,35
5300,3287,1993,40,115358,114627,561,115518,121410,33,1,13
5301,16842,19356,40,303735,300989,3687,304045,343972,229,1,32
5302,15920,20298,40,102824,100271,3366,103146,142770,239,1,26
5303,15991,20418,40,173088,170573,6312,173398,216170,237,1,24
5304,16511,20098,40,222030,219446,5541,222341,264541,238,1,26
5305,16851,19367,40,209917,207259,4719,210218,251205,229,1,30
5306,17083,20398,40,176925,174500,4048,177236,218805,236,1,22
5307,15951,20769,40,211221,208625,2975,211541,251276,243,1,26
5308,16831,19588,40,182977,180353,3496,183287,223242,231,1,29
5309,16792,20539,40,242179,239682,2164,242489,282034,238,1,23
5310,16541,20549,40,170894,168328,3516,171205,211861,241,1,25
5311,16862,20459,40,165654,163087,3126,165954,206451,236,1,25
5312,16572,19296,40,192014,189549,3256,192325,231489,230,1,24
5313,17103,20037,40,156967,154523,3286,157277,197745,236,1,22
5314,16140,20729,40,287304,282255,3256,287856,328141,241,1,21
5315,33072,42200,251,225878,221419,5591,226800,307763,234,1,15
5316,31359,41889,81,338671,334255,3076,339372,415787,233,1,15
5317,37601,41058,80,131729,127529,2766,132290,213785,235,1,18
5318,15950,21270,40,188236,185925,2906,188547,228713,238,1,18
5319,16131,20358,40,92315,90022,7464,92626,136629,237,1,17
5320,8046,6562,40,282295,280801,802,282495,297955,89,1,23
5321,17523,21460,40,138983,134755,1694,139294,180011,243,1,20
5322,16562,20689,40,160504,158110,2494,160814,200600,245,1,19
5323,16821,20740,40,119587,117112,2505,119887,159993,239,1,22
5324,16031,19847,40,155034,152870,1352,155335,192595,231,1,14
5325,16582,20238,40,114086,111770,2595,114397,153842,237,1,18
5326,16962,19467,40,230476,228134,1714,230777,268960,225,1,21
5327,12604,15679,40,131449,129515,882,131730,160925,186,1,17
5328,16822,20158,40,182826,180571,2485,183137,222642,234,1,17
5329,16862,18915,40,123995,121769,1743,124296,161866,223,1,19
5330,17293,20068,40,181604,179357,1373,181914,220698,235,1,18
5331,13926,16121,30,147049,144983,641,147319,178057,195,1,19
5332,13816,12965,40,128794,127259,2425,129054,158310,161,1,11
5333,6983,5490,41,101191,100329,632,101382,114537,78,1,7
5334,9418,4569,40,58481,57761,3236,58671,75934,66,1,7
5335,3627,2765,40,63921,63440,811,64092,71335,43,1,4
5336,17012,15219,40,153791,152158,1973,154062,188316,180,1,10
5337,4438,2295,40,73108,72667,611,73279,80663,39,1,4
5338,11141,5160,40,45737,45026,1844,45927,64122,72,1,5
5339,942,141,40,13455,13315,571,13585,15289,2,1,2
5340,1993,381,40,35658,35488,601,35808,38813,7,1,2
5341,9187,531,40,36409,36239,1824,36549,48141,8,1,2
5342,952,150,40,33233,33133,691,33373,35216,3,1,1
5343,681,140,40,19868,19778,681,20018,21561,1,1,1
5344,4137,241,40,4929,4809,2214,5070,11712,5,1,1
5345,3887,110,41,2765,2685,1433,2906,8386,1,1,1
5346,4588,191,40,3787,3677,1623,3927,10359,5,1,1
5347,4118,150,40,5040,4950,2164,5180,11662,3,1,1
5348,3957,151,40,7644,7554,1653,7784,13576,2,1,1
5349,5961,110,40,12544,12454,1673,12674,20478,1,1,1
5350,3948,130,40,7535,7424,1623,7675,13416,2,1,1
5351,3988,120,40,2595,2505,952,2735,7825,1,1,1
5352,3717,100,40,3346,3256,1593,3476,8937,1,1,1
5353,3737,121,40,4949,4859,2144,5089,11131,2,1,1
5354,4168,151,40,7764,7664,1643,7905,13897,3,1,1
5355,7074,120,30,12514,12424,1673,12644,21551,1,1,1
5356,3947,3106,40,15520,15099,1102,15700,23895,47,1,1
5357,1753,120,40,12103,12022,1703,12244,15870,1,1,1
5358,3256,1603,40,12203,11932,551,12374,17824,28,1,1
5359,2124,471,40,8817,8667,631,8967,12233,10,1,1
5360,1753,181,40,8055,7955,622,8195,10791,3,1,1
5361,2134,350,41,12593,12463,651,12744,15930,8,1,1
5362,3697,120,40,4669,4589,1623,4809,10289,1,1,1
5363,3677,190,40,2875,2765,9478,3015,16411,5,1,1
5364,4289,110,40,3477,3377,7704,3607,15770,2,1,1
5365,4028,120,40,4830,4749,2124,4970,11282,1,1,1
5366,2876,1483,40,19467,19206,731,19627,24767,26,1,1
5367,7063,130,40,7644,7534,1613,7775,16631,2,1,1
5368,3827,3076,40,22543,22112,561,22713,30227,49,1,1
5369,1734,140,40,260,170,541,401,2866,3,1,1
5370,642,160,40,5731,5631,541,5851,7254,1,1,1
5371,10039,120,40,12544,12454,1663,12684,24536,1,1,1
5372,4158,811,40,8777,8597,1453,8927,15399,14,1,1
5373,2154,471,41,14216,14066,561,14368,17594,10,1,1
5374,2194,531,40,21961,21751,601,22102,25478,11,1,2
5375,2094,361,40,8155,8025,621,8305,11421,8,1,1
5376,1973,141,40,7895,7785,611,8025,10790,2,1,1
5377,5060,3216,40,63751,63111,541,63931,72778,51,1,6
5378,9067,2525,40,59733,59173,1713,59903,73248,41,1,6
5379,3236,2736,40,56076,55635,631,56236,62869,24,1,6
5380,8586,2495,40,73870,73309,1132,74040,86283,39,1,7
5381,4708,2695,40,62208,61656,611,62378,70443,45,1,5
5382,11271,7063,40,72707,71826,1703,72919,93006,94,1,5
5383,3938,2204,40,82306,81804,722,82476,89390,39,1,5
5384,13756,3476,40,19727,19236,2465,19897,39645,49,1,3
5385,3476,2355,40,41669,41258,591,41839,48291,41,1,2
5386,14778,18736,40,82607,80842,601,82907,117052,216,1,6
5387,6543,1312,40,62709,62268,1764,62859,72538,24,1,6
5388,2365,952,40,45766,45445,661,45917,49945,18,1,4
5389,1864,210,40,16401,16261,732,16551,19397,4,1,2
5390,3787,2274,40,32011,31581,541,32181,38833,37,1,4
5391,2164,561,40,25078,24857,731,25228,28734,11,1,3
5392,16170,702,40,39414,39084,1983,39555,58460,14,1,5
5393,1273,451,30,18705,18505,1724,18845,22353,10,1,2
5394,5090,3547,40,57749,57208,641,57930,67258,55,1,3
5395,12594,3997,40,65153,64553,581,65333,82556,62,1,3
5396,6061,2284,40,11181,10860,1413,11342,21140,34,1,1
5397,4329,2544,40,30147,29736,581,30318,37822,43,1,2
5398,10059,3076,40,58050,57459,1873,58220,73268,47,1,6
5399,3357,1402,40,24546,24255,571,24706,30087,26,1,2
5400,11502,7254,40,38744,37872,1723,38954,59473,95,1,4
5401,891,160,40,11341,11251,621,11482,13215,3,1,1
5402,10450,6021,40,70604,69731,1383,70794,88688,83,1,7
5403,3487,1673,40,45927,45486,581,46098,51879,31,1,5
5404,6222,631,40,48272,47951,1703,48412,57028,13,1,5
5405,1984,1042,40,30999,30718,541,31149,34756,18,1,3
5406,7845,8035,40,74692,73741,621,74912,91443,105,1,5
5407,9237,3337,40,42290,41790,1733,42470,56807,50,1,3
5408,1703,772,30,18054,17854,641,18194,21350,15,1,1
5409,1663,171,40,18295,18195,721,18435,21020,3,1,1
5410,3327,1242,40,19227,18986,831,19387,24837,24,1,1
5411,10340,7434,40,67638,66756,571,67838,86233,100,1,3
5412,16842,120,40,12534,12454,2465,12674,32141,1,1,1
5413,1052,150,40,6502,6402,671,6643,8576,3,1,1
5414,3146,1493,40,33474,33164,631,33624,38944,26,1,2
5415,9488,9648,40,53672,52630,621,53902,73709,127,1,3
5416,10630,6031,40,57429,56626,2174,57629,76514,82,1,5
5417,8045,7534,40,77998,76966,571,78209,94399,105,1,7
5418,13826,6041,40,71987,71044,2494,72177,94599,84,1,9
5419,7965,7384,40,93427,92335,731,93648,109768,104,1,9
5420,13024,10650,40,77918,76656,2625,78158,104508,137,1,8
5421,4458,2495,40,72097,71567,872,72257,80142,42,1,6
5422,10580,6572,40,91944,90964,1944,92155,111281,91,1,9
5423,1883,732,40,70584,70243,561,70734,73950,14,1,6
5424,12473,5711,40,48061,47200,3386,48262,69872,80,1,8
5425,5541,3006,40,82286,81706,571,82456,91634,48,1,6
5426,16812,14798,40,84230,82628,1002,84490,117162,177,1,9
5427,8576,7064,40,65835,64872,811,66045,82536,95,1,7
5428,16311,13185,40,105169,103637,5661,105429,140636,161,1,11
5429,6423,170,40,17844,17694,4338,17984,28955,3,1,2
5430,7224,5781,40,85282,84401,601,85482,99128,84,1,8
5431,16862,17894,40,91534,89722,4789,91824,131419,211,1,9
5432,6443,3787,40,105249,104488,561,105429,116281,57,1,9
5433,17062,20208,40,136929,134805,3597,137240,178157,233,1,13
5434,17172,17052,40,52269,50417,3557,52549,90391,201,1,11
5435,16912,17933,40,134314,132310,2815,134604,172307,209,1,14
5436,16732,19797,40,134745,132299,2715,135046,174350,233,1,21
5437,15930,20389,40,150856,148453,972,151166,188497,235,1,21
5438,16812,20659,40,122602,120228,3988,122912,164432,240,1,20
5439,16963,20539,40,156256,153781,3908,156566,198026,240,1,22
5440,15890,20128,40,124276,121971,2825,124586,163469,233,1,18
5441,15920,20769,40,163730,161337,3307,164031,204087,240,1,19
5442,16752,18165,40,84109,81875,3136,84400,122503,214,1,21
5443,16041,19387,40,157609,155362,3296,157899,196663,226,1,18
5444,15880,20228,40,150254,147948,2134,150566,188848,238,1,18
5445,16972,19316,40,194057,191679,1212,194359,231909,224,1,23
5446,11792,14768,40,119897,118202,631,120168,147389,178,1,12
5447,16953,21340,40,190862,188478,5841,191172,235356,248,1,18
5448,16310,16611,40,50787,48792,6753,51067,90802,195,1,17
5449,16932,18495,30,224385,222290,2805,224676,262948,218,1,15
5450,16712,18475,40,120899,118595,3347,121189,159763,220,1,21
5451,16652,20098,40,181765,179451,1803,182065,220668,233,1,19
5452,16782,19346,40,154803,152489,1152,155114,192444,227,1,20
5453,16802,20419,40,168349,165975,1152,168660,207073,238,1,20
5454,16171,20849,40,124816,122430,4639,125127,166826,241,1,19
5455,17243,15669,40,81324,79552,6853,81605,121410,187,1,12
5456,17092,18134,40,115929,113885,4258,116221,155745,213,1,14
5457,16892,19957,40,208535,206113,1884,208846,247620,232,1,22
5458,15900,18605,41,142169,139837,631,142460,177656,221,1,22
5459,16622,19697,40,180532,178258,4388,180843,221590,230,1,19
5460,16821,19287,40,178549,175880,4649,178849,219656,228,1,23
5461,16762,19967,40,161396,159049,4739,161707,203205,235,1,19
5462,16902,18805,40,188206,185760,4418,188508,228673,222,1,24
5463,16140,20018,40,144634,142179,2074,144945,183217,236,1,23
5464,15900,19788,40,119958,116491,3436,120268,159432,231,1,17
5465,16832,18876,40,153040,150677,2585,153340,191683,225,1,22
5466,16320,19147,40,170734,168410,982,171034,207523,224,1,22
5467,16842,19507,40,117383,115090,2224,117693,156316,229,1,20
5468,16091,19637,40,149243,147040,4709,149553,190040,231,1,16
5469,13966,16311,40,180171,178208,661,180452,211450,197,1,16
5470,15870,19156,41,159572,157439,571,159873,195510,220,1,16
5471,13215,12473,40,165684,163939,621,165935,192304,157,1,17
5472,5982,4959,40,61687,60884,572,61877,73440,72,1,8
5473,16731,19397,41,214155,212141,1924,214456,252548,228,1,10
5474,10770,12344,40,61086,59551,631,61336,85131,153,1,12
5475,9418,9228,40,156296,155133,541,156516,175763,118,1,9
5476,7555,3496,41,66225,65675,2495,66406,79982,52,1,4
5477,1663,441,41,18444,18294,691,18586,21431,10,1,1
5478,3597,1744,40,982,701,561,1142,7094,29,1,1
5479,4218,100,40,12765,12664,1683,12905,18936,1,1,1
5480,731,161,40,21691,21601,641,21831,23414,1,1,1
5481,2966,100,40,5731,5641,2184,5861,11151,1,1,1
5482,3156,110,40,2736,2656,5220,2876,11392,1,1,1
5483,2975,101,40,3416,3326,4729,3546,11401,1,1,1
5484,3086,100,40,4880,4799,2224,5010,10470,1,1,1
5485,3206,111,40,7444,7364,1763,7584,12694,1,1,1
5486,732,180,40,12053,11973,541,12193,13686,1,1,1
5487,7524,121,40,12523,12443,1653,12664,22002,1,1,1
5488,702,300,40,5000,4910,711,5130,6883,1,1,1
5489,2906,110,40,5270,5190,2746,5410,11202,1,1,1
5490,2896,100,40,2645,2565,5431,2785,11252,1,1,1
5491,3056,110,30,3356,3266,4478,3487,11161,1,1,1
5492,762,170,40,24487,24396,611,24627,26200,1,1,1
5493,2745,100,40,4779,4689,2344,4909,10149,1,1,1
5494,2816,100,40,7545,7454,1653,7685,12294,1,1,1
5495,2595,100,40,12504,12434,2094,12644,17483,1,1,1
5496,671,111,40,230,140,932,360,2124,1,1,1
5497,33564,45546,120,387314,382574,3106,388115,470421,255,1,14
5498,4929,3838,80,201221,199818,861,201592,211310,32,1,13
5499,20720,25478,81,431287,427927,591,431718,478587,148,1,24
5500,6993,6292,40,218765,217301,561,218965,232851,84,1,24
5501,10500,11501,40,245655,243803,591,245896,268528,140,1,25
5502,11512,12173,40,264461,262577,581,264702,289028,149,1,24
5503,8406,6493,40,280962,279621,752,281162,296873,89,1,20
5504,7594,6022,40,197815,196652,581,198015,212262,84,1,16
5505,8325,7465,40,163750,162577,591,163960,180391,100,1,13
5506,2866,992,40,49454,49183,631,49604,54143,18,1,3
5507,4027,882,40,37742,37490,1903,37892,44744,16,1,3
5508,2254,110,41,6191,6101,2144,6332,10890,1,1,1
5509,1463,110,41,200,120,972,341,2936,1,1,1
5510,7905,220,60,8837,8686,1102,9057,18334,1,1,1
5511,8246,220,60,10460,10310,1392,10690,20589,1,1,1
5512,7574,371,110,20279,20008,1513,20679,30227,1,1,1
5513,7153,361,120,27873,27612,1734,28283,37621,1,1,1
5514,13866,401,110,39164,38904,1533,39565,55465,1,1,1
5515,3266,130,50,8426,8316,1062,8597,13105,1,1,1
5516,2986,110,40,3607,3517,1753,3737,8646,1,1,1
5517,2976,110,40,4098,4008,2525,4238,9899,1,1,1
5518,3076,100,40,5160,5060,1643,5290,10159,1,1,1
5519,3056,120,40,7905,7815,1643,8045,12894,1,1,1
5520,7895,120,40,12884,12794,1663,13025,22733,1,1,1
5521,2976,100,40,4839,4749,2144,4980,10250,1,1,1
5522,2986,90,40,2725,2625,5361,2845,11332,1,1,1
5523,3146,101,40,3446,3356,4429,3576,11312,1,1,1
5524,3247,100,30,4919,4829,1924,5049,10370,1,1,1
5525,36419,46288,351,852675,844531,1613,854328,938808,256,1,32
5526,6061,4379,40,279039,277587,631,279259,290380,63,1,29
5527,13837,17182,41,425355,422889,632,425636,457317,194,1,30
5528,10740,12314,40,423102,420966,571,423352,447027,152,1,30
5529,12343,13716,41,265693,263749,631,265954,292684,165,1,22
5530,7905,6933,40,106502,105431,581,106702,122171,94,1,11
5531,5460,4178,40,22062,21419,642,22252,32582,62,1,5
5532,1673,200,40,261,151,531,391,2845,4,1,1
5533,1653,120,40,6773,6683,661,6913,9378,1,1,1
5534,4719,140,40,7374,7233,1773,7505,14177,2,1,2
5535,17583,20088,170,442539,439020,1112,443200,482113,127,1,31
5536,5080,3948,40,207563,206113,621,207773,217462,57,1,28
5537,8286,8666,40,254693,252811,621,254913,272526,111,1,30
5538,5270,4648,40,249222,247722,631,249413,260002,65,1,27
5539,6853,6572,41,303074,301478,591,303275,317351,88,1,26
5540,5481,3767,40,353790,352489,641,353960,363899,56,1,25
5541,4308,2806,40,343841,342751,581,344011,351757,45,1,20
5542,4429,2725,40,202744,202022,581,202925,210700,44,1,10
5543,3807,2024,40,69882,69500,572,70042,76505,33,1,3
5544,1623,120,40,6402,6302,1533,6532,9848,1,1,1
5545,2184,120,40,5892,5811,1192,6032,9568,1,1,1
5546,4448,1694,120,136639,135439,912,137089,144233,14,1,12
5547,2164,371,81,57338,56818,812,57629,61066,5,1,5
5548,1904,1092,902,88046,87225,1914,89840,95361,1,1,1
5549,1533,130,60,14016,13806,842,14227,16822,1,1,1
5550,1633,140,60,24857,24577,891,25068,27792,1,1,1
5551,1413,130,60,12023,11813,802,12233,14638,1,1,1
5552,1583,140,60,11322,11111,841,11522,14146,1,1,1
5553,1623,130,60,11242,11041,831,11452,14116,1,1,1
5554,4108,251,90,14528,14197,851,14878,20168,1,1,1
5555,3547,271,180,16642,16341,932,17082,21912,1,1,1
5556,3677,231,90,12534,12233,862,12884,17724,1,1,1
5557,641,131,60,5009,4809,1052,5220,7104,1,1,1
5558,3116,241,90,16972,16662,922,17322,21661,1,1,1
5559,3417,230,90,14527,14217,931,14879,19537,1,1,1
5560,631,120,60,5991,5791,791,6202,7825,1,1,1
5561,621,151,60,19717,19347,842,19927,21611,1,1,1
5562,581,130,40,19727,19557,821,19858,21430,1,1,1
5563,571,120,40,9318,9217,701,9458,10891,1,1,1
5564,1673,120,40,5280,5120,842,5420,8105,1,1,1
5565,571,140,40,10310,10150,661,10450,11862,1,1,1
5566,541,131,40,6151,5991,651,6301,7675,1,1,1
5567,531,141,40,7785,7694,701,7925,9338,1,1,1
5568,641,121,40,8456,8296,631,8596,10029,1,1,1
5569,531,110,40,12674,12493,771,12815,14277,1,1,1
5570,531,120,41,18845,18675,742,18976,20419,1,1,1
5571,541,120,40,8375,8275,641,8517,9869,1,1,1
5572,541,120,40,5881,5701,782,6021,7494,1,1,1
5573,531,110,40,7474,7314,681,7615,8977,1,1,1
5574,541,120,40,8637,8456,671,8777,10139,1,1,1
5575,531,121,50,12524,12433,641,12664,13997,1,1,1
5576,531,120,40,18676,18505,681,18816,20198,1,1,1
5577,531,120,40,12294,12194,651,12434,13776,1,1,1
5578,1523,120,40,7925,7764,621,8056,10370,1,1,1
5579,541,120,40,8216,8055,591,8356,9648,1,1,1
5580,531,110,50,5861,5561,732,6001,7434,1,1,1
5581,541,120,40,7384,7194,752,7514,8967,1,1,1
5582,521,140,40,8777,8677,691,8917,10299,1,1,1
5583,541,110,41,12694,12533,741,12835,14277,1,1,1
5584,541,120,40,18365,18165,641,18515,19847,1,1,1
5585,541,120,41,8375,8275,661,8517,9879,1,1,1
5586,531,120,40,5801,5701,802,5931,7434,1,1,1
5587,541,120,40,7134,7044,691,7274,8666,1,1,1
5588,531,120,41,8405,8305,791,8547,10029,1,1,1
5589,531,120,40,12193,12013,641,12323,13666,1,1,1
5590,531,110,50,18636,18425,721,18776,20188,1,1,1
5591,541,110,40,8316,8236,641,8466,9798,1,1,1
5592,531,120,40,5631,5541,721,5761,7183,1,1,1
5593,531,120,40,7184,7093,791,7324,8807,1,1,1
5594,531,120,40,8697,8596,651,8837,10179,1,1,1
5595,541,130,40,12163,12083,772,12303,13796,1,1,1
5596,541,110,40,18245,18145,691,18375,19777,1,1,1
5597,541,110,41,8375,8275,641,8516,9849,1,1,1
5598,541,120,40,5761,5671,702,5901,7304,1,1,1
5599,531,120,40,8136,8056,831,8276,9808,1,1,1
5600,531,120,40,9197,9097,712,9338,10751,1,1,1
5601,541,120,40,12333,12243,802,12474,13977,1,1,1
5602,561,120,40,18675,18585,742,18805,20279,1,1,1
5603,541,121,40,7875,7714,631,8015,9348,1,1,1
5604,541,120,40,5721,5540,742,5861,7304,1,1,1
5605,541,120,40,7194,7024,651,7334,8676,1,1,1
5606,531,121,40,8195,8095,692,8335,9719,1,1,1
5607,531,121,50,12043,11952,701,12183,13596,1,1,1
5608,531,110,50,21130,20960,682,21270,22643,1,1,1
5609,531,120,40,7985,7815,641,8126,9468,1,1,1
5610,541,110,40,5921,5761,751,6061,7514,1,1,1
5611,532,130,40,7123,7033,641,7264,8627,1,1,1
5612,531,121,40,8456,8366,671,8586,9959,1,1,1
5613,541,110,41,12072,11992,931,12213,13846,1,1,1
5614,531,120,40,18344,18134,701,18475,19878,1,1,1
5615,541,131,40,8025,7825,671,8165,9558,1,1,1
5616,601,130,60,7364,7223,741,7565,9117,1,1,1
5617,601,140,60,9417,9287,731,9629,11171,1,1,1
5618,601,130,60,11612,11481,771,11823,13405,1,1,1
5619,601,130,60,17052,16912,761,17263,18826,1,1,1
5620,531,120,40,18546,18364,691,18676,20078,1,1,1
5621,520,130,40,18395,18305,1042,18535,20278,1,1,1
5622,541,110,40,13175,13085,581,13306,14588,1,1,1
5623,541,120,40,10480,10320,741,10610,12062,1,1,1
5624,531,120,40,5731,5631,862,5861,7424,1,1,1
5625,551,111,40,7053,6963,692,7193,8597,1,1,1
5626,551,110,40,8176,8076,681,8316,9698,1,1,1
5627,551,111,40,11983,11893,781,12123,13616,1,1,1
5628,531,121,40,18244,18144,1203,18384,20289,1,1,1
5629,541,110,40,8416,8316,641,8556,9898,1,1,1
5630,541,120,50,5681,5601,761,5821,7293,1,1,1
5631,541,111,50,7073,6983,641,7213,8566,1,1,1
5632,531,110,40,8326,8236,1052,8466,10209,1,1,1
5633,531,110,40,12143,12053,711,12283,13695,1,1,1
5634,541,110,40,18244,18134,762,18385,19838,1,1,1
5635,541,120,40,8366,8265,662,8506,9859,1,1,1
5636,541,121,40,5771,5681,751,5921,7364,1,1,1
5637,541,120,40,7264,7164,702,7404,8797,1,1,1
5638,531,110,41,8205,8115,651,8336,9688,1,1,1
5639,551,110,120,12284,12203,651,12504,13866,1,1,1
5640,541,110,40,18225,18125,721,18355,19787,1,1,1
5641,541,120,40,8797,8697,591,8937,10229,1,1,1
5642,541,121,40,5610,5520,641,5751,7104,1,1,1
5643,531,111,50,7304,7224,631,7444,8777,1,1,1
5644,541,120,41,8225,8125,1002,8366,10069,1,1,1
5645,531,110,40,12173,12083,641,12313,13645,1,1,1
5646,531,111,40,18204,18104,622,18344,19658,1,1,1
5647,541,120,40,8496,8396,581,8627,9919,1,1,1
5648,531,110,40,5510,5420,672,5650,7014,1,1,1
5649,521,130,40,7164,7064,711,7304,8706,1,1,1
5650,531,110,40,8617,8517,741,8757,10189,1,1,1
5651,541,120,40,12243,12153,711,12384,13786,1,1,1
5652,521,120,40,18305,18205,711,18445,19847,1,1,1
5653,541,111,40,7925,7825,1894,8065,10661,1,1,1
5654,531,120,40,5861,5771,672,5991,7354,1,1,1
5655,541,111,50,7203,7113,801,7343,8847,1,1,1
5656,541,110,50,8466,8376,662,8606,9979,1,1,1
5657,602,120,40,11903,11813,661,12043,13476,1,1,1
5658,671,121,40,18214,18114,732,18354,19918,1,1,1
5659,21231,9227,111,64281,63329,19356,64593,114447,102,1,2
5660,3216,1313,40,45166,44845,611,45376,50556,20,1,3
5661,17924,10350,40,79050,77989,17954,79280,125558,111,1,5
5662,3236,1122,41,76595,76174,12523,76746,93687,18,1,6
5663,3607,1283,40,61376,60956,12113,61546,78609,22,1,6
5664,7394,3566,40,81514,80864,9528,81695,102223,48,1,6
5665,6332,3085,40,96302,95662,9298,96473,115248,44,1,8
5666,3727,1683,40,119847,119346,652,120007,126119,28,1,7
5667,17914,14918,40,115158,113486,14006,115419,162317,162,1,12
5668,3407,1152,40,92616,92135,9668,92776,107053,20,1,8
5669,6312,3196,40,145255,144470,1002,145436,156006,46,1,11
5670,16972,16501,40,201421,199479,3967,201703,239183,182,1,16
5671,18184,18846,41,157027,154765,5631,157318,200039,199,1,22
5672,16812,19747,40,245895,243372,3717,246207,286533,220,1,25
5673,17343,19387,50,250705,248070,3727,251016,291523,217,1,29
5674,17433,20729,41,244372,241476,4328,244694,287224,234,1,33
5675,17423,21741,40,250364,247490,3266,250685,293156,241,1,31
5676,17182,21872,40,238222,235468,2845,238552,280481,243,1,27
5677,17554,21100,40,211992,209049,3456,212312,254482,240,1,33
5678,16602,22082,40,200550,197718,2535,200880,242149,249,1,28
5679,16701,21862,40,181594,178678,4538,181915,225056,245,1,31
5680,3667,2475,40,158330,157288,602,158500,165294,40,1,20
5681,17223,22002,40,434864,431687,2375,435194,476834,248,1,37
5682,17383,22002,40,167838,164651,2355,168168,209948,249,1,39
5683,17413,21681,40,423903,420748,2816,424243,466203,245,1,39
5684,16541,21661,40,142439,139414,1342,142761,182355,242,1,35
5685,16601,22012,40,350113,346987,1583,350444,390680,245,1,37
5686,17413,21330,41,167106,164318,1804,167437,208014,243,1,28
5687,17653,22313,50,344713,341858,2124,345043,387183,248,1,29
5688,17644,22061,50,124115,121382,3276,124456,167477,248,1,26
5689,17072,21731,40,249603,246909,2134,249944,290931,245,1,25
5690,17433,20789,40,170763,168060,1914,171084,211260,240,1,27
5691,17513,21892,40,335015,331922,1022,335355,375812,242,1,37
5692,17383,23033,40,243161,240322,1092,243482,285030,245,1,30
5693,17683,21782,40,283597,280712,2975,283927,326398,245,1,30
5694,17473,21361,40,252098,249201,4228,252418,295540,241,1,31
5695,17373,21852,40,491712,485390,5621,492282,537298,246,1,33
5696,34224,45025,260,272036,269228,2485,272937,354762,239,1,25
5697,16692,22332,40,249473,246169,1884,249843,290801,242,1,27
5698,17323,21711,40,277376,274322,3747,277696,320527,239,1,34
5699,16681,22783,40,177286,174651,4058,177616,221189,249,1,22
5700,17023,21871,40,347438,344372,601,347769,387304,243,1,35
5701,17543,22893,40,197063,194377,1734,197394,239604,250,1,23
5702,17223,21941,40,303505,300691,1483,303826,344523,243,1,29
5703,17403,22102,40,197063,194068,2675,197394,239614,245,1,34
5704,17553,22422,50,337990,335156,1704,338321,380050,247,1,27
5705,17473,21531,40,118525,115900,2485,118865,160384,243,1,23
5706,16551,21040,40,234995,232361,3166,235316,276123,239,1,24
5707,17643,21481,41,199467,196780,2584,199789,241547,240,1,25
5708,16562,20759,40,295670,292835,1272,295991,334624,233,1,31
5709,17232,21531,40,246677,243682,2435,247008,288246,239,1,34
5710,17102,21421,40,280492,277710,2635,280812,322030,244,1,27
5711,16491,21891,40,220908,217990,1804,221239,261455,244,1,32
5712,17623,20439,40,223213,220240,3327,223533,264982,232,1,35
5713,17403,21871,40,204447,201643,2415,204778,246517,245,1,28
5714,17312,21671,40,226279,223504,4578,226600,270201,240,1,28
5715,16732,22693,40,231508,228591,2816,231829,274110,247,1,30
5716,17453,21310,40,269540,266686,3487,269861,312161,241,1,30
5717,16591,21581,41,220958,218074,2034,221279,261535,241,1,31
5718,17423,21701,40,297704,291315,8486,298445,346496,243,1,29
5719,33123,44725,340,378016,373459,6612,379078,463618,242,1,26
5720,3457,2485,40,186142,185270,771,186353,193106,40,1,15
5721,16802,21240,40,333211,330406,2555,333532,374159,240,1,31
5722,16772,20719,40,201532,198898,3527,201842,242910,238,1,28
5723,16812,21180,40,300439,297495,3636,300750,342428,239,1,37
5724,15940,20389,40,253521,250917,1022,253821,291212,232,1,27
5725,16832,20619,40,270382,267545,2856,270692,311049,239,1,33
5726,15930,21340,40,207813,205149,3316,208124,248751,245,1,26
5727,15950,20339,40,210790,208165,5039,211090,252458,237,1,28
5728,17042,19908,40,216180,213426,5159,216490,258639,232,1,31
5729,15960,20629,40,203105,200589,3527,203425,243591,239,1,24
5730,16161,20058,40,186443,183807,3536,186743,226549,237,1,27
5731,16261,19667,41,204136,201509,2886,204447,243291,232,1,29
5732,16721,20660,40,241017,238233,2996,241327,281764,241,1,32
5733,16791,20419,40,129134,126500,2465,129455,169170,242,1,27
5734,15920,20820,40,183628,181143,4609,183938,225337,241,1,22
5735,15930,20349,40,233853,231158,4628,234174,275121,240,1,28
5736,15870,20679,40,168399,165746,3908,168709,209217,243,1,27
5737,16812,19847,40,261425,258556,5210,261725,303645,234,1,35
5738,16812,19818,40,223043,220458,3607,223363,263650,232,1,28
5739,16251,20589,40,208745,206108,8216,209056,254142,239,1,29
5740,2815,1754,40,89960,89328,791,90121,95531,30,1,11
5741,16762,20058,40,255534,252829,4549,255844,297263,234,1,31
5742,15990,19036,40,169150,166455,5040,169451,209567,229,1,31
5743,16150,20038,40,272596,269788,5932,272907,315057,235,1,33
5744,15850,20379,40,242630,239904,4138,242930,283337,239,1,29
5745,16802,20338,40,216620,213716,4028,216931,258149,240,1,35
5746,16020,20169,40,273538,270836,2445,273848,312542,238,1,29
5747,16791,19808,41,150114,147489,3597,150425,190671,236,1,27
5748,16071,19878,40,219616,217058,2886,219926,258811,237,1,25
5749,16692,19517,40,183508,180909,3837,183838,223934,230,1,29
5750,16802,20027,30,199688,197081,3287,199988,240155,234,1,27
5751,16762,20228,41,184339,181833,1483,184650,223173,238,1,23
5752,16522,19617,40,141067,138615,1703,141378,179270,230,1,24
5753,16791,20259,40,252178,249404,1673,252498,291271,238,1,31
5754,15870,20820,40,122162,119688,2354,122472,161566,242,1,23
5755,16422,19847,40,242780,240045,5260,243091,284670,236,1,29
5756,15910,19757,40,186694,183967,2975,187005,225687,235,1,32
5757,16742,20228,40,169181,166433,2735,169501,209236,240,1,31
5758,15910,19798,40,213735,211089,1663,214045,251466,237,1,30
5759,16090,19506,40,131689,129228,8085,132001,175713,234,1,25
5760,4618,3998,40,243712,242389,621,243902,253169,60,1,25
5761,17994,21130,40,181324,178890,2805,181634,223623,246,1,19
5762,15880,20820,40,235196,232520,4779,235506,277035,243,1,27
5763,16742,20689,40,187616,184822,4869,187926,230276,241,1,32
5764,16361,20178,40,163119,160656,2745,163430,202764,237,1,23
5765,17053,19617,40,170323,167788,3006,170623,210359,234,1,25
5766,15860,20619,40,217212,214487,1082,217522,255123,246,1,26
5767,17052,19367,40,137691,134958,2405,137991,176865,228,1,32
5768,15810,20940,40,279360,276766,1643,279670,318113,244,1,24
5769,16872,20238,40,128163,124869,2775,128484,168419,240,1,29
5770,17022,20629,40,333532,330726,1593,333853,373157,244,1,32
5771,16982,20279,40,93557,91101,1614,93867,132792,241,1,22
5772,16151,21731,40,201421,198945,2275,201732,241939,251,1,20
5773,16962,20609,40,151547,147699,3336,151848,192815,241,1,27
5774,17764,20599,40,233252,230805,2365,233562,274330,236,1,22
5775,13726,16250,40,157618,155433,651,157900,188567,197,1,22
5776,16933,20378,40,272997,270373,2024,273318,312683,242,1,26
5777,16782,20799,41,158019,155533,1944,158330,197895,245,1,22
5778,16121,20108,40,164612,162148,2384,164963,203616,239,1,23
5779,16020,20089,40,141157,138763,6562,141468,184189,239,1,19
5780,2906,721,40,71536,71106,4929,71686,80292,14,1,8
5781,5560,4469,40,206681,205519,601,206872,217562,66,1,20
5782,16792,21000,50,185642,183328,2796,185952,226600,231,1,19
5783,15901,20969,40,112313,109998,2134,112614,151668,233,1,19
5784,15770,20389,40,202354,199960,1964,202664,240827,241,1,20
5785,16691,20559,40,88187,85758,3006,88498,128804,240,1,21
5786,16721,20399,40,193917,191702,1974,194238,233372,243,1,14
5787,16602,20539,40,69622,67420,1343,69932,108456,238,1,14
5788,16792,17944,40,182626,180501,1303,182916,218995,213,1,17
5789,11392,12794,40,119706,117891,712,119947,144905,160,1,18
5790,16771,17995,40,177977,175912,1393,178267,214466,212,1,16
5791,13455,16462,40,135918,133859,631,136198,166796,202,1,17
5792,16692,18485,41,185180,183147,1343,185481,222041,219,1,14
5793,15078,18195,40,139545,137562,741,139835,173889,213,1,14
5794,11171,1173,40,33052,32762,3677,33212,49263,22,1,3
5795,4739,3677,40,93427,92744,641,93617,102704,57,1,7
5796,3777,3367,40,73669,73028,841,73850,81865,52,1,7
5797,9799,3216,40,83308,82657,2024,83478,98567,51,1,7
5798,5070,3516,40,55365,54772,622,55535,64783,55,1,4
5799,11482,6332,40,55766,54945,1473,55976,75303,89,1,4
5800,4308,1924,40,54684,54263,681,54844,61807,35,1,4
5801,12654,6993,40,47570,46750,2013,47781,69481,91,1,4
5802,1323,280,40,33524,33323,581,33674,35898,6,1,3
5803,11372,3336,40,35307,34795,1934,35487,52179,53,1,3
5804,781,100,40,17153,17053,972,17293,19186,1,1,1
5805,3657,1883,40,15780,15450,581,15950,22101,32,1,2
5806,8126,972,40,36779,36509,1633,36940,47711,17,1,3
5807,2305,1212,40,19687,19447,582,19847,23986,23,1,1
5808,882,190,40,32322,32222,571,32462,34145,2,1,1
5809,15188,90,40,12804,12714,1814,12934,30087,1,1,1
5810,872,120,40,15269,15139,581,15399,17022,2,1,2
5811,1613,120,40,17102,17012,631,17233,19637,1,1,1
5812,781,171,40,20418,20318,751,20549,22292,1,1,1
5813,3907,3136,40,17133,16711,1092,17303,25498,48,1,1
5814,2725,802,40,13175,12994,541,13325,17443,16,1,1
5815,8025,662,40,12383,12173,1724,12523,22984,12,1,2
5816,1453,150,40,10229,10139,591,10370,12604,2,1,1
5817,7805,270,41,10750,10580,972,10891,19978,6,1,2
5818,1643,140,40,12504,12403,1002,12624,15459,2,1,1
5819,7534,381,40,3787,3647,1413,3927,13295,8,1,1
5820,4318,120,40,5120,5019,1663,5250,11401,2,1,1
5821,4128,230,40,7815,7695,1653,7955,14026,5,1,1
5822,6022,110,40,12754,12664,1763,12884,20840,1,1,1
5823,3517,90,40,4238,4148,3317,4378,11352,1,1,1
5824,3597,100,40,2595,2515,10100,2735,16562,1,1,1
5825,3466,101,40,3326,3246,8707,3456,15770,1,1,1
5826,3376,101,40,4819,4739,2815,4959,11291,1,1,1
5827,3447,100,40,7505,7424,1673,7635,12905,1,1,1
5828,3296,2625,40,25058,24677,571,25228,31760,43,1,1
5829,3958,2334,40,21631,21270,721,21802,28855,40,1,1
5830,14207,110,41,12553,12453,1784,12694,28825,1,1,1
5831,3176,551,40,9758,9608,1253,9899,14929,10,1,1
5832,3256,1523,40,28434,28114,591,28594,34004,28,1,2
5833,2605,852,40,23815,23535,561,23965,28033,17,1,3
5834,2595,431,40,32121,31871,551,32271,35888,9,1,4
5835,4228,2465,40,66236,65704,561,66406,73720,42,1,6
5836,7935,1513,40,45205,44745,1723,45365,56577,27,1,6
5837,3497,2014,40,42831,42371,571,43001,49113,34,1,5
5838,6572,892,40,54634,54244,1002,54784,63300,17,1,6
5839,3457,1603,40,43403,43032,531,43563,49214,31,1,3
5840,7515,951,41,48381,48030,1543,48532,58581,19,1,5
5841,1833,912,40,89049,88668,641,89199,92625,18,1,6
5842,11562,6963,40,77948,77045,2114,78158,98837,93,1,6
5843,2575,551,41,43091,42851,571,43242,46979,13,1,3
5844,4689,3296,40,44555,44043,681,44735,53451,51,1,3
5845,8416,1903,40,54553,54133,1743,54714,66816,33,1,4
5846,3647,1934,40,29295,28955,641,29455,35718,33,1,2
5847,4258,2444,40,35086,34595,581,35267,42580,43,1,4
5848,9748,4058,40,36940,36380,2976,37120,53952,58,1,3
5849,4369,110,40,12594,12504,3016,12724,20269,1,1,1
5850,4839,3176,40,51949,51387,611,52119,60785,49,1,5
5851,10129,9679,40,68981,67838,701,69201,89760,123,1,7
5852,3747,2004,40,54654,54193,841,54814,61456,34,1,5
5853,7996,8195,40,65575,64592,541,65795,82557,106,1,6
5854,8346,3066,40,48953,48382,1913,49123,62508,49,1,5
5855,3557,1934,40,54533,54082,551,54703,60785,33,1,5
5856,7745,2214,40,53462,52949,1392,53622,65033,36,1,6
5857,2986,1422,40,65393,64983,571,65545,70564,27,1,5
5858,8006,2614,40,50946,50445,1884,51117,63651,41,1,5
5859,3406,1493,40,43893,43562,541,44054,49554,27,1,3
5860,7634,982,40,29316,29036,1873,29476,40005,19,1,3
5861,1082,120,40,6763,6653,571,6893,8726,2,1,1
5862,8997,9578,40,51297,50255,1753,51518,71886,123,1,3
5863,4388,461,40,32903,32682,1843,33033,39785,10,1,3
5864,1263,330,40,7444,7304,541,7585,9769,8,1,1
5865,1863,221,40,10179,10069,581,10319,13024,5,1,1
5866,4238,2645,31,33934,33462,581,34105,41619,44,1,3
5867,5671,4739,40,36489,35838,541,36679,47670,69,1,3
5868,2555,831,40,26850,26570,601,27002,31039,16,1,3
5869,10961,220,40,24787,24607,1664,24927,37812,5,1,3
5870,3326,2305,40,41909,41488,682,42079,48422,39,1,3
5871,6813,1974,40,47230,46828,1673,47390,57890,30,1,4
5872,11702,10159,40,69582,68441,571,69802,92284,124,1,6
5873,13215,16561,40,110239,108528,682,110519,141027,194,1,9
5874,16521,12795,40,79320,77897,3106,79570,112032,159,1,7
5875,1693,812,40,47951,47591,531,48101,51177,17,1,5
5876,15138,13867,40,73409,71975,2315,73669,105039,170,1,6
5877,6292,5370,41,102554,101703,631,102755,115088,76,1,9
5878,8827,3547,40,103677,102913,2645,103847,118926,54,1,10
5879,5029,3256,40,88347,87675,671,88518,97524,50,1,8
5880,13976,13756,40,95380,93788,2615,95642,126019,170,1,10
5881,5701,3687,40,100521,99829,641,100701,110780,58,1,7
5882,16031,9187,40,67298,66165,3146,67528,95922,118,1,8
5883,2285,1182,40,32221,31901,852,32381,36740,22,1,4
5884,16632,18535,41,121399,119525,1252,121701,158160,219,1,8
5885,17293,18145,40,106131,104208,4349,106421,146258,214,1,11
5886,16471,15169,40,88428,86707,8757,88698,129145,178,1,13
5887,2725,1853,40,107714,107064,641,107875,113144,33,1,11
5888,16792,21110,41,144343,142078,2595,144654,185191,243,1,15
5889,16962,16822,40,74211,72187,3707,74501,112042,199,1,17
5890,17333,13495,41,112072,110510,8025,112333,151216,162,1,12
5891,16280,20680,40,249613,247370,2785,249913,289718,221,1,19
5892,5370,3437,40,96383,95653,571,96563,105991,53,1,9
5893,16822,20168,40,190561,188304,4959,190872,232881,234,1,17
5894,17032,19146,40,104979,102733,4749,105279,146247,224,1,20
5895,16822,19177,40,225237,222873,2535,225537,264121,224,1,22
5896,13796,15329,40,101432,99419,622,101712,131509,186,1,20
5897,16562,19126,40,173739,171397,911,174040,210679,227,1,20
5898,16852,20289,40,147289,144998,2405,147589,187175,238,1,17
5899,16702,21080,40,111291,108988,3898,111601,153321,247,1,16
5900,15770,20629,40,187004,184736,3326,187315,227090,242,1,15
5901,16822,19487,40,148662,146395,7254,148962,192585,226,1,19
5902,16902,17253,40,104689,102734,4919,104969,144103,202,1,14
5903,16251,15609,40,115068,113255,4038,115339,151277,187,1,13
5904,16601,18876,40,205369,203046,5761,205680,246958,226,1,20
5905,16421,16441,40,88769,86824,6712,89059,128683,197,1,16
5906,17283,15459,40,114336,112534,8336,114607,155735,182,1,14
5907,17342,18015,40,164211,162059,6953,164501,206851,211,1,19
5908,15861,20498,40,193456,191052,5701,193767,235867,236,1,22
5909,15981,19136,40,144855,142560,5150,145155,185472,224,1,20
5910,16120,18525,40,154322,152068,5801,154613,195109,219,1,21
5911,16391,17744,40,183618,181276,9789,183918,227892,212,1,24
5912,16101,20078,40,198326,195850,2605,198636,237460,236,1,22
5913,17103,19086,40,154202,151807,5050,154502,195791,224,1,23
5914,16432,20038,40,177035,174708,2114,177346,215960,232,1,21
5915,16612,19246,40,137250,134947,3016,137551,176465,226,1,20
5916,16341,19978,40,113545,111322,2495,113855,152699,235,1,16
5917,16942,19848,40,139625,137289,2194,139915,178949,232,1,19
5918,14227,17273,40,109247,107155,621,109527,141698,208,1,18
5919,16371,19286,40,137260,134956,631,137571,173889,226,1,20
5920,10419,10040,40,47871,46667,681,48091,69291,131,1,7
5921,16100,20379,40,209848,207525,2314,210158,249001,235,1,20
5922,16932,17714,40,136890,134696,1022,137180,172878,213,1,19
5923,10810,12975,40,173880,172189,621,174140,198586,163,1,15
5924,16581,18586,40,139675,137521,1012,139965,176194,219,1,16
5925,12393,14087,40,116511,114669,591,116781,143902,175,1,17
5926,16842,18284,40,86183,84270,3407,86484,125057,218,1,9
5927,3307,2094,40,88638,88046,1042,88808,95291,35,1,8
5928,16762,22082,50,282275,278498,1452,283026,323553,243,1,9
5929,33053,23164,261,191933,189330,7875,192845,257037,134,1,8
5930,8566,6983,90,173919,172688,791,174410,190841,50,1,6
5931,15920,22152,40,142891,140787,1783,143221,183116,246,1,9
5932,6432,4929,41,57468,56788,631,57660,69702,68,1,4
5933,8215,2766,40,94148,93598,2134,94318,107473,42,1,6
5934,10620,4188,41,44183,43632,612,44374,59844,63,1,2
5935,5972,100,40,2805,2725,982,2945,10049,1,1,1
5936,2995,100,40,3637,3546,1442,3777,8355,1,1,1
5937,3397,120,40,5030,4950,1653,5170,10370,1,1,1
5938,4309,190,60,10150,9998,1553,10380,16482,1,1,1
5939,731,161,40,13616,13525,791,13746,15479,1,1,1
5940,16001,110,40,13125,13035,2004,13255,31430,1,1,1
5941,701,160,40,5240,5159,581,5381,6863,1,1,1
5942,2925,90,40,5069,4989,2074,5210,10350,1,1,1
5943,2875,100,40,2935,2845,4880,3075,10961,1,1,1
5944,3055,121,40,3537,3446,5530,3667,12413,1,1,1
5945,631,171,40,28183,28093,631,28323,29796,1,1,1
5946,5651,120,41,4989,4899,1934,5120,12865,1,1,1
5947,2896,110,40,7705,7605,1864,7835,12755,1,1,1
5948,2645,100,40,12644,12554,1984,12774,17553,1,1,1
5949,33313,46448,331,500578,495219,3376,501751,585068,255,1,19
5950,11792,12364,80,413674,410880,1052,414124,439422,81,1,23
5951,13035,13806,80,344543,342028,601,344883,372405,91,1,24
5952,10891,12013,40,300329,298413,621,300569,324144,146,1,25
5953,9788,9719,40,211861,210167,602,212091,232240,126,1,24
5954,9037,7804,40,265352,263900,631,265574,283086,104,1,20
5955,6503,5380,40,213695,212573,671,213885,226479,76,1,15
5956,6061,4890,40,148271,147320,952,148461,160424,72,1,12
5957,3937,2054,40,54393,54012,581,54563,61175,33,1,3
5958,2074,421,40,25539,25329,621,25679,28835,9,1,3
5959,5100,170,40,6683,6533,1383,6823,13506,3,1,2
5960,1223,100,40,6132,6041,581,6292,8246,1,1,1
5961,3627,110,40,181,100,1222,321,5330,1,1,1
5962,8456,190,60,8476,8326,1082,8717,18495,1,1,1
5963,8606,191,60,9678,9518,1402,9909,20158,1,1,1
5964,10991,321,100,19147,18866,1703,19557,32662,1,1,1
5965,7975,331,110,26901,26620,1442,27312,37140,1,1,1
5966,18685,191,80,34034,33854,1613,34305,54884,1,1,1
5967,2916,90,40,6432,6332,1533,6562,11151,1,1,1
5968,2946,90,30,3196,3106,4910,3326,11332,1,1,1
5969,3036,100,40,3557,3467,3336,3697,10199,1,1,1
5970,3035,121,40,5039,4959,2044,5179,10419,1,1,1
5971,2935,161,40,7714,7624,1653,7844,12634,1,1,1
5972,6953,110,40,12674,12594,1633,12814,21560,1,1,1
5973,2956,110,40,4479,4389,2214,4619,9929,1,1,1
5974,3015,101,40,2755,2665,4949,2895,10990,1,1,1
5975,2915,91,40,3386,3286,4609,3516,11181,1,1,1
5976,3086,120,40,5010,4919,2054,5150,10440,1,1,1
5977,36590,45586,661,861432,853143,2335,863516,948237,256,1,30
5978,4438,3076,91,128864,128092,671,129185,137440,26,1,14
5979,12855,15579,40,409405,407094,631,409677,438792,181,1,29
5980,11522,12614,41,318643,316641,662,318894,343732,154,1,27
5981,11472,12153,40,234975,233112,621,235215,259501,151,1,23
5982,10080,8846,30,254221,252861,582,254442,274000,116,1,15
5983,9468,9127,40,119727,118454,631,119957,139233,120,1,12
5984,3978,100,40,8095,8005,1563,8236,13997,1,1,1
5985,3937,110,40,7986,7895,1853,8116,14066,1,1,1
5986,17823,20899,110,607611,602952,1042,608343,648198,129,1,32
5987,9177,7945,80,212452,210959,632,212813,230637,61,1,26
5988,7434,7353,40,236337,234642,661,236549,252038,94,1,27
5989,6423,5570,40,308194,306631,581,308384,320998,80,1,27
5990,4880,3737,40,303786,302483,611,303966,313234,56,1,25
5991,5220,4038,40,390310,389016,601,390490,400399,60,1,24
5992,3677,2064,40,264562,263787,581,264722,271084,33,1,14
5993,3467,1813,40,182866,182255,541,183037,188888,30,1,10
5994,4569,2685,40,95541,95050,621,95731,103656,43,1,4
5995,1343,100,40,6432,6342,1714,6562,9769,1,1,1
5996,2014,110,40,5942,5861,1012,6082,9268,1,1,1
5997,4329,1853,111,153891,152677,921,154312,161506,14,1,12
5998,2274,471,80,53391,52861,811,53672,57318,5,1,5
5999,1823,1162,641,89038,87756,2144,90582,96001,1,1,1
6000,1623,140,60,14999,14788,932,15219,17994,1,1,1
6001,1834,130,61,24065,23855,842,24266,27162,1,1,1
6002,1703,130,61,11892,11682,1022,12093,15018,1,1,1
6003,1583,130,60,11161,10951,772,11371,13926,1,1,1
6004,1623,141,60,17774,17573,882,17984,20700,1,1,1
6005,3777,241,100,14969,14517,852,15319,20269,1,1,1
6006,3907,210,90,14477,14167,931,14829,19957,1,1,1
6007,3857,221,100,12333,12033,881,12684,17713,1,1,1
6008,621,130,60,5210,4929,801,5411,7033,1,1,1
6009,1813,221,100,16602,16291,942,16952,19988,1,1,1
6010,1864,250,120,16962,16612,1011,17382,20609,1,1,1
6011,651,110,80,7785,7394,842,8065,9768,1,1,1
6012,731,120,80,25197,24647,1182,25469,27592,1,1,1
6013,1914,250,120,41869,41499,1273,42300,45837,1,1,1
6014,2696,220,101,16861,16611,921,17213,21120,1,1,1
6015,1513,130,60,9037,8807,1001,9257,11982,1,1,1
6016,1813,220,100,16191,15900,801,16542,19446,1,1,1
6017,1864,240,120,14958,14598,971,15390,18555,1,1,1
6018,1873,241,120,17543,17252,952,17974,21130,1,1,1
6019,1853,240,121,20619,20258,952,21040,24176,1,1,1
6020,1864,240,120,28123,27773,922,28554,31670,1,1,1
6021,1873,241,120,40327,39966,1042,40737,43993,1,1,1
6022,1874,240,121,18224,17944,861,18645,21721,1,1,1
6023,1874,240,110,14828,14458,1002,15239,18455,1,1,1
6024,1944,240,121,17443,17082,912,17854,21060,1,1,1
6025,4048,150,60,11843,11612,791,12083,17122,1,1,1
6026,1874,240,120,28153,27863,912,28574,31690,1,1,1
6027,1873,241,110,39936,39575,932,40356,43492,1,1,1
6028,1864,240,120,28063,27763,952,28484,31640,1,1,1
6029,1693,130,90,16711,16471,911,16993,19817,1,1,1
6030,1874,240,111,19487,19126,841,19908,22953,1,1,1
6031,1864,241,120,15079,14728,932,15499,18636,1,1,1
6032,672,110,80,12534,12284,932,12814,14618,1,1,1
6033,661,120,80,15599,15409,831,15871,17583,1,1,1
6034,552,110,40,12924,12514,711,13055,14488,1,1,1
6035,541,121,40,18956,18765,721,19096,20509,1,1,1
6036,541,120,40,9698,9598,601,9839,11141,1,1,1
6037,551,120,40,5982,5882,721,6122,7554,1,1,1
6038,531,110,40,7394,7314,722,7534,8957,1,1,1
6039,541,120,40,8677,8576,741,8807,10259,1,1,1
6040,531,110,40,12474,12383,641,12614,13957,1,1,1
6041,541,120,40,18876,18706,701,19016,20408,1,1,1
6042,531,110,40,8796,8696,712,8937,10350,1,1,1
6043,541,110,40,5961,5861,641,6092,7444,1,1,1
6044,541,120,40,7334,7234,712,7474,8877,1,1,1
6045,541,121,40,8937,8837,681,9077,10460,1,1,1
6046,551,110,40,12955,12855,721,13085,14527,1,1,1
6047,521,110,40,18725,18645,752,18866,20309,1,1,1
6048,541,110,41,8135,8035,651,8266,9628,1,1,1
6049,531,110,40,5731,5641,692,5871,7254,1,1,1
6050,531,110,40,7264,7164,832,7394,8927,1,1,1
6051,541,110,40,8356,8255,772,8486,9969,1,1,1
6052,552,120,40,12263,12173,902,12403,14017,1,1,1
6053,542,120,40,18505,18415,1012,18645,20359,1,1,1
6054,541,110,50,8977,8826,641,9118,10470,1,1,1
6055,541,120,40,5961,5781,771,6101,7574,1,1,1
6056,541,120,40,7374,7203,831,7515,9047,1,1,1
6057,531,131,40,8536,8346,772,8676,10150,1,1,1
6058,541,110,50,12194,12102,791,12334,13836,1,1,1
6059,541,110,50,18455,18295,641,18595,19947,1,1,1
6060,531,111,40,8285,7935,651,8426,9769,1,1,1
6061,541,110,40,6032,5851,651,6162,7514,1,1,1
6062,551,111,40,7063,6973,852,7203,8767,1,1,1
6063,601,120,40,8305,8215,781,8446,9999,1,1,1
6064,531,120,40,12193,12093,672,12333,13696,1,1,1
6065,531,121,40,18435,18264,621,18575,19898,1,1,1
6066,541,141,40,8255,8145,831,8395,9949,1,1,1
6067,601,131,60,7695,7554,751,7905,9468,1,1,1
6068,611,140,71,9377,9237,961,9588,11361,1,1,1
6069,602,120,60,12043,11903,802,12253,13847,1,1,1
6070,601,130,60,19037,18895,711,19237,20749,1,1,1
6071,541,121,40,18254,18154,651,18405,19748,1,1,1
6072,551,110,40,18495,18405,852,18635,20198,1,1,1
6073,1793,130,40,13386,13295,661,13526,16150,1,1,1
6074,541,140,40,11502,11402,671,11642,13024,1,1,1
6075,541,120,40,5721,5621,1012,5861,7574,1,1,1
6076,531,120,50,7244,7164,762,7394,8847,1,1,1
6077,531,110,40,8677,8577,871,8807,10369,1,1,1
6078,541,120,41,12463,12363,632,12604,13937,1,1,1
6079,541,110,40,18195,18095,721,18345,19757,1,1,1
6080,531,110,40,8295,8195,641,8436,9779,1,1,1
6081,531,130,40,5611,5510,702,5751,7154,1,1,1
6082,531,110,40,7875,7775,782,8005,9488,1,1,1
6083,541,120,40,8656,8576,861,8807,10369,1,1,1
6084,531,120,40,12123,12023,722,12263,13676,1,1,1
6085,541,140,40,18355,18254,852,18495,20068,1,1,1
6086,551,110,40,8336,8255,642,8486,9829,1,1,1
6087,541,110,51,5570,5480,842,5711,7264,1,1,1
6088,521,140,41,7093,6993,681,7234,8606,1,1,1
6089,531,110,40,8376,8296,692,8516,9909,1,1,1
6090,551,110,50,11983,11903,751,12123,13595,1,1,1
6091,531,120,40,18666,18575,701,18806,20208,1,1,1
6092,541,110,40,8256,8166,771,8396,9878,1,1,1
6093,541,110,40,5721,5630,802,5851,7364,1,1,1
6094,541,110,40,7665,7565,721,7805,9217,1,1,1
6095,541,120,40,8206,8116,631,8336,9678,1,1,1
6096,561,120,41,11952,11852,631,12093,13455,1,1,1
6097,611,120,40,18165,18064,641,18295,19717,1,1,1
6098,551,111,50,8316,8235,581,8456,9749,1,1,1
6099,541,120,40,5801,5631,752,5931,7394,1,1,1
6100,541,120,40,6994,6904,581,7124,8416,1,1,1
6101,541,120,40,8276,8185,641,8416,9758,1,1,1
6102,531,120,40,11953,11863,591,12093,13385,1,1,1
6103,531,120,40,18205,18105,711,18335,19747,1,1,1
6104,541,120,40,8085,7985,672,8225,9588,1,1,1
6105,541,110,41,5580,5490,732,5721,7144,1,1,1
6106,551,111,50,7163,7083,742,7303,8747,1,1,1
6107,551,121,40,8556,8466,772,8696,10180,1,1,1
6108,541,121,40,12033,11943,641,12173,13536,1,1,1
6109,551,120,40,18215,18115,621,18355,19687,1,1,1
6110,21751,10480,121,66686,65634,20268,67027,119586,114,1,3
6111,3887,1774,40,66997,66515,671,67207,73589,25,1,6
6112,18184,11070,40,80292,79170,16882,80532,126720,121,1,5
6113,4528,2184,40,60214,59792,10420,60375,77557,30,1,4
6114,5330,2274,40,100270,99708,12504,100440,120588,34,1,7
6115,3807,1162,40,72267,71865,8887,72417,86334,20,1,6
6116,2975,952,40,62539,62128,8456,62689,75132,17,1,6
6117,7013,3557,40,113525,112835,652,113715,124987,50,1,8
6118,18595,15259,40,145937,144172,13526,146207,193637,164,1,12
6119,6863,1512,40,69351,68900,611,69512,78559,26,1,6
6120,19617,14207,41,181062,179351,13375,181324,228573,159,1,14
6121,3537,1903,40,63790,63289,881,63962,70343,32,1,6
6122,17693,19177,40,280572,278266,6342,280882,324134,213,1,21
6123,16601,20700,40,162257,159754,4067,162568,203986,227,1,23
6124,16591,21190,40,216220,213526,4117,216541,258489,232,1,27
6125,17563,21631,40,250544,247733,4278,250866,294398,240,1,30
6126,17493,21271,50,244103,241308,3336,244423,286573,234,1,31
6127,17113,22122,40,273258,270283,2164,273588,315027,249,1,33
6128,17283,20599,40,251266,248161,682,251586,290190,232,1,37
6129,17764,21972,50,290330,287169,2265,290660,332721,247,1,37
6130,16772,22282,51,220507,217472,4759,220838,264701,245,1,35
6131,15179,19247,40,398916,396230,661,399226,434343,221,1,29
6132,17493,21821,40,302974,299720,2926,303295,345575,246,1,41
6133,17623,21892,40,334233,331178,2756,334553,376884,245,1,37
6134,16641,21561,50,272266,269099,3246,272597,314085,241,1,39
6135,16542,22192,40,276955,273689,2916,277285,318975,249,1,40
6136,17453,21922,40,247239,244293,3737,247559,290721,244,1,33
6137,16972,21771,41,296281,293194,2344,296612,337759,243,1,37
6138,16672,21571,40,231799,228913,2665,232119,273067,241,1,31
6139,16572,21551,40,347428,344246,2906,347758,388827,245,1,38
6140,16562,21911,40,232550,229386,4519,232881,275923,247,1,39
6141,17183,21591,40,244543,241636,4578,244874,288276,243,1,32
6142,16601,21661,40,253881,251124,3486,254202,295990,242,1,28
6143,16531,21431,40,209076,206083,4699,209396,252107,244,1,34
6144,17824,22051,40,347238,344112,4689,347569,392183,247,1,37
6145,16761,21692,40,215348,212182,3587,215668,257768,243,1,39
6146,16752,21030,40,304607,301503,2104,304937,344853,237,1,37
6147,17553,21641,40,342629,339465,1563,342950,383747,243,1,40
6148,17433,21771,40,176956,174189,2444,177296,218994,246,1,27
6149,16621,21471,40,287575,284759,2836,287905,328873,244,1,29
6150,16511,21050,40,193266,190374,5219,193586,236427,241,1,32
6151,5741,5841,40,208395,207064,661,208595,220888,80,1,20
6152,17573,21962,40,354692,351849,1934,355022,396551,246,1,29
6153,17513,23154,40,271815,268680,2264,272136,315127,247,1,39
6154,17633,21902,40,293717,290697,3006,294047,336628,244,1,35
6155,23895,21601,40,212142,209501,2665,212472,260673,243,1,24
6156,17383,20909,40,177346,174710,3366,177667,219375,236,1,25
6157,17463,20789,40,286112,283466,2054,286433,326799,238,1,25
6158,17433,21771,40,159863,157130,3576,160184,203014,243,1,27
6159,17443,20599,40,313283,310428,4168,313604,355864,239,1,31
6160,17684,21130,40,208776,205929,3246,209096,251206,239,1,30
6161,17663,20860,40,234304,231446,2976,234634,276173,237,1,31
6162,17433,21140,40,213023,210231,2535,213344,254512,239,1,29
6163,17433,21370,40,246006,242980,2505,246327,287675,241,1,35
6164,16942,21450,40,210368,207423,2294,210690,251426,239,1,35
6165,16631,21761,40,278988,276003,2404,279310,320166,242,1,34
6166,16591,21682,40,171094,168278,2846,171434,212593,242,1,29
6167,16441,21782,40,238692,235869,2445,239012,279730,243,1,28
6168,18024,21651,40,224535,221561,4318,224866,268899,244,1,34
6169,17723,20168,50,241588,238912,2845,241909,282695,232,1,28
6170,16742,21260,40,207253,204045,7263,207574,252879,238,1,30
6171,22493,21290,40,300179,297537,5490,300510,349823,244,1,25
6172,14267,18205,40,204658,202021,611,204968,238081,210,1,30
6173,17734,20749,40,319996,317027,3487,320317,362337,238,1,34
6174,17994,21841,40,157548,154695,4048,157879,201812,233,1,32
6175,17082,21882,40,308164,304978,2885,308484,350373,246,1,38
6176,16732,21370,40,208525,205431,1974,208846,248962,240,1,38
6177,17664,21300,40,238182,235254,3787,238502,281303,239,1,32
6178,16672,20549,40,235386,232612,4078,235706,277045,235,1,29
6179,16802,20779,51,216460,213623,4107,216781,258519,237,1,32
6180,17734,21070,41,196993,194127,4368,197314,240546,238,1,31
6181,16811,21090,40,282325,279484,3817,282646,324424,241,1,30
6182,16652,20869,40,156136,153289,4669,156447,198687,235,1,31
6183,17523,20769,40,236418,233572,2986,236749,278077,235,1,31
6184,16652,20749,40,218895,215981,2464,219216,259121,237,1,32
6185,17303,21100,40,222352,219535,5851,222672,266966,240,1,29
6186,16621,20910,41,219075,216194,4188,219406,261165,237,1,30
6187,16552,20939,40,175753,172895,3036,176074,216651,238,1,30
6188,16642,21280,41,314666,311610,2354,314987,355313,241,1,34
6189,17393,21291,40,202714,199777,2485,203034,244253,240,1,33
6190,16522,20849,40,275692,272876,6252,276013,319696,239,1,30
6191,2334,601,50,65204,64823,701,65364,69050,13,1,7
6192,17303,21080,50,357658,354752,4579,357988,401000,239,1,30
6193,16731,21180,50,175613,172887,4789,175954,218684,238,1,28
6194,16601,20720,40,243662,240789,5370,243982,286723,237,1,31
6195,16962,20168,40,254762,251787,4117,255074,296381,230,1,37
6196,16732,19567,40,209406,206531,3366,209717,249433,222,1,35
6197,17593,21230,40,244182,241247,3808,244503,287184,237,1,33
6198,16681,21561,50,208725,205872,4198,209056,251526,240,1,30
6199,16672,21030,40,202975,200147,4198,203295,245245,240,1,30
6200,17483,21281,40,234585,231598,4158,234905,277857,240,1,34
6201,16862,21361,50,190000,187255,3437,190330,232030,239,1,28
6202,16702,20920,40,157759,155084,6933,158079,202684,236,1,26
6203,16562,20459,40,217242,214444,6262,217552,260885,233,1,30
6204,16631,21561,40,217963,215126,4498,218294,261024,241,1,30
6205,16662,20900,40,246016,243052,2435,246336,286383,236,1,34
6206,16892,20258,40,226288,223436,1753,226610,265553,232,1,32
6207,16591,20569,40,252007,249152,1683,252328,291221,234,1,33
6208,17513,21130,40,285862,282826,3948,286182,328823,240,1,37
6209,16662,20429,40,210258,207488,3035,210578,250745,235,1,29
6210,16552,20919,40,268258,265222,10300,268578,316410,237,1,35
6211,2755,1543,40,87255,86625,602,87415,92365,25,1,11
6212,17583,19967,40,395198,392313,4698,395520,437819,227,1,32
6213,17393,20789,41,143712,141080,3967,144043,186242,236,1,25
6214,16601,21020,40,277676,274910,4999,277997,320667,240,1,27
6215,17894,20930,40,125288,122603,5460,125608,169932,236,1,26
6216,16682,20098,40,209547,206959,5139,209868,251817,228,1,26
6217,17573,19787,40,230517,227922,4368,230828,272596,223,1,26
6218,17002,20870,40,258560,255905,2876,258880,299668,232,1,26
6219,16802,20689,41,218734,215913,3607,219055,260203,234,1,30
6220,17604,20118,50,194339,191593,6542,194659,238963,228,1,30
6221,16642,20128,40,234475,231740,3947,234785,275552,231,1,28
6222,17834,20318,50,193627,190771,5540,193948,237690,229,1,33
6223,17433,21481,40,309737,306839,4569,310057,353590,240,1,32
6224,17824,20399,40,178448,175761,3377,178758,220408,232,1,27
6225,17574,19427,40,175522,173078,3126,175833,216010,223,1,22
6226,17363,21100,40,176264,173797,2374,176575,217462,235,1,20
6227,17704,19236,41,204848,202385,1643,205149,243792,218,1,24
6228,17102,21621,40,166004,163500,1513,166325,206621,241,1,19
6229,17574,21180,40,271405,268620,3647,271725,314176,237,1,28
6230,16562,21400,40,157238,154733,6482,157559,202053,237,1,21
6231,4619,3607,40,207152,206102,671,207353,216300,53,1,18
6232,17483,21391,40,191413,188976,2886,191733,233543,242,1,18
6233,17514,21681,50,198957,196382,4118,199287,242640,243,1,22
6234,16832,20609,40,156246,153731,2455,156567,196513,235,1,21
6235,18024,22042,50,249081,246595,2484,249403,292003,230,1,22
6236,17493,20779,40,164011,161576,2394,164322,205038,228,1,20
6237,16612,21160,40,209497,207002,1894,209817,249543,238,1,20
6238,17393,21641,40,107354,104980,2885,107674,149633,241,1,16
6239,16571,20739,40,160304,157999,1272,160615,199247,231,1,16
6240,17263,20429,40,144785,142321,1422,145105,184259,235,1,19
6241,18245,17844,40,130668,128803,942,130958,168039,201,1,9
6242,16582,21891,40,138272,135966,982,138593,178108,243,1,14
6243,17293,20749,40,167658,165374,1784,167978,207854,237,1,14
6244,17403,21661,40,155916,153582,1202,156236,196552,243,1,14
6245,14358,13615,50,166024,164422,621,166295,194950,160,1,12
6246,7124,6662,40,81274,80323,581,81485,95902,89,1,7
6247,10220,4699,40,106281,105570,2345,106471,123795,63,1,6
6248,3496,2315,40,35046,34665,652,35216,41729,36,1,2
6249,17253,10039,40,84270,83148,601,84510,112453,123,1,5
6250,15008,3607,50,46518,45997,1724,46708,67087,52,1,3
6251,1443,300,40,14818,14678,721,14959,17473,7,1,1
6252,1824,180,40,18024,17914,642,18164,20860,3,1,1
6253,692,180,40,19698,19587,611,19828,21371,3,1,1
6254,1724,110,40,13926,13826,562,14076,16522,1,1,1
6255,1624,140,40,29626,29516,672,29776,32252,2,1,1
6256,3347,150,40,19006,18815,1713,19146,24416,3,1,3
6257,1383,110,40,18085,17984,611,18235,20389,1,1,1
6258,8306,80,50,2795,2705,1153,2935,12524,1,1,1
6259,4208,351,40,25549,25358,1412,25699,31750,7,1,2
6260,4038,100,40,5070,4969,1653,5220,11061,1,1,1
6261,4238,391,40,8075,7935,1593,8225,14507,7,1,1
6262,5250,170,40,13195,13095,1643,13345,20448,3,1,1
6263,3596,101,40,6021,5921,1643,6151,11541,1,1,1
6264,3807,130,40,2835,2735,972,2976,7935,3,1,1
6265,4359,491,40,3707,3567,1713,3857,10470,8,1,1
6266,3797,230,40,5310,5190,1633,5451,11161,5,1,1
6267,4678,290,40,7965,7845,1624,8105,14748,6,1,1
6268,6782,131,40,13105,13005,1643,13245,21861,2,1,1
6269,3747,3146,40,25267,24826,1442,25449,33834,44,1,2
6270,4718,3316,50,20339,19888,601,20519,29215,50,1,1
6271,7545,230,50,25138,25008,1693,25298,34796,4,1,2
6272,2685,801,40,27402,27170,741,27553,31840,15,1,2
6273,8046,1332,40,35488,35146,1052,35648,46128,23,1,3
6274,2054,310,50,10911,10790,652,11061,14127,7,1,1
6275,6673,150,40,12032,11892,1522,12184,20569,2,1,2
6276,2916,1663,40,24567,24235,721,24727,30077,29,1,2
6277,8887,1372,40,37291,36951,1743,37451,49493,24,1,3
6278,1703,120,40,6061,5971,611,6202,8687,1,1,1
6279,1804,190,40,6372,6252,612,6512,9178,4,1,1
6280,1864,180,40,5851,5741,601,5991,8676,4,1,1
6281,1573,200,40,9247,9137,601,9398,11812,4,1,1
6282,4018,2695,40,26561,26179,611,26731,34115,40,1,1
6283,7915,821,50,30487,30267,1723,30648,41148,14,1,2
6284,1533,802,40,14297,14097,571,14447,17413,16,1,1
6285,4098,2484,40,49564,49063,601,49745,56978,41,1,4
6286,17784,120,40,12985,12895,2114,13125,33193,1,1,1
6287,1372,622,40,26069,25849,612,26219,28865,12,1,2
6288,4228,2394,40,61526,61045,642,61697,69011,38,1,4
6289,6182,5561,40,56136,55394,742,56336,68881,76,1,4
6290,4769,3015,40,46618,46127,681,46799,55304,47,1,3
6291,6863,841,40,44144,43833,1744,44304,53792,16,1,4
6292,3867,1774,40,16060,15750,621,16231,22543,31,1,1
6293,8075,1233,40,25167,24836,1793,25328,36479,23,1,3
6294,2104,361,40,26310,26130,621,26460,29586,9,1,2
6295,7013,141,40,3697,3597,1423,3837,12464,2,1,1
6296,3026,110,40,4990,4890,1643,5120,9949,1,1,1
6297,1102,110,40,5711,5601,1002,5851,8095,1,1,1
6298,4699,3266,40,22172,21711,561,22352,30918,50,1,1
6299,4278,210,40,29817,29657,1693,29967,36198,4,1,2
6300,1433,140,40,9107,9007,671,9248,11532,2,1,1
6301,1593,120,40,8306,8216,641,8446,10850,1,1,1
6302,2084,411,40,15440,15289,601,15590,18736,9,1,1
6303,1553,121,40,18645,18555,912,18785,21421,1,1,1
6304,8616,120,40,13255,13165,1663,13396,23845,1,1,1
6305,1604,420,41,12032,11882,561,12193,14819,9,1,1
6306,1673,181,40,5981,5881,591,6131,8626,3,1,1
6307,3848,2204,50,20048,19698,571,20218,26891,37,1,1
6308,1943,231,40,9428,9308,651,9578,12453,5,1,1
6309,3567,1493,40,25979,25719,571,26139,31830,25,1,1
6310,2265,451,40,16040,15850,591,16190,19537,9,1,2
6311,3997,651,40,21821,21600,1182,21972,27852,13,1,2
6312,4889,3436,50,49193,48662,581,49384,58341,52,1,3
6313,2003,301,40,17283,17123,711,17433,20498,6,1,2
6314,7014,861,41,27331,27011,1934,27492,37341,16,1,4
6315,2024,621,40,18505,18295,591,18655,21941,12,1,2
6316,7003,752,40,47891,47631,1322,48051,57168,15,1,3
6317,1863,200,50,10159,10039,571,10309,13005,5,1,1
6318,6322,801,40,14247,14007,2184,14397,23745,16,1,2
6319,1423,621,40,17613,17393,652,17763,20509,13,1,2
6320,1613,140,40,6352,6252,642,6502,8947,2,1,1
6321,6001,171,40,12403,12233,1743,12544,20499,3,1,2
6322,801,161,40,12393,12273,662,12533,14197,3,1,1
6323,3156,1593,40,45957,45627,621,46117,51528,27,1,2
6324,13957,3937,40,38402,37861,1723,38584,58261,51,1,3
6325,2695,1983,41,37471,37099,591,37642,42972,32,1,3
6326,2885,1082,40,38062,37752,601,38212,42831,19,1,3
6327,9768,7174,40,79140,78140,581,79350,96933,92,1,8
6328,18194,10630,40,118374,117020,2465,118615,149944,133,1,9
6329,862,170,40,6322,6201,601,6463,8136,3,1,1
6330,17623,22903,40,131800,129574,2955,132131,175662,252,1,9
6331,9688,8847,40,152249,150896,651,152479,171715,114,1,13
6332,17674,11822,50,98166,96572,3577,98437,131550,142,1,13
6333,6683,5881,40,143803,142779,611,144003,157228,75,1,12
6334,15189,15259,40,182496,180591,2946,182776,216200,178,1,16
6335,5410,3737,41,162577,161635,671,162769,172637,57,1,13
6336,17072,15700,41,109948,108113,3847,110229,146898,185,1,13
6337,3958,3406,40,113615,112834,591,113796,121801,51,1,10
6338,12524,9157,40,136088,134757,2625,136318,160684,116,1,12
6339,1783,822,40,83588,83148,651,83748,87044,16,1,7
6340,15960,15660,41,107453,105629,2685,107734,142089,185,1,12
6341,4148,1673,40,55996,55603,671,56157,62709,28,1,4
6342,14667,13275,40,135416,133822,731,135677,164391,158,1,12
6343,19146,9417,40,49063,47831,6171,49304,84069,117,1,9
6344,4118,3126,40,120399,119656,651,120579,128514,48,1,9
6345,16762,18846,40,190120,188043,4639,190420,230727,213,1,13
6346,17733,17333,40,75783,73950,12123,76084,123313,197,1,9
6347,5791,3818,40,115168,114396,571,115358,125578,53,1,10
6348,17693,18005,40,166686,164703,4068,166976,206792,200,1,13
6349,16871,19246,40,138653,136457,5481,138963,180612,214,1,16
6350,16671,20038,40,248310,245803,4820,248631,290210,227,1,23
6351,17644,20729,40,132801,130236,5270,133122,176805,232,1,24
6352,17273,21310,40,185902,183416,2695,186233,227551,238,1,19
6353,16652,20238,40,114517,112041,2555,114838,154333,230,1,20
6354,15669,19978,40,209276,206611,641,209587,245905,224,1,28
6355,17163,21200,40,118654,116161,2474,118976,159863,239,1,20
6356,16772,18565,50,151698,149399,2354,152008,189739,212,1,20
6357,17674,20799,41,221780,219187,1442,222101,262056,233,1,22
6358,17383,20930,40,152309,149973,3787,152629,194789,240,1,14
6359,17593,18515,40,174971,172573,5060,175272,216500,212,1,23
6360,16782,20088,40,135587,133251,3196,135897,176023,224,1,18
6361,16591,21029,40,222572,219874,5700,222893,266274,237,1,25
6362,16822,17864,40,84520,82337,7604,84831,127151,206,1,18
6363,16922,15690,50,167528,165495,7785,167808,208265,180,1,19
6364,16832,17944,50,210098,207620,5741,210398,250965,207,1,25
6365,16671,19868,50,138452,135957,11662,138763,187014,224,1,23
6366,12163,10770,40,104217,102894,8607,104458,136058,131,1,8
6367,2855,1643,40,71446,70874,681,71606,76845,28,1,9
6368,17583,20529,50,350554,347828,5631,350874,394657,228,1,29
6369,17594,20118,40,103937,101421,4960,104267,146969,226,1,24
6370,17614,20208,40,218765,216289,4659,219085,261606,231,1,20
6371,18315,18886,40,130387,128091,3246,130688,171195,217,1,19
6372,16742,21380,40,232320,229676,3988,232641,274801,241,1,23
6373,17554,20508,40,142350,139874,6011,142670,186784,231,1,21
6374,16682,20008,40,197705,195178,3126,198025,237891,227,1,22
6375,17453,20329,40,126650,124226,4078,126960,168870,228,1,20
6376,16752,20949,40,223694,221100,1893,224015,263649,236,1,22
6377,17243,20559,40,62819,60445,1914,63139,102895,235,1,17
6378,8707,8336,40,168088,166735,772,168318,186173,106,1,15
6379,12503,10570,40,132711,131190,3938,132952,160013,130,1,14
6380,3196,1924,40,139414,138784,752,139584,145486,33,1,9
6381,17453,21500,40,144774,141996,1974,145095,186072,240,1,14
6382,17453,21090,40,116330,113906,1864,116651,157098,239,1,17
6383,15178,17734,40,152049,149893,661,152349,185952,203,1,17
6384,11342,9528,40,91614,90413,3447,91854,116211,121,1,7
6385,9458,11071,50,205710,204147,571,205960,227120,139,1,13
6386,6863,2345,40,130637,129935,3728,130807,143803,36,1,10
6387,3657,2465,40,76375,75844,571,76545,83288,38,1,5
6388,17413,21701,40,112603,110459,822,112924,152910,235,1,10
6389,15760,1583,40,42791,42381,2926,42951,63260,25,1,5
6390,4579,3917,40,111932,111301,661,112123,121330,56,1,5
6391,9047,8767,40,104879,103757,601,105109,123564,112,1,7
6392,4438,3467,40,40937,40357,631,41128,49714,48,1,5
6393,3476,1723,40,18795,18495,842,18956,25057,28,1,1
6394,4769,3517,40,42781,42299,561,42961,51858,50,1,2
6395,1793,191,40,19667,19507,561,19807,22402,4,1,2
6396,6061,121,40,4518,4418,1653,4658,12544,1,1,1
6397,2775,100,50,2826,2726,1352,2966,7243,1,1,1
6398,2966,110,40,3497,3407,5971,3637,12724,1,1,1
6399,2936,110,40,5019,4929,3196,5160,11442,1,1,1
6400,3767,120,40,7905,7815,1684,8055,13666,1,1,1
6401,631,111,50,13295,13205,611,13435,14848,1,1,1
6402,621,110,41,5280,5199,611,5421,6813,1,1,1
6403,5982,120,40,12995,12905,1673,13135,20950,1,1,1
6404,2675,111,40,4298,4188,4418,4438,11672,1,1,1
6405,2805,110,40,2695,2605,5951,2836,11742,1,1,1
6406,521,100,40,27863,27773,641,28003,29325,1,1,1
6407,2665,100,50,3427,3336,992,3567,7384,1,1,1
6408,2665,101,50,5140,5049,2675,5280,10761,1,1,1
6409,2685,100,40,7724,7624,1814,7855,12494,1,1,1
6410,2705,110,50,14136,14056,1943,14277,19086,1,1,1
6411,621,121,50,240,150,572,380,1744,1,1,1
6412,27642,35487,211,442418,438448,2605,443250,509054,255,1,20
6413,2925,1884,60,201402,200352,832,201662,207363,21,1,14
6414,9799,10169,70,319165,316817,772,319495,340295,85,1,25
6415,15339,13346,40,253190,251238,701,253450,282896,149,1,24
6416,11903,13115,40,299848,297822,722,300108,325898,153,1,25
6417,9338,9207,40,248340,246607,591,248571,267737,118,1,23
6418,8707,8035,40,307573,306050,591,307793,325176,103,1,21
6419,4979,3807,40,234243,233110,591,234424,243852,55,1,19
6420,8206,7234,40,168609,167419,602,168839,184921,97,1,13
6421,4799,2875,41,102404,101861,741,102575,111040,44,1,5
6422,2184,441,51,42821,42640,711,42972,46358,9,1,2
6423,4779,140,40,7514,7384,1442,7665,14076,2,1,2
6424,2755,100,40,8316,8236,1653,8456,13024,1,1,1
6425,8636,191,70,9728,9568,1633,9969,20479,1,1,1
6426,8776,181,70,11021,10851,1373,11251,21641,1,1,1
6427,8677,190,60,12303,12133,1603,12534,23054,1,1,1
6428,2936,100,40,13135,13045,1633,13275,18004,1,1,1
6429,8786,81,40,19106,19006,1743,19246,29896,1,1,1
6430,3076,100,40,8506,8416,1624,8646,13506,1,1,1
6431,2865,110,40,3116,3025,5500,3247,11772,1,1,1
6432,2865,111,40,3647,3557,4799,3787,11602,1,1,1
6433,2926,110,40,5200,5099,2285,5340,10691,1,1,1
6434,2946,110,40,7985,7885,1654,8125,12875,1,1,1
6435,6783,120,40,13175,13075,1653,13315,21921,1,1,1
6436,2736,100,40,4478,4378,3125,4609,10610,1,1,1
6437,2876,100,50,2705,2615,5841,2845,11712,1,1,1
6438,2865,110,40,3447,3346,5320,3587,11922,1,1,1
6439,2725,101,40,5159,5059,1663,5300,9839,1,1,1
6440,27532,35006,230,962934,954733,3666,964337,1030972,255,1,31
6441,12583,12704,301,492553,490142,711,493304,519403,77,1,29
6442,12634,14818,40,381904,379628,802,382224,410518,170,1,30
6443,10159,10841,40,360663,358787,601,360903,382564,137,1,26
6444,12664,14007,40,312071,310109,581,312321,339633,167,1,23
6445,3697,3106,40,85031,84240,661,85201,92725,48,1,13
6446,9629,8105,40,46729,45758,621,46939,65344,106,1,5
6447,3366,110,40,7134,7044,1202,7284,12082,1,1,1
6448,4198,111,40,7795,7715,1432,7935,13716,1,1,1
6449,17233,20018,151,593314,588797,1363,594015,632719,126,1,32
6450,8987,8366,80,312833,310439,932,313223,331588,60,1,29
6451,3606,3166,40,117542,116491,631,117713,125177,46,1,19
6452,8707,9538,40,283557,281652,1082,283787,303154,119,1,31
6453,5140,4038,40,322511,321077,621,322691,332550,61,1,27
6454,4468,3276,40,218624,217572,561,218805,227150,49,1,20
6455,4218,2915,40,303545,302534,631,303716,311520,47,1,19
6456,4528,2905,40,383467,382457,621,383647,391752,47,1,19
6457,3677,1724,40,98316,97926,712,98486,104649,31,1,4
6458,2224,481,40,20099,19957,791,20249,23775,10,1,1
6459,2124,110,40,6162,6062,1383,6302,9959,1,1,1
6460,2305,110,40,5991,5911,1573,6132,10160,1,1,1
6461,4168,1764,120,133854,132663,992,134284,141298,14,1,12
6462,2124,421,80,62940,62397,821,63210,66676,5,1,5
