batch_id,d1_ns,d2_ns,d3_ns,d4_ns,d5_ns,d6_ns,svc_ns,total_ns,num_faults,num_va_spaces,num_blocks
0,30668,32952,411,105980,102874,12564,107424,184249,218,1,1
1,6542,982,60,22834,22573,1683,23134,32431,11,1,1
2,4539,2405,60,17182,16792,14166,17433,38613,25,1,1
3,11031,10410,70,27553,26490,11161,27873,60535,86,1,1
4,3847,3116,61,24987,24536,3687,25248,35958,31,1,1
5,8096,2484,60,29766,29375,15610,30007,56267,24,1,1
6,7465,2274,60,30047,29647,12073,30287,52179,25,1,1
7,6122,3397,50,15469,14998,2385,15689,27663,39,1,1
8,7134,4699,50,15600,15009,1272,15830,28995,53,1,1
9,4398,2946,60,15820,15389,2655,16040,26099,37,1,1
10,9237,8707,50,15850,14929,1132,16111,35237,89,1,1
11,4027,3016,50,22804,22362,751,23024,30868,36,1,1
12,21551,28043,50,28494,26140,5440,28895,83989,234,1,2
13,2455,741,50,23896,23684,13275,24076,40607,11,1,1
14,3096,1573,50,24637,24356,13325,24837,42891,20,1,1
15,4379,1963,50,17082,16731,2705,17293,26400,27,1,1
16,10590,6432,61,20579,19837,3566,20830,41478,70,1,1
17,9047,8486,50,22673,21762,3166,22953,43713,88,1,1
18,3076,2254,50,20710,20328,721,20930,27041,30,1,1
19,21450,27783,50,31399,29075,25058,31800,106151,236,1,2
20,21161,21500,50,32662,30858,17233,33013,92967,184,1,1
21,1333,300,50,10561,10419,2995,10751,15439,5,1,1
22,8296,7043,50,16942,16141,1272,17203,33864,75,1,1
23,8285,6933,50,20008,19216,2404,20259,37941,74,1,1
24,8486,6733,50,21902,21121,4198,22152,41629,74,1,1
25,3927,2325,60,19948,19587,832,20158,27302,29,1,1
26,21751,26540,60,31801,29556,24857,32181,105390,217,1,2
27,6292,4739,60,25729,25158,19056,25969,56116,51,1,1
28,4588,2455,50,16341,15951,2215,16551,25869,31,1,1
29,6733,3717,51,13004,12493,1443,13235,25188,44,1,1
30,4208,2865,50,16741,16301,2715,16963,26801,36,1,1
31,4809,1082,50,11091,10840,1933,11292,19176,16,1,1
32,4158,2765,51,19587,19166,4619,19808,31410,34,1,1
33,3847,2915,50,19617,19196,3096,19827,29746,35,1,1
34,5981,2515,50,24186,23795,22813,24396,55765,31,1,1
35,7935,4037,50,24526,23985,17073,24757,53862,47,1,1
36,1222,200,50,10180,10049,2184,10360,14026,3,1,1
37,8737,7374,50,16912,16080,1472,17173,34816,80,1,1
38,8206,6653,50,18405,17623,2395,18655,35969,74,1,1
39,7925,6212,50,20148,19387,3085,20399,37681,71,1,1
40,10259,8145,60,26330,25438,1433,26601,46498,86,1,1
41,7755,3026,50,25368,24917,22072,25588,58501,37,1,1
42,3176,1092,50,23986,23745,16701,24176,45195,15,1,1
43,4218,2574,50,15329,14918,2124,15540,24517,33,1,1
44,7404,6312,50,17303,16562,3096,17553,34435,69,1,1
45,8937,7945,51,24696,23825,4899,24957,46799,84,1,1
46,8426,7013,51,25358,24546,2364,25609,43472,76,1,1
47,8496,3948,60,25709,25188,21280,25939,59723,46,1,1
48,3366,1844,50,24546,24196,14537,24756,44564,27,1,1
49,7734,6342,50,97625,93818,4118,98467,117172,67,1,1
50,21531,23244,381,41849,39275,3015,42921,90852,97,1,1
51,15219,14768,111,52750,51017,4639,53371,88117,73,1,1
52,7274,6332,100,43432,42260,1062,43853,58641,37,1,1
53,18985,21961,100,63480,61056,31890,64032,136979,106,1,2
54,17373,14408,100,49364,47840,18545,49844,100290,70,1,1
55,12374,7995,111,25789,24767,4078,26230,50797,45,1,1
56,6993,1403,100,31630,31148,1593,32001,42110,10,1,2
57,7985,4378,100,14938,14197,5690,15339,33503,27,1,1
58,18735,20389,101,51718,49594,1463,52259,92966,102,1,1
59,7093,5581,100,44805,43953,891,45226,58911,35,1,1
60,18064,12153,101,49143,47640,27051,49624,107002,66,1,2
61,6502,3456,50,24276,23805,8586,24497,43101,41,1,1
62,4759,1423,50,12534,12243,1303,12734,20279,20,1,1
63,8125,5670,50,12884,12213,1112,13115,28083,61,1,1
64,7864,6653,50,24507,23744,4969,24757,44303,71,1,1
65,8265,5691,50,19067,18384,5360,19297,38673,62,1,1
66,4047,1764,50,15950,15640,1613,16150,23634,22,1,1
67,7655,3707,50,24086,23585,5400,24306,41128,43,1,1
68,7995,2695,51,23544,23113,2395,23755,36880,35,1,1
69,5270,1874,50,11021,10691,1343,11231,19778,25,1,1
70,4428,1633,50,16912,16562,1182,17103,24406,21,1,2
71,3737,2856,50,17072,16632,662,17282,24587,36,1,1
72,22172,26190,50,22032,19948,2876,22412,73710,215,1,1
73,3206,1934,50,14487,14147,712,14687,20609,25,1,1
74,21721,28324,50,8416,6121,5851,8817,64773,237,1,1
75,10179,4939,51,38212,37581,1613,38443,55234,52,1,2
76,6222,4909,50,26360,25759,7895,26590,45676,54,1,1
77,5050,1743,50,14328,14016,1493,14538,22884,23,1,1
78,8356,6753,50,16321,15549,1633,16561,33364,72,1,1
79,4017,2786,50,14868,14447,2265,15068,24196,34,1,1
80,8797,7504,61,15319,14497,1382,15580,33313,79,1,1
81,3877,2264,60,20619,20239,5701,20829,32732,31,1,1
82,9158,9007,50,25178,24196,3787,25448,47460,95,1,1
83,2344,761,60,23184,22973,12844,23374,39384,12,1,1
84,3266,1794,50,25959,25629,8717,26169,40006,24,1,1
85,9879,8676,60,21090,20158,1192,21361,41158,91,1,1
86,8757,6943,51,20238,19437,2224,20499,38483,76,1,1
87,9468,6773,51,21741,20939,3507,22002,41800,75,1,1
88,3807,2064,60,19648,19297,661,19858,26450,28,1,1
89,21611,27372,50,31360,29054,19798,31770,100611,234,1,2
90,3086,1663,51,23995,23685,16622,24206,45627,23,1,1
91,4318,2244,50,14838,14457,2184,15049,23855,30,1,1
92,6392,4228,50,13065,12504,1272,13285,25237,49,1,1
93,3977,2645,60,14677,14267,2755,14889,24326,34,1,1
94,7324,5631,50,13105,12454,1423,13345,27783,60,1,1
95,3867,2405,50,19086,18696,5671,19296,31289,31,1,1
96,3497,2394,60,19537,19166,851,19748,26550,30,1,1
97,21611,26440,50,30618,28373,21681,31009,100791,227,1,2
98,3657,761,50,22984,22773,18836,23184,46488,12,1,1
99,7054,6071,50,16842,16140,1302,17073,31560,64,1,1
100,5571,2404,50,11893,11501,1583,12103,21721,32,1,1
101,4128,2655,50,15069,14647,3286,15279,25408,35,1,1
102,8225,4939,50,12334,11712,1232,12554,27011,56,1,1
103,8215,7204,50,20940,20118,4258,21180,40917,77,1,1
104,3827,2545,50,19958,19547,882,20178,27492,33,1,1
105,21671,26631,60,32472,30277,26530,32872,107764,224,1,2
106,3247,1633,50,22943,22643,18134,23144,46218,22,1,1
107,7294,6262,50,16441,15680,1202,16692,31510,71,1,1
108,4679,1373,50,10700,10420,1633,10891,18636,19,1,1
109,4418,3036,50,16692,16231,2435,16912,26861,39,1,1
110,5119,1964,50,27973,27592,1893,28174,37210,27,1,2
111,8546,7264,50,21171,20348,1202,21421,38493,78,1,1
112,8346,3867,60,25559,25077,24466,25779,62518,42,1,1
113,6603,4298,50,24737,24215,17583,24967,53502,45,1,1
114,22282,11252,50,14007,12925,22102,14277,69963,105,1,1
115,8536,4068,50,10911,10390,17353,11131,41148,45,1,1
116,3536,732,50,19958,19708,18114,20138,42580,10,1,2
117,4148,3046,50,11812,11372,13335,12043,32632,37,1,1
118,4578,2676,50,18124,17703,3176,18324,28814,34,1,1
119,3707,2234,50,21320,20949,682,21531,28214,29,1,1
120,17062,15930,50,27943,26430,18665,28264,79971,148,1,2
121,2806,1272,50,23064,22774,13255,23264,40647,20,1,1
122,1323,290,60,11261,11111,631,11442,13746,5,1,1
123,13626,10009,50,12533,11502,1072,12805,37572,101,1,1
124,3947,2034,50,13826,13486,3035,14027,23103,26,1,1
125,3086,1933,51,20999,20669,4939,21201,31219,26,1,1
126,7615,5851,50,24016,23304,1953,24266,39735,66,1,1
127,6723,3316,60,24125,23685,20909,24337,55345,38,1,1
128,3266,1974,60,25148,24797,12404,25348,43052,27,1,1
129,6643,4128,50,13946,13385,1383,14176,26390,50,1,1
130,4759,1743,50,9117,8797,1503,9317,17373,24,1,1
131,3857,2535,51,13926,13515,3397,14127,23976,33,1,1
132,6212,4398,50,21992,21421,4569,22222,37461,52,1,1
133,8286,4158,50,15800,15258,2465,16010,30979,48,1,1
134,5230,2255,50,16020,15650,1483,16220,25248,29,1,1
135,7435,2474,51,23514,23113,8817,23725,42501,33,1,1
136,2755,1082,50,23054,22793,7695,23244,34836,17,1,1
137,5591,3196,50,12884,12414,1112,13095,23054,40,1,1
138,7905,4067,50,11251,10700,1102,11482,24606,49,1,1
139,5210,1382,50,18475,18133,1733,18666,27051,21,1,2
140,9759,6653,50,17894,17132,1603,18134,36209,72,1,1
141,7684,6683,50,26130,25359,2705,26370,43492,73,1,1
142,6562,2184,60,22953,22593,11733,23154,43693,29,1,1
143,3616,1664,50,22753,22453,5430,22963,33733,23,1,1
144,7815,3136,50,10780,10310,1233,10990,23234,40,1,1
145,4969,1994,50,10079,9729,1192,10280,18495,28,1,1
146,6573,3086,50,15590,15109,1453,15810,26982,42,1,1
147,7023,2756,50,16150,15730,1553,16351,27733,35,1,1
148,8065,6693,60,17503,16752,5511,17763,38092,73,1,1
149,4399,1352,60,14919,14637,1603,15129,22543,20,1,1
150,7334,2094,50,22934,22553,2204,23154,34846,30,1,1
151,7093,2395,50,22934,22533,2314,23144,35016,34,1,1
152,5350,882,50,10350,10109,1292,10540,18124,15,1,1
153,7634,6392,50,17623,16872,3937,17853,35878,70,1,1
154,6813,5390,50,21962,21291,2555,22192,37010,63,1,1
155,5510,1603,50,15830,15510,1663,16030,24867,24,1,1
156,7845,6783,50,25879,25098,1282,26119,42090,73,1,1
157,21501,21491,50,32712,30938,10019,33053,86124,182,1,1
158,7504,6322,61,25959,25227,8135,26210,48231,69,1,1
159,9288,9057,50,21881,20919,1313,22142,41860,94,1,1
160,7975,6683,50,21621,20830,2805,21871,39394,75,1,1
161,7795,5851,51,20538,19827,4158,20780,38644,66,1,1
162,6051,5050,50,22012,21381,4158,22252,37561,58,1,1
163,2445,821,50,22673,22442,12824,22864,39014,14,1,1
164,3126,1583,60,23034,22723,11722,23244,39735,24,1,1
165,4178,2335,50,16611,16221,2374,16822,25759,32,1,1
166,7966,6131,51,22051,21310,3566,22292,40016,69,1,1
167,7324,5761,50,20609,19898,4078,20839,38062,66,1,1
168,2856,1553,60,18615,18315,802,18825,24086,23,1,1
169,21391,26560,50,30818,28554,25799,31219,105019,230,1,2
170,3136,801,50,23133,22913,22382,23315,49694,12,1,1
171,17483,19908,50,25188,23405,1202,25528,64181,183,1,1
172,7855,7034,50,20739,19938,2164,20979,38092,76,1,1
173,7945,6493,60,20248,19507,3126,20498,38122,71,1,1
174,2925,1764,50,19156,18826,722,19346,24817,24,1,1
175,21150,24196,51,32371,30247,24987,32752,103145,215,1,2
176,3717,1563,51,23364,23053,20168,23555,49063,22,1,1
177,3957,1834,60,13616,13295,2865,13826,22542,25,1,1
178,8025,4509,50,12434,11863,1262,12664,26520,52,1,1
179,4108,3186,50,15119,14667,2685,15339,25378,38,1,1
180,4428,1012,50,10259,10019,1573,10460,17533,16,1,1
181,6923,5150,50,19487,18846,3537,19717,35377,59,1,1
182,3377,2134,50,18796,18425,711,19006,25288,29,1,1
183,19637,20609,60,29976,28123,23324,30328,93958,187,1,2
184,3196,1533,50,23274,22994,16211,23474,44474,20,1,1
185,5511,3466,50,14858,14357,1904,15079,26010,44,1,1
186,4949,842,50,9979,9758,1613,10179,17643,14,1,1
187,4238,3576,50,16060,15559,3787,16271,27933,43,1,1
188,8706,5431,50,19407,18736,4649,19637,38483,61,1,1
189,3246,1743,50,20249,19918,661,20449,26159,25,1,1
190,14818,14077,50,27973,26580,22463,28283,79681,136,1,2
191,21561,16351,50,29145,27683,10950,29466,78388,148,1,1
192,5009,2886,50,14828,14387,1463,15038,24456,37,1,1
193,7905,6924,50,16661,15870,2755,16912,34546,76,1,1
194,7815,5680,60,23214,22512,4719,23465,41739,67,1,1
195,7835,6553,50,24216,23465,3046,24456,41950,71,1,1
196,7263,2786,50,23665,23234,15599,23875,49583,36,1,1
197,6011,2625,60,23675,23294,9949,23895,42540,31,1,1
198,8095,7464,50,80532,78469,3146,81114,100070,81,1,1
199,17954,19967,351,33033,31079,2865,33984,74891,88,1,1
200,4969,4058,100,30147,29486,3978,30678,43793,23,1,1
201,20569,22503,100,41619,39514,2284,42170,87646,104,1,1
202,18876,21761,100,50305,48181,4709,50856,96322,103,1,1
203,13756,7343,100,51097,50175,27462,51527,100200,39,1,1
204,14878,12153,110,50075,48703,15690,50555,93387,64,1,1
205,13867,9578,100,26210,25057,2125,26660,52350,52,1,1
206,6482,4499,100,21651,20910,3156,22061,36308,29,1,1
207,6512,1313,100,16331,15940,1503,16711,26149,11,1,1
208,7654,6321,100,41489,40567,8286,41929,64302,39,1,1
209,15259,16161,101,50235,48502,3467,50746,85743,84,1,1
210,11212,4007,100,46758,46067,19487,47170,81986,27,1,1
211,13516,13255,101,48161,46989,10420,48612,85923,53,1,1
212,6632,2986,100,23234,22643,2154,23625,35517,21,1,1
213,3456,741,60,6943,6733,1312,7133,12704,13,1,1
214,4198,1533,50,10270,9959,1803,10490,18074,23,1,1
215,8015,6913,50,24477,23705,5771,24717,45466,74,1,1
216,9207,6452,50,19466,18715,5841,19708,41268,72,1,1
217,4608,1583,50,15419,15109,1673,15609,23534,23,1,1
218,21742,14176,50,27091,25859,4309,27392,67679,126,1,1
219,7464,3516,50,23815,23344,2926,24036,38002,43,1,1
220,4939,1082,50,10260,10009,1353,10440,17874,16,1,1
221,6823,4859,50,25649,24938,1863,25869,39474,55,1,2
222,4809,712,50,14968,14758,1804,15158,22543,13,1,1
223,8787,7714,51,18475,17643,7083,18726,42370,81,1,1
224,7013,5250,50,22753,22112,2054,22983,37360,60,1,1
225,6963,1604,50,22843,22543,1563,23043,33233,23,1,1
226,8035,6632,50,28364,27612,4118,28604,47450,72,1,1
227,2695,501,50,27933,27753,15559,28123,46938,9,1,1
228,4519,2915,60,14998,14577,12183,15209,34886,36,1,1
229,1523,351,50,10089,9949,9187,10279,21401,6,1,1
230,3907,2625,50,15199,14798,7144,15409,29145,34,1,1
231,4859,2826,50,15830,15439,4399,16040,28184,33,1,1
232,3947,2425,50,19667,19277,4850,19867,31149,32,1,1
233,2385,1322,50,18795,18535,702,18986,23455,19,1,1
234,21049,28544,50,8486,6182,14457,8886,72998,244,1,1
235,6422,4048,50,26060,25539,14658,26270,51458,46,1,1
236,2986,1703,50,24015,23705,15339,24216,44294,23,1,1
237,7134,5410,50,19948,19267,1804,20188,34596,65,1,1
238,12323,14738,50,23936,22553,1242,24226,52589,144,1,1
239,9398,8657,50,21841,20950,3897,22092,44094,89,1,1
240,3377,2104,50,18836,18475,691,19026,25258,29,1,1
241,20779,25448,50,30518,28334,21912,30888,99088,229,1,2
242,8957,6662,50,25418,24667,19106,25659,60444,74,1,1
243,5129,2645,50,14647,14227,2334,14849,25017,36,1,1
244,6973,2475,50,11201,10820,1613,11401,22522,32,1,1
245,3717,2796,50,13766,13355,2665,13976,23214,35,1,1
246,6753,4859,51,12553,11952,1253,12774,25699,57,1,1
247,8366,6823,50,20299,19517,3546,20539,39324,77,1,1
248,3125,2145,50,18765,18415,742,18955,25017,28,1,1
249,20670,27672,50,8245,6001,22602,8646,79641,242,1,1
250,5811,3256,50,25538,25068,19897,25749,54773,41,1,1
251,6552,3196,50,23495,23034,14167,23705,47660,40,1,1
252,6743,5781,50,19427,18756,1192,19667,33443,66,1,1
253,8827,8166,50,19517,18655,3266,19777,40086,86,1,1
254,7555,5751,50,19577,18866,3998,19807,37171,68,1,1
255,3236,2104,50,18495,18144,611,18696,24707,28,1,1
256,17533,18145,50,31580,29917,22894,31910,90542,172,1,2
257,2955,1323,50,23064,22793,17583,23244,45165,19,1,1
258,5099,3647,40,15429,14908,1303,15640,25729,47,1,1
259,4358,1313,40,10289,10009,1603,10470,17804,20,1,1
260,3887,3016,50,14969,14538,3276,15169,25398,39,1,1
261,8727,5430,50,28294,27583,2154,28514,44885,65,1,2
262,7835,6713,40,19707,18926,2244,19938,36790,77,1,1
263,7534,3186,50,23545,23073,21220,23745,55745,42,1,1
264,3907,2405,50,22913,22523,16751,23113,46227,34,1,1
265,5360,2725,51,13355,12934,2204,13556,23905,37,1,1
266,7434,5922,50,14938,14227,2855,15168,31440,69,1,1
267,7734,5681,51,21971,21300,3216,22202,38893,67,1,1
268,7304,6472,50,23976,23224,1853,24216,39895,75,1,1
269,6402,2735,50,23705,23324,20199,23905,53301,33,1,1
270,2996,1472,50,22572,22292,13215,22764,40507,22,1,1
271,1292,241,50,11041,10901,601,11211,13385,4,1,1
272,13566,11682,51,12433,11301,1183,12714,39195,119,1,1
273,4418,2044,50,13325,12985,4097,13516,24135,28,1,1
274,7514,5801,50,21260,20559,3156,21490,38022,69,1,1
275,7765,7063,50,23405,22613,2114,23635,40637,78,1,1
276,7174,2926,50,23434,23034,20870,23644,54664,36,1,1
277,6382,3417,50,23585,23124,12013,23795,45667,42,1,1
278,6983,5811,50,14989,14288,1132,15219,29205,69,1,1
279,8787,7615,50,17814,16962,1933,18064,36449,86,1,1
280,7434,6262,50,22222,21470,3466,22463,39685,75,1,1
281,8055,6322,50,24908,24155,2925,25138,42500,75,1,1
282,7755,3226,50,23405,22964,10690,23605,45336,41,1,1
283,2986,1212,50,22182,21932,5551,22372,32161,19,1,1
284,3556,1122,50,11191,10930,2885,11372,18985,19,1,1
285,7434,5009,50,11602,10991,1032,11823,25358,60,1,1
286,4408,1272,51,6903,6622,1132,7094,13966,21,1,1
287,4378,3006,50,15069,14628,2785,15279,25498,41,1,1
288,8626,5150,50,16812,16180,1242,17042,32111,63,1,1
289,7544,6222,50,23815,23094,5511,24045,43382,73,1,1
290,7414,3045,50,22593,22192,4879,22794,38182,37,1,1
291,8075,3507,50,22462,22022,2454,22673,36759,41,1,1
292,6513,3537,50,10229,9738,1233,10439,21782,46,1,1
293,4899,1203,50,9248,8997,1082,9428,16672,19,1,1
294,7334,6272,50,23425,22703,5210,23655,42521,73,1,1
295,7464,6202,51,18795,18074,5461,19026,38213,73,1,1
296,2595,351,50,13877,13716,2184,14047,19227,7,1,1
297,6222,1543,50,21862,21561,1573,22052,31450,25,1,1
298,15559,12814,50,29376,28174,1162,29656,59252,129,1,1
299,4228,801,51,10519,10289,1522,10701,17312,15,1,1
300,7143,6383,40,16461,15730,4358,16691,34615,73,1,1
301,7925,7203,50,21360,20519,3968,21601,40757,85,1,1
302,10850,9729,50,22362,21371,1903,22633,45165,106,1,1
303,6633,5210,50,20960,20308,3276,21180,36359,65,1,1
304,2003,331,50,22222,22082,12254,22392,37030,6,1,1
305,3396,2034,40,23354,22994,11622,23545,40647,29,1,1
306,9327,7084,50,20078,19257,1182,20318,37961,83,1,1
307,7685,6552,50,20659,19907,2455,20890,37642,79,1,1
308,7304,5230,50,19697,19066,3807,19917,36309,65,1,1
309,3126,2144,40,19757,19407,791,19948,26059,30,1,1
310,20299,24607,40,28664,26551,18675,29025,92666,233,1,2
311,2886,1372,40,22383,22091,14978,22563,41859,22,1,1
312,3877,1984,50,16311,15960,2385,16501,24807,30,1,1
313,7244,5751,40,19427,18726,3697,19657,36389,70,1,1
314,7184,5861,50,19447,18756,4288,19667,37050,70,1,1
315,3447,2314,50,18556,18194,811,18746,25368,33,1,1
316,20329,21701,51,29135,27221,22182,29486,93738,210,1,2
317,3116,1152,50,21811,21561,17533,22002,43853,19,1,1
318,6623,5961,50,18405,17723,1202,18635,32482,70,1,1
319,7354,6443,50,19126,18365,2395,19356,35608,79,1,1
320,7113,5460,40,19587,18916,3076,19807,35517,68,1,1
321,4098,2064,50,18175,17834,661,18375,25238,30,1,1
322,17202,19377,41,28093,26329,22072,28424,87125,191,1,2
323,3206,1483,50,21811,21521,18746,22001,45496,23,1,1
324,7574,6903,50,18445,17663,1142,18676,34355,81,1,1
325,7975,6462,51,18174,17433,2445,18405,35347,77,1,1
326,6663,4358,50,17894,17343,3417,18104,32602,54,1,1
327,3236,1934,50,16802,16461,3737,16992,25959,29,1,1
328,4328,1513,40,22223,21931,22071,22403,50375,24,1,1
329,9268,6412,50,23415,22703,15008,23635,54373,74,1,1
330,922,231,40,11061,10931,661,11221,13095,4,1,1
331,12734,10490,50,27152,26070,1072,27412,51758,114,1,2
332,6753,4839,40,17954,17333,3086,18165,32893,63,1,1
333,2815,1954,50,19978,19657,752,20168,25739,28,1,1
334,16852,17954,50,27432,25799,20389,27753,82998,181,1,2
335,3116,772,50,20629,20429,13847,20799,38594,14,1,1
336,19797,12133,50,13445,12303,20289,13706,65985,126,1,1
337,4037,2415,50,9819,9438,14718,10009,31239,35,1,1
338,19347,23865,40,30158,28112,19787,30508,93567,229,1,2
339,4288,2885,41,10409,9999,13686,10590,31509,38,1,1
340,4198,2755,51,16801,16411,2454,17003,26460,36,1,1
341,3065,1884,50,18014,17694,2445,18204,25648,28,1,1
342,5941,2635,40,22263,21861,18685,22453,49774,37,1,1
343,2956,832,40,20939,20719,11582,21110,36520,15,1,1
344,5901,4890,50,13976,13385,1253,14186,26290,60,1,1
345,8145,7154,50,14017,13245,1272,14257,30878,83,1,1
346,6673,3316,41,28123,27611,1493,28324,39856,44,1,2
347,7705,6773,50,23785,23044,4449,24015,42992,79,1,1
348,6422,2575,40,22042,21651,16221,22232,47500,37,1,1
349,3617,1482,40,21029,20759,9017,21211,35387,23,1,1
350,5971,4008,40,12453,11923,1052,12654,23735,52,1,1
351,7534,4208,40,12213,11683,1563,12404,25769,52,1,1
352,6743,3206,50,20008,19547,1804,20198,32011,45,1,1
353,8366,7615,40,23354,22513,1373,23584,40988,90,1,1
354,7404,1723,50,21110,20800,9377,21291,39855,27,1,1
355,3006,872,50,20809,20589,5981,20990,30889,16,1,1
356,4829,2254,50,9709,9338,1843,9909,18895,34,1,1
357,4779,1322,40,14126,13816,1112,14308,21571,22,1,2
358,6723,5481,40,15449,14798,3066,15659,30989,69,1,1
359,8405,4578,50,15400,14838,1302,15610,29946,58,1,1
360,7364,6201,50,17864,17152,5270,18095,36980,76,1,1
361,3537,1072,40,13526,13295,1793,13696,20158,18,1,1
362,6933,1533,50,20850,20539,2124,21030,31680,26,1,1
363,5000,911,40,20468,20238,1663,20630,28264,16,1,1
364,4057,421,40,8556,8406,1713,8727,14958,8,1,1
365,5020,2665,40,13335,12935,2314,13525,23585,39,1,1
366,5831,3396,40,29385,28864,1754,29576,40597,46,1,2
367,6532,4559,50,19938,19367,1864,20138,33143,59,1,1
368,6913,1723,50,20900,20600,8085,21090,37851,27,1,1
369,8116,5550,50,24296,23655,6763,24517,44986,68,1,1
370,7865,7294,50,18946,18145,1163,19186,35548,87,1,1
371,7234,5921,50,17784,17103,2846,18014,34055,73,1,1
372,7995,4779,50,18415,17844,3848,18625,35307,60,1,1
373,3186,2074,50,17513,17183,5020,17703,28033,30,1,1
374,2334,682,50,22282,21691,11913,22452,37431,12,1,1
375,8336,6482,50,23584,22853,9718,23816,48412,79,1,1
376,7484,6532,50,18525,17763,1122,18746,33934,83,1,1
377,7083,6212,40,19828,19117,2856,20038,36239,77,1,1
378,7734,5561,50,18656,17994,3827,18876,36048,71,1,1
379,4098,2334,40,17523,17152,721,17694,24907,34,1,1
380,19006,25519,40,27823,25709,19467,28183,92235,247,1,2
381,3096,1242,50,20660,20398,17403,20840,42641,21,1,1
382,4078,2154,50,16371,16030,2295,16561,25128,32,1,1
383,7635,6552,50,19817,19076,2926,20038,37201,80,1,1
384,6332,4488,50,19097,18536,3456,19307,33623,59,1,1
385,7224,5871,50,20119,19427,3236,20339,36730,75,1,1
386,6873,2385,40,22092,21731,22092,22282,53672,35,1,1
387,2965,1493,41,21200,20909,17904,21371,43773,24,1,1
388,881,111,40,8476,8376,631,8636,10319,1,1,1
389,19437,18636,40,20329,18726,2595,20629,61357,187,1,1
390,9638,6182,40,18154,17443,2374,18375,36629,78,1,1
391,7243,5581,40,18195,17543,3306,18405,34575,70,1,1
392,6683,5190,50,18325,17694,2715,18545,33183,68,1,1
393,5401,2354,40,21561,21200,21641,21731,51187,32,1,1
394,7494,3066,50,21481,21059,15089,21681,47390,42,1,1
395,2926,781,50,11001,10791,2054,11161,16972,14,1,1
396,3356,1383,50,9879,9609,1673,10049,16521,22,1,1
397,10741,6923,40,17063,16291,2474,17283,37471,84,1,1
398,6042,4308,40,17273,16712,4148,17483,32021,58,1,1
399,3416,1664,40,19627,19326,631,19797,25548,26,1,1
400,17904,16091,50,25699,24246,20449,25989,80493,167,1,2
401,2896,1092,50,20409,20169,13425,20579,38052,19,1,1
402,2254,180,40,8136,8026,2895,8296,13665,3,1,1
403,6803,5100,50,10660,10059,1232,10861,24056,64,1,1
404,6513,5109,40,14177,13545,2264,14378,28324,68,1,1
405,7034,5610,40,20098,19437,1914,20319,34907,72,1,1
406,6833,5891,40,21130,20459,3005,21351,37120,74,1,1
407,6312,2244,51,20609,20258,17182,20790,46568,33,1,1
408,2805,971,40,20669,20438,11321,20830,35988,18,1,1
409,7394,6592,50,14988,14267,1062,15209,30307,80,1,1
410,7484,5741,40,13355,12684,2405,13556,29246,73,1,1
411,7304,6021,40,20810,20118,3627,21020,38022,76,1,1
412,7685,6893,40,21711,20940,1893,21922,38453,86,1,1
413,6963,2475,50,20749,20389,17032,20940,47460,35,1,1
414,2755,1263,50,20308,20058,9808,20489,34345,21,1,1
415,5520,4749,40,13245,12674,1062,13435,24827,61,1,1
416,6974,5079,51,12563,11952,1523,12764,26400,66,1,1
417,6983,5520,40,19677,19026,4098,19888,36539,72,1,1
418,6392,5250,50,21851,21220,3517,22062,37271,69,1,1
419,5912,3015,40,21410,21000,13476,21601,44054,42,1,1
420,2925,892,40,20159,19938,6221,20329,30417,17,1,1
421,4439,1753,50,12143,11833,1674,12323,20249,28,1,1
422,7975,5180,40,10791,10160,1383,11011,25579,69,1,1
423,7214,5590,50,21921,21260,3647,22142,38653,73,1,1
424,5421,2474,40,15749,15359,1643,15931,25519,39,1,1
425,6001,2124,50,20449,20098,5430,20629,34234,33,1,1
426,7394,5701,50,18155,17503,1212,18375,32742,74,1,1
427,6903,3136,40,20349,19918,3106,20529,33724,44,1,1
428,4037,301,50,7925,7795,1593,8075,14056,6,1,1
429,3998,621,40,8006,7825,1513,8156,14348,12,1,1
430,7905,6453,50,15088,14357,2625,15319,32332,83,1,1
431,4799,902,40,13085,12875,1663,13255,20659,17,1,1
432,7274,5230,40,15289,14668,5541,15489,33594,69,1,1
433,2625,431,40,12714,12554,3005,12864,18976,9,1,1
434,7374,1633,40,20018,19728,1674,20188,30919,27,1,1
435,18094,22713,40,29596,27722,6743,29927,77537,229,1,1
436,3707,230,40,8026,7905,1823,8176,13986,5,1,1
437,7243,5310,50,14407,13786,2455,14617,29676,70,1,1
438,7865,6482,50,19437,18716,2625,19647,36679,81,1,1
439,8266,4779,40,18425,17824,3718,18625,35438,65,1,1
440,6753,5571,40,19567,18916,3918,19767,36069,73,1,1
441,1964,621,40,19808,19627,10610,19968,33203,12,1,1
442,7465,5510,50,22443,21812,7504,22653,43172,71,1,1
443,14247,8897,40,25919,25068,10710,26159,60054,98,1,1
444,3266,1523,50,12824,12544,3257,12994,21090,25,1,1
445,972,200,40,8967,8847,621,9128,10961,4,1,1
446,18835,19237,50,19978,18345,24196,20298,82626,198,1,1
447,2915,1623,41,16140,15860,7024,16311,27923,25,1,1
448,2945,1934,40,19066,18746,751,19247,24927,31,1,1
449,18385,23825,51,27201,25197,18405,27542,88207,242,1,2
450,6693,4428,40,22984,22433,18956,23174,53311,60,1,1
451,5561,2965,50,13155,12724,1613,13336,23525,45,1,1
452,7124,4368,40,11732,11191,1403,11932,24877,60,1,1
453,7725,5641,40,14437,13756,2044,14637,30107,77,1,1
454,6642,4879,40,11662,11061,1413,11853,24837,67,1,1
455,7033,5801,40,18645,17964,3667,18856,35397,77,1,1
456,7414,5790,40,18936,18274,2825,19146,35227,76,1,1
457,4879,1703,50,21621,21310,21280,21792,49704,29,1,1
458,11783,12353,50,23294,22081,18004,23555,65735,142,1,2
459,5741,4599,50,17243,16692,1232,17443,29055,62,1,1
460,6963,5230,41,16952,16331,3226,17153,32612,70,1,1
461,7194,5270,50,17764,17142,3647,17964,34135,70,1,1
462,2986,1453,50,16481,16231,652,16651,21782,23,1,1
463,16581,17403,40,25739,24166,20589,26029,80663,188,1,2
464,2605,1172,50,19968,19728,16061,20128,40016,20,1,1
465,6742,5851,40,14618,13946,1002,14828,28464,76,1,1
466,5290,1943,40,9838,9528,1724,10009,19006,29,1,1
467,7895,6692,40,15619,14868,1252,15840,31730,86,1,1
468,4939,721,50,8786,8616,1794,8947,16461,13,1,1
469,6823,5210,40,17043,16411,3126,17243,32452,70,1,1
470,5871,5050,40,18044,17433,3246,18235,32462,68,1,1
471,1553,361,40,19547,19397,16181,19697,37842,8,1,1
472,18876,22743,40,6873,5000,15840,7203,64712,233,1,1
473,4609,3206,50,20679,20238,13245,20869,41979,47,1,1
474,7204,7213,50,15910,15138,1653,16131,32241,91,1,1
475,2084,1292,50,12273,12043,651,12444,16511,21,1,1
476,14678,14417,40,12844,11512,1182,13115,43432,161,1,2
477,7715,5911,40,17102,16421,2986,17303,33975,79,1,1
478,6141,5180,40,20409,19788,2565,20619,34555,71,1,1
479,6101,2325,40,20509,20148,17633,20689,46788,37,1,1
480,5660,3477,40,20679,20239,11623,20859,41679,47,1,1
481,5009,3817,40,13215,12724,1052,13396,23334,54,1,1
482,2204,1433,50,11061,10820,3446,11221,18354,22,1,1
483,2625,1663,50,16762,16482,4198,16932,25448,27,1,1
484,2685,1583,40,18204,17924,692,18374,23385,27,1,1
485,13155,11251,50,23424,22291,17403,23675,65544,134,1,2
486,3166,1062,40,19287,19066,13015,19457,36750,18,1,1
487,5811,4218,40,13525,13004,1073,13716,24878,57,1,1
488,6572,4900,40,12163,11562,1844,12353,25729,68,1,1
489,6081,4368,40,25749,25168,1462,25950,37911,60,1,2
490,7204,6152,40,19768,19066,1563,19978,34937,81,1,1
491,6453,1723,40,20279,19988,10770,20439,39435,27,1,1
492,2204,892,40,19627,19417,6462,19777,29385,17,1,1
493,4939,2184,50,10930,10600,1604,11111,19878,34,1,1
494,6793,4769,40,12404,11833,1593,12614,25799,65,1,1
495,6732,5401,40,20328,19697,3176,20529,35888,72,1,1
496,7364,6062,40,20850,20158,4198,21070,38724,80,1,1
497,23004,8105,40,21722,20919,6712,21932,59813,94,1,1
498,6792,3467,50,20469,20008,4829,20659,35787,52,1,1
499,3917,961,41,8836,8616,2265,8987,16191,18,1,1
500,4509,1492,40,8446,8165,1222,8617,15890,26,1,1
501,4659,451,50,5771,5610,1092,5931,12173,11,1,1
502,4118,2655,40,13275,12894,2375,13445,22643,40,1,1
503,7214,3126,40,13646,13215,1433,13826,25659,47,1,1
504,6632,5300,41,19737,19106,5020,19938,36940,73,1,1
505,5680,1173,40,18826,18575,2534,18986,28423,22,1,1
506,6472,1633,40,19076,18786,2155,19256,29556,29,1,1
507,3156,982,40,9118,8887,1312,9268,14768,19,1,1
508,5882,4328,50,13095,12554,1633,13285,25188,62,1,1
509,6843,5551,40,28594,27923,2475,28794,43703,75,1,2
510,5831,3727,40,18786,18305,1843,18966,30427,53,1,1
511,6262,1723,40,19627,19316,11111,19788,38934,30,1,1
512,4739,3056,40,20269,19847,7805,20449,36089,45,1,1
513,4038,1253,40,10880,10630,2083,11040,18465,23,1,1
514,7044,5210,40,12674,12053,1313,12864,26491,72,1,1
515,6322,4669,40,13365,12774,1713,13556,26310,68,1,1
516,7093,6012,50,12313,11632,1302,12524,26981,82,1,1
517,6342,4569,40,18004,17473,3467,18194,32632,62,1,1
518,7544,6432,51,19186,18475,3717,19397,37150,85,1,1
519,5450,2836,40,20409,20008,9558,20579,38483,42,1,1
520,1923,622,40,19216,19046,11602,19366,33563,12,1,1
521,6773,5951,41,17803,17092,1263,18004,32041,84,1,1
522,6913,5390,40,17123,16481,2425,17323,32091,75,1,1
523,6572,4669,40,17483,16902,3317,17673,32281,67,1,1
524,5280,3898,40,18705,18204,3487,18885,31600,56,1,1
525,6803,2084,40,20429,20109,20840,20599,50386,33,1,1
526,6372,4358,40,21080,20529,18234,21271,50295,64,1,1
527,3276,651,40,8396,8196,2806,8546,15319,15,1,1
528,7935,5381,40,13095,12454,1152,13295,27803,76,1,1
529,3737,2274,41,14437,14096,3507,14608,24166,36,1,1
530,7685,4047,40,16341,15830,4098,16532,32412,59,1,1
531,5391,4137,40,16822,16301,3907,17013,30498,60,1,1
532,6221,2445,40,19487,19147,14768,19657,43131,35,1,1
533,3076,1393,40,19627,19367,12694,19787,37010,25,1,1
534,6211,5411,50,13706,13075,1052,13906,26620,75,1,1
535,6041,2856,40,9808,9398,1502,9979,20428,45,1,1
536,6562,4940,40,15289,14688,1353,15479,28384,70,1,1
537,6612,4048,40,15730,15209,3206,15910,29816,60,1,1
538,6052,4819,40,16612,16031,1984,16802,29697,68,1,1
539,6502,3166,40,20148,19707,20248,20318,50285,48,1,1
540,6392,3928,50,19988,19497,14347,20178,44895,57,1,1
541,4318,2525,40,12293,11932,1263,12463,20619,38,1,1
542,3898,972,40,8676,8456,1392,8836,15149,19,1,1
543,6232,5090,40,13646,13035,2345,13846,27563,72,1,1
544,6422,4639,41,15659,15108,3337,15850,30298,64,1,1
545,5922,5039,40,19648,19067,2705,19838,33544,68,1,1
546,5891,2104,41,19446,19116,18224,19618,45877,34,1,1
547,2946,831,40,18816,18606,11752,18966,34555,17,1,1
548,6462,5390,41,13746,13094,1022,13947,26871,77,1,1
549,6372,5260,40,14738,14107,2505,14938,29115,74,1,1
550,7324,5020,40,18104,17513,2605,18304,33293,71,1,1
551,6833,5120,40,21401,20770,5190,21601,38784,73,1,1
552,6001,2435,40,20529,20188,17994,20699,47189,36,1,1
553,2745,1182,40,18855,18625,11521,19017,34515,20,1,1
554,13706,8065,40,11111,10370,18505,11321,51647,93,1,1
555,5831,2414,40,7996,7634,11892,8166,28333,38,1,1
556,9067,8666,40,19357,18454,13827,19577,51187,109,1,2
557,3717,1853,40,8196,7895,8476,8356,22442,30,1,1
558,7824,5892,40,16171,15499,1873,16371,32000,81,1,1
559,6252,5210,40,19187,18575,2064,19387,32953,74,1,1
560,5680,1623,40,18976,18695,12864,19147,39344,28,1,1
561,2144,1032,40,18716,18515,8706,18876,30788,18,1,1
562,2745,631,40,9127,8957,2244,9278,14948,13,1,1
563,6773,4969,40,17854,17263,1273,18044,31099,67,1,2
564,6783,4619,40,17834,17263,3897,18024,33373,68,1,1
565,6432,5250,40,20409,19797,4379,20599,36720,73,1,1
566,5992,1382,40,18846,18596,7895,19006,34315,25,1,1
567,6773,4138,40,19687,19196,3467,19877,34295,58,1,1
568,3797,511,40,9358,9197,1893,9508,15749,11,1,1
569,6022,4098,40,9548,9037,1082,9738,21000,61,1,1
570,7024,5180,40,13686,13065,2004,13876,28124,74,1,1
571,7544,5120,40,14407,13826,1283,14607,28594,70,1,1
572,7174,5440,40,21782,21150,6562,21982,41198,77,1,1
573,5470,2094,40,19117,18785,5771,19277,32662,34,1,1
574,9959,4789,41,19907,19356,1313,20098,36219,66,1,1
575,4208,631,40,8436,8256,1243,8586,14708,14,1,1
576,6091,3016,40,19297,18845,1453,19467,30087,47,1,2
577,4118,310,40,11933,11803,1814,12073,18365,7,1,1
578,6302,4378,40,13325,12805,6031,13516,30267,61,1,1
579,1543,421,40,12844,12704,3116,12994,18114,9,1,1
580,5040,210,40,17904,17793,1843,18054,25198,5,1,1
581,5541,2895,40,20339,19947,9508,20509,38493,43,1,1
582,4068,1533,40,11982,11722,2144,12143,19948,27,1,1
583,6181,4188,40,11582,11051,1212,11763,23394,62,1,1
584,5711,4228,40,15890,15359,1714,16080,27763,63,1,1
585,6743,4288,40,16612,16071,3386,16802,31269,64,1,1
586,6121,4899,40,18154,17573,3427,18345,32852,71,1,1
587,4639,2545,40,19617,19247,8917,19787,35948,42,1,1
588,5020,3266,40,20569,20119,10380,20739,39445,51,1,1
589,6873,5901,40,16351,15680,1082,16551,30457,84,1,1
590,6773,5370,40,16051,15420,2605,16241,31049,77,1,1
591,6132,4529,40,16621,16071,3426,16802,30939,67,1,1
592,5190,3957,40,17914,17403,4339,18094,31620,60,1,1
593,6101,1924,40,19477,19167,15880,19637,43592,32,1,1
594,5440,2685,40,19277,18896,13926,19447,41538,42,1,1
595,6272,5701,40,14137,13486,1012,14337,27362,80,1,1
596,5931,3737,40,10400,9929,1152,10580,21460,56,1,1
597,6662,4769,40,16371,15800,1753,16572,29786,69,1,1
598,6522,4238,40,16161,15630,3326,16351,30477,63,1,1
599,5650,4218,41,17262,16741,3357,17443,30718,62,1,1
600,14237,10330,40,24106,23124,17984,24336,66927,127,1,1
601,1734,671,40,19056,18886,602,19196,22263,13,1,1
602,17192,20439,40,6242,4558,17814,6542,62037,224,1,1
603,4619,3467,40,13215,12764,1483,13395,22994,53,1,1
604,4148,1262,40,9669,9427,1583,9819,16872,23,1,1
605,8166,4699,40,14698,14127,1753,14888,29546,68,1,1
606,5831,3828,40,9939,9448,1252,10119,21080,58,1,1
607,6452,4579,40,16231,15700,3356,16421,30858,64,1,1
608,5871,4970,40,17223,16642,3326,17413,31630,72,1,1
609,5210,2044,40,19006,18695,17413,19166,43873,33,1,1
610,2786,831,40,18425,18225,14508,18575,36740,16,1,1
611,8356,8126,40,16662,15830,1042,16882,34466,107,1,1
612,6643,5300,40,13245,12644,1923,13436,27342,74,1,1
613,5761,3437,40,23424,22934,1493,23604,34335,54,1,2
614,6863,5180,40,16040,15409,1854,16230,30177,77,1,1
615,5460,2014,40,19497,19187,16361,19657,43552,32,1,1
616,5310,3276,40,19768,19327,13556,19928,42120,50,1,1
617,7183,5831,40,13837,13155,1052,14037,28143,84,1,1
618,6432,4890,40,13145,12564,2294,13335,26991,70,1,1
619,7094,3356,40,17373,16892,1964,17543,29997,55,1,1
620,6612,5531,40,19687,19046,1423,19877,33493,79,1,1
621,7324,1392,40,18706,18444,14447,18856,42059,25,1,1
622,5480,2776,40,19587,19196,9598,19757,37661,44,1,1
623,6513,4939,40,12223,11652,1182,12414,25108,70,1,1
624,5811,3918,40,8897,8416,1112,9077,19958,57,1,1
625,5350,3887,40,12214,11713,2054,12404,23725,59,1,1
626,6462,4969,40,19737,19146,3477,19928,34886,73,1,1
627,6623,5360,40,19938,19307,2024,20138,34195,79,1,1
628,6222,2104,40,18986,18656,15229,19156,42741,35,1,1
629,2826,621,40,17964,17774,9268,18104,30859,14,1,1
630,4057,2074,41,10690,10359,1783,10861,18815,35,1,1
631,4780,1342,40,7344,7094,1122,7504,14798,26,1,1
632,6212,4669,40,12163,11592,1954,12343,25228,70,1,1
633,7414,5872,40,18515,17844,3787,18715,35838,83,1,1
634,6722,6112,40,20018,19337,3196,20208,36288,84,1,1
635,6282,2134,40,19247,18916,11141,19407,39024,35,1,1
636,4569,1463,40,19808,19547,6833,19968,32873,25,1,1
637,4318,1222,40,10459,10219,1603,10621,17804,23,1,1
638,6392,3918,40,10149,9628,1543,10319,22222,60,1,1
639,6492,5000,40,19527,18926,3817,19717,35066,74,1,1
640,6201,5140,40,19968,19367,4178,20158,35717,74,1,1
641,5981,2515,40,19136,18756,8005,19306,35857,43,1,1
642,6713,3757,41,19356,18875,4108,19537,34165,57,1,1
643,5150,2355,40,9227,8877,1072,9387,18004,38,1,1
644,4569,1663,40,8626,8316,971,8787,16020,31,1,1
645,6432,4278,40,19246,18695,2635,19437,32822,66,1,1
646,6222,4709,40,14909,14348,4468,15099,30548,69,1,1
647,3897,461,40,29166,28965,1763,29306,35467,10,1,2
648,4058,410,41,17563,17413,2735,17714,24947,11,1,1
649,4108,340,41,7273,7133,1082,7414,12994,8,1,1
650,6272,4148,40,13616,13095,2034,13796,26310,62,1,1
651,6412,4980,40,17744,17133,2855,17934,32221,74,1,1
652,5180,2214,40,15529,15188,1503,15700,24637,37,1,1
653,6041,4408,40,17503,16982,2505,17693,30688,64,1,1
654,6883,3076,40,19797,19387,9108,19967,39084,47,1,1
655,5471,3747,40,20048,19567,7084,20228,36570,57,1,1
656,7875,7805,40,16752,15920,1262,16962,33944,104,1,1
657,7033,5972,40,18295,17623,2484,18495,34034,84,1,1
658,6823,4639,40,19788,19227,3617,19978,35107,68,1,1
659,6813,5481,40,18194,17553,3407,18384,34135,78,1,1
660,4368,1674,40,19076,18796,10450,19236,35768,28,1,1
661,2234,831,40,18394,18194,11191,18546,32842,16,1,1
662,13506,6402,40,19928,19277,16632,20128,56728,81,1,1
663,3306,1893,40,10349,10049,6022,10510,21791,31,1,1
664,2224,1163,40,8826,8596,9838,8977,22252,22,1,1
665,16962,23014,40,21411,19557,19196,21731,80933,248,1,1
666,3266,1794,40,15269,14988,4959,15429,25498,29,1,1
667,2835,1844,40,16642,16341,621,16792,22132,30,1,1
668,17143,21260,40,24387,22573,20208,24697,83358,239,1,2
669,2525,591,40,17924,17764,15820,18074,37040,11,1,1
670,14979,20428,40,6352,4619,3346,6653,45446,232,1,1
671,7534,6332,40,16381,15669,1222,16572,31710,87,1,1
672,6372,4959,41,15539,14948,2755,15730,29856,71,1,1
673,6473,4258,40,15569,15049,3176,15760,29707,63,1,1
674,6151,5331,40,16992,16391,3246,17192,31950,74,1,1
675,4939,2214,40,19327,18996,18375,19487,45055,35,1,1
676,9559,11331,40,21802,20698,13906,22042,56868,138,1,2
677,932,140,40,10039,9948,551,10180,11843,2,1,1
678,11632,10310,40,13987,12995,1222,14217,37431,129,1,1
679,6492,5180,40,15490,14889,2274,15680,29676,75,1,1
680,7845,4689,40,16171,15600,3617,16351,32552,69,1,1
681,7114,4839,40,16562,15971,2675,16752,31410,71,1,1
682,17563,12243,40,22382,21430,16992,22623,69451,123,1,1
683,2725,1072,40,18625,18405,14859,18785,37481,20,1,1
684,4959,3296,40,12624,12183,1082,12805,22182,52,1,1
685,4969,2465,40,19367,18976,1393,19537,28404,38,1,2
686,6172,4208,40,15389,14869,3125,15570,29125,62,1,1
687,5791,4359,40,18585,18044,2896,18765,31871,64,1,1
688,5971,1984,40,18916,18616,13846,19086,40927,32,1,1
689,2756,831,40,18215,18005,8847,18365,30829,17,1,1
690,1743,220,41,9878,9778,551,10019,12593,5,1,1
691,9538,8687,40,13546,12655,2184,13766,34215,109,1,2
692,6352,4549,40,18205,17654,2044,18395,31390,68,1,1
693,6963,5080,40,23695,23074,2615,23885,38583,75,1,1
694,6453,1643,40,18836,18565,12303,18996,39445,28,1,1
695,2334,501,41,18324,18184,8196,18475,29536,10,1,1
696,4709,2655,40,11512,11131,1653,11682,20739,43,1,1
697,6652,4459,40,11341,10790,1412,11532,24105,67,1,1
698,3997,872,40,7084,6883,1092,7244,13235,18,1,1
699,6873,6322,40,19738,19056,2926,19948,36119,86,1,1
700,6472,5290,40,18746,18125,1954,18946,32702,77,1,1
701,5600,2855,40,19407,19026,15890,19577,43983,44,1,1
702,2575,1273,40,18515,18284,9237,18675,31800,23,1,1
703,2976,741,41,9488,9307,2274,9629,15680,15,1,1
704,6603,4799,40,11181,10620,1453,11371,24276,69,1,1
705,6563,3827,30,18085,17574,1292,18265,29977,59,1,1
706,6462,4899,40,19738,19146,1483,19928,32822,71,1,1
707,6192,1092,40,18675,18445,8106,18835,34265,21,1,1
708,7093,3116,40,18936,18515,3657,19106,33022,48,1,1
709,4028,3276,40,8656,8376,1332,8817,17513,30,1,1
710,3918,581,40,14417,14197,1082,14567,20198,13,1,2
711,5340,3667,41,12323,11832,1974,12504,23525,57,1,1
712,6482,2986,40,13275,12884,1443,13455,24406,45,1,1
713,7133,5470,40,20228,19587,4358,20419,37430,79,1,1
714,5490,1874,40,18455,18155,5350,18625,31389,32,1,1
715,7444,3406,40,18826,18385,2264,18996,32150,51,1,1
716,3877,752,40,7785,7604,1002,7935,13626,16,1,1
717,5491,3166,40,9267,8837,1623,9437,19778,50,1,1
718,4609,2204,41,10560,10209,1282,10721,18866,38,1,1
719,3968,621,40,19307,19087,1733,19457,25809,13,1,2
720,7414,5340,40,14498,13877,2204,14698,29696,77,1,1
721,6432,4989,40,18274,17683,1583,18465,31499,71,1,1
722,5941,621,41,18144,17974,1683,18295,26580,13,1,1
723,7354,4138,40,21761,21251,5300,21952,38784,61,1,1
724,7234,5380,40,15540,14889,1212,15740,29596,79,1,1
725,6252,5240,40,16341,15730,2605,16531,30668,75,1,1
726,6592,4479,40,17543,17012,3707,17733,32551,65,1,1
727,6402,4869,40,17964,17393,4429,18144,33894,70,1,1
728,1072,221,40,18375,18265,601,18525,20449,5,1,1
729,17403,17653,40,5571,4057,20108,5861,61075,203,1,1
730,8807,6903,40,21891,21150,10289,22102,48151,94,1,1
731,7664,6703,40,13927,13195,972,14117,29506,90,1,1
732,6883,4809,40,10660,10089,1252,10850,23835,70,1,1
733,6052,4528,41,15439,14878,1503,15630,27753,68,1,1
734,6101,4178,40,16361,15850,3095,16542,29976,62,1,1
735,2334,732,40,14277,14097,601,14427,18124,14,1,1
736,16862,22072,40,6893,4769,16070,7204,62258,241,1,1
737,4890,2755,40,20539,20148,13476,20719,41870,45,1,1
738,6933,4198,40,20308,19777,13065,20489,44735,64,1,1
739,6592,5350,41,16020,15379,1102,16221,29325,80,1,1
740,6993,5360,40,15981,15329,2625,16181,31189,79,1,1
741,6602,4429,40,16551,16010,3848,16731,31670,65,1,1
742,5831,4488,40,17453,16902,3346,17644,31369,68,1,1
743,5180,2104,40,18936,18616,18075,19096,44495,34,1,1
744,11923,13215,40,23575,22342,15910,23825,64913,157,1,2
745,5881,4769,41,16821,16250,1192,17013,28895,69,1,1
746,6151,5090,40,16261,15680,2695,16451,30437,72,1,1
747,6462,4949,40,16240,15649,2705,16432,30588,72,1,1
748,6763,5471,40,16872,16231,2585,17072,31931,79,1,1
749,5640,2265,40,19547,19206,18866,19707,46518,36,1,1
750,9047,9588,40,21381,20409,14307,21601,54583,120,1,2
751,4659,3166,40,12644,12213,1082,12815,21772,49,1,1
752,3877,1102,40,8627,8406,1513,8777,15319,20,1,1
753,6162,4278,40,13856,13325,1814,14036,26350,64,1,1
754,7153,4148,40,23584,23044,2375,23775,37491,62,1,2
755,7074,5640,40,16020,15369,1854,16221,30839,81,1,1
756,5100,2014,40,19317,19026,18265,19487,44906,31,1,1
757,9569,10079,40,21581,20559,13025,21821,54524,128,1,2
758,4739,2736,40,11702,11311,1583,11872,20990,44,1,1
759,6322,4749,40,12183,11622,2365,12373,25849,69,1,1
760,6603,4558,40,20859,20278,8286,21050,40527,69,1,1
761,2665,1674,40,16762,16481,601,16922,21912,29,1,1
762,13406,12854,40,22733,21511,16801,22983,66095,156,1,2
763,2755,1203,40,18705,18465,10781,18865,33654,23,1,1
764,6753,6021,40,13275,12614,981,13476,27271,83,1,1
765,6052,4649,40,13285,12724,2405,13475,26631,68,1,1
766,6131,4489,40,17734,17193,3787,17924,32381,67,1,1
767,6332,4819,40,17995,17403,3166,18185,32532,71,1,1
768,5921,2304,40,19748,19406,11993,19918,40186,38,1,1
769,2254,1142,40,18906,18686,6733,19066,29235,20,1,1
770,13926,8236,40,12754,11933,17934,12975,53111,104,1,1
771,3317,1232,40,7404,7164,8847,7554,21000,22,1,1
772,9418,7604,40,12203,11431,10981,12414,40457,98,1,1
773,4578,2975,40,20870,20429,11041,21040,39685,46,1,2
774,5791,3036,40,6934,6533,5911,7104,21892,47,1,1
775,3196,2374,40,17784,17443,3046,17954,26630,39,1,1
776,5972,1883,40,19317,19016,8466,19487,35848,32,1,1
777,7194,4378,40,19888,19346,5621,20078,37321,64,1,1
778,4369,1603,40,10219,9949,1243,10379,17654,28,1,1
779,6232,3647,40,9578,9107,972,9758,20659,56,1,1
780,5952,4378,40,23735,23154,4258,23925,38553,66,1,2
781,6773,5470,40,20068,19447,2725,20258,35267,76,1,1
782,4609,1573,40,18806,18525,7464,18956,32662,28,1,1
783,5571,2464,40,18815,18435,4359,18976,31420,41,1,1
784,5040,901,40,8085,7865,1182,8226,15409,19,1,1
785,4238,901,40,8105,7915,1593,8266,15038,17,1,1
786,6552,5481,40,14758,14127,3737,14958,30758,78,1,1
787,4168,421,40,12714,12564,1713,12855,19207,9,1,1
788,6503,5500,40,14949,14337,5490,15139,32682,76,1,1
789,2645,210,40,11482,11362,2315,11612,16842,5,1,1
790,4809,2054,40,18785,18455,1723,18946,27572,34,1,1
791,5150,1493,40,18425,18134,8546,18575,33814,28,1,1
792,3406,221,40,7294,7194,1132,7434,12243,5,1,1
793,6713,4689,40,14718,14147,3116,14908,29476,71,1,1
794,7014,5570,40,16882,16230,2294,17073,32001,79,1,1
795,6282,3987,40,16442,15940,4118,16622,31049,60,1,1
796,5019,3868,40,17483,16982,4218,17663,30808,59,1,1
797,7985,4168,40,20720,20209,9277,20910,42380,62,1,1
798,4779,3226,40,20259,19828,7324,20439,35818,50,1,1
799,5110,2375,40,13355,12994,2004,13515,23054,39,1,1
800,6281,4048,40,15971,15440,3186,16161,29716,64,1,1
801,6633,4398,40,16361,15810,3527,16551,31149,66,1,1
802,5169,4007,40,17714,17213,3747,17894,30868,59,1,1
803,4889,1873,40,19106,18805,17704,19277,43783,32,1,1
804,6402,4128,40,19637,19127,15118,19828,45506,60,1,1
805,6342,5400,40,15450,14819,1132,15640,28574,77,1,1
806,7414,6442,40,16321,15590,2124,16521,32562,91,1,1
807,5781,4508,40,16180,15639,3496,16371,30197,66,1,1
808,6302,5160,40,17633,17032,3517,17823,32852,74,1,1
809,5841,1784,40,19727,19427,18686,19887,46238,31,1,1
810,4599,2535,40,19767,19397,18475,19938,45597,42,1,1
811,5541,4518,41,15238,14687,1202,15420,26731,65,1,1
812,6312,5310,40,16341,15720,3227,16531,31440,76,1,1
813,6873,4588,40,16040,15469,3467,16231,31189,68,1,1
814,7144,6242,40,16682,16010,2394,16882,32722,85,1,1
815,5661,2465,40,19667,19306,18966,19837,46979,39,1,1
816,3136,1893,40,19306,18966,652,19467,25188,32,1,2
817,17032,20289,40,6052,4399,13075,6342,56798,222,1,1
818,4398,3447,40,11863,11392,1423,12043,21351,55,1,1
819,6192,3747,40,9668,9198,1262,9849,21090,56,1,1
820,7054,5069,40,15940,15329,1633,16131,29937,74,1,1
821,6973,4810,40,15339,14758,2715,15519,30077,70,1,1
822,6613,5270,40,16141,15540,2234,16331,30498,74,1,1
823,5641,2434,40,19026,18685,18976,19187,46288,37,1,1
824,12053,12855,40,22072,20870,13035,22332,60305,153,1,2
825,14117,16040,41,16912,15519,982,17183,48362,184,1,1
826,6833,5660,40,20378,19717,1614,20579,34726,78,1,2
827,6652,5210,40,15690,15119,3316,15880,31108,70,1,1
828,6994,5059,41,19927,19336,2946,20118,35147,72,1,1
829,6553,2755,40,19647,19277,17413,19817,46578,41,1,1
830,6543,3236,40,19136,18716,11061,19297,40187,47,1,1
831,5149,2184,40,10950,10610,1653,11122,20158,37,1,1
832,8557,4909,40,12023,11422,1663,12213,27372,72,1,1
833,6191,4469,40,17153,16622,4789,17343,32822,65,1,1
834,8315,6342,40,19447,18765,3025,19648,37380,85,1,1
835,6543,2374,40,19507,19167,17504,19667,46138,37,1,1
836,6582,3246,40,19898,19487,9468,20068,39414,47,1,1
837,4779,2314,40,37351,36991,1293,37521,45947,39,1,1
838,2074,1192,40,27422,27202,2175,27582,33053,20,1,1
839,34195,30047,511,89199,85372,12153,90902,167597,200,1,1
840,6171,812,60,22563,22192,1533,22863,31459,10,1,1
841,4268,1503,70,15941,15579,13666,16181,35678,16,1,1
842,8386,7233,60,25738,24386,11361,26030,53070,62,1,1
843,3947,2404,60,25138,24626,982,25378,32802,26,1,1
844,17093,13746,60,34025,32591,15379,34365,80653,110,1,2
845,4148,2154,60,29176,28795,11451,29416,47239,24,1,1
846,7073,5461,70,17894,17243,2164,18164,32932,49,1,1
847,8716,6413,60,17974,17223,1343,18254,34786,57,1,1
848,4678,3386,60,18285,17774,2876,18535,29546,35,1,1
849,11151,10920,60,25568,24376,1472,25879,49493,85,1,1
850,26961,9979,291,47980,46758,5150,48873,91163,75,1,1
851,8577,8466,60,30809,29857,4639,31179,52931,73,1,1
852,7213,3817,60,32411,31900,14688,32662,58450,35,1,1
853,4007,2093,60,28103,27732,15680,28343,50195,23,1,1
854,4819,2014,60,22884,22502,2745,23124,32772,23,1,1
855,8566,7314,60,18335,17513,1273,18615,35858,63,1,1
856,6342,3136,60,17233,16752,3266,17493,30297,33,1,1
857,9809,7654,61,20478,19607,1833,20780,40146,68,1,1
858,9478,7795,60,27242,26360,5260,27532,50135,69,1,1
859,24426,35728,60,35758,32912,2735,36259,99218,247,1,1
860,2836,691,60,28554,28333,29556,28775,61938,9,1,1
861,3958,1984,60,29025,28664,25178,29265,60455,22,1,1
862,4448,2024,40,15790,15479,1964,15970,24456,29,1,1
863,7334,5530,40,15248,14657,1543,15460,29907,70,1,1
864,7654,5170,40,17704,17103,2104,17904,32872,69,1,1
865,6943,5000,40,17423,16822,2976,17613,32582,69,1,1
866,6653,5630,41,18284,17643,2675,18485,33493,74,1,1
867,6052,2254,50,19848,19537,20479,20018,48863,32,1,1
868,8567,9868,40,24707,23685,15840,24938,59253,116,1,2
869,1122,210,40,9448,9347,2705,9598,13686,3,1,1
870,7314,6182,40,14067,13386,1623,14267,29436,80,1,1
871,7334,5841,41,17463,16791,1883,17664,32772,79,1,1
872,6262,4058,50,16551,16040,3156,16751,30267,59,1,1
873,7835,7424,40,18675,17884,1693,18896,35898,95,1,1
874,6122,2715,40,20810,20429,19356,20990,49223,40,1,1
875,2996,962,40,19397,19166,15028,19557,38583,19,1,1
876,982,211,40,10880,10770,751,11030,13025,4,1,1
877,7955,4729,50,10760,10209,1123,10970,24817,64,1,1
878,6021,4078,40,14758,14237,1713,14948,26800,59,1,1
879,13035,14898,40,20188,18886,1182,20469,49624,164,1,1
880,7624,6202,40,20319,19647,1763,20529,36158,79,1,1
881,7154,2945,40,20468,20068,18635,20639,49434,42,1,1
882,5681,3657,40,21040,20599,12253,21230,42851,48,1,1
883,5711,5180,40,13776,13165,1093,13966,26010,71,1,1
884,6562,5391,50,14197,13586,2635,14397,29045,72,1,1
885,6432,4769,40,19587,19016,5240,19778,36269,65,1,1
886,7915,7163,40,20539,19777,1793,20760,37671,92,1,1
887,6652,2285,40,20368,20038,18184,20549,47700,34,1,1
888,2815,1082,40,19226,19006,11462,19397,34786,18,1,1
889,6783,5841,50,12765,12113,1062,12985,26721,77,1,1
890,5430,2735,50,8827,8446,1162,9007,18374,41,1,1
891,2936,1743,40,14077,13786,2825,14237,21781,27,1,1
892,6863,4929,50,18185,17583,2545,18385,32782,70,1,1
893,6583,5400,40,20800,20158,1733,21010,34776,74,1,1
894,12423,5761,50,20890,20258,12374,21090,51698,75,1,1
895,1933,822,40,19437,19247,9528,19587,31920,15,1,1
896,4428,1724,40,11261,10981,2826,11431,20459,28,1,1
897,4749,621,40,17713,17503,1223,17864,24487,11,1,2
898,6182,4488,40,12824,12273,1894,13015,25629,63,1,1
899,8406,6131,50,16190,15519,1674,16411,32662,81,1,1
900,7153,6523,40,22162,21451,2194,22362,38292,84,1,1
901,6452,2404,40,19917,19557,12263,20098,41258,38,1,1
902,2254,721,41,18975,18785,7664,19127,29826,14,1,1
903,4519,1453,40,10710,10450,1744,10880,18636,24,1,1
904,6222,4138,40,9999,9468,1262,10189,21851,60,1,1
905,6692,4980,40,14808,14217,4128,14998,30838,68,1,1
906,7234,3827,40,14588,14117,1383,14778,27262,53,1,1
907,6512,2224,40,11622,11281,5911,11802,26480,35,1,1
908,7234,5991,40,20559,19878,2064,20759,36108,80,1,1
909,18114,10751,50,22042,21070,2505,22282,53702,121,1,1
910,7134,2885,40,19657,19246,2415,19838,32322,43,1,1
911,4669,1383,40,9778,9518,1163,9938,17203,23,1,1
912,4068,912,50,15529,15288,1072,15689,21792,18,1,2
913,6372,4459,40,20168,19617,4830,20358,36069,63,1,1
914,7254,5480,40,15990,15359,2264,16181,31239,73,1,1
915,6382,2565,40,34275,33865,2555,34445,46007,39,1,2
916,5039,2305,40,20188,19848,5861,20358,33623,35,1,1
917,5300,1303,40,12354,12093,1262,12514,20429,24,1,1
918,7143,5120,40,12694,12093,1242,12895,26450,70,1,1
919,6382,5060,40,14066,13475,1472,14257,27221,68,1,1
920,7515,5841,40,13215,12544,1373,13415,28184,78,1,1
921,8777,5600,40,18725,18104,3627,18926,36990,74,1,1
922,5470,4509,40,18535,17984,3537,18735,32291,63,1,1
923,4990,2004,40,20068,19757,10109,20228,37381,30,1,1
924,2305,1012,40,19366,19146,8386,19527,31280,19,1,1
925,5220,3306,40,15640,15179,2044,15820,26430,50,1,1
926,6543,4638,40,17413,16842,2104,17604,30929,65,1,1
927,7965,4639,40,17754,17193,3507,17944,34115,64,1,1
928,6162,4378,40,20680,20129,711,20870,32181,64,1,1
929,16912,19537,40,25007,23314,16141,25308,77958,212,1,2
930,6993,4329,40,22172,21661,15960,22362,49704,58,1,1
931,6442,6643,50,18455,17724,1083,18665,32883,89,1,1
932,7033,5871,40,17934,17262,1623,18145,32722,80,1,1
933,6342,4368,50,17453,16902,3176,17663,31589,63,1,1
934,6362,5460,40,19067,18414,3366,19267,34505,76,1,1
935,5300,2394,50,20238,19907,19838,20419,48011,35,1,1
936,6091,5711,40,21390,20678,17203,21591,50636,79,1,2
937,5159,4078,40,15951,15460,1302,16141,26720,55,1,1
938,6863,5180,41,17623,17012,2996,17834,32903,71,1,1
939,6973,4448,50,17133,16601,3387,17343,32181,62,1,1
940,5771,4018,40,16842,16321,3246,17032,30117,58,1,1
941,3617,1383,40,20418,20168,18595,20579,44224,23,1,1
942,17763,23555,40,6994,5089,19908,7324,68610,245,1,1
943,4959,3587,40,20940,20499,15660,21130,45376,48,1,1
944,5891,5080,40,14929,14307,1102,15129,27252,72,1,1
945,4037,1443,40,9518,9248,1362,9678,16561,24,1,1
946,7644,6773,40,16712,15951,1653,16932,33042,91,1,1
947,4278,872,40,21801,21561,1753,21952,28915,16,1,2
948,7094,5660,50,17613,16952,1483,17824,32111,78,1,1
949,6613,2745,40,19778,19407,15088,19958,44454,39,1,1
950,2615,1303,40,19848,19597,15559,20008,39535,23,1,1
951,17433,10900,40,12784,11822,18024,13035,59422,120,1,1
952,7253,3597,40,12193,11753,14637,12374,37901,48,1,1
953,2805,401,40,17062,16872,15009,17212,35477,9,1,2
954,6202,5440,40,11352,10710,12364,11562,35618,75,1,1
955,3917,2385,50,15369,15018,3507,15549,25408,37,1,1
956,6282,4779,40,20599,20018,2966,20799,34856,66,1,1
957,6422,2134,40,20188,19858,16502,20368,45456,33,1,1
958,6653,4619,40,20499,19968,10590,20699,42601,60,1,1
959,6753,6823,40,14417,13686,1243,14627,29486,87,1,1
960,6683,5110,50,13656,13065,1974,13866,27673,70,1,1
961,6863,5310,50,19056,18435,3517,19266,35006,74,1,1
962,8195,6473,50,19757,19026,1894,19967,36589,88,1,1
963,5921,2094,40,19597,19267,16841,19777,44664,34,1,1
964,2905,1243,40,19817,19577,10349,19968,34515,21,1,1
965,4929,3707,41,12834,12343,1112,13025,22823,54,1,1
966,7574,6472,41,13736,12664,1773,13937,29816,85,1,1
967,7635,5440,40,19407,18766,3477,19607,36199,74,1,1
968,7134,5230,40,20809,20178,3817,21009,37231,72,1,1
969,5972,1984,40,19517,19206,11512,19697,39195,31,1,1
970,2424,732,40,19457,19256,6512,19607,29315,15,1,1
971,4529,1843,40,11021,10711,1673,11191,19286,30,1,1
972,6603,4649,40,11432,10891,1703,11632,24637,62,1,1
973,7394,6623,40,20779,20038,3126,20999,38182,88,1,1
974,6863,5351,40,20719,20088,2515,20919,35688,73,1,1
975,6412,1744,40,19256,18976,8416,19436,36038,28,1,1
976,7324,3356,40,19847,19407,3938,20037,34706,48,1,1
977,5320,2064,40,9969,9638,1713,10139,19286,33,1,1
978,5310,1503,50,9067,8797,1232,9248,17333,27,1,1
979,6252,3026,40,13145,12714,1243,13325,23896,47,1,1
980,4719,1383,40,13545,13285,1673,13716,21541,24,1,1
981,6232,4939,40,15349,14768,3807,15560,30568,68,1,1
982,4478,802,40,12634,12424,1643,12784,19747,17,1,1
983,6782,1684,40,19156,18856,2164,19326,29996,29,1,1
984,6332,1734,40,19186,18866,1864,19346,29336,31,1,1
985,2866,711,40,8637,8436,1262,8797,13666,15,1,1
986,6202,4699,40,14668,14086,2205,14858,28024,66,1,1
987,7143,6082,50,18124,17453,2786,18334,34385,80,1,1
988,4148,682,40,12694,12504,1723,12844,19457,14,1,1
989,6232,4759,40,19507,18916,1763,19708,32512,69,1,1
990,6332,3998,40,21792,21271,10630,21992,42992,59,1,1
991,2465,912,50,19567,19367,8677,19747,31831,18,1,1
992,2765,962,40,11292,11081,2404,11452,17623,17,1,1
993,5099,2024,41,10700,10379,1282,10871,19336,33,1,1
994,6592,4970,40,13145,12544,1393,13345,26350,70,1,1
995,7233,5199,40,12594,11972,1543,12785,26821,72,1,1
996,7404,4699,50,18175,17614,3667,18385,34195,66,1,1
997,5801,4378,40,18676,18135,3887,18866,32992,61,1,1
998,5331,2134,40,20198,19858,10831,20368,38704,34,1,1
999,2044,1022,40,19778,19558,10841,19938,33875,18,1,1
1000,6402,6302,41,18134,17433,1212,18345,32301,83,1,1
1001,6473,4919,40,18736,18155,2555,18946,32923,68,1,1
1002,6833,4178,50,17975,17443,3526,18165,32752,61,1,1
1003,6161,4780,50,17934,17353,3246,18134,32371,68,1,1
1004,6993,2966,40,20418,20028,19757,20589,50365,41,1,1
1005,2785,1092,40,19026,18785,17293,19187,40387,20,1,1
1006,7434,6853,50,14187,13406,3587,14407,32321,90,1,2
1007,6021,3797,41,10950,10449,1223,11151,22232,56,1,1
1008,6512,4669,40,17533,16932,1724,17733,30688,69,1,1
1009,6512,5230,40,16862,16251,2825,17063,31680,71,1,1
1010,7324,6663,40,18094,17373,2635,18294,34976,85,1,1
1011,6072,2685,40,20910,20539,20569,21080,50466,38,1,1
1012,5060,2725,40,20539,20129,16411,20709,44965,43,1,1
1013,5982,5009,40,13686,13065,982,13886,25919,72,1,1
1014,5641,3556,40,10620,10149,1473,10801,21521,52,1,1
1015,6201,5150,40,13736,13124,1693,13927,27031,70,1,1
1016,3737,691,50,9218,9037,1553,9378,15399,14,1,1
1017,6683,4809,50,17604,17012,3707,17804,33033,69,1,1
1018,6222,4879,40,17994,17403,2786,18184,32121,68,1,1
1019,5540,2244,40,19857,19507,19808,20028,47670,35,1,1
1020,7654,7585,40,21401,20580,14648,21611,51538,94,1,2
1021,851,111,40,8556,8456,561,8696,10279,1,1,1
1022,11001,10229,50,12684,11672,1052,12924,35257,125,1,1
1023,4178,731,40,8847,8647,1503,8997,15449,15,1,1
1024,6603,5099,40,14268,13665,2334,14458,28544,69,1,1
1025,7324,4538,40,16371,15800,3527,16562,32001,66,1,1
1026,6503,4809,40,20439,19858,2084,20629,34085,67,1,1
1027,6693,2044,40,20128,19818,18155,20308,47230,32,1,1
1028,3126,821,40,19286,19086,13305,19447,36749,16,1,1
1029,3847,1934,40,12253,11923,1183,12413,19427,33,1,1
1030,6593,5360,50,14427,13796,2845,14628,29486,75,1,1
1031,6692,5090,40,19147,18546,4558,19347,35737,71,1,1
1032,6883,5661,40,20268,19617,1903,20478,34956,76,1,1
1033,6141,2605,40,20779,20408,16081,20950,45827,39,1,1
1034,6803,4418,40,21190,20689,7985,21371,40637,56,1,1
1035,3617,1072,40,11031,10810,2434,11192,18365,18,1,1
1036,4519,1623,40,8607,8326,1032,8767,15991,26,1,1
1037,7133,5100,40,12905,12304,1443,13105,26811,70,1,1
1038,7474,5961,40,18966,18264,2024,19167,34666,83,1,1
1039,6462,5370,40,19336,18695,3247,19547,34666,76,1,1
1040,6442,2274,40,19938,19587,12324,20108,41198,35,1,1
1041,5781,3567,40,20048,19587,7865,20238,37491,51,1,1
1042,5260,2494,40,11642,11271,1773,11823,21390,40,1,1
1043,6552,4909,51,11692,11131,1603,11893,25007,65,1,1
1044,4468,451,40,7565,7404,1162,7715,13856,11,1,1
1045,7835,6282,40,19607,18876,3266,19808,37251,86,1,1
1046,6763,5631,40,21491,20849,3086,21701,37211,76,1,1
1047,6643,1703,40,19677,19377,9148,19837,37371,28,1,1
1048,5750,3217,40,20378,19918,4969,20549,34545,50,1,1
1049,4649,3336,40,15991,15529,1523,16171,25729,50,1,1
1050,5710,2806,40,10049,9658,1343,10219,20138,41,1,1
1051,6322,4548,40,20129,19567,4729,20319,35968,64,1,1
1052,6933,5891,50,16662,16000,4719,16872,34455,78,1,1
1053,4058,921,41,13024,12824,1724,13185,19928,18,1,1
1054,5931,2154,40,19718,19376,4549,19888,32572,34,1,1
1055,7484,3096,40,19998,19587,2365,20168,33163,44,1,1
1056,4038,701,40,8926,8736,1583,9078,15460,15,1,1
1057,5751,3056,40,23905,23435,1743,24075,34686,46,1,2
1058,4559,631,40,12554,12364,1794,12704,19728,14,1,1
1059,6352,4649,40,14969,14407,6182,15169,32392,64,1,1
1060,1483,551,40,14368,14206,611,14518,17213,10,1,1
1061,13545,9669,50,21921,20940,1552,22152,46958,117,1,2
1062,6312,4338,40,22253,21721,4578,22453,37721,61,1,1
1063,2745,622,40,16812,16631,12994,16962,33363,12,1,1
1064,3466,1623,41,12082,11802,10149,12244,27542,27,1,1
1065,1723,571,50,9438,9288,8046,9588,19988,11,1,1
1066,3436,1774,50,12353,12063,12364,12523,30137,30,1,1
1067,3096,1663,40,16832,16561,4990,16992,26801,26,1,1
1068,2595,1603,41,17282,17002,932,17443,22633,27,1,1
1069,17263,21200,40,26050,24247,9117,26370,73980,227,1,2
1070,6322,4599,40,21942,21371,13085,22132,46188,66,1,1
1071,2976,1623,40,12424,12133,2144,12594,19387,27,1,1
1072,7223,6102,40,12624,11953,1022,12834,27231,79,1,1
1073,6493,5109,40,17944,17313,1883,18145,31680,72,1,1
1074,5951,4158,40,17052,16511,3627,17233,31019,61,1,1
1075,5490,4138,41,18164,17633,4629,18365,32652,60,1,1
1076,1863,371,40,19387,19247,16982,19537,38803,8,1,1
1077,13937,16932,40,24046,22533,18485,24326,73720,187,1,2
1078,4369,2224,50,14848,14508,2415,15038,24076,36,1,1
1079,6783,5209,50,16952,16351,3116,17152,32321,70,1,1
1080,6793,4438,41,17072,16511,3266,17263,31820,65,1,1
1081,5721,4679,40,18725,18154,3446,18925,32812,66,1,1
1082,4689,1883,41,19767,19476,19407,19938,45957,29,1,1
1083,8697,9157,40,22703,21751,17202,22944,58040,112,1,2
1084,3947,1834,40,12684,12373,1743,12854,20428,31,1,1
1085,4889,2324,50,10480,10129,1263,10660,19186,38,1,1
1086,6261,5159,40,13696,13094,2013,13887,27371,68,1,1
1087,6452,3787,41,10419,9938,1103,10600,21992,53,1,1
1088,7564,5210,40,17032,16421,3687,17233,33734,71,1,1
1089,11923,15299,40,21190,19818,1123,21460,49855,173,1,1
1090,7715,3086,40,20549,20128,19948,20739,51528,45,1,1
1091,2675,821,40,19137,18936,15569,19297,38412,16,1,1
1092,4518,2295,40,12834,12473,1353,13004,21210,37,1,1
1093,3977,1012,40,9098,8867,1402,9258,15689,19,1,1
1094,6482,5040,40,14718,14107,2765,14908,29245,71,1,1
1095,4218,511,40,8816,8646,1583,8957,15319,11,1,1
1096,6973,5070,40,16421,15810,2785,16622,31500,72,1,1
1097,6943,5340,40,17453,16832,2094,17664,32081,73,1,1
1098,6532,2395,40,20910,20549,18084,21080,48141,37,1,1
1099,2645,1032,40,20068,19838,13346,20218,37301,19,1,1
1100,4749,2425,40,12624,12243,1824,12804,21852,40,1,1
1101,7484,6452,40,14587,13876,2495,14788,31279,84,1,1
1102,21360,22743,40,25498,23605,1573,25819,71545,242,1,1
1103,7104,5530,40,21150,20499,2445,21351,36490,77,1,1
1104,6082,1773,40,19728,19436,17884,19898,45687,28,1,1
1105,2605,971,40,19176,18956,12023,19337,34986,18,1,1
1106,7665,7294,40,14097,13325,1072,14317,30388,92,1,1
1107,6883,5009,41,12864,12273,2154,13055,27151,68,1,1
1108,7004,4879,40,18846,18255,3146,19036,34105,68,1,1
1109,6863,5691,40,20099,19446,2094,20299,34987,77,1,1
1110,5952,2785,40,20799,20419,18114,20970,47871,40,1,1
1111,2615,1112,40,19427,19186,10070,19587,33424,21,1,1
1112,5310,4068,40,12985,12474,1142,13185,23735,58,1,1
1113,6722,5150,41,14317,13706,1653,14518,28093,72,1,1
1114,6913,4800,40,18785,18184,4348,18976,35087,69,1,1
1115,6593,5700,40,20789,20138,3387,21000,36710,77,1,1
1116,6823,2846,50,20218,19837,10570,20408,40677,42,1,1
1117,2194,521,40,18936,18766,5511,19086,27352,11,1,1
1118,3207,691,50,10310,10129,2494,10480,16912,14,1,1
1119,6642,3747,40,10670,10189,1012,10860,22312,54,1,1
1120,4137,1233,50,16171,15901,1613,16331,23364,22,1,2
1121,7664,4890,40,15179,14588,1813,15369,29786,68,1,1
1122,6943,6202,40,20439,19727,2935,20639,36779,84,1,1
1123,5651,1783,40,19277,18976,4368,19447,31289,30,1,1
1124,6563,1993,40,19196,18876,2174,19367,30147,32,1,1
1125,5300,1653,40,9218,8917,1523,9378,17904,29,1,1
1126,3687,1413,40,9248,8987,1563,9418,16121,25,1,1
1127,7384,7273,40,21400,20709,4228,21601,40516,81,1,1
1128,6432,4849,50,16040,15459,4368,16241,31940,69,1,1
1129,6312,1193,40,31089,30817,1723,31249,40517,21,1,2
1130,4538,531,41,19066,18895,3637,19217,27973,11,1,1
1131,4288,581,40,8325,8145,991,8476,14377,13,1,1
1132,16752,22372,40,21531,19667,2174,21852,63200,239,1,1
1133,7313,6152,40,19177,18485,2224,19377,35116,82,1,1
1134,7113,3867,40,17272,16782,2204,17464,30698,56,1,1
1135,6322,5210,40,19597,18996,3016,19797,34375,71,1,1
1136,6232,2735,50,20209,19838,9428,20389,38824,40,1,1
1137,6052,4168,40,20970,20449,7063,21160,38493,58,1,1
1138,4278,2214,40,15178,14838,2165,15349,24036,35,1,1
1139,6582,5511,50,19006,18375,2004,19226,33353,75,1,1
1140,6352,4238,40,17223,16682,3587,17403,31630,62,1,1
1141,5250,4008,40,18244,17733,3447,18434,31189,59,1,1
1142,5390,2204,40,20700,20358,16090,20870,44604,35,1,1
1143,2434,1072,40,19287,19056,14297,19457,37290,20,1,1
1144,982,110,41,8305,8205,2555,8446,12143,1,1,1
1145,5781,3406,40,13916,13475,1273,14107,24617,49,1,1
1146,7304,5621,40,18485,17814,1814,18685,33464,79,1,1
1147,7394,5600,50,17985,17322,2945,18195,34184,79,1,1
1148,7875,5681,40,17994,17323,3466,18195,35267,79,1,1
1149,5110,1763,40,20118,19807,19757,20278,46959,30,1,1
1150,12564,14518,40,23094,21742,16301,23374,66797,166,1,2
1151,5851,3957,50,16050,15549,1353,16251,27452,57,1,1
1152,6261,5030,50,17133,16542,2525,17333,31209,70,1,1
1153,6953,5380,40,17964,17333,3446,18155,33974,73,1,1
1154,5550,4338,40,17423,16882,3005,17614,30547,61,1,1
1155,6633,2545,40,20028,19667,20298,20198,49734,39,1,1
1156,2585,1052,40,20239,20018,16190,20399,40276,20,1,1
1157,3847,1874,40,12874,12534,1863,13034,20659,33,1,1
1158,6041,2966,40,10179,9768,1233,10359,20629,44,1,1
1159,6923,5801,40,16271,15620,1313,16471,30568,78,1,1
1160,6302,4809,40,16481,15900,2665,16682,30498,67,1,1
1161,7194,5660,40,17633,16982,2816,17834,33564,76,1,1
1162,5751,2785,41,21220,20829,19757,21401,49744,41,1,1
1163,1683,491,40,19868,19707,731,20018,22963,10,1,1
1164,17824,20719,40,6242,4549,16651,6553,61797,218,1,1
1165,7735,6553,40,14918,14187,1072,15138,30528,87,1,1
1166,6773,4198,40,23094,22543,1473,23274,35768,58,1,2
1167,6812,5090,40,16411,15800,2925,16602,31479,71,1,1
1168,7184,5861,50,20038,19377,1954,20248,35287,79,1,1
1169,6012,2925,40,20780,20399,19066,20950,49003,40,1,1
1170,2885,1433,40,19337,19046,13375,19497,37250,27,1,1
1171,17743,10791,50,12694,11703,18335,12934,59853,123,1,1
1172,3567,1773,40,8767,8456,10941,8937,25268,30,1,1
1173,16832,21130,40,6463,4679,19637,6773,64412,227,1,1
1174,9859,7635,40,25729,24946,17303,25949,60786,91,1,2
1175,7745,6152,40,12003,11331,11642,12203,37792,80,1,1
1176,3978,2594,40,16822,16441,2845,16992,26460,39,1,1
1177,6141,4910,40,19637,19056,2685,19837,33613,67,1,1
1178,6272,2344,41,20188,19847,16411,20359,45446,36,1,1
1179,1804,431,40,18986,18836,12053,19136,33464,9,1,1
1180,4789,4198,40,13966,13425,1403,14157,24587,60,1,1
1181,6783,5621,40,13926,13255,1774,14126,28364,78,1,1
1182,7314,4980,50,19186,18585,3527,19386,35257,70,1,1
1183,6943,6062,40,19587,18896,1854,19787,34706,82,1,1
1184,7073,2916,40,19948,19537,12403,20118,42570,43,1,1
1185,2666,1212,40,19397,19146,7795,19547,31270,21,1,1
1186,5070,2395,40,11231,10861,1553,11401,20459,38,1,1
1187,6833,3397,40,11582,11111,1363,11762,23405,52,1,1
1188,6212,3917,40,19326,18805,2195,19507,31881,59,1,1
1189,6563,5250,40,21451,20840,1873,21651,35377,72,1,1
1190,6011,1513,40,19537,19257,8435,19697,35707,26,1,1
1191,6933,3467,40,20319,19848,4458,20499,35417,52,1,1
1192,2876,370,40,9147,8997,2475,9298,15069,9,1,1
1193,4408,1272,40,15118,14837,1133,15279,22122,23,1,2
1194,6072,4668,50,19076,18505,3396,19277,33453,67,1,1
1195,7714,5681,40,16031,15379,4298,16231,33964,76,1,1
1196,4349,1162,40,12855,12604,1623,13015,20189,22,1,1
1197,6232,1012,40,19227,19016,3236,19387,29917,18,1,1
1198,5360,1182,40,19147,18895,1623,19297,27502,21,1,1
1199,4319,220,40,8586,8476,1492,8737,14808,5,1,1
1200,7554,7444,40,15319,14517,1092,15540,31660,96,1,1
1201,5240,4098,40,29606,29146,1783,29776,40947,44,1,2
1202,5781,4138,40,18255,17724,1853,18435,30257,60,1,1
1203,5921,1322,40,19607,19346,8045,19768,35096,24,1,1
1204,6573,3557,40,20789,20338,7054,20969,38203,49,1,1
1205,4548,2305,40,15770,15409,2384,15940,25217,37,1,1
1206,6452,4609,40,17092,16521,3086,17282,31479,65,1,1
1207,6422,5020,40,17894,17293,3477,18104,33053,71,1,1
1208,5520,4669,50,18374,17833,4147,18566,32952,62,1,1
1209,5411,2554,50,20408,20038,10349,20599,38954,41,1,1
1210,2134,761,40,19177,18986,11211,19327,33483,15,1,1
1211,7084,7404,40,18665,17854,1093,18875,34496,97,1,1
1212,6212,5029,40,16983,16371,2515,17173,30989,71,1,1
1213,6653,4498,40,17613,17052,3497,17824,32512,66,1,1
1214,5400,4409,40,17763,17223,3647,17954,31460,61,1,1
1215,4779,1813,40,20238,19937,17012,20409,44053,30,1,1
1216,2685,1182,50,19407,19167,15950,19567,39434,22,1,1
1217,6712,5781,40,18104,17433,1333,18315,32191,80,1,1
1218,6473,5019,40,18896,18275,2936,19096,33574,71,1,1
1219,6553,3807,50,16652,16171,3056,16842,30298,55,1,1
1220,7083,5711,41,18184,17513,2876,18395,34095,79,1,1
1221,6172,2254,41,20228,19897,20629,20399,49494,34,1,1
1222,5911,5671,50,21280,20600,16752,21480,49874,77,1,2
1223,4749,1953,40,12594,12283,2635,12775,22152,32,1,1
1224,6803,3206,40,10350,9908,1202,10520,21791,47,1,1
1225,6272,4879,40,14798,14197,1412,14989,27592,69,1,1
1226,4208,1522,40,38673,36880,5411,39375,51227,26,1,1
1227,17543,18666,450,66416,63931,4249,67367,107935,103,1,1
1228,6282,5140,80,37441,36259,972,37861,50355,39,1,1
1229,22252,26130,81,46538,43983,35918,47029,131429,150,1,2
1230,5771,3035,80,35297,34796,24987,35608,69491,24,1,1
1231,7975,5200,80,36209,35237,1794,36539,51608,39,1,1
1232,5340,2525,80,17072,16601,1583,17383,26921,22,1,1
1233,5430,4319,80,24687,23765,4649,25017,39505,34,1,1
1234,5280,3486,81,18224,17894,3978,18485,31310,29,1,1
1235,7434,4669,40,17985,17342,2174,18165,32482,64,1,1
1236,5961,1824,40,18405,18124,16792,18565,43192,29,1,1
1237,17002,16381,41,23885,22542,8316,24156,65905,177,1,1
1238,2625,751,40,11883,11622,621,12033,16080,14,1,1
1239,9919,10660,40,15340,14327,2825,15570,39024,125,1,2
1240,6563,4528,40,18485,17944,1923,18666,31730,65,1,1
1241,6863,5981,40,19948,19297,2184,20148,35216,81,1,1
1242,6151,2114,40,19386,19086,16591,19558,44454,32,1,1
1243,2505,1232,40,18095,17863,10169,18245,32211,21,1,1
1244,3526,1443,40,12083,11823,2545,12243,19797,25,1,1
1245,6362,2786,40,8406,8025,1102,8576,18866,43,1,1
1246,7725,6943,30,12995,12274,1263,13195,29166,90,1,1
1247,6082,5170,40,17994,17413,3086,18184,32582,72,1,1
1248,6863,5280,40,18896,18285,2294,19086,33573,75,1,1
1249,5922,2534,40,18785,18435,17303,18956,44755,38,1,1
1250,2796,1442,40,18084,17834,9698,18245,32231,25,1,1
1251,3576,1343,40,10310,10059,2264,10460,17703,23,1,1
1252,4038,762,40,6993,6803,1092,7143,13065,15,1,1
1253,6603,4979,40,11852,11281,1613,12043,25298,69,1,1
1254,6873,5370,41,17823,17212,3537,18024,33854,76,1,1
1255,7104,5300,40,21120,20499,621,21310,34385,75,1,1
1256,11773,9868,40,21430,20449,11191,21661,54544,123,1,2
1257,16751,15279,40,22452,21160,3617,22713,58400,169,1,1
1258,4198,1373,40,11191,10941,1563,11351,18535,24,1,1
1259,6392,4518,40,10149,9608,1022,10340,22322,65,1,1
1260,6041,4198,40,18866,18335,3457,19046,32782,63,1,1
1261,6503,5190,40,21420,20819,4168,21611,37532,74,1,1
1262,6101,2295,40,18375,18054,5120,18545,32111,35,1,1
1263,8446,2735,41,18204,17843,2505,18375,32111,41,1,1
1264,3687,290,40,7664,7544,1022,7804,12864,6,1,1
1265,4178,621,40,8266,8086,1262,8416,14517,13,1,1
1266,7083,5210,40,13064,12463,3346,13256,28955,74,1,1
1267,4599,591,40,11782,11622,1673,11932,18856,13,1,1
1268,6422,4438,40,13236,12724,4568,13416,28884,61,1,1
1269,7264,1733,40,29416,29105,2375,29576,40998,29,1,2
1270,5159,2555,41,18985,18635,9157,19157,36078,39,1,1
1271,3036,290,41,8055,7915,1343,8196,12915,7,1,1
1272,6372,6221,40,14697,14086,1963,14889,29506,75,1,1
1273,6843,5080,40,19778,19167,2094,19958,34025,73,1,1
1274,7004,4608,40,16862,16311,3867,17053,32562,66,1,1
1275,5340,4098,40,17974,17463,3937,18155,31590,62,1,1
1276,5170,2365,40,19216,18866,9769,19376,36730,38,1,1
1277,16401,20278,30,26289,24626,4789,26591,68099,222,1,1
1278,17213,11792,40,34996,33964,9799,35237,74081,134,1,1
1279,16752,18355,40,20268,18716,9317,20559,65023,207,1,1
1280,5169,3868,40,15469,14978,3467,15649,28183,57,1,1
1281,5841,5069,41,17763,17192,3627,17954,32541,69,1,1
1282,4359,1883,41,18555,18274,17593,18716,42611,30,1,1
1283,3627,2695,40,18816,18415,14307,18996,39675,42,1,2
1284,5861,5010,40,16401,15830,1212,16591,28714,68,1,1
1285,6502,4880,40,17122,16531,2735,17313,31480,72,1,1
1286,6342,4969,40,16711,16120,3556,16913,31830,73,1,1
1287,5511,3727,40,16071,15590,3667,16251,29206,57,1,1
1288,4489,1643,40,19497,19207,17814,19647,43643,28,1,1
1289,15900,22243,40,23845,21992,16542,24165,78900,244,1,2
1290,5871,5721,40,15951,15319,1162,16151,28945,78,1,1
1291,6042,5040,40,16992,16401,2815,17182,31129,72,1,1
1292,6342,5100,40,16341,15740,3777,16521,31800,72,1,1
1293,6051,4829,40,19127,18555,2735,19317,32992,70,1,1
1294,14528,6352,40,20539,19898,18044,20739,59713,80,1,1
1295,2415,1322,41,18234,17984,15600,18375,37772,23,1,1
1296,6111,3817,40,15519,15038,1693,15689,27361,56,1,1
1297,4829,3497,40,15840,15389,2896,16020,27302,54,1,1
1298,6121,4579,40,15981,15420,2775,16171,29696,67,1,1
1299,6482,5210,40,16241,15629,2946,16431,31129,75,1,1
1300,6192,1623,40,18144,17874,18044,18305,44204,27,1,1
1301,17102,18285,40,22994,21401,11141,23294,69862,208,1,2
1302,6953,5691,40,13325,12694,1041,13526,27251,79,1,1
1303,6923,5099,40,13005,12403,2134,13195,27392,73,1,1
1304,3977,291,40,8236,8105,1493,8386,14187,7,1,1
1305,6051,4459,40,15369,14838,3647,15549,29766,64,1,1
1306,5751,4318,40,18816,18295,2575,19006,31690,63,1,1
1307,6252,2615,40,19437,19086,16942,19607,45446,39,1,1
1308,2485,1202,40,18295,18055,11752,18435,33924,21,1,1
1309,4689,3296,40,12614,12173,1322,12785,22142,49,1,1
1310,7374,5881,40,13035,12384,2204,13235,28754,82,1,1
1311,6863,4889,40,17533,16972,2535,17723,32070,69,1,1
1312,6302,5050,40,18846,18265,2655,19046,33083,72,1,1
1313,5911,2535,40,19016,18655,15409,19187,43092,40,1,1
1314,6262,3978,40,19717,19246,10971,19897,41158,56,1,1
1315,5501,4498,40,11472,10940,1273,11662,22984,64,1,1
1316,4088,1012,40,7294,7094,1122,7444,13726,18,1,1
1317,7374,5431,40,11662,11031,1653,11852,26370,77,1,1
1318,5090,2024,40,17774,17404,1443,17934,26541,35,1,2
1319,7875,4759,40,14949,14377,1934,15139,29747,69,1,1
1320,6322,5120,40,18064,17473,2745,18255,32492,73,1,1
1321,6923,2565,40,18515,18175,10840,18686,39064,38,1,1
1322,2986,902,40,18214,18004,6512,18375,28815,19,1,1
1323,4879,2014,40,10500,10179,1773,10670,19376,34,1,1
1324,7174,5480,40,12895,12283,1343,13085,27142,75,1,1
1325,6021,4639,40,18665,18094,4628,18855,34194,68,1,1
1326,7734,5381,40,19838,19226,2264,20028,35467,75,1,1
1327,5862,801,40,17483,17293,7584,17634,31941,16,1,1
1328,6502,3427,40,19036,18585,4238,19216,33443,54,1,1
1329,4077,702,40,8386,8195,1994,8536,15349,15,1,1
1330,4659,892,40,8917,8707,1563,9067,16231,18,1,1
1331,4228,421,40,5491,5330,1042,5631,11372,10,1,1
1332,3517,2264,40,12163,11822,2084,12324,20239,37,1,1
1333,7635,3987,40,13386,12895,1563,13566,26801,57,1,1
1334,6322,5250,40,15159,14557,4939,15349,31920,75,1,1
1335,3106,901,40,12032,11832,1643,12193,17874,18,1,1
1336,4368,651,41,17523,17332,3697,17674,26440,14,1,1
1337,4288,591,40,17484,17322,1743,17634,24296,12,1,1
1338,4128,1142,40,8506,8266,1192,8666,15178,23,1,1
1339,5561,2865,40,11642,11232,1823,11812,22112,46,1,1
1340,6632,5240,40,28204,27552,2996,28394,43312,74,1,2
1341,5721,3998,40,17644,17153,1683,17834,29266,59,1,1
1342,5660,1663,40,18635,18334,9849,18786,36008,30,1,1
1343,5691,3767,40,19808,19317,7424,19988,36900,57,1,1
1344,4909,2344,41,11441,11081,1804,11602,20709,38,1,1
1345,5831,3547,40,11081,10610,1182,11261,21861,55,1,1
1346,6383,4889,30,12333,11732,1813,12524,25639,72,1,1
1347,7504,6342,40,11833,11131,1042,12033,26971,88,1,1
1348,7133,5491,40,17413,16782,3447,17603,33724,77,1,1
1349,5881,4559,40,18896,18385,731,19076,30307,62,1,1
1350,17162,21371,40,24487,22693,10299,24797,73679,235,1,2
1351,2605,742,40,17864,17664,11261,18014,32682,16,1,1
1352,1343,170,40,9528,9418,591,9668,11822,4,1,1
1353,10650,9629,40,12554,11592,1032,12784,34125,123,1,1
1354,6633,4618,40,15649,15098,2054,15840,29195,66,1,1
1355,14307,17854,41,21480,19927,2114,21751,56086,206,1,1
1356,5791,4639,40,17143,16592,3306,17333,31109,66,1,1
1357,7414,2815,40,19437,19047,19848,19607,49734,43,1,1
1358,2675,922,40,18425,18225,16521,18575,38743,16,1,1
1359,12524,16551,40,5360,3897,3286,5641,38042,194,1,1
1360,4488,3487,40,15890,15429,1974,16060,26069,53,1,1
1361,7023,5160,40,17223,16621,2735,17413,32371,72,1,1
1362,6182,4509,40,15810,15269,2895,15990,29626,65,1,1
1363,6643,5260,40,16361,15760,2746,16561,31260,74,1,1
1364,5981,2455,40,19307,18956,18986,19467,46939,38,1,1
1365,5531,2875,40,18606,18225,13475,18776,40707,43,1,1
1366,1183,180,40,8496,8396,2265,8636,12324,4,1,1
1367,6963,5541,40,12594,11963,1253,12784,26591,77,1,1
1368,7594,6392,40,16250,15539,1462,16462,31950,90,1,1
1369,6282,4518,40,15229,14688,3386,15420,29646,66,1,1
1370,5931,4709,40,16612,16040,2204,16792,29686,69,1,1
1371,5831,2705,40,19517,19147,19537,19687,47800,40,1,1
1372,12143,12464,30,22302,21120,15639,22543,62849,150,1,2
1373,4729,4348,40,14608,14127,1302,14788,25227,57,1,1
1374,3968,811,40,8517,8305,1463,8657,14959,17,1,1
1375,5921,4829,40,13876,13295,2816,14076,27683,71,1,1
1376,6322,4288,40,14898,14367,3397,15078,29135,63,1,1
1377,6562,5160,40,18636,18014,1843,18836,32441,76,1,1
1378,5761,1843,40,18085,17783,18074,18245,43973,31,1,1
1379,12915,14487,40,21561,20267,12584,21832,61868,168,1,2
1380,4599,2675,40,12364,11983,1583,12534,21451,43,1,1
1381,6282,4819,41,14247,13665,2705,14438,28304,71,1,1
1382,6252,4809,40,18104,17523,2856,18294,32271,71,1,1
1383,6502,5641,40,18776,18125,1984,18976,33163,81,1,1
1384,6773,2765,41,19036,18665,16802,19197,45587,40,1,1
1385,2625,841,40,17874,17684,11061,18024,32601,16,1,1
1386,12964,6342,40,10851,10189,18014,11041,48421,81,1,1
1387,3556,1794,40,6522,6222,9589,6692,21671,31,1,1
1388,16200,19227,40,13015,11442,7374,13295,56156,210,1,1
1389,6772,3868,40,18455,17955,12203,18635,41518,55,1,2
1390,3396,1814,40,7584,7304,7464,7754,20468,30,1,1
1391,7615,5460,40,15459,14838,2464,15660,31239,77,1,1
1392,6813,4829,40,17593,17032,2244,17784,31730,69,1,1
1393,5380,1522,40,18284,18024,13887,18445,39285,27,1,1
1394,2374,1072,40,18085,17874,9037,18245,30768,20,1,1
1395,3957,1633,40,10530,10249,1953,10691,18284,28,1,1
1396,6322,4459,40,16612,16031,1302,16792,28925,64,1,2
1397,6753,4869,40,17624,17043,2745,17814,32231,71,1,1
1398,7344,5590,40,19847,19216,3156,20048,36178,79,1,1
1399,6131,1593,40,19688,19396,7224,19838,34846,29,1,1
1400,34406,36389,401,71956,68800,3536,73198,147780,191,1,1
1401,7104,4959,80,35517,34836,1332,35938,49434,35,1,1
1402,4759,2405,80,15029,14537,2705,15339,25288,21,1,1
1403,3978,1883,70,21921,21491,5200,22212,33364,17,1,1
1404,7504,3697,80,25078,24506,2245,25398,38924,29,1,1
1405,6242,6322,80,28224,27422,892,28584,42130,44,1,1
1406,32361,45516,80,13376,9758,9558,14007,101532,243,1,1
1407,7484,3346,80,23494,22933,1302,23805,36038,27,1,1
1408,9788,5000,80,36409,35718,9619,36749,61246,38,1,1
1409,10069,4929,80,35227,34465,2936,35557,53581,37,1,1
1410,3106,311,40,8386,8276,1683,8526,13676,6,1,1
1411,4719,2094,40,19988,19557,1342,20159,28364,34,1,2
1412,4669,360,40,11662,11542,1713,11813,18585,7,1,1
1413,6643,6021,40,14748,14096,3777,14939,31430,79,1,1
1414,6332,3326,41,34836,34354,2124,35017,46839,52,1,2
1415,6232,3526,40,20239,19817,8506,20419,38723,49,1,1
1416,5341,3707,40,15008,14558,2235,15188,26511,53,1,1
1417,6993,5481,40,16581,15960,2504,16761,31800,74,1,1
1418,6823,5230,40,19006,18415,3236,19197,34536,73,1,1
1419,4077,1743,40,15409,15129,1353,15579,22783,29,1,1
1420,17003,22943,40,24366,22473,11482,24677,76155,247,1,2
1421,6533,4779,40,20168,19607,8456,20358,40166,68,1,1
1422,3066,1332,40,11672,11412,2234,11823,18505,24,1,1
1423,5841,4058,40,11502,11021,1313,11692,22954,57,1,1
1424,6051,4699,40,16802,16231,1904,16972,29676,68,1,1
1425,6773,5380,40,17283,16672,3497,17483,33173,76,1,1
1426,5681,4759,40,17033,16462,3256,17213,30949,68,1,1
1427,6041,2315,40,18645,18325,15299,18815,42500,35,1,1
1428,2385,1102,40,17984,17764,15330,18144,37011,21,1,1
1429,982,110,40,7895,7795,681,8035,9848,1,1,1
1430,12313,13356,40,15409,14197,1062,15659,42430,159,1,1
1431,6953,5330,41,15950,15349,2194,16141,30658,73,1,1
1432,6402,5020,40,16511,15940,4319,16701,32482,70,1,1
1433,5740,4399,40,16351,15810,3216,16531,29936,65,1,1
1434,4749,2014,40,19798,19477,18134,19958,44895,33,1,1
1435,14377,18505,40,22733,21159,18565,23014,74511,205,1,2
1436,5049,4108,40,13676,13175,1182,13856,24245,60,1,1
1437,4729,2434,40,9839,9468,1253,10009,18455,41,1,1
1438,6142,5050,40,14597,14006,1643,14788,27673,71,1,1
1439,6322,4418,40,9888,9377,1112,10069,21982,62,1,1
1440,7424,5821,40,16561,15900,3687,16762,33724,82,1,1
1441,6102,4578,40,16441,15870,2695,16621,30057,69,1,1
1442,4659,1813,40,19026,18736,18074,19186,43793,31,1,1
1443,16762,21591,41,25848,24045,38633,26160,103186,237,1,2
1444,6723,3998,331,50045,49284,4559,50966,66466,22,1,1
1445,5821,1312,90,19837,19467,1322,20229,28774,11,1,1
1446,6041,4890,70,23465,22773,3296,23795,38112,36,1,1
1447,5741,1473,80,39515,38973,1853,39805,48953,14,1,2
1448,8135,4969,80,28605,27902,2755,28945,44895,38,1,1
1449,5620,2405,80,39786,39314,38473,40096,86694,22,1,1
1450,5630,3457,80,37421,36839,30177,37742,77096,28,1,1
1451,6522,3968,80,21801,21160,2875,22112,35577,32,1,1
1452,9818,8467,80,22713,21701,5120,23083,46578,60,1,1
1453,4668,1984,81,30187,29916,671,30438,37831,19,1,1
1454,13205,16812,41,22923,21460,2745,23204,56006,189,1,2
1455,5350,2304,40,19497,19176,16120,19658,43482,33,1,1
1456,16952,18055,40,24056,22603,8305,24336,67688,193,1,1
1457,4178,2575,41,12122,11782,1853,12294,20940,38,1,1
1458,6352,3607,40,8917,8446,1082,9087,20168,51,1,1
1459,2805,1824,40,11853,11562,2554,12013,19246,30,1,1
1460,6362,5500,41,19056,18435,3807,19247,34956,75,1,1
1461,6793,6041,40,18956,18315,1923,19157,33944,80,1,1
1462,6463,3086,40,20068,19677,17233,20238,47080,45,1,1
1463,2745,952,40,21811,21611,10079,21971,35788,18,1,1
1464,2655,1012,40,11813,11602,1904,11973,17584,19,1,1
1465,3997,882,40,7294,7104,1293,7454,13666,16,1,1
1466,5601,4669,40,11823,11282,1683,12013,24006,65,1,1
1467,6833,4829,40,17894,17322,3156,18094,32952,70,1,1
1468,6963,5761,40,20269,19638,2785,20469,36018,79,1,1
1469,5992,2284,40,19367,19026,11392,19537,39245,38,1,1
1470,2404,732,40,17994,17814,6893,18144,28223,15,1,1
1471,4558,2034,40,10911,10591,1493,11071,19206,33,1,1
1472,6442,3888,40,10289,9819,1202,10470,22042,55,1,1
1473,6262,3256,40,24056,23575,4278,24236,38072,52,1,2
1474,8205,7735,40,21811,21030,1312,22012,39324,99,1,1
1475,6142,2554,40,19236,18886,10550,19396,38703,38,1,1
1476,16801,16511,40,23354,21972,2885,23615,59853,182,1,1
1477,4078,1162,31,8866,8626,1914,9007,16201,21,1,1
1478,4799,1833,40,8416,8135,1011,8587,16280,30,1,1
1479,6482,4188,30,13897,13376,2535,14077,27322,61,1,1
1480,4288,1122,40,12534,12314,1643,12694,19777,20,1,1
1481,6543,5450,40,19968,19387,6222,20148,38413,71,1,1
1482,5280,1182,40,18064,17834,2465,18224,27202,22,1,1
1483,5621,2284,40,18685,18365,2916,18855,29727,36,1,1
1484,3447,400,41,7794,7654,1173,7935,13005,8,1,1
1485,5430,4308,40,13816,13295,1974,13997,25749,61,1,1
1486,6462,5570,40,18855,18234,3286,19047,34405,77,1,1
1487,4188,711,40,12043,11853,1663,12183,18795,15,1,1
1488,6422,5390,41,18164,17543,2415,18355,32632,76,1,1
1489,5932,3106,40,19897,19487,10419,20078,39585,47,1,1
1490,1923,952,40,18295,18104,8146,18455,29526,17,1,1
1491,5310,3547,40,17483,17003,4879,17664,31440,56,1,1
1492,5741,3637,41,19166,18705,3076,19347,31851,55,1,1
1493,5731,3867,40,16270,15780,4147,16452,30237,58,1,1
1494,6102,4869,40,17523,16972,3807,17714,32542,67,1,1
1495,5361,1983,41,19206,18895,11342,19367,38103,33,1,1
1496,16611,19948,40,25859,24246,8716,26150,71485,215,1,1
1497,17203,9478,40,28504,27623,16321,28724,71766,113,1,1
1498,3587,1713,40,11952,11682,5501,12113,22954,26,1,1
1499,2394,822,40,8617,8426,8826,8767,20859,16,1,1
1500,16812,22502,40,20238,18415,19607,20559,79510,246,1,1
1501,6081,3367,40,16832,16391,4238,17012,30728,51,1,1
1502,2765,1784,40,15880,15589,611,16040,21240,30,1,1
1503,16752,22392,40,6793,4949,20679,7104,66967,248,1,1
1504,8857,3947,40,20118,19648,18925,20289,52068,54,1,1
1505,5190,2825,40,18856,18505,17974,19026,45055,40,1,1
1506,6542,5380,41,16791,16170,1163,16972,30117,75,1,1
1507,6582,5320,40,16492,15870,2364,16692,30988,76,1,1
1508,6142,4689,40,16922,16371,3126,17112,31109,67,1,1
1509,6141,4930,40,16641,16070,3055,16832,30998,70,1,1
1510,5811,2023,40,19336,19036,18746,19497,46137,32,1,1
1511,8997,10420,40,21982,20930,15490,22212,57169,130,1,2
1512,6011,4719,41,13245,12704,992,13436,25218,66,1,1
1513,7574,2895,40,9668,9267,1303,9839,21651,45,1,1
1514,5961,4709,40,16372,15820,1492,16562,28764,67,1,1
1515,6422,4138,41,15940,15429,2865,16121,29606,61,1,1
1516,7083,6232,40,16341,15640,2154,16541,32060,87,1,1
1517,6271,2364,40,19517,19177,19337,19677,47690,36,1,1
1518,7013,6473,40,20429,19687,13756,20629,47911,89,1,2
1519,3036,1212,40,11151,10911,2063,11302,17663,22,1,1
1520,4849,1272,40,19006,18735,1813,19167,27131,23,1,2
1521,6342,3767,40,14958,14457,3327,15128,28615,60,1,1
1522,6633,5600,40,19336,18695,3977,19527,35788,79,1,1
1523,7144,2625,40,19287,18916,14948,19457,44214,40,1,1
1524,5490,2766,40,20078,19687,13035,20258,41579,44,1,1
1525,1994,160,30,7955,7845,1714,8095,11993,3,1,1
1526,5691,3577,40,8757,8296,1222,8937,19467,55,1,1
1527,5981,4498,40,12954,12393,2185,13144,25849,66,1,1
1528,6673,5330,40,18385,17753,1834,18565,32452,76,1,1
1529,7334,6402,40,18666,17974,2364,18866,35006,87,1,1
1530,5521,2254,40,19167,18836,12684,19337,39836,37,1,1
1531,2235,441,40,17904,17753,6733,18044,27503,9,1,1
1532,4959,3336,41,11772,11331,1092,11963,21390,51,1,1
1533,6673,5310,40,12013,11412,1944,12203,26170,73,1,1
1534,4338,1152,40,20950,20668,1704,21090,28334,22,1,2
1535,6733,5731,40,19337,18685,1172,19537,33203,80,1,1
1536,5952,1452,40,18815,18555,13596,18976,40026,25,1,1
1537,2816,1563,40,18956,18685,9097,19106,32642,26,1,1
1538,2896,901,41,9978,9758,2144,10130,16111,18,1,1
1539,7264,4699,40,11081,10540,1433,11261,24707,65,1,1
1540,6522,3306,41,20148,19697,1593,20319,31790,52,1,1
1541,6553,5029,41,19757,19166,1533,19948,33113,72,1,1
1542,6893,1412,41,18775,18505,6773,18936,34044,26,1,1
1543,6823,3567,40,19096,18625,4188,19266,33894,54,1,1
1544,4498,1393,40,9067,8817,1343,9227,16491,25,1,1
1545,4127,652,40,5721,5530,1052,5861,11742,14,1,1
1546,3807,1002,40,9277,9057,1543,9418,15830,18,1,1
1547,6332,5000,40,13406,12824,3586,13596,28554,71,1,1
1548,6001,3838,40,13506,13025,1372,13686,24937,57,1,1
1549,7675,6302,40,21060,20359,4879,21260,40176,88,1,1
1550,5801,2024,40,18685,18365,4859,18856,31570,34,1,1
1551,6522,2665,40,18374,18004,2564,18546,30347,41,1,1
1552,3596,450,41,8015,7865,972,8166,13235,10,1,1
1553,5791,3246,40,8827,8406,1633,9007,19737,50,1,1
1554,4950,2234,40,10420,10069,1293,10590,19107,37,1,1
1555,4148,962,40,20128,19878,1673,20278,27091,19,1,2
1556,7865,7494,40,15169,14388,3006,15379,33784,98,1,1
1557,7654,5641,40,18756,18115,1533,18956,33834,80,1,1
1558,5310,1052,40,17924,17693,1623,18075,26100,21,1,1
1559,6503,4328,40,21471,20930,3687,21651,36209,65,1,1
1560,3967,1994,40,13846,13536,1833,14007,21851,33,1,1
1561,6102,4107,40,11241,10730,1122,11422,22813,61,1,1
1562,5951,4479,40,15179,14618,1803,15369,27642,68,1,1
1563,7053,4910,40,12814,12233,1203,13004,26220,70,1,1
1564,7394,6652,40,17834,17102,3407,18034,35527,91,1,1
1565,5640,4128,30,17624,17113,4148,17804,31760,60,1,1
1566,3336,1282,41,20048,19807,11021,20209,35878,23,1,1
1567,2044,992,40,18405,18185,12193,18555,33834,19,1,1
1568,6873,6292,40,14397,13706,1032,14588,28825,85,1,1
1569,5731,3416,40,9889,9427,1112,10069,20378,53,1,1
1570,3116,2234,40,11482,11141,2414,11632,19446,35,1,1
1571,7584,4118,40,11142,10610,1092,11322,24166,62,1,1
1572,7233,5120,40,16321,15720,3016,16501,31920,74,1,1
1573,5371,3967,40,16612,16090,3958,16802,30138,62,1,1
1574,5290,1562,40,19226,18946,15690,19387,41960,27,1,1
1575,6783,3947,40,20179,19688,12363,20359,43502,58,1,1
1576,5741,4178,40,16081,15550,1172,16261,27412,64,1,1
1577,6031,4819,40,16872,16281,2665,17063,30618,71,1,1
1578,6302,4458,40,15901,15349,3697,16091,30598,66,1,1
1579,6062,4789,40,16521,15940,3637,16712,31260,71,1,1
1580,2084,611,40,18285,18105,15680,18435,36840,13,1,1
1581,15980,22182,41,6462,4699,15850,6773,60845,238,1,1
1582,9117,7815,40,22683,21881,12954,22894,52820,101,1,1
1583,6051,5290,40,16260,15649,1152,16462,28995,75,1,1
1584,6542,5009,40,16010,15429,2485,16201,30297,72,1,1
1585,6092,4528,40,16050,15489,2605,16241,29506,68,1,1
1586,6543,5110,40,16742,16150,2825,16942,31470,74,1,1
1587,6352,2224,40,19327,18986,19377,19487,47490,36,1,1
1588,2565,922,40,18465,18255,13856,18625,36008,19,1,1
1589,4779,3877,40,15059,14578,1272,15229,25207,57,1,1
1590,6022,4137,40,13776,13245,2615,13957,26771,62,1,1
1591,5841,3086,41,22572,22101,1994,22743,33724,50,1,2
1592,7063,5540,40,16371,15730,1813,16571,31048,80,1,1
1593,5200,2124,40,18775,18465,18094,18936,44414,33,1,1
1594,12694,14988,40,22713,20991,13936,22974,64632,175,1,2
1595,8837,5931,40,13306,12644,972,13506,29306,82,1,1
1596,6472,5180,40,13335,12734,2354,13536,27582,74,1,1
1597,6232,4569,40,17934,17363,3156,18124,32121,69,1,1
1598,7344,5881,40,19567,18896,2245,19767,35287,83,1,1
1599,5740,1503,40,18295,18034,17634,18445,43372,26,1,1
1600,3346,2134,40,18926,18556,11232,19086,35858,35,1,2
1601,7705,6242,40,14077,13396,972,14277,29236,84,1,1
1602,6573,4578,41,13665,13115,2584,13857,27642,67,1,1
1603,6502,5050,40,18355,17744,3617,18545,33754,74,1,1
1604,6122,5159,40,18154,17553,2876,18345,32552,73,1,1
1605,5821,2244,40,18686,18344,11983,18846,38944,37,1,1
1606,2425,861,41,18314,18104,6132,18465,27933,17,1,1
1607,14297,10781,40,11442,10460,17453,11692,54263,127,1,1
1608,7234,2855,40,7083,6692,9328,7254,26701,43,1,1
1609,6993,2285,40,7654,7324,1242,7825,18385,36,1,1
1610,4869,3066,40,25358,24907,9909,25528,43412,47,1,2
1611,2935,1243,40,6071,5841,5330,6232,15790,21,1,1
1612,3216,2304,40,17995,17643,631,18165,24356,37,1,1
1613,13536,14437,41,22893,21590,11251,23154,62418,168,1,2
1614,2805,1312,40,18525,18264,7314,18675,30157,24,1,1
1615,5130,2555,40,10570,10190,1523,10750,20008,43,1,1
1616,6452,3677,40,9358,8867,1122,9528,20819,57,1,1
1617,6252,3977,40,23154,22602,3076,23324,36670,60,1,2
1618,6663,5550,41,20649,20028,2304,20850,35417,78,1,1
1619,5140,2104,40,18565,18235,6262,18725,32281,34,1,1
1620,5260,2395,40,19156,18816,5760,19327,32782,37,1,1
1621,4057,1072,40,8246,8035,1263,8396,14838,20,1,1
1622,4729,1342,40,8116,7875,1032,8266,15429,23,1,1
1623,6803,5531,40,14387,13756,3667,14577,30628,78,1,1
1624,4578,431,40,11863,11732,1693,12013,18765,9,1,1
1625,7084,6332,40,15840,15129,4939,16040,34425,88,1,1
1626,5631,1122,40,29376,29125,2284,29536,38613,20,1,2
1627,16020,16672,40,25849,24387,5731,26129,64602,193,1,1
1628,3677,360,40,7595,7454,972,7735,12784,9,1,1
1629,6613,5581,40,13806,13175,2936,14006,29176,79,1,1
1630,7123,5240,40,18435,17824,1583,18635,32611,76,1,1
1631,6212,4579,40,16622,16071,3977,16812,31620,66,1,1
1632,6763,5250,40,18656,18034,3917,18856,34836,77,1,1
1633,4568,1944,40,19217,18896,9407,19377,35336,34,1,1
1634,6271,4820,40,20569,19988,6793,20759,38683,70,1,1
1635,4579,2474,40,11832,11471,1994,12003,21090,40,1,1
1636,6372,4549,40,10701,10160,1142,10891,22984,65,1,1
1637,7334,5901,41,15769,15108,1512,15961,30758,82,1,1
1638,6272,4288,40,16522,15981,3116,16702,30428,64,1,1
1639,6563,4899,40,17473,16892,3717,17663,32892,70,1,1
1640,5600,2134,41,19787,19467,16962,19958,44684,35,1,1
1641,5009,2856,40,19767,19387,15379,19938,43242,43,1,1
1642,6793,6663,40,16942,16211,1112,17132,31760,90,1,1
1643,6322,4439,40,16191,15640,2254,16381,29436,67,1,1
1644,6492,4569,40,16612,16061,3126,16792,31029,67,1,1
1645,6853,5711,40,17423,16762,3156,17613,33383,81,1,1
1646,5691,2174,40,19607,19287,20108,19758,47791,33,1,1
1647,8947,7875,40,22223,21380,18114,22443,57419,103,1,2
1648,3026,1042,40,12234,12033,2194,12384,18696,18,1,1
1649,6633,5250,40,16071,15460,2625,16271,30819,76,1,1
1650,6322,3878,40,15610,15109,3316,15780,29336,58,1,1
1651,6713,5380,40,17292,16671,2785,17484,32412,76,1,1
1652,5851,2465,40,19046,18676,18025,19206,45597,40,1,1
1653,7925,5370,40,19978,19357,12704,20168,46217,76,1,1
1654,3566,1413,40,10821,10570,2044,10981,18034,25,1,1
1655,7314,5190,40,12123,11542,1593,12313,26460,72,1,1
1656,6853,5300,40,15660,15029,1994,15850,30047,76,1,1
1657,7624,6082,40,16381,15700,2826,16591,33163,85,1,1
1658,6653,5530,40,16301,15680,2225,16501,30949,78,1,1
1659,5531,2094,40,19357,19026,18886,19517,46088,35,1,1
1660,11202,10980,40,22192,21140,13796,22433,58461,132,1,2
1661,3978,1623,40,10640,10360,3367,10800,19808,28,1,1
1662,5320,3677,40,19968,19467,1433,20138,30618,54,1,2
1663,6633,5100,40,15970,15349,3046,16160,30979,75,1,1
1664,6412,5190,41,20088,19487,2094,20289,34025,74,1,1
1665,5561,2054,40,18825,18525,16331,18986,42972,32,1,1
1666,7284,4959,40,19968,19417,9959,20148,42391,66,1,1
1667,4468,2475,40,10750,10390,1483,10930,19396,41,1,1
1668,6081,4639,40,12073,11521,1724,12263,24747,67,1,1
1669,6312,4579,30,21470,20920,7905,21651,40507,66,1,1
1670,7794,5641,40,19658,19006,2224,19858,35557,82,1,1
1671,6342,2755,40,19467,19106,18395,19637,47180,40,1,1
1672,6643,3346,40,19568,19136,9528,19738,39305,49,1,1
1673,4799,2434,41,41047,40687,1453,41218,49944,40,1,1
1674,4488,2074,41,27782,27462,1984,27943,36539,34,1,1
1675,30158,32511,591,83117,79160,12133,85452,160555,221,1,1
1676,4639,751,60,21801,21501,1914,22092,29476,9,1,1
1677,3977,2214,60,16381,15840,13405,16622,36278,22,1,1
1678,8146,7724,60,26049,24637,10951,26350,53241,65,1,1
1679,3256,2154,70,23735,23244,3346,23996,32822,23,1,1
1680,3005,331,60,28574,28394,15840,28795,48031,5,1,1
1681,4158,2766,70,29416,28855,11001,29676,47671,29,1,1
1682,4609,2494,60,18835,18064,2574,19087,28834,27,1,1
1683,8326,6703,60,18335,17453,1262,18615,34976,60,1,1
1684,5601,3106,60,18335,17844,3226,18585,30588,33,1,1
1685,10650,9278,61,17893,16902,1643,18205,39836,79,1,1
1686,4669,3466,60,26380,25859,5430,26630,40276,36,1,1
1687,4028,3076,60,25829,25348,892,26089,34145,33,1,1
1688,25328,34224,70,38824,35978,13115,39314,112052,241,1,2
1689,3737,2094,60,28925,28534,15219,29165,50285,24,1,1
1690,5050,2484,60,15249,14838,2665,15490,25769,26,1,1
1691,7795,4659,60,18165,17544,1493,18425,32462,45,1,1
1692,12784,11242,60,30468,29316,2755,30778,57639,93,1,1
1693,9538,8285,60,25859,24917,4909,26149,48952,74,1,1
1694,7865,6693,61,26109,25308,4449,26390,45477,62,1,1
1695,25608,20760,60,35287,33594,24707,35677,106822,143,1,1
1696,4048,2404,61,29946,29546,23956,30187,60655,25,1,1
1697,1533,391,60,13606,13435,712,13806,16512,6,1,1
1698,12032,11292,50,14698,13646,1283,14958,39605,132,1,1
1699,7354,5942,40,18034,17383,1693,18234,33273,77,1,1
1700,6602,4138,40,16752,16231,3517,16932,31249,58,1,1
1701,5951,4639,40,17493,16932,3015,17693,31349,65,1,1
1702,7093,2976,40,20348,19968,20669,20529,51327,40,1,1
1703,2886,1373,40,19857,19617,16310,20018,40627,22,1,1
1704,1393,220,40,8987,8887,3076,9148,13867,4,1,1
1705,7464,5891,40,11893,11252,1282,12103,26780,76,1,1
1706,5571,3076,40,10299,9889,1392,10480,20559,44,1,1
1707,6572,5541,40,14798,14177,1323,14998,28494,73,1,1
1708,4068,1062,40,9107,8877,1443,9267,15880,19,1,1
1709,8827,7023,40,17874,17113,3106,18084,37100,91,1,1
1710,6032,4338,40,17534,16993,2905,17734,31049,61,1,1
1711,5871,3166,50,20539,20118,20138,20719,49954,46,1,1
1712,2585,942,40,19487,19277,15680,19637,38904,17,1,1
1713,1192,241,40,10630,10530,661,10790,12924,4,1,1
1714,7384,3857,50,10300,9809,1493,10490,23274,56,1,1
1715,11251,14027,40,17203,15910,1082,17463,43883,162,1,1
1716,6582,5280,50,15900,15319,2755,16101,30768,69,1,1
1717,7374,4158,40,19497,18986,2014,19677,33283,58,1,1
1718,6753,2114,40,19717,19387,16201,19897,45005,33,1,1
1719,2665,761,40,19277,19067,12153,19427,35056,16,1,1
1720,5701,4859,40,14357,13786,1042,14548,26210,65,1,1
1721,6853,5190,41,14267,13656,2194,14478,28755,71,1,1
1722,6733,5250,40,19717,19096,3467,19917,35417,73,1,1
1723,6903,5781,40,20839,20178,2043,21039,35827,77,1,1
1724,6152,2645,40,20860,20489,18505,21050,48392,40,1,1
1725,2925,1363,40,19166,18906,12143,19327,35818,24,1,1
1726,6553,6121,41,14627,13946,1052,14838,28604,81,1,1
1727,6803,5039,40,15740,15128,2124,15940,29956,70,1,1
1728,6502,4819,40,19176,18585,3477,19377,34215,69,1,1
1729,7224,6492,40,21311,20619,1783,21531,37070,84,1,1
1730,6542,2375,40,20559,20229,16431,20729,46137,34,1,1
1731,1954,912,50,19787,19587,652,19947,23525,16,1,1
1732,17783,20559,40,6091,4418,9999,6392,54783,214,1,1
1733,4999,3407,40,12093,11652,2675,12273,23414,50,1,1
1734,4338,841,40,18064,17834,1172,18225,24616,15,1,2
1735,6031,4348,40,18104,17553,1934,18304,30658,63,1,1
1736,6993,6162,40,21561,20870,1874,21781,36850,82,1,1
1737,6222,2595,40,20689,20319,9388,20879,39134,40,1,1
1738,2554,1012,40,19647,19427,6522,19818,29946,19,1,1
1739,4068,1012,40,10821,10600,1743,10981,17854,18,1,1
1740,6953,4729,50,11332,10771,1222,11532,24486,66,1,1
1741,6672,5471,40,20709,20068,4258,20919,37360,75,1,1
1742,6562,4949,40,21160,20549,3737,21371,36659,71,1,1
1743,5690,1834,40,19958,19647,5641,20138,33333,30,1,1
1744,7264,3998,40,20048,19547,2355,20238,33905,56,1,1
1745,4319,1032,40,8877,8656,1292,9037,15740,19,1,1
1746,3156,581,40,17102,16902,1122,17253,22162,12,1,2
1747,5961,4008,40,12193,11663,2695,12384,25098,60,1,1
1748,3627,652,40,12604,12423,1673,12754,18756,13,1,1
1749,6713,5871,41,17122,16471,5380,17323,35347,77,1,1
1750,5761,2084,40,33183,32812,2585,33363,43823,34,1,2
1751,5491,3456,40,22162,21722,5461,22342,36780,48,1,1
1752,5159,1603,40,11552,11271,1382,11713,19917,27,1,1
1753,8146,6091,40,13004,12323,1062,13215,28564,81,1,1
1754,6552,5520,40,14367,13736,1202,14578,27892,74,1,1
1755,7144,5681,40,12694,12063,1563,12904,27342,76,1,1
1756,8125,6302,40,18925,18214,3286,19127,36890,84,1,1
1757,6022,4949,50,19397,18815,3868,19597,34476,68,1,1
1758,5551,2304,41,20929,20569,11242,21100,40247,37,1,1
1759,2064,761,40,19126,18936,7705,19276,29867,14,1,1
1760,4399,2494,40,15299,14918,2064,15480,24487,40,1,1
1761,6082,3757,40,13846,13355,1173,14036,25098,55,1,1
1762,3406,2224,40,13445,13105,2575,13616,21881,34,1,1
1763,7233,5330,40,12143,11522,1162,12343,26129,73,1,1
1764,6382,4629,40,18405,17824,3286,18595,32952,66,1,1
1765,6071,3918,40,18004,17503,3998,18194,32231,56,1,1
1766,18465,13045,40,25529,24397,13365,25779,70714,141,1,1
1767,2905,832,40,21010,20810,15039,21160,39986,16,1,1
1768,5600,5180,40,14768,14147,1293,14968,27101,72,1,1
1769,6102,3968,40,11552,11051,1102,11732,22964,56,1,1
1770,8527,7634,40,18065,17263,1352,18295,35848,98,1,1
1771,6673,5089,40,17623,17002,3136,17834,32762,72,1,1
1772,6452,5020,40,17563,16972,3136,17763,32421,68,1,1
1773,6011,2324,40,20468,20118,20789,20650,49814,36,1,1
1774,4639,2565,40,19887,19487,16862,20058,44174,38,1,2
1775,811,110,41,8145,8045,581,8296,9838,1,1,1
1776,10910,10260,40,15029,14027,1052,15259,37541,123,1,1
1777,7825,7043,40,18785,18034,1793,19006,35718,91,1,1
1778,7835,6442,40,17824,17103,2736,18044,35107,87,1,1
1779,7183,5861,40,18114,17453,2305,18324,33714,78,1,1
1780,5471,2033,40,21130,20809,20368,21290,49223,32,1,1
1781,8106,8616,40,22523,21592,15520,22743,55025,108,1,2
1782,5620,4459,40,14548,13997,1032,14748,25919,63,1,1
1783,4218,1192,40,9348,9108,1543,9508,16501,21,1,1
1784,6352,4790,40,16431,15830,1974,16621,29797,69,1,1
1785,4048,1252,40,9067,8826,1503,9228,16081,22,1,1
1786,6552,5200,40,17263,16632,3116,17463,32381,73,1,1
1787,5821,4589,40,16962,16401,2585,17162,30197,65,1,1
1788,7804,1804,40,19948,19647,18675,20118,48441,29,1,1
1789,3026,1233,40,19437,19186,14377,19597,38273,22,1,1
1790,17994,9147,41,12052,11191,18245,12283,57709,105,1,1
1791,3476,1562,40,8426,8135,10530,8586,24216,27,1,1
1792,19306,20980,41,6332,4588,15289,6643,62268,223,1,1
1793,4769,3506,40,19126,18635,12955,19307,40587,49,1,2
1794,3567,2234,40,9598,9268,9108,9768,24737,34,1,1
1795,4007,2615,40,15420,15029,2845,15590,25117,41,1,1
1796,7534,6423,40,22953,22242,2305,23173,39475,85,1,1
1797,6352,2184,40,19607,19267,16001,19777,44364,34,1,1
1798,6823,3817,50,20148,19677,10139,20349,41168,54,1,1
1799,6812,6473,50,14477,13786,1052,14688,29065,82,1,1
1800,6683,5169,50,13586,12984,2074,13787,27773,71,1,1
1801,7053,5200,41,19607,18986,3597,19818,35718,73,1,1
1802,6933,5991,40,20038,19356,1903,20249,35116,81,1,1
1803,5551,2785,51,20568,20198,17132,20760,46258,40,1,1
1804,3056,751,41,19066,18875,11692,19227,34776,15,1,1
1805,5670,4217,40,12834,12303,1002,13024,23965,60,1,1
1806,6633,5159,50,13165,12564,2094,13366,27312,70,1,1
1807,6903,5380,40,19136,18515,3697,19347,35367,74,1,1
1808,7454,4358,40,20248,19687,2124,20449,34415,64,1,1
1809,6081,1984,40,20128,19808,9437,20299,37851,33,1,1
1810,6282,1954,40,19738,19417,5741,19918,33945,32,1,1
1811,4328,1563,50,11001,10741,1714,11171,18816,25,1,1
1812,6542,3927,40,12062,11562,1272,12264,24035,57,1,1
1813,5109,3346,40,13776,13315,3196,13966,25668,51,1,1
1814,7474,4378,41,15208,14667,1604,15399,28905,61,1,1
1815,7795,5921,40,21060,20379,2896,21270,37922,79,1,1
1816,5921,1733,50,19698,19396,9167,19868,36749,30,1,1
1817,6853,3888,50,21721,21220,3758,21921,36470,57,1,1
1818,4900,1693,50,9167,8877,1372,9338,17353,29,1,1
1819,4648,1714,40,9428,9117,1463,9598,17463,30,1,1
1820,7144,4538,40,15019,14457,1393,15229,28354,66,1,1
1821,6021,2675,40,13966,13586,1463,14137,24356,40,1,1
1822,6773,4950,40,15439,14848,4779,15639,32191,68,1,1
1823,4208,932,40,12864,12654,1733,13025,19948,17,1,1
1824,6663,1723,40,19287,18976,2254,19447,30137,30,1,1
1825,5761,2074,40,19798,19457,1593,19968,29446,33,1,1
1826,4168,881,51,8876,8666,1152,9037,15299,18,1,1
1827,6192,4699,40,14578,14007,2835,14778,28554,66,1,1
1828,7254,5731,40,18996,18335,2204,19196,34435,77,1,1
1829,4108,1062,40,12745,12514,1603,12915,19728,20,1,1
1830,7063,5701,40,20700,20048,1503,20910,35217,77,1,1
1831,6172,3486,50,20750,20299,9518,20950,40176,51,1,1
1832,2685,1273,50,20469,20228,9257,20629,33904,22,1,1
1833,8507,8466,50,19016,18134,1192,19256,37471,109,1,1
1834,6954,5580,40,17483,16822,2505,17684,32783,78,1,1
1835,6272,4599,50,17353,16792,3317,17563,31791,66,1,1
1836,6002,5029,41,19376,18775,3818,19587,34486,70,1,1
1837,5320,2585,40,21060,20679,10239,21240,39444,41,1,1
1838,2455,1122,40,19908,19677,10801,20058,34496,20,1,1
1839,4429,2084,40,14578,14237,2024,14758,23335,34,1,1
1840,6662,5501,40,19497,18866,3046,19697,34956,74,1,1
1841,6893,4077,40,17703,17192,4198,17894,33102,59,1,1
1842,6812,5591,40,18956,18315,3948,19166,35567,76,1,1
1843,4709,1704,50,20749,20459,19487,20919,46879,28,1,1
1844,7975,7975,40,23324,22453,17634,23555,57179,101,1,2
1845,13055,14988,40,20529,19176,1122,20810,50015,170,1,1
1846,6803,5290,40,17754,17123,1874,17964,31971,74,1,1
1847,6662,5150,40,17363,16751,3076,17563,32501,70,1,1
1848,6282,4889,40,17473,16892,2845,17684,31750,69,1,1
1849,6432,2786,40,20549,20158,20479,20719,50476,41,1,1
1850,6573,4689,50,21661,21120,15720,21851,48893,63,1,1
1851,6352,5881,40,14748,14066,1052,14949,28284,80,1,1
1852,5821,2605,40,10239,9858,1303,10430,20189,40,1,1
1853,6182,4939,50,17213,16622,1403,17413,29997,70,1,1
1854,5821,4078,40,16331,15820,3457,16521,29927,58,1,1
1855,5761,4058,40,16872,16351,3447,17062,30368,60,1,1
1856,4919,1563,40,19968,19707,19166,20138,45836,24,1,1
1857,13185,16030,40,24206,22763,15520,24486,69261,178,1,2
1858,4799,2415,50,12875,12524,1593,13065,21912,38,1,1
1859,3947,682,40,8957,8777,1453,9117,15249,14,1,1
1860,6703,5470,40,14377,13716,2084,14578,28885,77,1,1
1861,8436,6012,40,17112,16431,3025,17322,34856,81,1,1
1862,6242,4508,40,20018,19447,1964,20209,32983,65,1,1
1863,6593,1813,51,20669,20368,17223,20850,46529,31,1,1
1864,2765,681,50,19307,19127,11251,19457,34194,14,1,1
1865,4840,3767,40,13365,12855,1032,13556,23255,56,1,1
1866,7194,5891,40,14377,13716,2184,14588,29897,78,1,1
1867,6893,5079,41,19627,19016,4458,19828,36308,72,1,1
1868,6683,5440,40,20419,19768,3557,20619,36349,75,1,1
1869,5711,1873,40,19907,19607,14978,20089,42681,29,1,1
1870,7093,3887,40,20508,20028,7554,20700,39284,53,1,1
1871,3316,992,51,10580,10369,2334,10741,17443,18,1,1
1872,5200,1452,50,8305,8045,1262,8477,16431,25,1,1
1873,5660,3998,40,13115,12584,1613,13305,24616,59,1,1
1874,6713,5060,40,18435,17824,2184,18635,32642,72,1,1
1875,6873,5591,40,19968,19317,2655,20168,35327,76,1,1
1876,6803,1653,40,19417,19136,12053,19587,40146,27,1,1
1877,2534,961,41,19807,19587,6953,19968,30467,19,1,1
1878,5911,4308,40,12895,12364,1202,13105,24566,61,1,1
1879,6682,4148,40,12033,11512,1663,12223,24766,59,1,1
1880,4348,541,40,7655,7484,1102,7805,13846,11,1,1
1881,5470,4258,40,18415,17884,4137,18606,32511,60,1,1
1882,6863,5611,40,21080,20429,3347,21280,37151,76,1,1
1883,6152,1733,50,19968,19678,9438,20148,37511,30,1,1
1884,2665,732,40,19196,18996,5961,19347,28755,14,1,1
1885,4268,1443,40,13085,12815,2024,13245,21030,24,1,1
1886,4128,992,40,15479,15219,1653,15630,22443,17,1,2
1887,2003,732,40,11071,10881,3036,11221,17042,14,1,1
1888,7945,3697,50,14227,13756,1533,14418,27643,53,1,1
1889,8676,6022,50,21190,20519,5090,21400,41238,80,1,1
1890,6111,2355,50,19577,19227,5140,19767,33423,37,1,1
1891,6893,2415,40,19587,19226,2575,19757,31700,37,1,1
1892,4118,601,41,8816,8646,1623,8967,15349,12,1,1
1893,5981,3958,40,29015,28463,2355,29215,41539,57,1,2
1894,8006,5189,40,16000,15379,2244,16201,31690,72,1,1
1895,5711,4097,40,18956,18435,2284,19157,31299,60,1,1
1896,6222,972,50,19156,18946,1723,19316,28284,18,1,1
1897,7434,4689,50,23585,23004,4098,23785,40056,67,1,1
1898,11943,6693,40,18946,18225,9839,19146,47681,85,1,1
1899,3517,2174,41,12313,11982,7654,12474,25879,33,1,1
1900,1824,541,40,9197,9027,7825,9347,19587,11,1,1
1901,3948,2545,50,12954,12584,6132,13134,25809,39,1,1
1902,2585,1242,51,16180,15940,612,16341,20830,22,1,1
1903,17603,21631,41,6492,4719,5440,6813,51537,228,1,1
1904,9007,8977,40,20859,19948,3106,21090,42230,111,1,1
1905,4699,2284,50,20910,20559,9979,21080,38092,36,1,1
1906,5380,3717,40,21401,20900,15058,21581,45786,56,1,1
1907,7263,6613,40,18185,17463,1052,18395,33373,86,1,1
1908,6733,4920,40,17864,17263,2845,18074,32622,70,1,1
1909,6102,4358,40,17894,17353,3287,18084,31881,61,1,1
1910,5551,4098,40,18525,18004,3797,18715,32201,58,1,1
1911,4919,1503,40,19758,19487,16771,19928,43151,25,1,1
1912,6783,3917,40,20529,20017,16842,20719,48301,57,1,1
1913,4468,1854,40,13045,12724,1874,13225,21461,32,1,1
1914,6472,2485,40,9698,9318,1373,9868,20258,40,1,1
1915,3106,2013,40,12543,12223,2795,12715,20679,32,1,1
1916,6122,3727,40,10641,10160,1162,10831,21882,54,1,1
1917,8045,6412,40,17803,17082,2925,18025,35447,86,1,1
1918,8035,6733,50,18315,17594,3647,18535,37000,88,1,1
1919,4819,2395,50,20509,20168,20148,20689,48101,36,1,1
1920,3056,501,40,18796,18625,13736,18946,36289,11,1,1
1921,4188,1934,50,15800,15490,1944,15970,24086,32,1,1
1922,6883,5451,40,16752,16130,2985,16952,32321,73,1,1
1923,9559,8295,40,18435,17563,2855,18656,39415,106,1,1
1924,5541,4478,41,17162,16611,2525,17363,29947,64,1,1
1925,5621,2234,40,20189,19848,19847,20359,48101,34,1,1
1926,8245,8276,40,21521,20620,16011,21741,54313,104,1,2
1927,4629,3316,50,14318,13876,1412,14498,23905,49,1,1
1928,3857,1423,40,9438,9168,1413,9608,16351,26,1,1
1929,6633,5300,50,15109,14498,2184,15309,29486,72,1,1
1930,7494,4879,40,25378,24747,1843,25579,39845,69,1,2
1931,7534,7073,40,17663,16882,1944,17884,34475,94,1,1
1932,6783,3316,40,20970,20519,19447,21150,50746,49,1,1
1933,2655,1152,51,19577,19346,14607,19738,38202,20,1,1
1934,3737,1543,40,12584,12313,2244,12754,20328,26,1,1
1935,7834,6473,40,14728,13997,2635,14938,31930,87,1,1
1936,6773,5119,41,19667,19046,3106,19868,34916,72,1,1
1937,7164,5560,40,20229,19558,1913,20429,35116,79,1,1
1938,6472,2905,40,20810,20399,16962,20980,47370,44,1,1
1939,2785,932,40,19136,18926,11872,19297,34936,18,1,1
1940,6592,5581,40,13616,12965,1062,13816,27111,75,1,1
1941,6111,4869,40,12914,12353,1964,13105,26089,64,1,1
1942,7073,5190,40,19036,18415,3647,19226,35196,72,1,1
1943,6943,5701,40,20248,19587,1894,20448,35046,78,1,1
1944,7364,3216,50,20529,20118,17684,20709,49023,45,1,1
1945,5751,3046,40,20018,19597,9798,20198,38833,45,1,1
1946,5941,4609,50,13205,12654,1021,13406,25017,64,1,1
1947,6553,5871,40,14427,13786,2124,14628,29216,75,1,1
1948,6853,5070,40,18645,18044,3837,18835,34656,70,1,1
1949,6773,5430,40,21491,20840,3937,21701,37881,77,1,1
1950,6322,2595,40,20158,19778,9478,20338,38793,41,1,1
1951,2725,841,40,19126,18926,4929,19287,27822,17,1,1
1952,3497,881,41,10469,10259,2444,10621,17503,17,1,1
1953,6522,3606,40,10850,10369,1223,11031,22443,54,1,1
1954,4208,1202,40,13867,13597,1042,14027,20539,22,1,2
1955,7104,5220,40,21461,20820,3557,21661,37602,75,1,1
1956,7023,5601,40,15710,15059,3937,15920,32521,78,1,1
1957,6102,3687,40,14518,14037,1382,14698,25919,53,1,1
1958,6652,2395,40,19748,19387,4027,19928,33052,37,1,1
1959,6843,2284,40,19657,19327,2244,19838,31249,34,1,1
1960,5871,2465,40,9889,9519,1082,10059,19527,38,1,1
1961,5160,1412,40,8967,8686,1443,9128,17193,26,1,1
1962,6713,5450,50,15349,14738,3597,15549,31369,72,1,1
1963,4258,441,40,12664,12504,1964,12824,19527,11,1,1
1964,6893,5441,40,16551,15910,4269,16751,33404,75,1,1
1965,5901,2034,50,31450,31099,1703,31630,41308,34,1,2
1966,13105,12093,40,25940,24797,1142,26190,52570,141,1,1
1967,4018,691,40,8366,8176,1283,8516,14568,14,1,1
1968,6612,5311,40,15760,15129,3506,15960,31439,74,1,1
1969,7384,6472,40,19627,18896,2595,19838,36329,86,1,1
1970,7134,4418,40,19116,18545,2094,19317,33013,65,1,1
1971,6242,5220,40,18766,18155,2865,18956,33333,71,1,1
1972,6372,2385,40,20348,19988,9578,20529,38914,38,1,1
1973,6632,4849,40,21961,21360,6803,22162,40486,69,1,1
1974,5781,3146,40,13225,12785,1583,13405,23965,47,1,1
1975,6332,4669,40,12173,11592,1143,12363,24557,67,1,1
1976,6472,4519,40,18185,17604,1753,18375,31179,66,1,1
1977,6743,4518,41,16942,16371,3096,17133,31540,65,1,1
1978,5671,4619,40,18355,17784,3346,18545,32221,65,1,1
1979,4598,1583,41,20538,20248,16841,20700,43782,27,1,1
1980,3015,1353,40,19407,19156,13536,19567,37531,24,1,1
1981,4699,2505,50,13516,13165,1813,13696,22753,38,1,1
1982,6151,4198,40,11542,11011,1132,11733,23254,60,1,1
1983,6493,4538,40,14939,14367,1873,15139,28083,67,1,1
1984,7154,3747,40,10289,9799,1152,10480,22573,55,1,1
1985,3206,1934,40,15549,15229,4628,15730,25538,33,1,1
1986,12163,15830,40,22793,21391,2295,23073,53421,178,1,1
1987,6352,2594,40,20709,20328,18695,20890,48582,41,1,1
1988,8016,5290,40,21581,20950,15479,21781,50606,73,1,1
1989,5390,2485,40,13035,12654,1763,13205,22883,39,1,1
1990,5110,2785,40,10650,10229,1312,10831,20078,45,1,1
1991,8526,6783,50,17994,17243,1644,18224,35207,91,1,1
1992,7545,5530,40,17984,17323,2945,18185,34265,77,1,1
1993,6712,5050,50,17874,17253,2385,18074,32281,73,1,1
1994,6672,3226,40,20429,20008,19807,20599,50365,45,1,1
1995,2655,1162,50,19697,19477,18064,19857,41789,20,1,1
1996,6392,4047,40,15980,15469,1874,16171,28534,59,1,1
1997,7604,6593,40,16702,15970,1733,16912,32892,86,1,1
1998,6612,4038,40,16622,16111,3316,16812,30828,58,1,1
1999,6012,4568,41,16892,16341,2534,17083,30247,63,1,1
2000,5270,2334,41,20939,20589,21982,21110,50736,36,1,1
2001,10650,10249,40,22593,21531,18495,22824,62278,125,1,2
2002,1613,551,40,10991,10821,2455,11141,15790,11,1,1
2003,6702,4078,40,10530,9999,1203,10720,22753,60,1,1
2004,3217,1232,40,20719,20449,2114,20880,27493,21,1,2
2005,7173,4749,40,16801,16210,2995,17003,31970,68,1,1
2006,7885,9087,40,22532,21591,1183,22763,40968,115,1,1
2007,5891,3086,40,20849,20459,18295,21029,48341,42,1,1
2008,2584,1113,40,19687,19467,13075,19837,36649,18,1,1
2009,9198,4819,40,10861,10310,18134,11051,43262,62,1,1
2010,14688,18565,40,15179,13625,14358,15489,63150,200,1,1
2011,2745,1262,40,19747,19467,17523,19908,41488,22,1,2
2012,4068,2615,40,9949,9578,11201,10119,28063,38,1,1
2013,6623,5450,41,16320,15689,2915,16522,31550,73,1,1
2014,5961,4369,40,18305,17764,2174,18505,31049,61,1,1
2015,5771,2344,40,20468,20108,15609,20649,44424,37,1,1
2016,2775,992,40,19066,18846,9478,19226,32521,19,1,1
2017,4328,1883,51,11712,11411,1713,11893,19857,31,1,1
2018,6682,5200,41,12603,11992,1943,12795,26670,71,1,1
2019,6533,3496,40,26240,25729,1684,26440,38183,53,1,2
2020,6843,5750,40,19597,18936,1904,19797,34335,78,1,1
2021,6693,3196,40,20369,19938,15530,20559,46018,47,1,1
2022,2886,1322,40,19527,19276,9037,19698,32993,24,1,1
2023,3747,1643,40,10520,10220,1734,10700,17854,30,1,1
2024,6983,3316,50,11732,11301,1603,11913,23865,47,1,1
2025,6202,3637,40,19938,19437,2104,20128,32121,56,1,1
2026,6211,5150,51,20709,20118,2885,20920,35216,70,1,1
2027,7835,2726,50,19978,19597,8275,20168,39044,41,1,1
2028,7143,3467,50,20038,19587,4399,20238,35287,51,1,1
2029,4960,2925,40,10330,9898,1483,10520,19918,46,1,1
2030,4138,821,40,14949,14739,1082,15109,21190,14,1,2
2031,6041,4489,40,14497,13936,3587,14697,28864,64,1,1
2032,7083,3988,50,14558,14057,1743,14758,27622,58,1,1
2033,7684,6452,40,16711,16000,6292,16912,37401,84,1,1
2034,3777,1122,40,12845,12594,1753,13005,19697,22,1,1
2035,5310,1032,40,19096,18865,3968,19257,29627,20,1,1
2036,6041,1012,40,18895,18665,1663,19056,27823,19,1,1
2037,3897,421,50,8767,8627,1373,8917,14668,8,1,1
2038,4388,2074,40,9458,9117,2154,9629,18295,34,1,1
2039,6612,3727,41,12563,12073,1242,12744,24376,55,1,1
2040,4539,1623,40,24256,23956,1713,24426,32351,27,1,2
2041,7314,5881,40,12974,12293,2285,13175,28705,80,1,1
2042,2514,1203,40,15950,15700,722,16110,20609,22,1,1
2043,9949,6302,50,20699,19988,4218,20909,41418,81,1,2
2044,6061,3637,40,21180,20700,7193,21371,38302,54,1,1
2045,4298,2595,40,15039,14658,2264,15209,24416,39,1,1
2046,6973,5601,50,18966,18335,2926,19176,34716,75,1,1
2047,7885,5991,41,18685,17994,3657,18886,36479,81,1,1
2048,5671,4258,40,19457,18936,3958,19657,33584,60,1,1
2049,13997,11011,40,23344,22352,7905,23584,56547,123,1,1
2050,5530,2735,40,20188,19777,9017,20359,37691,43,1,1
2051,4399,2063,50,12433,12113,2014,12614,21140,34,1,1
2052,5520,3005,40,11111,10690,1352,11292,21220,45,1,1
2053,6603,5310,50,17393,16772,2435,17603,31991,73,1,1
2054,6843,5320,40,18215,17594,3256,18425,33874,73,1,1
2055,6051,4929,40,19006,18415,3987,19207,34214,69,1,1
2056,5451,1953,51,20108,19787,17563,20279,45296,33,1,1
2057,2936,991,40,19567,19346,14397,19717,38082,18,1,1
2058,7664,6693,40,17443,16702,1042,17663,33112,89,1,1
2059,6763,5460,40,18475,17834,3046,18675,33984,74,1,1
2060,6162,4248,40,16922,16371,3266,17112,30829,62,1,1
2061,5661,4849,40,18646,18064,2855,18836,32251,67,1,1
2062,5861,2384,50,20750,20409,20168,20930,49404,36,1,1
2063,2695,1543,50,19818,19557,16351,19978,40627,24,1,1
2064,12374,12484,40,20288,19116,1143,20548,46589,147,1,1
2065,6563,5310,40,16992,16351,2003,17192,31119,76,1,1
2066,7715,5761,40,16892,16231,2775,17102,33403,78,1,1
2067,6442,5200,40,17453,16832,2445,17653,31780,72,1,1
2068,6112,2064,40,19777,19457,20458,19948,48632,32,1,1
2069,5861,4529,40,21350,20769,13947,21550,45937,63,1,2
2070,3256,1222,40,11813,11561,1994,11973,18485,22,1,1
2071,3977,1433,40,9819,9548,1463,9979,16892,26,1,1
2072,6201,5089,40,15049,14427,2204,15249,28794,71,1,1
2073,7745,4949,40,16721,16120,3005,16923,32672,71,1,1
2074,6272,5430,40,19908,19287,3447,20108,35297,72,1,1
2075,6312,2054,40,20810,20479,19136,20990,48532,33,1,1
2076,2675,912,40,19357,19146,12403,19517,35557,17,1,1
2077,6001,5220,50,14597,13976,1012,14808,27081,73,1,1
2078,6893,6051,40,14096,13515,2655,14287,29946,67,1,1
2079,7044,4919,50,20349,19748,2845,20559,35417,71,1,1
2080,6332,5330,50,21200,20589,2345,21410,35457,72,1,1
2081,5821,2094,40,19808,19466,16421,19978,44364,34,1,1
2082,2866,1082,40,19527,19286,10259,19697,33954,21,1,1
2083,6713,7093,50,14167,13416,1092,14397,29335,92,1,1
2084,6512,4689,40,12704,12113,2014,12915,26160,69,1,1
2085,6833,5070,40,19287,18665,3797,19487,35247,73,1,1
2086,6853,5861,40,20529,19858,1904,20739,35397,80,1,1
2087,5631,2134,40,20118,19767,16081,20288,44184,35,1,1
2088,2604,1162,40,19517,19287,10390,19677,33884,21,1,1
2089,5590,4308,40,12644,12113,1052,12825,23835,60,1,1
2090,4759,1172,40,17583,17303,1232,17744,24947,21,1,2
2091,5220,3296,40,17514,17053,2544,17704,28794,51,1,1
2092,6502,5361,50,21320,20709,2736,21530,36169,72,1,1
2093,6583,2434,40,19698,19326,10360,19868,39305,38,1,1
2094,2234,652,50,19447,19266,6953,19607,29486,13,1,1
2095,4198,1433,40,10951,10681,1483,11111,18275,25,1,1
2096,6192,3276,40,9819,9388,1413,9999,20930,47,1,1
2097,6673,5560,40,15189,14547,3327,15399,31009,77,1,1
2098,6673,3837,40,14558,14087,1383,14748,26691,53,1,1
2099,6903,2094,50,8186,7875,4589,8366,22002,33,1,1
2100,3787,2846,40,17413,17022,3026,17583,27302,41,1,1
2101,6643,2144,50,19888,19567,5310,20068,34205,34,1,1
2102,6903,2265,40,19787,19427,2534,19957,31710,37,1,1
2103,3847,421,40,8145,7995,991,8295,13615,9,1,1
2104,4088,1072,40,9578,9348,1482,9738,16421,20,1,1
2105,7053,5400,41,20418,19777,4539,20629,37671,76,1,1
2106,6152,4919,40,17734,17153,3988,17934,33033,67,1,1
2107,6843,1643,40,31520,31199,2485,31690,42721,28,1,2
2108,5931,4218,40,21170,20629,7243,21360,38793,61,1,1
2109,3266,701,40,11331,11141,1703,11482,17202,14,1,1
2110,7093,5801,40,14427,13746,2224,14638,29796,81,1,1
2111,7614,6192,40,19107,18384,1723,19317,34896,85,1,1
2112,6953,4498,50,17944,17393,4188,18145,33834,64,1,1
2113,2705,1974,40,16942,16632,702,17112,22533,31,1,1
2114,17574,22863,40,25499,23595,10069,25819,76355,240,1,2
2115,2264,922,40,19096,18896,9317,19256,31800,16,1,1
2116,11442,6582,40,20910,20208,10500,21110,49694,82,1,1
2117,3627,2094,40,14117,13796,6202,14287,26260,33,1,1
2118,1763,521,40,9398,9238,9759,9548,21641,10,1,1
2119,17363,23244,41,23734,21811,12964,24076,77687,248,1,1
2120,2855,1774,40,16121,15820,5470,16301,26430,30,1,1
2121,2755,1974,50,17182,16882,621,17363,22773,31,1,1
2122,17564,22072,40,25589,23715,17763,25909,83358,236,1,2
2123,5410,3827,41,20679,20208,15630,20870,45777,53,1,1
2124,5831,4920,40,14006,13415,1242,14206,26250,69,1,1
2125,5871,3627,50,11462,11000,1203,11652,22403,52,1,1
2126,6463,4458,40,13706,13144,2224,13917,27112,65,1,1
2127,7214,5520,40,11752,11101,1322,11963,26059,77,1,1
2128,6232,4579,40,17513,16942,4088,17703,32652,65,1,1
2129,8036,6552,40,19397,18665,2495,19607,36740,87,1,1
2130,4368,1643,40,20388,20128,19026,20549,45636,24,1,1
2131,15619,20158,50,25118,23364,17483,25449,78749,221,1,2
2132,4839,4358,51,16501,15980,1483,16692,27412,60,1,1
2133,6162,4969,50,17112,16531,3166,17323,31670,69,1,1
2134,7143,4980,40,17704,17123,3026,17904,33093,68,1,1
2135,5791,4349,40,18184,17654,2524,18385,31099,61,1,1
2136,6733,3206,40,21220,20780,20159,21400,51548,47,1,1
2137,5841,3677,40,21320,20870,14497,21511,45556,50,1,1
2138,6552,6002,40,14417,13766,1042,14617,28263,78,1,1
2139,4408,962,40,9298,9087,1503,9468,16381,17,1,1
2140,6422,4688,50,14096,13525,1723,14297,27172,66,1,1
2141,4107,461,40,8917,8756,1733,9068,15419,11,1,1
2142,3947,2525,51,16180,15820,3798,16361,26681,39,1,1
2143,7123,5962,40,18575,17894,2906,18785,34826,81,1,1
2144,4639,1633,40,19938,19647,19176,20108,45596,28,1,1
2145,13526,16181,40,24346,22884,14308,24626,68701,183,1,2
2146,762,120,40,8476,8376,611,8617,10150,1,1,1
2147,12985,13015,40,12654,11442,1192,12924,40156,153,1,1
2148,6783,5681,40,14177,13536,2064,14387,28965,75,1,1
2149,4028,441,40,8726,8556,1563,8876,14948,11,1,1
2150,7104,5310,50,17283,16662,2855,17483,32802,74,1,1
2151,7314,6462,40,21490,20769,2725,21702,38243,86,1,1
2152,7023,3036,40,20479,20078,16381,20659,47149,42,1,1
2153,2585,1132,40,19688,19457,11632,19858,35247,21,1,1
2154,4578,3307,50,12984,12534,1082,13185,22192,51,1,1
2155,6262,5019,51,14297,13706,2464,14498,28293,69,1,1
2156,6592,5240,40,19317,18696,3927,19507,35326,72,1,1
2157,7133,5892,40,20829,20148,2023,21039,36128,81,1,1
2158,6211,2485,40,20008,19658,14628,20178,43552,36,1,1
2159,5610,2956,40,20599,20198,11722,20769,41117,43,1,1
2160,5490,3917,40,13846,13345,1042,14036,24526,56,1,1
2161,6793,4839,40,12784,12193,1733,12974,26400,68,1,1
2162,5821,2305,40,24266,23854,1603,24436,34215,39,1,2
2163,7554,6633,40,20579,19838,1674,20789,36700,88,1,1
2164,6191,2124,40,20078,19737,11872,20249,40466,34,1,1
2165,3046,961,41,19176,18956,6593,19337,29977,18,1,1
2166,5040,1833,40,11031,10731,1784,11201,19908,29,1,1
2167,6573,3827,50,11883,11412,1362,12083,23885,53,1,1
2168,6793,5330,40,20739,20098,3586,20950,36699,75,1,1
2169,6953,5340,40,21241,20619,2585,21451,36379,73,1,1
2170,6693,1633,40,19487,19207,9508,19657,37521,27,1,1
2171,6222,3597,40,20679,20208,4800,20869,35538,52,1,1
2172,4749,1192,40,9358,9107,2094,9518,17593,22,1,1
2173,4559,1122,40,8897,8646,1694,9057,16462,22,1,1
2174,4238,391,40,6152,6002,1022,6302,12003,9,1,1
2175,6482,5190,40,19898,19287,2515,20108,34335,72,1,1
2176,6954,5390,40,20789,20158,4348,20990,37732,74,1,1
2177,6302,882,40,18966,18756,2375,19126,28725,17,1,1
2178,6953,2114,40,19567,19246,2705,19747,31570,34,1,1
2179,4228,861,40,8937,8737,1523,9097,15770,17,1,1
2180,6663,5901,41,14367,13696,1172,14588,28364,81,1,1
2181,6833,6302,40,31590,30889,2475,31790,47440,78,1,2
2182,6011,4248,40,18675,18144,1613,18866,30778,60,1,1
2183,6012,1553,40,19327,19056,11051,19497,38153,27,1,1
2184,2044,851,40,19196,18986,8636,19347,30938,17,1,1
2185,4699,2404,50,15149,14778,2064,15339,24556,39,1,1
2186,6742,4920,40,17213,16632,3547,17413,32682,68,1,1
2187,6883,4408,40,17634,17103,3797,17824,32962,60,1,1
2188,5921,4208,50,18835,18304,3948,19026,33163,61,1,1
2189,6342,2495,50,20319,19947,10360,20499,39746,40,1,1
2190,2335,1062,40,19467,19247,11742,19627,34826,19,1,1
2191,6843,6562,40,17393,16672,1042,17593,32100,86,1,1
2192,6232,4879,41,17202,16601,2385,17393,30949,69,1,1
2193,6122,4478,51,17643,17102,3667,17854,32161,63,1,1
2194,5490,4138,40,18706,18175,3446,18896,32010,60,1,1
2195,5020,1974,50,20579,20268,20389,20759,48192,33,1,1
2196,8626,8446,40,21671,20750,18495,21902,57509,107,1,2
2197,6713,5480,41,14878,14237,1032,15079,28344,75,1,1
2198,5591,2465,40,9919,9538,1282,10089,19467,39,1,1
2199,3056,1834,40,13015,12704,2144,13175,20269,30,1,1
2200,6593,4839,40,11312,10730,1122,11502,24106,67,1,1
2201,7164,5531,40,16922,16301,3036,17132,32923,74,1,1
2202,6131,4569,40,18074,17513,3987,18265,33012,64,1,1
2203,5200,1623,40,20228,19948,19416,20388,46688,27,1,1
2204,4819,4158,41,20689,20137,13325,20880,43222,59,1,2
2205,3948,1683,50,11733,11442,1773,11903,19347,28,1,1
2206,6162,3136,40,10430,10009,1302,10610,21270,47,1,1
2207,6302,5491,40,18004,17403,1764,18214,31811,71,1,1
2208,6192,4208,40,16521,16011,3156,16722,30328,60,1,1
2209,6453,4558,41,17202,16651,2375,17403,30829,63,1,1
2210,5821,2745,40,20599,20219,20579,20780,49975,40,1,1
2211,6452,3357,40,20368,19928,15679,20559,46087,49,1,1
2212,4208,2515,40,12484,12103,1223,12654,20660,40,1,1
2213,4208,802,50,9117,8927,1473,9277,15810,16,1,1
2214,6192,5049,40,14427,13826,2966,14627,28885,70,1,1
2215,7013,4539,40,16512,15951,3166,16712,31480,65,1,1
2216,6402,4539,50,20309,19748,3136,20509,34626,65,1,1
2217,6563,1923,40,20428,20118,17743,20599,46889,31,1,1
2218,2745,642,40,19056,18896,11983,19216,34626,12,1,1
2219,3096,1082,40,10931,10691,1864,11111,17183,20,1,1
2220,6703,4779,40,14467,13876,2344,14677,28544,68,1,1
2221,6873,4970,40,18605,18004,2665,18815,33363,71,1,1
2222,6983,5661,40,20639,19998,1954,20839,35487,75,1,1
2223,5981,2234,40,20108,19788,16641,20289,45195,34,1,1
2224,2995,1112,41,19787,19567,10871,19948,34976,18,1,1
2225,10931,5290,40,10651,10069,19216,10851,46328,67,1,1
2226,7524,6482,40,11231,10530,13045,11431,38543,83,1,1
2227,2605,1302,41,19687,19397,13596,19848,37401,23,1,2
2228,3777,1012,40,7845,7635,8085,8005,20919,18,1,1
2229,8195,6032,40,15840,15179,1874,16040,32191,78,1,1
2230,3146,1553,40,16732,16441,761,16892,22412,27,1,1
2231,15590,15649,40,24035,22602,7805,24306,63400,178,1,2
2232,6863,3797,40,21170,20689,8055,21361,40116,54,1,1
2233,4348,1473,40,11402,11131,1984,11562,19417,25,1,1
2234,6663,4559,40,12123,11572,1243,12323,24848,63,1,1
2235,4429,992,40,7845,7624,1072,8005,14538,19,1,1
2236,7043,5481,40,19066,18405,4459,19276,36299,78,1,1
2237,8035,5521,40,22302,21641,4228,22513,40347,77,1,1
2238,6783,1844,40,19858,19567,8205,20028,36910,29,1,1
2239,6823,4008,40,20329,19848,3797,20529,35197,55,1,1
2240,3486,762,40,10260,10069,1873,10410,16571,14,1,1
2241,6061,3857,40,9848,9348,1152,10050,21150,57,1,1
2242,6592,4238,40,14688,14126,1954,14878,27722,65,1,1
2243,7845,4007,40,14497,13996,1653,14698,28253,58,1,1
2244,6593,5791,40,22533,21882,6552,22743,41719,77,1,1
2245,15530,9468,50,22252,21361,3337,22482,50857,109,1,1
2246,6924,2414,40,19648,19286,2304,19818,31520,37,1,1
2247,3827,461,41,8476,8315,1302,8637,14267,11,1,1
2248,4518,992,41,17162,16921,1563,17313,24446,18,1,2
2249,6732,5190,40,18916,18284,1583,19116,32681,74,1,1
2250,6412,5350,51,16190,15599,4659,16391,32862,70,1,1
2251,4669,2505,40,34986,34575,2766,35156,45156,40,1,2
2252,5371,2214,40,20138,19778,9098,20308,37051,37,1,1
2253,2915,762,40,10309,10119,2595,10459,16791,14,1,1
2254,6292,3947,40,12103,11582,1123,12293,23705,59,1,1
2255,7174,5941,40,19397,18696,1693,19607,34465,83,1,1
2256,6392,4488,40,18084,17513,3607,18275,32802,65,1,1
2257,5701,4489,40,19677,19136,4218,19877,34335,63,1,1
2258,2034,812,40,19527,19337,11722,19677,34295,15,1,1
2259,2014,611,40,19107,18926,10780,19257,32712,13,1,1
2260,7644,8276,40,18185,17363,1092,18405,35467,98,1,1
2261,6793,5740,40,18184,17523,1894,18384,32852,77,1,1
2262,6312,4869,40,17864,17263,3657,18064,32943,69,1,1
2263,6152,5270,40,19056,18445,4077,19267,34806,72,1,1
2264,2124,390,40,19316,19166,15139,19467,37150,8,1,1
2265,7674,4388,50,21280,20769,14498,21481,48091,58,1,1
2266,841,160,40,8466,8366,591,8606,10249,2,1,1
2267,13315,12494,40,15730,14568,1153,15980,42982,145,1,1
2268,7535,5350,40,17624,16992,2004,17834,32763,74,1,1
2269,6562,4969,40,17553,16972,3296,17754,32621,68,1,1
2270,6462,5370,40,18095,17443,2805,18295,32972,75,1,1
2271,5150,1573,40,21200,20930,19768,21360,47901,25,1,1
2272,9898,10681,40,23024,21922,20088,23264,63971,131,1,2
2273,4669,2976,40,15950,15540,1864,16120,25679,44,1,1
2274,7073,5851,40,18355,17673,3055,18556,34585,80,1,1
2275,5941,4449,40,17082,16521,3386,17273,31099,64,1,1
2276,5872,4568,41,17473,16892,2625,17664,30789,66,1,1
2277,6272,2144,40,20308,19968,20839,20479,49774,34,1,1
2278,5691,3637,40,21180,20699,15109,21370,45847,54,1,1
2279,7915,6512,40,14478,13736,1062,14688,30217,88,1,1
2280,3978,471,50,9278,9117,1943,9438,15870,11,1,1
2281,6412,4860,40,13836,13235,1513,14026,26861,70,1,1
2282,4198,1213,40,22803,22513,1102,22963,29526,23,1,2
2283,3797,2695,40,15640,15259,2114,15810,24456,40,1,1
2284,2915,622,40,19046,18876,16652,19206,39445,13,1,1
2285,17924,23033,40,25769,23864,14397,26090,81504,240,1,2
2286,6602,5400,40,14748,14117,1152,14948,28153,74,1,1
2287,1703,842,40,11382,11181,781,11542,14908,16,1,1
2288,12453,13376,40,13816,12544,1874,14076,41819,155,1,2
2289,4188,2545,40,15429,15059,2435,15599,24807,38,1,1
2290,6141,4519,50,20068,19517,2245,20278,33223,64,1,1
2291,6001,2304,40,20278,19918,17914,20448,46708,36,1,1
2292,2705,1313,40,19537,19297,11742,19697,35497,22,1,1
2293,1914,471,40,10510,10349,641,10660,13726,9,1,1
2294,11361,9888,40,11662,10690,1232,11893,34425,119,1,1
2295,2565,1653,50,12384,12112,581,12554,17383,26,1,1
2296,9598,10791,40,20579,19488,4579,20829,45847,131,1,2
2297,2304,1483,40,17965,17693,601,18125,22563,25,1,1
2298,13205,14898,40,24046,22662,16421,24316,68900,171,1,2
2299,2905,1002,40,19427,19207,9989,19587,33533,18,1,1
2300,5240,4368,40,12453,11902,1273,12644,23575,63,1,1
2301,3867,1182,41,8105,7855,1142,8266,14497,22,1,1
2302,7585,5891,40,12955,12294,1523,13155,28194,77,1,1
2303,6071,4619,40,18736,18175,3577,18936,33243,65,1,1
2304,8035,6192,40,22984,22283,2374,23194,39835,83,1,1
2305,5741,2304,40,19527,19197,11753,19707,39555,35,1,1
2306,2354,642,40,18986,18805,6893,19136,29085,13,1,1
2307,4298,1112,40,10129,9889,2915,10300,18655,21,1,1
2308,7264,4107,40,10930,10420,1442,11111,23985,58,1,1
2309,5481,2044,40,24536,24166,2175,24696,34456,34,1,2
2310,6833,5741,41,21250,20589,2605,21471,36680,79,1,1
2311,5680,2525,40,20259,19907,7454,20439,36148,37,1,1
2312,6833,3607,40,20238,19777,4048,20428,34946,51,1,1
2313,4319,1072,40,8786,8546,1532,8947,15900,20,1,1
2314,4709,1222,40,9318,9067,1022,9478,16491,23,1,1
2315,6553,4348,40,14308,13757,2384,14488,27823,62,1,1
2316,4579,1072,40,13115,12884,1683,13275,20659,20,1,1
2317,6793,5140,50,15650,15079,5000,15860,32823,68,1,1
2318,3857,501,50,31039,30838,1773,31199,37360,11,1,2
2319,4819,290,50,18565,18435,2855,18716,26730,7,1,1
2320,2775,381,40,7975,7825,1002,8135,12333,9,1,1
2321,6011,4459,40,14117,13566,1994,14317,26821,63,1,1
2322,6593,5430,40,19427,18795,2876,19637,34566,74,1,1
2323,6362,3256,40,17393,16943,1403,17583,28644,51,1,1
2324,6853,5942,40,19056,18395,2244,19256,34335,77,1,1
2325,5680,2895,40,21020,20599,9238,21200,39064,44,1,1
2326,6763,4638,40,21320,20749,7094,21511,40046,64,1,1
2327,4569,2425,40,11742,11351,1894,11912,20850,41,1,1
2328,6853,5200,40,12413,11822,1062,12614,25779,69,1,1
2329,6552,4709,40,17643,17062,1874,17834,31029,66,1,1
2330,6262,4068,40,17714,17193,3306,17904,31580,59,1,1
2331,7143,5210,40,18625,17994,3837,18826,35056,73,1,1
2332,5580,2114,40,20378,20038,9528,20549,37821,34,1,1
2333,5150,2535,40,20499,20098,9939,20669,38353,43,1,1
2334,9628,4268,40,18004,17503,18465,18195,50606,56,1,1
2335,3366,1634,50,13806,13526,13766,13976,32792,27,1,1
2336,1533,511,40,8736,8576,9117,8887,20098,10,1,1
2337,17463,23855,50,22082,20158,24977,22423,88768,247,1,1
2338,3296,1623,40,15940,15649,4168,16101,25218,27,1,1
2339,2404,1653,50,16040,15770,631,16210,20929,26,1,1
2340,17543,22402,40,25508,23594,20810,25839,86634,242,1,2
2341,2555,871,41,19426,19216,17614,19577,40677,17,1,1
2342,6663,7604,40,10260,9427,2264,10470,27061,96,1,2
2343,6512,4459,50,13185,12644,1293,13385,25689,63,1,1
2344,6542,5420,40,16631,16020,2565,16832,31389,72,1,1
2345,6663,4779,40,16722,16141,2865,16922,31279,67,1,1
2346,6914,5159,40,17934,17333,2685,18145,32933,70,1,1
2347,5931,2756,40,20669,20298,20689,20839,50265,38,1,1
2348,6663,4699,50,20669,20118,13806,20879,46087,64,1,1
2349,6312,5390,40,14588,13957,1012,14798,27542,74,1,1
2350,5491,2735,50,10550,10170,1183,10730,20179,42,1,1
2351,6482,5110,40,16922,16311,2124,17122,30888,71,1,1
2352,6502,4709,41,16491,15930,3336,16682,31279,64,1,1
2353,6432,4929,51,17463,16872,2394,17674,31479,70,1,1
2354,5861,2364,40,20939,20609,20189,21110,49574,34,1,1
2355,2575,1393,40,19627,19377,15229,19787,39044,24,1,1
2356,5982,4979,40,14217,13606,1022,14427,26440,71,1,1
2357,4489,1092,40,19577,19316,1593,19747,26951,19,1,2
2358,6703,4459,40,16251,15690,3396,16441,31059,64,1,1
2359,6292,4979,40,20348,19747,3196,20549,35076,70,1,1
2360,6242,1814,40,20489,20188,15028,20649,43793,29,1,1
2361,5761,2926,50,21781,21360,15249,21961,45957,47,1,1
2362,5931,4759,40,13335,12744,1001,13526,25267,67,1,1
2363,6572,5160,40,13516,12904,1954,13726,27452,71,1,1
2364,7464,5560,51,19837,19166,2004,20048,35116,79,1,1
2365,3607,2946,40,18405,17994,3897,18595,29075,44,1,1
2366,6172,2034,40,19928,19608,12113,20108,40477,33,1,1
2367,2415,1052,40,19777,19557,7815,19937,31259,19,1,1
2368,5260,2034,40,11312,10971,1603,11472,20419,33,1,1
2369,6672,4819,40,12153,11572,1984,12364,25879,68,1,1
2370,4358,632,50,7664,7504,1092,7824,13957,12,1,1
2371,6483,5119,50,19697,19076,3236,19918,34806,74,1,1
2372,6552,5520,40,20449,19798,2164,20659,34926,76,1,1
2373,5761,2124,40,20038,19718,15420,20218,43573,33,1,1
2374,2635,1332,40,19397,19137,8917,19557,32471,23,1,1
2375,3176,802,40,10620,10410,2365,10770,17153,16,1,1
2376,7063,4729,40,11933,11362,1723,12133,25688,66,1,1
2377,5371,2044,40,13525,13195,1933,13695,23084,33,1,1
2378,5040,1874,40,13295,12984,1533,13475,21962,31,1,1
2379,7194,5901,40,21020,20339,1864,21220,36239,80,1,1
2380,5059,852,40,19407,19216,12293,19567,37821,16,1,1
2381,2996,1313,40,19306,19036,5700,19467,29526,24,1,1
2382,4399,3146,40,10049,9618,1042,10229,18866,47,1,1
2383,4598,1674,40,16321,16000,1112,16481,23915,26,1,2
2384,2855,1293,40,11271,11001,2865,11431,18495,24,1,1
2385,7584,2845,40,13956,13555,1453,14137,26069,43,1,1
2386,7495,5901,50,21270,20609,4618,21491,39545,78,1,1
2387,6092,2134,40,19658,19307,5500,19828,33604,35,1,1
2388,7164,2985,40,19416,19006,2284,19598,32081,44,1,1
2389,4338,571,40,8717,8536,1302,8867,15128,12,1,1
2390,5400,2855,40,13065,12654,3617,13245,25157,45,1,1
2391,4588,902,40,20750,20509,1703,20900,28143,16,1,2
2392,7023,5390,40,16100,15459,3607,16301,32361,75,1,1
2393,6342,4930,40,18435,17834,1473,18625,31430,69,1,1
2394,5120,751,40,18786,18585,1653,18956,26510,16,1,1
2395,2284,902,40,19968,19768,5571,20138,28925,16,1,1
2396,3917,1904,40,14788,14468,2285,14968,23114,32,1,1
2397,6472,5190,41,17302,16701,2826,17503,32041,69,1,1
2398,6533,4518,40,17613,17052,3877,17804,32792,64,1,1
2399,5290,4027,40,18184,17663,5891,18375,33633,58,1,1
2400,13486,12573,40,25979,24807,8677,26230,61026,146,1,1
2401,2294,1092,40,19667,19437,13696,19828,36950,19,1,1
2402,7445,7494,50,14327,13526,1022,14547,30558,98,1,1
2403,7344,5079,41,12082,11491,1262,12274,26009,68,1,1
2404,6833,5541,40,13245,12614,1253,13445,27122,75,1,1
2405,9017,5611,40,12473,11822,1492,12684,28854,77,1,1
2406,6482,4519,40,16932,16371,3547,17132,31710,65,1,1
2407,6893,4799,40,18044,17463,4709,18244,34696,68,1,1
2408,1693,511,40,19668,19507,16140,19818,38212,10,1,1
2409,6592,4168,40,20899,20368,12684,21090,44594,60,1,1
2410,5881,4228,40,13996,13445,1012,14196,25358,62,1,1
2411,5721,2685,40,10290,9909,1182,10470,20108,41,1,1
2412,3467,2074,40,12433,12093,2084,12604,20289,34,1,1
2413,5501,3496,40,10800,10329,1303,10981,21341,52,1,1
2414,6452,5210,41,18715,18094,3547,18926,34165,73,1,1
2415,5260,4288,41,17903,17373,3817,18095,31510,61,1,1
2416,4809,1933,41,20368,20058,19277,20539,46608,31,1,1
2417,8476,9488,41,24255,23284,15299,24497,57800,115,1,2
2418,5270,5160,40,13736,13135,1012,13936,25418,70,1,1
2419,4829,3006,40,10630,10220,1162,10821,19858,46,1,1
2420,4379,3026,40,12273,11852,1834,12463,21742,46,1,1
2421,5069,2745,40,10159,9749,1353,10329,19557,43,1,1
2422,6382,4820,50,17002,16421,3617,17202,32081,68,1,1
2423,5942,4799,50,17523,16952,2776,17723,31280,66,1,1
2424,4348,1974,40,21621,21311,19808,21791,47981,32,1,1
2425,14097,14027,40,23394,22072,13957,23664,65785,162,1,2
2426,4568,3357,40,13065,12624,1082,13255,22302,49,1,1
2427,4017,441,40,8867,8706,1443,9017,14958,11,1,1
2428,7183,6362,40,14587,13886,1703,14799,30107,85,1,1
2429,6532,4288,41,24546,23965,1713,24747,37310,62,1,2
2430,7134,6221,40,17403,16701,1974,17624,32993,85,1,1
2431,5781,1923,40,20088,19778,20168,20249,48171,30,1,1
2432,8036,7203,40,21681,20860,11712,21912,48893,95,1,2
2433,6763,6092,40,13736,13055,1002,13946,27833,81,1,1
2434,8477,5059,40,14087,13495,2756,14297,30629,70,1,1
2435,7284,4629,40,18866,18275,3777,19056,34796,68,1,1
2436,7454,4890,40,20599,19998,3276,20799,36469,70,1,1
2437,6202,2254,40,20249,19908,17803,20429,46728,35,1,1
2438,2605,1022,41,19076,18855,10349,19237,33263,19,1,1
2439,6723,6131,50,14107,13435,1112,14317,28333,80,1,1
2440,6893,4689,40,13466,12905,2154,13656,27452,64,1,1
2441,6562,5160,50,18896,18294,2625,19106,33513,72,1,1
2442,8476,7143,50,21752,20979,2505,21972,40136,93,1,1
2443,5992,2374,40,20098,19748,12433,20268,41118,36,1,1
2444,2845,1403,40,19938,19678,5601,20098,29987,24,1,1
2445,10350,6512,50,11391,10710,18976,11612,47480,82,1,1
2446,3447,1613,40,7124,6823,9798,7284,22202,29,1,1
2447,9938,6403,40,9788,9087,1733,9999,28123,83,1,1
2448,2464,1553,40,25778,25478,871,25950,30878,25,1,2
2449,17884,18706,50,5711,4138,12133,6011,54774,196,1,2
2450,5110,2785,40,7475,7084,4869,7655,20459,42,1,1
2451,3216,2475,40,19257,18896,651,19427,25819,37,1,1
2452,14267,15168,40,23655,22282,8336,23926,61737,169,1,2
2453,6592,3407,50,20168,19717,8045,20348,38442,50,1,1
2454,5360,2445,40,10720,10349,1343,10900,20088,39,1,1
2455,6402,3888,40,10850,10340,1613,11041,22994,57,1,1
2456,6883,5210,40,25238,24587,2655,25448,40246,73,1,2
2457,7043,5601,50,21030,20389,2244,21240,36178,76,1,1
2458,5921,2164,50,19657,19336,7484,19838,35447,33,1,1
2459,5600,2475,40,19658,19297,4318,19828,32261,36,1,1
2460,4138,511,40,8917,8757,1854,9067,15620,10,1,1
2461,4278,772,40,8556,8356,992,8706,14808,16,1,1
2462,7143,4850,40,15048,14457,3596,15259,30888,69,1,1
2463,5020,1402,41,13235,12974,1523,13396,21381,24,1,1
2464,6592,4919,40,16561,15960,5180,16751,33493,69,1,1
2465,6141,2505,40,32412,31990,992,32592,42270,40,1,2
2466,4488,872,40,19096,18886,8436,19246,33102,17,1,1
2467,3105,431,50,8426,8275,1553,8587,13706,10,1,1
2468,6953,4859,40,15189,14618,5470,15400,32722,68,1,1
2469,7024,5660,40,18224,17573,1794,18425,32943,76,1,1
2470,7624,4729,50,18135,17553,3897,18345,34635,68,1,1
2471,7364,5360,40,19327,18696,3867,19537,36168,74,1,1
2472,6022,2735,40,20739,20329,9417,20910,39134,43,1,1
2473,6493,4438,41,21681,21160,7444,21882,40317,60,1,1
2474,4909,2625,50,12313,11933,2003,12493,22071,41,1,1
2475,7264,5901,40,12493,11822,1393,12694,27312,79,1,1
2476,7374,5390,50,16201,15580,1823,16411,31048,74,1,1
2477,6703,5059,41,17623,17012,2916,17824,32562,72,1,1
2478,7103,5130,40,18425,17824,3467,18635,34375,72,1,1
2479,6011,1884,40,20018,19698,17654,20188,45777,32,1,1
2480,6673,4198,40,20779,20258,16381,20969,48271,59,1,1
2481,2304,410,40,10150,9999,2635,10300,15700,8,1,1
2482,6542,4158,40,12704,12153,1022,12894,24656,62,1,1
2483,6923,5100,40,17353,16732,2034,17563,31650,72,1,1
2484,6372,3947,40,16912,16412,3717,17103,31189,57,1,1
2485,7434,5721,40,18756,18094,3476,18966,35657,78,1,1
2486,6723,2465,40,19868,19497,21050,20038,50326,38,1,1
2487,14367,15630,50,25869,24506,16932,26149,73118,173,1,1
2488,4087,2325,40,15309,14948,1834,15479,23765,36,1,1
2489,6833,5130,50,17383,16782,2175,17593,31781,71,1,1
2490,6392,4379,40,17393,16822,2765,17583,31159,65,1,1
2491,7034,6272,40,18224,17513,2915,18444,34706,84,1,1
2492,6122,2495,40,20388,20018,18394,20579,47640,40,1,1
2493,6793,4088,40,20459,19958,14227,20659,45807,57,1,1
2494,6112,3957,41,13956,13445,1693,14147,25949,57,1,1
2495,5801,2655,50,9859,9478,1383,10039,19928,42,1,1
2496,8295,6813,41,18485,17723,1482,18696,35326,91,1,1
2497,8206,6081,41,16882,16180,2785,17083,34215,83,1,1
2498,6833,5520,40,17813,17172,1833,18025,32261,76,1,1
2499,5851,2284,40,20689,20339,20649,20860,49704,35,1,1
2500,7234,3767,40,20589,20059,14157,20769,45977,55,1,2
2501,4518,2064,50,11682,11352,2795,11853,21290,34,1,1
2502,6843,5400,40,23214,22562,1873,23405,37581,72,1,2
2503,7244,5010,40,16421,15830,3126,16621,32041,69,1,1
2504,7083,5630,40,20980,20308,2054,21180,35998,79,1,1
2505,6382,2645,40,20569,20198,16100,20739,45917,38,1,1
2506,7815,4819,40,20529,19967,9868,20719,43272,64,1,1
2507,6352,5791,40,13876,13215,1032,14086,27301,79,1,1
2508,6803,4909,40,13225,12614,1883,13426,27061,71,1,1
2509,6422,4479,40,18375,17824,2875,18565,32381,62,1,1
2510,7344,6091,41,20458,19767,2435,20669,36579,83,1,1
2511,5881,2395,50,20849,20509,19366,21030,48722,36,1,1
2512,19147,14978,41,23755,22482,7865,24016,66056,159,1,1
2513,5330,2715,40,40296,39895,1363,40467,49925,41,1,1
2514,2465,992,40,30858,30648,2305,31018,36830,17,1,1
2515,35707,32531,461,79961,75743,12123,81505,162157,221,1,1
2516,6112,962,60,22052,21691,1563,22302,31019,10,1,1
2517,9929,6693,60,23675,22453,12504,23955,53141,55,1,1
2518,8786,7254,60,26210,25067,7194,26490,49784,62,1,1
2519,3897,2595,60,23445,22953,3206,23685,33463,26,1,1
2520,3427,731,61,29305,29085,16191,29526,49945,9,1,1
2521,3587,2034,60,29276,28895,11532,29516,46749,23,1,1
2522,4538,2234,60,20980,20419,2455,21220,30538,26,1,1
2523,8767,6552,60,19778,18996,1323,20058,36760,60,1,1
2524,4969,3717,60,18384,17783,2615,18646,30017,38,1,1
2525,10310,9287,71,18645,17583,1543,18956,40176,81,1,1
2526,4739,3527,60,25258,24736,5961,25519,39816,37,1,1
2527,3937,3216,71,26059,25558,852,26330,34415,34,1,1
2528,25258,36199,60,10671,7784,16171,11161,88879,250,1,1
2529,7174,5541,70,25288,24807,10039,25528,48342,50,1,1
2530,1983,952,40,19207,18996,12534,19357,34866,16,1,1
2531,6863,6723,40,16281,15570,1262,16491,31409,84,1,1
2532,5971,4609,40,12314,11763,1493,12504,24627,62,1,1
2533,13366,9117,40,18576,17704,1152,18796,42491,106,1,1
2534,6833,4809,40,17813,17252,3416,18004,33123,65,1,1
2535,5631,4719,40,18025,17454,3526,18225,32141,65,1,1
2536,5280,2314,40,20408,20068,20449,20589,48672,35,1,1
2537,6713,6342,40,21912,21161,16521,22122,51738,81,1,2
2538,1122,261,50,10540,10420,591,10690,12724,5,1,1
2539,11922,11021,50,14919,13856,1493,15179,39665,134,1,1
2540,7093,5290,40,13996,13375,1333,14187,27963,71,1,1
2541,5420,3567,40,10690,10239,1213,10870,21130,51,1,1
2542,6412,5080,50,17704,17113,3436,17904,32892,70,1,1
2543,6241,4980,40,17453,16872,3267,17653,32191,67,1,1
2544,4850,1212,40,19587,19347,18936,19747,44795,20,1,1
2545,16591,21451,41,25257,23464,16330,25579,79991,226,1,2
2546,1183,250,40,9047,8917,2895,9188,13566,5,1,1
2547,7925,5530,40,11141,10510,1512,11342,26359,73,1,1
2548,5521,2905,40,10240,9858,1623,10420,20509,41,1,1
2549,6692,5080,40,16992,16371,1603,17183,30618,71,1,1
2550,6472,4349,40,16591,16050,2876,16781,30528,62,1,1
2551,8045,8957,41,18945,18054,1202,19177,37431,109,1,1
2552,6282,2054,40,20128,19808,19718,20288,48392,31,1,1
2553,2685,1392,40,20209,19958,16150,20369,40637,22,1,1
2554,1022,160,40,8667,8577,2344,8817,12393,2,1,1
2555,6833,4940,40,13425,12834,1113,13615,26561,68,1,1
2556,7033,6472,40,15319,14617,1903,15540,30988,84,1,1
2557,7024,3887,40,16832,16331,4759,17032,32732,57,1,1
2558,3958,3066,40,18806,18375,2945,18986,29005,46,1,1
2559,6262,2375,40,20649,20308,16281,20829,45787,35,1,1
2560,2976,721,50,19137,18946,13445,19297,36489,15,1,1
2561,952,261,40,10680,10570,631,10830,12724,4,1,1
2562,10189,9859,40,15379,14386,2355,15609,38062,118,1,2
2563,6903,5260,40,19427,18786,4138,19627,35978,74,1,1
2564,7023,5661,40,21000,20339,2144,21200,36078,77,1,1
2565,5962,2865,40,20399,19988,18004,20579,47460,44,1,1
2566,2735,1012,40,19077,18855,11061,19237,34075,18,1,1
2567,6292,6082,40,14207,13536,1042,14417,27883,79,1,1
2568,6422,4549,40,15269,14708,2104,15469,28594,64,1,1
2569,6032,4869,40,18455,17864,2535,18645,32131,68,1,1
2570,7214,5961,40,19938,19256,1984,20158,35357,81,1,1
2571,6483,2304,40,19838,19497,14307,20008,43142,34,1,1
2572,4779,2735,40,20419,20028,9307,20599,37470,41,1,1
2573,5521,3066,40,12043,11612,2444,12223,23294,46,1,1
2574,3927,682,40,16671,16461,1142,16822,22633,12,1,2
2575,6162,3136,40,7845,7445,2685,8025,20068,44,1,1
2576,4008,2104,40,17503,17173,2655,17684,26481,34,1,1
2577,6823,5671,40,21170,20519,1754,21380,35678,77,1,1
2578,6753,1593,40,20108,19828,10240,20268,38894,25,1,1
2579,2285,711,40,19317,19127,7524,19477,30037,14,1,1
2580,4719,1994,40,10971,10651,1293,11151,19207,32,1,1
2581,6643,4398,40,11111,10570,1483,11301,23885,61,1,1
2582,6973,5531,40,20489,19858,4218,20689,37471,74,1,1
2583,6963,2936,40,13406,12995,4458,13596,27993,45,1,1
2584,4609,1142,50,15660,15439,1724,15820,23355,20,1,1
2585,6272,2544,40,19787,19427,5481,19978,34315,39,1,1
2586,6843,2524,40,19507,19136,2434,19678,31539,38,1,1
2587,3326,1403,40,9468,9208,1192,9628,15609,24,1,1
2588,4017,1192,40,17954,17674,1813,18115,25177,22,1,2
2589,6442,4198,40,16902,16371,2745,17093,30528,60,1,1
2590,6442,5441,40,16742,16120,4117,16932,32992,72,1,1
2591,6413,1973,41,34164,33803,2255,34325,45016,32,1,2
2592,4960,2895,40,20649,20258,7284,20830,36009,42,1,1
2593,4819,1092,40,12003,11772,1433,12163,19557,20,1,1
2594,7103,5661,40,12674,12043,1242,12885,26941,75,1,1
2595,6602,5050,50,14087,13506,1222,14297,27201,69,1,1
2596,7264,5130,50,12434,11853,1342,12644,26420,69,1,1
2597,6141,4639,50,18786,18214,3527,18996,33333,67,1,1
2598,5801,4900,40,19427,18826,3777,19627,34145,69,1,1
2599,5781,2555,40,21230,20860,9779,21410,39575,39,1,1
2600,2244,1042,40,19617,19387,7725,19777,30838,20,1,1
2601,3727,1152,41,14577,14327,2184,14738,21851,22,1,1
2602,6893,4869,40,15128,14557,1392,15329,28534,67,1,1
2603,7274,5841,40,17964,17282,1152,18165,32492,80,1,1
2604,6282,4208,40,17563,17022,3437,17753,31730,61,1,1
2605,5160,4489,40,18144,17614,3416,18345,31450,60,1,1
2606,6873,1644,40,19607,19336,16060,19777,44394,26,1,1
2607,16942,20780,40,26460,24797,13606,26780,78158,213,1,1
2608,7103,6893,40,17894,17123,1123,18104,33283,92,1,1
2609,7845,6272,50,19357,17453,2585,19577,36329,83,1,1
2610,7003,5651,50,17643,16992,3486,17844,34044,77,1,1
2611,5871,3948,40,17353,16842,3747,17533,31149,57,1,1
2612,5050,2034,40,19968,19647,19898,20128,47170,32,1,1
2613,9949,11031,40,22372,21279,16622,22613,60275,131,1,2
2614,6031,5471,40,16922,16281,1393,17122,30077,76,1,1
2615,6873,5621,40,17864,17223,3417,18064,34035,76,1,1
2616,6542,5140,40,17142,16541,3697,17343,32782,70,1,1
2617,2836,2064,40,16661,16341,731,16832,22513,32,1,1
2618,17673,21711,40,27061,25218,21251,27382,88077,232,1,2
2619,6753,2805,40,20238,19828,14878,20419,44905,43,1,1
2620,5310,4048,50,17022,16511,1453,17212,28083,58,1,1
2621,2124,1352,40,16771,16521,741,16933,21200,23,1,1
2622,18205,22202,40,22433,20520,3036,22753,66256,240,1,2
2623,5681,4598,40,17102,16561,2735,17293,30367,62,1,1
2624,6061,1954,40,19567,19247,19436,19738,47249,32,1,1
2625,2605,1142,40,19507,19267,11402,19677,34866,21,1,1
2626,11492,6612,40,11361,10700,19467,11582,49183,79,1,1
2627,3497,1773,40,8897,8597,10981,9067,25368,29,1,1
2628,16692,21891,40,6452,4689,16481,6773,61887,227,1,1
2629,9458,6102,40,19467,18746,13225,19677,48502,81,1,2
2630,3507,2314,40,10460,10110,11853,10630,28354,35,1,1
2631,3977,2515,40,15089,14718,3006,15269,24807,39,1,1
2632,7504,6232,41,20889,20208,2375,21100,37261,80,1,1
2633,6422,2495,40,19817,19467,17654,19997,46618,38,1,1
2634,6662,3777,40,20308,19828,10389,20499,41388,54,1,1
2635,6723,5771,40,13956,13305,1062,14157,27763,75,1,1
2636,6152,4719,40,14227,13686,2455,14427,27783,62,1,1
2637,7134,5320,40,19537,18926,3457,19737,35698,71,1,1
2638,6923,6152,40,20499,19818,1674,20709,35518,81,1,1
2639,6403,2665,40,20459,20078,16080,20639,45827,40,1,1
2640,2856,1172,50,19657,19417,9948,19817,33854,21,1,1
2641,5731,4719,50,13526,12955,1052,13726,25278,66,1,1
2642,6613,4929,50,13155,12563,1863,13356,26821,69,1,1
2643,8276,6332,40,19467,18766,4268,19677,38603,84,1,1
2644,6483,5430,40,21992,21341,3346,22192,37511,76,1,1
2645,6663,2204,40,19668,19327,10800,19848,39565,35,1,1
2646,2505,491,40,19116,18956,6502,19267,28805,10,1,1
2647,4599,1723,40,10780,10500,1553,10951,18866,26,1,1
2648,6923,4568,40,11602,11041,1212,11793,24556,64,1,1
2649,6573,4779,40,19517,18926,4429,19727,35548,69,1,1
2650,7784,6142,40,21170,20489,2053,21370,37400,80,1,1
2651,6031,1543,50,19497,19226,8225,19678,35507,27,1,1
2652,6632,3276,40,20148,19707,3777,20339,34064,48,1,1
2653,5260,1783,40,9407,9107,1482,9569,18154,29,1,1
2654,4328,1333,50,8937,8676,1352,9107,16160,24,1,1
2655,5220,1222,40,12514,12263,1393,12674,20559,22,1,1
2656,5420,2134,50,13957,13626,1583,14127,23314,34,1,1
2657,7183,5651,40,24156,23505,732,24366,37982,76,1,1
2658,17603,22042,40,25278,23393,3236,25599,68530,237,1,2
2659,5991,2635,40,19397,19016,1724,19577,29967,40,1,1
2660,4158,871,40,8867,8656,1282,9017,15369,16,1,1
2661,8145,8617,40,16531,15630,1062,16762,34636,110,1,1
2662,7645,6422,40,19657,18936,2625,19868,36610,85,1,1
2663,4890,1332,40,15379,15109,1683,15540,23495,24,1,1
2664,6953,5591,40,19657,19006,1643,19858,34095,76,1,1
2665,6081,3527,40,20880,20409,9999,21060,40707,52,1,1
2666,2414,972,40,19287,19056,8957,19447,31840,19,1,1
2667,2454,702,40,11111,10921,2555,11261,17022,13,1,1
2668,6172,3547,40,11562,11091,1232,11752,22743,53,1,1
2669,5972,4638,40,16170,15599,1804,16371,28835,66,1,1
2670,6533,4709,40,17393,16802,3236,17593,32121,69,1,1
2671,5340,4078,40,18765,18255,3546,18956,31970,58,1,1
2672,4809,2405,40,20589,20229,9338,20769,37371,38,1,1
2673,5310,3136,40,20088,19658,10861,20268,39625,47,1,1
2674,10550,6182,50,17824,17133,1293,18044,36119,83,1,1
2675,6913,5520,40,19567,18916,2966,19778,35227,76,1,1
2676,6643,4458,40,17453,16903,3627,17654,32442,63,1,1
2677,5710,4137,40,18655,18124,3296,18856,32050,61,1,1
2678,4579,1763,51,20058,19777,19457,20229,46078,27,1,1
2679,14137,17733,40,24607,23044,19316,24907,76144,194,1,2
2680,13004,14698,40,23434,20799,1734,23715,53191,172,1,1
2681,6582,5430,40,18535,17894,1914,18746,32732,75,1,1
2682,6773,5019,40,17744,17152,2956,17954,32742,68,1,1
2683,7424,6442,50,19176,18475,2064,19397,35377,85,1,1
2684,5740,2735,40,20970,20599,19807,21140,49463,38,1,1
2685,5661,3817,40,21060,20579,16872,21251,47641,53,1,1
2686,6052,5831,40,14688,14017,1132,14888,27953,78,1,1
2687,6062,2735,40,10300,9919,1282,10480,20609,40,1,1
2688,6202,4959,40,13736,13144,1593,13937,26751,69,1,1
2689,4839,722,40,9087,8897,1433,9247,16271,15,1,1
2690,6582,4970,40,17083,16492,3216,17273,32101,68,1,1
2691,5962,4528,40,17503,16952,2424,17704,30658,63,1,1
2692,6202,2094,40,19778,19437,19737,19938,48021,33,1,1
2693,3848,3126,40,20228,19757,12915,20408,40337,47,1,2
2694,5190,2805,41,12854,12433,1603,13025,22683,44,1,1
2695,4077,632,40,8937,8756,1613,9087,15459,12,1,1
2696,6843,6042,40,14898,14217,2214,15098,30257,81,1,1
2697,6612,4389,40,16191,15630,2825,16391,30277,65,1,1
2698,7925,5901,40,20890,20199,1563,21100,36539,82,1,1
2699,6282,2144,40,19657,19317,16371,19827,44674,34,1,1
2700,3186,761,40,18886,18686,12504,19036,35548,16,1,1
2701,5130,3456,40,13325,12844,1122,13506,23264,53,1,1
2702,7634,6473,40,14277,13546,1974,14487,30618,87,1,1
2703,6423,5109,41,19887,19246,4118,20088,35788,74,1,1
2704,7044,6302,40,21521,20810,2194,21731,37321,84,1,1
2705,6422,1854,40,20008,19698,14287,20178,42791,30,1,1
2706,6282,3417,50,21791,21371,7885,21981,39615,47,1,1
2707,1874,291,40,10309,10189,652,10469,13326,5,1,1
2708,10580,8977,40,11021,10079,1083,11261,31951,115,1,1
2709,3136,1824,40,11812,11502,2515,11982,19497,30,1,1
2710,7194,6062,40,20078,19387,1984,20278,35568,81,1,1
2711,7575,6252,40,20359,19657,2945,20569,37401,83,1,1
2712,6282,1824,40,20138,19828,12534,20318,40998,31,1,1
2713,5591,3036,40,19998,19597,6081,20178,34936,43,1,1
2714,4919,2295,40,11362,11011,1773,11532,20579,36,1,1
2715,6482,4349,40,19006,18465,1553,19206,31640,59,1,2
2716,5641,4248,40,18385,17844,3206,18575,31720,61,1,1
2717,7754,6643,40,21371,20640,1853,21581,37891,88,1,1
2718,6502,1843,41,19717,19406,9137,19888,37400,31,1,1
2719,5741,3065,40,20158,19727,5991,20349,35196,47,1,1
2720,4338,1282,51,11301,11051,1533,11472,18665,24,1,1
2721,3256,992,40,6793,6573,1142,6943,12383,18,1,1
2722,3326,1032,40,9478,9247,1713,9639,15760,19,1,1
2723,6502,5270,40,20690,20068,4488,20890,37200,71,1,1
2724,7154,6182,40,17293,16592,4238,17493,35127,82,1,1
2725,4448,1092,40,12995,12765,1613,13155,20358,20,1,1
2726,5791,2144,40,19687,19357,5751,19867,33603,35,1,1
2727,6703,3146,50,19858,19437,2494,20038,32441,46,1,1
2728,3927,621,41,8756,8576,1002,8917,14507,14,1,1
2729,5901,3446,40,22552,22042,1783,22744,33914,53,1,2
2730,4629,551,40,12684,12504,1834,12834,19908,13,1,1
2731,6513,5290,40,15690,15069,6132,15890,33875,72,1,1
2732,1423,400,40,14146,13996,581,14297,16752,8,1,1
2733,12003,7594,40,21090,20259,1663,21310,42621,96,1,2
2734,7314,5470,40,22834,22212,9608,23034,45476,72,1,1
2735,5170,1884,40,15319,14988,12514,15489,35107,32,1,1
2736,3887,2214,40,13054,12704,10309,13225,29696,37,1,1
2737,1843,481,51,9357,9207,7795,9518,19687,10,1,1
2738,6383,4268,40,13816,13295,6022,14006,30729,59,1,1
2739,2285,1072,40,15690,15459,621,15850,19868,19,1,1
2740,17624,22422,40,6773,4929,5300,7094,52500,238,1,1
2741,16742,23154,40,24837,22914,1402,25158,66506,247,1,1
2742,5580,2435,50,20810,20459,11321,20990,40376,37,1,1
2743,1974,611,40,19307,19126,12884,19457,34986,13,1,1
2744,3206,1272,40,14608,14368,2825,14778,22131,22,1,1
2745,6923,5370,40,18114,17483,2395,18325,33063,73,1,1
2746,6452,4699,40,17413,16842,3276,17604,32081,67,1,1
2747,5179,3907,40,17754,17243,3667,17934,30748,57,1,1
2748,5981,2405,40,20349,19998,17092,20529,46047,36,1,1
2749,2715,1122,40,19176,18946,17674,19327,40898,20,1,1
2750,6362,4589,40,15219,14627,1984,15409,28404,65,1,2
2751,7725,5250,40,15369,14778,1243,15569,29827,70,1,1
2752,7123,5992,40,17072,16381,2104,17272,32551,81,1,1
2753,6573,4498,40,16771,16220,3366,16963,31460,63,1,1
2754,5661,4178,40,17693,17173,3466,17874,31239,59,1,1
2755,5901,2154,40,20088,19768,20720,20258,49073,32,1,1
2756,9177,8496,40,22823,21901,15179,23064,55956,107,1,2
2757,922,190,40,10861,10741,561,11001,12724,4,1,1
2758,10310,9338,40,16281,15359,1062,16511,37271,113,1,1
2759,6653,5280,40,18465,17834,2195,18675,32853,74,1,1
2760,8526,4920,50,17694,17103,3366,17894,34766,70,1,1
2761,12103,14818,50,20950,19617,1122,21220,49323,169,1,1
2762,6442,2475,40,20910,20538,20138,21080,50195,38,1,1
2763,2705,842,40,19587,19397,14938,19747,38282,14,1,1
2764,5009,2896,40,12784,12364,1343,12964,22272,46,1,1
2765,3897,1363,40,9538,9257,2274,9698,17282,26,1,1
2766,2815,1974,40,13115,12804,651,13275,18775,31,1,1
2767,16140,18526,50,29446,27782,2635,29746,67087,208,1,2
2768,7424,6052,40,16972,16301,1893,17192,32602,81,1,1
2769,6392,2174,40,20529,20188,12784,20699,42089,34,1,1
2770,6692,4409,40,21290,20740,13405,21491,46047,62,1,1
2771,7133,6983,40,14768,13996,1012,14989,30167,94,1,1
2772,6603,4989,40,13265,12664,2484,13466,27592,69,1,1
2773,7123,5781,40,20379,19707,2355,20589,35898,79,1,1
2774,6372,5521,40,20609,19968,2295,20809,35057,75,1,1
2775,6222,2535,40,21070,20690,19668,21250,49715,40,1,1
2776,2645,1202,40,19467,19207,12203,19627,35727,23,1,1
2777,7034,6242,40,13726,13045,1273,13946,28535,82,1,1
2778,6492,5120,40,13135,12534,2585,13335,27572,69,1,1
2779,6893,4669,50,17824,17243,2795,18024,32431,68,1,1
2780,6722,5260,40,20068,19427,1873,20259,34174,75,1,1
2781,6262,2805,40,20128,19747,19196,20309,48612,40,1,1
2782,6914,4358,40,21050,20529,10640,21240,43192,59,1,1
2783,5270,3968,40,13004,12494,2484,13205,24977,57,1,1
2784,6583,4759,40,13946,13365,2195,14136,27733,67,1,1
2785,2815,1854,50,17333,17042,5100,17503,27322,29,1,1
2786,7444,5811,40,23335,22673,4658,23545,41498,78,1,1
2787,6372,2304,40,20378,20028,11261,20548,40547,36,1,1
2788,2514,822,40,19367,19156,6122,19527,29025,17,1,1
2789,3817,711,40,10160,9969,2525,10320,17413,15,1,1
2790,5952,3236,40,10059,9618,1122,10259,20609,49,1,1
2791,4268,1392,41,16932,16620,1503,17093,24306,25,1,2
2792,7874,5119,51,15509,14918,1583,15710,30337,70,1,1
2793,6352,5610,40,20358,19707,3998,20559,36569,76,1,1
2794,5891,2265,40,19787,19437,4208,19958,32372,36,1,1
2795,6582,2584,40,19877,19497,2124,20058,31389,39,1,1
2796,5450,1773,50,9297,9007,1613,9478,18364,30,1,1
2797,4769,1263,40,8957,8717,1002,9117,16201,22,1,1
2798,6652,4940,40,20879,20288,5169,21090,37891,69,1,1
2799,7264,6392,40,17052,16331,2405,17262,33373,85,1,1
2800,4789,471,50,30839,30649,1763,30989,38072,10,1,2
2801,4749,842,40,18685,18475,4850,18835,29336,17,1,1
2802,3848,581,40,8446,8276,1663,8606,14748,12,1,1
2803,15269,19958,40,20428,18745,2875,20740,58892,214,1,1
2804,6191,5351,40,18204,17573,2656,18394,32652,73,1,1
2805,6292,3527,40,17583,17103,2023,17774,29676,54,1,1
2806,7204,5010,40,19457,18856,2755,19657,34676,70,1,1
2807,8005,3366,41,21009,20559,10150,21200,42771,51,1,1
2808,2224,1072,50,19407,19186,8036,19577,30959,20,1,1
2809,4649,3026,40,15610,15199,2094,15790,25609,44,1,1
2810,6782,5300,40,19226,18575,2495,19416,34054,75,1,1
2811,6622,4609,40,18225,17654,3587,18425,33293,67,1,1
2812,5691,4348,40,18294,17753,3556,18495,32141,63,1,1
2813,4739,1543,40,19678,19387,16922,19838,43102,27,1,1
2814,5530,2806,40,20298,19898,13535,20469,42400,43,1,1
2815,6522,5170,40,17443,16822,1153,17643,30538,72,1,1
2816,6392,5040,40,18585,17964,2615,18775,32872,71,1,1
2817,7715,5891,50,18485,17804,3096,18695,35447,81,1,1
2818,6101,4148,40,17974,17433,3316,18165,31770,61,1,1
2819,5000,1232,40,20158,19898,19226,20319,45837,23,1,1
2820,9318,8907,40,22242,21280,16572,22472,57319,112,1,2
2821,3406,1173,40,11842,11592,1924,11992,18545,21,1,1
2822,4639,1824,40,10019,9718,1353,10189,18065,31,1,1
2823,6352,4658,40,14297,13726,1823,14488,27372,65,1,1
2824,6352,3036,40,11081,10651,1483,11271,22182,47,1,1
2825,7113,5130,40,17603,16992,3516,17794,33613,71,1,1
2826,6502,5069,40,17423,16802,2184,17624,31429,72,1,1
2827,6292,2815,40,20559,20158,20699,20730,50596,42,1,1
2828,2915,1383,40,19727,19457,15970,19888,40206,25,1,1
2829,4068,2054,40,15329,14999,2255,15489,23926,33,1,1
2830,6873,5040,40,16742,16141,1823,16952,30718,70,1,1
2831,6021,3858,40,16361,15860,3116,16541,29596,56,1,1
2832,5822,4658,40,17343,16782,3065,17534,31129,64,1,1
2833,4819,1653,40,20639,20349,19977,20799,47309,28,1,1
2834,4168,3156,40,20619,20129,17573,20800,45747,49,1,2
2835,7504,8106,40,15790,14969,1122,16000,32792,99,1,1
2836,5380,2114,40,22483,22111,1613,22643,31810,33,1,2
2837,8005,6232,40,16862,16151,3266,17072,34625,85,1,1
2838,6783,5360,40,19728,19087,1663,19928,33784,75,1,1
2839,6132,2925,40,21181,20779,18034,21351,48492,42,1,1
2840,2585,931,50,19036,18825,13145,19197,35918,18,1,1
2841,9569,5510,40,10911,10280,18305,11111,44545,73,1,1
2842,11441,12614,40,14207,13034,14096,14468,52669,147,1,1
2843,5660,4028,40,20569,20048,18375,20749,48872,54,1,2
2844,3667,2094,40,10330,10009,12514,10500,28835,33,1,1
2845,5149,4047,40,15800,15249,3847,15980,29085,59,1,2
2846,5581,4368,40,18555,18014,2756,18745,31500,61,1,1
2847,5150,1773,40,20418,20118,19517,20589,47080,30,1,1
2848,11021,11382,40,22573,21440,11933,22813,57209,137,1,2
2849,5491,4478,40,12885,12344,1012,13085,24126,63,1,1
2850,7173,5040,40,13075,12464,1643,13275,27181,71,1,1
2851,6553,3156,40,25558,25068,1823,25739,37311,49,1,2
2852,6612,5511,40,19627,18986,1853,19827,33854,75,1,1
2853,5781,2605,40,20439,20028,17523,20619,46578,43,1,1
2854,2825,981,40,19096,18875,8576,19247,31690,18,1,1
2855,3817,1683,41,11311,11010,1944,11482,18976,29,1,1
2856,6873,5190,40,12053,11462,1422,12253,25788,70,1,1
2857,6883,5341,40,20128,19517,1764,20328,34376,72,1,1
2858,8136,6943,40,21741,21010,2124,21962,39225,89,1,1
2859,5981,1473,40,21250,20990,8886,21410,37801,24,1,1
2860,7815,4889,40,20780,20198,4989,20970,38713,66,1,1
2861,4198,1403,40,9478,9208,1884,9638,17183,25,1,1
2862,5631,1062,40,15189,14929,1112,15349,23194,19,1,2
2863,6633,5290,40,19828,19207,2805,20028,34816,73,1,1
2864,6773,5841,40,16301,15649,6062,16501,35237,76,1,1
2865,3817,761,40,13024,12824,2053,13184,19867,15,1,1
2866,5851,1423,40,19126,18866,2825,19286,29435,24,1,1
2867,4679,401,40,18615,18475,1733,18766,25639,9,1,1
2868,3537,390,41,8285,8145,1674,8446,14087,8,1,1
2869,7494,7024,40,15249,14468,1212,15459,31249,93,1,1
2870,4668,1493,41,23584,23274,1724,23745,31690,25,1,2
2871,6883,5921,40,15299,14608,4338,15499,32701,81,1,1
2872,2013,652,40,15479,15299,762,15629,19096,13,1,1
2873,12123,8767,40,21902,20969,4168,22122,47230,109,1,2
2874,6623,4178,40,21461,20940,7093,21651,39585,59,1,1
2875,5050,2254,50,12073,11732,2104,12243,21711,36,1,1
2876,8025,5270,50,12804,12183,1132,13005,27492,74,1,1
2877,6602,5781,41,15018,14347,1503,15219,29155,79,1,1
2878,7625,6302,40,12794,12083,1172,13004,28153,85,1,1
2879,6141,5020,40,19156,18545,3627,19356,34194,70,1,1
2880,7444,6422,40,19887,19176,3156,20098,37160,85,1,1
2881,4899,2545,40,20990,20629,10119,21160,38773,38,1,1
2882,2014,742,40,19046,18856,11011,19196,33013,14,1,1
2883,7003,7715,40,18215,17383,1092,18425,34295,100,1,1
2884,6402,5109,40,18595,17964,2675,18796,33022,73,1,1
2885,6262,4679,40,17683,17102,3647,17873,32521,66,1,1
2886,5550,4278,40,18315,17773,4048,18515,32441,62,1,1
2887,7805,1844,40,20188,19898,17303,20358,47360,29,1,1
2888,8155,4819,40,21250,20679,13676,21451,48151,65,1,1
2889,6763,6262,40,17193,16481,1122,17393,31600,83,1,1
2890,6362,4909,40,18134,17543,3016,18325,32672,68,1,1
2891,6602,4128,40,17052,16512,3146,17253,31159,61,1,1
2892,6322,5170,50,19087,18475,3005,19297,33844,72,1,1
2893,6963,3186,41,20168,19727,19657,20349,50205,47,1,1
2894,2875,1503,51,19847,19597,17193,20018,41639,24,1,1
2895,811,110,40,8045,7945,581,8215,9768,1,1,1
2896,18425,17804,41,16821,15339,1472,17113,54864,189,1,1
2897,6742,4970,40,16612,16001,1964,16802,30528,70,1,1
2898,6422,4559,40,16612,16061,2835,16812,30688,64,1,1
2899,7074,6221,40,17884,17192,2635,18095,34075,82,1,1
2900,6473,2404,40,19678,19316,19487,19858,48272,38,1,1
2901,2895,1203,40,19316,19086,15018,19486,38643,20,1,1
2902,4909,3697,40,13746,13245,1102,13927,23695,55,1,1
2903,4269,1272,40,9458,9198,1513,9618,16722,24,1,1
2904,6572,5370,51,15679,15058,2335,15880,30217,73,1,1
2905,7184,5069,50,16571,15960,2986,16782,32071,72,1,1
2906,7143,5791,40,19236,18565,3637,19447,36068,80,1,1
2907,6151,1754,40,20789,20489,20539,20969,49453,30,1,1
2908,2635,1122,41,19246,19006,11983,19407,35197,21,1,1
2909,5871,4979,41,15048,14437,1052,15249,27201,71,1,1
2910,6603,5470,41,14267,13635,2474,14478,29065,74,1,1
2911,6282,4929,41,20398,19817,2245,20589,34095,66,1,1
2912,6603,5460,41,20168,19517,2485,20369,34967,76,1,1
2913,6402,2605,50,20639,20268,16521,20819,46387,39,1,1
2914,2866,711,50,19718,19537,10319,19878,33814,15,1,1
2915,6712,6343,40,14006,13305,1063,14216,28384,84,1,1
2916,6543,4398,40,12995,12444,1613,13185,25789,62,1,1
2917,7354,5330,41,20078,19436,4478,20289,37501,75,1,1
2918,7083,6342,40,21520,20819,2685,21742,37912,85,1,1
2919,6663,2515,40,19727,19357,15810,19907,44945,39,1,1
2920,8406,5551,40,21370,20729,8576,21581,44154,75,1,1
2921,3386,1032,40,10801,10570,2174,10961,17603,19,1,1
2922,5060,1272,50,15820,15540,1173,15980,23545,22,1,2
2923,6613,3637,40,7815,7354,1172,7995,19467,50,1,1
2924,4348,2845,41,17643,17222,3567,17824,28634,45,1,1
2925,6833,5480,40,22222,21581,2615,22413,37401,74,1,1
2926,6462,2535,40,20328,19958,12072,20509,41618,38,1,1
2927,2344,561,50,18755,18595,7244,18916,29115,11,1,1
2928,4439,1553,40,11391,11121,1644,11571,19247,27,1,1
2929,6332,3717,40,10580,10089,1132,10770,22002,55,1,1
2930,7254,5710,50,20559,19898,3266,20770,37050,78,1,1
2931,5170,2044,40,14378,14047,1603,14538,23415,33,1,1
2932,5270,1873,40,19807,19487,5841,19988,33022,33,1,1
2933,7414,4859,40,17904,17333,1273,18104,31710,67,1,1
2934,6813,2074,40,19507,19186,3116,19687,31730,34,1,1
2935,2816,210,50,8406,8296,1403,8556,13045,5,1,1
2936,3927,481,40,8246,8076,982,8396,13836,11,1,1
2937,6673,5440,40,13857,13215,3256,14057,29486,75,1,1
2938,4729,591,40,12855,12674,1683,13015,20068,13,1,1
2939,7274,4348,1884,14677,14137,4358,16712,32752,61,1,1
2940,6662,1583,40,31610,31299,2254,31770,42330,25,1,2
2941,5711,3597,40,21351,20890,8937,21531,39836,50,1,1
2942,3617,150,40,8476,8366,1934,8616,14377,3,1,1
2943,7635,4729,50,14006,13415,2184,14207,28795,69,1,1
2944,7294,6132,40,19056,18375,1713,19256,34455,80,1,1
2945,6231,4389,40,17273,16712,4759,17473,32902,64,1,1
2946,2785,1974,40,16832,16532,611,17002,22432,30,1,1
2947,17433,23905,50,7173,5240,10671,7504,59573,250,1,1
2948,4979,3166,40,21321,20899,8917,21511,38613,47,1,1
2949,5200,3376,40,21671,21220,7855,21852,38333,49,1,1
2950,12885,8406,40,19807,18986,9317,20028,50686,99,1,1
2951,3296,1904,40,11732,11432,3858,11902,21010,30,1,1
2952,1202,291,40,9378,9248,681,9528,11752,6,1,1
2953,17804,18565,40,17273,15709,17814,17573,71806,201,1,1
2954,3427,2254,40,17223,16852,5811,17393,28935,37,1,1
2955,4008,2625,40,17523,17133,672,17713,25058,41,1,1
2956,17663,21481,40,25428,23595,17252,25749,82185,231,1,2
2957,2555,1002,40,19197,18966,16842,19357,39816,19,1,1
2958,5260,2966,40,15860,15420,1744,16050,26060,47,1,1
2959,6793,5581,40,17183,16522,2735,17383,32542,77,1,1
2960,6602,4559,40,17824,17253,3757,18014,32992,66,1,1
2961,6052,4909,41,17703,17102,3306,17904,32221,69,1,1
2962,4338,1513,40,21070,20810,19447,21240,46578,25,1,1
2963,15509,17603,40,24346,22774,18084,24637,75884,196,1,2
2964,5200,3897,40,15950,15439,1323,16131,26611,57,1,1
2965,6152,4519,40,18355,17794,2334,18555,31600,65,1,1
2966,6423,4729,50,16722,16161,3867,16932,31991,66,1,1
2967,5991,5300,40,18105,17494,3376,18305,33022,71,1,1
2968,7604,2725,40,20920,20539,19858,21100,51347,40,1,1
2969,5621,2935,40,20159,19757,14878,20329,43813,42,1,1
2970,7184,6983,40,15349,14608,1082,15560,30869,89,1,1
2971,4579,1513,40,9598,9328,1422,9759,17333,25,1,1
2972,6222,4950,40,13986,13395,1723,14187,27132,69,1,1
2973,3977,902,40,9007,8807,1433,9177,15529,17,1,1
2974,6832,4899,40,17082,16481,3476,17293,32541,70,1,1
2975,6422,4829,40,18395,17794,2475,18585,32371,69,1,1
2976,6552,2294,40,20458,20128,20949,20630,50475,33,1,1
2977,3297,1873,41,19607,19266,13636,19778,38634,30,1,2
2978,6873,6181,40,14367,13676,1062,14578,28744,83,1,1
2979,6161,4819,50,13936,13375,2605,14147,27772,66,1,1
2980,4799,621,40,9468,9288,1473,9628,16571,13,1,1
2981,6242,4789,40,17063,16492,3146,17263,31480,67,1,1
2982,5620,4639,40,20319,19748,3006,20519,33844,66,1,1
2983,6342,2725,40,21030,20619,17012,21200,47339,43,1,1
2984,3096,1082,40,19487,19257,11442,19647,35317,20,1,1
2985,4278,1823,40,11693,11371,1803,11863,19817,31,1,1
2986,5120,2725,40,9589,9197,1152,9769,18816,42,1,1
2987,5610,4489,40,14027,13476,3006,14217,27372,62,1,1
2988,7224,5650,50,19457,18815,4618,19678,37210,77,1,1
2989,7243,7645,40,20960,20249,1823,21170,37931,83,1,1
2990,6292,2595,40,20740,20369,15158,20920,45005,38,1,1
2991,5951,3256,40,20579,20138,10830,20750,40837,47,1,1
2992,5791,5050,50,12945,12354,1062,13155,25098,70,1,1
2993,6733,4328,40,12434,11903,2364,12624,26109,61,1,1
2994,6432,3888,40,26410,25869,1503,26610,38473,58,1,2
2995,7004,5851,40,20078,19397,1603,20278,34796,80,1,1
2996,6352,2585,50,20089,19727,11972,20279,41218,39,1,1
2997,2625,791,40,19316,19116,6022,19476,28965,16,1,1
2998,4970,1893,40,10580,10279,1693,10761,19357,30,1,1
2999,6442,2905,40,11753,11352,1392,11923,22723,43,1,1
3000,6683,5420,40,20860,20239,3757,21070,36990,73,1,1
3001,6903,5160,40,21541,20919,3156,21741,37010,72,1,1
3002,6973,1834,40,19427,19126,8837,19597,37291,30,1,1
3003,5510,2535,50,19718,19347,4939,19898,32922,40,1,1
3004,4709,1022,50,9027,8807,2525,9197,17503,20,1,1
3005,4238,982,40,8877,8657,1553,9027,15860,19,1,1
3006,4238,672,50,6372,6182,1082,6532,12564,15,1,1
3007,6071,4759,40,20349,19748,2405,20539,33834,69,1,1
3008,6533,5059,40,15871,15258,3687,16071,31400,71,1,1
3009,4158,842,40,13175,12965,1804,13325,20189,17,1,1
3010,6011,1363,40,19296,19016,2335,19456,29205,26,1,1
3011,5922,2013,40,19707,19366,2575,19888,30428,35,1,1
3012,2966,1192,51,9197,8957,1573,9368,15139,22,1,1
3013,1342,231,40,7705,7574,2505,7855,11973,5,1,1
3014,7525,6211,40,12884,12193,1313,13105,28194,84,1,1
3015,6392,5150,50,13847,13255,1002,14057,26631,70,1,1
3016,5871,3166,40,23895,23415,1693,24076,34856,47,1,2
3017,7154,5781,40,21320,20699,1442,21521,35958,73,1,1
3018,22893,15039,40,26100,24797,7975,26370,72317,163,1,1
3019,5200,3356,40,21060,20619,9057,21251,38904,50,1,1
3020,3747,1693,40,11632,11332,2094,11812,19386,29,1,1
3021,6362,4609,40,11983,11422,1082,12193,24296,64,1,1
3022,6372,4989,40,12684,12092,1533,12875,25829,68,1,1
3023,7585,4939,40,12424,11813,1262,12624,26460,70,1,1
3024,6071,4649,50,18115,17554,3907,18325,33002,66,1,1
3025,6582,5751,41,19727,19076,3457,19938,35788,78,1,1
3026,5340,2154,40,20629,20299,12173,20809,40516,33,1,1
3027,2064,842,40,19377,19177,11542,19527,34035,16,1,1
3028,6022,5630,50,18775,18124,1203,18996,31891,77,1,1
3029,6592,5681,50,17804,17153,2765,18014,33102,77,1,1
3030,6602,5110,50,17383,16791,3306,17583,32662,70,1,1
3031,5240,3868,40,17994,17493,3787,18184,31139,57,1,1
3032,5410,2184,40,20599,20259,20259,20779,48682,35,1,1
3033,3046,651,40,19307,19087,17433,19467,40637,13,1,2
3034,12123,15509,51,5059,3687,3036,5340,36058,174,1,1
3035,6722,4679,41,14818,14247,1402,15019,27882,66,1,1
3036,6562,2886,50,9819,9418,1222,10009,20729,44,1,1
3037,7735,6081,40,14116,13415,1202,14328,29406,83,1,1
3038,6883,5500,40,11542,10901,1293,11752,25468,75,1,1
3039,6122,4268,40,16712,16181,3096,16902,30438,60,1,1
3040,5680,4349,40,17172,16642,4358,17373,31800,60,1,1
3041,2104,781,40,19347,19157,17353,19497,39785,14,1,1
3042,8806,9549,50,22002,21039,13405,22232,54042,114,1,2
3043,7945,4589,50,14157,13586,1132,14357,28073,67,1,1
3044,5811,3096,40,10300,9868,1192,10490,20629,47,1,1
3045,6282,4889,40,17053,16451,2114,17243,30588,69,1,1
3046,7865,5650,51,17302,16651,2524,17523,33613,78,1,1
3047,6933,5771,40,17724,17063,2154,17924,32842,78,1,1
3048,6402,2344,41,20528,20208,20559,20710,50065,33,1,1
3049,7724,5521,40,21651,21000,14939,21861,50095,77,1,1
3050,5400,2966,40,13356,12915,1623,13536,23575,47,1,1
3051,3788,1212,50,9057,8807,1552,9227,15830,23,1,1
3052,6553,5230,40,14427,13806,2334,14637,28805,72,1,1
3053,7114,5120,40,16331,15730,3096,16541,31921,71,1,1
3054,6903,4699,40,19467,18876,1984,19657,33303,68,1,1
3055,6843,1613,40,20058,19777,19287,20228,48011,27,1,1
3056,3126,722,40,19016,18816,12253,19166,35327,15,1,1
3057,5300,4228,40,13736,13175,1152,13926,24656,64,1,1
3058,3306,1643,40,12303,12003,3657,12463,21130,28,1,1
3059,6422,5320,40,19017,18384,2444,19217,33463,73,1,1
3060,7554,6022,50,20268,19587,1803,20489,35918,82,1,1
3061,5922,2594,40,20478,20098,17833,20650,47049,39,1,1
3062,6963,3457,40,20148,19707,11121,20338,41929,50,1,1
3063,10721,5360,50,10750,10179,18835,10951,45917,66,1,1
3064,7735,6562,41,10880,10159,13636,11081,39074,86,1,1
3065,5571,2635,40,25609,25197,13145,25779,47190,39,1,2
3066,3697,1553,40,8506,8226,7965,8666,21941,26,1,1
3067,5460,4208,50,19377,18866,1764,19577,31059,59,1,1
3068,6683,3086,40,22162,21741,12213,22342,44374,45,1,1
3069,5811,3697,41,20248,19777,8336,20439,38323,53,1,1
3070,3276,962,40,10520,10289,2134,10670,17103,19,1,1
3071,8256,6432,51,19296,18555,1323,19507,35578,85,1,2
3072,7324,5660,40,19386,18745,3256,19588,35878,77,1,1
3073,7123,6042,40,21521,20839,4819,21721,39765,80,1,1
3074,6913,2024,40,19768,19437,7705,19938,36610,32,1,1
3075,6803,4468,40,20509,19978,3687,20709,35707,60,1,1
3076,3357,741,40,10290,10090,1974,10440,16572,15,1,1
3077,6292,3977,51,10670,10159,1342,10861,22522,59,1,1
3078,5961,4188,40,19707,19166,2825,19908,32932,61,1,1
3079,6683,5791,50,17653,17022,5911,17864,36299,75,1,1
3080,3417,1393,40,13185,12914,1833,13345,20038,25,1,1
3081,7585,2805,40,19868,19457,5310,20048,35798,43,1,1
3082,6913,2485,50,19768,19407,2204,19958,31590,38,1,1
3083,3076,180,40,8626,8516,1392,8777,13465,4,1,1
3084,4739,1963,41,21140,20779,1763,21311,29826,33,1,2
3085,4197,450,41,12864,12704,1783,13015,19506,10,1,1
3086,7103,6132,40,16010,15309,3667,16211,33163,82,1,1
3087,6172,2936,40,36138,35698,2325,36318,47801,45,1,2
3088,5210,1934,40,19998,19687,7705,20168,35067,31,1,1
3089,4318,1964,40,15620,15279,2234,15780,24356,34,1,1
3090,6853,5000,40,17363,16772,2324,17563,31790,68,1,1
3091,7354,4739,40,18566,18004,3627,18776,34536,66,1,1
3092,5460,4238,40,19157,18626,3607,19347,32712,61,1,1
3093,5741,3276,40,20860,20419,10660,21040,40767,48,1,1
3094,5200,3006,40,20409,19968,11021,20579,39866,47,1,1
3095,9458,7324,40,18004,17193,1132,18215,36189,97,1,1
3096,6673,5049,40,17584,16972,3937,17784,33493,71,1,1
3097,6813,4759,40,17884,17293,3877,18084,33583,69,1,1
3098,6662,5300,40,19127,18495,3406,19327,34745,74,1,1
3099,5250,1483,50,19587,19316,17203,19757,43733,25,1,1
3100,2575,832,40,19777,19577,15971,19937,39365,16,1,1
3101,4459,2585,40,12854,12464,1824,13034,21952,41,1,1
3102,6613,4488,40,11793,11232,1082,11993,24226,64,1,1
3103,6302,4629,40,16722,16151,2154,16912,30057,65,1,1
3104,6442,4518,40,17012,16451,3186,17203,31399,64,1,1
3105,5821,4819,40,18004,17423,2986,18205,31881,67,1,1
3106,4729,1793,40,21060,20749,19767,21241,47560,30,1,1
3107,13826,15560,50,24507,23095,18836,24787,73059,175,1,2
3108,3136,1332,40,11582,11331,1813,11753,18084,23,1,1
3109,4859,2445,40,10310,9929,1262,10490,19096,40,1,1
3110,6342,5070,40,17904,17283,2275,18104,31841,72,1,1
3111,6392,4609,50,17132,16561,2665,17333,31049,66,1,1
3112,7424,6683,50,18585,17864,2295,18805,35257,88,1,1
3113,6202,2264,40,19777,19426,20339,19948,48803,36,1,1
3114,9729,7294,40,21971,21180,15218,22182,54483,91,1,2
3115,8546,7845,40,17242,16431,1203,17463,35107,97,1,1
3116,6702,5541,40,14478,13827,2495,14678,29466,76,1,1
3117,4278,832,50,9187,8987,1523,9347,16030,17,1,1
3118,6953,5471,40,17794,17143,2364,17994,32832,76,1,1
3119,6783,5120,50,17023,16412,2274,17233,31460,73,1,1
3120,6241,2926,50,22363,21992,16822,22553,48582,40,1,1
3121,2866,942,40,19847,19627,15248,19998,39104,18,1,1
3122,1263,330,50,11663,11531,641,11813,14097,7,1,1
3123,12123,13967,40,17082,15789,3667,17342,47149,158,1,2
3124,5581,2805,41,18024,17613,2164,18205,28805,44,1,1
3125,6823,6061,41,20769,20088,1563,20970,35467,80,1,1
3126,6252,2315,40,20228,19888,17704,20398,46719,34,1,1
3127,2605,1092,40,19738,19507,12614,19898,36269,21,1,1
3128,6302,5781,40,13506,12835,1172,13716,27021,79,1,1
3129,6001,3116,40,9218,8797,1062,9398,19637,46,1,1
3130,7244,5891,40,14177,13486,1724,14377,29296,81,1,1
3131,6663,4949,40,19507,18896,2825,19708,34185,71,1,1
3132,6432,4950,40,19748,19126,2003,19948,33383,71,1,1
3133,7214,3366,40,20028,19587,15910,20219,46739,48,1,1
3134,2995,1183,40,19868,19617,9878,20028,34124,22,1,1
3135,1001,150,40,9648,9548,632,9798,11622,2,1,1
3136,8255,5431,40,9518,8897,1162,9728,24636,74,1,1
3137,2976,1933,40,11261,10961,2294,11442,18695,31,1,1
3138,7003,4979,40,19056,18445,2635,19256,33924,71,1,1
3139,7133,5982,50,21962,21270,2745,22182,38092,83,1,1
3140,5540,1984,40,20108,19788,12704,20278,40556,32,1,1
3141,7074,4057,40,20239,19737,6422,20429,38022,56,1,1
3142,4820,1943,41,10910,10600,1383,11071,19277,31,1,1
3143,5611,3496,40,10210,9728,1413,10410,20970,54,1,1
3144,6342,2645,40,26110,25677,1553,26290,36870,42,1,2
3145,7294,6472,40,21211,20488,1823,21431,37060,86,1,1
3146,6062,2254,50,21411,21069,8536,21581,38483,35,1,1
3147,2425,1022,40,19537,19317,5350,19697,28544,19,1,1
3148,5080,2976,40,11662,11241,1543,11832,21491,45,1,1
3149,4067,1644,40,9357,9057,1593,9518,16872,28,1,1
3150,6352,4960,40,16221,15610,3296,16411,31079,71,1,1
3151,4168,1052,40,14177,13957,1814,14337,21431,19,1,1
3152,6502,5170,41,21851,21220,5671,22052,39445,73,1,1
3153,5661,1453,40,19246,18966,2675,19407,29246,26,1,1
3154,5430,1543,51,19186,18895,4038,19357,30418,28,1,1
3155,3587,581,51,9057,8887,1523,9218,14949,12,1,1
3156,5730,3777,40,14287,13786,2224,14477,26259,55,1,1
3157,6923,6052,40,19347,18635,2805,19547,35387,83,1,1
3158,6833,4097,40,17974,17443,1322,18185,30477,60,1,1
3159,6643,5410,40,19708,19076,2224,19898,34235,74,1,1
3160,5941,3036,40,20860,20429,9838,21050,39905,46,1,1
3161,2064,892,50,19237,19046,8326,19397,30729,16,1,1
3162,5029,2515,40,14748,14367,2044,14928,24576,40,1,1
3163,6692,4830,40,18655,18054,3437,18845,33854,68,1,1
3164,6533,5160,40,18275,17643,4298,18465,34506,73,1,1
3165,3226,1944,40,16501,16191,611,16671,22502,30,1,1
3166,17523,23545,40,7093,5170,11231,7424,59773,247,1,1
3167,7624,5491,40,22853,22242,9718,23054,45937,71,1,1
3168,12413,14428,40,24797,23495,9679,25057,61637,163,1,1
3169,9047,4368,40,14879,14368,18324,15059,46858,57,1,1
3170,3848,2064,50,12764,12453,14698,12944,33604,32,1,1
3171,10741,11542,40,12514,11371,18996,12764,54103,138,1,2
3172,5630,2665,40,12994,12614,20038,13165,41558,40,1,1
3173,8125,6032,40,18946,18265,3958,19146,37301,80,1,1
3174,3207,1973,41,16351,16020,651,16512,22403,32,1,1
3175,17453,23445,40,7164,5220,20349,7494,68791,250,1,1
3176,5280,3587,40,22312,21831,18976,22502,50375,53,1,1
3177,2796,1022,50,19296,19076,17783,19457,41108,19,1,1
3178,7104,7444,50,2966,2164,3066,3186,20860,98,1,1
3179,7223,6102,40,16752,16051,1413,16962,31740,83,1,1
3180,6693,5230,40,17604,16983,2995,17804,32782,73,1,1
3181,6662,4799,40,16651,16050,2916,16852,31269,69,1,1
3182,8365,8156,40,18666,17834,2675,18886,38142,101,1,1
3183,4939,1844,40,19617,19317,19317,19777,45937,28,1,1
3184,15559,18545,40,25148,23555,13135,25448,72738,200,1,2
3185,1032,150,40,8346,8246,581,8486,10309,2,1,1
3186,12323,10750,40,12243,11221,1313,12494,36920,126,1,1
3187,5961,2405,40,9879,9538,1402,10049,19877,36,1,1
3188,6392,4618,40,16210,15649,1633,16402,29105,65,1,1
3189,13937,16180,40,20799,19357,1102,21090,52349,183,1,1
3190,7063,6141,40,17934,17242,2124,18135,33524,81,1,1
3191,6072,2495,40,20268,19908,20229,20448,49284,37,1,1
3192,8587,6983,50,22383,21621,14437,22593,52650,87,1,2
3193,5150,2023,40,12353,12033,1583,12524,21330,32,1,1
3194,5510,1984,40,20318,19998,1502,20489,29525,28,1,2
3195,6733,4939,40,18475,17884,3276,18675,33684,68,1,1
3196,3297,1903,50,16792,16491,3908,16962,26130,30,1,1
3197,6452,1984,40,19818,19497,14116,19988,42590,32,1,1
3198,1984,732,40,19988,19787,14096,20138,37000,14,1,1
3199,6192,5180,50,13967,13346,1012,14177,26611,73,1,1
3200,6623,5310,40,13756,13114,2575,13967,28525,75,1,1
3201,6703,4999,40,19817,19206,2144,20008,33914,71,1,1
3202,6602,5501,40,20459,19818,2385,20659,35207,75,1,1
3203,6121,2064,40,20179,19868,13385,20359,41959,31,1,1
3204,2695,581,41,18845,18705,7194,19006,29526,10,1,1
3205,4799,2554,50,11612,11241,1853,11793,21050,39,1,1
3206,4137,1032,50,8095,7885,1102,8256,14587,18,1,1
3207,7124,5290,40,12604,11993,1774,12814,27052,72,1,1
3208,4618,1142,40,8255,8015,1112,8415,15339,21,1,1
3209,3426,2395,40,17052,16692,4187,17233,27281,38,1,1
3210,7575,6552,40,20139,19426,1663,20349,36189,85,1,1
3211,6843,2985,50,20889,20479,16131,21080,47089,45,1,1
3212,2985,1303,40,19437,19187,9949,19607,33884,23,1,1
3213,5881,4368,40,13064,12523,1362,13266,24917,62,1,1
3214,6903,3797,40,11212,10720,1593,11392,23745,54,1,1
3215,4979,1503,40,11853,11572,1342,12033,19897,27,1,1
3216,7574,4990,40,15820,15219,1443,16020,30077,69,1,1
3217,7304,6442,40,21551,20840,1754,21761,37301,85,1,1
3218,7394,1653,50,19397,19127,7434,19567,36078,26,1,1
3219,6562,3948,40,20459,19948,4118,20639,35327,56,1,1
3220,4008,851,40,8667,8456,1493,8827,15219,16,1,1
3221,4899,932,40,6593,6382,1182,6753,13826,19,1,1
3222,4348,1824,40,9909,9608,1383,10069,17684,29,1,1
3223,6863,5049,40,14687,14076,2965,14889,29816,71,1,1
3224,6362,3637,50,16431,15941,1623,16622,28284,55,1,1
3225,6613,5690,40,23023,22352,3176,23224,38763,78,1,1
3226,5641,1943,40,19437,19106,4859,19617,32091,33,1,1
3227,6593,2945,40,19877,19457,2515,20048,32161,44,1,1
3228,4198,521,40,8586,8426,992,8736,14497,10,1,1
3229,6092,2895,40,9688,9257,1593,9879,20509,47,1,1
3230,4659,2194,40,11803,11442,1262,11973,20148,37,1,1
3231,4459,591,40,20108,19908,1824,20258,27182,11,1,2
3232,7214,5831,40,16161,15500,2745,16371,32211,79,1,1
3233,6993,7384,40,39445,38592,2044,39655,56126,96,1,2
3234,7254,4057,41,21190,20689,9167,21381,41889,56,1,1
3235,3066,1262,40,14066,13806,2565,14227,21160,23,1,1
3236,6422,5200,40,17794,17173,2725,17994,32401,72,1,1
3237,6613,4629,40,17844,17283,3877,18044,33223,64,1,1
3238,5360,3877,40,17944,17443,4699,18144,32131,58,1,1
3239,11271,10560,40,25479,24456,9027,25709,56617,126,1,1
3240,2174,862,40,19447,19236,13425,19607,36128,18,1,1
3241,7804,7755,40,15309,14468,1122,15529,32261,101,1,1
3242,7574,5481,40,12424,11773,1433,12634,27162,77,1,1
3243,6372,5139,41,14126,13515,1613,14327,27502,71,1,1
3244,6582,4839,40,12253,11652,1062,12454,24977,69,1,1
3245,6372,4559,40,16582,16011,3366,16782,31119,66,1,1
3246,5731,4779,40,18706,18125,4629,18896,34095,67,1,1
3247,1724,491,40,19417,19246,16862,19567,38684,10,1,1
3248,7584,7154,40,22152,21331,13335,22372,50485,96,1,2
3249,6853,5010,40,14848,14247,1173,15048,28134,70,1,1
3250,7064,4819,40,13475,12884,1072,13676,26671,68,1,1
3251,6422,4649,40,15980,15409,1923,16181,29225,67,1,1
3252,5951,4258,40,17123,16582,3136,17323,30708,61,1,1
3253,6332,4969,40,18395,17783,3297,18595,33243,70,1,1
3254,5060,2184,40,20289,19958,19777,20459,47530,32,1,1
3255,7575,7524,40,21892,21051,16351,22112,53612,98,1,2
3256,5371,4478,40,16622,16050,1212,16812,27933,65,1,1
3257,6803,5280,50,18736,18115,2695,18936,33764,73,1,1
3258,6943,5160,40,17053,16452,3987,17263,33403,71,1,1
3259,8456,5901,40,18325,17644,2114,18525,35056,80,1,1
3260,6332,2685,40,20689,20298,20729,20869,50666,42,1,1
3261,5560,3066,40,20018,19577,14297,20198,43171,48,1,1
3262,1082,170,40,10109,9999,602,10259,12163,3,1,1
3263,9488,8927,40,13195,12293,1052,13416,32943,110,1,1
3264,6944,5550,40,14508,13856,1643,14718,28905,76,1,1
3265,6583,4058,40,24246,23684,2024,24436,37151,60,1,2
3266,7244,6201,40,17302,16591,2003,17524,33012,85,1,1
3267,6062,2214,50,20309,19998,18996,20479,47801,32,1,1
3268,2535,1343,50,19798,19547,14537,19968,38433,23,1,1
3269,1092,171,40,9578,9468,601,9718,11632,3,1,1
3270,11972,11342,40,12704,11602,1002,12944,37320,136,1,1
3271,2996,1583,40,12033,11743,2956,12193,19788,27,1,1
3272,6693,4689,40,19367,18796,2625,19557,33624,66,1,1
3273,7003,6091,40,20849,20138,1984,21060,36188,84,1,1
3274,6542,2245,50,20168,19838,19317,20338,48502,34,1,1
3275,5491,2845,40,21581,21160,11442,21761,41589,44,1,1
3276,7454,7344,40,15199,14397,992,15410,31260,95,1,1
3277,6813,5711,40,14207,13546,2374,14417,29355,77,1,1
3278,7173,5180,40,19347,18706,4198,19557,36148,74,1,1
3279,6453,4899,40,19277,18666,3046,19467,33915,70,1,1
3280,6943,2786,40,20659,20289,13045,20829,43653,38,1,1
3281,2946,1352,40,19818,19558,6953,19978,31289,24,1,1
3282,12414,8446,40,11482,10651,18706,11702,51308,100,1,1
3283,3677,1733,40,8396,8106,10621,8566,24647,29,1,1
3284,2675,1433,40,25268,24958,612,25428,30188,24,1,2
3285,18325,17653,40,5420,3927,14337,5701,56056,185,1,2
3286,5039,2956,50,7685,7284,5791,7865,21701,43,1,1
3287,3316,2024,40,18866,18556,601,19036,25037,32,1,1
3288,14818,15760,50,24527,23084,10690,24807,66135,178,1,2
3289,2184,922,40,19296,19086,7574,19467,30177,17,1,1
3290,5010,2284,40,10761,10409,1433,10931,19718,36,1,1
3291,6793,4017,50,10410,9888,1353,10600,22823,59,1,1
3292,6793,5520,40,25939,25258,3627,26140,42120,75,1,2
3293,6632,5791,40,20208,19537,2856,20409,35748,78,1,1
3294,5250,2064,50,19607,19287,7785,19777,34926,33,1,1
3295,6883,3637,40,20028,19568,4128,20218,34916,51,1,1
3296,4849,902,40,8696,8496,1532,8856,16190,17,1,1
3297,4108,440,40,8386,8225,1312,8537,14457,10,1,1
3298,6893,4779,40,15178,14597,3276,15370,30378,66,1,1
3299,4228,531,40,12784,12614,1623,12934,19366,11,1,1
3300,6383,4618,40,16030,15469,5360,16221,32632,65,1,1
3301,8557,2044,40,32311,31951,1723,32481,44855,32,1,2
3302,14267,13075,40,25459,24245,6793,25719,59904,151,1,1
3303,4188,831,50,10851,10660,1483,11011,17563,16,1,1
3304,6773,5310,40,13165,12534,3136,13365,28624,73,1,1
3305,7605,6492,40,18786,18055,1282,18996,34425,87,1,1
3306,6252,5050,40,18225,17634,3957,18425,33734,69,1,1
3307,6472,5531,40,19417,18786,3567,19617,35237,74,1,1
3308,6292,3156,40,20959,20519,9989,21130,40627,47,1,1
3309,6573,4338,40,20910,20369,6863,21110,38914,62,1,1
3310,4499,2013,40,11101,10770,1904,11281,19748,34,1,1
3311,6883,5030,50,12133,11552,1363,12333,25659,68,1,1
3312,7544,6272,40,17033,16341,1342,17243,32451,83,1,1
3313,6742,4568,40,17143,16591,3126,17333,31830,64,1,1
3314,7033,5761,40,18926,18264,3096,19127,35067,78,1,1
3315,6122,1252,41,19607,19356,16291,19778,43483,23,1,1
3316,6352,3937,40,20670,20158,15399,20870,46608,57,1,1
3317,3657,1342,40,11352,11081,2214,11512,18785,25,1,1
3318,5811,3497,40,10630,10149,1082,10820,21260,53,1,1
3319,8476,7203,40,18204,17413,1944,18425,36088,96,1,1
3320,8165,4218,41,16651,16120,3437,16842,32712,60,1,1
3321,6472,5200,40,18646,18015,2935,18846,33503,73,1,1
3322,16251,9518,40,22993,22092,18075,23214,67118,109,1,1
3323,4698,2535,51,24125,23745,19127,24306,50716,40,1,1
3324,4409,1974,40,13555,13235,1883,13726,22042,32,1,1
3325,7585,6111,40,17593,16882,2255,17814,33805,85,1,1
3326,6262,4598,40,17202,16631,2906,17403,31219,67,1,1
3327,6553,5280,40,17503,16882,2816,17693,32402,72,1,1
3328,6752,2716,40,20358,19958,17663,20549,47710,43,1,1
3329,6903,3206,40,20529,20108,14988,20719,45857,45,1,1
3330,4889,2765,41,13004,12614,1814,13195,22703,43,1,1
3331,6181,2375,50,9779,9418,1182,9959,19747,38,1,1
3332,7254,5801,40,17173,16502,1723,17383,32211,79,1,1
3333,7384,4338,50,16251,15730,2805,16451,31028,61,1,1
3334,7694,6533,40,17954,17243,1934,18164,34375,85,1,1
3335,6151,2695,40,20178,19807,20719,20359,49954,39,1,1
3336,8676,7685,50,22062,21230,13746,22282,52449,98,1,2
3337,4338,2144,40,12033,11692,3006,12203,21751,34,1,1
3338,8346,5570,40,23274,22603,1924,23475,39365,74,1,2
3339,7504,5240,40,16742,16101,2896,16942,32632,74,1,1
3340,6813,5670,40,20799,20138,1523,21000,35056,77,1,1
3341,6382,2444,51,20569,20218,17613,20740,47219,37,1,1
3342,16301,15009,40,24106,22833,9297,24386,65033,161,1,1
3343,4528,1944,50,11802,11482,1653,11973,20158,33,1,1
3344,7344,5491,40,15329,14698,1904,15539,30318,74,1,1
3345,6913,5781,40,19768,19106,3156,19968,35878,79,1,1
3346,3056,2024,40,18044,17734,612,18224,23946,32,1,1
3347,13686,13104,40,23484,22243,16913,23735,67488,150,1,2
3348,6582,3186,40,20098,19667,9268,20289,39375,47,1,1
3349,4929,2595,40,38704,38322,1463,38884,47911,40,1,1
3350,2124,1082,40,31700,31480,2214,31860,37330,19,1,1
3351,35266,30348,711,87055,83347,13034,88818,167757,210,1,1
3352,6402,772,60,22793,22413,1533,23064,31851,10,1,1
3353,4309,1603,70,15269,14868,13846,15579,35397,18,1,1
3354,8416,8136,60,31630,30348,29486,31920,78038,67,1,1
3355,25338,15960,1102,83067,80702,4509,85322,131639,81,1,1
3356,14507,11532,90,51327,49644,17794,51818,95741,72,1,1
3357,11532,5761,40,20880,19838,8085,21080,46488,77,1,1
3358,5831,2825,40,23975,23394,2094,24145,34956,44,1,1
3359,5731,3777,40,11933,11482,1523,12113,23184,53,1,1
3360,6883,5591,40,14227,13405,1373,14417,28314,76,1,1
3361,7615,5991,41,12293,11572,1383,12494,27523,81,1,1
3362,6272,5310,40,18355,17754,3727,18545,33884,73,1,1
3363,5391,4158,40,18104,17533,3848,18284,31731,60,1,1
3364,5460,2424,40,19437,19096,9217,19607,36759,38,1,1
3365,4769,2996,40,19116,18735,10630,19286,37741,43,1,1
3366,5841,4829,40,17363,16822,1322,17553,29586,65,1,1
3367,6121,4779,41,16611,16040,2815,16792,30557,68,1,1
3368,7364,5580,40,17202,16571,3186,17383,33573,76,1,1
3369,5901,4509,40,18195,17644,3747,18375,32572,66,1,1
3370,5189,1944,40,18565,18245,18094,18716,43993,32,1,1
3371,10049,11832,40,22122,20980,15509,22353,59793,140,1,2
3372,4959,2545,40,13466,13085,1743,13636,22913,41,1,1
3373,6743,3727,41,10169,9698,1643,10350,22503,55,1,1
3374,6934,5480,40,16552,15940,1763,16742,30959,75,1,1
3375,8266,4458,40,16582,16051,3797,16772,33333,64,1,1
3376,5260,4338,40,17002,16481,2865,17183,29696,62,1,1
3377,6402,2745,40,19477,19097,20098,19647,48922,41,1,1
3378,7414,7013,40,20940,20178,15870,21140,51477,90,1,2
3379,1142,180,40,8496,8386,3076,8627,13075,3,1,1
3380,7204,5300,40,13306,12684,1533,13496,27563,75,1,1
3381,6893,5190,40,16542,15931,1573,16732,30428,74,1,1
3382,6012,4468,40,15179,14628,3537,15349,29426,66,1,1
3383,6472,4860,40,15549,14978,2886,15739,29997,69,1,1
3384,6252,3076,40,19858,19457,19767,20038,49163,46,1,1
3385,2806,1513,40,18264,17984,14888,18425,37682,24,1,2
3386,4659,3016,40,12784,12384,1203,12974,21882,44,1,1
3387,3797,401,40,8306,8165,1593,8456,14287,9,1,1
3388,6923,6072,40,14287,13616,1804,14477,29326,82,1,1
3389,7745,5500,40,15169,14558,2415,15369,31059,76,1,1
3390,7074,4428,40,18125,17583,2074,18295,31921,64,1,1
3391,6172,2204,30,18876,18546,18896,19036,46348,35,1,1
3392,2645,611,40,17524,17362,12534,17674,33524,13,1,1
3393,6092,5290,40,14016,13395,1062,14207,26701,76,1,1
3394,6473,4939,40,13476,12885,2124,13656,27242,71,1,1
3395,6453,4979,40,18646,18045,3637,18826,33945,72,1,1
3396,6703,5741,40,19637,18986,1754,19837,34085,81,1,1
3397,5821,1984,40,18636,18315,16110,18796,42751,33,1,1
3398,5601,2745,40,18695,18284,10470,18866,37732,45,1,1
3399,7013,6763,40,13816,13125,1102,14027,28945,86,1,1
3400,6642,6262,40,15289,14688,2154,15479,30588,73,1,1
3401,6462,4809,40,18114,17553,3236,18305,32852,68,1,1
3402,6592,5821,40,19386,18725,1953,19568,33994,81,1,1
3403,5862,2274,40,18836,18505,13736,18996,40918,36,1,1
3404,1834,641,40,17944,17774,9839,18094,30448,12,1,1
3405,4028,1112,40,10560,10330,2625,10710,18535,21,1,1
3406,4058,1012,40,16531,16271,1122,16681,22933,19,1,2
3407,6762,5219,40,17593,16972,1774,17794,31600,77,1,1
3408,6132,5059,41,19747,19156,2004,19938,33183,73,1,1
3409,5841,1372,40,18556,18324,10860,18716,36829,22,1,1
3410,2414,952,40,18005,17793,6903,18155,28464,19,1,1
3411,3858,1352,40,11101,10850,1693,11252,18215,24,1,1
3412,6352,4408,40,9728,9187,1192,9909,21911,65,1,1
3413,6522,5381,40,19036,18405,3968,19226,35147,78,1,1
3414,6282,5260,40,20379,19777,5541,20559,37692,74,1,1
3415,5701,1764,40,17994,17703,5961,18154,31630,29,1,1
3416,6983,2645,40,18124,17764,2504,18295,30477,40,1,1
3417,4048,1292,40,8637,8406,1352,8797,15529,22,1,1
3418,3887,982,40,13666,13405,1032,13826,19777,20,1,2
3419,13306,14357,40,22773,21531,1082,23034,51839,165,1,1
3420,6232,5169,40,16210,15629,4108,16391,31940,71,1,1
3421,6021,1804,40,30137,29807,2114,30297,40276,30,1,2
3422,4919,3276,40,19427,19026,6272,19597,34115,46,1,1
3423,4429,551,40,10289,10129,1924,10429,17373,11,1,1
3424,6442,4328,40,12524,12023,1122,12704,24636,60,1,1
3425,6763,5350,40,16181,15580,1342,16371,29866,72,1,1
3426,6662,4930,40,16551,15960,3366,16742,31740,70,1,1
3427,5591,5019,40,17504,16972,3697,17684,32041,63,1,1
3428,4910,2104,40,19196,18876,9418,19366,35838,35,1,1
3429,5520,2936,40,19186,18776,7223,19356,35076,46,1,1
3430,4919,3086,40,15740,15329,2044,15910,26009,47,1,1
3431,6212,4719,40,16902,16341,2956,17082,31029,67,1,1
3432,6322,4558,41,16721,16170,4008,16902,31830,66,1,1
3433,5311,4037,40,17253,16751,4268,17433,31079,58,1,1
3434,5090,2414,40,18666,18344,16521,18836,42911,36,1,1
3435,2415,1112,40,18315,18085,15790,18465,37822,22,1,1
3436,6231,5611,40,16111,15470,1102,16311,29305,80,1,1
3437,6683,5330,40,17503,16882,1593,17703,31350,77,1,1
3438,6221,4850,40,16110,15529,3687,16301,31109,71,1,1
3439,5501,4368,40,16652,16121,3406,16842,30147,65,1,1
3440,5331,1883,30,18606,18295,18134,18766,44144,32,1,1
3441,11572,12884,40,22142,20920,15960,22403,62859,157,1,2
3442,4979,3807,41,15659,15178,1303,15830,25969,57,1,1
3443,6332,5190,40,16762,16141,2645,16952,31159,75,1,1
3444,6612,4799,40,16131,15589,3296,16321,31078,66,1,1
3445,5601,4539,40,16381,15820,3196,16571,29957,67,1,1
3446,5540,2074,41,19486,19186,18905,19648,46217,32,1,1
3447,12634,14698,40,21831,20488,14938,22092,64402,173,1,2
3448,5981,5170,41,14357,13746,962,14548,26711,75,1,1
3449,4218,1713,40,8836,8566,1403,8997,16371,28,1,1
3450,7224,6222,40,18255,17554,1573,18455,33514,86,1,1
3451,5951,5881,40,15009,14508,4829,15199,31900,61,1,1
3452,2955,1693,40,13806,13525,3286,13967,21941,28,1,1
3453,6212,2074,40,18355,18044,18184,18525,45045,34,1,1
3454,5009,2796,40,18805,18395,12072,18976,38903,46,1,1
3455,13776,7294,41,10790,10079,17493,11001,49604,89,1,1
3456,3456,1723,40,7794,7514,9948,7956,23133,29,1,1
3457,16071,20619,40,6082,4409,17323,6382,60425,223,1,1
3458,8867,5851,40,18054,17393,13726,18245,46749,77,1,2
3459,5821,4519,40,10079,9558,10460,10269,31119,64,1,1
3460,6563,4759,40,14898,14327,2625,15088,29065,69,1,1
3461,6993,5951,40,20820,20138,2334,21020,36338,84,1,1
3462,5811,1974,40,18435,18164,17353,18595,43773,28,1,1
3463,2715,1182,40,18615,18384,11352,18776,34065,22,1,1
3464,6352,5992,40,13776,13125,1022,13976,27382,82,1,1
3465,6502,4248,40,12845,12324,2084,13025,25909,62,1,1
3466,7314,6031,40,18515,17834,3547,18716,35668,85,1,1
3467,6192,4919,40,18555,17974,2524,18746,32421,71,1,1
3468,5701,2144,40,19056,18735,17664,19216,44765,33,1,1
3469,3076,1352,40,18585,18334,10650,18746,33874,25,1,1
3470,5531,4468,41,12363,11822,1042,12554,23625,65,1,1
3471,6342,4980,40,12263,11702,2084,12453,25899,67,1,1
3472,6472,4669,41,17893,17312,3807,18074,33063,69,1,1
3473,6382,4669,40,19627,19056,3537,19817,34435,69,1,1
3474,5961,1854,40,18175,17874,11572,18345,37782,32,1,1
3475,2195,551,40,17303,17132,6502,17443,26741,11,1,1
3476,4559,1843,40,11482,11191,1553,11652,19647,31,1,1
3477,6061,4469,40,10921,10400,1192,11101,22873,62,1,1
3478,6743,5751,40,18565,17924,4078,18755,35377,78,1,1
3479,6913,5581,40,19156,18525,2094,19346,33984,77,1,1
3480,6221,1684,40,18585,18295,8456,18745,35146,29,1,1
3481,6412,2955,41,18635,18224,4198,18806,32411,46,1,1
3482,4960,2054,40,8857,8546,1252,9027,17343,34,1,1
3483,4058,1112,40,8436,8185,981,8587,14778,23,1,1
3484,5110,1593,40,11792,11522,1472,11953,20178,28,1,1
3485,4728,1253,40,12143,11923,1623,12303,19947,22,1,1
3486,6442,5400,40,19738,19127,4478,19928,36288,74,1,1
3487,5690,962,41,17723,17513,2395,17884,26971,19,1,1
3488,6723,2815,41,18104,17713,2064,18285,29927,44,1,1
3489,3957,731,40,8155,7975,972,8306,14016,14,1,1
3490,13195,16732,40,18605,17163,1173,18885,50025,191,1,1
3491,6743,5150,40,17644,17043,2334,17844,32101,73,1,1
3492,4359,501,40,12103,11953,1843,12253,19006,11,1,1
3493,6653,5551,40,18986,18335,1443,19176,32873,79,1,1
3494,6071,3898,40,19777,19286,10130,19957,40106,58,1,1
3495,2255,1032,40,18345,18124,8346,18505,30178,20,1,1
3496,3606,1223,40,13225,12995,2535,13385,20799,22,1,1
3497,6622,5070,40,16361,15760,1954,16551,30257,73,1,1
3498,6232,4438,41,16190,15639,3006,16381,30107,67,1,1
3499,6482,5430,40,18074,17463,3006,18274,33233,76,1,1
3500,5391,2574,40,19236,18866,10150,19407,37562,40,1,1
3501,2504,912,40,17784,17574,11091,17944,32491,19,1,1
3502,7204,6141,40,16742,16050,1042,16952,31390,87,1,1
3503,6462,5310,40,19257,18626,2976,19447,34255,77,1,1
3504,7123,4248,40,16240,15720,3707,16432,31560,63,1,1
3505,5681,4117,40,16521,16000,3657,16701,30197,61,1,1
3506,5701,1824,40,18565,18274,18265,18735,44555,30,1,1
3507,11782,13957,40,22252,20960,17694,22512,65975,165,1,2
3508,14137,15038,40,20138,18816,1032,20409,50656,174,1,1
3509,6301,4900,40,16351,15760,2064,16541,29846,71,1,1
3510,6472,4328,40,15299,14778,2985,15480,29315,61,1,1
3511,6563,5410,40,16562,15921,2074,16752,30849,79,1,1
3512,5540,2535,40,19176,18826,18715,19347,46177,38,1,1
3513,13956,15489,40,23124,21751,15329,23385,68209,177,1,2
3514,6082,4899,30,13205,12624,1022,13395,25448,70,1,1
3515,3626,1133,40,8877,8656,1853,9037,15689,21,1,1
3516,5881,4890,40,16080,15509,1634,16270,28725,70,1,1
3517,5961,4018,40,15580,15079,3306,15760,29095,60,1,1
3518,7003,4920,40,16020,15429,3096,16210,31269,71,1,1
3519,5681,2454,41,19246,18895,19327,19407,46929,37,1,1
3520,7254,6652,40,19907,19135,13485,20109,47540,90,1,2
3521,3586,1363,40,11382,11131,1783,11542,18314,25,1,1
3522,4018,561,40,8266,8106,1593,8416,14648,12,1,1
3523,5862,4588,40,13205,12644,2354,13396,26260,69,1,1
3524,6392,4188,41,14757,14217,3596,14939,29175,65,1,1
3525,5591,3937,40,18185,17694,2364,18365,30297,59,1,1
3526,5730,2365,40,18876,18535,17082,19046,44263,38,1,1
3527,2796,801,40,17834,17653,11592,17984,33223,16,1,1
3528,4749,2785,40,13616,13245,1763,13786,23133,40,1,1
3529,6472,4579,40,13255,12704,2054,13435,26580,66,1,1
3530,6993,4960,40,18235,17654,4869,18425,35307,71,1,1
3531,6602,5000,40,18555,17974,2806,18745,33193,72,1,1
3532,6503,2414,40,19096,18735,13836,19267,42060,39,1,1
3533,6482,3897,40,18976,18505,6642,19157,36228,56,1,1
3534,6332,5360,40,13345,12724,1001,13535,26269,77,1,1
3535,6572,5641,40,12394,11743,1773,12574,26620,79,1,1
3536,6262,4579,40,17633,17082,2053,17823,30758,67,1,1
3537,7685,6492,40,18876,18164,2215,19086,35528,90,1,1
3538,6061,1934,40,18235,17924,11502,18395,37932,32,1,1
3539,1973,862,40,17864,17664,7144,18014,28053,17,1,1
3540,4959,2255,40,10379,10029,1823,10550,19627,38,1,1
3541,5861,3216,40,16742,16280,1283,16912,27322,48,1,2
3542,5761,3887,40,16341,15840,3607,16522,29807,59,1,1
3543,6843,5761,31,19557,18895,2514,19748,34916,81,1,1
3544,6232,2505,40,18615,18245,8066,18775,35628,40,1,1
3545,6793,3757,40,18916,18435,4679,19086,34355,56,1,1
3546,4238,1323,40,12794,12544,1393,12944,19938,24,1,1
3547,3707,901,41,5760,5550,1102,5912,11672,18,1,1
3548,6131,3437,40,9418,8957,1062,9598,20268,54,1,1
3549,6001,4709,40,13596,13024,3477,13776,28003,68,1,1
3550,6633,3586,40,13365,12904,1643,13546,25438,55,1,1
3551,6522,5180,40,21861,21270,5069,22052,38863,72,1,1
3552,5691,2004,40,18114,17784,5451,18274,31470,34,1,1
3553,7164,3787,40,18696,18195,2214,18876,32081,58,1,1
3554,3276,1022,40,8727,8517,1503,8877,14718,19,1,1
3555,5431,3316,40,20760,20279,2054,20920,31781,50,1,2
3556,4168,441,40,13245,13095,1763,13395,19818,11,1,1
3557,20769,22122,40,19487,17764,3887,19798,66626,233,1,1
3558,4278,2615,40,16581,16210,2856,16742,26541,41,1,1
3559,6493,1172,40,17553,17333,1623,17713,27041,21,1,1
3560,5801,4177,40,21450,20939,4870,21641,36530,62,1,1
3561,2665,520,40,23955,23795,12213,24105,39545,11,1,1
3562,3277,2013,40,11532,11221,9648,11703,26681,33,1,1
3563,1583,471,40,8286,8136,7183,8426,17713,9,1,1
3564,3436,2365,40,11802,11462,5931,11973,23765,38,1,1
3565,2525,1433,40,14788,14538,761,14948,19707,24,1,1
3566,17012,20028,40,6021,4378,5300,6322,48702,220,1,1
3567,4548,3938,40,17183,16682,3496,17373,29395,60,1,1
3568,5751,2525,40,19457,19106,10179,19617,38122,39,1,1
3569,6853,5290,40,20669,20078,10680,20860,43733,72,1,1
3570,6352,6212,40,17162,16471,1082,17363,31059,87,1,1
3571,6242,4589,40,16421,15860,2014,16601,29506,67,1,1
3572,6332,4458,40,16081,15540,3567,16261,30658,64,1,1
3573,8065,7655,40,18796,17984,2835,19006,37621,103,1,1
3574,6462,2655,40,19176,18785,15790,19347,44304,43,1,1
3575,2495,902,40,17763,17573,15639,17924,37010,17,1,1
3576,8426,7544,40,10580,9738,1953,10791,28754,101,1,2
3577,7454,5611,40,13185,12554,1203,13375,27693,77,1,1
3578,6352,5260,40,16100,15499,2555,16301,30508,74,1,1
3579,6272,4278,41,15940,15409,3356,16131,30077,64,1,1
3580,5741,4688,40,16361,15790,3957,16552,30988,69,1,1
3581,5230,1914,40,18806,18485,17724,18966,43884,34,1,1
3582,11702,11131,40,21370,20318,13416,21601,57900,131,1,2
3583,3577,1603,40,13035,12774,2104,13185,20519,26,1,1
3584,6042,4679,40,16040,15459,2735,16231,29727,69,1,1
3585,6672,4499,40,15770,15249,3627,15960,30808,63,1,1
3586,5470,3948,40,16431,15930,2164,16621,28233,60,1,1
3587,5561,2544,40,19086,18705,18695,19247,46097,41,1,1
3588,11632,12544,40,22613,21400,14849,22863,61918,153,1,2
3589,4949,3297,40,13044,12614,1192,13215,22693,49,1,1
3590,3957,1363,40,8506,8246,1353,8656,15369,24,1,1
3591,6302,5000,40,15199,14598,1683,15389,28434,73,1,1
3592,6282,3297,40,23454,22954,1644,23624,34887,53,1,2
3593,6713,5801,40,16131,15479,1773,16331,30668,81,1,1
3594,6081,2134,40,19036,18706,16701,19197,44153,34,1,1
3595,5611,2765,41,18835,18455,13245,18996,40667,42,1,1
3596,6091,5511,40,13796,13165,1022,13996,26660,78,1,1
3597,7163,6142,40,13356,12674,2104,13556,29015,86,1,1
3598,6352,4879,40,18455,17874,3437,18645,33344,70,1,1
3599,6231,5290,40,18946,18345,1893,19137,32591,74,1,1
3600,5570,1804,40,19146,18846,17043,19306,43773,31,1,1
3601,2735,932,40,17673,17473,11171,17834,32722,18,1,1
3602,6493,5059,40,11873,11261,1122,12073,24797,74,1,1
3603,5741,2946,40,8486,8075,1092,8656,18475,46,1,1
3604,2726,1733,40,10941,10630,2124,11101,17724,31,1,1
3605,7384,6352,40,18244,17543,2635,18445,34856,89,1,1
3606,6893,6081,40,19106,18415,1693,19307,34014,86,1,1
3607,5952,2494,40,19256,18896,18014,19417,45917,39,1,1
3608,6482,3777,40,19226,18735,9849,19407,39545,57,1,1
3609,5270,4508,41,13195,12654,1332,13386,24546,66,1,1
3610,7795,5851,40,13436,12764,2023,13636,29335,82,1,1
3611,6443,4448,40,17333,16782,4268,17523,32732,66,1,1
3612,7084,5721,40,20118,19477,3266,20318,36439,80,1,1
3613,7144,2625,40,18655,18285,10390,18825,39014,40,1,1
3614,2305,511,40,17894,17744,5380,18044,26290,11,1,1
3615,3717,591,40,8887,8717,2445,9037,15830,12,1,1
3616,6662,3226,40,9848,9408,992,10029,20959,52,1,1
3617,4038,751,40,5641,5451,1012,5791,11632,15,1,1
3618,7825,6111,40,13115,12413,1643,13316,28935,87,1,1
3619,7384,5149,40,14467,13866,1443,14658,28674,74,1,1
3620,6362,5310,40,19517,18886,4078,19707,35497,77,1,1
3621,6121,2495,40,18285,17924,5671,18455,32802,40,1,1
3622,6382,2625,40,18315,17954,2715,18475,30247,39,1,1
3623,5330,2294,40,8777,8446,1182,8947,17783,37,1,1
3624,4298,1242,40,7785,7535,962,7945,14487,25,1,1
3625,6021,4429,40,14067,13526,4047,14257,28804,66,1,1
3626,4558,1082,41,11992,11752,1613,12133,19436,22,1,1
3627,6312,4920,40,14928,14327,3778,15118,30178,74,1,1
3628,5670,882,40,29075,28844,1734,29215,37551,17,1,2
3629,14758,13516,40,24577,23364,1743,24827,54904,159,1,1
3630,4058,180,40,7845,7745,952,7985,13235,4,1,1
3631,6182,4398,41,13746,13195,3667,13927,28234,66,1,1
3632,7314,5931,40,18195,17524,1964,18385,33644,83,1,1
3633,7354,4048,40,16190,15680,2174,16371,29997,61,1,1
3634,6011,4689,41,18374,17823,3237,18565,32542,68,1,1
3635,5811,2524,40,19086,18715,10530,19247,38162,41,1,1
3636,2134,722,40,18054,17864,7705,18194,28805,15,1,1
3637,4348,2675,41,14848,14477,2134,15019,24226,42,1,1
3638,6362,5190,40,17353,16732,2014,17543,31159,75,1,1
3639,6302,4278,40,16421,15880,3386,16602,30608,65,1,1
3640,6272,5380,40,17133,16542,3757,17333,32792,74,1,1
3641,5109,1503,41,18485,18214,16351,18636,41649,26,1,1
3642,2465,781,40,17644,17443,14097,17794,35177,16,1,1
3643,6773,6282,40,16572,15860,1042,16772,30909,88,1,1
3644,6593,5360,40,16381,15750,1974,16581,30558,78,1,1
3645,6642,4528,40,16221,15650,3357,16411,30989,69,1,1
3646,6703,4859,40,16612,16031,4038,16802,32462,71,1,1
3647,4879,1713,40,18045,17763,17393,18205,42230,28,1,1
3648,15028,18525,40,22723,21150,16151,23014,72768,207,1,2
3649,3567,1723,40,14518,14237,2064,14678,22062,28,1,1
3650,6853,5510,41,16621,16000,2234,16822,31449,77,1,1
3651,6492,4308,40,15449,14908,2946,15619,29416,64,1,1
3652,6452,5260,30,17714,17083,2916,17904,32572,77,1,1
3653,5952,2795,40,19267,18886,19296,19437,47530,42,1,1
3654,5751,5160,40,19387,18756,15720,19577,46248,72,1,2
3655,3868,1673,40,11993,11702,1813,12163,19547,30,1,1
3656,5720,2135,40,9277,8957,1383,9437,18725,34,1,1
3657,6211,4850,40,15329,14738,1803,15519,28423,71,1,1
3658,6913,4538,40,15620,15069,2996,15800,30308,66,1,1
3659,6672,4829,40,16240,15649,2985,16432,30948,71,1,1
3660,5140,1973,40,20158,19847,19597,20328,47079,33,1,1
3661,4328,4489,40,18876,18435,18164,19036,46077,46,1,2
3662,1303,320,40,10269,10129,611,10410,12694,7,1,1
3663,9759,8426,40,22333,21451,1212,22553,42000,108,1,2
3664,7474,5029,40,15239,14658,2875,15430,30848,72,1,1
3665,6863,4960,40,19176,18575,2044,19366,33263,72,1,1
3666,5741,2745,40,19577,19196,18084,19758,46368,44,1,1
3667,2705,882,40,17854,17643,11692,18014,33343,19,1,1
3668,11502,6001,40,10239,9608,18525,10429,46518,77,1,1
3669,3687,972,40,7264,7063,8647,7424,20780,18,1,1
3670,16011,21020,30,6182,4489,18785,6472,62338,226,1,1
3671,4429,3056,40,17162,16691,15940,17333,40808,49,1,2
3672,3306,2705,40,9568,9198,10620,9738,26410,41,1,1
3673,3336,2205,40,13936,13596,3457,14106,23154,37,1,1
3674,5801,4609,40,17072,16511,1773,17263,29506,69,1,1
3675,5981,2034,40,19137,18805,15389,19297,42751,34,1,1
3676,3056,1022,40,17774,17573,9688,17934,31730,18,1,1
3677,3216,1102,40,10099,9879,2144,10260,16752,20,1,1
3678,4318,832,40,7003,6803,1042,7153,13385,17,1,1
3679,6132,4588,41,11331,10760,1763,11522,24035,68,1,1
3680,6332,3356,40,23574,23093,1572,23755,35046,52,1,2
3681,6843,5541,40,18074,17443,1713,18275,32422,79,1,1
3682,5852,2725,40,18796,18395,17042,18956,44625,44,1,1
3683,2665,1192,40,17974,17734,8385,18125,30407,22,1,1
3684,4959,2445,40,10309,9949,1723,10480,19657,41,1,1
3685,6703,4729,40,10870,10310,1382,11061,23915,67,1,1
3686,6262,3807,40,18095,17614,2234,18275,30628,58,1,1
3687,7074,5620,40,20229,19587,1833,20419,34996,79,1,1
3688,20358,11723,40,21541,20509,7344,21781,61246,135,1,1
3689,6382,3557,40,18806,18345,4969,18986,33934,54,1,1
3690,3767,822,40,8386,8175,1593,8536,14758,17,1,1
3691,4478,912,40,12945,12695,1242,13095,19767,17,1,2
3692,7254,5781,40,18625,17984,3496,18826,35387,80,1,1
3693,6502,5300,40,14788,14177,5580,14979,32401,74,1,1
3694,3977,1082,41,11972,11762,1714,12123,18936,19,1,1
3695,6322,1383,40,18054,17784,2745,18205,28715,26,1,1
3696,4449,941,40,17733,17513,1643,17874,24967,19,1,1
3697,3367,150,40,7434,7334,1283,7574,12424,3,1,1
3698,4248,2024,40,11161,10851,2285,11331,19928,34,1,1
3699,4128,1142,41,22141,21890,1703,22293,29326,20,1,2
3700,6663,5611,40,15690,15049,3496,15890,31710,80,1,1
3701,4339,2755,40,16481,16091,2014,16651,25809,43,1,1
3702,6472,1443,40,18135,17864,6652,18295,32892,27,1,1
3703,6372,4549,40,19858,19327,6472,20048,37481,65,1,1
3704,4639,2134,40,14107,13767,2164,14277,23264,38,1,1
3705,6903,5581,40,16812,16171,2464,17002,32000,78,1,1
3706,6221,4329,40,16391,15840,3707,16581,30878,66,1,1
3707,5420,4509,40,18575,18034,3877,18755,32602,65,1,1
3708,16642,16261,40,24356,23004,7785,24626,65354,178,1,1
3709,6141,3878,40,19507,19026,9468,19687,39214,56,1,1
3710,4388,2465,30,14718,14348,2285,14878,24066,40,1,1
3711,6813,5230,40,16712,16090,2655,16902,31640,75,1,1
3712,6543,4879,40,16211,15640,3377,16401,31250,71,1,1
3713,5660,4479,40,16862,16311,3547,17032,30768,66,1,1
3714,5130,1994,40,18846,18535,16812,19006,42992,32,1,1
3715,2555,822,40,17804,17624,15810,17964,37191,16,1,1
3716,761,110,41,210,130,621,361,1893,1,1,1
3717,13065,13034,40,18595,17403,1122,18846,46117,156,1,1
3718,6753,5450,40,17173,16541,1994,17363,31620,77,1,1
3719,6181,4238,40,16421,15880,3136,16611,30207,65,1,1
3720,5811,4769,40,17853,17282,2885,18045,31550,69,1,1
3721,6382,2585,40,19367,19006,20018,19527,48552,39,1,1
3722,2735,1844,40,18946,18626,16441,19106,40176,30,1,2
3723,802,120,40,7955,7865,611,8095,9659,1,1,1
3724,17203,17353,40,16442,14958,1513,16732,52841,198,1,1
3725,7434,6032,40,16040,15349,1773,16241,31520,85,1,1
3726,6602,4569,40,15229,14658,2865,15419,29505,69,1,1
3727,7183,5230,41,16310,15689,2094,16512,31049,77,1,1
3728,17193,10189,40,22553,21590,16481,22783,66686,123,1,1
3729,5019,2715,40,18194,17824,13907,18374,40056,42,1,1
3730,4679,3777,40,12594,12123,1062,12774,22342,56,1,1
3731,3787,1312,40,8627,8365,1433,8787,15369,25,1,1
3732,6192,5130,40,13596,12985,2324,13786,27472,73,1,1
3733,7274,5571,40,15800,15179,3677,16000,32562,77,1,1
3734,5691,2966,40,15800,15389,1783,15970,26440,46,1,1
3735,5500,1693,41,18645,18354,18305,18806,44334,29,1,1
3736,2975,1082,41,17853,17603,10910,18004,33022,19,1,2
3737,5751,5170,40,13576,12955,1002,13766,25729,75,1,1
3738,7374,6252,40,13696,13014,2705,13897,30278,86,1,1
3739,6312,4518,41,17352,16791,1933,17534,30337,67,1,1
3740,6763,7674,40,19797,19146,2255,19998,36750,82,1,1
3741,5922,2094,40,18805,18515,15870,18966,42892,30,1,1
3742,2635,1202,40,18164,17934,10409,18325,32631,22,1,1
3743,3877,1813,40,10690,10389,2194,10851,18775,30,1,1
3744,6021,3036,40,8607,8186,1072,8787,18966,48,1,1
3745,7965,5981,40,12624,11962,1282,12825,28103,83,1,1
3746,6693,5020,40,17704,17123,2975,17894,32632,70,1,1
3747,7323,5720,40,18986,18344,1963,19187,34234,80,1,1
3748,5540,2215,40,18886,18565,15940,19056,42781,35,1,1
3749,2655,1022,40,17984,17764,9668,18144,31539,20,1,1
3750,3226,842,40,9929,9719,2194,10089,16381,18,1,1
3751,4048,821,40,7104,6904,1222,7254,13385,17,1,1
3752,7525,5821,40,11782,11141,1532,11972,26911,79,1,1
3753,6662,5020,40,17624,17012,3336,17824,32882,75,1,1
3754,6362,5420,41,20148,19527,2615,20349,34796,77,1,1
3755,5951,2394,40,18565,18204,11221,18726,38342,38,1,1
3756,1933,471,41,17523,17363,7143,17664,27261,11,1,1
3757,3507,1302,41,9798,9558,1563,9959,16381,23,1,1
3758,5330,3196,40,8927,8497,1523,9097,19196,48,1,1
3759,6112,4619,40,13796,13235,4339,13986,29096,68,1,1
3760,4849,2094,40,12784,12474,2205,12954,22152,34,1,1
3761,7134,5871,40,20649,19998,3888,20849,37792,81,1,1
3762,5320,2114,40,18244,17904,5501,18404,31380,36,1,1
3763,6262,2785,41,18324,17964,2706,18495,30298,40,1,1
3764,3937,490,40,7905,7764,1202,8056,13726,10,1,1
3765,4148,821,41,7985,7784,982,8136,14127,17,1,1
3766,6753,5340,40,14126,13495,4047,14307,30508,77,1,1
3767,4198,581,40,11552,11381,1663,11703,18185,13,1,1
3768,6262,4619,40,15659,15109,4699,15840,31470,66,1,1
3769,6913,2305,40,30197,29796,4379,30367,44014,39,1,2
3770,4999,2134,40,18685,18355,7915,18845,33944,35,1,1
3771,4077,441,41,7794,7644,1022,7945,13535,10,1,1
3772,7104,5861,40,14217,13566,2014,14417,29456,82,1,1
3773,6672,5160,40,19808,19197,2054,19998,33934,75,1,1
3774,5660,4108,30,16672,16150,3767,16852,30437,62,1,1
3775,6402,5170,40,18305,17684,3767,18495,33874,75,1,1
3776,4629,1623,40,18896,18616,9158,19056,34496,28,1,1
3777,16250,20199,40,26791,25108,5561,27081,69131,224,1,1
3778,13536,8706,40,21491,20639,11753,21711,55756,109,1,1
3779,3487,2294,40,10740,10409,4038,10901,20760,35,1,1
3780,13826,14718,40,18655,17363,15099,18916,62609,172,1,1
3781,5861,4038,40,16632,16111,3667,16812,30438,61,1,1
3782,6052,4909,40,17313,16742,3777,17503,32301,70,1,1
3783,5070,2184,40,18906,18595,13636,19076,40016,34,1,1
3784,2545,1102,40,17974,17744,16041,18124,37862,20,1,1
3785,4529,2384,41,11762,11381,1713,11933,20599,41,1,1
3786,6172,4057,41,10740,10219,1032,10911,22222,61,1,1
3787,7194,5630,40,16150,15499,1713,16340,30919,80,1,1
3788,6011,3737,40,16041,15550,3316,16221,29325,59,1,1
3789,6673,5670,40,17663,17032,3467,17864,33734,78,1,1
3790,4388,1483,40,19617,19357,17964,19767,43642,25,1,1
3791,15880,22052,40,6663,4849,17914,6973,62879,243,1,1
3792,4468,1683,40,18645,18365,17163,18806,42170,30,1,1
3793,5010,4118,40,15599,15079,1302,15780,26250,62,1,1
3794,6292,5330,40,16341,15720,2154,16531,30347,75,1,1
3795,6532,4258,40,16170,15649,3788,16351,30979,62,1,1
3796,5350,4038,40,16231,15710,2585,16411,28424,61,1,1
3797,5651,2014,40,18345,18034,18204,18505,44414,32,1,1
3798,11592,12112,40,21961,20799,14217,22212,60174,148,1,2
3799,6342,5059,40,15509,14908,1173,15710,28334,75,1,1
3800,6322,4418,40,12704,12153,3187,12894,26851,67,1,1
3801,3858,701,40,8276,8095,1523,8426,14558,15,1,1
3802,6232,4549,40,16111,15550,3737,16301,30849,67,1,1
3803,5851,4258,40,16101,15590,2755,16281,29195,61,1,1
3804,6021,1984,40,18445,18115,17954,18605,44604,35,1,1
3805,9318,9648,40,21231,20229,14457,21461,54924,124,1,2
3806,6823,6362,40,13857,13135,1022,14057,28324,90,1,1
3807,6472,4519,40,12784,12233,2465,12974,26470,67,1,1
3808,4569,761,40,8086,7895,1433,8236,15049,16,1,1
3809,6943,5150,40,15610,15019,3126,15810,31079,73,1,1
3810,6592,5330,40,19587,18946,2435,19777,34185,78,1,1
3811,6081,2635,40,19117,18755,16561,19287,44624,40,1,1
3812,2685,1663,40,18294,18024,11092,18454,33945,28,1,1
3813,5741,4959,40,13446,12855,1052,13636,25438,73,1,1
3814,6483,4638,40,12473,11912,2614,12664,26450,68,1,1
3815,5270,3717,40,17483,16982,3266,17663,29946,58,1,1
3816,6633,5851,40,19447,18786,2475,19647,34656,83,1,1
3817,6262,2214,40,19487,19167,15800,19637,43973,33,1,1
3818,4078,2274,40,19236,18906,11933,19406,37732,36,1,1
3819,5069,4058,1723,11813,11302,1102,13676,23945,60,1,1
3820,6453,4769,40,11482,10911,1964,11662,24888,68,1,1
3821,5220,2274,40,17704,17312,1403,17874,26811,38,1,2
3822,6643,4959,40,14868,14277,2114,15059,28825,72,1,1
3823,6673,5730,40,18735,18074,2184,18936,33563,80,1,1
3824,5922,2124,40,18956,18635,10690,19126,37902,34,1,1
3825,2375,982,40,17723,17513,6352,17874,27633,18,1,1
3826,5019,1994,40,10169,9859,1653,10340,19046,34,1,1
3827,6242,3717,40,11582,11121,1653,11763,23415,54,1,1
3828,6102,4488,40,19077,18536,3997,19267,33904,66,1,1
3829,6172,5330,41,20108,19487,3386,20299,35237,76,1,1
3830,5861,1703,40,18425,18134,9548,18585,35728,29,1,1
3831,6362,3416,40,18895,18455,4598,19066,33493,50,1,1
3832,4448,1223,40,8255,8015,1713,8406,15840,23,1,1
3833,4068,912,40,7985,7785,1303,8135,14468,17,1,1
3834,4118,461,40,5611,5450,1112,5751,11482,11,1,1
3835,3587,2755,40,17312,16932,2815,17484,26691,44,1,1
3836,6172,5080,40,15139,14538,3566,15329,30187,73,1,1
3837,4007,942,40,11742,11532,1663,11893,18565,18,1,1
3838,5751,1072,40,17824,17574,2325,17974,27172,23,1,1
3839,5069,1834,40,18044,17734,1553,18204,26710,33,1,1
3840,3967,842,40,7765,7565,1042,7905,13796,16,1,1
3841,5721,3627,40,9578,9108,1973,9759,21130,56,1,1
3842,3647,2314,40,10810,10439,2214,10971,19196,40,1,1
3843,6321,4749,40,24616,23995,1713,24807,37641,70,1,2
3844,7465,5500,40,12103,11442,1623,12293,26931,81,1,1
3845,5450,4318,40,18535,17984,1803,18716,30337,66,1,1
3846,5431,1983,40,18304,17974,10741,18475,36670,36,1,1
3847,1884,982,40,17904,17693,8105,18054,29075,19,1,1
3848,4629,2375,40,11802,11442,1924,11972,20940,40,1,1
3849,7504,6252,40,11733,11050,1182,11943,26921,86,1,1
3850,6632,6593,40,15569,14968,5540,15770,34575,74,1,1
3851,6202,4268,40,16652,16121,3577,16842,30929,65,1,1
3852,6292,4589,40,18174,17614,4258,18365,33554,68,1,1
3853,4930,2244,40,18976,18635,9779,19146,36149,37,1,1
3854,6502,3767,40,19567,19077,10670,19747,40727,58,1,1
3855,6452,6242,40,17343,16642,1112,17543,31379,86,1,1
3856,5160,3697,40,16491,16020,2405,16671,27983,56,1,1
3857,6642,4669,41,16100,15529,3306,16291,30948,68,1,1
3858,5460,3857,40,17093,16601,3958,17273,30598,59,1,1
3859,4538,1573,40,18364,18084,17813,18526,42500,29,1,1
3860,15910,22152,40,6622,4809,18154,6934,63200,243,1,1
3861,7254,5631,40,21050,20429,16501,21240,50686,76,1,1
3862,5761,4409,40,13355,12824,1112,13545,24877,64,1,1
3863,5751,2856,40,9087,8686,1353,9247,19257,45,1,1
3864,6983,5079,40,15028,14417,1433,15219,28764,74,1,1
3865,5911,4618,41,15809,15249,3386,15991,29947,66,1,1
3866,5760,3637,40,16230,15750,3356,16411,29205,56,1,1
3867,5961,2044,40,18716,18405,17533,18886,44454,33,1,1
3868,2785,1482,41,19056,18805,14698,19217,38233,26,1,1
3869,3817,1733,40,11491,11211,1813,11653,19076,30,1,1
3870,5671,3286,41,9347,8896,1143,9518,19668,53,1,1
3871,7033,5681,40,15269,14628,1553,15459,29776,80,1,1
3872,6813,4088,40,15580,15069,3006,15770,29727,62,1,1
3873,6473,5330,40,16211,15600,1964,16411,30218,75,1,1
3874,5440,2746,40,19246,18856,18725,19416,46368,43,1,1
3875,12313,11852,40,23063,21952,13756,23315,61266,141,1,2
3876,3917,2305,30,12894,12544,1232,13054,20569,38,1,1
3877,3787,1082,40,8296,8066,1403,8446,14758,20,1,1
3878,7925,7194,40,14448,13666,2154,14658,31981,97,1,1
3879,6973,4428,41,15329,14758,2765,15510,29736,69,1,1
3880,6592,5290,40,19346,18725,2195,19547,33664,77,1,1
3881,6292,1724,40,18655,18365,18145,18805,45026,29,1,1
3882,2745,802,40,17784,17593,11331,17944,32862,17,1,1
3883,5892,5610,41,13205,12563,962,13396,25920,79,1,1
3884,5942,3887,40,13205,12704,2205,13385,25459,59,1,1
3885,6202,4538,40,17564,17012,2294,17744,30818,67,1,1
3886,6702,5952,40,19136,18455,2024,19316,34054,83,1,1
3887,6002,2545,40,18615,18254,15209,18785,42581,38,1,1
3888,2795,431,40,17263,17103,10240,17413,30919,10,1,1
3889,14758,8065,40,10620,9868,17743,10821,51437,95,1,1
3890,3266,1744,40,8165,7885,9748,8326,23134,28,1,1
3891,16431,18205,30,5320,3847,14307,5600,54573,195,1,1
3892,4508,2264,40,18024,17653,13065,18195,38092,37,1,2
3893,3446,1734,40,19868,19546,8486,20028,33724,28,1,2
3894,3056,2104,40,15860,15520,2325,16020,23555,35,1,1
3895,5470,2424,40,18825,18485,14677,18995,41608,38,1,1
3896,2455,1192,40,18756,18525,9628,18916,32241,22,1,1
3897,2775,952,40,9247,9047,2274,9397,15449,18,1,1
3898,6984,4228,40,16762,16211,1322,16942,29516,62,1,2
3899,6322,5030,40,17192,16591,3476,17372,32241,72,1,1
3900,6532,5020,40,19286,18695,5089,19477,36178,73,1,1
3901,6182,2385,40,20348,19988,8586,20519,37722,40,1,1
3902,5360,3397,40,18866,18415,4067,19036,31910,51,1,1
3903,4058,972,40,9498,9288,1944,9658,16672,19,1,1
3904,5992,3917,40,9649,9127,1022,9819,20800,61,1,1
3905,5680,4048,40,12264,11763,2234,12454,24466,60,1,1
3906,7253,3988,40,13506,13015,1352,13696,26339,59,1,1
3907,6211,4739,41,14647,14096,6974,14838,32822,68,1,1
3908,3096,912,40,11873,11672,1903,12023,17974,17,1,1
3909,16902,10741,40,21371,20409,3566,21601,52850,124,1,1
3910,7414,3126,40,18425,18014,2084,18605,31259,47,1,1
3911,3757,281,40,7695,7564,1002,7835,12925,7,1,1
3912,4258,1403,40,17674,17393,1493,17834,25038,26,1,2
3913,4208,291,40,11412,11281,1723,11552,17824,7,1,1
3914,6262,5330,40,14758,14147,4449,14948,31029,74,1,1
3915,5771,3346,40,33032,32541,2104,33203,44464,53,1,2
3916,5430,2294,40,18725,18385,7965,18886,34625,36,1,1
3917,4018,1964,40,11672,11342,2224,11832,20088,35,1,1
3918,7004,5250,40,11422,10791,1152,11612,25068,78,1,1
3919,6052,5160,40,12794,12203,1353,12984,25599,73,1,1
3920,6693,5140,40,11392,10791,1272,11582,24747,73,1,1
3921,6292,4539,40,17013,16472,3416,17203,31500,65,1,1
3922,5370,3828,40,17383,16892,3336,17563,30157,59,1,1
3923,5851,2906,40,19337,18946,9918,19497,38222,43,1,1
3924,4609,2935,40,19426,19016,9177,19598,36369,46,1,1
3925,3146,1252,41,13495,13255,2455,13646,20549,22,1,1
3926,6412,5411,40,17022,16411,2375,17212,31470,75,1,1
3927,6533,4448,40,16201,15650,3196,16391,30598,66,1,1
3928,5330,4258,40,16862,16321,3657,17052,30357,65,1,1
3929,17022,10961,40,25087,22933,13986,25318,67337,133,1,1
3930,6663,3346,40,19326,18876,14207,19507,43763,53,1,1
3931,6943,6502,40,16351,15649,1102,16552,31149,88,1,1
3932,6763,5801,40,16621,15960,3636,16811,33062,81,1,1
3933,6302,4819,40,16271,15710,3597,16461,31219,69,1,1
3934,5640,4187,40,16461,15930,3657,16641,30187,63,1,1
3935,4268,1974,40,19958,19647,18285,20118,44695,33,1,1
3936,14618,19517,41,23033,21350,18425,23334,75924,219,1,2
3937,5320,4549,40,16050,15499,1203,16240,27362,67,1,1
3938,6161,5000,40,17143,16542,3005,17333,31539,73,1,1
3939,6072,4408,40,15630,15099,3497,15820,29857,64,1,1
3940,5310,4088,40,16462,15941,3727,16642,29807,61,1,1
3941,5030,2585,40,19266,18906,19056,19427,46148,38,1,1
3942,13686,14718,40,22553,21200,15579,22823,66836,175,1,2
3943,7274,6472,41,16501,15780,1092,16702,31570,88,1,1
3944,6673,5711,40,13666,13035,2425,13866,28715,79,1,1
3945,4258,711,41,19767,19547,1743,19918,26660,14,1,2
3946,7925,6732,40,16461,15730,1363,16661,32742,91,1,1
3947,6602,2245,40,18585,18255,16692,18755,44334,36,1,1
3948,2414,962,40,17984,17774,13766,18134,35316,19,1,1
3949,6702,6052,40,13606,12925,1132,13806,27742,85,1,1
3950,6212,5009,40,12995,12424,2816,13185,27272,70,1,1
3951,6974,4268,40,18144,17623,1893,18335,31520,64,1,1
3952,6482,5370,40,21190,20559,1954,21381,35237,77,1,1
3953,23004,11892,40,22372,21310,11051,22613,68610,138,1,1
3954,1974,881,41,18054,17843,11251,18205,32341,17,1,1
3955,2174,651,40,9779,9619,2605,9929,15409,13,1,1
3956,5310,3045,40,8546,8135,1052,8717,18164,46,1,1
3957,6332,5130,40,13366,12775,1793,13556,26861,73,1,1
3958,6833,4789,41,18164,17583,3377,18355,33394,70,1,1
3959,6132,4789,40,18595,18004,1843,18776,31580,70,1,1
3960,5631,2384,40,19267,18906,15479,19437,42971,39,1,1
3961,2585,862,40,17744,17543,10590,17884,31961,16,1,1
3962,1182,301,40,9649,9528,561,9789,11873,6,1,1
3963,8286,5200,40,8356,7765,1052,8546,23144,72,1,1
3964,5670,3056,41,10720,10289,2395,10891,22052,49,1,1
3965,6242,4729,40,17804,17213,2916,17994,31931,71,1,1
3966,6121,5030,40,19447,18826,2535,19637,33353,75,1,1
3967,5270,2004,40,18636,18325,10820,18796,36940,32,1,1
3968,4488,1423,40,18185,17924,5971,18345,30277,26,1,1
3969,3507,1492,40,9778,9508,1643,9939,16631,27,1,1
3970,6322,3496,40,9058,8586,972,9238,20068,55,1,1
3971,5701,2254,41,22813,22422,1683,22974,32662,38,1,2
3972,7313,6543,40,20399,19668,1152,20599,35657,91,1,1
3973,5821,2735,40,18656,18265,10460,18826,37902,45,1,1
3974,2094,862,40,17623,17423,5209,17763,25969,16,1,1
3975,4098,1042,40,8095,7885,1403,8245,14838,19,1,1
3976,4989,1403,40,8086,7825,992,8246,15680,26,1,1
3977,6212,4288,40,14086,13545,2414,14267,27242,64,1,1
3978,4329,1442,40,12224,11972,1703,12384,19888,25,1,1
3979,6653,5069,40,15148,14577,4118,15339,31239,70,1,1
3980,4839,1563,40,29245,28925,1834,29406,37692,29,1,2
3981,4478,912,40,19056,18856,2866,19206,27502,18,1,1
3982,4629,401,40,7815,7665,1012,7945,14037,9,1,1
3983,5771,3967,40,13035,12524,2074,13225,25077,61,1,1
3984,6693,5370,41,17613,17002,2565,17814,32472,76,1,1
3985,5680,1904,40,16732,16421,1934,16882,26440,32,1,1
3986,6172,4478,40,17553,17012,2625,17744,31049,66,1,1
3987,5611,1653,40,18586,18304,10510,18746,36570,29,1,1
3988,6072,4238,40,19938,19427,7084,20118,37562,60,1,1
3989,6672,5871,40,15850,15179,982,16061,29626,85,1,1
3990,6382,4488,40,17813,17262,2524,18005,31449,67,1,1
3991,6332,4458,40,16992,16442,3897,17183,31930,67,1,1
3992,5571,4759,40,17483,16922,3877,17674,31921,68,1,1
3993,5210,1843,40,18766,18455,9819,18926,35838,32,1,1
3994,6682,4439,40,19607,19086,10460,19787,41428,62,1,1
3995,12113,5661,40,18405,17794,16752,18595,53171,74,1,1
3996,3337,2154,40,11572,11252,11292,11732,28565,34,1,1
3997,1783,451,40,7895,7745,7595,8035,17924,10,1,1
3998,16722,23324,40,19196,17343,21301,19527,80914,251,1,1
3999,2735,1693,40,14137,13867,4499,14297,23284,28,1,1
4000,2625,1733,40,15359,15068,641,15530,20559,31,1,1
4001,16712,21831,40,6712,4899,19997,7024,65624,245,1,1
4002,8176,4438,40,20028,19497,18244,20209,51117,63,1,1
4003,5340,4017,41,19426,18936,16190,19607,45195,58,1,1
4004,882,170,40,8907,8796,561,9047,10700,3,1,1
4005,11713,12373,40,14728,13535,1051,14978,40166,156,1,1
4006,6863,5470,41,16581,15950,1493,16772,30658,78,1,1
4007,6061,4008,40,15489,14979,3166,15670,28955,60,1,1
4008,5881,5020,40,16782,16191,2946,16972,30849,71,1,1
4009,4568,1814,40,19116,18826,17994,19286,43712,31,1,1
4010,15870,21641,40,6573,4779,15439,6883,59883,241,1,1
4011,4528,2996,40,19096,18686,13986,19277,40817,47,1,1
4012,6162,5510,40,15339,14708,1092,15539,28344,78,1,1
4013,6141,4439,40,14868,14307,3247,15048,28935,66,1,1
4014,6943,4879,40,15039,14458,3336,15229,30427,70,1,1
4015,5541,4378,41,16310,15779,2865,16502,29326,65,1,1
4016,6893,2535,40,18806,18435,19156,18966,47600,40,1,1
4017,6252,5791,40,19858,19157,12884,20058,45015,83,1,2
4018,5330,4639,40,14026,13465,971,14217,25207,69,1,1
4019,4850,1933,41,18475,18144,1392,18636,26861,30,1,2
4020,6022,3306,40,14257,13817,3467,14437,27272,51,1,1
4021,5741,4047,41,18525,18024,2995,18706,31539,60,1,1
4022,5610,1552,40,18154,17904,16331,18315,41859,25,1,1
4023,3847,1904,40,19467,19136,11922,19617,37340,34,1,1
4024,5600,4238,40,12383,11842,1002,12564,23454,64,1,1
4025,6703,5219,40,12544,11952,2234,12744,26941,73,1,1
4026,6071,4489,40,17944,17383,1994,18124,30728,68,1,1
4027,6733,4929,40,18405,17803,2294,18606,32612,75,1,1
4028,5530,1814,40,18395,18104,12994,18555,38943,30,1,1
4029,6633,3566,40,19206,18775,6533,19387,36149,50,1,1
4030,5059,2866,40,11652,11311,1743,11822,21530,38,1,1
4031,3817,441,40,6873,6723,1062,7023,12383,11,1,1
4032,6903,5120,40,11652,11041,1402,11833,25308,73,1,1
4033,4609,581,40,6733,6562,1192,6893,13315,13,1,1
4034,7104,5821,40,18746,18084,3036,18946,34947,82,1,1
4035,7033,5040,40,19497,18896,2044,19687,33864,73,1,1
4036,5951,1653,40,18565,18304,15610,18726,41970,26,1,1
4037,5420,3326,40,18765,18335,9068,18946,36810,50,1,1
4038,3136,982,40,8266,8066,1573,8426,14157,18,1,1
4039,5901,3226,30,7034,6602,1022,7194,17393,48,1,1
4040,3717,2425,40,10149,9809,1724,10319,18235,38,1,1
4041,4168,1192,40,9879,9659,1553,10039,16992,21,1,1
4042,6923,4268,40,14898,14378,1563,15079,27883,62,1,1
4043,6412,4960,40,19758,19177,2484,19948,33844,71,1,1
4044,17072,8897,40,21040,20178,5109,21251,52379,109,1,1
4045,6612,2875,40,18595,18195,4007,18766,32301,45,1,1
4046,4618,1644,40,8606,8306,1253,8766,16311,30,1,1
4047,4208,761,41,14176,13936,1092,14318,20419,15,1,2
4048,5440,3878,40,12965,12464,2525,13155,25058,60,1,1
4049,7535,3587,40,13395,12934,1383,13575,26120,54,1,1
4050,6913,6042,40,20328,19637,3516,20529,37040,85,1,1
4051,6051,2094,40,18104,17773,4519,18265,30989,35,1,1
4052,6272,2195,40,17844,17513,2725,18014,29236,36,1,1
4053,4027,371,40,7454,7314,961,7595,13014,8,1,1
4054,5511,3567,40,8827,8376,1633,9007,19778,54,1,1
4055,4569,2154,40,10771,10420,1292,10941,18986,37,1,1
4056,3968,1012,40,18976,18736,1673,19126,25839,18,1,2
4057,7044,5791,40,14217,13566,2715,14417,30007,80,1,1
4058,5060,3496,41,16581,16130,1844,16762,27212,54,1,1
4059,4539,661,40,17443,17253,1674,17593,24507,15,1,1
4060,6132,4238,40,21371,20850,4098,21551,36069,62,1,1
4061,4328,2505,40,15981,15669,2254,16151,25278,34,1,1
4062,12353,10721,40,18245,17223,972,18485,42581,133,1,1
4063,6172,4429,40,16762,16211,4378,16952,31971,67,1,1
4064,16191,21921,40,23144,21330,2996,23454,64613,243,1,1
4065,4849,1653,40,19357,19076,10350,19517,36399,28,1,1
4066,2365,591,40,17904,17744,12023,18054,33083,13,1,1
4067,8015,7685,40,17203,16391,1012,17423,34175,104,1,1
4068,6773,5711,40,16151,15490,2405,16351,31280,81,1,1
4069,5901,4158,40,17223,16672,2916,17393,30428,65,1,1
4070,6503,5560,40,17302,16651,3015,17504,32612,79,1,1
4071,5260,1964,40,18966,18676,16712,19126,43112,30,1,1
4072,2335,1112,40,18525,18285,14838,18665,37000,21,1,1
4073,3697,1503,40,11281,11001,1914,11441,18605,28,1,1
4074,6302,3497,40,10420,9969,1212,10600,21651,54,1,1
4075,6072,4438,40,13095,12554,1694,13285,25529,66,1,1
4076,6843,5140,40,10570,9969,1042,10760,23835,74,1,1
4077,6252,4298,40,15640,15099,3817,15830,30247,65,1,1
4078,5480,4208,40,16391,15870,3337,16571,29646,62,1,1
4079,5832,2504,41,18955,18595,18765,19117,46278,39,1,1
4080,6382,5631,40,19708,19037,15429,19898,47400,79,1,2
4081,5571,4418,40,13195,12644,982,13376,24407,65,1,1
4082,4769,2154,40,9277,8957,1293,9447,17714,36,1,1
4083,7514,5270,41,16741,16100,1623,16942,31399,79,1,1
4084,6463,4438,40,15179,14618,2795,15369,29125,68,1,1
4085,6502,5270,41,16391,15770,2354,16592,30758,77,1,1
4086,5901,2725,40,19527,19156,19667,19698,48041,41,1,1
4087,15099,16721,40,23164,21680,14307,23425,69602,190,1,2
4088,4398,2966,40,12514,12093,1202,12684,21290,48,1,1
4089,3927,431,40,7925,7774,1452,8076,13936,11,1,1
4090,6212,4779,40,13425,12854,2033,13616,26680,68,1,1
4091,6332,4208,40,23454,22873,1744,23644,35978,65,1,2
4092,7294,5290,40,16060,15429,2074,16250,30958,77,1,1
4093,5089,1643,40,18665,18385,17453,18825,43071,29,1,1
4094,14748,18435,40,22943,21361,13536,23234,70013,208,1,2
4095,6973,6041,40,13125,12443,1102,13326,27472,83,1,1
4096,6472,4870,40,12684,12103,2365,12874,26621,70,1,1
4097,6182,4919,40,18245,17664,3847,18435,33413,70,1,1
4098,6662,5110,40,19227,18616,1974,19427,33213,75,1,1
4099,5390,1913,40,18154,17844,17363,18325,43021,33,1,1
4100,3076,1613,40,18005,17713,10550,18165,33444,29,1,1
4101,6292,5300,40,12313,11692,1133,12503,25268,75,1,1
4102,6051,3377,40,8456,8005,1052,8636,19146,52,1,1
4103,6753,5130,40,13255,12644,1733,13445,27101,73,1,1
4104,6132,4038,40,17734,17203,3506,17914,31640,62,1,1
4105,7153,5601,40,18656,18035,2354,18846,34014,77,1,1
4106,6091,2615,41,19156,18785,13766,19317,41849,41,1,1
4107,2756,1372,40,18025,17764,6692,18175,29045,24,1,1
4108,13966,10149,40,11372,10410,17753,11602,53521,123,1,1
4109,3346,1322,40,6312,6061,8295,6463,19466,24,1,1
4110,13074,9719,40,9739,8797,1593,9969,34405,121,1,1
4111,2104,1192,40,15329,15089,942,15489,19767,22,1,1
4112,18635,18134,40,13716,12174,15659,14007,66485,204,1,2
4113,3567,1814,40,6272,5971,5300,6432,17163,31,1,1
4114,3477,2655,40,17884,17523,2635,18054,26881,40,1,1
4115,21982,10019,40,20960,20028,9639,21180,62870,120,1,1
4116,2364,701,41,17773,17603,8136,17924,29165,13,1,1
4117,4900,1613,40,10229,9939,1472,10400,18425,30,1,1
4118,6462,3477,40,9097,8627,1112,9278,20369,54,1,1
4119,6523,4839,40,23505,22914,3987,23695,39094,69,1,2
4120,6362,5571,40,19166,18535,2325,19366,33664,77,1,1
4121,4609,1663,40,18245,17974,8346,18405,33063,28,1,1
4122,6312,3526,41,18605,18154,4078,18786,32742,52,1,1
4123,4238,841,40,7875,7685,1223,8025,14357,16,1,1
4124,4078,811,40,7735,7544,982,7885,13796,16,1,1
4125,6382,4658,40,13756,13195,4108,13956,29145,68,1,1
4126,4599,711,40,11742,11552,1664,11892,18916,15,1,1
4127,6853,5020,40,17002,16421,3327,17192,32432,71,1,1
4128,7054,2304,40,29877,29506,1583,30037,41028,36,1,2
4129,4649,902,40,18264,18054,9287,18414,33303,18,1,1
4130,3587,211,40,7103,7003,1153,7243,12244,5,1,1
4131,6302,4839,40,13666,13074,3327,13856,28364,71,1,1
4132,7043,5410,40,16231,15630,2224,16431,31159,75,1,1
4133,7324,5410,40,16902,16280,3957,17103,33834,77,1,1
4134,5660,4137,40,17322,16802,3737,17504,31099,61,1,1
4135,4399,1773,40,18115,17814,8927,18275,33434,30,1,1
4136,6423,3767,40,19387,18906,6482,19567,36299,57,1,1
4137,4438,2625,41,13916,13525,1803,14087,22993,43,1,1
4138,6282,4068,30,11943,11452,1122,12123,23645,58,1,1
4139,3106,1733,40,11111,10801,2184,11272,18335,31,1,1
4140,7164,4649,40,11031,10480,1092,11221,24176,66,1,1
4141,7084,4969,40,16761,16170,3326,16952,32382,73,1,1
4142,5771,4518,40,17212,16671,3818,17403,31560,66,1,1
4143,4879,1623,41,18885,18595,17083,19046,42671,29,1,1
4144,5070,2475,40,18495,18124,14988,18665,41238,41,1,1
4145,6392,5671,40,16622,15971,1082,16822,30017,80,1,1
4146,6262,4388,40,16201,15650,2795,16391,29866,67,1,1
4147,6242,4168,40,15630,15119,3807,15820,30067,61,1,1
4148,5250,3857,40,16472,15971,3576,16652,29385,59,1,1
4149,4829,1934,40,18735,18435,17464,18905,43172,32,1,1
4150,10299,11913,40,22262,21110,19958,22502,64712,146,1,2
4151,3907,1673,41,13455,13165,1894,13616,21140,29,1,1
4152,6082,4909,30,15049,14458,2374,15229,28644,70,1,1
4153,6853,4177,30,16040,15509,2916,16211,30207,62,1,1
4154,6812,5962,40,18195,17523,3637,18395,34856,83,1,1
4155,5911,2235,30,18415,18074,16541,18575,43302,36,1,1
4156,6523,3256,40,18996,18555,12384,19166,41379,50,1,1
4157,4980,2585,40,11923,11552,1573,12093,21281,42,1,1
4158,6101,4539,40,15860,15319,2325,16050,29055,65,1,1
4159,7575,6913,40,18756,17994,2514,18956,35998,95,1,1
4160,6453,5179,40,16741,16110,1883,16923,30498,76,1,1
4161,5952,2585,40,19988,19617,19417,20158,48162,41,1,1
4162,5120,3046,40,18625,18194,13055,18805,40066,50,1,1
4163,4188,1583,40,10370,10099,2935,10530,19296,28,1,1
4164,8486,4729,40,20209,19597,1703,20389,35357,68,1,2
4165,15249,18455,40,20579,19026,1393,20869,56016,207,1,1
4166,6442,5130,40,19337,18736,1974,19527,33123,74,1,1
4167,6112,2134,40,18996,18646,17674,19156,45116,37,1,1
4168,6683,4258,40,20119,19617,10790,20309,42080,61,1,1
4169,4909,2455,40,10340,9959,1583,10510,19487,41,1,1
4170,6572,5300,40,12113,11512,1823,12304,26049,74,1,1
4171,6122,4478,40,17694,17132,3266,17884,31810,69,1,1
4172,6282,4909,40,18385,17804,2665,18565,32461,70,1,1
4173,6533,2495,40,18835,18505,15840,19006,43934,36,1,1
4174,6532,3938,40,19277,18756,8356,19457,38333,61,1,1
4175,4950,2194,40,42541,42190,1753,42701,51638,37,1,1
4176,1874,631,40,27703,27542,2314,27853,32712,12,1,1
