batch_id,d1_ns,d2_ns,d3_ns,d4_ns,d5_ns,d6_ns,svc_ns,total_ns,num_faults,num_va_spaces,num_blocks
7890,43758,35709,530,115997,111247,15981,118186,214044,153,1,1
7891,20765,20308,122,134048,131337,11164,134788,187148,97,1,1
7892,5736,248,98,38650,38458,1890,38969,46938,1,1,1
7893,7143,5869,96,45431,44265,2533,45860,61500,34,1,1
7894,9118,200,98,64598,64398,2015,64916,76344,1,1,1
7895,15269,35570,177,65888,64087,10267,66534,127750,64,1,1
7896,20644,20351,123,55401,52700,1998,56132,99232,101,1,1
7897,10813,9426,96,45292,43743,1829,45811,67973,54,1,1
7898,1933,492,97,38668,38395,953,38991,42464,4,1,1
7899,30969,31270,98,57873,54775,1926,58720,122982,147,1,2
7900,41257,36283,99,83055,79845,11902,84008,173545,164,1,1
7901,17077,9350,101,61569,60393,12885,62084,101489,53,1,1
7902,14373,14151,107,49049,47375,1793,49649,80060,75,1,1
7903,8998,7340,97,41331,40185,1737,41813,59987,44,1,1
7904,16270,13234,107,51759,50283,1829,52361,83789,70,1,1
7905,13579,12084,97,49660,48227,2032,50217,78006,67,1,1
7906,41438,32843,223,74340,71308,24504,75337,174223,151,1,1
7907,15759,8789,95,59534,58436,15912,60023,100578,49,1,1
7908,14826,13037,109,45180,43616,1841,45766,75564,69,1,1
7909,8148,5559,91,39884,39023,1809,40320,55928,35,1,1
7910,13741,11604,116,61292,51859,1918,61944,89303,63,1,1
7911,10371,8468,93,49510,48279,1742,50012,70691,49,1,1
7912,42102,28809,103,71723,69028,24437,72537,167981,135,1,1
7913,14374,9729,104,60510,59331,15867,61018,101084,52,1,1
7914,18345,20699,115,47066,45231,1950,47703,88798,81,1,1
7915,7832,5717,97,40732,39798,1857,41192,56690,37,1,1
7916,5469,2761,157,44724,43886,4451,45179,57956,19,1,1
7917,11094,8914,93,47882,46718,1955,48376,70434,51,1,1
7918,40886,36653,100,72707,69403,26833,73632,178294,165,1,1
7919,14867,8156,105,57787,56702,15816,58289,97221,47,1,1
7920,11995,9574,107,35507,34202,1858,36018,59541,53,1,1
7921,4350,200,91,34276,34069,2017,34635,41300,1,1,1
7922,10322,8792,124,34707,33539,1858,35235,56300,50,1,1
7923,1273,203,89,35855,35622,1048,36156,38772,1,1,1
7924,16464,10405,97,31543,30156,1838,32058,60861,56,1,2
7925,9495,7297,93,45084,44029,1774,45557,64221,44,1,1
7926,41743,32283,99,68959,65991,23646,69819,167586,149,1,1
7927,15350,9575,108,60783,59561,15141,61296,101455,52,1,1
7928,15730,13266,229,37429,35819,1784,38146,69021,70,1,1
7929,8969,6928,97,31648,30631,1860,32102,49954,42,1,1
7930,4231,1827,100,29824,29337,5310,30176,41637,14,1,1
7931,15388,13684,100,47604,46073,2009,48183,79354,73,1,1
7932,13565,13859,98,55437,53821,1767,56032,85321,75,1,1
7933,41733,26957,94,67417,64842,22553,68194,159534,128,1,1
7934,6703,3656,104,67768,67081,15707,68228,94391,24,1,1
7935,12309,11212,118,34476,33048,1676,35065,60357,61,1,1
7936,7429,5670,97,33640,32757,1814,34072,49079,35,1,1
7937,20113,20033,116,56416,54296,1520,57118,98878,99,1,1
7938,15753,15223,98,54339,52647,1411,54950,87430,79,1,1
7939,41973,31501,134,69388,66544,18607,70268,162446,142,1,1
7940,17661,9740,220,59062,57840,9074,59692,96262,52,1,1
7941,12559,7477,103,34625,33592,1889,35118,57137,43,1,1
7942,8531,4488,97,35952,35207,1835,36361,51308,29,1,1
7943,4574,196,91,24104,23901,1813,24397,31062,1,1,1
7944,5422,2430,95,46467,45869,4218,46830,58995,18,1,1
7945,13784,14799,96,57726,56081,1836,58318,88829,76,1,1
7946,51117,22373,230,64952,62867,7438,65798,146825,102,1,1
7947,15535,9554,104,59814,58579,6147,60318,91645,52,1,1
7948,8954,5078,109,31608,30764,1885,32043,48057,32,1,1
7949,7949,3839,95,24506,23848,1742,24908,38530,25,1,1
7950,1373,202,90,17641,17445,1335,17938,20939,1,1,1
7951,30697,32713,93,63587,60494,1823,64435,129762,149,1,2
7952,16319,16989,94,67076,55674,5020,67792,106237,85,1,1
7953,38661,13205,132,60433,59018,1775,61027,114759,65,1,1
7954,14378,3479,103,55368,54753,2097,55761,75809,22,1,1
7955,4242,195,95,22919,22701,1843,23220,29583,1,1,1
7956,4314,200,97,21207,21011,1788,21510,27894,1,1,1
7957,9001,6047,96,38887,37971,4369,39335,58835,36,1,1
7958,4441,209,87,35686,35489,1768,35971,42472,1,1,1
7959,16348,17072,103,51092,49200,7516,51788,92814,89,1,1
7960,2152,209,90,34933,34737,2383,35238,40064,1,1,1
7961,6765,199,89,52703,52504,1739,52993,61780,1,1,1
7962,40999,46261,103,77914,73749,5209,78979,171538,208,1,1
7963,4065,226,98,26807,26587,1784,27119,33297,1,1,1
7964,19239,18772,107,44502,42554,1832,45175,85290,94,1,1
7965,11600,11332,97,59296,57760,1726,59949,84706,62,1,1
7966,1850,346,101,37834,37582,965,38153,41398,3,1,1
7967,31535,33009,98,58568,55351,1751,59438,125826,154,1,2
7968,41496,35177,101,73655,70514,14074,74560,165397,160,1,1
7969,17003,12133,102,60841,59392,10033,61405,100665,66,1,1
7970,24364,14924,223,50277,48532,1753,51005,92140,77,1,1
7971,7913,6362,100,42467,41474,1746,42931,59044,40,1,1
7972,18874,19345,113,57555,55545,1870,58241,98424,96,1,1
7973,12103,11604,103,49426,48020,1724,49981,75504,65,1,1
7974,42010,28632,110,72140,69459,20400,72964,164095,135,1,1
7975,16024,10431,104,73805,72537,15295,74379,116229,56,1,1
7976,15857,13498,109,48512,46892,1883,49110,80443,73,1,1
7977,8515,6793,103,33733,32750,1838,34190,51420,41,1,1
7978,5010,204,90,23661,23455,1878,23970,31147,1,1,1
7979,4747,2241,90,42039,41550,4624,42392,54088,16,1,1
7980,10674,10021,92,48170,46896,2115,48680,71583,57,1,1
7981,41555,32811,105,72471,69462,21440,73479,169379,153,1,1
7982,17731,11165,202,60109,58795,15323,60749,105063,60,1,1
7983,14282,11397,99,44476,43096,1812,45010,72593,60,1,1
7984,9002,6985,96,41430,40443,1827,41883,59783,42,1,1
7985,1755,330,97,37957,37698,1050,38271,41491,3,1,1
7986,21203,22064,99,56885,54549,1795,57595,102762,108,1,2
7987,42198,28338,105,85570,82894,23303,86439,180376,134,1,1
7988,15337,8418,102,60523,59443,15782,61012,100643,47,1,1
7989,12541,10605,103,42638,41319,1886,43176,68299,58,1,1
7990,10237,9288,99,36096,34897,1762,36611,57983,52,1,1
7991,4569,200,90,23974,23765,2047,24274,31171,1,1,1
7992,8041,5655,95,45586,44738,1865,46017,61670,35,1,1
7993,13074,12163,96,47608,46175,1829,48162,75322,67,1,1
7994,41830,30964,206,70880,68039,25555,71843,170476,143,1,1
7995,17574,10940,101,58021,56757,15482,58559,102648,58,1,1
7996,42226,26485,109,40667,38186,28472,41423,138702,122,1,1
7997,12174,5265,100,26082,25316,17050,26505,61078,31,1,1
7998,15069,7947,99,24048,23009,10933,24511,58546,44,1,1
7999,5140,208,96,23507,23305,1793,23812,31046,1,1,1
8000,14837,12689,100,59602,58158,2441,60210,90272,67,1,1
8001,13790,12871,105,56709,55160,2062,57304,86117,70,1,1
8002,41404,32677,105,69057,66084,19197,69919,163284,150,1,1
8003,11236,5452,108,57824,56992,14519,58264,89563,32,1,1
8004,16132,13996,116,39294,37667,1887,39896,72005,73,1,1
8005,10733,8379,100,31385,30218,1480,31871,52553,48,1,1
8006,7142,4328,197,49286,48551,4054,49821,65444,29,1,1
8007,12712,11666,102,53641,52205,2635,54196,81302,63,1,1
8008,41651,34044,107,69503,66460,20382,70395,166760,155,1,1
8009,14951,8988,102,63400,62284,11775,63910,99736,49,1,1
8010,9750,6952,103,32837,31811,2169,33322,52282,42,1,1
8011,8743,5865,197,34187,33197,2003,34730,51439,35,1,1
8012,4532,200,89,23764,23560,1787,24065,30674,1,1,1
8013,18316,18410,102,57362,55381,1894,58016,96737,93,1,1
8014,15162,16354,100,56414,54571,1812,57036,90456,85,1,1
8015,42504,27706,93,65284,62805,11692,66048,148050,124,1,1
8016,14699,6777,104,56145,55194,7131,56597,85293,39,1,1
8017,9598,5660,200,32666,31800,1784,33203,50338,34,1,1
8018,7759,4164,94,25364,24603,1762,25780,39551,28,1,1
8019,4444,198,100,17294,17090,1707,17605,24036,1,1,1
8020,8312,5667,97,52319,51431,3941,52753,70761,36,1,1
8021,10814,9250,94,41089,39926,1728,41577,63454,51,1,1
8022,2281,195,90,35041,34840,2398,35336,40292,1,1,1
8023,14860,3471,91,55936,55336,4231,56383,79036,22,1,1
8024,16709,8648,103,70141,69015,3326,70692,99473,48,1,1
8025,8547,3672,108,26358,25680,1820,26772,40897,26,1,1
8026,4381,202,99,22757,22561,1812,23048,29526,1,1,1
8027,4503,196,98,17332,17123,1839,17625,24245,1,1,1
8028,19182,19415,98,60228,58237,1888,60897,101466,97,1,1
8029,11412,10058,90,42142,40890,5669,42657,69879,57,1,1
8030,4445,203,88,34789,34593,1715,35074,41518,1,1,1
8031,11746,1264,104,56180,55794,1767,56545,71413,10,1,1
8032,7853,502,195,55925,55651,1741,56339,66525,4,1,1
8033,4190,232,98,22730,22523,1733,23021,29258,1,1,1
8034,3673,2113,100,36733,36233,951,37097,43920,15,1,1
8035,25849,26252,93,50924,48113,1767,51697,105654,128,1,2
8036,4795,206,92,35061,34863,1765,35344,42192,1,1,1
8037,8590,7499,96,43849,42865,1713,44309,62207,43,1,1
8038,41852,38322,133,77686,74263,12560,78660,171500,173,1,1
8039,14715,10528,199,61523,60226,10709,62174,98225,58,1,1
8040,16874,15794,109,48583,46828,1756,49210,83727,83,1,1
8041,11183,10114,95,44847,43522,1776,45363,68526,58,1,1
8042,16679,14837,106,53285,51633,1888,53886,87385,78,1,1
8043,15072,14433,93,51312,49709,2136,51898,83631,76,1,1
8044,41806,38820,197,75222,71705,8702,76294,165707,177,1,1
8045,15291,10450,105,60708,59453,12493,61241,99565,57,1,1
8046,16050,13468,107,46696,45172,1747,47281,78632,72,1,1
8047,11115,10253,96,45071,43766,1696,45589,68737,58,1,1
8048,16327,16161,114,54150,52404,1837,54796,89214,84,1,1
8049,15267,16609,209,54529,52720,1828,55273,89073,87,1,1
8050,41718,33752,95,73178,70056,24435,74064,174060,157,1,1
8051,17965,10830,105,59319,58054,15314,59858,104060,56,1,1
8052,21251,20029,108,47976,45765,2173,48661,92204,100,1,1
8053,7122,5273,95,40594,39739,1631,41037,55149,33,1,1
8054,17886,14158,155,52066,50453,1965,52714,86817,72,1,1
8055,12224,9933,98,48535,47283,1444,49055,72742,56,1,1
8056,42031,34694,104,75039,71853,25378,75939,178138,159,1,1
8057,12915,7737,106,57647,56666,23239,58128,102111,43,1,1
8058,14845,12962,130,44507,43011,1930,45111,74936,69,1,1
8059,6715,4364,206,43265,42395,1847,43796,56820,29,1,1
8060,6773,5471,97,46040,45213,3881,46474,62684,34,1,1
8061,13334,13477,98,48851,47285,1751,49430,78084,73,1,1
8062,42428,27396,93,68143,65607,23622,68917,162450,127,1,1
8063,14031,8199,108,58042,57030,16156,58523,97003,44,1,1
8064,14043,11931,201,36854,35408,1791,37534,65392,65,1,1
8065,4810,600,93,46642,46188,1821,46959,54286,5,1,2
8066,19606,11857,97,38436,37063,12562,38979,83087,63,1,1
8067,5127,2611,97,41671,41090,4870,42041,54735,18,1,1
8068,10811,8856,95,33669,32531,2467,34162,56388,51,1,1
8069,10929,8888,94,44599,43424,1827,45098,66834,53,1,1
8070,41550,36040,104,71995,68787,24809,72906,175393,161,1,1
8071,27343,9607,216,62204,61020,14874,62828,114750,52,1,1
8072,14445,12321,99,35614,34107,1782,36170,64815,67,1,1
8073,9499,6411,99,30618,29688,1765,31061,48821,39,1,1
8074,19581,19907,111,61386,59334,1823,62078,103477,98,1,1
8075,11334,9620,97,53760,52542,4296,54277,79612,55,1,1
8076,42223,31393,107,77788,74916,19540,78674,171934,141,1,1
8077,17111,11152,147,58134,56846,11316,58721,98395,58,1,1
8078,14418,9262,102,31989,30781,1757,32491,58017,52,1,1
8079,9141,7818,98,32720,31685,1772,33195,52014,44,1,1
8080,4438,196,97,23657,23453,1817,23964,30500,1,1,1
8081,9900,7117,98,50220,49206,2890,50679,70681,43,1,1
8082,14504,15050,108,55379,53675,1910,55994,87548,80,1,1
8083,42565,23834,231,65607,63254,13515,66482,146484,114,1,1
8084,14167,9256,100,57739,56585,8742,58227,90484,50,1,1
8085,12321,7448,114,34501,33430,1801,34995,56652,43,1,1
8086,7595,4338,96,29411,28704,1691,29819,43528,28,1,1
8087,4198,200,97,23478,23271,1686,23786,29950,1,1,1
8088,15930,12486,97,51813,50373,2104,52378,82988,67,1,1
8089,14725,15299,101,67901,58526,4233,68591,102941,79,1,1
8090,42502,20580,117,63600,61663,6258,64290,133723,94,1,1
8091,13253,6155,104,58419,57552,4998,58865,83362,36,1,1
8092,10016,4627,101,25669,24887,1803,26085,42620,30,1,1
8093,5158,496,97,38661,38242,1825,38980,46546,4,1,2
8094,2229,736,97,29427,29068,1091,29754,33895,6,1,1
8095,25914,24733,95,59556,57088,1880,60363,112987,121,1,1
8096,17642,15280,108,43101,41458,7734,43717,84465,78,1,1
8097,34824,16100,96,100456,98680,1909,101063,153989,78,1,2
8098,15436,3892,104,56055,55392,1719,56455,77595,24,1,1
8099,4281,202,97,22449,22235,1703,22753,29022,1,1,1
8100,3865,212,95,22326,22129,2091,22649,28898,1,1,1
8101,17476,17537,104,60709,58839,2392,61352,98844,88,1,1
8102,14191,14466,153,42538,40942,4128,43186,76066,76,1,1
8103,10171,9756,96,51027,49826,1734,51543,73292,55,1,1
8104,6975,198,98,52306,52102,1697,52624,61578,1,1,1
8105,1547,311,100,53466,53203,916,53789,56648,3,1,1
8106,41217,46638,104,15778,11542,23288,16849,128079,213,1,1
8107,40479,13146,217,66142,64605,17274,66856,137847,69,1,1
8108,13216,7595,129,31162,30138,11288,31669,63853,42,1,1
8109,19795,12805,100,34108,32645,2469,34674,69835,67,1,1
8110,4263,1947,133,42540,42049,4726,42940,53965,15,1,1
8111,14871,15385,156,52249,50537,1782,52917,85048,81,1,1
8112,41659,38755,94,77810,74327,13739,78756,173014,177,1,1
8113,28219,16585,204,64198,62423,13082,64928,122909,82,1,1
8114,20629,19553,108,48924,46870,1794,49603,91669,98,1,1
8115,8767,7167,97,41704,40630,1735,42172,59926,43,1,1
8116,1277,203,97,36133,35878,958,36441,38962,1,1,1
8117,25841,28811,97,56349,53481,2121,57169,114037,138,1,2
8118,42117,32840,101,84796,81813,17176,85707,177938,148,1,1
8119,19151,9033,107,61682,60526,14925,62194,105395,49,1,1
8120,17177,14575,106,50793,49005,2096,51396,85339,76,1,1
8121,7720,4539,102,38531,37742,1824,38957,53130,30,1,1
8122,2457,816,95,39816,39458,1191,40149,44706,7,1,1
8123,29681,31475,109,56646,53621,1804,57509,120562,147,1,2
8124,41719,33338,198,72558,69523,26315,73539,174999,154,1,1
8125,16170,9996,108,58676,57464,15666,59204,101130,55,1,1
8126,13443,12632,106,44668,43212,1857,45231,73256,67,1,1
8127,9851,7919,96,42356,41280,1756,42857,62475,47,1,1
8128,2158,703,99,40502,40193,980,40846,44784,6,1,1
8129,21506,32661,219,52972,50619,1806,53804,109883,107,1,2
8130,41963,33903,113,73079,70022,21523,73991,171475,156,1,1
8131,15388,7807,110,58317,57314,15760,58796,97843,43,1,1
8132,12384,10043,113,41756,40445,1817,42298,66629,57,1,1
8133,10748,10627,103,35063,33704,1745,35604,58810,61,1,1
8134,4150,194,91,23811,23611,1756,24113,30294,1,1,1
8135,12433,10508,141,48000,46687,2022,48585,73642,59,1,1
8136,11530,10146,97,45478,44205,2345,46006,70117,57,1,1
8137,41397,34396,113,71381,68359,22397,72270,170554,152,1,1
8138,15644,9380,98,58942,57806,15433,59442,99991,50,1,1
8139,17500,16602,109,38823,36979,1804,39481,75477,86,1,1
8140,9986,9671,99,45419,44078,2097,46011,67865,55,1,1
8141,1923,573,107,44123,43838,1051,44469,48100,5,1,1
8142,30911,35542,99,63140,59731,2330,64059,132933,165,1,2
8143,42725,23284,101,67033,64827,22636,67772,156501,110,1,1
8144,15150,7589,102,57750,56721,14008,58230,95063,44,1,1
8145,14296,20002,156,34897,33403,1834,35517,71741,65,1,1
8146,9423,7562,95,31230,30185,1846,31714,50632,44,1,1
8147,2308,577,97,35484,35190,1086,35813,39875,5,1,1
8148,21674,18734,96,51051,49108,1797,51710,94007,95,1,1
8149,12213,11532,108,52494,51108,1693,53049,78581,64,1,1
8150,41983,28990,115,67504,64865,21976,68332,161373,133,1,1
8151,14434,6945,104,71012,70006,10249,71546,103274,41,1,1
8152,11554,8894,108,33391,32141,1925,33913,56380,51,1,1
8153,10276,7593,106,36165,35090,1733,36651,56346,45,1,1
8154,1419,204,98,24503,24306,1224,24809,27739,1,1,1
8155,25649,25080,90,47955,45458,1933,48704,101458,122,1,1
8156,19226,20602,101,61294,59110,4242,61989,106149,104,1,1
8157,42016,30287,116,66172,63408,10243,67005,149655,137,1,1
8158,15115,9127,208,59530,58337,6728,60148,91213,51,1,1
8159,9926,5904,105,32044,31156,1818,32500,50238,36,1,1
8160,8220,3309,95,24113,23500,1872,24492,37977,22,1,1
8161,4327,219,97,17167,16977,2135,17480,24242,1,1,1
8162,10433,6729,97,33246,32312,4053,33697,54996,39,1,1
8163,8796,4569,95,39017,38269,1789,39429,54672,30,1,1
8164,16681,16378,94,41748,39896,6158,42426,81728,85,1,1
8165,17645,3660,91,102338,101571,1835,102779,126014,22,1,2
8166,12466,2304,100,55406,54889,1711,55787,72360,16,1,1
8167,10015,3415,103,24709,24025,1713,25127,40363,24,1,1
8168,4302,197,98,21158,20963,1751,21448,27781,1,1,1
8169,2300,868,97,30624,30291,1034,30950,35281,7,1,1
8170,24175,20146,90,42901,40847,1731,43579,89724,99,1,1
8171,17421,16918,103,39268,37456,7000,39904,81328,85,1,1
8172,4814,200,93,35491,35266,1394,35782,42271,1,1,1
8173,5462,199,159,53619,53433,2906,53996,62646,1,1,1
8174,8069,194,97,53937,53729,1955,54244,64545,1,1,1
8175,5017,243,110,23208,22989,1451,23521,30316,1,1,1
8176,4097,2384,97,23106,22589,4969,23479,35013,17,1,1
8177,17568,16459,102,36027,34295,1776,36653,72538,83,1,1
8178,9405,8371,102,45672,44454,2195,46161,66216,48,1,1
8179,2447,197,109,36296,36088,2681,36631,42043,1,1,1
8180,8984,8287,95,63392,62240,1759,63933,83061,48,1,1
8181,42360,33885,110,73721,70604,14791,74617,165748,155,1,1
8182,14701,9871,103,59563,58318,11593,60090,96348,55,1,1
8183,20202,21637,108,49061,46881,1779,49767,93478,106,1,1
8184,10097,8164,97,40337,39253,1873,40821,61050,47,1,1
8185,18199,23260,149,54667,53048,1815,55316,98684,76,1,1
8186,12210,11186,102,51245,49886,2165,51794,77448,63,1,1
8187,41964,32226,112,76277,73308,20622,77148,172055,150,1,1
8188,17736,12067,104,60699,59361,14841,61254,105984,62,1,1
8189,16743,16691,142,46592,44770,2068,47305,82901,86,1,1
8190,21350,7663,257,43140,41999,1749,43785,74646,45,1,1
8191,18042,16825,115,53939,52107,1962,54609,91526,88,1,1
8192,12379,10989,96,48893,47548,2056,49430,74945,61,1,1
8193,42246,29164,110,71661,68936,22796,72488,166781,137,1,1
8194,17325,7674,99,57356,56334,15465,57836,98386,43,1,1
8195,13060,12432,210,46249,44785,1759,46939,74289,68,1,1
8196,10412,8536,99,41952,40729,1712,42444,63195,51,1,1
8197,1241,198,101,36026,35813,1140,36332,38993,1,1,1
8198,26930,30206,89,54402,51381,2511,55228,114967,143,1,2
8199,41884,35717,102,74064,70847,30284,74980,182953,162,1,1
8200,16973,11778,97,61266,59934,27566,61806,118215,61,1,1
8201,13815,11472,174,44176,42805,1891,44809,72085,63,1,1
8202,7452,5747,90,39563,38597,1686,40003,54974,36,1,1
8203,2120,208,97,36294,36097,3726,36600,42737,1,1,1
8204,13196,11935,97,62176,60694,1785,62736,89757,65,1,1
8205,41834,34998,112,74492,71228,26395,75412,178724,161,1,1
8206,17514,10539,203,61123,59800,15683,61749,105575,56,1,1
8207,17603,17573,107,37358,35469,1791,38015,75068,90,1,1
8208,9533,8663,102,43620,42468,1727,44108,64125,48,1,1
8209,4745,299,90,24413,24143,1928,24715,31781,2,1,1
8210,9064,7266,95,45119,44113,3325,45577,65332,42,1,1
8211,13605,14163,100,52907,51291,1822,53487,83171,74,1,1
8212,50407,40070,195,85591,82124,22898,86714,200417,166,1,1
8213,14321,7686,115,58829,57763,15172,59327,96600,45,1,1
8214,42245,26740,106,40257,37687,28559,41021,138669,124,1,1
8215,8747,3037,102,25040,24426,17184,25430,54492,20,1,1
8216,19912,12682,101,26671,25233,9035,27224,68946,64,1,1
8217,6875,3420,94,30888,30233,3731,31272,45383,23,1,1
8218,14149,12702,101,45120,43691,1716,45681,74341,67,1,1
8219,15916,23621,164,56918,55220,3884,57599,101115,82,1,1
8220,41761,33780,99,68903,65893,19665,69764,165056,151,1,1
8221,13867,8037,104,59833,58697,12878,60329,95205,46,1,1
8222,12648,9254,102,38736,37505,1864,39248,63133,52,1,1
8223,8741,7130,107,33090,32057,1830,33568,51352,41,1,1
8224,4374,200,97,23725,23518,1706,24031,30405,1,1,1
8225,13196,9715,96,66702,65401,2487,67304,92799,55,1,1
8226,12227,11713,104,52867,51469,2438,53424,79891,64,1,1
8227,42138,24755,113,66370,64016,13795,67124,147905,115,1,1
8228,14548,10521,108,60033,58758,9518,60570,95251,57,1,1
8229,12679,9441,108,34991,33815,1781,35511,59500,52,1,1
8230,15915,3636,152,31014,30305,1992,31471,53100,24,1,1
8231,3239,206,95,23613,23413,2289,23993,29807,1,1,1
8232,18494,20009,97,57314,55172,1738,57988,98321,100,1,1
8233,15764,16849,104,60148,58288,1807,60794,95298,88,1,1
8234,42492,22366,106,63652,61564,6785,64353,136097,103,1,1
8235,14252,7436,108,57668,56647,4749,58143,84671,43,1,1
8236,10568,2819,210,29386,28742,1759,29893,45136,19,1,1
8237,4504,204,97,21863,21665,1861,22155,28805,1,1,1
8238,4662,198,89,17457,17270,1722,17736,24401,1,1,1
8239,9080,6054,96,36974,36018,3315,37426,55962,36,1,1
8240,7715,3184,93,38285,37654,1720,38677,51391,23,1,1
8241,18998,21682,98,61212,59038,3300,61902,105974,105,1,1
8242,12322,1996,102,56438,55972,1786,56807,73003,14,1,1
8243,11224,1313,103,54157,53734,12167,54514,79308,11,1,1
8244,4381,200,190,23516,23303,1786,23904,30352,1,1,1
8245,15901,14094,111,62622,60832,1898,63215,95196,73,1,2
8246,11392,9342,93,41300,40046,1835,41811,64468,53,1,1
8247,4997,196,92,35190,34996,1788,35485,42550,1,1,1
8248,7330,6469,96,45170,44275,1768,45622,61282,38,1,1
8249,4208,211,95,62091,61907,3291,62402,70210,1,1,1
8250,8457,5031,104,71038,70171,11965,71544,97096,32,1,1
8251,16386,15013,112,47770,46005,1752,48385,81628,78,1,1
8252,9996,8058,100,42471,41330,1715,42965,62819,48,1,1
8253,18733,16537,111,54281,52517,1796,54926,92084,83,1,1
8254,13692,12832,96,52851,51310,1817,53418,81851,71,1,1
8255,41732,35666,97,84138,80895,11759,85101,174352,164,1,1
8256,16761,12169,112,61683,60270,11986,62277,103284,64,1,1
8257,20968,21048,107,51056,48851,1740,51759,95603,105,1,1
8258,8153,6591,105,42886,41889,1833,43369,60035,42,1,1
8259,18891,17009,103,54177,52330,1737,54823,92556,89,1,1
8260,12337,12489,100,51193,49741,2343,51762,79022,68,1,1
8261,41810,34466,221,74342,71258,21021,75374,172962,157,1,1
8262,16408,9771,102,60137,58940,15441,60650,102362,52,1,1
8263,16543,15383,110,45804,44041,1779,46428,80221,80,1,1
8264,8051,5802,98,41732,40847,1723,42170,57833,36,1,1
8265,17224,16921,112,54308,52450,11156,54969,100361,87,1,1
8266,12275,10686,202,50398,49038,1796,51038,75889,61,1,1
8267,41816,31309,99,71832,68942,24107,72671,170195,145,1,1
8268,16188,10044,106,58316,57090,15803,58846,100975,54,1,1
8269,14605,19420,121,45677,43960,2214,46308,82643,76,1,1
8270,7781,6272,98,40341,39404,1823,40784,57050,39,1,1
8271,13917,11470,223,50684,49261,1869,51361,78711,62,1,1
8272,8132,7033,97,45393,44336,1839,45866,62963,43,1,1
8273,41773,29079,98,71398,68647,24707,72223,167874,138,1,1
8274,10222,3757,110,55448,54784,16814,55873,86757,24,1,1
8275,13506,13191,107,42371,40814,1772,42964,71524,71,1,1
8276,10445,8177,145,33637,32547,1759,34177,54651,48,1,1
8277,3672,200,100,24617,24402,2275,24932,31173,1,1,1
8278,14464,13486,101,49692,48085,1922,50279,80254,73,1,1
8279,14346,13334,99,46206,44694,1775,46782,76346,72,1,1
8280,41740,30884,110,70302,67459,25130,71153,169186,144,1,1
8281,13881,4718,103,58357,57629,15943,58777,93411,29,1,1
8282,11882,9489,200,33548,32259,1913,34160,57532,54,1,1
8283,10977,9040,93,31435,30269,1831,31926,53856,52,1,1
8284,20912,20560,119,57751,55609,1879,58459,101904,101,1,1
8285,11052,9761,97,51146,49938,1801,51657,74362,55,1,1
8286,41585,33596,114,69163,66125,24737,70051,170254,153,1,1
8287,17228,6980,103,65807,64838,12804,66331,103440,40,1,1
8288,14316,12581,114,35357,33821,2176,35969,65134,67,1,1
8289,9734,7970,98,33691,32619,1860,34170,53827,45,1,1
8290,18040,17429,113,57212,55351,1522,57877,94961,89,1,1
8291,13377,12433,99,54614,53183,2184,55172,83259,67,1,1
8292,41733,34140,135,70064,67044,13316,70990,160266,153,1,1
8293,17183,10434,213,61651,60380,9433,62295,99453,55,1,1
8294,12776,8672,99,34414,33269,1806,34904,58245,49,1,1
8295,7971,5493,99,30543,29669,2003,30975,46530,35,1,1
8296,4956,200,97,23789,23593,2004,24097,31337,1,1,1
8297,5840,3503,95,30106,29427,4211,30495,44131,24,1,1
8298,12977,8021,92,42154,41095,1768,42627,65485,47,1,1
8299,15152,15543,92,57521,55807,3754,58120,92672,81,1,1
8300,41223,28025,205,65475,62924,7787,66361,143485,126,1,1
8301,13643,6317,109,57226,56356,6550,57683,84287,35,1,1
8302,11574,6396,107,33402,32484,1899,33856,53818,37,1,1
8303,7807,3894,94,24770,24085,1815,25162,38764,26,1,1
8304,3316,199,94,17288,17090,2304,17590,23489,1,1,1
8305,19529,20012,100,60998,58919,1840,61685,103148,101,1,1
8306,12501,12943,105,69240,67710,4159,69874,99575,71,1,1
8307,42504,15487,111,61946,60398,1978,62557,122611,74,1,1
8308,16256,2916,98,56621,56071,1851,56998,78113,19,1,1
8309,4208,232,100,22223,22016,1757,22518,28799,1,1,1
8310,4722,198,89,21397,21210,1748,21682,28431,1,1,1
8311,5392,1788,98,23069,22629,4322,23419,35007,13,1,1
8312,10583,6982,97,32925,31960,1756,33401,52814,40,1,1
8313,4684,208,89,35746,35549,1812,36088,42872,1,1,1
8314,41453,41516,158,53794,50021,3131,54861,141055,191,1,1
8315,4264,204,88,35072,34873,2041,35371,41962,1,1,1
8316,5884,198,96,53177,52984,1680,53490,61335,1,1,1
8317,41106,40130,116,75612,71980,5663,76612,163605,184,1,1
8318,4601,199,124,24080,23880,1862,24426,31172,1,1,1
8319,17201,17163,102,47578,45778,2842,48221,85699,86,1,1
8320,13668,13810,207,54169,52524,1803,54872,84252,74,1,1
8321,17236,15812,99,53771,52070,1840,54385,89360,82,1,1
8322,14335,14080,97,52882,51262,1833,53470,83812,75,1,1
8323,41387,35868,100,75242,72013,11119,76178,164640,165,1,1
8324,17215,12305,100,62166,60720,9325,62727,101664,66,1,1
8325,41381,33455,198,75677,72513,12446,76680,164074,156,1,1
8326,9422,4619,97,26687,25947,16786,27102,58024,29,1,1
8327,19867,12159,101,26510,25126,11813,27063,71009,65,1,1
8328,25765,23863,97,36732,34480,2988,37448,90157,111,1,1
8329,5140,2780,92,40742,40182,4518,41110,53642,19,1,1
8330,11096,9559,100,50702,49519,1767,51220,73735,54,1,1
8331,42077,35671,89,86353,83158,20114,87372,185521,161,1,1
8332,14894,8322,108,58274,57164,15479,58768,97556,44,1,1
8333,17510,17417,100,48526,46616,1792,49254,86064,90,1,1
8334,11421,10353,105,43349,42073,1882,43883,67626,57,1,1
8335,16745,14314,109,52626,51015,1808,53238,86198,76,1,1
8336,10846,9116,95,47294,46117,1818,47787,69659,52,1,1
8337,1939,330,149,55392,55140,1001,55778,59137,3,1,1
8338,42007,33280,108,11314,8317,39229,12166,126771,152,1,1
8339,25927,17794,98,61839,60022,13727,62473,120009,88,1,1
8340,17212,17322,105,46347,44498,1753,46993,83368,87,1,1
8341,9675,7252,107,52719,51361,2279,53242,72572,43,1,1
8342,2686,774,112,41513,41157,1006,41870,46432,6,1,1
8343,27787,30550,167,56987,53914,1873,57887,118192,142,1,2
8344,42511,27070,113,71258,68664,25677,72052,167402,128,1,1
8345,17602,10676,98,58857,57587,15607,59376,103353,57,1,1
8346,13173,10943,106,43515,42136,1757,44062,70025,59,1,1
8347,6169,3437,99,29877,29158,1794,30286,41769,25,1,1
8348,4552,199,193,24972,24765,1778,25391,32012,1,1,1
8349,9419,7274,93,45775,44714,2490,46239,65514,44,1,1
8350,15199,15178,104,47593,45925,2222,48189,80883,78,1,1
8351,41427,32934,98,69873,66833,24000,70739,169186,153,1,1
8352,17445,10709,107,60936,59622,15590,61469,105305,59,1,1
8353,18421,16809,102,39775,37967,11809,40394,87521,85,1,1
8354,8896,7885,199,34522,33338,1833,35114,53826,47,1,1
8355,4621,209,91,23832,23632,1802,24125,30838,1,1,1
8356,16216,13831,94,47838,46322,2789,48417,81347,72,1,1
8357,15651,14058,99,55776,54182,1828,56358,87988,74,1,1
8358,41748,34337,105,69702,66648,21111,70632,167937,155,1,1
8359,14600,8377,101,61007,59833,15062,61509,99657,49,1,1
8360,17852,15634,205,36660,34931,1814,37384,72773,81,1,1
8361,9556,7985,93,30641,29474,1863,31115,50602,47,1,1
8362,4001,2402,90,47828,47319,1057,48184,55727,16,1,1
8363,28955,30296,97,59097,56117,1773,59927,121058,142,1,2
8364,41628,38760,130,69678,66866,21719,70545,172766,141,1,1
8365,15818,7398,152,57567,56584,10927,58073,92315,40,1,1
8366,12697,9813,101,33170,31911,1770,33690,58059,55,1,1
8367,9558,8412,105,33240,32088,1864,33737,53660,48,1,1
8368,4630,197,97,24579,24374,1950,24875,31737,1,1,1
8369,17177,14687,99,53635,51966,2107,54232,88295,77,1,1
8370,13123,12374,98,52934,51404,3455,53504,82550,68,1,1
8371,42195,22301,99,73484,71286,13058,74235,151892,107,1,1
8372,18559,10988,111,59170,57861,6321,59722,95681,58,1,1
8373,7879,3865,104,31269,30579,1896,31674,45406,25,1,1
8374,8125,2954,99,26109,25521,1956,26489,39609,20,1,1
8375,5438,200,99,17730,17534,2098,18019,25836,1,1,1
8376,6083,2881,100,31715,31095,5012,32101,46160,21,1,1
8377,7053,2151,93,38657,38167,1771,39019,50079,16,1,1
8378,17187,16011,93,40826,39146,7484,41425,82192,80,1,1
8379,4108,205,93,46195,45990,1876,46552,52836,1,1,1
8380,10254,2797,105,56523,55967,14390,56916,84450,19,1,1
8381,15063,7685,104,56654,55632,5124,57154,85112,44,1,1
8382,8991,3730,104,25256,24564,1883,25675,40366,26,1,1
8383,4346,203,93,21657,21461,1784,21950,28365,1,1,1
8384,4235,196,94,17499,17294,1907,17788,24208,1,1,1
8385,16232,14878,106,38232,36552,2433,38829,72460,76,1,1
8386,8596,2451,93,36746,36238,1756,37107,50002,17,1,1
8387,16254,15741,99,59898,58143,6628,60499,99205,80,1,1
8388,10565,402,222,56306,56021,1880,56777,69723,3,1,1
8389,7285,196,99,54666,54468,2510,54968,65043,1,1,1
8390,4514,196,97,22341,22131,1805,22633,29231,1,1,1
8391,20837,19321,112,47601,45524,1773,48295,90314,98,1,1
8392,11007,10757,120,47411,45885,1891,47983,71734,62,1,1
8393,4749,197,99,36087,35890,2144,36382,43557,1,1,1
8394,7491,5656,168,47898,47035,2344,48409,63997,35,1,1
8395,41570,31331,93,74679,71711,7289,75521,155806,148,1,1
8396,14595,12122,112,62151,60691,10081,62724,99614,66,1,1
8397,19521,17621,108,46905,44969,1864,47566,86667,92,1,1
8398,9341,8740,103,35396,34243,1970,35899,56040,51,1,1
8399,13724,10846,212,31254,29939,1764,31905,58333,59,1,1
8400,3021,1474,96,38771,38357,4386,39122,48086,12,1,1
8401,13745,13659,95,51554,50000,2039,52130,81665,74,1,1
8402,41787,34658,98,73741,70607,12623,74635,163790,159,1,1
8403,16839,13381,100,60953,59427,9379,61533,101224,71,1,1
8404,16840,14027,110,56640,54954,1823,57301,90095,75,1,1
8405,10839,9055,104,41121,39921,1773,41631,63385,52,1,1
8406,15516,13849,111,53612,52050,1755,54211,85425,73,1,1
8407,12696,12047,98,49755,48352,1826,50308,76968,66,1,1
8408,41986,28567,105,71927,69170,22593,72737,165978,135,1,1
8409,16087,10160,100,60003,58727,15668,60522,102531,56,1,1
8410,18276,15989,163,48377,46529,1610,49060,85024,83,1,1
8411,6861,4517,104,44588,43823,1779,45019,58263,30,1,1
8412,7469,4617,100,45785,44999,3820,46198,62197,30,1,1
8413,13478,13099,95,48517,47021,1492,49086,77247,71,1,1
8414,41470,35128,100,81468,78223,26093,82356,185344,160,1,1
8415,43464,32401,222,71704,68610,10836,72700,159500,150,1,1
8416,17152,14039,104,44345,42758,1963,44922,78162,71,1,1
8417,6374,4197,95,38697,37984,1826,39099,51582,27,1,1
8418,15823,15896,113,51093,49338,1816,51715,85338,82,1,1
8419,9979,7502,90,47145,46069,1784,47617,66977,47,1,1
8420,41552,34122,110,82134,79022,26038,83076,184882,155,1,1
8421,17422,11347,106,58904,57571,15189,59455,103504,60,1,1
8422,10749,8354,102,41396,40273,1885,41883,62957,48,1,1
8423,12976,10909,94,34052,32735,1748,34583,60300,60,1,1
8424,4013,1685,92,41578,41126,4538,41926,52248,13,1,1
8425,16161,17121,100,57518,55684,1699,58156,93221,89,1,1
8426,41907,33479,228,70739,67704,25589,71742,172806,151,1,1
8427,14935,8097,102,59524,58382,15432,60000,98558,46,1,1
8428,13075,9933,109,34060,32760,1818,34602,59516,57,1,1
8429,10262,7986,100,36013,34875,1838,36506,56678,48,1,1
8430,19050,14285,104,55493,53828,1849,56082,91363,76,1,1
8431,19843,12320,204,53993,52521,2085,54683,89026,69,1,1
8432,42136,34956,107,69450,66310,22155,70337,169670,156,1,1
8433,17040,11875,98,62073,60696,11958,62629,103596,64,1,1
8434,48074,22892,128,37736,35482,28673,38481,138356,108,1,1
8435,7844,3548,104,25437,24781,17313,25829,54619,23,1,1
8436,19522,13790,113,40226,38658,8426,40874,82707,72,1,1
8437,7360,3842,103,29557,28860,3921,29966,45198,25,1,1
8438,11656,8294,91,44047,42974,1850,44530,66433,48,1,1
8439,12158,10081,100,49422,48217,1780,49930,74041,54,1,1
8440,42009,33137,95,67939,65012,15121,68799,159152,148,1,1
8441,15023,9458,101,60897,59641,9984,61401,95958,51,1,1
8442,12514,8527,204,34728,33587,1766,35337,58241,48,1,1
8443,6693,3871,96,30623,29890,1731,31021,43401,26,1,1
8444,4582,198,97,23763,23564,1906,24048,30817,1,1,1
8445,13508,10498,98,52448,51149,3148,52959,80204,58,1,1
8446,16674,17901,97,59707,57804,3296,60349,98304,92,1,1
8447,42461,23855,101,63928,61747,6419,64633,137676,108,1,1
8448,15145,6448,108,68647,67724,5133,69152,95975,37,1,1
8449,8307,3742,107,31110,30409,1816,31516,45466,24,1,1
8450,7901,2771,109,23531,22961,1819,23923,36499,20,1,1
8451,2445,897,95,29033,28654,990,29365,33783,8,1,1
8452,24342,19757,98,44177,42142,2019,44836,91044,98,1,1
8453,15723,11583,97,38486,37114,9504,39034,75933,63,1,1
8454,37490,13110,97,101721,100096,1836,102323,154854,69,1,2
8455,14530,3670,188,55397,54754,1773,55884,75951,23,1,1
8456,4439,197,96,22192,21979,1737,22489,28944,1,1,1
8457,2773,196,97,20290,20092,2227,20587,25897,1,1,1
8458,11583,8356,99,38714,37575,3145,39199,62368,47,1,1
8459,15028,11418,100,36529,35234,7696,37054,71280,60,1,1
8460,17278,16151,104,85537,83684,1777,86164,121459,83,1,2
8461,7021,196,101,53838,53637,1863,54155,63319,1,1,1
8462,41635,40024,226,76987,73278,4889,78107,164752,185,1,1
8463,20026,20549,108,48974,46811,1958,49664,92285,102,1,1
8464,8886,8485,107,43934,42801,2007,44438,63903,50,1,1
8465,19066,18409,109,57477,55545,1826,58152,97547,92,1,1
8466,12418,10857,94,52364,51030,2761,52903,79032,61,1,1
8467,41991,31381,148,72810,69830,15906,73727,163100,149,1,1
8468,17510,10781,106,62464,61165,13200,62999,104583,59,1,1
8469,20061,20191,101,52584,50430,1773,53273,95387,102,1,1
8470,8586,6661,100,41318,40294,1790,41783,58906,41,1,1
8471,16830,15863,100,53198,51501,11407,53811,98004,81,1,1
8472,11505,10043,204,51262,49989,1796,51900,75342,57,1,1
8473,42342,26525,101,72576,70069,16868,73352,159182,126,1,1
8474,15737,8328,105,59163,58081,15482,59653,99284,47,1,1
8475,16760,14184,105,45812,44151,1754,46421,79209,76,1,1
8476,8325,5773,102,40390,39493,1777,40853,56815,37,1,1
8477,17508,14123,155,54771,53175,1874,55429,89027,75,1,1
8478,10113,9527,90,48538,47302,2031,49047,70808,55,1,1
8479,41588,33907,105,71804,68736,26261,72706,174557,156,1,1
8480,12044,6258,97,62403,61435,16561,62851,97807,37,1,1
8481,15179,13183,136,48598,47060,1785,49214,79448,70,1,1
8482,7944,5197,215,33791,32957,1774,34348,49362,32,1,1
8483,9086,4103,90,27676,26973,1904,28066,43243,27,1,1
8484,4583,2495,91,43419,42900,4319,43777,55258,17,1,1
8485,13200,11107,104,48271,46910,1764,48805,74967,61,1,1
8486,42258,27017,91,69419,66886,23878,70188,163427,127,1,1
8487,14572,8610,112,57969,56854,15975,58470,97719,48,1,1
8488,13203,11737,210,43768,42328,1856,44431,71323,63,1,1
8489,10859,9640,101,34416,33137,1835,34931,57348,55,1,1
8490,4466,210,91,24169,23966,1755,24461,30979,1,1,1
8491,12131,9909,96,47624,46381,2657,48141,72932,57,1,1
8492,13277,12309,97,46784,45344,2120,47325,75123,66,1,1
8493,42048,25329,106,68679,66245,28423,69448,165344,122,1,1
8494,17114,9530,106,71748,70556,15476,72315,114533,52,1,1
8495,14806,13462,112,36679,35067,1850,37306,67514,72,1,1
8496,7763,5609,102,31064,30182,1793,31499,46749,35,1,1
8497,3307,208,98,23960,23706,2282,24266,30145,1,1,1
8498,13529,11172,95,46323,45004,1771,46852,73416,61,1,1
8499,13435,15016,95,58245,56570,2843,58842,90231,79,1,1
8500,41871,32647,109,69707,66756,24007,70626,169246,150,1,1
8501,14497,8765,163,59191,58048,14803,59752,97909,49,1,1
8502,13847,13408,107,35528,33995,1819,36102,65271,70,1,1
8503,9611,8268,96,29998,28856,1919,30478,50367,47,1,1
8504,3399,1416,97,30928,30536,997,31264,37162,11,1,1
8505,30855,31868,100,52532,49487,1884,53403,118102,153,1,1
8506,10660,9316,184,52560,51309,1741,53163,74975,52,1,1
8507,37629,26214,217,67305,64858,20347,68184,152654,121,1,1
8508,15198,8548,97,58851,57742,12287,59338,95463,48,1,1
8509,10204,6439,104,30251,29317,1878,30715,49324,38,1,1
8510,9338,6551,97,33151,32150,1792,33607,51373,40,1,1
8511,2409,858,95,28771,28427,1156,29101,33610,7,1,1
8512,25771,24046,99,70380,67868,1855,71116,122881,118,1,2
8513,13129,12668,97,64268,62774,1977,64833,92701,69,1,1
8514,42614,24107,115,63803,61555,11836,64558,143209,112,1,1
8515,14946,9342,100,57786,56620,6898,58282,89744,51,1,1
8516,7664,3983,101,31160,30461,1991,31579,45306,26,1,1
8517,8132,4355,103,24434,23669,1754,24851,39177,29,1,1
8518,4184,323,92,17634,17386,1804,17938,24333,3,1,1
8519,10778,7361,96,55809,54830,3096,56272,77590,43,1,1
8520,17242,18491,210,59166,57110,2109,59949,97888,95,1,1
8521,42846,22363,97,62629,60545,3259,63322,131892,102,1,1
8522,13654,4853,107,55556,54763,3493,55981,78072,30,1,1
8523,8878,3118,102,24835,24216,1753,25236,39068,22,1,1
8524,4296,208,97,23938,23746,1800,24241,30626,1,1,1
8525,3672,204,99,17425,17227,2218,17726,23904,1,1,1
8526,19943,19587,109,52208,50243,1825,52937,94387,97,1,1
8527,4720,190,89,36218,36023,2294,36507,43801,1,1,1
8528,21053,22796,104,47201,44861,3393,47922,95250,112,1,1
8529,4665,200,85,34609,34411,1732,34895,41573,1,1,1
8530,5251,202,97,53298,53081,2454,53599,61592,1,1,1
8531,7698,197,100,53583,53376,2031,53895,63903,1,1,1
8532,4283,200,135,22972,22760,2062,23337,29969,1,1,1
8533,8606,4881,95,34430,33697,15461,34844,63880,30,1,1
8534,7526,6175,193,34616,33616,2528,35184,51512,37,1,1
8535,9533,8829,92,33015,31874,1811,33505,53771,50,1,1
8536,4516,199,89,35159,34965,2110,35444,42352,1,1,1
8537,8806,7740,96,50181,49093,1854,50665,69155,46,1,1
8538,41241,36891,100,77191,73842,13765,78112,170096,168,1,1
8539,11999,8213,98,58155,57110,10953,58625,89883,46,1,1
8540,17097,16503,210,49344,47575,1773,50084,85551,85,1,1
8541,9861,9353,98,46780,45526,1750,47286,68337,53,1,1
8542,20171,20256,109,53318,51229,2107,54016,96639,102,1,1
8543,13544,13700,99,51767,50217,1831,52343,81508,74,1,1
8544,41919,33336,105,74594,71553,13611,75466,164423,152,1,1
8545,27814,9429,169,62106,60951,12409,62685,112436,51,1,1
8546,41944,21229,109,64720,62611,28547,65410,157241,101,1,1
8547,10756,5501,96,27008,26135,16790,27427,60568,33,1,1
8548,20798,11097,106,42172,40821,11801,42703,86494,60,1,1
8549,13593,10022,97,49349,48106,1748,49872,75329,56,1,1
8550,11547,11196,108,47764,46382,1851,48314,73003,63,1,1
8551,49658,30864,152,72902,70014,23310,73806,177739,144,1,1
8552,14591,6908,103,57385,56433,16388,57847,95829,41,1,1
8553,16314,14693,110,45030,43390,1764,45640,78507,77,1,1
8554,6418,3735,97,42208,41521,1777,42607,54640,25,1,1
8555,10826,8448,105,48113,46988,1783,48617,69769,49,1,1
8556,13435,11621,105,51349,49972,1783,51906,78839,63,1,1
8557,12748,13291,221,50404,48837,1972,51111,79221,71,1,1
8558,41335,33955,94,73408,70341,21541,74266,171194,152,1,1
8559,14716,10196,109,60386,59152,15964,60916,101883,54,1,1
8560,15954,16113,105,45242,43459,1840,45871,79874,84,1,1
8561,6837,4217,92,37705,36965,1750,38111,51006,28,1,1
8562,5111,1987,237,55681,55144,1099,56217,64515,14,1,1
8563,18883,19556,114,51162,49044,1793,51837,92167,97,1,2
8564,41817,25887,97,71277,68757,23293,72039,163132,124,1,1
8565,15060,7704,106,59136,58105,15881,59632,98369,44,1,1
8566,19367,19826,107,38650,36603,1778,39319,80386,96,1,1
8567,10364,9482,107,45064,43769,1734,45628,67304,52,1,1
8568,4884,195,103,24465,24260,1874,24771,31815,1,1,1
8569,6102,4437,98,42829,42088,4184,43242,58059,28,1,1
8570,13009,13194,104,53453,51955,1992,54028,82316,70,1,1
8571,42110,33034,100,69607,66639,20186,70467,165893,149,1,1
8572,17255,7828,98,56668,55660,14949,57134,97259,44,1,1
8573,14034,11286,209,35567,34112,2096,36231,63744,63,1,1
8574,10613,9609,97,32047,30781,1740,32562,54615,55,1,1
8575,1923,454,100,26326,26046,1034,26647,30147,4,1,1
8576,34082,34310,97,52446,49231,1812,53336,123634,161,1,1
8577,13907,12655,91,55403,53894,2065,55978,84699,71,1,1
8578,41963,29872,105,76177,73461,16949,76994,165893,137,1,1
8579,27021,7500,216,59145,58140,12126,59742,106487,41,1,1
8580,12774,11095,102,32879,31511,1918,33413,59297,60,1,1
8581,9727,8343,99,33505,32391,1834,33994,53991,48,1,1
8582,4400,202,95,23470,23265,1805,23771,30265,1,1,1
8583,8576,4887,97,48912,48068,3873,49334,66764,32,1,1
8584,16189,15096,99,54523,52882,1799,55118,88297,78,1,1
8585,42169,24455,108,73666,71328,11004,74459,152183,115,1,1
8586,17611,11906,104,60593,59247,9399,61140,100151,62,1,1
8587,10437,5588,103,36065,35172,1828,36504,54452,34,1,1
8588,6655,3990,91,29588,28874,1770,29984,42492,27,1,1
8589,4251,202,92,23792,23590,1789,24092,30416,1,1,1
8590,17393,18501,90,55455,53453,1805,56090,93886,93,1,1
8591,8889,7689,97,54155,53068,3191,54638,74499,47,1,1
8592,42169,23527,227,64782,62531,3708,65656,135157,110,1,1
8593,9955,3321,102,56209,55596,5333,56592,75295,21,1,1
8594,9574,2991,107,25255,24661,2229,25640,40526,20,1,1
8595,4587,561,94,45032,44585,1799,45349,52395,5,1,2
8596,4864,1466,96,29695,29254,5120,30035,41587,11,1,1
8597,8277,3394,101,38320,37673,2085,38729,52579,24,1,1
8598,20181,18204,96,44412,42569,7296,45054,90829,89,1,1
8599,37988,15557,203,102908,101034,1864,103638,159140,81,1,2
8600,9201,1413,101,53903,53504,3232,54252,68193,11,1,1
8601,4402,223,100,22099,21889,1821,22399,28947,1,1,1
8602,4416,224,97,21660,21463,1937,21955,28626,1,1,1
8603,20029,21164,96,50113,43973,2227,50829,94358,106,1,1
8604,8698,4341,101,71770,70976,1817,72275,87233,26,1,2
8605,9151,8659,218,53284,52111,1944,53924,73769,49,1,1
8606,5069,196,89,53976,53786,2974,54280,62608,1,1,1
8607,3908,1991,103,55369,54898,13309,55734,75034,14,1,1
8608,20684,18634,103,50570,48552,1768,51224,92404,93,1,1
8609,7597,5651,94,40052,39133,1887,40488,55715,35,1,1
8610,19250,16400,147,55996,54241,1751,64310,101805,82,1,1
8611,14233,12681,95,51846,50384,2566,52406,81982,69,1,1
8612,41696,34558,99,73641,70544,12884,74527,163757,158,1,1
8613,16065,11473,106,60844,59471,14260,61400,103292,63,1,1
8614,17735,16016,104,48334,46575,1874,48952,84670,83,1,1
8615,9108,6484,209,43089,42115,1775,43662,61302,40,1,1
8616,18981,17256,110,53257,51429,1832,53898,92060,88,1,1
8617,11440,10557,95,49872,48527,2367,50406,74864,60,1,1
8618,42453,32366,102,73489,70529,20020,74344,169289,150,1,1
8619,13436,8538,108,57856,56786,15471,58353,95891,47,1,1
8620,17376,13061,201,37199,35666,1886,37874,70293,68,1,1
8621,13307,8202,113,30715,29630,1800,31222,54627,48,1,1
8622,7745,5846,94,29716,28858,1773,30146,45603,36,1,1
8623,8326,5026,96,29040,28247,1831,29457,44737,32,1,1
8624,4518,2454,98,45547,45045,1226,45932,54223,17,1,1
8625,22979,24418,94,52288,49835,1760,53026,102278,117,1,2
8626,41969,34419,94,82549,79478,24479,83476,184451,157,1,1
8627,42636,38133,163,72325,68859,10822,73352,165037,172,1,1
8628,16338,15601,107,47549,45740,1875,48177,82086,83,1,1
8629,10697,9396,103,41037,39810,1898,41564,63650,54,1,1
8630,27030,18080,119,66371,64310,7239,67059,119525,90,1,1
8631,11834,10617,218,70199,68759,2198,70872,95627,59,1,1
8632,51309,33256,157,74449,71417,25571,75421,185651,152,1,1
8633,15485,9683,105,58487,57268,15880,59000,100139,53,1,1
8634,13313,10577,107,44001,42595,1834,44540,70362,59,1,1
8635,9587,7278,100,33079,32055,1847,33548,52346,42,1,1
8636,4303,205,96,24109,23903,1758,24413,30764,1,1,1
8637,15084,14283,101,48839,47221,1922,49419,80799,74,1,1
8638,15982,28814,224,49802,48089,1762,50548,97207,77,1,1
8639,41596,33950,105,69806,66830,24604,70672,171106,150,1,1
8640,17955,8853,103,57342,56193,15410,57837,100145,50,1,1
8641,17364,15916,105,37144,35370,1840,37766,72982,82,1,1
8642,9383,7465,102,35245,34185,1963,35730,54626,44,1,1
8643,20385,19159,103,68782,66729,1922,69519,111080,99,1,1
8644,12694,11831,109,55655,54199,1433,56219,82268,65,1,1
8645,42342,29172,102,68737,65952,23166,69567,164522,137,1,1
8646,10740,5757,105,57774,56885,14946,58231,89766,35,1,1
8647,14082,13010,138,36578,35029,1849,37217,66245,68,1,1
8648,9093,6103,100,46040,45074,1880,46554,63728,37,1,1
8649,2429,717,106,29109,28778,1066,29455,33754,6,1,1
8650,31162,30677,96,50904,47974,1772,51753,115454,147,1,1
8651,13175,13385,103,54116,52591,1786,54695,83134,71,1,1
8652,42021,29774,96,66216,63559,13337,67018,152243,134,1,1
8653,17926,12006,106,58290,56865,9938,58849,98814,64,1,1
8654,42676,35506,223,52391,49570,30485,53888,162669,132,1,1
8655,18971,12422,202,40450,38938,17289,41265,90081,52,1,1
8656,25432,10677,272,35154,33573,6971,36052,79443,47,1,1
8657,11184,8119,347,63068,61972,4593,63939,88135,37,1,1
8658,13458,13709,108,60167,58474,2682,60761,90703,71,1,1
8659,41929,30497,102,69114,66364,10280,69910,152724,137,1,1
8660,15419,9310,171,59714,58536,6634,60302,91763,51,1,1
8661,5970,2049,106,32473,31939,2046,32856,43026,15,1,1
8662,8189,3331,96,24648,23993,1764,25038,38418,23,1,1
8663,4513,194,99,17488,17298,1790,17798,24393,1,1,1
8664,18952,17642,97,60408,58470,1762,61045,99504,88,1,1
8665,18243,17439,97,59037,57101,2693,59682,98152,92,1,1
8666,44566,12711,154,60008,58644,1841,60632,119848,63,1,1
8667,15307,3372,100,55383,54770,1705,55775,76252,21,1,1
8668,4364,337,106,23471,23185,1753,23791,30330,3,1,1
8669,4438,199,98,20364,20167,1835,20665,27221,1,1,1
8670,2263,823,95,22351,22030,1060,22709,26939,7,1,1
8671,23481,22389,104,54341,52113,1769,55058,102788,111,1,1
8672,13308,13298,132,41581,40032,6538,42224,75461,71,1,1
8673,4430,200,87,48733,48529,1903,49092,55720,1,1,1
8674,9454,937,111,55053,54739,2829,55408,68720,7,1,1
8675,32801,30193,110,73388,70407,1776,74261,139125,147,1,1
8676,4569,229,120,23431,23212,1771,23752,30416,1,1,1
8677,13526,10288,97,37016,35789,3559,37539,64998,56,1,1
8678,11407,9885,93,43253,41896,1812,43767,66958,56,1,1
8679,19166,17911,100,64938,63028,1811,65633,104614,91,1,1
8680,13402,13339,110,52415,50852,1692,53005,81530,73,1,1
8681,41408,36618,99,73947,70683,11712,74862,164707,166,1,1
8682,15607,12171,108,63922,62510,9957,64500,102326,66,1,1
8683,18007,15874,103,48414,46647,1956,49051,84982,84,1,1
8684,7890,16848,234,42255,41211,1792,42994,69631,39,1,1
8685,16893,16413,113,55821,54016,1913,56470,91778,85,1,1
8686,12435,11800,95,51431,50005,1760,51980,78068,65,1,1
8687,41700,35110,109,74216,71047,21664,75113,173696,159,1,1
8688,14059,9467,107,59445,58288,16155,59959,99731,52,1,1
8689,19016,17666,208,48115,46190,1842,48877,87493,90,1,1
8690,11749,10618,106,42854,41418,1770,43401,67625,61,1,1
8691,20845,18984,104,52673,50666,1830,53341,95094,97,1,1
8692,10820,9429,98,48140,46910,1714,48654,70707,55,1,1
8693,42651,28422,97,78471,75715,21165,79270,171608,134,1,1
8694,16326,9391,99,74236,73015,15865,74809,116491,52,1,1
8695,14400,12213,113,45697,44252,1835,46273,74814,66,1,1
8696,9297,8283,96,42690,41517,1768,43183,62616,47,1,1
8697,16472,17475,103,53916,52060,1894,54553,90487,89,1,1
8698,13075,12817,98,48793,47290,1777,49349,77109,70,1,1
8699,41984,38753,95,72666,69211,28403,73599,182832,174,1,1
8700,16831,10425,158,60738,59491,16073,61321,104745,57,1,1
8701,18446,16442,111,47260,45492,1853,47886,84716,84,1,1
8702,8821,7055,92,41664,40534,1750,42125,59835,43,1,1
8703,1440,200,90,36004,35753,1048,36304,39078,1,1,1
8704,25478,26321,91,50984,48328,1816,51742,105449,124,1,2
8705,41587,42076,147,70785,67858,23947,71696,179404,146,1,1
8706,14245,8259,101,61093,60040,16450,61580,100626,46,1,1
8707,17373,15883,107,36030,34336,1821,36644,71817,81,1,1
8708,8418,5849,94,31297,30374,1745,31733,47830,37,1,1
8709,4332,199,97,24542,24339,1860,24845,31353,1,1,1
8710,11026,8766,98,45069,43952,3083,45567,68533,50,1,1
8711,16163,18445,103,58948,57024,2145,59603,96449,94,1,1
8712,42039,32643,201,69304,66268,23114,70276,168167,152,1,1
8713,17516,12259,105,60490,59105,14946,61046,105857,64,1,1
8714,11479,9655,112,33097,31882,1812,33630,56669,54,1,1
8715,12024,11126,101,38796,37398,1882,39335,64470,61,1,1
8716,19561,18026,102,59007,57066,1843,59677,99193,93,1,1
8717,9851,8197,217,54106,52963,2401,54729,75275,48,1,1
8718,42528,24401,120,67685,65334,18392,68456,153879,115,1,1
8719,16844,9602,100,58582,57410,10536,59080,96162,52,1,1
8720,9256,5896,106,78275,77379,1847,78723,95830,36,1,1
8721,7636,6301,95,64603,63654,2791,65044,81875,37,1,1
8722,44251,35927,822,120877,115833,16011,123143,219643,153,1,1
8723,21867,19305,106,133437,130777,11509,134165,186940,92,1,1
8724,5772,222,95,38552,38275,1895,38871,46868,1,1,1
8725,7988,5825,96,47415,46464,2284,47871,64055,34,1,1
8726,28511,249,171,58084,57877,1801,58493,89152,1,1,1
8727,14271,10992,99,64711,63325,9210,65261,99829,60,1,1
8728,20136,18572,154,48238,46268,2264,48958,90026,91,1,1
8729,8343,7012,102,39798,38572,1853,40278,57574,41,1,1
8730,18644,17114,123,55736,53984,1775,56387,94016,84,1,1
8731,12606,10928,102,61444,60118,2611,62037,88279,61,1,1
8732,42726,31460,120,74467,71559,13211,75330,162821,143,1,1
8733,16618,10081,103,63127,61777,12908,63656,103356,56,1,1
8734,19072,16504,129,47175,45395,1887,47829,85386,82,1,1
8735,9700,7346,98,41703,40721,1835,42169,61144,42,1,1
8736,15389,2485,161,41141,40615,4488,41594,64053,18,1,1
8737,11802,11297,107,50184,48830,1760,50740,75693,63,1,1
8738,41611,34473,138,74249,71134,22803,75186,174167,159,1,1
8739,14019,8897,100,58790,57696,16160,59301,98466,49,1,1
8740,17732,16185,125,49590,47874,1931,50245,86202,82,1,1
8741,18240,5612,157,43447,42442,1887,43977,69816,35,1,1
8742,15900,10088,136,50625,49335,1900,51199,79197,55,1,1
8743,10111,7828,99,46614,45553,1841,47088,66965,46,1,1
8744,42319,30727,117,71083,68291,23865,71926,168958,141,1,1
8745,14851,9240,103,58590,57472,15792,59105,99075,50,1,1
8746,30777,18506,184,47521,45607,1796,48262,99439,92,1,1
8747,9532,8440,104,41438,40338,1786,41940,61788,48,1,1
8748,1630,333,95,38158,37898,1074,38478,41602,3,1,1
8749,27901,32083,94,54848,51781,2054,55702,117828,149,1,2
8750,42232,33433,104,72799,69851,26098,73670,175528,150,1,1
8751,14568,7928,99,68204,67210,16138,68712,107651,43,1,1
8752,13340,11278,150,43567,42252,2071,44160,70945,60,1,1
8753,11388,9636,100,33198,31955,2029,33718,56863,55,1,1
8754,13483,12075,120,72577,71029,1888,73151,100698,65,1,2
8755,10915,8789,98,44429,43334,1411,44934,66156,49,1,1
8756,42443,25672,115,68559,66161,23385,69329,160937,120,1,1
8757,13068,6354,147,58487,57591,14318,58997,92837,37,1,1
8758,14416,10515,137,35368,34046,1897,35935,62870,56,1,1
8759,8894,7669,102,31952,30892,2079,32431,51160,46,1,1
8760,1885,574,99,27229,26938,1324,27556,31425,5,1,1
8761,29843,32104,99,52019,48942,1755,52884,116674,151,1,1
8762,13949,14006,103,62384,60807,1868,62991,92911,75,1,1
8763,52558,40464,165,71710,68251,19520,72747,185390,176,1,1
8764,14600,9303,101,60628,59528,14228,61143,99371,49,1,1
8765,13048,11103,130,34666,33322,1781,35245,61276,61,1,1
8766,8561,6590,106,32615,31681,1889,33078,50204,39,1,1
8767,17008,16540,125,56841,55109,1805,57494,92945,83,1,1
8768,12557,11919,97,65618,64127,2519,66213,93307,65,1,1
8769,42115,32328,121,69284,66446,16787,70154,161482,143,1,1
8770,16166,9928,101,59677,58495,9501,60198,95887,53,1,1
8771,12778,8215,147,34970,33915,1839,35509,58436,46,1,1
8772,7503,4040,99,30384,29642,1842,30785,44260,26,1,1
8773,4561,211,97,24560,24354,1833,24864,31553,1,1,1
8774,9828,6657,97,33503,32569,3776,33975,54323,40,1,1
8775,13150,18710,155,42938,41904,1829,43485,77274,45,1,1
8776,17428,19807,101,57610,55633,1779,58276,97377,97,1,1
8777,42567,22815,119,63725,61618,9181,64441,139100,104,1,1
8778,14041,7099,95,58699,57733,6540,59163,86937,41,1,1
8779,6834,2366,131,30855,30337,1783,31265,42345,17,1,1
8780,7579,3247,100,23531,22899,12498,23938,47347,23,1,1
8781,6866,3928,145,49373,48615,3405,49833,64130,24,1,2
8782,9782,3442,92,37833,37217,1751,38236,53297,23,1,1
8783,19407,20964,97,60345,58252,3559,61037,105054,103,1,1
8784,35316,10631,132,59727,58505,1719,60287,108050,56,1,1
8785,14137,8856,169,57307,56599,1840,57884,82831,27,1,1
8786,4489,311,214,25089,24822,1848,25525,32267,1,1,1
8787,4372,217,100,21867,21667,1839,22167,28680,1,1,1
8788,9926,8308,102,40006,38931,3969,40507,62798,48,1,1
8789,4433,345,92,36562,36309,1808,36870,43545,3,1,1
8790,16231,14965,99,41620,39938,7873,42211,81374,77,1,1
8791,3184,210,92,34928,34731,2273,35228,40981,1,1,1
8792,8025,215,101,53486,53293,1809,53792,63926,1,1,1
8793,41815,40144,138,75766,72256,5880,76772,164709,179,1,1
8794,4762,250,140,24577,24343,1799,24936,31846,1,1,1
8795,17958,18367,97,43960,42041,1840,44613,82867,93,1,1
8796,12866,13388,96,48257,46740,1820,48836,77001,72,1,1
8797,1793,352,88,37331,37071,1310,37635,41176,3,1,1
8798,28065,31254,102,56511,53513,1859,57346,118618,146,1,2
8799,41569,36646,105,75900,72732,13930,76818,169059,162,1,1
8800,15509,13007,172,62019,60537,10380,62660,101655,70,1,1
8801,18322,19002,139,50322,48374,1722,51025,90171,94,1,1
8802,8650,7431,104,41591,40573,1858,42062,60094,44,1,1
8803,2270,602,90,39883,39591,1226,40205,44390,5,1,1
8804,28728,30877,97,55520,52589,1802,56341,117834,142,1,2
8805,52427,33592,160,74689,71621,19028,75621,180768,153,1,1
8806,16657,6389,103,59262,58383,15490,59711,98542,37,1,1
8807,16634,14967,121,46789,45071,1846,47423,80981,77,1,1
8808,8960,7613,98,40708,39643,1761,41191,59611,44,1,1
8809,1288,213,106,36762,36560,1068,37103,39780,1,1,1
8810,27682,30080,105,66217,62895,1938,67096,126895,143,1,2
8811,42029,31668,141,73085,70114,22982,73986,170767,147,1,1
8812,16201,9252,107,59505,58373,15641,60026,101212,50,1,1
8813,13268,9109,126,42323,41132,1799,42866,67136,51,1,1
8814,10405,8540,100,42314,41162,1868,42828,63736,49,1,1
8815,2468,812,87,53738,53400,1104,54114,58596,7,1,1
8816,23913,24767,104,54151,51431,2141,54912,105825,118,1,2
8817,42090,34847,134,72953,69946,22685,73857,173581,153,1,1
8818,13829,8999,108,59282,58080,16145,59797,98863,49,1,1
8819,11979,9640,150,42882,41662,1812,43449,66979,53,1,1
8820,10583,8814,98,48438,47285,1839,48991,70342,51,1,1
8821,4512,210,106,25179,24963,1856,25498,32157,1,1,1
8822,9054,8023,92,47210,46152,1852,47706,66743,47,1,1
8823,12954,12914,104,46702,45224,2010,47279,75249,70,1,1
8824,42111,35162,114,71733,68656,22725,72634,172734,157,1,1
8825,16850,10904,101,59387,58120,15571,59937,103355,58,1,1
8826,53372,23451,174,39873,37586,28610,40676,146207,112,1,1
8827,8940,4245,103,25125,24447,17132,25530,55941,26,1,1
8828,19658,11029,111,26270,25041,10302,26805,67883,56,1,1
8829,4393,212,94,23778,23576,2212,24067,30967,1,1,1
8830,17037,14319,100,45061,43520,1793,45636,78900,73,1,1
8831,17384,17924,97,54663,52813,2222,55310,92932,90,1,1
8832,42105,34221,131,70161,67484,22070,71013,169508,134,1,1
8833,13908,7750,161,61155,60107,14635,61716,98109,45,1,1
8834,14938,13738,114,37167,35265,1823,37765,68361,71,1,1
8835,8257,6333,106,30729,29837,1848,31187,47711,37,1,1
8836,2163,570,93,27062,26762,1054,27383,31256,5,1,1
8837,33738,33091,99,52140,49059,1861,53014,121792,156,1,1
8838,13220,12637,100,53834,52389,1719,54405,82076,68,1,1
8839,41994,43565,162,67321,64440,20597,68236,174489,146,1,1
8840,13892,6875,102,58308,57384,11950,58765,91578,39,1,1
8841,12097,9647,139,32373,31174,1752,32932,56524,53,1,1
8842,9483,7920,100,32270,31239,1745,32757,51996,45,1,1
8843,4871,210,98,23667,23462,1831,23974,30970,1,1,1
8844,16218,14626,101,57442,55814,1854,58030,90817,78,1,1
8845,9411,8288,97,50893,49827,3300,51386,72471,47,1,1
8846,42352,30310,155,66431,63747,10765,67303,150832,135,1,1
8847,14000,7186,101,57700,56751,7047,58169,86490,41,1,1
8848,7321,2891,110,30715,30139,1796,31124,43227,20,1,1
8849,7649,2880,96,23702,23132,2041,24084,36746,20,1,1
8850,4903,206,93,17495,17293,1818,17799,24811,1,1,1
8851,8917,5269,97,35894,35113,4038,36330,54641,32,1,1
8852,6446,2566,96,38286,37742,1834,38662,49595,19,1,1
8853,17972,17850,177,58156,56322,2800,58877,97593,89,1,1
8854,42695,24956,128,64514,62241,6375,65276,139404,113,1,1
8855,14377,8145,104,56695,55646,5116,57197,84922,46,1,1
8856,10319,4937,109,26502,25721,2085,26951,44395,31,1,1
8857,4252,205,97,21821,21625,1867,22129,28535,1,1,1
8858,4958,209,92,17468,17277,1825,17754,24831,1,1,1
8859,19744,20055,96,69520,67344,2533,70240,112668,100,1,1
8860,10709,8497,101,37968,36900,9713,38469,67475,48,1,1
8861,5274,472,98,35999,35658,1790,36321,43943,4,1,1
8862,10603,1009,125,55489,55165,1699,55864,69275,7,1,1
8863,4789,213,100,51633,51437,2384,51954,59424,1,1,1
8864,4279,238,102,22668,22424,1807,22976,29398,1,1,1
8865,2552,1151,97,23337,22970,964,23683,28445,9,1,1
8866,32785,46063,170,43636,40396,1771,44619,125335,161,1,1
8867,10852,8414,94,42567,41448,1748,43064,64163,49,1,1
8868,4463,211,93,36297,36089,1856,36585,43198,1,1,1
8869,9202,7401,100,47886,46883,1852,48378,66919,44,1,1
8870,41449,36721,130,74090,70876,13275,75036,166582,164,1,1
8871,13195,10164,110,59915,58721,10638,60459,94543,54,1,1
8872,14664,11954,175,46543,45080,1850,47175,75742,65,1,1
8873,10870,9304,99,44101,42900,1444,44615,66327,53,1,1
8874,16011,14291,140,50534,48946,1556,51180,83135,75,1,1
8875,11742,10050,101,49404,48156,1723,49939,73540,57,1,1
8876,41837,34916,130,73277,70172,12873,74206,163933,158,1,1
8877,23773,8037,161,62153,61120,13422,62709,108033,45,1,1
8878,17115,17121,107,47927,46100,1716,48594,84644,88,1,1
8879,9357,8543,99,45435,44332,1716,45928,65631,48,1,1
8880,1438,215,92,35950,35741,1038,36254,39027,1,1,1
8881,34337,36498,99,63926,60484,1842,64852,137636,169,1,2
8882,42016,33161,106,86326,83309,23539,87254,186067,153,1,1
8883,17044,8814,110,59255,58211,15658,59759,101362,46,1,1
8884,16808,15885,117,48272,46518,1864,48922,83576,84,1,1
8885,9426,8317,100,42546,41455,1789,43046,62666,48,1,1
8886,13860,12295,111,51385,49938,1746,51962,79961,67,1,1
8887,12368,12136,150,47844,46452,1728,48449,74765,65,1,1
8888,42675,29062,164,70594,67914,23692,71476,167003,135,1,1
8889,17100,11023,100,59091,57822,15726,59636,103575,58,1,1
8890,13981,11423,136,44622,43304,1763,45220,72485,60,1,1
8891,7644,5934,102,39922,39018,2396,40388,56454,38,1,1
8892,1925,605,102,40349,40049,1019,40681,44318,5,1,1
8893,38702,30043,167,54356,51401,1799,55265,125907,142,1,2
8894,42098,34117,123,72104,69095,23767,72999,173082,153,1,1
8895,14367,8634,98,62124,61040,16137,62625,101849,48,1,1
8896,14915,13965,132,37026,35442,1955,37645,68583,74,1,1
8897,5476,1419,95,52609,52084,1706,52952,61645,10,1,2
8898,15361,11290,108,42569,41247,9026,43167,78944,61,1,1
8899,4885,2683,98,42523,41977,4807,42910,55373,19,1,1
8900,15682,15759,97,56819,55115,1728,57435,90697,82,1,1
8901,42173,34277,125,70641,67668,22490,71539,170579,151,1,1
8902,14499,8827,109,60608,59502,20421,61122,104956,49,1,1
8903,15497,13588,121,36885,35373,13456,37494,80131,70,1,1
8904,11355,9937,146,32907,31593,1792,33488,56670,56,1,1
8905,1929,622,93,35900,35585,1096,36229,39969,5,1,1
8906,21617,19632,102,51680,49645,1776,52363,95481,99,1,1
8907,16159,14643,94,55486,53854,1804,56078,88770,78,1,1
8908,41860,31404,107,67834,65026,19621,68682,161666,142,1,1
8909,17369,10048,105,59824,58658,11374,60350,99436,52,1,1
8910,14077,11398,182,35467,34115,1864,36110,63552,61,1,1
8911,8944,5868,101,32614,31717,1741,33055,49700,37,1,1
8912,4690,212,100,23507,23296,1805,23819,30608,1,1,1
8913,6438,4800,96,48508,47742,4622,48939,64891,31,1,1
8914,12450,11420,103,51462,49996,2553,52020,78532,64,1,1
8915,42339,27704,124,66301,63765,14032,67106,151281,127,1,1
8916,14166,10449,148,59890,58652,9906,60468,95090,56,1,1
8917,16486,12949,129,36083,34644,1828,36679,68040,66,1,1
8918,7578,4244,94,29743,29036,1710,30143,43766,27,1,1
8919,4856,217,92,23901,23692,1751,24214,31122,1,1,1
8920,14906,10761,96,51819,50535,2326,52355,80436,59,1,1
8921,13269,14179,101,53708,52151,2056,54310,83900,74,1,1
8922,42631,33412,164,64777,62644,5529,65551,147221,105,1,1
8923,15255,6034,100,55911,55073,4618,56356,82347,35,1,1
8924,9040,3497,130,24966,24320,1754,25412,39800,23,1,1
8925,4339,209,98,17315,17113,1804,17630,24068,1,1,1
8926,4443,222,93,21337,21138,1748,21631,28134,1,1,1
8927,18891,18031,116,60643,58647,1791,61319,100132,92,1,1
8928,12718,13336,124,43199,41721,7523,43812,77484,69,1,1
8929,40472,17442,158,102754,100814,1769,103459,163238,86,1,2
8930,14573,3232,107,53885,53322,1707,54297,73905,20,1,1
8931,4450,218,100,22733,22514,1709,23049,29520,1,1,1
8932,2325,214,97,23628,23426,2472,23937,29034,1,1,1
8933,17700,15435,99,42575,40964,2811,43176,79208,77,1,1
8934,4666,215,94,34809,34611,2135,35105,42203,1,1,1
8935,15736,14627,95,40102,38507,7454,40684,78587,75,1,1
8936,8717,8100,184,48906,47839,1790,49481,68182,47,1,1
8937,4790,211,90,53810,53610,1890,54107,61081,1,1,1
8938,3102,1499,103,55074,54591,1031,55438,61156,11,1,1
8939,41148,49304,102,16111,11880,21640,17194,129371,219,1,1
8940,26639,13995,99,68546,67125,16345,69115,126187,67,1,1
8941,13613,9392,100,44501,43341,10659,45479,79236,51,1,1
8942,20009,16633,107,39785,38030,5596,40425,82758,85,1,1
8943,18033,15418,128,50524,48890,1804,51178,86536,78,1,1
8944,14314,14337,96,53462,51765,2095,54063,84903,77,1,1
8945,41420,38170,128,77994,74653,14546,78966,173197,171,1,1
8946,16485,12241,107,62280,60805,14104,62847,105769,64,1,1
8947,20563,17439,153,47042,45232,1764,47740,87606,87,1,1
8948,9150,6475,96,31357,30452,1807,31802,49327,38,1,1
8949,11792,11407,107,32479,31182,1759,33025,58069,60,1,1
8950,5140,3517,90,43793,43178,4930,44185,57855,23,1,1
8951,13799,12610,95,49029,47578,1707,49593,77792,68,1,1
8952,41538,36416,203,75668,72760,21879,77058,176996,144,1,1
8953,42026,32654,164,72448,69508,10419,73380,158573,149,1,1
8954,16719,15531,135,46246,44552,2075,46904,81322,80,1,1
8955,8429,6614,108,40611,39666,1865,41080,58080,40,1,1
8956,15842,13764,111,53630,52100,1752,54232,85686,72,1,1
8957,12134,12612,95,48601,47116,1921,49170,75923,69,1,1
8958,41553,48743,179,74415,71131,25213,75440,191047,168,1,1
8959,16411,10404,100,59048,57823,15871,59571,102345,56,1,1
8960,16599,17297,133,47568,45757,1795,48250,84036,87,1,1
8961,10181,8294,107,40998,39911,1981,41505,62051,48,1,1
8962,16201,13430,117,50993,49513,1706,51590,83025,69,1,1
8963,7546,15645,171,45836,45066,2009,46352,71637,31,1,1
8964,41894,35834,128,72066,68964,24232,72993,175050,158,1,1
8965,12659,6693,100,56826,55945,16684,57283,93404,37,1,1
8966,9832,8181,127,42770,41685,1840,43296,63246,47,1,1
8967,12780,12002,104,34718,33313,1893,35283,62048,65,1,1
8968,4365,211,98,23943,23733,1746,24254,30659,1,1,1
8969,23866,10378,167,48945,47716,2456,49548,86348,56,1,1
8970,15284,13109,97,46782,45312,1735,47353,77575,69,1,1
8971,42247,29325,108,69339,66659,25034,70164,166868,135,1,1
8972,17561,10978,102,57879,56611,15519,58420,102570,58,1,1
8973,17898,17402,116,39873,38002,1855,40549,77802,90,1,1
8974,8071,7008,100,43087,42118,1805,43586,60569,41,1,1
8975,20696,20041,119,60043,57955,1763,60749,103347,99,1,1
8976,11800,9763,95,53103,51914,1735,53616,76998,54,1,1
8977,41942,32513,103,69035,66091,19584,69905,164040,149,1,1
8978,13986,7034,101,57808,56855,14006,58289,93402,41,1,1
8979,16249,15008,152,37371,35752,1976,38039,71370,76,1,1
8980,9188,7228,99,30144,29167,1718,30604,48831,42,1,1
8981,1885,627,95,26740,26445,1149,27073,30820,5,1,1
8982,30835,33233,99,51976,48920,1775,52855,118783,155,1,1
8983,16618,17436,91,56284,54419,2581,56924,93644,90,1,1
8984,42020,30516,125,67621,64922,14172,68467,155271,136,1,1
8985,14636,11042,158,60527,59242,10570,61130,97477,59,1,1
8986,11392,9296,126,31662,30532,1988,32194,54963,50,1,1
8987,10287,7103,101,34412,33452,1821,34873,54167,41,1,1
8988,1721,526,96,28011,27730,1007,28323,31663,4,1,1
8989,20907,17615,100,43052,41255,1742,43680,84030,87,1,1
8990,24712,26281,101,59932,57458,3446,60702,115224,124,1,1
8991,41588,30591,103,77028,74319,8930,77877,159081,136,1,1
8992,9515,4006,105,55365,54710,7500,55796,76902,25,1,1
8993,10052,5764,127,31772,30933,1768,32242,49924,34,1,1
8994,7547,3063,99,24401,23806,1939,24791,37424,21,1,1
8995,4638,205,89,17249,17046,1729,17543,24199,1,1,1
8996,13292,10038,97,54978,53779,3056,55493,81965,55,1,1
8997,18632,19065,117,59857,57848,3851,60554,102197,97,1,1
8998,38461,11522,149,60817,59529,1853,61411,113351,59,1,1
8999,15637,5332,107,56377,55604,1964,56829,79851,31,1,1
9000,8756,2789,103,25073,24503,1787,25468,38896,19,1,1
9001,4896,211,96,20912,20706,1795,21208,28199,1,1,1
9002,1208,210,92,17238,17045,931,17536,19969,1,1,1
9003,33375,33976,98,46156,43092,1763,47029,116228,156,1,1
9004,5195,216,91,35100,34902,1701,35391,42585,1,1,1
9005,19022,18551,106,59114,57151,6835,59821,104325,96,1,1
9006,4298,214,102,35428,35226,1675,35736,42006,1,1,1
9007,5134,222,100,53328,53131,3454,53626,62518,1,1,1
9008,11248,1300,104,56696,56327,1722,57061,71428,9,1,1
9009,4417,248,127,22245,22034,1926,22575,29263,1,1,1
9010,9390,6459,96,34735,33860,4171,35173,55279,37,1,1
9011,10929,10109,98,44506,43175,1859,45035,68019,57,1,1
9012,6152,1327,203,42055,41643,1769,42526,51866,11,1,1
9013,10164,9441,96,51533,50321,1935,52060,73691,55,1,1
9014,41821,37671,108,75333,71988,12320,76290,168196,171,1,1
9015,14997,12052,106,70066,68669,9942,70683,107769,64,1,1
9016,24445,25079,145,52223,49801,1802,53029,104452,119,1,1
9017,9452,8435,191,45082,43997,2012,45679,65677,48,1,1
9018,19202,16581,129,52126,50389,1879,52781,90538,83,1,1
9019,11560,10119,93,48493,47245,1820,49017,72602,56,1,1
9020,42028,29217,108,70977,68296,19464,71790,162595,135,1,1
9021,16879,9939,98,60947,59737,15201,61474,103580,55,1,1
9022,17840,16436,156,47153,45411,1856,47834,84066,82,1,1
9023,11930,10028,107,44016,42783,1860,44538,68448,56,1,1
9024,17261,18207,108,54781,52915,1779,55451,92791,90,1,1
9025,12744,12949,103,50705,49215,1753,51278,78823,70,1,1
9026,42229,29452,108,71910,69210,22274,72744,166792,136,1,1
9027,27078,8483,174,59064,58098,15843,59627,111142,42,1,1
9028,16243,13768,108,45590,44093,1802,46187,78099,70,1,1
9029,10790,10226,97,41692,40441,2008,42217,65326,56,1,1
9030,4654,2526,90,42901,42360,4346,43266,54877,18,1,1
9031,14069,13015,99,49368,47845,1798,49945,78913,71,1,1
9032,41883,29415,124,70159,67478,35750,70990,178136,134,1,1
9033,18037,11066,140,59431,58206,15378,60001,104573,56,1,1
9034,15786,14167,108,44655,43101,1732,45253,77033,73,1,1
9035,6556,4248,102,30536,29734,1768,30956,43612,28,1,1
9036,4712,215,97,23807,23595,1758,24098,30866,1,1,1
9037,9370,7516,107,47315,46319,1722,47791,66492,43,1,1
9038,11979,10847,100,46307,45006,1727,46843,71481,60,1,1
9039,51855,33074,168,71374,68459,25595,72303,182923,148,1,1
9040,16532,10554,105,59764,58547,15483,60297,102957,55,1,1
9041,16673,15246,120,36952,35292,1753,37583,71357,79,1,1
9042,8648,6932,93,32915,31934,1764,33384,50815,42,1,1
9043,4349,214,96,24164,23920,1749,24459,30854,1,1,1
9044,9123,5932,97,46065,45179,3512,46542,65205,37,1,1
9045,12366,12859,99,66124,64637,1998,66734,94054,69,1,1
9046,41698,36131,104,71352,68201,20765,72262,170949,161,1,1
9047,13752,8201,108,59365,58323,15889,59855,97788,46,1,1
9048,42658,33214,140,40950,38188,28494,41773,146237,117,1,1
9049,9525,3449,101,25788,25183,16991,26181,56238,22,1,1
9050,19847,11165,102,26656,25377,9400,27195,67693,59,1,1
9051,7047,3796,154,32511,31775,5004,32979,48927,24,1,1
9052,15323,12509,101,45499,44081,1853,46063,75832,66,1,1
9053,17529,17863,107,55039,53169,2301,55696,93482,91,1,1
9054,42151,30311,128,67469,64720,14381,68321,155260,138,1,1
9055,15854,9383,106,59569,58434,11664,60088,97085,50,1,1
9056,14774,9885,146,32748,31496,1843,33329,59930,55,1,1
9057,9080,5972,97,31731,30850,1894,32171,49207,36,1,1
9058,4313,207,94,23678,23466,1795,23982,30381,1,1,1
9059,10873,8724,103,52178,51094,3620,52670,75974,48,1,1
9060,12619,12303,96,51944,50554,1901,52512,79421,65,1,1
9061,42155,32667,104,67394,64534,12526,68252,155697,145,1,1
9062,14752,10666,98,67811,66564,8523,68373,102411,56,1,1
9063,13603,9105,133,34626,33497,1756,35179,59741,50,1,1
9064,7808,5071,103,30710,29901,1753,31137,45861,31,1,1
9065,4387,210,98,23809,23603,1904,24121,30704,1,1,1
9066,18496,19437,101,56568,54592,1842,57239,97104,97,1,1
9067,16374,17850,107,58715,56867,2389,59370,96067,90,1,1
9068,42935,21073,118,64206,62237,4759,64907,133774,96,1,1
9069,14503,6384,162,58956,58074,4689,59469,85133,37,1,1
9070,9636,2477,100,25845,25321,2018,26238,40465,17,1,1
9071,4356,220,94,21065,20856,1784,21359,27809,1,1,1
9072,4338,212,93,17371,17154,1760,17657,24047,1,1,1
9073,9022,6921,98,37824,36886,3764,38292,58090,41,1,1
9074,6734,3045,92,38033,37469,1743,38403,50011,20,1,1
9075,17319,13982,98,38700,37199,7409,39284,78081,71,1,1
9076,15349,7655,122,100490,99337,2079,100990,126170,44,1,2
9077,7739,361,200,54573,54314,1794,55004,64996,3,1,1
9078,4773,268,104,23189,22941,1792,23498,30426,1,1,1
9079,16371,15693,131,64751,62906,1771,65407,99340,80,1,2
9080,14839,15210,109,41457,39825,2815,42079,75028,78,1,1
9081,4488,221,92,34739,34536,1746,35033,41571,1,1,1
9082,9502,7792,123,45145,44134,1692,45649,64726,44,1,1
9083,4043,211,152,55103,54914,3573,55477,63393,1,1,1
9084,8404,5127,101,58341,57548,12367,58784,84766,32,1,1
9085,19377,17882,120,46855,44989,1760,47533,86648,90,1,1
9086,10091,8479,104,40852,39727,1756,41352,61770,49,1,1
9087,1929,587,92,38751,38455,929,39071,42603,5,1,1
9088,31026,34083,100,69521,66281,2383,70453,138043,158,1,2
9089,41981,29960,111,73673,70908,12519,74513,159065,140,1,1
9090,16720,10648,99,60083,58823,12266,60610,100335,58,1,1
9091,20478,21452,133,50220,48063,1752,50958,94737,106,1,1
9092,9207,8706,128,43621,42507,1934,44180,64125,49,1,1
9093,26514,15026,217,53844,52194,2025,54575,98240,78,1,1
9094,13226,10809,87,49810,48494,1824,50329,76272,61,1,1
9095,41640,33134,104,74230,71241,17849,75110,167831,152,1,1
9096,13205,5399,103,57236,56426,15949,57679,92324,33,1,1
9097,16934,13714,137,45957,44421,1746,46574,79067,72,1,1
9098,7890,5913,207,43237,42316,1821,43805,59529,37,1,1
9099,16262,15327,133,52614,50955,1739,53256,86685,79,1,1
9100,12244,10737,94,50468,49123,2800,51005,76877,61,1,1
9101,41604,34518,108,72418,69282,25234,73319,174777,158,1,1
9102,15706,8972,99,58910,57811,15749,59410,99923,49,1,1
9103,17377,18249,162,46479,44580,1766,47196,84686,93,1,1
9104,9531,8364,100,41410,40286,2321,41906,62205,50,1,1
9105,1431,212,93,36110,35893,989,36421,39137,1,1,1
9106,23432,24178,95,51874,49394,1871,52619,102193,118,1,2
9107,41324,33720,106,71057,68070,25938,71933,173015,152,1,1
9108,14180,6912,97,57466,56538,25612,57933,104723,39,1,1
9109,9876,8968,144,42778,41605,1815,43335,64091,51,1,1
9110,10287,9093,99,33549,32395,1857,34057,55386,52,1,1
9111,3331,221,95,24170,23961,2530,24483,30649,1,1,1
9112,11563,10608,100,46281,44990,1853,46824,70932,60,1,1
9113,13237,11589,102,45404,44071,2405,45949,73266,62,1,1
9114,46980,31789,142,70715,67845,24626,71612,175107,145,1,1
9115,15325,7445,154,60803,59830,15634,61344,99836,42,1,1
9116,14289,12339,107,35644,34206,1871,36220,64815,66,1,1
9117,10403,9260,105,32201,31047,1771,32712,54238,52,1,1
9118,2565,746,101,27487,27142,5132,27823,36351,7,1,1
9119,15936,11398,99,45711,44371,1762,46263,75452,62,1,1
9120,10933,9222,99,49067,47898,1896,49585,71728,53,1,1
9121,41427,34752,125,83190,80057,20917,84150,181343,158,1,1
9122,12797,5611,114,57720,56909,15477,58177,92148,33,1,1
9123,15028,13978,109,34480,32899,1759,35077,65937,73,1,1
9124,9779,9081,95,31306,30163,1812,31806,52562,50,1,1
9125,2390,340,93,25737,25478,4917,26054,33786,3,1,1
9126,14488,12552,104,44615,43192,1740,45188,74052,67,1,1
9127,12450,11416,95,51777,50441,1778,52309,78037,62,1,1
9128,42410,26314,207,65517,63055,12847,66389,148058,123,1,1
9129,15522,10749,103,59859,58617,9280,60389,96024,57,1,1
9130,12795,8476,133,34409,33319,1795,34937,58100,48,1,1
9131,7174,4123,96,53550,52725,1755,53961,67100,27,1,2
9132,2580,1087,96,27954,27577,1080,28291,33122,9,1,1
9133,27443,21814,96,46081,43933,1829,46778,97950,106,1,1
9134,13324,12848,209,54516,53072,6098,55195,87563,68,1,1
9135,42279,29260,125,66270,63650,8672,67096,147404,132,1,1
9136,13904,7137,102,57462,56505,7280,57940,86353,41,1,1
9137,12148,7779,131,34167,33130,1894,34700,56619,45,1,1
9138,8586,2846,96,24494,23926,1861,24869,38248,19,1,1
9139,4272,217,99,17210,17012,1787,17522,23878,1,1,1
9140,18367,18029,96,70747,68828,1853,71453,109801,93,1,1
9141,13215,13755,104,56708,55054,2740,57298,87101,74,1,1
9142,37411,13356,106,61806,60402,1717,62383,114963,66,1,1
9143,13776,3175,105,54752,54191,2237,55146,74419,20,1,1
9144,4483,254,102,23492,23281,1762,23807,30402,1,1,1
9145,4171,215,100,20609,20413,1731,20906,27111,1,1,1
9146,5934,3949,85,48153,47472,4586,48634,63199,25,1,1
9147,4172,214,102,35891,35690,1809,36196,42478,1,1,1
9148,17613,17157,94,43813,41990,4811,44451,84117,87,1,1
9149,4497,222,90,35347,35150,1817,35657,42277,1,1,1
9150,6629,211,97,54047,53854,1766,54358,63048,1,1,1
9151,41382,42938,118,76956,73174,4624,77990,167029,193,1,1
9152,4151,248,205,23900,23687,1793,24314,30606,1,1,1
9153,18428,17599,99,44136,42328,2298,44771,83185,88,1,1
9154,10441,10295,106,50595,49332,1751,51130,73707,58,1,1
9155,19360,15017,117,51536,49915,1716,52162,88356,77,1,1
9156,13331,12135,98,52592,51165,2072,53150,80782,67,1,1
9157,41756,36761,126,74486,71279,16292,75432,170335,164,1,1
9158,16980,13150,197,63879,62428,9999,64553,104771,68,1,1
9159,42412,27416,121,67110,64584,13629,67924,151476,126,1,1
9160,11487,5379,102,26125,25277,16719,26557,60234,33,1,1
9161,20784,10536,106,26237,24984,11893,26769,70074,57,1,1
9162,26852,24265,98,35469,33241,2990,36189,90389,110,1,1
9163,3810,6605,171,43840,43367,5029,44313,59863,14,1,1
9164,12319,12312,103,51687,50272,1895,52243,78865,66,1,1
9165,41356,35098,150,76681,73408,20620,77646,174821,163,1,1
9166,11111,5197,100,55626,54856,15074,56069,87544,31,1,1
9167,16341,13032,109,49258,47802,1829,49837,81137,68,1,1
9168,10315,8581,100,41018,39857,1817,41516,62320,49,1,1
9169,2122,286,96,37491,37248,5134,37808,45438,2,1,1
9170,9006,6733,193,47939,46990,1808,48515,66160,41,1,1
9171,41694,35290,129,73490,70321,19844,74421,171343,161,1,1
9172,14689,7388,108,57374,56360,15924,57869,95956,43,1,1
9173,14305,11748,136,44085,42665,1728,44677,72555,65,1,1
9174,9664,8063,98,41105,39970,1809,41590,61211,49,1,1
9175,12613,9069,159,49931,48785,2538,50504,75009,51,1,1
9176,11424,10816,98,48149,46829,1818,48691,72841,61,1,1
9177,41830,34339,125,72474,69390,27145,73388,176798,157,1,1
9178,16313,8811,103,58340,57255,15345,58847,99602,48,1,1
9179,16355,15180,116,44941,43274,1930,45564,79128,79,1,1
9180,10251,7907,232,44624,43550,2038,45359,65688,39,1,1
9181,5590,258,131,33413,33157,2359,33798,42128,1,1,1
9182,5976,2804,111,42511,41959,4197,42902,55974,19,1,1
9183,11319,10295,98,47403,46101,3231,47947,72877,58,1,1
9184,42207,31155,118,69274,66515,25901,70125,169485,139,1,1
9185,12583,14406,112,58458,57466,16451,58967,102501,43,1,1
9186,21111,17647,173,40253,38390,1860,40972,81687,88,1,1
9187,7812,6764,99,32221,31237,1898,32684,49254,41,1,1
9188,4522,210,94,24407,24198,1847,24716,31379,1,1,1
9189,15783,14881,103,48006,46375,2500,48617,81867,78,1,1
9190,11936,12024,95,33749,32365,1731,34294,60080,63,1,1
9191,9322,8516,96,44341,43239,1694,44834,64450,49,1,1
9192,42131,32315,137,69281,66424,21719,70166,166432,144,1,1
9193,14791,21106,168,60841,59760,14363,61394,111747,47,1,1
9194,16660,16392,143,36742,34989,1835,37413,72397,84,1,1
9195,10240,8050,101,30672,29561,1790,31164,51334,47,1,1
9196,20494,19837,117,60998,58975,1827,61701,103958,97,1,1
9197,14503,13625,104,54039,52482,1738,54624,84576,72,1,1
9198,42420,29390,111,78614,76003,20948,79456,172309,131,1,1
9199,24661,16689,103,63980,62275,10354,64625,116422,82,1,1
9200,13470,10084,207,34224,33022,1833,34852,60332,54,1,1
9201,9132,7322,108,33205,32208,1870,33689,52105,43,1,1
9202,4126,214,97,23882,23662,1805,24192,30419,1,1,1
9203,14783,11009,99,52748,51445,1836,53288,81003,60,1,1
9204,12403,11069,104,52123,50782,2442,52677,78675,62,1,1
9205,41847,29874,143,68169,65521,8253,69023,149093,133,1,1
9206,15006,8399,104,58076,57019,7033,58563,89091,47,1,1
9207,7726,3476,105,31896,31269,1839,32307,45440,22,1,1
9208,7807,4202,102,26310,25609,1739,26719,40561,26,1,1
9209,4987,216,99,17494,17294,1772,17804,24861,1,1,1
9210,5183,2915,88,38387,37810,5071,38757,52021,20,1,1
9211,9153,4172,96,39540,38866,1848,39953,55212,26,1,1
9212,21528,23026,155,59572,57340,1820,60361,106827,111,1,1
9213,42679,24478,111,64643,62424,4644,65388,137290,110,1,1
9214,13952,7797,99,56734,55742,4964,57205,84051,43,1,1
9215,9274,3548,106,26457,25710,1820,26868,41611,24,1,1
9216,4209,208,95,21836,21631,1984,22132,28622,1,1,1
9217,4836,219,97,18183,17980,1832,18478,25445,1,1,1
9218,16261,13571,95,36246,34750,2291,36813,69023,69,1,1
9219,8415,3606,206,39804,39195,1880,40324,54325,22,1,1
9220,18825,21108,95,63334,61151,4567,64023,108616,102,1,1
9221,10456,494,104,55581,55314,1807,55919,68771,4,1,1
9222,9845,911,167,55052,54729,2217,55467,68526,7,1,1
9223,4501,208,105,23084,22872,1806,23391,30001,1,1,1
9224,19996,17436,110,57322,43725,1984,58024,97537,86,1,1
9225,10151,9696,105,46667,45454,1880,47198,69011,55,1,1
9226,4511,211,91,36352,36112,1849,36648,43313,1,1,1
9227,7876,6116,97,50500,49604,1828,50947,66870,38,1,1
9228,40969,31250,114,77757,74860,6332,78625,157273,147,1,1
9229,14250,11793,101,62814,61470,13977,63365,103470,62,1,1
9230,18534,18688,184,52702,50657,1498,53475,92299,93,1,1
9231,10153,8679,96,34155,32959,1938,34643,55499,50,1,1
9232,13922,12417,103,35217,33791,1884,35771,64080,66,1,1
9233,3882,1933,87,41035,40581,4877,41395,52172,14,1,1
9234,11615,12164,97,50737,49346,1767,51283,76921,65,1,1
9235,47427,42609,149,78304,75158,14931,79276,184540,159,1,1
9236,21764,12061,185,68081,66648,12395,68740,115251,64,1,1
9237,14313,13527,120,48279,46726,1841,48893,78669,71,1,1
9238,10137,8362,103,45184,44090,1791,45674,66057,48,1,1
9239,2129,595,95,39506,39197,1169,39827,43805,5,1,1
9240,30778,35839,98,59120,55670,1951,60029,128682,165,1,2
9241,41909,36587,104,92351,89108,25940,93325,197857,165,1,1
9242,17450,9993,182,61452,60277,15473,62063,105066,53,1,1
9243,18036,15206,120,47533,45845,1804,48168,83308,78,1,1
9244,8771,6468,100,45701,44776,1780,46164,63274,39,1,1
9245,16558,15131,118,52271,50662,1812,52886,86482,76,1,1
9246,10911,10275,143,64593,63360,1812,65193,88288,56,1,1
9247,41816,34400,115,75034,71875,24131,75947,176390,154,1,1
9248,14437,6420,142,57847,56961,16254,58337,95565,37,1,1
9249,15692,14885,124,44818,43129,1769,45450,77893,76,1,1
9250,7207,4729,95,37985,37223,1839,38406,52276,30,1,1
9251,5196,2933,93,55053,54480,4689,55473,68387,20,1,1
9252,9744,9007,100,47598,46461,1866,48114,68822,51,1,1
9253,41839,36359,136,72865,69670,26498,73808,178598,163,1,1
9254,13820,8850,101,60578,59491,16149,61092,99997,48,1,1
9255,9641,7563,112,36848,35798,1880,37353,56610,44,1,1
9256,4239,211,99,24443,24237,2021,24752,31307,1,1,1
9257,9555,7389,93,45342,44344,1898,45841,64780,43,1,1
9258,2138,815,103,40712,40395,1080,41054,45173,6,1,1
9259,30333,33344,101,61746,58604,1897,62619,128275,153,1,2
9260,42031,30083,123,69568,66827,22308,70418,164935,138,1,1
9261,14744,7669,101,58485,57492,15928,58953,97379,43,1,1
9262,11333,9046,112,45891,44450,2501,46486,69480,51,1,1
9263,10576,9673,134,35839,34627,1885,36396,58625,54,1,1
9264,1362,285,92,25741,25504,1040,26043,28816,2,1,1
9265,34434,35548,99,54805,51410,2155,55719,127949,166,1,1
9266,14683,13438,95,55577,54032,1873,56163,86248,73,1,1
9267,41884,33870,183,68887,65947,22489,69829,168178,149,1,1
9268,17816,12345,102,72428,71085,12079,73010,115351,62,1,1
9269,42634,24415,118,39878,37562,28591,40637,136377,113,1,1
9270,9873,4104,100,26079,25391,16958,26479,57506,25,1,1
9271,20470,12206,108,25591,24235,8147,26137,67047,63,1,1
9272,6113,4035,92,47217,46557,3841,47606,61681,25,1,1
9273,15164,16487,108,53830,52106,1957,54463,88155,83,1,1
9274,42051,30977,116,78767,75992,12794,79656,165578,140,1,1
9275,13915,7981,112,58821,57814,9730,59330,91046,44,1,1
9276,12168,8237,116,33567,32518,1818,34074,56392,46,1,1
9277,8343,5000,102,29577,28804,1814,29998,45241,31,1,1
9278,4387,211,97,23841,23622,1724,24148,30553,1,1,1
9279,13080,9879,97,52202,50963,3347,52727,79121,56,1,1
9280,12895,12557,122,60712,59298,4670,61306,91524,66,1,1
9281,42616,16228,231,63780,62168,6395,64524,129861,77,1,1
9282,14778,6807,97,57143,56150,5093,57604,84375,39,1,1
9283,7086,2512,127,30517,29993,1814,30926,42435,17,1,1
9284,7809,4051,97,23743,22988,1860,24162,37968,29,1,1
9285,1610,346,87,34850,34593,1043,35153,38243,3,1,1
9286,29161,31538,100,61735,58868,1810,62572,125173,144,1,1
9287,12784,12670,96,55119,53688,8888,55710,90151,66,1,1
9288,37584,17260,137,103455,101582,1839,104134,160912,84,1,2
9289,14847,2259,101,53821,53347,2156,54194,73543,15,1,1
9290,4876,238,113,23163,22947,1668,23484,30362,1,1,1
9291,5264,215,94,26089,25831,1621,26417,33625,1,1,1
9292,11270,6730,135,35957,34997,3937,36463,58674,39,1,1
9293,4912,212,90,36294,36109,1651,36574,43434,1,1,1
9294,10297,7723,164,35874,34867,9770,36413,64288,43,1,1
9295,4660,211,113,37199,37000,1500,37519,43978,1,1,1
9296,7867,216,94,54695,54501,1746,54996,64907,1,1,1
9297,41470,46141,118,76773,72768,4375,77860,169940,206,1,1
9298,16404,14980,127,48328,46613,1909,48968,82353,76,1,1
9299,8163,6420,174,42757,41856,1832,43303,59813,38,1,1
9300,18853,16060,141,51061,49366,2344,51740,89091,81,1,1
9301,15818,13900,99,51498,49944,1784,52074,83662,72,1,1
9302,41170,35632,116,75682,72506,14713,76617,168223,162,1,1
9303,18002,13240,106,64111,62581,13926,64702,109971,70,1,1
9304,18064,15782,182,53330,51615,1924,54032,89898,81,1,1
9305,8893,6712,102,41850,40892,1772,42322,59791,40,1,1
9306,1584,346,93,37554,37283,1140,37869,41024,3,1,1
9307,30693,33989,98,56192,52989,1792,57074,123633,157,1,2
9308,41755,30813,122,73863,71137,21326,74710,168697,138,1,1
9309,17018,21650,173,60689,59560,15633,61279,115687,51,1,1
9310,18291,18904,197,49692,47763,1922,50457,89679,93,1,1
9311,9418,6307,100,41070,40124,1810,41521,59149,38,1,1
9312,1441,227,98,37048,36837,1077,37358,40183,1,1,1
9313,24653,24305,95,53229,50795,1809,53969,104837,116,1,2
9314,42686,23732,96,69708,67432,37228,70440,174180,113,1,1
9315,16930,7245,149,57357,56402,15694,57877,97831,41,1,1
9316,16074,15025,110,46559,44944,1857,47169,80216,76,1,1
9317,11665,11485,91,45465,43995,1809,46011,71060,64,1,1
9318,12136,10239,105,51221,49974,1944,51746,76149,57,1,1
9319,9802,8855,93,47414,46273,2712,47905,69365,51,1,1
9320,52338,33250,164,73102,70130,25504,74043,185227,151,1,1
9321,15534,7341,104,59725,58746,15802,60193,98956,42,1,1
9322,14270,12111,121,43709,42321,1936,44292,72702,64,1,1
9323,11253,10211,96,35240,33991,1873,35750,59180,57,1,1
9324,4629,198,109,25349,25099,2173,25685,32766,1,1,1
9325,11690,9456,93,47407,46235,2144,47903,71277,53,1,1
9326,13537,14059,171,47920,46404,1892,48585,78159,72,1,1
9327,41594,34838,116,71590,68473,27235,72509,176268,159,1,1
9328,16790,12970,103,60614,59179,15764,61183,106791,67,1,1
9329,18704,15801,119,37298,35618,2064,37935,74655,80,1,1
9330,10249,8092,108,31559,30491,1850,32056,52339,47,1,1
9331,4488,212,89,24173,23965,1859,24473,31115,1,1,1
9332,29404,15840,183,50374,48707,2188,51083,98611,80,1,1
9333,14646,14557,98,56678,55082,2340,57272,88901,75,1,1
9334,41316,33909,133,69647,66657,22174,70560,168056,152,1,1
9335,15221,7566,104,58278,57289,13646,58761,95282,42,1,1
9336,17011,15214,126,35686,34077,1853,36314,70495,76,1,1
9337,9698,8249,157,33305,32252,1847,33853,53745,46,1,1
9338,2381,881,97,32207,31881,1212,32540,37099,7,1,1
9339,26980,26049,98,48109,45580,2013,48884,104017,126,1,1
9340,12487,12837,102,52696,51271,1576,53249,80232,67,1,1
9341,42201,35604,131,69303,66185,15813,70227,163941,159,1,1
9342,20487,11843,108,58588,57246,10156,59143,101717,62,1,1
9343,12772,10000,169,33644,32429,1648,34232,58752,53,1,1
9344,9074,6686,110,32490,31568,2128,32948,50929,39,1,1
9345,8160,5199,97,72092,71180,3722,72525,89692,32,1,2
9346,12360,11636,98,54153,52799,1899,54697,80687,63,1,1
9347,42459,34553,151,66997,64516,10601,67833,155542,124,1,1
9348,16404,10118,169,58867,57666,6733,59467,92807,54,1,1
9349,8861,4914,114,32278,31485,2085,32746,48700,31,1,1
9350,7533,3851,94,23937,23237,1807,24338,37617,27,1,1
9351,4603,268,100,17632,17390,1823,17941,24720,2,1,1
9352,11108,7868,95,35223,34210,4177,35696,58933,45,1,1
9353,8570,3967,94,38793,38117,1856,39182,53668,26,1,1
9354,12464,13156,97,54063,52601,3938,54628,84276,69,1,1
9355,42828,23777,129,77114,74970,2951,77887,147538,106,1,1
9356,14457,5282,106,55854,55070,3460,56301,79590,32,1,1
9357,9684,3452,113,26102,25424,1807,26524,41564,24,1,1
9358,4313,203,92,25124,24919,1907,25429,31933,1,1,1
9359,3018,211,99,17281,17090,2460,17587,23355,1,1,1
9360,17207,16533,99,43224,41437,2046,43844,79716,85,1,1
9361,5120,211,91,35615,35417,1732,35905,43050,1,1,1
9362,19401,21295,95,46579,44456,2887,47268,90939,104,1,1
9363,4424,211,93,35418,35219,1947,35711,42375,1,1,1
9364,7233,210,149,54577,54382,2439,54940,64918,1,1,1
9365,15982,2957,135,57342,56806,1800,57769,78604,18,1,1
9366,4461,211,109,22521,22275,1777,22852,29394,1,1,1
9367,7246,4983,100,38979,38232,5164,39412,56889,30,1,1
9368,10806,9824,96,44590,43364,2172,45113,68002,56,1,1
9369,4698,212,93,35267,35059,2153,35553,42700,1,1,1
9370,7871,6996,98,60514,49374,1926,61065,77955,42,1,1
9371,41085,35231,143,74989,71834,11955,75942,164312,161,1,1
9372,15444,12315,102,60052,58624,9552,60624,98222,66,1,1
9373,14557,11591,108,35276,33890,1809,35840,63891,63,1,1
9374,17974,22630,116,37613,35783,1931,38270,80898,89,1,1
9375,10321,8407,93,34854,33791,1879,35332,56025,47,1,1
9376,11132,10461,95,43783,42531,1810,44357,67856,57,1,1
9377,4085,1610,112,42358,41924,5225,42737,53744,13,1,1
9378,12753,12074,108,50991,49586,1785,51572,78270,66,1,1
9379,41825,35572,106,74297,71143,12927,75196,165617,160,1,1
9380,16153,9571,102,59390,58234,13098,59904,98822,52,1,1
9381,42164,23593,119,85531,83241,28667,86310,180845,112,1,1
9382,8752,5314,113,30939,30153,17207,31380,62746,31,1,1
9383,19451,10577,101,40884,39593,12234,41405,83755,57,1,1
9384,26784,21772,101,34888,32743,2359,35579,86580,105,1,1
9385,5798,1601,92,39546,39126,3697,39889,51070,12,1,1
9386,13582,11724,98,48734,47356,1793,49274,76467,64,1,1
9387,41990,33332,108,74131,71088,21114,75019,171555,155,1,1
9388,41235,35625,180,72530,69314,10843,73536,161329,164,1,1
9389,18514,18272,135,47797,45895,1901,48494,87277,92,1,1
9390,7792,6171,97,35049,34177,2211,35496,51763,36,1,1
9391,4297,355,101,23866,23609,2004,24193,30933,3,1,1
9392,10148,6934,97,45179,44234,2889,45635,65701,41,1,1
9393,11090,9238,99,47602,46425,1820,48191,70422,53,1,1
9394,41172,45752,182,72927,69797,22008,73911,182941,158,1,1
9395,14207,7650,102,56537,55602,15875,57014,94830,40,1,1
9396,13844,12600,134,36270,34848,1785,36871,65198,66,1,1
9397,8664,4585,96,27318,26587,1851,27724,42916,29,1,1
9398,6890,4331,97,30343,29629,1735,30747,43788,28,1,1
9399,4416,352,94,31211,30954,1710,31521,38105,3,1,1
9400,4984,2927,100,44109,43538,4768,44506,57268,20,1,1
9401,10833,9613,101,57356,56140,1954,57922,80416,55,1,1
9402,41723,26926,114,69852,67394,23594,70637,162978,123,1,1
9403,14121,9146,102,60322,59190,16065,60833,100447,49,1,1
9404,16431,15654,111,37140,35449,1869,37769,71818,80,1,1
9405,10777,9242,92,32496,31297,1844,32997,54948,54,1,1
9406,4971,212,91,23735,23526,1788,24048,31101,1,1,1
9407,4992,2392,88,41538,41032,4258,41905,53632,17,1,1
9408,15124,14041,180,53423,51861,2481,54101,85844,74,1,1
9409,41888,30829,107,71982,69147,22632,72827,168273,143,1,1
9410,15856,9073,104,58697,57560,15234,59203,99454,51,1,1
9411,14073,12297,133,36470,35083,1741,37053,65263,64,1,1
9412,10890,8627,95,32271,31162,1773,32753,54128,49,1,1
9413,18723,17976,211,56300,54427,1765,57067,95627,91,1,1
9414,12980,12086,93,51717,50314,1842,52254,79253,65,1,1
9415,41709,31535,109,68147,65381,17908,68984,160233,140,1,1
9416,15665,11780,100,60198,58863,11478,60748,99757,62,1,1
9417,9174,5759,127,41701,40823,1926,42221,59175,35,1,1
9418,9478,6167,108,32842,31943,2241,33302,51282,38,1,1
9419,4325,213,92,23557,23347,1871,23861,30352,1,1,1
9420,8492,5772,102,49379,48519,3509,49820,67686,36,1,1
9421,15847,15632,97,53657,51973,1839,54272,87674,81,1,1
9422,42119,29525,112,68251,65588,15830,69074,156645,134,1,1
9423,18451,12488,117,60787,59415,8870,61373,101272,64,1,1
9424,12757,9432,153,38782,37606,1811,39343,63441,52,1,1
9425,6747,3639,94,29150,28502,1787,29541,41808,24,1,1
9426,4382,215,98,23992,23785,1841,24286,30806,1,1,1
9427,20058,20141,96,56849,54841,1841,57523,99656,99,1,1
9428,16466,15786,100,58938,57258,3883,59552,95779,81,1,1
9429,42721,23850,106,64905,62729,5840,65637,138143,108,1,1
9430,15038,8676,172,58310,57214,4591,58887,87286,49,1,1
9431,9666,3019,126,25147,24544,1859,25568,40207,20,1,1
9432,4323,214,94,23098,22886,2241,23392,30260,1,1,1
9433,4526,215,96,17174,16977,1820,17469,24113,1,1,1
9434,6069,3502,95,32436,31827,4759,32822,47246,23,1,1
9435,8004,3416,92,38159,37545,1867,38540,51914,23,1,1
9436,19106,21253,103,44472,42393,3168,45171,88783,102,1,1
9437,4496,211,92,36180,35981,1797,36470,43057,1,1,1
9438,34145,20937,170,59416,58215,1799,60021,117014,55,1,1
9439,15098,4135,102,54535,53844,1705,54942,75982,26,1,1
9440,4306,256,128,22492,22243,1755,22829,29243,1,1,1
9441,4079,210,129,22705,22497,1789,23049,29218,1,1,1
9442,18861,18303,102,45829,43937,2820,46483,86552,92,1,1
9443,12184,7750,96,72783,71643,1774,73254,95054,44,1,2
9444,7769,6640,103,48539,47606,1753,49011,65271,40,1,1
9445,6958,221,206,53488,53295,3005,53910,64176,1,1,1
9446,4571,2667,99,58512,57959,12569,58892,78784,18,1,1
9447,17068,14006,110,47692,46137,1785,48294,81254,73,1,1
9448,9456,7534,105,42686,41651,1755,43173,62024,45,1,1
9449,5292,1930,111,41844,41391,4648,42252,54233,14,1,1
9450,15739,16325,106,65058,63299,2156,65772,100091,85,1,1
9451,41546,38366,119,78127,74737,13504,79092,172605,172,1,1
9452,16460,10941,102,60702,59420,14926,61247,103659,59,1,1
9453,17925,16326,116,48434,46717,1822,49090,85259,82,1,1
9454,10276,8932,100,44328,43148,1856,44841,65998,52,1,1
9455,26278,13029,182,53114,51617,1849,53785,95037,70,1,1
9456,10079,8558,94,47051,45933,1754,47541,68019,50,1,1
9457,41744,32308,114,73334,70459,18636,74200,166982,146,1,1
9458,14488,8235,102,57686,56634,15137,58181,96125,46,1,1
9459,17204,15625,137,62947,60826,2131,63648,98716,82,1,1
9460,9307,7886,209,44274,43162,2001,44886,64180,46,1,1
9461,1458,291,96,38486,38235,1137,38803,41772,2,1,1
9462,27920,31890,94,53967,50905,1819,54805,116520,147,1,2
9463,42014,33315,132,73955,70929,23559,74864,173852,153,1,1
9464,23859,16587,105,62916,61216,14977,63537,119046,80,1,1
9465,13562,13317,179,46897,45418,1934,47553,76466,68,1,1
9466,10825,8943,110,40492,39350,1541,41007,62408,50,1,1
9467,16124,13050,118,52067,50642,1780,52654,83707,66,1,1
9468,10788,9075,97,46533,45381,1764,47042,68764,52,1,1
9469,41578,35948,105,78943,75763,23584,79859,181074,162,1,1
9470,14888,6540,103,69655,68776,16380,70163,108070,37,1,1
9471,13174,11654,112,43584,42186,1790,44152,70866,63,1,1
9472,11023,9946,102,34732,33500,1794,35250,58104,56,1,1
9473,4468,211,92,24081,23871,1970,24389,31119,1,1,1
9474,14483,11173,98,48632,47321,2689,49166,77595,61,1,1
9475,13048,10735,101,46716,45418,1798,47261,72935,60,1,1
9476,42248,26371,106,69201,66724,23971,69992,162681,124,1,1
9477,18018,8456,172,59064,58051,15179,59617,101367,44,1,1
9478,17623,16638,116,37962,36226,1812,38612,74787,82,1,1
9479,7524,5545,98,33810,32979,1890,34237,49287,34,1,1
9480,17154,15156,114,58856,57206,1809,59476,93691,77,1,1
9481,10912,9981,94,52542,51324,3119,53054,77150,56,1,1
9482,51535,33838,175,69387,66433,22462,70326,178254,150,1,1
9483,17617,7447,101,56570,55615,13225,57038,95411,41,1,1
9484,15917,15062,109,35937,34309,1806,36566,69451,77,1,1
9485,8072,6693,100,32766,31838,1906,33215,49978,39,1,1
9486,1202,220,96,24273,24070,1029,24580,27113,1,1,1
9487,32554,35527,96,52508,49350,1852,53405,123430,161,1,1
9488,15006,26439,176,55658,53920,1833,56368,99745,83,1,1
9489,42092,34446,105,70178,67185,16643,71057,164336,152,1,1
9490,19938,10710,105,59764,58538,8695,60298,99729,56,1,1
9491,48622,25133,150,41069,38691,28548,41878,144281,117,1,1
9492,6930,211,98,23753,23545,1832,24049,33105,1,1,1
9493,13737,7837,97,37948,36938,16384,38461,76519,44,1,1
9494,19331,6192,109,21893,21045,5866,22346,53822,36,1,1
9495,7013,4359,94,31942,31241,3678,32345,47480,28,1,1
9496,12001,8295,96,42361,41299,1931,42836,65154,47,1,1
9497,19502,20412,95,59573,57537,3468,60248,103715,99,1,1
9498,41908,30616,106,65404,62666,9467,66229,148319,136,1,1
9499,17536,10507,100,58053,56810,6448,58589,93167,56,1,1
9500,9019,4151,172,33302,32613,1853,33785,48910,26,1,1
9501,8055,3353,103,24382,23691,1896,24777,38179,22,1,1
9502,4300,206,96,17247,17042,1802,17550,23943,1,1,1
9503,18197,13887,93,36633,35128,2562,37211,71943,71,1,1
9504,8620,4300,96,39351,38661,1749,39751,54513,27,1,1
9505,16887,16199,95,42809,41031,7264,43428,83861,83,1,1
9506,35803,16085,105,101185,99354,1904,101812,155725,80,1,2
9507,26700,3195,202,56822,56247,1830,57314,89129,20,1,1
9508,4480,256,106,23277,23062,1852,23594,30277,1,1,1
9509,4362,219,99,22057,21861,1850,22357,28871,1,1,1
9510,3591,1059,98,22907,22564,4751,23246,32732,8,1,1
9511,14134,12139,89,35266,33884,1840,35813,64011,64,1,1
9512,4950,215,98,34932,34732,1741,35228,42217,1,1,1
9513,12499,10181,99,39706,38481,8232,40218,71214,55,1,1
9514,25662,22218,97,37682,35486,1736,38381,88083,108,1,1
9515,4319,209,95,34934,34732,1716,35224,41550,1,1,1
9516,7952,210,98,64392,64209,2961,64734,75951,1,1,1
9517,29498,23341,132,72219,69841,1761,73002,127699,117,1,1
9518,4601,208,103,22798,22584,1912,23128,29944,1,1,1
9519,12917,10036,99,26922,25690,3169,27445,53651,56,1,1
9520,18021,18997,99,37725,35817,1796,38378,77278,93,1,1
9521,9236,8944,95,32432,31318,1883,32917,53067,49,1,1
9522,12175,12403,118,35128,33697,1956,35718,62349,66,1,1
9523,4278,1814,93,41236,40798,4712,41587,52476,13,1,1
9524,14603,15132,162,54997,53361,1883,55669,87380,78,1,1
9525,41962,33740,106,74516,71515,13552,75400,164749,152,1,1
9526,15752,11705,100,62208,60847,9872,62766,100181,63,1,1
9527,17636,15941,113,46757,45013,1804,47401,82883,82,1,1
9528,8988,7418,97,44359,43324,1790,44850,63134,44,1,1
9529,21161,18993,154,56749,54797,1907,57481,99639,95,1,1
9530,11792,10915,95,49519,48214,1845,50063,74698,60,1,1
9531,41275,33946,107,71541,68553,22206,72427,169947,152,1,1
9532,14661,8751,99,58861,57773,16489,59366,99355,48,1,1
9533,15470,14257,136,46847,45277,1826,47474,79129,74,1,1
9534,10973,9981,170,46889,45244,1827,47504,70385,55,1,1
9535,15133,12484,185,51880,50463,1763,52538,82014,66,1,1
9536,10834,9588,99,49789,48586,1824,50290,72628,54,1,1
9537,42223,31491,106,72575,69765,22624,73419,169857,142,1,1
9538,17092,7692,101,58793,57776,16008,59265,100145,43,1,1
9539,14811,14913,171,47682,46043,1828,48362,80017,77,1,1
9540,10154,9660,104,41322,40112,1945,41835,63685,54,1,1
9541,12633,10949,124,51223,49912,1817,51788,77282,60,1,1
9542,12720,12174,98,47458,46045,1789,48007,74775,66,1,1
9543,41741,42245,159,75150,71972,27018,76118,187222,162,1,1
9544,13271,4519,163,57147,56416,16365,57650,91890,28,1,1
9545,16183,14011,122,47071,45539,1912,47680,79885,72,1,1
9546,5953,3897,98,33952,33269,2166,34356,46457,25,1,1
9547,5090,218,103,24221,24012,1896,24542,31829,1,1,1
9548,4359,1866,95,40789,40334,4041,41148,51501,14,1,1
9549,13028,11583,93,46940,45603,1932,47479,74114,62,1,1
9550,41818,29223,109,69461,66815,34845,70278,176261,133,1,1
9551,14574,7150,150,58853,57920,16100,59380,97496,40,1,1
9552,15405,13608,117,36346,34803,1855,36963,67926,71,1,1
9553,7517,4511,101,30173,29429,1830,30589,44531,29,1,1
9554,4415,210,102,23889,23682,1807,24191,30703,1,1,1
9555,11773,10542,98,47656,46413,3402,48186,73989,57,1,1
9556,15776,15562,102,54791,53159,1826,55397,88645,78,1,1
9557,42409,28823,143,69051,66431,18897,69899,160122,132,1,1
9558,16329,9646,103,57698,56554,15059,58217,99336,51,1,1
9559,9004,7321,131,33457,32455,1796,33966,52186,43,1,1
9560,8341,7014,99,31030,30056,1778,31492,48710,42,1,1
9561,2433,787,91,27964,27633,1061,28305,32669,7,1,1
9562,33144,31406,99,51639,48721,1848,52511,118995,148,1,1
9563,24132,12625,169,53035,51607,1800,53681,92336,67,1,1
9564,42427,26003,103,68059,65610,16714,68838,154077,122,1,1
9565,14934,6583,100,56876,55997,11576,57318,90496,37,1,1
9566,11937,7437,105,83721,82736,1995,84193,105668,42,1,1
9567,12195,10135,103,66935,65745,1770,67465,91667,53,1,1
9568,58850,34540,543,113724,108356,16495,115771,226202,146,1,1
9569,19386,18979,120,136149,133498,11550,136857,186867,94,1,1
9570,5942,214,89,38129,37914,1974,38439,46660,1,1,1
9571,7067,5217,98,46264,45400,2530,46680,61584,31,1,1
9572,8532,227,109,56530,56329,1928,56858,67630,1,1,1
9573,16692,16957,100,77877,75922,4201,78561,116505,86,1,1
9574,19607,19268,111,51547,49303,1898,52224,93090,95,1,1
9575,10653,10439,96,33690,32375,1882,34210,57277,56,1,1
9576,12565,11633,95,34797,33484,1881,35328,61497,61,1,1
9577,4383,2496,92,42342,41841,5369,42698,55034,17,1,1
9578,12703,12475,102,51438,50036,2314,51997,79582,66,1,1
9579,41894,35914,110,74496,71296,11219,75405,164520,163,1,1
9580,19987,11502,155,63135,61776,12101,63747,107431,63,1,1
9581,13685,11469,111,44597,43264,1625,45154,72021,61,1,1
9582,8474,5462,97,30598,29795,1761,31019,46800,32,1,1
9583,11635,9661,103,31650,30403,1693,32157,55238,52,1,1
9584,7115,4359,96,46266,45536,3212,46675,61446,29,1,1
9585,13314,13585,92,49902,48367,1747,50478,79216,73,1,1
9586,41856,28875,221,71505,68854,24260,72432,167520,134,1,1
9587,14066,6427,100,58079,57215,16129,58538,95435,36,1,1
9588,17936,16698,109,47622,45861,1809,48257,84787,84,1,1
9589,7971,5747,100,40738,39679,1763,41197,56763,36,1,1
9590,1467,286,109,38465,38221,1108,38807,41755,2,1,1
9591,25654,43136,171,56915,53999,2243,57792,128922,134,1,2
9592,42256,30938,97,72529,69669,22302,73371,168981,144,1,1
9593,17262,10647,105,60558,59336,15748,61092,104840,55,1,1
9594,16374,14731,109,44657,42973,1853,45260,78321,76,1,1
9595,7181,4128,93,38318,37499,1827,38721,51943,28,1,1
9596,26466,16758,216,51353,49606,1837,52102,97257,83,1,1
9597,8560,5634,92,42826,41974,1711,43259,59254,36,1,1
9598,41555,37057,110,72475,69231,25781,73410,178084,166,1,1
9599,11918,5523,104,56127,55338,16629,56557,90717,32,1,1
9600,12176,9947,109,41381,40126,1775,41922,65910,57,1,1
9601,9371,8550,110,41475,40311,1833,42085,61932,50,1,1
9602,11727,9567,113,69321,67973,1743,69861,92989,56,1,2
9603,11845,10005,95,45758,44518,1709,46285,69938,57,1,1
9604,41577,34320,110,69937,66876,25954,70836,172780,156,1,1
9605,14653,8827,108,60653,59552,15583,61162,100316,49,1,1
9606,15430,13009,267,43600,42097,1950,44385,74867,70,1,1
9607,10024,8207,104,32786,31690,1791,33287,53395,48,1,1
9608,2349,743,94,28633,28299,1447,28963,33585,7,1,1
9609,32449,35463,98,54163,50935,1816,55070,124892,165,1,1
9610,15916,15805,97,55856,54137,2357,56470,90640,83,1,1
9611,41559,34556,110,80185,77086,21160,81084,178464,157,1,1
9612,14352,9336,96,78149,77010,14442,78711,116938,51,1,1
9613,14586,13971,112,36703,35152,1778,37300,67729,73,1,1
9614,8221,6065,96,33770,32763,1802,34225,50397,36,1,1
9615,1760,496,93,25886,25570,977,26195,29514,4,1,1
9616,31652,32372,100,50338,47344,1868,51191,117175,152,1,1
9617,13200,13431,103,53860,52348,2935,54433,84091,71,1,1
9618,42074,33868,112,67893,64929,23514,68771,168323,151,1,1
9619,16965,10687,153,58624,57289,9225,59215,96185,58,1,1
9620,11637,6724,108,33990,33073,2003,34445,54903,39,1,1
9621,6971,4141,98,32026,31353,1762,32428,45420,26,1,1
9622,4554,200,92,23974,23776,1771,24278,30887,1,1,1
9623,9500,6593,95,30597,29695,3670,31040,50894,39,1,1
9624,13295,8567,92,42551,41494,1782,43018,66754,47,1,1
9625,24054,22675,100,61092,58902,3218,61786,111825,108,1,1
9626,42123,21657,205,64100,62062,7103,64895,135862,100,1,1
9627,14024,9731,105,57713,56582,6619,58220,88687,51,1,1
9628,9425,6432,108,32178,31275,1793,32628,50371,38,1,1
9629,8442,3942,97,24474,23801,2052,24870,39391,26,1,1
9630,1394,266,92,24787,24567,1007,25089,27839,2,1,1
9631,24716,24276,96,72027,69550,1821,72764,123668,118,1,2
9632,21981,14659,164,58064,56411,1755,58738,97228,78,1,1
9633,35753,13388,114,59050,57651,1747,59613,110594,66,1,1
9634,14318,2444,104,55221,54733,1729,55611,74194,16,1,1
9635,4196,235,104,22701,22484,1751,23014,29294,1,1,1
9636,4941,198,97,28068,27866,1729,28359,35327,1,1,1
9637,15917,13076,109,58960,57540,2969,59537,91583,67,1,1
9638,14425,14965,230,43337,41722,2329,44068,75884,77,1,1
9639,1520,204,96,36061,35860,2553,36364,40722,1,1,1
9640,6406,199,91,54628,54438,1990,54927,63604,1,1,1
9641,41407,46457,115,78686,74658,5362,79760,173079,207,1,1
9642,4798,224,108,22374,22159,1794,22680,29581,1,1,1
9643,18985,17474,99,43567,41745,2263,44204,83011,89,1,1
9644,11074,10673,211,44349,43045,1856,44997,68695,59,1,1
9645,18003,15573,103,52388,50713,1821,52993,88484,80,1,1
9646,13328,12963,102,52478,50980,1884,53051,81317,71,1,1
9647,42185,38195,106,75825,72457,11280,76765,168518,172,1,1
9648,15619,12113,112,61964,60586,9742,62534,100100,64,1,1
9649,22057,20418,152,50562,48518,1865,51299,95731,99,1,1
9650,7893,5414,103,41796,40956,1808,42228,57427,34,1,1
9651,20275,19400,100,53523,51534,1804,54190,95762,96,1,1
9652,12893,11919,101,51847,50462,1797,52402,79104,65,1,1
9653,42223,28253,106,71752,69140,20663,72554,163786,131,1,1
9654,25555,10980,162,60987,59749,14830,61579,113037,56,1,1
9655,16809,15423,110,44743,43087,1755,45354,79434,79,1,1
9656,9894,9512,96,42234,41042,1769,42741,64008,54,1,1
9657,1583,320,94,36860,36604,990,37170,40148,3,1,1
9658,27278,32263,103,63602,60555,1791,64463,125902,149,1,2
9659,42097,30741,104,88155,85322,23890,89057,185884,143,1,1
9660,17290,7337,113,59428,58459,15616,59921,100256,41,1,1
9661,13581,11515,113,43077,41756,2114,43626,70929,60,1,1
9662,10730,9344,96,41205,40025,1983,41707,63849,53,1,1
9663,1953,503,91,38548,38273,1024,38855,42419,4,1,1
9664,23364,24019,94,52525,50057,1828,53256,102559,117,1,2
9665,49110,34794,164,73144,70012,23547,74112,181656,159,1,1
9666,14829,6370,109,57527,56666,16435,57979,95704,36,1,1
9667,14199,12742,116,43378,41923,1734,43956,72718,67,1,1
9668,9440,7620,94,36872,35847,1814,37341,56302,44,1,1
9669,4450,197,90,23989,23784,1881,24273,30883,1,1,1
9670,8443,7045,98,45043,44092,2500,45503,63581,41,1,1
9671,21034,12561,177,46898,45454,1746,47554,82990,68,1,1
9672,42131,30747,104,70090,67323,24429,70920,168313,140,1,1
9673,16953,9892,104,58411,57239,15597,58928,101464,53,1,1
9674,43052,21961,118,38787,36684,28585,39493,133178,103,1,1
9675,9474,2976,95,24896,24335,16967,25262,54765,19,1,1
9676,19390,11106,104,26034,24797,10276,26565,67424,57,1,1
9677,4559,196,94,31205,31007,1878,31547,38272,1,1,1
9678,17133,16259,111,48158,46474,1712,48780,83976,81,1,1
9679,14864,14718,107,50586,49011,2769,51175,83620,75,1,1
9680,41448,31965,115,68136,65237,18804,68999,161303,147,1,1
9681,14375,7562,103,67037,66064,14407,67507,103953,42,1,1
9682,16318,14480,113,49848,48026,1888,50522,83304,74,1,1
9683,8596,6163,117,31342,30383,1765,31807,48416,37,1,1
9684,16002,14724,100,38797,37179,1695,39396,71912,77,1,1
9685,9840,5822,93,40396,39522,1684,40820,58257,36,1,1
9686,11797,11566,95,51517,50003,1884,52062,77398,64,1,1
9687,41341,31084,110,67079,64226,19775,67926,160219,141,1,1
9688,16100,8054,102,57705,56714,10723,58185,93159,43,1,1
9689,10557,9565,148,32922,31729,1785,33482,55483,52,1,1
9690,9914,8314,89,33392,32327,1807,33872,53998,47,1,1
9691,4308,204,93,24031,23827,2000,24334,30925,1,1,1
9692,18112,16403,99,57383,55647,2014,57996,94617,84,1,1
9693,13872,14283,98,52422,50866,1777,53003,83029,74,1,1
9694,41496,28302,116,65725,63173,11407,66527,147827,128,1,1
9695,20011,11264,167,59200,57950,6028,59812,97209,57,1,1
9696,7991,4739,106,31232,30459,1771,31662,46255,30,1,1
9697,7736,3008,90,22803,22219,1607,23169,35604,21,1,1
9698,4326,202,91,17057,16864,1647,17338,23594,1,1,1
9699,5841,4134,89,35928,35249,4572,36324,50955,27,1,1
9700,7443,4587,89,38825,38078,1757,39230,53103,30,1,1
9701,22559,22021,96,58052,55853,5388,58747,108800,105,1,1
9702,42539,23888,119,75272,73099,6448,76052,149022,107,1,1
9703,15908,8911,108,58253,57136,4470,58768,88151,49,1,1
9704,9293,2532,102,24980,24457,1810,25355,39081,17,1,1
9705,4421,199,90,20966,20767,1963,21261,27927,1,1,1
9706,4404,197,98,17248,17036,1798,17552,24031,1,1,1
9707,17569,16755,97,57968,56223,1755,58582,94745,84,1,1
9708,8705,7465,94,42296,41262,5710,42774,64749,45,1,1
9709,4686,283,97,35601,35370,1872,35907,42835,2,1,1
9710,11033,516,222,56558,56276,2178,57037,70851,4,1,1
9711,5132,200,100,52774,52574,2968,53079,61462,1,1,1
9712,4181,204,111,22039,21826,1763,22356,28591,1,1,1
9713,3776,1275,91,30881,30508,4989,31219,41352,10,1,1
9714,15473,12310,103,44894,43468,1768,45439,75082,66,1,1
9715,9728,9123,92,41340,40170,1752,41837,62531,52,1,1
9716,4280,207,94,35079,34880,1669,35382,41621,1,1,1
9717,8217,5677,93,51963,51142,1745,52447,68183,34,1,1
9718,41250,39288,103,75852,72404,12516,76801,169949,177,1,1
9719,13804,11497,96,60706,59385,10374,61248,97015,61,1,1
9720,20735,20959,113,50137,47978,1749,50837,94366,105,1,1
9721,10051,8421,95,41056,39960,1751,41533,61841,49,1,1
9722,26066,18157,165,52755,50877,1849,53475,99636,91,1,1
9723,10349,9484,97,48726,47543,1698,49225,70848,53,1,1
9724,41655,34943,106,73359,70243,11024,74269,162172,158,1,1
9725,13871,8601,100,60882,59781,13911,61361,97844,48,1,1
9726,16995,16347,114,46059,44306,1725,46692,81846,84,1,1
9727,8903,8144,196,42657,41585,1718,43255,62116,47,1,1
9728,1248,209,96,35437,35215,970,35747,38260,1,1,1
9729,29388,30525,99,53958,51023,1734,54789,116528,142,1,2
9730,41511,30325,100,70330,67562,19330,71158,162412,140,1,1
9731,16010,8615,100,63554,62474,15623,64042,104580,47,1,1
9732,26664,15026,228,41260,39670,1892,41991,85674,74,1,1
9733,10090,7508,94,30042,29076,1798,30485,49975,41,1,1
9734,8750,7158,91,43425,42457,1854,43872,61719,42,1,1
9735,12940,11777,99,51123,49721,1837,51658,78302,64,1,1
9736,11022,8383,99,47759,46647,1701,48237,69435,49,1,1
9737,41145,37994,110,72485,69196,23692,73412,176339,168,1,1
9738,16437,11445,105,68322,66967,15723,68908,112609,60,1,1
9739,14062,9548,113,35119,33526,1877,35647,61227,53,1,1
9740,10054,5097,98,28486,27682,1705,28906,45852,32,1,1
9741,6206,4107,95,30956,30231,1736,31354,43487,27,1,1
9742,4491,330,99,23850,23590,1712,24164,30784,3,1,1
9743,3467,1637,96,38648,38198,4571,38994,48754,13,1,1
9744,10648,10296,98,47020,45759,1760,47534,70332,57,1,1
9745,41381,32753,106,69791,66853,26182,70645,171055,149,1,1
9746,13977,8859,162,61380,60269,16155,61940,101025,49,1,1
9747,10865,10036,104,35232,33653,1737,35744,58468,54,1,1
9748,6185,2525,94,51104,50451,1786,51466,62055,17,1,2
9749,21613,21794,104,51505,49276,1845,52199,97538,106,1,1
9750,11602,10300,91,49963,48704,1774,50485,74252,58,1,1
9751,41317,41766,179,70489,67454,23483,71459,178119,154,1,1
9752,14959,7287,107,58040,57069,14816,58512,95665,42,1,1
9753,14164,12625,453,35720,34168,1727,36630,65235,68,1,1
9754,11204,10833,99,31990,30657,1761,32516,56396,60,1,1
9755,1554,343,99,26142,25886,1093,26452,29528,3,1,1
9756,38437,34313,136,55188,51843,1774,56134,130752,163,1,1
9757,12694,11243,94,71161,69829,2762,71797,98593,61,1,1
9758,42033,33803,108,70447,67420,19380,71338,166648,154,1,1
9759,17111,9500,99,59427,58173,11286,59937,97926,52,1,1
9760,15221,13906,113,34780,33152,1802,35378,66394,73,1,1
9761,8618,6289,92,32181,31255,1848,32606,49446,37,1,1
9762,4810,204,90,23555,23353,1726,23870,30693,1,1,1
9763,6602,3951,90,37800,37122,4527,38238,53414,26,1,1
9764,12664,9380,104,44576,43414,1690,45086,68915,52,1,1
9765,17865,18048,94,53765,51850,1703,54396,92109,92,1,1
9766,42062,30732,113,66894,64161,13342,67733,153962,138,1,1
9767,14698,9222,93,57530,56426,9291,58020,91322,49,1,1
9768,12256,9833,118,34630,33434,1744,35168,59087,54,1,1
9769,7295,4068,196,30131,29416,1848,30641,43945,27,1,1
9770,4666,196,94,23846,23635,1783,24148,30878,1,1,1
9771,16038,13378,96,34827,33346,2362,35386,67258,70,1,1
9772,13559,6497,93,41956,41046,1739,42414,64301,39,1,1
9773,14214,12673,94,53332,51904,5584,53874,86436,66,1,1
9774,41721,19314,111,61151,59321,6762,61800,129685,89,1,1
9775,11512,4844,95,56463,55709,5162,56893,78506,30,1,1
9776,9325,4182,197,26164,25443,1817,26684,42101,28,1,1
9777,4861,349,97,40032,39648,1870,40352,47517,3,1,2
9778,1395,282,100,24343,24140,1062,24656,27481,2,1,1
9779,29756,29182,101,40956,38219,1830,41774,102634,138,1,1
9780,9868,3757,97,37596,36937,1817,37986,53518,25,1,1
9781,19080,19299,94,60572,58614,6215,61229,105919,95,1,1
9782,30609,10142,127,61523,60327,1798,62078,104722,54,1,1
9783,14231,3571,215,57913,57251,1764,58434,78096,24,1,1
9784,4224,204,106,23073,22873,2000,23393,29904,1,1,1
9785,3354,204,98,24373,24174,2264,24681,30584,1,1,1
9786,17805,16309,95,60331,58613,1905,60946,97050,82,1,1
9787,13944,13687,96,40940,39406,2736,41509,71959,72,1,1
9788,9341,8334,108,48232,47151,1899,48746,68412,48,1,1
9789,5272,202,94,53013,52817,1909,53315,60782,1,1,1
9790,2617,1033,202,56198,55854,965,56650,61352,8,1,1
9791,41019,47390,104,15816,11675,24640,16889,130024,214,1,1
9792,21865,12363,101,64951,63405,19012,65493,118825,65,1,1
9793,11592,5625,104,31744,30901,11520,32178,61009,32,1,1
9794,20981,17601,107,39118,37235,5730,39773,84177,91,1,1
9795,18725,17415,102,55374,53497,1968,56010,94215,90,1,1
9796,14500,14765,223,54709,52944,2020,55437,86821,80,1,1
9797,41419,31241,182,72784,69909,13469,73701,159929,145,1,1
9798,15064,9917,105,60218,59026,13862,60749,99686,54,1,1
9799,17613,14794,110,46804,45181,1950,47399,81851,76,1,1
9800,9031,7118,95,41763,40740,1786,42237,60264,43,1,1
9801,2615,945,210,42997,42649,1111,43459,48225,8,1,1
9802,24871,27504,100,55487,52750,1765,56290,110527,132,1,2
9803,41917,32904,96,75177,72203,20065,76027,171008,151,1,1
9804,17100,8229,103,58272,57242,14830,58755,99006,45,1,1
9805,20815,17963,145,48833,46897,1864,49532,90272,92,1,1
9806,9224,7122,217,43278,42271,1772,43869,62083,42,1,1
9807,19994,20497,114,56928,54818,1907,57628,100122,103,1,1
9808,11651,9520,92,49346,48121,1731,49862,72858,56,1,1
9809,41627,37124,109,74262,70932,23900,75195,177942,170,1,1
9810,17961,11150,100,59252,57930,15450,59793,104451,60,1,1
9811,19199,19174,207,47867,45774,1796,48640,88905,96,1,1
9812,10240,8843,96,41113,39886,1815,41617,62609,51,1,1
9813,17364,17128,107,52426,50580,1721,53066,89375,87,1,1
9814,9634,8466,96,45906,44795,2481,46410,67085,49,1,1
9815,41656,33490,111,71641,68690,23984,72507,171733,150,1,1
9816,14348,8264,101,68326,67278,16149,68854,107908,46,1,1
9817,13240,12606,114,43236,41741,1768,43829,71539,68,1,1
9818,9319,7137,94,32880,31843,2160,33336,52046,42,1,1
9819,4026,205,94,23657,23458,1567,23973,29863,1,1,1
9820,11166,8961,105,47989,46835,2363,48487,71072,51,1,1
9821,12764,12325,96,45535,44091,2066,46087,73337,68,1,1
9822,42051,34809,115,71192,68143,35076,72080,184111,155,1,1
9823,15430,10191,148,59563,58347,15294,60130,101141,55,1,1
9824,18491,18672,112,37248,35253,1734,37913,76907,93,1,1
9825,10894,10007,93,32836,31584,1817,33350,56168,57,1,1
9826,1901,491,98,25772,25523,965,26088,29537,4,1,1
9827,27709,29570,97,51203,48423,1847,52012,111233,140,1,1
9828,13429,10807,108,54511,53188,2484,55061,81877,61,1,1
9829,41367,32461,206,70168,67212,19425,71154,164506,149,1,1
9830,14043,4935,94,56448,55699,14509,56860,90443,30,1,1
9831,15246,12049,113,34501,33102,1898,35068,64359,64,1,1
9832,6988,4928,91,29069,28269,1814,29475,43297,31,1,1
9833,1563,332,96,26203,25952,1042,26513,29542,3,1,1
9834,29648,31209,95,52518,49513,1816,53348,116116,147,1,1
9835,15818,14759,201,52991,51385,1878,53697,86246,76,1,1
9836,41934,31647,112,66550,63736,15760,67395,156831,141,1,1
9837,13556,9404,104,60942,59786,10756,61461,95271,52,1,1
9838,15159,11462,109,32281,30932,1816,32839,61370,61,1,1
9839,10459,7976,96,34923,33867,1938,35392,55850,45,1,1
9840,1220,206,97,24230,24022,988,24535,27029,1,1,1
9841,27875,25620,224,48678,46225,1802,49573,104965,123,1,1
9842,11624,12003,97,57158,55754,3780,57710,85203,65,1,1
9843,42251,26711,109,65990,63553,9591,66754,145395,122,1,1
9844,14767,6433,105,57584,56705,7030,58033,86356,37,1,1
9845,9492,3919,105,31017,30325,1765,31433,46697,26,1,1
9846,15047,3182,196,24889,24277,1782,25387,45491,21,1,1
9847,4436,207,96,16983,16793,1748,17283,23757,1,1,1
9848,13441,8934,92,35923,34825,2975,36403,61839,49,1,1
9849,8993,4374,97,38872,38159,1857,39272,54588,28,1,1
9850,13931,12572,104,41121,39733,7660,41667,75965,65,1,1
9851,19277,5625,104,91538,90642,1809,91961,118764,31,1,2
9852,20786,2478,173,56912,56402,1770,57390,82520,17,1,1
9853,9588,3089,219,25655,25074,1913,26180,40869,20,1,1
9854,4241,200,89,21080,20890,1761,21375,27665,1,1,1
9855,1963,197,98,17592,17401,5379,17897,25517,1,1,1
9856,15284,14411,94,57677,56077,1843,58255,89883,75,1,1
9857,14994,15905,99,43624,41930,5050,44221,80261,80,1,1
9858,4281,199,96,34326,34127,1712,34634,40907,1,1,1
9859,4387,200,94,52768,52574,3323,53063,61057,1,1,1
9860,11232,1130,109,53468,53112,1720,53822,67995,8,1,1
9861,4423,239,199,23320,23097,1805,23736,30294,1,1,1
9862,9789,7515,104,36349,35296,3821,36817,58034,43,1,1
9863,9576,9415,96,46426,45152,1883,46927,67891,52,1,1
9864,2204,208,94,35801,35605,2482,36100,41078,1,1,1
9865,10510,9827,95,48707,47441,1677,49213,71319,54,1,1
9866,41715,36337,106,73933,70794,13292,74838,166268,160,1,1
9867,16384,11484,104,72146,70799,9493,72756,110211,60,1,1
9868,14980,13192,107,46866,45327,1769,47453,77487,70,1,1
9869,10167,9409,100,40524,39354,1746,41033,62447,52,1,1
9870,1922,508,96,37397,37123,990,37712,41224,4,1,1
9871,27131,29584,96,56092,53213,1780,56907,115494,138,1,2
9872,42273,33788,206,75784,72737,22563,76782,175499,154,1,1
9873,16856,11398,156,60992,59675,15443,61587,105379,60,1,1
9874,18954,17467,109,48214,46355,1783,48849,87147,88,1,1
9875,9996,8527,101,41744,40625,1773,42244,62643,50,1,1
9876,18197,15602,104,52457,50781,1837,53072,88812,80,1,1
9877,12865,12271,120,49893,48466,1724,50467,77422,66,1,1
9878,54814,29487,231,74906,72150,23107,75868,183375,139,1,1
9879,17276,8093,99,58128,57104,15517,58611,99589,45,1,1
9880,16911,15102,119,46109,44459,1844,46709,80655,76,1,1
9881,9830,7335,93,41260,40268,1814,41722,60788,43,1,1
9882,12969,10984,100,49454,48123,1883,49999,75930,61,1,1
9883,12836,11271,94,56932,55596,2042,57569,83813,62,1,1
9884,41907,29113,110,69452,66777,25357,70274,166746,135,1,1
9885,15856,9129,105,57784,56682,15759,58277,99113,48,1,1
9886,15507,14080,113,44065,42455,1861,44655,76192,74,1,1
9887,7251,4982,92,37977,37174,1738,38393,52448,32,1,1
9888,15271,14251,107,60082,58512,1796,60780,92191,74,1,1
9889,11355,10299,98,46053,44792,1800,46584,70140,58,1,1
9890,41714,33831,109,71614,68551,23202,72503,171354,156,1,1
9891,17407,9330,101,59687,58574,15348,60178,102348,48,1,1
9892,15203,11807,115,35206,33819,1771,35762,64631,63,1,1
9893,9330,7724,94,33805,32744,1769,34288,53195,46,1,1
9894,4723,200,207,26107,25871,1779,26578,33370,1,1,1
9895,9510,8072,92,45956,44926,3651,46424,67751,46,1,1
9896,16673,17523,96,56891,55040,1795,57525,93606,89,1,1
9897,41422,37251,104,71805,68538,22394,72739,173900,167,1,1
9898,14748,10814,107,83526,82219,15690,84129,125474,59,1,1
9899,42400,23889,175,41516,39157,28563,42369,137317,115,1,1
9900,9047,3274,104,25487,24886,17172,25877,55461,21,1,1
9901,19403,11093,109,26431,25181,9339,26967,66893,58,1,1
9902,6706,3663,96,32036,31372,4085,32425,46970,25,1,1
9903,17848,14624,105,47121,45513,1817,47727,82108,77,1,1
9904,18023,16926,97,53577,51774,2243,54213,91498,87,1,1
9905,41114,37423,110,69251,65991,19020,70190,167832,167,1,1
9906,14243,8927,155,59450,58307,12717,60008,95987,49,1,1
9907,11444,7933,113,31872,30828,1850,32367,53687,44,1,1
9908,8591,7124,100,32739,31669,1771,33192,50771,42,1,1
9909,4303,209,97,23441,23246,1799,23818,30211,1,1,1
9910,11659,9509,91,48601,47395,3476,49110,73843,54,1,1
9911,11059,8793,96,50085,48924,1704,50596,72247,52,1,1
9912,41812,23799,112,73526,71286,13081,74308,153095,111,1,1
9913,13679,8869,108,58828,57713,9512,59338,91496,49,1,1
9914,12792,9499,104,33169,31985,1757,33675,57811,53,1,1
9915,6143,3630,92,32660,32017,1773,33055,44689,24,1,1
9916,2863,197,99,23718,23514,2272,24027,29443,1,1,1
9917,16360,15683,102,56140,54438,1918,56751,90799,82,1,1
9918,14555,15524,96,58346,56646,1799,58945,90908,81,1,1
9919,42570,23738,210,63303,61127,5287,64131,135819,108,1,1
9920,15476,6359,105,57396,56517,4468,57848,84243,37,1,1
9921,9870,3576,109,27461,26806,1746,27861,43141,23,1,1
9922,4484,306,97,21738,21489,2084,22047,29005,3,1,1
9923,4502,200,97,17306,17119,1803,17596,24181,1,1,1
9924,9482,6902,91,45006,44030,3834,45461,65781,41,1,1
9925,6797,1848,97,38744,38291,1775,39119,49624,14,1,1
9926,18964,30199,228,62788,60737,3155,63590,116004,98,1,1
9927,9087,314,100,54160,53935,1793,54482,65772,2,1,1
9928,10581,779,102,52618,52313,1678,52951,66075,6,1,1
9929,4241,197,100,22159,21942,1727,22467,28717,1,1,1
9930,16292,15072,109,63538,61750,1842,64157,97456,78,1,2
9931,14280,15203,97,87761,85968,1751,88410,119737,79,1,2
9932,6935,6021,100,48941,48081,1806,49380,64237,36,1,1
9933,6445,199,96,54518,54327,3163,54833,64722,1,1,1
9934,7926,3788,97,58864,58194,12754,59261,83814,25,1,1
9935,20196,20649,100,47147,45022,1885,47840,90666,102,1,1
9936,10670,8942,101,41912,40752,1828,42421,63952,52,1,1
9937,1257,200,156,37004,36810,1040,37381,39966,1,1,1
9938,33295,37848,98,60572,57033,1725,61517,134477,175,1,2
9939,42044,32552,97,73279,70311,12803,74148,161635,151,1,1
9940,17896,10295,106,60976,59730,11195,61513,100991,57,1,1
9941,19536,17303,111,48217,46291,10542,48867,96340,89,1,1
9942,7347,4177,197,40783,40052,2148,41290,55055,27,1,1
9943,8021,5306,93,39126,38353,1813,39539,54774,32,1,1
9944,1060,195,92,35132,34931,1067,35435,37841,1,1,1
9945,24536,24953,99,54361,51853,1800,55116,106498,120,1,2
9946,42325,30094,97,71492,68801,18764,72300,163569,136,1,1
9947,16062,10590,107,62434,61217,15295,62970,105012,55,1,1
9948,15692,14343,180,47738,46157,1790,48428,80352,75,1,1
9949,8438,6725,92,44386,43423,1780,44830,61859,41,1,1
9950,17884,15535,108,52895,51219,1736,53517,88766,80,1,1
9951,11888,11289,89,48012,46668,1684,48542,73494,62,1,1
9952,42119,30773,102,71308,68497,22784,72130,167893,141,1,1
9953,41800,36972,169,71458,68227,10715,72438,162020,165,1,1
9954,14870,14044,109,44987,43390,1817,45654,76470,75,1,1
9955,9273,7465,96,40456,39407,1869,41012,59707,44,1,1
9956,15189,15539,108,51694,50019,1820,52321,84958,80,1,1
9957,10959,9549,98,46379,45175,1732,46884,69215,55,1,1
9958,42343,39698,155,72652,69806,22421,73543,178094,144,1,1
9959,9663,3889,95,56483,55843,17819,56873,88337,24,1,1
9960,12087,10726,106,41567,40241,1777,42109,66786,59,1,1
9961,9995,8989,95,34283,33095,1780,34780,55628,52,1,1
9962,3854,197,99,23937,23730,2142,24240,30515,1,1,1
9963,14341,12337,98,49478,48054,1772,50041,78582,67,1,1
9964,14543,14371,94,54980,53374,1851,55618,86478,76,1,1
9965,41865,33538,116,71123,68135,25253,72015,172765,152,1,1
9966,16366,8541,183,59490,58409,15764,60073,100840,48,1,1
9967,12718,8737,104,33482,32294,1884,33991,57424,50,1,1
9968,11628,10217,106,31872,30597,1859,32409,56198,57,1,1
9969,2833,984,103,45174,44819,1051,45529,50485,8,1,1
9970,41295,31510,220,62809,59720,2828,63795,139528,149,1,2
9971,41690,33983,97,68968,65919,21900,69838,167506,155,1,1
9972,15302,7335,101,58897,57904,14663,59370,96765,43,1,1
9973,14878,13103,110,34221,32727,1765,34785,64620,67,1,1
9974,8161,6467,95,32685,31756,1784,33122,49621,38,1,1
9975,2454,644,91,37709,37394,1426,38085,42704,6,1,1
9976,26355,23930,118,46440,44082,2051,47194,99622,116,1,1
9977,16314,16264,104,54753,52995,1762,55366,89797,84,1,1
9978,42095,27137,115,65936,63405,17428,66728,153477,127,1,1
9979,15867,11147,102,59947,58656,9725,60481,97312,59,1,1
9980,13569,9358,107,41660,40487,1761,42223,67006,51,1,1
9981,7116,4624,101,54220,53371,1774,54636,68236,29,1,2
9982,2093,669,91,26830,26524,977,27151,30974,6,1,1
9983,25508,22019,95,47181,44840,1820,47892,97332,111,1,1
9984,14237,13632,96,57761,56196,5586,58346,91885,73,1,1
9985,42128,27437,102,64978,62485,7776,65760,143383,124,1,1
9986,15659,9347,108,57383,56260,6830,57901,89827,50,1,1
9987,8596,4986,188,33789,33011,1901,34307,49884,31,1,1
9988,8193,2950,100,24256,23668,1775,24637,37640,20,1,1
9989,3026,215,96,17148,16949,2298,17444,23067,1,1,1
9990,17951,17936,99,43129,41272,1795,43775,81541,91,1,1
9991,8598,3610,92,39107,38487,1779,39486,53564,23,1,1
9992,15962,16731,98,43344,41586,7645,43972,84396,85,1,1
9993,37916,15755,105,107012,105241,1825,107614,163212,78,1,2
9994,14408,2989,214,56926,56396,1806,57437,76738,18,1,1
9995,4154,197,106,22956,22746,1815,23272,29527,1,1,1
9996,4413,196,100,20938,20745,1792,21244,27734,1,1,1
9997,6056,3364,99,33992,33367,4659,34393,48566,23,1,1
9998,4319,204,89,35194,34997,1819,35474,41927,1,1,1
9999,15203,10895,101,34302,33021,9592,34844,70629,59,1,1
10000,4283,199,93,35033,34835,1775,35330,41667,1,1,1
10001,6450,199,96,53729,53535,1676,54029,62440,1,1,1
10002,41270,48756,210,79824,75657,4215,81025,175360,214,1,1
10003,4836,196,112,22637,22420,1430,22960,29550,1,1,1
10004,18924,19243,98,44463,42533,2044,45112,85407,94,1,1
10005,12479,11568,103,49507,48138,1464,50050,75646,64,1,1
10006,8852,3951,92,43541,42885,4070,43931,60896,25,1,1
10007,16177,16761,104,53060,51285,1767,53680,88480,86,1,1
10008,42298,33953,156,74021,70944,13129,74959,164426,155,1,1
10009,12636,9505,114,60759,59556,10538,61286,94056,54,1,1
10010,41488,28221,149,69567,66853,11750,70413,151974,134,1,1
10011,8921,4036,104,24901,24244,16829,25373,55253,25,1,1
10012,19461,11315,92,36071,34653,11860,36702,79429,60,1,1
10013,16765,20792,209,52185,50666,2132,52870,92656,70,1,1
10014,12565,10315,101,48106,46835,1736,48623,73334,58,1,1
10015,41193,33852,108,74683,71671,19351,75561,170053,152,1,1
10016,12241,7996,108,59613,58583,16397,60108,96836,45,1,1
10017,14508,11172,124,44741,43415,1879,45316,72973,61,1,1
10018,9994,9200,99,57238,56043,1897,57834,79021,52,1,1
10019,1653,260,108,36957,36726,1450,37275,40731,2,1,1
10020,27914,30586,103,54700,51781,1807,55529,115926,142,1,2
10021,42008,32054,110,71362,68540,23880,72202,170240,142,1,1
10022,16342,9343,99,60151,59011,15748,60661,102186,51,1,1
10023,14537,22065,155,44898,43403,1795,45532,84020,68,1,1
10024,9537,7391,94,39610,38640,1753,40071,58837,42,1,1
10025,2001,260,98,36942,36701,4588,37255,44189,2,1,1
10026,12520,10268,91,47351,46129,1810,47864,72554,56,1,1
10027,41588,33998,107,71855,68766,27104,72748,175532,156,1,1
10028,17162,9469,104,58934,57799,15494,59450,101667,50,1,1
10029,17010,16308,154,46645,44763,1810,47322,82542,82,1,1
10030,8154,5835,94,32410,31529,1752,32853,48681,37,1,1
10031,4851,220,94,24267,24062,1847,24566,31568,1,1,1
10032,4567,2187,93,40454,39962,4188,40816,51841,16,1,1
10033,14593,15003,97,46597,44982,1806,47185,78678,77,1,1
10034,41663,32663,103,70470,67568,25034,71320,170956,147,1,1
10035,17357,18351,160,60148,58865,15455,60753,111999,59,1,1
10036,13813,12141,117,38219,36652,1747,38779,66569,65,1,1
10037,10533,8813,95,33088,31950,1770,33572,54773,51,1,1
10038,4583,200,94,24308,24105,1807,24595,31268,1,1,1
10039,15958,15300,97,47448,45801,2307,48040,81698,79,1,1
10040,17714,15696,101,56873,55171,2707,57485,93696,82,1,1
10041,42048,34512,140,86351,83259,21540,87338,185719,156,1,1
10042,13741,6191,119,57641,56736,13883,58103,92010,37,1,1
10043,13174,9535,106,34727,33522,2653,35235,60685,53,1,1
10044,9907,7835,103,31274,30226,1846,31762,51464,46,1,1
10045,2196,682,95,28124,27810,1055,28443,32461,6,1,1
10046,28159,27297,104,50812,48137,1699,51614,108862,134,1,1
10047,12767,11720,93,49778,48427,1751,50309,76636,63,1,1
10048,42412,28724,153,67844,65197,15697,68707,155633,133,1,1
10049,15060,9894,105,60494,59296,11773,61022,97840,54,1,1
10050,12685,10496,120,32294,31035,1756,32838,57872,57,1,1
10051,9925,8163,94,32005,30945,1776,32489,52439,47,1,1
10052,4517,197,94,23549,23348,1699,23838,30332,1,1,1
10053,16386,14023,95,53058,51481,1691,53647,85840,75,1,1
10054,14033,13227,209,52791,51312,1914,53482,82751,69,1,1
10055,42646,23720,110,65546,63298,9709,66289,142451,112,1,1
10056,17113,9077,108,59551,58412,6843,60057,93182,51,1,1
10057,8540,5241,113,32061,31257,1805,32501,48183,32,1,1
10058,8096,5066,99,29683,28906,1525,30094,44874,30,1,1
10059,4193,200,89,17219,17019,1454,17498,23424,1,1,1
10060,9486,5616,98,34751,33941,4386,35181,54752,34,1,1
10061,7790,3497,204,39866,39233,1798,40369,53540,23,1,1
10062,10782,9437,91,38823,37655,7744,39320,67369,52,1,1
10063,4828,195,95,33952,33727,2018,34241,41363,1,1,1
10064,8830,1975,99,55641,55197,14978,56000,81871,14,1,1
10065,15402,7341,104,57153,56166,4387,57629,84849,43,1,1
10066,9999,4370,125,26532,25812,1792,26983,43229,28,1,1
10067,4683,324,97,22073,21827,1790,22384,29265,3,1,1
10068,4954,187,96,17405,17212,2177,17694,25092,1,1,1
10069,14575,11137,95,46194,44900,3091,46776,75679,60,1,1
10070,8466,2875,109,37936,37380,1956,38331,51712,20,1,1
10071,17450,15200,96,45020,43395,7219,45617,85574,78,1,1
10072,15392,6906,103,96914,95859,1822,97383,121597,40,1,2
10073,7130,199,95,52774,52577,2840,53071,63321,1,1,1
10074,4429,197,107,21796,21580,1812,22097,28618,1,1,1
10075,21380,18501,96,53017,51102,1786,53771,95531,93,1,1
10076,11665,11016,116,46241,44914,1732,46799,71305,61,1,1
10077,4256,201,98,35109,34905,1699,35404,41641,1,1,1
10078,7644,6148,97,47498,46628,2146,47933,63954,37,1,1
10079,41374,31493,113,74095,71121,8256,74964,156180,151,1,1
10080,13407,11191,109,59153,57853,10294,59691,94670,60,1,1
10081,18658,16097,204,47795,45938,1828,48529,85207,83,1,1
10082,9246,7938,91,34005,32961,1867,34466,53602,46,1,1
10083,14249,12655,103,34461,32962,1876,35026,63891,70,1,1
10084,2392,864,90,38651,38333,934,38971,43248,7,1,1
10085,32098,35826,89,58466,55089,1719,59367,129101,167,1,2
10086,40953,38007,95,74230,70865,11425,75153,165633,172,1,1
10087,20134,15863,160,62595,60910,11528,63255,110864,80,1,1
10088,17197,14068,109,47352,45738,1875,47954,81180,75,1,1
10089,9331,7893,92,40485,39406,1857,40968,60133,47,1,1
10090,17720,15528,108,55495,53820,1787,56114,91241,80,1,1
10091,18419,12477,163,50935,49474,1872,51565,84423,68,1,1
10092,41373,41883,185,71326,68567,24122,72242,179903,139,1,1
10093,17346,12099,100,61480,60107,15514,62027,107077,64,1,1
10094,17090,13830,114,45199,43667,1850,45785,78641,72,1,1
10095,8984,6814,98,44757,43787,1772,45210,62868,41,1,1
10096,2258,834,94,39910,39574,1007,40230,44415,7,1,1
10097,27702,28121,91,61162,58379,1873,62008,119799,133,1,2
10098,41700,33468,116,73013,70030,22601,73908,171771,152,1,1
10099,14499,6612,97,57657,56792,16535,58103,95834,36,1,1
10100,15928,13388,114,43717,42202,1835,44299,75536,71,1,1
10101,7419,5405,98,32056,31171,1769,32483,47160,35,1,1
10102,5074,203,99,23938,23742,1698,24231,31287,1,1,1
10103,4044,2115,94,41420,40952,3869,41772,51884,15,1,1
10104,8947,6384,161,44260,43353,2078,44788,62290,39,1,1
10105,41097,37469,109,71700,68406,26434,72637,177731,169,1,1
10106,16304,8309,101,57336,56268,15405,57821,97932,47,1,1
10107,12445,11688,109,41768,40355,1813,42319,68353,64,1,1
10108,10362,7611,99,31799,30754,1741,32277,52076,45,1,1
10109,25886,17269,221,50972,49153,1795,51742,96785,86,1,1
10110,17231,18315,104,56574,54625,2375,57231,95240,95,1,1
10111,42252,32805,104,71709,68726,24943,72568,172848,150,1,1
10112,14689,6161,102,56579,55705,15343,57026,93304,35,1,1
10113,14889,13149,142,35486,33920,1770,36110,66006,71,1,1
10114,12046,10409,221,36184,34867,1792,36841,61186,58,1,1
10115,2067,696,97,36858,36544,1084,37180,41122,6,1,1
10116,27013,26561,94,58498,55895,1817,59270,114752,131,1,1
10117,12348,11394,93,55394,54042,1857,55934,81625,63,1,1
10118,42028,33763,106,68063,65070,19697,68927,164692,152,1,1
10119,16475,11548,100,61591,60255,12230,62131,102475,60,1,1
10120,42101,23282,220,38786,36560,28590,39626,133691,109,1,1
10121,9932,3590,97,25067,24437,16993,25449,56055,23,1,1
10122,20144,11136,101,24941,23683,8030,25471,64872,58,1,1
10123,6408,4048,97,30083,29331,2852,30474,43868,26,1,1
10124,15527,11976,93,43898,42453,1823,44431,73848,64,1,1
10125,15353,13180,101,52330,50802,1749,52898,83272,70,1,1
10126,41329,31913,113,77276,74448,12880,78172,164580,143,1,1
10127,14769,7898,109,59077,58039,9296,59569,91624,44,1,1
10128,12699,6713,106,33069,32093,1794,33534,54828,40,1,1
10129,7092,3492,96,29862,29209,1799,30250,42717,23,1,1
10130,4232,197,96,23601,23400,1795,23903,30207,1,1,1
10131,12737,10021,93,50731,49511,3421,51235,77498,56,1,1
10132,13094,12429,105,56077,54626,4936,56634,87179,66,1,1
10133,42522,23343,204,62610,60461,4770,63424,134152,106,1,1
10134,14664,8440,140,59995,58906,4517,60522,88241,46,1,1
10135,8560,4605,96,35884,35130,1841,36288,51385,28,1,1
10136,7520,2734,96,23434,22899,1792,23803,35941,18,1,1
10137,2139,548,92,26034,25756,1066,26347,30186,5,1,1
10138,30170,32510,96,66527,63533,1768,67430,131981,151,1,1
10139,13102,13305,105,55386,53851,4928,56057,87490,72,1,1
10140,4388,196,110,36325,36132,1768,36637,43079,1,1,1
10141,49668,16840,167,62665,61111,2114,63330,132251,72,1,1
10142,14924,3071,106,55638,54999,1852,56029,75971,20,1,1
10143,4641,236,110,24016,23768,1936,24334,31233,1,1,1
10144,4490,197,97,20798,20601,1813,21090,27671,1,1,1
10145,13619,11756,98,57853,56401,3454,58387,87302,63,1,1
10146,13402,14525,160,43887,42279,4081,44545,76648,75,1,1
10147,4873,573,87,37610,37325,1954,37928,45417,5,1,1
10148,7116,198,96,53938,53746,1866,54232,63493,1,1,1
10149,40503,45074,103,77527,73533,4482,78583,168735,206,1,1
10150,18851,19205,100,49046,47038,1821,49721,89689,97,1,1
10151,8489,8127,189,43391,42300,1858,43992,62560,47,1,1
10152,23405,23165,113,58489,56200,1773,59233,107669,113,1,1
10153,15710,13974,97,51918,50362,1780,52493,84049,74,1,1
10154,41562,35287,108,75071,71894,15139,75979,168060,162,1,1
10155,20247,14409,100,63369,61786,12402,63965,111113,75,1,1
10156,19112,17600,162,53060,51189,2023,53782,92612,90,1,1
10157,7512,5645,95,38934,38065,1790,39368,54406,34,1,1
10158,17180,16168,118,56500,54759,1818,57145,92405,82,1,1
10159,14442,15080,94,51682,50019,1857,52275,83744,80,1,1
10160,48405,34427,147,75288,72111,20949,76219,180094,155,1,1
10161,17319,9331,231,63051,61934,14834,63694,105460,50,1,1
10162,20131,20318,99,48770,46614,1779,49439,91762,100,1,1
10163,7712,5533,95,40040,39182,1995,40473,55798,35,1,1
10164,20036,19789,92,53813,51790,2109,54470,96499,98,1,1
10165,12333,10339,188,47920,46658,1872,48534,73168,58,1,1
10166,41616,44746,175,73606,70409,26901,74602,187961,163,1,1
10167,17153,9934,99,59713,58484,15678,60238,103098,55,1,1
10168,14890,14035,107,45348,43754,1866,45940,76817,74,1,1
10169,11524,10034,100,45023,43757,1845,45543,69031,56,1,1
10170,17819,17348,100,53820,52002,1814,54458,91527,88,1,1
10171,10295,9398,96,54854,53670,2238,55416,77442,53,1,1
10172,41887,30792,108,70572,67752,25795,71408,169975,141,1,1
10173,14432,7314,109,57864,56893,16125,58335,96480,42,1,1
10174,10041,7091,107,40396,39380,1509,40872,59600,42,1,1
10175,10677,9225,98,34114,32933,1826,34615,56438,52,1,1
10176,5209,200,93,23866,23632,1547,24150,31187,1,1,1
10177,14249,12324,97,54909,53446,2047,55571,84287,68,1,1
10178,12570,11522,105,45836,44489,1781,46385,72351,62,1,1
10179,41733,31961,109,69666,66788,26889,70522,171195,146,1,1
10180,16072,10861,104,59516,58270,15691,60054,102769,57,1,1
10181,15343,13222,139,37058,35465,1796,37681,68130,72,1,1
10182,9999,8294,92,32805,31696,2053,33300,53730,48,1,1
10183,5681,718,170,25308,24988,2458,25696,34652,1,1,1
10184,15111,15647,94,48601,46963,1749,49203,81802,78,1,1
10185,14442,15037,100,57104,55446,2696,57702,89966,79,1,1
10186,41699,31385,98,68809,65931,23261,69657,166280,145,1,1
10187,13662,4255,108,56318,55640,14358,56732,89099,26,1,1
10188,15929,21906,152,35729,34105,2080,36365,76372,74,1,1
10189,9170,7542,98,31811,30757,1787,32281,50866,44,1,1
10190,2323,574,95,26950,26643,977,27271,31230,5,1,1
10191,31517,28220,98,49955,47292,1932,50752,112512,134,1,1
10192,12734,12881,99,53817,52356,1813,54384,81906,69,1,1
10193,41644,36413,98,68832,65587,19248,69742,167141,165,1,1
10194,23349,17156,102,69508,67721,9747,70181,120717,86,1,1
10195,12504,11337,114,32107,30768,1802,32660,58396,60,1,1
10196,9685,7430,99,32767,31745,1779,33246,52224,43,1,1
10197,13209,11649,97,58194,56649,1927,58733,85613,61,1,2
10198,14050,9231,98,41718,40547,1825,42236,67436,53,1,1
10199,12694,10717,93,50237,48913,2150,50778,76432,61,1,1
10200,41965,28995,94,73191,63072,12445,74042,157729,132,1,1
10201,13883,7311,102,57590,56611,7527,58061,86873,41,1,1
10202,9992,4677,97,30946,30208,1817,31360,47933,29,1,1
10203,7590,2782,92,26182,25620,1839,26553,38849,20,1,1
10204,4111,199,91,17411,17214,1744,17702,23839,1,1,1
10205,10758,7707,100,52461,51454,3548,52929,75026,45,1,1
10206,11709,10631,97,65863,64575,2726,66390,91550,59,1,1
10207,54628,24207,234,65898,63679,4061,66771,149921,109,1,1
10208,15013,4555,100,57341,56618,3662,57757,81080,28,1,1
10209,8637,3650,100,30341,29648,1808,30744,44930,25,1,1
10210,4186,197,93,24811,24616,1738,25103,31303,1,1,1
10211,2982,202,99,17329,17143,2446,17637,23349,1,1,1
10212,17611,16230,178,41332,39581,1852,42024,77803,83,1,1
10213,4899,196,87,35643,35449,1743,35926,42848,1,1,1
10214,15466,13833,97,38781,37256,8498,39359,77242,73,1,1
10215,4755,321,143,36351,36097,1776,36720,43660,3,1,1
10216,2825,198,93,53465,53276,3387,53782,60274,1,1,1
10217,7122,232,98,52355,52156,1762,52661,61861,1,1,1
10218,4406,241,98,22348,22104,1767,22649,29163,1,1,1
10219,6737,3832,91,33804,33113,4388,34192,49235,25,1,1
10220,12470,11408,99,46093,44649,2083,46642,72688,63,1,1
10221,4859,202,97,35693,35489,1818,35986,42946,1,1,1
10222,18246,8801,204,52484,51321,1808,53094,82044,51,1,1
10223,42421,37636,97,76091,72729,13132,77018,170302,172,1,1
10224,16754,12390,99,60563,59130,10044,61128,100408,66,1,1
10225,19663,18402,102,49679,47703,1836,50334,90328,95,1,1
10226,10669,9212,94,46613,45388,1832,47137,68936,55,1,1
10227,21190,19724,205,56035,53938,1886,56823,99714,100,1,1
10228,12755,11349,96,51424,50059,1849,51966,78010,63,1,1
10229,41313,36221,98,75332,72158,13938,76235,167802,162,1,1
10230,14699,9661,109,60112,58935,13428,60642,98523,53,1,1
10231,41852,24603,134,79823,77429,28745,80677,176006,115,1,1
10232,9901,6006,114,26848,25981,16930,27304,60224,35,1,1
10233,20506,9386,101,39440,38301,11757,39935,81669,50,1,1
10234,26355,24002,100,35592,33237,2390,36328,89169,116,1,1
10235,6301,3225,99,40852,40254,3339,41242,54198,22,1,1
10236,10870,9826,92,46480,45269,1806,46996,69588,55,1,1
10237,42200,34160,95,73411,70313,21173,74307,172110,158,1,1
10238,13509,15774,194,59760,58695,16238,60327,105936,45,1,1
10239,18543,16663,102,46957,45126,1869,47586,84755,86,1,1
10240,9235,6897,104,40535,39522,1860,41003,59119,42,1,1
10241,1259,200,92,35689,35489,1066,35988,38594,1,1,1
10242,22671,19987,100,50734,48601,1750,51404,95905,98,1,2
10243,42294,30551,97,68433,65623,24370,69270,166574,142,1,1
10244,14508,9308,140,58398,57270,16000,58930,98840,50,1,1
10245,15033,13351,100,43470,41900,1780,44043,74299,71,1,1
10246,7599,5222,96,38638,37764,1782,39077,53766,34,1,1
10247,1232,211,97,35378,35174,938,35686,38148,1,1,1
10248,21802,23516,93,52237,49742,1728,52968,100107,117,1,2
10249,42104,31157,98,78496,75664,23856,79393,176604,143,1,1
10250,14524,7937,106,57756,56744,16020,58254,96826,44,1,1
10251,18715,16160,105,36254,34524,1828,36870,73664,83,1,1
10252,9239,7269,98,31442,30409,1766,31915,50281,43,1,1
10253,4569,200,90,23999,23799,1805,24281,30945,1,1,1
10254,4949,3252,99,50059,49464,4901,50444,63647,22,1,1
10255,13313,14080,103,56125,54558,2737,56718,86942,74,1,1
10256,41719,36282,232,71342,68164,22233,72393,172911,162,1,1
10257,17294,10340,104,57794,56554,14661,58316,100702,57,1,1
10258,12178,10670,105,35044,33591,1800,35593,60328,60,1,1
10259,10292,9597,104,31284,30042,1728,31801,53502,54,1,1
10260,15392,14840,103,56914,55294,1712,57527,89564,77,1,1
10261,12657,11513,175,53555,52131,1967,54174,80405,64,1,1
10262,42355,28965,106,68714,66089,18021,69519,158951,132,1,1
10263,14634,9222,104,60229,59057,12794,60743,97488,51,1,1
10264,11600,8339,101,31696,30627,1891,32188,54104,46,1,1
10265,10990,9209,106,33700,32537,1801,34204,56291,52,1,1
10266,4681,199,93,26011,25807,1948,26297,33205,1,1,1
10267,13329,11533,181,52869,51507,1970,53500,80427,63,1,1
10268,13548,11844,106,53090,51688,1841,53650,80974,64,1,1
10269,42153,30196,96,67950,65220,12924,68772,154133,138,1,1
10270,17821,9632,105,57667,56493,9149,58183,94881,53,1,1
10271,13654,9099,102,51403,50244,1764,51968,76581,51,1,1
10272,6894,3261,109,31087,30496,1808,31493,43546,21,1,1
10273,4685,209,102,24143,23940,1733,24449,31158,1,1,1
10274,19728,20141,99,57114,55055,1795,57793,99553,101,1,1
10275,10455,9186,93,56803,55642,3067,57287,80118,52,1,1
10276,42666,22167,108,64104,62032,4973,64805,134703,102,1,1
10277,25036,9459,109,59284,58137,3320,59804,97712,51,1,1
10278,10018,3464,193,28655,28033,1872,29162,44611,23,1,1
10279,4711,1012,96,41430,40957,1778,41764,49350,8,1,2
10280,2324,577,90,34066,33795,5618,34378,42991,5,1,1
10281,11958,9684,93,54844,53687,1717,55341,78793,52,1,1
10282,15384,15191,96,57367,55663,2682,57978,91319,80,1,1
10283,35722,12330,96,59680,58342,1727,60216,110089,62,1,1
10284,23158,3427,155,56901,56296,1769,57347,85793,22,1,1
10285,4404,194,100,22304,22097,1789,22621,29100,1,1,1
10286,4370,234,100,21932,21737,1938,22233,28870,1,1,1
10287,17562,17944,99,44646,42782,1741,45300,82640,90,1,1
10288,10553,5860,88,74343,73351,1750,74765,93020,35,1,2
10289,7972,7476,97,47248,46242,1817,47720,65079,44,1,1
10290,5783,199,91,52809,52618,3482,53103,62650,1,1,1
10291,3714,1387,215,56901,56501,13904,57369,76459,11,1,1
10292,23655,24499,103,52574,50190,1810,53324,103374,119,1,1
10293,9840,9166,98,42368,41202,1793,42868,63751,52,1,1
10294,1943,462,97,37912,37640,1078,38224,41795,4,1,1
10295,31294,34124,98,58351,55097,1478,59247,126237,160,1,2
10296,42320,34787,97,81661,78570,12906,82591,172699,156,1,1
10297,16397,10740,107,62920,61655,13164,63458,103861,58,1,1
10298,16136,14679,104,45997,44391,1780,46595,79297,75,1,1
10299,9372,7204,92,44630,43619,1766,45101,63536,43,1,1
10300,23586,15476,125,55152,53431,1863,55804,96815,81,1,1
10301,10691,9361,92,61550,60368,2596,62103,84847,53,1,1
10302,41104,34647,113,73833,70767,15706,74735,166283,156,1,1
10303,15094,7879,104,58095,57076,15210,58583,97046,44,1,1
10304,18980,17770,104,46779,44905,1735,47435,86008,91,1,1
10305,8146,6344,92,39309,38362,2080,39750,56405,39,1,1
10306,18129,14478,103,59149,57531,1848,59858,94407,76,1,1
10307,10417,8121,97,48109,47030,1832,48594,69055,48,1,1
10308,41827,33480,97,73676,70671,21680,74546,171628,153,1,1
10309,14950,7648,105,58000,57028,16037,58482,97208,42,1,1
10310,12803,10647,101,35584,34316,1780,36133,61457,58,1,1
10311,10513,4346,99,26897,26207,1724,27297,43973,27,1,1
10312,10376,8105,101,47869,46769,1868,48410,68852,48,1,1
10313,16028,13065,113,51682,50182,1892,52294,83368,71,1,1
10314,12804,12221,100,48345,46902,1868,48902,75885,68,1,1
10315,41762,31321,109,71059,68183,21171,71905,166254,145,1,1
10316,13706,8030,98,61904,60874,16315,62380,100524,45,1,1
10317,12270,11592,103,50603,49200,1811,51208,76975,63,1,1
10318,13133,13340,106,35164,33668,1803,35752,64113,70,1,1
10319,4761,199,96,23422,23218,1720,23729,30493,1,1,1
10320,13042,12817,105,48268,46801,1784,48843,76577,69,1,1
10321,13505,12547,95,47472,46011,1777,48042,75961,69,1,1
10322,41829,33535,97,70645,67592,26023,71507,172981,155,1,1
10323,16615,8260,126,57936,56874,15119,58474,98563,47,1,1
10324,18725,18174,176,39006,37151,1927,39734,78656,90,1,1
10325,10383,8687,94,36197,35050,1872,36695,57720,50,1,1
10326,2152,507,96,26653,26368,1020,26968,30730,4,1,1
10327,27137,26247,100,51700,49103,1823,52494,107794,131,1,1
10328,11642,11557,96,54659,53289,3111,55206,81609,64,1,1
10329,41666,33322,95,68039,65073,21604,68894,165573,151,1,1
10330,17488,10643,162,60414,59181,14047,61009,103280,55,1,1
10331,14500,11589,97,33447,32077,1801,33997,61974,62,1,1
10332,7827,7028,101,32564,31584,1826,33021,49787,42,1,1
10333,1885,598,89,26636,26343,1005,26950,30521,5,1,1
10334,30925,31145,93,51106,48206,1824,51938,115924,147,1,1
10335,12994,10925,94,53321,52009,2546,53858,80414,61,1,1
10336,41974,30646,203,67314,64599,14735,68241,155688,137,1,1
10337,16675,10194,104,57706,56482,9250,58223,94434,55,1,1
10338,42233,26945,109,40864,38296,28517,41644,139427,127,1,1
10339,7063,329,96,24402,24153,1960,24696,34132,3,1,1
10340,12444,7759,100,26228,25213,16430,26703,63419,44,1,1
10341,20056,8079,98,22019,20987,5500,22497,56217,46,1,1
10342,6193,3735,94,30030,29400,4124,30413,44558,24,1,1
10343,15395,11368,100,50827,49510,1852,51411,80120,61,1,1
10344,15009,15425,103,56370,54698,6220,56988,93734,79,1,1
10345,42436,21450,100,63919,61817,7623,64608,136204,103,1,1
10346,13815,5501,100,56065,55226,6957,56494,82859,33,1,1
10347,9780,4973,120,32209,31420,1805,32662,49318,31,1,1
10348,7934,2935,102,25678,25112,1864,26061,38881,20,1,1
10349,4713,283,91,17747,17516,2505,18050,25635,2,1,1
10350,29496,14807,223,40313,38630,2078,41040,87517,77,1,1
10351,8670,5175,93,39188,38405,2041,39629,55608,32,1,1
10352,18899,17841,97,57244,55382,3913,57888,98627,90,1,1
10353,36355,10549,98,60173,58971,2081,60690,109762,55,1,1
10354,14708,2055,104,54717,54261,1717,55090,73662,14,1,1
10355,4318,233,99,30161,29943,1727,30513,36885,1,1,1
10356,4439,194,101,21022,20832,1765,21334,27816,1,1,1
10357,2643,677,94,21278,20995,5480,21606,30491,5,1,1
10358,10072,7477,103,49172,48173,1920,49661,69221,43,1,1
10359,12795,10215,106,36200,35016,9271,36722,69089,54,1,1
10360,4194,201,88,35235,35037,1764,35527,41811,1,1,1
10361,7780,197,95,52717,52522,3122,53009,64194,1,1,1
10362,13464,5329,108,61474,60641,1808,61928,82623,33,1,1
10363,4507,198,195,23323,23106,1879,23730,30400,1,1,1
10364,12751,10046,98,41804,40576,3344,42325,68559,56,1,1
10365,13162,13640,100,45928,44380,1869,46511,75274,72,1,1
10366,20354,18885,100,51559,49627,1714,52213,93252,94,1,1
10367,13899,13046,100,50431,48934,1691,51001,79725,71,1,1
10368,41414,36035,110,75355,72215,13121,76257,166915,160,1,1
10369,25111,13365,170,63065,61578,10229,63707,112506,70,1,1
10370,19865,17872,102,49982,48067,1868,50629,90322,91,1,1
10371,8805,6980,100,42669,41696,1823,43144,60836,42,1,1
10372,17725,16760,100,56068,54303,1840,56691,93110,85,1,1
10373,12066,10232,98,53208,51917,2766,53742,78908,58,1,1
10374,42097,32814,100,86326,83351,22248,87248,184505,150,1,1
10375,14748,8958,110,61309,60174,16328,61826,101954,50,1,1
10376,12601,10210,103,44794,43546,1838,45315,70051,56,1,1
10377,10207,8872,93,42626,41455,1789,43134,64087,51,1,1
10378,17865,14536,97,52671,51077,1764,53265,87520,76,1,1
10379,7820,5049,91,45527,44746,1844,45937,60735,32,1,1
10380,41488,33609,204,72141,69100,24382,73136,172707,155,1,1
10381,16842,6868,107,56977,56039,16077,57438,97316,39,1,1
10382,16812,16246,106,46083,44339,2189,46701,82034,83,1,1
10383,9493,8252,99,40846,39761,1781,41341,60951,48,1,1
10384,13256,11973,98,51328,49894,1794,51888,79004,66,1,1
10385,14778,14856,165,49895,48248,1917,50569,82217,79,1,1
10386,41288,38977,94,73371,69938,25746,74306,180410,176,1,1
10387,15376,9868,105,61362,60114,15799,61901,103037,57,1,1
10388,16799,14712,100,47932,46307,1820,48532,81955,76,1,1
10389,6554,4949,98,41515,40696,1746,41941,55302,32,1,1
10390,14050,11690,206,50614,49233,1795,51284,78912,64,1,1
10391,14147,11465,100,47021,45673,2178,47564,75447,62,1,1
10392,41545,31166,100,71214,68308,25364,72069,170237,147,1,1
10393,14395,9550,110,58170,57014,15959,58684,98680,52,1,1
10394,15788,13828,134,37384,35821,1759,38032,69497,73,1,1
10395,9246,18113,467,33473,32426,1823,34480,63759,44,1,1
10396,4429,197,91,24160,23960,1816,24464,30989,1,1,1
10397,12530,11886,98,46877,45489,3094,47436,75036,65,1,1
10398,12549,11110,93,52153,50783,1835,52686,78273,63,1,1
10399,41965,31801,107,67416,64557,23526,68273,165653,145,1,1
10400,18639,12942,101,61027,59560,14933,61604,108214,68,1,1
10401,14805,11908,155,34677,33253,1990,35293,64091,65,1,1
10402,12609,10535,99,32342,31027,1936,32868,58031,59,1,1
10403,1646,199,97,23861,23661,5934,24167,32032,1,1,1
10404,14578,12961,104,45711,44246,1800,46286,75716,69,1,1
10405,13965,13693,91,54511,52993,4473,55077,87301,72,1,1
10406,42296,27186,98,67107,64578,16818,67889,154276,127,1,1
10407,13900,8544,104,66034,64906,11581,66584,100703,48,1,1
10408,10191,5867,110,77259,76402,1756,77718,95634,35,1,1
10409,11659,7799,94,66635,65618,1684,67104,88350,44,1,1
10410,43619,34415,429,115513,110873,15874,117463,211759,146,1,1
10411,22458,20211,116,136206,133135,11050,136953,190765,100,1,1
10412,5998,214,96,39217,39018,2084,39536,47933,1,1,1
10413,7275,5910,92,50877,49902,2277,51313,66870,35,1,1
10414,11673,1231,93,55412,55075,1785,55750,70543,8,1,1
10415,39517,15800,185,68416,66674,8444,69101,133168,70,1,1
10416,17683,15609,111,46619,44834,1960,47248,82590,79,1,1
10417,10004,8287,93,41543,40169,1889,42013,62291,47,1,1
10418,1294,213,94,37224,36953,1043,37536,40174,1,1,1
10419,32174,34768,98,65108,61665,2710,66001,135767,161,1,2
10420,41979,39293,111,91232,87804,11337,92235,185162,172,1,1
10421,17294,12634,114,62122,60703,11785,62714,104516,65,1,1
10422,20087,20701,109,51094,48954,1811,51783,94477,100,1,1
10423,9918,8611,93,42244,41124,1717,42737,63066,49,1,1
10424,2282,611,88,39585,39278,1035,39901,43916,5,1,1
10425,24412,26410,104,73077,70419,1910,73903,126735,127,1,2
10426,41744,36034,120,75609,72453,25739,76529,180162,160,1,1
10427,14928,9890,103,60918,59781,16005,61433,102344,51,1,1
10428,20756,20738,109,48097,45965,1870,48778,92233,100,1,1
10429,8213,6826,98,39299,38362,1908,39764,56798,40,1,1
10430,18440,35004,180,58202,56232,1919,59102,114563,95,1,1
10431,10693,9585,95,49510,48288,1938,50015,72318,55,1,1
10432,42105,30398,105,70455,67630,21648,71291,165534,143,1,1
10433,9390,4661,101,58187,57454,17080,58602,89821,28,1,1
10434,18556,20545,109,46603,44501,2087,47303,88591,101,1,1
10435,28443,7875,213,44302,43073,1547,44921,82890,46,1,1
10436,15229,13133,103,51766,50313,1813,52348,82620,68,1,1
10437,9283,7611,94,47858,46838,1863,48339,67184,44,1,1
10438,42274,28131,118,70803,68230,27335,71613,169450,129,1,1
10439,14886,13636,109,59296,58299,16363,59784,104758,42,1,1
10440,11512,9575,197,44528,43381,1897,45122,68202,51,1,1
10441,11012,9538,129,35444,34162,1892,35995,58526,54,1,1
10442,2093,732,97,39786,39452,1102,40109,44120,6,1,1
10443,19026,15276,92,34676,32930,1849,35276,71520,78,1,2
10444,11432,11229,90,46593,45297,2057,47120,71930,60,1,1
10445,41209,36091,108,70610,67348,25097,71529,174024,163,1,1
10446,14520,7087,103,69413,68446,15521,69936,107156,41,1,1
10447,15410,13735,125,35799,34244,1851,36407,67496,72,1,1
10448,11144,9939,105,32781,31553,1930,33304,56404,56,1,1
10449,2581,832,101,28018,27690,1049,28351,32901,7,1,1
10450,30575,31372,93,53619,50626,1853,54461,118354,148,1,1
10451,17089,17647,103,54733,52919,1843,55370,92043,88,1,1
10452,42027,27499,138,77981,75456,17428,78841,165889,126,1,1
10453,15289,12382,109,62453,61058,13726,63023,104509,65,1,1
10454,17005,15672,109,37080,35267,1815,37692,72276,78,1,1
10455,7948,6688,112,33598,32665,2193,34079,50998,39,1,1
10456,1942,479,99,26125,25849,1096,26446,30048,4,1,1
10457,31195,30185,89,51454,48554,1815,52271,115558,142,1,1
10458,17230,18247,97,55800,53922,1806,56442,93814,91,1,1
10459,42082,29455,227,67565,64808,15001,68511,155156,138,1,1
10460,15846,10955,104,60904,59487,11562,61455,99949,58,1,1
10461,15751,10443,283,50277,48827,2182,51128,79651,48,1,1
10462,7631,4383,129,36158,35343,1858,36618,50577,28,1,1
10463,4147,217,92,33251,33041,1977,33555,39994,1,1,1
10464,10482,7611,97,51281,50075,3314,51775,73273,45,1,1
10465,19517,20302,197,94533,92027,3600,95743,139291,80,1,1
10466,54607,33018,281,94195,91209,8850,95461,192371,120,1,1
10467,20460,13164,254,103237,101566,7290,104153,145401,53,1,1
10468,13035,6170,166,52513,51110,2621,53421,75409,27,1,1
10469,11106,4913,164,52982,52063,2230,53635,72032,24,1,1
10470,3336,1272,168,64856,63793,1846,65391,71991,7,1,2
10471,41243,44437,203,73945,69373,2200,75692,163722,153,1,2
10472,14114,5043,127,70476,69480,2488,71030,93027,23,1,1
10473,24724,19560,153,49193,47404,7579,50118,102105,75,1,1
10474,34022,13911,118,102358,100623,1835,102949,152814,66,1,2
10475,14553,3512,102,76783,76094,1810,77225,97200,20,1,1
10476,4710,214,113,27453,27234,1913,27785,34716,1,1,1
10477,4228,206,92,22787,22594,1864,23086,29473,1,1,1
10478,10037,8530,97,40008,38757,3577,40498,62738,48,1,1
10479,4627,212,93,36475,36243,1868,36767,43564,1,1,1
10480,16765,14935,102,42422,40728,9088,43006,83887,74,1,1
10481,1605,209,93,36230,36032,2578,36529,41012,1,1,1
10482,6084,217,98,53685,53493,1772,53987,62151,1,1,1
10483,42305,43310,249,80750,76805,4699,81933,172540,197,1,1
10484,5292,543,101,31737,31450,1824,32073,39830,4,1,1
10485,19294,20619,100,42633,40544,1736,43324,85064,102,1,1
10486,13401,13803,98,48516,46911,1782,49105,78184,74,1,1
10487,4079,2926,97,45189,44640,925,45564,53586,19,1,1
10488,29615,33661,106,59849,56662,2269,60741,126577,155,1,2
10489,42076,36613,160,76688,73457,13661,77674,170124,164,1,1
10490,15796,12751,100,62026,60601,10881,62606,102127,67,1,1
10491,19495,18381,111,48254,46385,1765,48919,88655,90,1,1
10492,8563,6504,93,34941,33996,1816,35391,52366,39,1,1
10493,11531,9343,97,32108,30987,1741,32610,55317,50,1,1
10494,4107,1973,95,55750,55188,5450,56190,67851,15,1,1
10495,9608,8560,117,50981,49900,1907,51501,71669,48,1,1
10496,42261,31977,107,72549,69703,17884,73407,165627,144,1,1
10497,14491,9631,105,59108,57941,15263,59620,99097,52,1,1
10498,13630,12272,110,37348,35942,1875,37919,65796,65,1,1
10499,13379,7799,95,31131,30129,1777,31589,54639,44,1,1
10500,9318,7496,96,59903,58886,1839,60428,79187,44,1,1
10501,19993,17713,117,54756,52940,1807,55419,95071,88,1,1
10502,10645,9525,92,49680,48483,1824,50184,72272,54,1,1
10503,41955,32559,114,73532,70584,20789,74410,169810,149,1,1
10504,16499,11457,102,60483,59172,15727,61026,104802,60,1,1
10505,29256,16762,250,67015,64800,2162,68047,116362,77,1,1
10506,9122,8231,117,44844,43575,1880,45347,64674,47,1,1
10507,1254,229,93,37772,37576,1076,38078,40724,1,1,1
10508,23873,27033,101,54773,51958,1787,55563,108360,129,1,2
10509,42185,33646,181,73719,70610,36617,74663,187207,152,1,1
10510,10592,4580,132,72361,58063,20486,72897,108696,27,1,1
10511,11820,7823,218,39178,37992,1956,39785,61487,43,1,1
10512,4596,208,93,26039,25818,1819,26331,33040,1,1,1
10513,10805,10669,105,37967,36513,1872,38509,61940,59,1,1
10514,4272,220,95,24339,24137,1865,24635,31080,1,1,1
10515,9542,5681,91,45558,44698,2541,45990,63847,34,1,1
10516,14144,13358,104,48297,46813,1809,48871,78275,69,1,1
10517,42226,29065,114,69293,66619,24984,70122,166491,134,1,1
10518,18500,9448,161,58508,57327,15021,59083,102150,52,1,1
10519,42808,23865,142,40902,38578,28661,41674,137104,113,1,1
10520,9263,3651,104,25081,24447,17141,25479,55626,23,1,1
10521,19989,9533,103,26550,25397,10242,27058,66916,51,1,1
10522,4394,218,94,24740,24540,1904,25026,31627,1,1,1
10523,15241,12469,101,46341,44923,1977,46900,76681,66,1,1
10524,14893,14414,95,35960,34390,1849,36545,67797,74,1,1
10525,9970,7772,92,58783,57734,1977,59321,79138,45,1,1
10526,42057,34931,122,71984,68890,25233,72899,175218,157,1,1
10527,14514,6993,104,60637,59652,14937,61119,97656,41,1,1
10528,14608,11477,143,35628,34278,1890,36221,64293,62,1,1
10529,8208,6518,100,30680,29726,1749,31145,47710,40,1,1
10530,18521,18027,113,58984,57107,1875,59645,98166,91,1,1
10531,14872,14579,187,57565,55951,1841,58263,89656,76,1,1
10532,41764,35533,219,69250,66129,19457,70255,167150,159,1,1
10533,15158,7094,103,57747,56798,10916,58208,91468,40,1,1
10534,10579,7383,136,33590,32597,1767,34105,53933,42,1,1
10535,9697,8049,103,34739,33654,1796,35228,54863,47,1,1
10536,5664,255,203,28370,28123,1818,28812,36659,1,1,1
10537,17454,17804,115,59800,57946,1789,60463,97603,89,1,1
10538,16450,16788,99,55201,53384,2317,55836,91483,87,1,1
10539,42616,24941,113,65517,63198,12709,66262,146626,115,1,1
10540,15285,8795,105,60761,59577,7175,61273,92620,48,1,1
10541,9211,5198,179,34125,33309,1813,34657,50979,32,1,1
10542,7488,2593,101,25103,24570,1865,25476,37514,18,1,1
10543,4201,339,96,18017,17764,1998,18325,24957,3,1,1
10544,12072,9528,101,54625,53454,3856,55142,80691,52,1,1
10545,17740,19700,96,59375,57324,2243,60038,99815,97,1,1
10546,42181,26107,112,64349,61995,7279,65116,140783,117,1,1
10547,17536,8931,104,69122,68014,4928,69675,101171,49,1,1
10548,10128,4444,132,27992,27248,1780,28456,44941,29,1,1
10549,4426,341,98,23537,23288,2113,23852,30820,3,1,1
10550,4818,207,96,17468,17265,1487,17775,24376,1,1,1
10551,21168,21378,95,58656,56583,1470,59336,103445,102,1,1
10552,16797,17577,89,43637,41800,5552,44267,84286,89,1,1
10553,4907,335,96,35433,35184,2290,35744,43361,3,1,1
10554,11009,349,106,54222,53963,2227,54550,68227,3,1,1
10555,4679,576,183,54733,54434,2701,55164,63206,5,1,1
10556,4255,248,133,24421,24208,1749,24776,31124,1,1,1
10557,4007,1750,91,24793,24370,5266,25140,36246,12,1,1
10558,15870,14214,104,33859,32322,1852,34447,66469,73,1,1
10559,8850,7513,96,41620,40606,1870,42104,60425,44,1,1
10560,4276,208,94,35516,35314,1800,35812,42181,1,1,1
10561,7728,5508,98,44354,43555,1739,44787,59853,33,1,1
10562,41650,38203,120,88911,74526,14320,89923,184227,172,1,1
10563,13727,10567,115,61623,60381,10975,62173,97533,57,1,1
10564,15498,13463,118,44298,42818,1845,44892,75790,69,1,1
10565,9225,8448,104,41636,40473,1825,42137,61732,48,1,1
10566,1568,289,100,37822,37574,1078,38140,41164,2,1,1
10567,32225,35618,97,58709,55394,1801,59608,129345,161,1,2
10568,41898,35178,144,74035,70939,11578,74980,163728,158,1,1
10569,14168,9635,107,59410,58231,11577,59936,95408,53,1,1
10570,15271,14760,119,49163,47482,1780,49778,81683,76,1,1
10571,9574,8740,101,46652,45471,1783,47150,67340,50,1,1
10572,15419,13555,111,53388,51858,1798,53983,84851,72,1,1
10573,11797,10439,195,52437,51159,1853,53077,77260,59,1,1
10574,41906,32998,107,74862,71913,25426,75731,176156,150,1,1
10575,16384,10165,102,60653,59482,15844,61163,103651,53,1,1
10576,19828,19248,136,48595,46600,1858,49301,90332,97,1,1
10577,8145,6838,102,42529,41576,1957,43002,60028,41,1,1
10578,12706,9946,178,49922,48706,1833,50529,75113,54,1,1
10579,11670,11353,100,49192,47856,1828,49736,74673,62,1,1
10580,41852,34319,113,72486,69430,24961,73375,174602,155,1,1
10581,12540,7526,99,57794,56835,16429,58259,94848,41,1,1
10582,19726,16116,140,49064,47342,1798,49722,87456,81,1,1
10583,10389,9933,163,44465,43240,1769,45062,67247,55,1,1
10584,2950,1270,97,42925,42521,1069,43267,48649,10,1,1
10585,27239,28668,163,54005,51173,1822,54867,112689,135,1,2
10586,41819,32430,107,71282,68351,24422,72139,170904,148,1,1
10587,16125,9876,105,58491,57338,15823,59012,100926,52,1,1
10588,11226,8371,148,37554,36465,1855,38099,59647,48,1,1
10589,5038,920,94,50739,50281,2015,51063,59127,7,1,2
10590,17739,16253,99,49317,47600,1774,49941,85801,82,1,1
10591,13500,12869,100,55370,53925,3403,55938,85804,68,1,1
10592,42365,25772,127,67457,64998,22872,68235,159348,122,1,1
10593,14524,8480,102,67923,66849,14728,68461,106289,47,1,1
10594,12656,10750,114,35507,34212,1861,36067,61429,59,1,1
10595,10690,9289,96,33068,31878,1844,33580,55498,54,1,1
10596,2237,492,93,26268,25999,4888,26589,34294,4,1,1
10597,16386,14299,96,47290,45719,1947,47876,80600,75,1,1
10598,13607,12302,94,53559,52150,1712,54110,81822,66,1,1
10599,42257,32395,104,70178,67347,20516,71022,166286,143,1,1
10600,13299,6783,154,58757,57848,11445,59274,90894,39,1,1
10601,13978,12584,110,40117,38638,1949,40688,69296,65,1,1
10602,9342,7294,96,35889,34938,1786,36340,54853,41,1,1
10603,4961,210,89,24599,24394,1881,24897,32034,1,1,1
10604,6252,2552,94,29813,29271,3737,30185,42819,19,1,1
10605,14335,10977,96,45034,43755,1843,45570,72821,59,1,1
10606,13013,13285,114,54967,53467,3121,55566,85078,69,1,1
10607,42303,32408,180,69308,66347,15351,70225,160379,146,1,1
10608,13803,9439,106,61049,59870,9777,61570,94683,52,1,1
10609,12149,9187,105,34745,33616,2048,35253,58731,50,1,1
10610,7873,4329,98,31432,30727,1449,31835,45573,27,1,1
10611,4438,210,91,24199,23999,1849,24483,31062,1,1,1
10612,15580,12030,100,51946,50554,3079,52495,83276,64,1,1
10613,5294,4213,96,64476,63782,1139,64931,75670,27,1,1
10614,20681,21824,116,8440,6271,13252,9144,64986,107,1,1
10615,29149,12072,91,60806,59504,7924,61335,110572,61,1,1
10616,13537,6952,117,57876,56943,4596,58344,83522,39,1,1
10617,9206,3589,110,28940,28289,1790,29356,44044,24,1,1
10618,5180,276,95,40557,40233,1774,40862,48178,2,1,2
10619,9028,6234,97,53533,52671,4662,53968,73979,37,1,1
10620,13536,13690,165,44701,43182,5458,45345,78139,71,1,1
10621,40214,18170,129,106223,104271,1818,106893,167204,89,1,2
10622,14269,4204,96,55341,54668,1696,55747,76018,26,1,1
10623,4263,237,107,23085,22875,1739,23407,29739,1,1,1
10624,2559,207,94,24359,24177,2612,24665,30126,1,1,1
10625,16926,16421,100,58672,56973,2643,59287,95363,82,1,1
10626,13771,11278,195,41491,40174,4538,42132,71805,61,1,1
10627,9951,9408,120,50276,49123,2139,50812,72453,52,1,1
10628,4864,216,91,53138,52945,1838,53434,60437,1,1,1
10629,5665,3060,97,57205,56608,11091,57590,77492,21,1,1
10630,42344,31067,107,78655,75914,16983,79485,169972,137,1,1
10631,12034,9113,151,35330,34188,11953,35897,69092,51,1,1
10632,21967,18657,107,47209,45281,6131,47871,94715,94,1,1
10633,22094,20350,106,59209,57166,1912,59896,104346,100,1,1
10634,16060,16618,96,53606,51811,2035,54239,89043,87,1,1
10635,41589,34209,106,74444,71367,16771,75324,168082,156,1,1
10636,15902,11440,103,73618,72287,12756,74199,114392,61,1,1
10637,19196,17250,141,48421,46567,1829,49108,87486,89,1,1
10638,9011,7987,92,44821,43759,1781,45308,64175,47,1,1
10639,1451,206,94,38038,37833,988,38343,41073,1,1,1
10640,26920,29418,91,55870,52999,1783,56684,114898,139,1,2
10641,41712,36002,101,74826,71657,19476,75727,173013,161,1,1
10642,16788,9609,165,61185,60008,15939,61776,104203,53,1,1
10643,16413,13852,113,47210,45677,1868,47813,80040,72,1,1
10644,7486,5175,96,39641,38858,1809,40071,54627,32,1,1
10645,2148,578,98,38262,37971,1085,38586,42484,5,1,1
10646,26205,24682,97,52683,50137,1816,53429,106226,121,1,2
10647,41602,42041,155,73574,70664,25847,74490,184073,147,1,1
10648,16216,9545,104,59753,58610,16058,60258,102170,51,1,1
10649,14811,12223,118,44475,43036,1847,45057,74032,67,1,1
10650,9071,7539,102,41777,40769,1870,42243,60811,44,1,1
10651,2958,1048,106,40718,40371,4734,41082,49908,8,1,1
10652,11248,8703,99,46954,45839,1834,47457,69333,50,1,1
10653,41699,33646,158,72923,69904,25088,73836,174365,151,1,1
10654,16876,9745,104,58577,57414,15614,59081,101411,52,1,1
10655,12081,10753,137,42552,41280,1820,43120,67870,58,1,1
10656,11257,11142,106,34730,33413,1867,35273,59625,60,1,1
10657,4325,212,166,24498,24298,1829,24873,31320,1,1,1
10658,14001,10599,99,47283,45998,1821,47821,74333,58,1,1
10659,13750,14940,209,47172,45556,1826,47880,78490,77,1,1
10660,42138,28792,131,69515,66850,24924,70332,166288,133,1,1
10661,17371,11270,98,61825,60496,15409,62354,106498,60,1,1
10662,18578,17028,132,37982,36105,1744,38649,76093,86,1,1
10663,10391,9211,99,32582,31431,1818,33089,54597,52,1,1
10664,1688,301,91,34541,34289,1126,34900,38122,2,1,1
10665,38512,39608,163,55686,52205,1848,56701,136779,178,1,1
10666,15728,15693,95,54321,52673,1872,54910,88295,79,1,1
10667,42433,33025,102,70269,67388,22650,71111,169314,146,1,1
10668,13187,9671,103,60955,59792,14616,61463,99029,52,1,1
10669,14743,11879,170,34984,33590,1612,35608,63935,64,1,1
10670,9196,8275,99,30362,29321,2166,30843,50573,46,1,1
10671,17684,16001,118,58748,57037,1781,59395,94956,82,1,1
10672,11346,11175,95,52550,51209,2509,53084,78207,62,1,1
10673,42317,23540,105,64354,62109,21204,65081,152236,111,1,1
10674,14123,10491,103,70993,69755,10002,71582,106290,56,1,1
10675,10631,9295,148,33984,32836,1903,34548,56470,51,1,1
10676,10307,8176,98,36243,35196,1967,36713,57256,46,1,1
10677,3281,1276,96,31411,31011,5070,31747,41461,10,1,1
10678,8764,3176,90,39194,38607,1791,39562,53385,21,1,1
10679,16868,17334,93,60437,58550,4300,61078,99673,91,1,1
10680,42526,26465,122,65727,63279,10168,66510,145772,122,1,1
10681,19401,13472,153,61228,59771,6208,61859,101035,68,1,1
10682,8157,3944,125,33983,33291,1919,34428,48547,24,1,1
10683,8088,5058,100,25257,24491,1862,25680,40775,31,1,1
10684,4677,214,97,17413,17216,1856,17706,24538,1,1,1
10685,14083,10949,87,36017,34732,2243,36545,63908,59,1,1
10686,7690,3684,100,39975,39338,1837,40366,53664,24,1,1
10687,16161,12884,99,39695,38269,7266,40253,76656,66,1,1
10688,17016,4493,134,92430,91622,1791,92872,116282,26,1,2
10689,12995,2089,182,56733,56274,1966,57200,74347,14,1,1
10690,8454,3733,127,25895,25226,1827,26338,40443,25,1,1
10691,4601,209,101,21892,21696,1774,22188,28862,1,1,1
10692,2109,634,96,21318,21026,1135,21636,25600,5,1,1
10693,30464,30589,94,57083,54189,1809,57904,120859,143,1,1
10694,14282,9411,91,36470,35355,8955,36946,69689,50,1,1
10695,4351,291,97,36015,35781,1756,36325,42809,2,1,1
10696,7187,220,196,54627,54424,3499,55041,66039,1,1,1
10697,9169,299,110,54704,54452,1751,55036,66381,2,1,1
10698,4266,248,135,23667,23425,1864,24019,30491,1,1,1
10699,13161,11639,99,38471,37134,3161,39009,67056,62,1,1
10700,15804,17426,96,48311,46438,2053,48941,84310,88,1,1
10701,3418,215,160,36534,36327,2294,36922,42934,1,1,1
10702,10611,10159,97,63662,62397,1853,64241,86957,57,1,1
10703,41867,39520,116,75756,72356,11765,76730,169975,174,1,1
10704,13508,7887,103,61182,60152,9498,61664,92649,45,1,1
10705,17847,16564,133,45838,44158,1727,46481,82715,80,1,1
10706,9150,7775,99,33292,32267,1779,33762,52552,45,1,1
10707,11643,10047,99,32877,31667,1763,33384,56931,55,1,1
10708,20734,19190,198,56781,54836,2216,57552,99784,95,1,1
10709,12227,9947,97,50964,49739,1776,51482,75525,56,1,1
10710,41769,34308,119,75021,71973,21383,75916,173476,155,1,1
10711,15389,7967,167,60224,59186,15274,60760,99557,45,1,1
10712,16519,16513,106,49010,47214,1828,49642,84596,85,1,1
10713,9547,7565,158,44526,43490,1861,45082,64147,45,1,1
10714,1385,292,108,37209,36954,1014,37531,40311,2,1,1
10715,32789,29529,179,59221,56355,2126,60111,124839,138,1,2
10716,41925,34418,114,75506,72397,20534,76410,173579,157,1,1
10717,20997,10845,96,61572,60312,15043,62095,109074,57,1,1
10718,14819,13500,188,48348,46821,1791,49020,79226,71,1,1
10719,9561,8034,112,42893,41829,1743,43399,62830,47,1,1
10720,1275,212,97,35953,35724,1171,36263,39004,1,1,1
10721,26224,27568,99,55869,53088,1768,56668,112323,133,1,2
10722,41893,30498,102,82233,79454,28626,83059,184198,140,1,1
10723,17555,12843,99,74033,72634,15513,74636,120648,65,1,1
10724,14187,12063,128,46035,44651,1876,46628,74850,64,1,1
10725,7327,5627,95,41006,40150,1896,41445,56382,35,1,1
10726,1613,359,94,39034,38760,1394,39343,42794,3,1,1
10727,22187,25381,94,51695,49197,1782,52436,101879,119,1,2
10728,41969,31878,103,71454,68591,26061,72298,172308,145,1,1
10729,16085,10234,153,60859,59611,15732,61441,103583,55,1,1
10730,17765,15587,141,37682,36000,1924,38340,73709,80,1,1
10731,11945,11917,103,37732,36348,1855,38273,64082,64,1,1
10732,4431,209,93,24348,24146,1960,24648,31333,1,1,1
10733,9831,7882,97,43631,42607,3160,44094,65060,45,1,1
10734,15000,13148,100,34947,33461,1829,35507,65580,70,1,1
10735,9459,7523,96,44679,43648,1731,45154,63960,45,1,1
10736,42031,34537,162,71031,67958,23414,71981,172056,156,1,1
10737,15391,10455,96,61242,60006,15479,61764,103180,56,1,1
10738,42554,21248,138,38973,36861,28644,39701,132240,103,1,1
10739,10375,4335,94,25692,24981,16923,26096,57816,27,1,1
10740,20623,12140,97,26712,25367,9250,27250,69348,63,1,1
10741,6550,3785,97,30618,29962,4105,31011,45544,25,1,1
10742,16412,16233,97,58748,57026,1959,59414,94111,83,1,1
10743,16577,16638,101,56229,54486,1928,56851,92089,84,1,1
10744,41563,35446,110,69105,66020,16846,69995,163944,157,1,1
10745,15306,7319,101,57234,56290,11360,57690,91770,40,1,1
10746,12895,10985,137,34436,33136,1977,35015,60971,59,1,1
10747,9100,6199,95,33751,32896,1829,34183,51398,36,1,1
10748,4679,209,146,24986,24779,1973,25341,32288,1,1,1
10749,11878,8798,92,52386,51242,4211,52884,77864,51,1,1
10750,15405,16557,93,53893,52096,1766,54515,88339,87,1,1
10751,42030,32147,128,67000,64140,14978,67867,157119,144,1,1
10752,16839,11232,106,57982,56677,8365,58521,95051,59,1,1
10753,12220,8137,161,33854,32807,1865,34410,56728,46,1,1
10754,6870,4876,88,30122,29371,1730,30525,44095,30,1,1
10755,3356,213,92,24093,23895,2235,24390,30277,1,1,1
10756,18147,17623,100,55698,53902,1950,56331,94144,87,1,1
10757,15602,16578,90,57958,56180,1706,58572,92545,86,1,1
10758,42747,21376,116,62352,60346,7359,63049,134625,98,1,1
10759,15374,6477,101,67483,66597,4414,67984,94342,37,1,1
10760,9772,4570,131,27027,26281,1811,27477,43725,29,1,1
10761,4303,201,97,22452,22256,1824,22747,29164,1,1,1
10762,4509,206,99,17252,17071,1714,17544,24057,1,1,1
10763,8674,6536,90,52762,51844,3916,53196,72415,39,1,1
10764,16455,12850,98,39030,37579,6337,39592,75326,68,1,1
10765,4634,216,93,35707,35507,1748,35997,42678,1,1,1
10766,17513,5052,108,57409,56637,1698,57845,82200,31,1,1
10767,21841,1242,155,55355,54987,2752,55771,81706,9,1,1
10768,4432,209,111,22851,22639,1837,23169,29740,1,1,1
10769,15372,14381,111,80016,78293,2443,80627,112959,73,1,2
10770,15625,16687,104,43529,41722,1845,44169,78411,86,1,1
10771,4912,274,89,36285,36035,1804,36594,43669,2,1,1
10772,1608,214,93,35942,35742,3028,36245,41181,1,1,1
10773,6234,214,99,53533,53333,3356,53863,63749,1,1,1
10774,8165,4059,198,58272,57594,10516,58790,81623,26,1,1
10775,18644,17630,114,50476,48649,1793,51130,89291,88,1,1
10776,8983,7172,99,31465,30513,2013,31929,50191,41,1,1
10777,13218,12739,100,35038,33603,1810,35596,63455,67,1,1
10778,3254,1333,92,41800,41419,1008,42135,47816,10,1,1
10779,26864,27854,96,55908,53166,1826,56697,113333,132,1,2
10780,50217,36938,154,76071,72847,10409,77044,174703,165,1,1
10781,16105,10133,98,60238,59014,12318,60762,99411,55,1,1
10782,19075,19409,139,50908,48901,1741,51614,91933,97,1,1
10783,8450,6838,101,39953,39018,1813,40404,57590,40,1,1
10784,17295,17500,118,53568,51718,1768,54221,90879,88,1,1
10785,13845,14564,159,50849,49250,1828,51513,81847,76,1,1
10786,41281,31625,142,73145,70234,18374,74037,165412,147,1,1
10787,12159,8351,102,58101,57030,15402,58605,94609,47,1,1
10788,20257,18549,145,47640,45699,1438,48347,88686,94,1,1
10789,8204,5365,103,42100,41277,1432,42536,57632,34,1,1
10790,17453,16480,187,51434,49721,1772,52145,87944,82,1,1
10791,11090,9263,95,46584,45451,1923,47083,69451,51,1,1
10792,41599,34928,114,72756,69665,21754,73648,172026,155,1,1
10793,16088,9398,103,57800,56673,15808,58300,99688,49,1,1
10794,14972,13295,128,46076,44577,1751,46689,76803,70,1,1
10795,8062,6271,150,40377,39479,1782,40895,57104,38,1,1
10796,18758,20843,129,55534,53447,1802,56264,97763,102,1,1
10797,12380,12085,106,48259,46858,1872,48820,75251,65,1,1
10798,41637,35148,120,72201,69059,26799,73107,176784,159,1,1
10799,15052,8577,108,58668,57578,15981,59176,98880,48,1,1
10800,15663,15857,167,45608,43878,1893,46289,79801,81,1,1
10801,11238,9968,101,34003,32797,1926,34518,57742,55,1,1
10802,4330,215,102,23800,23600,1831,24116,30575,1,1,1
10803,15324,14033,96,48681,47137,1873,49247,80572,73,1,1
10804,13439,12296,98,46151,44756,2117,46702,74647,65,1,1
10805,41634,31471,107,70014,67247,25331,70839,169371,139,1,1
10806,14525,8380,106,68460,67410,15819,69029,107849,46,1,1
10807,15060,13204,121,35498,34013,1826,36089,66274,69,1,1
10808,9382,6935,98,31141,30170,1724,31600,49734,42,1,1
10809,1439,268,94,25373,25140,1183,25677,28653,2,1,1
10810,30657,32354,95,52354,49383,1882,53207,118193,151,1,1
10811,12976,13553,96,54359,52835,1792,54941,83355,72,1,1
10812,41685,35336,114,79070,75951,17260,80013,174405,158,1,1
10813,17700,7463,104,57054,56093,13662,57529,96448,41,1,1
10814,14699,12275,117,34329,32937,1805,34899,63772,64,1,1
10815,7094,5018,92,31081,30310,1873,31485,45555,31,1,1
10816,1213,212,94,24711,24509,1025,25012,27546,1,1,1
10817,36064,35317,99,60114,56906,1834,61022,134337,164,1,1
10818,15474,16671,102,55560,53777,1823,56189,90251,86,1,1
10819,41904,33514,172,71120,68170,14769,72054,162340,149,1,1
10820,16320,7853,99,56652,55675,9147,57121,90534,42,1,1
10821,12372,9383,118,35250,34082,1788,35783,59421,52,1,1
10822,5777,4069,100,30686,29990,1800,31087,42833,27,1,1
10823,4618,211,97,23889,23692,1779,24181,30875,1,1,1
10824,5930,2782,88,29582,29030,5095,29949,43843,19,1,1
10825,14314,8621,99,42338,41259,1794,42837,67657,48,1,1
10826,14152,13320,188,42725,41242,6262,43395,77223,70,1,1
10827,42739,25172,109,104483,102023,9648,105226,182879,114,1,2
10828,12915,5656,105,56512,55699,7163,56943,82771,33,1,1
10829,9897,5992,112,31759,30886,1778,32218,49983,36,1,1
10830,8482,2777,101,23826,23277,1783,24198,37335,19,1,1
10831,4579,218,96,17361,17172,1921,17663,24465,1,1,1
10832,18986,20444,109,71412,69361,1805,72156,113485,101,1,1
10833,18079,18191,108,58075,56166,2680,58744,97787,93,1,1
10834,37143,12119,113,60084,58773,1800,60655,111811,61,1,1
10835,15422,3891,108,56675,56024,1820,57075,78300,24,1,1
10836,4257,244,119,22758,22547,1786,23085,29467,1,1,1
10837,4326,210,99,20958,20774,1855,21249,27735,1,1,1
10838,15455,3102,184,34299,33707,4313,34781,57740,21,1,1
10839,4490,216,94,35970,35770,1913,36264,42965,1,1,1
10840,16163,12321,94,37274,35846,7554,37825,73950,67,1,1
10841,4408,218,93,35001,34799,1796,35290,41797,1,1,1
10842,6196,208,95,52956,52753,1731,53252,61471,1,1,1
10843,41271,52407,128,79572,75764,5824,80626,180239,195,1,1
10844,4145,210,153,24162,23951,1809,24532,30793,1,1,1
10845,17027,16306,102,43810,42110,3236,44430,81086,82,1,1
10846,10012,9573,100,49207,47995,1763,49719,71153,55,1,1
10847,14626,12270,116,49910,48509,1802,50482,79272,65,1,1
10848,13432,13513,96,51026,49520,1844,51591,80693,71,1,1
10849,41679,37705,111,77265,73945,11374,78204,169055,169,1,1
10850,41356,41338,158,75966,72297,5229,77015,165031,188,1,1
10851,42294,30039,123,78703,75931,12628,79540,164594,139,1,1
10852,9573,4344,106,25840,25153,16760,26248,57018,26,1,1
10853,19979,10839,95,26596,25293,11876,27202,69987,59,1,1
10854,27593,26489,89,37020,34541,2291,37766,94233,124,1,1
10855,4327,2359,98,43312,42796,5124,43676,55573,17,1,1
10856,13733,13117,100,60560,59054,1824,61226,89992,71,1,1
10857,42429,34413,109,76348,73317,20514,77218,174682,153,1,1
10858,13756,8881,107,62297,61190,15652,62809,101193,49,1,1
10859,21711,24428,127,50454,48086,1799,51230,99266,117,1,1
10860,9686,7639,107,40697,39670,1829,41187,60435,45,1,1
10861,11061,272,152,38533,38294,1074,38906,51402,2,1,1
10862,24367,24309,98,52637,50137,1748,53386,103903,118,1,2
10863,41750,32219,108,72826,69931,24120,73680,171874,147,1,1
10864,16598,8263,104,59913,58855,15781,60414,101149,46,1,1
10865,13872,10518,110,44220,42988,1807,44757,71050,56,1,1
10866,19197,8272,152,41786,40694,1854,42339,71758,48,1,1
10867,4575,2617,96,44228,43697,3963,44596,55838,18,1,1
10868,11632,10680,103,48192,46902,1763,48724,72893,59,1,1
10869,42023,28469,101,69704,67109,22978,70501,164064,130,1,1
10870,16529,9073,110,57879,56766,15703,58388,99786,49,1,1
10871,18050,16099,107,54984,53281,1812,55658,91717,80,1,1
10872,6083,3590,109,33152,32510,1792,33565,45122,24,1,1
10873,4633,210,94,23862,23663,1722,24161,30812,1,1,1
10874,8630,5859,94,44614,43755,3539,45045,63167,36,1,1
10875,12222,12293,97,45913,44500,1709,46470,72787,66,1,1
10876,42001,31496,107,74478,71627,26041,75323,174960,144,1,1
10877,13808,7744,100,58428,57412,16324,58913,96886,44,1,1
10878,18073,15334,156,37794,36119,1809,38465,73772,80,1,1
10879,7383,5690,103,31684,30821,1889,32122,47178,36,1,1
10880,4933,288,98,24377,24144,1779,24686,31774,2,1,1
10881,15302,13205,95,48415,46914,1760,48984,79343,71,1,1
10882,16132,14316,97,52224,50644,1704,52810,85055,75,1,1
10883,41782,33690,103,68702,65656,23387,69576,168530,154,1,1
10884,15120,7102,150,57970,56986,14035,58499,94848,41,1,1
10885,13107,11766,107,34961,33539,1761,35529,62247,66,1,1
10886,10769,9354,95,32808,31637,1980,33314,55506,53,1,1
10887,1576,273,94,25156,24923,982,25460,28378,2,1,1
10888,33410,33139,97,52259,49157,1775,53134,121551,158,1,1
10889,13014,11759,99,57681,56326,3009,58219,86093,63,1,1
10890,41656,43274,6651,71075,68316,21486,78459,184979,139,1,1
10891,14070,8019,101,60594,59555,12277,61078,95535,45,1,1
10892,11900,8168,107,33017,31930,1863,33514,55540,47,1,1
10893,9374,9273,98,33939,32786,1791,34445,54969,52,1,1
10894,5149,216,101,23803,23601,1915,24113,31479,1,1,1
10895,17233,16102,95,56131,54440,1844,56738,92010,81,1,1
10896,12607,10824,95,63298,61963,2878,63883,90284,61,1,1
10897,41804,31361,121,69332,66528,11336,70173,154778,141,1,1
10898,17225,9890,104,57918,56711,6538,58439,92186,54,1,1
10899,8680,5778,101,33007,32169,1997,33451,50003,34,1,1
10900,8206,3933,94,27413,26720,1867,27812,41905,27,1,1
10901,4463,224,94,17450,17259,1772,17743,24289,1,1,1
10902,5891,2732,88,30899,30334,5165,31267,45142,19,1,1
10903,9406,4115,93,39475,38800,1866,39877,55358,26,1,1
10904,19315,21161,195,58870,56797,3470,59658,103697,102,1,1
10905,42023,22419,102,63595,61494,4799,64295,133863,103,1,1
10906,14741,6947,94,57791,56866,4382,58238,84400,39,1,1
10907,9103,3446,99,25798,25187,1510,26205,40361,22,1,1
10908,3914,206,100,21826,21621,1850,22133,28186,1,1,1
10909,4724,212,94,17170,16980,1648,17460,24126,1,1,1
10910,14886,12425,92,51859,50398,3519,52457,83380,67,1,1
10911,8763,6900,107,40862,39925,9534,41343,66634,40,1,1
10912,22367,21396,107,77275,75105,1618,77988,123500,107,1,1
10913,9567,8786,101,49946,48802,1774,50449,70669,51,1,1
10914,7855,212,92,54362,54158,1735,54660,64543,1,1,1
10915,4433,213,111,23793,23576,1800,24129,30668,1,1,1
10916,19001,25989,205,47080,45277,1778,47826,94729,87,1,1
10917,9726,9148,97,47090,45953,1894,47591,68453,51,1,1
10918,4709,211,96,36027,35827,1993,36320,43316,1,1,1
10919,7274,5838,97,47577,46721,2231,48042,63475,36,1,1
10920,41453,32547,109,74729,71741,9096,75601,158790,151,1,1
10921,14949,11458,100,62065,60693,10968,62614,100081,63,1,1
10922,20663,18878,152,48285,46349,1778,49006,90424,94,1,1
10923,9413,7579,97,32262,31235,1818,32733,51634,45,1,1
10924,12805,11585,105,35092,33700,2161,35629,62276,63,1,1
10925,3609,1312,95,40168,39787,5191,40510,50708,10,1,1
10926,11929,11644,92,50951,49626,1797,51483,76938,62,1,1
10927,41079,38252,123,75984,72596,13520,76947,169895,173,1,1
10928,15987,11850,156,64477,63110,13100,65081,106110,63,1,1
10929,15230,14045,108,47346,45737,1798,47957,79122,76,1,1
10930,9468,8624,98,42585,41469,1751,43071,63005,50,1,1
10931,14375,12035,105,51240,49851,1751,51799,80093,64,1,1
10932,13776,13768,94,51301,49767,1793,51877,81305,73,1,1
10933,42065,42949,172,74577,71560,22545,75520,183174,153,1,1
10934,19033,12516,153,67155,65937,15587,67857,115115,53,1,1
10935,15626,13376,121,45124,43624,1771,45737,76602,70,1,1
10936,8163,5894,97,38333,37469,1860,38766,54768,36,1,1
10937,15123,12752,121,53742,52261,1805,54346,84117,69,1,1
10938,13253,12076,98,69901,68467,1987,70512,97934,65,1,1
10939,40935,36762,122,74892,71609,25598,75826,179217,164,1,1
10940,14100,7069,160,60426,59482,16583,60975,98831,40,1,1
10941,13848,12275,121,45401,43943,1790,45981,73989,67,1,1
10942,7836,5244,96,41121,40310,1943,41543,56658,32,1,1
10943,1436,270,98,49629,49393,1044,49989,52834,2,1,1
10944,23370,22997,106,52347,49973,1820,53078,101358,111,1,2
10945,42114,34361,137,71322,68263,26643,72234,175452,154,1,1
10946,16877,10480,103,59021,57797,14942,59545,101936,55,1,1
10947,12679,10490,146,42384,41120,1832,42955,68053,57,1,1
10948,11576,10782,99,46448,45138,1894,47043,71390,59,1,1
10949,2842,848,111,39627,39281,4667,39982,48422,7,1,1
10950,16584,17510,101,56078,54224,3405,56710,94304,90,1,1
10951,41428,33104,136,69059,66097,24933,69950,169513,149,1,1
10952,14933,7356,95,60053,59060,15882,60522,98785,43,1,1
10953,12936,10042,118,35801,34541,1823,36342,61240,57,1,1
10954,10341,8436,183,34872,33734,1997,35463,56331,50,1,1
10955,2294,612,98,26943,26654,4586,27257,34835,5,1,1
10956,13521,10516,97,46140,44861,2113,46662,72905,58,1,1
10957,13009,13030,97,55023,53539,2107,55588,83827,70,1,1
10958,41540,33339,120,68187,65282,20036,69049,164067,147,1,1
10959,13995,7646,99,59467,58505,12213,59946,93893,41,1,1
10960,41904,25927,158,39342,36972,28572,40132,136638,117,1,1
10961,13335,3227,103,23869,23303,16385,24254,57293,20,1,1
10962,20485,11716,101,38290,36963,11773,38816,82881,60,1,1
10963,6983,4240,96,29537,28823,4024,29937,45269,28,1,1
10964,12388,10084,92,44229,43001,2022,44739,69325,56,1,1
10965,17698,16474,94,54574,52803,3909,55182,93356,85,1,1
10966,41632,29457,108,66803,64135,13323,67614,152121,134,1,1
10967,15670,9969,162,61024,59805,9468,61610,96811,53,1,1
10968,11667,8440,111,34403,33298,1932,34906,57042,46,1,1
10969,6988,5167,96,31051,30271,2016,31466,45723,32,1,1
10970,4520,211,95,23980,23778,1956,24284,31053,1,1,1
10971,12598,10580,103,58450,57150,3913,58980,86163,59,1,1
10972,11710,11947,95,56221,54818,2816,56768,83327,65,1,1
10973,51718,25921,158,64764,62408,6702,65564,150000,117,1,1
10974,19475,10957,98,58985,57716,4169,59517,94211,58,1,1
10975,9376,4655,112,31432,30692,1850,31876,47852,29,1,1
10976,8244,3078,99,23734,23164,1832,24119,37365,20,1,1
10977,2500,831,93,27230,26914,1009,27557,31984,7,1,1
10978,28011,27740,97,56462,53847,1827,57238,114907,130,1,1
10979,9143,6832,92,34148,33197,10632,34595,61289,39,1,1
10980,4636,906,151,36896,36561,1798,37302,44735,7,1,1
10981,41897,15629,117,62091,60506,1824,62706,122154,75,1,1
10982,14252,3643,105,55758,55112,2379,56153,76519,23,1,1
10983,4335,272,113,25064,24848,1775,25390,31866,1,1,1
10984,4649,218,97,21637,21444,1882,21936,28767,1,1,1
10985,17604,9711,113,41473,40346,3257,41993,72662,50,1,1
10986,4539,211,93,35880,35684,1934,36167,42933,1,1,1
10987,16541,13836,210,39757,38213,6601,40462,77533,72,1,1
10988,4445,206,110,36196,36009,1774,36521,43088,1,1,1
10989,7584,212,93,53425,53238,1802,53714,63395,1,1,1
10990,40558,46330,119,77591,73583,4525,78665,170174,206,1,1
10991,22101,23247,133,51502,49229,1797,52264,99506,112,1,1
10992,10153,9276,164,43994,42828,2285,44577,66385,52,1,1
10993,11144,7462,97,42614,41628,2132,43072,63901,43,1,1
10994,4310,1940,94,42436,41984,4817,42799,53955,14,1,1
10995,17172,17047,96,53846,52006,1696,54463,90470,87,1,1
10996,41711,38383,107,76030,72740,15436,76961,172585,168,1,1
10997,16889,11382,100,60530,59184,13190,61062,102617,62,1,1
10998,24942,18238,213,52454,50523,1784,53234,98487,92,1,1
10999,8996,7455,99,44475,43456,1879,44946,63361,44,1,1
11000,19632,19408,113,56564,54592,1793,57242,98170,96,1,1
11001,14182,14218,100,51321,49735,1776,51900,82170,75,1,1
11002,41640,35758,117,74027,70839,20860,74954,173308,162,1,1
11003,17494,11535,168,60444,59115,15074,61051,105250,61,1,1
11004,17595,15427,133,46209,44539,1908,46861,81886,79,1,1
11005,8805,7733,96,40046,39021,1797,40529,58948,45,1,1
11006,17773,15273,111,53729,52105,1836,54333,89310,77,1,1
11007,10654,16799,122,50199,48980,1804,50749,80101,54,1,1
11008,42001,45588,175,74119,70930,27930,75097,190716,162,1,1
11009,15555,7907,103,58209,57179,15815,58706,98075,45,1,1
11010,11191,9940,105,44873,43670,1895,45397,68520,54,1,1
11011,9133,8877,94,45349,44230,1796,45836,65740,50,1,1
11012,13692,12175,122,51490,50087,1824,52078,79866,65,1,1
11013,11775,11592,86,58016,56604,1927,58598,83986,64,1,1
11014,41893,30039,130,70774,68001,22764,71647,166436,139,1,1
11015,13623,8058,105,59909,58864,16048,60402,98222,45,1,1
11016,10748,9415,104,42028,40841,1796,42549,64601,53,1,1
11017,10029,9410,93,33975,32820,1804,34459,55787,52,1,1
11018,4365,213,95,23714,23502,1792,24017,30469,1,1,1
11019,13571,11779,101,58164,56772,2258,58765,86467,65,1,1
11020,14436,14519,112,47006,45422,1767,47607,78421,75,1,1
11021,42208,31490,106,71189,68338,25875,72049,171715,144,1,1
11022,15425,11561,105,60691,59369,15467,61243,103788,61,1,1
11023,15253,14150,131,37710,36139,1647,38324,69467,74,1,1
11024,9624,8315,100,32485,31406,1931,32978,52934,48,1,1
11025,4182,213,93,34296,34095,2037,34685,41206,1,1,1
11026,14656,11079,110,47039,45735,2013,47595,75436,60,1,1
11027,14625,15073,101,55130,53519,1482,55728,87000,77,1,1
11028,42192,32637,114,67614,64684,24693,68473,168090,148,1,1
11029,14562,7092,103,65135,64191,14124,65602,101483,40,1,1
11030,15107,13068,119,46173,44713,2041,46812,77129,67,1,1
11031,7018,4567,108,31098,30364,1848,31523,45042,29,1,1
11032,2885,1005,93,27863,27517,5447,28185,37610,8,1,1
11033,14233,13260,94,44997,43563,2182,45543,75305,67,1,1
11034,13466,13443,101,55125,53624,1824,55700,84526,71,1,1
11035,41385,38032,104,69999,66707,21547,70931,171989,168,1,1
11036,15316,10567,101,59065,57812,10047,59602,95625,57,1,1
11037,12612,10876,157,34496,33214,1817,35091,60492,58,1,1
11038,9606,6040,98,32812,31935,1786,33251,50773,37,1,1
11039,1590,276,95,47463,47068,1015,47772,50737,2,1,2
11040,23144,20635,100,47226,45023,1865,47921,93654,104,1,2
11041,14965,12587,96,51692,50280,5144,52243,85031,66,1,1
11042,41712,28041,106,65597,63102,11632,66370,147848,125,1,1
11043,15391,8295,243,57892,56832,6957,58531,89266,46,1,1
11044,6954,2960,108,31395,30816,1808,31793,43607,20,1,1
11045,7588,3064,89,24102,23520,1957,24471,37165,21,1,1
11046,4176,213,96,17470,17271,2094,17760,24327,1,1,1
11047,12366,9210,87,37126,35991,2867,37601,62130,51,1,1
11048,10159,5595,95,40179,39342,1808,40608,58262,35,1,1
11049,17065,15129,92,57922,56196,3557,58513,94355,78,1,1
11050,39646,18147,105,71496,69729,1862,72198,131950,85,1,1
11051,14071,5360,108,55389,54577,3781,55841,79148,33,1,1
11052,9828,4278,107,25634,24892,1768,26072,42038,28,1,1
11053,4260,215,92,26639,26435,1855,26927,33339,1,1,1
11054,3480,217,96,17965,17766,2390,18270,24440,1,1,1
11055,15303,13372,95,38250,36741,1902,38813,69474,71,1,1
11056,4554,220,89,35593,35396,1782,35879,42517,1,1,1
11057,16921,15201,184,42299,40680,8231,42997,83443,77,1,1
11058,4373,353,94,47012,46760,1907,47379,54106,3,1,1
11059,6524,209,111,53764,53564,2542,54078,63434,1,1,1
11060,1757,220,97,54121,53912,2876,54426,59363,1,1,1
11061,4401,217,107,23093,22872,1897,23404,30012,1,1,1
11062,6143,3414,92,24919,24298,4124,25307,39077,23,1,1
11063,15842,14211,92,35930,34381,2097,36505,68745,74,1,1
11064,7881,6436,96,32380,31472,1830,32822,49054,39,1,1
11065,11118,10147,97,33653,32445,1817,34164,57337,55,1,1
11066,4195,211,89,35252,35052,1720,35537,41746,1,1,1
11067,8545,7742,206,51726,50694,1718,52316,70415,45,1,1
11068,41548,38636,105,77880,74440,14115,78832,173224,175,1,1
11069,16119,11331,135,61537,60206,10428,62115,100085,61,1,1
11070,17510,15488,103,48059,46350,1939,48695,83727,80,1,1
11071,10493,7769,90,46122,45078,1822,46595,66763,46,1,1
11072,22019,16311,218,77546,75871,2015,78447,118910,75,1,1
11073,13464,11168,109,52742,51370,1783,53295,79806,61,1,1
11074,42066,34476,119,76347,73194,12433,77257,166327,159,1,1
11075,20315,14530,96,63006,61422,11586,63598,110120,75,1,1
11076,42292,37323,157,75266,72751,28626,76088,184424,124,1,1
11077,9954,4311,103,25544,24847,17034,25949,57341,26,1,1
11078,19462,12969,101,37027,35537,11989,37589,82098,67,1,1
11079,17687,15351,118,51050,49367,1895,51683,86718,80,1,1
11080,10931,9703,92,45635,44444,1945,46129,68799,54,1,1
11081,41689,32845,120,82135,79158,24224,83020,181882,150,1,1
11082,42500,38837,176,76464,72960,10839,77499,169980,177,1,1
11083,16789,14536,121,46459,44848,1834,47077,80363,76,1,1
11084,8847,7240,95,35781,34772,1872,36236,54286,43,1,1
11085,4888,209,101,23505,23303,1888,23799,30866,1,1,1
11086,9673,7343,92,46535,45550,3154,46995,67259,43,1,1
11087,11577,11038,98,47262,45964,2180,47775,72663,60,1,1
11088,41895,44834,175,72873,69772,24459,73834,185119,157,1,1
11089,14579,9685,102,59677,58535,15994,60185,100534,51,1,1
11090,15831,15336,139,46111,44435,2155,46779,80197,79,1,1
11091,7492,5336,96,39051,38226,1861,39483,54264,34,1,1
11092,5044,2569,90,41114,40587,4177,41479,53356,18,1,1
11093,13375,11310,98,47237,45888,1862,47787,74425,63,1,1
11094,41801,34596,197,73333,70273,26387,74299,177182,155,1,1
11095,13287,8704,98,60522,59410,16274,61026,99383,49,1,1
11096,16240,12821,141,36598,35109,1881,37229,68265,69,1,1
11097,9285,7013,96,32373,31404,1751,32830,50969,42,1,1
11098,4942,211,95,24390,24192,1886,24682,31802,1,1,1
11099,6225,3411,89,40918,40299,4197,41298,55222,23,1,1
11100,16737,17512,196,58231,56376,1729,58987,95059,90,1,1
11101,41626,34109,115,70808,67733,19790,71696,167313,156,1,1
11102,16606,9398,103,60853,59693,15128,61373,102596,52,1,1
11103,23505,12309,163,40966,39495,1921,41619,79462,65,1,1
11104,11341,8849,96,32207,30998,1854,32714,54850,52,1,1
11105,2934,1027,97,41320,40946,5651,41715,51424,9,1,1
11106,15791,13777,103,48688,47114,2110,49278,81048,72,1,1
11107,16407,18246,97,56929,54994,1900,57572,94220,93,1,1
11108,42147,33636,119,69480,66491,19414,70360,165652,151,1,1
11109,13710,7151,108,60289,59345,12231,60758,93945,39,1,1
11110,13104,20084,151,33939,32699,1936,34507,69727,54,1,1
11111,10081,7261,97,34005,33004,1897,34460,53796,42,1,1
11112,4430,208,90,23901,23696,1868,24192,30786,1,1,1
11113,11010,9423,92,52698,51539,2694,53194,76414,52,1,1
11114,14175,12836,137,52571,51140,1790,53175,82072,67,1,1
11115,42334,32839,114,68636,65741,14068,69511,158848,146,1,1
11116,16653,8738,102,71541,70480,9578,72082,107147,47,1,1
11117,12900,9534,111,44341,43171,1840,44862,69232,52,1,1
11118,7910,4310,95,30811,30117,1945,31206,45461,27,1,1
11119,4318,221,93,23930,23723,1962,24216,30802,1,1,1
11120,19616,20061,97,56625,54592,1851,57290,98909,100,1,1
11121,12800,13071,97,57167,55680,1846,57735,85544,70,1,1
11122,42456,25228,111,64796,62532,6038,65539,139354,112,1,1
11123,15253,7257,196,57495,56513,4978,58066,85648,42,1,1
11124,9623,2708,112,25268,24725,1898,25673,40000,18,1,1
11125,4590,340,96,41464,41058,1988,41783,48787,3,1,2
11126,20411,19020,111,62052,60129,2159,62720,104403,94,1,1
11127,15200,16073,95,66254,64489,4949,66873,103196,84,1,1
11128,36192,23166,152,61133,59806,1818,61751,123027,60,1,1
11129,15627,4208,103,55815,55126,1933,56219,78081,26,1,1
11130,4146,211,111,23588,23371,1787,23913,30154,1,1,1
11131,4246,214,115,23085,22872,1856,23402,29813,1,1,1
11132,14994,16057,96,43289,41565,1804,43894,76835,82,1,1
11133,10230,6294,93,71804,70773,1876,72240,90732,38,1,2
11134,8919,7319,186,45355,44349,1794,45917,64044,44,1,1
11135,8848,897,160,55226,54898,2664,55634,68129,7,1,1
11136,4371,1906,92,55330,54859,13127,55688,75177,14,1,1
11137,16749,15929,121,47739,46058,1794,48378,82947,80,1,1
11138,8889,7117,99,45075,44092,1865,45544,63506,42,1,1
11139,19316,18815,121,56828,54879,1885,57515,97626,95,1,1
11140,15566,26172,154,54827,53087,1861,55512,99200,84,1,1
11141,41201,35674,143,76269,73222,15410,77191,169575,155,1,1
11142,16734,11117,105,60419,59128,13506,60956,102404,59,1,1
11143,18122,17099,143,48411,46627,1741,49078,86137,85,1,1
11144,8605,7694,98,39314,38310,1571,39785,57742,44,1,1
11145,6906,4329,195,46179,45466,3914,46689,61931,28,1,1
11146,12603,12291,97,50880,49460,2041,51432,78453,66,1,1
11147,41730,30428,138,72878,70138,16709,73735,162697,138,1,1
11148,14079,8390,91,59038,57960,15628,59528,97715,47,1,1
11149,15357,13604,125,49047,47502,1911,49662,80635,72,1,1
11150,8183,6607,161,42348,41402,1904,42881,59669,40,1,1
11151,2472,675,93,39608,39299,1076,39930,44237,6,1,1
11152,27650,29270,96,54893,52055,1850,55702,114566,137,1,2
11153,41706,35110,114,72950,69857,24941,73848,175701,157,1,1
11154,12216,7828,100,57399,56382,16635,57871,94644,43,1,1
11155,23013,11434,155,36899,35586,1895,37498,73936,60,1,1
11156,9983,4239,94,27883,27098,1765,28281,44360,27,1,1
11157,9756,7402,95,41227,40255,1888,41697,60836,42,1,1
11158,1765,521,89,38860,38589,1280,39171,42823,4,1,1
11159,27928,31221,108,53585,50603,1834,54433,115508,145,1,2
11160,41657,33903,130,72381,69343,25037,73286,173980,154,1,1
11161,14112,8207,96,66718,65681,16217,67247,105878,45,1,1
11162,11944,9846,124,42923,41717,1739,43476,67100,54,1,1
11163,10510,10070,103,34044,32796,1841,34571,57084,56,1,1
11164,4417,215,97,24155,23957,1853,24465,31033,1,1,1
11165,15514,12213,99,47051,45661,1711,47610,77141,65,1,1
11166,12903,11118,97,45927,44606,1725,46467,72304,61,1,1
11167,41864,34131,136,70702,67647,24217,71625,171965,155,1,1
11168,16558,8618,175,59710,58620,15525,60293,101090,48,1,1
11169,16789,14870,118,37034,35407,1843,37675,71271,77,1,1
11170,9084,6872,102,35375,34387,1810,35851,53702,43,1,1
11171,1590,218,91,24285,24078,5514,24582,31983,1,1,1
11172,13147,10976,101,51469,49930,2250,52033,78520,61,1,1
11173,29840,19985,217,80084,77807,2321,80893,133340,85,1,1
11174,41772,33382,197,75696,72597,21292,76658,173214,149,1,1
11175,18223,8392,105,57879,56748,13622,58382,98704,47,1,1
11176,13298,11885,148,37844,36373,1803,38446,65527,63,1,1
11177,8543,7380,91,33508,32413,1868,33966,51841,43,1,1
11178,3220,1475,102,29552,29121,5386,29903,40067,11,1,1
11179,14662,12638,94,46430,44976,1784,46979,76155,67,1,1
11180,25926,14501,174,54968,53360,1818,55645,97985,75,1,1
11181,41773,29291,115,67232,64553,15496,68047,154701,134,1,1
11182,17403,11440,212,70793,69441,9634,71453,110025,59,1,1
11183,42742,21267,134,39922,37815,28357,40641,133104,99,1,1
11184,7476,336,95,25109,24854,1799,25422,35121,3,1,1
11185,14446,9029,99,38630,37477,16061,39185,78820,50,1,1
11186,27773,12064,114,24277,22937,4119,24832,68879,62,1,1
11187,7369,5417,93,34897,34092,4146,35322,52347,33,1,1
11188,7810,2104,95,36844,36368,1895,37199,49093,15,1,1
11189,19671,19510,93,59566,57558,3282,60215,102763,96,1,1
11190,50883,32789,166,71410,68538,9096,72328,165394,144,1,1
11191,15073,7489,102,60801,59822,7257,61281,91192,42,1,1
11192,9443,4581,146,34100,33371,1839,34563,50526,28,1,1
11193,7614,3757,89,26870,26167,1944,27279,40683,26,1,1
11194,4573,213,90,17978,17778,1893,18295,25055,1,1,1
11195,15276,13858,94,57475,55951,1856,58047,89124,71,1,1
11196,19472,18201,100,59089,57180,4689,59747,102199,91,1,1
11197,38473,21963,147,61157,59792,2004,61761,124303,62,1,1
11198,14268,3633,167,58339,57673,1888,58811,78696,23,1,1
11199,4232,216,134,23892,23670,1816,24249,30605,1,1,1
11200,4365,214,88,21227,21016,1858,21511,28028,1,1,1
11201,10287,6919,95,38697,37744,3913,39183,60387,40,1,1
11202,4337,216,89,35771,35572,1898,36073,42604,1,1,1
11203,20959,17686,94,39135,37320,7343,39768,85844,87,1,1
11204,4376,216,93,35169,34966,1868,35478,42024,1,1,1
11205,8682,362,93,54589,54338,2670,54892,66698,3,1,1
11206,34139,29789,194,77777,74980,2464,78704,145190,140,1,1
11207,3879,214,113,22828,22600,2190,23161,29537,1,1,1
11208,12932,11452,100,39866,38511,2829,40410,67707,63,1,1
11209,10271,10573,101,44085,42813,1482,44613,67024,58,1,1
11210,19781,17342,115,54264,52452,2077,54915,94211,87,1,1
11211,13201,12096,93,52463,51053,1560,53003,79952,66,1,1
11212,40991,36742,216,73647,70391,12531,74684,165043,166,1,1
11213,16676,11437,98,61313,59947,10549,61856,100608,63,1,1
11214,18860,15959,141,44514,42780,1786,45186,81886,82,1,1
11215,7474,4758,100,31076,30321,1959,31511,45792,30,1,1
11216,13474,12605,107,33037,31604,1857,33604,61631,67,1,1
11217,2253,490,94,37877,37602,1034,38203,42067,4,1,1
11218,26794,28900,204,56866,54034,1765,57782,115336,136,1,2
11219,41576,36570,114,75480,72202,19696,76412,174356,167,1,1
11220,13140,9222,98,60057,58910,15465,60574,98492,51,1,1
11221,18498,23938,151,48483,46635,1853,49184,93579,89,1,1
11222,11356,10388,97,53862,42388,2110,54466,78419,59,1,1
11223,17414,16152,144,53887,52144,1861,54567,90090,83,1,1
11224,10115,8553,104,48237,47110,1818,48745,69321,49,1,1
11225,42048,30792,114,72187,69360,23419,73031,169394,142,1,1
11226,16761,7696,103,58951,57900,15625,59435,99608,45,1,1
11227,14524,10734,107,52376,51093,1874,52957,80184,58,1,1
11228,9099,7137,113,41461,40464,1885,41952,60165,43,1,1
11229,1440,272,91,37070,36823,1082,37377,40257,2,1,1
11230,22940,25852,103,54277,51680,1899,55040,105823,123,1,2
11231,41789,38857,111,74453,71016,24804,75424,180967,176,1,1
11232,16427,12052,99,58489,57109,15728,59050,103348,64,1,1
11233,16342,12718,186,49888,48415,1884,50544,81583,68,1,1
11234,7147,5237,98,41806,41012,1888,42227,56590,32,1,1
11235,1419,220,101,36079,35867,1126,36389,39235,1,1,1
11236,24983,25404,90,51222,48626,2796,51979,105255,123,1,2
11237,41989,34219,144,71942,68915,25340,72854,174497,153,1,1
11238,14638,6919,103,68481,67573,16160,68981,106801,38,1,1
11239,16235,16529,119,38207,36409,1851,38863,73571,85,1,1
11240,7845,6066,99,31744,30880,1943,32194,48134,36,1,1
11241,4760,213,96,24796,24587,1877,25096,32030,1,1,1
11242,12925,11202,96,45214,43894,3254,45743,73227,61,1,1
11243,18770,12773,153,56624,55155,1841,57243,91067,68,1,1
11244,41637,31253,137,69638,66834,34011,70510,177506,141,1,1
11245,16357,11773,156,63067,61706,15324,63666,107213,60,1,1
11246,17474,15655,122,36348,34686,1897,36979,72098,79,1,1
11247,9735,7599,94,31964,30949,1842,32438,51698,44,1,1
11248,2057,716,102,27871,27561,1087,28206,32151,6,1,1
11249,28757,30424,97,52291,49420,1868,53126,114267,144,1,1
11250,13709,13975,91,54678,53123,1855,55269,84898,74,1,1
11251,41312,33852,223,69152,66163,16028,70152,161441,151,1,1
11252,14501,7867,108,58078,57086,11795,58559,92815,43,1,1
11253,9385,6454,135,80912,79996,1780,81410,99128,38,1,1
11254,9094,5574,98,66091,65224,1823,66524,83118,34,1,1
11255,44138,34559,507,114786,110268,15621,116786,211496,146,1,1
11256,23146,23121,127,134495,131385,10772,135288,192437,108,1,1
11257,5646,220,90,38440,38246,2247,38758,46977,1,1,1
11258,9066,6873,96,48318,47389,1907,48764,66701,40,1,1
11259,2907,216,89,73358,73159,3616,73705,80537,1,1,1
11260,15465,13518,116,66481,64742,6688,67074,102833,70,1,1
11261,14842,11758,112,46714,45181,1813,47289,75809,62,1,1
11262,11072,10075,98,42942,41305,1841,43458,66542,55,1,1
11263,17256,16549,114,66747,64830,1841,67390,103142,83,1,1
11264,13583,12840,100,53366,51811,2598,53939,83045,69,1,1
11265,41476,34502,153,76218,73100,14210,77149,167435,154,1,1
11266,17138,12390,95,61873,60372,13492,62424,105530,64,1,1
11267,19180,17955,116,49449,47482,1815,50110,89156,88,1,1
11268,10716,9679,102,33715,32515,1788,34246,56521,54,1,1
11269,10799,7791,95,31502,30435,1718,31989,52393,46,1,1
11270,4387,2273,90,52227,51719,3712,52633,63102,16,1,1
11271,12932,12905,111,50812,49369,1876,51392,79189,68,1,1
11272,41290,31704,113,72594,69607,25256,73455,171804,143,1,1
11273,13637,8892,101,59618,58419,16705,60123,99442,49,1,1
11274,15883,14092,132,47370,45722,1777,48010,79855,73,1,1
11275,7686,5563,97,49918,38797,1952,50409,65705,35,1,1
11276,1577,308,105,37497,37255,999,37824,40794,2,1,1
11277,24259,21934,86,51431,48986,1863,52130,100278,108,1,2
11278,41773,29400,105,71151,68254,27519,71972,170760,137,1,1
11279,14764,8072,102,57938,56894,16488,58419,97829,45,1,1
11280,13848,10378,123,43567,42221,1853,44121,70295,57,1,1
11281,6707,4364,157,32902,32092,1881,33391,46432,28,1,1
11282,4825,210,88,24132,23923,1859,24433,31410,1,1,1
11283,4056,1716,93,41363,40925,4834,41714,52405,13,1,1
11284,9516,8500,93,47016,45742,1706,47504,67310,50,1,1
11285,41344,30004,107,70250,67409,28068,71100,170615,143,1,1
11286,19884,8883,107,58181,57047,16037,58698,103599,49,1,1
11287,11444,8739,166,42344,40981,1851,42905,65023,50,1,1
11288,11106,9700,100,34910,33436,1816,35433,58140,55,1,1
11289,1198,212,94,23907,23698,1026,24212,26729,1,1,1
11290,34565,37548,102,56017,52529,1777,56937,130917,169,1,2
11291,13600,12735,102,46668,45229,2144,47225,75788,67,1,1
11292,41287,34196,104,70379,67330,24391,71265,171234,155,1,1
11293,14148,6667,104,66871,65951,15561,67406,103887,39,1,1
11294,13774,11740,131,35579,34113,1896,36177,63683,64,1,1
11295,9208,7649,103,31813,30783,1846,32295,51089,44,1,1
11296,1798,364,96,26315,26038,1080,26629,29955,3,1,1
11297,29643,35635,95,54275,50942,2148,55187,122698,168,1,1
11298,16289,17500,99,57937,56062,1731,58593,94204,91,1,1
11299,41489,31477,106,78169,75294,19413,79053,171730,141,1,1
11300,13411,8403,110,61074,59976,14421,61587,97909,48,1,1
11301,16067,14297,131,35869,34254,1788,36496,68745,74,1,1
11302,8992,7444,97,34520,33541,1842,34990,53360,42,1,1
11303,2203,709,89,27274,26941,1055,27596,31647,6,1,1
11304,27969,27919,99,50365,47670,1822,51157,108955,134,1,1
11305,13498,12180,95,54549,53086,2863,55109,83736,68,1,1
11306,41514,30079,158,67730,64988,14588,68602,154885,138,1,1
11307,19533,11813,98,60947,59583,8599,61492,101529,61,1,1
11308,16710,12217,160,39118,37793,1924,39710,70865,55,1,1
11309,6930,3815,108,40130,39448,2172,40536,53557,25,1,1
11310,4553,216,91,24836,24642,1840,25152,31841,1,1,1
11311,10233,7361,96,31559,30330,3613,32013,53306,42,1,1
11312,13803,10313,94,53477,52237,1937,54062,80211,56,1,1
11313,13473,13194,98,58587,56980,3022,59170,88952,70,1,1
11314,41250,28990,116,66145,63575,10366,66956,147693,128,1,1
11315,11892,6480,97,57476,56574,6888,57922,83265,37,1,1
11316,10002,4163,112,32260,31552,2299,32681,49255,26,1,1
11317,7774,3774,94,24178,23493,1777,24572,37983,25,1,1
11318,2104,341,96,24864,24611,4916,25173,32621,3,1,1
11319,7011,3856,190,47604,46735,1643,48114,60726,26,1,2
11320,9608,3955,93,38634,37895,1857,39035,54541,26,1,1
11321,13708,15120,95,40874,39243,3515,41464,73895,77,1,1
11322,4861,328,85,36540,36292,1827,36842,43943,3,1,1
11323,37219,12892,116,61436,60026,1824,62007,114242,65,1,1
11324,14884,3698,96,56302,55645,1800,56696,77164,24,1,1
11325,13866,200,171,23842,23622,1832,24239,40240,1,1,1
11326,4360,208,95,23475,23268,1742,23778,30169,1,1,1
11327,14746,12010,95,42251,40807,3808,42790,73439,63,1,1
11328,4480,215,85,36017,35814,1801,36302,42879,1,1,1
11329,12487,9501,97,36890,35687,8146,37394,67612,52,1,1
11330,1914,217,91,35920,35716,2558,36221,40993,1,1,1
11331,6710,211,87,54127,53942,1748,54419,63170,1,1,1
11332,40516,48470,113,79563,75181,4161,80676,173922,218,1,1
11333,4119,210,219,23713,23495,1894,24154,30483,1,1,1
11334,18861,17327,93,43957,42111,2210,44584,83067,88,1,1
11335,11040,10987,98,47040,45699,1977,47581,71670,61,1,1
11336,16442,14873,136,53766,52130,1759,54409,87586,77,1,1
11337,12713,13045,97,52399,50890,1825,52973,80644,71,1,1
11338,41373,37300,125,77223,73968,11172,78173,168126,166,1,1
11339,16003,14558,171,62604,60993,10021,63282,103959,75,1,1
11340,18041,16888,119,50220,48341,1826,50892,87744,87,1,1
11341,9230,6938,99,43893,42817,1799,44366,62425,42,1,1
11342,21135,20199,118,55260,53189,1764,55954,99163,100,1,1
11343,11625,11140,99,49892,48552,1927,50433,75212,61,1,1
11344,20156,9492,173,65488,64340,25960,66077,121808,52,1,1
11345,14974,9601,100,61115,59917,15632,61636,101929,53,1,1
11346,16474,15055,117,47902,46187,1822,48538,81985,79,1,1
11347,10139,8279,97,43063,41922,1954,43553,64016,49,1,1
11348,2128,482,98,38195,37910,4965,38516,46178,4,1,1
11349,9930,8880,92,49797,48640,1732,50307,70936,52,1,1
11350,41144,32929,199,72470,69458,22717,73437,170326,152,1,1
11351,15705,5041,102,57700,56908,16390,58131,95353,31,1,1
11352,16258,15193,118,45028,43312,1802,45649,79007,77,1,1
11353,8400,6428,88,40350,39372,1809,40793,57521,39,1,1
11354,1964,332,94,37674,37390,964,37986,41334,3,1,1
11355,24828,30060,203,56501,53423,1810,57436,114222,143,1,2
11356,40926,34850,136,73686,70538,22173,74611,172670,160,1,1
11357,9808,4719,103,58279,57494,17154,58701,90475,29,1,1
11358,12443,11939,116,49959,48569,1771,50541,76800,64,1,1
11359,12005,11518,104,39378,37910,2009,39924,65539,62,1,1
11360,4418,207,147,25277,25034,1807,25640,32162,1,1,1
11361,9475,6161,92,44092,43220,2400,44541,62663,37,1,1
11362,13120,13954,100,47494,45919,1809,48081,77051,73,1,1
11363,41123,33652,122,71531,68513,26309,72433,173624,153,1,1
11364,18878,8774,100,57400,56243,15060,57910,100706,50,1,1
11365,42084,19401,123,52860,50865,28850,53602,144037,95,1,1
11366,8583,3796,113,25608,24922,17323,26030,55825,25,1,1
11367,15421,7785,96,23919,22919,11310,24391,58994,42,1,1
11368,4530,220,96,23838,23624,1755,24148,30737,1,1,1
11369,14530,11111,95,45795,44500,2789,46329,74847,60,1,1
11370,17338,18083,97,56147,54205,1737,56791,94037,93,1,1
11371,41366,30963,118,69561,66675,20957,70414,163994,144,1,1
11372,8580,4192,97,70750,70036,16526,71201,100591,26,1,1
11373,13631,11752,130,35548,34131,2392,36122,64028,63,1,1
11374,8946,6918,101,30351,29299,2237,30806,49000,40,1,1
11375,6291,3450,96,48815,48116,4312,49198,63334,23,1,1
11376,10909,9907,166,52681,51424,1408,53256,75566,56,1,1
11377,41175,32076,116,67820,65012,20741,68667,162759,142,1,1
11378,14293,7928,156,58350,57285,11957,58894,93165,45,1,1
11379,13102,10023,122,33407,32147,1806,33961,58996,56,1,1
11380,8849,6515,97,32078,31108,1775,32522,49746,39,1,1
11381,3940,209,90,23703,23493,1941,24001,30175,1,1,1
11382,18165,17855,98,58049,56158,1768,58694,96566,91,1,1
11383,14756,16142,98,61475,59688,3303,62105,96407,84,1,1
11384,42129,27303,116,77553,75097,13667,78377,161582,122,1,1
11385,14661,9732,110,58938,57714,6895,59471,90847,53,1,1
11386,9272,5242,112,32921,32123,1805,33377,49796,32,1,1
11387,8055,2781,92,24025,23436,1908,24393,37222,19,1,1
11388,4168,370,95,18198,17949,1796,18497,24919,3,1,1
11389,8746,5109,93,34056,33122,4130,34482,52552,32,1,1
11390,7265,1839,91,37816,37377,1749,38163,49103,13,1,1
11391,15693,15412,106,40969,39289,7007,41582,79779,79,1,1
11392,4421,216,92,45212,45012,1739,45560,52029,1,1,1
11393,13509,4451,104,57113,56404,6398,57535,81979,27,1,1
11394,14475,7261,104,56655,55688,4049,57124,82995,41,1,1
11395,10254,3308,112,26095,25465,1852,26503,42017,22,1,1
11396,4223,207,91,21826,21616,1793,22115,28420,1,1,1
11397,4503,207,90,17498,17295,1710,17780,24283,1,1,1
11398,15875,15834,87,57343,55466,3529,57947,93272,81,1,1
11399,16214,18409,102,46876,44873,3061,47524,85296,93,1,1
11400,4542,216,192,36138,35936,1850,36537,43228,1,1,1
11401,3036,217,94,52829,52637,3851,53135,60318,1,1,1
11402,4520,315,99,54323,53942,3019,54640,62582,2,1,1
11403,4384,213,110,23331,23121,1808,23647,30149,1,1,1
11404,3224,1605,94,25261,24742,5043,25614,35570,12,1,1
11405,15610,13013,97,32910,31418,1905,33465,64079,68,1,1
11406,10450,9459,97,44466,43161,1806,44974,66772,53,1,1
11407,4657,214,88,35320,35113,1921,35606,42479,1,1,1
11408,7913,6599,192,45391,44382,1768,45956,62322,40,1,1
11409,40960,34894,115,75175,71967,17769,76073,169803,157,1,1
11410,13127,9509,102,61442,60247,11978,61958,96657,53,1,1
11411,16227,15199,138,55438,53628,1889,56080,89500,77,1,1
11412,11869,10412,99,48223,46875,1793,48766,72924,59,1,1
11413,1855,516,152,39488,39220,1017,39884,43366,4,1,1
11414,28640,31141,197,57195,54119,2126,58160,120160,147,1,2
11415,41394,38865,116,77265,73832,11000,78227,169797,173,1,1
11416,13222,7437,106,59256,58258,14205,59732,94683,42,1,1
11417,17751,17722,119,60211,58241,1790,60922,98287,90,1,1
11418,10132,8418,112,45574,44402,1876,46082,66603,48,1,1
11419,1934,332,91,36868,36597,4785,37161,44298,3,1,1
11420,12498,11062,94,48439,47139,1779,48951,74376,60,1,1
11421,41950,32287,119,73485,70551,22647,74345,171373,146,1,1
11422,15771,10058,103,60245,59055,16161,60761,102836,53,1,1
11423,15287,13718,166,48165,46586,1775,48830,79706,73,1,1
11424,7217,5348,93,41490,40609,1760,41907,56324,34,1,1
11425,1899,572,95,38322,38025,1051,38642,42249,5,1,1
11426,22180,21766,103,52083,49812,1903,52780,98717,106,1,2
11427,41348,33675,106,71779,68640,24308,72669,172309,156,1,1
11428,13626,8428,101,69025,67983,16319,69561,108033,45,1,1
11429,17505,16931,120,48746,46966,1987,49391,85912,83,1,1
11430,9007,7547,103,40290,39257,1779,40767,59193,44,1,1
11431,1622,355,92,36598,36313,1124,36908,40095,3,1,1
11432,21449,22828,92,52666,50278,1986,53374,99721,113,1,2
11433,48928,32120,136,72703,69772,23985,73609,178749,147,1,1
11434,14033,8913,159,59553,58441,16445,60123,99601,49,1,1
11435,12247,10053,112,36237,34979,1871,36777,61045,55,1,1
11436,5181,1378,98,53498,52957,1977,53852,62478,11,1,2
11437,19857,14282,103,32342,30853,7401,32921,74548,70,1,1
11438,6177,3607,95,43244,42591,4352,43639,57860,24,1,1
11439,16571,15064,98,35310,33663,1825,35920,69463,79,1,1
11440,10600,8390,89,43800,42641,2086,44280,65441,48,1,1
11441,51121,37136,164,72646,69390,25129,73628,187115,165,1,1
11442,13831,8477,100,61760,60654,16216,62253,100860,46,1,1
11443,16489,14982,139,36666,34895,1796,37310,70680,78,1,1
11444,10483,8979,96,32354,31197,1919,32844,54317,51,1,1
11445,2769,1064,94,29608,29223,1104,29946,34967,9,1,1
11446,27098,28318,99,51679,48982,1858,52487,109846,135,1,1
11447,13769,14769,154,57023,55436,1965,57686,88274,76,1,1
11448,41754,34544,114,69037,66027,19813,69925,166335,152,1,1
11449,15765,9143,91,61328,60197,11562,61828,98387,50,1,1
11450,14358,10433,111,38084,36768,1876,38638,65409,58,1,1
11451,8592,5893,96,32231,31329,1827,32677,49076,36,1,1
11452,5288,353,93,24080,23821,1833,24395,31953,3,1,1
11453,13920,11099,191,50896,49561,1816,51540,78459,61,1,1
11454,11702,10844,92,50048,48752,2737,50567,75943,58,1,1
11455,41570,29278,115,67498,64803,14561,68330,153841,135,1,1
11456,15347,9085,97,60026,58884,15645,60520,100693,50,1,1
11457,11514,7212,112,34340,33347,1853,34834,55520,42,1,1
11458,7825,4220,160,32160,31428,2116,32652,46908,28,1,1
11459,4383,215,89,24313,24105,1841,24601,31124,1,1,1
11460,15175,12117,94,67192,65704,1861,67752,97005,66,1,1
11461,16291,15683,111,40151,38437,2795,40770,75628,80,1,1
11462,7339,4579,96,38643,37915,1729,39047,52779,29,1,1
11463,42228,21018,112,63845,61883,7284,64531,135156,96,1,1
11464,13854,6652,93,56144,55241,4961,56586,82161,38,1,1
11465,9283,3575,188,28370,27694,1857,28880,43691,24,1,1
11466,4843,285,100,40256,39905,1925,40565,47723,2,1,2
11467,1987,492,94,34431,34161,1047,34744,38372,4,1,1
11468,29887,29523,93,57708,54930,1726,58509,119730,137,1,1
11469,12065,10568,99,36668,35433,7533,37185,67440,55,1,1
11470,4397,210,93,35082,34886,1799,35371,41862,1,1,1
11471,41877,16930,106,61540,59845,1772,62158,122835,80,1,1
11472,15066,2785,209,55592,55062,1745,56100,75786,18,1,1
11473,4248,265,110,23495,23249,1760,23816,30192,1,1,1
11474,4368,216,97,24467,24266,2154,24762,31588,1,1,1
11475,17682,17671,92,62168,60238,3157,62799,101394,89,1,1
11476,12990,12022,94,42606,41204,3962,43156,72214,65,1,1
11477,10530,9309,111,48988,47795,2163,49516,71611,53,1,1
11478,4840,153,86,53495,53301,1703,53781,60568,1,1,1
11479,40518,48140,224,78981,74605,3725,80204,172683,214,1,1
11480,41451,27997,118,76749,74061,12407,77555,159530,130,1,1
11481,12125,7580,106,33936,32736,10864,34406,65066,43,1,1
11482,20740,18591,100,45644,43707,5839,46299,91565,93,1,1
11483,17747,16008,121,55620,53891,1820,56270,91943,80,1,1
11484,12617,11303,173,52772,51326,1855,53409,79274,64,1,1
11485,41490,31112,114,75408,72485,15384,76262,164347,144,1,1
11486,16481,10684,140,61381,60068,13023,61955,102232,59,1,1
11487,20575,17377,126,49016,47133,1771,49678,89493,88,1,1
11488,8524,6420,97,38972,38042,1786,39428,56253,39,1,1
11489,16571,15487,163,56268,54558,1798,56956,90910,82,1,1
11490,13702,13263,96,51229,49631,2225,51796,81071,70,1,1
11491,41302,33588,139,73565,70552,19428,74478,168894,153,1,1
11492,15948,7486,107,58358,57334,15582,58826,97927,42,1,1
11493,19098,19388,136,59835,57730,1496,60593,100667,96,1,1
11494,7932,4848,106,41324,40473,1757,41767,56395,31,1,1
11495,17914,16976,117,54851,53036,1844,55507,92384,86,1,1
11496,11275,9002,93,49447,48315,1405,49928,71694,51,1,1
11497,49368,35797,196,74606,71379,24477,75614,185358,164,1,1
11498,18994,12543,97,60274,58841,26214,60831,118675,66,1,1
11499,16304,14214,148,46946,45270,1902,47587,80113,74,1,1
11500,9700,8578,97,42487,41236,1818,42966,63151,49,1,1
11501,16337,14997,111,51724,50073,1767,52340,85544,78,1,1
11502,12076,10521,93,47978,46658,1922,48510,73113,60,1,1
11503,47498,29423,149,71598,68872,22214,72472,171714,135,1,1
11504,13939,6494,159,58909,58016,16836,59423,96801,36,1,1
11505,13600,11617,108,43322,41774,1784,43880,70992,63,1,1
11506,10576,8854,97,34522,33312,1917,35023,56467,51,1,1
11507,4496,212,88,24170,23954,1745,24472,31008,1,1,1
11508,13633,11924,95,47669,46252,1829,48212,75689,64,1,1
11509,14868,14283,102,46834,45228,1693,47422,78361,76,1,1
11510,41700,39043,172,69143,66382,24333,70022,175193,131,1,1
11511,17263,10010,97,59219,58025,15468,59737,102572,53,1,1
11512,18528,17577,116,38847,36923,1777,39510,77493,89,1,1
11513,7871,6429,94,32414,31441,2516,32864,49768,39,1,1
11514,2248,730,93,27825,27497,1087,28153,32304,7,1,1
11515,32671,35290,99,53766,50554,1744,54670,124725,164,1,1
11516,14494,15375,107,65302,63563,2358,66018,98339,80,1,1
11517,41654,32606,109,70827,67915,22065,71694,168117,148,1,1
11518,13468,8152,100,59255,58148,14163,59743,95618,46,1,1
11519,13491,11949,115,34894,33387,1844,35463,62849,65,1,1
11520,8285,5543,95,30177,29277,1860,30605,46379,34,1,1
11521,1897,461,94,35203,34927,1000,35514,38972,4,1,1
11522,25788,24224,173,54345,51877,1942,55167,107209,118,1,1
11523,14052,13765,97,55380,53761,1784,55950,85641,73,1,1
11524,41875,28718,105,66975,64338,16708,67786,155184,132,1,1
11525,14678,9534,97,61480,60265,10769,61993,97070,53,1,1
11526,12525,9473,128,34649,33388,1923,35217,59239,54,1,1
11527,9396,6969,149,36590,35522,1779,37139,55373,43,1,1
11528,2462,774,91,27769,27422,1031,28096,32450,7,1,1
11529,28989,27331,95,49063,46383,1732,49855,108194,133,1,1
11530,14120,14676,104,58353,56656,4372,58949,92201,78,1,1
11531,41691,30607,101,66576,63814,8664,67406,148466,139,1,1
11532,16080,9230,96,58515,57331,7003,59010,91416,50,1,1
11533,9375,5374,211,33330,32481,1775,33883,50503,33,1,1
11534,7707,3328,96,36333,35696,1907,36720,49753,22,1,1
11535,4721,214,96,17844,17638,1779,18143,24943,1,1,1
11536,14457,12762,93,55556,54072,3122,56123,86558,68,1,1
11537,13874,13033,94,57460,55944,5302,58015,90314,70,1,1
11538,36219,13771,190,61024,59567,1844,61682,113614,68,1,1
11539,15198,3967,97,68406,67747,1784,68882,89929,24,1,1
11540,8566,4846,135,26042,25262,2155,26509,42177,30,1,1
11541,4514,211,95,21638,21433,1765,21934,28504,1,1,1
11542,2409,1055,92,31556,31131,1206,31887,36643,8,1,1
11543,21048,15178,100,41930,40141,1760,42525,80594,77,1,1
11544,17500,19216,150,43727,41739,6946,44448,88196,96,1,1
11545,4464,217,86,35493,35292,1740,35779,42279,1,1,1
11546,5215,212,90,53232,53039,3317,53520,62347,1,1,1
11547,11050,684,181,55475,55182,1779,55892,69500,5,1,1
11548,4311,215,125,23293,23077,1818,23627,30068,1,1,1
11549,10146,7100,97,35126,34191,3623,35594,56553,40,1,1
11550,11197,10367,94,50415,49031,1904,50931,74483,58,1,1
11551,3778,207,89,35777,35567,2468,36075,42611,1,1,1
11552,8981,7304,95,52693,51681,1783,53154,71323,43,1,1
11553,41771,34933,109,88978,85749,14094,89936,180838,159,1,1
11554,14338,12486,111,71704,70248,10500,72343,109758,67,1,1
11555,18616,18632,112,50723,48771,1838,51405,90583,93,1,1
11556,8639,6796,98,42284,41306,2209,42739,60473,40,1,1
11557,20603,18072,116,55330,53471,1749,56001,96531,89,1,1
11558,11047,9234,93,46532,45363,2037,47036,69447,52,1,1
11559,41114,35825,157,73193,70000,18998,74158,170192,162,1,1
11560,15975,9050,103,60921,59777,15694,61429,102241,50,1,1
11561,11190,8090,104,43468,42357,1791,43963,65132,46,1,1
11562,12021,11338,92,45527,44114,1939,46078,71461,64,1,1
11563,21025,21977,108,66439,64231,1781,67205,112285,109,1,1
11564,13515,13704,186,50542,48999,2315,51217,80841,73,1,1
11565,41318,29915,104,73043,70318,20095,73866,165288,138,1,1
11566,16160,7500,101,58562,57572,15836,59046,98630,43,1,1
11567,12104,9351,172,41966,40802,1749,42562,65867,52,1,1
11568,11265,9488,96,42777,41542,1789,43292,65919,55,1,1
11569,2663,693,157,39565,39237,4273,39967,47683,6,1,1
11570,10739,9401,101,47493,46287,1880,48005,70111,53,1,1
11571,41277,34280,110,71824,68784,25980,72721,174590,155,1,1
11572,16678,8772,99,58721,57629,15659,59203,100403,47,1,1
11573,15370,13646,138,46503,44966,1823,47125,78073,71,1,1
11574,7197,4701,156,41599,40784,1880,42088,55964,30,1,1
11575,2301,503,94,38564,38293,920,38883,42693,4,1,1
11576,22878,26611,97,52078,49414,1779,52844,104202,126,1,2
11577,41480,30341,116,69775,66999,23165,70622,165705,139,1,1
11578,17619,10633,97,58340,57103,15168,58874,102386,56,1,1
11579,16809,16230,181,38776,36988,1771,39503,74410,84,1,1
11580,8014,6173,99,33714,32833,1846,34171,50290,37,1,1
11581,4982,217,89,24402,24193,2108,24704,32094,1,1,1
11582,9196,8377,94,47708,46614,3656,48187,69509,47,1,1
11583,15258,13922,100,55443,53886,2442,56030,87743,74,1,1
11584,41651,42092,110,73688,70067,21719,74685,180239,186,1,1
11585,14097,9536,102,70161,69003,16030,70726,110482,52,1,1
11586,42391,22033,118,38651,36483,29044,39382,132942,106,1,1
11587,41661,32075,143,40659,37726,10810,41554,126194,147,1,1
11588,3863,1605,97,28379,27956,5249,28728,39536,12,1,1
11589,16783,15541,90,46222,44574,1741,46820,80977,79,1,1
11590,16929,15559,96,53591,51919,2200,54192,88970,79,1,1
11591,41945,85302,218,73122,70461,14680,74075,216138,126,1,1
11592,16690,8883,102,58312,57131,11141,58813,95621,47,1,1
11593,9853,7391,120,33822,32778,1842,34313,53492,41,1,1
11594,8798,6835,98,33930,32913,2198,34390,52312,41,1,1
11595,4880,212,91,24229,23981,1829,24520,31525,1,1,1
11596,14558,22039,196,55261,53774,2545,55932,95162,67,1,1
11597,13855,14476,88,78091,76251,2551,78735,109716,76,1,1
11598,41862,26694,120,68104,65633,14025,68899,151576,123,1,1
11599,14231,7426,102,57734,56624,8917,58220,88884,43,1,1
11600,11183,6347,112,35764,34804,1866,36223,55720,37,1,1
11601,6442,2803,92,30571,29977,1803,30949,42091,19,1,1
11602,4277,341,92,25163,24913,2431,25478,32613,3,1,1
11603,12898,11267,97,64353,62906,1863,64954,91076,63,1,1
11604,18553,19150,123,63804,61803,2590,64491,104880,95,1,1
11605,42141,22626,116,64928,62842,5601,65639,136100,103,1,1
11606,13477,6333,97,55844,54973,4608,56282,80789,36,1,1
11607,8323,3465,110,31721,31059,1821,32133,45837,23,1,1
11608,4465,212,92,23137,22936,1791,23441,29997,1,1,1
11609,4762,213,90,27016,26818,1561,27355,33982,1,1,1
11610,4855,2054,101,30303,29843,4405,30680,42083,14,1,1
11611,7895,2617,93,38342,37780,1751,38721,51076,19,1,1
11612,19881,20650,96,60984,58866,4586,61659,106868,100,1,1
11613,10871,1448,103,55510,55128,1803,55869,70087,10,1,1
11614,6297,217,90,54471,54271,4299,54773,65666,1,1,1
11615,3962,256,104,22746,22542,2056,23059,29431,1,1,1
11616,14156,14262,169,63765,62038,1882,64421,94821,72,1,2
11617,16057,17347,98,43498,41638,2284,44144,79919,90,1,1
11618,4295,303,85,36213,35979,1886,36510,43081,2,1,1
11619,8042,6534,106,48790,47850,1870,49265,65845,40,1,1
11620,2732,216,90,53096,52890,3833,53400,60264,1,1,1
11621,8856,6759,108,60070,59094,11372,60562,87642,40,1,1
11622,19319,18054,177,39260,37288,1921,39987,79381,90,1,1
11623,12641,8640,98,33600,32469,1841,34100,57311,50,1,1
11624,10233,8419,93,31521,30368,1829,32011,52581,48,1,1
11625,13601,13075,99,34014,32519,1733,34580,63080,70,1,1
11626,3701,1904,93,41037,40587,4793,41388,51872,14,1,1
11627,12971,12070,99,50080,48649,1744,50639,77517,67,1,1
11628,41022,36555,105,74708,71498,11243,75632,164749,164,1,1
11629,12893,9124,197,61135,59980,12973,61748,96832,51,1,1
11630,17465,18052,111,47992,46114,1795,48668,86075,91,1,1
11631,8543,7601,96,42961,41934,1844,43442,61523,45,1,1
11632,18248,18931,107,55697,53709,2240,56367,95887,95,1,1
11633,14473,14235,92,51357,49772,1701,51935,82436,75,1,1
11634,41290,43138,146,73797,70789,16894,74723,176141,153,1,1
11635,15553,10931,105,63214,61883,15496,63751,105823,60,1,1
11636,18197,16057,133,47563,45794,1816,48229,84397,83,1,1
11637,8769,7613,91,44040,43007,1853,44514,62835,45,1,1
11638,17318,15564,118,52008,50324,1788,52642,87408,80,1,1
11639,9445,7822,95,57201,56107,1890,57720,76973,47,1,1
11640,41203,32612,135,72870,69980,24774,73753,172447,146,1,1
11641,16605,10198,109,61421,60170,15636,62068,104598,55,1,1
11642,15947,15545,111,46270,44556,1888,46902,80386,81,1,1
11643,10026,7896,110,34583,33523,1908,35086,55012,46,1,1
11644,4686,212,90,24391,24186,2026,24677,31684,1,1,1
11645,4575,2038,97,54765,54250,4962,55223,66893,16,1,1
11646,11531,9116,100,47073,45922,1845,47575,70158,52,1,1
11647,41013,32827,105,72617,69544,24055,73502,171503,154,1,1
11648,14804,7805,102,58155,57077,16383,58629,97711,45,1,1
11649,13130,11610,171,44549,43108,1807,45179,71819,63,1,1
11650,13345,12053,102,46164,44732,1850,46786,74130,65,1,1
11651,3535,215,96,24181,23973,2365,24495,30703,1,1,1
11652,12861,11994,107,48101,46676,2084,48658,75691,64,1,1
11653,15816,15136,88,47591,45939,2232,48259,81531,78,1,1
11654,41362,31808,106,70298,67437,24726,71158,169156,145,1,1
11655,12587,7216,104,60938,59992,16438,61412,97750,41,1,1
11656,22866,10314,176,35684,34282,2112,36300,71692,58,1,1
11657,10501,8587,100,33763,32590,1959,34262,55401,50,1,1
11658,2620,819,177,37124,36794,1064,37537,42132,7,1,1
11659,26768,27789,98,55310,52649,2109,56106,112864,133,1,1
11660,14422,13674,95,56506,54921,2681,57079,87952,74,1,1
11661,41196,29616,114,68042,65361,24218,68867,163999,135,1,1
11662,15970,11044,141,61683,60300,14336,71933,113379,59,1,1
11663,15446,14311,133,35085,33493,1799,35713,67372,74,1,1
11664,9281,7880,97,33502,32449,1904,33979,53129,46,1,1
11665,1930,636,93,27319,27022,1042,27643,31335,5,1,1
11666,28291,27105,88,50107,47487,1854,50888,108231,131,1,1
11667,12492,10667,96,52794,51480,1828,53320,78398,59,1,1
11668,41693,27491,196,80685,78108,12317,81615,163218,127,1,1
11669,17067,10980,153,60449,59118,8161,61048,97347,60,1,1
11670,12913,10257,105,36337,35059,1901,36862,62036,56,1,1
11671,7434,4178,90,59025,58149,1829,59428,72954,28,1,2
11672,3277,1209,94,28163,27766,4260,28499,37331,10,1,1
11673,10566,7050,88,42281,41296,2377,42747,62832,42,1,1
11674,19223,22621,103,62208,59953,2742,62928,107608,111,1,1
11675,41794,28580,208,67037,64450,10685,67929,149086,129,1,1
11676,12783,8325,101,58568,57480,7383,59063,87646,46,1,1
11677,8892,4484,131,31806,31047,1802,32266,47546,29,1,1
11678,7480,2625,94,26516,25963,1849,26890,38930,19,1,1
11679,3834,205,94,17308,17110,2163,17614,23901,1,1,1
11680,20839,20249,177,45445,43319,1765,46210,89152,102,1,1
11681,8683,2611,93,38283,37761,1748,38643,51777,17,1,1
11682,19246,20835,207,60779,58674,4890,61574,106639,103,1,1
11683,36101,11905,106,65404,64089,1814,65974,116089,61,1,1
11684,14749,2828,99,54769,54203,1837,55160,74665,19,1,1
11685,4631,211,104,23673,23452,1877,23992,30811,1,1,1
11686,4380,216,96,22714,22528,1828,23008,29514,1,1,1
11687,5113,3472,95,34459,33847,4469,34843,47981,22,1,1
11688,4745,213,87,46214,46011,1781,46544,53377,1,1,1
11689,17054,18584,110,45963,44011,4448,46633,86812,92,1,1
11690,4435,212,88,34381,34181,1695,34686,41108,1,1,1
11691,6964,214,91,54214,54031,1886,54504,63650,1,1,1
11692,40907,39707,129,75328,71723,5012,76342,162064,182,1,1
11693,4331,355,129,24291,24024,1867,24674,31329,3,1,1
11694,18304,18160,98,59109,57139,2725,59802,99085,92,1,1
11695,17242,17455,111,54783,52777,1864,55450,92111,91,1,1
11696,1691,363,97,38053,37796,1000,38365,41505,3,1,1
11697,28406,30071,98,57977,54913,1950,58814,119331,145,1,2
11698,41004,34902,105,77625,74470,13070,78549,167622,161,1,1
11699,16080,11179,105,60161,58847,10536,60787,98674,60,1,1
11700,41431,28667,306,76576,73799,14554,77649,162395,133,1,1
11701,10257,5141,94,32135,31329,16610,32552,64653,32,1,1
11702,23586,17267,96,38531,36633,8513,39158,88616,88,1,1
11703,16959,14827,108,53721,52083,1749,54339,87973,77,1,1
11704,12907,12368,103,48202,46739,1779,48757,75903,67,1,1
11705,41463,33543,107,85109,82004,18832,86089,180022,155,1,1
11706,18823,11913,110,61860,60498,15019,62413,108260,62,1,1
11707,13409,11746,130,47153,45783,1898,47741,74890,63,1,1
11708,9911,8317,100,43265,42105,1734,43747,63800,48,1,1
11709,1966,459,89,37931,37645,1174,38245,41929,4,1,1
11710,28960,31533,93,65987,62885,1909,66881,129376,149,1,2
11711,41988,31751,112,73228,70311,22635,74094,170568,147,1,1
11712,16094,7329,101,58522,57538,16077,58994,98584,43,1,1
11713,13173,12489,136,44101,42676,1880,44719,72358,66,1,1
11714,16431,9688,110,42897,41633,1776,43431,71421,55,1,1
11715,1949,220,87,36259,36051,4744,36558,43569,1,1,1
11716,13968,13468,153,49847,48324,1850,50485,79864,71,1,1
11717,41552,30791,110,72704,69860,24117,73550,170118,143,1,1
11718,17511,10719,185,60409,59153,15316,61022,104659,57,1,1
11719,16911,15284,111,44595,42895,1856,45220,79367,79,1,1
11720,8111,6147,96,32707,31740,1757,33155,49260,38,1,1
11721,4658,209,87,35803,35592,1945,36148,43059,1,1,1
11722,6071,4103,100,42280,41591,4022,42689,56977,26,1,1
11723,16251,16085,96,49785,47994,2342,50401,85174,84,1,1
11724,41497,27757,106,69812,67262,25381,70610,165350,128,1,1
11725,17003,10421,99,57805,56556,15331,58317,101163,56,1,1
11726,17841,18188,112,42990,41067,1745,43656,81523,91,1,1
11727,8112,5851,146,32887,31949,1755,33399,49213,36,1,1
11728,4368,214,89,24032,23793,1969,24318,30952,1,1,1
11729,15129,13626,98,47969,46393,2577,48555,79982,74,1,1
11730,13156,11948,96,55477,54058,2539,56034,83770,66,1,1
11731,41554,24544,127,67487,65135,23103,68262,157558,116,1,1
11732,21047,12814,103,63771,62292,12844,64347,111145,68,1,1
11733,13783,13211,152,36448,34905,1859,37092,66042,71,1,1
11734,10396,9148,101,31889,30675,1902,32397,53935,53,1,1
11735,3210,1173,93,36823,36435,4834,37159,46468,10,1,1
11736,9915,7146,89,47270,46335,1985,47769,66906,40,1,1
11737,13449,12828,101,52886,51383,1778,53458,81604,71,1,1
11738,41769,37110,154,70072,67197,18829,70981,168785,145,1,1
11739,15089,9733,158,59545,58372,11527,60114,96559,51,1,1
11740,12239,8795,136,32215,31058,1909,32757,55792,50,1,1
11741,10093,7913,102,34264,33141,1804,34739,54632,46,1,1
11742,4593,210,87,24126,23917,1953,24419,31258,1,1,1
11743,18873,17357,93,54748,52873,2068,55375,93763,87,1,1
11744,15947,16343,98,56634,54852,2766,57249,92397,84,1,1
11745,41654,27936,110,77763,75243,13759,78587,162035,126,1,1
11746,17962,10175,114,58703,57478,6172,59239,93644,54,1,1
11747,7806,3593,107,31884,31260,1804,32295,45601,22,1,1
11748,7712,5404,100,27870,27066,1857,28289,43347,31,1,1
11749,4498,217,93,17477,17280,1847,17774,24418,1,1,1
11750,5619,2560,97,31667,31146,4061,32033,44355,18,1,1
11751,8211,3996,95,39616,38918,1744,40012,54055,26,1,1
11752,18412,19987,90,58636,56639,3299,59289,101076,96,1,1
11753,41912,25058,199,63551,61286,5167,64382,136825,112,1,1
11754,17477,8786,102,57524,56426,4008,58024,88387,49,1,1
11755,10130,4315,124,28845,28121,1827,29294,45669,28,1,1
11756,4520,220,91,21821,21564,1886,22110,28816,1,1,1
11757,4217,211,95,17191,16996,1861,17498,23870,1,1,1
11758,15533,12337,92,39804,38329,2810,40357,71124,65,1,1
11759,7371,3281,91,37906,37300,1739,38282,50764,22,1,1
11760,16878,26468,154,57038,55331,7186,57709,108334,79,1,1
11761,9430,259,98,54152,53948,1747,54454,65991,1,1,1
11762,6651,214,98,53856,53603,3183,54162,64292,1,1,1
11763,4690,209,102,23123,22916,1806,23428,30233,1,1,1
11764,20010,18937,131,50940,48868,1977,51643,92668,95,1,1
11765,11095,10769,109,43510,42210,1772,44051,67771,58,1,1
11766,4540,214,194,36075,35861,1812,36476,43122,1,1,1
11767,7064,6031,95,46922,46064,2140,47365,62692,36,1,1
11768,40904,33426,112,74204,71088,10263,75098,159829,155,1,1
11769,14575,11193,94,61361,60000,9705,61912,97479,63,1,1
11770,19316,18444,140,48305,46382,1792,49000,88644,92,1,1
11771,10926,8620,148,41489,40363,1876,42039,63557,50,1,1
11772,20065,20144,118,56246,54240,1774,56943,99028,98,1,1
11773,12963,12629,103,51826,50356,1763,52396,79843,69,1,1
11774,41382,36812,103,74702,71414,12433,75631,166362,168,1,1
11775,17413,12786,101,62559,61134,11276,63127,104695,67,1,1
11776,15031,14195,172,46858,45252,1831,47528,78683,74,1,1
11777,10531,9195,99,42573,41390,1787,43084,64687,53,1,1
11778,1753,486,93,38610,38332,981,38928,42235,4,1,1
11779,29261,33337,88,56795,53611,1790,57662,122143,156,1,2
11780,40866,37208,109,75280,72067,22279,76219,176878,164,1,1
11781,41302,37973,208,72759,69387,11058,73800,164234,171,1,1
11782,16629,12791,138,44241,42762,1826,44861,76212,68,1,1
11783,7636,5193,95,34039,33240,1760,34459,49133,32,1,1
11784,9466,6063,93,29051,28183,1842,29479,46941,36,1,1
11785,4101,2359,93,41742,41226,4521,42101,53167,17,1,1
11786,13578,12830,123,50795,49279,1904,51393,79857,69,1,1
11787,41350,39278,207,71944,69278,23790,72862,177387,134,1,1
11788,14440,8992,99,58507,57383,16032,58991,98550,49,1,1
11789,17204,15856,114,45464,43698,1814,46105,81095,81,1,1
11790,7023,4123,99,37760,37028,1887,38168,51285,27,1,1
11791,18045,17169,119,52720,50828,1778,53389,90484,87,1,1
11792,11035,8795,95,55554,54430,1797,56137,77858,49,1,1
11793,41201,33021,128,72571,69601,24434,73467,172228,149,1,1
11794,15991,9663,101,59157,57956,15775,59671,101193,53,1,1
11795,14132,12572,110,42785,41269,1758,43372,71934,67,1,1
11796,10354,8491,103,34234,33101,1811,34737,55479,49,1,1
11797,2118,686,96,39795,39477,989,40125,44003,6,1,1
11798,30649,35495,158,64798,61421,2987,65764,134991,163,1,2
11799,41857,33333,104,70355,67386,23494,71235,170021,149,1,1
11800,15015,7460,100,59554,58574,15987,60011,98564,41,1,1
11801,16323,13562,136,35703,34099,1831,36336,68153,70,1,1
11802,10552,8840,97,35670,34509,1821,36153,57461,50,1,1
11803,2142,701,141,27193,26862,1024,27585,31537,6,1,1
11804,38187,38715,94,53970,50434,2056,54919,133970,178,1,1
11805,16958,17589,97,57058,55175,4573,57688,96901,88,1,1
11806,41135,34036,109,67678,64700,19375,68553,163194,150,1,1
11807,17749,11099,107,61002,59745,11915,61543,102401,57,1,1
11808,42517,21205,150,42270,40103,28726,43018,135791,101,1,1
11809,9424,4328,102,25789,25073,16974,26197,57008,27,1,1
11810,20722,12180,96,25994,24614,8083,26534,67605,63,1,1
11811,6869,3931,92,29622,28934,2944,30016,43843,26,1,1
11812,14929,10512,97,43305,42060,1959,43828,71318,57,1,1
11813,15112,14350,96,53225,51645,1845,53806,85206,75,1,1
11814,41463,32130,186,68350,65517,15840,69275,158812,143,1,1
11815,14197,8308,209,60433,59311,9573,61042,93214,46,1,1
11816,12632,8326,125,34255,33133,1882,34771,57746,47,1,1
11817,7626,4458,103,29496,28773,1733,29909,43818,28,1,1
11818,4121,213,90,23658,23451,1738,23945,30106,1,1,1
11819,12080,11142,99,52277,50928,3224,52821,79358,61,1,1
11820,13451,13704,95,56493,54911,2583,57071,86900,74,1,1
11821,51611,28903,209,64944,62393,6786,65855,153250,128,1,1
11822,13712,8091,104,58021,56970,5112,58507,85513,45,1,1
11823,9598,4281,129,30959,30271,1824,31409,47209,26,1,1
11824,8833,3349,93,25688,25042,1773,26073,40121,24,1,1
11825,1771,344,93,22182,21897,1022,22495,25717,3,1,1
11826,34938,38773,103,58191,54717,1741,59148,134692,175,1,1
11827,12655,13165,99,70228,68703,4700,70861,101474,70,1,1
11828,35365,12494,123,60081,58766,1842,60661,110457,61,1,1
11829,15433,4066,100,59710,59010,1764,60136,81504,26,1,1
11830,4138,223,106,23041,22824,1773,23361,29596,1,1,1
11831,4834,212,170,21089,20900,1794,21466,28435,1,1,1
11832,19146,18285,121,45771,43894,1904,46447,85879,91,1,1
11833,4558,212,87,36040,35838,1803,36335,42989,1,1,1
11834,17846,17958,176,44442,42603,4022,45178,85099,88,1,1
11835,4138,215,152,39286,39056,1795,39682,45929,1,1,1
11836,7664,213,94,54968,54770,1771,55264,64992,1,1,1
11837,40505,45219,126,79027,74975,5430,80103,171564,201,1,1
11838,19013,18044,121,50806,48864,1763,51469,90391,90,1,1
11839,10850,10016,157,42897,41587,1788,43487,66236,56,1,1
11840,1479,318,90,37307,37068,1149,37616,40648,2,1,1
11841,26091,30623,90,59400,56351,1777,60222,118807,143,1,2
11842,41545,31884,102,71575,68639,14752,72429,160706,145,1,1
11843,14812,10235,98,58813,57582,13574,59326,98045,54,1,1
11844,19619,16374,200,53731,51947,2234,54460,92785,82,1,1
11845,9832,8001,99,42774,41580,2208,43267,63402,48,1,1
11846,6505,4327,89,46778,46055,4740,47181,62840,28,1,1
11847,10741,9486,95,49211,47969,1668,49733,71723,54,1,1
11848,40793,33701,116,72680,69647,19870,73574,168035,153,1,1
11849,21066,12735,143,72641,71192,14805,73351,122051,68,1,1
11850,16811,14699,117,44947,43294,1981,45575,79162,78,1,1
11851,7474,4929,98,36766,35996,1771,37199,51459,31,1,1
11852,17701,14478,122,50644,49056,1818,51262,85357,75,1,1
11853,9605,7474,96,45426,44401,1801,45904,64875,45,1,1
11854,41005,36090,126,74827,71571,35402,75787,188419,165,1,1
11855,18419,9751,149,61433,60196,15349,62007,105620,53,1,1
11856,10997,10591,122,44565,43226,1924,45135,68747,59,1,1
11857,9394,8431,87,43274,42121,1816,43755,63482,48,1,1
11858,13323,13321,122,51538,50064,1824,52133,80696,68,1,1
11859,13434,11194,92,48754,47333,2003,49286,76010,64,1,1
11860,41459,35074,175,72257,69163,25342,73225,175207,157,1,1
11861,15685,8194,138,56996,55881,15666,57527,97162,47,1,1
11862,14656,13236,138,44539,42997,1887,45168,75038,70,1,1
11863,10985,10259,92,34697,33291,1807,35214,58358,58,1,1
11864,4347,214,88,24245,24037,1856,24551,31050,1,1,1
11865,12473,11249,96,49167,47821,2215,49706,75734,62,1,1
11866,15477,15189,155,48155,46421,1778,48831,81372,80,1,1
11867,41269,30794,113,71073,68245,25293,71929,169389,142,1,1
11868,17817,12219,103,60349,58915,14970,60913,106014,64,1,1
11869,16932,15822,227,36751,35074,1780,37494,72127,80,1,1
11870,8812,7073,101,31839,30850,1850,32298,50123,41,1,1
11871,3284,211,90,24249,24024,2260,24551,30391,1,1,1
11872,24010,13920,196,48612,47057,1975,49305,89305,74,1,1
11873,10118,9886,96,52323,51078,1696,52843,74639,56,1,1
11874,40838,34192,112,70483,67458,22746,71380,169259,154,1,1
11875,14665,5891,110,56769,55950,14841,57214,92701,34,1,1
11876,16249,15232,149,37446,35826,2001,38100,71679,76,1,1
11877,9488,7876,151,33584,32519,1830,34135,53423,45,1,1
11878,7620,5392,95,50134,49289,4452,50569,68124,33,1,1
11879,9871,8072,92,51199,50080,1804,51685,71516,47,1,1
11880,42147,32147,115,68400,65515,19855,69271,163524,146,1,1
11881,14642,8267,101,57263,56155,11339,57764,92105,47,1,1
11882,11352,8646,153,33144,32020,1847,33704,55648,49,1,1
11883,11481,8454,100,33136,31930,1783,33624,55435,49,1,1
11884,1860,518,94,48025,47607,1017,48339,51819,4,1,2
11885,21718,19746,89,45663,43489,2121,46321,90000,100,1,2
11886,13233,12744,98,52117,50612,1789,52681,80539,68,1,1
11887,42921,22584,115,65211,63040,10837,65933,142372,106,1,1
11888,17698,10279,99,71538,70250,6591,72119,106780,56,1,1
11889,9486,4569,111,36980,36173,2299,37426,53909,28,1,1
11890,7604,2727,120,25392,24793,1946,25798,38170,19,1,1
11891,4126,214,95,17417,17217,2000,17708,24131,1,1,1
11892,11676,9890,95,37361,36119,3451,37878,62987,54,1,1
11893,9082,3432,93,38820,38216,1842,39205,53652,22,1,1
11894,14161,14649,94,57233,55566,5264,57819,91982,76,1,1
11895,42137,26551,109,64288,61930,2873,65050,136913,117,1,1
11896,15258,5886,200,57349,56500,3433,57896,82568,34,1,1
11897,9099,4214,124,28855,28096,2184,29305,44906,29,1,1
11898,4296,213,93,23940,23726,1823,24244,30659,1,1,1
11899,4061,211,95,17485,17269,2118,17773,24248,1,1,1
11900,21548,23072,92,62026,59670,1884,62739,109330,111,1,1
11901,15529,14043,90,48142,46535,8318,48713,86706,72,1,1
11902,4591,340,92,36872,36614,1914,37204,44132,3,1,1
11903,3483,211,89,66526,66321,3365,66881,74031,1,1,1
11904,8523,224,113,54264,54046,2004,54601,65447,1,1,1
11905,4094,212,104,23111,22901,1965,23415,29786,1,1,1
11906,2979,1260,93,22177,21758,5805,22527,32655,10,1,1
11907,17388,16120,99,36678,34906,1916,37292,72808,83,1,1
11908,8871,9034,99,42939,41720,2504,43447,63941,53,1,1
11909,4388,212,86,35641,35434,1958,35929,42571,1,1,1
11910,7986,6484,95,49749,48796,1736,50196,66495,40,1,1
11911,41367,37222,222,79034,75709,12097,80079,170867,166,1,1
11912,15099,11895,106,61481,60087,10846,62046,99978,64,1,1
11913,18743,17753,111,46272,44390,1936,46933,85469,89,1,1
11914,11083,8996,108,46864,45649,1854,47378,69395,52,1,1
11915,21785,20769,119,68299,66170,1924,69050,113624,102,1,1
11916,13915,14179,107,51747,50183,1876,52341,82404,74,1,1
11917,41211,33890,106,74450,71393,11369,75339,161949,154,1,1
11918,15231,9057,94,60567,59452,13510,61073,98962,49,1,1
11919,41767,28485,117,74446,71845,38766,75268,184383,129,1,1
11920,13055,8352,149,28514,27437,16398,29057,66957,45,1,1
11921,19307,11462,96,40358,38963,12253,40896,84011,61,1,1
11922,26135,26536,96,35952,33476,2037,36712,91512,123,1,1
11923,4238,1985,92,41268,40776,4481,41622,52410,15,1,1
11924,11763,10762,94,48065,46727,1803,48604,73023,61,1,1
11925,41056,34927,105,79015,75866,21600,79919,177604,159,1,1
11926,14304,6920,101,70238,69277,16100,70748,108172,40,1,1
11927,17207,19377,142,48381,46351,1830,49098,87614,96,1,1
11928,7079,5147,94,34382,33514,1882,34805,48998,33,1,1
11929,4423,215,89,23285,23076,1860,23572,30152,1,1,1
11930,10464,8466,91,46509,45422,2710,46978,68710,48,1,1
11931,12513,10980,95,48311,46963,1854,48848,74288,62,1,1
11932,41518,33544,106,71529,68517,33169,72420,180756,152,1,1
11933,14260,9099,131,58174,57084,16072,58706,98234,48,1,1
11934,19707,17717,119,45981,44054,1936,46647,86105,88,1,1
11935,6700,4497,99,39541,38739,1784,39957,53030,30,1,1
11936,15305,14443,110,49765,48199,1802,50371,82025,73,1,1
11937,11376,11180,92,46613,45311,1762,47143,71552,60,1,1
11938,51332,32534,170,71893,68915,23277,72832,180071,150,1,1
11939,14762,6831,108,56791,55834,15660,57259,94604,40,1,1
11940,12914,11182,111,36320,34950,1798,36878,62867,61,1,1
11941,9678,8744,95,31375,30287,1733,31864,52108,48,1,1
11942,4656,213,89,24876,24659,1833,25180,31970,1,1,1
11943,5415,3724,92,42396,41758,4505,42799,56534,24,1,1
11944,10690,9318,88,50387,49229,2872,50868,73836,52,1,1
11945,41407,30008,152,71159,68301,20095,72042,163653,141,1,1
11946,15206,10127,99,62655,61421,15620,63175,104219,54,1,1
11947,16175,14075,109,36249,34674,1801,36858,69012,73,1,1
11948,14016,7569,100,33562,32549,1813,34048,57724,43,1,1
11949,1878,474,94,27390,27115,1107,27704,31249,4,1,1
11950,29405,39758,198,52155,49252,1774,53093,124114,143,1,1
11951,11539,10061,97,52426,51133,1839,52950,76483,57,1,1
11952,42017,28752,105,67444,64878,15910,68233,155045,129,1,1
11953,13988,8070,100,59149,58128,12433,59626,94208,44,1,1
11954,12115,11337,131,33357,31982,1879,33931,59365,61,1,1
11955,9814,6893,93,44529,43552,1876,45024,63701,40,1,1
11956,4414,357,103,24649,24383,1860,24975,31692,3,1,1
11957,9492,6959,88,49218,48248,3773,49678,69991,41,1,1
11958,11200,10265,97,51927,50626,1784,52447,75781,58,1,1
11959,42027,32714,105,68404,65479,12015,69260,156116,147,1,1
11960,19794,10866,100,59124,57865,8341,59645,98737,57,1,1
11961,11579,7933,167,38160,37070,1877,38702,60186,45,1,1
11962,7677,5038,93,30324,29532,2030,30734,45570,31,1,1
11963,4574,212,91,23828,23620,2072,24130,31069,1,1,1
11964,16634,15724,97,55110,53285,3282,55707,91442,81,1,1
11965,18822,20864,98,60339,58144,2471,61031,103281,106,1,1
11966,42002,23657,106,63352,61186,5856,64067,135681,107,1,1
11967,28532,11081,147,59824,58523,3888,60412,104007,58,1,1
11968,10360,5600,110,26372,25508,2109,26837,45043,35,1,1
11969,4839,302,88,43162,42765,1887,43458,50574,3,1,2
11970,16940,14152,107,39649,37999,1790,40239,73220,74,1,1
11971,8985,2398,89,38144,37633,1888,38502,51857,17,1,1
11972,16486,15634,97,43760,42092,7536,44353,84101,79,1,1
11973,39465,18427,114,104188,102138,1857,104863,164759,90,1,2
11974,14838,2897,137,54878,54335,1820,55310,74960,18,1,1
11975,4475,220,102,23829,23607,1847,24138,30816,1,1,1
11976,4522,214,105,23356,23149,1983,23664,30484,1,1,1
11977,18357,19078,104,45558,43473,2514,46234,86269,97,1,1
11978,9762,7107,134,71407,70308,1954,71914,90831,41,1,2
11979,10319,9452,101,49684,48490,1928,50205,72008,54,1,1
11980,19000,195,185,54314,54111,2021,54731,76030,1,1,1
11981,3857,1483,98,57554,57131,13884,57911,77221,11,1,1
11982,20905,18016,116,48056,46080,2128,48722,89864,91,1,1
11983,11963,9527,99,41707,40466,1823,42218,65622,54,1,1
11984,1252,214,92,35396,35188,1089,35703,38343,1,1,1
11985,32017,34822,100,70972,67578,2045,71918,140898,162,1,2
11986,40952,36634,136,75814,72580,12981,76767,167427,164,1,1
11987,17497,13018,104,63241,61756,13660,63809,108078,68,1,1
11988,18963,17904,132,49078,47106,1744,49758,88465,90,1,1
11989,9395,8120,99,41181,40085,1765,41670,61034,48,1,1
11990,12176,9810,108,58907,57627,1780,59489,83348,56,1,1
11991,11087,9996,101,49023,47759,1781,49549,72507,57,1,1
11992,40971,33576,106,74181,71172,18613,75051,168308,153,1,1
11993,13867,8399,103,59986,58822,16195,60484,99038,48,1,1
11994,20281,18125,111,48851,46868,1865,49524,89898,92,1,1
11995,7861,5380,100,51574,50664,1808,52060,67202,35,1,1
11996,18649,16329,120,54151,52364,1816,54809,91703,84,1,1
11997,13197,12797,97,51081,49550,1770,51645,79503,70,1,1
11998,41379,32588,106,71680,68705,23201,72555,170050,151,1,1
11999,14887,8204,99,58021,57015,16619,58497,98300,44,1,1
12000,14400,13663,136,45619,44089,1787,46243,76197,70,1,1
12001,10711,8323,100,40320,39215,1911,40810,61840,49,1,1
12002,1643,383,94,37458,37199,1140,37774,41026,3,1,1
12003,20258,21027,96,50236,47976,1821,50917,94116,104,1,2
12004,41054,35121,101,72554,69522,23705,73471,173502,154,1,1
12005,10883,4749,97,56667,55942,16751,57081,89557,28,1,1
12006,12522,10557,176,44422,43054,1849,45035,70058,59,1,1
12007,10177,8630,103,33718,32557,1871,34214,54983,50,1,1
12008,4536,212,86,23844,23636,1733,24143,30709,1,1,1
12009,13377,12360,92,48445,46986,1773,48997,76599,66,1,1
12010,13229,12117,89,46863,45453,1702,47409,74549,66,1,1
12011,41065,33697,109,70671,67636,25451,71552,172070,154,1,1
12012,16002,9490,153,61873,60635,15516,62434,103535,52,1,1
12013,14576,13581,131,36983,35418,1812,37597,67665,71,1,1
12014,9978,8448,100,36647,35505,1783,37142,57443,49,1,1
12015,1202,211,96,24620,24413,1013,24932,27439,1,1,1
12016,29066,28432,95,51956,49189,1740,52770,112100,139,1,1
12017,12934,12597,96,62139,60654,2373,62708,90712,69,1,1
12018,51826,36050,216,71159,67953,22957,72191,183119,162,1,1
12019,16765,8504,98,59053,57990,13472,59536,98372,46,1,1
12020,16264,15507,120,35498,33829,1816,36125,69815,78,1,1
12021,8439,6786,95,36128,35101,1851,36593,53756,40,1,1
12022,2448,601,97,26451,26159,4991,26775,34903,5,1,1
12023,15256,12666,98,46175,44764,1806,46733,76553,66,1,1
12024,13855,11875,96,63527,62135,1777,64125,91724,63,1,1
12025,41373,31880,127,69697,66857,12385,70553,156283,143,1,1
12026,14579,8819,104,58154,57054,9605,58650,91744,49,1,1
12027,41845,24810,134,39039,36616,28553,39813,135118,117,1,1
12028,6764,216,96,24026,23828,1773,24320,33157,1,1,1
12029,9664,5182,93,25554,24763,16988,25969,57902,31,1,1
12030,19176,6763,89,21277,20329,5760,21718,53506,39,1,1
12031,16584,3660,199,32755,32126,4304,33261,57896,24,1,1
12032,12623,8389,95,42431,41367,1804,42924,65834,47,1,1
12033,17326,18070,111,40703,38850,3338,41342,80166,90,1,1
12034,9094,5205,91,39746,38942,1899,40163,56455,33,1,1
12035,41829,29716,109,67492,64809,8727,68307,148680,135,1,1
12036,13812,7483,101,56886,55900,7143,57349,85882,42,1,1
12037,6809,3664,208,32285,31603,1766,32792,45128,24,1,1
12038,8311,2429,97,23604,23070,1818,23971,36621,17,1,1
12039,4443,216,93,20738,20532,2196,21026,27961,1,1,1
12040,15901,9542,94,36360,35132,2637,36862,65035,53,1,1
12041,8054,3990,91,39053,38374,1824,39441,53402,26,1,1
12042,18696,17658,96,56268,54365,4223,56906,97577,90,1,1
12043,28881,8939,104,59210,58117,1801,59717,99440,49,1,1
12044,14446,3258,103,57347,56730,1805,57749,77357,21,1,1
12045,4719,277,211,26553,26337,1792,26983,33905,1,1,1
12046,4623,210,112,21881,21690,1974,22189,29087,1,1,1
12047,2871,1320,93,23410,23035,4815,23751,32843,10,1,1
12048,13615,11300,142,43290,42035,1874,44012,70918,52,1,1
12049,4761,210,105,36851,36638,1743,37157,43958,1,1,1
12050,14556,11352,88,36787,35439,8178,37303,71478,60,1,1
12051,4647,210,95,36336,36134,1827,36626,43393,1,1,1
12052,9520,209,92,54558,54359,2057,54853,66726,1,1,1
12053,26264,21428,199,73030,70762,1765,73850,123403,108,1,1
12054,4382,250,134,23353,23139,1914,23688,30334,1,1,1
12055,12848,9594,97,39256,38055,2972,39759,65261,52,1,1
12056,12795,12339,90,44288,42792,1826,44841,71887,66,1,1
12057,20239,20277,117,57044,54977,1751,57747,100312,100,1,1
12058,14194,12979,98,51078,49556,1935,51660,80862,72,1,1
12059,51852,33823,166,76674,73621,12759,77626,176211,155,1,1
12060,16189,11738,104,62748,61365,10350,63295,101664,63,1,1
12061,18742,18036,117,47607,45671,1786,48295,86965,91,1,1
12062,9143,7256,96,41263,40223,1770,41727,59984,43,1,1
12063,15861,15645,111,55056,53318,1750,55685,89035,81,1,1
12064,10147,9862,144,51724,50468,1855,52311,74268,57,1,1
12065,41330,37536,105,75375,71941,20495,76334,175997,172,1,1
12066,14428,8776,104,60875,59751,15631,61375,100302,49,1,1
12067,13610,11941,111,51092,49704,1895,51662,79215,64,1,1
12068,9461,7184,101,41926,40887,1856,42402,61006,42,1,1
12069,20321,6636,196,40804,39874,1781,41360,70185,38,1,1
12070,3816,2081,95,42601,42099,5025,42958,53967,15,1,1
12071,12653,12882,101,49601,48143,1794,50159,77582,68,1,1
12072,41459,30982,107,73259,70357,24267,74106,171113,142,1,1
12073,16746,11036,96,63416,62095,15590,63940,107403,58,1,1
12074,14045,12025,111,45018,43614,1728,45586,73490,65,1,1
12075,8674,5799,192,41075,40145,1759,41622,57947,36,1,1
12076,11471,9522,128,49563,48347,1886,50106,73098,53,1,1
12077,12424,11452,92,48597,47238,2242,49130,75343,63,1,1
12078,41040,34357,105,72748,69631,25854,73638,174990,158,1,1
12079,17311,9983,102,58284,57079,15568,58797,101755,55,1,1
12080,18270,16810,198,49743,47879,1971,50490,87639,85,1,1
12081,8019,5298,96,43214,42313,1460,43635,58507,33,1,1
12082,11650,10212,105,48618,47345,2056,49151,73163,56,1,1
12083,15167,15583,96,48859,47174,2261,49453,82558,79,1,1
12084,40938,28336,106,69901,67233,26601,70703,166675,133,1,1
12085,16952,21669,143,59573,58273,15328,60151,114195,59,1,1
12086,18053,16503,109,38832,37050,1965,39477,76133,84,1,1
12087,8650,6755,97,32050,31094,1830,32498,49820,40,1,1
12088,4286,214,90,24325,24117,1861,24621,31066,1,1,1
12089,11927,9360,95,44810,43622,3216,45308,69902,53,1,1
12090,11217,11322,99,55607,54269,3217,56147,81994,62,1,1
12091,41197,30338,126,82434,79605,23301,83335,178480,140,1,1
12092,16469,10569,104,60598,59356,14381,61126,102637,56,1,1
12093,13777,13193,113,36379,34844,1900,36965,65935,70,1,1
12094,11080,9398,97,33507,32275,1900,34015,56490,52,1,1
12095,2460,609,89,26208,25890,5644,26519,35318,5,1,1
12096,14607,14151,95,46883,45286,1982,47465,78297,74,1,1
12097,16869,17840,95,55128,53243,1970,55758,92529,90,1,1
12098,42757,33281,203,69503,66488,21207,70479,168024,150,1,1
12099,13375,8188,104,59048,57942,12318,59537,93510,45,1,1
12100,9737,8175,132,79313,78210,1725,79830,99571,46,1,1
12101,10990,6388,101,66718,65752,1725,67169,86374,39,1,1
