batch_id,d1_ns,d2_ns,d3_ns,d4_ns,d5_ns,d6_ns,svc_ns,total_ns,num_faults,num_va_spaces,num_blocks
12102,43962,42052,654,288194,282492,9179,290865,386381,180,1,1
12103,11287,8885,109,138966,137044,11106,139497,170877,48,1,1
12104,14109,13195,106,49002,47398,3794,49574,80779,68,1,1
12105,11447,1456,105,57721,57251,1824,58080,72907,10,1,1
12106,35193,38507,153,79801,75970,1778,80830,156411,178,1,1
12107,4086,208,130,24646,24418,1782,25003,31173,1,1,1
12108,4714,2978,93,51177,50595,952,51561,60300,20,1,1
12109,22236,23791,93,63231,60612,1744,63968,112039,119,1,2
12110,40910,44450,166,77208,73705,13432,78205,177093,156,1,1
12111,15110,10901,102,61783,60475,9607,62332,98044,60,1,1
12112,18725,15723,139,61494,59772,1896,62156,98600,82,1,1
12113,9739,7780,102,66021,64967,2055,66523,86198,46,1,1
12114,41622,32198,153,75256,71760,14303,76186,164406,151,1,1
12115,12573,7630,101,57865,56774,10688,58346,89335,42,1,1
12116,17301,15795,137,58671,56923,1723,59346,94268,82,1,1
12117,6752,4751,102,37359,36594,1797,37779,51171,30,1,1
12118,11799,10536,100,54966,53671,1930,55535,79898,58,1,1
12119,41125,38693,111,77204,73745,6562,78185,164658,176,1,1
12120,12194,6881,104,57498,56573,14268,57956,91393,39,1,1
12121,17927,17917,108,59981,58010,1743,60651,98334,90,1,1
12122,12563,11031,100,56433,54962,1778,56980,82444,63,1,1
12123,41243,29771,170,72475,69653,20820,73375,165307,141,1,1
12124,11280,6572,104,57983,56988,12932,58446,89323,39,1,1
12125,15607,15499,112,59825,58102,1972,60465,93638,82,1,1
12126,12247,11639,101,66287,64913,1862,66883,92730,63,1,1
12127,41695,28100,108,71246,68526,26411,72058,168359,132,1,1
12128,14080,7725,99,58110,57092,16573,58594,97067,44,1,1
12129,18128,15756,130,68951,67179,1912,69626,105527,84,1,1
12130,21751,8797,161,57534,56363,1831,58126,90602,51,1,1
12131,41616,29635,126,72078,69332,25937,72958,170251,136,1,1
12132,13273,4914,144,57816,57049,13488,58288,90056,30,1,1
12133,17702,17573,107,59441,57474,1481,60102,96956,90,1,1
12134,14356,13998,146,58386,56817,1772,59044,89264,74,1,1
12135,40918,29919,128,73650,70822,20440,74526,165901,141,1,1
12136,12551,7643,106,58348,57293,11762,58841,90905,45,1,1
12137,16332,12997,109,56642,55140,1792,57234,88476,70,1,1
12138,8127,4573,139,38649,37885,1776,39121,53682,29,1,1
12139,4277,211,98,36351,36129,1935,36670,43177,1,1,1
12140,41379,32254,107,73121,70083,22321,73991,170045,150,1,1
12141,14453,7258,102,60319,59328,10856,60786,93439,42,1,1
12142,17630,16759,129,58490,56594,1810,59166,95467,86,1,1
12143,12324,12257,193,43542,42139,2056,44202,70935,65,1,1
12144,4517,214,90,36419,36192,1871,36712,43395,1,1,1
12145,41241,41351,101,73549,69876,3152,74530,160374,183,1,1
12146,13247,9037,180,68945,67786,6356,69529,98273,50,1,1
12147,30094,19174,175,60469,58295,1977,61231,112575,96,1,1
12148,16062,16746,100,45125,43286,1994,45756,80652,87,1,1
12149,19377,12979,126,101152,99333,2096,101748,136302,66,1,2
12150,12962,10076,110,88445,86096,4632,89169,116980,55,1,1
12151,20807,24614,158,51604,48822,1866,52449,99841,117,1,1
12152,13280,12863,95,41301,39774,1944,41865,70046,70,1,1
12153,4968,216,108,37069,36846,1745,37401,44436,1,1,1
12154,41968,32900,148,72059,69050,9288,73011,157261,149,1,1
12155,13016,9789,96,71469,70050,1756,71986,96641,55,1,1
12156,15949,15377,143,46120,44334,1796,46782,80007,80,1,1
12157,12959,11104,103,39992,38667,1835,40536,66527,61,1,1
12158,24146,22198,109,77631,75340,1925,78354,126718,109,1,1
12159,15573,16304,106,74432,72656,1790,75060,108821,85,1,1
12160,13889,11884,148,41871,40478,1866,42481,70220,64,1,1
12161,10492,7308,103,37833,36771,1780,38303,57976,45,1,1
12162,19218,19452,107,76979,74950,2103,77668,118536,98,1,1
12163,13533,12708,110,73644,72005,1814,74236,102386,70,1,1
12164,19403,17454,145,44458,42644,1871,45145,83968,86,1,1
12165,11024,9546,99,37837,36604,1756,38357,60776,54,1,1
12166,27022,28415,110,80273,77529,1954,81100,138585,137,1,1
12167,10787,9637,100,70960,69710,1784,71483,93788,55,1,1
12168,12941,10203,169,41300,40020,1858,41914,67021,57,1,1
12169,10130,8358,100,34067,32926,1815,34564,54961,49,1,1
12170,4289,228,103,25660,25443,1916,25971,32500,1,1,1
12171,5670,3573,98,45336,44700,5780,45727,60841,23,1,1
12172,11625,8508,92,60867,59774,1805,61353,83388,49,1,1
12173,18634,19488,99,71069,68987,1788,71754,111758,100,1,1
12174,42298,9862,224,33152,31971,21081,33804,107141,52,1,1
12175,11945,1947,100,23749,23272,10263,24104,48353,14,1,1
12176,20268,7022,123,23546,22559,5182,24023,56591,39,1,1
12177,4528,214,89,24124,23922,1746,24413,30993,1,1,1
12178,23976,23303,107,74958,72484,1820,75699,124899,114,1,1
12179,12940,11236,237,84457,83044,1744,85206,111224,63,1,1
12180,10920,7361,139,34529,33539,1871,35050,55347,42,1,1
12181,7866,4440,97,31075,30314,1750,31484,45638,28,1,1
12182,4192,212,93,24054,23843,1970,24360,30826,1,1,1
12183,22030,22039,104,81170,78980,1791,81882,127840,108,1,1
12184,12125,10772,206,85654,84336,1886,86364,111246,60,1,1
12185,8956,6250,133,36227,35313,1749,36731,53784,37,1,1
12186,7891,4435,100,30361,29591,1974,30769,45164,28,1,1
12187,4538,213,103,24774,24556,1875,25086,31811,1,1,1
12188,20550,19503,105,59455,57454,1942,60123,102211,97,1,1
12189,12984,9206,94,104882,103589,8035,105378,135697,52,1,2
12190,9799,2040,190,54783,54330,3790,55254,70979,14,1,1
12191,9879,4255,125,31810,31087,1755,32254,48280,27,1,1
12192,4476,357,91,22500,22238,1796,22810,29532,3,1,1
12193,4255,652,105,42131,41723,1946,42470,49422,5,1,2
12194,18746,19805,133,78314,76312,1711,79021,119381,97,1,1
12195,11353,19520,190,75534,74298,1739,76140,108848,56,1,1
12196,4182,264,126,24487,24207,1779,24827,31186,1,1,1
12197,4215,207,99,18583,18367,1929,18884,25329,1,1,1
12198,4888,212,94,21966,21758,1726,22253,29167,1,1,1
12199,18894,18217,124,61315,59409,1840,61993,101040,92,1,1
12200,17937,5384,95,92858,91978,6077,93280,122781,31,1,2
12201,18643,15097,209,67274,65603,1868,67991,103695,79,1,1
12202,8135,365,117,55772,55517,1790,56122,66507,3,1,1
12203,4110,303,122,23133,22883,1776,23479,29761,2,1,1
12204,21691,22959,128,65249,62974,1815,66004,112563,112,1,1
12205,14893,14738,105,62920,61251,1878,63541,95146,78,1,1
12206,12989,3354,165,58047,57453,1896,58519,76855,21,1,1
12207,24687,29658,131,73904,71121,1852,74750,131050,138,1,1
12208,4084,218,125,22910,22694,2024,23254,29673,1,1,1
12209,16653,15492,106,57729,56041,2705,58347,93288,81,1,1
12210,12749,13226,92,60065,58523,2222,60637,88927,72,1,1
12211,41535,31152,206,76848,73980,13866,77814,164467,145,1,1
12212,14208,8199,103,59001,57925,11024,59501,93024,47,1,1
12213,20303,19517,130,62994,60962,1703,63701,105320,98,1,1
12214,10973,9229,100,66629,65442,2043,67192,89536,53,1,1
12215,41032,36164,114,75844,72570,9988,76777,164096,164,1,1
12216,13488,7485,102,59460,58490,12810,59948,93825,42,1,1
12217,22506,23702,136,61318,58951,1724,62084,110121,115,1,1
12218,9468,8197,149,55126,54013,1817,55680,75258,48,1,1
12219,40711,39760,111,77460,73804,9108,78445,168117,183,1,1
12220,13577,5877,104,58560,57709,13543,59081,92174,35,1,1
12221,20206,21861,142,67153,64883,1891,67931,111989,111,1,1
12222,13566,12831,151,60139,58644,1894,60773,89162,70,1,1
12223,41667,27356,128,70536,67921,26285,71365,166768,130,1,1
12224,15369,8069,99,58067,57039,15886,58550,97969,45,1,1
12225,21317,22838,111,61783,59396,1806,62528,108594,114,1,1
12226,11093,11167,150,58584,57231,3456,59184,85000,62,1,1
12227,42159,32567,108,73514,70550,22293,74385,171500,149,1,1
12228,17534,12456,100,61359,59871,15074,61929,107089,67,1,1
12229,20952,33787,147,63645,61282,2217,64452,121510,116,1,1
12230,12346,11549,138,57968,56566,1961,58559,84512,65,1,1
12231,42235,28759,109,70339,67662,22540,71152,164827,134,1,1
12232,13454,7266,101,58304,57324,12395,58779,91985,42,1,1
12233,19018,20380,177,62820,60690,1881,63590,104971,103,1,1
12234,12194,10965,101,55488,54134,1985,56034,81272,62,1,1
12235,41209,31593,108,71815,68931,19940,72672,165514,145,1,1
12236,15849,11266,112,64082,62742,10379,64651,102245,62,1,1
12237,20506,20719,176,62196,60044,2033,62979,106337,104,1,1
12238,12947,13240,102,55145,53637,1936,55729,83947,71,1,1
12239,42159,24873,109,68484,66084,26940,69246,163316,117,1,1
12240,11504,5762,102,59311,58452,13080,59766,90206,35,1,1
12241,19403,21039,173,59394,57283,1840,60168,102552,103,1,1
12242,13725,13484,102,44149,42605,1782,44724,73809,73,1,1
12243,4214,210,98,35918,35706,1846,36210,42570,1,1,1
12244,42105,29639,127,69754,66984,22577,70627,165046,139,1,1
12245,14143,5840,104,67147,66284,11804,67646,99531,35,1,1
12246,16989,15614,119,56409,54681,1817,57055,91570,80,1,1
12247,11847,10650,105,46228,44940,1942,46769,71299,59,1,1
12248,41934,28755,127,71426,68699,21758,72272,164813,135,1,1
12249,11542,11359,108,81058,79638,1924,81667,106589,64,1,1
12250,41795,11559,119,65370,64019,28540,65942,147934,61,1,1
12251,11344,3656,97,33331,32696,15770,33719,64594,22,1,1
12252,27761,13751,100,46926,45440,8209,47485,97303,68,1,1
12253,4608,208,103,36190,35983,1852,36516,43285,1,1,1
12254,41181,32094,140,71319,68367,38580,72201,184207,145,1,1
12255,9363,8998,145,67843,66622,1838,68410,88708,51,1,1
12256,14290,11087,112,42829,41489,1913,43396,70782,61,1,1
12257,10641,8897,95,37804,36560,1838,38295,59766,53,1,1
12258,20845,17828,110,76733,74818,1797,77401,117988,92,1,1
12259,14351,14293,145,73249,71523,1840,73914,104495,79,1,1
12260,19392,18001,136,44332,42394,1816,45043,84350,93,1,1
12261,9789,8656,94,38408,37337,1828,38878,59243,47,1,1
12262,25402,26192,109,76970,74425,1833,77770,131293,127,1,1
12263,9695,6751,150,68322,67348,1841,68854,87235,41,1,1
12264,18138,19352,129,45276,43204,2356,45988,85974,96,1,1
12265,10618,10213,101,39086,37811,1737,39606,62269,57,1,1
12266,23805,22712,106,75089,72800,1732,75826,124176,113,1,1
12267,7949,6315,143,45815,44879,3925,46332,64617,39,1,1
12268,19126,13517,98,61076,59544,2248,61652,96638,71,1,1
12269,15844,12946,108,39795,38330,1458,40381,70729,68,1,1
12270,10915,8574,100,31006,29881,1631,31509,52721,50,1,1
12271,3806,216,101,32546,32317,1498,32870,38499,1,1,1
12272,12393,11810,101,72634,71235,5096,73259,102650,64,1,1
12273,11363,9860,142,69791,68517,2386,70357,94060,55,1,1
12274,15471,10761,127,32531,31232,1801,33092,61258,58,1,1
12275,10445,6336,96,27913,26926,1841,28349,47066,37,1,1
12276,4217,211,101,24884,24667,1883,25204,31609,1,1,1
12277,23677,24885,125,75439,72999,1727,76240,126632,121,1,1
12278,11461,10424,152,73635,72340,1799,74232,98011,59,1,1
12279,9635,5729,129,29504,28665,1798,29983,47281,34,1,1
12280,7470,5250,99,29904,29109,1942,30328,45084,32,1,1
12281,4177,212,100,23921,23717,1833,24216,30527,1,1,1
12282,20130,18667,108,76243,74322,1865,76910,117666,93,1,1
12283,10733,9571,152,73390,72176,1831,73967,96197,55,1,1
12284,9376,5420,134,29474,28654,1815,29948,46654,33,1,1
12285,7938,5557,99,33222,32385,1864,33654,49107,34,1,1
12286,23501,26740,112,81328,78746,1887,82135,134361,129,1,1
12287,11176,8860,154,76157,74888,1835,76734,98703,53,1,1
12288,10272,3544,129,30661,30042,1852,31099,46864,22,1,1
12289,4362,329,97,22739,22478,1836,23050,29672,3,1,1
12290,4598,209,106,24852,24631,1874,25159,31932,1,1,1
12291,4651,213,86,17243,17050,1823,17529,24306,1,1,1
12292,10582,8115,98,52699,51646,5049,53179,77022,47,1,1
12293,16135,12141,135,119765,118203,3459,120416,152256,65,1,2
12294,5687,214,100,53595,53378,2854,53910,62757,1,1,1
12295,4195,233,97,23697,23479,1781,23996,30357,1,1,1
12296,4376,298,108,39254,38871,1842,39581,46197,2,1,2
12297,25359,22541,106,80369,78128,1859,81085,130943,109,1,1
12298,10320,8890,197,56157,55011,1837,56781,77923,51,1,1
12299,8639,610,100,55464,55175,1746,55800,66930,5,1,1
12300,2369,214,95,21764,21551,2873,22073,27620,1,1,1
12301,19739,19205,113,61528,59480,1803,62212,103055,98,1,1
12302,11357,11707,101,63747,62251,1821,64300,89279,64,1,1
12303,5704,254,147,56984,56773,2048,57346,65458,1,1,1
12304,32460,39920,132,76927,73275,1749,77927,152153,182,1,1
12305,16466,17732,133,63507,61633,1824,64182,100303,90,1,1
12306,9582,8721,105,57669,56387,2126,58182,78707,50,1,1
12307,41083,31608,149,75684,72611,13381,76571,162789,146,1,1
12308,14077,8596,107,58640,57536,10688,59157,92610,48,1,1
12309,18517,15741,109,60704,58977,1805,61337,97496,81,1,1
12310,9759,8614,119,56923,55692,2088,57455,78023,50,1,1
12311,10954,8416,143,46107,45019,1896,46640,68002,48,1,1
12312,40808,35328,129,74474,71281,10950,75387,162581,160,1,1
12313,10375,6552,103,58614,57728,14688,59091,90799,37,1,1
12314,20729,19194,113,63324,61302,1590,64007,105619,97,1,1
12315,10678,9977,142,56641,55365,1513,57218,79493,57,1,1
12316,41121,36610,132,75890,72552,9477,76845,164209,168,1,1
12317,13735,7849,104,58954,57878,10893,59434,92004,46,1,1
12318,21418,20487,113,64315,62226,1724,65006,108735,101,1,1
12319,11288,11005,159,61176,59832,1790,61785,85962,62,1,1
12320,41323,30079,132,72101,69333,22860,72954,167356,138,1,1
12321,12546,7770,100,59617,58576,16509,60117,97025,45,1,1
12322,19003,17548,130,58609,56720,1956,59284,97890,90,1,1
12323,9943,8460,156,61283,60149,1766,61842,82103,50,1,1
12324,41550,31347,126,72333,69391,24171,73203,170410,142,1,1
12325,13837,7046,105,57065,56110,23186,57541,101724,41,1,1
12326,41771,14454,116,57835,56243,26824,58496,141651,73,1,1
12327,21602,7422,113,45849,44859,15914,46327,91350,42,1,1
12328,21568,5565,95,38929,38141,1815,39349,68382,32,1,1
12329,9718,4071,95,29498,28836,15102,29887,58869,25,1,1
12330,27869,17573,97,42230,40431,8815,42855,97199,86,1,1
12331,15061,8405,91,41263,40238,1765,41737,67054,45,1,1
12332,41327,26619,113,69742,67164,14404,70523,152968,126,1,1
12333,11017,3848,106,67104,66424,16461,67553,98979,24,1,1
12334,23478,25876,121,61886,59313,2045,62695,114193,126,1,1
12335,11720,11614,96,54031,52556,1765,54580,79763,64,1,1
12336,41679,25309,153,70214,67771,23195,71018,161305,119,1,1
12337,11780,5311,150,59067,58243,11159,59557,87899,33,1,1
12338,20759,21722,127,58921,56776,1854,59656,104129,105,1,1
12339,13361,13430,102,53945,52407,1771,54524,83180,72,1,1
12340,41689,28142,109,69803,67126,21566,70608,162105,132,1,1
12341,13715,6155,149,61020,60122,10972,61525,92459,37,1,1
12342,18429,20187,132,62379,60286,1820,63101,103636,100,1,1
12343,14340,13692,102,41245,39684,1852,41843,71811,73,1,1
12344,4143,215,103,43622,43397,1954,43947,50365,1,1,1
12345,41563,31450,131,83454,80498,28597,84383,186090,146,1,1
12346,12763,6097,111,59854,58974,14467,60328,93752,37,1,1
12347,17588,17642,109,46631,44743,1880,47293,84498,89,1,1
12348,13700,13784,102,78420,76722,1787,79016,108377,74,1,2
12349,41894,22759,103,67204,64892,35942,67920,168613,109,1,1
12350,13217,14007,144,72829,71243,1767,73487,102575,75,1,1
12351,20419,18569,114,44484,42543,1835,45161,86081,93,1,1
12352,12167,12169,101,39727,38267,1726,40282,66428,67,1,1
12353,4669,227,105,37539,37322,1708,37852,44548,1,1,1
12354,10826,2402,93,55199,54697,35242,55560,104118,16,1,1
12355,19361,17649,162,76211,74580,1910,76862,116309,76,1,1
12356,17585,17168,133,43267,41437,1697,43935,80526,87,1,1
12357,12619,11999,98,41729,40217,1826,42281,68817,66,1,1
12358,25366,25069,130,78045,75481,1840,78859,131230,123,1,1
12359,12677,10860,147,71596,70172,1933,72201,97766,62,1,1
12360,17447,14782,134,41227,39551,1827,41872,76075,78,1,1
12361,10566,8817,96,40765,39564,1810,41262,62548,50,1,1
12362,22307,22218,111,78647,76425,1738,79390,125750,109,1,1
12363,10081,8649,143,68075,66942,1904,68638,89366,51,1,1
12364,15696,14048,108,41229,39640,1769,41840,73454,74,1,1
12365,11082,10379,103,32051,30744,1846,32578,55978,56,1,1
12366,4195,212,93,24037,23824,1905,24344,30739,1,1,1
12367,25429,25967,105,76003,73431,1925,76821,130241,127,1,1
12368,12178,11300,153,68497,67143,3090,69118,95782,62,1,1
12369,14412,11456,136,39643,38280,1821,40240,68072,62,1,1
12370,10743,8009,94,30459,29367,1758,30932,51534,47,1,1
12371,4190,223,105,24828,24603,1820,25142,31469,1,1,1
12372,20731,22068,97,76093,73864,1757,76803,121454,109,1,1
12373,13520,13902,160,70105,68494,1897,70774,100177,75,1,1
12374,15882,11337,127,32228,30891,1781,32802,61900,61,1,1
12375,6964,3947,101,27738,27012,1893,28147,41045,27,1,1
12376,4287,215,106,24760,24538,1764,25073,31437,1,1,1
12377,21354,22569,129,76951,74661,1842,77718,123586,112,1,1
12378,11846,9847,188,73178,71899,1769,73802,97349,57,1,1
12379,11555,6521,129,30447,29532,1823,30935,50932,38,1,1
12380,7641,4856,102,33504,32759,1828,33920,48335,29,1,1
12381,4110,209,108,25629,25404,1809,25945,32172,1,1,1
12382,21591,21272,116,81444,79267,1992,82173,127128,105,1,1
12383,11574,11132,153,72933,71552,2393,73557,98753,63,1,1
12384,8990,3517,101,30312,29679,1794,30722,45167,23,1,1
12385,4500,213,95,21963,21753,1813,22264,28880,1,1,1
12386,4488,226,90,23819,23627,1770,24108,30674,1,1,1
12387,4470,213,90,17099,16905,1874,17383,24021,1,1,1
12388,25862,26761,137,80551,78034,1768,81359,135849,126,1,1
12389,10753,9306,194,57898,56682,1727,58505,80374,54,1,1
12390,4071,211,125,53958,53752,1728,54295,60442,1,1,1
12391,9172,3059,125,30510,29929,1824,30928,45083,20,1,1
12392,4202,216,100,21361,21162,1804,21660,27965,1,1,1
12393,4506,228,108,24964,24746,1795,25289,31914,1,1,1
12394,4465,212,93,17401,17203,1783,17693,24235,1,1,1
12395,20286,22415,92,58972,56743,2207,59689,104680,111,1,1
12396,4866,219,206,52961,52771,1732,53375,60277,1,1,1
12397,12486,11009,104,56378,55059,1728,56928,82235,61,1,1
12398,7674,358,100,54466,54216,1720,54801,64690,3,1,1
12399,4250,209,122,22543,22328,1734,22871,29159,1,1,1
12400,4216,210,124,18385,18175,1693,18718,24933,1,1,1
12401,4524,213,87,21275,21070,1792,21560,28173,1,1,1
12402,3828,1699,98,46713,46271,954,47077,53645,13,1,1
12403,25813,20084,213,61896,59862,2150,62695,110827,100,1,1
12404,11144,9410,99,57162,55966,1765,57678,80083,54,1,1
12405,41155,45823,109,79339,75365,4518,80412,172003,205,1,1
12406,4412,211,180,24346,24129,1817,24760,31294,1,1,1
12407,23996,25711,111,77413,74897,1990,78258,130058,125,1,1
12408,9069,7573,107,63239,62210,1738,63722,82194,45,1,1
12409,13021,2043,106,57731,57266,1844,58115,75119,14,1,1
12410,4410,2275,100,58060,57550,9173,58436,74380,17,1,1
12411,42204,22045,107,90343,88190,12680,91090,168115,105,1,1
12412,11662,3620,108,28867,28249,11147,29266,55793,22,1,1
12413,16360,8595,100,47828,46719,6502,48335,79887,49,1,1
12414,41007,30287,108,74608,71836,13344,75452,160196,139,1,1
12415,9148,6072,103,58561,57705,11473,59003,85788,35,1,1
12416,18237,15577,154,62942,61235,1789,63607,99312,81,1,1
12417,11638,11027,131,55810,54445,1835,56390,80986,63,1,1
12418,41155,31607,109,75927,72952,13604,76801,163271,148,1,1
12419,13929,7840,107,60090,59059,13347,60577,95788,44,1,1
12420,21662,22415,158,65728,63447,1786,66507,112469,110,1,1
12421,9617,8162,103,55683,54616,1892,56163,75929,47,1,1
12422,41618,23631,136,69122,66799,25922,69915,161181,115,1,1
12423,14185,8495,110,60236,59167,15979,60749,99508,47,1,1
12424,20697,22642,146,65158,62905,2016,65925,111380,111,1,1
12425,12618,10838,98,57064,55582,1766,57602,82918,60,1,1
12426,41126,32361,126,73668,70634,16911,74581,165079,153,1,1
12427,13421,7587,104,68670,67680,15051,69191,105347,43,1,1
12428,21799,23450,140,65935,63551,1895,66713,113955,116,1,1
12429,9783,8345,99,54327,53199,1861,54832,74912,50,1,1
12430,41730,29772,109,71889,69087,27105,72730,171439,139,1,1
12431,13652,7983,142,58773,57757,15196,59297,96224,44,1,1
12432,22595,24350,131,62692,60310,1787,63486,112363,118,1,1
12433,11763,10665,102,55994,54680,1847,56532,80898,60,1,1
12434,41624,27014,128,71979,69414,25365,72802,166904,128,1,1
12435,14302,6260,142,59758,58881,13102,60262,94023,36,1,1
12436,18978,21171,136,61212,59070,1808,61954,104005,104,1,1
12437,13407,12544,102,56606,55129,1774,57181,84997,69,1,1
12438,41591,26705,114,72592,70091,34036,73377,175808,124,1,1
12439,14384,6183,140,59055,58191,11945,59559,92163,36,1,1
12440,19798,21077,106,59566,57381,1903,60288,103163,105,1,1
12441,11882,11058,97,55231,53886,2406,55788,81227,62,1,1
12442,41443,30405,112,80775,77860,18831,81670,172456,144,1,1
12443,13737,5361,108,59272,58474,9786,59730,88710,32,1,1
12444,14070,14070,107,56579,54989,1865,57189,87331,75,1,1
12445,16067,15513,106,42328,40633,1759,42937,76367,80,1,1
12446,4336,344,105,37982,37711,1737,38316,44833,3,1,1
12447,50226,24330,156,67886,65567,28289,68683,171634,115,1,1
12448,13268,6556,100,59089,58199,14018,59542,93479,37,1,1
12449,19926,21583,138,44922,42745,1783,45685,89071,107,1,1
12450,14488,13383,107,40026,38484,1711,40612,70288,72,1,1
12451,4140,211,98,35364,35121,1800,35680,41924,1,1,1
12452,41322,36931,151,70897,68192,25460,71770,175586,136,1,1
12453,13303,11438,102,69875,68525,1739,70431,97005,63,1,1
12454,22972,23686,131,45265,42937,1719,46025,94501,115,1,1
12455,20798,12366,132,41362,39921,1830,41974,77067,67,1,1
12456,23144,21596,131,86316,84107,1784,87109,133736,108,1,1
12457,13015,12520,112,72343,70888,1748,72933,100309,68,1,1
12458,17572,16049,133,42644,40857,1769,43312,78807,84,1,1
12459,12573,11767,101,40486,39099,1864,41039,67335,64,1,1
12460,26652,34605,173,76846,74311,1983,77697,141036,124,1,1
12461,10166,7853,104,69899,68811,1804,70387,90304,47,1,1
12462,16825,15168,137,41200,39534,1742,41842,75671,79,1,1
12463,10583,9278,95,39730,38570,1835,40230,62017,52,1,1
12464,36332,23623,154,77229,74832,1749,78029,139841,118,1,1
12465,8816,6932,101,68361,67335,1697,68838,86377,43,1,1
12466,15119,11870,135,39433,38009,1720,40038,68838,65,1,1
12467,11192,9708,96,30868,29614,2353,31379,54724,56,1,1
12468,4092,215,99,23963,23751,2063,24274,30733,1,1,1
12469,25280,27072,215,98292,95594,1828,99196,153477,131,1,1
12470,14695,13388,118,70418,68867,1734,71023,100937,73,1,1
12471,14291,12426,135,48202,39533,2102,48818,77885,66,1,1
12472,11341,8996,104,32065,30892,1769,32589,54798,52,1,1
12473,22490,33158,216,76168,73733,1773,77049,134564,121,1,1
12474,12257,10381,98,74323,73059,1756,74862,99350,58,1,1
12475,14251,10556,107,31684,30397,1900,32226,59030,58,1,1
12476,7684,4976,97,31505,30676,1776,31927,46454,32,1,1
12477,4380,210,133,25810,25590,1817,26158,32657,1,1,1
12478,6995,4096,96,54204,53512,4273,54670,70127,27,1,1
12479,9837,5517,106,57699,56838,2241,58166,75857,35,1,1
12480,14119,12623,105,73669,72103,1993,74238,103069,68,1,1
12481,42307,9577,134,31076,29947,15939,31614,99537,50,1,1
12482,11146,4223,94,24488,23765,9080,24888,49428,27,1,1
12483,20583,5417,101,20598,19802,2875,21021,49991,32,1,1
12484,4168,220,102,34349,34137,1803,34722,41004,1,1,1
12485,23109,22671,133,79919,77591,1864,80683,128418,110,1,1
12486,14377,13197,100,72658,71119,1918,73243,102830,72,1,1
12487,8422,4812,104,30669,29821,1786,31107,46222,30,1,1
12488,4396,576,100,21504,21189,1696,21828,28591,5,1,1
12489,4680,546,100,40624,40198,1803,40955,48077,5,1,2
12490,21057,22494,183,78002,75723,1730,78811,124192,112,1,1
12491,12263,11757,145,74497,72987,1870,75099,101086,66,1,1
12492,10147,3889,136,32490,31837,1866,32953,48946,24,1,1
12493,4577,328,93,21254,20982,1844,21564,28405,3,1,1
12494,20632,20850,108,90195,88015,1865,90946,134386,103,1,1
12495,10205,8789,105,55034,53891,1860,55532,76480,51,1,1
12496,14129,1701,95,53964,53546,1850,54323,72095,12,1,1
12497,4374,213,124,22457,22241,1875,22790,29340,1,1,1
12498,4183,208,124,18392,18182,1775,18720,24977,1,1,1
12499,4976,208,95,22024,21831,1851,22314,29441,1,1,1
12500,11065,10843,99,66687,65379,3810,67269,93081,60,1,1
12501,13629,13244,112,59304,57775,2940,59900,89804,72,1,1
12502,9091,213,88,54058,53863,1866,54347,65607,1,1,1
12503,39962,45160,112,78529,74503,1781,79597,166593,205,1,1
12504,4396,249,122,32150,31932,1949,32519,39207,1,1,1
12505,20889,21575,136,62299,60117,1740,63041,107590,107,1,1
12506,10008,8513,100,58120,57022,1777,58627,79019,48,1,1
12507,5760,219,127,55343,55130,1771,55688,63525,1,1,1
12508,12616,8944,106,63679,62497,7753,64190,93597,52,1,1
12509,24058,12277,188,58686,57262,1888,59338,97655,65,1,1
12510,10490,10069,102,54556,53321,2176,55077,77907,56,1,1
12511,41190,32317,137,72339,69348,12570,73242,159414,150,1,1
12512,14648,9719,127,62987,61799,9997,63548,98007,53,1,1
12513,21681,22664,162,69364,67049,2110,70160,116713,110,1,1
12514,9674,8440,96,60211,59077,1829,60706,80734,49,1,1
12515,43330,36785,156,78898,75520,8082,79907,168388,168,1,1
12516,14098,10682,100,60545,59260,12321,61070,98258,57,1,1
12517,19527,20066,154,66680,64478,1875,67441,109005,99,1,1
12518,9120,7767,102,58737,57621,1745,59224,77942,46,1,1
12519,41532,27033,136,74136,71498,20629,74940,164228,127,1,1
12520,13712,8335,99,69373,68251,15980,69899,108024,48,1,1
12521,21586,21293,139,63558,61253,1900,64322,109199,108,1,1
12522,13057,12858,105,56015,54484,1933,56591,84532,71,1,1
12523,41206,32225,103,75597,72537,15530,76463,165520,150,1,1
12524,37720,31016,152,71454,68498,7061,72369,148261,147,1,1
12525,22835,25552,105,63976,61480,1845,64746,115080,124,1,1
12526,13504,13468,101,56889,55357,1815,57472,86350,72,1,1
12527,42307,26098,116,71753,69263,37655,72546,178707,124,1,1
12528,13607,7371,138,58608,57657,16073,59113,96251,40,1,1
12529,20597,20465,113,62794,60636,2106,63506,106770,104,1,1
12530,11900,12030,106,55403,53957,1838,55960,81814,66,1,1
12531,41320,29191,110,82296,79530,21611,83177,175392,139,1,1
12532,13979,9501,106,61385,60199,10061,61904,95538,51,1,1
12533,17977,18466,130,59873,57873,1838,60564,98940,94,1,1
12534,12377,12039,103,54817,53383,1800,55383,81685,66,1,1
12535,50766,27721,148,71075,68455,29310,71923,179822,129,1,1
12536,13976,6239,101,58874,57977,15611,59325,95235,38,1,1
12537,13979,12034,130,55838,54429,1804,56427,84338,64,1,1
12538,7791,5185,98,37139,36325,1736,37583,52379,33,1,1
12539,4762,326,97,37280,37013,1844,37594,44610,3,1,1
12540,41657,30274,142,71063,68305,19344,71935,163314,138,1,1
12541,14515,5690,102,57938,57136,11370,58380,90056,33,1,1
12542,18213,18918,177,58096,56050,1760,58851,97837,96,1,1
12543,14187,13444,112,46770,45185,1775,47372,76872,72,1,1
12544,4450,208,106,47439,47226,1938,47811,54502,1,1,1
12545,41417,28262,126,72375,69646,28686,73206,171707,132,1,1
12546,14212,6700,104,57431,56509,14339,57909,93280,38,1,1
12547,20164,18137,108,45434,43458,1840,46108,86343,92,1,1
12548,13405,12630,110,43188,41661,1814,43767,71703,68,1,1
12549,2560,214,89,35486,35261,2487,35795,41141,1,1,1
12550,41813,24432,195,68348,65954,24907,69196,160446,117,1,1
12551,11870,11163,105,70740,69360,1720,71307,96147,62,1,1
12552,18161,17152,136,43826,41964,1747,44518,81673,89,1,1
12553,14302,15269,108,50466,48774,1801,51085,82543,80,1,1
12554,21336,18784,157,76941,74987,1854,77677,119792,94,1,1
12555,13434,12588,103,70181,68686,1999,70764,98877,70,1,1
12556,41838,14372,131,64854,63271,27919,65470,149705,72,1,1
12557,18012,13380,104,125592,124022,5151,126223,162869,71,1,1
12558,26360,25916,114,78474,75911,1836,79262,133515,125,1,1
12559,11749,10933,104,71042,69678,1712,71594,96082,61,1,1
12560,14373,12034,133,42941,41511,1790,43561,71864,64,1,1
12561,10224,9708,100,50679,49420,1797,51250,73080,56,1,1
12562,21565,23236,116,78513,76166,1874,79286,126059,115,1,1
12563,10374,9351,109,70208,68979,2133,70743,92694,55,1,1
12564,14906,13338,136,39234,37695,1726,39871,69937,72,1,1
12565,9980,6934,98,29800,28839,1762,30253,49015,41,1,1
12566,4252,223,164,25753,25536,2151,26142,32870,1,1,1
12567,16563,15748,120,72687,70964,1741,73328,107517,82,1,1
12568,11445,8875,97,69699,68528,2170,70209,92784,51,1,1
12569,12261,8883,144,31209,30071,1779,31764,54787,50,1,1
12570,7913,5278,95,28042,27235,1717,28482,43474,32,1,1
12571,4556,213,97,34543,34320,1783,34894,41697,1,1,1
12572,20419,18383,116,75336,73331,1768,76012,116678,92,1,1
12573,9073,7165,106,72891,71850,1756,73374,91454,43,1,1
12574,11763,8951,100,31324,30160,1779,31830,54421,51,1,1
12575,8633,5783,96,28337,27466,1840,28767,45113,36,1,1
12576,4200,227,127,34687,34463,1922,35082,41523,1,1,1
12577,24318,24651,103,73771,71340,3214,74520,126797,119,1,1
12578,18870,20074,110,76269,74149,1760,76973,117768,103,1,1
12579,9669,5996,108,30654,29779,1748,31124,48634,35,1,1
12580,7453,4871,106,30456,29682,1805,30880,45094,31,1,1
12581,4269,212,103,34951,34735,1914,35305,41794,1,1,1
12582,4957,3026,100,46348,45724,6293,46748,61118,21,1,1
12583,17248,8229,96,59294,58256,3898,59774,89233,46,1,1
12584,15947,14401,106,54215,52599,2144,54818,87395,76,1,1
12585,17314,10096,140,58042,56822,2741,58598,88834,55,1,1
12586,8907,2976,99,33143,32561,1894,33536,47408,20,1,1
12587,4329,299,100,21816,21567,1892,22133,28745,2,1,1
12588,2507,211,94,31479,31275,2457,31828,37090,1,1,1
12589,4550,211,106,17212,17011,1860,17531,24235,1,1,1
12590,25576,28817,111,80195,77421,1914,81016,137419,136,1,1
12591,12122,10111,103,74633,73294,1654,75172,99141,59,1,1
12592,3967,252,99,22551,22335,1552,22863,28727,1,1,1
12593,4292,209,99,17317,17106,1428,17610,23622,1,1,1
12594,4919,201,95,32405,32202,1720,32749,39690,1,1,1
12595,21205,19816,126,81394,79263,2045,82113,125276,101,1,1
12596,10653,9114,102,57748,56570,1849,58271,79973,53,1,1
12597,10191,1204,125,55252,54907,1744,55622,68856,8,1,1
12598,4313,211,125,22216,21965,1835,22553,29006,1,1,1
12599,4086,212,124,27684,27469,1837,28084,34311,1,1,1
12600,5276,1056,103,67927,67467,1784,68283,76492,9,1,2
12601,12006,12825,107,61166,59677,1968,61744,88626,68,1,1
12602,4486,210,85,53902,53697,2825,54274,61876,1,1,1
12603,40257,47232,112,84708,80625,2742,85784,176124,210,1,1
12604,5215,206,195,23163,22946,1817,23591,30912,1,1,1
12605,18609,19697,127,62630,60578,1925,63345,103681,99,1,1
12606,10886,9717,94,58432,57171,2055,58942,81692,55,1,1
12607,41256,29873,109,73187,70456,14292,74000,159525,136,1,1
12608,10526,2995,104,56836,56250,10692,57230,81528,21,1,1
12609,16958,15933,180,62708,60966,2040,63428,98458,83,1,1
12610,11155,10157,103,57718,56460,1886,58241,81530,56,1,1
12611,41278,30227,108,73990,71189,14060,74914,160572,141,1,1
12612,14085,8471,100,59612,58564,10811,60094,93544,46,1,1
12613,16286,15618,181,46700,45030,1894,47409,81307,79,1,1
12614,14743,13446,99,46239,44749,1801,46819,76894,70,1,1
12615,8325,6627,93,47979,47067,1787,48430,65266,39,1,1
12616,7886,7019,93,43698,42775,1783,44150,60926,39,1,1
12617,40690,38139,123,76272,72926,8076,77227,164230,171,1,1
12618,19565,11313,241,71367,70161,15929,72202,119149,49,1,1
12619,22229,24235,118,67701,65195,1793,68481,116847,118,1,1
12620,11039,10323,100,57019,55702,1868,57547,80870,58,1,1
12621,41232,33197,117,75371,72352,27127,76276,177945,152,1,1
12622,14840,8820,156,61895,60747,12176,62461,98418,49,1,1
12623,18719,19052,135,62174,60121,1853,62878,102599,97,1,1
12624,10477,9114,99,55787,54565,1859,56290,77828,52,1,1
12625,41342,30884,123,104473,101026,27740,105398,205487,142,1,1
12626,14552,9609,158,65235,63898,13204,65815,103274,51,1,1
12627,20796,23014,119,65229,62815,1924,65986,111816,112,1,1
12628,11926,10127,96,60202,58876,1814,60729,84689,58,1,1
12629,51786,29178,177,74569,71786,21546,75484,178092,138,1,1
12630,14194,9320,104,58720,57574,14524,59244,97367,51,1,1
12631,20803,20522,119,65809,63674,1916,66508,109851,100,1,1
12632,13181,12410,100,59391,57941,1820,59959,87455,67,1,1
12633,41594,29144,155,73123,70336,27730,74020,172586,137,1,1
12634,14654,7757,99,58530,57534,13470,59019,94986,43,1,1
12635,41112,35798,136,223071,219800,15772,224024,316815,160,1,1
12636,42065,23822,117,56166,53711,10592,56984,133569,115,1,1
12637,9950,1683,99,37918,37477,1977,38281,51977,12,1,1
12638,41465,31063,116,71054,68111,16033,71930,160590,145,1,1
12639,13429,6754,99,59383,58447,9734,59837,89841,40,1,1
12640,17852,15743,118,56556,54817,1825,57204,92727,81,1,1
12641,9724,6548,196,52163,51199,1953,52738,71058,40,1,1
12642,41560,28221,118,70410,67778,28100,71223,169213,132,1,1
12643,13221,7173,103,59688,58714,12948,60171,93598,42,1,1
12644,15451,12979,118,56719,55166,1771,57325,87623,71,1,1
12645,10143,8172,149,40425,39336,3293,40979,62682,48,1,1
12646,4408,321,106,37607,37362,1855,37936,44671,2,1,1
12647,8650,1754,98,58305,57875,13080,58671,82239,13,1,1
12648,16003,12137,108,62936,61510,3859,63514,95603,66,1,1
12649,22019,19759,109,45860,43805,2048,46555,90486,99,1,1
12650,19693,7850,191,40087,38991,1810,40672,70117,47,1,1
12651,4159,212,105,37158,36943,2227,37480,44178,1,1,1
12652,41019,32262,109,69793,66876,17656,70655,161693,146,1,1
12653,11293,9203,105,69566,68394,1705,70079,92366,51,1,1
12654,16587,16745,137,43787,41961,1778,44482,79693,87,1,1
12655,13096,10747,154,39999,38612,1724,40603,66264,61,1,1
12656,27619,29340,111,82101,79264,1769,82943,141822,143,1,1
12657,13900,13772,100,72484,70843,1864,73081,102701,75,1,1
12658,13944,11412,135,49947,48570,1885,50576,77917,63,1,1
12659,11114,9548,113,41750,40507,1847,42276,64870,55,1,1
12660,27435,24764,115,78395,75947,1805,79179,133294,121,1,1
12661,12806,11532,103,69758,68418,1829,70311,96570,62,1,1
12662,17711,17141,116,52108,50250,1811,52806,89567,87,1,1
12663,9971,7355,101,38303,37329,1763,38776,57957,42,1,1
12664,26930,26477,191,78274,75695,1771,79157,134435,129,1,1
12665,11431,11352,97,71714,70360,2791,72259,97926,62,1,1
12666,15802,22688,146,43721,42158,1851,44353,84796,73,1,1
12667,11758,7802,97,33008,31927,1862,33479,55012,46,1,1
12668,4290,223,105,25722,25508,1840,26054,32554,1,1,1
12669,21482,21827,134,76429,74247,1740,77180,122331,108,1,1
12670,14844,13906,100,69942,68331,2105,70534,101480,76,1,1
12671,14690,10643,165,32417,31155,1842,33026,60306,58,1,1
12672,8142,4783,103,28286,27508,1774,28703,43488,30,1,1
12673,4469,210,89,23942,23723,1952,24246,30961,1,1,1
12674,18229,18027,112,72403,70532,1779,73070,111258,91,1,1
12675,8676,6423,97,70435,69493,1759,70885,87831,39,1,1
12676,21903,9068,190,31293,30141,1884,31893,64848,51,1,1
12677,8188,4046,105,27000,26328,2003,27409,41743,26,1,1
12678,25298,24425,118,81123,78768,1855,81881,133568,117,1,1
12679,11179,10030,98,59746,58456,1863,60271,83430,57,1,1
12680,3918,199,100,53716,53510,1763,54037,60019,1,1,1
12681,10939,7051,142,29372,28409,1886,29887,49868,41,1,1
12682,7423,4417,101,30769,30054,1722,31191,44845,28,1,1
12683,4068,264,107,25310,25104,1600,25637,31713,1,1,1
12684,12400,9897,92,54397,53150,4115,54905,81401,56,1,1
12685,8530,1876,97,55618,55157,1786,55983,68259,14,1,1
12686,16780,17851,103,55399,53511,4902,56042,95661,90,1,1
12687,4834,340,92,53056,52806,1803,53376,60439,3,1,1
12688,10003,5304,195,31331,30531,1921,31863,49189,32,1,1
12689,4254,319,97,22896,22627,2025,23198,29889,3,1,1
12690,4672,218,105,24961,24745,1807,25272,32060,1,1,1
12691,4594,218,88,17050,16851,1838,17338,24070,1,1,1
12692,25200,28702,109,81762,79035,1761,82592,138350,136,1,1
12693,10275,9315,98,79937,78701,1836,80452,101986,54,1,1
12694,4592,221,213,24265,24043,1902,24704,31514,1,1,1
12695,4192,211,100,17796,17603,2156,18092,24740,1,1,1
12696,4499,200,124,21090,20889,1780,21405,27976,1,1,1
12697,23909,21095,142,60812,58549,1992,61558,108653,106,1,1
12698,15980,7014,88,104876,103801,1718,105319,130132,39,1,2
12699,7072,343,129,54854,54572,1732,55195,64442,3,1,1
12700,1619,213,194,22795,22581,2650,23209,27786,1,1,1
12701,21120,20326,111,62194,60075,1806,62899,106293,102,1,1
12702,12580,11309,93,61337,59953,1841,61878,87692,64,1,1
12703,6168,211,107,53890,53692,1840,54216,62531,1,1,1
12704,40962,42800,130,86197,82411,2848,87280,173990,192,1,1
12705,4785,208,109,23646,23404,1791,23967,30848,1,1,1
12706,6490,4325,98,53686,52982,4597,54099,69598,28,1,1
12707,10068,8734,95,57074,55938,1777,57561,78225,50,1,1
12708,41102,33372,113,74511,71508,12051,75393,162035,151,1,1
12709,12647,7327,143,59254,58267,11691,59771,91527,42,1,1
12710,20267,19115,130,61661,59599,1812,62366,103705,97,1,1
12711,9569,7145,100,43922,42932,1966,44387,63151,43,1,1
12712,14137,14194,107,48112,46519,1833,48707,78957,74,1,1
12713,41040,37738,126,76928,73418,8059,77899,164844,175,1,1
12714,15092,11204,137,62495,61117,9173,63079,98635,62,1,1
12715,41654,23205,112,83106,80810,13325,83841,162123,109,1,1
12716,8845,3570,99,30566,29960,14900,30953,58363,22,1,1
12717,27233,19851,98,55058,53098,8226,55754,111173,96,1,1
12718,50155,41659,173,77574,73850,5179,78648,175742,189,1,1
12719,13682,8132,104,61080,60008,10406,61573,93889,46,1,1
12720,18041,15683,141,60827,59145,1989,61489,97303,80,1,1
12721,11078,10537,106,56852,55550,1738,57387,80836,59,1,1
12722,42131,28037,160,71233,68612,18931,72089,161290,130,1,1
12723,14625,7675,100,57371,56338,13267,57844,93496,43,1,1
12724,16848,16421,135,60052,58256,2083,60717,96164,85,1,1
12725,11460,10195,104,55816,54548,1362,56348,79457,58,1,1
12726,41737,29317,151,74249,71527,24849,75113,171120,136,1,1
12727,9421,4977,100,56631,55871,16129,57047,87659,29,1,1
12728,17770,17369,136,57907,56038,1741,58586,95571,88,1,1
12729,9169,7508,111,54106,53032,2112,54626,73511,44,1,1
12730,41938,33338,156,74310,71212,25472,75232,176082,153,1,1
12731,14129,6126,98,57924,57029,13792,58360,92491,36,1,1
12732,19217,19941,110,58999,56945,1823,59686,100770,98,1,1
12733,12897,12682,102,64077,62565,1805,64702,92185,69,1,1
12734,41391,29762,122,72754,69947,22877,73604,167734,141,1,1
12735,13834,9447,101,59094,57928,14136,59606,97106,52,1,1
12736,21640,23527,111,58977,56635,1841,59726,106834,114,1,1
12737,19314,9181,153,54455,53289,1869,55028,85486,53,1,1
12738,41746,31190,111,70617,67815,28297,71451,172821,141,1,1
12739,14184,10094,95,59595,58349,14215,60110,98687,56,1,1
12740,14677,13206,108,56368,54810,1826,56966,86772,72,1,1
12741,9970,8434,159,42158,41031,1797,42728,63030,49,1,1
12742,4911,213,110,36084,35884,2397,36394,43995,1,1,1
12743,41337,23832,108,68282,65938,19941,69035,154239,116,1,1
12744,15246,7455,97,57623,56629,8920,58083,89789,43,1,1
12745,19990,21183,112,59985,57823,1783,60721,103772,105,1,1
12746,16229,15884,147,46066,44308,1943,46748,80894,84,1,1
12747,4328,265,113,37219,37009,1841,37545,44073,1,1,1
12748,15201,6982,95,61901,60958,8643,62362,93274,41,1,1
12749,19737,17727,104,63972,62088,3793,64614,105957,91,1,1
12750,18133,18908,135,47549,45561,1857,48264,87261,96,1,1
12751,14907,15297,189,42313,40577,1897,43035,75231,82,1,1
12752,4277,216,116,36984,36772,1816,37309,43712,1,1,1
12753,41258,35895,107,75994,72745,12721,76915,166895,166,1,1
12754,11894,9901,100,70601,69372,1800,71118,94808,56,1,1
12755,25633,16106,188,43653,41911,1847,44367,88051,83,1,1
12756,12792,11933,106,39401,37991,1858,39961,66638,66,1,1
12757,25299,21099,129,76272,74080,1834,77007,125379,107,1,1
12758,14049,13916,100,72311,70712,1813,72901,102763,76,1,1
12759,16343,13803,143,41570,39988,1770,42207,74218,75,1,1
12760,11659,10441,106,41097,39797,1792,41637,65614,60,1,1
12761,28522,29687,122,79775,76945,1819,80642,140763,142,1,1
12762,9782,7903,101,69809,68675,8454,70288,96521,47,1,1
12763,16510,15827,153,42526,40750,1859,43215,77514,82,1,1
12764,11528,9986,98,37313,36069,1866,37829,61296,56,1,1
12765,21993,22042,123,77606,75342,2123,78350,124608,110,1,1
12766,10228,9302,99,68016,66840,1767,68534,89917,53,1,1
12767,15105,12716,174,40122,38623,1821,40780,70524,69,1,1
12768,10645,8488,100,29798,28667,1932,30295,51452,50,1,1
12769,4290,219,118,24944,24732,1712,25270,31588,1,1,1
12770,6140,3631,95,43841,43203,5249,44231,59344,24,1,1
12771,15200,12440,98,61210,59772,2172,61778,91674,68,1,1
12772,18701,17262,99,68860,67018,3995,69501,109547,89,1,1
12773,14765,11908,227,34574,33166,1683,35276,63733,65,1,1
12774,9766,6523,100,28274,27321,2331,28744,47453,40,1,1
12775,3963,213,90,24216,24016,2350,24514,31123,1,1,1
12776,23108,24114,128,80385,77969,1736,81171,130226,120,1,1
12777,13330,13820,105,75193,73613,2339,75790,105365,74,1,1
12778,10572,6338,210,30140,29249,1741,30713,49463,37,1,1
12779,7453,4285,98,29729,29017,1776,30137,43742,28,1,1
12780,4349,343,95,24239,23992,1754,24550,31083,3,1,1
12781,20874,21600,106,79379,77173,1713,80100,124394,109,1,1
12782,13650,12552,105,61546,60054,2079,62125,90511,70,1,1
12783,9461,5293,98,57765,56979,1765,58215,74825,32,1,1
12784,10874,7437,147,31346,30344,1786,31868,52067,43,1,1
12785,7371,3829,96,36996,36344,2057,37396,50744,24,1,1
12786,5496,1449,103,79281,78743,1883,79649,88609,11,1,2
12787,15181,5077,98,105821,104936,4731,106249,131326,30,1,2
12788,10264,3338,101,54919,54298,3518,55310,72515,22,1,1
12789,41853,11107,201,34489,33224,3688,35120,91876,57,1,1
12790,11826,3284,96,26318,25681,3756,26708,45664,22,1,1
12791,4516,213,115,24677,24458,1856,24997,31682,1,1,1
12792,4639,220,87,17232,17031,1854,17515,24311,1,1,1
12793,4748,2536,94,43750,43246,5334,44123,56837,17,1,1
12794,12604,10572,96,105271,103850,6771,105811,135849,60,1,2
12795,8384,2010,101,53098,52594,11796,53472,75748,15,1,1
12796,4440,208,194,24022,23806,1775,24423,30947,1,1,1
12797,4400,212,125,18483,18276,1755,18809,25269,1,1,1
12798,4683,329,90,21657,21395,1826,21955,28896,3,1,1
12799,22046,22674,112,83498,81197,1905,84239,130961,113,1,1
12800,9915,9271,106,57212,55996,1818,57738,78828,54,1,1
12801,14251,3057,101,65518,64936,1784,65966,85155,20,1,1
12802,3080,210,103,22835,22625,2294,23154,28831,1,1,1
12803,24406,24764,111,64000,61565,1917,64766,115955,120,1,1
12804,10861,9864,100,56653,55398,1747,57176,79734,57,1,1
12805,9018,210,116,64748,64534,1810,65064,76205,1,1,1
12806,45810,46305,193,79901,75803,1814,81079,175107,209,1,1
12807,4162,215,105,22879,22658,1836,23207,29519,1,1,1
12808,14855,14137,104,59192,57581,2905,59785,91767,76,1,1
12809,11365,11040,99,59868,58549,1760,60407,84657,61,1,1
12810,42038,32699,115,76203,73258,12533,77077,164445,149,1,1
12811,13839,10939,151,61566,60301,10778,62138,97786,57,1,1
12812,19038,16450,131,58095,56310,1822,58757,96166,84,1,1
12813,9433,7843,99,52921,51863,1884,53399,72645,46,1,1
12814,41063,32603,110,83826,80883,9655,84726,168164,147,1,1
12815,13020,8866,104,59561,58431,12478,60074,94527,50,1,1
12816,22944,25755,143,71051,68426,1868,71880,122593,125,1,1
12817,11438,9867,106,58952,57704,1796,59482,82667,56,1,1
12818,50782,35881,164,75029,71830,9552,76004,172326,162,1,1
12819,11498,6665,103,58881,57958,12899,59341,90490,38,1,1
12820,14572,14666,133,60229,58573,2184,60868,92390,77,1,1
12821,10341,14605,117,55316,54155,1997,55848,82882,52,1,1
12822,42824,26980,153,73484,70888,23559,74335,167795,128,1,1
12823,13736,6450,100,58088,57167,16674,58547,95496,38,1,1
12824,21187,21579,110,63469,61285,1832,64194,108889,106,1,1
12825,12899,13641,102,59815,58230,1921,60411,88958,74,1,1
12826,41316,31687,155,74215,71297,22192,75120,170418,147,1,1
12827,12901,4898,98,58750,57969,16332,59170,93387,31,1,1
12828,20497,21118,134,61300,59125,1771,62034,105519,105,1,1
12829,10852,10070,97,56242,54973,1776,56763,79545,58,1,1
12830,41705,29599,153,73115,70361,24915,74005,170323,137,1,1
12831,14282,8937,100,58575,57446,13322,59085,95718,50,1,1
12832,16053,15753,111,59623,57819,1842,60254,94000,83,1,1
12833,9823,7751,95,53834,52730,1777,54310,73754,46,1,1
12834,42185,25918,155,70548,68083,14806,71374,154389,122,1,1
12835,13991,7508,102,59180,58186,10303,59652,91547,42,1,1
12836,19261,20281,134,65320,63230,1872,66043,107565,101,1,1
12837,11907,10335,99,65686,64398,1842,66272,90459,58,1,1
12838,41497,28170,123,72182,69512,22810,73007,165628,132,1,1
12839,13116,5052,100,59166,58379,11775,59596,89631,31,1,1
12840,18313,19077,131,57596,55621,1834,58300,97618,96,1,1
12841,13196,12419,148,42181,40746,1921,42791,70422,67,1,1
12842,1963,213,90,36507,36291,2573,36808,41641,1,1,1
12843,40894,38131,108,73139,69771,10438,74076,163639,172,1,1
12844,12434,6512,98,61560,60626,6959,62025,88016,39,1,1
12845,19407,18948,138,57593,55595,1831,58297,98581,97,1,1
12846,14365,14587,201,43707,42074,2265,44417,75729,78,1,1
12847,41813,23766,132,67709,65394,26210,68476,160405,114,1,1
12848,13536,11906,103,71148,69706,2166,71716,99407,66,1,1
12849,17295,17114,134,43455,41618,1809,44133,80448,88,1,1
12850,13810,12435,149,41497,40037,2170,42115,70627,68,1,1
12851,4189,245,105,37741,37534,1916,38066,44510,1,1,1
12852,41570,29428,130,68829,66098,28667,69668,169428,136,1,1
12853,10769,8731,100,68292,67160,1865,68795,90250,50,1,1
12854,17699,16496,129,52180,50415,1830,52887,89019,84,1,1
12855,9987,7963,112,38148,37015,1939,38649,58622,47,1,1
12856,23760,22865,127,78698,76388,1867,79461,128090,115,1,1
12857,13378,11875,99,69624,68191,1744,70175,97257,67,1,1
12858,16174,22555,148,41750,40194,1813,42382,83022,71,1,1
12859,10653,8726,102,42687,41509,1775,43188,64434,51,1,1
12860,30399,30121,111,80137,77267,1757,80995,143411,145,1,1
12861,13020,11671,103,70228,68836,1392,70794,96967,65,1,1
12862,50765,12519,183,60845,59453,27411,61493,152295,64,1,1
12863,9552,1926,109,23230,22776,17025,23596,52193,14,1,1
12864,19289,6621,100,35763,34882,12199,36201,74397,37,1,1
12865,18498,5087,94,26204,25452,1409,26611,51692,30,1,1
12866,25994,27296,129,76754,74092,1800,77575,132768,132,1,1
12867,13462,11976,105,71013,69547,1848,71588,98969,67,1,1
12868,16416,13065,152,40253,38795,1822,40878,72280,68,1,1
12869,11009,9345,95,36065,34886,1886,36559,58902,52,1,1
12870,4257,225,107,25226,25016,1843,25550,31978,1,1,1
12871,16788,16119,95,71242,69495,3963,71860,108820,84,1,1
12872,11281,9435,123,69098,67904,3256,69642,93707,54,1,1
12873,15354,11449,198,33216,31817,1789,33865,62596,62,1,1
12874,8920,6915,101,28246,27253,1960,28704,46595,42,1,1
12875,4402,210,108,25278,25069,1931,25615,32253,1,1,1
12876,23955,24783,108,76239,73794,1801,77010,127641,122,1,1
12877,10460,10340,98,53306,52023,2085,53827,76803,57,1,1
12878,13619,20506,198,59225,57929,1764,59870,95841,60,1,1
12879,9593,5511,105,28765,27963,1849,29215,46315,32,1,1
12880,7507,4641,99,30238,29483,2081,30653,44973,29,1,1
12881,3756,210,107,23611,23412,2125,23927,30104,1,1,1
12882,22359,23398,107,79934,77607,1789,80692,128338,115,1,1
12883,11958,10911,98,74579,73236,2276,75130,100366,62,1,1
12884,11110,7337,172,30291,29328,1871,30835,51254,41,1,1
12885,7891,4056,94,29484,28775,1865,29900,43803,27,1,1
12886,22030,23112,107,79837,77543,1769,80586,127600,114,1,1
12887,7512,5777,100,53979,53099,2936,54502,70812,36,1,1
12888,7715,1298,148,55402,55044,1787,55812,66698,9,1,1
12889,8275,3161,125,30348,29730,1841,30771,44145,21,1,1
12890,4152,299,92,21881,21645,1784,22187,28508,2,1,1
12891,4084,208,104,24631,24421,1758,24943,31087,1,1,1
12892,4348,214,87,17117,16922,1796,17414,23853,1,1,1
12893,9623,6997,93,50894,49956,4115,51352,72178,41,1,1
12894,6094,379,88,54647,54398,1958,54955,63472,3,1,1
12895,11342,10403,124,57309,56019,1870,57872,81582,58,1,1
12896,5005,215,203,54833,54628,1797,55260,62360,1,1,1
12897,4559,305,105,23470,23222,1856,23798,30612,2,1,1
12898,4311,208,126,18439,18232,1950,18771,25332,1,1,1
12899,4191,371,96,22152,21901,1888,22449,28993,3,1,1
12900,25417,25060,108,82286,79803,1826,83059,135457,122,1,1
12901,9652,7335,103,55071,54019,1749,55548,74370,45,1,1
12902,9821,498,188,55679,55410,1782,56108,68307,4,1,1
12903,3094,214,99,21230,21007,2274,21543,27208,1,1,1
12904,23675,23382,109,63587,61325,1782,64339,113276,112,1,1
12905,11108,10482,95,65154,63844,1870,65682,89227,59,1,1
12906,7586,217,114,55754,55548,1775,56084,65753,1,1,1
12907,20051,20879,217,71776,69574,1904,72595,115529,106,1,1
12908,18648,18115,131,60038,58118,1872,60728,99460,92,1,1
12909,10343,8819,100,56423,55252,1814,56909,77971,51,1,1
12910,41520,31232,109,83903,81067,10434,84778,168061,142,1,1
12911,13409,5726,102,58814,57999,9880,59267,88375,34,1,1
12912,20271,21278,134,63618,61468,1874,64357,107882,105,1,1
12913,11426,10419,101,62967,61663,1867,63506,87328,59,1,1
12914,41461,42440,168,75444,72419,10327,76400,170725,153,1,1
12915,10410,6043,97,57325,56462,13103,57762,87407,36,1,1
12916,22860,23073,111,68990,66634,1855,69744,117635,115,1,1
12917,9826,8486,105,55825,54666,1782,56330,76518,50,1,1
12918,41186,37295,156,77823,74526,8488,78809,165878,168,1,1
12919,13181,10500,97,61780,60495,10596,62303,96677,58,1,1
12920,19266,20519,133,61458,59357,1768,62185,103837,102,1,1
12921,12844,12093,101,57102,55666,1814,57669,84506,67,1,1
12922,41381,29237,157,71557,68842,15937,72416,159085,137,1,1
12923,13458,7379,98,58109,57120,13842,58570,93357,43,1,1
12924,18980,20534,117,59753,57632,1785,60495,101891,103,1,1
12925,10459,9271,99,54115,52939,1733,54629,76178,53,1,1
12926,41466,26450,154,71208,68699,22150,72036,162209,125,1,1
12927,13977,9234,103,58796,57662,12790,59316,95403,51,1,1
12928,20465,21778,137,66043,63828,1856,66794,110996,109,1,1
12929,12001,10455,102,67112,65821,1879,67712,92152,59,1,1
12930,41911,22425,121,70429,68171,28337,71167,163948,109,1,1
12931,11796,6471,101,58313,57414,15260,58771,92382,38,1,1
12932,20820,21623,136,61047,58892,1758,61788,106086,106,1,1
12933,21268,10439,155,55927,54614,1830,56531,90164,58,1,1
12934,41815,26879,108,71296,68759,21139,72090,162022,127,1,1
12935,12419,6210,104,58602,57722,11553,59053,89330,37,1,1
12936,15973,13646,112,56002,54467,1846,56599,88169,72,1,1
12937,9862,8477,148,58313,57184,1859,58868,79164,49,1,1
12938,41302,29821,110,71941,69129,24569,72772,168570,139,1,1
12939,11574,6735,102,57516,56601,12898,57971,89263,38,1,1
12940,42150,13694,111,40652,39154,28349,41227,125519,69,1,1
12941,8319,330,99,47046,46795,1874,47415,58036,3,1,1
12942,11763,4594,108,30850,30106,15180,31278,62907,30,1,1
12943,27493,7800,100,41660,40700,8753,42122,86252,42,1,1
12944,4307,356,97,36924,36687,1839,37241,43839,2,1,1
12945,41630,34757,109,71227,68120,6579,72105,155181,156,1,1
12946,11405,7940,98,65480,64454,7794,65953,93192,45,1,1
12947,18870,19354,165,46175,44126,1866,46934,87120,98,1,1
12948,16758,18101,104,42843,40938,2122,43512,80586,93,1,1
12949,4723,220,90,36598,36397,1842,36895,43760,1,1,1
12950,40930,37198,114,108110,104668,12751,109040,200058,169,1,2
12951,14968,9824,105,61354,60143,7513,61878,94280,55,1,1
12952,20008,19669,150,45423,43383,1828,46158,87763,99,1,1
12953,12502,12582,104,42714,41238,1874,43275,70326,68,1,1
12954,4433,225,107,37098,36889,1867,37412,44030,1,1,1
12955,14307,6052,97,58368,57497,28133,58817,107397,35,1,1
12956,14684,14842,104,72359,70726,1610,72958,104184,76,1,1
12957,18439,16728,187,43718,41930,1983,44448,81697,86,1,1
12958,11578,10050,105,40176,38911,1996,40710,64425,57,1,1
12959,22779,22556,108,77592,75354,1842,78322,125596,111,1,1
12960,13325,13208,100,72355,70810,1795,72941,101356,73,1,1
12961,15132,13589,186,41621,40119,1746,42282,72852,70,1,1
12962,8607,6605,101,44770,43822,1759,45232,62294,40,1,1
12963,23557,23923,106,78257,75853,1840,79014,128431,119,1,1
12964,16363,7934,105,71476,70352,1793,71991,98176,46,1,1
12965,14028,13037,214,40848,39389,1849,41530,70544,68,1,1
12966,11218,9803,97,31306,30119,1866,31812,54790,54,1,1
12967,4297,208,97,24149,23948,1886,24443,30919,1,1,1
12968,19646,18612,115,72649,70719,1840,73326,113515,94,1,1
12969,11981,11116,103,70169,68820,3457,70721,97368,62,1,1
12970,12368,9301,156,39598,38433,1790,40169,63730,52,1,1
12971,10927,9014,102,30746,29593,1802,31253,53088,52,1,1
12972,4280,220,106,24601,24395,1999,24917,31513,1,1,1
12973,19560,15705,101,70283,68571,1705,70906,107961,83,1,1
12974,10342,8954,104,45652,44480,3141,46178,68709,53,1,1
12975,8863,5802,92,56744,55898,1775,57194,73724,35,1,1
12976,13285,8852,193,31465,30311,1797,32073,56107,50,1,1
12977,8570,5877,103,30138,29297,1778,30574,46891,35,1,1
12978,4395,348,105,25904,25631,1765,26224,32844,3,1,1
12979,19229,19709,107,72488,70525,1744,73159,113935,96,1,1
12980,11562,10579,96,72663,71363,2305,73198,97730,60,1,1
12981,8753,5441,214,28985,28147,1851,29537,45683,33,1,1
12982,7436,2775,105,30032,29465,1886,30410,42599,19,1,1
12983,4386,211,105,24935,24730,1932,25236,31861,1,1,1
12984,20875,19098,112,78126,76132,1829,78817,120714,98,1,1
12985,12056,11800,109,74240,72848,1865,74809,100625,65,1,1
12986,9119,5395,216,33751,32919,1838,34314,50764,33,1,1
12987,4375,494,97,22349,22058,1871,22669,29501,4,1,1
12988,4980,606,90,41393,41008,1876,41712,49262,5,1,2
12989,21660,21305,107,78989,76794,1762,79714,124535,108,1,1
12990,9823,7911,99,73218,72158,1712,73685,93223,45,1,1
12991,10274,4226,209,30733,30028,1801,31269,47670,27,1,1
12992,4321,328,96,21979,21710,1732,22279,28752,3,1,1
12993,4226,219,106,24644,24442,1767,24979,31287,1,1,1
12994,7156,3719,91,65622,64868,1889,66002,78858,24,1,2
12995,12199,4956,96,84924,84050,2632,85348,105228,31,1,2
12996,13849,13768,96,47926,46385,1707,48504,77913,73,1,1
12997,1745,218,87,63816,63621,3811,64164,70030,1,1,1
12998,4271,220,130,25734,25504,1806,26089,32482,1,1,1
12999,4413,217,128,18622,18419,1810,18950,25485,1,1,1
13000,4740,212,93,21155,20960,1774,21444,28259,1,1,1
13001,1203,213,97,23756,23559,1200,24061,26760,1,1,1
13002,33108,31851,100,58567,55563,1723,59423,126199,151,1,1
13003,16175,7406,96,105554,104420,2277,106033,131984,43,1,2
13004,40420,41368,226,78907,75182,4796,80045,166729,189,1,1
13005,4073,210,124,22464,22219,1801,22805,28983,1,1,1
13006,25298,27609,107,67461,64795,2222,68276,123504,134,1,1
13007,14512,13525,90,60208,58607,1867,60781,90778,75,1,1
13008,4784,263,114,65126,64915,2147,65509,72801,1,1,1
13009,2301,385,100,55134,54883,11543,55471,69786,3,1,1
13010,19177,19286,117,63473,61408,1807,64178,104584,99,1,1
13011,9376,8706,97,53269,52170,1877,53750,73796,49,1,1
13012,40737,39275,108,84698,81174,10640,85712,176456,176,1,1
13013,11063,6343,109,59153,58255,10113,59626,87239,38,1,1
13014,20744,18768,114,63058,61115,1754,63728,105091,94,1,1
13015,11111,9930,99,57806,56556,1878,58340,81349,57,1,1
13016,40996,42881,169,74698,71731,12255,75630,171858,149,1,1
13017,10697,6865,99,60366,59425,12139,60830,90618,40,1,1
13018,21690,22089,112,64895,62663,1837,65618,111333,108,1,1
13019,12261,11431,102,60143,58748,1842,60684,86307,64,1,1
13020,41362,29266,140,75957,73210,20835,76811,168378,138,1,1
13021,10856,4874,102,57329,56557,17193,57766,90780,30,1,1
13022,41720,15503,110,60871,59213,22655,61486,141458,78,1,1
13023,21475,15500,112,45065,43984,7863,45589,90517,48,1,1
13024,9673,2047,97,33030,32524,14736,33386,59934,15,1,1
13025,36468,17570,146,64872,63117,8863,65543,128542,85,1,1
13026,41353,30934,106,74631,71718,11570,75479,159469,145,1,1
13027,13353,8860,100,58846,57730,15152,59349,96799,49,1,1
13028,19421,18782,133,61395,59342,1797,62093,102192,96,1,1
13029,9458,7080,183,55073,54079,1850,55627,74102,43,1,1
13030,41493,29896,113,73562,70748,23274,74408,169209,142,1,1
13031,13806,7087,99,57288,56323,13245,57774,91999,41,1,1
13032,23481,24420,129,62345,59911,1848,63127,112968,121,1,1
13033,13541,11847,155,57663,56210,1881,58287,85641,67,1,1
13034,41432,29734,114,71599,68823,16638,72442,160338,139,1,1
13035,14485,7945,94,59940,58902,11426,60427,94370,45,1,1
13036,15602,15322,116,58889,57220,1874,59516,92408,79,1,1
13037,12323,11016,143,60903,59553,1922,61489,86846,61,1,1
13038,41660,26958,107,69685,67145,26991,70469,166181,127,1,1
13039,12238,3831,105,56908,56215,14030,57316,87507,25,1,1
13040,20272,21069,143,70960,68828,1880,71746,115061,103,1,1
13041,11207,10477,115,54868,53586,1860,55406,79035,58,1,1
13042,41671,27111,115,69111,66486,22853,69911,161640,128,1,1
13043,11493,3021,134,56719,56116,12394,57137,84137,20,1,1
13044,13549,21569,170,56175,54741,1817,56806,93840,66,1,1
13045,12154,12332,102,41999,40546,1898,42557,69031,68,1,1
13046,4344,344,107,41182,40923,1747,41520,48049,3,1,1
13047,41720,23838,107,67480,65112,28208,68225,162094,117,1,1
13048,13107,5345,102,58254,57443,13831,58688,91065,32,1,1
13049,21633,24023,152,46613,44249,1875,47415,95044,117,1,1
13050,14393,15043,104,42090,40440,1676,42692,73893,79,1,1
13051,4469,211,91,37006,36794,1964,37304,44028,1,1,1
13052,42099,26819,104,69467,66928,29457,70244,168715,125,1,1
13053,10466,8684,99,67544,66414,1723,68043,89001,50,1,1
13054,21257,20718,197,45804,43628,1759,46599,90435,105,1,1
13055,12226,11441,104,41100,39741,1831,41643,67233,63,1,1
13056,26739,28268,111,80738,77996,1855,81558,138524,136,1,1
13057,13015,12364,109,73957,72458,2177,74641,102285,69,1,1
13058,17024,16147,169,45029,43233,1879,45728,80874,84,1,1
13059,10533,8596,104,39233,38079,1900,39725,60838,51,1,1
13060,20206,18452,104,74926,72975,1864,75607,116228,95,1,1
13061,11907,9772,171,71914,70617,2261,72510,96534,57,1,1
13062,15591,13926,158,41689,40140,1934,42329,73877,72,1,1
13063,10892,9475,104,39555,38381,1846,40069,62371,53,1,1
13064,21722,21606,114,75148,72980,1838,75872,121130,107,1,1
13065,9682,8567,135,68488,67352,1726,69025,89085,50,1,1
13066,14172,11222,172,39724,38392,1755,40342,67588,61,1,1
13067,11405,9997,105,29665,28443,1757,30187,53438,56,1,1
13068,4140,210,97,24440,24222,1787,24746,30964,1,1,1
13069,19449,19821,107,74173,72120,1789,74863,116014,100,1,1
13070,16207,15746,107,70288,68516,1800,70924,104766,84,1,1
13071,16324,15109,176,41404,39755,1788,42090,75407,78,1,1
13072,10457,7620,99,29855,28855,1885,30322,50376,44,1,1
13073,21892,19999,126,74427,72378,1734,75138,118853,100,1,1
13074,18339,10192,102,56284,55030,2652,56828,88111,57,1,1
13075,17098,19421,163,61125,59906,3252,61707,101573,55,1,1
13076,14435,11220,126,36420,35046,1842,37003,64595,63,1,1
13077,8741,6722,98,29400,28465,1873,29849,47277,40,1,1
13078,4207,212,105,25076,24860,2454,25401,32363,1,1,1
13079,6382,3546,96,44657,44010,5504,45048,60565,24,1,1
13080,17891,9878,97,60819,59657,2356,61318,91570,52,1,1
13081,17655,18409,106,87332,85402,2140,88045,126343,94,1,1
13082,8370,5088,135,29547,28748,1851,30023,45424,32,1,1
13083,7484,3982,99,29958,29258,3984,30359,45901,27,1,1
13084,4143,211,104,25784,25571,1990,26108,32540,1,1,1
13085,20653,18550,111,81484,79541,1861,82168,123581,94,1,1
13086,11612,10545,96,84753,83426,1826,85324,109401,60,1,1
13087,9388,4807,136,31351,30587,2480,31827,48602,30,1,1
13088,4457,756,99,23105,22772,1708,23435,30440,6,1,1
13089,4423,838,95,40778,40335,1823,41113,48283,7,1,2
13090,22803,22431,103,59078,56887,1710,59785,106821,107,1,1
13091,12639,5961,91,84516,83571,7567,84941,111191,34,1,2
13092,19792,9568,215,71275,70172,1784,72023,103284,44,1,1
13093,8372,3042,136,30375,29794,1723,30807,44100,20,1,1
13094,4176,593,96,26828,26518,2292,27147,34301,5,1,1
13095,22337,23463,118,83302,80959,1787,84050,131735,114,1,1
13096,12304,12952,107,60565,59015,1764,61165,88282,71,1,1
13097,13905,2745,170,57580,57050,1806,58047,76603,18,1,1
13098,9387,217,111,23064,22848,2282,23394,35376,1,1,1
13099,4072,212,125,18713,18516,1701,19046,25125,1,1,1
13100,9436,329,91,22021,21776,1713,22330,33910,3,1,1
13101,12529,11120,108,56795,55408,3765,57341,84839,62,1,1
13102,11722,5538,98,44045,43240,9049,44473,70875,33,1,1
13103,15648,11019,98,60357,59024,3554,60882,91188,61,1,1
13104,6127,304,193,54248,54017,1957,54679,63156,2,1,1
13105,41348,43718,115,77096,73280,4125,78126,167412,194,1,1
13106,4428,247,127,22158,21946,2241,22495,29506,1,1,1
13107,26257,29766,111,67939,65130,1740,68789,126650,142,1,1
13108,10623,9545,96,59057,57826,1896,59566,81717,54,1,1
13109,5384,271,202,56158,55958,1739,56569,64063,1,1,1
13110,7123,3513,100,58572,57937,10693,58980,80395,23,1,1
13111,17673,15484,133,60970,59289,1721,61615,96595,80,1,1
13112,9861,8264,101,55135,54048,1702,55619,75536,48,1,1
13113,42537,35765,173,76609,73370,9086,77594,165309,164,1,1
13114,13595,7934,100,59606,58590,10065,60164,91839,44,1,1
13115,20059,19680,134,61073,58982,1753,61800,103391,99,1,1
13116,8578,7841,104,56305,55237,1750,56807,75072,46,1,1
13117,40942,39242,181,78105,74547,7437,79164,166886,181,1,1
13118,14577,7541,96,59524,58506,14944,60000,97147,44,1,1
13119,21287,19237,132,64735,62696,1743,65441,107815,97,1,1
13120,9891,8696,103,70089,68906,1806,70642,91130,50,1,1
13121,41444,23560,144,70797,68493,21721,71575,158650,112,1,1
13122,13857,7385,107,58953,58001,17352,59418,98098,41,1,1
13123,16538,15322,111,58313,56650,1780,58925,92662,78,1,1
13124,12368,11917,154,56167,54732,1829,56792,83008,66,1,1
13125,41624,29299,109,72467,69691,19438,73305,163762,138,1,1
13126,11022,5336,104,57025,56210,13374,57454,87275,32,1,1
13127,20742,20538,134,60506,58365,1764,61229,104371,103,1,1
13128,10426,9127,153,55782,54568,1720,56354,77723,53,1,1
13129,41880,32207,321,78018,74605,17959,79246,171385,145,1,1
13130,12746,7667,99,59798,58760,13995,60266,94759,44,1,1
13131,19379,20807,131,60746,58646,1772,61477,103533,100,1,1
13132,10719,9586,153,58525,57306,1843,59108,81354,55,1,1
13133,41560,24975,129,69707,67304,19968,70489,157087,118,1,1
13134,12675,7341,100,58444,57500,12903,58898,91903,40,1,1
13135,17367,14762,136,58545,56916,1762,59178,93169,77,1,1
13136,12468,11460,149,55740,54378,1837,56349,82214,63,1,1
13137,41561,27729,131,70228,67613,23920,71058,164408,130,1,1
13138,24377,13255,102,62225,60730,11121,62803,111641,70,1,1
13139,21283,33296,168,63696,61252,2136,64525,121339,119,1,1
13140,14145,14984,98,56592,54958,2011,57188,88422,78,1,1
13141,41179,32420,133,71949,69008,17266,72839,163799,148,1,1
13142,14300,10620,105,61401,60161,10123,61938,97067,57,1,1
13143,16321,15999,146,58730,56976,1765,59407,93593,83,1,1
13144,15764,16685,139,41997,40241,1819,42655,77014,85,1,1
13145,4098,208,108,41497,41259,1772,41823,47998,1,1,1
13146,42053,27293,112,69226,66663,27527,70025,166993,129,1,1
13147,12913,5042,99,60547,59794,12746,60985,91774,30,1,1
13148,22382,23786,221,47332,44989,1785,48184,96236,114,1,1
13149,12276,10291,103,39329,38051,1755,39863,64275,57,1,1
13150,2571,212,88,36212,36009,2929,36512,42306,1,1,1
13151,41634,27442,116,69630,66989,27136,70442,166745,130,1,1
13152,11386,9138,104,68159,67007,1805,68666,91085,51,1,1
13153,15740,16228,198,45809,44061,1847,46533,80449,83,1,1
13154,11682,12017,101,40274,38885,2733,40821,67342,65,1,1
13155,25299,21772,136,75992,73755,1754,76743,125661,108,1,1
13156,12356,10442,100,72236,70899,1754,72769,97407,61,1,1
13157,14691,14079,172,46210,44618,1847,46879,77595,74,1,1
13158,9141,7679,106,37920,36911,2495,38394,57802,44,1,1
13159,21935,19796,133,76946,74853,1742,77658,121226,99,1,1
13160,11977,10755,100,71107,69713,1793,71645,96254,61,1,1
13161,17400,15351,182,43072,41406,1804,43768,78425,79,1,1
13162,10344,8597,98,39203,38092,2537,39699,61267,50,1,1
13163,28408,26569,131,78083,75479,1722,78900,135694,129,1,1
13164,9943,8596,104,71234,70022,1790,71753,92171,51,1,1
13165,16010,14539,152,41593,39993,1820,42241,74712,74,1,1
13166,11487,10083,104,35177,33938,2677,35694,60034,56,1,1
13167,4176,211,128,25697,25453,1745,26053,32278,1,1,1
13168,22013,19668,108,74818,72797,1778,75502,119060,99,1,1
13169,10873,8903,101,77925,76743,1847,78483,100203,50,1,1
13170,42075,12631,141,56516,55053,25047,57135,136983,66,1,1
13171,14178,3975,102,53104,52312,2112,53520,73883,25,1,2
13172,22568,23164,126,78014,75629,1766,78921,126519,114,1,1
13173,13435,12407,104,83215,81705,1790,83827,111554,68,1,1
13174,12641,10287,138,33487,32232,1716,34067,58807,56,1,1
13175,8226,5138,97,27955,27157,1716,28374,43546,32,1,1
13176,4200,220,107,25013,24806,1883,25329,31726,1,1,1
13177,18147,20121,96,73358,71239,2492,74038,114883,100,1,1
13178,14762,14943,108,87341,85638,1717,88009,119526,79,1,1
13179,11076,8645,129,30912,29817,1427,31443,52688,48,1,1
13180,8148,3411,104,29599,28958,1985,29998,43632,23,1,1
13181,4417,211,104,24806,24603,1413,25110,31247,1,1,1
13182,1472,522,99,32000,31729,1097,32318,35496,4,1,1
13183,39055,42290,97,81192,76950,1837,82203,165490,192,1,1
13184,24534,14254,228,55211,53582,3787,55944,98612,75,1,1
13185,8579,4919,93,56437,55680,1632,56846,72061,30,1,1
13186,8753,3791,120,31762,31108,2069,32199,46910,24,1,1
13187,4388,500,101,21922,21638,2050,22245,29276,4,1,1
13188,4426,216,132,25176,24969,1760,25513,32010,1,1,1
13189,4505,213,89,17465,17275,1692,17742,24246,1,1,1
13190,23589,23044,112,81098,78805,1785,81845,130358,113,1,1
13191,11229,9560,196,77218,75990,1725,77843,100444,55,1,1
13192,4211,226,125,22963,22719,1698,23297,29571,1,1,1
13193,4478,214,99,17040,16852,1681,17335,23791,1,1,1
13194,4770,206,94,21762,21576,1714,22053,28833,1,1,1
13195,20448,19490,110,80091,78022,1695,80780,122510,99,1,1
13196,9719,9201,157,56442,55241,1808,57024,77838,52,1,1
13197,13866,2658,102,58613,58102,1766,59001,77389,17,1,1
13198,4080,216,127,23661,23446,1708,24001,30097,1,1,1
13199,4105,217,126,18195,17990,1702,18529,24648,1,1,1
13200,4525,211,96,24620,24418,1761,24923,31512,1,1,1
13201,18108,20811,97,61733,59595,2540,62430,103974,105,1,1
13202,10283,9068,94,57400,56227,6465,57890,83791,53,1,1
13203,5861,219,206,53261,53070,2254,53679,62096,1,1,1
13204,38384,44505,132,77435,73497,1738,78497,163275,201,1,1
13205,4313,242,124,22399,22184,1738,22731,29122,1,1,1
13206,16323,13189,112,56493,55004,1659,57086,88356,70,1,1
13207,8873,6815,100,39659,38685,1719,40142,57646,41,1,1
13208,11317,9989,149,49181,47930,1772,49767,72939,56,1,1
13209,41138,32947,133,74444,71450,10388,75340,159906,151,1,1
13210,11223,8540,100,61707,60527,10038,62206,92092,48,1,1
13211,19949,19358,130,62662,60650,1713,63360,104477,96,1,1
13212,12021,10641,196,60087,58722,1743,60729,85228,60,1,1
13213,41197,32171,129,74253,71293,10656,75140,159258,149,1,1
13214,14397,9219,106,61198,60045,9662,61707,95070,52,1,1
13215,20289,17436,135,59148,57305,1712,59821,99355,87,1,1
13216,10052,9247,157,40033,38874,1858,40608,61866,52,1,1
13217,11546,10449,95,45411,44110,1700,45936,69714,58,1,1
13218,40803,39720,108,75504,71980,7102,76476,164247,180,1,1
13219,11210,6920,99,58586,57630,11058,59041,88314,40,1,1
13220,20450,19680,110,72928,70888,1740,73660,115626,98,1,1
13221,11537,8923,104,57726,56521,1773,58250,80574,53,1,1
13222,41151,29924,128,73785,71008,17329,74644,163142,140,1,1
13223,9366,5448,102,67628,66758,15802,68070,98789,34,1,1
13224,31721,22186,199,64759,62498,1770,65591,121369,109,1,1
13225,12215,9521,98,56384,55135,1789,56888,80508,55,1,1
13226,41611,29256,135,73872,71127,23323,74723,169009,137,1,1
13227,13860,7700,105,57842,56846,14720,58310,94676,42,1,1
13228,21855,23610,173,64576,62196,1855,65390,112810,113,1,1
13229,12646,11803,99,54513,53065,1783,55087,81411,65,1,1
13230,41789,25125,112,72027,69574,21148,72799,160957,121,1,1
13231,12882,5480,104,57296,56468,15398,57740,91586,33,1,1
13232,23426,26393,154,63386,60843,1839,64221,115980,125,1,1
13233,13024,13181,105,55379,53874,1673,55951,83919,71,1,1
13234,41577,25803,139,72277,69832,25235,73073,165782,120,1,1
13235,12972,7138,102,67764,66798,13315,68270,101792,40,1,1
13236,17998,19473,117,59597,57599,1762,60294,99623,96,1,1
13237,12569,11618,103,54749,53388,1825,55287,81391,63,1,1
13238,41231,30505,136,78414,75614,28449,79274,179564,140,1,1
13239,14514,4335,108,69067,68334,14431,69549,102923,27,1,1
13240,18098,18545,118,62757,60734,1724,63438,101942,95,1,1
13241,9855,7485,92,52906,51894,1731,53367,72521,44,1,1
13242,41620,33188,113,71608,68556,10602,72484,157988,152,1,1
13243,13826,6937,143,59515,58546,7098,60018,87979,41,1,1
13244,13389,11573,112,56437,55032,1734,56995,83787,62,1,1
13245,13203,12880,107,48042,46530,1739,48631,76537,71,1,1
13246,4336,222,104,38037,37831,1697,38365,44711,1,1,1
13247,2041,215,97,53785,53573,21099,54090,77527,1,1,1
13248,25815,12058,160,61880,60463,7949,62499,108416,64,1,1
13249,42434,14554,130,41180,39630,26825,41795,125704,72,1,1
13250,11194,4431,96,31215,30486,16624,31613,63947,28,1,1
13251,26310,14181,100,33887,32346,8876,34475,83928,72,1,1
13252,4891,213,120,36101,35900,1725,36439,43362,1,1,1
13253,41223,35615,108,71105,67988,7912,72005,156854,159,1,1
13254,10314,8624,191,70127,68961,1796,70721,91550,49,1,1
13255,17516,16421,136,43467,41699,1806,44135,80016,85,1,1
13256,13052,11600,99,40904,39510,1834,41456,68029,64,1,1
13257,24615,30753,134,79335,76863,1750,80135,137356,120,1,1
13258,15142,14088,144,73847,72201,2026,74492,105843,77,1,1
13259,20594,19785,108,43974,41914,1813,44664,86954,100,1,1
13260,12150,12164,106,38491,37058,1806,39059,65270,67,1,1
13261,25192,25646,131,78792,76243,1776,79599,132309,127,1,1
13262,11491,9568,150,72021,70757,1738,72600,95489,56,1,1
13263,17097,14917,130,42157,40492,1726,42798,76636,78,1,1
13264,10609,9347,102,39388,38232,1760,39906,61714,52,1,1
13265,26553,24488,111,78625,76218,1756,79390,132282,120,1,1
13266,10543,7590,144,70943,69869,1708,71474,91403,46,1,1
13267,12775,11552,145,42556,41186,1806,43158,69394,62,1,1
13268,10937,10045,98,31807,30558,1820,32323,55213,57,1,1
13269,4263,216,106,25494,25284,1725,25810,32104,1,1,1
13270,22985,24154,130,77641,75215,1744,78426,127405,120,1,1
13271,12118,11209,156,70759,69353,2331,71367,97119,63,1,1
13272,11317,8790,128,31274,30168,1866,31798,53909,49,1,1
13273,9146,6203,105,28190,27271,1732,28653,45824,39,1,1
13274,4596,218,97,24667,24449,1668,24973,31540,1,1,1
13275,30031,25565,154,76951,74435,1806,77780,135281,122,1,1
13276,9978,8469,151,72100,70987,2128,72651,93312,49,1,1
13277,13351,11054,135,32458,31111,2090,33038,59670,61,1,1
13278,8968,5107,99,31407,30600,1966,31835,47966,33,1,1
13279,22183,22994,114,81180,78864,1826,81925,129022,113,1,1
13280,10081,8260,197,57644,56523,1781,58246,78452,48,1,1
13281,4389,214,101,53526,53325,1705,53851,60294,1,1,1
13282,11048,6698,105,30298,29360,1691,30773,50304,39,1,1
13283,8208,4435,105,33573,32859,1680,33998,48404,28,1,1
13284,4172,210,107,24951,24737,1696,25269,31439,1,1,1
13285,15814,13155,90,54541,53027,3404,55184,87641,70,1,1
13286,15264,6891,97,109012,107903,4606,109564,136418,39,1,2
13287,9862,1636,105,55380,54924,3165,55757,70505,12,1,1
13288,8868,3257,132,30592,29979,1764,31014,44997,21,1,1
13289,4210,576,97,24102,23795,2418,24421,31711,5,1,1
13290,4247,214,105,24852,24639,1754,25167,31476,1,1,1
13291,4367,216,85,16984,16798,1789,17264,23716,1,1,1
13292,24019,25300,131,79604,77117,1762,80392,131564,120,1,1
13293,10738,9669,194,74194,72924,2210,74810,97513,55,1,1
13294,4457,215,130,26180,25961,1738,26514,33017,1,1,1
13295,4155,211,99,17265,17069,1697,17572,23718,1,1,1
13296,4236,219,95,21451,21246,1723,21742,27999,1,1,1
13297,30810,37168,134,66375,63413,2235,67464,137839,145,1,1
13298,6634,211,87,63431,63246,1708,63768,72410,1,1,1
13299,9174,7294,111,53940,52896,1752,54431,72735,43,1,1
13300,10871,1485,98,54774,54377,1761,55135,69388,11,1,1
13301,1704,216,91,21583,21376,3143,21884,27035,1,1,1
13302,26112,25958,126,63541,61019,1694,64338,118194,123,1,1
13303,15267,25109,200,61436,59783,2124,62141,104734,77,1,1
13304,4911,244,107,55503,55304,1761,55821,62829,1,1,1
13305,40826,48392,131,78724,74427,3483,79853,172652,218,1,1
13306,4256,209,129,22533,22316,1766,22870,29195,1,1,1
13307,8888,7212,100,49527,48581,4018,49993,70196,41,1,1
13308,11545,10634,200,59214,57931,1817,59849,83931,59,1,1
13309,42055,32867,136,74581,71644,14196,75490,164748,149,1,1
13310,10723,6205,99,58672,57781,10993,59130,87143,37,1,1
13311,17551,14274,135,56975,55387,1816,57609,91346,75,1,1
13312,12031,9334,165,59893,58674,1775,60484,83717,54,1,1
13313,42090,32201,111,75664,72699,11531,76541,162463,149,1,1
13314,13348,7639,103,59732,58681,10026,60214,91311,45,1,1
13315,18305,16856,119,62291,60470,11033,62943,109232,85,1,1
13316,7891,6434,135,38904,37980,1773,39402,55591,38,1,1
13317,9997,6879,95,43834,42877,2211,44281,63459,41,1,1
13318,40818,39743,112,75315,71803,7563,76305,164522,180,1,1
13319,14103,8757,104,58712,57605,14011,59213,96176,48,1,1
13320,30945,23381,190,67330,64906,1774,68166,124364,116,1,1
13321,14499,15405,102,58780,57004,2520,59396,91912,82,1,1
13322,41408,29830,120,73597,70787,19679,74452,165462,142,1,1
13323,15441,8445,99,59353,58248,12833,59846,96649,48,1,1
13324,22452,21526,182,66615,64382,2056,67407,113544,106,1,1
13325,10376,9797,104,59266,57993,2931,59786,82981,56,1,1
13326,41669,29202,113,73505,70767,17775,74340,163081,137,1,1
13327,14512,6675,98,57922,56992,13436,58368,93072,38,1,1
13328,42841,13590,221,62875,61385,27685,63582,147794,68,1,1
13329,20220,7837,102,43843,42834,8696,44322,81161,44,1,1
13330,7539,3643,96,29865,29221,16334,30248,57856,24,1,1
13331,22794,11130,98,39940,38663,10386,40462,84857,59,1,1
13332,15434,8830,93,40518,39392,1913,41001,67265,50,1,1
13333,41379,30268,140,73569,70754,13424,74448,159627,140,1,1
13334,15085,8701,197,59873,58744,10337,60478,94690,49,1,1
13335,19193,19074,130,60211,58192,1850,60927,101156,95,1,1
13336,15635,17040,100,56793,54937,1784,57424,91968,89,1,1
13337,41439,24220,112,79301,76938,27822,80099,173673,117,1,1
13338,14324,7921,107,60476,59420,14342,60975,97652,45,1,1
13339,17837,17307,112,56949,55136,1774,57600,94611,86,1,1
13340,10330,8563,103,52582,51454,1767,53083,73829,50,1,1
13341,41731,22847,107,78707,76450,27134,79489,171319,110,1,1
13342,11739,4515,110,57036,56312,12096,57452,85894,26,1,1
13343,17927,18110,113,45064,43164,1873,45727,83732,92,1,1
13344,4418,214,93,36127,35898,1719,36429,42862,1,1,1
13345,13528,13043,95,41800,40295,2671,42376,71702,71,1,1
13346,4328,213,97,34938,34720,1752,35229,41603,1,1,1
13347,41782,35837,166,72008,68742,10799,72978,161530,164,1,1
13348,10741,6399,104,61164,60224,8213,61620,87064,38,1,1
13349,21016,22260,110,59092,56813,2536,59838,105744,112,1,1
13350,14629,12868,179,42692,41202,1799,43371,72760,69,1,1
13351,5127,649,104,103446,103005,1764,103874,111505,5,1,2
13352,8376,3519,107,55960,55316,11796,56366,80149,22,1,1
13353,20266,20311,109,45505,43369,1772,46197,88639,101,1,1
13354,11348,10461,98,40609,39324,1734,41135,64763,58,1,1
13355,4897,214,108,37353,37140,1702,37665,44578,1,1,1
13356,50770,29660,166,68499,65785,25070,69388,174985,136,1,1
13357,10159,8864,110,72113,70929,1693,72622,93421,51,1,1
13358,18155,18085,109,43114,41210,1718,43792,81846,92,1,1
13359,12409,11239,97,38739,37383,1832,39269,64840,62,1,1
13360,24037,22511,108,85746,83471,1744,86530,134921,112,1,1
13361,10625,8549,105,68016,66873,1716,68518,89498,48,1,1
13362,15160,13420,136,41847,40292,1710,42470,72858,73,1,1
13363,10726,8478,98,42573,41470,1724,43068,64088,49,1,1
13364,23250,23284,108,86198,83860,1725,87011,135364,115,1,1
13365,7399,4980,104,67348,66506,1709,67777,81953,32,1,1
13366,18747,18376,136,43776,41817,1736,44470,83423,92,1,1
13367,9889,7342,115,40182,39144,1729,40688,59735,44,1,1
13368,29257,38623,198,79747,76895,1720,80685,150381,141,1,1
13369,10542,9382,104,69770,68556,2086,70291,92394,54,1,1
13370,15036,14073,119,40122,38567,1719,40730,71654,72,1,1
13371,11149,8767,98,30514,29340,1819,31017,52835,51,1,1
13372,4440,211,106,25264,25047,1683,25577,32012,1,1,1
13373,6403,4339,96,55134,54419,4758,55664,71256,28,1,1
13374,12110,8558,104,60612,59459,1671,61122,83546,51,1,1
13375,14093,12218,103,71061,69591,1764,71629,99788,65,1,1
13376,14427,9501,131,31607,30383,1743,32170,57940,53,1,1
13377,8822,6068,102,29011,28072,1702,29470,46150,39,1,1
13378,2221,214,90,24080,23876,2364,24396,29277,1,1,1
13379,23390,35043,215,77135,74569,1689,78032,138251,126,1,1
13380,10570,10140,104,73116,71827,1722,73651,96167,57,1,1
13381,10535,6857,125,30389,29445,1744,30873,50103,40,1,1
13382,8530,5476,96,30631,29825,1764,31064,46920,33,1,1
13383,4336,208,95,23508,23303,1685,23797,30108,1,1,1
13384,21408,21413,113,86882,84715,1696,87699,132310,106,1,1
13385,10848,9526,113,71425,70185,1767,71972,94207,56,1,1
13386,11103,7505,132,29358,28349,1698,29869,50268,43,1,1
13387,8644,5411,110,31633,30821,1809,32094,48046,33,1,1
13388,4777,230,108,24802,24597,1702,25128,31929,1,1,1
13389,21952,21152,91,69215,67074,2097,69946,115241,105,1,1
13390,11951,4896,107,56028,55271,1699,56465,75103,30,1,1
13391,10345,8348,101,74223,73110,1671,74723,95171,48,1,1
13392,8450,2813,126,29802,29261,1697,30215,43266,18,1,1
13393,4210,210,91,21540,21332,1694,21838,28044,1,1,1
13394,4688,209,123,24833,24625,1728,25161,31885,1,1,1
13395,4181,210,89,17050,16855,1675,17338,23486,1,1,1
13396,5296,12243,198,48977,48393,952,49484,68059,21,1,1
13397,32553,30687,97,64754,61876,1729,65598,130656,146,1,1
13398,13088,12570,107,76138,74642,1715,76715,104181,70,1,1
13399,4328,214,105,23107,22886,1697,23421,29756,1,1,1
13400,4281,213,127,18422,18226,1744,18760,25095,1,1,1
13401,4714,206,95,22016,21813,1695,22308,29013,1,1,1
13402,21402,22049,165,82863,80601,1746,83650,128946,110,1,1
13403,12149,11765,102,58221,56784,1694,58779,84473,67,1,1
13404,6134,215,101,54662,54467,1667,54982,63103,1,1,1
13405,4242,215,122,22773,22566,1698,23102,29354,1,1,1
13406,18384,17754,133,72294,70396,1699,73036,110970,92,1,1
13407,10190,10046,109,63207,61898,1718,63741,85790,58,1,1
13408,12571,2300,109,57919,57424,1694,58302,74966,15,1,1
13409,24966,27557,109,79935,77212,1696,80768,135110,134,1,1
13410,14069,1408,116,37543,37139,1695,37963,55239,10,1,1
13411,19075,17653,116,60830,58972,3905,61498,102216,91,1,1
13412,4130,977,89,22553,22209,10828,22881,38902,8,1,1
13413,16452,9281,92,58483,57297,7829,58969,92631,53,1,1
13414,10842,4537,95,47168,46442,1705,47578,64753,28,1,1
13415,41428,22642,107,69547,67314,11169,70288,145627,109,1,1
13416,12779,7557,102,58083,57061,10523,58562,89508,43,1,1
13417,16159,13837,150,61142,59542,1773,61781,93648,73,1,1
13418,9935,8226,98,55324,54223,1721,55820,75794,49,1,1
13419,41377,32493,112,71771,68832,13072,72658,159693,148,1,1
13420,8585,3264,98,66379,65762,13989,66815,92745,21,1,1
13421,23286,25489,117,66338,63844,1721,67122,117722,124,1,1
13422,12882,11248,99,58145,56749,1713,58690,84624,63,1,1
13423,41133,39087,112,75782,72339,7974,76749,165042,176,1,1
13424,33321,26456,194,69567,66918,8923,70451,139241,129,1,1
13425,24857,28634,119,68603,65864,1741,69451,124818,137,1,1
13426,13667,12719,108,58446,56934,1839,59020,87329,68,1,1
13427,42304,25000,135,72320,69935,32621,73114,173143,116,1,1
13428,12989,6672,141,57587,56625,15754,58094,93606,38,1,1
13429,24591,24749,116,63936,61377,1792,64716,115942,121,1,1
13430,11232,10403,99,54202,52890,2369,54737,78827,59,1,1
13431,41119,31498,107,83561,80659,17945,84450,175111,145,1,1
13432,12336,6208,110,57661,56772,15820,58128,92585,36,1,1
13433,20962,22339,111,62094,59821,1783,62822,108047,110,1,1
13434,11706,11163,97,56050,54640,1766,56595,81317,63,1,1
13435,41669,40165,163,71679,68857,23034,72586,177543,142,1,1
13436,15355,10737,104,60395,59102,12386,60931,99502,59,1,1
13437,16283,10446,133,56331,54994,1757,56910,85488,59,1,1
13438,10008,8581,99,40083,38962,1720,40589,60985,50,1,1
13439,9190,4820,95,40358,39557,1708,40771,56574,31,1,1
13440,41291,31385,176,70780,67866,20219,71707,164698,146,1,1
13441,13637,8667,97,60546,59420,11327,61035,94750,49,1,1
13442,16113,12279,110,55643,54178,1758,56226,86471,66,1,1
13443,7854,4749,113,56900,56046,1781,57353,71834,30,1,1
13444,41802,31484,156,72443,69544,20924,73352,167657,146,1,1
13445,10534,2676,105,57407,56833,11170,57797,82267,18,1,1
13446,16573,14580,108,55748,54079,1751,56372,89368,77,1,1
13447,11190,9337,99,42288,41047,1747,42805,65161,55,1,1
13448,2320,208,89,46406,46180,2409,46769,51793,1,1,1
13449,41470,24776,121,72267,69870,22314,73046,161744,119,1,1
13450,14164,5844,100,55962,55122,11255,56406,87753,34,1,1
13451,22297,23768,116,61578,59151,1808,62345,110312,117,1,1
13452,14052,14626,96,42262,40629,2337,42849,73947,76,1,1
13453,41633,29088,153,110321,107444,26530,111192,208539,136,1,2
13454,13542,8081,105,58583,57560,11958,59068,92731,44,1,1
13455,19835,21211,115,44852,42689,1803,45570,88512,103,1,1
13456,16098,15778,99,41324,39593,2282,41937,76179,82,1,1
13457,4230,210,194,35954,35731,1723,36362,42606,1,1,1
13458,42086,29884,117,106340,103402,28121,107186,207375,140,1,2
13459,5921,2333,107,55263,54741,17672,55644,81655,16,1,1
13460,13809,10962,134,48547,47158,1867,49131,75872,60,1,1
13461,11732,10164,104,39035,37730,1732,39564,63282,57,1,1
13462,21723,22581,200,79876,77563,1753,80708,126904,112,1,1
13463,12729,11288,105,69622,68179,1718,70189,96015,64,1,1
13464,18856,17420,134,42377,40509,1781,43058,81211,89,1,1
13465,10573,8857,98,36267,35133,1750,36763,58028,51,1,1
13466,23224,22286,150,78611,76319,1773,79379,126764,111,1,1
13467,9045,8073,100,68779,67694,1697,69273,88180,47,1,1
13468,19853,16283,109,41940,40200,1728,42583,80554,83,1,1
13469,10660,9297,97,39169,38018,1717,39659,61421,51,1,1
13470,19952,17648,146,75359,73509,1708,76055,115458,89,1,1
13471,12863,11524,97,70186,68802,1693,70736,96908,64,1,1
13472,14939,13217,136,40195,38676,1769,40815,70834,71,1,1
13473,11002,8999,92,30297,29105,1745,30791,52631,53,1,1
13474,4151,213,107,34435,34217,1811,34796,41062,1,1,1
13475,16968,18511,100,73120,71215,3718,73785,113074,93,1,1
13476,9406,8559,101,67875,66716,2912,68387,89354,51,1,1
13477,14108,11189,118,32645,31275,1789,33232,60414,62,1,1
13478,8216,4932,110,32571,31780,1736,33024,48000,31,1,1
13479,4302,219,102,25205,24992,1724,25524,31862,1,1,1
13480,28728,18826,163,71772,69826,1748,72509,121906,95,1,1
13481,11586,11083,99,72492,71160,2074,73042,97877,62,1,1
13482,42046,10910,136,51256,49975,12920,51836,117844,57,1,1
13483,9916,3496,103,24967,24364,7701,25369,46576,22,1,1
13484,19620,5512,99,21156,20345,2122,21593,48939,33,1,1
13485,4640,216,95,32490,32292,1817,32824,39587,1,1,1
13486,26166,27687,121,85298,82589,1730,86138,141814,133,1,1
13487,12022,11234,100,55341,53936,2179,55896,81424,64,1,1
13488,14048,6540,96,57386,56479,2027,57838,80543,39,1,1
13489,10097,7295,129,33084,32079,1702,33602,52791,42,1,1
13490,7329,4927,101,32676,31895,1803,33163,47315,31,1,1
13491,23841,25782,120,81354,78898,1673,82145,133579,122,1,1
13492,12925,12648,99,74323,72853,1687,74889,102240,69,1,1
13493,9080,4037,107,30970,30247,1709,31399,46317,27,1,1
13494,4174,565,95,22394,22099,1983,22712,29519,5,1,1
13495,4290,211,171,25990,25776,1719,26381,32690,1,1,1
13496,4611,210,88,17608,17408,1690,17889,24491,1,1,1
13497,10209,7502,133,53283,52260,4244,53833,75879,45,1,1
13498,13550,2905,100,77873,77197,5913,78268,100729,19,1,2
13499,21290,21869,98,66901,64692,2212,67610,113066,108,1,1
13500,5504,214,89,59808,59600,1736,60090,67634,1,1,1
13501,4161,207,113,43234,42985,1758,43621,49845,1,1,1
13502,4104,251,111,18668,18472,1697,19014,25161,1,1,1
13503,4276,205,94,20975,20783,2255,21286,28116,1,1,1
13504,22401,23629,128,81639,79229,1728,82404,130258,116,1,1
13505,12418,13425,99,59622,57972,1755,60210,87894,73,1,1
13506,7901,222,136,55114,54931,1709,55475,65400,1,1,1
13507,3530,212,150,22703,22495,2684,23095,29611,1,1,1
13508,24253,25121,107,64610,62133,1701,65384,116552,122,1,1
13509,13341,13147,96,62347,60813,1796,62931,91301,72,1,1
13510,5034,212,110,54787,54580,1718,55113,62171,1,1,1
13511,37545,42710,126,76498,72682,2292,77567,160206,196,1,1
13512,18940,16656,181,61339,59598,1444,62042,99180,82,1,1
13513,9388,8106,98,56941,55865,1711,57423,76720,47,1,1
13514,41108,36305,116,73784,70479,9841,74724,162087,168,1,1
13515,13263,12673,98,71260,69878,10127,71853,108007,64,1,1
13516,16632,14372,149,59067,57456,1733,59726,92601,76,1,1
13517,10367,9588,103,54593,53365,1754,55114,76907,55,1,1
13518,41543,38926,154,73982,70909,15001,74949,170538,151,1,1
13519,14473,8145,158,60015,58942,13329,60577,96609,46,1,1
13520,21839,22659,120,65134,62849,1790,65885,112269,111,1,1
13521,10766,9798,103,59060,57768,1842,59585,82076,57,1,1
13522,41362,37398,111,75652,72327,7649,76589,163094,168,1,1
13523,13513,7405,159,59578,58598,14528,60126,95671,41,1,1
13524,18067,18902,134,63371,61364,1777,64088,102971,96,1,1
13525,10863,9690,95,57706,56426,1864,58222,80724,56,1,1
13526,41287,28423,189,80580,77866,16746,81523,168073,136,1,1
13527,12333,6682,107,58173,57277,16959,58654,94721,38,1,1
13528,20633,19746,134,58031,55961,1795,58763,101028,101,1,1
13529,9722,8625,97,55313,54157,1856,55814,76101,50,1,1
13530,41581,28190,113,80446,77755,21666,81305,172838,133,1,1
13531,8502,1960,101,56750,56278,14157,57135,81840,14,1,1
13532,24058,26610,136,61913,59290,1757,62748,115276,129,1,1
13533,13880,13053,105,61726,60193,2124,62312,91469,72,1,1
13534,50266,32397,215,74365,71387,20397,75351,178507,148,1,1
13535,13989,9289,106,60314,59217,15952,60814,100130,49,1,1
13536,18430,18864,116,59151,57212,1753,59844,98984,94,1,1
13537,12509,10115,98,54162,52897,1793,54692,79194,58,1,1
13538,38322,26293,154,71658,69204,24709,72489,161913,123,1,1
13539,16728,8752,100,58987,57875,14558,59482,99605,49,1,1
13540,22375,23498,130,61100,58787,1764,61860,109588,114,1,1
13541,14545,14613,106,55044,53456,1732,55652,86626,76,1,1
13542,42234,27047,152,71502,68995,22631,72388,164402,126,1,1
13543,11364,1804,103,53795,53364,12568,54153,79976,12,1,1
13544,16827,16141,108,56738,54962,1756,57367,92188,84,1,1
13545,11339,10406,103,40182,38897,1765,40727,64321,59,1,1
13546,4321,370,135,38800,38547,1728,39166,45680,3,1,1
13547,40960,20241,106,67265,65239,24464,67948,153706,98,1,1
13548,13131,7165,106,60131,59176,11465,60608,92461,41,1,1
13549,13753,11671,131,43043,41640,1761,43638,70919,65,1,1
13550,14977,15602,114,43592,41894,1790,44226,76682,80,1,1
13551,4156,216,91,46210,45999,2506,46551,53520,1,1,1
13552,41414,30804,121,70966,68127,20894,71827,165030,142,1,1
13553,9354,6449,98,67713,66793,1694,68161,85750,39,1,1
13554,19877,21445,135,45263,43138,1699,46001,89119,104,1,1
13555,12180,10004,100,42906,41658,2916,43418,68603,56,1,1
13556,4185,251,140,38140,37900,1738,38502,44771,1,1,1
13557,8705,2409,95,56721,56232,31409,57091,99699,16,1,1
13558,11918,11268,104,71038,69681,1763,71588,96628,62,1,1
13559,41912,11932,116,38979,37611,29418,39555,122913,62,1,1
13560,11987,2134,98,29032,28549,14761,29393,58358,15,1,1
13561,19983,9416,96,42003,40825,8342,42597,80432,53,1,1
13562,22686,21130,112,75877,73719,1756,76603,122265,105,1,1
13563,14467,13743,105,70400,68717,2181,71012,101496,76,1,1
13564,17313,16319,110,41673,39897,1800,42320,77850,84,1,1
13565,9734,8885,92,46471,36317,1856,47034,67604,51,1,1
13566,28928,29682,118,81353,78503,1745,82230,142737,142,1,1
13567,10533,8082,92,65813,64738,3439,66321,88658,47,1,1
13568,15952,16374,140,45411,43618,1721,46091,80235,82,1,1
13569,12173,10899,102,43216,41881,1736,43802,68706,59,1,1
13570,4404,757,108,25848,25544,1782,26200,33235,6,1,1
13571,24206,26413,115,78406,75863,2294,79210,132216,127,1,1
13572,11132,9773,99,68731,67527,3245,69249,93485,54,1,1
13573,13640,11042,110,39395,38020,1756,39952,66485,61,1,1
13574,11985,10864,98,40573,39259,1852,41150,65946,59,1,1
13575,4726,575,112,62370,61985,1750,62712,69936,4,1,2
13576,10119,4052,93,95571,94720,18640,95977,128872,26,1,2
13577,9070,3195,108,54915,54329,8224,55308,75882,20,1,1
13578,15984,12337,117,31806,30402,2304,32392,63117,64,1,1
13579,9655,5764,104,27776,26908,1829,28212,45551,35,1,1
13580,4414,213,112,35214,34999,1765,35592,42075,1,1,1
13581,1730,289,96,36897,36665,994,37210,40309,2,1,1
13582,34577,30520,100,108893,105966,4552,109721,179472,141,1,2
13583,7807,2870,100,56523,55981,7391,56919,75090,19,1,1
13584,10225,7349,135,30245,29263,1848,30755,50269,42,1,1
13585,7513,4779,98,29951,29156,1734,30365,44480,30,1,1
13586,4316,207,135,25471,25257,1697,25821,32137,1,1,1
13587,23065,23416,231,81883,79607,1751,82750,131080,112,1,1
13588,12979,11325,103,72297,70946,1767,72851,99006,62,1,1
13589,9827,5218,111,31852,31065,1736,32312,49187,31,1,1
13590,4179,350,96,23429,23173,1953,23745,30313,3,1,1
13591,4644,212,90,24054,23862,1714,24345,30997,1,1,1
13592,4361,212,85,28250,28026,1721,28579,34964,1,1,1
13593,24494,27510,115,81269,78568,1693,82079,135870,131,1,1
13594,9262,8345,101,57238,56088,2304,57735,77728,49,1,1
13595,7068,1984,91,54806,54360,1687,55160,65982,14,1,1
13596,9103,4176,136,30439,29729,1673,30898,45949,27,1,1
13597,4378,565,94,27013,26707,1759,27333,34121,5,1,1
13598,4431,214,150,25747,25543,1696,26116,32548,1,1,1
13599,4303,211,89,16853,16656,1697,17152,23446,1,1,1
13600,22853,24192,93,61795,59446,2662,62532,112328,116,1,1
13601,6633,1100,96,102671,102211,2082,103014,112924,8,1,2
13602,13901,14744,107,62752,61155,1824,63350,93911,76,1,1
13603,10869,1853,112,54824,54388,1725,55203,69751,13,1,1
13604,5057,210,180,23110,22872,1734,23522,30627,1,1,1
13605,4242,246,114,18469,18277,2207,18796,25586,1,1,1
13606,4285,208,94,20776,20583,1725,21081,27397,1,1,1
13607,6992,4417,98,51659,50960,5471,52075,69042,28,1,1
13608,8616,901,96,71825,71387,4285,72159,86054,7,1,2
13609,17635,15448,105,58952,57280,1389,59564,94123,80,1,1
13610,38218,47821,113,79085,74945,2114,80181,168426,213,1,1
13611,4426,254,168,25163,24946,1720,25556,32055,1,1,1
13612,20264,19400,144,62903,60856,1711,63630,105100,99,1,1
13613,11084,8885,96,58737,57596,1729,59233,81023,50,1,1
13614,4391,209,111,55884,55687,1740,56210,62643,1,1,1
13615,40515,54796,170,80138,76156,2855,81274,179536,204,1,1
13616,19025,18070,204,61234,59325,1816,62001,101052,92,1,1
13617,10071,8896,94,57974,56809,1713,58474,79239,51,1,1
13618,41220,29222,114,74525,71769,12331,75350,158218,136,1,1
13619,13326,7710,143,59522,58514,9540,60063,90731,44,1,1
13620,17929,17557,118,62638,60787,1739,63303,100630,89,1,1
13621,10067,9564,103,55953,54759,1735,56473,77922,54,1,1
13622,41461,30849,120,73753,70944,11665,74610,158678,141,1,1
13623,13882,7789,143,60418,59382,10146,60954,92863,45,1,1
13624,24749,26941,141,65882,63271,1720,66714,120261,130,1,1
13625,11674,10310,104,58452,57147,1737,58982,82788,59,1,1
13626,41736,24073,138,80596,78243,22262,81411,169576,115,1,1
13627,12726,6261,104,57520,56647,16186,58064,93322,36,1,1
13628,21457,22685,118,64457,62177,1737,65197,111175,110,1,1
13629,13843,13366,99,67240,65614,1840,67827,96977,74,1,1
13630,50437,33440,172,74823,71661,15413,75801,175189,155,1,1
13631,13717,7692,102,59765,58726,14833,60256,96588,44,1,1
13632,20985,21445,117,59906,57706,1732,60640,104897,107,1,1
13633,10179,9117,101,56852,55636,1728,57370,78479,54,1,1
13634,41546,25451,146,73183,70710,25231,74006,166327,121,1,1
13635,18502,11463,140,61397,60241,15651,61952,107890,51,1,1
13636,23131,24922,137,64839,62356,1880,65629,115659,120,1,1
13637,12465,11260,101,59639,58225,1699,60203,85711,63,1,1
13638,48178,26531,222,73610,71044,26333,74515,175703,125,1,1
13639,22247,14118,181,63044,61552,14209,63943,114814,62,1,1
13640,42382,12625,123,59458,57986,26238,60070,141408,65,1,1
13641,20239,6785,96,42034,41082,5505,42494,75108,39,1,1
13642,8460,2152,109,41197,40716,17140,41667,69511,14,1,1
13643,27666,14716,122,45000,43365,10309,45621,98405,75,1,1
13644,27220,18691,89,67141,65175,3779,67785,117567,92,1,1
13645,41610,31749,116,71175,68184,17303,72040,163018,146,1,1
13646,10124,3456,105,57328,56671,17012,57726,88413,22,1,1
13647,18057,18388,138,71110,69117,1791,71855,110185,92,1,1
13648,10850,9600,111,53638,52393,1348,54163,76048,54,1,1
13649,42651,25819,144,71467,68907,26382,72285,167229,122,1,1
13650,14284,7731,105,58697,57692,13947,59185,95238,43,1,1
13651,24494,16471,165,57903,56112,1868,58607,101537,84,1,1
13652,14456,13600,100,42165,40643,1876,42749,72770,71,1,1
13653,4775,364,145,38887,38616,1734,39259,46224,3,1,1
13654,42346,24431,116,70019,67643,23509,70786,161175,116,1,1
13655,12565,6609,108,59143,58189,12763,59600,91623,38,1,1
13656,18757,20798,181,51591,49479,1792,52380,93825,103,1,1
13657,11697,10314,106,41912,40610,1715,42449,66268,58,1,1
13658,4168,278,98,36735,36483,1739,37052,43323,2,1,1
13659,41636,31936,116,69811,66863,21811,70667,166153,146,1,1
13660,9985,9166,108,69456,68222,1745,69974,90961,53,1,1
13661,18925,18767,227,46882,44921,1784,47689,87263,95,1,1
13662,11290,11081,102,40812,39497,1711,41349,65521,60,1,1
13663,22966,21072,126,79314,77145,1784,80036,125960,105,1,1
13664,11566,10576,113,73232,71864,1727,73801,97758,59,1,1
13665,16577,16367,171,44447,42692,1750,45158,79950,84,1,1
13666,13088,11921,101,39765,38351,1711,40323,67134,66,1,1
13667,21965,21381,144,78438,76230,1768,79190,124399,108,1,1
13668,15350,15500,105,70450,68688,1703,71068,103707,84,1,1
13669,17479,16449,146,44533,42775,1722,45235,80980,84,1,1
13670,10621,9427,103,37964,36787,1697,38484,60320,53,1,1
13671,22080,20888,132,75863,73742,1724,76601,121387,104,1,1
13672,11768,9501,98,69417,68190,1711,69951,93023,56,1,1
13673,13639,9915,146,40051,38817,1780,40631,66067,56,1,1
13674,13660,12926,101,35651,34208,1712,36205,64594,67,1,1
13675,3927,220,90,24364,24160,2216,24667,31112,1,1,1
13676,16576,14741,134,74844,73182,1731,75490,108651,78,1,1
13677,14559,13668,101,71091,69549,1689,71672,101672,73,1,1
13678,12343,8393,165,38774,37678,1784,39335,61953,48,1,1
13679,11702,9252,99,30210,29057,1699,30702,53447,52,1,1
13680,21767,18025,116,73839,71916,1706,74504,116100,92,1,1
13681,13117,12107,106,75852,74419,1708,76423,103449,67,1,1
13682,12798,9331,165,34023,32838,1777,34614,58666,52,1,1
13683,7865,3750,97,27592,26917,1773,27996,41472,25,1,1
13684,4131,208,126,25639,25424,1737,25980,32151,1,1,1
13685,6664,4608,97,68536,67784,5258,68953,85569,29,1,1
13686,11900,11943,102,54615,53196,2074,55162,81164,65,1,1
13687,15611,8517,96,68252,67117,1838,68831,94893,47,1,1
13688,10674,6761,134,30322,29393,2155,30821,50508,39,1,1
13689,7767,4390,97,31313,30586,1758,31725,45725,28,1,1
13690,4289,278,127,25393,25144,1721,25729,32117,2,1,1
13691,20349,20970,114,79129,77018,1760,79831,123006,102,1,1
13692,11166,10679,97,72551,71238,1669,73093,96701,60,1,1
13693,9129,3528,172,31607,30968,2096,32089,46944,23,1,1
13694,4602,292,97,24847,24614,1671,25159,31816,2,1,1
13695,4428,834,97,40527,40054,1786,40862,48002,7,1,2
13696,19008,18467,133,79272,77361,2023,79958,119553,92,1,1
13697,10738,9113,99,73518,72299,1409,74047,95400,54,1,1
13698,10216,4177,171,31474,30741,1521,31962,47979,27,1,1
13699,4755,214,90,21034,20831,1461,21332,27849,1,1,1
13700,21837,22440,140,80917,78650,2160,81677,128211,110,1,1
13701,12098,10860,139,60134,58765,1712,60727,85491,62,1,1
13702,14505,1974,174,57081,56614,1709,57526,75812,14,1,1
13703,4086,218,114,23112,22893,1729,23440,29569,1,1,1
13704,4123,208,126,18367,18166,2201,18703,25329,1,1,1
13705,4163,214,92,21053,20860,1903,21345,27714,1,1,1
13706,14480,11031,98,56094,54768,3564,56628,85791,60,1,1
13707,12487,6760,96,41494,40564,8096,41959,69397,39,1,1
13708,20753,18398,94,50360,48438,2264,51014,92515,94,1,1
13709,9541,594,99,53862,53577,1746,54193,66160,5,1,1
13710,41530,39472,226,77448,73940,4137,78522,163760,177,1,1
13711,4249,220,105,22391,22173,1746,22706,29017,1,1,1
13712,24130,22942,112,64848,62583,2475,65593,115239,112,1,1
13713,11645,11706,94,59645,58263,1713,60193,85343,64,1,1
13714,5142,216,168,56622,56411,1797,57002,64248,1,1,1
13715,11052,9444,98,61902,60690,6299,62427,89314,53,1,1
13716,17347,16216,112,59251,57514,2301,59899,95859,83,1,1
13717,11991,9384,98,58916,57704,1723,59430,82614,54,1,1
13718,50347,34326,179,76982,73772,10026,77962,172761,159,1,1
13719,13422,7281,98,58754,57765,10090,59226,90107,41,1,1
13720,41636,20890,112,58959,56853,14255,59657,136534,100,1,1
13721,9164,3465,104,40498,39891,14711,40914,68357,22,1,1
13722,19547,8657,99,56826,55708,18807,57306,104403,48,1,1
13723,41261,40877,215,78925,75270,6606,80024,168866,184,1,1
13724,13689,8816,104,59586,58457,12263,60097,94951,50,1,1
13725,21821,21248,128,61621,59455,1804,62365,107332,106,1,1
13726,8214,6667,96,64948,63974,1742,65453,82178,40,1,1
13727,42098,29614,142,74798,72018,21164,75666,168640,139,1,1
13728,10166,5651,99,58131,57293,17588,58571,92070,34,1,1
13729,21387,22375,112,65371,63097,1750,66115,111724,112,1,1
13730,13329,13585,159,58722,57165,1747,59367,88118,72,1,1
13731,42218,29857,111,74031,71187,21934,74878,169023,141,1,1
13732,11143,4554,188,58694,57938,13500,59203,88501,27,1,1
13733,18055,15386,138,58803,57069,1780,59448,94773,79,1,1
13734,9981,6200,163,54990,54055,1778,55510,73555,38,1,1
13735,41878,30891,118,73916,71019,20454,74767,168088,142,1,1
13736,14646,8473,100,59138,58077,14058,59633,96895,46,1,1
13737,17007,12810,137,62950,61429,1856,63587,95359,69,1,1
13738,11508,10012,153,57004,55710,1819,57584,81010,56,1,1
13739,42380,24268,119,69954,67584,27853,70710,165307,116,1,1
13740,15739,8190,101,57261,56168,14064,57765,95842,47,1,1
13741,21314,23551,118,60702,58357,11135,61460,117558,115,1,1
13742,12409,11950,141,56252,54829,1737,56857,83053,65,1,1
13743,42124,32534,150,72157,69133,18549,73132,166436,151,1,1
13744,14098,6123,100,59754,58848,9163,60213,89690,36,1,1
13745,17574,18784,124,69547,67587,1782,70281,108521,94,1,1
13746,11609,10612,104,54744,53458,1838,55284,79436,59,1,1
13747,41411,22917,126,68151,65842,22884,68911,156267,112,1,1
13748,12220,5436,102,58903,58088,10733,59352,87827,33,1,1
13749,29261,21700,189,58563,56385,1763,59355,112178,106,1,1
13750,13984,14302,102,47088,45513,1749,47682,77807,75,1,1
13751,4323,258,116,36996,36751,1721,37339,43735,1,1,1
13752,41794,31546,117,71018,68115,22744,71877,168057,144,1,1
13753,13204,6727,106,61195,60273,10536,61672,92227,39,1,1
13754,21193,21797,152,47955,45745,1958,48721,93777,108,1,1
13755,13043,13149,101,41705,40201,1789,42280,70352,71,1,1
13756,3223,212,91,36905,36702,2776,37209,43503,1,1,1
13757,42754,23465,192,67506,65238,24874,68338,159523,112,1,1
13758,12021,8566,106,71361,70239,1888,71872,94431,49,1,1
13759,20382,21668,195,48408,46143,1886,49305,93344,107,1,1
13760,12590,12351,99,40545,39111,3190,41109,69330,67,1,1
13761,22800,21626,118,78107,75838,1717,78832,125072,108,1,1
13762,11582,8265,103,70293,69158,1800,70797,92540,49,1,1
13763,19075,19125,229,44419,42426,1804,45224,85328,97,1,1
13764,10625,9849,103,39612,38385,2290,40141,62997,56,1,1
13765,22656,20552,118,78282,76126,1720,78997,124019,105,1,1
13766,14279,12370,100,70589,69096,2046,71168,99957,69,1,1
13767,19027,19211,227,42695,40716,1808,43491,83639,95,1,1
13768,9541,8296,100,36725,35640,2152,37208,57290,48,1,1
13769,26669,26006,117,76456,73896,1718,77256,131750,127,1,1
13770,7305,5262,108,66191,65391,1705,66654,81018,32,1,1
13771,15477,15076,181,41087,39461,1826,41783,74263,77,1,1
13772,11218,8466,101,34560,33499,2516,35058,57343,47,1,1
13773,4377,208,113,25733,25489,1976,26054,32709,1,1,1
13774,21283,23426,112,77462,75114,1708,78215,124726,117,1,1
13775,13615,12322,104,69295,67837,2289,69868,98187,68,1,1
13776,12794,9164,188,32897,31740,2319,33501,57881,51,1,1
13777,8236,4115,102,27361,26653,1730,27779,41956,26,1,1
13778,4480,209,99,23943,23743,1784,24246,30801,1,1,1
13779,20990,20569,109,75477,73359,1712,76173,119549,104,1,1
13780,12721,12697,101,73824,72325,2201,74399,102112,71,1,1
13781,12297,7900,179,31999,30921,1721,32582,54597,47,1,1
13782,6389,2525,102,27684,27162,2534,28060,39599,18,1,1
13783,4391,217,107,25020,24810,1501,25346,31548,1,1,1
13784,15175,16127,97,49443,47681,5169,50066,86633,85,1,1
13785,6196,2567,94,56275,55743,1734,56660,67240,18,1,1
13786,18478,19661,106,76546,74485,3683,77249,119159,101,1,1
13787,10811,7247,167,30218,29217,1841,30761,50764,41,1,1
13788,7607,3991,104,33919,33227,2344,34342,48376,26,1,1
13789,4178,251,105,25177,24972,1725,25500,31750,1,1,1
13790,5774,2170,96,47129,46627,5825,47502,61355,16,1,1
13791,18636,6221,94,57977,57124,3633,58429,87009,36,1,1
13792,15101,14606,108,86469,84776,2309,87144,119254,78,1,1
13793,42773,7801,124,53882,52879,2685,54395,107753,42,1,1
13794,10573,1939,100,22939,22477,3911,23300,39817,14,1,1
13795,4291,211,90,23878,23686,1752,24185,30522,1,1,1
13796,4522,211,97,16820,16630,2203,17112,24129,1,1,1
13797,24232,24501,110,59083,56681,1768,59851,110456,118,1,1
13798,16290,4691,93,56976,56254,9682,57388,88147,29,1,1
13799,14542,13215,192,55626,54114,1722,56297,85873,69,1,1
13800,13075,3945,92,56707,56019,3452,57100,77665,26,1,1
13801,4348,304,104,23096,22843,1752,23423,29925,2,1,1
13802,4349,370,99,38480,38109,1751,38792,45354,3,1,2
13803,24489,25270,108,84033,81565,1723,84804,136390,123,1,1
13804,9394,7556,143,56554,55500,1712,57096,75844,45,1,1
13805,11415,2440,126,55156,54669,1712,55566,71232,16,1,1
13806,4122,212,132,22856,22635,1713,23194,29339,1,1,1
13807,4435,209,125,18406,18212,1777,18740,25256,1,1,1
13808,5763,1559,96,70113,69573,1713,70473,79591,12,1,2
13809,10869,10195,111,56371,55157,2241,56893,80285,55,1,1
13810,5595,339,146,53720,53465,1835,54097,61952,3,1,1
13811,41807,41327,135,77941,74346,3812,78964,166048,184,1,1
13812,4061,219,104,22613,22399,1701,22918,28994,1,1,1
13813,28384,28005,111,64835,62146,1714,65660,123862,135,1,1
13814,11527,11114,108,60581,59222,1740,61147,85625,62,1,1
13815,41771,37602,178,78794,75498,13486,79812,172775,168,1,1
13816,14270,9277,100,62481,61330,10043,62993,96670,52,1,1
13817,20302,19498,111,62591,60544,1828,63294,105019,99,1,1
13818,12593,11543,100,67375,65971,1799,67970,94001,64,1,1
13819,41611,35852,150,74407,71250,13224,75375,166159,161,1,1
13820,9362,4965,99,58942,58170,11234,59378,85031,31,1,1
13821,21169,19246,112,65185,63229,1793,65866,108177,94,1,1
13822,7623,5881,144,56342,55440,1823,56845,72266,36,1,1
13823,41545,35333,109,74276,71047,10693,75183,162916,163,1,1
13824,15804,9071,106,58414,57281,14065,58931,97955,50,1,1
13825,25332,27399,118,64887,62253,1848,65692,120373,130,1,1
13826,9438,7350,149,55243,54240,1835,55779,74498,43,1,1
13827,41296,31267,110,74294,71355,19133,75159,166996,148,1,1
13828,16291,13241,100,60069,58564,14799,60653,105070,70,1,1
13829,21316,20439,143,64345,62218,1842,65099,108795,102,1,1
13830,12429,11633,151,60630,59231,1911,61250,87318,64,1,1
13831,42118,29696,119,73292,70547,18217,74141,164267,138,1,1
13832,14118,8497,101,58500,57400,14870,58994,96563,48,1,1
13833,21924,22897,171,64943,62609,1738,74546,121204,114,1,1
13834,9762,7858,100,55709,54641,1746,56190,75650,47,1,1
13835,41892,32025,120,72995,70068,19321,73871,167204,148,1,1
13836,10858,4924,108,58508,57736,15372,58937,90176,31,1,1
13837,15866,14903,166,59254,57572,1794,59925,92585,78,1,1
13838,10925,10018,102,53994,52747,1726,54522,77283,57,1,1
13839,42404,26424,115,71127,68593,26445,71922,167286,126,1,1
13840,12860,7522,106,58206,57183,13883,58685,93036,43,1,1
13841,16276,16314,171,59011,57273,1804,59715,94210,83,1,1
13842,9845,8172,106,54440,53363,1805,54939,74854,48,1,1
13843,42047,28943,123,70756,68050,17257,71577,159925,135,1,1
13844,14636,5818,109,62271,61451,9534,62746,92831,34,1,1
13845,19954,20030,200,61687,59567,1775,62491,104351,102,1,1
13846,11999,10887,99,53959,52647,1748,54494,79219,60,1,1
13847,41689,32733,112,69971,66988,14015,70850,159381,150,1,1
13848,18097,12354,103,61647,60250,7979,62217,100730,65,1,1
13849,24180,22178,220,59087,56872,1793,59932,108183,108,1,1
13850,14532,14246,100,41992,40415,2027,42580,73480,75,1,1
13851,4245,219,107,37529,37310,2250,37867,44675,1,1,1
13852,3597,1546,94,57631,57219,11997,57984,75216,11,1,1
13853,16534,10105,108,70812,60610,5036,71439,103206,56,1,1
13854,16730,16755,118,44074,42281,2124,44727,80431,85,1,1
13855,11592,11095,100,49281,47906,2593,49824,75207,63,1,1
13856,4279,215,106,37800,37590,1772,38125,44482,1,1,1
13857,42463,26860,109,69328,66763,25335,70112,164863,126,1,1
13858,9884,8386,101,79213,68998,1848,79764,99977,48,1,1
13859,17516,17175,119,43316,41503,2296,43980,81064,87,1,1
13860,13946,12909,101,39718,38273,1713,40279,68937,68,1,1
13861,20572,18970,112,77199,75154,1766,77888,119291,97,1,1
13862,13156,11590,109,82330,80945,1815,82954,109617,64,1,1
13863,16564,16049,135,46347,44580,2336,47015,82058,84,1,1
13864,12999,11781,108,44434,43029,1767,44986,71625,65,1,1
13865,25249,27377,111,78612,75953,1802,79425,133950,132,1,1
13866,12118,11022,168,80219,78845,2405,80888,106528,62,1,1
13867,42745,13784,119,43803,42299,26054,44400,127076,70,1,1
13868,12167,3084,100,24500,23925,13977,24888,54207,20,1,1
13869,20175,7661,101,24232,23203,9510,24719,62148,44,1,1
13870,15536,4635,97,26746,25996,1779,27164,49200,30,1,1
13871,22374,20538,127,75042,72967,2146,75761,120914,102,1,1
13872,11202,9701,163,70219,68968,1710,70828,93535,57,1,1
13873,14546,11898,131,40831,39430,1498,41424,69461,64,1,1
13874,10914,8481,104,32229,31110,2054,32732,54274,49,1,1
13875,3820,253,108,25311,25104,2683,25648,32499,1,1,1
13876,20821,19568,108,74305,72237,1959,74990,117431,99,1,1
13877,12114,10951,170,68435,67080,2557,69068,94785,62,1,1
13878,13920,11135,114,31800,30468,1699,32362,59250,60,1,1
13879,8391,6927,101,28444,27488,2406,28900,46715,41,1,1
13880,4973,216,93,23687,23482,1680,23992,30943,1,1,1
13881,22430,23361,126,79937,77609,1780,80690,128365,114,1,1
13882,10395,8766,150,53685,52541,2212,54248,75709,49,1,1
13883,19125,12786,98,61641,60186,3651,62200,97846,68,1,1
13884,12903,8698,118,31644,30502,1732,32182,55611,50,1,1
13885,8917,5212,94,27680,26884,1761,28100,44077,32,1,1
13886,18360,17092,125,78080,76259,1700,78733,115979,85,1,1
13887,10231,8660,153,52322,51187,2352,52881,74224,50,1,1
13888,7747,4081,95,55485,54811,6733,55886,74531,26,1,1
13889,12098,6134,125,29098,28208,1710,29585,49621,37,1,1
13890,7447,3306,96,29677,29053,1835,30075,42749,23,1,1
13891,4267,216,107,24809,24605,2130,25123,31831,1,1,1
13892,17585,16139,95,55958,54221,3112,56582,93503,83,1,1
13893,20505,5597,98,67160,66354,1818,67660,95677,32,1,1
13894,17634,17837,113,76429,74456,1713,77107,114377,93,1,1
13895,8836,2860,127,29600,29037,2277,30025,44089,19,1,1
13896,4109,210,94,22017,21807,1714,22318,28435,1,1,1
13897,4857,216,108,24658,24451,1811,24974,31951,1,1,1
13898,4298,208,94,17137,16951,1718,17423,23733,1,1,1
13899,22610,23332,111,78389,76050,2596,79133,127765,113,1,1
13900,9035,7797,151,57457,56356,1684,58002,76607,46,1,1
13901,4430,1088,120,80442,79960,1784,80817,88258,9,1,2
13902,4956,204,106,18471,18262,1761,18782,25797,1,1,1
13903,4458,344,90,22747,22503,1706,23060,29660,3,1,1
13904,19065,17562,143,89565,87633,1897,90257,128887,90,1,1
13905,11025,11017,159,60530,59168,1815,61146,85097,61,1,1
13906,10908,1149,110,55124,54788,1725,55483,69402,8,1,1
13907,3531,204,96,22153,21944,2175,22460,28455,1,1,1
13908,21812,20608,132,60536,58402,1714,61262,105489,102,1,1
13909,12756,12533,101,62618,61146,1723,63185,90288,69,1,1
13910,6498,250,148,56603,56398,1718,56961,65527,1,1,1
13911,41540,39750,138,77554,73993,2868,78580,162830,181,1,1
13912,4394,213,104,23438,23224,1718,23746,30173,1,1,1
13913,7225,4455,103,51918,51215,4112,52338,68215,28,1,1
13914,9706,8890,98,68725,67584,1816,69286,89797,51,1,1
13915,41788,31321,131,75365,72489,12295,76234,161730,145,1,1
13916,11390,5865,103,58293,57467,10070,58731,86149,34,1,1
13917,17673,16789,128,64775,62985,1803,65451,101811,85,1,1
13918,9929,8245,195,54924,53779,1817,55523,75599,50,1,1
13919,41935,33675,138,76938,73923,10979,77854,164533,153,1,1
13920,14366,9456,100,59155,57978,9858,59664,93427,53,1,1
13921,16622,16193,111,63123,61318,1831,63780,98524,85,1,1
13922,9268,7771,195,54841,53823,1731,55431,74294,44,1,1
13923,41759,38620,135,76337,72917,8082,77313,165905,175,1,1
13924,15528,6863,99,58746,57797,11334,59214,93026,39,1,1
13925,19456,20311,137,62050,59947,1809,62796,104467,103,1,1
13926,11414,11713,160,59869,58419,1742,60495,85449,66,1,1
13927,42045,30344,111,72869,70082,12193,73708,158424,141,1,1
13928,12345,7024,107,58863,57895,13529,59348,92340,41,1,1
13929,19612,17476,133,73029,71083,1753,73758,112696,91,1,1
13930,11923,10157,113,56346,55052,1718,56885,80774,58,1,1
13931,42013,30698,139,73749,70984,26275,74599,173676,137,1,1
13932,11899,6946,100,58624,57674,14878,59091,92899,40,1,1
13933,30779,22346,187,61032,58696,1722,61836,116783,110,1,1
13934,12090,11040,103,54294,52916,1738,54847,79811,63,1,1
13935,42196,27124,118,71080,68523,23092,71880,164425,128,1,1
13936,13771,6576,108,59667,58740,13869,60144,94451,38,1,1
13937,19636,19201,146,61125,59122,1741,61847,102526,96,1,1
13938,15361,16110,104,59139,57325,1857,59769,93188,85,1,1
13939,42340,21686,115,71947,69785,25588,72662,162371,104,1,1
13940,11550,6660,100,57299,56363,16345,57754,92396,38,1,1
13941,22787,24923,150,62844,60394,1863,63707,113387,120,1,1
13942,14108,12336,146,59375,57926,1780,60000,88316,67,1,1
13943,42146,28867,113,73243,70477,26290,74070,171482,138,1,1
13944,14099,6122,102,59407,58511,22331,59868,102507,37,1,1
13945,41783,14125,174,61245,59685,28517,61917,146443,72,1,1
13946,7436,343,107,37452,37185,1761,37780,47422,3,1,1
13947,9402,1186,93,23665,23298,16826,24005,51511,9,1,1
13948,20421,7535,104,38883,37905,12659,39368,80074,42,1,1
13949,26485,14453,99,69776,68235,5436,70358,116825,73,1,1
13950,42058,35397,124,82077,78747,16742,83071,177366,166,1,1
13951,12192,6121,98,59434,58573,10584,59889,88877,36,1,1
13952,16399,15965,112,57371,55583,1788,58002,92247,83,1,1
13953,16841,15732,107,42919,41135,1748,43531,77943,83,1,1
13954,4291,223,130,37935,37722,1738,38297,44642,1,1,1
13955,16874,6793,93,70838,69850,6850,71350,101962,39,1,1
13956,14467,9624,105,62137,60895,4644,62658,91486,55,1,1
13957,19612,18802,115,45656,43667,1829,46345,86684,96,1,1
13958,12794,10805,101,40859,39556,1721,41394,66805,60,1,1
13959,4208,222,107,38026,37786,2069,38340,44930,1,1,1
13960,42453,28224,196,80823,78176,18056,81753,170581,132,1,1
13961,9508,7580,106,71101,70008,1974,71590,90745,44,1,1
13962,16821,15378,114,42698,41011,1726,43326,77363,80,1,1
13963,12632,11806,101,39704,38306,1789,40262,66575,65,1,1
13964,21714,22346,115,78956,76691,1706,79701,125560,112,1,1
13965,14161,13897,235,72309,70699,1731,73054,102939,76,1,1
13966,19168,18396,134,45177,43256,1742,45874,85277,93,1,1
13967,13141,10828,102,39930,38631,2204,40475,66737,60,1,1
13968,25625,25529,131,78698,76219,1405,79497,132157,124,1,1
13969,8213,6051,142,68487,67624,1537,68997,84884,36,1,1
13970,18289,18157,140,43100,41199,1718,43796,82098,91,1,1
13971,10899,9809,104,38401,37202,1721,38921,61443,54,1,1
13972,26044,26810,139,79647,77069,1697,80468,135117,128,1,1
13973,11441,9641,148,69782,68560,1793,70366,93329,56,1,1
13974,14544,12358,132,40983,39535,1723,41585,70307,67,1,1
13975,11116,9605,106,34299,33103,1711,34810,57334,54,1,1
13976,4365,212,102,25788,25578,1712,26109,32491,1,1,1
13977,6393,4585,94,45179,44424,5567,45584,62217,30,1,1
13978,10146,6313,162,60641,59724,1739,61174,79459,38,1,1
13979,8244,6856,99,65258,64309,4561,65734,85489,41,1,1
13980,14475,11731,112,35816,34447,1818,36379,64497,62,1,1
13981,9050,6092,89,30860,29960,1740,31295,48261,37,1,1
13982,3371,214,90,23915,23713,2405,24216,30288,1,1,1
13983,22939,22020,108,76951,74679,1693,77671,124420,108,1,1
13984,11340,10193,159,72754,71502,1729,73348,96705,57,1,1
13985,10555,8393,132,31098,30022,1793,31622,52458,47,1,1
13986,7581,4501,95,30527,29778,1688,30936,44799,29,1,1
13987,4580,353,94,24829,24566,1767,25141,31926,3,1,1
13988,27963,26866,106,80945,78384,1712,81727,138363,127,1,1
13989,11284,10812,157,73680,72358,1797,74292,98279,61,1,1
13990,10804,8460,121,30742,29647,1708,31261,52328,47,1,1
13991,7816,4557,98,30880,30164,1718,31287,45470,28,1,1
13992,4729,218,127,25763,25544,1771,26112,32928,1,1,1
13993,18162,16655,95,59090,57295,1768,59719,96390,87,1,1
13994,16870,11237,166,103304,101837,9178,103924,141293,62,1,2
13995,13771,2769,107,54713,54182,3192,55092,74909,18,1,1
13996,9230,3794,106,30604,29935,1813,31040,45974,25,1,1
13997,4195,490,100,22250,21989,1810,22572,29153,4,1,1
13998,4106,286,104,42551,42201,1753,42879,49121,2,1,2
13999,19612,19812,101,57318,55318,1699,57991,99208,97,1,1
14000,12533,10284,162,103600,102250,9076,104209,136205,56,1,2
14001,9704,3111,146,55501,54915,4333,55943,73184,21,1,1
14002,4140,214,104,23409,23193,1746,23730,29923,1,1,1
14003,3188,213,100,17180,16987,2198,17480,23162,1,1,1
14004,4469,218,87,20826,20632,1761,21113,27642,1,1,1
14005,21762,22702,117,80168,77900,2283,80911,127754,111,1,1
14006,13440,13683,247,60306,58694,1733,61063,90014,76,1,1
14007,11839,2287,104,55622,55135,1693,56008,71918,16,1,1
14008,1544,207,100,21598,21387,2634,21910,26379,1,1,1
14009,23214,22040,110,61767,59561,2156,62499,110008,109,1,1
14010,18234,7716,143,57787,56739,1750,58324,86120,45,1,1
14011,8664,258,105,54934,54733,1769,55245,66030,1,1,1
14012,28594,32246,131,74319,71284,1778,75224,137936,152,1,1
14013,4312,210,124,24188,23967,2652,24556,31825,1,1,1
14014,14911,12638,99,57269,55794,3073,57839,88548,69,1,1
14015,13454,13641,150,62611,60997,1830,63264,92277,75,1,1
14016,41151,35355,111,76285,73111,12548,77198,166343,160,1,1
14017,12988,7119,103,58735,57755,11643,59206,91039,42,1,1
14018,19249,16799,130,60367,58554,1712,61029,98884,86,1,1
14019,10096,9396,151,56987,55785,1822,57565,78976,54,1,1
14020,41731,32322,112,75239,72281,11304,76119,161569,149,1,1
14021,14540,8838,97,59881,58799,12639,60377,96478,48,1,1
14022,24408,24839,129,73474,71027,1767,74312,125425,121,1,1
14023,8050,5873,106,63200,62325,1730,63658,79403,37,1,1
14024,41431,38343,112,77252,73847,9849,78210,167972,174,1,1
14025,15195,8095,101,59612,58551,12785,60098,96259,46,1,1
14026,42816,9222,228,36848,35715,28577,37489,118192,51,1,1
14027,23794,9054,101,47008,45897,15311,47514,95758,49,1,1
14028,9114,2676,94,29521,28990,16250,29887,58013,18,1,1
14029,27975,10951,102,59267,57996,10470,59794,109312,58,1,1
14030,41941,30888,106,81804,78942,21743,82655,177331,142,1,1
14031,13300,8257,101,71001,69965,15614,71541,108806,45,1,1
14032,16813,16672,120,62005,60070,1817,62664,98059,86,1,1
14033,13433,13117,99,58217,56692,2289,58782,87711,71,1,1
14034,42297,28287,113,71417,68767,21496,72231,164403,132,1,1
14035,24126,8681,142,59998,58869,12321,60545,105773,49,1,1
14036,20810,22384,129,63661,61354,1840,64422,109548,111,1,1
14037,13971,13316,105,55982,54421,2368,56577,86325,74,1,1
14038,42284,26257,116,68914,66431,28560,69700,166891,123,1,1
14039,14509,10215,151,59380,58172,14360,59971,99145,54,1,1
14040,15612,15851,135,59464,57709,1824,60136,93514,84,1,1
14041,13177,12574,145,56390,54901,2389,57001,85225,70,1,1
14042,42115,28556,109,72422,69680,35191,73251,179208,137,1,1
14043,12621,7668,139,59053,58063,14140,59568,94092,42,1,1
14044,19477,21772,131,58713,56573,1770,59451,102562,104,1,1
14045,10634,9582,101,52767,51573,2296,53290,75888,54,1,1
14046,42626,28261,118,83348,80681,27353,84214,182551,133,1,1
14047,12311,6029,108,59088,58198,12996,59557,90977,36,1,1
14048,20280,21042,169,60714,58594,1798,61486,104697,103,1,1
14049,14180,12716,107,42166,40714,2332,42738,72053,68,1,1
14050,2424,212,91,35801,35599,2379,36100,41194,1,1,1
14051,51284,28108,168,69578,66907,24457,70454,174403,134,1,1
14052,15067,7633,97,61001,59997,12137,61479,96404,44,1,1
14053,18783,19218,141,59386,57301,2357,60118,100570,99,1,1
14054,17951,18225,177,43517,41590,1754,44246,82262,94,1,1
14055,42063,40023,173,109848,106907,23439,110757,216380,141,1,2
14056,14558,6194,98,59648,58768,10911,60095,91855,36,1,1
14057,22270,25019,130,46733,44260,1759,47527,96670,122,1,1
14058,11239,9789,101,41923,40681,1445,42447,65006,56,1,1
14059,4059,209,106,37277,37065,1801,37589,43751,1,1,1
14060,32095,20785,149,66503,64395,20953,67261,141178,103,1,1
14061,10896,10044,109,70744,69471,1480,71290,93794,57,1,1
14062,16175,15000,136,45743,44063,1757,46395,79423,79,1,1
14063,17021,10795,126,40492,39220,1726,41061,70709,58,1,1
14064,17706,16003,113,86101,84315,1739,86777,122323,84,1,1
14065,11135,9133,112,70551,69349,1701,71084,93144,53,1,1
14066,18750,18228,117,45121,43231,1746,45798,84616,91,1,1
14067,11957,9134,98,38540,37379,1794,39041,62011,52,1,1
14068,25388,23251,119,86402,84038,1751,87203,137698,115,1,1
14069,13780,13202,106,71045,69444,1690,71643,100401,74,1,1
14070,19011,18516,111,42112,40185,1724,42786,82181,93,1,1
14071,11129,9271,100,37062,35903,1719,37563,59767,52,1,1
14072,23891,31554,149,75412,73119,1715,76186,133446,113,1,1
14073,15301,14367,102,70251,68591,1687,70863,102312,79,1,1
14074,15648,12493,108,39025,37579,1741,39604,69581,67,1,1
14075,11124,10106,103,33577,32333,1780,34086,57181,56,1,1
14076,4216,268,105,25268,25053,1692,25606,31874,1,1,1
14077,21810,10672,164,69820,68527,4445,70430,107456,60,1,1
14078,15697,15843,104,71108,69370,2628,71727,105988,84,1,1
14079,13492,10814,121,31407,30130,1733,31966,58102,58,1,1
14080,9150,11443,107,29232,28294,1725,29709,52133,39,1,1
14081,4338,219,110,25537,25326,1702,25851,32201,1,1,1
14082,26224,37424,168,76309,73566,1786,77194,142722,137,1,1
14083,11280,7804,107,74224,73117,1776,74720,95666,45,1,1
14084,10829,5490,129,29302,28485,1738,29770,47923,33,1,1
14085,7623,3900,101,30593,29904,1713,30996,44317,26,1,1
14086,3234,217,93,23594,23375,2204,23893,29630,1,1,1
14087,23772,23802,107,90609,88226,1759,91395,140825,116,1,1
14088,10464,8936,103,53479,52269,1717,53988,75191,53,1,1
14089,10062,4586,90,56186,55480,5446,56590,76774,28,1,1
14090,11347,7557,130,30276,29238,1776,30777,51556,44,1,1
14091,8288,3979,97,30787,30106,1730,31187,45274,26,1,1
14092,26437,36394,149,81779,79180,1774,82611,147314,130,1,1
14093,9373,7625,102,56400,55342,1769,56865,75721,44,1,1
14094,4297,252,100,53208,53012,1714,53516,59869,1,1,1
14095,8766,5082,122,30815,30023,1725,31273,46947,31,1,1
14096,4414,343,92,27575,27321,1726,27883,34451,3,1,1
14097,4138,279,119,42394,42061,1737,42743,48991,2,1,2
14098,22817,23194,197,81343,79002,1880,82173,130157,114,1,1
14099,9422,8257,103,54842,53712,1799,55346,74910,49,1,1
14100,18896,3778,100,57048,56414,2158,57444,82371,24,1,1
14101,14362,2693,108,51252,50709,1742,51660,70554,18,1,1
14102,4420,214,110,18735,18526,1721,19062,25516,1,1,1
14103,19846,513,190,25201,24919,1719,25630,47796,4,1,1
14104,24701,23349,112,63728,61374,2352,64498,114992,114,1,1
14105,11355,10182,94,55893,54645,1697,56412,79730,57,1,1
14106,3932,218,102,54240,54037,1585,54545,60373,1,1,1
14107,7735,211,100,53303,53097,1815,53607,63448,1,1,1
14108,4842,218,104,30989,30774,2568,31341,39080,1,1,1
14109,18502,19236,140,63414,61414,1828,64132,103843,95,1,1
14110,10769,10040,104,57774,56492,2193,58297,81393,57,1,1
14111,4522,215,105,54553,54346,1912,54868,61611,1,1,1
14112,41240,42164,108,76734,73029,4496,77729,165720,189,1,1
14113,20642,20007,183,67083,65017,1778,67848,110376,101,1,1
14114,11791,10399,99,58166,56885,1735,58682,82697,59,1,1
14115,42009,34477,116,74321,71190,12310,75220,164110,158,1,1
14116,12932,9193,108,60027,58896,10143,60543,92895,50,1,1
14117,18991,15835,146,59478,57743,1780,60140,96846,83,1,1
14118,9451,7460,100,42406,41386,1819,42878,61702,44,1,1
14119,8710,6301,96,39907,39006,1794,40340,57230,37,1,1
14120,41707,32996,107,82300,79304,13252,83175,171236,151,1,1
14121,24499,7466,146,60640,59637,14060,61176,107297,41,1,1
14122,22438,23065,112,65800,63512,1777,66543,113961,112,1,1
14123,9975,9300,100,57299,56060,1958,57808,79125,55,1,1
14124,42069,33507,112,73658,70607,12529,74555,162754,155,1,1
14125,15733,9772,152,60683,59509,13223,61259,100078,52,1,1
14126,21865,24639,133,63982,61543,1842,64783,113234,121,1,1
14127,11961,12078,103,55746,54306,1797,56314,82235,67,1,1
14128,42169,30541,109,84007,81146,22034,84900,179746,143,1,1
14129,17111,9606,116,60827,59658,14641,61351,102802,52,1,1
14130,21641,21938,132,63156,60910,1874,63902,109454,109,1,1
14131,15892,15689,100,58156,56386,1777,58774,92223,85,1,1
14132,41429,39032,172,73431,70673,16959,74322,171840,139,1,1
14133,12442,7584,104,57153,56162,11043,57632,88788,41,1,1
14134,17056,15531,117,58693,56956,1778,59326,93786,81,1,1
14135,10665,9527,102,63476,62231,1857,64006,86160,56,1,1
14136,51073,26704,167,70755,68274,29096,71601,178571,124,1,1
14137,14926,6805,105,58197,57251,14505,58653,94974,39,1,1
14138,16437,14602,109,58372,56730,1752,58991,91877,77,1,1
14139,13208,13278,101,56212,54648,1748,56785,85104,72,1,1
14140,42420,28620,155,72589,69913,27421,73456,172012,133,1,1
14141,13343,7020,106,58568,57577,13226,59045,92719,41,1,1
14142,21632,21661,111,66242,64046,1775,66954,112114,106,1,1
14143,9541,7356,103,52455,51414,1735,52933,71659,44,1,1
14144,42138,28053,144,71018,68326,17843,71862,160215,132,1,1
14145,12597,4316,104,56971,56259,10878,57382,85258,26,1,1
14146,15858,14934,132,57377,55728,3063,58018,91965,78,1,1
14147,17448,17531,99,43023,41207,1460,43654,80189,88,1,1
14148,3893,216,148,41474,41199,3066,41890,49172,1,1,1
14149,49231,33257,128,101321,97196,32809,102567,218191,133,1,1
14150,15282,7486,164,60213,59239,12641,60746,96252,40,1,1
14151,16476,17456,142,56097,54070,1843,56777,92655,89,1,1
14152,12283,11768,104,40601,39125,2663,41173,67974,65,1,1
14153,4558,282,140,37303,37070,1878,37670,44475,2,1,1
14154,41921,33804,124,71691,68557,15948,72610,164376,156,1,1
14155,11972,10501,98,71267,69915,1722,71812,96092,60,1,1
14156,18190,18005,118,45716,43791,2390,46400,85081,92,1,1
14157,12357,19386,151,40731,39460,1770,41316,74920,57,1,1
14158,4439,215,114,37227,37020,1825,37557,44130,1,1,1
14159,11505,4065,97,57195,56528,26273,57598,99526,25,1,1
14160,13528,12768,108,69334,67815,2589,69908,98885,69,1,1
14161,17666,18395,119,44343,42408,1793,45026,82976,93,1,1
14162,12034,11306,219,41822,40487,1757,42487,67679,61,1,1
14163,22269,22186,121,79026,76765,1763,79773,126124,112,1,1
14164,14630,14340,97,70824,69214,2221,71417,102691,76,1,1
14165,15647,15051,118,41146,39521,1718,41764,74276,77,1,1
14166,11504,9944,159,38388,37150,1774,38983,62300,55,1,1
14167,26285,26328,107,78224,75666,1703,79020,133428,128,1,1
14168,12560,11392,102,70581,69175,2327,71141,97507,65,1,1
14169,15486,13339,121,41332,39853,1767,41936,72623,69,1,1
14170,10666,8547,148,36483,35367,1764,37025,58091,48,1,1
14171,4744,219,91,24605,24394,1723,24910,31680,1,1,1
14172,22088,21217,105,75772,73564,2607,76491,122537,107,1,1
14173,12023,11337,100,68826,67437,1715,69391,94558,64,1,1
14174,42034,10913,120,39498,38197,33527,40044,126620,58,1,1
14175,11903,2995,131,32087,31510,11369,32522,58882,20,1,1
14176,19907,8341,103,29508,28413,4547,30012,62892,46,1,1
14177,9582,4872,103,93845,92954,2067,94278,110891,31,1,2
14178,13472,11668,139,69057,67692,2048,69662,96944,63,1,1
14179,14149,10891,139,31538,30244,2108,32118,59362,58,1,1
14180,8995,4809,153,31125,30353,1761,31610,47262,30,1,1
14181,4180,212,103,25190,24979,1719,25513,31758,1,1,1
14182,19615,19160,105,72373,70410,2005,73039,113914,96,1,1
14183,12281,11802,99,71144,69753,1728,71707,97602,64,1,1
14184,11308,7083,130,32027,31005,1764,32547,52804,41,1,1
14185,7652,4516,146,31435,30680,1756,31906,45917,28,1,1
14186,4725,215,105,25262,25054,1777,25567,32376,1,1,1
14187,23340,25433,110,80776,78258,1752,81559,132177,123,1,1
14188,11142,9128,99,53173,51963,2328,53676,76366,53,1,1
14189,22178,8226,108,58775,57759,1723,59278,91502,44,1,1
14190,8706,3528,144,29953,29311,1730,30410,44460,24,1,1
14191,4261,213,92,21277,21074,1725,21574,27855,1,1,1
14192,4447,211,92,24041,23847,1708,24335,30781,1,1,1
14193,4728,213,94,17563,17368,1724,17855,24603,1,1,1
14194,21943,21219,108,59327,57121,1755,60045,105055,105,1,1
14195,17869,7314,101,101897,100760,8046,102382,135694,42,1,2
14196,9889,3475,102,54913,54302,2527,55318,71297,22,1,1
14197,9615,3219,228,30974,30357,1763,31504,46196,22,1,1
14198,4297,328,95,21699,21443,1720,22001,28437,3,1,1
14199,4545,522,103,42770,42358,1773,43106,50040,4,1,2
14200,17767,17475,98,57092,55200,3407,57743,96485,91,1,1
14201,6186,317,93,53496,53244,1770,53813,62170,3,1,1
14202,17977,21087,100,61805,59614,1705,62504,103358,107,1,1
14203,8020,321,100,55056,54805,1910,55379,65724,3,1,1
14204,4605,208,167,23651,23404,1725,24046,30680,1,1,1
14205,4203,207,125,18210,18013,1705,18541,24773,1,1,1
14206,4654,332,92,22123,21869,1862,22436,29369,3,1,1
14207,2462,604,97,48002,47710,959,48339,52457,5,1,1
14208,32640,34479,90,84849,81678,1742,85737,154698,160,1,1
14209,15147,15457,100,59255,57511,5352,59861,95903,82,1,1
14210,38354,46622,200,80287,76173,1728,81455,168264,210,1,1
14211,4622,275,106,23317,23065,1717,23647,30357,2,1,1
14212,24520,21617,127,62074,59898,1712,62818,110763,107,1,1
14213,12714,11877,101,59868,58472,1730,60408,86822,64,1,1
14214,6027,260,106,56494,56284,1758,56830,65014,1,1,1
14215,1300,209,138,55122,54922,1040,55483,58112,1,1,1
14216,40071,46820,103,15873,11673,5524,16941,109441,213,1,1
14217,18778,18353,95,60636,58758,2115,61271,100609,92,1,1
14218,9744,8862,99,56333,55211,1744,56838,77272,50,1,1
14219,41919,40052,160,75178,72283,13730,76082,171877,146,1,1
14220,13801,8596,100,58127,57058,10334,58623,91440,47,1,1
14221,17141,16098,111,60316,58557,1737,60960,96028,84,1,1
14222,10100,8464,97,57465,56346,1714,57965,78328,50,1,1
14223,47840,34330,189,77657,74496,12408,78644,173552,155,1,1
14224,15167,8247,102,61312,60160,11720,61799,97024,48,1,1
14225,18236,18410,140,66992,64999,1854,67688,106285,92,1,1
14226,11406,10393,101,58474,57155,1819,59007,82716,59,1,1
14227,41903,26685,150,73421,70815,18435,74257,161384,128,1,1
14228,12415,7033,100,58190,57236,15069,58656,93266,40,1,1
14229,20154,23149,135,63761,61426,1852,64525,109778,113,1,1
14230,13957,14222,110,58801,57188,1837,59409,89513,75,1,1
14231,42629,32272,151,76056,73036,18919,76970,170891,150,1,1
14232,13449,7844,110,58204,57189,14506,58688,94572,44,1,1
14233,22633,26084,133,65106,62523,1835,65901,116586,125,1,1
14234,12701,12797,104,67827,66305,1854,68456,95904,70,1,1
14235,41876,30640,121,73045,70226,18456,73883,165252,140,1,1
14236,13899,5609,105,56476,55657,15760,56910,92265,32,1,1
14237,20098,20593,116,61464,59336,1803,62178,104770,104,1,1
14238,12504,11425,148,57686,56263,1789,58290,84107,64,1,1
14239,42044,27216,110,69946,67348,22112,70736,162252,128,1,1
14240,12445,8004,105,60445,59415,14361,60941,95838,45,1,1
14241,14444,11980,104,56699,55292,2007,57261,85791,65,1,1
14242,10416,9294,146,54225,53042,1879,54791,76477,53,1,1
14243,42601,25512,117,69638,67162,29147,70426,167782,123,1,1
14244,14110,3121,104,56408,55820,12473,56798,86594,20,1,1
14245,21164,21604,112,59690,57450,1791,60423,105086,108,1,1
14246,11844,10606,144,53612,52268,1946,54206,78688,61,1,1
14247,41787,31723,108,73676,70718,19892,74534,168033,148,1,1
14248,13848,6623,103,59998,59064,9246,60461,90263,38,1,1
14249,18284,18045,133,57687,55729,1770,58378,96575,94,1,1
14250,15384,15130,147,48169,46543,2376,48825,81813,77,1,1
14251,4390,217,107,37448,37238,2448,37770,44921,1,1,1
14252,42709,23689,182,69008,66740,27654,69821,163969,112,1,1
14253,12426,5681,104,58487,57685,14349,58926,91468,33,1,1
14254,51751,17055,188,66227,64491,28635,66935,164475,82,1,1
14255,13433,4900,99,31281,30543,15427,31700,65557,28,1,1
14256,27218,11336,104,33834,32524,7591,34374,80612,59,1,1
14257,4735,322,95,36107,35844,1766,36420,43331,3,1,1
14258,42169,28850,110,107007,104129,23847,107827,203001,135,1,2
14259,12511,6495,104,58762,57877,12318,59218,90626,36,1,1
14260,21214,21724,227,46466,44283,1792,47305,92140,106,1,1
14261,12326,10712,103,39237,37864,1759,39781,64674,60,1,1
14262,19340,18125,108,76488,74563,1788,77157,116507,93,1,1
14263,13691,10307,107,73682,72395,1771,74237,100097,58,1,1
14264,14095,12199,203,44441,42919,1807,45125,73372,67,1,1
14265,12725,12675,111,42585,41104,1827,43158,70472,69,1,1
14266,23333,20590,121,78108,75989,1731,78846,124602,103,1,1
14267,17080,16618,103,73866,72032,1691,74513,109987,88,1,1
14268,17014,15394,173,43018,41315,1767,43714,77989,80,1,1
14269,10444,9135,100,37585,36397,1782,38104,59558,53,1,1
14270,25740,26444,120,77853,75305,1713,78717,132714,127,1,1
14271,11089,9162,102,69707,68512,1709,70219,92264,53,1,1
14272,11865,10252,181,40043,38765,1748,40673,64640,57,1,1
14273,10787,9041,100,30353,29197,1781,30864,52575,51,1,1
14274,4190,211,95,23968,23750,2011,24276,30772,1,1,1
14275,22095,23666,114,76552,74217,1692,77311,124862,116,1,1
14276,13583,12192,101,68813,67370,1693,69387,96947,67,1,1
14277,16515,14833,238,40791,39156,1742,41549,74739,77,1,1
14278,11396,8868,99,32065,30909,1763,32573,54693,51,1,1
14279,22560,22959,123,78210,75876,1713,78978,126304,115,1,1
14280,9695,8474,108,74355,73237,1713,74866,94842,49,1,1
14281,14337,11087,196,32429,31077,1806,33077,60408,61,1,1
14282,8489,4500,100,27046,26293,1731,27463,42270,30,1,1
14283,4268,212,111,25872,25656,1729,26195,32499,1,1,1
14284,7150,4269,91,42896,42138,5030,43310,59844,29,1,1
14285,18002,9022,97,58603,57513,1780,59088,87982,48,1,1
14286,12559,12419,98,72725,71314,1714,73284,100068,65,1,1
14287,9256,5684,154,31017,30166,1740,31524,48302,34,1,1
14288,8336,4077,96,31009,30331,1773,31417,45697,26,1,1
14289,4380,211,115,25229,25010,1796,25552,32036,1,1,1
14290,24119,22710,113,79455,77218,1700,80188,128814,110,1,1
14291,11497,8788,96,52322,51137,1694,52825,74895,52,1,1
14292,9084,3964,160,56859,56194,5747,57339,76228,25,1,1
14293,10576,5158,126,31610,30801,1765,32071,49666,31,1,1
14294,4598,338,95,22021,21762,1797,22335,29155,3,1,1
14295,4303,361,99,41633,41260,1709,41942,48401,3,1,2
14296,20812,21194,113,79711,77620,1772,80428,124300,103,1,1
14297,9985,8191,104,72521,71418,1714,73032,93006,49,1,1
14298,8341,4321,163,31881,31130,2202,32379,47341,28,1,1
14299,4172,289,93,21220,20988,1809,21530,27893,2,1,1
14300,24452,25357,131,82523,80038,1860,83324,135090,122,1,1
14301,11126,10437,107,59334,58036,1781,59888,83324,59,1,1
14302,6485,907,164,55262,54914,2317,55682,65490,7,1,1
14303,4106,215,104,23006,22783,1712,23331,29456,1,1,1
14304,4307,217,106,18482,18251,1788,18803,25206,1,1,1
14305,4353,512,95,21988,21715,1809,22306,29065,4,1,1
14306,13602,12137,103,56081,54689,5034,56635,87495,66,1,1
14307,10483,9865,102,56491,55254,6102,57003,83536,55,1,1
14308,10808,1096,94,55438,55102,1795,55777,69561,8,1,1
14309,41130,42341,199,78224,74443,4819,79331,167720,191,1,1
14310,4082,218,130,26196,25977,2121,26548,33059,1,1,1
14311,28154,30127,130,66424,63596,1714,67279,127378,142,1,1
14312,13262,13278,96,62152,60567,2038,62733,91397,73,1,1
14313,8484,223,106,62388,62178,1800,62745,73344,1,1,1
14314,11597,7770,111,60237,59179,9180,60747,89381,45,1,1
14315,20745,19249,113,61144,59166,1792,61822,103704,96,1,1
14316,11012,9723,98,54881,53667,1734,55394,77946,55,1,1
14317,59554,33345,177,90039,87360,12648,91567,197254,130,1,1
14318,13774,8470,110,61824,60712,11471,62339,96140,48,1,1
14319,18007,17769,125,65078,63146,1856,65758,103491,91,1,1
14320,8375,6385,103,56427,55512,1722,56901,73471,38,1,1
14321,41505,37570,153,79232,75748,7606,80231,167013,170,1,1
14322,12080,6730,99,57720,56809,12411,58182,89491,39,1,1
14323,22754,21975,108,61905,59681,1718,62624,109173,109,1,1
14324,9219,8396,100,57517,56413,1752,58019,77478,49,1,1
14325,41866,25013,161,72369,69941,21074,73192,161246,118,1,1
14326,13668,7868,99,58508,57490,16676,58992,97290,44,1,1
14327,16518,14641,131,58435,56754,1725,59061,92044,77,1,1
14328,11836,11547,105,59522,58113,1776,60081,85331,64,1,1
14329,42127,29566,154,74902,72058,17275,75782,164891,137,1,1
14330,13837,6623,97,58302,57326,14141,58759,93446,39,1,1
14331,42201,9621,114,56230,55022,27183,56754,135863,52,1,1
14332,21706,4745,99,40124,39383,7364,40540,74441,29,1,1
14333,10764,3406,161,31851,31215,15528,32343,62143,23,1,1
14334,27349,14923,94,56663,55027,10106,57246,109729,75,1,1
14335,7854,574,92,40889,40599,1802,41210,51526,5,1,1
14336,41300,27020,115,72685,70001,17700,73486,159615,129,1,1
14337,11971,6093,104,56588,55739,14995,57047,90192,34,1,1
14338,23744,22554,118,74169,71865,2516,74968,123879,110,1,1
14339,13444,11769,110,56254,54841,2467,56824,84591,65,1,1
14340,41718,27803,120,71107,68482,18864,71917,160401,130,1,1
14341,14625,9197,102,60644,59492,11055,61152,96126,50,1,1
14342,24653,14293,190,60082,58419,2411,60783,102238,77,1,1
14343,12449,12381,97,56262,54793,1810,56832,83562,69,1,1
14344,41975,29228,124,70800,68077,17546,71641,160487,136,1,1
14345,20372,10365,103,61074,59833,9226,61612,101661,56,1,1
14346,22113,21954,183,59762,57539,2428,60573,107165,109,1,1
14347,10822,10686,104,57045,55764,1797,57584,80983,59,1,1
14348,42551,25894,112,70163,67643,22759,70953,162306,124,1,1
14349,15690,6533,101,58003,57072,10052,58458,90822,39,1,1
14350,22136,22654,152,60544,58236,2626,61332,108854,112,1,1
14351,16223,17361,105,43070,41235,2333,43707,79716,89,1,1
14352,4160,357,106,37858,37593,1861,38193,44671,3,1,1
14353,41303,26953,108,75420,72843,25230,76198,169791,126,1,1
14354,13105,6738,104,69260,68364,13011,69777,102731,38,1,1
14355,19235,19749,119,45930,43865,1910,46640,87671,99,1,1
14356,15622,14862,96,42167,40509,1771,42760,75110,78,1,1
14357,2146,217,92,36048,35811,2348,36356,41152,1,1,1
14358,42093,28471,112,69829,67136,23504,70635,164803,133,1,1
14359,10898,8750,104,79539,78391,1813,80075,101632,50,1,1
14360,21079,22520,121,46283,44065,1840,47029,92564,109,1,1
14361,14516,13103,99,41161,39638,1736,41748,71195,72,1,1
14362,22751,22738,111,74791,72451,2236,75533,123356,114,1,1
14363,25030,16598,158,72953,71094,1764,73678,117166,88,1,1
14364,16024,15420,136,42694,41000,1965,43354,76911,80,1,1
14365,12235,11509,99,40600,39221,1815,41159,66809,64,1,1
14366,26094,25490,134,81373,78867,2302,82187,136169,125,1,1
14367,14616,13606,152,71405,69813,2052,72066,102427,75,1,1
14368,16406,13558,108,41459,39922,1822,42052,73983,71,1,1
14369,9088,7180,100,37298,36321,1762,37770,55894,42,1,1
14370,27796,30089,110,85494,82674,2240,86329,146560,142,1,1
14371,10579,8559,150,71904,70768,1714,72463,93412,50,1,1
14372,13061,11783,116,42484,41090,1734,43060,69781,64,1,1
14373,10932,9466,101,31697,30497,1758,32227,54476,54,1,1
14374,4344,215,126,26314,26098,2117,26655,33427,1,1,1
14375,25221,29258,111,77261,74436,1723,78107,134404,142,1,1
14376,14423,14707,149,70056,68420,2815,70723,102762,78,1,1
14377,12194,10510,114,32228,30982,1802,32768,57371,56,1,1
14378,9158,6454,104,30479,29571,2212,30931,48846,39,1,1
14379,4793,209,100,24177,23949,1705,24482,31273,1,1,1
14380,22218,21342,129,75804,73638,1837,76535,122031,106,1,1
14381,12073,11221,156,74055,72677,1786,74676,100038,63,1,1
14382,13829,8664,132,32517,31401,2180,33043,57814,49,1,1
14383,9880,6276,102,27725,26805,1741,28183,46165,39,1,1
14384,4814,226,126,24912,24695,1692,25263,32092,1,1,1
14385,18034,19365,98,71685,69682,3096,72366,112946,98,1,1
14386,14647,14454,151,73943,72327,3353,74604,107153,77,1,1
14387,9228,7046,116,32744,31757,1811,33243,51425,42,1,1
14388,7530,3818,100,29584,28928,1696,29979,43110,24,1,1
14389,4114,210,125,24651,24434,1724,24982,31125,1,1,1
14390,10472,7892,88,52739,51694,5712,53209,77379,46,1,1
14391,10824,5506,122,59357,58523,1720,59830,77976,34,1,1
14392,17786,18075,195,55745,53817,5077,56504,97525,93,1,1
14393,7731,4522,95,56188,55432,1825,56600,70771,29,1,1
14394,8547,4296,105,30703,29957,2852,31152,46942,29,1,1
14395,4718,571,96,21921,21626,1736,22249,29357,5,1,1
14396,2447,214,98,23694,23485,2362,23999,29103,1,1,1
14397,4191,212,92,16906,16710,1875,17198,23558,1,1,1
14398,22771,19729,130,79031,76984,2186,79739,124528,98,1,1
14399,14145,13802,212,75602,73992,1720,76325,106084,75,1,1
14400,4411,261,103,23642,23420,1797,23959,30522,1,1,1
14401,4664,210,100,17346,17136,1709,17645,24310,1,1,1
14402,4212,201,94,21034,20827,2270,21326,28099,1,1,1
14403,22340,22792,113,82601,80345,1708,83337,130275,111,1,1
14404,11153,8962,159,56923,55755,1804,57517,79523,52,1,1
14405,16741,1674,122,55692,55250,1820,56084,76456,12,1,1
14406,4110,220,123,23299,23084,2178,23635,30239,1,1,1
14407,4232,215,106,18169,17970,1724,18475,24741,1,1,1
14408,5322,514,95,51861,51474,1779,52185,59886,4,1,2
14409,10807,9609,94,47148,45960,3188,47657,71345,54,1,1
14410,9800,8462,93,56700,55586,6244,57193,81783,50,1,1
14411,5375,277,193,54300,54075,1968,54714,62420,2,1,1
14412,40128,43725,109,78663,74760,1824,79705,165479,198,1,1
14413,10245,266,103,44669,44445,1776,44994,57378,1,1,1
14414,32591,27751,150,67753,65048,1719,68619,130782,134,1,1
14415,6356,1472,151,32927,32524,11685,33349,52954,11,1,1
14416,20700,18818,98,60284,58312,7573,60942,108121,95,1,1
14417,42015,29480,130,71935,69165,12207,72800,156597,138,1,1
14418,10007,6280,101,59459,58546,10747,59909,87034,38,1,1
14419,19766,16879,108,61799,59939,1762,62456,100963,86,1,1
14420,12221,11924,198,56096,54691,1776,56777,82797,65,1,1
14421,41634,36624,113,75993,72770,11049,76933,166338,163,1,1
14422,13538,10000,106,60655,59417,9568,61185,94377,55,1,1
14423,16807,14198,110,50559,48945,1789,51230,84122,76,1,1
14424,16424,14598,140,46342,44740,1799,46991,79907,76,1,1
14425,10519,9992,99,53673,52462,1787,54185,76575,55,1,1
14426,41739,38155,111,75631,72212,9083,76583,165861,173,1,1
14427,10296,5861,105,59335,58496,15292,59785,91326,34,1,1
14428,24792,27810,187,66589,63911,1604,67498,121805,133,1,1
14429,11891,11159,99,57856,56481,2104,58397,83643,62,1,1
14430,42288,25550,113,73271,70784,18893,74065,160893,122,1,1
14431,12996,9841,109,60514,59329,14901,61049,98890,52,1,1
14432,22744,24806,172,63594,61102,1805,64453,113911,122,1,1
14433,12643,10622,106,59700,58398,1721,60251,85330,59,1,1
14434,42298,29386,113,72280,69503,24325,73114,169219,136,1,1
14435,13815,4950,141,66982,66192,14645,67503,101007,30,1,1
14436,19876,21946,119,61956,59751,1849,62694,106463,107,1,1
14437,13479,10973,101,55386,54028,1734,55941,82221,63,1,1
14438,42030,30270,112,73051,70159,19707,73924,166030,143,1,1
14439,41522,38365,149,72645,69218,5917,73653,159550,175,1,1
14440,18801,20320,213,59627,57565,1801,60436,101454,100,1,1
14441,14121,13648,101,55706,54130,1754,56301,85910,74,1,1
14442,41499,39296,110,82057,69887,5401,83070,169366,177,1,1
14443,14088,9908,101,61670,60462,7586,62195,93862,54,1,1
14444,18544,18032,115,59946,58055,1764,60624,99056,91,1,1
14445,9817,8934,103,58520,57378,1727,59024,79593,51,1,1
14446,42077,30395,124,83787,80860,17663,84685,174926,142,1,1
14447,10957,3853,107,58068,57385,9738,58496,83130,24,1,1
14448,17785,14076,116,174646,173067,1753,175266,208977,74,1,1
14449,7838,5505,97,163483,162642,1692,163935,179074,35,1,1
14450,43332,40081,502,307391,301548,9564,309485,402755,170,1,1
14451,10784,8484,224,125597,124316,11266,126244,156886,45,1,1
14452,14440,15138,112,51921,50281,4446,52523,86645,75,1,1
14453,13181,2495,106,57754,57238,1880,58145,75796,16,1,1
14454,25823,28378,119,76323,73209,1901,77152,133368,133,1,1
14455,4459,210,161,25449,25224,1887,25829,32493,1,1,1
14456,6108,3997,99,52003,51318,4004,52425,66647,26,1,1
14457,8756,8161,98,58328,57071,1942,58809,77755,45,1,1
14458,41620,27547,117,72234,69590,14892,73029,157199,128,1,1
14459,13347,7463,102,60175,59138,20954,60636,102487,41,1,1
14460,18225,18089,257,68512,66128,2089,69348,107888,90,1,1
14461,11176,10661,104,59913,58320,1940,60476,84345,59,1,1
14462,41748,30707,111,75790,72784,10831,76635,160021,140,1,1
14463,11986,7616,102,70157,69052,10153,70666,100516,44,1,1
14464,19322,20144,136,62878,60766,1911,63597,105070,97,1,1
14465,7182,5050,100,54754,53956,1880,55194,69399,32,1,1
14466,41311,31787,117,73423,70550,7842,74285,155335,145,1,1
14467,16062,11078,176,63165,61855,10939,63766,101942,57,1,1
14468,15761,15103,110,60166,58458,2214,60778,93949,76,1,1
14469,10230,8618,100,56092,54837,2068,56610,77619,51,1,1
14470,41618,31007,136,74275,71422,20429,75141,168293,138,1,1
14471,11794,5596,168,60395,59471,14153,60907,92551,33,1,1
14472,20811,21209,115,65094,62921,1876,65826,109820,104,1,1
14473,12214,11763,100,56968,55522,1939,57524,83531,65,1,1
14474,41783,30708,109,83875,81041,27898,84756,185237,143,1,1
14475,14476,6717,114,60009,59051,16606,60492,98389,39,1,1
14476,23773,25117,129,63093,60653,1922,63900,114807,121,1,1
14477,11062,9928,107,55986,54702,1852,56529,79463,57,1,1
14478,41676,32600,107,82569,79617,24123,83477,181968,148,1,1
14479,14381,8383,116,59359,58284,11941,59865,94665,47,1,1
14480,21840,22794,109,61227,58954,1757,61980,108469,112,1,1
14481,11721,11185,93,57719,56371,1786,58259,83044,62,1,1
14482,54339,29258,231,73699,70940,24938,74650,183513,137,1,1
14483,11922,5864,103,57427,56586,13302,57866,89047,34,1,1
14484,18512,19473,110,59997,57924,1930,60687,100695,96,1,1
14485,10408,9537,105,58358,57098,1874,58890,80807,53,1,1
14486,42780,24250,149,70257,67934,23018,71043,161198,115,1,1
14487,17772,8742,98,58266,57195,11612,58755,96973,47,1,1
14488,20052,20894,131,59982,57823,1820,60709,103570,102,1,1
14489,12344,11698,104,42397,40999,1836,42963,68940,64,1,1
14490,15084,205,156,37344,37128,1792,37730,54906,1,1,1
14491,41636,32488,104,70349,67417,8841,71203,154279,148,1,1
14492,13210,8757,98,60336,59250,7913,60835,90809,48,1,1
14493,14285,13151,135,56693,55181,1881,57307,86720,69,1,1
14494,15906,14072,107,43023,41441,1832,43620,75524,75,1,1
14495,6037,885,144,96382,95819,1846,96783,105649,7,1,2
14496,11600,10872,110,61751,60407,3606,62301,88473,61,1,1
14497,22051,20824,166,46037,43894,1768,46806,91551,105,1,1
14498,12339,10295,100,39745,38439,1867,40274,64868,59,1,1
14499,4146,221,105,50500,50282,1803,50859,57121,1,1,1
14500,42438,30654,122,108617,105703,17714,109479,200391,140,1,2
14501,11242,5567,108,57022,56208,11586,57461,85950,32,1,1
14502,17843,18482,137,45481,43544,2134,46185,84742,94,1,1
14503,12545,11331,110,41707,40318,2068,42263,68303,62,1,1
14504,19143,19460,156,74986,72920,1862,75730,116291,99,1,1
14505,11349,10891,104,70219,68896,2063,70760,95159,61,1,1
14506,17070,16615,116,43474,41681,1990,44126,79895,86,1,1
14507,11531,11445,102,39995,38614,1777,40545,65390,63,1,1
14508,27510,25755,165,78981,76458,1824,79829,135015,125,1,1
14509,7612,5556,104,46496,45664,3128,46928,63316,34,1,1
14510,14759,12045,100,61815,60443,1765,62362,91025,64,1,1
14511,16163,15223,111,41941,40273,1705,42572,75754,79,1,1
14512,10189,8757,95,37810,36655,1799,38320,59149,51,1,1
14513,23973,25516,154,77984,75493,1779,78806,130168,124,1,1
14514,11874,9409,102,69204,67994,1785,69733,92894,55,1,1
14515,14193,12153,108,39811,38367,1786,40392,68615,67,1,1
14516,9662,6893,99,32522,31582,1804,32997,51442,40,1,1
14517,5435,440,179,26324,26101,1787,26733,34691,1,1,1
14518,6465,4213,96,43540,42731,5678,43955,60396,28,1,1
14519,11881,6230,96,59447,58556,2137,59901,80240,38,1,1
14520,9038,8280,108,68180,67042,6152,68684,92247,48,1,1
14521,47305,13282,232,35655,34194,22086,36364,119156,68,1,1
14522,10074,1895,107,24200,23721,11485,24574,48116,14,1,1
14523,20294,8691,100,39017,37957,5852,39543,74478,45,1,1
14524,4583,217,100,23809,23604,1948,24118,30953,1,1,1
14525,24569,23716,112,75151,72879,1885,75886,126156,111,1,1
14526,11936,8756,96,71929,70801,1705,72432,94921,50,1,1
14527,9828,5694,109,29335,28497,1757,29786,47163,34,1,1
14528,7814,4031,92,42050,41376,1825,42487,56256,25,1,1
14529,4612,211,113,24574,24359,1769,24885,31560,1,1,1
14530,21593,22474,115,79818,77559,1857,80555,126574,111,1,1
14531,10021,8786,100,51599,50422,3193,52102,74192,52,1,1
14532,16350,10589,91,58575,57349,1698,59100,87828,56,1,1
14533,10507,6650,115,40404,39406,1885,40929,60069,38,1,1
14534,7736,3586,104,36145,35456,1778,36554,49739,25,1,1
14535,4374,229,129,24773,24557,1786,25110,31591,1,1,1
14536,22351,22860,98,62195,59944,1814,62902,110021,110,1,1
14537,20485,8596,91,104369,103134,8929,104851,142953,48,1,2
14538,10704,3355,100,54453,53870,3467,54852,72471,21,1,1
14539,9777,3640,153,31827,31143,1762,32300,47574,25,1,1
14540,4188,332,98,21737,21468,2079,22049,28735,3,1,1
14541,4272,322,109,25365,25124,1830,25688,32207,2,1,1
14542,4149,209,89,20754,20553,1789,21047,27277,1,1,1
14543,4711,2229,93,45836,45346,5717,46196,58942,16,1,1
14544,8842,3242,93,55901,55325,1740,56288,70203,21,1,1
14545,14490,14597,104,75581,73949,1708,76193,107080,78,1,1
14546,4468,236,189,26285,26056,1737,26722,33268,1,1,1
14547,4165,211,131,18816,18608,1766,19150,25382,1,1,1
14548,4283,220,87,21746,21517,1748,22033,28365,1,1,1
14549,19683,18046,120,81850,79921,1833,82521,122176,91,1,1
14550,10554,10170,101,57411,56121,1786,57936,80532,57,1,1
14551,8509,365,109,54713,54462,1710,55048,65728,3,1,1
14552,2252,216,199,22661,22446,2440,23075,28069,1,1,1
14553,23508,23762,118,65734,63388,1809,66501,115671,116,1,1
14554,12016,11448,93,62436,60925,1779,62987,88324,65,1,1
14555,12505,1680,109,56504,56077,1862,56879,73019,12,1,1
14556,29746,36245,134,76050,72562,1802,77024,144909,172,1,1
14557,4458,218,203,23672,23452,1827,24083,30680,1,1,1
14558,15813,14697,103,58371,56770,2766,58976,92337,77,1,1
14559,13447,13385,100,64367,62826,1868,64945,93735,72,1,1
14560,42052,32394,122,73484,70550,14631,74359,163546,148,1,1
14561,26324,8294,162,60857,59797,10279,61417,106597,46,1,1
14562,15956,14483,131,61034,59389,1615,61664,93814,75,1,1
14563,10395,8802,104,56436,55299,1493,56948,77729,51,1,1
14564,48575,35758,152,75231,71925,13003,76190,173624,159,1,1
14565,14028,9075,164,61004,59898,13025,61571,97794,48,1,1
14566,24141,28948,112,66431,63660,1826,67264,122274,137,1,1
14567,12883,13319,104,59386,57840,1895,59966,88155,71,1,1
14568,41734,37706,114,75112,71783,18525,76036,174103,167,1,1
14569,13643,7881,136,59447,58415,12056,59972,93653,45,1,1
14570,20824,21661,141,62150,59972,1837,62894,107311,105,1,1
14571,12235,11932,98,56876,55435,2414,57438,84110,67,1,1
14572,42153,22810,112,81095,78885,18506,81863,165436,109,1,1
14573,13453,7824,108,59840,58812,16872,60338,98579,45,1,1
14574,21128,23088,132,61649,59354,1811,62415,108535,113,1,1
14575,14626,14789,101,56744,55094,2041,57353,88904,78,1,1
14576,52338,28912,172,73878,71154,24699,74769,180995,135,1,1
14577,14202,7916,104,59618,58562,15343,60102,97654,45,1,1
14578,22927,21639,131,63009,60806,1797,63762,110219,107,1,1
14579,10514,8142,106,57530,56380,1898,58042,78692,49,1,1
14580,42404,28594,153,72729,70048,26662,73579,171335,131,1,1
14581,14226,9496,101,58569,57462,15602,59073,98488,50,1,1
14582,21006,23160,110,63495,61136,1816,64245,110323,113,1,1
14583,13343,13744,108,58716,57161,1723,59302,88204,72,1,1
14584,42494,25781,212,71669,69218,26067,72545,167014,122,1,1
14585,13774,7167,110,58597,57683,13217,59062,93312,39,1,1
14586,20344,23142,113,60753,58478,1756,61485,106824,110,1,1
14587,13152,12023,101,55191,53812,1812,55748,82827,64,1,1
14588,42434,26181,146,71502,68997,26937,72328,167981,125,1,1
14589,11678,4989,104,57034,56263,14473,57470,88702,31,1,1
14590,21159,23668,136,59875,57549,1818,60659,107398,115,1,1
14591,15679,17732,104,58498,56615,1806,59193,94508,90,1,1
14592,4457,303,110,36931,36693,1792,37251,43894,2,1,1
14593,41462,27262,110,71039,68387,21191,71839,161848,128,1,1
14594,13177,6917,102,58608,57669,11389,59074,90647,38,1,1
14595,12876,10647,130,45563,44275,1811,46129,71579,58,1,1
14596,13939,14420,95,59479,57832,2060,60113,90628,75,1,1
14597,22070,19755,119,79445,77309,2100,80157,124178,100,1,1
14598,10776,7343,98,70217,69193,1974,70685,90868,44,1,1
14599,42161,12125,113,64280,62894,29612,64846,148848,63,1,1
14600,42229,23098,225,44222,41973,10506,45068,120997,109,1,1
14601,4930,251,105,37584,37365,1487,37902,44666,1,1,1
14602,41522,31084,108,69630,66856,28011,70455,171179,140,1,1
14603,12461,11101,105,72217,70868,1854,72775,98288,62,1,1
14604,17684,27350,158,45163,43375,1818,45853,92803,85,1,1
14605,10054,8039,103,38600,37460,1947,39097,59229,48,1,1
14606,21648,21121,111,76499,74360,1762,77206,121832,104,1,1
14607,13005,10585,98,71337,70002,1707,71866,97256,60,1,1
14608,27988,16023,170,44265,42558,1746,44959,90814,81,1,1
14609,10471,9847,98,37161,35967,1862,37673,59948,54,1,1
14610,24690,24593,117,80155,77720,1774,80941,132096,121,1,1
14611,15523,14300,100,71587,69938,1714,72203,103832,78,1,1
14612,18220,16685,177,43988,42189,1808,44707,81695,85,1,1
14613,12095,9373,103,36893,35679,1841,37407,60803,52,1,1
14614,24813,28094,133,77214,74437,1808,78069,132891,136,1,1
14615,13862,12804,99,70293,68775,3021,70856,100635,69,1,1
14616,13599,12349,166,40910,39486,1786,41543,69375,66,1,1
14617,10793,8025,105,29542,28459,1901,30024,50845,47,1,1
14618,4492,201,108,25399,25185,1741,25714,32248,1,1,1
14619,11994,11267,104,70347,69014,3183,70894,97429,61,1,1
14620,10609,10028,109,69903,68630,1736,70444,92910,57,1,1
14621,15713,10807,154,32952,31645,1753,33546,61917,60,1,1
14622,8214,5876,97,33626,32749,1753,34060,49996,36,1,1
14623,4256,205,106,25493,25275,1797,25807,32200,1,1,1
14624,23989,23934,105,77421,75074,1729,78177,127931,117,1,1
14625,10304,9076,96,53925,52759,2262,54422,76156,52,1,1
14626,13733,9224,93,58771,57646,1762,59273,84084,51,1,1
14627,9989,5854,142,30520,29663,1898,31017,48858,35,1,1
14628,9696,4086,163,34493,33841,1836,35041,50775,23,1,1
14629,4700,297,113,25144,24899,2036,25465,32585,2,1,1
14630,21675,22412,112,79628,77414,1785,80354,126319,109,1,1
14631,10590,10593,103,76802,75370,2283,77375,100968,58,1,1
14632,5523,2672,127,57964,57385,7530,58385,74197,16,1,1
14633,11175,7411,188,32091,31102,1917,32665,53280,41,1,1
14634,8085,5632,156,46195,45354,1859,46804,62497,31,1,1
14635,24735,29467,120,83537,80649,1722,84386,140404,138,1,1
14636,8634,6722,101,54089,53062,1744,54540,71727,39,1,1
14637,7636,1856,98,66343,65904,4056,66743,80387,13,1,1
14638,8486,3812,112,31832,31158,1860,32263,46520,25,1,1
14639,4314,211,101,22755,22544,2013,23064,29688,1,1,1
14640,4271,216,137,25345,25134,1786,25683,32053,1,1,1
14641,4402,215,93,17156,16957,1939,17442,24077,1,1,1
14642,10017,6412,95,50089,49183,4427,50533,71481,38,1,1
14643,17697,13444,100,106491,104831,3440,107066,141741,70,1,2
14644,4981,211,103,64763,64551,3138,65128,73552,1,1,1
14645,4342,226,136,24106,23895,1805,24471,30935,1,1,1
14646,4236,212,114,18613,18405,1850,18932,25322,1,1,1
14647,4663,360,98,21975,21737,1882,22288,29276,3,1,1
14648,26134,23654,130,82479,80084,1831,83249,134966,116,1,1
14649,9203,7827,92,57590,56455,1950,58074,77140,46,1,1
14650,6701,213,125,65743,65526,1521,66134,74661,1,1,1
14651,4980,217,111,22396,22188,1872,22711,29862,1,1,1
14652,23357,26335,117,65413,62857,2208,66214,118241,126,1,1
14653,9562,8827,90,64169,63005,1546,64668,84695,51,1,1
14654,5183,215,107,62351,62104,1747,62670,69916,1,1,1
14655,31831,32391,180,76977,73851,1873,77946,144135,153,1,1
14656,20729,17926,137,64163,62248,1856,64859,105467,91,1,1
14657,11169,9892,95,57591,56317,1878,58098,81134,55,1,1
14658,41925,32613,145,74370,71332,10070,75270,159979,150,1,1
14659,16373,10916,140,60785,59556,10089,61347,98818,56,1,1
14660,15659,14488,140,62126,60321,1890,62776,94903,77,1,1
14661,9224,7179,99,54087,53053,1823,54551,72868,43,1,1
14662,42239,28990,137,85367,82651,11792,86254,169373,136,1,1
14663,15042,10452,108,60841,59639,12511,61363,99460,54,1,1
14664,19601,19493,134,63705,61579,1768,64420,105374,99,1,1
14665,11896,11264,100,57256,55882,1787,57812,82851,63,1,1
14666,53595,33565,177,74903,71807,8981,75862,172267,153,1,1
14667,14201,9410,103,59967,58793,12474,60487,96664,53,1,1
14668,20376,22353,138,62862,60476,1852,63630,108303,111,1,1
14669,10159,9714,105,57152,55922,2134,57702,79801,55,1,1
14670,41265,33379,152,74659,71537,15692,75574,166001,151,1,1
14671,13835,8991,108,58383,57257,14022,58877,96027,48,1,1
14672,20880,23023,133,62929,60614,1883,63692,109568,111,1,1
14673,9292,8343,101,59308,58132,1822,59810,79362,50,1,1
14674,42294,28720,145,71800,69071,19004,72665,162787,133,1,1
14675,10762,5352,99,57798,57001,15816,58231,90254,31,1,1
14676,42111,15166,112,41383,39771,27162,41988,126536,73,1,1
14677,20632,8532,103,42381,41251,5502,42885,77868,46,1,1
14678,11384,3991,219,33029,32363,27939,33569,76984,24,1,1
14679,19172,8264,183,39348,38271,11795,39920,79248,46,1,1
14680,18004,9191,101,41040,39884,1864,41551,70705,50,1,1
14681,41837,31700,142,73489,70376,12735,74382,160764,148,1,1
14682,11398,5197,108,56102,55312,14204,56535,87426,31,1,1
14683,19454,18169,144,57212,55299,1822,57891,97433,88,1,1
14684,11121,9778,165,56636,55285,1833,57231,80059,55,1,1
14685,42148,29998,119,71854,69079,22615,72685,167570,135,1,1
14686,11431,5989,104,58250,57349,12169,58705,88383,36,1,1
14687,24840,31002,120,77827,74886,6387,78718,141043,141,1,1
14688,13837,14860,115,56388,54725,1848,57000,87630,77,1,1
14689,42016,36052,117,74675,71396,13166,75591,166920,160,1,1
14690,11122,5439,100,59317,58470,8583,59748,84985,32,1,1
14691,18586,30132,162,63951,61809,1784,64688,115284,98,1,1
14692,10685,10014,98,39644,38405,2737,40171,63698,56,1,1
14693,4577,214,113,37397,37178,2042,37724,44652,1,1,1
14694,42093,29501,139,70398,67569,24150,71240,167092,136,1,1
14695,12307,5620,100,57462,56636,13387,57889,89295,33,1,1
14696,21610,24724,191,48863,46414,1756,49710,97900,118,1,1
14697,16360,17114,102,44314,42496,2152,44948,80664,87,1,1
14698,4798,207,90,35696,35472,1981,35984,43053,1,1,1
14699,42148,30334,132,70421,67575,12131,71270,155988,140,1,1
14700,11971,8173,102,70940,69821,1956,71421,93614,47,1,1
14701,18278,16449,276,47005,45168,1792,47820,84436,85,1,1
14702,11059,9642,99,42126,40894,1772,42647,65214,55,1,1
14703,4329,224,108,37400,37183,1742,37711,44103,1,1,1
14704,13004,3837,99,58776,58089,30000,59173,106101,24,1,1
14705,14733,14896,124,74181,72417,1842,74815,106390,78,1,1
14706,16431,14653,172,43840,42211,1847,44527,77556,77,1,1
14707,11334,10249,102,42204,40906,1876,42724,66275,58,1,1
14708,25364,23730,117,79338,76799,1811,80096,131096,117,1,1
14709,12918,12299,104,71674,70109,1698,72254,99253,69,1,1
14710,16477,13172,140,42404,40821,1723,43041,74511,72,1,1
14711,9688,7097,96,41375,40398,1828,41838,60543,42,1,1
14712,26788,27008,132,79464,76747,2006,80285,136194,131,1,1
14713,11470,10273,99,71086,69762,2269,71625,95737,58,1,1
14714,16459,15848,142,43156,41427,1919,43826,78150,81,1,1
14715,12175,12283,106,33353,31963,1808,33903,60261,64,1,1
14716,4138,211,101,24127,23926,2123,24438,30995,1,1,1
14717,23011,22974,109,77163,74823,1748,77916,125745,112,1,1
14718,14299,13722,101,70229,68639,1691,70812,100612,74,1,1
14719,16739,16163,198,42145,40403,1766,42869,77635,82,1,1
14720,12356,8714,105,30475,29285,1832,30978,53972,50,1,1
14721,4347,220,107,25492,25276,1793,25800,32250,1,1,1
14722,16931,16845,94,73188,71393,1940,73816,109626,87,1,1
14723,11332,8009,117,82941,81519,2388,83524,105355,47,1,1
14724,14162,11110,192,34163,32865,1751,34805,61925,59,1,1
14725,8578,4571,102,28305,27546,1843,28727,43810,29,1,1
14726,4323,205,128,24935,24687,1845,25265,31740,1,1,1
14727,23627,23089,108,75561,73292,1847,76299,124958,112,1,1
14728,14366,14562,102,74674,72994,1758,75274,106050,78,1,1
14729,9651,6356,133,30484,29578,1816,30981,48904,38,1,1
14730,7586,4147,96,37680,36983,1803,38081,51709,27,1,1
14731,4316,209,128,24972,24760,1962,25302,31880,1,1,1
14732,22550,21384,112,78882,76677,1981,79599,125642,105,1,1
14733,13886,12565,99,87672,86128,1803,88286,116635,69,1,1
14734,8987,3856,104,31367,30693,1789,31789,46515,25,1,1
14735,4326,204,99,22129,21932,1847,22423,28896,1,1,1
14736,4784,212,98,23765,23577,2116,24057,31252,1,1,1
14737,4235,219,96,17158,16963,1862,17447,23843,1,1,1
14738,23381,25408,133,79357,76898,1808,80153,130921,120,1,1
14739,9410,7847,143,56100,55041,11899,56634,85876,46,1,1
14740,2960,211,191,55501,55301,4304,55908,63473,1,1,1
14741,9257,3614,129,31819,31167,1653,32258,46877,24,1,1
14742,4776,213,99,22078,21868,1517,22378,28973,1,1,1
14743,4127,405,130,41999,41607,2230,42359,49216,3,1,2
14744,18609,20587,96,57711,55582,3260,58392,100944,101,1,1
14745,4486,339,93,62187,61936,2038,62498,69463,3,1,1
14746,29779,18473,223,58300,56248,6704,59101,114152,92,1,1
14747,7844,271,126,54267,54052,1729,54603,64540,1,1,1
14748,4229,215,100,22925,22708,1806,23225,29570,1,1,1
14749,4095,213,107,18654,18443,1785,18967,25150,1,1,1
14750,4224,202,93,21649,21454,1831,21938,28287,1,1,1
14751,4474,2374,96,48035,47531,5134,48403,60468,16,1,1
14752,5562,212,94,54833,54629,1749,55131,62735,1,1,1
14753,20126,10407,201,58620,57307,1836,59247,91719,58,1,1
14754,40832,42630,108,77472,73746,3797,78473,165827,188,1,1
14755,4340,215,126,23555,23337,1744,23900,30291,1,1,1
14756,21788,22746,116,64672,62390,2001,65428,112059,113,1,1
14757,12534,12005,175,63276,61864,1755,63905,90283,64,1,1
14758,12333,1730,157,57649,57221,1784,58083,74026,12,1,1
14759,8561,7565,103,63049,62041,6709,63535,86464,44,1,1
14760,41889,32748,108,90131,87211,13074,90981,178789,146,1,1
14761,8864,3162,100,40609,40010,12163,40996,65282,21,1,1
14762,38482,35766,209,76822,73658,3678,77830,155858,160,1,1
14763,41685,30389,108,72489,69802,11107,73296,156587,135,1,1
14764,13496,7688,104,60258,59210,10271,60733,92280,45,1,1
14765,22201,19943,140,68626,66491,2318,69354,113914,99,1,1
14766,11328,11309,159,60217,58766,1892,60840,85466,63,1,1
14767,42031,30764,136,75396,72485,14977,76263,164146,143,1,1
14768,14185,7788,143,61728,60679,12266,62250,96580,45,1,1
14769,20014,19287,109,78085,76012,1876,78804,120081,97,1,1
14770,8709,7765,102,56661,55612,1849,57154,75572,46,1,1
14771,41866,32288,135,73291,70294,25320,74180,173766,149,1,1
14772,12817,6517,105,57722,56814,15965,58197,93588,38,1,1
14773,31784,23602,172,65032,62723,1793,65842,123117,113,1,1
14774,13114,13470,103,58368,56814,1769,58942,87388,73,1,1
14775,41816,32165,135,74030,71119,18215,74911,167207,145,1,1
14776,13527,8782,105,61901,60777,15141,62404,99946,48,1,1
14777,25447,30279,147,69360,66425,1851,70260,127938,141,1,1
14778,11955,11884,98,57157,55723,1813,57724,83469,64,1,1
14779,42009,26191,129,70895,68419,28272,71689,168261,123,1,1
14780,20005,9739,104,61420,60210,26309,62016,118154,53,1,1
14781,23614,23887,144,64627,62101,1845,65417,114860,116,1,1
14782,13473,13277,103,55585,53985,1857,56168,84866,72,1,1
14783,41652,31055,109,72107,69240,28024,72947,173776,141,1,1
14784,13391,6050,105,70000,69106,13840,70487,103867,34,1,1
14785,17460,17478,112,58817,56920,1834,59475,96341,87,1,1
14786,12938,12640,105,56181,54674,1863,56744,84271,69,1,1
14787,42363,28110,111,71586,68912,26657,72380,169607,130,1,1
14788,14483,8335,155,59375,58314,12649,59917,95483,45,1,1
14789,23326,25431,132,60641,58127,1863,61431,112146,121,1,1
14790,14614,14094,104,57875,56307,1796,58468,89057,74,1,1
14791,42194,27606,116,71105,68403,26220,71898,168023,130,1,1
14792,10123,3393,157,58144,57484,14049,58602,86263,22,1,1
14793,15883,15523,116,55559,53800,1865,56198,89562,80,1,1
14794,13060,12266,101,42072,40626,1828,42637,69877,66,1,1
14795,4136,219,106,45547,45329,1810,45869,52132,1,1,1
14796,41902,29531,120,85384,82499,25751,86262,183541,137,1,1
14797,15321,9688,116,61662,60427,12478,62188,99769,52,1,1
14798,21323,21351,109,46306,44166,1838,47010,91619,104,1,1
14799,11448,10837,106,43719,42408,1806,44261,68438,59,1,1
14800,4288,215,90,37153,36895,1866,37457,43907,1,1,1
14801,42448,26861,107,114531,111810,28587,115353,213354,125,1,2
14802,12398,4106,109,57083,56417,14117,57498,88209,25,1,1
14803,21434,21585,110,45507,43315,1771,46217,91103,106,1,1
14804,12264,10356,104,39533,38265,1790,40065,64561,56,1,1
14805,26066,23607,112,77918,75544,1782,78662,130212,115,1,1
14806,12368,9824,158,75939,74658,1819,76529,100642,55,1,1
14807,18221,17018,115,44107,42284,1766,44766,81867,87,1,1
14808,13347,12601,97,43251,41769,1980,43821,71834,68,1,1
14809,23484,23380,117,79516,77167,1823,80273,129055,115,1,1
14810,12935,11741,169,72253,70803,1849,72895,99513,65,1,1
14811,14465,13285,110,42153,40675,1815,42745,72406,69,1,1
14812,10392,8053,101,41488,40405,1864,41968,62362,47,1,1
14813,27070,29005,120,93397,90592,1960,94289,152420,137,1,1
14814,11606,10686,112,70144,68734,1823,70695,94901,60,1,1
14815,15253,11100,112,40517,39186,1873,41066,69388,60,1,1
14816,10092,7299,100,31194,30174,1888,31661,51024,44,1,1
14817,3507,221,92,24492,24229,2236,24795,30844,1,1,1
14818,18631,18901,109,86261,84275,2204,86981,126812,95,1,1
14819,11704,10712,104,69376,68028,1717,69931,94154,61,1,1
14820,13551,10997,108,40264,38932,1769,40823,67236,61,1,1
14821,12530,9939,99,30733,29495,1739,31238,55530,56,1,1
14822,23402,25587,112,77419,74937,1719,78187,128993,122,1,1
14823,9164,7866,234,53966,52883,2460,54591,74176,47,1,1
14824,19134,12026,96,58726,57373,3412,59264,93931,62,1,1
14825,13694,9106,108,30633,29508,1790,31132,55811,50,1,1
14826,8108,5061,100,30035,29254,1856,30449,45571,31,1,1
14827,4500,215,100,25083,24881,1952,25393,32142,1,1,1
14828,7567,5410,96,45108,44281,5253,45541,63857,34,1,1
14829,11945,6521,218,59262,58390,1941,59837,80344,34,1,1
14830,16961,17659,105,77768,75784,1793,78424,114928,90,1,1
14831,42624,10299,107,31686,30446,14510,32210,99949,54,1,1
14832,12443,4571,117,26002,25319,8775,26445,52329,26,1,1
14833,20943,6959,99,21248,20304,2826,21691,52511,39,1,1
14834,4545,209,96,24720,24522,1836,25018,31692,1,1,1
14835,40323,22174,170,81814,79386,1893,82605,147091,108,1,1
14836,13169,10919,107,52120,50760,1912,52740,78831,60,1,1
14837,7619,3544,96,56526,55899,6786,56926,74962,23,1,1
14838,10091,3797,111,31808,31122,1836,32239,48059,25,1,1
14839,5041,211,90,21919,21711,1882,22210,29429,1,1,1
14840,4357,492,102,40488,40076,1804,40815,47554,4,1,2
14841,21583,20927,156,80168,78057,1560,80922,125090,102,1,1
14842,11452,10763,99,55670,54353,2458,56195,80960,59,1,1
14843,10499,3050,91,55929,55357,1355,56308,71304,20,1,1
14844,9267,3467,128,30994,30359,1725,31431,45986,23,1,1
14845,4327,568,92,22305,21977,1787,22632,29404,5,1,1
14846,32812,25472,232,83501,80982,1783,84390,144797,119,1,1
14847,11528,11017,98,58320,56963,1890,58861,83387,61,1,1
14848,8609,524,101,54694,54424,1884,55038,66149,4,1,1
14849,4276,217,104,22905,22691,1750,23220,29560,1,1,1
14850,4388,222,106,18524,18323,1762,18837,25299,1,1,1
14851,4353,203,94,33562,33348,1953,33907,40518,1,1,1
14852,16390,12499,109,58938,57440,3611,59500,92092,65,1,1
14853,14834,16693,97,57718,55934,4849,58337,94799,85,1,1
14854,5283,213,88,54353,54160,1749,54644,61970,1,1,1
14855,40060,54619,155,80029,75712,1780,81166,177758,215,1,1
14856,4294,219,185,24278,24075,2192,24678,31480,1,1,1
14857,19694,19114,120,62520,60446,1846,63213,103963,95,1,1
14858,12092,11621,98,58781,57344,1790,59326,84914,64,1,1
14859,5077,213,109,56067,55851,1846,56387,63617,1,1,1
14860,11132,10505,103,66113,64818,5065,66654,93447,58,1,1
14861,16976,12978,216,67128,65610,1953,67826,99834,69,1,1
14862,11032,10269,103,55859,54571,1821,56396,79612,58,1,1
14863,41865,32787,108,75921,72934,11985,76787,163529,150,1,1
14864,13866,8119,100,60283,59225,9981,60757,92814,45,1,1
14865,19875,20019,150,66608,64441,1801,67358,109154,97,1,1
14866,9441,8025,101,55928,54781,1765,56417,75739,47,1,1
14867,41477,39974,130,78947,75381,8542,79938,170033,179,1,1
14868,13230,8295,103,70562,69500,13912,71105,106641,46,1,1
14869,20021,19928,136,63405,61289,1856,64129,106030,99,1,1
14870,10170,9534,101,59776,58567,1814,60294,81903,55,1,1
14871,41720,27135,114,82256,79705,21473,83039,173475,127,1,1
14872,42564,36229,187,74219,70830,10225,75224,164537,165,1,1
14873,24715,25862,115,63700,61163,1774,64483,116961,124,1,1
14874,11943,11749,100,56887,55470,1787,57442,83006,64,1,1
14875,41823,31015,113,84421,81511,16193,85315,174658,144,1,1
14876,13381,9000,112,61757,60641,11831,62278,96582,50,1,1
14877,20774,23290,137,62748,60393,1809,63513,109482,113,1,1
14878,12531,13489,101,55961,54437,1785,56547,84437,71,1,1
14879,41798,42127,162,71914,69082,20418,72804,177251,141,1,1
14880,14444,9214,102,59642,58499,16010,60147,99910,49,1,1
14881,22470,23220,134,62725,60383,1837,63497,111118,113,1,1
14882,13107,13130,96,55650,54121,1747,56217,84292,70,1,1
14883,43507,26163,169,72236,69729,22270,73067,165107,122,1,1
14884,8778,3585,103,56978,56341,12469,57379,82303,23,1,1
14885,25167,30749,135,62173,59344,1792,63037,120843,141,1,1
14886,18275,19769,111,59900,57853,2107,60585,100832,97,1,1
14887,42458,28757,180,73366,70674,27027,74258,172599,132,1,1
14888,14073,4891,104,56349,55570,13444,56774,89273,30,1,1
14889,21336,21984,140,59809,57570,1863,60550,105830,107,1,1
14890,13683,13840,101,54907,53324,1785,55489,84882,73,1,1
14891,42151,28216,143,71160,68463,22873,71995,165330,129,1,1
14892,13983,7766,97,58305,57332,12353,58771,92965,42,1,1
14893,15495,14596,109,56184,54446,1771,56805,88761,78,1,1
14894,13855,13482,99,45853,44218,1779,46446,75656,75,1,1
14895,4320,254,145,38235,37958,2037,38601,45311,1,1,1
14896,41695,28549,116,71883,69042,23993,72706,167035,136,1,1
14897,13482,5623,100,57701,56838,13438,58136,90769,34,1,1
14898,20303,20859,142,45176,43014,1774,45914,88944,104,1,1
14899,13690,13123,104,40670,39144,1844,41259,70010,70,1,1
14900,3107,215,141,37137,36928,2731,37495,43650,1,1,1
14901,42330,22711,131,69077,66788,21253,69823,156221,110,1,1
14902,12316,11480,104,71337,69976,1790,71891,97569,62,1,1
14903,19222,20124,122,48092,45993,1926,48801,90170,100,1,1
14904,24850,12579,179,43783,42222,1832,44434,83961,67,1,1
14905,24214,22429,140,78330,76025,1861,79093,127692,110,1,1
14906,13037,11894,140,70574,69129,1945,71180,98147,66,1,1
14907,42396,13507,142,62519,60931,37556,63139,156700,71,1,1
14908,15571,12745,138,124047,122573,6714,124667,159795,67,1,1
14909,22449,25594,132,78996,76484,1834,79792,129765,122,1,1
14910,10824,10661,99,69818,68447,1750,70356,93683,60,1,1
14911,15930,14894,130,42094,40435,12497,42727,86143,77,1,1
14912,9821,7676,220,38927,37842,1784,39535,58918,45,1,1
14913,23781,23368,137,76431,74052,1824,77202,126271,114,1,1
14914,9281,7429,126,68388,67237,1841,68909,87552,45,1,1
14915,15055,12706,112,39950,38452,1909,40528,70298,67,1,1
14916,12109,10624,214,32221,30898,1791,32875,57498,58,1,1
14917,4466,258,107,25684,25472,1823,26004,32645,1,1,1
14918,20859,20549,115,74820,72694,1466,75531,118500,103,1,1
14919,14831,13070,96,68181,66637,2337,68766,99095,71,1,1
14920,15446,9919,149,45830,44579,2230,46439,74196,53,1,1
14921,9748,7139,112,30564,29528,1764,31037,49780,42,1,1
14922,4466,213,91,24462,24249,1407,24747,30918,1,1,1
14923,24791,26155,123,76942,74333,2332,77738,131113,125,1,1
14924,12660,12663,98,73693,72161,1713,74260,101388,68,1,1
14925,14266,9921,119,42605,41382,1907,43197,69387,54,1,1
14926,7776,5055,106,29771,28984,2042,30208,45176,32,1,1
14927,4337,276,110,25350,25102,1827,25660,32193,1,1,1
14928,17653,16618,100,50327,48543,3249,50956,88566,84,1,1
14929,7011,3884,92,57569,56882,1789,57979,70755,26,1,1
14930,14479,13780,101,54222,52628,6376,54816,89541,73,1,1
14931,7731,3241,90,55195,54604,1757,55588,68402,21,1,1
14932,12681,7007,206,31595,30586,1743,32188,53718,41,1,1
14933,8087,4600,102,31124,30338,1759,31548,46086,30,1,1
14934,4664,224,107,24844,24630,1873,25176,32028,1,1,1
14935,5474,2271,96,45024,44517,5686,45386,58904,16,1,1
14936,12097,6812,97,58596,57618,1849,59052,79902,40,1,1
14937,14596,11724,102,49275,47882,7230,49817,83459,63,1,1
14938,7750,3511,100,54663,54017,1772,55063,68188,24,1,1
14939,9547,4027,199,34967,34273,1781,35478,50932,26,1,1
14940,4361,213,92,21445,21231,1843,21736,28243,1,1,1
14941,1623,220,99,24162,23956,2561,24475,28961,1,1,1
14942,4303,214,94,17105,16916,2005,17394,23999,1,1,1
14943,22275,21667,130,77401,75142,1765,78137,123939,104,1,1
14944,10114,7845,97,62632,61509,1790,63113,82965,45,1,1
14945,4309,212,106,67856,67646,1827,68237,74679,1,1,1
14946,4373,211,111,23587,23377,1847,23896,30417,1,1,1
14947,4621,211,99,17534,17327,1792,17830,24545,1,1,1
14948,4452,210,88,23265,23067,1852,23547,30150,1,1,1
14949,25231,25114,108,83979,81287,1755,84745,136971,120,1,1
14950,11375,9869,99,57483,56229,1759,58007,81094,55,1,1
14951,8961,600,101,54265,53978,1746,54598,66001,5,1,1
14952,4294,218,212,24655,24436,1789,25070,31469,1,1,1
14953,4055,220,130,18448,18235,1762,18785,24917,1,1,1
14954,8129,3256,87,73011,72209,1921,73399,86803,22,1,2
14955,11405,11679,111,55901,54514,1751,56455,81377,63,1,1
14956,4851,212,88,51775,51578,2321,52066,59531,1,1,1
14957,41344,41297,120,88933,85045,4292,89988,177092,188,1,1
14958,4245,259,109,23624,23410,1772,23943,30318,1,1,1
14959,23359,21330,132,63506,61360,1830,64238,110883,105,1,1
14960,13484,12918,97,60205,58694,1729,60772,88999,69,1,1
14961,41892,30674,198,73074,70237,10036,74001,156698,141,1,1
14962,10626,6467,208,60476,59558,10776,61039,89005,37,1,1
14963,16977,14943,115,61493,59722,1828,62114,95959,77,1,1
14964,9977,9150,101,57279,56078,1830,57784,78833,53,1,1
14965,42198,24317,118,82739,79653,14563,83574,164774,115,1,1
14966,12899,8592,114,60312,59161,10803,60834,93220,49,1,1
14967,21531,20120,117,64429,62285,2044,65125,108914,99,1,1
14968,8228,6584,101,57087,56098,1880,57548,74331,40,1,1
14969,41438,39681,107,88485,84837,6398,89484,177106,182,1,1
14970,13809,9888,107,61560,60378,14619,62085,100495,53,1,1
14971,26327,31977,132,65989,63040,1953,66867,127220,146,1,1
14972,11514,10630,99,56939,55536,1906,57480,81623,60,1,1
14973,33610,18599,171,66474,64608,23010,67183,142501,87,1,1
14974,12870,7722,103,60065,59076,15108,60548,96341,42,1,1
14975,20281,22397,116,64490,62067,1785,65231,109788,112,1,1
14976,12684,11714,101,58778,57332,1844,59337,85672,65,1,1
14977,42453,23165,186,69637,67386,26771,70441,162937,111,1,1
14978,11213,3115,102,56190,55566,14762,56584,85766,20,1,1
14979,23864,18485,110,60298,58300,1798,60967,105241,94,1,1
14980,13672,12538,146,61092,59494,1860,61723,89888,69,1,1
14981,42390,29462,151,74233,71422,20304,75102,167358,137,1,1
14982,13953,4535,103,56918,56158,15731,57346,91655,28,1,1
14983,18814,19048,109,59656,57646,1828,60329,100112,95,1,1
14984,12003,10991,97,57789,56368,1877,58339,83302,63,1,1
14985,42408,23508,153,71887,69532,28364,72667,167055,114,1,1
14986,13844,7554,104,57182,56218,13381,57648,92519,41,1,1
14987,41225,34661,116,221769,218615,16537,222669,315203,157,1,1
14988,42960,28801,167,63887,61203,7966,64739,144564,131,1,1
14989,41886,37910,117,72970,69447,5137,73921,158963,174,1,1
14990,14187,7657,104,59486,58459,6024,59959,87920,44,1,1
14991,17586,13516,112,57206,55583,1862,57810,90869,72,1,1
14992,8261,6160,170,52932,51922,1794,53472,69787,38,1,1
14993,42455,28838,111,70223,67517,25220,71021,167664,130,1,1
14994,15237,7208,105,59011,58043,12131,59483,94148,41,1,1
14995,20259,20867,122,60882,58548,1839,61607,104666,104,1,1
14996,15351,15647,167,44461,42595,2281,45140,78518,81,1,1
14997,4353,375,104,37995,37750,1898,38320,45043,2,1,1
14998,3492,1326,97,56640,56207,30503,56994,92401,11,1,1
14999,16001,8635,106,57948,56851,12638,58452,95820,48,1,1
15000,20077,18063,111,45384,43404,1830,46036,86105,90,1,1
15001,12445,10570,159,41871,40463,1865,42474,67455,60,1,1
15002,4352,209,105,37666,37454,1961,37992,44608,1,1,1
15003,42411,26298,103,70091,67501,20771,70865,160449,125,1,1
15004,8963,5581,101,66474,65595,1801,66911,83348,34,1,1
15005,16406,25576,158,43872,42145,1797,44546,88424,78,1,1
15006,12172,12157,100,40282,38853,1832,40833,67089,64,1,1
15007,21914,19560,108,78150,76079,1784,78833,122188,98,1,1
15008,14326,14216,97,73757,72123,1736,74358,104728,77,1,1
15009,16452,15390,172,44281,42527,1880,44974,78794,81,1,1
15010,14002,12841,94,42126,40601,1893,42694,71525,69,1,1
15011,26792,29059,107,81027,78183,2437,81848,140262,138,1,1
15012,13839,12573,103,81529,79966,2245,82108,110864,69,1,1
15013,20740,18822,198,46178,44193,1542,46956,88157,95,1,1
15014,9594,8457,101,37123,36020,1510,37618,57264,48,1,1
15015,22952,23716,109,79694,77275,1873,80447,129082,116,1,1
15016,12268,11503,97,71375,69916,1842,71924,97631,64,1,1
15017,14606,11221,142,43213,41824,1884,43807,71618,63,1,1
15018,9797,8228,103,31273,30169,1863,31764,51743,47,1,1
15019,4079,212,105,25782,25535,1863,26105,32352,1,1,1
15020,17808,17542,106,76337,74368,1715,76996,114156,92,1,1
15021,11394,10151,100,68445,67162,2573,68969,93179,58,1,1
15022,14509,8800,206,32801,31630,1985,33419,58814,50,1,1
15023,8283,4954,102,27696,26894,1804,28131,43268,32,1,1
15024,4364,220,91,24018,23811,1824,24319,30811,1,1,1
15025,23750,25401,123,76494,73990,1962,77281,128488,121,1,1
15026,12269,12461,98,73960,72448,1745,74530,101095,68,1,1
15027,13092,11344,224,33992,32615,1746,34657,60940,61,1,1
15028,7685,5455,100,29088,28236,2028,29521,44782,34,1,1
15029,23824,24870,116,82335,79875,1866,83095,133752,119,1,1
15030,10222,8649,99,53592,52476,1850,54080,74893,49,1,1
15031,8355,4462,120,58895,58156,6470,59357,78741,28,1,1
15032,11312,7743,142,32418,31363,1781,32944,53878,43,1,1
15033,7981,4910,98,30457,29631,1787,30872,45641,31,1,1
15034,4281,210,108,25193,24979,1856,25506,31943,1,1,1
15035,15940,14384,97,55977,54354,2981,56573,89976,75,1,1
15036,13931,7478,95,101653,100455,4575,102122,128203,42,1,2
15037,9370,3129,100,54743,54141,3237,55133,70960,21,1,1
15038,9217,2848,200,30804,30207,1836,31304,45303,19,1,1
15039,4528,339,102,22161,21901,1787,22480,29226,3,1,1
15040,4409,285,106,41643,41306,1902,41964,48657,2,1,2
15041,23784,23356,108,80037,77635,1856,80769,129860,112,1,1
15042,8271,6745,107,53430,52422,2622,53899,71621,40,1,1
15043,9693,3446,91,65742,65140,3546,66172,82955,22,1,1
15044,4158,215,124,23477,23262,1824,23827,30116,1,1,1
15045,3185,211,99,17492,17298,2495,17816,23787,1,1,1
15046,4127,275,96,22197,21954,1796,22507,28796,2,1,1
15047,23903,23086,132,61347,59004,2173,62090,111346,110,1,1
15048,9197,4442,98,87053,86197,3495,87462,104696,27,1,2
15049,15320,15628,105,49683,47931,1783,50306,83128,82,1,1
15050,6690,205,212,57091,56880,1876,57515,66412,1,1,1
15051,4560,250,122,22803,22557,1769,23127,29802,1,1,1
15052,25753,25641,137,64847,62219,1987,65656,119133,124,1,1
15053,10282,9914,109,60524,59251,1817,61057,83163,56,1,1
15054,7787,213,119,57109,56894,1851,57451,67396,1,1,1
15055,41336,42156,204,79380,75419,3004,80505,167298,193,1,1
15056,4514,217,103,23414,23198,1837,23718,30378,1,1,1
15057,6239,4222,99,53180,52453,4791,53589,68935,27,1,1
15058,10138,9693,100,58343,57072,2100,58859,80873,55,1,1
15059,41865,35264,115,86735,83528,13145,87678,178047,159,1,1
15060,19520,11886,104,61796,60320,8920,62364,102781,65,1,1
15061,18605,16966,116,60576,58719,1998,61222,98886,86,1,1
15062,11306,9716,95,61025,59791,2350,61548,85011,56,1,1
15063,41919,47097,161,78119,74845,14309,79093,182519,161,1,1
15064,14142,11769,98,61901,60567,10401,62447,98854,60,1,1
15065,42293,19595,111,81440,79401,16196,82111,160295,94,1,1
15066,8434,3867,112,31627,30919,14917,32039,59351,25,1,1
15067,27270,18938,104,38394,36464,8532,39051,93884,92,1,1
15068,23096,16662,174,48268,46369,2733,48973,91559,84,1,1
15069,42059,35762,106,75970,72682,9118,76870,163910,162,1,1
15070,13970,10045,108,59778,58527,10949,60305,95365,54,1,1
15071,18428,17628,111,67194,65298,1884,67857,105901,89,1,1
15072,11290,9810,160,59849,58456,1916,60439,83552,55,1,1
15073,42043,29935,106,72157,69356,18593,72976,163657,138,1,1
15074,12322,6386,104,59942,59061,16024,60397,95224,37,1,1
15075,19825,19866,137,62711,60584,1853,63438,105075,101,1,1
15076,12368,13628,169,59547,57954,2169,60200,88459,73,1,1
15077,42172,30338,109,72808,70029,27399,73631,173645,139,1,1
15078,14986,9063,104,58808,57686,14962,59310,98416,50,1,1
15079,21098,21892,110,60217,57981,1768,60932,105789,106,1,1
15080,10680,9220,159,57102,55803,1877,57686,79561,53,1,1
15081,41877,34078,114,73007,69847,19250,73899,169207,156,1,1
15082,14106,7441,103,58302,57296,12588,58780,93005,43,1,1
15083,18356,15948,109,71095,69193,1838,71760,107998,83,1,1
15084,13647,12119,112,56747,55243,1897,57328,85084,67,1,1
15085,42126,26292,106,71534,68975,20851,72313,161676,123,1,1
15086,15818,8503,105,63724,62646,15808,64220,104653,46,1,1
15087,33036,23881,179,62274,59780,1970,63103,122085,115,1,1
15088,12947,12172,104,55806,54341,2120,56366,83698,65,1,1
15089,41912,31344,112,70217,67307,18369,71061,162798,144,1,1
15090,14856,5359,100,57611,56788,10477,58040,88823,32,1,1
15091,20687,21461,172,61916,59678,1805,62691,106743,105,1,1
15092,13146,11700,98,43037,41614,1973,43584,70494,64,1,1
15093,4435,211,92,36398,36190,1717,36694,43138,1,1,1
15094,42072,29362,106,70201,67403,18744,71006,161313,136,1,1
15095,13584,6963,104,59249,58287,10973,59703,91315,39,1,1
15096,17304,17035,167,60790,58811,1847,61511,97797,89,1,1
15097,16985,16591,103,45400,43543,1808,46040,81515,87,1,1
15098,4179,221,107,37260,37045,1834,37588,43913,1,1,1
15099,13444,4861,101,56950,56168,28623,57371,104391,29,1,1
15100,17024,11274,102,71496,70162,12570,72094,113058,60,1,1
15101,21592,23822,114,51398,48924,1802,52157,99466,114,1,1
15102,13356,13057,105,42130,40533,2131,42713,71348,71,1,1
15103,5386,217,107,37412,37197,1892,37724,45311,1,1,1
15104,42473,29735,107,77490,74640,13144,78322,163792,141,1,1
15105,10852,9193,101,86878,85556,1837,87440,109419,52,1,1
15106,16104,15111,112,44700,42953,2536,45347,79192,81,1,1
15107,12724,10217,106,39429,38133,1790,39952,64777,56,1,1
15108,20921,19238,110,75728,73709,2216,76408,118877,96,1,1
15109,10576,9205,105,81801,80551,1843,82358,104080,53,1,1
15110,18794,18233,135,44867,42920,1800,45549,84473,90,1,1
15111,12168,12142,101,42389,40895,1822,42951,69172,65,1,1
15112,25451,29526,111,79208,76426,1958,80038,137067,137,1,1
15113,9945,19520,172,70942,69693,1791,71524,102864,50,1,1
15114,17704,16991,143,42371,40579,1809,43046,79646,85,1,1
15115,9537,8481,100,37671,36545,1802,38169,58073,49,1,1
15116,28269,27209,120,77559,74963,1938,78365,135876,129,1,1
15117,14582,14433,181,71745,70086,2152,72430,103693,77,1,1
15118,14007,11370,139,40240,38907,1892,40824,68189,61,1,1
15119,9995,7056,101,30920,29941,1799,31382,50318,41,1,1
15120,4311,306,109,25861,25614,1829,26174,32749,2,1,1
15121,5615,3226,90,43379,42782,4819,43760,57505,21,1,1
15122,13961,8146,104,60757,59726,1775,61261,85236,45,1,1
15123,18261,19646,157,76818,74777,2399,77553,117959,98,1,1
15124,11396,8052,111,32384,31274,1993,32889,54426,47,1,1
15125,7879,2641,98,29444,28847,1800,29826,42239,19,1,1
15126,3967,215,98,24066,23853,2390,24365,31039,1,1,1
15127,24050,21821,115,75116,72924,1770,75838,123574,106,1,1
15128,12838,13157,160,74170,72603,1881,74812,102784,72,1,1
15129,10219,7463,132,30136,29094,1795,30642,50213,43,1,1
15130,7916,3990,93,30462,29765,1859,30863,44721,26,1,1
15131,4248,212,96,23835,23625,1784,24124,30449,1,1,1
15132,25502,26128,124,81253,78722,1912,82053,135692,126,1,1
15133,11114,10869,233,74993,73639,1771,75670,99518,61,1,1
15134,8977,5033,132,29191,28411,1815,29657,45577,31,1,1
15135,7446,4064,95,32571,31881,1760,32977,46339,26,1,1
15136,4401,224,110,25221,25005,1929,25535,32180,1,1,1
15137,18472,16959,101,59782,57968,1706,60416,97645,87,1,1
15138,11615,4650,96,98948,98060,9861,99376,125594,29,1,2
15139,10312,2787,172,56937,56405,4178,57397,74773,18,1,1
15140,40661,7802,141,32796,31811,1849,33316,83735,41,1,1
15141,12227,2621,100,26028,25491,4403,26406,45749,18,1,1
15142,4264,210,109,25040,24818,1750,25373,31694,1,1,1
15143,4690,210,89,17234,17011,1770,17517,24271,1,1,1
15144,3122,1340,95,43166,42775,961,43507,49015,10,1,1
15145,34252,28089,107,66190,63459,1885,67004,131325,132,1,1
15146,11105,11123,217,56878,55502,1842,57537,81701,61,1,1
15147,13172,3293,90,55072,54495,1750,55451,73757,21,1,1
15148,4280,214,105,23376,23153,1817,23695,30097,1,1,1
15149,4238,226,108,18527,18323,1861,18830,25255,1,1,1
15150,4310,207,94,21465,21270,1843,21754,28194,1,1,1
15151,25166,23911,138,82299,79801,1842,83071,134088,115,1,1
15152,7863,5220,156,51112,50305,1758,51609,66548,32,1,1
15153,16669,3156,173,55674,55093,1771,56143,77840,20,1,1
15154,3960,217,103,21440,21216,2179,21755,28205,1,1,1
15155,17293,15965,120,58845,57121,1755,59474,94589,80,1,1
15156,11310,10357,94,60255,58924,1797,60790,84338,59,1,1
15157,9455,583,192,56189,55906,1803,56613,68550,4,1,1
15158,39098,45643,133,78306,74305,1842,79387,166111,204,1,1
15159,4303,207,130,22535,22294,1786,22868,29260,1,1,1
15160,15720,14860,101,57852,56224,2867,58448,91980,78,1,1
15161,11088,23685,165,62071,60600,1916,62700,99492,64,1,1
15162,41996,30784,124,74321,71454,12938,75172,161002,143,1,1
15163,13618,7528,96,59403,58404,9861,59860,90957,43,1,1
15164,18093,15078,150,64505,62793,1848,65181,100295,79,1,1
15165,9965,9756,220,57057,55770,1811,57706,79335,56,1,1
15166,42211,29655,121,73136,70321,13356,73982,159303,138,1,1
15167,13553,6830,104,60120,59173,13049,60577,94098,40,1,1
15168,22855,23760,119,66886,64522,1744,67631,116086,113,1,1
15169,8786,9003,161,57941,56797,1896,58506,78290,50,1,1
15170,41744,37180,124,78621,75293,8464,79574,167061,169,1,1
15171,11038,6920,104,58254,57328,13079,58721,89849,39,1,1
15172,22988,27852,132,76397,73716,1813,77249,129997,130,1,1
15173,12852,10828,101,58203,56870,1804,58736,84313,60,1,1
15174,42100,31635,109,72729,69802,21687,73565,169096,145,1,1
15175,12764,6378,104,59193,58298,16008,59644,94887,37,1,1
15176,21167,21641,181,63520,61262,1906,64312,109123,107,1,1
15177,11351,11402,103,59931,58520,2312,60474,85634,64,1,1
15178,42299,28173,113,73356,70509,22005,74166,166754,133,1,1
15179,17051,9137,101,61057,59905,14814,61570,102667,51,1,1
15180,22545,24741,204,66760,64257,1841,67632,116858,120,1,1
15181,14326,13901,100,57976,56353,1830,58574,88723,75,1,1
15182,41702,33427,110,73238,70087,26715,74104,176054,153,1,1
15183,14081,9062,101,58770,57605,25007,59273,107508,49,1,1
15184,19849,17816,198,64006,62006,1876,64769,104410,90,1,1
15185,15210,16294,102,57114,55277,1858,57740,91192,86,1,1
15186,42024,27371,118,71413,68782,26989,72218,168709,129,1,1
15187,14426,19473,155,59025,57943,13821,59571,107381,46,1,1
15188,16867,16068,127,57731,55956,1802,58382,93214,82,1,1
15189,11475,9539,104,53761,52533,1768,54280,77158,54,1,1
15190,41982,34646,110,73062,69870,16465,73959,167160,159,1,1
15191,14683,6728,160,61361,60350,10929,61887,94326,40,1,1
15192,17360,18351,131,58833,56881,1845,59523,97173,91,1,1
15193,13806,13448,99,42121,40579,1822,42694,71864,71,1,1
15194,4376,212,92,35602,35383,2179,35907,42754,1,1,1
15195,42030,27011,124,70002,67388,21617,70819,161587,128,1,1
15196,14942,7617,169,59442,58416,12888,59994,95539,43,1,1
15197,20799,22806,108,60631,58246,1538,61368,106608,111,1,1
15198,15771,15955,105,42431,40651,1898,43047,76756,82,1,1
15199,42038,24514,110,69363,66964,27355,70120,164126,116,1,1
15200,10344,8782,160,69710,68455,1838,70289,91350,51,1,1
15201,21255,22246,114,46874,44572,1753,47619,92969,109,1,1
15202,14904,13770,109,43330,41692,1807,43933,74497,74,1,1
15203,4374,225,107,37472,37253,1789,37808,44293,1,1,1
15204,41732,29022,126,118163,115231,26502,119034,216397,137,1,2
15205,11805,5067,106,57582,56835,15961,58022,90948,30,1,1
15206,16784,16583,140,42033,40201,1771,42699,77934,83,1,1
15207,9164,7902,101,38342,37257,1823,38814,57790,46,1,1
15208,23508,23460,107,78900,76441,1797,79654,128518,117,1,1
15209,17251,15281,240,72769,70983,1788,73533,107953,81,1,1
15210,18004,17540,118,42524,40655,1781,43187,80639,88,1,1
15211,10254,8081,103,42302,41233,1959,42785,63162,45,1,1
15212,19537,20957,123,77770,75637,1832,78492,120918,103,1,1
15213,9615,9255,168,68539,67387,1824,69120,89910,51,1,1
15214,42282,12904,110,61654,60250,24918,62222,142432,64,1,1
15215,12289,3670,101,30724,30090,14926,31125,62105,23,1,1
15216,20170,8764,101,31572,30466,7086,32062,68177,47,1,1
15217,22612,23092,114,85481,83060,1843,86269,133910,114,1,1
15218,13337,13791,104,72397,70751,1844,73001,102071,75,1,1
15219,13461,10734,115,38982,37706,1915,39534,65737,58,1,1
15220,10703,7373,143,33815,32782,1804,34330,54315,43,1,1
15221,4279,216,108,25074,24859,1833,25409,31845,1,1,1
15222,11135,8748,97,46726,45613,4244,47222,71453,50,1,1
15223,18479,11287,162,63426,62135,1908,64027,95807,59,1,1
15224,12150,11692,102,68108,66718,1722,68666,94326,64,1,1
15225,12298,7647,130,31116,30137,1722,31618,53380,42,1,1
15226,8160,4560,102,28094,27342,1775,28528,43122,29,1,1
15227,4468,212,107,24977,24763,1853,25285,31916,1,1,1
15228,24011,25545,107,88869,86351,1836,89683,141173,123,1,1
15229,8177,6428,111,64424,63444,1702,64887,81291,39,1,1
15230,8360,1392,89,58061,57689,1723,58400,69970,10,1,1
15231,9925,5480,124,29292,28452,1781,29749,47030,33,1,1
15232,7404,4564,108,32767,32033,1817,33207,47085,28,1,1
15233,2899,211,100,23594,23380,2309,23904,29406,1,1,1
15234,21679,22761,114,89565,87182,1779,90448,136764,111,1,1
15235,13242,12988,110,54873,53367,2116,55465,83908,70,1,1
15236,15683,6161,95,57938,57072,2325,58375,82640,36,1,1
15237,11583,5875,106,30166,29294,2191,30618,50367,35,1,1
15238,7964,3887,99,29819,29133,1797,30212,43956,25,1,1
15239,27725,40738,169,80338,77591,1875,81236,151673,137,1,1
15240,9843,9279,108,54486,53290,1790,54992,76000,52,1,1
15241,12384,4186,99,55240,54554,2204,55643,74511,26,1,1
15242,9070,4495,104,31145,30416,1824,31587,47074,28,1,1
15243,4541,339,102,22206,21948,1867,22528,29369,3,1,1
15244,4081,210,110,24770,24554,1817,25103,31308,1,1,1
15245,4341,211,159,18348,18156,1744,18714,25098,1,1,1
15246,8527,5965,96,50344,49480,4538,50785,69912,36,1,1
15247,13181,10767,97,110864,109452,7171,111399,142613,59,1,2
15248,10027,220,92,54613,54414,1780,54906,67022,1,1,1
15249,4247,260,122,23081,22861,1760,23412,29775,1,1,1
15250,4458,211,128,18408,18196,1779,18735,25281,1,1,1
15251,4295,207,88,21461,21276,1797,21744,28141,1,1,1
15252,35489,21768,176,79445,77087,1782,80232,139373,108,1,1
15253,12424,11100,100,58874,57496,1789,59403,84812,61,1,1
15254,6860,230,102,54290,54083,1790,54603,63580,1,1,1
15255,4273,216,96,22996,22782,2234,23321,30139,1,1,1
15256,21065,22908,113,75778,73478,1908,76553,122529,110,1,1
15257,10329,8612,106,61273,60190,1879,61769,82685,48,1,1
15258,9619,215,127,56549,56340,1836,56882,68647,1,1,1
15259,32178,36313,200,75475,72091,1774,76505,146870,169,1,1
15260,29113,16700,168,60317,58543,1929,61018,108857,85,1,1
15261,9846,7592,184,55213,54170,1841,55770,75144,45,1,1
15262,41990,31049,119,74821,71950,13668,75681,162490,143,1,1
15263,13737,8370,103,58894,57793,10821,59387,92410,49,1,1
15264,18712,17002,175,63430,61594,1813,64154,101781,88,1,1
15265,10504,9981,103,56511,55265,1790,57035,79405,56,1,1
15266,41487,31647,114,71983,69096,12359,72848,158455,145,1,1
15267,10677,5599,103,57515,56672,13924,57951,88245,34,1,1
15268,21400,23059,144,71326,68921,1913,72151,118621,113,1,1
15269,12603,12651,101,60370,58797,1846,60936,88129,69,1,1
15270,41084,37625,106,79707,72184,7840,80651,167345,174,1,1
15271,13801,8407,107,74394,73252,10012,74949,107263,48,1,1
15272,23620,26262,140,64944,62350,1846,65763,117582,126,1,1
15273,12825,12495,104,58759,57262,1912,59323,86651,68,1,1
15274,41537,29353,109,71918,69085,19254,72744,162991,140,1,1
15275,42209,38323,167,73381,69993,9511,74382,164704,170,1,1
15276,23700,23658,109,61706,59361,1848,62453,111751,115,1,1
15277,11411,10799,102,55200,53843,1895,55730,79929,60,1,1
15278,42251,29869,110,72946,70123,36705,73782,182705,138,1,1
15279,14050,7602,140,58738,57711,14346,59271,95365,44,1,1
15280,22895,23247,134,63991,61621,1847,64768,112850,116,1,1
15281,11755,10692,96,58380,57046,1900,58914,83352,60,1,1
15282,42377,25268,111,83249,80800,27784,84063,179922,120,1,1
15283,11644,5987,120,57978,57094,15952,58454,92132,36,1,1
15284,16400,15888,116,58540,56710,1803,59175,93356,82,1,1
15285,11803,9399,94,54550,53310,7306,55057,83657,54,1,1
15286,53198,28084,180,72056,69409,21443,72924,175758,126,1,1
15287,6749,2104,102,55458,54973,12365,55826,77136,15,1,1
15288,22067,23534,136,60536,58147,1876,61300,108870,113,1,1
15289,10807,10340,102,56400,55074,1883,56927,80050,57,1,1
15290,41711,27582,167,71993,69379,27913,72836,170143,128,1,1
15291,10009,4957,100,58345,57552,14445,58768,88285,30,1,1
15292,42034,9831,119,40467,39250,28573,40992,121540,53,1,1
15293,9127,333,101,37208,36927,1908,37527,48990,3,1,1
15294,7569,2779,97,23729,23182,17311,24101,51847,19,1,1
15295,20023,8492,95,31467,30388,12906,31938,73453,47,1,1
15296,36695,10970,141,38997,37742,7641,39564,94970,56,1,1
15297,2604,216,93,35320,35121,2367,35624,40894,1,1,1
15298,41498,39044,104,71914,68420,9987,72851,163491,174,1,1
15299,11842,6414,96,59057,58130,8080,59507,85935,38,1,1
15300,19493,21066,112,46107,43965,1865,46811,89332,103,1,1
15301,12059,10116,99,90317,88838,1762,90890,114934,57,1,2
15302,42699,28745,124,72300,69478,27414,73134,172090,133,1,1
15303,12274,10392,102,71085,69761,1780,71699,96237,57,1,1
15304,18648,17134,125,45926,44046,1829,46595,84301,87,1,1
15305,11487,10072,174,44960,43638,1880,45568,69101,56,1,1
15306,4083,216,111,37429,37200,1956,37756,44106,1,1,1
15307,12233,3335,97,55900,55284,25941,56284,97886,21,1,1
15308,14333,13949,105,72709,71048,1761,73293,103421,73,1,1
15309,17705,17321,112,43413,41587,1772,44075,80981,88,1,1
15310,10899,10058,153,40148,38872,2267,40736,64059,56,1,1
15311,27745,23752,121,80449,77998,1829,81216,134642,117,1,1
15312,11653,9131,100,70027,68821,1736,70539,93147,52,1,1
15313,18425,14619,114,41613,40003,1790,42228,77159,76,1,1
15314,8896,7650,152,40744,39699,1877,41275,59799,44,1,1
15315,22761,23797,126,78953,76418,1834,79736,128227,121,1,1
15316,10968,9925,105,68337,67074,2934,68872,92783,57,1,1
15317,16023,15790,112,41257,39556,1862,41883,75657,81,1,1
15318,9768,8460,171,31609,30486,1959,32179,52461,49,1,1
15319,4625,208,91,24514,24307,2076,24808,31801,1,1,1
15320,20223,22673,121,76347,74089,1768,77089,121852,111,1,1
15321,11559,10183,102,67688,66427,2816,68210,92859,57,1,1
15322,12285,9802,126,41713,40465,1906,42266,66354,54,1,1
15323,12194,10258,172,32915,31623,1802,33520,57872,57,1,1
15324,13383,8873,114,96167,94848,1813,96687,120854,51,1,2
15325,13705,13436,104,70641,69032,1768,71230,100232,74,1,1
15326,14863,11571,113,31741,30396,1786,32297,60616,62,1,1
15327,9081,5587,100,30314,29481,1869,30747,47369,34,1,1
15328,4313,263,185,25927,25719,1984,26321,32978,1,1,1
15329,21027,20120,115,73412,71383,1823,74103,117171,99,1,1
15330,11212,10111,100,72656,71387,1760,73177,96355,57,1,1
15331,10106,5977,126,29691,28818,1757,30176,48111,35,1,1
15332,7517,3351,96,29681,29057,2105,30064,43124,22,1,1
15333,4260,206,202,25582,25360,1852,25995,32409,1,1,1
15334,24930,23437,116,80781,78432,1742,81529,131734,114,1,1
15335,8468,6117,104,71067,70171,2429,71515,88615,37,1,1
15336,8440,3314,105,30479,29871,1824,30887,44562,21,1,1
15337,4403,210,101,22462,22221,1806,22763,29269,1,1,1
15338,4768,316,98,36432,36183,1888,36814,43886,3,1,1
15339,4476,210,108,17797,17596,1886,18108,24761,1,1,1
15340,25590,27323,113,80567,77938,1857,81375,136243,129,1,1
15341,12145,9546,104,74994,73767,1884,75526,99185,56,1,1
15342,9902,3807,136,31954,31286,1814,32484,48102,24,1,1
15343,4191,296,96,34118,33852,1864,34499,40949,2,1,1
15344,4240,223,114,25148,24935,1758,25463,31848,1,1,1
15345,4382,214,92,16954,16766,1756,17242,23675,1,1,1
15346,27331,30888,89,63009,60067,2206,63830,124341,145,1,1
15347,6149,483,94,54194,53921,1945,54513,63175,4,1,1
15348,16197,16324,104,60835,59048,1744,61452,95804,84,1,1
15349,7190,336,101,55934,55666,1764,56258,65648,3,1,1
15350,4248,217,210,28173,27956,1831,28609,35000,1,1,1
15351,4405,213,106,18541,18342,1774,18847,25336,1,1,1
15352,4470,200,95,21489,21297,1818,21778,28357,1,1,1
15353,2484,839,92,39928,39598,997,40254,44669,7,1,1
15354,36904,36502,97,83419,80071,1797,84346,159633,170,1,1
15355,15304,14737,102,59459,57791,5892,60051,96078,78,1,1
15356,41432,51889,178,77543,73888,4294,78605,176331,184,1,1
15357,4631,217,121,22677,22463,1904,23017,29861,1,1,1
15358,26111,27712,112,65541,62864,1841,66366,122130,134,1,1
15359,11837,9623,97,55988,54769,1804,56501,79849,55,1,1
15360,5003,209,107,55692,55478,1844,56009,63165,1,1,1
15361,40903,43894,176,79432,75362,2336,80556,167786,202,1,1
15362,16901,13922,130,57631,56062,1881,58257,91056,74,1,1
15363,11087,9533,105,41517,40266,1846,42045,64595,55,1,1
15364,21893,12099,121,47449,45998,2291,48036,84408,65,1,1
15365,42246,43030,219,74369,71412,14012,75331,174754,146,1,1
15366,15949,8980,101,60452,59300,10133,60959,96114,51,1,1
15367,18576,17817,114,63202,61276,1880,63867,102236,91,1,1
15368,12196,10928,98,57335,55962,1878,57872,82965,61,1,1
15369,41676,30731,189,74025,71202,11547,74952,159012,142,1,1
15370,13179,8131,101,61421,60395,13098,61904,96405,45,1,1
15371,22378,21789,133,67385,65086,2045,68142,114452,109,1,1
15372,8010,6089,101,56958,56042,1892,57410,73494,37,1,1
15373,42039,28666,142,74326,71537,18818,75167,164801,135,1,1
15374,11889,3197,103,56307,55721,16300,56697,88174,21,1,1
15375,42514,12523,117,64977,63531,24453,65570,145155,66,1,1
15376,17131,5734,100,41623,40766,10328,42070,75356,34,1,1
15377,8749,1364,90,38124,37746,27664,38462,76338,10,1,1
15378,22589,11058,200,55339,54048,9770,55966,99479,56,1,1
15379,23486,12346,97,63083,61640,3157,63647,102729,65,1,1
15380,42045,30978,117,73038,70124,12058,73877,159067,141,1,1
15381,17019,9880,101,60927,59731,13419,61433,101845,54,1,1
15382,22544,23778,128,78210,75646,2298,79039,127760,117,1,1
15383,11141,9289,103,57741,56482,1648,58247,80422,52,1,1
15384,41411,29462,115,72595,69797,25242,73425,169631,136,1,1
15385,10872,4257,102,56764,56046,15190,57174,87587,27,1,1
15386,17683,16627,119,71639,69801,1852,72330,108590,84,1,1
15387,10055,8307,106,55479,54323,1966,55980,76403,48,1,1
15388,41560,29569,113,71353,68456,24197,72193,167615,139,1,1
15389,14311,7905,105,58891,57882,13767,59384,95461,43,1,1
15390,27716,17176,167,60655,58706,1882,61385,108255,87,1,1
15391,10058,8684,98,56894,55676,2013,57404,78254,51,1,1
15392,42082,33474,110,71793,68568,18182,72708,166547,157,1,1
15393,13869,5240,100,59502,58693,10767,59929,89901,32,1,1
15394,18123,17329,169,60312,58422,1895,61023,98473,87,1,1
15395,7800,5820,97,51688,50797,1825,52133,67673,36,1,1
15396,42200,19473,109,68144,66090,25685,68822,156285,97,1,1
15397,15138,8780,111,61914,60774,13321,62443,99792,49,1,1
15398,15761,15644,198,58559,56739,1973,59278,92760,82,1,1
15399,16436,18355,98,43290,41316,1999,43936,80821,92,1,1
15400,4640,211,109,38948,38730,2115,39266,46343,1,1,1
15401,42304,26795,109,69257,66709,28657,70021,167885,122,1,1
15402,13965,4773,102,68082,67353,13399,68556,100789,29,1,1
15403,20200,20505,142,45749,43621,1819,46482,89110,101,1,1
15404,13022,11874,93,40679,39246,1867,41233,68090,66,1,1
15405,4206,211,91,35842,35633,1806,36214,42523,1,1,1
15406,42200,29601,105,70406,67548,25690,71231,168861,140,1,1
15407,12869,11830,102,82637,81210,1872,83238,109906,64,1,1
15408,21630,22856,120,47075,44761,1788,47827,94196,112,1,1
15409,13619,12346,101,43824,42394,1870,44381,72311,66,1,1
15410,20926,20019,107,79604,77448,1868,80298,123276,101,1,1
15411,14141,14799,183,86593,84887,1972,87333,118339,78,1,1
15412,18995,16816,124,55275,53453,1850,55954,93716,87,1,1
15413,10794,9139,104,39883,38701,1886,40405,62316,53,1,1
15414,25446,24126,117,78462,76010,1877,79244,130797,118,1,1
15415,29116,20127,175,77576,75492,2222,78336,129913,95,1,1
15416,17072,14865,125,42743,41116,1923,43366,77324,76,1,1
15417,10447,8815,97,40374,39229,1853,40874,62084,51,1,1
15418,22195,19264,122,77475,75491,1874,78160,121594,95,1,1
15419,11267,10767,166,70439,69128,1824,71047,95018,59,1,1
15420,16721,14871,125,40883,39290,1888,41506,75081,75,1,1
15421,11629,9374,99,30118,28934,1902,30617,53616,53,1,1
15422,2327,206,90,24769,24526,2519,25070,30212,1,1,1
15423,22933,20860,116,74599,72512,2152,75304,121352,102,1,1
15424,14520,15598,171,71375,69651,3091,72070,105375,82,1,1
15425,15290,14367,110,41048,39443,1787,41658,73196,75,1,1
15426,11069,7448,96,29755,28762,1950,30222,50784,42,1,1
15427,23831,25475,118,77132,74581,1849,77916,129170,122,1,1
15428,11493,22078,170,74697,73345,1783,75306,110756,59,1,1
15429,12505,8297,118,35050,33973,1829,35571,58296,47,1,1
15430,9582,6037,103,29319,28434,1879,29768,47361,36,1,1
15431,4157,198,109,25571,25356,1929,25887,32280,1,1,1
15432,6764,4191,95,45736,45025,7534,46147,64731,27,1,1
15433,9613,5665,122,59634,58806,2022,60108,77504,33,1,1
15434,14549,14750,233,78280,76564,1797,79024,110214,79,1,1
15435,10529,7173,109,30197,29217,1930,30681,50407,41,1,1
15436,7854,5155,91,32579,31801,2356,32996,48454,31,1,1
15437,4338,202,111,25104,24887,1722,25428,31803,1,1,1
15438,24239,24145,114,80614,78172,2036,81371,131893,117,1,1
15439,11668,11518,158,73743,72347,1788,74353,99422,64,1,1
15440,10941,4127,129,30651,29964,2389,31104,48657,26,1,1
15441,4144,200,100,22371,22160,1796,22673,28909,1,1,1
15442,4616,485,91,40407,40002,1841,40726,47762,4,1,2
15443,21683,24486,133,79505,77077,1985,80290,128544,119,1,1
15444,10777,10294,206,75379,74090,1774,76018,98958,58,1,1
15445,10037,3901,104,30963,30287,1720,31379,47131,25,1,1
15446,4273,323,98,23953,23691,1772,24276,30745,3,1,1
15447,24047,25696,104,82260,79741,1726,83037,134600,124,1,1
15448,23377,12428,173,60605,59151,1724,61233,98867,65,1,1
15449,14083,2105,96,55792,55343,1750,56161,74191,14,1,1
15450,9560,201,110,22597,22376,1752,22903,34525,1,1,1
15451,4093,209,94,17961,17761,1676,18254,24331,1,1,1
15452,11601,1620,92,22612,22200,1700,22963,37975,12,1,1
15453,15899,16196,101,59429,57658,3734,60041,95962,83,1,1
15454,12113,12022,116,60392,58940,6193,60969,91393,66,1,1
15455,9467,1177,160,56613,56210,1884,57021,69645,9,1,1
15456,41030,44194,117,79820,75829,4547,80864,170732,196,1,1
15457,4699,204,112,22711,22497,1759,23029,29796,1,1,1
15458,21400,21464,135,63498,61291,1805,64236,109006,107,1,1
15459,10451,9995,105,69712,68440,1750,70298,92590,56,1,1
15460,6837,212,113,55877,55662,1701,56209,65066,1,1,1
15461,14596,14225,97,69095,67498,4633,69685,103231,74,1,1
15462,19545,16128,136,59194,57456,1747,59863,97382,82,1,1
15463,9866,8825,104,54287,53112,1736,54797,75318,52,1,1
15464,41839,34601,148,75779,72620,11637,76737,164912,158,1,1
15465,13334,8869,102,59624,58534,10886,60121,93305,48,1,1
15466,18592,15770,109,58657,56976,1725,59285,95467,80,1,1
15467,8412,7167,103,64023,63021,1755,64559,81990,42,1,1
15468,41825,34457,128,76031,72933,12062,76934,165443,155,1,1
15469,13931,9105,98,59349,58209,11697,59850,94679,50,1,1
15470,29319,25241,154,70507,67967,1651,71322,127669,121,1,1
15471,10781,10354,213,62341,60973,1858,62987,86077,58,1,1
15472,41928,29973,119,74248,71459,22740,75085,169824,138,1,1
15473,14065,7859,104,59160,58136,16611,59628,98257,43,1,1
15474,20322,20520,142,61899,59705,1947,62639,105522,102,1,1
15475,15427,16094,163,59504,57669,1749,60196,93563,84,1,1
15476,41678,30151,124,73029,70187,23155,73879,168969,141,1,1
15477,10121,5202,99,58329,57560,14794,58744,88964,30,1,1
15478,24051,26437,112,74270,71649,1729,75087,127402,125,1,1
15479,14931,14943,99,57049,55367,1734,57655,89359,78,1,1
15480,42014,29679,122,73503,70699,25447,74351,171659,138,1,1
15481,14004,8155,100,58907,57880,15137,59395,96787,45,1,1
15482,16955,16863,176,60400,58435,1798,61114,96828,86,1,1
15483,10961,11214,101,59650,58270,1717,60193,84176,62,1,1
15484,41978,29129,118,73147,70380,23515,73960,168683,135,1,1
15485,14262,8310,112,61769,60705,11981,62273,96923,46,1,1
15486,21939,22416,192,62332,60019,1826,63145,109422,110,1,1
15487,14699,14324,102,56055,54421,1754,56650,87523,75,1,1
15488,42634,23963,107,69092,66757,28751,69821,165274,110,1,1
15489,10188,2751,100,57178,56611,14408,57553,84992,18,1,1
15490,22207,22098,136,60738,58426,1877,61493,107770,109,1,1
15491,13151,13563,100,54936,53394,1713,55513,84035,71,1,1
15492,41920,30878,110,70775,67878,25156,71614,169680,142,1,1
15493,14519,8066,109,59013,58001,22433,59507,104618,44,1,1
15494,14632,12853,159,55716,54250,1807,56352,85751,68,1,1
15495,13290,11549,98,41550,40173,1770,42092,68803,63,1,1
15496,4107,220,106,37556,37339,1744,37885,44047,1,1,1
15497,42073,29845,106,69158,66375,28378,69973,170376,136,1,1
15498,22512,2905,153,56980,56416,14700,57443,97658,19,1,1
15499,18600,19179,114,46350,44280,1778,47032,86684,94,1,1
15500,10577,9726,100,40687,39428,1787,41194,63377,55,1,1
15501,2130,214,90,36245,36031,2475,36545,41453,1,1,1
15502,41915,30073,108,77120,74251,22119,77931,172154,138,1,1
15503,12523,23259,200,71447,69897,1775,72410,110073,66,1,1
15504,15006,14622,113,44087,42417,1742,44706,76171,76,1,1
15505,10397,9521,96,39990,38707,1737,40493,62241,54,1,1
15506,24748,22926,109,77995,75615,1923,78739,128434,113,1,1
15507,26470,13442,211,71443,69896,1399,72145,113553,72,1,1
15508,16892,16649,110,46539,44707,2087,47188,82911,87,1,1
15509,11337,11060,107,41529,40148,1729,42084,66305,63,1,1
15510,24365,21737,120,76712,74463,1788,77446,125429,108,1,1
15511,11697,10686,150,70624,69301,1698,71230,95407,60,1,1
15512,14960,12403,140,41918,40475,1752,42530,71740,66,1,1
15513,10569,9079,97,39885,38720,1728,40386,61854,52,1,1
15514,24980,23161,119,75123,72752,1824,75880,125945,114,1,1
15515,11195,9696,159,70405,69060,1749,70999,93741,56,1,1
15516,13914,11518,109,39089,37752,1721,39643,66892,61,1,1
15517,11212,7801,103,31741,30707,1722,32218,53048,45,1,1
15518,4694,212,109,25227,25012,1715,25539,32255,1,1,1
15519,20005,22143,113,80605,78335,1703,81330,125289,108,1,1
15520,13757,12155,178,73253,71674,1773,73896,101681,67,1,1
15521,42452,16395,118,58626,56860,21311,59261,139546,82,1,1
15522,14804,6311,109,54731,53673,3324,55189,79721,37,1,2
15523,22505,24811,112,77910,75377,2250,78684,128348,121,1,1
15524,11921,10871,152,75883,74493,1703,76475,101067,61,1,1
15525,13870,9682,131,32681,31425,1729,33229,58604,55,1,1
15526,8007,4523,100,27641,26900,1735,28060,42418,28,1,1
15527,4355,223,110,25421,25206,2235,25744,32654,1,1,1
15528,17961,20420,93,71885,69774,2844,72573,113892,102,1,1
15529,13604,13660,201,73713,72152,2837,74404,104601,72,1,1
15530,9120,5541,108,32387,31565,1754,32842,49352,33,1,1
15531,7669,4629,105,30807,30066,2518,31230,46141,29,1,1
15532,4135,215,107,24912,24697,1706,25222,31375,1,1,1
15533,5843,2906,96,47449,46876,6110,47834,62786,20,1,1
15534,11736,7578,97,56880,55892,1698,57344,78448,42,1,1
15535,13693,12791,211,52474,51015,6684,53156,86422,67,1,1
15536,7121,4473,96,56313,55570,1721,56730,70138,29,1,1
15537,8956,2733,130,30171,29612,1726,30593,44103,19,1,1
15538,4122,331,95,21758,21482,1735,22067,28350,3,1,1
15539,1379,216,97,23473,23267,1428,23775,26886,1,1,1
15540,7467,486,98,17656,17277,1717,17982,27748,4,1,2
15541,24727,24809,112,65121,62681,1715,65881,117237,117,1,1
15542,15910,12590,99,124201,122555,8460,124816,161878,66,1,2
15543,9455,2828,112,56276,55717,4060,56676,73112,19,1,1
15544,4372,302,105,23304,23052,1726,23636,30133,2,1,1
15545,4359,213,100,17260,17053,1703,17568,23933,1,1,1
15546,4324,197,86,20775,20586,1713,21070,27407,1,1,1
15547,25477,25805,114,85470,82853,1757,86258,139395,124,1,1
15548,9971,7188,207,53436,52420,2061,54032,73349,43,1,1
15549,6154,338,181,55256,54942,1772,55666,64030,3,1,1
15550,4076,210,105,22914,22698,1707,23221,29310,1,1,1
15551,4243,215,107,19530,19317,1690,19840,26086,1,1,1
15552,6372,2326,87,79781,79143,1741,80142,90674,17,1,2
15553,12788,12872,104,58458,56917,1693,59031,86478,70,1,1
15554,5714,795,147,55367,55034,2195,55761,64561,7,1,1
15555,35123,43040,136,77911,74165,1715,78949,158942,190,1,1
15556,4260,248,125,23212,22997,1768,23540,29913,1,1,1
15557,24036,24904,121,64303,61814,1721,65083,115840,122,1,1
15558,10130,20871,167,63311,62030,2320,63899,97317,56,1,1
15559,41902,32115,118,75818,72888,9791,76684,160590,146,1,1
15560,11584,6495,100,57676,56774,10949,58125,87446,36,1,1
15561,19792,19136,145,62340,60273,1931,63072,104030,97,1,1
15562,12902,11984,178,61872,60317,2132,62512,89627,65,1,1
15563,41848,33532,115,76085,73015,12964,76975,165416,153,1,1
15564,12510,8352,103,59318,58243,10548,59814,91317,47,1,1
15565,18930,19758,137,61420,59373,1728,62127,102642,98,1,1
15566,7666,6102,160,56295,55384,2291,56824,72981,37,1,1
15567,41643,40778,113,76327,72839,6643,77288,166460,178,1,1
15568,11285,7953,103,59740,58695,10948,60238,90519,46,1,1
15569,22159,23210,135,75601,73196,1957,76396,123821,111,1,1
15570,11897,11655,105,59225,57771,2536,59790,85970,65,1,1
15571,42215,33060,119,73719,70741,19662,74591,169658,150,1,1
15572,11053,7336,105,59906,58899,16980,60375,95835,41,1,1
15573,21021,34476,180,65007,62560,1857,65825,123274,111,1,1
15574,14582,14874,99,58034,56292,2282,58636,90467,78,1,1
15575,42406,26160,121,70813,68304,28083,71599,168352,124,1,1
15576,10539,2447,107,57211,56663,15679,57613,86374,17,1,1
15577,20863,21267,152,61507,59234,1922,62265,106410,104,1,1
15578,14159,13445,106,55893,54274,2735,56480,86914,70,1,1
15579,42227,27000,115,71870,69212,22078,72664,164083,128,1,1
15580,14552,8142,102,57508,56490,15197,57989,95973,44,1,1
15581,18137,19419,148,62410,60381,1857,63130,102641,95,1,1
15582,11072,10304,104,54566,53235,2374,55106,78951,58,1,1
15583,42552,28096,106,71716,69063,21332,72514,164605,131,1,1
15584,14333,9757,107,59320,58176,11698,59826,95708,51,1,1
15585,17892,16846,169,59433,57569,1810,60129,96775,83,1,1
15586,10598,10162,98,57259,55931,2377,57786,81017,57,1,1
15587,41685,29964,116,73618,70808,24569,74445,170768,136,1,1
15588,13812,6587,145,71685,70721,12491,72224,105210,37,1,1
15589,14941,11494,122,58822,57379,1848,59395,87775,62,1,1
15590,8937,6754,101,51880,50866,2286,52344,70415,40,1,1
15591,42399,28103,111,78775,76095,21229,79573,171439,130,1,1
15592,13699,7787,104,73107,72066,12239,73640,107459,44,1,1
15593,16623,16709,117,57029,55123,1832,57683,92942,85,1,1
15594,12019,11822,95,46514,45055,3294,47062,74289,65,1,1
15595,4158,208,108,37436,37226,1793,37775,44027,1,1,1
15596,8573,3186,95,58246,57595,10308,58630,80790,21,1,1
15597,16088,13181,104,75836,74252,4802,76455,110623,70,1,1
15598,42708,19878,139,43273,41265,23699,43976,130361,95,1,1
15599,12344,3296,99,33684,33092,16519,34065,66338,21,1,1
15600,22263,6518,93,40116,39214,9888,40547,79308,36,1,1
15601,4583,216,104,36686,36470,1739,36996,43632,1,1,1
15602,41517,35308,105,71406,68164,12728,72309,161961,158,1,1
15603,9758,8156,219,69632,68549,1792,70246,90048,46,1,1
15604,20786,20163,134,44442,42352,1818,45174,88039,101,1,1
15605,14685,12614,97,39340,37852,1761,39901,69056,67,1,1
15606,23775,24295,109,79395,76862,2232,80164,130570,120,1,1
15607,15947,15531,221,73234,71465,1743,73982,107301,82,1,1
15608,20962,20788,114,43347,41248,1804,44046,87727,101,1,1
15609,13192,12370,100,38326,36889,1787,38891,66332,67,1,1
15610,30713,25218,150,79059,76514,2293,79879,138365,121,1,1
15611,8918,6827,159,71490,70493,1746,72020,89605,41,1,1
15612,17609,15765,115,41531,39826,1800,42156,77423,79,1,1
15613,10656,8622,105,38834,37729,2018,39335,60727,48,1,1
15614,21454,21149,121,78675,76445,2362,79404,124468,106,1,1
15615,10306,9064,167,70368,69171,1738,70951,92155,52,1,1
15616,11374,8866,124,38584,37437,1854,39116,61305,50,1,1
15617,12627,11232,101,30932,29623,1809,31464,57226,60,1,1
15618,4288,214,108,25537,25318,2413,25854,32864,1,1,1
15619,19037,18790,115,76764,74810,1719,77444,117090,95,1,1
15620,12775,12002,168,70822,69385,1790,71462,98125,67,1,1
15621,13538,10700,133,32284,30989,1782,32857,58972,59,1,1
15622,8059,5414,102,27690,26854,2273,28126,43965,34,1,1
15623,4360,208,97,24072,23861,1720,24371,30750,1,1,1
15624,24385,25963,112,76505,74018,1741,77282,129481,123,1,1
15625,12546,11585,218,73019,71547,2536,73702,100469,65,1,1
15626,13651,9800,104,31385,30143,2402,31911,57858,54,1,1
15627,8761,6039,98,29624,28736,1739,30069,46699,36,1,1
15628,25947,23871,136,87161,84837,1732,87925,139577,112,1,1
15629,9182,8397,194,57291,56092,1714,57891,77280,49,1,1
15630,4888,2010,88,55538,55039,8558,55896,71443,14,1,1
15631,11353,6423,113,30409,29499,1732,30872,50475,37,1,1
15632,7800,4573,100,32242,31504,1796,32655,46918,29,1,1
15633,4284,221,107,25283,25064,1765,25586,32020,1,1,1
15634,17448,17805,98,57084,55219,3775,57721,96840,89,1,1
15635,15317,5414,97,67853,67041,4230,68342,93400,33,1,1
15636,14884,16087,108,74177,72458,1815,74808,107689,82,1,1
15637,9038,4951,113,31279,30493,1786,31714,47584,30,1,1
15638,4308,339,100,21990,21713,2186,22295,29221,3,1,1
15639,4712,208,106,25100,24881,2003,25424,32445,1,1,1
15640,4340,209,97,16995,16794,1776,17284,23699,1,1,1
15641,26139,28811,109,81926,79248,1789,82738,139573,134,1,1
15642,10143,8734,195,56233,55078,2196,56840,78009,51,1,1
15643,9219,2362,99,55711,55224,3768,56088,71531,16,1,1
15644,4185,223,105,22411,22199,1791,22730,29019,1,1,1
15645,4377,207,98,17533,17335,1704,17825,24201,1,1,1
15646,4308,197,95,20583,20392,2161,20877,27642,1,1,1
15647,24786,23496,123,61949,59599,1723,62711,112819,116,1,1
15648,31263,21689,176,113028,110738,1787,113803,168641,103,1,2
15649,12675,2052,133,54767,54301,1730,55172,71728,14,1,1
15650,3920,214,102,22523,22311,2058,22830,29111,1,1,1
15651,22146,21829,119,70309,68064,1782,71040,116902,107,1,1
15652,29440,19712,182,66307,64166,1736,67081,118067,100,1,1
15653,4544,261,106,55986,55778,1727,56299,62967,1,1,1
15654,41230,46065,117,79386,75315,3956,80458,171804,204,1,1
15655,4133,208,128,23467,23251,1752,23813,30001,1,1,1
15656,6573,3904,100,50454,49781,5085,50857,66512,25,1,1
15657,10675,10689,185,60752,59442,1742,61374,84576,58,1,1
15658,41897,28980,117,72861,70206,12077,73675,156732,133,1,1
15659,11145,4842,104,57979,57201,10641,58409,85131,31,1,1
15660,18193,16874,116,63092,61305,1787,63741,100692,86,1,1
15661,10391,9975,146,58956,57678,1770,59535,81767,57,1,1
15662,41279,25170,118,70585,68148,11570,71365,149486,120,1,1
15663,13693,7520,104,61386,60387,9156,61850,92313,42,1,1
15664,19781,19521,137,74604,72508,1816,75353,116568,96,1,1
15665,8600,7788,100,60467,59370,1761,60958,79200,45,1,1
15666,41684,37851,122,77949,74551,8692,78904,167235,169,1,1
15667,12207,5157,103,63445,62686,15777,63862,97314,30,1,1
15668,21010,29992,162,66600,64419,2064,67371,120564,97,1,1
15669,12955,12625,98,58350,56821,1764,58908,86348,68,1,1
15670,41131,33957,122,74733,71627,15190,75637,166055,157,1,1
15671,13027,8151,102,59278,58241,11584,59773,92629,46,1,1
15672,20504,18760,170,64268,62286,1931,64998,106287,93,1,1
15673,11752,11297,102,58633,57304,1750,59167,84064,60,1,1
15674,41449,31272,107,73040,70151,15100,73888,161811,143,1,1
15675,13667,8701,101,59369,58278,14222,59856,96542,47,1,1
15676,42921,13108,174,63260,61778,28645,63908,148676,67,1,1
15677,20622,7575,99,42987,41964,8277,43456,80025,43,1,1
15678,9464,1083,97,32508,32160,16411,32857,59915,8,1,1
15679,27066,13842,96,47753,46214,10025,48327,99353,71,1,1
15680,14508,6300,93,38813,37896,1749,39255,61909,37,1,1
15681,41911,33873,106,73459,70351,14842,74355,165112,155,1,1
15682,13983,10689,209,64151,62825,8987,64805,98561,58,1,1
15683,15587,16328,115,59967,58115,1797,60603,94414,84,1,1
15684,12257,12413,103,56205,54659,1760,56771,83294,68,1,1
15685,41826,32455,123,87176,84148,23863,88106,186355,149,1,1
15686,10972,6563,107,57789,56877,13825,58259,89715,37,1,1
15687,15297,14992,138,62532,60709,1758,63185,95329,79,1,1
15688,8905,6980,100,52105,51061,1740,52592,70308,42,1,1
15689,42690,24835,106,81165,78727,25929,81949,175514,117,1,1
15690,11569,4959,111,58238,57462,15166,58679,90467,31,1,1
15691,17924,18599,132,57224,55184,1780,57911,96310,93,1,1
15692,10532,8709,97,40047,38886,1720,40542,61596,49,1,1
15693,4674,211,91,35755,35511,1756,36056,42786,1,1,1
15694,52118,29509,177,70208,67400,27969,71112,180807,139,1,1
15695,11240,5233,100,58860,58079,14475,59287,90330,32,1,1
15696,11234,9123,117,54572,53325,1835,55096,77386,50,1,1
15697,12334,11744,98,41308,39944,1741,41852,67764,63,1,1
15698,41409,32353,113,118073,115004,4563,118984,197413,147,1,2
15699,8239,5993,99,60755,59889,6636,61205,82169,36,1,1
15700,18786,19796,111,45947,43838,1825,46621,87128,97,1,1
15701,14488,13955,106,41559,39954,2424,42155,73114,74,1,1
15702,4509,210,114,37701,37484,1745,38041,44641,1,1,1
15703,56790,30489,5334,72875,70040,19298,78935,185610,139,1,1
15704,12050,10921,109,69081,67695,1795,69639,94503,60,1,1
15705,19323,19363,119,43455,41415,2317,44149,85248,97,1,1
15706,11411,10304,108,38403,37059,1759,38928,62497,58,1,1
15707,28935,37186,168,80326,77696,1930,81183,149331,125,1,1
15708,11077,9140,102,68859,67639,1708,69373,91395,53,1,1
15709,13245,10929,117,40103,38753,2271,40672,67216,61,1,1
15710,10508,9273,100,41452,40239,1750,41957,63584,52,1,1
15711,22464,31551,238,76833,74619,1751,77701,133566,106,1,1
15712,11415,9361,104,69786,68589,2136,70314,93320,53,1,1
15713,17542,17878,113,42661,40780,2467,43334,81314,89,1,1
15714,11554,10609,102,40473,39156,1766,40999,65020,58,1,1
15715,31752,19057,221,75800,73783,1763,76598,129266,95,1,1
15716,14010,11493,96,69880,68483,1690,70430,97717,64,1,1
15717,15793,12997,110,39982,38489,2262,40568,71712,68,1,1
15718,11020,7612,105,30983,29947,1721,31463,51911,43,1,1
15719,4080,216,108,25390,25167,1724,25717,31828,1,1,1
15720,5656,3784,157,45403,44784,6141,45872,61548,23,1,1
15721,17951,8893,93,60316,59193,2250,60813,90000,48,1,1
15722,16832,17413,100,71366,69471,1717,72023,108082,90,1,1
15723,15303,11898,137,32115,30679,1735,32714,61748,64,1,1
15724,8795,6030,101,27406,26432,1712,27868,44500,36,1,1
15725,1969,216,90,23808,23598,3478,24108,29861,1,1,1
15726,21031,20041,155,76271,74184,1739,77022,119934,99,1,1
15727,11977,12770,98,73055,71552,1858,73626,100326,68,1,1
15728,10813,7519,127,30318,29297,1716,30823,50966,43,1,1
15729,7930,3789,99,29388,28722,2219,29789,43821,25,1,1
15730,4571,583,99,24272,23975,1700,24601,31547,5,1,1
15731,25574,31973,168,78111,75962,1721,78890,138253,104,1,1
15732,8598,5286,136,53268,52451,1796,53734,69508,33,1,1
15733,4815,212,105,53474,53268,2646,53790,61554,1,1,1
15734,11240,8083,132,30041,29002,1729,30549,51698,45,1,1
15735,7818,4191,95,29248,28510,1730,29665,43498,28,1,1
15736,4470,224,106,36047,35671,1740,36393,42920,1,1,1
15737,21807,22173,102,58972,56770,2765,59688,106524,107,1,1
15738,16048,5819,94,97550,96635,2625,97981,122567,32,1,2
15739,14878,13106,108,74035,72556,1693,74619,104390,68,1,1
15740,9969,4157,118,31766,31075,1753,32230,48203,26,1,1
15741,4472,325,97,24760,24502,1727,25076,31684,3,1,1
15742,4094,208,108,35779,35553,1724,36187,42310,1,1,1
15743,4373,204,106,17661,17451,1766,17964,24399,1,1,1
15744,5124,3141,95,48055,47452,6321,48441,63119,21,1,1
15745,13240,3015,97,56173,55588,1700,56554,74605,19,1,1
15746,12863,12963,109,92268,90720,1856,92844,120632,67,1,1
15747,4462,265,134,24316,24094,1766,24680,31265,1,1,1
15748,4452,391,130,39933,39509,2711,40290,58706,3,1,2
15749,22236,23020,189,82807,80456,1756,83619,130726,111,1,1
15750,9819,9839,141,58814,57559,2252,59382,81389,54,1,1
15751,11157,1004,412,57765,57406,1864,58443,72566,7,1,1
15752,1372,211,101,22572,22365,3276,22879,27833,1,1,1
15753,21858,33161,160,62971,60698,1994,63751,120865,107,1,1
15754,11648,11210,95,64163,62754,2236,64709,89896,61,1,1
15755,11238,1146,113,57241,56865,2153,57606,72238,8,1,1
15756,31542,41194,116,78585,74820,2225,79660,154717,189,1,1
15757,13694,1850,166,36979,36529,11429,37421,64490,13,1,1
15758,21000,15290,105,63707,62073,6496,64305,107184,76,1,1
15759,9884,4636,92,39909,39150,10328,40313,65258,29,1,1
15760,20980,15226,99,64415,62628,6859,65017,108165,78,1,1
15761,42034,29029,139,78735,76027,16109,79565,166851,130,1,1
15762,16020,7009,103,73989,72999,10884,74519,108532,41,1,1
15763,18401,16575,121,62094,60298,1749,62748,99576,84,1,1
15764,10871,9218,99,55331,54152,2343,55846,78369,52,1,1
15765,41922,33698,143,74108,71038,13188,75023,163922,152,1,1
15766,23415,6719,163,59936,59031,14442,60483,105157,38,1,1
15767,22141,23527,113,63624,61277,1819,64363,111944,112,1,1
15768,10142,8372,101,55590,54462,2234,56095,76928,50,1,1
15769,42072,33810,118,73215,70076,11444,74108,161532,154,1,1
15770,13413,9782,171,61744,60485,13959,62337,99589,54,1,1
15771,19693,21132,136,66333,64144,1785,67076,109781,105,1,1
15772,15681,15810,106,59216,57480,2514,59833,93923,83,1,1
15773,41854,31392,112,83983,81051,19194,84877,177422,145,1,1
15774,18701,6670,113,60117,59161,14340,60594,100396,39,1,1
15775,17998,16551,135,59851,57980,1817,60517,96974,85,1,1
15776,10572,9371,102,56538,55309,2353,57044,79425,54,1,1
15777,42302,26675,123,82200,79604,17600,83035,169721,127,1,1
15778,15345,6600,115,58520,57566,13975,58997,95008,39,1,1
15779,20707,19294,113,61063,59030,1834,61738,103667,96,1,1
15780,10227,9321,94,55262,54003,2162,55768,77571,54,1,1
15781,52785,28018,178,70913,68273,28566,71790,181261,130,1,1
15782,14064,6174,103,57277,56442,13281,57710,91314,33,1,1
15783,15890,15760,130,58944,57156,1784,59597,93125,82,1,1
15784,11696,11121,100,55301,53939,2282,55852,81036,61,1,1
15785,36159,24002,154,70287,67900,16722,71096,148076,115,1,1
15786,15072,9689,101,60966,59743,9710,61496,96057,54,1,1
15787,13573,12943,137,56456,54919,1759,57059,85430,69,1,1
15788,9095,7218,96,54650,53640,2234,55108,73741,43,1,1
15789,42648,23804,173,70222,67924,27191,71021,164761,112,1,1
15790,8813,2097,107,55611,55108,13949,55989,80941,15,1,1
15791,15042,15572,132,58015,56184,1879,58678,91270,82,1,1
15792,14035,14422,110,46704,44958,2528,47326,78399,76,1,1
15793,2750,209,93,36346,36120,2320,36647,42009,1,1,1
15794,42254,34469,218,74394,71251,9621,75411,161854,154,1,1
15795,13999,7080,103,59370,58403,8323,59828,89320,39,1,1
15796,20429,21860,147,59727,57444,2245,60478,105105,106,1,1
15797,14681,12247,102,41690,40215,2404,42250,71665,66,1,1
15798,42115,36800,174,110646,107162,9654,111630,200294,164,1,2
15799,17904,10263,100,60859,59613,7510,61377,97146,56,1,1
15800,21907,24202,142,47135,44654,1780,47942,95927,118,1,1
15801,13085,11587,103,39177,37774,1772,39731,66268,64,1,1
15802,4251,208,192,36678,36468,1743,37092,43390,1,1,1
15803,41527,30538,137,69396,66550,26447,70266,168875,140,1,1
15804,12426,11940,106,71318,69880,1694,71887,98041,64,1,1
15805,16064,13729,142,41771,40237,1733,42401,74024,72,1,1
15806,11005,9227,104,37421,36238,1751,37933,60008,52,1,1
15807,21132,19949,153,76662,74526,1725,77404,120310,100,1,1
15808,11991,11445,105,73634,72221,1718,74197,99443,65,1,1
15809,23263,18154,155,43749,41898,1738,44461,87720,87,1,1
15810,12305,9909,102,38794,37568,1759,39297,63356,54,1,1
15811,24126,24423,151,77508,75074,1727,78313,128683,119,1,1
15812,11101,10090,100,68285,67027,2946,68804,93033,57,1,1
15813,18625,16147,141,41502,39751,1723,42161,78751,83,1,1
15814,11219,8683,97,55211,54073,1839,55746,77584,49,1,1
15815,20991,21184,120,77047,74890,1727,77772,121770,105,1,1
15816,12699,11773,108,69639,68241,1694,70207,96463,65,1,1
15817,15081,13325,115,40285,38789,1705,40882,71090,70,1,1
15818,9638,6635,99,29390,28418,1704,29840,47903,40,1,1
15819,4148,218,172,26249,26035,1718,26640,32820,1,1,1
15820,14974,14132,98,72070,70459,3865,72663,105725,74,1,1
15821,15524,13415,102,72096,70572,1704,72683,103417,72,1,1
15822,14380,9820,137,31394,30182,1749,31954,57997,54,1,1
15823,8191,5509,104,29825,28996,1734,30255,45782,33,1,1
15824,4131,211,130,38908,38661,1779,39293,45506,1,1,1
15825,24765,26541,126,77408,74829,1682,78217,131303,126,1,1
15826,10694,9057,104,71382,70103,1810,71895,93549,52,1,1
15827,42745,12047,121,54508,53170,11560,55078,121527,61,1,1
15828,11164,4404,104,42687,41958,6877,43157,65699,27,1,1
15829,4439,208,111,24499,24294,1738,24820,31287,1,1,1
15830,21287,22589,132,79317,76982,1760,80064,125795,109,1,1
15831,10882,9254,98,71941,70702,1737,72454,94418,53,1,1
15832,10537,5241,130,32688,31874,1709,33154,50736,31,1,1
15833,7170,15080,162,30839,30103,1448,31332,55120,27,1,1
15834,21305,22499,144,80137,77870,1747,80901,126549,108,1,1
15835,10444,8626,98,58044,56899,1685,58542,79382,51,1,1
15836,4415,211,121,54204,54000,1700,54535,60952,1,1,1
15837,9312,3530,110,32231,31599,1680,32653,47268,22,1,1
15838,4534,208,154,22878,22632,1771,23241,29835,1,1,1
15839,4384,211,130,24875,24664,1685,25213,31583,1,1,1
15840,4363,213,94,17819,17629,1710,18106,24475,1,1,1
15841,15014,15931,99,56577,54862,3622,57184,91843,80,1,1
15842,11650,4833,94,104916,104049,1755,105330,123662,29,1,2
15843,5324,207,91,53727,53522,3276,54016,62907,1,1,1
15844,4139,215,124,22739,22528,1753,23074,29272,1,1,1
15845,4989,204,200,19725,19510,1729,20136,27152,1,1,1
15846,4400,210,95,21716,21510,1712,22010,28415,1,1,1
15847,23270,24107,137,83477,80961,2275,84258,134005,116,1,1
15848,10951,9791,100,59692,58434,1738,60219,82785,56,1,1
15849,10433,1240,122,63315,58976,1817,63692,77287,9,1,1
15850,3429,211,104,35319,35100,2339,35688,41762,1,1,1
15851,18030,15331,133,61044,59330,2419,61689,97566,79,1,1
15852,12919,12845,100,60980,59474,2088,61543,89482,69,1,1
15853,4792,214,129,54557,54337,1972,54914,61985,1,1,1
15854,39555,46479,113,78207,74080,1778,79288,167194,208,1,1
15855,16323,15352,147,44805,43151,2343,45460,79583,77,1,1
15856,16932,15490,106,47976,46298,1742,48594,82850,80,1,1
15857,9558,8578,93,54253,53140,1774,54743,74744,49,1,1
15858,41769,36269,119,74678,71411,12672,75614,166421,164,1,1
15859,15147,20332,169,60390,59188,10994,60980,107552,54,1,1
15860,18148,18017,137,61976,60050,1777,62662,100698,92,1,1
15861,9074,6921,95,54012,53047,1745,54477,72301,41,1,1
15862,42088,31224,112,72073,69174,12820,72931,159173,143,1,1
15863,14320,6484,161,59883,58921,12776,60412,94091,37,1,1
15864,24695,28030,136,66733,63968,1723,67577,122120,133,1,1
15865,12301,10564,95,62560,61212,1734,63092,87775,60,1,1
15866,41334,34147,126,75228,72128,10705,76146,162434,155,1,1
15867,15038,10408,176,61720,60462,14380,62337,102262,55,1,1
15868,20588,22113,116,65993,63682,1727,66743,111265,108,1,1
15869,13206,13732,103,59744,58142,1814,60348,89187,74,1,1
15870,42040,28625,130,82570,79906,19240,83428,173435,131,1,1
15871,9977,5098,115,58812,57972,17807,59266,92242,33,1,1
15872,23941,24819,130,62821,60344,1718,63610,114180,122,1,1
15873,12032,11348,100,57943,56535,1899,58490,83857,63,1,1
15874,53864,25908,179,72231,69669,23223,73084,176174,123,1,1
15875,13612,7191,104,59234,58234,13588,59709,94193,41,1,1
15876,19734,16737,126,60227,58434,1740,60887,99192,85,1,1
15877,9509,7996,101,54603,53497,1765,55097,74450,48,1,1
15878,7786,1461,158,57031,56602,21844,57451,88640,10,1,1
15879,14557,7889,99,58971,57874,14588,59444,96576,45,1,1
15880,18358,18695,117,59685,57712,1727,60363,99238,94,1,1
15881,13569,13448,100,63726,62140,1752,64320,93194,73,1,1
15882,43206,32496,225,73490,70470,27610,74477,178081,146,1,1
15883,12100,5369,104,57582,56716,14924,58017,90503,33,1,1
15884,15292,13137,110,58059,56449,1756,58652,88931,71,1,1
15885,11412,9960,102,54770,53515,1732,55292,78480,55,1,1
15886,42792,20908,137,68739,66649,27485,69459,160752,100,1,1
15887,10896,3559,102,56362,55712,14910,56757,86410,23,1,1
15888,15793,15640,129,56334,54648,1718,56973,90219,80,1,1
15889,15338,16702,108,45543,43729,1813,46180,80124,85,1,1
15890,4779,216,107,49015,48797,1720,49389,56194,1,1,1
15891,41480,25139,136,69166,66672,28705,69962,165387,121,1,1
15892,13565,8155,97,59147,58050,13427,59628,94868,45,1,1
15893,12767,10819,134,41898,40559,1786,42477,67943,59,1,1
15894,11472,10290,93,40908,39597,1824,41428,65103,58,1,1
15895,4709,215,94,47527,47233,3138,47893,56066,1,1,1
15896,42153,32065,132,108637,105495,18423,109513,202259,145,1,2
15897,12037,5868,96,57883,57028,10614,58310,86921,33,1,1
15898,21579,20774,140,45084,42976,1727,45827,90002,100,1,1
15899,12927,12068,115,46426,44926,1762,46998,73848,64,1,1
15900,5673,418,203,38188,37974,1989,38610,46790,1,1,1
15901,11210,1928,97,57207,56726,27863,57572,98658,14,1,1
15902,16016,14120,107,72082,70327,2153,72690,105070,76,1,1
15903,42150,12674,133,41713,40305,28229,42301,125448,65,1,1
15904,11406,3075,101,23676,23073,16474,24057,55097,20,1,1
15905,20203,8471,99,31660,30577,11880,32138,72790,47,1,1
15906,27751,12484,143,42619,41244,5024,43212,88568,61,1,1
15907,23237,20244,128,77876,75747,1780,78596,123954,101,1,1
15908,12899,10576,105,68729,67377,1724,69264,94554,60,1,1
15909,18478,18249,115,43162,41225,1741,43821,82386,89,1,1
15910,10508,9215,178,39887,38675,1786,40490,62097,51,1,1
15911,24448,24933,121,79379,76891,1723,80157,131359,119,1,1
15912,8247,5755,96,65668,64773,3081,66108,83283,36,1,1
15913,16100,14900,144,45258,43620,1764,45902,78759,76,1,1
15914,11776,9624,170,33724,32483,1795,34307,57593,52,1,1
15915,4478,201,96,25105,24894,1746,25403,31916,1,1,1
15916,20240,19561,136,74991,72843,1690,75716,117305,99,1,1
15917,10595,9567,105,66583,65355,3702,67084,91039,53,1,1
15918,14450,13186,145,43190,41637,1777,43832,73344,69,1,1
15919,10441,8130,161,32508,31418,1725,33061,53454,46,1,1
15920,4383,520,107,26204,25926,2149,26540,33686,4,1,1
15921,19513,18710,91,74346,72326,1815,75001,115130,94,1,1
15922,13539,12800,103,69949,68423,1374,70539,98344,70,1,1
15923,12820,10444,112,32164,30922,1728,32695,57788,55,1,1
15924,8590,5193,99,39719,38861,1635,40186,55702,32,1,1
15925,3845,212,137,24933,24717,1853,25287,31290,1,1,1
15926,21468,22366,109,77470,75173,1690,78191,123816,110,1,1
15927,10706,9171,104,54475,53234,2421,54991,77382,54,1,1
15928,13221,9563,98,58907,57733,1711,59418,84007,53,1,1
15929,11300,7911,106,40974,39964,1759,41502,62569,43,1,1
15930,7639,4027,112,30080,29379,1811,30499,44070,26,1,1
15931,4260,213,128,25680,25470,1736,26034,32333,1,1,1
15932,29546,25458,107,81888,79375,1703,82652,139461,122,1,1
15933,10872,8219,96,70865,69777,1739,71360,92280,47,1,1
15934,9337,4230,164,31242,30496,1713,31725,47089,28,1,1
15935,4128,620,100,22460,22167,1953,22789,29575,5,1,1
15936,4797,210,98,23869,23669,1779,24163,31030,1,1,1
15937,4443,217,96,17177,16977,1706,17469,23916,1,1,1
15938,25680,26378,134,80243,77629,1705,81045,134904,125,1,1
15939,11484,11197,105,61258,59894,1928,61791,86491,61,1,1
15940,4613,216,140,56430,56216,1791,56795,63507,1,1,1
15941,9110,4391,206,32316,31555,1721,32850,48175,28,1,1
15942,4281,585,102,24772,24446,1966,25102,32027,5,1,1
15943,4284,229,126,25492,25280,1696,25809,32113,1,1,1
15944,6556,1797,95,68175,67562,1808,68540,78793,14,1,2
15945,8673,7398,97,52949,51881,2589,53419,72166,44,1,1
15946,4099,220,88,53204,52995,2437,53501,60341,1,1,1
15947,10209,1343,102,54786,54402,1746,55143,68532,10,1,1
15948,4297,207,190,23876,23656,1717,24280,30601,1,1,1
15949,4427,217,130,18450,18247,1720,18785,25242,1,1,1
15950,4300,213,92,21642,21455,2185,21935,28714,1,1,1
15951,2469,655,98,32858,32546,925,33181,37315,5,1,1
15952,35143,38790,99,76496,73023,2549,77449,154024,175,1,1
15953,18332,17081,104,55579,53735,5221,56223,96942,89,1,1
15954,40805,49287,173,76382,72949,4861,77401,172450,174,1,1
15955,4377,210,129,22920,22703,1775,23259,29713,1,1,1
15956,20830,20142,111,62407,60303,1701,63116,106083,103,1,1
15957,10501,10210,89,59790,58499,1732,60314,82842,58,1,1
15958,5080,216,105,55326,55113,2149,55640,63176,1,1,1
15959,41953,41355,157,78459,74724,4621,79518,167547,189,1,1
15960,16742,15663,113,61315,59611,1805,61949,96252,81,1,1
15961,12046,9955,103,59419,58152,1799,59942,83838,56,1,1
15962,41244,35907,127,90788,87452,10989,91760,180008,164,1,1
15963,13687,9405,120,58890,57682,10546,59425,93212,54,1,1
15964,18386,19290,114,62839,60809,1767,63524,103062,96,1,1
15965,11383,10258,100,57716,56416,1810,58246,81780,58,1,1
15966,52406,32884,176,73259,70238,12547,74192,172126,149,1,1
15967,10312,5499,100,57680,56867,11538,58109,85550,33,1,1
15968,23079,25546,141,64804,62328,1449,65609,115778,122,1,1
15969,11330,10337,100,59304,57930,1735,59832,83320,59,1,1
15970,41710,33038,174,74455,71380,21442,75400,171689,152,1,1
15971,9220,5866,98,58498,57670,17147,58944,91270,34,1,1
15972,21723,21911,137,63622,61346,1794,64372,109894,108,1,1
15973,10789,8780,98,56997,55840,1794,57507,78965,50,1,1
15974,42019,32165,218,74209,71079,17141,75197,166617,148,1,1
15975,13492,7631,100,59444,58447,13218,59916,94349,42,1,1
15976,19713,19252,112,60398,58354,1812,61086,101962,98,1,1
15977,10423,8779,109,55290,54092,1758,55816,76869,50,1,1
15978,42255,30318,194,73103,70181,26502,74028,173213,141,1,1
15979,12774,7053,105,59152,58203,14808,59612,94338,40,1,1
15980,17849,17243,139,59046,57167,1729,59727,96644,88,1,1
15981,8804,7247,103,57059,55980,1760,57588,75501,44,1,1
15982,4528,311,133,36773,36529,2280,37133,44349,2,1,1
15983,42067,29041,120,72464,69657,21449,73308,165961,136,1,1
15984,13794,8730,105,60281,59138,12765,60787,96167,50,1,1
15985,43128,14932,118,64356,62745,27598,64959,150758,74,1,1
15986,39327,15280,176,45729,44098,2500,46411,103615,76,1,1
15987,9380,1769,94,29286,28851,17135,29640,58017,13,1,1
15988,26608,13642,101,45107,43684,10200,45666,96408,67,1,1
15989,17910,9130,104,41174,40009,1870,41678,70679,51,1,1
15990,41755,28183,135,69039,66391,23386,69855,163283,129,1,1
15991,10948,3002,111,58445,57878,14597,58837,87475,20,1,1
15992,22081,23487,6316,64761,62488,1846,71695,119204,108,1,1
15993,13113,10991,98,56209,54867,1933,56749,82889,60,1,1
15994,42458,33247,135,73339,70261,14700,74241,164740,150,1,1
15995,16018,8648,102,63817,62678,8151,64323,97235,48,1,1
15996,14186,13072,190,60528,58996,1872,61209,90432,69,1,1
15997,15095,15140,102,42780,41082,1849,43378,75553,78,1,1
15998,4133,372,106,38097,37815,2202,38437,45241,3,1,1
15999,41596,27982,128,69777,67113,28781,70594,169050,130,1,1
16000,11301,4165,100,67960,67266,14748,68406,98718,25,1,1
16001,18559,19814,142,53103,51037,1807,53829,94106,98,1,1
16002,14166,13718,100,40758,39211,2432,41325,71726,72,1,1
16003,4360,271,92,36615,36369,1762,36934,43413,2,1,1
16004,42452,29325,127,70516,67751,25491,71362,168725,137,1,1
16005,15212,22650,160,72491,71046,1842,73116,112916,67,1,1
16006,22188,23357,132,46777,44486,2442,47542,95625,113,1,1
16007,12965,12369,101,40219,38783,1727,40775,67922,66,1,1
16008,22969,23277,138,81180,78835,2064,81957,130361,114,1,1
16009,16958,14851,209,71855,70203,2337,72575,106818,78,1,1
16010,17364,17109,123,43535,41690,2211,44204,80981,88,1,1
16011,13385,10728,106,38448,37145,1770,38987,64962,59,1,1
16012,25435,21071,119,82813,80593,1718,83532,131931,105,1,1
16013,10253,7396,160,70161,69102,2286,70722,90756,44,1,1
16014,17703,17779,141,42892,41063,2219,43575,81401,88,1,1
16015,9775,8318,97,36624,35531,1852,37109,57142,48,1,1
16016,23727,22776,116,78062,75734,1907,78799,127375,113,1,1
16017,10379,8842,237,69521,68372,1731,70180,91229,52,1,1
16018,13625,11249,139,40091,38721,2211,40686,67866,61,1,1
16019,11824,9175,101,33912,32752,1744,34430,57268,52,1,1
16020,4094,212,99,24442,24233,2105,24766,31259,1,1,1
16021,18173,15885,136,73803,72034,1792,74464,110412,82,1,1
16022,11674,10222,162,69307,68020,3308,69902,95206,57,1,1
16023,15532,12564,117,40959,39476,1746,41554,71496,69,1,1
16024,11974,10438,99,31309,30025,1724,31838,56066,58,1,1
16025,22761,23706,146,75900,73537,1784,76687,125036,116,1,1
16026,24216,13129,174,74765,73207,2454,75439,115336,72,1,1
16027,13593,10141,127,32204,30962,1773,32754,58355,56,1,1
16028,7388,4235,103,26629,25887,1768,27050,40532,28,1,1
16029,4160,215,109,25006,24793,1703,25329,31499,1,1,1
16030,5367,3398,97,44591,43946,5738,44985,59574,21,1,1
16031,7532,4332,121,59805,59075,1713,60267,73939,28,1,1
16032,10258,8861,224,57833,56682,1735,58530,79482,50,1,1
16033,4451,336,92,52097,51848,1725,52416,59013,3,1,1
16034,10600,6928,113,30345,29366,2212,30821,50657,40,1,1
16035,7732,4706,97,29658,28906,1720,30079,44329,30,1,1
16036,4262,218,109,24903,24686,1718,25227,31521,1,1,1
16037,24575,23640,116,83165,80816,1707,83917,133933,115,1,1
16038,11223,10789,191,73222,71899,2225,73866,98201,61,1,1
16039,9263,3043,111,31159,30577,1694,31558,45653,20,1,1
16040,4322,508,99,26206,25925,1704,26541,33166,4,1,1
16041,4190,211,98,23710,23498,1705,24024,30213,1,1,1
16042,4166,211,94,17078,16887,2304,17368,24131,1,1,1
16043,21356,19114,136,77233,75243,1713,77939,120217,96,1,1
16044,9869,8678,198,58911,57763,1758,59518,79918,50,1,1
16045,4104,251,118,53654,53459,1697,53983,60131,1,1,1
16046,1370,304,99,27435,27192,1629,27745,31143,2,1,1
16047,11727,3308,99,23419,22719,1743,23813,40692,21,1,2
16048,29029,30727,114,84641,81795,1718,85485,147086,142,1,1
16049,11133,10982,204,59445,58075,1729,60110,84052,62,1,1
16050,9107,245,126,55534,55329,2311,55878,67636,1,1,1
16051,4286,212,104,22700,22487,1712,23104,29402,1,1,1
16052,4090,223,106,18487,18282,1769,18798,24977,1,1,1
16053,4341,210,85,23654,23456,1800,23952,30393,1,1,1
16054,8341,6817,100,52278,51321,4625,52753,72620,40,1,1
16055,12369,12073,110,58911,57421,5829,59494,89859,66,1,1
16056,9649,213,200,56015,55821,1815,56429,68195,1,1,1
16057,41407,43718,121,78518,74587,4010,79545,168790,195,1,1
16058,4493,347,104,23465,23201,2581,23796,31313,3,1,1
16059,25096,26348,131,66650,64099,1712,67457,120713,127,1,1
16060,10238,9752,100,71178,69912,1794,71740,93625,57,1,1
16061,5576,214,123,54302,54085,1787,54646,62315,1,1,1
16062,12801,11774,107,64138,62716,6994,64704,96366,65,1,1
16063,22386,20532,112,63125,61041,1738,63836,108588,101,1,1
16064,10157,9695,106,71647,70392,2259,72219,94428,56,1,1
16065,41729,32659,131,76694,73662,11235,77591,163367,149,1,1
16066,13087,9160,97,60566,59395,10479,61074,93892,51,1,1
16067,42249,20517,135,57993,55947,13184,58707,134758,97,1,1
16068,9074,3647,178,34956,34309,15515,35436,63770,22,1,1
16069,27431,16837,104,65982,64177,9232,66604,120198,85,1,1
16070,41551,38903,123,77193,73703,8484,78160,167199,172,1,1
16071,13523,9262,96,59529,58387,10696,60030,93605,51,1,1
16072,20884,22266,141,74933,72694,1900,75724,120875,106,1,1
16073,10089,8555,101,56555,55362,1732,57072,77533,49,1,1
16074,42473,30734,136,73731,70810,26434,74586,174333,141,1,1
16075,13849,7881,102,57982,56970,16286,58459,96568,44,1,1
16076,21585,33831,165,66266,63903,1781,67077,124370,112,1,1
16077,14425,14181,96,58863,57242,1777,59450,89928,75,1,1
16078,42127,32647,116,72211,69209,15116,73089,163071,149,1,1
16079,13129,9178,103,61614,60469,12495,62128,97022,51,1,1
16080,19655,19564,144,62876,60815,1826,63604,104744,99,1,1
16081,14553,13584,101,57857,56288,1838,58441,88520,74,1,1
16082,42386,29499,130,71741,68968,24537,72571,169094,137,1,1
16083,15676,10805,99,60726,59476,12989,61264,101024,57,1,1
16084,20968,22202,216,66540,64247,2268,67366,112899,108,1,1
16085,14293,15466,105,57689,56014,1918,58297,90070,79,1,1
16086,42318,27623,208,78912,76242,25418,79801,175270,129,1,1
16087,14624,7263,107,73304,72295,12226,73843,108056,41,1,1
16088,18227,19793,123,59760,57620,1937,60460,100513,96,1,1
16089,12584,12745,99,55657,54151,1810,56213,83444,67,1,1
16090,42586,29132,107,71019,68250,27602,71829,171245,135,1,1
16091,43152,27529,175,67970,65322,8493,68836,148108,128,1,1
16092,21964,22374,133,60050,57849,1790,60788,107010,106,1,1
16093,12252,10797,94,54278,52945,1810,54817,79762,60,1,1
16094,42364,26453,134,69266,66650,22342,70059,161322,125,1,1
16095,12189,5207,162,58200,57424,11124,58688,87304,31,1,1
16096,13554,12074,132,57187,55730,1816,57790,85329,66,1,1
16097,13681,13106,101,42669,41153,1836,43244,71951,70,1,1
16098,4249,349,128,38274,37944,2290,38642,45626,3,1,1
16099,41445,30904,107,83814,80778,27613,84690,184748,143,1,1
16100,12073,4821,115,59002,58172,13645,59434,90065,29,1,1
16101,21475,20029,128,45149,43056,1847,45851,89298,98,1,1
16102,12306,11625,102,41101,39718,2663,41658,68337,63,1,1
16103,4251,261,108,38564,38344,1719,38905,45232,1,1,1
16104,42520,22585,130,80003,77682,25207,80787,171205,108,1,1
16105,11837,11006,111,69840,68503,1517,70389,94841,60,1,1
16106,19047,17786,110,45180,43304,2547,45832,85308,88,1,1
16107,11636,10628,104,40361,39054,1651,40889,64896,58,1,1
16108,24763,24460,127,88894,86418,1475,89712,140509,120,1,1
16109,13415,12749,115,71691,70153,1727,72296,100281,70,1,1
16110,16338,16030,138,43365,41618,2256,44025,78743,83,1,1
16111,12953,12389,106,40239,38745,1723,40819,67977,69,1,1
16112,17632,16953,116,86587,84763,1797,87274,123751,88,1,1
16113,9328,6836,113,68739,67754,2542,69232,88030,42,1,1
16114,14660,13440,133,40928,39395,2598,41552,72344,72,1,1
16115,9521,7572,103,36886,35807,1731,37364,56278,44,1,1
16116,28006,26739,127,90621,88022,1864,91457,148160,126,1,1
16117,14283,14397,113,72604,70830,1717,73214,103703,76,1,1
16118,13982,11297,106,39318,37986,2444,39874,67690,61,1,1
16119,10424,7396,100,43221,42172,1754,43693,63375,42,1,1
16120,4369,217,107,25728,25480,1788,26060,32530,1,1,1
16121,23863,37149,167,77317,74723,1836,78153,141096,126,1,1
16122,12187,12296,104,68386,66968,2788,68944,96307,64,1,1
16123,12799,9644,117,32604,31414,1770,33137,57445,52,1,1
16124,7921,5578,101,30051,29189,1756,30481,45829,34,1,1
16125,4588,217,94,24229,23983,1705,24527,31119,1,1,1
16126,19085,17884,128,87056,85233,2587,87752,127403,87,1,1
16127,7980,6301,109,49997,49070,1700,50472,66539,38,1,1
16128,2350,840,98,54981,54662,949,55320,59543,7,1,1
16129,41861,35770,107,11598,8496,5523,12469,95707,158,1,1
16130,14911,10440,96,31825,30571,1701,32341,59475,57,1,1
16131,7586,4924,101,28811,28036,1699,29237,43530,31,1,1
16132,4244,220,128,25198,24989,12548,25545,42650,1,1,1
16133,18497,20333,143,51854,49793,3189,52584,94702,101,1,1
16134,8141,4858,95,57287,56528,1709,57706,72501,31,1,1
16135,13426,13966,107,75256,73644,1683,75861,105030,75,1,1
16136,10606,6469,106,30355,29437,1712,30820,49700,39,1,1
16137,7548,4184,96,37029,36277,1692,37435,50951,27,1,1
16138,15117,190,163,25682,25470,1720,26064,43182,1,1,1
16139,5089,1670,94,46189,45754,5411,46547,58803,13,1,1
16140,15592,8090,98,58446,57407,1730,58924,84422,45,1,1
16141,14964,16101,99,74399,72664,1775,75016,107948,82,1,1
16142,42280,8776,118,57525,56416,4050,58050,113251,47,1,1
16143,22596,3523,165,26403,25780,3326,26875,56407,22,1,1
16144,4408,367,98,40922,40554,1825,41237,47922,3,1,2
16145,22539,23613,119,80242,77806,1716,80986,128947,112,1,1
16146,11247,11158,105,73766,72419,2265,74324,99082,60,1,1
16147,4416,216,105,22575,22361,1684,22886,29294,1,1,1
16148,4589,223,94,27789,27594,1715,28118,34740,1,1,1
16149,4236,198,100,21379,21184,1703,21677,27912,1,1,1
16150,29572,28331,140,83082,80361,2292,83921,144212,133,1,1
16151,9625,6630,102,56806,55844,1710,57261,75313,40,1,1
16152,12884,2830,124,55126,54602,1768,55531,73110,18,1,1
16153,4081,215,108,37101,36875,1785,37457,43629,1,1,1
16154,4280,215,138,18921,18714,2259,19279,26128,1,1,1
16155,5728,1325,94,67846,67325,1836,68190,77164,10,1,2
16156,12049,9187,96,56171,55014,1782,56680,79783,52,1,1
16157,6480,862,94,52805,52483,1686,53141,62257,7,1,1
16158,41417,43674,132,78680,74907,4246,79710,169152,191,1,1
16159,4248,219,185,23440,23221,1770,23844,30176,1,1,1
16160,23350,25218,108,65163,62582,1724,65938,116326,123,1,1
16161,10543,10013,98,59490,58177,1722,60010,82381,56,1,1
16162,41744,29987,115,81003,78212,12123,81830,165822,138,1,1
16163,13512,9197,96,72869,71729,10042,73438,106290,50,1,1
16164,16407,15082,122,59486,57784,1827,60118,93527,78,1,1
16165,11687,10921,102,57009,55679,1739,57547,81990,60,1,1
16166,41958,34134,109,75321,72171,11103,76216,163507,158,1,1
16167,13824,20476,253,59966,58887,9746,60616,104756,48,1,1
16168,19593,16869,120,64781,62944,1740,65440,103737,86,1,1
16169,8335,5527,104,51852,50986,1769,52297,68012,34,1,1
16170,41758,37212,133,75133,71723,11044,76096,166215,171,1,1
16171,14384,6389,164,59814,58914,13127,60337,94334,37,1,1
16172,24099,24221,143,64843,62381,1712,65644,115776,117,1,1
16173,12819,12416,104,57238,55711,1758,57822,84900,70,1,1
16174,41426,29327,134,73905,71130,15196,74760,160806,137,1,1
16175,14257,7873,146,59974,58973,14042,60488,96756,42,1,1
16176,18509,18185,136,63913,61851,1735,64616,103140,93,1,1
16177,13562,12302,104,60056,58541,1758,60630,88337,69,1,1
16178,41879,31839,113,86132,83077,18696,87061,179570,149,1,1
16179,14753,9253,110,59974,58831,14786,60491,99378,50,1,1
16180,19770,19639,134,59613,57538,1743,60322,101570,96,1,1
16181,7442,4979,93,37928,37088,1751,38345,52601,32,1,1
16182,9035,6521,100,42163,41221,1712,42612,59972,38,1,1
16183,52377,29805,180,72639,69664,22102,73546,177929,139,1,1
16184,11297,6404,99,58593,57679,15089,59060,91940,38,1,1
16185,19103,20559,135,60172,58035,1736,60895,102386,100,1,1
16186,14227,15092,108,57601,55886,1736,58219,89358,81,1,1
16187,42151,28798,151,72821,70039,26930,73670,171651,135,1,1
16188,13988,8649,103,58087,56991,13687,58584,94998,47,1,1
16189,19973,20936,135,58904,56699,1715,59632,102352,103,1,1
16190,16474,17735,108,59936,58053,1756,60584,96635,90,1,1
16191,42519,28932,155,71614,68819,20740,72472,164770,136,1,1
16192,13306,5444,102,59367,58547,10323,59805,88972,33,1,1
16193,18880,17930,112,58677,56726,1834,59345,98083,91,1,1
16194,11712,10306,107,55905,54609,1978,56443,80526,57,1,1
16195,42221,28569,149,70642,67845,19286,71497,161673,133,1,1
16196,13290,7875,100,58715,57656,10472,59201,90930,44,1,1
16197,18308,19901,140,58421,56270,1348,59149,98801,101,1,1
16198,15299,14182,97,55184,53557,2164,55822,87563,76,1,1
16199,4360,314,137,38470,38209,1362,38829,44961,2,1,1
16200,12418,4380,96,59836,59066,13621,60264,90774,27,1,1
16201,19482,16755,108,63234,61420,6382,63871,106573,85,1,1
16202,22374,22983,136,46797,44463,1802,47561,94818,112,1,1
16203,16143,15428,107,57223,55352,1908,57897,91476,82,1,1
16204,4508,213,123,38589,38372,1848,38942,45606,1,1,1
16205,41764,30769,177,70471,67516,23621,71386,167654,142,1,1
16206,12653,9321,107,68138,66930,1733,68653,92451,53,1,1
16207,19032,18183,142,43064,41135,1733,43771,82815,93,1,1
16208,14499,14676,178,41172,39467,1758,41854,72883,77,1,1
16209,26382,23667,119,78256,75774,1717,79021,130883,116,1,1
16210,11685,9949,100,72311,71020,1742,72845,96311,56,1,1
16211,18226,15038,142,43761,42025,1706,44428,79496,81,1,1
16212,13536,13592,173,42530,40927,1737,43197,72158,73,1,1
16213,25207,22278,143,77534,75199,1706,78306,127593,112,1,1
16214,14826,14922,104,71637,69931,1695,72251,103784,79,1,1
16215,41914,12754,116,41740,40300,38232,42323,135322,66,1,1
16216,8178,926,146,23751,23422,15682,24152,49035,7,1,1
16217,20540,9281,97,37295,36199,10413,37790,78110,48,1,1
16218,16953,5494,97,28971,28092,1832,29402,53774,32,1,1
16219,25980,30277,129,78772,75763,1739,79647,137737,146,1,1
16220,14515,14254,136,73224,71539,1781,73872,104513,79,1,1
16221,9953,8374,145,40935,39836,1897,41478,61799,47,1,1
16222,10148,8834,100,33657,32484,1818,34155,55063,51,1,1
16223,4237,218,126,25388,25167,1698,25743,31988,1,1,1
16224,17236,16066,109,74763,72954,1767,75402,110565,84,1,1
16225,13336,13005,106,70317,68828,1699,70894,99025,70,1,1
16226,11566,8283,183,33974,32861,1731,34557,56236,48,1,1
16227,7882,4458,178,27734,26959,1780,28225,42437,29,1,1
16228,4210,217,94,24734,24517,1791,25039,31338,1,1,1
16229,21467,20805,127,75506,73341,1705,76224,120295,103,1,1
16230,11326,10012,95,53554,52303,2058,54061,77548,54,1,1
16231,10063,5868,106,59686,58812,1838,60163,78027,36,1,1
16232,13817,10263,226,33545,32267,1827,34202,60207,56,1,1
16233,9707,7207,102,29406,28390,1712,29886,48606,43,1,1
16234,19807,20082,136,79006,76962,1792,79716,121511,96,1,1
16235,11248,9755,107,76074,74830,1880,76609,99583,56,1,1
16236,9380,5578,140,30673,29858,1811,31156,48022,33,1,1
16237,7996,3652,97,30754,30109,1794,31148,44681,24,1,1
16238,4325,215,128,25731,25513,1706,26074,32418,1,1,1
16239,17987,15801,100,57035,55290,3632,57646,95160,82,1,1
16240,12305,4892,86,55807,55062,1828,56213,75330,30,1,1
16241,18653,19053,102,77611,75613,1683,78288,117770,98,1,1
16242,9720,4158,208,32274,31571,1756,32797,48526,27,1,1
16243,4698,324,100,22504,22244,1713,22822,29646,3,1,1
16244,4275,211,129,25282,25062,1689,25629,31896,1,1,1
16245,4838,217,95,17167,16963,1679,17466,24283,1,1,1
16246,23649,22839,131,79104,76792,1726,79866,128172,112,1,1
16247,11630,8733,106,54245,53066,1695,54750,76894,51,1,1
16248,19288,1358,202,54909,54512,3818,55374,79940,10,1,1
16249,4288,294,103,26625,26410,1722,26948,33351,1,1,1
16250,4169,214,99,18093,17888,1720,18384,24569,1,1,1
16251,4184,626,96,22653,22352,1693,22978,29565,5,1,1
16252,21682,22606,141,63521,61132,1798,64295,110477,111,1,1
16253,12899,2111,98,55499,55042,4393,55869,75363,14,1,1
16254,14859,14601,131,59825,58133,1751,60462,91761,78,1,1
16255,7275,216,212,56198,55981,1751,56620,65960,1,1,1
16256,4413,297,101,23000,22762,1835,23317,29956,2,1,1
16257,22447,24142,141,67266,64836,1706,68048,116437,116,1,1
16258,12209,11843,92,64226,62731,1752,64774,90672,66,1,1
16259,5760,219,109,56041,55827,2085,56368,64525,1,1,1
16260,41002,49101,148,82702,78391,2084,83852,176149,219,1,1
16261,4349,207,128,23376,23160,1740,23721,30110,1,1,1
16262,6433,4620,94,53113,52374,4690,53524,69352,29,1,1
16263,9060,8487,99,57766,56632,1735,58267,77634,50,1,1
16264,41850,44665,161,76448,73367,13832,77389,177834,154,1,1
16265,11460,4226,103,57410,56725,10783,57823,84389,26,1,1
16266,17866,15914,134,59800,58022,1747,60452,96271,81,1,1
16267,11321,9517,103,53467,52243,1717,53988,76628,55,1,1
16268,52430,32501,179,75868,72920,14136,76802,175964,146,1,1
16269,13872,11566,103,61543,60165,10045,62095,97672,62,1,1
16270,19897,18953,133,60071,58110,1739,60762,101447,93,1,1
16271,7624,5678,106,53749,52902,1749,54215,69368,34,1,1
16272,9245,5529,101,56353,55491,1749,56848,73467,34,1,1
16273,41222,34540,140,76714,73541,9408,77637,162911,156,1,1
16274,10877,1992,100,55961,55500,12225,56328,81515,14,1,1
16275,19433,22867,116,64227,61874,1777,64974,109149,112,1,1
16276,12779,13224,98,57444,55862,1746,58018,85855,71,1,1
16277,42343,30603,149,74825,71994,12197,75710,160964,142,1,1
16278,13728,9012,100,60730,59634,13972,61231,98047,48,1,1
16279,21640,23228,135,64871,62502,1719,65639,112333,114,1,1
16280,13899,14020,96,72499,70870,1789,73129,102935,75,1,1
16281,42156,28671,121,73540,70823,25342,74355,170620,134,1,1
16282,10790,4276,98,57402,56698,15873,57804,88836,26,1,1
16283,21017,19145,119,60983,58970,1791,61677,103724,95,1,1
16284,10114,9049,173,59660,58449,1825,60261,81347,52,1,1
16285,42076,26244,106,70856,68311,22670,71629,162722,124,1,1
16286,14949,8686,108,59900,58752,12337,60413,96478,49,1,1
16287,22491,24256,110,63956,61530,1827,64719,113387,116,1,1
16288,14134,13490,173,60545,58971,1717,61213,90651,70,1,1
16289,42620,23956,129,70763,68385,26604,71526,164801,113,1,1
16290,19011,11438,100,61326,59923,14806,61890,107234,62,1,1
16291,22373,21184,131,58724,56555,12892,59457,116002,104,1,1
16292,10446,7753,162,56948,55832,2290,57512,78098,46,1,1
16293,42537,26131,121,70035,67474,28281,70817,167873,123,1,1
16294,14303,7174,103,59411,58425,13006,59890,94464,41,1,1
16295,42235,9392,134,74214,72957,28617,74793,155143,51,1,1
16296,7614,211,116,36909,36675,1733,37245,46886,1,1,1
16297,10037,3288,95,33065,32460,16622,33453,63498,21,1,1
16298,28268,14241,115,41247,39774,9484,41838,93937,69,1,1
16299,4957,217,95,35350,35143,1744,35658,42675,1,1,1
16300,41889,43468,129,74238,70444,5899,75284,166652,192,1,1
16301,11323,5952,104,58447,57560,8867,58895,85145,36,1,1
16302,19060,19685,198,60603,58500,1806,61382,102032,98,1,1
16303,16682,17480,95,44096,42189,2226,44736,81217,89,1,1
16304,8329,2816,129,97574,96840,1765,97989,110999,19,1,2
16305,10565,9700,103,61596,60424,5352,62120,87831,52,1,1
16306,20426,22279,209,49185,46922,1836,50011,94650,107,1,1
16307,12870,13121,103,40969,39411,1879,41549,69511,71,1,1
16308,4753,216,128,36932,36723,1744,37276,44083,1,1,1
16309,42187,27093,104,69356,66716,23456,70153,162984,128,1,1
16310,11336,8754,101,70126,68927,1692,70618,92492,50,1,1
16311,22048,22422,222,44818,42568,1774,45661,92003,109,1,1
16312,13239,11799,99,39122,37713,1736,39670,66535,64,1,1
16313,19843,17219,136,77542,75649,2186,78218,117562,89,1,1
16314,11800,12428,104,71686,70191,1757,72263,98340,69,1,1
16315,18329,17396,153,44209,42341,1746,44907,82477,88,1,1
16316,12945,11157,98,39096,37758,1812,39633,65637,61,1,1
16317,25552,25246,110,78589,76049,2255,79374,132521,124,1,1
16318,8367,6087,103,66927,66055,2195,67379,84121,37,1,1
16319,19476,20052,149,48128,46013,1850,48877,90373,99,1,1
16320,9176,7371,98,38160,37113,1798,38641,57081,43,1,1
16321,26231,24481,137,77019,74562,2398,77811,131019,118,1,1
16322,10572,8787,102,87672,70404,2407,88260,110137,51,1,1
16323,17812,13302,176,42713,41102,1890,43582,76907,57,1,1
16324,10884,9641,103,33012,31781,1788,33515,55914,53,1,1
16325,4791,219,137,26262,26034,2682,26616,34407,1,1,1
16326,10093,7619,95,45536,44479,4690,46010,68504,44,1,1
16327,14045,9318,92,59564,58357,2266,60073,85796,51,1,1
16328,15727,15136,97,81591,79885,1794,82260,115014,78,1,1
16329,13938,10426,117,35556,34288,2269,36099,62828,55,1,1
16330,9440,6843,102,30861,29903,1752,31316,49441,40,1,1
16331,2649,217,91,23865,23650,2418,24163,29528,1,1,1
16332,26171,29709,138,78236,75339,1730,79091,136797,140,1,1
16333,15961,15017,103,85453,83753,2906,86098,120080,77,1,1
16334,9288,7058,134,30226,29245,1761,30733,48937,41,1,1
16335,7761,3674,92,30463,29817,1710,30852,44091,24,1,1
16336,4580,223,93,23697,23485,1718,23996,30599,1,1,1
16337,23638,23625,128,82029,79654,2739,82797,132894,115,1,1
16338,14279,10704,178,74550,73179,1724,75174,101979,59,1,1
16339,10192,7155,109,31117,30147,1787,31611,50841,41,1,1
16340,7548,4662,96,30174,29422,1770,30593,44662,30,1,1
16341,4375,223,109,24730,24508,2521,25048,32260,1,1,1
16342,19816,19872,97,77950,75938,1696,78624,120098,97,1,1
16343,10076,8775,155,54356,53193,1712,54915,75575,49,1,1
16344,6377,821,124,56006,55679,5108,56373,68765,7,1,1
16345,9707,3864,113,31705,31033,2356,32136,48160,24,1,1
16346,4757,773,99,22659,22323,1995,22994,30612,7,1,1
16347,4382,207,132,25022,24798,1767,25354,31806,1,1,1
16348,4261,212,99,16944,16736,1771,17243,23570,1,1,1
16349,6424,3590,96,48116,47457,6593,48516,65215,23,1,1
16350,14656,5302,96,56301,55530,1692,56742,78486,31,1,1
16351,18212,18816,208,59922,57973,2139,60693,99959,93,1,1
16352,7444,1107,95,53712,53365,1697,54056,64395,8,1,1
16353,4247,219,129,23261,23037,2152,23612,30320,1,1,1
16354,4494,320,148,39335,38971,1742,39710,46360,2,1,2
16355,24169,20524,111,82519,80423,1726,83216,129731,101,1,1
16356,9928,8255,167,55651,54537,1749,56219,76247,47,1,1
16357,8960,217,126,55655,55449,1723,56006,67002,1,1,1
16358,1367,219,100,21808,21598,954,22111,24734,1,1,1
16359,4141,221,99,536,349,5286,818,10550,1,1,1
16360,19201,19316,101,59516,57489,1769,60187,100556,99,1,1
16361,12761,12389,101,61261,59829,2138,61822,89195,67,1,1
16362,10675,656,213,57666,57350,1716,58121,71262,5,1,1
16363,40980,50861,111,79922,75456,3350,81060,176359,225,1,1
16364,4179,219,103,22667,22454,1705,22990,29188,1,1,1
16365,15021,14575,97,58594,56916,3553,59192,92437,77,1,1
16366,10365,9472,120,63877,62577,1737,64426,86098,53,1,1
16367,41952,33265,151,76618,73534,12844,77535,165694,151,1,1
16368,13326,9513,100,59667,58440,10496,60177,93605,52,1,1
16369,15326,13012,129,59735,58160,2430,60344,91207,71,1,1
16370,11199,9636,101,66897,65648,1723,67457,90114,55,1,1
16371,41708,32820,139,74536,71523,11829,75417,161880,147,1,1
16372,13105,8498,98,61190,60119,13174,61674,96543,47,1,1
16373,22498,22958,131,65403,63084,2153,66165,113870,113,1,1
16374,9802,8293,161,63942,62765,1740,64497,84429,47,1,1
16375,41857,35366,134,74999,71896,9615,75916,162847,156,1,1
16376,12729,9103,103,59533,58388,13284,60035,95243,48,1,1
16377,42561,10997,113,39587,38312,29085,40132,122872,57,1,1
16378,31095,6923,163,43287,42341,10897,43814,92825,39,1,1
16379,7619,2146,94,29925,29414,17159,30296,57313,15,1,1
16380,27119,13000,106,47763,46235,10770,48340,99321,68,1,1
16381,21836,11067,93,41718,40391,3014,42252,78254,58,1,1
16382,42218,29273,116,71778,69062,22203,72602,166389,134,1,1
16383,14917,8288,104,60463,59375,15393,60970,99657,46,1,1
16384,19169,20178,173,67289,65075,1891,68054,109393,99,1,1
16385,12297,11557,100,57762,56289,2366,58315,84626,64,1,1
16386,41821,34475,134,73597,70439,11910,74522,162825,157,1,1
16387,14873,10132,99,59323,58044,7465,59852,92414,56,1,1
16388,23032,25541,176,65975,63401,1907,66820,117398,123,1,1
16389,11963,11089,104,55786,54399,2244,56337,81725,62,1,1
16390,41793,30105,132,70980,68123,28617,71853,172687,142,1,1
16391,14083,7852,106,69802,68835,14850,70331,107213,42,1,1
16392,16240,16052,143,60555,58760,1765,61227,95379,83,1,1
16393,11837,11098,105,55648,54301,2252,56208,81483,61,1,1
16394,41716,32115,117,72574,69587,20289,73452,167669,149,1,1
16395,15356,10193,164,61867,60599,12383,62447,100475,55,1,1
16396,18350,17616,110,59164,57153,1759,59819,97638,89,1,1
16397,8952,6950,106,52190,51186,2213,52667,70878,42,1,1
16398,46341,28593,153,75009,72285,28124,75869,179023,134,1,1
16399,12524,4456,165,58738,57964,13233,59220,89532,28,1,1
16400,19556,21486,133,60609,58272,1748,61347,104241,106,1,1
16401,13071,13128,104,42303,40606,2282,42883,71457,69,1,1
16402,1467,221,91,36595,36335,993,36899,39662,1,1,1
16403,4527,217,96,538,344,7523,820,13172,1,1,1
16404,40965,49908,92,86165,82013,20108,87272,198350,213,1,1
16405,18722,13376,108,63762,62260,6368,64345,102903,69,1,1
16406,21338,21275,129,59460,57268,1900,60193,104802,105,1,1
16407,15747,15878,99,42698,40964,1724,43314,76756,83,1,1
16408,42273,27414,106,82822,80187,20923,83652,174371,130,1,1
16409,13803,14409,116,77338,75757,2068,77946,108318,75,1,1
16410,19289,18995,141,46888,44841,1767,47613,87759,98,1,1
16411,14464,13877,96,45333,43734,1771,45914,76118,73,1,1
16412,4502,216,110,37358,37145,1857,37668,44334,1,1,1
16413,54835,31959,177,109495,106383,19289,110407,216597,144,1,2
16414,14679,8754,100,61057,59953,11281,61551,96377,48,1,1
16415,16866,15326,116,46130,44371,1807,46763,80870,80,1,1
16416,12378,10151,97,46435,45010,1789,46961,71375,58,1,1
16417,28563,28536,107,90146,87283,2362,91040,150600,138,1,1
16418,12932,12146,118,72168,70639,1741,72760,99672,68,1,1
16419,19449,18524,130,43635,41676,1832,44328,84236,93,1,1
16420,9903,8792,98,36998,35844,1817,37508,58111,51,1,1
16421,23700,33545,150,77253,74841,2191,78052,137585,116,1,1
16422,11167,9438,104,70930,69690,1862,71459,94017,55,1,1
16423,14084,13175,136,42114,40594,1634,42727,71718,69,1,1
16424,9825,6638,96,39474,38520,2033,39927,58514,40,1,1
16425,24008,35801,150,77210,74755,2551,78018,140478,121,1,1
16426,11371,9696,100,69735,68490,2901,70267,94327,56,1,1
16427,12613,9710,129,39318,38076,1803,39870,64095,55,1,1
16428,11491,9142,98,34197,32996,1737,34697,57159,51,1,1
16429,4447,212,129,25440,25225,2684,25779,33217,1,1,1
16430,21353,8891,161,48556,47524,3187,49110,82654,45,1,1
16431,16279,9517,93,61323,60165,2557,61825,90267,52,1,1
16432,11453,10196,109,71285,70027,1706,71826,95272,57,1,1
16433,15309,11698,135,32452,31031,2251,33039,62392,63,1,1
16434,9008,6472,107,30203,29286,1766,30678,48019,38,1,1
16435,4462,209,129,25565,25352,1836,25902,32504,1,1,1
16436,26554,27611,174,77957,75223,1999,78827,135091,132,1,1
16437,11137,10181,157,76388,74998,2504,77084,101002,57,1,1
16438,9701,6193,114,31086,30170,1709,31548,49246,37,1,1
16439,7864,4527,97,33728,32952,1805,34146,48432,29,1,1
16440,4280,214,92,25270,25056,2065,25574,32213,1,1,1
16441,36527,23607,174,82056,79566,2294,82871,145396,114,1,1
16442,13505,12809,97,73114,71575,1698,73683,101790,70,1,1
16443,11639,6721,142,30266,29331,1777,30763,50996,38,1,1
16444,7996,4004,95,30074,29375,1861,30483,44435,26,1,1
16445,24828,34926,173,61108,58729,2994,61930,124775,116,1,1
16446,18672,7418,90,60100,59169,8017,60562,94761,40,1,1
16447,11538,10773,140,56542,55294,1738,57111,81254,57,1,1
16448,4502,413,109,55010,54799,1701,55334,62043,1,1,1
16449,9719,4024,135,31785,31109,2817,32236,48891,25,1,1
16450,4513,333,100,26505,26240,1820,26828,33579,3,1,1
16451,6008,371,162,41928,41570,1830,42325,50631,3,1,2
16452,9230,7712,95,52649,51583,3855,53126,74017,44,1,1
16453,14014,5298,97,103997,103057,3065,104431,126897,32,1,2
16454,5559,304,99,54053,53811,1693,54371,62012,2,1,1
16455,15841,2929,118,53294,52740,1873,53716,74454,18,1,1
16456,4220,368,118,18910,18682,2363,19238,26282,1,1,1
16457,12548,1341,137,27509,27090,1758,27919,43665,10,1,1
16458,22785,22545,124,82570,80187,1769,83308,130503,109,1,1
16459,8578,6220,148,54439,53450,1705,54942,71533,38,1,1
16460,8870,1867,106,55023,54586,2204,55401,68438,13,1,1
16461,4199,215,102,22062,21851,2111,22378,28985,1,1,1
16462,37622,25760,167,65804,63250,1830,66641,131951,123,1,1
16463,13481,14337,99,61163,59555,1708,61758,91376,76,1,1
16464,5158,251,105,54824,54605,2198,55152,62853,1,1,1
16465,41168,43797,115,77143,73149,3938,78200,167401,201,1,1
16466,17973,18881,168,68203,66244,1741,68943,107848,94,1,1
16467,11040,9967,98,57667,56316,1715,58184,80997,56,1,1
16468,41264,34047,108,74044,71005,13269,74922,163605,154,1,1
16469,13503,7408,97,59237,58232,10336,59705,91045,44,1,1
16470,21413,20009,162,67018,64847,1887,67777,111180,101,1,1
16471,9858,7932,96,55814,54712,1777,56298,75965,47,1,1
16472,42353,29967,112,83785,80884,15230,84617,172284,140,1,1
16473,13439,8744,104,72758,71609,11046,73311,106639,50,1,1
16474,22831,23160,118,67496,65086,1828,68247,116161,112,1,1
16475,8702,6696,100,56853,55862,1430,57314,74228,41,1,1
16476,41295,39434,115,75548,72052,8033,76517,165395,178,1,1
16477,18048,13817,173,64219,62600,8059,64890,104911,73,1,1
16478,20063,19754,109,63787,61787,1848,64470,106230,97,1,1
16479,11950,10738,95,56480,55132,1797,57002,81570,58,1,1
16480,41853,30198,106,71375,68593,16206,72189,160552,139,1,1
16481,14222,8222,152,60000,58951,15889,60543,98973,46,1,1
16482,21856,23281,113,64935,62609,1812,65693,112737,113,1,1
16483,11694,10569,105,56591,55283,1896,57128,81382,59,1,1
16484,41912,33327,109,86529,83405,17759,87452,180546,154,1,1
16485,12114,6759,116,59230,58299,10324,59714,89004,39,1,1
16486,17832,18272,107,62971,60986,1747,63631,101577,92,1,1
16487,12029,9782,106,58530,57236,1702,59056,82659,56,1,1
16488,42370,28897,120,82438,79625,28954,83302,183626,134,1,1
16489,16258,9676,120,61287,60070,13571,61818,101416,52,1,1
16490,18375,16521,114,60082,58208,1789,60725,97506,84,1,1
16491,11105,9113,99,53388,52102,1799,53891,75991,53,1,1
16492,53951,27212,179,72065,69484,27008,72924,181193,124,1,1
16493,14931,7379,104,59140,58126,12680,59615,94696,42,1,1
16494,18504,21062,112,65422,63207,1880,66127,107667,102,1,1
16495,11173,9944,103,52710,51454,1769,53227,76197,55,1,1
16496,41529,34644,144,72923,69776,13899,73957,164130,157,1,1
16497,12661,5480,104,57899,57093,8579,58333,85146,33,1,1
16498,18918,20272,113,58544,56429,1755,59239,100279,100,1,1
16499,17335,17580,107,42704,40843,1715,43345,80060,89,1,1
16500,5495,187,165,38203,37986,2307,38588,46865,1,1,1
16501,41723,16602,116,67713,65908,28614,68352,155390,84,1,1
16502,13676,7498,106,58903,57817,14740,59386,95398,43,1,1
16503,19050,19778,116,45905,43841,1869,46596,87386,98,1,1
16504,12952,12714,109,79327,77684,1753,79908,107421,68,1,2
16505,42108,29509,155,69033,66249,20236,69904,161865,137,1,1
16506,11143,9410,100,69927,68720,1813,70441,92897,52,1,1
16507,18359,18526,140,45187,43200,1773,45881,84635,94,1,1
16508,13038,12363,104,40955,39468,1744,41523,68762,67,1,1
16509,4454,227,142,38900,38686,1751,39259,45789,1,1,1
16510,11390,3459,96,56597,55977,28652,56988,100582,23,1,1
16511,12474,11529,109,70241,68746,1804,70797,96695,62,1,1
16512,15575,14271,115,43122,41551,1750,43724,75417,74,1,1
16513,11017,10504,103,40912,39590,1747,41449,64808,59,1,1
16514,24289,23655,145,79991,77552,1850,80785,130690,117,1,1
16515,11240,9758,132,69220,67994,2892,69777,93751,55,1,1
16516,16575,15125,116,42851,41186,1727,43475,77000,78,1,1
16517,11126,11059,106,40879,39543,1833,41412,65523,60,1,1
16518,25376,25048,156,77381,74795,1729,78209,130459,124,1,1
16519,8694,6258,100,68723,67748,1708,69179,85931,40,1,1
16520,17112,17692,111,47981,46120,1749,48623,85283,87,1,1
16521,11412,9020,100,33280,32112,1804,33799,56122,51,1,1
16522,4200,211,97,37791,37571,1817,38158,44481,1,1,1
16523,23368,24154,118,78965,76532,1730,79741,129087,119,1,1
16524,12466,12535,97,70526,69065,3122,71080,99297,67,1,1
16525,42926,14607,136,46235,44623,23622,46858,128116,72,1,1
16526,11774,2098,105,38501,37959,10940,38922,63831,15,1,1
16527,21520,10575,115,40790,39504,6417,41343,79940,57,1,1
16528,9198,6140,125,92043,90957,1740,92519,109693,37,1,2
16529,12582,12180,96,68499,67092,2348,69042,96242,64,1,1
16530,12884,9610,108,31951,30768,1747,32471,56807,52,1,1
16531,6610,4353,92,29897,29158,2283,30298,43636,28,1,1
16532,4770,252,135,26782,26567,1759,27121,34003,1,1,1
16533,19855,18353,114,73245,71335,1754,73917,113980,91,1,1
16534,10399,9429,142,75625,74398,1785,76185,97889,54,1,1
16535,10433,6444,132,29249,28308,2349,29745,49069,39,1,1
16536,7478,4069,104,29121,28421,1749,29536,42926,27,1,1
16537,4957,200,163,25313,25099,1728,25685,32658,1,1,1
16538,21894,20323,115,77584,75452,1703,78284,122300,100,1,1
16539,9554,8419,135,51472,50329,2163,52005,72231,50,1,1
16540,5267,2043,92,56206,55722,7568,56566,71529,14,1,1
16541,9440,3769,111,31864,31167,1820,32307,47442,25,1,1
16542,4337,347,102,22107,21839,1736,22429,28935,3,1,1
16543,4805,209,165,24520,24318,2259,24893,32263,1,1,1
16544,4452,280,96,17334,17099,1721,17641,24180,2,1,1
16545,25094,25685,113,81621,79077,1850,82406,135133,122,1,1
16546,11309,10578,105,75279,73971,1722,75821,99521,59,1,1
16547,8750,4254,129,30683,29967,2206,31138,46445,27,1,1
16548,5552,277,159,24228,23996,1724,24613,32258,2,1,1
16549,4267,220,104,24932,24717,1691,25244,31517,1,1,1
16550,5397,891,96,59222,58771,1738,59561,67682,7,1,2
16551,11775,1102,96,82711,82251,1778,83050,97798,8,1,2
16552,14515,14387,107,49780,48176,1801,50377,81173,76,1,1
16553,8552,212,102,55046,54849,1752,55358,65965,1,1,1
16554,4241,211,124,34516,34275,2281,34892,41716,1,1,1
16555,4428,219,105,19097,18896,1697,19426,25864,1,1,1
16556,4288,211,94,21554,21359,1730,21846,28167,1,1,1
16557,2717,515,99,42150,41893,6396,42471,52190,4,1,1
16558,16701,15769,100,79764,78033,2114,80376,115058,81,1,1
16559,11521,10521,108,57208,55924,1724,57735,81587,58,1,1
16560,26795,31776,116,74183,71195,1803,75060,135528,149,1,1
16561,4171,250,222,23570,23325,1786,23998,30303,1,1,1
16562,26424,25650,141,65210,62767,2214,66008,120391,121,1,1
16563,8448,6424,88,52735,51807,1729,53173,69868,38,1,1
16564,5098,213,107,55051,54843,1722,55379,62502,1,1,1
16565,2363,768,109,56622,56299,6867,56988,67074,6,1,1
16566,16442,14306,164,61782,60103,2340,62454,95641,75,1,1
16567,11002,10269,95,60690,59391,1727,61225,84313,58,1,1
16568,42453,33618,111,75288,72171,11232,76171,163581,152,1,1
16569,16952,9380,99,60082,58918,10439,60592,97454,50,1,1
16570,20488,18110,151,64963,62962,2307,65673,106677,92,1,1
16571,10173,9272,99,56344,55119,1749,56840,78124,54,1,1
16572,42026,29669,517,72850,70083,10085,74081,155970,137,1,1
16573,12116,7821,103,70531,69478,11663,71061,102759,44,1,1
16574,21366,22311,116,62061,59794,2317,62789,108867,108,1,1
16575,10133,8985,95,56012,54798,1728,56512,77441,52,1,1
16576,42158,25805,101,70310,67802,24170,71074,163298,123,1,1
16577,33431,23683,7888,70672,68259,12084,79207,148705,114,1,1
16578,23725,26189,132,68963,66355,2294,69775,122082,125,1,1
16579,10750,9268,104,56462,55211,1739,56978,78820,54,1,1
16580,41885,30213,134,75184,72230,28623,76052,176877,140,1,1
16581,12894,6885,136,59481,58514,15283,59989,95351,40,1,1
16582,24182,27578,114,64834,62131,2276,65645,119775,129,1,1
16583,15252,15949,100,56041,54212,1882,56659,89827,83,1,1
16584,42550,29409,120,83400,80575,23915,84276,180261,136,1,1
16585,13565,7761,123,59035,58011,15558,59527,96505,42,1,1
16586,21096,21141,118,62089,59874,2128,62801,107261,105,1,1
16587,11788,10767,106,54475,53134,2594,55009,80250,61,1,1
16588,52333,27227,165,72404,69767,21821,73269,174745,129,1,1
16589,12603,8199,100,58754,57699,13717,59234,93844,45,1,1
16590,17114,20313,111,59347,57262,2324,60040,99886,100,1,1
16591,13230,12883,98,57055,55564,1742,57635,85582,69,1,1
16592,42246,26851,172,72197,69556,27630,73043,170070,126,1,1
16593,15952,6792,104,58738,57777,12367,59264,94467,40,1,1
16594,19999,19024,138,60441,58431,2286,61151,102554,94,1,1
16595,11034,8007,114,54906,53800,1806,55416,76357,47,1,1
16596,41869,31554,148,74170,71077,24951,75062,173535,145,1,1
16597,14219,6362,104,58368,57431,12065,58832,91569,37,1,1
16598,20139,20108,138,57760,55695,2346,58489,101175,98,1,1
16599,12525,11953,101,42946,41530,1779,43515,69857,66,1,1
16600,4473,253,148,37870,37655,1795,38238,44861,1,1,1
16601,41662,29724,106,70371,67509,25583,71196,168260,136,1,1
16602,12567,7029,103,59368,58415,13698,59828,93213,39,1,1
16603,42314,21869,129,69207,66992,21206,69931,155425,104,1,1
16604,10306,2392,103,24574,24069,16385,24941,54114,16,1,1
16605,28143,6549,193,37224,36319,12807,37792,85390,38,1,1
16606,28696,16291,99,32418,30659,3626,33022,81729,81,1,1
16607,5157,214,93,35552,35329,1732,35844,43029,1,1,1
16608,42116,31679,108,104659,101625,21427,105504,200825,143,1,2
16609,14112,5601,97,56888,56082,10511,57313,87629,32,1,1
16610,25595,39694,161,50311,47657,1835,51150,118368,126,1,1
16611,13917,14232,100,42223,40542,1745,42810,72798,75,1,1
16612,19686,19821,107,78295,76221,1879,78976,120457,98,1,1
16613,15655,16914,110,74807,72960,1751,75449,109869,88,1,1
16614,20978,21510,166,50028,47874,2163,50797,95548,104,1,1
16615,13449,11380,99,41783,40371,1720,42344,68978,63,1,1
16616,20436,17981,113,77969,76051,1868,78644,119027,91,1,1
16617,11853,10411,105,71694,70389,1695,72238,96287,59,1,1
16618,19635,17334,171,45460,43647,1823,46179,85071,86,1,1
16619,9921,9858,102,39817,38619,1730,40342,61943,53,1,1
16620,26686,29777,107,79278,76479,1781,80107,138447,139,1,1
16621,14428,14912,105,69462,67788,2266,70080,101776,79,1,1
16622,13017,11969,152,39999,38574,1784,40612,67478,64,1,1
16623,10629,7733,103,30942,29876,1705,31422,51579,44,1,1
16624,3862,212,100,24168,23957,2207,24475,30838,1,1,1
16625,21853,24071,105,76961,74611,1918,77700,125642,116,1,1
16626,12689,12557,97,71159,69695,1703,71726,98769,68,1,1
16627,16518,13359,187,40666,39169,1730,41336,73039,69,1,1
16628,11398,10149,101,32859,31591,1731,33385,56755,56,1,1
16629,21067,20695,113,76144,73964,1732,76864,120453,105,1,1
16630,11119,9172,97,74803,73509,6504,75324,102210,55,1,1
16631,15861,13203,180,34925,33418,1753,35581,66496,68,1,1
16632,8944,5536,103,28717,27880,1711,29148,45424,33,1,1
16633,4522,219,107,25604,25389,1718,25923,32472,1,1,1
16634,7055,4455,98,46343,45599,4933,46750,63277,28,1,1
16635,11377,7002,97,57078,56113,1691,57539,77701,41,1,1
16636,15946,15617,102,75426,73690,1764,76035,109454,81,1,1
16637,9458,4232,141,29523,28794,1738,29988,45514,26,1,1
16638,7975,4067,102,33513,32820,1710,33913,47757,26,1,1
16639,4213,211,107,24880,24666,1703,25210,31428,1,1,1
16640,23101,23686,112,80446,78086,1705,81199,129785,115,1,1
16641,14909,14173,96,73480,71833,1717,74077,104967,75,1,1
16642,8883,3502,207,32171,31520,1781,32689,46953,23,1,1
16643,4287,333,96,22363,22110,1728,22676,29116,3,1,1
16644,4191,210,91,23446,23242,1804,23732,30018,1,1,1
16645,4781,282,89,17313,17080,1704,17615,24467,2,1,1
16646,20821,22790,112,58998,56752,1698,59717,105121,108,1,1
16647,12542,4328,94,56401,55725,10238,56812,84013,26,1,1
16648,16473,16490,104,57512,55729,1705,58134,92893,84,1,1
16649,10472,3049,160,57011,56426,3713,57476,74807,20,1,1
16650,9487,4936,128,32117,31332,1715,32570,48804,30,1,1
16651,4254,334,96,22368,22096,1727,22681,29082,3,1,1
16652,22170,22088,107,62507,60293,1715,63225,109294,106,1,1
16653,12496,9891,92,107610,106224,4327,108113,134919,54,1,2
16654,6915,198,204,55206,54991,1763,55633,64600,1,1,1
16655,4260,285,106,24121,23866,1768,24441,30853,2,1,1
16656,4073,269,113,19613,19390,1751,19929,26118,2,1,1
16657,4332,213,96,22013,21812,2338,22306,29271,1,1,1
16658,12324,10168,98,56437,55168,4697,56955,84229,55,1,1
16659,12075,10951,103,58443,57100,3272,58989,85374,60,1,1
16660,8884,212,94,54177,53969,1746,54474,65397,1,1,1
16661,41221,42661,220,77517,73697,5546,78642,168170,191,1,1
16662,4280,210,105,25712,25465,1726,26037,32348,1,1,1
16663,27878,32030,110,69848,66855,1713,70719,132434,149,1,1
16664,11836,12074,96,61409,59924,1836,61969,87807,65,1,1
16665,9100,354,106,67546,67280,2379,67923,79848,3,1,1
16666,12973,8193,107,61728,60593,8088,62221,91567,47,1,1
16667,17536,16160,114,57034,55309,1768,57672,93231,81,1,1
16668,8826,6183,99,52510,51602,1780,52960,69835,38,1,1
16669,42226,31622,109,85648,82692,11828,86534,172312,144,1,1
16670,13511,9142,116,60932,59766,9785,61451,93980,51,1,1
16671,19142,17192,111,61810,59939,1713,62462,100603,88,1,1
16672,10173,8815,96,66099,64897,1816,66605,87516,51,1,1
16673,52842,39170,179,78503,74930,9315,79549,180975,177,1,1
16674,10452,4713,99,57325,56568,14687,57739,87683,28,1,1
16675,25642,28337,114,64656,61947,1817,65468,121362,133,1,1
16676,10817,9495,104,56753,55537,1832,57278,79507,54,1,1
16677,41966,32044,143,74932,71957,17186,75830,167125,148,1,1
16678,15092,8053,100,58212,57200,14667,58697,96804,43,1,1
16679,17489,16306,111,59693,57994,1746,60316,95950,81,1,1
16680,11411,10920,103,58236,56945,1833,58766,83013,59,1,1
16681,42037,30414,148,72526,69649,16804,73405,162761,143,1,1
16682,13212,8518,105,59348,58264,12302,59834,93959,47,1,1
16683,41923,12184,115,42556,41127,27545,43129,124876,63,1,1
16684,20438,7681,102,42208,41208,7122,42681,78014,42,1,1
16685,10895,13076,198,31049,30327,15843,31591,71517,16,1,1
16686,27286,14112,103,42813,41279,9505,43392,94387,70,1,1
16687,14068,7920,95,39478,38478,1766,39938,63784,42,1,1
16688,42172,32826,109,73957,70897,12625,74835,162566,151,1,1
16689,12966,3530,107,55816,55167,12488,56230,85305,23,1,1
16690,16002,14506,132,62354,60663,1766,62992,95362,76,1,1
16691,10705,9234,157,55179,53919,1756,55761,77552,52,1,1
16692,41942,35837,114,73837,70660,15158,74740,167775,157,1,1
16693,19170,15740,100,64433,62683,8650,65043,108695,81,1,1
16694,17963,17230,139,74223,72336,1775,74948,112014,88,1,1
16695,11914,10848,113,55852,54546,1745,56402,81003,60,1,1
16696,42017,24375,106,70323,67863,28047,71074,165607,117,1,1
16697,17356,9458,105,59557,58363,13447,60068,100421,52,1,1
16698,3107,819,154,38112,37775,5032,38499,47555,7,1,1
16699,14173,11290,99,54222,52811,1861,54770,82185,63,1,1
16700,9558,7771,96,55994,54935,1813,56475,75708,46,1,1
16701,42467,26264,114,68438,66014,29345,69202,167373,118,1,1
16702,13660,8236,100,58212,57193,13294,58687,93968,43,1,1
16703,16640,16148,144,59772,57960,1838,60431,95158,82,1,1
16704,14815,14920,102,44012,42379,1781,44604,76211,77,1,1
16705,4599,356,107,37474,37216,2319,37811,45183,3,1,1
16706,42346,28764,132,69856,67133,34819,70676,176712,132,1,1
16707,14368,7503,105,59710,58695,25916,60210,108093,43,1,1
16708,19469,19485,144,46591,44441,1840,47302,88196,96,1,1
16709,12907,13797,100,41538,39908,2297,42118,71211,74,1,1
16710,1449,234,91,35791,35532,1063,36097,38925,1,1,1
16711,4015,213,98,578,385,8313,865,13486,1,1,1
16712,40852,45758,99,71903,67954,48386,72919,208009,197,1,1
16713,10855,9213,103,82445,81209,1758,82993,104917,51,1,1
16714,17190,16435,145,48153,46333,1772,48827,84317,85,1,1
16715,11448,10947,103,40436,39076,1733,40983,65201,61,1,1
16716,23743,23235,110,77947,75655,1798,78683,127553,113,1,1
16717,11163,10176,100,80515,79161,1768,81091,104296,58,1,1
16718,16006,14743,115,44157,42492,1722,44779,77344,78,1,1
16719,10236,8999,99,40423,39256,1708,40930,61965,51,1,1
16720,25920,25230,114,78266,75755,1701,79047,131994,124,1,1
16721,11829,10220,101,83540,82223,1731,84125,108004,59,1,1
16722,17216,18153,143,44017,42112,1723,44734,81920,92,1,1
16723,8629,6898,105,35930,34966,1732,36394,53749,41,1,1
16724,24538,27225,110,78827,76224,1838,79634,133332,129,1,1
16725,7090,5326,110,78475,77673,1762,78979,93261,32,1,1
16726,14116,12349,114,41618,40155,1743,42198,70502,65,1,1
16727,11576,8462,98,29831,28727,1737,30318,52178,48,1,1
16728,4200,218,106,25074,24862,1760,25394,31668,1,1,1
16729,19027,17972,106,77085,75164,1770,77754,116620,92,1,1
16730,11187,10553,99,82968,81633,2616,83547,107999,60,1,1
16731,14852,12955,117,34302,32858,1761,34885,64551,66,1,1
16732,7774,5442,94,31000,30195,1789,31419,46510,32,1,1
16733,4744,355,94,24933,24681,1700,25237,32120,3,1,1
16734,22383,23290,113,76683,74360,1716,77428,124910,114,1,1
16735,13150,12454,99,88947,87470,1777,89554,117035,68,1,1
16736,14234,10867,130,33095,31762,1700,33661,60558,59,1,1
16737,8597,4771,99,28058,27254,1723,28477,43654,31,1,1
16738,4404,210,109,25958,25753,1719,26283,32710,1,1,1
16739,21614,25130,100,76327,73852,1710,77081,125625,121,1,1
16740,15158,15354,176,77942,76090,1789,78660,111060,83,1,1
16741,9647,5787,133,34938,34052,1705,35425,52658,35,1,1
16742,7573,4978,97,31700,30883,1719,32117,46471,31,1,1
16743,4110,208,113,25431,25226,1683,25746,31843,1,1,1
16744,6648,3530,95,47703,47050,5480,48098,63846,23,1,1
16745,20227,10402,109,92369,91032,5173,92901,128797,53,1,2
16746,19726,19127,175,70836,68804,2073,71578,112604,97,1,1
16747,9787,3869,107,32027,31342,2031,32458,48243,26,1,1
16748,4276,211,91,24715,24503,1826,25022,31417,1,1,1
16749,2579,214,97,23621,23422,2957,23924,29759,1,1,1
16750,4399,213,96,16970,16780,1848,17267,23807,1,1,1
16751,24682,25103,116,77736,75300,1768,78502,130151,119,1,1
16752,8612,6700,157,59055,58027,1924,59587,76918,41,1,1
16753,4438,209,104,54175,53970,1914,54504,61157,1,1,1
16754,2397,211,100,22530,22325,2034,22837,27575,1,1,1
16755,4129,216,97,17290,17094,1677,17582,23693,1,1,1
16756,4144,212,95,21007,20818,1719,21301,27460,1,1,1
16757,22146,21998,121,60514,58312,1978,61246,107462,107,1,1
16758,12881,3172,95,84752,83984,2895,85155,104194,20,1,2
16759,13198,12994,213,49351,47862,1775,50053,78117,69,1,1
16760,16951,4007,125,56220,55564,1712,56648,79415,24,1,1
16761,4279,214,127,24097,23878,1686,24446,30717,1,1,1
16762,4288,221,106,18388,18180,1685,18699,24987,1,1,1
16763,4325,212,88,26042,25843,1729,26327,32674,1,1,1
16764,22126,24242,94,62794,60368,2149,63529,112133,118,1,1
16765,15684,10870,95,45349,44107,7502,45867,80022,57,1,1
16766,17667,14351,172,53172,51647,1718,53840,87674,72,1,1
16767,6356,211,90,53833,53633,1688,54129,62466,1,1,1
16768,41162,46187,116,78247,74184,2285,79315,169061,205,1,1
16769,14021,2112,107,57844,57368,1780,58215,76233,14,1,1
16770,20212,18863,120,63599,61601,1750,64287,105213,93,1,1
16771,6489,3250,152,41357,40736,12321,41814,63969,21,1,1
16772,20116,16289,98,67855,66038,7300,68479,112280,83,1,1
16773,42172,34990,116,75743,72591,12116,76647,166021,157,1,1
16774,12294,10072,99,60075,58841,9627,60598,92684,55,1,1
16775,16701,25541,176,62176,60465,1826,62870,107036,76,1,1
16776,10212,9260,99,57966,56730,1737,58478,79778,53,1,1
16777,41901,29701,139,73603,70830,11627,74453,157790,136,1,1
16778,12841,8073,104,60061,59027,10186,60540,91741,44,1,1
16779,23165,22703,213,67406,65123,1814,68243,116027,109,1,1
16780,7873,6423,98,51773,50854,1725,52233,68351,38,1,1
16781,8523,6119,101,43398,42490,1705,43842,60289,38,1,1
16782,42051,35618,105,74543,71275,8576,75447,161831,162,1,1
16783,11871,7546,104,60832,59821,14418,61319,95249,42,1,1
16784,27391,29493,147,67832,64981,1780,68753,127518,138,1,1
16785,12396,10819,130,58223,56821,1701,58798,83806,61,1,1
16786,41658,31361,109,79901,77015,18166,80756,172045,143,1,1
16787,26618,8028,162,61144,60030,13547,61711,110007,44,1,1
16788,23335,23947,111,66047,63612,1785,66801,115963,116,1,1
16789,14278,14861,100,62983,61229,1711,63603,94546,80,1,1
16790,42452,24887,116,70425,68027,27379,71180,166001,117,1,1
16791,14270,7957,163,60409,59310,14976,60962,98265,45,1,1
16792,20283,20900,114,64654,62405,1812,65377,108468,105,1,1
16793,12095,12276,100,57147,55663,1732,57711,83907,67,1,1
16794,42122,34633,110,85103,81871,14384,86048,177288,160,1,1
16795,14572,9239,102,60758,59612,10135,61276,95315,51,1,1
16796,18817,18933,110,60157,58169,1720,60827,100392,95,1,1
16797,11794,11943,101,56370,54988,1738,56927,82495,64,1,1
16798,41680,28210,111,83592,80876,27557,84440,181984,131,1,1
16799,14505,7533,111,59323,58333,13478,59807,95621,42,1,1
16800,17799,17516,110,57209,55390,1942,57869,95220,86,1,1
16801,10991,9402,100,63906,62654,1734,64428,86656,54,1,1
16802,52785,21747,177,68822,66627,27467,69623,171719,104,1,1
16803,11356,5620,102,57772,56947,12780,58250,88097,34,1,1
16804,16409,15439,111,178593,176884,1800,179211,212964,78,1,1
16805,8427,7336,101,165423,164350,1670,165886,183421,43,1,1
16806,43395,41288,633,289236,283008,9224,291672,385913,174,1,1
16807,11069,10147,118,219251,217548,11597,219855,252789,52,1,1
16808,12400,1907,121,60528,60030,1967,60948,77326,12,1,1
16809,41333,44557,119,81022,76715,2906,82087,170986,201,1,1
16810,4086,230,97,23921,23695,1918,24243,30580,1,1,1
16811,7014,4913,91,51220,50440,6203,51631,69854,31,1,1
16812,10133,9046,98,59023,57882,2047,59535,80852,51,1,1
16813,41683,31934,156,76207,73286,12669,77124,163517,148,1,1
16814,14024,7093,100,59911,58998,9912,60373,91495,38,1,1
16815,15553,12617,109,55929,54452,1854,56487,86613,64,1,1
16816,10285,8585,107,65182,64061,2021,65746,86745,49,1,1
16817,41863,30215,119,73480,70768,12303,74320,158823,136,1,1
16818,11735,7798,97,59474,58449,10065,59940,89632,43,1,1
16819,17113,16416,104,59199,57440,1792,59835,95260,82,1,1
16820,8694,6748,95,62703,61761,1812,63213,80572,40,1,1
16821,41727,31225,113,72069,69048,11082,72919,157062,142,1,1
16822,12024,5998,99,59919,59078,12295,60370,90790,34,1,1
16823,18871,18785,103,61666,59683,1952,62321,102026,91,1,1
16824,10497,9220,220,58629,57208,1802,59273,80891,52,1,1
16825,41671,27875,103,72052,69420,18188,72860,160688,128,1,1
16826,11609,6834,104,58705,57670,12784,59162,90483,40,1,1
16827,21188,23359,104,62955,60491,1828,63690,110152,112,1,1
16828,13296,12676,196,58425,56450,1934,59094,87097,69,1,1
16829,4925,1713,101,57528,57091,26102,57909,90732,13,1,1
16830,14406,6866,99,58514,57500,14688,58994,95046,39,1,1
16831,21544,21412,115,63604,61298,1875,64322,109247,105,1,1
16832,13481,13764,197,58485,56761,1824,59179,88343,75,1,1
16833,4852,1380,104,58118,57657,29728,58479,94536,11,1,1
16834,14495,9237,101,61105,59860,12204,61613,97648,50,1,1
16835,21869,26110,105,62098,59484,1814,62869,112756,125,1,1
16836,14536,15669,147,59540,57893,1771,60195,92279,78,1,1
16837,3710,1907,102,58258,57765,33642,58623,97968,13,1,1
16838,11675,7424,105,59309,58260,14416,59788,93395,41,1,1
16839,8825,7655,106,53355,52311,3550,53841,73965,44,1,1
16840,18513,6072,218,55550,54738,1860,56118,82666,32,1,1
16841,3214,899,100,54594,54270,32997,54938,92136,7,1,1
16842,15040,6027,148,62497,61566,13015,62997,97178,35,1,1
16843,19108,21644,146,61366,59136,1833,62114,104794,106,1,1
16844,12362,13336,106,52524,50998,1801,53197,80791,70,1,1
16845,4647,205,100,36284,36062,1799,36595,43329,1,1,1
16846,41977,29928,97,70181,67329,24788,70993,167779,139,1,1
16847,15050,9766,95,60081,58870,11459,60589,96956,54,1,1
16848,21465,20381,139,60126,58035,2096,60851,104880,101,1,1
16849,14896,15256,192,43435,41743,1827,44162,76245,81,1,1
16850,7183,573,101,90354,89918,7911,90680,106432,4,1,2
16851,13710,9725,99,63198,62005,3777,63719,91025,53,1,1
16852,17538,17905,108,45255,43386,1786,45904,83225,90,1,1
16853,10604,8829,92,39974,38837,1990,40459,61972,51,1,1
16854,4551,227,194,36961,36745,1908,37382,44162,1,1,1
16855,42551,30767,96,70330,67541,13892,71161,158463,141,1,1
16856,10310,9321,102,70602,69378,1632,71130,92483,52,1,1
16857,7754,6669,104,38901,37941,3790,39367,57673,41,1,1
16858,12636,11065,98,55713,54387,1981,56350,82130,61,1,1
16859,22872,22285,119,78207,75950,1780,78963,125987,112,1,1
16860,13691,13220,99,72162,70588,1804,72740,101549,73,1,1
16861,12233,8824,103,40737,39586,2024,41249,64421,51,1,1
16862,19074,7715,159,38687,37616,1923,39240,68048,47,1,1
16863,21931,22694,97,77279,75002,1759,77996,124474,112,1,1
16864,10914,9250,164,71613,70385,1758,72189,94211,53,1,1
16865,16540,16148,140,44680,42857,1793,45380,79955,83,1,1
16866,10347,9380,167,39454,38269,2100,40043,61963,52,1,1
16867,24086,24730,106,79230,76768,1743,79995,130646,122,1,1
16868,14436,12544,101,71665,70150,1817,72241,101129,69,1,1
16869,9051,8095,102,37879,36821,3007,38362,58608,46,1,1
16870,19384,7132,198,33890,32880,1890,34474,62976,43,1,1
16871,4104,228,98,25990,25786,1779,26294,32489,1,1,1
16872,8947,5529,98,45759,44920,4691,46192,65449,34,1,1
16873,12505,8020,98,60878,59821,2156,61367,84138,47,1,1
16874,7890,6204,100,44442,43509,5714,44903,64808,39,1,1
16875,10029,6294,92,57702,56765,1697,58146,76256,39,1,1
16876,1197,231,96,22530,22323,28088,22834,52442,1,1,1
16877,20031,4123,98,35129,34496,16883,35576,76711,24,1,1
16878,12391,3330,103,25220,24600,11822,25623,53258,23,1,1
16879,21110,8223,111,23297,22192,5868,23783,59070,45,1,1
16880,4427,198,90,23484,23273,1753,23782,30241,1,1,1
16881,25460,27354,96,75894,73319,1744,76668,131314,129,1,1
16882,10146,8772,103,72452,71334,1757,72945,93711,50,1,1
16883,3129,1448,203,27861,27449,3133,28328,36123,11,1,1
16884,7579,2993,96,30103,29504,1972,30509,43137,21,1,1
16885,4415,311,90,24445,24192,1750,24753,31316,3,1,1
16886,22931,21547,98,80584,78472,1940,81275,127787,104,1,1
16887,11314,11273,100,58534,57159,1733,59075,83485,63,1,1
16888,6447,3024,101,58042,57455,6458,58443,74466,20,1,1
16889,9473,6130,141,30133,29163,1806,30640,48143,37,1,1
16890,8134,4677,96,30921,30158,1932,31337,46170,29,1,1
16891,8405,6316,107,73049,72018,2097,73521,90432,36,1,2
16892,11817,8767,98,103450,102154,8905,103945,133525,51,1,2
16893,9917,2755,103,54849,54314,3694,55233,71691,18,1,1
16894,9231,3601,150,31463,30796,1993,31935,46851,24,1,1
16895,4207,196,94,22136,21933,1783,22424,28697,1,1,1
16896,4069,353,98,41717,41379,1735,42047,48290,2,1,2
16897,1999,525,168,30440,30169,1046,30826,34482,4,1,1
16898,36318,38701,144,76066,72560,1906,77074,154092,178,1,1
16899,11444,9551,105,57917,56702,1576,58441,81107,54,1,1
16900,4624,234,97,23444,23199,1851,23767,30560,1,1,1
16901,14247,14809,99,80490,78793,1417,81151,111723,79,1,1
16902,4368,239,110,19673,19462,2211,20009,26917,1,1,1
16903,4632,192,97,23051,22822,2043,23344,30297,1,1,1
16904,20129,19893,105,81246,79208,1615,81944,123732,100,1,1
16905,9116,8680,103,59626,58492,1868,60138,79894,50,1,1
16906,5121,696,96,54870,54561,1816,65925,73659,6,1,1
16907,4364,250,104,23225,22999,1743,23543,29987,1,1,1
16908,24246,24357,125,66803,64422,1863,67579,118142,118,1,1
16909,12826,12540,153,62711,61243,1771,63332,90565,69,1,1
16910,13063,1995,104,61050,60592,1703,61429,78290,14,1,1
16911,24570,42886,181,76761,73951,1852,77687,147095,138,1,1
16912,4055,242,112,24417,24202,1836,24776,31007,1,1,1
16913,16149,15465,102,59080,57400,3639,59699,95036,80,1,1
16914,11572,11559,98,61273,59898,1893,61823,86932,64,1,1
16915,41759,25349,98,70933,68557,11904,71672,150770,118,1,1
16916,9148,3935,154,58017,57368,10887,58486,82556,25,1,1
16917,19920,19088,117,64827,62835,1774,65501,106371,95,1,1
16918,10366,8129,101,60476,59414,1849,60958,81389,47,1,1
16919,41245,36510,176,75424,72144,22121,76496,176465,167,1,1
16920,14446,9747,146,61302,60153,11901,61880,98073,52,1,1
16921,21704,21478,105,63275,61139,1803,63971,109044,105,1,1
16922,8492,7452,100,56138,55145,1769,56608,74411,43,1,1
16923,41421,37821,102,86186,82828,8244,87171,174751,171,1,1
16924,8642,3170,108,57889,57307,12566,58308,82778,21,1,1
16925,20941,22528,99,63776,61487,1761,64486,109810,111,1,1
16926,15073,15421,104,66259,64553,2183,66878,99661,81,1,1
16927,18754,4133,148,60252,59593,29254,60732,112968,25,1,1
16928,13590,8482,109,57469,56430,16187,57971,96320,46,1,1
16929,8345,7962,100,55869,54770,4347,56355,77102,47,1,1
16930,12676,12654,100,57478,55994,1725,58054,85195,69,1,1
16931,49760,29056,224,73315,70648,21236,74244,174390,132,1,1
16932,13315,5489,105,58005,57200,14799,58439,92193,33,1,1
16933,17861,16378,101,58686,56913,1789,59313,95435,83,1,1
16934,11164,10153,96,56098,54828,1868,56622,79892,57,1,1
16935,42056,31082,208,74242,71386,25206,75212,173655,141,1,1
16936,11914,5835,99,57408,56591,14563,57846,90261,33,1,1
16937,17774,19147,107,61203,59243,1860,61875,100761,94,1,1
16938,14634,15036,103,57367,55689,1901,57983,89646,80,1,1
16939,42000,26021,161,71886,69429,19313,72722,160152,122,1,1
16940,13958,9268,100,62178,61040,11344,62687,97351,51,1,1
16941,19198,19542,106,59579,57568,1840,60261,100935,96,1,1
16942,8648,5979,101,54248,53344,2153,54711,71586,37,1,1
16943,42144,25322,161,71241,68863,27734,72063,167356,117,1,1
16944,10652,3842,109,57266,56626,13230,57671,85488,24,1,1
16945,9056,8024,110,54267,53160,2830,54759,74755,46,1,1
16946,14190,13889,177,43556,42015,1652,44205,74021,70,1,1
16947,4983,274,162,37844,37608,1854,38239,45443,2,1,1
16948,41653,29782,99,70472,67701,20647,71286,163464,139,1,1
16949,9439,3987,99,57300,56637,13433,57710,84661,25,1,1
16950,16189,14631,110,57998,56370,1793,58614,91319,76,1,1
16951,14930,14435,105,62042,60426,1978,62690,94128,74,1,1
16952,42284,23740,112,69509,67176,27630,70266,164021,110,1,1
16953,12588,12529,103,71944,70523,1936,72568,99711,66,1,1
16954,42525,13947,104,67916,66396,27325,68484,152386,70,1,1
16955,12944,2380,112,29709,29194,27018,30086,72524,16,1,1
16956,21735,9045,187,39313,38200,10227,39889,80993,49,1,1
16957,4279,303,97,36854,36623,1750,37152,43569,2,1,1
16958,42117,31561,106,69936,67031,28106,70782,172650,144,1,1
16959,10852,8524,107,67809,66693,1821,68308,89591,48,1,1
16960,9933,7550,137,41543,40526,2524,42054,62148,42,1,1
16961,10649,8942,180,39987,38800,1860,40595,62155,50,1,1
16962,9477,8816,98,47705,46606,4313,48201,70892,49,1,1
16963,17260,14752,101,64723,63078,1815,65332,99246,78,1,1
16964,13157,12471,142,72525,71052,2147,73137,100996,69,1,1
16965,17619,19259,102,51245,49266,1868,51960,90798,94,1,1
16966,12601,11107,100,38763,37453,1828,39307,64934,59,1,1
16967,7824,5903,93,46209,45341,5183,46652,65654,36,1,1
16968,13706,11041,92,60832,59519,1840,61374,88044,61,1,1
16969,14673,12756,102,70165,68654,1776,70731,100027,71,1,1
16970,6348,4783,100,50854,49778,4885,51375,67519,31,1,1
16971,11295,10873,113,39776,38434,1763,40329,64352,60,1,1
16972,10142,9219,95,47622,46463,4089,48123,71662,52,1,1
16973,10195,7830,96,59288,58169,1767,59759,79642,46,1,1
16974,17069,15626,99,69670,67977,3422,70271,106474,80,1,1
16975,6256,4492,104,44054,43303,3927,44539,59305,29,1,1
16976,10947,10088,99,32238,31020,1812,33028,55960,55,1,1
16977,4130,246,97,25294,25085,2089,25595,32146,1,1,1
16978,15458,15107,96,73495,71885,3670,74090,108411,77,1,1
16979,6760,4994,96,45206,44407,3079,45623,60543,32,1,1
16980,23574,16797,93,69157,67425,3146,69768,113401,83,1,1
16981,12905,9526,160,33993,32831,1900,34572,58997,52,1,1
16982,8326,5719,92,28079,27227,1889,28496,44516,34,1,1
16983,4047,238,102,25442,25201,2165,25745,32296,1,1,1
16984,23383,24482,104,76082,73749,1813,76829,126610,116,1,1
16985,9084,8064,102,72934,71834,1796,73433,92463,48,1,1
16986,10645,6953,193,30058,29116,1779,30612,50081,40,1,1
16987,7485,4000,142,29674,28983,1738,30118,43434,26,1,1
16988,2763,195,94,23965,23761,2401,24273,29715,1,1,1
16989,22021,21893,94,78594,76386,1776,79300,125076,108,1,1
16990,11475,10075,100,71655,70388,2410,72182,96231,58,1,1
16991,8715,4098,166,29413,28701,1739,29901,44552,26,1,1
16992,7920,3069,90,31730,31115,1841,32105,45021,21,1,1
16993,10024,10872,102,55312,54011,4923,55860,81767,60,1,1
16994,11887,5034,95,58239,57492,1952,58660,77703,30,1,1
16995,16430,16273,105,58923,57136,2324,59558,94668,85,1,1
16996,7111,1044,96,53782,53441,1735,54118,64094,8,1,1
16997,7552,3044,147,31503,30932,2241,31945,44887,20,1,1
16998,4497,198,97,22372,22168,1890,22674,29343,1,1,1
16999,4209,199,94,24793,24594,1790,25085,31367,1,1,1
17000,4345,343,95,17906,17660,1846,18214,24834,3,1,1
17001,10466,7693,92,50737,49717,4171,51220,73635,45,1,1
17002,13827,3651,93,71273,70527,6640,71660,95862,22,1,2
17003,21399,24217,108,70271,67895,1728,71020,118468,116,1,1
17004,6191,341,99,55059,54796,1724,55395,63735,3,1,1
17005,4096,200,211,24271,24059,1899,24689,30968,1,1,1
17006,4043,200,97,18066,17865,1853,18364,24541,1,1,1
17007,4263,191,94,22275,22087,1823,22576,28945,1,1,1
17008,20704,19664,104,81598,79580,1959,82291,124745,98,1,1
17009,10335,9357,95,60326,59077,1789,60850,82416,55,1,1
17010,5856,223,99,56404,56197,1753,56713,64644,1,1,1
17011,1979,196,154,22446,22233,2608,22819,27684,1,1,1
17012,20369,22460,112,64255,62030,1949,65001,109866,110,1,1
17013,10938,10565,99,60550,59243,1769,61125,84487,59,1,1
17014,5003,226,103,54644,54438,1740,54952,62015,1,1,1
17015,20218,23585,117,89382,87008,1740,90200,135841,115,1,1
17016,19569,16792,145,65435,63609,1830,66153,104443,87,1,1
17017,9395,7070,99,52292,51320,1798,52744,71101,41,1,1
17018,41810,34420,113,75909,72864,12174,76794,165293,152,1,1
17019,42456,42017,186,77941,74249,5300,79023,169069,189,1,1
17020,19724,17442,118,60431,58570,1974,61103,100444,90,1,1
17021,9214,7883,103,53704,52656,1828,54198,73221,46,1,1
17022,19692,10371,132,47159,45914,1993,47725,79875,57,1,1
17023,42038,31097,109,84672,81878,11241,85562,170219,140,1,1
17024,15343,10144,107,60590,59381,11983,61123,98684,55,1,1
17025,24697,26553,101,66503,63973,1795,67274,120413,126,1,1
17026,9550,8130,93,56137,55038,1779,56615,76160,48,1,1
17027,10657,764,195,57722,57393,17996,58172,87682,7,1,1
17028,12487,6499,108,61225,60304,12519,61706,93297,39,1,1
17029,18331,20568,96,61304,59217,1787,61980,102758,101,1,1
17030,11897,12843,110,58852,57385,1775,59434,86042,69,1,1
17031,7070,2996,98,71757,71179,27187,72212,109560,20,1,1
17032,13495,7550,113,60643,59652,16280,61137,98554,42,1,1
17033,22123,25293,127,64037,61545,1820,64825,114156,122,1,1
17034,13191,14019,104,60788,59199,2752,61380,91436,74,1,1
17035,51946,29977,206,72891,70138,25390,73817,181226,135,1,1
17036,12236,6519,96,58597,57684,15195,59052,93088,37,1,1
17037,1008,236,104,22959,22742,34254,23271,58854,1,1,1
17038,19042,4827,101,35465,34710,27726,35906,87591,30,1,1
17039,33024,23597,95,67998,65374,16108,68741,141594,110,1,1
17040,8537,2455,93,31307,30806,14863,31691,57631,16,1,1
17041,27198,26974,193,61886,60001,8213,62605,125075,85,1,1
17042,41675,29273,115,70977,68253,21957,71794,164790,132,1,1
17043,11929,5987,143,58408,57471,16126,58890,93025,35,1,1
17044,24598,29048,127,63583,60897,2134,64410,120283,133,1,1
17045,14154,14995,207,57116,55440,2843,57819,89903,76,1,1
17046,41868,28547,121,70281,67638,27649,71108,169256,132,1,1
17047,12119,5936,98,57991,57158,12756,58436,89332,34,1,1
17048,9963,8312,100,53718,52591,3969,54209,76539,48,1,1
17049,11761,11015,230,56293,54970,1880,56960,81711,59,1,1
17050,42050,28619,124,70286,67639,26241,71098,168098,131,1,1
17051,14394,5479,95,57000,56201,11657,57424,89047,32,1,1
17052,18761,19477,121,60236,58221,1801,60925,101054,96,1,1
17053,14398,13940,189,43083,41524,1810,43757,73994,73,1,1
17054,4651,232,105,36998,36788,1781,37309,44059,1,1,1
17055,42328,27772,105,69098,66508,24183,69890,164266,130,1,1
17056,12080,5026,108,57152,56410,12743,57577,87518,30,1,1
17057,10151,9940,118,43622,42334,3710,44173,68065,55,1,1
17058,16305,15499,190,43569,41845,2092,44270,78257,81,1,1
17059,4701,200,92,36587,36385,1911,36879,43773,1,1,1
17060,41080,31650,103,70274,67315,15577,71121,159520,147,1,1
17061,11666,9541,104,69173,67903,1754,69697,92744,54,1,1
17062,4049,2585,103,44394,43807,4841,44830,56396,18,1,1
17063,13926,13156,96,41490,39955,1786,42062,71022,71,1,1
17064,4603,236,113,37370,37155,1968,37687,44578,1,1,1
17065,10157,3889,99,58600,57931,24703,59001,97842,25,1,1
17066,12487,12785,108,71790,70322,1791,72361,99508,68,1,1
17067,10680,8613,100,38201,37088,1797,38709,59894,49,1,1
17068,10491,8890,226,39698,38541,1855,40360,61693,50,1,1
17069,10351,7953,96,46490,45425,4157,46983,69548,47,1,1
17070,13199,10301,96,63714,62427,1811,64253,89654,59,1,1
17071,14032,13185,98,70315,68789,1785,70892,99979,72,1,1
17072,14311,13047,115,52597,51060,2176,53342,82975,69,1,1
17073,9608,8427,102,42338,41158,1803,42828,62752,49,1,1
17074,26133,25839,103,78244,75704,1868,79021,132951,127,1,1
17075,10770,10125,96,70894,69594,1956,71423,94359,58,1,1
17076,16010,14843,147,52734,51020,1927,53446,86318,78,1,1
17077,10805,7977,104,31527,30438,1759,32005,52640,45,1,1
17078,4351,327,102,24381,24130,1836,24698,31298,3,1,1
17079,25951,25371,131,76888,74386,1776,77695,130885,124,1,1
17080,11637,10503,104,68034,66753,2949,68583,93758,59,1,1
17081,16744,22088,166,40249,38823,1802,40877,81605,66,1,1
17082,10751,7569,93,31085,30034,1753,31557,51729,45,1,1
17083,6892,3607,104,93158,92351,1756,93579,105939,25,1,2
17084,11356,10248,102,68908,67628,2067,69433,93188,59,1,1
17085,9387,7549,102,30716,29700,2614,31196,50832,44,1,1
17086,10797,5894,218,30081,29227,2246,30655,49691,35,1,1
17087,4396,199,94,24438,24231,1805,24727,31211,1,1,1
17088,16537,14421,94,73692,72081,1853,74279,107181,76,1,1
17089,10470,10125,108,71397,70131,1808,71946,94433,58,1,1
17090,6448,3804,104,28301,27648,2411,28705,41453,24,1,1
17091,8092,4783,96,40074,39334,1801,40545,55316,29,1,1
17092,4366,324,118,25871,25621,1827,26215,32818,3,1,1
17093,26374,26550,108,82354,79688,1896,83216,138125,129,1,1
17094,12818,10723,102,72934,71609,1780,73476,98882,61,1,1
17095,9793,3991,147,31721,31016,1771,32228,47871,26,1,1
17096,14953,192,188,23173,22961,1873,23569,40675,1,1,1
17097,4628,198,101,23913,23735,1844,24211,30966,1,1,1
17098,4335,198,87,16933,16738,1925,17216,23759,1,1,1
17099,22633,23763,97,59613,57264,1812,60337,108632,116,1,1
17100,18132,5771,92,57396,56601,5592,57836,87418,33,1,1
17101,11827,10967,102,76118,74741,1773,76666,101320,61,1,1
17102,9475,3261,158,30645,30053,1727,31095,45653,21,1,1
17103,4139,204,94,22248,22043,1793,22550,28771,1,1,1
17104,4202,235,91,24906,24697,1821,25195,31538,1,1,1
17105,4666,273,93,41454,41103,1806,41754,48591,2,1,2
17106,24172,21800,100,72858,70737,5431,73557,125052,104,1,1
17107,8941,7769,108,54776,53734,3857,55267,75918,45,1,1
17108,1440,198,91,53278,53078,993,53584,56298,1,1,1
17109,8092,598,153,920,636,2302,1282,12370,5,1,1
17110,4495,200,95,22922,22731,1741,23203,29720,1,1,1
17111,4172,209,96,18007,17799,1783,18298,24545,1,1,1
17112,4980,194,88,21281,21089,1871,21561,28688,1,1,1
17113,23128,23330,98,82494,80198,1899,83225,131666,114,1,1
17114,12496,12865,100,59494,57972,1829,60074,87347,70,1,1
17115,5000,2990,90,58176,57607,9684,58557,76322,20,1,1
17116,4436,190,152,22390,22171,1711,22743,29171,1,1,1
17117,26705,27743,111,66330,63687,1782,67151,123475,132,1,1
17118,12720,11516,103,61083,59663,1896,61644,87874,65,1,1
17119,11641,1292,98,56307,55842,1799,56658,71481,9,1,1
17120,6758,4148,107,58427,57732,8282,58854,78126,26,1,1
17121,10466,3829,147,61208,60503,20337,61667,96407,24,1,1
17122,20792,9768,100,55631,54466,10668,56138,97460,52,1,1
17123,13181,6404,97,33825,32930,10902,34268,64848,38,1,1
17124,19769,13860,99,49730,48205,5724,50301,89750,71,1,1
17125,41404,31364,113,75225,72272,11290,76096,160241,146,1,1
17126,12436,8043,223,58834,57824,10576,59445,90591,44,1,1
17127,19111,17879,104,61249,59369,1810,61901,100792,91,1,1
17128,9868,8037,96,53495,52427,1897,53972,73858,47,1,1
17129,9585,6017,104,60144,59264,15977,60600,92269,35,1,1
17130,13545,19652,459,59661,58546,11607,60687,105591,49,1,1
17131,19810,18903,106,65169,63199,1784,65836,106449,96,1,1
17132,10693,10495,101,57327,56024,1806,57864,80942,59,1,1
17133,2363,549,97,57424,57128,31127,57767,91908,5,1,1
17134,13961,7426,103,67786,66723,16175,68310,105964,40,1,1
17135,23350,26402,108,63485,60810,1825,64268,115936,127,1,1
17136,12188,11962,97,56685,55258,1856,57243,83334,66,1,1
17137,3533,252,93,61930,61724,25424,62251,91559,1,1,1
17138,12800,7992,104,69355,68336,15562,69904,106350,44,1,1
17139,9989,7491,107,55458,54410,4230,55947,77747,44,1,1
17140,12940,12448,104,56204,54761,1833,56774,84079,68,1,1
17141,858,242,98,54684,54477,36288,54999,92473,1,1,1
17142,18214,11646,104,60523,59240,14155,61070,105176,59,1,1
17143,6603,3623,142,40317,39645,4293,40777,55378,25,1,1
17144,9959,3406,99,38130,37530,1778,38531,53767,22,1,1
17145,12845,12831,91,57103,55514,1801,57661,85224,71,1,1
17146,41792,28944,104,72362,69602,23658,73179,167661,135,1,1
17147,13615,6110,98,73769,72883,12609,74250,106678,34,1,1
17148,24154,29135,117,63872,61134,1860,64712,119952,135,1,1
17149,14249,15225,97,56935,55257,1878,57533,88976,79,1,1
17150,42018,26907,106,71378,68698,28056,72174,169247,127,1,1
17151,14324,6453,152,58153,57273,13741,58645,93255,36,1,1
17152,18480,16747,105,57070,55301,1835,57709,94855,84,1,1
17153,8752,6069,97,54166,53305,1834,54601,71341,36,1,1
17154,50141,36653,188,73691,70394,14256,74712,175865,165,1,1
17155,15087,6062,151,59830,58947,7693,60315,89431,34,1,1
17156,19058,19049,106,58410,56449,2082,59085,99369,95,1,1
17157,14399,14897,95,42378,40743,1761,42968,74108,78,1,1
17158,4233,237,92,36381,36171,1729,36686,42981,1,1,1
17159,41926,28744,94,79898,67726,28464,80743,179977,133,1,1
17160,13934,6952,117,58277,57327,13754,58756,93488,40,1,1
17161,19886,21807,99,45370,43193,1807,46068,89671,107,1,1
17162,10500,8154,102,39612,38532,1712,40109,60567,47,1,1
17163,4608,196,90,36210,35995,1776,36504,43166,1,1,1
17164,41438,30426,101,119439,116402,17732,120321,210015,141,1,2
17165,12157,4076,108,57735,57078,10283,58162,84770,24,1,1
17166,10060,8840,97,41023,39844,4166,41521,64692,51,1,1
17167,12920,11569,106,40322,38886,1840,40890,67321,65,1,1
17168,8984,6899,97,47454,46480,4257,47906,68139,40,1,1
17169,17373,13556,102,64007,62490,3303,64578,98900,71,1,1
17170,17752,18300,241,73744,71579,1792,74542,112482,93,1,1
17171,18487,17945,109,46579,44711,1844,47228,85609,90,1,1
17172,12105,11837,97,40149,38734,1753,40702,66490,65,1,1
17173,28821,28963,135,81108,78315,1750,81981,141609,139,1,1
17174,14340,15001,193,72667,70980,1758,73380,104572,80,1,1
17175,17831,16211,140,42251,40538,1811,42918,78865,82,1,1
17176,9153,6875,94,39008,38039,2152,39466,57734,41,1,1
17177,8169,6268,104,46272,45375,5513,46735,66780,38,1,1
17178,14888,13421,95,71346,69850,1766,71965,102134,71,1,1
17179,10240,8588,110,69590,68474,1719,70110,90747,49,1,1
17180,8590,7795,103,37452,36433,2556,37939,56965,44,1,1
17181,10698,8672,95,29995,28897,1735,30496,51696,49,1,1
17182,4427,197,90,24177,23971,2030,24482,31230,1,1,1
17183,22758,27373,97,77742,75133,1799,78536,130559,129,1,1
17184,10734,9655,210,72679,71398,1763,73311,95562,55,1,1
17185,13576,12424,100,40362,38890,1785,40926,68805,67,1,1
17186,11096,9492,103,34614,33389,1747,35137,57565,54,1,1
17187,9533,8410,92,46802,45718,4831,47285,70152,48,1,1
17188,11898,6002,97,69129,68255,1927,69620,89539,37,1,1
17189,17113,18942,110,77198,75202,1812,77888,115847,97,1,1
17190,5815,4086,110,29638,28943,3664,30064,43718,26,1,1
17191,8558,5943,100,31554,30665,1921,31989,48504,36,1,1
17192,4225,231,104,24875,24671,1775,25186,31502,1,1,1
17193,8302,5380,98,45886,45083,4150,46347,64267,33,1,1
17194,14290,9025,91,110452,109193,4070,110999,138477,50,1,2
17195,11594,6400,103,57319,56410,2741,57778,78605,37,1,1
17196,41728,10412,108,31122,29892,10528,31644,94400,55,1,1
17197,5817,1429,95,23761,23356,9321,24100,40753,11,1,1
17198,19437,6036,93,20830,19981,2579,21248,49385,35,1,1
17199,4386,211,95,24157,23946,1732,24445,30895,1,1,1
17200,25709,24154,96,78642,76071,1839,79379,131167,116,1,1
17201,11764,10597,152,73559,72221,1872,74158,98487,60,1,1
17202,8433,3478,98,30006,29361,2223,30410,44632,23,1,1
17203,4340,198,92,22561,22353,1752,22857,29229,1,1,1
17204,4340,523,87,40602,40180,1861,40904,47713,5,1,2
17205,24082,23912,97,79589,77244,1817,80318,130216,114,1,1
17206,10397,8008,215,76220,75130,2277,76816,97597,46,1,1
17207,8324,3618,94,30491,29828,1784,30880,44694,24,1,1
17208,4447,341,98,22684,22433,1804,22994,29672,3,1,1
17209,18923,17749,94,59604,57766,1768,60232,98759,89,1,1
17210,12592,11978,98,119728,118221,5153,120326,150150,64,1,2
17211,14807,2360,104,56898,56367,1792,57279,76331,16,1,1
17212,4351,234,103,23016,22798,1793,23324,29786,1,1,1
17213,4080,229,106,18339,18134,1781,18655,24861,1,1,1
17214,4563,179,87,20861,20673,1904,21140,27877,1,1,1
17215,6507,3802,99,54724,53991,4481,55157,70190,25,1,1
17216,10158,7435,98,54998,54020,6289,55482,79448,41,1,1
17217,4573,195,194,55773,55515,1767,56182,62803,1,1,1
17218,41254,43718,98,77631,73750,3386,78649,167092,193,1,1
17219,4078,226,96,22054,21836,1741,22358,28486,1,1,1
17220,21270,22204,105,63383,61151,1729,64108,109397,109,1,1
17221,11169,18562,147,60037,58830,1827,60581,92230,52,1,1
17222,5296,203,91,56170,55966,1769,56468,63819,1,1,1
17223,11234,7352,108,60991,60038,5792,61465,85937,41,1,1
17224,18535,18528,100,62005,60067,1870,62653,101668,92,1,1
17225,9520,7597,93,57819,56765,1904,58383,77498,44,1,1
17226,12049,10128,123,47285,46035,1827,47844,71941,57,1,1
17227,42000,33950,94,75748,72662,9945,76621,162607,155,1,1
17228,13791,7601,109,59142,58126,9745,59622,90847,44,1,1
17229,18160,19048,100,62564,60569,1841,63230,102364,97,1,1
17230,8792,7141,183,39111,38137,1891,39670,57586,42,1,1
17231,11345,9228,95,44171,43037,1827,44662,67148,51,1,1
17232,8528,4111,97,59650,58958,15776,60074,88578,26,1,1
17233,12296,7587,107,58297,57322,13924,58770,92669,42,1,1
17234,22526,24539,141,66090,63676,1935,66901,115986,119,1,1
17235,11057,10440,189,59665,58334,1867,60292,83747,59,1,1
17236,4995,1660,101,56923,56508,24691,57295,88727,12,1,1
17237,12154,7619,101,59023,58035,15709,59492,95066,42,1,1
17238,9899,9357,107,55539,54350,3226,56059,78626,53,1,1
17239,13157,12796,211,60778,59273,1841,61467,89354,70,1,1
17240,4829,197,88,56073,55860,25351,56376,86837,1,1,1
17241,15231,9820,103,60093,58834,10925,60620,96687,54,1,1
17242,696,336,97,28670,28423,991,28994,31103,2,1,1
17243,33009,34462,150,59997,56843,1780,60929,130264,158,1,1
17244,8193,5783,165,54255,53354,1784,54781,70637,36,1,1
17245,5396,2081,96,58294,57819,32650,58667,98885,15,1,1
17246,12267,3988,103,58236,57549,16122,58651,91113,25,1,1
17247,9461,8920,103,53666,52511,5080,54188,77735,51,1,1
17248,22988,15192,198,56934,55244,2543,57646,98460,80,1,1
17249,4381,1634,92,57570,57141,29710,58008,93817,12,1,1
17250,12811,7935,109,59535,58411,11832,60016,92681,45,1,1
17251,9417,7622,106,60761,59661,2873,61251,81264,44,1,1
17252,12078,11127,109,66521,65190,1827,67132,92263,61,1,1
17253,5281,2043,108,58727,58239,35253,59112,101774,15,1,1
17254,12974,5830,98,57826,56915,14414,58282,91586,35,1,1
17255,16397,16667,101,58386,56572,1954,59014,94124,85,1,1
17256,9657,6760,101,54051,53064,1875,54516,72901,41,1,1
17257,41779,31469,286,70990,68027,16705,72024,162070,144,1,1
17258,12652,7586,103,59836,58782,8232,60314,88877,44,1,1
17259,16429,16387,105,57159,55385,1792,57799,92497,84,1,1
17260,12774,12875,99,57020,55513,1764,57644,85155,70,1,1
17261,4055,205,113,37896,37687,1766,38235,44348,1,1,1
17262,42115,28800,88,68968,66279,24395,69737,165140,130,1,1
17263,13648,8418,108,59163,58042,12297,59663,94118,48,1,1
17264,20704,23330,107,45602,43310,1724,46334,92185,113,1,1
17265,13072,11990,106,50290,48865,1791,50898,77844,65,1,1
17266,4077,202,97,37303,37090,1872,37600,43845,1,1,1
17267,42356,28434,141,70899,68187,22424,71736,165055,130,1,1
17268,13394,11016,104,71671,70302,1881,72226,98609,61,1,1
17269,6898,5623,132,41042,40190,4718,41524,58859,35,1,1
17270,10474,8800,192,42925,41740,1896,43518,64783,50,1,1
17271,5930,4080,102,46690,45993,6005,47107,63216,27,1,1
17272,14221,11983,99,63000,61586,1812,63555,91657,65,1,1
17273,14786,13920,104,71058,69426,1842,71650,102285,76,1,1
17274,5748,1747,105,55579,55100,31056,55942,94590,13,1,1
17275,28060,1714,202,35362,34850,23923,35816,89610,11,1,1
17276,15388,11484,92,122493,121097,8768,123015,158750,61,1,1
17277,870,359,104,38532,38284,1000,38878,41200,3,1,1
17278,38720,33829,96,68504,65369,2302,69396,144340,158,1,1
17279,15567,14070,108,71457,69825,1742,72052,103525,76,1,1
17280,8336,7070,220,39470,38477,4772,40068,60340,41,1,1
17281,10471,9121,97,38353,37178,1960,38847,60494,52,1,1
17282,7188,5191,102,46891,46080,6240,47330,66046,33,1,1
17283,14231,12187,90,63149,61710,1843,63699,92053,67,1,1
17284,11811,10829,106,68896,67484,1704,69445,93882,61,1,1
17285,9993,7729,187,37683,36630,3053,38249,59116,45,1,1
17286,10516,8880,99,30613,29479,2109,31109,52706,51,1,1
17287,4462,200,92,24558,24351,1787,24844,31379,1,1,1
17288,21627,19114,100,74890,72913,1781,75557,118172,95,1,1
17289,12092,10744,101,76531,75177,2255,77088,102270,61,1,1
17290,10137,8659,190,32521,31432,2658,33135,54685,48,1,1
17291,9758,6716,91,30644,29736,1870,31086,49524,38,1,1
17292,4680,316,97,24221,23963,1855,24529,31464,3,1,1
17293,17864,14677,97,73726,72100,2192,74313,109138,76,1,1
17294,7026,4136,93,45974,45244,1778,46374,59397,27,1,1
17295,2606,736,100,54146,53820,10534,54489,68450,7,1,1
17296,14241,11090,200,32362,31017,1730,33009,60163,60,1,1
17297,9189,5563,99,28448,27609,1776,28884,45502,34,1,1
17298,4528,195,102,24528,24314,1778,24824,31422,1,1,1
17299,17859,18487,99,49906,47983,3315,50558,90319,94,1,1
17300,8589,5763,97,56807,55955,1779,57250,73465,36,1,1
17301,15742,16417,97,75070,73245,3552,75693,111497,87,1,1
17302,6102,3841,196,29254,28566,2758,29769,42566,26,1,1
17303,7500,3747,99,30492,29821,1886,30888,44113,25,1,1
17304,4186,211,100,24331,24120,2228,24626,31333,1,1,1
17305,7647,5430,87,49570,48703,5255,50001,68417,35,1,1
17306,19273,9743,100,59372,58210,4159,60181,93443,52,1,1
17307,18234,20828,107,75949,73804,2050,76644,117843,105,1,1
17308,9219,4249,153,31394,30654,1794,31864,47234,28,1,1
17309,4373,274,97,22790,22552,1775,23096,29611,2,1,1
17310,3243,200,98,23770,23571,2544,24080,30150,1,1,1
17311,4495,195,93,16959,16764,2155,17250,24177,1,1,1
17312,26602,28365,102,80564,77914,1799,81364,138224,133,1,1
17313,10583,14677,113,73089,71952,1725,73614,100687,50,1,1
17314,3673,273,144,22770,22561,1728,23118,28876,1,1,1
17315,4347,195,100,17244,17064,1788,17538,23949,1,1,1
17316,4958,196,88,25033,24848,1965,25320,32521,1,1,1
17317,25952,24943,101,82359,79901,1864,83119,135962,122,1,1
17318,10776,9250,95,58122,56933,1839,58630,80578,53,1,1
17319,6758,368,90,62437,62183,1851,62800,71870,3,1,1
17320,4221,198,116,24086,23869,1795,24417,30719,1,1,1
17321,4432,195,131,19171,18967,1879,19513,26121,1,1,1
17322,5224,1105,96,49767,49235,1875,50105,58401,9,1,2
17323,13374,10682,95,52170,50894,3864,52694,80698,58,1,1
17324,17246,15223,99,58356,56694,5970,58966,97489,79,1,1
17325,3544,207,94,53680,53481,2956,53982,60772,1,1,1
17326,49959,40958,226,78259,74568,1846,79377,172238,186,1,1
17327,4273,240,102,23069,22848,1785,23376,29755,1,1,1
17328,24487,25265,101,64229,61733,1844,64999,116758,122,1,1
17329,11606,11138,127,64110,62671,2199,64696,89738,63,1,1
17330,41689,31560,100,93817,90915,11189,94714,179248,142,1,1
17331,9600,5515,109,60242,59447,10518,60700,86420,32,1,1
17332,19677,18680,97,61908,59918,2180,62562,103191,94,1,1
17333,10358,9388,98,61462,60245,2433,61971,84251,53,1,1
17334,42033,27813,134,80707,78176,13487,81578,165014,126,1,1
17335,12154,9229,113,59878,58757,10919,60400,92795,49,1,1
17336,20453,17261,102,58257,56460,1865,58878,98543,85,1,1
17337,10664,8582,101,55072,53949,1916,55570,76818,48,1,1
17338,49156,40242,171,75844,72241,7460,76883,173837,181,1,1
17339,15936,8487,109,59582,58486,15000,60096,99796,48,1,1
17340,21684,21777,111,62600,60375,1648,63317,108517,106,1,1
17341,9457,9069,100,56886,55698,2180,57385,78180,52,1,1
17342,42036,29922,227,74374,71591,14816,75332,162199,139,1,1
17343,13719,8950,106,59670,58571,14883,60162,97800,49,1,1
17344,19772,22310,111,63948,61715,2087,64718,108972,110,1,1
17345,10718,9435,92,54668,53442,1736,55165,77141,54,1,1
17346,1724,522,200,56880,56609,33605,57317,93252,4,1,1
17347,13762,6096,96,59445,58556,13359,59886,93188,36,1,1
17348,17716,16307,104,73213,71003,2430,73868,110435,84,1,1
17349,9493,8001,138,61745,60668,1801,62294,81683,46,1,1
17350,8495,2826,193,58544,57998,30128,59022,100576,17,1,1
17351,14238,7739,99,59733,58660,14022,60223,96319,45,1,1
17352,20451,22645,108,60796,58483,1846,61532,106571,112,1,1
17353,13637,14080,99,59925,58350,1847,60521,90183,74,1,1
17354,891,354,196,56579,56345,1112,56997,59438,2,1,1
17355,42092,28622,106,10365,7646,36897,11149,118844,135,1,1
17356,26483,18747,96,64838,62964,10929,65465,121708,91,1,1
17357,7650,2410,102,83139,82584,17839,83520,111509,17,1,1
17358,17430,9180,104,45602,44493,6349,46099,79145,49,1,1
17359,7046,1941,99,23137,22669,15320,23500,47899,14,1,1
17360,20928,21366,230,37704,36461,10422,38525,91342,56,1,1
17361,8443,1417,96,36798,36370,1794,37136,48883,11,1,1
17362,42023,34389,95,72832,69720,13575,73708,163782,154,1,1
17363,11842,4154,101,56345,55685,8034,56746,80864,25,1,1
17364,8303,7596,99,40700,39702,3868,41180,61034,43,1,1
17365,11082,4623,101,39499,38768,1782,39910,57483,29,1,1
17366,11084,10115,151,54982,53734,1779,55548,78613,56,1,1
17367,5649,2017,100,57891,57440,34140,58269,100169,14,1,1
17368,11753,5042,98,58110,57324,12141,58533,87556,31,1,1
17369,10007,9451,106,61835,60687,4300,62340,86193,50,1,1
17370,17803,20384,195,46185,44105,1927,46975,87182,101,1,1
17371,4157,199,96,36486,36287,1823,36801,43059,1,1,1
17372,6466,1856,93,56367,55903,18164,56725,83295,14,1,1
17373,15350,10850,111,63729,62431,6091,64267,96641,57,1,1
17374,9002,7680,97,40541,39527,4309,41019,62102,44,1,1
17375,13857,15500,105,42448,40765,2173,43063,74682,81,1,1
17376,4094,247,186,37655,37440,1884,38045,44352,1,1,1
17377,41768,28384,120,70495,67776,18036,71317,159590,132,1,1
17378,11069,8687,107,70030,68881,1971,70540,92352,49,1,1
17379,18079,17491,112,43465,41620,1571,44115,81348,89,1,1
17380,12878,24969,213,40426,39026,1752,41100,80806,65,1,1
17381,24209,23502,116,79124,76759,2083,79890,129773,114,1,1
17382,14173,11924,103,70287,68856,1494,70848,98526,66,1,1
17383,16111,15069,117,44860,43191,1809,45490,78571,79,1,1
17384,11139,10091,165,39706,38465,1964,40304,63592,56,1,1
17385,24131,25557,98,77831,75319,1909,78586,130276,123,1,1
17386,10314,8916,98,70526,69324,2033,71026,92375,51,1,1
17387,16397,16747,154,43483,41739,1908,44171,79310,83,1,1
17388,10322,9031,157,39025,37866,2018,39606,61068,51,1,1
17389,20217,20078,100,75804,73711,1855,76487,118731,100,1,1
17390,11113,9450,103,68319,67141,1720,68832,91198,53,1,1
17391,7931,6045,103,39577,38686,3470,40043,57576,37,1,1
17392,13004,18886,200,33626,32333,1997,34266,68247,59,1,1
17393,4291,200,105,25751,25513,1851,26059,32483,1,1,1
17394,21776,21808,94,75214,73038,1900,75904,121479,104,1,1
17395,9395,8266,99,67799,66718,2578,68294,88624,48,1,1
17396,14416,11836,108,32300,30948,1792,32859,60997,62,1,1
17397,7918,4079,95,40639,39710,2543,41121,55773,26,1,1
17398,4385,199,107,25353,25137,1840,25667,32181,1,1,1
17399,21019,20374,94,75561,73488,1895,76244,119625,102,1,1
17400,12477,11833,104,74916,73501,2116,75486,102007,66,1,1
17401,8645,6564,102,29676,28769,2937,30133,48374,38,1,1
17402,9736,6689,92,28638,27728,1769,29082,47362,38,1,1
17403,24360,23821,198,81160,78837,1801,81989,132062,114,1,1
17404,9601,8261,99,70535,69476,1808,71038,90792,47,1,1
17405,10331,5465,109,29896,29125,2248,30343,48472,31,1,1
17406,8468,4672,99,30819,30091,1893,31241,46361,29,1,1
17407,12993,244,154,25674,25466,1886,26034,41248,1,1,1
17408,17485,17052,97,56096,54281,4397,56742,95768,86,1,1
17409,8941,4090,94,56746,56039,1853,57145,72115,27,1,1
17410,17412,19094,101,76580,74593,2403,77243,116242,97,1,1
17411,7687,3674,102,29394,28736,1918,29808,43181,24,1,1
17412,4327,202,96,21107,20901,1733,21397,27740,1,1,1
17413,4294,291,192,25641,25409,1842,26046,32556,2,1,1
17414,4102,197,88,17307,17101,1760,17590,23730,1,1,1
17415,24414,26007,97,80235,77714,1816,81012,133340,125,1,1
17416,9358,7242,99,54289,53293,1762,54750,73200,43,1,1
17417,10882,3212,90,54557,53994,2633,54929,71747,20,1,1
17418,4203,227,94,22651,22439,1789,22943,29245,1,1,1
17419,4218,195,97,29280,29009,1933,29710,36165,1,1,1
17420,4160,188,104,22773,22585,1818,23080,29334,1,1,1
17421,20853,21157,100,61585,59449,1896,62287,106278,104,1,1
17422,17122,9017,91,89714,88402,3319,90198,119748,52,1,2
17423,12166,10714,104,47939,46644,1739,48486,73196,60,1,1
17424,7365,376,91,54012,53706,1846,54332,64003,3,1,1
17425,3828,195,93,21368,21164,2129,21671,27905,1,1,1
17426,22455,23102,152,64910,62660,1776,65682,113100,111,1,1
17427,11137,10181,95,61444,60196,1794,61969,85167,57,1,1
17428,9421,201,102,54905,54700,1998,55226,66929,1,1,1
17429,47082,44039,138,79762,75946,4519,80894,176628,196,1,1
17430,4768,238,144,23106,22895,1955,23456,30550,1,1,1
17431,6922,4652,98,50298,49543,4970,50874,67500,30,1,1
17432,11073,11191,97,60982,59609,1934,61513,85797,61,1,1
17433,42045,26694,99,72306,69843,13847,73066,155747,123,1,1
17434,12302,5422,101,58973,58171,10327,59404,87546,32,1,1
17435,19618,18030,147,60786,58819,1611,61491,100844,92,1,1
17436,9012,6101,98,60193,59295,1688,60632,77751,38,1,1
17437,41303,38128,113,79342,75999,10660,80287,170469,171,1,1
17438,10672,8131,96,71173,69875,11117,71733,101759,46,1,1
17439,4300,1227,109,48549,48127,20114,48907,74669,9,1,1
17440,20408,6768,97,38020,37149,15289,38469,81027,36,1,1
17441,24466,18319,101,47984,46116,2888,48619,94387,90,1,1
17442,10845,3987,97,30022,29387,10281,30420,55624,24,1,1
17443,20610,12164,94,49867,48406,4014,50417,87317,65,1,1
17444,41081,34557,95,73959,70831,19895,74855,170486,159,1,1
17445,21669,13294,144,64110,62618,9621,64737,109422,69,1,1
17446,17239,14989,98,58770,57138,1853,59375,93542,78,1,1
17447,10885,9906,99,56486,55208,1720,57010,79606,57,1,1
17448,41946,31522,123,82542,79631,16826,83495,173883,145,1,1
17449,12757,4288,114,57403,56722,14817,57830,89784,26,1,1
17450,20539,19803,107,63109,60978,1778,63796,106193,100,1,1
17451,11189,10471,103,56720,55408,2417,57250,81416,59,1,1
17452,50015,35329,174,74102,70903,16925,75103,177463,162,1,1
17453,13352,8367,98,60534,59440,14326,61031,97168,47,1,1
17454,17633,16906,109,59375,57558,1893,60014,96529,87,1,1
17455,9435,7141,96,55009,53999,1776,55475,73912,43,1,1
17456,43755,31797,222,73447,70543,15590,74414,165666,146,1,1
17457,14857,7613,100,59371,58347,11633,59848,94060,44,1,1
17458,20297,22894,116,62281,59953,1910,63024,108217,112,1,1
17459,13216,12353,101,54678,53213,1812,55250,82722,68,1,1
17460,41652,27698,206,72587,69978,27279,73494,170212,130,1,1
17461,12575,7454,102,57245,56251,15641,57717,93518,42,1,1
17462,6992,6889,104,53122,52130,4360,53602,71933,41,1,1
17463,9523,8122,103,55265,54158,1790,55778,75299,48,1,1
17464,4674,2039,189,56390,55934,36532,56866,100195,14,1,1
17465,13354,4799,102,58181,57414,13411,58611,90266,30,1,1
17466,17606,15227,104,56519,54823,1792,57142,91851,79,1,1
17467,9053,7817,92,40962,39867,1783,41460,60200,47,1,1
17468,4356,196,90,36637,36420,2018,36936,43591,1,1,1
17469,41431,36032,164,73336,70018,8373,74325,160255,165,1,1
17470,13256,8906,102,61616,60464,6969,62128,91351,51,1,1
17471,11960,10393,110,55647,54388,1821,56190,80454,57,1,1
17472,15774,15268,105,44405,42741,2165,45006,78303,79,1,1
17473,4880,188,210,37563,37346,1856,37988,44997,1,1,1
17474,13785,2753,137,57289,56773,18789,57706,93117,17,1,1
17475,16439,11114,110,59226,57930,9431,59770,96839,59,1,1
17476,20331,22158,99,48291,46096,1860,49016,93454,108,1,1
17477,12056,11324,104,41790,40414,1742,42340,67544,63,1,1
17478,4218,227,103,36831,36619,1887,37151,43570,1,1,1
17479,41686,35389,209,72595,69429,11992,73598,162758,160,1,1
17480,13594,13528,103,72024,70457,1773,72599,101586,72,1,1
17481,10573,10567,109,39551,38278,3621,40094,64939,58,1,1
17482,14349,14081,102,41561,39978,1863,42154,72534,75,1,1
17483,20504,19046,155,78228,76199,1775,78962,120379,97,1,1
17484,10663,8715,103,70729,69595,1909,71240,92610,51,1,1
17485,10576,10547,107,43140,41831,3402,43674,68293,60,1,1
17486,13725,13194,98,41778,40233,1928,42356,71290,72,1,1
17487,13767,4277,144,44248,43577,6871,44715,69722,26,1,1
17488,13276,12165,98,61074,59665,2185,61622,89339,65,1,1
17489,12050,11631,103,71515,70133,1776,72075,97626,64,1,1
17490,17148,15227,108,40849,39200,1902,41471,75841,78,1,1
17491,11211,8654,100,38316,37195,1760,38815,60525,50,1,1
17492,14897,10631,202,49551,48255,4556,50190,80371,59,1,1
17493,24123,13837,93,62384,60850,1768,62962,102782,73,1,1
17494,9896,8253,104,69718,68634,1996,70210,90445,48,1,1
17495,13713,10981,104,38628,37307,1804,39165,65750,61,1,1
17496,9608,7387,95,29996,28987,1858,30455,49393,44,1,1
17497,4246,231,92,32797,32584,1838,33158,39567,1,1,1
17498,5037,2838,94,42822,42251,5019,43200,56181,20,1,1
17499,11693,8452,89,59603,58527,1749,60086,82071,48,1,1
17500,17537,16214,104,70496,68733,2674,71132,107649,85,1,1
17501,15304,18871,124,32753,31357,1805,33351,69425,65,1,1
17502,8507,6387,98,28889,27975,1806,29337,46126,39,1,1
17503,4465,237,101,35126,34914,1765,35482,42041,1,1,1
17504,23933,25198,105,77150,74667,2353,77926,129506,122,1,1
17505,9012,7280,103,71149,70136,1777,71629,89785,43,1,1
17506,9754,7097,111,29207,28264,2013,29688,48637,40,1,1
17507,8256,4877,93,30508,29774,1734,30910,45861,29,1,1
17508,4359,194,95,23561,23351,1771,23853,30260,1,1,1
17509,26020,26684,198,80238,77702,1772,81122,135692,126,1,1
17510,8519,7462,109,52780,51734,3317,53267,72651,45,1,1
17511,17153,8053,93,57398,56377,1760,57877,84931,45,1,1
17512,9975,7708,102,29687,28668,1825,30172,49774,44,1,1
17513,7424,3944,96,33257,32579,1790,33660,46905,26,1,1
17514,4694,296,220,49412,49057,1902,49868,56856,2,1,2
17515,23771,20417,95,73595,71564,4364,74265,122911,100,1,1
17516,12955,13663,100,74029,72504,1770,74603,103082,72,1,1
17517,6103,233,100,23028,22806,4868,23320,34618,1,1,1
17518,6398,197,97,17799,17595,1797,18088,26563,1,1,1
17519,13971,3521,99,26027,25434,3126,26414,47120,22,1,1
17520,4244,219,95,30381,30178,1844,30739,37147,1,1,1
17521,4374,196,100,17006,16803,1857,17313,23824,1,1,1
17522,4079,1754,95,42858,42430,5673,43216,54808,13,1,1
17523,15205,4446,96,56149,55424,1831,56570,78139,29,1,1
17524,10909,9320,103,54142,52979,1680,54663,76659,52,1,1
17525,10504,2017,92,53403,52956,1703,53770,68081,14,1,1
17526,4266,201,133,23550,23338,1726,23909,30184,1,1,1
17527,4343,228,87,17897,17693,1704,18189,24548,1,1,1
17528,4174,188,94,26037,25843,1804,26388,32646,1,1,1
17529,23049,21707,106,79065,76906,1802,79783,126427,107,1,1
17530,9398,8094,107,55607,54503,1797,56104,75476,48,1,1
17531,16257,4417,94,54731,54027,1932,55146,77843,28,1,1
17532,4455,195,96,21146,20943,1761,21434,27928,1,1,1
17533,21315,28370,157,60986,58874,1796,61750,113325,104,1,1
17534,10553,9456,92,61108,59901,1907,61611,83618,54,1,1
17535,10243,643,103,54436,54143,1419,54777,67166,5,1,1
17536,36266,40594,104,78204,74577,1888,79183,158021,184,1,1
17537,4310,197,213,24864,24637,1592,25310,31504,1,1,1
17538,15559,15361,101,58840,57186,2852,59448,93311,79,1,1
17539,11567,11995,95,61805,60357,1877,62368,87900,67,1,1
17540,41830,30067,106,72686,69932,12817,73512,158319,139,1,1
17541,10699,5868,107,58036,57172,10619,58499,85777,36,1,1
17542,20042,19833,177,65829,63790,2082,66593,108647,98,1,1
17543,11323,10483,102,58591,57326,1857,59124,82879,58,1,1
17544,41708,31986,105,73207,70341,20611,74059,168451,145,1,1
17545,14066,9707,104,72710,71530,11871,73277,109015,53,1,1
17546,22466,24288,114,66124,63754,1997,66893,115746,118,1,1
17547,10380,10356,89,59072,57762,1778,59591,82191,58,1,1
17548,41038,38648,106,76200,72796,7594,77161,164718,174,1,1
17549,19525,4383,160,58962,58227,13964,59448,97414,28,1,1
17550,19543,20620,102,63287,61202,1880,63976,106116,102,1,1
17551,11946,11891,104,56278,54894,1779,56829,82535,64,1,1
17552,41899,28704,102,73078,70501,21192,73878,165759,129,1,1
17553,12275,7696,163,59357,58375,16353,59890,96314,42,1,1
17554,19678,19601,101,59127,57164,1927,59791,101090,95,1,1
17555,10024,8680,99,43272,42186,1763,43753,64313,48,1,1
17556,8493,5383,93,40015,39201,1844,40435,56239,33,1,1
17557,3765,944,96,57752,57426,28766,58094,91652,7,1,1
17558,13653,7693,140,59268,58283,15861,59792,97083,42,1,1
17559,19462,21516,104,60389,58267,1792,61089,103950,104,1,1
17560,10745,9495,100,55788,54573,1709,56299,78337,55,1,1
17561,42150,27730,220,70946,68389,27853,71868,169695,127,1,1
17562,14279,8850,161,60213,59068,15172,60787,99182,49,1,1
17563,9461,8516,98,59182,58038,3792,59683,81539,49,1,1
17564,13399,13972,102,57390,55847,1936,57972,87363,73,1,1
17565,8403,3336,92,57896,57325,32201,58289,102322,20,1,1
17566,13736,7481,192,60355,59366,13614,60916,95842,42,1,1
17567,21080,22598,103,59220,56987,1780,59935,105481,109,1,1
17568,12083,10412,95,54167,52918,1790,54700,79069,57,1,1
17569,41557,29132,98,70147,67442,24794,70950,166519,134,1,1
17570,14617,6780,162,58098,57144,11567,58622,91684,39,1,1
17571,21905,22964,105,57984,55702,1766,58716,105440,110,1,1
17572,12261,11623,95,40483,39116,2697,41032,67699,63,1,1
17573,4137,200,95,35627,35403,2214,35932,42566,1,1,1
17574,41405,36893,102,80517,77266,9441,81477,169368,165,1,1
17575,12026,6869,100,59463,58503,9030,59933,87944,41,1,1
17576,4598,3045,104,36811,36189,4260,37211,49198,21,1,1
17577,4449,315,90,36080,35801,2193,36387,43427,3,1,1
17578,12176,11520,96,40920,39568,1859,41447,67088,61,1,1
17579,2360,356,110,55758,55494,30571,56093,89467,3,1,1
17580,14059,12010,201,72954,71526,1802,73629,101593,65,1,1
17581,7077,5144,98,39637,38853,3723,40062,56093,32,1,1
17582,11310,9877,104,39650,38394,1814,40173,63259,55,1,1
17583,4469,241,93,36918,36708,1822,37221,43841,1,1,1
17584,41233,30648,97,70523,67666,18554,71348,161878,143,1,1
17585,11306,9738,163,69844,68591,1838,70440,93415,56,1,1
17586,8747,7257,105,39469,38474,3427,39948,59466,43,1,1
17587,10580,9543,98,38067,36872,1904,38568,60680,54,1,1
17588,4493,2199,101,41677,41198,6183,42042,55001,15,1,1
17589,12700,11096,104,61636,60284,1714,62178,87777,61,1,1
17590,19832,20240,180,73847,71782,1796,74611,116576,99,1,1
17591,10370,8683,103,40606,39450,3786,41117,64043,51,1,1
17592,12091,11454,98,41466,40121,1775,42003,67415,62,1,1
17593,8555,7351,94,46016,45005,6046,46494,68541,44,1,1
17594,15351,10412,102,60194,58929,1788,60722,88359,57,1,1
17595,14086,12256,156,69943,68490,1830,70570,98835,66,1,1
17596,42409,17974,104,66437,64623,26521,67065,154064,86,1,1
17597,8468,3445,96,24430,23823,17266,24808,54080,22,1,1
17598,19292,8505,105,26711,25669,11726,27190,66804,45,1,1
17599,30262,11480,120,40854,39531,4185,41426,87458,60,1,1
17600,22410,20705,113,87733,85617,1849,88486,133548,102,1,1
17601,12188,12365,106,71124,69639,1807,71721,98178,68,1,1
17602,10362,8484,105,38874,37750,2373,39380,60685,49,1,1
17603,10629,8668,98,33486,32348,1766,33990,55139,50,1,1
17604,4099,238,100,25194,24985,1840,25510,31785,1,1,1
17605,18216,19869,96,84246,82226,3053,85015,126264,99,1,1
17606,11453,10619,108,68115,66831,2953,68664,93780,59,1,1
17607,13575,9958,102,32016,30785,1838,32540,58004,55,1,1
17608,11260,6851,102,28844,27855,1869,29308,49373,41,1,1
17609,4334,235,104,25119,24906,1858,25434,31952,1,1,1
17610,22275,25022,96,88355,85917,1954,89157,138507,121,1,1
17611,11446,10903,103,74856,73521,2338,75405,100185,61,1,1
17612,6811,3184,97,27793,27202,2722,28185,40988,21,1,1
17613,7518,4271,99,29589,28893,1700,29992,43564,27,1,1
17614,3255,206,95,23810,23603,2357,24113,30013,1,1,1
17615,21023,22393,96,80235,78002,1813,80948,126262,110,1,1
17616,13314,12388,209,75266,73831,1780,75957,103524,67,1,1
17617,10788,5982,102,28265,27404,1864,28704,47425,36,1,1
17618,7802,3604,93,29561,28935,7901,29944,49337,23,1,1
17619,24423,24405,115,79938,77533,1887,80707,131515,118,1,1
17620,11663,11284,152,56576,55229,1807,57179,82028,62,1,1
17621,8375,1784,90,54251,53818,3089,54601,67940,13,1,1
17622,9490,3699,102,31378,30733,1727,31775,46777,24,1,1
17623,4188,309,92,21723,21468,1788,22027,28398,3,1,1
17624,4239,232,93,25450,25243,1725,25742,32021,1,1,1
17625,4561,193,87,16845,16642,1765,17124,23726,1,1,1
17626,8515,6928,98,51340,50382,4976,51810,72315,41,1,1
17627,11591,5510,166,102625,101690,3156,103145,123504,33,1,2
17628,3389,197,93,54146,53946,2683,54457,60810,1,1,1
17629,4457,233,103,22799,22581,1742,23112,29628,1,1,1
17630,4043,240,99,18133,17922,1807,18425,24600,1,1,1
17631,4788,199,94,20769,20568,1843,21054,27968,1,1,1
17632,24090,25704,100,63442,60974,1762,64199,115851,122,1,1
17633,22607,15741,220,112908,111107,1517,113645,153614,79,1,2
17634,8742,227,102,55574,55366,1854,55881,66797,1,1,1
17635,2040,197,97,21105,20890,2521,21408,26250,1,1,1
17636,22663,21094,95,61785,59659,1726,62465,108037,104,1,1
17637,9606,7333,92,88487,87398,2117,89010,108180,42,1,1
17638,9811,273,158,57969,57754,1840,58366,70401,1,1,1
17639,2213,395,100,54141,53855,6762,54461,63952,3,1,1
17640,17378,15952,110,60684,58944,1755,61316,96489,80,1,1
17641,12600,11253,108,58210,56801,1787,58776,84503,61,1,1
17642,41568,32941,161,77603,74563,12756,78538,165889,151,1,1
17643,12179,9208,113,59066,57901,10678,59584,91740,50,1,1
17644,16046,13074,105,58626,57107,1864,59194,90263,70,1,1
17645,10288,8517,99,68545,67396,1983,69091,89971,49,1,1
17646,41421,33595,118,75606,72573,11693,76498,163298,152,1,1
17647,9933,5787,101,57164,56271,14192,57601,87598,34,1,1
17648,20693,22438,105,67568,65275,1750,68285,113255,109,1,1
17649,9989,7919,311,57483,56405,1762,58191,77967,46,1,1
17650,10267,4877,96,60842,60094,16263,61275,92778,30,1,1
17651,14126,8822,100,60528,59389,11567,61025,95631,50,1,1
17652,9835,9577,105,57426,56173,3863,57956,81317,55,1,1
17653,11538,18003,149,56472,55121,1861,57062,88555,59,1,1
17654,5945,2924,97,58184,57638,23895,58572,91421,19,1,1
17655,14115,8946,101,59458,58304,12434,59956,95535,50,1,1
17656,6857,6394,101,54131,53202,5489,54601,73426,39,1,1
17657,12074,9745,122,65611,64338,1876,66201,89989,56,1,1
17658,41601,27145,104,71718,69159,23407,72506,164752,127,1,1
17659,13340,6811,108,58406,57498,11915,58865,91022,38,1,1
17660,7241,6988,97,56646,55629,4285,57111,75711,41,1,1
17661,9270,7165,104,62499,61466,2009,63013,81549,43,1,1
17662,1199,356,105,56451,56203,32925,56787,91351,3,1,1
17663,10439,6398,106,57780,56867,15677,58242,90848,38,1,1
17664,6515,5336,99,51796,50927,4405,52224,68566,34,1,1
17665,11209,10873,97,40139,38853,1826,40658,64654,59,1,1
17666,9423,4261,211,41423,40690,1816,41956,57554,27,1,1
17667,6861,2821,89,57929,57404,33499,58293,101557,18,1,1
17668,11576,4701,109,56975,56214,12676,57404,86443,30,1,1
17669,9846,8293,104,39750,38650,3571,40238,62036,47,1,1
17670,9543,4230,96,38612,37917,2010,39013,54893,27,1,1
17671,11276,9915,97,57476,56199,1835,57991,81101,56,1,1
17672,41899,27646,201,72798,70249,28363,73681,171684,126,1,1
17673,12486,5324,102,58504,57699,15062,58953,91951,33,1,1
17674,41777,11553,109,40151,38804,34279,40710,128600,61,1,1
17675,9090,594,103,37699,37377,1888,38041,49701,5,1,1
17676,9804,1135,96,31989,31604,16475,32391,59896,9,1,1
17677,16561,6572,100,32058,31167,13101,32507,68832,37,1,1
17678,29911,13265,94,56257,54740,6614,56811,106692,70,1,1
17679,2309,198,93,35378,35176,2464,35679,40732,1,1,1
17680,41949,31334,138,69616,66741,28957,70484,173004,143,1,1
17681,12607,6397,105,57983,57087,13731,58435,91262,37,1,1
17682,18441,17667,109,44072,42203,1780,44716,82695,89,1,1
17683,9662,9195,152,76395,75065,1940,76959,97849,52,1,2
17684,4135,1432,102,57535,57118,26721,57896,90267,11,1,1
17685,12726,10030,112,71551,70316,1745,72089,96680,56,1,1
17686,819,481,106,25648,25370,1032,25982,28404,4,1,1
17687,29436,29719,101,51404,48652,1807,52272,113339,138,1,1
17688,14297,12926,102,44724,43221,1794,45300,74420,69,1,1
17689,4115,204,92,37566,37362,1708,37862,43969,1,1,1
17690,11484,4084,98,58087,57417,29400,58499,103551,25,1,1
17691,13041,13788,100,72434,70897,1805,73010,101736,72,1,1
17692,19331,19485,106,52722,50724,1776,53448,94132,97,1,1
17693,12549,10775,98,40139,38842,1738,40666,65815,59,1,1
17694,20900,20646,112,77120,75035,1793,77823,121254,103,1,1
17695,14941,13156,104,70784,69285,1745,71360,101289,71,1,1
17696,10053,8858,136,54346,53197,3363,54956,77323,50,1,1
17697,11547,10045,104,39525,38282,1766,40051,63512,57,1,1
17698,9284,8776,103,46791,45689,5045,47291,70486,49,1,1
17699,20240,15105,97,63742,62161,5163,64324,104923,75,1,1
17700,13572,11633,105,69909,68547,1719,70460,97471,63,1,1
17701,18917,28007,151,42049,40094,1779,42761,91558,95,1,1
17702,10520,9346,96,31351,30200,1935,31846,53747,52,1,1
17703,4185,280,98,24417,24188,1767,24726,31044,2,1,1
17704,24663,29297,100,77249,74495,1708,78153,133911,139,1,1
17705,11130,10100,106,66938,65677,3157,67474,91946,57,1,1
17706,9189,6980,145,38697,37753,2737,39206,58209,40,1,1
17707,9976,7830,93,29926,28925,1851,30394,50143,44,1,1
17708,6486,3825,101,88983,88201,1779,89391,101566,25,1,2
17709,11180,10628,307,47995,46725,2444,48733,73070,58,1,1
17710,17901,10422,100,59129,57907,2600,59645,90654,56,1,1
17711,13196,18085,149,32305,31088,1841,32872,66086,54,1,1
17712,7968,4804,98,29840,29074,1790,30265,44922,31,1,1
17713,4529,237,95,24046,23840,1833,24343,31027,1,1,1
17714,17067,15576,96,71825,70154,1919,72434,107086,80,1,1
17715,8332,7696,393,55545,54369,1958,56506,74593,39,1,1
17716,40798,27668,123,65995,63425,1847,66810,137218,128,1,1
17717,11330,6902,151,32521,31558,1827,33048,53201,40,1,1
17718,7421,4336,91,31326,30611,1960,31720,45524,27,1,1
17719,4568,216,96,24741,24537,1849,25040,31756,1,1,1
17720,22159,21606,131,81636,79456,1846,82384,128095,105,1,1
17721,13601,13565,132,74708,73082,1855,75325,104436,72,1,1
17722,4014,1109,151,29892,29520,2926,30292,38429,8,1,1
17723,4346,343,98,24535,24280,1836,24853,31462,3,1,1
17724,5332,517,100,40962,40533,1781,41288,49005,5,1,2
17725,25588,27290,141,79183,76566,2068,80002,135040,129,1,1
17726,4690,2874,104,47522,46948,2638,47912,58202,20,1,1
17727,10680,2560,97,55243,54742,1752,55611,70688,17,1,1
17728,9421,3797,215,31307,30642,1801,31852,46964,24,1,1
17729,4567,204,95,21920,21718,2011,22228,29100,1,1,1
17730,4466,229,104,24725,24519,2260,25032,32069,1,1,1
17731,4416,194,91,17274,17073,1401,17555,23646,1,1,1
17732,22609,26666,100,58210,55684,2658,58973,110995,125,1,1
17733,5316,201,98,53677,53475,1854,53977,61429,1,1,1
17734,12420,12294,107,55973,54592,1737,56586,83123,64,1,1
17735,7164,210,95,63170,62968,1725,63532,72719,1,1,1
17736,4566,202,114,26837,26636,1781,27171,33814,1,1,1
17737,4256,240,105,18515,18312,2070,18824,25476,1,1,1
17738,4466,180,87,21147,20954,1797,21428,27963,1,1,1
17739,2784,804,91,41055,40752,1057,41377,46114,6,1,1
17740,27287,23678,98,72886,70581,1771,73628,126454,114,1,1
17741,10782,9908,248,59062,57847,5224,59751,85757,54,1,1
17742,8706,6902,144,61155,60237,10785,61681,88184,39,1,1
17743,4435,197,105,23059,22829,1801,23392,29929,1,1,1
17744,20749,18789,100,60196,58271,1760,60864,102255,92,1,1
17745,13951,14268,98,62718,61120,1903,63312,93526,75,1,1
17746,6047,198,94,53960,53755,1801,54263,62404,1,1,1
17747,1741,287,190,53933,53727,11654,54343,68117,1,1,1
17748,17489,12765,100,56570,55086,1943,57147,89441,68,1,1
17749,7871,6198,98,38375,37498,1772,38822,54748,37,1,1
17750,14071,13127,94,46890,45381,1715,47445,76445,69,1,1
17751,41836,38650,93,78180,74749,10240,79146,169968,174,1,1
17752,12973,6124,172,59040,58218,10172,59571,88936,34,1,1
17753,17309,18248,108,63713,61808,1850,64368,101870,92,1,1
17754,10820,9992,99,61092,59768,1820,61625,84343,58,1,1
17755,4573,2252,92,57298,56804,17665,57679,82254,16,1,1
17756,12086,9157,187,61279,60164,11454,61860,94644,49,1,1
17757,22207,23866,102,62715,60420,1995,63444,111606,114,1,1
17758,9184,7294,94,57171,56167,1799,57661,76024,43,1,1
17759,4170,1548,123,57910,57460,32443,58313,96565,13,1,1
17760,13625,6408,192,58216,57340,16157,58769,95050,37,1,1
17761,4799,232,95,49761,49550,28892,50058,84096,1,1,1
17762,20498,8033,108,39967,38968,24273,40450,93375,44,1,1
17763,21167,7577,92,42147,41152,7931,42610,79381,43,1,1
17764,6927,2340,99,28919,28428,16254,29281,54896,16,1,1
17765,33125,17865,101,62632,60833,9104,63261,123449,87,1,1
17766,41017,37503,196,75626,72243,7369,76647,162633,168,1,1
17767,15103,9891,104,59480,58262,12670,60000,97755,54,1,1
17768,22257,21035,104,60429,58350,1843,61112,106338,101,1,1
17769,7584,5099,97,38822,38023,1756,39257,53789,32,1,1
17770,9194,5491,94,54636,53807,1828,55116,71726,34,1,1
17771,10285,4246,190,59389,58737,27047,59887,101558,25,1,1
17772,11256,7300,103,59619,58630,12126,60086,90860,42,1,1
17773,9645,7906,103,54863,53832,4071,55334,77059,45,1,1
17774,10212,7974,92,55725,54616,1867,56209,76346,47,1,1
17775,1529,758,196,58163,57837,1016,58608,61997,7,1,1
17776,41967,32536,102,11083,8175,37449,11906,124150,147,1,1
17777,26712,18245,94,64387,62518,12125,65029,122194,90,1,1
17778,10238,9278,108,54193,53038,3079,54713,77394,51,1,1
17779,13874,12821,130,62171,60700,1892,62795,91467,69,1,1
17780,41714,29945,148,72008,69228,27739,72889,172378,139,1,1
17781,14969,6200,109,57211,56337,13506,57661,92426,36,1,1
17782,9624,9055,98,40343,39194,3117,40833,62713,50,1,1
17783,10665,4389,100,39166,38410,1741,39573,56470,28,1,1
17784,11641,18769,149,54310,52976,1979,54895,87377,61,1,1
17785,2644,480,101,55870,55606,34354,56199,93769,4,1,1
17786,10441,3679,99,56991,56325,13553,57393,85157,24,1,1
17787,7644,6965,99,51726,50746,3616,52195,70507,42,1,1
17788,12816,12029,91,40315,38915,3960,40855,69745,65,1,1
17789,4725,201,213,37563,37356,1994,37990,45002,1,1,1
17790,41879,20089,103,70202,68151,26795,70881,159729,98,1,1
17791,12572,5746,103,57184,56294,14314,57628,90351,35,1,1
17792,6256,5695,103,38951,38056,4906,39389,56333,35,1,1
17793,11162,9996,95,39138,37931,1754,39645,62642,55,1,1
17794,4560,272,99,46645,46410,1852,47011,53792,2,1,1
17795,41984,31567,110,70343,67449,21693,71205,166544,145,1,1
17796,10939,8823,104,67668,66513,2584,68182,90618,50,1,1
17797,3363,3016,97,43339,42727,4999,43717,55197,20,1,1
17798,11104,9875,107,41486,40277,1837,42014,64915,55,1,1
17799,5910,3794,187,46062,45391,5863,46563,62215,24,1,1
17800,16821,12818,97,63836,62367,2390,64406,96528,68,1,1
17801,14859,14660,99,69864,68235,3512,70466,103585,77,1,1
17802,9249,8261,106,38989,37884,3582,39494,60671,48,1,1
17803,12979,12223,98,40470,39047,1845,41022,68156,66,1,1
17804,4690,2232,151,42957,42481,6185,43387,56579,15,1,1
17805,13622,11152,100,63863,62514,1751,64405,91021,62,1,1
17806,14901,12103,102,71312,69858,1734,71876,100702,67,1,1
17807,9183,7944,104,40384,39352,3251,40873,61337,45,1,1
17808,9315,7812,104,38343,37296,2607,38835,58658,45,1,1
17809,24459,24010,227,78531,76162,1746,79407,129719,117,1,1
17810,10980,8511,94,68039,66922,1737,68527,89840,50,1,1
17811,13735,11693,149,41169,39821,1853,41772,69152,62,1,1
17812,11063,8866,99,29691,28566,2262,30189,52464,50,1,1
17813,4253,201,97,33225,33021,1724,33579,39850,1,1,1
17814,21645,21510,111,75704,73547,2035,76419,121702,106,1,1
17815,14450,14036,100,71518,69915,2569,72117,103264,76,1,1
17816,3685,1898,103,35246,34774,11367,35615,52655,14,1,1
17817,12027,9840,102,31164,29936,1735,31703,55400,55,1,1
17818,23938,32675,217,77358,74947,1889,78235,136826,120,1,1
17819,12100,11921,103,72106,70683,2640,72675,99427,66,1,1
17820,7695,5294,96,31624,30825,4073,32048,49202,32,1,1
17821,8808,5757,93,28485,27626,1727,28917,45299,35,1,1
17822,4093,238,97,24664,24465,1770,24964,31150,1,1,1
17823,7166,3909,94,50173,49510,4489,50620,66278,25,1,1
17824,15351,9941,98,59749,58588,2176,60260,87827,52,1,1
17825,17067,18517,104,76371,74437,2311,77025,115013,93,1,1
17826,11337,6263,103,30623,29681,1751,31087,50529,37,1,1
17827,7937,3794,91,29366,28707,1487,29773,43087,25,1,1
17828,4250,354,100,25605,25345,1866,25930,32492,3,1,1
17829,36151,24552,228,81987,79574,1399,82893,145092,118,1,1
17830,12449,11814,102,71933,70520,1682,72495,98532,65,1,1
17831,9060,3059,107,29869,29296,1768,30263,44235,20,1,1
17832,4304,200,95,20899,20660,2511,21196,28292,1,1,1
17833,4324,548,97,40431,40005,1716,40745,47420,5,1,2
17834,27427,38215,203,80264,77443,1760,81216,148706,143,1,1
17835,10181,9410,104,73279,72080,1690,73804,95176,53,1,1
17836,9274,4600,142,34794,34066,1771,35282,51027,28,1,1
17837,4314,476,89,23442,23133,1687,23757,30320,4,1,1
17838,19502,19820,104,74215,72203,1833,74984,116233,98,1,1
17839,12645,10940,91,108192,106759,6864,108725,139275,60,1,2
17840,16514,2887,106,56168,55636,1729,56566,77792,18,1,1
17841,10186,208,107,22847,22628,1832,23148,35458,1,1,1
17842,4198,198,105,18669,18466,1850,18972,25300,1,1,1
17843,9654,877,94,22143,21824,2475,22469,35560,7,1,1
17844,15042,15903,101,68278,66524,3929,68937,103905,83,1,1
17845,18455,17766,104,61078,59178,4486,61734,102535,91,1,1
17846,8416,1233,91,55189,54816,1842,55528,67108,10,1,1
17847,41179,41379,101,77492,73724,5116,78500,166262,191,1,1
17848,4374,237,99,22668,22453,1703,22956,29360,1,1,1
17849,36107,20233,220,65689,63595,1837,66497,124768,101,1,1
17850,11034,10389,90,60254,58907,1796,60775,84088,59,1,1
17851,6824,200,101,53672,53464,2356,54002,63465,1,1,1
17852,11754,11325,98,66940,65557,4999,67492,95656,63,1,1
17853,17764,26885,185,62589,60740,1797,63313,109853,88,1,1
17854,10975,8986,90,56828,55658,1707,57319,79077,52,1,1
17855,41477,34045,106,72986,69864,13434,73870,162912,156,1,1
17856,24681,21881,108,68986,66824,7424,69700,123780,106,1,1
17857,19891,17628,199,60330,58474,1812,61088,100512,90,1,1
17858,7520,4929,91,39934,39154,1747,40361,54648,31,1,1
17859,11397,10068,98,44804,43561,2235,45309,69100,55,1,1
17860,9310,5267,93,59652,58852,17374,60086,92130,32,1,1
17861,15079,9961,103,60494,59238,12057,61006,98190,55,1,1
17862,8257,5994,145,48841,47952,5233,49344,68929,37,1,1
17863,12940,7931,101,48236,47211,2315,48708,71985,44,1,1
17864,9217,8725,104,59882,58763,1768,60385,80187,50,1,1
17865,7201,1414,102,57021,56619,26052,57385,92135,11,1,1
17866,8416,5363,99,57741,56917,17056,58173,89095,34,1,1
17867,16774,15819,228,62506,60747,2246,63264,98200,82,1,1
17868,12013,11897,97,56236,54774,1453,56778,82237,66,1,1
17869,3748,822,94,56195,55851,27596,56527,88778,7,1,1
17870,8186,3790,101,56465,55777,13202,56868,82132,25,1,1
17871,21575,24344,159,64831,62433,2217,65639,113866,117,1,1
17872,10635,9086,101,56092,54866,1726,56604,78145,53,1,1
17873,6022,2279,100,58358,57864,31276,58732,98394,16,1,1
17874,19787,8970,100,60279,59174,13707,60781,103334,48,1,1
17875,3376,1970,199,38168,37702,5800,38642,49874,14,1,1
17876,10039,4289,93,38847,38142,1748,39257,55425,28,1,1
17877,13297,13145,103,58173,56673,1861,58746,87132,70,1,1
17878,9045,3043,97,58712,58149,33799,59096,105078,19,1,1
17879,11171,4407,109,56810,56077,14370,57232,87265,27,1,1
17880,17826,16706,104,68619,66842,1753,69300,105677,85,1,1
17881,12758,12844,102,58024,56522,1746,58598,86030,70,1,1
17882,3053,1079,91,56363,56017,32271,56703,93190,8,1,1
17883,9509,3277,110,56459,55828,13494,56860,83226,22,1,1
17884,8017,6347,104,39276,38371,3732,39723,57907,38,1,1
17885,10472,3612,206,42061,41420,1866,42566,58614,23,1,1
17886,9240,8128,94,54010,52911,1798,54501,73752,48,1,1
17887,7453,1879,101,56945,56479,29675,57314,96404,14,1,1
17888,12791,5870,99,58414,57558,11433,58852,89040,35,1,1
17889,8437,7793,104,52838,51808,2830,53309,72456,45,1,1
17890,16204,15096,205,45970,44330,1827,46684,79903,78,1,1
17891,4362,228,99,36123,35922,2240,36437,43356,1,1,1
17892,42304,27050,100,68783,66197,29686,69562,168694,129,1,1
17893,13114,7805,140,67865,66881,12763,68389,102172,41,1,1
17894,22192,24318,99,56831,54436,1804,57622,106035,117,1,1
17895,15087,16370,104,42519,40728,2385,43156,77081,85,1,1
17896,4317,234,96,36575,36367,1729,36869,43270,1,1,1
17897,42120,32837,97,105034,101952,19421,105889,200358,149,1,2
17898,15863,6590,182,61617,60716,10113,62174,94844,36,1,1
17899,18300,20121,159,48132,45989,1794,48891,89200,100,1,1
17900,13159,12991,94,42626,41078,1754,43195,71189,71,1,1
17901,18156,13976,106,73668,72107,1800,74274,108291,73,1,1
17902,12395,9098,101,69218,68037,1679,69744,93002,52,1,1
17903,14669,12611,181,46315,44773,1729,46983,76088,69,1,1
17904,12591,11983,100,38739,37348,1744,39295,65706,65,1,1
17905,24077,25618,101,76947,74438,1878,77719,129378,124,1,1
17906,12378,11348,100,69624,68243,2021,70177,96010,64,1,1
17907,8923,7552,155,41956,40921,3198,42496,62262,45,1,1
17908,10709,8421,101,38346,37246,1685,38841,59747,48,1,1
17909,8184,5728,96,47031,46181,5065,47484,66576,35,1,1
17910,17895,16367,102,63818,62144,1679,64429,100456,81,1,1
17911,13471,12168,102,80082,78649,1710,80654,108107,67,1,1
17912,6293,3792,189,37663,36997,3853,38182,52206,25,1,1
17913,12150,9470,105,32618,31469,1827,33141,56672,52,1,1
17914,4232,199,96,25455,25244,1788,25763,32065,1,1,1
17915,19683,21606,106,77422,75210,1722,78144,121243,108,1,1
17916,17655,18453,97,71890,69934,2240,72552,110992,95,1,1
17917,528,239,148,48761,48544,1036,49129,51028,1,1,1
17918,42763,15652,108,38954,37370,35102,39558,133162,75,1,1
17919,16335,6601,96,54185,53163,2134,54640,79806,37,1,2
17920,23526,28699,112,77429,74745,1706,78259,132276,135,1,1
17921,10765,9999,102,72969,71778,1346,73497,95692,54,1,1
17922,14371,11334,223,33837,32478,2347,34509,62653,60,1,1
17923,9043,4359,104,28312,27570,1860,28726,44079,28,1,1
17924,4718,231,104,25132,24922,1911,25455,32398,1,1,1
17925,18342,17733,95,50549,48681,3381,51195,90738,91,1,1
17926,7539,3340,94,56810,56200,2261,57202,70426,23,1,1
17927,19772,21926,97,78888,76635,2026,79604,123419,111,1,1
17928,4199,2568,161,28665,28128,3202,29111,39163,18,1,1
17929,7506,3656,99,30396,29762,1742,30792,43780,23,1,1
17930,4081,198,96,24296,24094,2318,24688,31364,1,1,1
17931,7367,4768,88,48741,47984,5476,49158,66856,30,1,1
17932,18174,7771,95,58006,57042,4816,58477,89323,42,1,1
17933,13326,11443,115,75467,74121,1780,76032,102676,62,1,1
17934,9115,3477,147,30523,29889,2248,30969,45901,23,1,1
17935,4239,195,97,21954,21756,1704,22251,28473,1,1,1
17936,4538,196,97,23722,23520,1679,24031,30529,1,1,1
17937,4201,203,89,17044,16858,1754,17322,23565,1,1,1
17938,28445,30054,97,81553,78839,2254,82360,143196,137,1,1
17939,10616,7992,98,51796,50674,1687,52282,72661,46,1,1
17940,9646,2834,186,55793,55259,2788,56266,71627,18,1,1
17941,4663,225,97,22758,22539,1793,23070,29836,1,1,1
17942,4462,193,90,17189,16988,2479,17474,24690,1,1,1
17943,4836,196,89,21530,21337,1734,21817,28666,1,1,1
17944,25275,28270,99,83075,80399,1767,83881,139283,134,1,1
17945,9820,8614,95,59550,58411,1999,60034,80551,50,1,1
17946,14447,2752,224,56753,56222,2553,57268,77119,18,1,1
17947,4470,225,100,23277,23065,1712,23586,30078,1,1,1
17948,4380,198,104,18602,18392,1707,18909,25277,1,1,1
17949,6026,1716,91,71065,70492,1736,71429,80990,13,1,2
17950,10339,9538,98,56654,55483,1983,57162,79109,52,1,1
17951,5543,203,91,53505,53313,1657,53800,61284,1,1,1
17952,34260,38397,168,76680,73225,1785,77703,152237,175,1,1
17953,4193,226,98,22099,21892,1701,22404,28611,1,1,1
17954,20286,20621,99,60374,58258,1722,61073,103792,104,1,1
17955,13557,14038,100,61180,59555,1699,61777,91156,76,1,1
17956,41574,39517,140,86322,82811,10448,87391,179024,178,1,1
17957,12334,6910,105,58890,57980,10881,59360,89581,39,1,1
17958,23017,24044,109,64533,62159,1849,65277,114276,117,1,1
17959,10184,9070,95,57721,56562,1696,58210,79256,52,1,1
17960,50073,31590,208,72750,69831,12720,73708,168186,147,1,1
17961,14810,7368,103,59614,58633,10669,60085,93211,43,1,1
17962,19793,17680,108,44443,42632,1732,45085,84379,87,1,1
17963,17194,15421,102,46826,45164,1711,47438,81850,80,1,1
17964,9449,8683,92,56294,55177,1800,56785,76801,50,1,1
17965,41495,41641,230,78709,75004,7511,79832,170574,188,1,1
17966,12546,7029,96,59687,58738,14126,60142,93935,41,1,1
17967,22725,21442,104,60692,58510,1774,61410,107445,107,1,1
17968,13176,13011,104,58117,56619,1764,58695,86739,71,1,1
17969,7101,1947,198,58055,57583,20865,58540,88547,14,1,1
17970,10559,5439,169,59716,58889,15847,60219,92149,33,1,1
17971,10237,9451,99,55946,54742,3062,56444,79277,54,1,1
17972,12665,12588,111,58899,57432,1827,59493,86660,68,1,1
17973,2344,1172,191,54580,54218,33990,55025,92614,9,1,1
17974,13944,3053,102,56840,56262,14088,57241,88411,20,1,1
17975,22609,23985,103,61742,59324,1750,62474,110901,116,1,1
17976,11893,10746,92,55256,53918,1748,55785,80257,61,1,1
17977,41678,31538,157,74090,71115,23748,75008,172066,147,1,1
17978,14468,8495,104,59060,57964,15919,59565,98533,48,1,1
17979,4010,3011,106,50587,49981,5737,50981,63823,21,1,1
17980,14066,14051,101,55590,54026,1730,56178,86111,74,1,1
17981,42506,25786,215,72233,69782,23310,73112,164812,121,1,1
17982,14578,6549,99,58603,57722,11924,59047,92191,37,1,1
17983,7994,6241,107,39436,38561,3262,39880,57461,36,1,1
17984,12026,3832,91,39601,38939,1709,39995,57648,25,1,1
17985,12710,10714,97,54604,53344,1736,55133,80377,58,1,1
17986,4414,1566,142,57731,57311,27522,58148,91735,12,1,1
17987,11961,6630,108,59463,58527,11377,59925,89987,38,1,1
17988,16382,15871,97,61007,59323,1762,61614,95721,80,1,1
17989,9640,7278,108,54509,53482,1717,55013,73737,43,1,1
17990,41577,33383,197,72329,69296,23862,73299,172214,152,1,1
17991,16717,11640,101,61494,60076,10891,62059,101395,63,1,1
17992,4410,2671,101,39305,38721,3826,39683,50674,19,1,1
17993,4702,210,97,35881,35678,1705,36180,42881,1,1,1
17994,10683,8840,97,41744,40623,2878,42238,64723,50,1,1
17995,4187,237,192,37250,37039,1743,37673,43933,1,1,1
17996,11984,4855,92,60845,60051,28550,61263,106737,29,1,1
17997,12462,5848,109,58956,58085,11506,59412,89315,35,1,1
17998,702,231,101,23148,22934,36223,23462,60701,1,1,1
17999,19876,3180,98,21645,21047,27938,22040,73119,21,1,1
18000,31981,14411,93,32539,30979,11233,33110,90828,72,1,1
18001,15046,4008,97,30475,29787,15916,30867,65921,26,1,1
18002,26945,13628,94,57337,55845,8818,57946,107434,68,1,1
18003,4280,243,108,36219,36022,1768,36549,42925,1,1,1
18004,42146,29510,103,69723,66938,12319,70536,154598,136,1,1
18005,13528,13342,106,71224,69666,1739,71812,100505,72,1,1
18006,7342,5025,102,37925,37146,3937,38363,54757,31,1,1
18007,13310,11755,185,40008,38611,1768,40637,67554,62,1,1
18008,24261,22416,103,77655,75332,1778,78391,126936,113,1,1
18009,12602,10945,100,70379,69071,1700,70916,96246,60,1,1
18010,10084,9760,111,41354,40162,3535,41904,65370,54,1,1
18011,12572,10656,268,40766,39461,1792,41478,66591,58,1,1
18012,8343,6926,98,46315,45373,5002,46772,67135,41,1,1
18013,15503,12733,104,65044,63620,1775,65604,95700,67,1,1
18014,7919,5875,108,69895,69006,1702,70357,85939,37,1,1
18015,17386,16996,102,43883,42076,1765,44513,80746,86,1,1
18016,10674,8748,152,39598,38469,1742,40161,61419,49,1,1
18017,21534,22614,110,77836,75600,1795,78575,124615,111,1,1
18018,13523,14030,111,72424,70819,2321,73024,102984,76,1,1
18019,14074,10926,103,38383,37107,1780,38915,65789,58,1,1
18020,11198,9038,228,31873,30749,1825,32524,54683,50,1,1
18021,4350,193,107,25633,25427,1682,25953,32259,1,1,1
18022,22240,20632,99,75670,73616,2083,76367,121408,101,1,1
18023,14035,10462,103,68256,66958,1688,68802,95071,59,1,1
18024,9331,7490,101,29966,28963,2492,30437,49839,43,1,1
18025,17963,5005,160,29171,28389,1807,29674,54544,31,1,1
18026,4450,198,92,24565,24359,1666,24856,31257,1,1,1
18027,18719,17629,92,75041,73208,1706,75676,113824,89,1,1
18028,10326,8330,104,72765,71662,1759,73270,93804,49,1,1
18029,7392,5267,131,30073,29283,3304,30561,46610,32,1,1
18030,8667,5682,98,40551,39704,1747,41034,57225,34,1,1
18031,17828,17335,110,79264,77449,1706,79934,116898,88,1,1
18032,11433,10634,100,73678,72374,1751,74220,98122,59,1,1
18033,8886,5736,103,28453,27605,1981,28901,45590,35,1,1
18034,8049,3747,94,33633,32989,1725,34021,47627,24,1,1
18035,4283,240,202,25186,24975,1717,25600,31924,1,1,1
18036,17038,16881,99,56242,54462,3802,56869,94676,86,1,1
18037,10089,2840,91,56067,55524,1713,56449,71186,19,1,1
18038,14332,13527,103,73991,72447,1679,74588,104218,73,1,1
18039,6699,3491,100,29715,29049,2147,30132,42553,24,1,1
18040,4552,567,95,22152,21864,1743,22476,29422,5,1,1
18041,5501,162,207,25401,25198,1707,25815,33576,1,1,1
18042,4191,199,88,17565,17328,1788,17848,24106,1,1,1
18043,26067,26136,90,80600,78069,1686,81367,135343,127,1,1
18044,11003,8996,98,57306,56149,1746,57813,79649,52,1,1
18045,4274,337,98,53702,53445,1700,54039,60449,3,1,1
18046,4469,194,100,24834,24627,1678,25126,31550,1,1,1
18047,3768,198,89,25275,25089,2166,25632,31859,1,1,1
18048,4753,198,98,21780,21586,1744,22082,28860,1,1,1
18049,23230,25532,104,62705,60244,1671,63482,114001,123,1,1
18050,14550,6060,98,104742,103753,1666,105186,127553,35,1,2
18051,14003,3243,107,54851,54280,1761,55267,74365,20,1,1
18052,4336,186,99,23517,23304,1791,23841,30254,1,1,1
18053,34611,29071,203,66701,64006,2607,67617,134001,136,1,1
18054,11904,12384,103,61210,59787,1718,61770,87867,66,1,1
18055,5573,234,102,52950,52751,1781,53260,60930,1,1,1
18056,41131,41880,123,77786,74067,3575,78808,165495,189,1,1
18057,4353,225,152,23041,22830,2237,23389,30298,1,1,1
18058,5758,3389,91,49730,49141,4244,50116,63592,22,1,1
18059,10677,10683,101,58699,57401,1832,59229,82507,59,1,1
18060,41747,32519,104,73400,70465,13081,74267,161700,149,1,1
18061,10837,6708,107,58264,57326,10680,58738,87049,40,1,1
18062,19858,17454,182,61780,59918,1807,62510,101727,88,1,1
18063,11217,10825,100,56033,54732,1778,56573,80480,60,1,1
18064,41503,34494,111,74135,70993,10884,75045,162011,159,1,1
18065,13876,9731,99,60954,59796,10290,61464,95444,52,1,1
18066,10596,8309,147,54050,52981,3724,54590,77311,47,1,1
18067,8100,7037,90,41066,40091,1863,41529,58617,42,1,1
18068,11511,10440,104,46220,44961,1825,46741,70608,57,1,1
18069,41688,36185,103,86668,83453,10540,87571,176083,162,1,1
18070,22973,6307,212,60981,60097,13292,61566,104221,37,1,1
18071,18662,15097,101,60983,59292,1860,61590,97297,79,1,1
18072,11554,10964,96,57371,56051,1865,57896,82366,60,1,1
18073,4995,1424,90,57544,57142,19192,57898,83592,11,1,1
18074,14196,7670,109,67620,66583,9614,68153,99727,44,1,1
18075,16387,15274,111,62380,60688,1835,63010,96595,79,1,1
18076,10377,9980,101,58277,57010,1816,58803,81061,57,1,1
18077,4704,1332,101,56063,55678,31576,56426,94124,10,1,1
18078,12746,7089,100,71902,70969,15687,72422,108042,40,1,1
18079,2164,1104,113,50820,50444,36042,51193,90618,9,1,1
18080,20419,4537,96,35797,35085,29740,36203,90986,26,1,1
18081,33828,17557,99,52054,50216,19466,52690,123651,88,1,1
18082,9430,2567,89,30626,30066,16519,30984,59584,18,1,1
18083,31887,16887,97,43286,41483,9691,43949,102501,85,1,1
18084,23183,12433,95,42369,40944,2189,42976,80872,66,1,1
18085,42440,35582,222,70904,68423,19877,71810,169804,123,1,1
18086,12520,6608,98,60122,59194,12322,60582,92127,39,1,1
18087,21357,22623,110,60303,58042,1833,61031,106931,110,1,1
18088,12309,11101,97,64266,62887,1801,64816,90133,63,1,1
18089,42342,23053,201,69727,67414,24654,70560,160704,111,1,1
18090,13750,7881,101,57670,56686,14195,58142,94264,43,1,1
18091,6341,5029,97,52255,51436,4273,52694,68429,32,1,1
18092,11063,9524,100,53307,52085,1808,53824,76304,55,1,1
18093,1389,199,201,55666,55460,27233,56087,84992,1,1,1
18094,11258,5165,100,58262,57484,10146,58695,85354,32,1,1
18095,7799,6370,104,39539,38614,3884,40001,58142,39,1,1
18096,4284,203,93,35905,35685,1719,36209,42500,1,1,1
18097,11664,11712,99,41858,40474,2390,42395,68247,63,1,1
18098,4469,198,92,34759,34544,1746,35063,41558,1,1,1
18099,21893,4073,224,59210,58524,23625,59762,109454,25,1,1
18100,10583,6377,96,58278,57332,10258,58746,86057,39,1,1
18101,14839,15657,110,56727,55009,2261,57493,90340,80,1,1
18102,14584,15234,97,42965,41326,1795,43571,75270,78,1,1
18103,4431,231,104,36544,36327,1783,36875,43404,1,1,1
18104,13512,4710,153,57491,56747,23979,57971,100267,28,1,1
18105,13147,7447,106,60851,59835,12386,61321,94393,42,1,1
18106,21048,22173,110,45152,42963,1768,45867,90944,108,1,1
18107,14030,13796,102,40916,39340,1731,41510,71156,74,1,1
18108,4158,200,132,37857,37640,1736,38227,44408,1,1,1
18109,41960,42990,218,110071,106834,14752,111065,211087,155,1,2
18110,11579,6915,99,58483,57562,9505,58938,87029,39,1,1
18111,18962,19289,112,42480,40538,1748,43147,83232,94,1,1
18112,13786,11998,95,39100,37670,1733,39646,67249,66,1,1
18113,3644,2184,101,43275,42774,5459,43650,55022,15,1,1
18114,16447,11361,206,61010,59674,1700,61681,91284,62,1,1
18115,14754,14732,102,72925,71269,1772,73532,104881,79,1,1
18116,10237,10180,103,39749,38519,2919,40285,63709,56,1,1
18117,10774,9162,99,42721,41567,1792,43226,65036,52,1,1
18118,6090,4918,91,44083,43329,4977,44513,60594,30,1,1
18119,23767,17070,174,63420,61702,4677,64120,109734,83,1,1
18120,10960,8559,108,69204,68143,1421,69715,90747,47,1,1
18121,18120,15079,111,43314,41729,1772,43926,78986,75,1,1
18122,10702,8776,97,37107,35986,1698,37597,58861,50,1,1
18123,22640,22020,105,85666,83463,1582,86439,132775,108,1,1
18124,11211,10193,114,68810,67562,1682,69361,92541,57,1,1
18125,14006,10653,101,39783,38510,1721,40321,66793,58,1,1
18126,10745,7913,100,37767,36735,1753,38236,58748,45,1,1
18127,4125,244,99,25429,25227,1681,25764,31901,1,1,1
18128,4748,2022,95,41677,41204,5536,42050,54439,14,1,1
18129,11660,8585,151,61807,60694,1701,62375,84414,50,1,1
18130,17079,19163,105,71798,69782,1694,72472,110499,98,1,1
18131,15609,11833,103,31675,30332,1771,32212,61515,62,1,1
18132,8870,7130,99,27783,26791,1707,28238,46029,42,1,1
18133,1751,198,95,23970,23766,2504,24274,28812,1,1,1
18134,24880,23785,96,82157,79834,1718,82945,133422,114,1,1
18135,10696,9710,98,72089,70881,2282,72623,95401,54,1,1
18136,3760,1763,102,26984,26538,3007,27354,35970,13,1,1
18137,7736,5324,95,30300,29441,1744,30710,45597,32,1,1
18138,4384,348,93,24110,23859,1677,24420,30913,3,1,1
18139,23874,24511,96,79647,77304,1755,80394,130628,117,1,1
18140,13697,13318,175,73675,72169,1678,74328,103121,71,1,1
18141,11003,7564,103,29930,28944,1704,30399,50756,43,1,1
18142,7539,4399,96,29527,28769,1719,29935,43677,29,1,1
18143,3562,239,96,24125,23918,1686,24415,29989,1,1,1
18144,18200,17151,100,58127,56331,2848,58753,97047,86,1,1
18145,16724,6238,140,82226,81258,1712,82715,107483,34,1,2
18146,14420,13551,113,67908,66385,1952,68518,98535,72,1,1
18147,7684,3379,101,29881,29262,1752,30265,43165,22,1,1
18148,4474,875,96,21656,21312,2181,21985,29599,7,1,1
18149,4358,235,92,31637,31435,1716,31921,38335,1,1,1
18150,4513,198,94,17714,17519,1751,18025,24576,1,1,1
18151,4443,1924,95,43509,43061,5998,43871,56321,14,1,1
18152,15527,3392,141,56112,55511,2519,56575,78107,22,1,1
18153,10980,9644,103,72306,71105,1707,72832,95256,54,1,1
18154,4281,321,104,22825,22570,1799,23150,29644,2,1,1
18155,4205,221,96,17968,17757,1700,18269,24481,1,1,1
18156,4247,199,90,20861,20665,2506,21169,28209,1,1,1
18157,25368,24381,100,81901,79570,1712,82632,134180,116,1,1
18158,9544,7886,198,57814,56728,2136,58415,78075,47,1,1
18159,7244,197,91,55231,55030,1686,55525,64738,1,1,1
18160,2250,196,98,23931,23723,3040,24242,29816,1,1,1
18161,22073,23536,104,61051,58755,1709,61786,109199,114,1,1
18162,10989,10094,95,74309,73053,1774,74893,97847,57,1,1
18163,11732,1683,113,58118,57699,1769,58500,73781,12,1,1
18164,34807,42420,109,79268,75458,2342,80287,159952,194,1,1
18165,10816,375,114,27333,27063,1706,27670,40662,3,1,1
18166,19285,18758,101,60873,58930,2679,61531,102339,95,1,1
18167,7212,3611,218,31513,30850,10551,32040,53515,24,1,1
18168,20456,15189,92,55234,53611,6838,55828,98399,76,1,1
18169,41974,25254,98,69655,67252,15281,70395,153001,119,1,1
18170,15008,8304,94,59004,57959,10971,59484,93860,46,1,1
18171,18325,18450,138,60735,58828,1864,61502,100229,92,1,1
18172,9138,8045,162,57006,55918,2395,57567,77241,47,1,1
18173,9348,4400,98,60266,59596,19065,60694,93602,26,1,1
18174,15076,8103,108,60002,58993,11079,60483,94834,44,1,1
18175,24929,27257,100,64218,61655,1757,64996,119029,128,1,1
18176,7936,7240,143,57126,56143,2205,57651,75126,42,1,1
18177,8876,5130,95,59673,58890,13520,60110,87728,32,1,1
18178,13544,7118,103,59663,58724,13545,60130,94430,40,1,1
18179,8320,7778,100,54773,53726,4627,55250,76065,45,1,1
18180,14362,14104,208,59695,58065,3029,60401,91994,75,1,1
18181,6462,1600,97,56897,56454,24633,57258,90047,13,1,1
18182,14457,6891,102,58641,57704,14474,59121,95038,40,1,1
18183,9196,8851,110,56606,55462,4504,57109,79752,50,1,1
18184,12590,12288,167,56347,54898,2367,56990,84328,67,1,1
18185,1384,206,92,56003,55802,28342,56320,86333,1,1,1
18186,14159,4202,103,55870,55171,14613,56284,89350,27,1,1
18187,4602,4099,93,61178,60429,5367,61571,75747,27,1,1
18188,9679,8905,108,63566,62423,2242,64175,85098,51,1,1
18189,2698,793,106,56781,56474,35536,57132,96246,6,1,1
18190,14731,7846,103,59219,58176,12069,59700,94437,45,1,1
18191,6997,5114,104,40413,39599,3551,40849,56608,33,1,1
18192,10080,4070,99,38368,37691,2287,38776,55300,26,1,1
18193,14101,13877,100,62930,61385,1883,63553,93509,72,1,1
18194,6101,1773,113,58795,58358,35472,59186,102622,13,1,1
18195,10890,4601,97,56923,56188,14782,57332,87699,28,1,1
18196,6578,5786,98,52353,51477,4853,52785,70089,36,1,1
18197,13634,14176,93,57407,55827,1970,57985,87852,73,1,1
18198,1599,317,191,57574,57346,35614,57993,95620,2,1,1
18199,10385,3338,102,58199,57582,13965,58590,86372,22,1,1
18200,5424,4073,107,38747,38045,5008,39163,53757,27,1,1
18201,4752,200,96,35989,35783,1728,36298,43058,1,1,1
18202,14925,16933,98,46160,44394,1972,46775,80692,84,1,1
18203,4556,196,192,35791,35585,2178,36199,43220,1,1,1
18204,41975,30590,96,69495,66716,16989,70317,159969,139,1,1
18205,13854,6552,104,57226,56320,9296,57677,87471,38,1,1
18206,7753,6353,102,53492,52587,2771,53953,70915,38,1,1
18207,11321,10204,108,44064,42838,1881,44603,68106,56,1,1
18208,41552,32130,206,71657,68655,14347,72611,160733,146,1,1
18209,12288,11917,101,70802,69399,1742,71354,97393,64,1,1
18210,20431,20463,104,45996,43862,1842,46682,89515,101,1,1
18211,14805,14023,106,42228,40630,1749,42822,73492,76,1,1
18212,4236,195,220,37117,36914,2812,37553,44890,1,1,1
18213,41922,32348,99,72390,69418,23923,73245,171533,149,1,1
18214,9893,8365,108,68116,67022,1757,68609,88720,48,1,1
18215,6983,5712,100,38245,37384,3960,38680,55422,35,1,1
18216,11914,9761,98,37832,36627,2374,38349,62482,54,1,1
18217,22827,21964,210,78218,75995,1760,79044,125693,108,1,1
18218,11633,9829,101,71074,69791,1682,71589,94828,56,1,1
18219,19149,19608,106,43248,41270,1733,43929,84516,96,1,1
18220,11260,10105,99,37032,35822,2264,37551,61272,55,1,1
18221,27274,29841,158,79311,76495,1715,80199,139120,141,1,1
18222,9994,8186,102,46601,45534,3341,47097,68711,47,1,1
18223,17515,12089,93,60801,59414,1683,61358,92739,65,1,1
18224,8387,5867,137,42507,41656,4983,42994,62320,35,1,1
18225,13071,10236,97,46062,44806,1747,46628,71781,57,1,1
18226,10136,10491,113,71581,70323,3927,72121,96770,57,1,1
18227,13919,14399,104,72882,71234,1806,73489,103705,77,1,1
18228,8181,5385,97,36441,35629,3800,36871,54325,33,1,1
18229,11653,10276,94,31014,29782,1711,31517,55246,56,1,1
18230,4096,188,188,25232,25030,1718,25620,31708,1,1,1
18231,17334,17378,101,73012,71198,3618,73659,112081,88,1,1
18232,10562,9647,101,66571,65330,3570,67090,90961,55,1,1
18233,10588,7189,110,29539,28579,2623,30003,50490,41,1,1
18234,8208,4201,96,30528,29840,1736,30927,45165,27,1,1
18235,4284,225,97,24853,24648,1769,25165,31530,1,1,1
18236,23847,25640,226,77962,75457,2423,78871,130875,125,1,1
18237,13152,10866,101,73467,72098,1712,74015,99840,62,1,1
18238,42032,10010,100,52798,51637,11176,53306,116623,52,1,1
18239,11253,3608,106,24186,23545,6834,24588,46555,24,1,1
18240,18293,5423,99,30651,29861,2965,31177,57956,32,1,1
18241,4354,201,97,23686,23488,1737,23998,30377,1,1,1
18242,27417,28921,99,83197,80524,1790,84004,142222,134,1,1
18243,13319,11559,102,73843,72431,1754,74406,101131,65,1,1
18244,9071,5409,115,32790,31961,2982,33249,50801,33,1,1
18245,7921,11991,201,30123,29415,1765,30634,52406,27,1,1
18246,22841,22314,104,80192,78046,1785,80899,127930,106,1,1
18247,10829,9716,94,76507,75279,1788,77026,99446,55,1,1
18248,3545,1291,93,28801,28398,3696,29141,37760,10,1,1
18249,4328,711,90,21918,21604,1725,22232,29083,6,1,1
18250,4096,392,96,45321,44932,1861,45681,52125,3,1,2
18251,7179,5492,96,50407,49583,5195,50844,68805,33,1,1
18252,10030,2555,97,98251,97614,1709,98615,113003,17,1,2
18253,4857,193,99,52877,52680,2743,53195,61075,1,1,1
18254,4657,222,98,22081,21868,1753,22375,29095,1,1,1
18255,4175,194,97,18341,18129,2209,18640,25303,1,1,1
18256,4203,188,89,21125,20942,1696,21406,27584,1,1,1
18257,25943,38131,236,81492,79000,1870,82426,148468,124,1,1
18258,12438,10844,101,57438,56134,1696,57981,83052,60,1,1
18259,8006,206,91,54951,54749,2229,55244,65769,1,1,1
18260,3165,203,98,22199,21958,2199,22505,28156,1,1,1
18261,24031,24553,102,80301,76986,2069,81159,131979,118,1,1
18262,11027,9060,191,67507,66370,1868,68332,90402,45,1,1
18263,5775,304,111,55974,55771,2482,56328,64983,1,1,1
18264,41647,37777,99,84681,81237,3634,85624,168980,172,1,1
18265,20951,28403,160,64611,62577,1852,65360,116659,97,1,1
18266,10181,9071,95,52956,51825,1813,53453,74605,50,1,1
18267,41564,35046,99,75622,72475,11279,76528,164507,159,1,1
18268,13002,8604,100,58747,57637,9564,59248,90514,48,1,1
18269,22032,22066,151,63921,61747,1764,64684,110642,107,1,1
18270,9610,9024,93,53631,52499,2232,54122,75109,51,1,1
18271,8208,3966,104,58419,57739,20176,58840,91286,26,1,1
18272,13603,9209,100,59914,58776,13177,60441,96524,51,1,1
18273,20474,19034,180,60448,58508,1806,61194,102606,94,1,1
18274,9394,7435,93,60939,59916,1727,61488,80129,44,1,1
18275,6425,3446,104,59234,58625,16902,59694,86570,22,1,1
18276,14626,6033,101,58596,57726,13560,59039,93350,36,1,1
18277,6366,4995,100,60995,60197,4942,61483,77883,31,1,1
18278,14118,13607,109,56093,54590,1801,56676,86288,71,1,1
18279,4593,1241,101,56921,56551,29150,57271,92342,9,1,1
18280,9679,5447,97,59189,58396,17073,59610,91902,32,1,1
18281,22054,24444,112,74587,72203,1768,75393,123760,116,1,1
18282,12862,12371,107,61895,60466,1692,62469,89480,67,1,1
18283,8410,2155,97,57649,57170,19320,58021,88002,15,1,1
18284,14197,8873,100,61553,60431,9414,62051,94628,50,1,1
18285,8227,5116,104,39567,38763,3945,40006,57384,32,1,1
18286,12638,7372,166,42135,41158,1760,42688,64556,43,1,1
18287,11216,8762,96,54079,52927,2331,54565,76957,51,1,1
18288,7274,2243,96,56824,56311,33982,57196,100781,16,1,1
18289,13989,8773,109,58563,57488,15745,59060,97660,47,1,1
18290,6348,5073,100,51981,51198,4429,52398,68337,31,1,1
18291,11897,10532,236,57469,56164,2625,58139,83292,58,1,1
18292,2888,1108,88,55355,54983,35232,55684,94997,9,1,1
18293,11667,3913,104,57514,56865,14532,57913,88119,24,1,1
18294,21536,22200,138,61031,58802,1896,61780,107512,105,1,1
18295,12168,11144,167,56285,54907,3165,56893,83465,60,1,1
18296,42516,25054,109,71494,69046,23177,72255,163098,117,1,1
18297,12023,4397,106,57891,57190,11115,58306,85935,26,1,1
18298,17041,17645,135,60082,58134,1859,60771,97408,90,1,1
18299,16725,18060,221,44516,42602,2404,45302,82590,92,1,1
18300,4569,316,97,37468,37228,1707,37778,44456,2,1,1
18301,42505,28872,105,68784,66108,23180,69589,164242,132,1,1
18302,14710,6582,100,58109,57209,10826,58558,90769,38,1,1
18303,9798,9413,112,50227,49012,4610,50797,74714,53,1,1
18304,17608,18184,114,44390,42486,1735,45050,82662,92,1,1
18305,4260,198,93,36504,36294,1804,36794,43141,1,1,1
18306,6860,1867,93,91988,91400,27409,92339,128570,13,1,2
18307,11705,7102,105,58944,58018,10432,59419,88754,40,1,1
18308,19837,18613,105,58779,56280,2296,59538,100384,95,1,1
18309,10676,9299,116,43363,42196,2043,43884,65995,52,1,1
18310,4359,197,104,37938,37723,1382,38264,44285,1,1,1
18311,12106,4739,94,59066,58363,30637,59476,107052,28,1,1
18312,13253,12132,107,72231,70745,1736,72799,100013,66,1,1
18313,6666,626,100,23593,23291,35284,23927,66609,5,1,1
18314,28912,3001,190,20233,19695,27099,20708,79812,19,1,1
18315,26312,10351,97,34517,33271,20618,35028,92396,56,1,1
18316,10537,3271,98,23108,22474,15763,23485,53142,22,1,1
18317,23035,9517,96,37862,36704,10754,38368,81774,53,1,1
18318,24895,12108,99,44878,43527,2834,45416,85338,62,1,1
18319,27345,25801,101,76549,74004,1776,77314,132324,125,1,1
18320,12050,10430,152,91556,90193,1842,92372,116817,57,1,1
18321,19334,16097,194,44353,42633,1844,45069,82439,81,1,1
18322,9890,7885,102,36883,35791,1670,37357,56889,46,1,1
18323,6906,5897,95,47215,46316,5468,47657,66024,37,1,1
18324,14204,12348,97,62036,60655,1689,62587,90920,65,1,1
18325,9508,9170,97,67814,66644,4431,68323,91524,52,1,1
18326,8257,7537,141,43046,42018,3468,43569,62925,43,1,1
18327,11852,9240,95,31711,30534,1727,32210,55116,52,1,1
18328,4468,317,96,25443,25174,1704,25753,32327,3,1,1
18329,24301,26415,94,78085,75533,1775,78859,131447,127,1,1
18330,12119,10614,99,69868,68582,2836,70542,96202,59,1,1
18331,15813,14191,174,42224,40660,1716,42903,74719,72,1,1
18332,11117,6996,97,30043,29082,1683,30490,50381,41,1,1
18333,4200,238,99,24720,24513,1825,25031,31381,1,1,1
18334,14436,13487,94,68960,67424,1679,69534,99230,73,1,1
18335,13346,11299,98,68964,67549,1667,69509,95916,65,1,1
18336,9354,7456,158,30919,29864,2844,31460,51211,45,1,1
18337,8624,5316,98,27841,27019,1734,28281,44049,34,1,1
18338,4034,204,98,24610,24407,1747,24920,30990,1,1,1
18339,19960,19420,106,73912,71917,1693,74587,115749,97,1,1
18340,9400,8180,103,73786,72653,1710,74290,93677,48,1,1
18341,6910,4518,197,29674,28925,2472,30206,44191,30,1,1
18342,7611,4087,92,29866,29159,1756,30258,43799,27,1,1
18343,4108,202,96,24834,24630,1751,25127,31270,1,1,1
18344,22035,20641,110,79724,77597,1698,80445,124917,105,1,1
18345,11596,9856,143,73169,71917,1870,73731,97146,56,1,1
18346,8397,4270,146,31241,30535,1695,31710,46166,27,1,1
18347,4388,372,98,24231,23960,1687,24540,31074,3,1,1
18348,4947,199,99,23633,23436,1682,23924,30834,1,1,1
18349,4590,313,95,17486,17250,1754,17781,24524,3,1,1
18350,25056,26666,95,80035,77498,1752,80807,134376,126,1,1
18351,8851,6089,100,54058,53136,1670,54526,71225,38,1,1
18352,6990,2477,214,55451,54945,3301,55950,68818,17,1,1
18353,8479,4323,105,30826,30087,2182,31259,46336,28,1,1
18354,4395,321,97,25742,25487,1662,26056,32521,3,1,1
18355,4376,236,110,25829,25619,1760,26150,32608,1,1,1
18356,4606,613,98,43780,43365,1441,44099,50854,5,1,2
18357,24769,22641,99,72881,70708,3850,73627,124979,105,1,1
18358,18950,19628,96,60816,58806,3537,61534,103736,98,1,1
18359,2646,197,162,53041,52843,3509,53422,59854,1,1,1
18360,4690,232,102,24271,24058,2049,24582,31638,1,1,1
18361,4117,295,111,19192,18989,1754,19501,25764,1,1,1
18362,3793,186,95,21629,21436,2262,21925,28259,1,1,1
18363,23532,23208,158,82551,80236,1718,83342,131896,114,1,1
18364,12610,12694,172,59673,58122,1760,60321,87479,71,1,1
18365,5318,3865,156,60516,59854,10988,60994,81261,25,1,1
18366,4137,206,101,22980,22774,2232,23283,29949,1,1,1
18367,22670,24160,101,63886,61547,1718,64637,113280,116,1,1
18368,13911,11605,96,64273,62857,1762,64820,92199,64,1,1
18369,4647,202,104,53919,53708,1715,54251,60899,1,1,1
18370,41250,46923,211,78028,73898,2912,79223,170399,213,1,1
18371,15849,14580,101,60200,58568,1711,60799,93217,77,1,1
18372,8972,7760,100,58865,57801,1801,59338,77974,46,1,1
18373,41644,45863,180,74634,71602,13068,75602,176287,154,1,1
18374,18234,10135,104,61173,59929,9715,61706,99883,56,1,1
18375,20901,21857,106,63678,61471,1802,64389,109044,109,1,1
18376,11741,11397,102,58618,57228,1738,59166,84128,63,1,1
18377,41885,28843,206,71699,69089,14343,72614,157781,130,1,1
18378,13630,7799,102,59332,58284,12474,59821,93815,45,1,1
18379,26056,27572,107,64247,61597,1740,65034,120488,130,1,1
18380,9197,7823,106,58582,57517,1738,59088,77942,47,1,1
18381,3745,1137,154,58564,58197,27297,58994,91259,9,1,1
18382,13180,5902,98,57804,56946,15616,58242,93031,35,1,1
18383,7053,4513,106,50810,50042,4233,51242,67135,29,1,1
18384,11851,10336,104,56524,55236,1745,57061,81084,58,1,1
18385,41615,32206,213,71811,68845,13727,72791,160428,149,1,1
18386,12764,4951,98,57112,56364,14715,57527,90047,30,1,1
18387,10404,9375,102,56928,55728,4661,57448,81983,53,1,1
18388,10393,8920,104,54822,53654,1773,55340,76517,53,1,1
18389,41801,31415,226,73748,70870,23383,74753,171444,145,1,1
18390,12341,5297,100,57071,56268,14296,57502,89527,32,1,1
18391,17513,15246,107,58407,56698,1765,59019,93630,79,1,1
18392,12124,11590,107,57089,55709,1702,57651,83151,64,1,1
18393,42064,28155,156,72579,69983,24775,73438,168525,130,1,1
18394,13968,8655,96,59062,57990,13741,59548,96005,46,1,1
18395,42884,9944,99,61080,59806,28691,61604,143219,53,1,1
18396,21480,8301,130,43596,42492,5542,44115,79534,46,1,1
18397,10202,3216,95,39891,39285,16779,40324,70615,21,1,1
18398,27458,12423,108,34548,33113,11154,35114,86233,65,1,1
18399,18763,11363,92,41553,40233,1838,42077,74132,60,1,1
18400,41531,29037,106,71292,68568,28879,72102,171643,134,1,1
18401,13584,5876,101,58059,57183,15222,58512,93285,36,1,1
18402,6860,6062,100,53212,52261,4644,53660,71314,37,1,1
18403,7882,6202,148,53793,52880,1743,54308,70228,37,1,1
18404,41998,29469,117,71649,68885,25139,72487,169183,139,1,1
18405,14855,6184,107,58374,57496,12091,58823,92045,36,1,1
18406,22057,24085,110,59373,56876,2601,60134,108970,118,1,1
18407,10464,9959,267,41722,40444,2434,42416,65371,55,1,1
18408,4441,349,108,38016,37748,1437,38361,44674,3,1,1
18409,41897,30612,104,69537,66753,27833,70363,170800,139,1,1
18410,15036,6131,102,57300,56438,13005,57742,92006,35,1,1
18411,19473,29907,173,49096,46919,1754,49874,101100,104,1,1
18412,14468,13337,98,39846,38316,1676,40421,69987,71,1,1
18413,4417,200,95,37415,37198,1748,37714,44159,1,1,1
18414,42249,28117,97,107441,104613,24004,108242,202700,133,1,2
18415,41122,34107,128,70019,66895,6225,70948,152497,158,1,1
18416,8741,8318,196,40466,39345,3856,41059,62254,48,1,1
18417,12180,11829,100,42091,40697,1715,42640,68455,64,1,1
18418,20185,20777,107,80243,78152,1705,80942,123703,102,1,1
18419,12205,10187,101,70883,69628,1750,71414,95646,57,1,1
18420,17908,19081,197,45699,43692,2028,46472,85583,97,1,1
18421,12112,10805,95,39121,37786,1713,39651,64370,60,1,1
18422,6352,5425,96,46950,46124,5427,47380,64678,34,1,1
18423,22921,17571,97,64499,62708,3810,65137,109530,87,1,1
18424,12023,10237,103,69563,68254,1774,70099,94224,59,1,1
18425,5543,3390,170,37428,36795,4172,37904,51106,23,1,1
18426,11304,9922,96,37693,36483,1703,38203,61218,54,1,1
18427,6467,4951,98,45579,44813,5371,46014,62896,31,1,1
18428,13025,8511,98,59657,58582,1778,60139,83545,48,1,1
18429,10378,9190,108,68649,67469,1697,69171,90530,53,1,1
18430,5555,3946,187,39765,39084,3858,40276,53721,26,1,1
18431,11185,8215,96,31806,30747,1710,32278,53474,47,1,1
18432,4243,200,89,24241,24030,2185,24540,31252,1,1,1
18433,19752,19981,107,77337,75223,1722,78035,119585,103,1,1
18434,20463,15919,103,74525,72769,2648,75159,114282,84,1,1
18435,9428,7832,196,39196,38139,2975,39784,60113,46,1,1
18436,12302,9681,98,31282,30042,1791,31797,55672,54,1,1
18437,8042,6993,98,47040,46121,5002,47502,67641,39,1,1
18438,10957,6984,96,59518,58540,1729,59977,79736,42,1,1
18439,15340,15793,107,76174,74430,1677,76795,109696,82,1,1
18440,5524,4152,149,30267,29583,3463,30753,43985,26,1,1
18441,7854,3996,94,30312,29601,1725,30719,44382,27,1,1
18442,4293,201,96,26357,26153,1799,26667,33041,1,1,1
18443,6529,3734,98,43355,42619,5070,43757,59179,25,1,1
18444,13707,6544,93,58409,57514,1682,58863,80887,38,1,1
18445,12506,11192,103,75510,74121,1765,76061,101623,63,1,1
18446,6305,3204,190,30030,29426,2834,30527,42957,21,1,1
18447,7913,5506,90,30544,29744,1783,30954,46242,33,1,1
18448,4748,197,94,25019,24814,1766,25318,32114,1,1,1
18449,25181,22916,95,79328,77110,1726,80042,129951,110,1,1
18450,9633,8322,107,51731,50612,1674,52239,71961,49,1,1
18451,7629,3274,90,63053,62455,5940,63481,80430,22,1,1
18452,10522,5018,111,31485,30714,1688,31933,49252,31,1,1
18453,4197,740,100,25247,24949,1753,25570,32353,6,1,1
18454,4633,525,97,40927,40493,1711,41252,48218,5,1,2
18455,22772,26050,102,80937,78489,1757,81765,132448,122,1,1
18456,12306,17263,115,78346,76892,1679,78933,110280,67,1,1
18457,6927,3225,192,29891,29304,3003,30384,43632,21,1,1
18458,4811,533,97,23191,22899,1684,23516,30629,5,1,1
18459,21799,22430,98,81820,79567,1793,82546,128655,111,1,1
18460,11582,11771,94,60952,59530,1836,61494,86772,66,1,1
18461,10567,599,96,64140,63851,2252,64534,78044,5,1,1
18462,4231,236,110,23057,22843,1720,23371,29649,1,1,1
18463,4283,361,117,19363,19120,1740,19702,26181,2,1,1
18464,4429,197,95,21672,21433,1753,21965,28428,1,1,1
18465,13432,10434,105,57174,55961,4500,57697,86147,56,1,1
18466,12013,11935,103,58087,56694,1681,58638,84355,65,1,1
18467,6701,331,89,55663,55421,1679,55977,64774,3,1,1
18468,52875,42799,185,78462,74632,4969,79567,180303,194,1,1
18469,4093,227,95,22148,21942,2522,22475,29406,1,1,1
18470,25448,23237,108,62326,60039,1696,63066,113719,113,1,1
18471,10805,9853,94,59358,58107,1666,59868,82285,55,1,1
18472,6080,224,100,54565,54363,1693,54874,62957,1,1,1
18473,10671,7935,141,61657,60625,7056,62193,87950,45,1,1
18474,23574,24335,105,65432,63060,1721,66189,115911,118,1,1
18475,8684,6460,96,55115,54175,1793,55573,72599,40,1,1
18476,42026,28653,120,74293,71631,22131,75118,168208,133,1,1
18477,12458,6229,191,57904,56998,11339,58447,88568,37,1,1
18478,9436,3069,109,28531,27981,17702,28935,59246,19,1,1
18479,20170,9497,99,47684,46533,8894,48196,86845,52,1,1
18480,8044,1338,97,28235,27821,12819,28576,50862,11,1,1
18481,21194,12730,103,57039,55600,8402,57609,100024,66,1,1
18482,50168,40982,176,79031,75345,4745,80090,176079,184,1,1
18483,13436,7925,104,58892,57868,10132,59370,90957,45,1,1
18484,9128,7315,107,53894,52854,3599,54385,74511,43,1,1
18485,9708,8158,99,58920,57772,2317,59411,79677,48,1,1
18486,2042,199,206,56837,56633,28381,57285,88000,1,1,1
18487,17874,11537,100,62358,61079,15183,62905,107588,59,1,1
18488,22249,22462,103,62381,60160,2093,63116,110006,109,1,1
18489,13717,14172,104,57967,56365,2323,58562,88858,76,1,1
18490,3262,1050,145,57676,57324,26305,58075,88786,8,1,1
18491,13682,8713,100,59949,58848,11923,60457,94869,49,1,1
18492,9159,8023,107,54049,52970,4654,54547,76475,47,1,1
18493,14516,14824,99,59934,58049,3398,60564,93422,78,1,1
18494,50285,35377,221,76326,73096,17498,77404,180665,162,1,1
18495,14714,10329,104,59992,58748,11840,60523,97491,57,1,1
18496,17742,17471,116,62644,60783,1809,63304,100419,88,1,1
18497,14610,14777,99,56587,54831,2220,57202,88903,81,1,1
18498,42072,27352,206,72409,69797,24081,73308,166904,130,1,1
18499,13458,7713,99,59900,58888,13426,60374,95061,44,1,1
18500,19165,18578,109,59093,57118,1758,59764,99351,95,1,1
18501,12612,11923,95,56363,54928,2213,56931,83764,66,1,1
18502,42359,28354,223,71856,69148,26815,72803,170422,135,1,1
18503,18692,8647,99,59154,58063,13330,59648,100409,49,1,1
18504,22281,25903,104,60608,58142,1777,61377,111428,122,1,1
18505,13217,11934,104,53739,52323,2787,54311,82343,65,1,1
18506,41785,22597,202,67728,65524,24247,68559,157281,109,1,1
18507,7489,1224,101,56153,55790,14257,56501,79562,9,1,1
18508,7693,5310,100,52722,51861,3245,53170,69506,33,1,1
18509,15239,15368,107,44774,43086,2401,45385,78486,80,1,1
18510,4085,196,151,36841,36639,1813,37206,43391,1,1,1
18511,42247,20037,103,68983,66959,28395,69666,160447,99,1,1
18512,10342,5213,104,56696,55893,13578,57127,86363,33,1,1
18513,6360,4849,101,37701,36894,5427,38123,54845,31,1,1
18514,11691,11001,99,40890,39575,1742,41422,65940,60,1,1
18515,4472,198,91,43626,43422,1731,43972,50463,1,1,1
18516,42260,27767,103,69460,66848,21999,70258,162370,127,1,1
18517,11541,10895,106,70447,69112,2137,70995,95660,61,1,1
18518,3970,2228,96,35347,34829,4741,35707,46733,16,1,1
18519,12737,11214,92,42016,40675,1748,42535,68322,61,1,1
18520,23855,23646,224,78089,75717,1847,78968,128411,116,1,1
18521,14111,11304,98,72487,71104,2359,73038,100905,64,1,1
18522,15879,16213,116,44088,42322,1741,44730,78652,84,1,1
18523,11817,11673,99,39582,38185,1713,40131,65427,64,1,1
18524,25296,25082,155,77764,75320,1748,78595,130814,122,1,1
18525,14353,13811,104,70679,69089,2234,71279,101765,75,1,1
18526,9006,8923,102,43225,42070,3376,43718,65119,51,1,1
18527,9800,7926,100,38537,37493,1728,39035,58572,45,1,1
18528,6715,5392,190,45937,45129,5508,46478,64185,33,1,1
18529,14015,12746,100,63330,61875,2218,63901,92971,68,1,1
18530,13971,11107,107,69801,68430,1675,70354,97194,63,1,1
18531,9913,7733,99,38838,37803,2324,39331,59387,45,1,1
18532,11592,8881,100,33175,32049,1812,33675,56046,50,1,1
18533,4615,197,89,32183,31970,2619,32547,40065,1,1,1
18534,22554,22095,116,75329,73128,1702,76062,122508,109,1,1
18535,12358,10311,100,69319,68053,1759,69847,94365,57,1,1
18536,13514,11400,103,32348,31029,1746,32887,59642,59,1,1
18537,8536,5363,95,27673,26870,2194,28101,44280,33,1,1
18538,4785,200,91,23709,23507,1698,23996,30763,1,1,1
18539,22168,23626,227,76620,74302,1727,77488,125107,114,1,1
18540,12927,10955,102,72643,71345,1714,73183,98871,60,1,1
18541,12771,9632,110,31544,30341,2276,32065,56831,53,1,1
18542,7926,4906,100,27431,26672,1710,27845,42473,30,1,1
18543,4396,227,99,25015,24805,1730,25317,31764,1,1,1
18544,24213,27424,164,78402,75808,2086,79259,133078,131,1,1
18545,15744,17286,100,58190,56372,4005,58829,95953,88,1,1
18546,8129,4285,99,55406,54704,1700,55818,70018,27,1,1
18547,10809,7194,112,30300,29304,1796,30793,50679,41,1,1
18548,7627,3560,102,33821,33187,1776,34207,47254,23,1,1
18549,4279,232,92,33566,33359,2508,33935,41046,1,1,1
18550,6774,3660,110,47736,47100,5293,48158,63977,24,1,1
18551,17932,7245,94,58697,57772,4539,59144,88951,40,1,1
18552,12578,11350,97,73244,71876,1699,73787,99504,62,1,1
18553,5638,626,92,44090,43792,11523,44416,62298,5,1,1
18554,15296,2363,102,19172,18687,1860,19547,39151,16,1,1
18555,14031,4137,98,23492,22826,3661,23884,45798,25,1,1
18556,4289,264,139,41086,40763,1743,41452,47840,2,1,2
18557,25061,26125,112,82373,79875,1744,83154,136179,123,1,1
18558,11954,11061,106,74456,73117,1704,75007,99817,61,1,1
18559,3560,225,102,22254,22029,1849,22555,28294,1,1,1
18560,4332,198,100,17433,17239,1736,17725,24074,1,1,1
18561,4984,203,91,33044,32784,2223,33411,40942,1,1,1
18562,22837,25029,117,82096,79696,1782,82865,132598,120,1,1
18563,11747,11973,102,57541,56111,1681,58097,83588,65,1,1
18564,11086,1067,96,54122,53784,1702,54464,68403,8,1,1
18565,4710,287,103,22924,22678,1716,23239,30044,2,1,1
18566,4537,203,137,18786,18571,1704,19149,25685,1,1,1
18567,4268,201,208,22960,22754,1714,23374,29646,1,1,1
18568,23223,25419,102,63541,61045,2626,64306,115660,123,1,1
18569,12945,9245,91,43240,42075,7585,43809,73672,53,1,1
18570,23188,24854,95,62528,60064,2210,63281,113626,122,1,1
18571,5834,198,91,54410,54210,1736,54704,62554,1,1,1
18572,41308,43430,140,86896,75342,3694,88063,176589,196,1,1
18573,4578,237,111,23421,23211,1741,23736,30377,1,1,1
18574,21573,21760,102,65557,63374,1739,66271,111427,108,1,1
18575,11445,10362,100,57970,56686,1807,58499,82205,57,1,1
18576,41929,30328,103,72689,69899,11259,73516,157121,141,1,1
18577,12649,10398,206,62548,61283,9755,63184,96078,56,1,1
18578,20913,16601,104,59965,58240,1770,60581,99958,83,1,1
18579,10734,9351,96,55192,54038,1787,55680,77643,52,1,1
18580,41896,25107,102,71063,68678,13793,71814,152699,118,1,1
18581,14262,9019,189,60787,59658,10071,61376,94821,50,1,1
18582,17663,17632,105,62377,60587,1742,63012,100139,86,1,1
18583,8742,8065,99,52353,51294,1733,52830,71463,46,1,1
18584,6425,3355,98,58609,58021,14546,59005,83414,21,1,1
18585,15093,12551,210,61408,60022,9531,62076,99342,65,1,1
18586,21895,23697,106,64082,61763,1706,64826,112216,114,1,1
18587,12612,12286,108,57806,56342,1715,58374,85078,67,1,1
18588,37572,24303,109,71803,69471,15807,72557,150331,116,1,1
18589,14029,7103,201,59866,58895,15647,60423,97295,42,1,1
18590,25382,29146,104,66353,63587,1784,67168,123570,137,1,1
18591,13111,12891,102,60916,59394,2477,61496,90066,71,1,1
18592,41676,30346,103,74535,71795,34327,75387,181828,138,1,1
18593,13245,5765,195,58863,57911,15475,59401,93980,34,1,1
18594,22304,23576,111,63363,61010,1737,64107,111814,115,1,1
18595,12670,12139,184,56262,54829,1840,56899,83639,67,1,1
18596,5265,2345,94,58133,57633,30183,58494,96373,16,1,1
18597,9787,5762,167,59058,58234,15014,59570,90229,34,1,1
18598,22315,24820,110,62991,60557,1548,63764,112538,120,1,1
18599,12959,10383,142,58426,57093,1441,59002,83876,60,1,1
18600,5599,1240,96,54833,54468,34653,55191,96769,9,1,1
18601,14687,8123,159,60331,59273,14053,60884,97839,45,1,1
18602,21574,24599,104,61260,58866,1781,62009,110055,119,1,1
18603,13177,12985,100,55565,54086,1698,56127,84078,69,1,1
18604,4684,829,131,57178,56844,25874,57564,89037,7,1,1
18605,15388,5377,145,58514,57688,11235,58996,91089,33,1,1
18606,9265,6879,108,53885,52911,3355,54366,73950,41,1,1
18607,10999,10301,93,53333,52080,1727,53845,76959,57,1,1
18608,42264,29063,102,70673,67961,24933,71485,167834,135,1,1
18609,14389,9005,147,59972,58841,12129,60510,96126,48,1,1
18610,9739,8590,100,53930,52793,2961,54426,75801,49,1,1
18611,16067,16530,103,42853,41058,1747,43486,77916,85,1,1
18612,4283,227,98,36606,36395,1711,36920,43274,1,1,1
18613,4084,722,93,57602,57298,24557,57934,87381,6,1,1
18614,15629,8225,163,62800,61734,10678,63353,97980,47,1,1
18615,20565,21711,107,45280,43128,1803,46092,90255,104,1,1
18616,10387,8739,95,42073,40906,1776,42564,63550,51,1,1
18617,4221,230,95,37875,37662,1712,38179,44426,1,1,1
18618,42011,32273,98,69270,66339,14894,70121,159390,146,1,1
18619,10479,8741,190,68094,66958,1796,68685,89793,50,1,1
18620,10221,8245,97,40758,39641,3375,41262,63203,50,1,1
18621,13760,13486,101,40841,39308,1741,41410,70491,71,1,1
18622,5981,4389,93,45919,45160,5507,46334,62296,29,1,1
18623,14955,13865,201,65383,63839,1851,66067,96830,71,1,1
18624,16751,16044,152,75076,73274,2246,75757,110889,86,1,1
18625,20910,18455,108,45146,43223,1690,45804,86971,94,1,1
18626,11923,10428,93,40605,39318,1718,41118,65304,58,1,1
18627,5628,4601,95,45097,44353,6292,45515,62127,29,1,1
18628,14822,9747,102,60930,59742,1679,61451,87791,54,1,1
18629,12541,11884,211,72987,71584,2316,73648,100480,65,1,1
18630,2642,1036,99,24418,24063,35637,24751,64148,8,1,1
18631,20592,3220,92,21590,21029,25941,21975,71815,20,1,1
18632,26413,5910,96,27575,26749,5593,28004,66013,34,1,1
18633,14680,4362,96,33154,32461,14664,33549,67354,26,1,1
18634,27750,15340,101,39334,37695,5888,39939,89002,78,1,1
18635,31468,30255,94,89727,86898,1791,90605,154218,143,1,1
18636,11162,9146,106,71850,70652,1703,72374,94474,54,1,1
18637,14758,11533,107,40526,39185,1713,41070,69175,60,1,1
18638,11258,10064,96,30727,29465,1856,31242,54505,56,1,1
18639,4481,229,91,24487,24281,1713,24781,31289,1,1,1
18640,21495,21677,7496,76107,73875,1717,84270,129254,107,1,1
18641,9112,7584,104,46343,45311,4361,46822,67971,45,1,1
18642,10075,7032,99,58208,57262,1673,58671,77541,41,1,1
18643,7213,4533,110,28761,28005,3266,29197,44302,29,1,1
18644,9060,14354,111,30037,29125,1773,30523,55798,39,1,1
18645,4640,203,93,24534,24329,1722,24820,31466,1,1,1
18646,24193,25032,94,84028,81600,1767,84845,135929,121,1,1
18647,13672,14093,100,73912,72336,1769,74502,104127,75,1,1
18648,5496,3781,96,28581,27920,3289,28977,41632,24,1,1
18649,9204,5428,98,29139,28299,1769,29576,46061,34,1,1
18650,19034,19574,101,78728,76730,1699,79401,119796,97,1,1
18651,11473,10787,198,72145,70822,1733,72780,96868,60,1,1
18652,7507,4532,103,27868,27133,2282,28293,42703,29,1,1
18653,8677,3705,93,29875,29239,1730,30257,44456,24,1,1
18654,4224,242,97,24363,24158,1692,24653,30893,1,1,1
18655,17346,15849,95,55782,54093,4479,56390,94150,81,1,1
18656,10658,4215,207,59660,58987,1732,60188,76894,26,1,1
18657,16502,17119,104,76343,74530,1684,76987,112382,88,1,1
18658,7681,4058,105,31093,30401,1712,31516,45059,27,1,1
18659,4370,295,96,21273,21016,1671,21577,27997,2,1,1
18660,4350,230,96,29141,28937,1694,29430,35791,1,1,1
18661,4487,202,89,17366,17174,1710,17646,24128,1,1,1
18662,21826,25254,93,88105,85635,1689,88919,137781,123,1,1
18663,9489,8098,97,57666,56582,1677,58146,77503,47,1,1
18664,4390,199,90,53338,53137,1715,53638,60030,1,1,1
18665,4774,196,94,24973,24729,1664,25269,31987,1,1,1
18666,3587,199,98,24789,24602,2166,25089,31132,1,1,1
18667,4326,200,95,20758,20573,1720,21052,27388,1,1,1
18668,20197,20602,98,81322,79249,1697,82005,124593,102,1,1
18669,11921,10351,192,59579,58281,1686,60203,84255,59,1,1
18670,9271,364,90,54440,54190,1668,54753,66152,3,1,1
18671,2428,195,96,21181,20935,2460,21488,26654,1,1,1
18672,6080,4902,94,53322,52554,5065,53737,69867,31,1,1
18673,17821,9165,147,63615,62437,1746,64178,93005,53,1,1
18674,7358,197,102,54938,54734,1697,55242,64577,1,1,1
18675,40642,46377,107,78833,74692,3003,79920,170035,211,1,1
18676,4386,238,99,22392,22174,1915,22687,29318,1,1,1
18677,6613,4860,92,52317,51560,4306,52731,68601,31,1,1
18678,9460,8730,213,51658,50537,1743,52273,72305,49,1,1
18679,10681,9015,144,50148,48849,2060,50676,72522,51,1,1
18680,41777,33683,100,74711,71625,10527,75589,161862,155,1,1
18681,11756,5723,105,58407,57602,10109,58845,86523,33,1,1
18682,20342,15670,104,56633,54936,2048,57248,95409,81,1,1
18683,9160,6411,194,40137,39209,1732,40702,58098,39,1,1
18684,14717,15223,101,46776,45125,1704,47369,79105,78,1,1
18685,41675,35465,100,75329,72108,9727,76233,163194,163,1,1
18686,13532,10440,132,62390,61099,10029,63501,106258,57,1,1
18687,19451,17770,206,62506,60679,1783,63255,102352,89,1,1
18688,6949,4891,93,54567,53763,1711,54998,68633,32,1,1
18689,10212,5819,97,61677,60856,14793,62125,93041,34,1,1
18690,11503,5399,108,57270,56459,10768,57720,85484,33,1,1
18691,19633,29312,172,61112,58974,1713,61895,112646,105,1,1
18692,11867,11356,105,61870,60499,1684,62420,87414,63,1,1
18693,41674,33313,99,75715,72651,13909,76582,165574,153,1,1
18694,12825,8007,108,59519,58484,14704,60021,95646,45,1,1
18695,18421,20054,176,61909,59843,1927,62675,103175,100,1,1
18696,14516,14590,97,58019,56391,1649,58675,89515,78,1,1
18697,41768,31738,114,74067,71174,24572,74915,173087,144,1,1
18698,11945,3462,103,58103,57481,14441,58496,88629,22,1,1
18699,9505,8434,143,57840,56727,3880,58391,80303,49,1,1
18700,10986,8613,104,53952,52801,1708,54458,75853,51,1,1
18701,1699,375,102,55972,55718,32539,56308,91006,3,1,1
18702,42190,36226,114,74121,70840,7988,75056,161554,165,1,1
18703,7786,6668,147,54305,53344,4400,54826,73773,41,1,1
18704,12353,11478,98,56810,55425,1730,57363,83019,63,1,1
18705,322,233,99,55330,55120,935,55646,57221,1,1,1
18706,42405,24382,103,8849,6470,41594,9564,118029,116,1,1
18707,26264,15960,99,69979,68286,12024,70642,124982,80,1,1
18708,22966,26136,116,61925,59440,1756,62709,113661,124,1,1
18709,15243,16012,95,55892,54184,2217,56499,90061,82,1,1
18710,42199,27857,106,69065,66458,23904,69861,163916,130,1,1
18711,42913,32136,177,70443,67528,6803,71375,153325,147,1,1
18712,2305,203,103,45662,45450,36105,45988,84692,1,1,1
18713,16159,1205,103,20356,20012,30443,20697,68597,9,1,1
18714,26873,15658,96,44492,42878,23675,45080,111378,77,1,1
18715,7991,324,95,36428,36182,1720,36743,46863,3,1,1
18716,11691,3975,97,36337,35687,14307,36726,66798,24,1,1
18717,21218,10669,107,41709,40485,4175,42233,78387,56,1,1
18718,4824,576,94,35487,35202,1745,35804,43034,5,1,1
18719,9697,3259,156,57229,56630,15072,57687,85811,21,1,1
18720,12085,8515,110,60254,59199,7826,60761,89281,46,1,1
18721,4456,2910,105,36405,35804,4557,36791,48807,20,1,1
18722,4625,199,91,36214,35982,1836,36517,43257,1,1,1
18723,23843,16794,134,43189,41382,1743,43855,86330,85,1,1
18724,4532,338,94,99938,99524,1773,100309,107048,3,1,2
18725,8773,7427,105,62421,61336,3239,62903,82440,43,1,1
18726,2931,1994,102,36675,36177,4660,37048,46719,14,1,1
18727,10056,9092,99,38502,37344,1803,39004,60042,52,1,1
18728,4153,204,93,36934,36725,1711,37238,43388,1,1,1
18729,42156,32526,112,80265,77326,14991,81170,171131,146,1,1
18730,12144,11885,108,73816,72403,1725,74403,100250,65,1,1
18731,18968,18464,98,42977,41051,1713,43632,82863,93,1,1
18732,12615,10913,94,39221,37898,1686,39752,65054,61,1,1
18733,5338,3548,96,44708,44057,5481,45113,59563,24,1,1
18734,14095,23075,220,64165,62747,1715,64855,103834,66,1,1
18735,15126,13570,98,71933,70399,2124,72523,103434,73,1,1
18736,20095,20924,108,43950,41865,1782,44638,87525,102,1,1
18737,12095,10925,99,39197,37878,1696,39733,64538,61,1,1
18738,8656,7491,104,46200,45182,4863,46682,67785,44,1,1
18739,15812,12599,197,63679,62258,1773,64354,94631,67,1,1
18740,14603,12252,103,70514,69131,3877,71154,101976,65,1,1
18741,16710,14146,106,40998,39428,1684,41587,74215,74,1,1
18742,18666,9313,124,39082,37922,1712,39625,69413,52,1,1
18743,26858,27718,100,85530,82880,1774,86398,142840,133,1,1
18744,11670,10917,107,68540,67244,1691,69090,93467,60,1,1
18745,10567,8908,100,40244,39135,2372,40730,62665,49,1,1
18746,11465,7889,96,30472,29448,1725,30932,52095,44,1,1
18747,4172,232,89,25066,24859,1818,25362,31667,1,1,1
18748,5344,2700,92,49742,49195,5634,50166,63938,19,1,1
18749,10290,6395,98,60067,59196,1665,60514,78957,37,1,1
18750,13446,11710,101,68954,67557,4156,69511,98915,64,1,1
18751,9892,7795,97,32370,31333,2327,32843,52949,44,1,1
18752,7612,4204,95,31203,30485,1703,31611,45216,28,1,1
18753,3711,196,93,24305,24091,2080,24608,30677,1,1,1
18754,24001,24184,95,87513,85165,1716,88301,138299,117,1,1
18755,12318,10574,104,73071,71782,2749,73608,99340,58,1,1
18756,8722,6448,104,29221,28325,1929,29668,46853,37,1,1
18757,7803,4534,96,32711,31964,1710,33122,47257,29,1,1
18758,4613,200,89,23692,23489,1747,23988,30632,1,1,1
18759,24898,22778,106,79286,77050,1840,80004,129612,111,1,1
18760,12575,10585,184,75722,74445,1684,76338,101278,59,1,1
18761,9998,8961,105,29982,28853,1711,30499,51256,50,1,1
18762,7593,2967,92,39246,38637,1801,39627,52091,20,1,1
18763,4143,198,102,27088,26891,1974,27400,33797,1,1,1
18764,18986,17544,92,58599,56736,1688,59234,97542,90,1,1
18765,12134,5130,205,82379,81455,9859,82923,110137,31,1,2
18766,9296,8021,100,67334,66285,1832,67822,87063,46,1,1
18767,8789,4133,115,30348,29634,1736,30774,45522,27,1,1
18768,4262,202,90,21493,21287,2270,21789,28613,1,1,1
18769,4190,418,105,42074,41710,1754,42394,48847,3,1,2
18770,19776,19961,114,76557,74570,1731,77241,118803,97,1,1
18771,11179,10775,141,56421,55097,1708,57011,80765,60,1,1
18772,6666,1191,94,54466,54111,3951,54804,66698,9,1,1
18773,4234,200,94,22272,22056,1686,22580,28784,1,1,1
18774,4706,544,102,38913,38533,1738,39239,46313,4,1,2
18775,23483,23257,101,80570,78265,2293,81301,130426,114,1,1
18776,11458,10981,248,57977,56647,1703,58678,82918,61,1,1
18777,11167,1644,96,54722,54309,1879,55078,69862,12,1,1
18778,2525,202,99,21792,21581,2376,22101,27285,1,1,1
18779,21072,22080,97,60664,58486,2276,61363,106877,108,1,1
18780,8993,18437,159,63450,62310,1860,64024,93415,49,1,1
18781,11827,1344,96,55370,54985,1708,55723,70696,10,1,1
18782,26395,32707,134,74455,71334,1778,75369,136344,153,1,1
18783,12458,213,192,25348,25089,2458,25802,41061,1,1,1
18784,15119,15107,98,60194,58536,2868,60794,93974,79,1,1
18785,11316,11723,219,60942,59488,1829,61625,86595,64,1,1
18786,41665,32559,108,72692,69778,11132,73556,159005,147,1,1
18787,12078,8252,96,59874,58814,10361,60358,91142,47,1,1
18788,15998,12426,110,56454,54976,1987,57027,87531,67,1,1
18789,8775,6625,146,38537,37615,1774,39045,56315,39,1,1
18790,12874,11246,112,45452,44103,1716,46010,71938,63,1,1
18791,7767,4274,95,59533,58814,19457,59944,91535,27,1,1
18792,13347,6991,100,59286,58356,12238,59747,92415,39,1,1
18793,25424,27925,99,66864,64194,1869,67651,122964,132,1,1
18794,9805,8438,214,63333,62195,1517,63945,83803,48,1,1
18795,41849,35743,112,75823,72639,9228,76739,163654,161,1,1
18796,14232,10609,110,60179,58923,12314,60718,97965,57,1,1
18797,41697,21398,156,40286,38832,28349,40913,132640,67,1,1
18798,19313,4293,98,40528,39833,10570,40935,75204,27,1,1
18799,8152,2882,100,34472,33923,17804,34857,63796,19,1,1
18800,27499,13039,101,59266,57837,10367,59822,110819,67,1,1
18801,22258,11681,99,48826,47471,1749,49373,85151,63,1,1
18802,10411,2634,95,58131,57603,29271,58532,100948,18,1,1
18803,15059,7832,106,60297,59310,17114,60781,100881,42,1,1
18804,15854,13891,161,62535,60845,1802,63208,94854,72,1,1
18805,11985,11588,102,56553,55132,1845,57106,82609,63,1,1
18806,4618,2013,94,56593,56103,22934,56967,86618,15,1,1
18807,13879,7717,97,58570,57510,10529,59053,91270,44,1,1
18808,23284,23249,329,87165,84523,1998,88449,137303,103,1,1
18809,12104,10166,135,79300,77249,2364,80310,105267,49,1,1
18810,42544,33009,159,74895,71801,19069,75843,170757,148,1,1
18811,15446,10544,100,76634,75344,12444,77225,115757,56,1,1
18812,20077,22238,110,59999,57761,1759,60721,104890,107,1,1
18813,14400,12373,93,54926,53462,1805,55471,84135,67,1,1
18814,3390,822,100,56050,55722,21856,56399,82551,7,1,1
18815,15201,10291,107,68506,67244,11159,69102,105848,56,1,1
18816,10682,8993,105,56523,55380,4084,57034,80888,51,1,1
18817,11197,9500,99,53133,51959,1738,53644,76167,53,1,1
18818,41969,29561,107,78801,76056,25247,79613,176497,137,1,1
18819,12334,13003,156,58752,57950,13501,59250,98174,30,1,1
18820,9939,9580,99,53413,52177,4332,53935,77874,54,1,1
18821,16509,16393,106,42147,40421,1746,42759,77498,83,1,1
18822,4294,235,100,36853,36642,1743,37174,43531,1,1,1
18823,42223,33758,101,72480,69409,13655,73347,163078,152,1,1
18824,19745,15274,173,65893,64246,6961,66571,108647,77,1,1
18825,17326,16511,100,57378,55606,1830,58005,93767,84,1,1
18826,16449,17737,101,43234,41325,1778,43879,79937,92,1,1
18827,3202,707,99,54633,54287,32165,54988,91150,6,1,1
18828,13777,12118,103,84248,82802,1771,84866,112630,66,1,1
18829,6990,5580,116,40368,39504,5036,40833,58534,35,1,1
18830,13769,13525,101,43399,41909,2348,43974,73709,70,1,1
18831,4292,204,95,37306,37097,2928,37613,45120,1,1,1
18832,41728,29188,101,105983,103081,28008,106801,205825,136,1,2
18833,10696,4327,164,57371,56700,13634,57845,86597,25,1,1
18834,14978,13446,110,45558,44046,1782,46152,76455,71,1,1
18835,9097,7844,98,38515,37449,1483,38998,57515,46,1,1
18836,25341,26910,100,79742,77105,1701,80537,134579,130,1,1
18837,16104,25517,202,75244,73347,1768,76004,119490,89,1,1
18838,17632,18623,103,42197,40300,1718,42853,80923,92,1,1
18839,9964,7993,98,40176,39151,1699,40651,60398,45,1,1
18840,9018,7261,90,45632,44640,4086,46094,66555,42,1,1
18841,16843,13802,100,62281,60717,1951,62854,95544,72,1,1
18842,9194,7251,155,67389,66365,1685,67914,86138,43,1,1
18843,17342,17860,111,42776,40937,1702,43432,80426,89,1,1
18844,11354,8469,100,36599,35518,1713,37080,58702,48,1,1
18845,8361,6827,99,46881,45924,4516,47333,67134,41,1,1
18846,9839,7466,96,59545,58509,1724,60010,79135,45,1,1
18847,17086,17193,222,73871,72007,1761,74641,110782,89,1,1
18848,10576,8281,104,39297,38249,3040,39781,61764,46,1,1
18849,11625,9867,96,30261,29069,1806,30765,54148,53,1,1
18850,4155,229,92,24368,24156,1714,24680,30866,1,1,1
18851,8776,6165,96,46329,45438,3548,46766,65349,37,1,1
18852,17429,11327,93,97820,96401,7180,98349,134378,58,1,2
18853,13659,6614,144,57770,56871,4349,58274,82991,38,1,1
18854,13520,10137,96,33115,31883,2267,33624,59644,56,1,1
18855,8400,4300,98,27049,26321,1707,27461,41956,28,1,1
18856,4427,232,92,24931,24722,1710,25233,31688,1,1,1
18857,23199,24306,97,83047,80675,1726,83788,133123,118,1,1
18858,11409,11417,170,76154,74765,2582,76782,102286,63,1,1
18859,8572,6254,101,29154,28270,2071,29613,46614,37,1,1
18860,8008,4048,92,29608,28905,1787,30002,43933,26,1,1
18861,3719,195,93,23596,23383,2461,23898,30357,1,1,1
18862,22543,23316,91,79903,77661,2162,80617,128733,111,1,1
18863,12389,10918,148,73366,72030,1703,73964,99069,61,1,1
18864,6028,3799,107,27996,27340,2493,28416,40823,25,1,1
18865,7461,3873,96,29345,28692,1754,29750,42925,25,1,1
18866,8738,6827,99,51667,50715,5255,52140,73059,40,1,1
18867,12843,3968,98,57906,57262,7632,58310,82846,25,1,1
18868,12366,21513,236,57071,55633,1734,57999,93721,65,1,1
18869,11296,2705,95,54591,54070,2688,54964,71746,18,1,1
18870,7854,3953,94,31086,30389,2434,31481,45815,26,1,1
18871,4168,564,101,23681,23387,1684,24005,30508,5,1,1
18872,4390,226,92,24444,24242,1727,24749,31177,1,1,1
18873,4503,198,86,16954,16754,1767,17236,23789,1,1,1
18874,15798,15355,94,56041,54401,4660,56698,92605,79,1,1
18875,4691,200,89,54536,54339,1712,54870,61555,1,1,1
18876,12746,12289,193,59134,57710,1752,59810,86692,66,1,1
18877,11270,1338,95,54043,53651,1680,54387,68761,11,1,1
18878,12876,1125,101,46098,45742,2291,46449,62835,8,1,1
18879,4220,196,107,18616,18404,1710,18928,25140,1,1,1
18880,10994,909,96,25437,25094,1864,25761,39624,8,1,1
18881,2642,942,100,45069,44721,978,45404,50053,8,1,1
18882,27459,22320,110,63212,61022,2307,63937,116123,108,1,1
18883,11014,11141,160,57067,55724,1760,57671,81682,61,1,1
18884,8929,330,95,53722,53474,1789,54042,65179,3,1,1
18885,2534,194,96,21370,21157,2567,21674,27054,1,1,1
18886,26590,27992,101,66941,64239,2133,67744,124547,133,1,1
18887,11517,11633,90,58468,57064,1752,59055,84052,65,1,1
18888,5108,238,145,55754,55551,1773,56118,63332,1,1,1
18889,41364,43141,108,78781,74945,2991,79821,167598,195,1,1
18890,23934,23916,109,62279,59932,2424,63015,113565,115,1,1
18891,9351,7992,95,71574,70483,1772,72116,91332,46,1,1
18892,42544,33772,112,74087,71033,9954,74982,161347,155,1,1
18893,12593,9125,101,59590,58465,10575,60104,92491,50,1,1
18894,15115,13547,104,61109,59568,2496,61686,92931,72,1,1
18895,19983,9893,146,56382,55059,2085,56956,89013,57,1,1
18896,41786,31780,106,70626,67814,13845,71460,158968,142,1,1
18897,13644,9285,101,59073,57934,12009,59590,94623,51,1,1
18898,18716,19538,134,64404,62329,2276,65130,105756,98,1,1
18899,9253,7974,186,56245,55179,1701,56832,75855,47,1,1
18900,9768,4108,104,58438,57780,15110,58850,87934,25,1,1
18901,14334,10436,103,59728,58532,9815,60254,94930,54,1,1
18902,8469,7619,109,53975,52923,4526,54466,75169,44,1,1
18903,12904,12779,153,65618,64104,1790,66259,93828,70,1,1
18904,2543,703,100,56627,56320,25253,56981,85566,6,1,1
18905,11464,8523,102,60289,59191,16664,60787,97531,49,1,1
18906,6579,6151,108,53205,52284,4757,53670,71246,37,1,1
18907,10322,8617,96,66346,65199,1782,66900,87720,50,1,1
18908,5210,1316,108,57525,57143,26136,57887,90636,10,1,1
18909,11786,7278,104,60332,59332,11412,60814,91388,42,1,1
18910,20160,21755,107,60879,58756,2328,61574,105907,104,1,1
18911,13841,15105,102,69655,67999,1756,70300,101099,78,1,1
18912,6407,681,108,56180,55889,26260,56534,89970,5,1,1
18913,12037,7296,102,59258,58274,12254,59730,91409,41,1,1
18914,7689,6791,106,53130,52175,4395,53588,72557,40,1,1
18915,13003,13222,112,59280,57795,1742,59873,87935,70,1,1
18916,2356,741,190,56109,55774,33231,56546,92962,6,1,1
18917,14260,7137,98,59277,58280,12417,59746,93652,41,1,1
18918,10108,8032,107,43557,42462,3753,44053,66032,47,1,1
18919,8537,3071,99,40211,39641,1675,40600,53978,20,1,1
18920,11984,10533,98,54525,53196,2366,55042,80012,58,1,1
18921,2032,375,186,56134,55876,31409,56560,90463,3,1,1
18922,14786,7993,109,58601,57565,13814,59090,95777,44,1,1
18923,7729,6442,98,38579,37667,3452,39018,56731,38,1,1
18924,4286,271,98,35710,35515,1823,36020,42485,1,1,1
18925,14669,14023,95,40749,39191,1820,41315,71913,73,1,1
18926,4060,240,99,50030,49814,2329,50397,57124,1,1,1
18927,41805,28228,110,70407,67796,26834,71197,168153,127,1,1
18928,11731,4794,102,55590,54831,13737,56022,86568,29,1,1
18929,17810,17371,105,45862,43990,1777,46501,83548,89,1,1
18930,12700,12704,102,74916,73334,1679,75466,102645,67,1,2
18931,1719,542,159,56447,56171,30776,56844,89969,4,1,1
18932,11152,8689,109,71284,70144,1785,71791,93512,49,1,1
18933,4530,3655,94,36867,36207,5231,37257,50761,24,1,1
18934,14137,14352,92,48233,46630,1810,48814,79219,75,1,1
18935,4440,227,98,37617,37408,1710,37936,44399,1,1,1
18936,12491,4047,184,57756,57060,29835,58260,104728,26,1,1
18937,12215,11720,107,70397,69009,1700,70956,96684,63,1,1
18938,16155,15775,105,41947,40266,1701,42550,76277,80,1,1
18939,11582,10059,103,37066,35845,1708,37578,61015,56,1,1
18940,5291,2805,93,44375,43822,6138,44744,59062,19,1,1
18941,12537,9419,143,61903,60737,1699,62479,86228,53,1,1
18942,13185,10516,101,72051,70701,1685,72594,98075,61,1,1
18943,16802,16842,109,42644,40851,1705,43276,78713,86,1,1
18944,11058,10630,92,36636,35389,1680,37193,60653,57,1,1
18945,7146,5210,103,44526,43729,4876,44957,62284,32,1,1
18946,12163,10011,172,62976,61791,1720,63564,87556,54,1,1
18947,8280,7041,102,68294,67304,1700,68773,85888,43,1,1
18948,16180,14529,112,42289,40693,1732,42887,75419,76,1,1
18949,10809,9102,101,33012,31854,1734,33517,55251,52,1,1
18950,4317,197,90,24749,24543,1784,25046,31427,1,1,1
18951,23526,25919,95,85929,83338,1702,86762,138004,129,1,1
18952,17088,16533,108,72235,70401,1769,72891,108374,87,1,1
18953,42767,14937,105,41544,39914,19931,42136,119861,77,1,1
18954,11599,2944,110,30423,29865,11583,30818,57041,19,1,1
18955,20159,7854,102,29100,28080,4025,29576,61703,44,1,1
18956,33081,19655,205,99180,97070,1831,99968,154634,97,1,2
18957,12986,12206,108,69758,68313,2311,70326,97921,66,1,1
18958,13961,10801,108,31707,30414,1696,32240,58795,59,1,1
18959,8662,5573,98,30259,29413,1771,30705,46798,35,1,1
18960,4260,224,100,24519,24312,2191,24822,31586,1,1,1
18961,31374,25412,208,76616,74161,2224,77489,136594,120,1,1
18962,13750,12811,101,72496,70942,1700,73078,101432,70,1,1
18963,10218,6702,116,29673,28709,1790,30153,48959,40,1,1
18964,7474,4950,96,31194,30403,1774,31615,45904,31,1,1
18965,4698,228,96,24473,24263,2381,24794,32187,1,1,1
18966,18091,26043,241,58902,57147,2028,59929,106193,78,1,1
18967,14086,11379,97,102609,101089,14162,103167,142887,63,1,2
18968,9455,4653,100,55486,54742,7048,55908,77156,29,1,1
18969,8906,4182,100,30630,29905,1756,31038,45974,28,1,1
18970,4127,198,90,21412,21205,1669,21712,27794,1,1,1
18971,4649,201,92,24634,24440,1743,24922,31601,1,1,1
18972,4948,195,88,16916,16723,1683,17202,24112,1,1,1
18973,36098,25800,205,99433,96782,1728,100308,164040,122,1,1
18974,12032,11378,115,75455,74084,1704,76023,101224,61,1,1
18975,9548,4290,102,31432,30711,1776,31865,47565,28,1,1
18976,4234,196,89,21762,21557,1852,22062,28427,1,1,1
18977,4024,222,93,25457,25248,1685,25751,31769,1,1,1
18978,4413,195,137,18324,18125,1693,18662,25046,1,1,1
18979,22017,26202,96,61285,58735,2370,62042,112727,124,1,1
18980,7875,966,97,77193,76750,2348,77534,88816,7,1,2
18981,17212,17379,109,56187,54333,1673,56832,93190,88,1,1
18982,10128,1430,103,54821,54436,1695,55183,68528,10,1,1
18983,4219,194,135,23863,23645,1737,24226,30470,1,1,1
18984,4488,194,202,18402,18216,2406,18811,25986,1,1,1
18985,4196,185,95,21197,21009,1706,21488,27674,1,1,1
18986,2590,718,97,32349,32047,986,32689,37069,6,1,1
18987,35330,38154,89,75358,71918,1762,76290,151630,174,1,1
18988,16355,17445,107,61827,59983,3009,62467,99360,89,1,1
18989,8979,8928,94,64356,63206,7190,64863,90049,51,1,1
18990,4599,210,225,23330,23107,1762,23768,30422,1,1,1
18991,30690,29064,108,61918,59164,1722,62736,124306,136,1,1
18992,13242,12364,92,54960,53544,2374,55511,83585,66,1,1
18993,5605,201,94,54251,54042,1369,54555,61811,1,1,1
18994,33109,38569,110,75442,71992,10900,76403,159074,176,1,1
18995,18184,16104,199,62318,60519,1740,63067,99188,85,1,1
18996,10879,9392,100,56878,55662,2566,57393,80322,54,1,1
18997,41442,36041,104,81279,78130,10739,82183,170700,160,1,1
18998,13208,9453,96,71266,70094,9818,71784,104355,53,1,1
18999,17846,18693,110,62101,60136,1812,62773,101218,93,1,1
19000,13062,10883,94,57294,55958,2332,57814,84177,60,1,1
19001,4286,1744,102,56422,55981,21060,56789,83961,13,1,1
19002,14238,9011,101,68662,67545,10766,69226,103336,50,1,1
19003,18878,16943,114,59701,57914,1837,60343,98093,85,1,1
19004,7976,6868,94,55301,54345,2204,55763,73094,41,1,1
19005,6195,2031,102,57860,57386,32915,58237,99462,14,1,1
19006,11537,6402,103,68451,67368,18294,68975,105322,37,1,1
19007,9208,7850,117,60855,59755,4438,61368,82956,47,1,1
19008,14292,15958,93,59422,57681,2435,60034,92805,82,1,1
19009,5533,1622,94,57062,56641,18713,57425,83379,12,1,1
19010,12603,6144,106,60373,59508,16358,60824,96019,35,1,1
19011,8198,7809,153,54654,53614,4941,55183,76225,45,1,1
19012,15240,17021,98,57939,56070,2228,58577,93152,88,1,1
19013,3852,1644,101,56672,56214,24295,57036,86912,13,1,1
19014,11443,2394,107,58639,58126,14740,59034,87702,16,1,1
19015,9720,8291,196,54365,53282,4191,54961,77249,47,1,1
19016,9832,8109,94,54583,53492,2329,55076,75432,48,1,1
19017,2816,1329,101,57876,57472,28425,58247,90901,11,1,1
19018,14210,8924,103,59407,58299,11835,59906,94965,48,1,1
19019,20039,18980,155,59374,57414,1736,60102,100948,94,1,1
19020,12754,11426,102,54489,53132,2262,55037,81562,62,1,1
19021,3009,824,176,58024,57690,35839,58450,98204,7,1,1
19022,13818,6504,104,57519,56619,13878,57989,92280,36,1,1
19023,5334,3870,99,50735,50024,4996,51211,65508,26,1,1
19024,11233,3310,112,39341,38747,2232,39751,56622,21,1,1
19025,12043,11327,102,53891,52554,1747,54427,79629,61,1,1
19026,5594,3038,97,60383,59811,35355,60770,104851,20,1,1
19027,11961,2762,101,54854,54263,12105,55244,82161,20,1,1
19028,7754,5817,103,46743,45837,4090,47237,64991,36,1,1
19029,5143,200,101,35969,35754,1759,36289,43471,1,1,1
19030,15083,15562,100,42853,41162,1731,43457,75917,80,1,1
19031,4076,232,117,36494,36284,1723,36822,42946,1,1,1
19032,41917,33730,106,71445,68467,28640,72310,176691,148,1,1
19033,12666,5394,97,58250,57428,13112,58696,89963,32,1,1
19034,42835,17436,155,67939,66003,25485,68637,154488,86,1,1
19035,9580,2037,100,29113,28611,15470,29478,56655,14,1,1
19036,27338,17189,106,37071,35220,7740,37727,90084,85,1,1
19037,4850,270,95,36754,36516,1762,37067,44034,2,1,1
19038,42247,31169,106,106065,103088,19643,106896,200048,140,1,2
19039,11664,6158,101,66827,65965,9995,67322,95234,34,1,1
19040,19704,19617,112,46937,44846,1751,47630,88797,96,1,1
19041,12426,12148,102,41221,39793,1774,41795,68234,67,1,1
19042,18504,17992,104,76474,74598,1726,77136,115504,91,1,1
19043,13838,14509,99,71638,70007,1690,72246,102373,77,1,1
19044,19689,20617,218,45330,43188,1745,46151,88303,102,1,1
19045,13608,12290,94,43112,41737,1711,43656,71351,64,1,1
19046,2835,2020,102,43701,43240,997,44079,50050,14,1,1
19047,33537,34390,94,68811,65593,1810,69714,139542,162,1,1
19048,11918,9560,105,79594,78404,1744,80161,103476,53,1,1
19049,8918,7832,104,39992,38946,3737,40480,61058,46,1,1
19050,11153,9871,102,38879,37668,1734,39402,62244,54,1,1
19051,3232,2652,87,43941,43414,6090,44315,56374,18,1,1
19052,15971,14652,146,62908,61325,1747,63554,96015,75,1,1
19053,14163,13355,106,82741,81219,1833,83440,112887,72,1,1
19054,8564,6742,108,37765,36829,3259,38237,56897,40,1,1
19055,12129,9111,97,32152,30994,1736,32649,55712,51,1,1
19056,2260,198,96,25224,25006,2549,25524,30612,1,1,1
19057,26007,26150,98,78150,75546,1708,78921,132879,126,1,1
19058,16599,15581,103,80357,78650,2467,81037,115777,82,1,1
19059,10657,8401,113,40593,39486,2865,41115,63131,49,1,1
19060,11585,9430,94,31730,30573,1752,32230,55090,52,1,1
19061,7809,4975,98,45602,44769,4187,46029,63095,31,1,1
19062,17371,9098,94,60459,59335,3284,60965,90809,50,1,1
19063,11793,10582,98,52275,51007,1678,52808,76953,58,1,1
19064,12658,4709,172,58801,58095,6718,59308,83491,28,1,1
19065,13789,10297,105,32389,31135,1774,32920,58866,57,1,1
19066,9446,6250,99,27727,26841,1735,28171,45687,37,1,1
19067,4560,240,90,24329,24122,1697,24633,31215,1,1,1
19068,7483,3856,91,42197,41544,4443,42586,58453,25,1,1
19069,16284,6853,98,58152,57225,1803,58617,83646,39,1,1
19070,12679,11523,108,83900,82537,1727,84506,110528,63,1,1
19071,7761,5917,108,29114,28288,2320,29563,45654,34,1,1
19072,7563,4033,91,35008,34311,1783,35406,48870,27,1,1
19073,4265,314,102,25861,25619,1716,26193,32573,2,1,1
19074,21728,22031,93,80675,78467,1831,81381,127060,109,1,1
19075,20415,11814,167,74961,73541,1742,75584,109651,65,1,1
19076,9477,3482,96,30850,30219,1790,31248,46089,23,1,1
19077,4351,197,92,21623,21419,1706,21915,28253,1,1,1
19078,4279,563,97,40440,40032,1752,40761,47440,5,1,2
19079,27043,28967,96,80191,77544,2232,80993,139331,133,1,1
19080,10273,16846,145,69971,68790,2032,70530,99779,52,1,1
19081,11490,4328,114,57034,56371,1726,57474,75108,25,1,1
19082,8926,3039,110,30995,30396,1777,31404,45236,21,1,1
19083,4155,352,90,23640,23383,2255,23946,30800,3,1,1
19084,22418,23132,101,80822,78551,1771,81557,128969,110,1,1
19085,10929,24021,180,62502,61251,1832,63142,100022,56,1,1
19086,7042,375,132,58252,57990,2167,58643,68331,2,1,1
19087,4264,228,102,24731,24476,2486,25043,32123,1,1,1
19088,4575,236,115,19841,19636,1795,20163,26868,1,1,1
19089,4753,195,88,21540,21351,1768,21821,28626,1,1,1
19090,14096,12602,102,56611,55116,3749,57178,87717,68,1,1
19091,11034,9895,106,56491,55236,5030,57009,83063,55,1,1
19092,10465,204,166,55427,55229,1890,55805,68467,1,1,1
19093,41123,45099,101,78377,74414,4891,79424,170633,203,1,1
19094,3842,232,102,25777,25553,1514,26094,31766,1,1,1
19095,23486,19759,115,62192,60108,2406,62907,108646,101,1,1
19096,12452,11009,116,68101,66747,10672,68651,102881,61,1,1
19097,8826,199,147,55721,55520,1713,56078,66897,1,1,1
19098,13636,10375,97,62771,61523,8414,63287,95803,56,1,1
19099,19068,18752,105,56919,54959,2374,57581,97863,94,1,1
19100,9102,7406,91,51908,50918,1712,52361,70679,43,1,1
19101,12383,10472,154,52456,51213,1725,53032,77706,57,1,1
19102,41250,37094,96,77129,73823,12407,78043,168881,169,1,1
19103,12726,8475,114,61976,60868,12224,62524,96046,49,1,1
19104,18869,18125,103,59298,57406,1807,59944,98839,91,1,1
19105,10108,7710,217,57073,55926,2002,57675,77593,45,1,1
19106,9407,5711,95,60746,59909,13096,61180,89487,34,1,1
19107,10578,6801,107,58512,57572,14846,58988,91302,40,1,1
19108,9869,9980,102,57896,56612,4080,58418,82434,56,1,1
19109,8725,8082,99,64817,63681,1790,65371,84063,48,1,1
19110,4501,1761,108,57947,57514,26151,58326,90824,13,1,1
19111,13838,7031,106,58679,57723,16474,59140,96573,41,1,1
19112,7870,6760,108,57160,56198,4907,57634,77264,40,1,1
19113,11413,10800,126,64007,62625,1759,64585,88650,62,1,1
19114,5059,842,185,56567,56263,26666,57021,89674,6,1,1
19115,13602,9382,110,58728,57579,15874,59260,98211,52,1,1
19116,42378,11611,108,40066,38724,25474,40617,120363,60,1,1
19117,23889,10342,101,43133,41925,6710,43657,84693,55,1,1
19118,7054,860,89,31539,31210,23463,31864,63333,7,1,1
19119,22876,16860,143,55351,53567,10659,56029,106518,85,1,1
19120,15031,4538,93,44802,44072,1747,45195,66604,28,1,1
19121,42071,32388,98,71729,68760,17955,72582,165089,149,1,1
19122,12609,8476,99,59182,58083,14979,59713,95867,47,1,1
19123,7545,5635,107,53432,52566,5240,53923,72431,35,1,1
19124,13449,12532,230,57668,56169,1799,58368,86247,68,1,1
19125,4591,1943,88,57524,57074,35275,57875,99772,14,1,1
19126,14615,7687,108,57503,56494,13002,57984,93381,43,1,1
19127,8836,7820,102,41558,40481,4554,42050,63346,45,1,1
19128,9410,3729,98,40358,39703,1725,40748,55704,24,1,1
19129,15606,15054,200,57585,55910,1772,58296,90822,79,1,1
19130,2336,1154,97,56232,55881,33739,56580,93895,9,1,1
19131,12728,6095,104,58672,57774,13723,59124,91761,37,1,1
19132,10293,8294,108,40668,39565,4000,41173,63856,48,1,1
19133,9054,4244,99,38741,38012,1809,39150,54350,28,1,1
19134,12257,12950,157,57865,56394,1824,58501,85627,67,1,1
19135,42390,25372,103,67524,65158,27393,68278,163519,118,1,1
19136,12906,5713,101,57538,56700,12857,57983,89551,33,1,1
19137,7616,7320,105,52350,51316,4562,52828,72412,44,1,1
19138,17113,17727,164,44257,42383,2089,44968,81990,91,1,1
19139,4466,199,97,36778,36563,2432,37100,44280,1,1,1
19140,42163,29711,99,70781,68025,25702,71594,169258,137,1,1
19141,14383,8436,108,59714,58654,12854,60204,95968,46,1,1
19142,21022,22909,103,59531,57220,1864,60319,106211,112,1,1
19143,13761,13161,113,41234,39732,2537,41824,71375,70,1,1
19144,1807,195,93,36149,35947,2522,36453,41059,1,1,1
19145,42040,31835,98,71000,68056,25392,71846,171206,147,1,1
19146,12731,12706,104,72659,71193,1726,73229,100483,68,1,1
19147,9758,979,149,28563,28202,6401,28967,46198,8,1,1
19148,9351,5541,89,28730,27928,1753,29158,45899,33,1,1
19149,11512,10687,96,39651,38350,1826,40183,64300,60,1,1
19150,5328,3373,96,43381,42748,4646,43781,57222,23,1,1
19151,12070,9787,97,61252,59956,2124,61781,85852,57,1,1
19152,11091,8764,99,69411,68296,2039,69900,91885,50,1,1
19153,9593,7872,166,41680,40608,3819,42246,63623,46,1,1
19154,12404,11650,89,40337,38966,1733,40873,66746,64,1,1
19155,21078,20539,100,76683,74551,2303,77389,121401,105,1,1
19156,6595,4569,103,46674,45907,3733,47099,62083,30,1,1
19157,20215,13028,92,62325,60826,2289,62898,98524,71,1,1
19158,8036,6036,191,38274,37402,3325,38818,56308,36,1,1
19159,8468,6699,100,36706,35770,2233,37167,54658,40,1,1
19160,21250,21554,100,75946,73794,1751,76650,121299,106,1,1
19161,11338,10616,103,68982,67696,1733,69520,93302,59,1,1
19162,14893,10739,177,39124,37830,1777,39744,67251,59,1,1
19163,10832,8137,94,33017,31962,2260,33490,54804,47,1,1
19164,4325,201,94,24816,24605,1805,25130,31579,1,1,1
19165,18618,16346,105,74744,72996,1785,75378,112214,84,1,1
19166,11165,8814,103,67232,66078,1690,67745,89507,52,1,1
19167,15703,13397,212,35068,33600,2517,35763,67474,68,1,1
19168,8657,6312,92,29393,28497,1726,29832,46611,37,1,1
19169,4687,198,98,23744,23542,1817,24054,30836,1,1,1
19170,20497,20247,115,74734,72667,1796,75430,118064,102,1,1
19171,11606,10881,102,72208,70890,2200,72755,97533,61,1,1
19172,13613,10324,192,33670,32432,1755,34300,60085,56,1,1
19173,8327,5244,92,27805,26981,1701,28221,43585,33,1,1
19174,4593,248,96,24801,24595,1775,25103,31806,1,1,1
19175,17417,16426,95,50498,48742,4362,51118,89416,85,1,1
19176,6851,2910,99,57414,56857,1705,57797,69349,20,1,1
19177,17850,18809,102,76077,74073,3570,76757,117078,97,1,1
19178,5708,3584,149,34527,33867,2722,34986,47090,24,1,1
19179,7632,4182,98,30049,29333,2417,30457,44779,28,1,1
19180,4024,203,97,24966,24754,1761,25281,31351,1,1,1
19181,6108,3503,96,47508,46866,5148,47902,62748,24,1,1
19182,17192,7052,96,58261,57339,5000,58714,88051,39,1,1
19183,13396,11341,101,73200,71833,2185,73743,100759,63,1,1
19184,8297,4136,214,31949,31239,2159,32486,47181,27,1,1
19185,4211,285,95,22143,21892,1786,22453,28821,2,1,1
19186,4596,195,93,23916,23719,1753,24204,30831,1,1,1
19187,4554,195,88,16835,16644,2621,17121,24574,1,1,1
19188,20187,20259,96,78665,76646,1711,79354,121605,98,1,1
19189,10166,8855,100,75563,74381,2153,76067,97328,51,1,1
19190,3102,209,197,22600,22384,2246,23020,28657,1,1,1
19191,3872,208,100,17126,16926,2228,17417,23806,1,1,1
19192,4750,196,95,21674,21482,1751,21967,28744,1,1,1
19193,25843,27526,106,82802,80211,1904,83599,138965,130,1,1
19194,12475,13010,106,59171,57649,1741,59743,87061,70,1,1
19195,16005,2400,128,56139,55624,2214,56642,77356,16,1,1
19196,4241,200,196,23904,23690,1766,24306,30601,1,1,1
19197,4268,234,119,18802,18608,1773,19123,25495,1,1,1
19198,9177,4878,95,75108,74219,1735,75527,91404,30,1,2
19199,13730,14496,103,61447,59847,1731,62052,92094,76,1,1
19200,3670,197,89,52913,52717,2475,53211,59636,1,1,1
19201,41354,47665,103,90315,86141,2962,91453,183532,213,1,1
19202,10995,555,111,44251,43974,1778,44608,58046,4,1,1
19203,2198,448,103,29566,29295,943,29888,33570,4,1,1
19204,40319,44127,98,57578,53706,1690,58610,145031,199,1,1
19205,6250,3756,89,38882,38235,10747,39277,60131,24,1,1
19206,19757,14876,102,59843,58283,6141,60424,101282,74,1,1
19207,41704,39616,98,91392,87985,15069,92404,188890,173,1,1
19208,11195,8536,111,58812,57734,11084,59310,90217,46,1,1
19209,22431,20441,108,63155,61051,1797,63846,108608,101,1,1
19210,11272,9908,98,54663,53405,1694,55199,78157,57,1,1
19211,49516,33630,173,75495,72495,13364,76436,173041,152,1,1
19212,13778,9808,108,58954,57789,11047,59479,94203,53,1,1
19213,20918,19787,102,58640,56594,1790,59302,101891,98,1,1
19214,7875,5048,154,52834,52040,1812,53344,68167,31,1,1
19215,5536,3273,190,60168,59603,15813,60649,85363,20,1,1
19216,10201,6482,108,58915,58013,12983,59373,89131,38,1,1
19217,20145,17924,100,59258,57360,1759,59895,99826,91,1,1
19218,8996,7082,97,52893,51897,1696,53349,71208,43,1,1
19219,1886,202,93,64046,63838,26854,64443,93477,1,1,1
19220,13517,7450,111,60602,59613,15316,61092,97474,43,1,1
19221,8631,8569,101,56014,54859,4187,56520,77994,51,1,1
19222,14873,14441,100,62707,61047,1821,63311,94531,78,1,1
19223,309,229,97,68171,67915,1006,68791,70432,1,1,1
19224,42243,31804,119,11234,8307,42337,12077,128544,147,1,1
19225,25033,18490,95,66609,64739,12566,67253,123435,91,1,1
19226,21617,21971,102,59638,57432,1746,60351,105769,107,1,1
19227,11937,11523,98,54653,53278,2262,55195,81003,63,1,1
19228,2099,394,185,56061,55805,16437,56480,75493,3,1,1
19229,14662,7374,107,59869,58906,8890,60352,91369,42,1,1
19230,5140,3453,100,37773,37141,3549,38161,50395,23,1,1
19231,11207,6957,104,41291,40350,2361,41763,62379,41,1,1
19232,12808,11313,121,58776,57374,1762,59350,85327,64,1,1
19233,7232,3181,192,57672,57091,31221,58173,99897,21,1,1
19234,14954,8569,103,60291,59208,13355,60790,97761,46,1,1
19235,6555,5921,103,38666,37752,4653,39130,56349,37,1,1
19236,10871,4552,95,38611,37870,1721,39017,56253,29,1,1
19237,11018,10173,100,58099,56844,1843,58618,81744,57,1,1
19238,39164,19995,213,69517,67463,23544,70313,153296,99,1,1
19239,10696,3460,101,56871,56252,12859,57272,84380,23,1,1
19240,15502,14118,107,178269,176716,1720,178854,210297,72,1,1
19241,10575,8098,93,165314,164236,1675,165802,186256,46,1,1
19242,43555,41639,647,290118,284005,9327,292299,387186,173,1,1
19243,10771,8707,130,145442,144241,11228,145975,176805,45,1,1
19244,14215,12956,97,56556,54870,3855,57122,88255,67,1,1
19245,10292,439,103,55804,55536,1863,56134,68826,3,1,1
19246,30271,33054,135,74563,71305,1773,75489,140682,156,1,1
19247,4086,264,163,25043,24822,1858,25418,31719,1,1,1
19248,5545,3617,95,51114,50464,5256,51512,66025,23,1,1
19249,9190,8421,98,58793,57643,1856,59284,78846,47,1,1
19250,41453,25582,116,70918,68471,13617,71693,152438,121,1,1
19251,13944,6634,101,59842,58827,9687,60331,90691,39,1,1
19252,18250,16890,144,63549,61382,2044,64238,101519,87,1,1
19253,9976,6962,98,43033,42079,1992,43498,62525,40,1,1
19254,11983,10701,100,43307,42001,1786,43846,68413,58,1,1
19255,41327,32651,136,73975,70940,11837,74870,160787,151,1,1
19256,10037,7744,106,58649,57640,19286,59140,96299,43,1,1
19257,20386,22451,161,64378,62072,1823,65158,109914,108,1,1
19258,10950,9441,103,56530,55308,1825,57050,79358,54,1,1
19259,8801,4081,108,60313,59600,16791,60736,90502,26,1,1
19260,11389,5882,102,58407,57575,12374,58860,88595,33,1,1
19261,22173,23069,171,64619,62298,1817,65438,112591,111,1,1
19262,13739,13691,106,56655,55100,1728,57238,86487,72,1,1
19263,9716,2798,131,59227,58653,25631,59654,97891,19,1,1
19264,11560,5983,103,57421,56492,14484,57865,89983,36,1,1
19265,18760,18859,177,62662,60522,1951,63414,103081,95,1,1
19266,10884,9965,104,55582,54293,1899,56126,78965,57,1,1
19267,11032,4425,127,57654,56876,31792,58095,105437,26,1,1
19268,13217,6693,107,59376,58470,16111,59850,95966,36,1,1
19269,20387,21455,181,62818,60491,1874,63607,107417,104,1,1
19270,12670,12599,103,57202,55738,1791,57774,84926,68,1,1
19271,6288,404,132,56353,56021,26726,56703,90215,3,1,1
19272,15010,10786,103,60918,59589,10324,61453,97664,59,1,1
19273,22090,21895,186,62313,59992,1816,63114,109012,107,1,1
19274,13797,14646,106,58317,56631,1875,58926,89337,79,1,1
19275,7171,1793,130,57218,56761,31013,57624,97696,12,1,1
19276,10754,5087,102,56957,56144,12972,57385,86289,30,1,1
19277,21773,21577,180,60162,57970,1931,60952,106333,105,1,1
19278,13698,13817,102,57437,55897,1878,58026,87511,73,1,1
19279,15312,6454,129,61034,60111,24402,61525,107783,37,1,1
19280,11075,5614,98,59253,58362,12266,59685,88731,34,1,1
19281,19166,19669,182,60620,58477,1592,61379,101909,96,1,1
19282,12313,10618,104,41855,40458,2052,42393,67478,59,1,1
19283,4645,227,97,37060,36853,1753,37368,44076,1,1,1
19284,41220,38594,132,73407,69913,8836,74382,163163,173,1,1
19285,15731,10460,107,62166,60871,7598,62715,96604,56,1,1
19286,16464,16468,145,59160,57358,1837,59837,94704,85,1,1
19287,14321,14667,95,45252,43602,2116,45851,77039,79,1,1
19288,7952,2633,129,97116,96365,3687,97529,111895,18,1,2
19289,12970,12045,105,62277,60882,3803,62833,91745,64,1,1
19290,20146,19914,223,45932,43866,1836,46731,88726,99,1,1
19291,13417,13053,106,39438,37957,1787,40016,68357,70,1,1
19292,4580,350,129,38082,37810,1738,38438,45200,3,1,1
19293,41318,32536,112,72578,69567,10057,73443,157445,151,1,1
19294,9797,7619,102,70260,69213,1913,70737,90160,44,1,1
19295,16257,16343,154,42908,41181,1753,43580,78030,82,1,1
19296,12608,9686,102,37970,36779,1752,38478,62608,54,1,1
19297,8179,6614,126,46809,45842,5828,47314,68071,40,1,1
19298,20772,14729,96,63703,62076,7251,64294,107142,75,1,1
19299,18343,18568,113,73688,71687,1709,74380,113090,97,1,1
19300,16051,15666,178,43776,42040,1824,44469,78104,82,1,1
19301,11390,11760,101,38602,37184,1729,39158,64132,64,1,1
19302,23617,24433,135,75727,73299,1900,76517,126599,119,1,1
19303,9176,7122,106,70393,69392,1765,70880,89035,41,1,1
19304,17103,16940,146,43095,41231,1783,43780,79702,87,1,1
19305,11471,10909,102,37250,35983,1846,37788,62105,58,1,1
19306,6336,5143,124,46362,45548,4884,46824,63282,32,1,1
19307,10167,7341,92,60364,59337,1812,60844,80255,44,1,1
19308,10050,8579,103,69709,68528,1755,70219,90697,51,1,1
19309,15020,14024,143,41918,40337,1856,42560,73556,73,1,1
19310,12297,9432,101,33320,32103,1815,33821,57457,53,1,1
19311,4470,211,130,25204,24986,1786,25554,32112,1,1,1
19312,1156,217,92,35601,35409,1029,35896,38379,1,1,1
19313,32749,35762,93,67770,64533,1757,68679,139041,164,1,1
19314,13827,12739,99,78330,76824,4237,78964,109858,67,1,1
19315,7640,253,111,24125,23878,23787,24451,56221,1,1,1
19316,27772,5940,99,24491,23695,13298,24941,72038,32,1,1
19317,12546,3095,98,23872,23291,9818,24269,49813,20,1,1
19318,20511,6742,98,22699,21774,5063,23142,55542,37,1,1
19319,4238,210,90,23687,23493,1778,23971,30278,1,1,1
19320,22306,24576,112,75365,72973,1836,76116,124930,115,1,1
19321,10679,8805,157,74382,73150,1740,74944,96260,50,1,1
19322,8622,5908,107,30806,29900,2303,31266,48191,35,1,1
19323,7501,3765,98,29701,29042,1818,30092,43262,24,1,1
19324,4370,212,95,23754,23551,1837,24050,30549,1,1,1
19325,24420,24291,132,81603,79174,1740,82380,132964,118,1,1
19326,11461,10240,197,73971,72631,1933,74615,98340,58,1,1
19327,8886,6438,125,29495,28563,1768,29983,47169,38,1,1
19328,7596,3844,94,29558,28900,1743,29957,43227,24,1,1
19329,5377,1561,126,50734,50189,2109,51117,60308,11,1,2
19330,20098,18486,98,72785,70883,3809,73432,115918,90,1,1
19331,11601,10617,151,53901,52576,1781,54504,78594,59,1,1
19332,8783,2348,92,54634,54137,3371,54998,69591,16,1,1
19333,8864,5027,129,31471,30670,1714,31925,47626,31,1,1
19334,4270,843,93,22333,21988,1831,22663,29692,7,1,1
19335,4213,210,112,24964,24753,1836,25301,31689,1,1,1
19336,4261,215,89,17681,17485,1985,17966,24510,1,1,1
19337,5448,3129,96,45383,44779,6098,45766,60533,21,1,1
19338,12620,4541,93,57002,56274,1699,57415,76367,29,1,1
19339,15505,15667,207,76248,74523,1735,76982,109981,81,1,1
19340,3528,248,106,23890,23670,1762,24204,29834,1,1,1
19341,4254,213,108,18683,18484,1735,18992,25287,1,1,1
19342,4684,195,91,21929,21736,2134,22237,29342,1,1,1
19343,18352,19309,106,65123,63046,1868,65821,105443,97,1,1
19344,10867,10245,90,56344,55077,5930,56860,83988,58,1,1
19345,4312,214,146,55932,55718,2127,56295,63041,1,1,1
19346,8279,212,97,53784,53573,1892,54092,64568,1,1,1
19347,4690,220,106,23273,23034,1839,23584,30423,1,1,1
19348,16449,15473,108,56787,55090,1825,57409,91251,80,1,1
19349,9824,8912,98,41713,40550,1852,42243,62924,50,1,1
19350,10336,8486,97,55895,54787,1870,56423,77207,49,1,1
19351,11213,1368,108,56426,56041,1824,56789,71287,10,1,1
19352,24533,28960,111,73555,70661,1836,74393,129821,139,1,1
19353,4423,211,108,22707,22484,1751,23017,29498,1,1,1
19354,16098,15788,97,60044,58299,3004,60662,95638,84,1,1
19355,12705,13422,100,59920,58386,1814,60569,88593,72,1,1
19356,41216,34798,168,76818,73705,11454,77775,165352,157,1,1
19357,14060,6377,96,57969,57072,10186,58424,89139,37,1,1
19358,15787,13827,115,60047,58510,1829,60651,92186,72,1,1
19359,11008,9945,100,66905,65626,1848,67469,90365,57,1,1
19360,41226,33125,138,76082,73036,13820,76972,165247,148,1,1
19361,12550,7669,104,58690,57708,14100,59155,93567,42,1,1
19362,22777,27746,113,66438,63635,1818,67259,119697,133,1,1
19363,9720,8356,163,58674,57537,1894,59233,79297,48,1,1
19364,8994,6259,128,60433,59557,14797,60912,91053,36,1,1
19365,17844,11116,101,61457,60070,12378,61998,103429,60,1,1
19366,19413,19753,134,69647,67479,1844,70357,111468,98,1,1
19367,12824,13459,168,58575,56976,1822,59237,87437,72,1,1
19368,10158,3843,105,59736,59083,26045,60156,100293,24,1,1
19369,13739,8375,101,59319,58264,16044,59813,98064,46,1,1
19370,26448,27749,135,64488,61858,1922,65312,121526,129,1,1
19371,14090,13019,168,56820,55286,1796,57471,86467,71,1,1
19372,2550,1020,108,55918,55563,27751,56279,87693,8,1,1
19373,13940,7355,98,57890,56924,15668,58359,95415,40,1,1
19374,18905,19109,113,61966,59938,1780,62657,102548,94,1,1
19375,10856,9441,109,67523,66290,1955,68098,90442,54,1,1
19376,9113,2097,107,56952,56482,31399,57402,100102,14,1,1
19377,16121,8416,100,58265,57139,13134,58761,96522,47,1,1
19378,14661,12584,113,56358,54828,2036,56938,86315,66,1,1
19379,10251,7813,100,63235,62154,1724,63758,83642,46,1,1
19380,6880,1537,113,57241,56806,32927,57623,99099,12,1,1
19381,9590,3159,103,56930,56354,13254,57321,83419,20,1,1
19382,21936,24689,112,60008,57586,1881,60778,109380,117,1,1
19383,11061,10248,115,55012,53749,1888,55556,78842,56,1,1
19384,42197,25043,183,70009,67561,27700,70854,165893,117,1,1
19385,11737,3870,97,58039,57334,14576,58438,88713,25,1,1
19386,15470,16036,141,57289,55515,1805,57951,91357,82,1,1
19387,13633,13634,106,53021,51431,1949,53649,82961,72,1,1
19388,4228,210,107,36917,36713,1812,37234,43567,1,1,1
19389,42156,27244,137,70494,67884,25199,71304,165995,126,1,1
19390,14249,6062,93,58973,58051,11612,59405,91417,36,1,1
19391,17270,17479,110,43087,41130,1712,43730,80283,86,1,1
19392,4251,211,95,36159,35954,1734,36466,42744,1,1,1
19393,14532,14618,158,45094,43402,1867,45762,76869,76,1,1
19394,42285,24136,109,68788,66392,27605,69530,163648,113,1,1
19395,15650,14870,102,75310,73601,1778,75914,108505,79,1,1
19396,4960,1463,123,47044,46632,33814,47422,87752,11,1,1
19397,20067,2757,98,22777,22250,26462,23142,72525,18,1,1
19398,40111,10970,153,32397,31154,10813,32993,94984,56,1,1
19399,10578,2384,95,23405,22876,16286,23763,53106,17,1,1
19400,19865,8422,104,46890,45828,12289,47366,88044,45,1,1
19401,24748,12932,96,42048,40637,1800,42595,82171,65,1,1
19402,4094,214,126,36558,36346,1761,36900,43064,1,1,1
19403,41368,31042,99,70832,67843,24949,71672,169128,144,1,1
19404,10266,7745,105,71225,70156,1823,71738,91667,45,1,1
19405,15021,11349,168,43476,42095,1821,44084,72371,61,1,1
19406,11352,9462,101,38571,37361,1893,39084,61883,54,1,1
19407,22982,23855,132,78855,76465,1878,79633,128441,116,1,1
19408,14541,14767,103,71629,69938,1697,72230,103329,77,1,1
19409,17104,16399,176,44626,42849,1770,45339,80707,85,1,1
19410,10929,9720,105,37943,36729,1814,38478,61031,54,1,1
19411,25480,26114,138,78245,75660,1779,79055,132521,125,1,1
19412,12069,11951,94,70554,69118,1825,71113,97050,66,1,1
19413,18423,18100,178,45140,43288,1753,45863,84235,88,1,1
19414,12909,10581,105,37891,36656,1705,38409,63697,56,1,1
19415,9723,7733,131,47544,46527,4381,48080,70010,44,1,1
19416,10397,6979,95,59903,58944,1735,60360,79567,41,1,1
19417,13206,10110,103,68633,67346,1865,69160,94433,57,1,1
19418,15886,15460,192,42475,40806,1791,43190,76423,78,1,1
19419,10907,9275,102,30972,29728,1751,31480,53505,52,1,1
19420,4278,217,130,25255,25042,1895,25599,32080,1,1,1
19421,17901,16671,94,69567,67847,2592,70174,107431,82,1,1
19422,12598,12357,124,49401,47909,2741,50014,77801,67,1,1
19423,14929,20048,156,59802,58589,1856,60381,97304,53,1,1
19424,13442,10323,108,32698,31445,1849,33239,58946,56,1,1
19425,8613,4965,98,27661,26878,1758,28086,43507,31,1,1
19426,4324,211,127,25312,25098,1866,25646,32139,1,1,1
19427,24554,29014,106,78837,75983,1853,79650,135164,135,1,1
19428,9616,7362,106,52517,51465,2175,52989,72233,44,1,1
19429,18151,11110,165,62026,60734,2335,62634,94321,58,1,1
19430,11138,6454,130,31360,30376,1820,31851,51353,37,1,1
19431,7964,4996,101,30522,29756,1841,30940,45827,30,1,1
19432,4225,214,95,23911,23713,1811,24213,30545,1,1,1
19433,19412,18818,129,77498,75538,1799,78179,118300,92,1,1
19434,11061,10627,100,85366,83935,1799,85947,109526,60,1,1
19435,10834,6205,113,29788,28910,1755,30260,49146,36,1,1
19436,7575,3566,101,32662,32026,1876,33054,46155,23,1,1
19437,25204,27793,131,82202,79476,1822,83027,137940,131,1,1
19438,12837,13403,107,85788,84091,1823,86414,114568,71,1,1
19439,8504,3701,112,31711,31033,1752,32133,46187,25,1,1
19440,4166,282,100,22401,22166,1858,22708,29105,2,1,1
19441,4483,596,128,42917,42488,1920,43273,50365,5,1,2
19442,7631,5540,99,49887,49046,4892,50317,68473,35,1,1
19443,15875,13539,98,116393,114719,4672,116977,151165,72,1,2
19444,3380,214,183,54071,53855,3316,54484,61474,1,1,1
19445,4296,253,126,22955,22740,1803,23283,29726,1,1,1
19446,4372,221,108,18594,18393,1776,18899,25359,1,1,1
19447,4147,314,94,21643,21412,1892,21939,28377,2,1,1
19448,21085,20880,105,59958,57761,1860,60659,104581,102,1,1
19449,12445,11558,98,56489,55097,5981,57031,87100,62,1,1
19450,14340,2464,98,55137,54643,1736,55504,74133,16,1,1
19451,8060,222,184,55736,55522,1785,56131,66287,1,1,1
19452,4020,221,97,22042,21841,2228,22341,28898,1,1,1
19453,23480,28309,129,66905,64054,1760,67745,121390,134,1,1
19454,11526,10853,99,65769,64351,2971,66314,91760,62,1,1
19455,5407,215,108,55657,55445,1771,55977,63461,1,1,1
19456,26897,28889,209,74422,71631,1863,75345,133090,137,1,1
19457,13052,11769,135,60576,59149,1779,61187,87883,65,1,1
19458,13165,12616,102,59104,57594,1850,59666,87381,68,1,1
19459,41745,43054,164,74303,71234,11839,75248,171977,152,1,1
19460,13265,10065,102,61208,59995,10148,61726,95294,53,1,1
19461,18171,15875,114,60262,58430,1921,60905,96963,84,1,1
19462,10000,8141,103,62377,61205,1916,62867,83019,47,1,1
19463,41432,34779,168,75523,72388,11388,76486,164180,156,1,1
19464,14525,8045,105,60030,59021,12881,60509,96052,43,1,1
19465,22324,23391,115,65060,62657,1804,65808,113421,113,1,1
19466,9268,8523,101,56599,55504,1765,57095,76735,48,1,1
19467,8033,3466,173,59661,59059,14459,60133,86189,21,1,1
19468,11246,5547,102,60003,59190,11751,60429,89065,32,1,1
19469,18776,16817,111,59658,57828,2356,60312,98356,86,1,1
19470,10875,9067,103,56460,55255,1848,56968,78843,52,1,1
19471,5321,1513,164,57521,57086,30468,57948,95344,11,1,1
19472,14624,7987,102,58376,57346,15859,58855,97419,44,1,1
19473,22597,20137,111,60480,58364,1788,61175,105791,99,1,1
19474,12852,11638,97,58177,56770,1697,58717,84990,64,1,1
19475,41902,28797,173,72723,70011,18975,73600,163413,131,1,1
19476,12599,6282,97,57587,56683,16651,58028,93650,36,1,1
19477,8072,366,105,29149,28863,34527,29471,72530,3,1,1
19478,20378,3113,98,35968,35399,26617,36361,86568,19,1,1
19479,26145,13927,97,59153,57585,16293,59730,116194,70,1,1
19480,10692,5659,98,29320,28487,14866,29765,61066,33,1,1
19481,20421,13011,200,39009,37572,7957,39668,81150,64,1,1
19482,4634,210,93,33632,33432,1696,33940,40565,1,1,1
19483,41584,37500,105,74593,71201,16232,75530,170942,169,1,1
19484,12829,6465,100,57672,56712,15718,58134,93238,38,1,1
19485,19886,19628,116,59490,57384,1787,60187,101582,98,1,1
19486,10450,9589,200,55613,54266,1917,56242,78291,55,1,1
19487,9997,3795,129,57389,56754,28983,57829,100696,22,1,1
19488,12194,4844,101,57373,56545,13054,57799,87984,31,1,1
19489,19315,19015,135,57834,55648,1795,58534,98750,95,1,1
19490,11830,10211,159,54707,53368,1877,55300,79311,57,1,1
19491,7041,2185,128,56938,56436,31870,57349,98537,15,1,1
19492,14393,5042,100,56719,55888,13132,57141,89800,31,1,1
19493,10476,10695,110,57803,56448,2730,58345,82339,59,1,1
19494,13550,13111,99,52011,50418,1899,52624,81276,70,1,1
19495,4200,215,116,37042,36831,1866,37383,43756,1,1,1
19496,41424,32211,113,69804,66796,13954,70662,158355,147,1,1
19497,12328,7877,106,60277,59220,8490,60773,89559,45,1,1
19498,17461,17448,117,48102,46141,1798,48775,85577,89,1,1
19499,15489,16177,101,54198,52398,1860,54872,88491,85,1,1
19500,5059,216,108,36134,35911,1837,36442,43636,1,1,1
19501,10238,2625,126,57422,56887,24268,57835,95061,17,1,1
19502,12469,10858,104,71870,70396,1786,72418,97621,61,1,1
19503,7869,8051,129,40270,39196,4307,40777,61104,46,1,1
19504,14726,14602,103,50365,48706,1882,51005,82305,76,1,1
19505,4363,213,137,37415,37201,1840,37753,44264,1,1,1
19506,10033,2973,96,57461,56883,28811,57845,99755,19,1,1
19507,12457,10308,106,69281,67966,1753,69821,94429,59,1,1
19508,17993,17446,138,45861,43993,1700,46544,83776,88,1,1
19509,10828,10194,106,49373,48111,1767,49958,72843,57,1,1
19510,8985,6895,131,69806,68723,4691,70310,90973,41,1,1
19511,14599,14224,94,72856,71137,2215,73443,104572,77,1,1
19512,12188,10872,134,39845,38515,1744,40415,65310,59,1,1
19513,9999,8402,98,42074,40975,1766,42563,62815,48,1,1
19514,19141,19944,174,76062,73955,1807,76823,117811,99,1,1
19515,11476,9492,98,71441,70175,1739,72079,94877,53,1,1
19516,15090,19456,126,41149,39597,1848,41774,78265,71,1,1
19517,12236,10588,109,31298,30051,1832,31826,56594,57,1,1
19518,4698,208,181,24930,24725,1865,25320,32173,1,1,1
19519,22636,23893,114,77499,75033,1845,78270,126736,118,1,1
19520,10557,8949,98,69859,68635,3655,70369,93620,51,1,1
19521,13007,10116,133,39429,38157,1760,39995,64973,57,1,1
19522,12018,8044,98,30203,29135,1749,30692,52587,47,1,1
19523,17372,17942,172,98470,96325,1750,99204,136367,92,1,2
19524,11863,10370,101,69154,67853,2544,69682,94551,58,1,1
19525,15405,10060,124,31071,29834,1803,31614,58976,55,1,1
19526,8586,4981,98,26786,25994,1744,27209,42604,32,1,1
19527,4434,216,126,25022,24808,1698,25351,31791,1,1,1
19528,23676,25909,161,76989,74445,2070,77828,129579,124,1,1
19529,11657,9888,98,72625,71355,1710,73142,96488,56,1,1
19530,9848,6832,112,29175,28225,1693,29656,48122,40,1,1
19531,8221,4863,99,33634,32882,1748,34053,48971,30,1,1
19532,4295,212,110,25513,25298,1806,25833,32237,1,1,1
19533,19909,16521,163,80372,78539,1828,81063,128777,82,1,1
19534,10745,8870,105,73070,71856,1825,73590,95123,52,1,1
19535,9335,3323,124,36905,36259,1788,37343,51906,22,1,1
19536,4590,211,100,23118,22910,1893,23436,30211,1,1,1
19537,4508,215,97,23724,23536,1773,24013,30592,1,1,1
19538,4495,224,93,17107,16922,1801,17396,23996,1,1,1
19539,22620,30397,161,79633,77399,1768,80411,135291,104,1,1
19540,8343,6832,97,55908,54915,1807,56378,73454,42,1,1
19541,4274,220,103,53942,53733,1723,54256,60564,1,1,1
19542,10488,5059,103,31166,30381,1703,31613,48958,31,1,1
19543,4337,749,97,22349,22040,1756,22678,29606,6,1,1
19544,4516,223,113,25046,24840,1896,25363,32087,1,1,1
19545,4340,211,96,27995,27793,1695,28340,34674,1,1,1
19546,20485,23286,100,59942,57584,2127,60668,106659,113,1,1
19547,4094,215,91,55020,54823,1770,55325,61489,1,1,1
19548,11472,10750,103,57730,56400,1871,58274,82453,61,1,1
19549,1781,222,85,53705,53505,3031,54000,59117,1,1,1
19550,4161,308,106,23768,23504,1715,24089,30369,2,1,1
19551,4059,212,107,18625,18412,1767,18936,25064,1,1,1
19552,4265,216,91,21368,21187,2150,21653,28367,1,1,1
19553,12912,1192,136,33922,33558,6448,34310,54954,9,1,1
19554,15180,14265,106,67173,65480,1735,67777,99043,74,1,1
19555,12338,8892,107,50860,49733,6481,51366,79166,50,1,1
19556,41323,40443,113,76799,73183,4732,77774,164376,179,1,1
19557,4266,257,127,26485,26259,1774,26855,33244,1,1,1
19558,20663,21036,122,64431,62263,1962,65166,108929,106,1,1
19559,13407,11781,95,60881,59377,2102,61432,88807,66,1,1
19560,13578,2507,128,56130,55624,1732,56536,74446,16,1,1
19561,4666,2792,98,65163,64584,8521,65541,81615,19,1,1
19562,10437,3071,136,58857,58280,19942,59303,92850,20,1,1
19563,21327,8401,99,51809,50750,10246,52283,92354,44,1,1
19564,10456,5521,98,31284,30416,10506,31721,58298,33,1,1
19565,21008,13338,101,49866,48344,5182,50433,90055,68,1,1
19566,41880,34779,126,75554,72359,12442,76474,165673,159,1,1
19567,14076,8511,105,69660,68585,9945,70200,102824,46,1,1
19568,18741,16551,136,65516,63631,1880,66182,103484,85,1,1
19569,10515,9437,98,53488,52278,1778,54001,75821,54,1,1
19570,41779,31516,127,72734,69900,13513,73595,160498,141,1,1
19571,13770,8968,103,68126,66983,11620,68679,103129,50,1,1
19572,22498,23820,137,63684,61361,1812,64458,112683,113,1,1
19573,9697,8182,100,57264,56182,1798,57760,77529,48,1,1
19574,4722,1673,206,57387,56952,31281,57851,95621,12,1,1
19575,13024,7004,103,68015,67037,15919,68530,104567,41,1,1
19576,22676,24592,132,63644,61140,1934,64438,113733,118,1,1
19577,11457,9475,94,56500,55256,1883,57013,79913,54,1,1
19578,3926,1249,122,56724,56345,33091,57151,95509,9,1,1
19579,13823,8946,103,72117,70889,15221,72682,110764,50,1,1
19580,19255,20136,112,65908,63699,1861,66616,107964,101,1,1
19581,12085,11634,102,56202,54734,1773,56753,82336,64,1,1
19582,4038,1215,130,55703,55310,34692,56084,96121,9,1,1
19583,14718,5177,97,57235,56404,14652,57659,92298,31,1,1
19584,20675,21920,164,62333,60092,1814,63120,107626,106,1,1
19585,11520,11255,100,56143,54753,1910,56688,81466,63,1,1
19586,3736,632,129,55391,55085,34593,55758,94813,5,1,1
19587,13676,8777,102,58646,57503,14367,59150,96055,48,1,1
19588,19128,21319,170,61744,59542,1915,62521,104980,102,1,1
19589,13130,13421,99,56734,55110,1774,57300,85714,71,1,1
19590,2945,861,128,57521,57145,33497,57896,95294,7,1,1
19591,15100,7688,99,58338,57304,13037,58817,94735,43,1,1
19592,19896,20383,166,60008,57815,1982,60769,103125,101,1,1
19593,14573,14531,102,57809,56140,1788,58393,89376,76,1,1
19594,2321,800,128,57150,56828,34534,57523,95273,6,1,1
19595,14281,4987,115,58611,57846,12553,59080,90994,28,1,1
19596,15903,14316,144,59425,57737,1843,60074,92233,76,1,1
19597,14551,14537,105,43365,41733,1777,43961,74918,77,1,1
19598,4304,218,106,37408,37196,1821,37733,44168,1,1,1
19599,42388,28971,105,69918,67096,28591,70714,170765,134,1,1
19600,15814,7681,103,58135,57105,14026,58619,96231,43,1,1
19601,17139,15767,146,45536,43788,1830,46199,81028,79,1,1
19602,13039,12157,103,39815,38396,1834,40366,67486,66,1,1
19603,4383,212,93,36061,35807,1906,36353,42936,1,1,1
19604,41614,31052,107,69972,67040,15260,70825,158845,142,1,1
19605,11680,9900,95,70541,69217,1732,71050,94452,55,1,1
19606,10732,11073,166,42796,41464,4026,43408,69339,60,1,1
19607,15253,16614,107,40634,38873,1816,41263,75039,85,1,1
19608,7851,7286,128,68397,67368,4622,68901,88753,42,1,1
19609,14298,13427,100,71836,70163,1737,72421,101974,74,1,1
19610,16751,18316,161,45743,43811,1794,46474,83432,93,1,1
19611,13663,13273,106,40397,38876,2176,40967,70168,70,1,1
19612,24163,21679,135,78380,76168,1921,79134,126988,105,1,1
19613,14328,13748,106,73435,71740,1897,74037,104100,74,1,1
19614,18813,17938,140,43912,42085,1872,44613,83333,88,1,1
19615,10010,8781,99,39259,38137,1721,39743,60347,48,1,1
19616,24714,25711,129,79255,76694,1862,80074,132454,125,1,1
19617,10297,8014,99,67594,66520,2087,68075,88564,46,1,1
19618,10986,10676,151,40021,38736,1747,40610,64116,57,1,1
19619,10592,9246,98,30070,28918,1740,30574,52238,52,1,1
19620,4084,220,96,24087,23834,2133,24384,30902,1,1,1
19621,23503,23676,129,75498,73156,1754,76272,125299,116,1,1
19622,14392,14835,100,71622,69967,1750,72217,103290,78,1,1
19623,15564,13808,182,42013,40467,1768,42688,73926,72,1,1
19624,9802,7386,99,29951,28945,1920,30410,49604,43,1,1
19625,22933,23391,126,75124,72763,1827,75889,124137,114,1,1
19626,10141,9251,105,71703,70503,1739,72212,93434,53,1,1
19627,14442,10437,149,33105,31841,1721,33694,60399,57,1,1
19628,9556,5613,96,29183,28345,1867,29608,46728,34,1,1
19629,4271,209,124,25240,25027,1807,25587,31963,1,1,1
19630,8120,5666,91,45923,45058,4728,46345,64954,34,1,1
19631,16450,8224,96,58484,57446,1718,58961,85445,44,1,1
19632,13321,13090,125,76254,74725,1841,76853,105197,69,1,1
19633,10333,2463,174,26669,26168,13487,27135,53523,16,1,1
19634,27675,7528,94,24132,23187,4356,24586,64231,41,1,1
19635,13353,5319,90,24265,23464,6428,24675,49859,32,1,1
19636,19077,4820,98,20211,19445,1805,20624,46411,31,1,1
19637,1364,217,91,22894,22697,946,23188,25799,1,1,1
19638,3784,215,92,550,360,6713,833,11623,1,1,1
19639,24127,22543,93,76982,74768,2753,77680,127191,107,1,1
19640,11341,8842,100,80794,79584,1782,81353,103412,52,1,1
19641,9185,4851,132,30642,29854,1821,31114,47074,31,1,1
19642,4181,213,92,21782,21572,1800,22081,28357,1,1,1
19643,5190,1205,97,40671,40171,1816,41017,49314,9,1,2
19644,26548,28521,124,80408,77656,1777,81234,138172,135,1,1
19645,10817,7205,97,83415,82382,1850,83933,103896,43,1,1
19646,9779,4091,105,30740,30012,1849,31205,47024,27,1,1
19647,4088,324,90,21542,21285,1758,21838,28095,3,1,1
19648,27019,30210,129,85060,82254,1773,85914,145009,139,1,1
19649,12667,13152,102,59516,58023,1777,60091,87771,70,1,1
19650,13773,2513,161,57179,56665,1921,57633,75937,17,1,1
19651,4446,209,128,23187,22936,1761,23521,30027,1,1,1
19652,4426,218,105,18741,18540,1907,19046,25687,1,1,1
19653,4827,212,92,21874,21691,1790,22168,29080,1,1,1
19654,9605,7877,97,55123,54097,5841,55602,79011,45,1,1
19655,14827,15231,100,59305,57655,5484,59898,95527,79,1,1
19656,10848,314,105,55484,55244,1911,55833,68998,2,1,1
19657,40269,49155,260,80169,75835,3140,81441,174100,218,1,1
19658,4448,216,128,22965,22744,1832,23297,29885,1,1,1
19659,20668,21229,107,64156,61939,1752,64867,108611,105,1,1
19660,12239,12833,108,61727,60178,2234,62298,89688,68,1,1
19661,5212,211,163,55552,55336,1797,55929,63248,1,1,1
19662,11142,10150,108,62126,60889,7957,62647,91982,54,1,1
19663,15973,15490,109,63258,61478,1791,63903,97250,80,1,1
19664,10863,8905,98,56084,54888,1902,56593,78348,52,1,1
19665,51131,33618,184,77631,74540,13504,78589,176935,152,1,1
19666,11616,6320,168,58784,57865,10505,59303,87840,38,1,1
19667,21300,21052,131,61061,58934,1762,61788,105993,103,1,1
19668,10986,8945,107,56593,55387,1500,57106,78621,50,1,1
19669,41140,40496,138,78246,74640,8962,79266,169959,182,1,1
19670,25910,20175,103,66287,64196,11491,66967,124632,101,1,1
19671,24225,25741,116,63784,61183,1715,64585,116358,127,1,1
19672,10533,9893,106,60522,59201,1909,61071,83498,57,1,1
19673,7835,2064,198,76494,75966,30123,76972,117096,14,1,1
19674,12556,7340,115,60939,59888,16065,61439,97494,42,1,1
19675,24143,28375,117,64245,61442,1722,65072,119408,133,1,1
19676,14445,15806,100,57997,56275,1897,58610,90853,81,1,1
19677,3919,1084,149,58986,58618,28270,59394,92768,8,1,1
19678,13394,9785,106,61295,60087,12649,61816,97736,52,1,1
19679,17104,16597,119,58651,56821,2101,59300,95198,85,1,1
19680,11003,9987,100,55904,54655,1787,56431,79298,56,1,1
19681,6915,2232,169,57801,57296,29659,58253,97159,15,1,1
19682,13927,5140,105,56658,55853,14425,57087,90671,31,1,1
19683,18789,20454,117,60503,58344,1798,61215,102350,101,1,1
19684,15216,14486,108,58656,57028,1978,59258,91032,77,1,1
19685,30698,14223,172,66910,65377,21296,67581,133897,71,1,1
19686,11081,6693,102,59690,58731,10608,60137,88612,38,1,1
19687,22253,25444,114,61510,59015,2094,62278,112164,120,1,1
19688,15535,15748,106,57579,55836,1851,58222,91450,81,1,1
19689,6672,2038,171,59316,58835,32939,59763,101512,14,1,1
19690,14655,3876,141,58749,57964,13387,59202,91224,24,1,1
19691,17194,15955,107,44686,42804,1820,45319,80382,82,1,1
19692,9227,3450,97,39026,38403,1767,39406,53935,22,1,1
19693,10912,11257,98,53753,52344,2112,54292,78662,61,1,1
19694,6557,1706,191,59767,59299,20701,60225,89286,12,1,1
19695,12065,7389,104,58422,57353,8493,58891,86928,42,1,1
19696,14819,11923,111,55542,54030,1749,56114,84696,65,1,1
19697,12055,11948,99,44070,42604,1811,44618,70518,66,1,1
19698,4414,236,132,48734,48515,1937,49121,55808,1,1,1
19699,42185,29355,141,68817,66022,28506,69673,169826,135,1,1
19700,13466,6185,101,57865,56977,13222,58305,91269,35,1,1
19701,20736,21751,128,45600,43356,2160,46340,91085,106,1,1
19702,16591,17085,99,40987,39149,1412,41621,76798,88,1,1
19703,4156,217,172,37254,37038,1969,37640,44078,1,1,1
19704,42137,21967,108,69226,67021,23824,69938,157973,106,1,1
19705,12037,9094,105,70722,69505,1582,71283,94088,51,1,1
19706,21341,28320,153,46422,44156,1520,47212,98488,109,1,1
19707,12848,12632,112,53546,41471,1899,54169,81644,68,1,1
19708,8313,6491,115,45420,44475,5474,45895,66272,38,1,1
19709,14836,12825,100,65367,63891,1875,65946,95574,69,1,1
19710,16066,15989,104,69515,67753,4058,70144,106351,82,1,1
19711,10689,638,128,46801,46485,32501,47162,91084,5,1,1
19712,20354,3500,97,22935,22313,25949,23318,73215,21,1,1
19713,44651,18122,157,33595,31761,7470,34297,104636,86,1,1
19714,20700,19229,97,125083,122998,3442,125745,169209,97,1,1
19715,6712,4735,129,47445,46665,4805,47909,64253,30,1,1
19716,19933,14819,97,63295,61638,2376,63889,101109,76,1,1
19717,15313,14911,107,72205,70466,1724,72822,104861,81,1,1
19718,10934,9292,148,40352,39162,3051,40928,64303,50,1,1
19719,7662,5818,95,36277,35407,1994,36715,52281,35,1,1
19720,23449,25152,131,77360,74852,1781,78152,128627,121,1,1
19721,9706,9165,105,70296,69132,1728,70812,91503,52,1,1
19722,12896,10486,159,39604,38349,1831,40199,65505,56,1,1
19723,9558,9004,98,30020,28889,1861,30508,51025,50,1,1
19724,4491,216,129,25444,25228,1799,25797,32394,1,1,1
19725,23052,22552,109,77113,74831,1812,77848,125357,112,1,1
19726,15044,14751,99,83593,81919,1814,84198,115909,79,1,1
19727,12206,9824,146,34698,33475,1931,35273,59328,53,1,1
19728,8919,6105,97,28974,28081,1824,29408,46341,37,1,1
19729,4346,333,98,24971,24717,1984,25295,32041,3,1,1
19730,22585,21310,130,75645,73510,1804,76373,122168,104,1,1
19731,9228,7804,103,52606,51495,2790,53094,73005,47,1,1
19732,18028,11517,101,60123,58785,1752,60673,92065,61,1,1
19733,12966,10068,179,33562,32334,1907,34161,59199,54,1,1
19734,8194,5459,98,28217,27380,1869,28655,44269,34,1,1
19735,4083,253,129,25364,25146,1928,25699,32055,1,1,1
19736,17130,18184,95,49845,47957,3195,50488,89088,91,1,1
19737,10703,4430,95,58262,57536,1773,58668,75666,28,1,1
19738,16018,15503,101,55389,53674,6262,56000,93875,81,1,1
19739,7211,3617,92,66244,65591,1847,66685,79452,25,1,1
19740,9494,6033,135,30181,29275,1830,30676,48126,36,1,1
19741,7468,4340,105,30493,29777,1774,30913,44586,28,1,1
19742,4381,215,109,24830,24611,1767,25141,31595,1,1,1
19743,6142,3129,95,48404,47806,6218,48782,64356,21,1,1
19744,21041,10877,96,59397,58100,2966,59923,94899,57,1,1
19745,12552,9792,101,56706,55434,1762,57227,81425,56,1,1
19746,8200,3836,207,35130,34419,1727,35659,49517,26,1,1
19747,13375,13707,103,89091,87223,1831,89679,118684,73,1,2
19748,4472,504,107,41920,41511,1728,42265,49064,4,1,2
19749,21468,20705,110,59477,57336,1801,60182,104251,103,1,1
19750,15676,3105,95,55650,55086,6630,56025,81528,20,1,1
19751,12396,11972,128,56396,54913,1732,56976,83168,65,1,1
19752,15358,3640,184,56346,55705,2499,56839,78428,23,1,1
19753,4131,219,104,23628,23354,1744,23939,30121,1,1,1
19754,4371,212,97,17627,17423,1919,17927,24512,1,1,1
19755,4220,221,89,23252,23071,1778,23548,29851,1,1,1
19756,24986,27237,134,66019,63304,1826,66841,120987,129,1,1
19757,8743,479,93,54167,53896,1763,54489,65562,4,1,1
19758,12365,11967,106,65418,63938,1999,66027,92450,64,1,1
19759,6518,216,110,55993,55781,1987,56315,65127,1,1,1
19760,4100,245,125,22860,22645,1759,23187,29380,1,1,1
19761,4407,217,108,18493,18294,1789,18807,25310,1,1,1
19762,4570,214,85,22440,22237,1862,22716,29447,1,1,1
19763,19279,20298,104,58867,56757,2884,59558,102105,103,1,1
19764,15804,15469,96,60716,58992,1762,61328,94450,82,1,1
19765,5574,209,90,63430,63173,1763,63763,71400,1,1,1
19766,41341,40359,119,77993,74286,4647,78991,165431,182,1,1
19767,4270,207,106,23953,23732,1825,24262,30654,1,1,1
19768,25404,25039,108,66111,63656,1835,66885,119255,121,1,1
19769,15199,15198,93,65984,64261,1544,66590,98615,81,1,1
19770,41249,33197,205,75009,71976,13003,75982,163540,151,1,1
19771,10712,8435,103,59128,57978,10347,59618,89204,48,1,1
19772,18963,17817,136,60706,58859,1960,61389,100223,89,1,1
19773,9922,8659,111,59923,58750,1818,60472,80963,50,1,1
19774,42114,33033,144,77144,74129,12744,78065,166055,151,1,1
19775,12471,6178,101,57615,56690,10422,58070,87229,37,1,1
19776,18617,18402,132,60260,58258,1789,60964,99868,94,1,1
19777,8059,6708,100,64230,63237,1846,64733,81442,40,1,1
19778,40954,40414,120,78089,74527,7323,79075,167861,180,1,1
19779,13868,6453,96,57987,57060,13907,58453,92773,39,1,1
19780,25763,25909,109,64917,62402,1843,65696,119305,122,1,1
19781,10317,10120,166,57509,56214,1829,58112,80472,57,1,1
19782,8020,3148,127,60164,59554,23845,60590,95697,21,1,1
19783,12695,7777,100,60622,59576,14517,61104,96184,43,1,1
19784,22144,23685,112,62454,60010,1777,63195,110894,114,1,1
19785,23110,14121,166,58539,56860,1783,59209,98317,76,1,1
19786,5982,2752,120,58558,58012,36023,58974,103823,18,1,1
19787,10452,4371,99,56491,55636,14720,56901,86538,28,1,1
19788,20905,22266,131,69906,67500,1802,70665,115738,111,1,1
19789,22580,11362,164,61082,59542,1834,61711,97578,63,1,1
19790,10298,3856,104,59240,58587,25675,59661,99582,23,1,1
19791,14499,7173,100,58693,57665,15336,59177,96278,42,1,1
19792,20344,19957,108,61403,59250,1777,62100,104270,100,1,1
19793,11345,20414,173,59657,58252,1820,60273,93945,59,1,1
19794,7603,2058,124,57509,57011,34207,57913,101873,15,1,1
19795,13075,8019,106,59329,58212,13008,59838,94037,45,1,1
19796,42085,34644,117,233331,230135,16674,234255,327750,154,1,1
19797,41953,25893,119,47921,45428,10084,48708,126732,121,1,1
19798,4475,343,100,35740,35482,2073,36054,43032,3,1,1
19799,41269,30810,123,71058,68176,12980,71919,157079,143,1,1
19800,13279,4724,105,57492,56730,9854,57918,85867,29,1,1
19801,18814,17155,135,59514,57593,1827,60199,98087,86,1,1
19802,10117,8624,157,53275,52057,1899,53841,74575,50,1,1
19803,10387,2136,120,58162,57663,27652,58562,98832,15,1,1
19804,14604,7694,100,57980,56937,11069,58466,91925,45,1,1
19805,19403,19993,120,59579,57358,1824,60291,101607,100,1,1
19806,10598,8715,159,40982,39709,3439,41549,64406,51,1,1
19807,4169,212,127,37416,37194,1998,37746,44253,1,1,1
19808,7102,1230,100,57054,56662,14430,57403,80251,9,1,1
19809,15300,12341,109,62590,61107,5026,63164,95922,66,1,1
19810,23581,23860,117,45541,43125,1958,46298,95789,115,1,1
19811,13999,13040,167,41838,40326,1828,42484,71443,68,1,1
19812,4326,215,107,37299,37081,1889,37621,44143,1,1,1
19813,41722,29878,106,69932,67087,11766,70757,154218,138,1,1
19814,13733,13940,103,73254,71562,1747,73841,103353,75,1,1
19815,7556,5323,126,47401,46553,3775,47909,64657,33,1,1
19816,11033,8932,124,38928,37755,1818,39460,61336,50,1,1
19817,22899,24322,127,78014,75490,1937,78794,128044,121,1,1
19818,13684,13750,101,73975,72278,2527,74560,104610,75,1,1
19819,15882,16348,109,54785,52927,1848,55470,89640,84,1,1
19820,11205,8908,112,39232,38096,1856,39738,61805,50,1,1
19821,27919,23531,124,77800,75422,1825,78559,131928,115,1,1
19822,12749,12317,97,70313,68804,1741,70878,97775,68,1,1
19823,16324,12445,120,52205,50747,1775,52835,83482,65,1,1
19824,8714,6469,112,36250,35295,1800,36714,53783,37,1,1
19825,27393,28011,124,79135,76380,1768,79967,137230,133,1,1
19826,8733,7250,102,67459,66380,2811,67926,86814,43,1,1
19827,14247,11916,134,51108,49685,1785,51741,79780,63,1,1
19828,10594,7223,107,32438,31407,1877,32916,52705,43,1,1
19829,4219,210,108,25804,25583,1773,26120,32415,1,1,1
19830,25712,22981,106,75754,73454,1908,76480,127175,111,1,1
19831,12577,11534,104,70029,68604,2301,70595,97098,65,1,1
19832,21200,10792,165,31863,30582,1800,32460,66344,56,1,1
19833,7157,3197,102,28048,27468,2020,28441,40907,21,1,1
19834,4063,213,98,24109,23886,1872,24406,30636,1,1,1
19835,22973,23876,112,76131,73779,1795,76882,125618,115,1,1
19836,13951,14030,106,74210,72624,1716,74811,104599,75,1,1
19837,13070,9940,182,36748,35465,1807,37363,62278,56,1,1
19838,8424,5010,104,35610,34773,1917,36052,51495,32,1,1
19839,25770,26223,137,84034,81450,1840,84839,138766,123,1,1
19840,14487,14582,104,73036,71367,1725,73639,104524,78,1,1
19841,9312,5934,146,30200,29344,1792,30716,47852,34,1,1
19842,7945,3325,103,29731,29092,1859,30126,43341,23,1,1
19843,4078,214,129,25265,25047,1776,25591,31749,1,1,1
19844,14560,14695,100,55436,53772,4198,56029,89574,77,1,1
19845,16948,9680,96,100770,99501,1774,101272,129766,51,1,2
19846,10523,2317,98,54269,53771,1712,54647,69287,15,1,1
19847,9332,3471,186,30051,29409,1764,30539,45202,22,1,1
19848,4408,214,101,21614,21419,1761,21925,28399,1,1,1
19849,4095,216,109,25028,24818,1802,25335,31537,1,1,1
19850,4169,215,92,17262,17071,1787,17554,23807,1,1,1
19851,24837,24494,127,80030,77646,1740,80801,131965,117,1,1
19852,10563,9560,151,55189,53925,2110,55749,78066,55,1,1
19853,9541,2946,98,55380,54815,1836,55763,70179,19,1,1
19854,4275,218,173,22925,22710,1832,23303,29723,1,1,1
19855,4288,204,98,17478,17279,1773,17767,24123,1,1,1
19856,4469,202,93,20822,20632,1783,21107,27661,1,1,1
19857,18690,19044,129,80665,78668,2057,81374,121258,95,1,1
19858,9752,8573,103,58322,57194,1875,58828,79113,50,1,1
19859,7253,212,100,54784,54582,2244,55097,64894,1,1,1
19860,4347,212,184,22183,21972,2128,22568,29343,1,1,1
19861,23135,25128,123,65538,63095,1919,66318,116637,120,1,1
19862,12425,11856,94,60592,59133,2492,61150,88010,66,1,1
19863,6463,219,94,53398,53195,1551,53697,62010,1,1,1
19864,40580,46179,142,89234,85053,3550,90367,180771,205,1,1
19865,4293,269,109,23755,23536,1778,24072,30504,1,1,1
19866,5643,2890,100,50159,49589,5434,50545,64604,20,1,1
19867,11249,10896,96,58726,57400,1952,59261,83451,61,1,1
19868,41867,35268,132,75806,72564,12017,76748,165994,163,1,1
19869,12798,18137,142,61243,60134,10596,61779,103395,48,1,1
19870,17186,15916,138,60004,58157,1854,60660,95709,83,1,1
19871,10212,8774,104,60749,59588,1966,61252,82296,51,1,1
19872,41461,32184,126,75301,72197,11096,76192,161025,150,1,1
19873,14466,8940,168,60106,58939,9805,60677,93984,51,1,1
19874,9115,3346,106,50806,50208,17951,51204,81710,21,1,1
19875,26900,14393,99,53250,51626,11400,53842,106629,73,1,1
19876,13019,4243,98,28214,27469,10644,28618,56616,27,1,1
19877,20627,13476,100,50218,48691,5089,50783,90073,68,1,1
19878,42133,41641,121,85917,82197,3054,87006,173929,186,1,1
19879,14285,7565,116,57862,56849,10370,58350,90665,43,1,1
19880,20242,20674,130,61146,58983,1935,61877,104822,102,1,1
19881,13453,13521,108,65082,63438,1783,65679,94538,73,1,1
19882,15729,2739,191,57990,57444,27464,58489,104515,18,1,1
19883,13174,8903,104,62260,61124,13868,62769,98807,49,1,1
19884,15711,14477,117,59144,57442,1842,59766,91889,77,1,1
19885,12182,10677,101,56197,54891,1790,56733,81473,60,1,1
19886,6236,2849,134,65045,64500,32305,65530,107012,18,1,1
19887,13888,5597,109,59458,58609,14791,59914,94285,34,1,1
19888,22793,25337,113,65396,62738,1841,66190,116254,124,1,1
19889,13885,13248,104,55997,54405,1734,56583,85535,72,1,1
19890,6885,2227,121,66582,66051,29039,67017,105261,15,1,1
19891,13203,6909,115,59452,58506,12743,59933,92880,40,1,1
19892,18831,17682,135,59302,57358,1784,60000,98389,91,1,1
19893,10673,10913,100,55466,54130,1962,56026,79657,61,1,1
19894,3360,865,129,65506,65140,32443,65924,102686,7,1,1
19895,12711,6232,117,59568,58656,16410,60038,95483,36,1,1
19896,22131,20988,136,59816,57645,1844,60550,105604,103,1,1
19897,9852,7689,103,51746,50688,1779,52229,71633,45,1,1
19898,8532,2584,134,59644,59111,44809,60077,116136,17,1,1
19899,16830,9366,144,61633,60331,12814,62191,101295,52,1,1
19900,23339,23496,111,63143,60618,1819,63905,112651,114,1,1
19901,12594,11340,99,42424,41014,1780,42966,68769,63,1,1
19902,4505,297,96,37275,37018,1805,37586,44279,2,1,1
19903,41891,31685,122,81794,78757,13392,82712,169778,149,1,1
19904,12987,8696,115,59926,58842,7325,60440,89541,47,1,1
19905,20873,22121,113,59550,57177,1835,60282,105202,108,1,1
19906,14464,14078,104,44446,42834,2470,45046,76145,76,1,1
19907,4163,212,130,36899,36684,1883,37235,43583,1,1,1
19908,42157,28850,187,70759,68042,14480,71644,157224,133,1,1
19909,16567,9330,103,61997,60845,9031,62511,97528,50,1,1
19910,17929,19212,113,48950,46853,1787,49645,88666,96,1,1
19911,10958,9702,102,40178,38871,1789,40694,63228,55,1,1
19912,4122,212,108,37030,36816,1841,37359,43623,1,1,1
19913,51101,30970,215,71424,68553,17616,72382,172161,144,1,1
19914,12177,11328,107,68140,66740,1718,68692,94006,62,1,1
19915,18584,18145,116,42858,40974,1724,43527,82071,91,1,1
19916,11383,10309,111,42162,40814,1854,42713,66352,58,1,1
19917,22254,20756,140,87469,85203,1728,88256,133126,105,1,1
19918,14677,13140,114,73350,71795,1843,73948,103700,72,1,1
19919,10253,9431,126,42524,41307,3432,43061,66269,53,1,1
19920,13127,9709,104,37464,36165,1866,37990,62777,56,1,1
19921,24514,22356,111,86159,83789,2068,86940,135968,113,1,1
19922,11771,9777,110,70123,68817,1894,70666,94201,57,1,1
19923,14876,13553,136,41734,40128,1837,42353,72711,71,1,1
19924,11720,9799,107,37539,36242,1829,38078,61511,56,1,1
19925,10514,8929,144,59153,58006,5002,59750,84287,51,1,1
19926,23200,15005,117,64053,62435,3325,64663,106278,76,1,1
19927,14719,14439,99,78300,76620,2741,78891,110889,77,1,1
19928,16069,15357,114,42835,41071,1838,43476,76837,80,1,1
19929,12472,9060,101,30573,29389,1778,31078,54481,51,1,1
19930,4187,305,110,26221,25969,1751,26549,32891,2,1,1
19931,9132,6368,198,46272,45338,5056,46839,67486,39,1,1
19932,14080,11706,103,61366,59959,1769,61921,89567,64,1,1
19933,8122,6465,104,66095,65148,5686,66549,86914,39,1,1
19934,10607,6087,128,30396,29475,3096,30882,50767,37,1,1
19935,9140,6471,109,28984,28046,1841,29466,47014,39,1,1
19936,2905,215,93,24052,23851,2486,24349,30038,1,1,1
19937,22502,32570,162,75736,73412,1853,76526,133550,111,1,1
19938,12405,10920,103,74531,73169,1710,75084,100216,61,1,1
19939,7907,6325,125,30564,29650,1808,31039,47174,37,1,1
19940,7822,5374,95,30340,29516,1811,30762,45855,33,1,1
19941,4576,338,95,24520,24264,1866,24829,31693,3,1,1
19942,29341,38070,154,81012,78263,1764,81866,151136,134,1,1
19943,8229,6179,104,50657,49766,2626,51114,68243,37,1,1
19944,13756,6728,92,56567,55660,4177,57018,81769,38,1,1
19945,9044,6421,105,29460,28521,1807,29930,47297,38,1,1
19946,7550,2993,100,30398,29809,1765,30785,43177,20,1,1
19947,4120,208,130,24927,24713,1795,25272,31490,1,1,1
19948,21857,22696,171,59243,56993,2584,60031,107263,109,1,1
19949,14885,5548,92,56891,56086,1767,57318,79610,33,1,1
19950,10965,8786,104,73093,71948,1852,73603,95295,50,1,1
19951,5884,541,129,23573,23293,10953,23932,41404,4,1,1
19952,14701,1937,99,19178,18712,1838,19547,38109,14,1,1
19953,18393,5914,92,27132,26333,3268,27558,55218,33,1,1
19954,5174,211,183,25564,25345,1814,25973,33312,1,1,1
19955,5037,215,98,17072,16872,1858,17359,24551,1,1,1
19956,3920,1609,87,44004,43574,6352,44350,56322,12,1,1
19957,13367,4662,95,56623,55865,1468,57054,76642,30,1,1
19958,11776,11441,104,74440,73021,1455,74994,99758,61,1,1
19959,4321,258,127,23981,23765,1823,24324,30824,1,1,1
19960,4142,217,107,18598,18394,1709,18913,25075,1,1,1
19961,4427,221,92,31310,31095,1799,31644,38179,1,1,1
19962,23890,23046,123,82217,79909,1807,82966,131841,110,1,1
19963,8881,7746,96,55050,53981,1836,55512,74060,44,1,1
19964,10254,1799,102,54317,53878,1763,54683,68594,13,1,1
19965,1711,206,92,20955,20745,2667,21254,25921,1,1,1
19966,24723,34017,155,66857,64368,1798,67667,128303,119,1,1
19967,12251,11474,92,60976,59618,2091,61514,87427,63,1,1
19968,10070,594,106,56396,56092,2178,56743,69717,5,1,1
19969,31401,33800,116,74700,71547,1770,75594,142658,154,1,1
19970,4249,258,161,23953,23736,2216,24318,31137,1,1,1
19971,16244,16586,105,60503,58730,3442,61136,97496,86,1,1
19972,11147,11636,96,60742,59313,1944,61283,86102,64,1,1
19973,41538,38154,120,77330,73906,10642,78288,168715,173,1,1
19974,13744,9760,105,59674,58473,9709,60201,93509,54,1,1
19975,20884,19338,174,61651,59650,1799,62402,104521,95,1,1
19976,10223,9759,98,57198,55957,2053,57714,79842,54,1,1
19977,41383,34775,113,75445,72289,16445,76346,169052,158,1,1
19978,14155,8556,100,71963,70868,11900,72509,107222,46,1,1
19979,22604,25229,122,65765,63167,1906,66560,116391,122,1,1
19980,12123,11715,96,61434,60009,1848,61984,87763,65,1,1
19981,11041,6961,104,62326,61356,14300,62801,95196,40,1,1
19982,11456,6086,100,67767,66874,12686,68250,98575,36,1,1
19983,17292,16685,117,61880,60079,1821,62531,98425,85,1,1
19984,11188,8850,103,56794,55636,1839,57306,79273,52,1,1
19985,6338,2004,105,57658,57182,29805,58044,96283,14,1,1
19986,13732,6584,101,57671,56764,16209,58130,94745,38,1,1
19987,18915,19202,151,63166,61150,1774,63903,103890,98,1,1
19988,12899,12459,102,57423,55951,1885,58002,85337,68,1,1
19989,10755,3470,107,58996,58375,30451,59415,104184,22,1,1
19990,14224,3370,93,56450,55805,15979,56831,90494,22,1,1
19991,20372,21409,153,64719,62444,1875,65501,109259,105,1,1
19992,11722,10421,99,57536,56149,1848,58080,82157,59,1,1
19993,42536,26699,146,74786,72162,34852,75610,180027,125,1,1
19994,13097,6964,149,61956,60967,26828,62487,109477,38,1,1
19995,15446,13726,161,65120,63439,1968,65797,97043,71,1,1
19996,13028,12458,167,58348,56853,1882,58993,86447,68,1,1
19997,42422,26607,113,71006,68310,25206,71813,166146,127,1,1
19998,11499,6814,104,69018,68028,14067,69521,101995,40,1,1
19999,19949,20856,140,60592,58361,1822,61334,104056,102,1,1
20000,11949,10778,99,52976,51677,2242,53517,78570,59,1,1
20001,4358,1929,131,57642,57167,23793,58050,88267,14,1,1
20002,12309,4022,102,68964,68229,11202,69417,97049,26,1,1
20003,16746,17097,144,59597,57770,1800,60292,96033,86,1,1
20004,12671,10859,103,41739,40374,1929,42273,67823,60,1,1
20005,4503,179,111,37222,37019,1840,37556,44216,1,1,1
20006,41662,31285,112,71265,68332,16549,72131,161720,145,1,1
20007,41389,33506,171,70379,67239,4141,71326,150674,154,1,1
20008,18963,19477,131,58278,56156,1902,58996,99433,99,1,1
20009,16010,15675,108,42793,41013,1837,43417,77024,83,1,1
20010,3966,1312,130,104098,103538,29898,104480,139760,10,1,2
20011,13337,6685,189,59478,58516,12476,60057,92650,39,1,1
20012,22568,24869,116,47284,44765,1846,48059,97437,120,1,1
20013,15159,14989,102,41239,39557,1859,41835,73929,77,1,1
20014,4371,215,107,37122,36919,2234,37439,44353,1,1,1
20015,41768,27409,109,68878,66346,24818,69661,163759,125,1,1
20016,12824,13375,166,72196,70634,1860,72846,100999,71,1,1
20017,17473,17270,129,43380,41531,1709,44061,80647,89,1,1
20018,9630,8635,97,38078,36939,1809,38570,58730,50,1,1
20019,30254,26551,126,79571,77030,1787,80381,139068,127,1,1
20020,11224,9168,168,69039,67817,1802,69629,91918,53,1,1
20021,17706,17887,117,45106,43254,1787,45787,83262,89,1,1
20022,11201,10469,96,39929,38639,1784,40453,63991,58,1,1
20023,24664,24375,113,77108,74695,1881,77872,128886,120,1,1
20024,11364,9898,167,69364,68093,1780,69984,93118,57,1,1
20025,9116,2951,128,44445,43898,34220,44869,91289,18,1,1
20026,20046,2608,97,20226,19715,25660,20588,68994,17,1,1
20027,26525,11255,96,32531,31256,18188,33062,89122,58,1,1
20028,10844,1591,96,23291,22877,15960,23632,52119,12,1,1
20029,19517,7825,95,47982,46989,11120,48434,86996,42,1,1
20030,23143,25953,133,88539,85851,2064,89403,140696,127,1,1
20031,12410,10841,112,74863,73533,2074,75421,100838,59,1,1
20032,14888,12959,110,40835,39343,1844,41421,71204,68,1,1
20033,11390,8597,102,33127,31990,1895,33631,55599,49,1,1
20034,4210,210,129,25138,24923,1821,25476,31806,1,1,1
20035,17022,17040,93,84330,82471,4216,85006,123375,89,1,1
20036,12335,10592,110,67985,66685,3080,68538,94637,58,1,1
20037,15283,10749,104,31508,30215,1858,32041,60061,59,1,1
20038,8368,4612,99,27389,26637,1816,27799,42680,29,1,1
20039,4107,213,106,25163,24952,1921,25474,31805,1,1,1
20040,25054,22853,155,85461,83292,1894,86279,136186,101,1,1
20041,12306,11059,108,75243,73834,1891,75808,101156,62,1,1
20042,10698,6713,112,30679,29717,1808,31149,50465,39,1,1
20043,7894,3541,98,29715,29054,1859,30112,43497,24,1,1
20044,4411,218,100,23867,23663,1948,24181,30839,1,1,1
20045,24984,25459,143,82077,79522,1918,82897,135354,125,1,1
20046,13944,12793,167,73886,72275,1806,74548,103186,71,1,1
20047,10717,6434,135,29629,28697,2065,30120,49430,37,1,1
20048,7581,3243,102,33569,32873,2017,33999,46993,22,1,1
20049,21227,20035,118,58146,56042,1560,58858,101813,101,1,1
20050,14055,8847,199,106352,105001,9169,106975,139140,51,1,2
20051,13861,3116,102,54759,54179,2873,55145,75085,20,1,1
20052,8674,2814,110,30360,29769,1844,30761,44191,19,1,1
20053,4139,308,93,21571,21317,1829,21873,28235,2,1,1
20054,4086,208,110,25077,24861,1822,25387,31594,1,1,1
20055,4322,216,94,17553,17354,1819,17838,24276,1,1,1
20056,9421,8186,99,50174,49055,4306,50669,72675,46,1,1
20057,7212,1538,148,85056,84516,1893,85475,96203,11,1,2
20058,14822,14489,107,47571,45923,2443,48172,80020,76,1,1
20059,7684,220,94,53153,52953,1728,53445,63159,1,1,1
20060,4230,217,111,22821,22605,1721,23142,29402,1,1,1
20061,4705,211,114,18532,18323,1719,18843,25608,1,1,1
20062,4311,209,93,21298,21102,1760,21577,27948,1,1,1
20063,20337,20370,102,59068,56979,1758,59766,102327,101,1,1
20064,16222,7698,199,95318,94165,3729,95915,123661,43,1,2
20065,10656,9474,107,55412,54141,1781,55945,77948,54,1,1
20066,10772,1096,101,56297,55952,1750,56664,70378,8,1,1
20067,2169,220,96,21304,21100,2455,21617,26548,1,1,1
20068,23800,25524,137,64494,61974,1761,65297,116476,123,1,1
20069,9503,8361,220,60426,59293,1861,61054,80880,47,1,1
20070,10124,245,128,56574,56374,1795,56909,69167,1,1,1
20071,22061,28403,116,74243,71400,1807,75071,127435,136,1,1
20072,15586,16027,112,65125,63370,1860,65781,99350,83,1,1
20073,11676,11254,197,59186,57783,1789,59846,84657,63,1,1
20074,41676,31179,126,75597,72692,11446,76469,160869,145,1,1
20075,12762,6818,105,58629,57628,10385,59092,89152,40,1,1
20076,19034,16391,109,61119,59282,1790,61761,99071,85,1,1
20077,10052,9523,198,59446,58191,1870,60074,81613,54,1,1
20078,41344,32727,137,72814,69712,9394,73724,157288,151,1,1
20079,12542,5915,99,59924,59052,12617,60358,91520,35,1,1
20080,20868,22795,112,77168,74846,1903,77947,123609,111,1,1
20081,11101,8574,113,56681,55522,1794,57204,78759,51,1,1
20082,11047,7106,129,59868,58871,11932,60383,90563,41,1,1
20083,12811,9897,99,59931,58637,11332,60451,94583,56,1,1
20084,24281,25916,110,73778,71190,1849,74605,126748,127,1,1
20085,13498,12736,115,58731,57229,1841,59324,87485,71,1,1
20086,30818,14726,132,64062,62460,24240,64690,134569,74,1,1
20087,14512,6005,105,58294,57384,20890,58738,100236,35,1,1
20088,22709,23021,136,73654,71339,1910,74468,122203,112,1,1
20089,16080,17106,112,57756,55877,1863,58405,93542,88,1,1
20090,7032,966,128,58480,58124,27084,58855,94034,7,1,1
20091,12506,7428,104,59286,58226,11702,59779,91510,44,1,1
20092,17837,16906,140,68231,66351,1895,68946,105679,86,1,1
20093,10532,9087,109,55247,54059,1818,55769,77299,54,1,1
20094,7894,2156,123,57357,56858,35033,57754,102934,15,1,1
20095,10479,4546,105,57203,56439,15867,57633,88615,28,1,1
20096,14414,13277,110,56965,55411,1815,57559,87161,71,1,1
20097,11975,11325,170,56183,54780,1908,56821,82123,63,1,1
20098,9129,2912,128,56998,56464,29204,57421,98762,18,1,1
20099,12084,5665,96,58355,57467,11186,58782,87807,34,1,1
20100,21402,22095,109,58164,55882,1763,58896,104254,110,1,1
20101,13046,12660,191,56695,55180,1840,57368,85007,67,1,1
20102,5608,1553,127,57373,56965,28494,57764,93519,11,1,1
20103,11513,3693,100,56758,56059,12847,57158,85302,24,1,1
20104,5219,251,105,24305,24077,35670,24638,65872,1,1,1
20105,19192,2221,97,25125,24643,28580,25490,75576,15,1,1
20106,26378,7959,98,61825,60764,19097,62343,115872,44,1,1
20107,11221,4404,104,31230,30509,15757,31655,63127,27,1,1
20108,27347,16435,100,36622,34958,8717,37236,89819,78,1,1
20109,4372,219,104,36479,36277,1852,36789,43326,1,1,1
20110,42208,27870,104,69798,67078,25305,70596,166094,131,1,1
20111,12706,6478,98,56877,55973,12299,57339,88913,38,1,1
20112,14031,12556,174,45264,43741,2140,45936,74763,69,1,1
20113,12988,12403,100,77320,75697,1894,77883,105260,68,1,2
20114,5394,1109,123,56819,56448,31327,57194,95119,8,1,1
20115,10274,8571,101,68601,67371,1834,69103,89875,50,1,1
20116,8828,6836,132,40015,39052,4129,40511,60399,40,1,1
20117,13310,14092,100,44519,42932,1866,45093,74453,73,1,1
20118,4287,220,106,36711,36499,1742,37038,43385,1,1,1
20119,6443,2874,95,55021,54431,29023,55402,93828,19,1,1
20120,13718,14778,105,72114,70420,1779,72711,103077,77,1,1
20121,30420,20210,195,44689,42596,1854,45480,98062,100,1,1
20122,12021,11359,104,38803,37415,1797,39347,64616,62,1,1
20123,21910,19977,131,76279,74169,1917,77009,120907,99,1,1
20124,11577,9586,107,70100,68818,1780,70619,93654,54,1,1
20125,17269,15767,135,44815,43128,1781,45469,80382,79,1,1
20126,10010,7723,96,38503,37493,1791,38960,58570,44,1,1
20127,19102,18989,131,74648,72645,1917,75350,115457,95,1,1
20128,10506,7924,104,69106,68029,1727,69587,89835,45,1,1
20129,27855,16070,160,42206,40457,1781,42896,88699,82,1,1
20130,11393,9734,99,31673,30469,1774,32182,55176,54,1,1
20131,4332,210,100,24613,24412,1954,24909,31488,1,1,1
20132,26717,29124,125,77589,74789,1844,78453,136234,139,1,1
20133,12281,11693,102,72696,71291,2305,73248,99616,63,1,1
20134,14502,13099,149,40425,38911,1829,41070,70593,71,1,1
20135,10447,8752,104,30962,29814,1897,31465,52654,50,1,1
20136,6932,3445,96,91093,90292,1887,91487,103883,24,1,2
20137,12882,11383,104,71870,70466,1848,72420,98625,63,1,1
20138,12971,9335,107,52751,51580,1888,53321,77610,52,1,1
20139,9814,6286,113,30597,29692,1582,31066,48840,37,1,1
20140,4109,218,97,25366,25155,1626,25741,31787,1,1,1
20141,22312,23768,104,76243,73802,2212,76991,125417,117,1,1
20142,7952,5732,97,49927,49030,2817,50370,66963,35,1,1
20143,21527,12199,127,61219,59826,1813,61806,97438,64,1,1
20144,9492,6501,167,29615,28670,1800,30158,48050,39,1,1
20145,7624,4729,104,30527,29746,1807,30959,45212,30,1,1
20146,4324,213,112,25427,25224,1775,25761,32162,1,1,1
20147,22051,22902,106,95574,93183,1806,96305,143172,111,1,1
20148,9776,8593,111,72757,71567,1813,73274,93550,50,1,1
20149,9176,4820,215,32401,31585,1919,32953,48965,31,1,1
20150,4211,220,95,24487,24283,1832,24786,31140,1,1,1
20151,4700,366,98,40929,40543,1807,41241,48198,3,1,2
20152,20762,21668,107,79236,76961,1821,79954,124300,105,1,1
20153,9738,8388,101,73730,72534,1738,74240,94196,51,1,1
20154,8864,3660,168,30645,29978,1785,31137,45537,24,1,1
20155,4280,222,96,22030,21828,1772,22324,28684,1,1,1
20156,4311,226,110,24983,24771,1825,25301,31753,1,1,1
20157,8661,3781,97,68072,67195,1856,68471,82863,25,1,2
20158,11132,12074,98,56353,54929,2083,56898,82270,65,1,1
20159,5170,295,88,105995,105672,1720,106297,113567,2,1,2
20160,4137,217,139,25665,25456,1830,26014,32291,1,1,1
20161,4928,220,107,18651,18456,1932,18962,26133,1,1,1
20162,4668,211,94,21446,21250,1812,21736,28508,1,1,1
20163,5018,2751,90,46211,45641,4918,46585,59363,19,1,1
20164,6250,588,91,54769,54472,1818,55090,63831,5,1,1
20165,12017,10962,112,57960,56587,1788,58501,83358,61,1,1
20166,16663,7592,143,62750,61623,9968,63297,97617,45,1,1
20167,4356,211,139,23406,23196,1828,23756,30246,1,1,1
20168,24969,24235,118,66222,63782,1789,66991,118076,119,1,1
20169,15686,15296,96,76940,74674,2266,77594,110962,81,1,1
20170,4961,223,115,57226,57005,1784,57568,64628,1,1,1
20171,2096,374,101,54552,54283,954,54888,58396,3,1,1
20172,40867,42999,189,14991,10928,6393,16111,106452,198,1,1
20173,17402,14580,98,59521,57917,1824,60106,93995,77,1,1
20174,8873,7508,97,56794,55722,1915,57272,75654,45,1,1
20175,41695,32950,140,75456,72420,12319,76374,163471,152,1,1
20176,12268,6443,103,70626,69679,10094,71126,100024,39,1,1
20177,19458,17345,117,58437,56540,1821,59099,97814,89,1,1
20178,10865,10275,96,58607,57309,1793,59127,82152,58,1,1
20179,9281,4577,96,60430,59708,18189,60849,92987,28,1,1
20180,16501,10747,102,61209,59899,10745,61752,99837,59,1,1
20181,22188,23300,149,65994,63640,1614,66773,114010,112,1,1
20182,9855,9446,103,57231,55995,1547,57750,78690,54,1,1
20183,6344,2323,100,58235,57728,29111,58608,96479,16,1,1
20184,12622,9135,111,62376,61252,15912,62920,100686,50,1,1
20185,42285,18989,214,80741,78729,19089,81518,161978,91,1,1
20186,4340,210,96,22406,22203,15324,22709,42672,1,1,1
20187,20361,9607,105,50473,49269,11037,50997,92104,52,1,1
20188,18738,8100,95,44308,43288,1807,44775,73507,44,1,1
20189,41506,35660,123,76017,72749,8549,76951,162764,161,1,1
20190,14797,9074,167,59846,58668,12260,60418,96643,51,1,1
20191,23315,22282,113,63589,61307,1978,64325,111998,108,1,1
20192,11580,11483,99,55577,54167,1921,56121,81194,63,1,1
20193,3546,2009,128,57785,57281,31926,58182,95760,14,1,1
20194,13914,4237,157,58425,57690,14409,58916,91572,26,1,1
20195,21543,22319,129,62358,59948,1834,63131,108920,113,1,1
20196,14510,14685,108,59659,58004,1873,60272,91432,79,1,1
20197,9496,2016,124,57391,56908,30471,57790,99871,14,1,1
20198,14542,10054,157,60650,59365,13025,61318,99035,55,1,1
20199,18281,17755,130,59646,57667,1795,60334,98262,90,1,1
20200,15840,15943,105,59539,57742,1903,60162,93935,83,1,1
20201,42301,27801,133,71880,69143,24576,72718,167551,129,1,1
20202,14915,5399,159,59116,58250,10913,59633,90955,32,1,1
20203,18671,17273,114,57324,55410,2116,57997,96152,87,1,1
20204,10795,8494,99,52995,51828,1858,53488,74719,49,1,1
20205,5587,663,106,57003,56677,29620,57347,93314,5,1,1
20206,15144,5536,171,59849,58891,11774,60369,92916,34,1,1
20207,21193,23775,131,60238,57810,1943,61020,108029,117,1,1
20208,14964,14670,101,42135,40456,1907,42733,74363,77,1,1
20209,4377,222,106,37163,36943,1748,37488,43926,1,1,1
20210,42510,25320,105,70449,67965,37126,71217,176265,117,1,1
20211,13047,6646,145,60224,59289,13548,60733,94068,36,1,1
20212,21579,22081,131,45999,43831,1863,46744,92362,106,1,1
20213,12547,11714,104,40064,38666,1813,40620,66779,65,1,1
20214,4346,216,93,35914,35709,2016,36206,42864,1,1,1
20215,41509,30162,106,117090,114112,26965,117961,216692,137,1,2
20216,12768,6048,111,57571,56726,12936,58026,89869,34,1,1
20217,21679,22335,120,45144,42822,1956,45884,91952,110,1,1
20218,15765,14515,103,42049,40407,1791,42648,74804,77,1,1
20219,30338,21058,150,79916,77627,1932,80683,134106,105,1,1
20220,12641,12023,168,72767,71227,1758,73411,99928,66,1,1
20221,18486,17588,113,45050,43132,1953,45729,83854,92,1,1
20222,13684,12908,93,41512,39980,1817,42068,70563,70,1,1
20223,9685,6001,129,46703,45813,4887,47177,67845,37,1,1
20224,14740,11854,99,76034,74610,2033,76626,105348,66,1,1
20225,16133,15541,111,74866,73061,1975,75507,109249,84,1,1
20226,18530,18322,109,46195,44261,1783,46877,85607,92,1,1
20227,10860,9994,100,40271,39049,1798,40791,63534,56,1,1
20228,28621,30447,130,81414,78493,1738,82292,143192,145,1,1
20229,9113,7516,159,69805,68747,1740,70342,88803,44,1,1
20230,13887,12460,112,40427,38950,1756,41016,69215,67,1,1
20231,11850,8546,144,30765,29661,2046,31294,53822,49,1,1
20232,3936,209,95,25452,25249,2145,25762,32136,1,1,1
20233,20921,21791,130,76550,74316,1690,77297,121794,109,1,1
20234,16067,17060,244,72562,70716,1490,73351,108061,88,1,1
20235,16081,13264,109,40694,39190,1712,41292,72443,70,1,1
20236,11185,9129,95,30223,29057,2160,30717,53275,51,1,1
20237,23545,25449,114,78914,76372,1695,79698,130484,121,1,1
20238,13223,12301,167,74831,73308,1800,75474,102893,67,1,1
20239,13326,11012,176,36703,35376,1764,37343,63540,60,1,1
20240,8756,4770,101,28481,27710,1718,28896,44225,29,1,1
20241,4450,216,125,25413,25203,1778,25762,32301,1,1,1
20242,7169,4131,94,45189,44464,4681,45604,61672,26,1,1
20243,15941,12831,145,61995,60585,1732,62625,103545,65,1,1
20244,11523,10795,97,73766,72447,1726,74315,98455,60,1,1
20245,11764,7982,128,30848,29810,1718,31357,52919,45,1,1
20246,7759,3755,100,30273,29622,1820,30673,44092,24,1,1
20247,4149,212,110,25269,25060,1780,25603,31834,1,1,1
20248,23022,21901,103,96724,94467,1786,97442,144256,107,1,1
20249,12819,11956,168,75402,73878,1799,76044,102711,66,1,1
20250,8561,3716,114,31772,31100,1704,32191,46270,24,1,1
20251,4455,497,93,22512,22225,1753,22825,29623,4,1,1
20252,4359,392,95,41407,41023,1792,41714,48342,3,1,2
20253,24711,27264,120,81587,78915,1784,82417,136270,131,1,1
20254,12590,11203,168,57370,55999,2112,57999,83999,63,1,1
20255,6085,1258,94,55188,54795,2313,55541,65281,10,1,1
20256,9067,3918,113,30481,29807,1762,30910,45750,25,1,1
20257,4197,331,90,24199,23929,1744,24500,30864,3,1,1
20258,27442,25838,125,82927,80454,1799,83717,138888,121,1,1
20259,10450,9367,155,57024,55792,2310,57602,79819,54,1,1
20260,13197,2460,110,56377,55857,1743,56790,74281,16,1,1
20261,15332,1610,112,23863,23431,1771,24245,43052,12,1,1
20262,4126,214,137,18732,18513,1779,19076,25283,1,1,1
20263,10254,621,93,22519,22232,2161,22842,35973,5,1,1
20264,16315,16964,102,58524,56603,3476,59156,95999,87,1,1
20265,10209,9957,218,57158,55938,4667,57817,82742,55,1,1
20266,5220,322,126,54591,54338,1763,54924,62316,3,1,1
20267,40760,41013,118,76621,72977,3853,77624,163354,184,1,1
20268,4419,210,112,23162,22948,1796,23487,30005,1,1,1
20269,25445,27830,116,67085,64418,1752,67906,123026,134,1,1
20270,13017,13580,176,60941,59378,1938,61617,90261,74,1,1
20271,6046,346,136,54978,54716,2440,55338,64283,3,1,1
20272,12588,13089,108,68391,66848,4587,68975,99375,70,1,1
20273,20628,20170,146,64131,62105,1777,64854,107521,99,1,1
20274,11089,10566,169,59030,57695,1832,59648,83227,59,1,1
20275,42189,33228,134,74867,71869,11948,75767,163223,150,1,1
20276,14989,9764,106,60519,59300,18276,61042,104166,54,1,1
20277,19398,17956,121,75920,73899,2121,76639,116207,91,1,1
20278,9955,8397,111,59934,58837,1767,60440,80655,48,1,1
20279,41743,34881,111,76364,73115,9973,77269,163960,160,1,1
20280,13983,11523,104,61233,59827,11108,61808,98515,62,1,1
20281,19238,19191,151,63126,61056,1864,63860,104245,95,1,1
20282,10590,8941,101,60251,59007,1800,60754,82179,51,1,1
20283,10878,3668,137,58476,57846,26911,58937,100492,22,1,1
20284,14243,7810,101,61456,60441,16089,61923,100157,43,1,1
20285,29214,19737,153,65908,63751,1778,66652,117475,99,1,1
20286,12788,11943,100,59874,58369,2047,60438,87310,67,1,1
20287,42206,31047,137,71667,68807,20182,72547,166074,143,1,1
20288,11044,7077,139,59557,58545,14148,60068,92429,42,1,1
20289,23367,28036,144,66550,63839,1831,67405,120737,133,1,1
20290,14279,13753,99,57982,56396,1802,58576,88499,74,1,1
20291,6064,2844,136,58309,57732,32808,58734,100542,19,1,1
20292,14557,7400,112,60859,59839,15339,61377,98764,43,1,1
20293,16857,16013,171,61654,59849,1864,62349,97180,81,1,1
20294,11615,10658,101,57193,55880,1792,57717,81873,59,1,1
20295,41745,34969,143,74652,71394,12812,75588,165209,159,1,1
20296,15363,8299,99,59931,58792,8141,60422,92314,48,1,1
20297,19422,21381,160,63327,61113,1782,64089,106771,105,1,1
20298,13731,13379,103,56295,54697,1776,56866,85845,72,1,1
20299,8717,3086,112,57131,56559,34909,57538,104343,20,1,1
20300,14370,5418,102,57941,57128,13551,58386,91817,33,1,1
20301,21908,25396,150,64304,61778,1797,65112,114310,121,1,1
20302,13780,14084,97,56996,55435,1793,57564,87313,73,1,1
20303,7740,2092,136,57635,57134,36701,58060,104684,15,1,1
20304,16078,8483,98,58215,57164,13999,58703,97349,45,1,1
20305,19825,21123,145,59891,57750,1828,60638,103513,102,1,1
20306,16445,16326,104,42284,40509,1800,42931,77594,85,1,1
20307,4312,219,133,37171,36959,2359,37524,44501,1,1,1
20308,41928,28725,111,78154,75375,25958,78971,175684,136,1,1
20309,12334,6302,103,69235,68375,13332,69739,101799,35,1,1
20310,19039,20480,123,48522,46412,1732,49235,90579,100,1,1
20311,12977,12021,99,40967,39554,2590,41508,69188,64,1,1
20312,3899,216,96,36275,36067,2116,36584,42896,1,1,1
20313,41647,27975,136,70351,67724,26343,71175,167233,131,1,1
20314,10196,6780,101,68730,67762,1765,69194,88027,41,1,1
20315,7822,7065,145,42313,41325,4556,42839,62377,42,1,1
20316,11946,10558,104,40713,39449,1736,41247,65577,58,1,1
20317,21241,20838,142,78531,76345,1810,79283,123266,105,1,1
20318,14001,14767,100,72875,71220,1730,73492,104081,78,1,1
20319,14033,12341,157,46936,45485,2378,47566,76416,66,1,1
20320,9692,7720,102,37659,36630,1735,38147,57383,45,1,1
20321,23036,21572,138,77736,75541,1794,78484,124977,106,1,1
20322,10065,9024,100,67648,66463,1684,68158,89023,52,1,1
20323,15849,13605,147,44157,42637,2079,44794,76425,71,1,1
20324,9489,7092,96,37091,36126,2126,37551,56349,40,1,1
20325,24298,25287,140,77538,74986,1425,78353,129456,123,1,1
20326,5860,3992,115,44347,43642,3172,44780,57898,27,1,1
20327,9768,18819,151,62053,60973,2613,62607,93900,46,1,1
20328,15942,12052,121,39155,37773,1757,39796,69638,63,1,1
20329,11620,10105,98,31634,30368,1743,32166,55718,57,1,1
20330,4196,217,135,25709,25497,1738,26065,32305,1,1,1
20331,19705,20225,121,74951,72843,2263,75662,117945,101,1,1
20332,12497,10649,98,78767,77455,1706,79346,104291,58,1,1
20333,9481,944,135,48478,48135,24526,48869,83914,7,1,1
20334,21280,4941,100,22657,21915,13930,23077,63324,29,1,1
20335,13907,4111,91,52781,51944,1717,53179,73006,25,1,2
20336,22734,23185,136,76812,74543,1730,77576,125316,111,1,1
20337,12257,10928,97,83164,81823,1728,83756,108762,60,1,1
20338,13608,10509,111,32413,31139,1722,32954,58886,57,1,1
20339,8617,3439,99,27162,26539,1720,27539,41407,22,1,1
20340,4145,207,135,24581,24367,1796,24923,31161,1,1,1
20341,17185,17094,98,71031,69189,3256,71663,109288,87,1,1
20342,6643,5642,102,52757,51923,1034,53201,66610,34,1,1
20343,21611,17128,145,63119,61280,1734,63814,104378,88,1,1
20344,8691,5484,127,29924,29101,1715,30392,46378,33,1,1
20345,7457,3673,101,30017,29358,1722,30406,43343,24,1,1
20346,4158,211,113,24982,24777,1740,25439,31637,1,1,1
20347,6928,4516,95,50922,50173,4488,51325,67344,29,1,1
20348,14188,7351,100,69908,68887,1696,70387,93718,43,1,1
20349,29895,20786,211,76206,73954,1746,77027,129545,105,1,1
20350,8883,3527,106,31939,31307,1758,32351,46613,23,1,1
20351,4203,215,96,22907,22703,1786,23202,29489,1,1,1
20352,4306,212,95,23849,23642,2154,24153,30909,1,1,1
20353,4418,226,95,17321,17116,1772,17624,24123,1,1,1
20354,24920,27199,109,81481,78701,1740,82274,136227,130,1,1
20355,11003,9397,216,75623,74368,1733,76263,98487,55,1,1
20356,4125,214,134,22315,22101,1745,22657,28831,1,1,1
20357,4519,211,91,17440,17239,1686,17731,24228,1,1,1
20358,4323,217,90,21197,21008,1743,21480,27844,1,1,1
20359,22661,22033,140,61508,59336,1751,62261,108802,107,1,1
20360,10866,7756,96,105859,104696,3546,106330,128587,45,1,2
20361,12418,1492,184,57019,56613,2048,57479,73530,11,1,1
20362,4309,211,113,22468,22256,2231,22784,29625,1,1,1
20363,4583,213,133,18871,18660,1736,19206,25826,1,1,1
20364,5606,1117,90,72060,71593,1762,72396,80965,9,1,2
20365,9270,8651,95,58274,57143,1842,58763,78613,48,1,1
20366,4891,213,93,66502,66299,2943,66838,74973,1,1,1
20367,33812,40704,120,78913,75223,1696,79928,156233,186,1,1
20368,4297,216,136,23199,22982,1765,23541,29907,1,1,1
20369,20333,19593,119,61712,59740,1708,62412,104146,96,1,1
20370,11634,10340,123,57693,56411,1694,58255,82202,57,1,1
20371,41859,36554,181,77244,73998,12484,78239,169239,161,1,1
20372,10250,6990,103,59763,58809,10467,60236,88035,40,1,1
20373,19468,18799,142,64236,62267,1738,64940,105036,93,1,1
20374,12759,11824,107,59870,58457,1764,60432,86865,65,1,1
20375,41945,28812,170,73779,71058,11632,74647,157142,134,1,1
20376,13551,6978,104,59486,58525,10373,59958,90953,40,1,1
20377,16607,16688,146,58657,56845,1727,59326,94442,83,1,1
20378,8704,6923,98,59907,58899,1725,60376,77813,41,1,1
20379,41615,37142,167,76146,72807,8630,77136,164619,168,1,1
20380,11672,5047,103,58443,57681,11240,58867,86916,30,1,1
20381,20958,21403,141,62011,59812,1797,62754,107005,104,1,1
20382,9504,8397,104,68520,67368,1823,69071,88886,49,1,1
20383,41863,31240,144,73180,70312,17817,74052,165078,143,1,1
20384,11536,6498,102,58731,57854,16672,59180,93977,36,1,1
20385,21616,24084,139,71164,68758,1831,71951,119583,117,1,1
20386,24285,12757,175,59129,57594,1832,59801,98766,71,1,1
20387,9732,4146,133,59374,58671,31088,59826,104884,26,1,1
20388,13898,6928,99,59169,58210,15107,59642,95666,40,1,1
20389,19796,21181,146,62023,59798,1736,62777,105585,105,1,1
20390,22393,11874,172,58010,56517,1774,58647,94781,67,1,1
20391,7698,2753,129,56413,55888,26359,56840,93744,17,1,1
20392,14878,9333,96,59594,58438,15539,60095,99937,50,1,1
20393,15855,14760,142,59231,57529,1784,59874,92366,78,1,1
20394,11849,10866,97,66460,65096,2091,67030,91932,61,1,1
20395,9664,3469,132,58211,57594,34656,58647,106588,22,1,1
20396,13117,5454,102,57029,56201,14936,57468,91064,33,1,1
20397,18251,18458,141,58221,56298,1743,58902,97448,89,1,1
20398,13443,13296,109,65798,64237,1707,66420,94959,69,1,1
20399,7362,1313,129,57195,56813,33377,57648,99795,9,1,1
20400,14149,4646,101,56344,55602,12976,56756,88624,28,1,1
20401,18885,18140,143,63311,61395,1744,64001,102864,90,1,1
20402,8664,6250,105,53451,52545,2054,53920,70980,37,1,1
20403,2591,645,182,58539,58113,36116,58970,98418,5,1,1
20404,14183,4600,102,58984,58240,14583,59414,92873,28,1,1
20405,17275,17882,142,57340,55408,1758,58044,95051,89,1,1
20406,13600,13348,105,43245,41756,1790,43814,72637,70,1,1
20407,4398,212,213,37493,37235,1696,37936,44336,1,1,1
20408,8911,3638,98,60751,60085,15353,61142,89135,22,1,1
20409,17541,13114,106,61655,60125,7928,62230,100904,68,1,1
20410,7823,1868,135,24870,24403,30724,25273,65783,13,1,1
20411,20318,2821,96,21533,20975,24119,21897,69239,18,1,1
20412,27048,11977,97,31713,30323,10522,32251,81890,62,1,1
20413,14157,3636,92,30467,29851,16197,30844,64918,23,1,1
20414,21674,10336,102,49993,48792,9981,50579,92661,55,1,1
20415,4997,213,131,36827,36621,1786,37179,44267,1,1,1
20416,42226,28718,118,70004,67194,17064,70821,158924,134,1,1
20417,12179,8471,101,70338,69175,1755,70827,93325,49,1,1
20418,9226,8692,114,40605,39437,3584,41130,62724,50,1,1
20419,13216,11890,149,42095,40647,1788,42696,69682,65,1,1
20420,24337,23439,143,77775,75288,1720,78563,128152,116,1,1
20421,10551,8053,100,67876,66789,2353,68367,89415,47,1,1
20422,18261,19094,139,44383,42373,1551,45104,84108,97,1,1
20423,15073,14014,179,41554,39959,1718,42228,73122,74,1,1
20424,4830,2854,130,45471,44853,5841,45905,59525,20,1,1
20425,15837,12787,99,63648,62171,1728,64290,94734,68,1,1
20426,13257,12243,103,72151,70685,1721,72723,100036,68,1,1
20427,19161,18920,127,45054,43039,1689,45738,85603,95,1,1
20428,12283,9623,168,38108,36902,1728,38705,62430,53,1,1
20429,24948,23625,143,77544,75146,1718,78336,128721,116,1,1
20430,11399,10645,98,70342,69000,2468,70883,95487,61,1,1
20431,9469,8113,135,37433,36366,3172,37956,58803,45,1,1
20432,10828,7418,160,30856,29867,1707,31399,51444,43,1,1
20433,4326,214,134,25477,25263,1709,25817,32157,1,1,1
20434,18944,18221,117,76447,74487,1675,77123,116055,93,1,1
20435,12453,11844,103,69201,67717,1695,69761,95844,67,1,1
20436,13726,11567,123,32086,30700,1809,32679,59875,63,1,1
20437,8458,5548,196,29920,29086,1748,30507,46355,34,1,1
20438,4326,216,97,25046,24845,1735,25339,31697,1,1,1
20439,22393,23439,137,76091,73768,1734,76866,124527,114,1,1
20440,10548,8403,102,72184,71054,1702,72684,93428,49,1,1
20441,12370,10453,111,32686,31426,1697,33236,57850,57,1,1
20442,8145,4410,148,32093,31352,1712,32574,46926,28,1,1
20443,21823,20288,122,78121,76032,1689,78840,122736,100,1,1
20444,10090,9448,102,53735,52460,1763,54245,75636,54,1,1
20445,7079,3205,96,56079,55458,7243,56463,74080,21,1,1
20446,12524,9795,122,30740,29549,1732,31284,55428,53,1,1
20447,8050,3887,157,33821,33136,1743,34288,48061,26,1,1
20448,4321,220,135,25425,25217,1768,25766,32164,1,1,1
20449,11592,9983,98,52349,51087,4139,52861,78667,55,1,1
20450,14397,11370,90,106349,104854,9134,106888,141883,64,1,2
20451,8697,821,101,53706,53393,5170,54051,68829,6,1,1
20452,11461,5601,109,30806,29967,1766,31261,50183,33,1,1
20453,4480,834,188,23098,22742,2278,23524,31202,7,1,1
20454,4425,211,114,25260,25047,1710,25579,32061,1,1,1
20455,4648,215,95,17289,17105,1706,17573,24225,1,1,1
20456,26219,27065,108,60376,57784,1839,61175,116391,128,1,1
20457,15578,5900,99,57343,56522,6418,57776,85764,33,1,1
20458,10647,8422,102,51670,50590,1700,52167,73028,48,1,1
20459,11056,3323,94,54734,54106,2413,55129,72016,22,1,1
20460,4279,313,185,24013,23759,1726,24487,30905,2,1,1
20461,4458,377,98,40880,40528,1729,41197,47851,3,1,2
20462,20459,20717,132,59754,57597,1823,60487,103577,102,1,1
20463,11416,3016,96,78871,78186,2635,79250,96409,18,1,2
20464,12960,9411,108,50279,49070,3596,50804,76863,53,1,1
20465,13814,2328,114,57365,56872,1683,57770,75691,16,1,1
20466,4258,213,147,23136,22925,1746,23499,29805,1,1,1
20467,21812,23151,147,65033,62710,1786,65805,112647,111,1,1
20468,14311,14898,94,61198,59469,2239,61792,93335,79,1,1
20469,8296,211,137,54221,54012,1713,54565,64876,1,1,1
20470,40645,47029,140,88299,84055,4027,89453,181255,210,1,1
20471,4652,216,113,23162,22917,1785,23483,30226,1,1,1
20472,6390,4180,99,51579,50845,5388,51993,68045,27,1,1
20473,12240,12328,93,57918,56491,1756,58467,84883,66,1,1
20474,42002,29733,140,71530,68787,12930,72383,157143,136,1,1
20475,10305,16317,151,60196,59244,10683,60725,98114,39,1,1
20476,17862,15810,151,60037,58295,2484,60710,96959,81,1,1
20477,10315,9631,104,57431,56134,1894,57949,79880,56,1,1
20478,41859,31923,118,73714,70683,12903,74587,161369,149,1,1
20479,14394,9464,164,61289,60110,10071,61870,95892,53,1,1
20480,19523,16586,118,44871,43022,2293,45516,84012,85,1,1
20481,17726,14308,109,47261,45663,1721,47863,81709,76,1,1
20482,10774,9197,97,54902,53668,1773,55413,77251,52,1,1
20483,41443,37961,137,88347,84879,7353,89367,176257,172,1,1
20484,13227,4513,109,58350,57585,14484,58771,91088,27,1,1
20485,21891,21895,116,64422,62053,1753,65155,110786,107,1,1
20486,11131,10089,111,56795,55517,1836,57319,80460,56,1,1
20487,10205,4120,129,60298,59587,32275,60749,107443,27,1,1
20488,13191,7046,134,60675,59713,14756,61176,96261,41,1,1
20489,21427,20547,117,65327,63039,1748,66043,109857,102,1,1
20490,11021,8438,100,57587,56399,1726,58096,79372,51,1,1
20491,8389,2812,113,57946,57402,44061,58350,113707,18,1,1
20492,13758,6318,143,58093,57187,15806,58588,94562,37,1,1
20493,4448,625,107,46817,46499,35614,47159,87938,5,1,1
20494,19400,2523,105,23320,22792,29702,23689,75407,17,1,1
20495,32079,17862,101,54477,52641,17550,55099,122685,86,1,1
20496,10598,1460,96,32131,31701,15878,32470,60505,11,1,1
20497,28716,12230,104,41794,40445,9103,42346,92494,62,1,1
20498,22753,10960,100,76263,74979,3225,76838,113870,57,1,1
20499,42557,31811,116,73621,70727,19975,74482,168917,142,1,1
20500,14523,7762,104,59441,58331,12398,59934,94710,44,1,1
20501,16587,16502,143,61871,59793,2084,62579,97871,85,1,1
20502,11927,12342,102,69282,67827,1716,69890,95966,66,1,1
20503,6583,1450,136,59683,59249,27776,60085,95985,11,1,1
20504,13298,8075,102,58802,57734,13864,59288,94618,45,1,1
20505,18429,15132,125,57843,56137,1781,58476,93912,78,1,1
20506,9455,7061,100,52205,51201,1754,52677,71031,43,1,1
20507,8168,2124,177,59332,58860,27965,59782,98136,14,1,1
20508,11489,3249,100,56261,55655,10876,56647,82352,21,1,1
20509,17690,16610,122,56885,55097,1796,57546,93736,84,1,1
20510,10815,8151,99,40542,39465,1803,41029,61885,47,1,1
20511,4547,144,149,37060,36817,1736,37411,43921,1,1,1
20512,41946,32412,117,72649,69639,20254,73518,168231,149,1,1
20513,12693,5385,101,57737,56924,10176,58163,86510,32,1,1
20514,16251,15635,135,56721,54968,1761,57376,91116,81,1,1
20515,15713,16513,99,53178,51427,1824,53845,87989,83,1,1
20516,9507,2766,119,96586,95869,3151,96991,112507,18,1,2
20517,13683,10610,104,61873,60611,3070,62385,89840,56,1,1
20518,20892,23773,122,45433,43083,1494,46184,92436,114,1,1
20519,14134,14158,174,41773,40149,1709,42438,72530,73,1,1
20520,4466,211,136,47705,47489,1794,48088,54650,1,1,1
20521,42038,30650,121,106440,103483,18368,107291,198440,139,1,2
20522,11634,5857,100,57647,56801,10744,58090,86417,34,1,1
20523,19182,19110,119,42754,40680,2303,43466,84155,96,1,1
20524,15384,14604,99,40469,38821,1814,41061,72948,77,1,1
20525,20241,18842,214,77047,75049,1735,77830,118753,94,1,1
20526,13899,14275,100,72885,71223,1767,73485,103515,77,1,1
20527,13688,12198,120,40430,38967,2317,41023,69321,65,1,1
20528,12043,10738,102,44604,43267,1814,45143,69823,59,1,1
20529,21082,21664,172,76942,74761,1954,77723,122520,106,1,1
20530,7358,5310,101,45725,44860,2920,46158,61832,34,1,1
20531,18086,12079,100,62646,61257,3354,63203,96811,63,1,1
20532,16044,16550,129,44573,42764,1749,45224,79660,84,1,1
20533,11640,10816,104,48747,47438,1732,49326,73607,59,1,1
20534,23683,22729,128,78125,75840,1716,78885,127114,112,1,1
20535,11623,11237,102,70364,68964,2316,70911,96180,63,1,1
20536,14160,11562,112,42525,41149,1738,43093,70638,63,1,1
20537,11578,7925,96,30349,29304,1796,30814,52198,44,1,1
20538,4129,209,164,25990,25775,1732,26370,32543,1,1,1
20539,5600,3597,87,43240,42619,5969,43730,58983,23,1,1
20540,13024,8834,102,60862,59671,1730,61368,85047,51,1,1
20541,17879,18889,100,71109,69120,2457,71787,111104,97,1,1
20542,11046,7843,144,31439,30399,2209,32027,53217,44,1,1
20543,8106,5201,103,27837,27028,2456,28259,44106,32,1,1
20544,4835,212,184,24601,24400,1751,24989,31867,1,1,1
20545,24767,22616,114,76893,74638,1903,77633,127016,110,1,1
20546,12041,11773,97,73603,72190,2454,74154,100512,64,1,1
20547,9874,7850,110,30359,29321,2256,30842,50920,44,1,1
20548,7611,5064,97,30473,29722,1724,30892,45378,30,1,1
20549,4254,212,96,26452,26245,1721,26810,33087,1,1,1
20550,21871,21120,138,79029,76878,1726,79766,124573,104,1,1
20551,10794,8610,100,52499,51366,2222,52994,74709,50,1,1
20552,10517,5034,95,55733,54982,6425,56150,78218,30,1,1
20553,10297,5994,113,29512,28626,1738,29981,48104,36,1,1
20554,7411,4151,95,40328,39603,2140,40768,54561,27,1,1
20555,4254,211,113,25460,25247,2317,25776,32649,1,1,1
20556,15867,13910,102,55022,53441,2194,55605,87670,73,1,1
20557,18936,9375,101,96437,95254,4681,96929,130013,47,1,2
20558,9842,8503,100,70518,69391,1753,71021,91213,49,1,1
20559,9256,3989,117,31916,31228,1740,32363,47446,25,1,1
20560,4226,207,146,22592,22381,1744,22955,29221,1,1,1
20561,4219,213,117,25159,24951,1722,25479,31725,1,1,1
20562,4315,217,90,17262,17065,1719,17558,23891,1,1,1
20563,5548,2778,86,47231,46684,5796,47603,61815,19,1,1
20564,18008,7748,100,103899,102711,1764,104383,131995,42,1,2
20565,9355,1752,103,53379,52963,2148,53742,67083,12,1,1
20566,4318,209,110,22548,22333,2205,22870,29693,1,1,1
20567,4409,213,116,18518,18305,1722,18833,25267,1,1,1
20568,4191,199,147,22021,21830,1742,22368,28594,1,1,1
20569,23564,20636,125,80516,78298,1721,81235,127248,102,1,1
20570,12557,11961,181,58907,57426,2207,59542,86422,65,1,1
20571,7027,365,130,54749,54489,1707,55110,64302,3,1,1
20572,2182,218,98,21589,21380,2391,21889,26762,1,1,1
20573,34316,26547,167,65500,62955,1734,66350,129043,126,1,1
20574,10169,9831,95,63187,61937,2235,63700,86026,56,1,1
20575,9609,330,114,56302,56055,1769,56639,68441,2,1,1
20576,40137,44973,120,78199,74177,1706,79257,166164,202,1,1
20577,12769,2332,176,27593,27090,1782,28047,45026,16,1,1
20578,17871,16073,106,61564,59774,4545,62185,100765,85,1,1
20579,5883,2960,88,38252,37675,11185,38623,58750,20,1,1
20580,21727,16789,102,65229,63437,6157,65843,110608,84,1,1
20581,41295,31153,131,81453,78495,10715,82335,165599,145,1,1
20582,14076,19432,189,62409,61223,10272,63020,106890,50,1,1
20583,16443,14900,140,60675,58929,1786,61331,94591,79,1,1
20584,10535,9191,102,54552,53339,2206,55065,77088,55,1,1
20585,41764,34529,127,73972,70909,11292,74882,162560,155,1,1
20586,14333,10450,165,59874,58637,13303,60460,98640,56,1,1
20587,27713,30014,134,68773,65913,1753,69631,129245,141,1,1
20588,11326,10527,97,59639,58300,1834,60167,83945,59,1,1
20589,5689,1663,136,57413,56965,13092,57816,78352,12,1,1
20590,14867,10240,164,60669,59407,12119,61276,98593,57,1,1
20591,21597,21668,119,63698,61514,1754,64449,109563,107,1,1
20592,11859,10636,98,58691,57380,1777,59226,83589,59,1,1
20593,9491,4835,115,58494,57778,20046,58928,93393,28,1,1
20594,12424,5443,157,58010,57180,15988,58507,92454,33,1,1
20595,16254,17156,146,60439,58606,1705,61122,96330,86,1,1
20596,12855,11930,108,56795,55401,1733,57454,84060,64,1,1
20597,6536,2544,118,59366,58836,23442,59775,92389,17,1,1
20598,13598,3164,160,57491,56887,15048,57958,89860,20,1,1
20599,22362,23416,124,63565,61094,1817,64331,112018,114,1,1
20600,10998,10279,103,56495,55135,1815,57026,80208,58,1,1
20601,6372,2722,132,56415,55840,30089,56840,96114,19,1,1
20602,24379,8981,157,60250,59116,14160,60811,108424,49,1,1
20603,20000,21204,117,59918,57764,1782,60631,103709,102,1,1
20604,15726,15977,96,58522,56686,1732,59139,92657,84,1,1
20605,10224,3189,132,57264,56710,29744,57683,100931,19,1,1
20606,24136,9273,179,60297,59111,13493,60890,107884,51,1,1
20607,22225,21040,143,60485,58255,1810,61230,106396,104,1,1
20608,14199,15180,104,57585,55872,1796,58187,89453,79,1,1
20609,5514,1640,133,56584,56155,21415,56988,85650,12,1,1
20610,11069,12471,146,56599,55995,11333,57039,92004,18,1,1
20611,16193,16559,140,58697,56723,1740,59387,93972,86,1,1
20612,14431,13619,108,44571,42923,1744,45166,75045,73,1,1
20613,3816,214,93,36487,36265,2162,36787,43061,1,1,1
20614,47600,22142,151,69804,67533,21814,70587,162241,109,1,1
20615,12003,6280,161,58896,57964,12290,59419,90086,37,1,1
20616,16263,16888,122,58363,56420,1510,59037,93790,87,1,1
20617,15056,14734,152,47635,45888,1798,48298,79987,78,1,1
20618,10858,4733,114,62670,61863,9820,63126,88636,28,1,1
20619,11526,11635,105,79019,77617,1795,79601,104654,62,1,1
20620,21594,24876,143,47806,45383,1803,48602,96970,117,1,1
20621,12159,10488,104,40380,39098,1827,40913,65481,58,1,1
20622,4640,214,113,37511,37299,2633,37831,45414,1,1,1
20623,2510,1036,93,92247,91716,34089,92581,130300,8,1,2
20624,10144,6288,144,59499,58548,16957,60021,93504,38,1,1
20625,14967,13502,120,42960,41413,1758,43565,73887,71,1,1
20626,13188,10984,103,38935,37551,1720,39467,65445,61,1,1
20627,19611,18023,118,76798,74854,1729,77487,116943,94,1,1
20628,13053,11907,101,80886,79393,1732,81502,108288,66,1,1
20629,18244,16673,146,43079,41286,1728,43768,80508,85,1,1
20630,10231,9979,99,39163,37969,1771,39679,61746,54,1,1
20631,30029,28298,141,79109,76323,1713,79967,140102,136,1,1
20632,8409,6692,106,58559,57576,3391,59083,77727,40,1,1
20633,10897,9809,111,61066,59831,1869,61583,84253,53,1,1
20634,18343,17893,118,45643,43742,1729,46303,84362,90,1,1
20635,9432,8202,96,39584,38322,2013,40107,59850,47,1,1
20636,5933,4975,139,48273,47497,5090,48768,64868,30,1,1
20637,12646,9271,98,60972,59747,1716,61478,85203,53,1,1
20638,15907,15144,147,73696,71870,1711,74367,107224,81,1,1
20639,13305,10007,139,39887,38619,1742,40447,65598,56,1,1
20640,11177,9022,98,30086,28917,1836,30590,52715,51,1,1
20641,4159,223,136,25553,25342,1724,25892,32093,1,1,1
20642,18171,20324,97,74244,72123,3400,74931,116917,100,1,1
20643,12221,12644,204,71644,70152,3325,72337,100621,68,1,1
20644,16014,12403,145,33158,31749,1762,33779,64054,65,1,1
20645,9545,6663,102,31028,30061,1787,31481,49570,40,1,1
20646,4365,215,114,25505,25297,1755,25825,32253,1,1,1
20647,22436,23407,112,76387,74113,1739,77134,124812,112,1,1
20648,23219,12108,156,74366,72897,1766,74995,112180,67,1,1
20649,12072,3135,124,49592,49008,17751,50020,83079,20,1,1
20650,23757,4555,96,23501,22778,8174,23907,60486,28,1,1
20651,14173,4547,95,24103,23376,6047,24514,49366,29,1,1
20652,19233,5082,93,20853,20084,1536,21263,47198,31,1,1
20653,3978,215,90,23095,22901,1491,23380,29148,1,1,1
20654,30398,37293,152,85354,82356,1424,86257,155470,143,1,1
20655,13655,11950,153,53694,52242,1747,54315,81760,65,1,1
20656,5509,2693,89,55501,54924,5875,55864,70030,19,1,1
20657,8825,4585,125,32674,31904,1784,33127,48416,29,1,1
20658,7515,3392,94,29990,29348,1750,30371,43121,23,1,1
20659,23158,23707,109,79551,77204,1728,80290,128977,115,1,1
20660,10741,9313,168,74346,73149,1837,74938,96923,54,1,1
20661,8941,3877,126,30694,30027,1731,31125,45773,24,1,1
20662,4357,487,89,22839,22547,1705,23141,29782,4,1,1
20663,4146,216,129,25126,24917,1729,25455,31639,1,1,1
20664,4373,211,94,17011,16806,1714,17380,23760,1,1,1
20665,9669,8981,93,51573,50432,4402,52068,75205,51,1,1
20666,14024,6186,94,117149,116112,1732,117631,139671,36,1,2
20667,6423,904,106,53342,53009,1726,53698,62836,7,1,1
20668,4591,218,106,22764,22518,1757,23081,29740,1,1,1
20669,4101,208,110,18577,18369,2229,18887,25516,1,1,1
20670,4199,204,94,21289,21099,1705,21574,27773,1,1,1
20671,25342,25464,110,61195,58770,1706,61965,114571,120,1,1
20672,12870,2592,92,98031,97402,2853,98445,116863,16,1,2
20673,12151,10455,110,66086,64816,1706,66622,91025,57,1,1
20674,9039,221,126,55242,55035,1719,55592,66665,1,1,1
20675,4326,218,96,22304,22103,1713,22594,28939,1,1,1
20676,22581,22949,113,71951,69671,1734,72691,120057,110,1,1
20677,11809,10560,102,72185,70864,1757,72772,96995,59,1,1
20678,5549,215,114,55544,55336,1734,55869,63458,1,1,1
20679,40475,45636,111,78718,74563,2470,79797,168475,205,1,1
20680,18718,17782,110,63736,61862,1748,64403,102745,89,1,1
20681,19416,8981,152,57529,56402,1756,58092,88341,51,1,1
20682,41900,32453,125,73881,70957,11240,74765,160495,146,1,1
20683,14550,7774,108,59493,58424,9477,59979,92078,44,1,1
20684,16597,13344,108,59878,58350,1748,60465,92246,71,1,1
20685,11206,9732,162,56015,54799,1703,56604,79340,55,1,1
20686,41701,34613,125,74934,71733,9628,75861,161898,158,1,1
20687,12979,7413,102,59686,58677,11607,60156,92248,41,1,1
20688,24393,27035,112,66241,63675,1759,67033,120316,128,1,1
20689,13126,12734,162,66084,64517,1755,66725,94432,70,1,1
20690,41519,40530,104,78669,75028,7947,79651,169738,183,1,1
20691,18133,13163,105,63038,61533,11566,63624,106577,70,1,1
20692,23656,24435,115,74915,72468,1858,75730,125776,118,1,1
20693,11544,11615,120,60660,59246,1732,61233,86212,63,1,1
20694,41976,31403,126,73935,71047,17451,74803,165732,145,1,1
20695,15478,9480,103,59158,57985,16098,59670,100821,51,1,1
20696,22037,23631,141,61666,59329,1762,62448,109973,115,1,1
20697,14608,15375,99,62393,60693,1746,63004,94818,81,1,1
20698,10399,3293,127,59399,58801,26506,59818,100117,21,1,1
20699,13272,7744,106,58488,57460,13257,58978,93346,44,1,1
20700,20757,17362,151,62063,60118,1746,62760,102724,88,1,1
20701,10856,9463,103,55795,54574,1761,56297,78469,54,1,1
20702,41593,29454,114,71389,68686,22399,72226,165767,135,1,1
20703,16525,10199,100,59931,58693,15065,60460,102341,55,1,1
20704,18561,17888,151,60263,58320,1777,60980,99304,91,1,1
20705,11501,10511,105,54211,52951,1726,54741,78569,57,1,1
20706,41667,29539,126,69477,66722,19279,70325,160912,136,1,1
20707,14633,8002,113,61414,60368,10420,61911,95057,45,1,1
20708,18920,18680,178,60632,58681,1522,61377,100632,94,1,1
20709,10862,9667,105,54600,53363,1921,55205,77745,54,1,1
20710,6898,1185,127,57413,57027,32179,57800,98155,9,1,1
20711,16331,5559,106,60829,59980,12150,61270,95609,34,1,1
20712,22778,22896,153,62171,59855,1809,62965,110546,113,1,1
20713,12759,12590,101,42996,41548,2192,43569,71200,68,1,1
20714,4425,212,107,42238,42026,1732,42563,49024,1,1,1
20715,42353,27181,106,67792,65167,25864,68583,164075,127,1,1
20716,17130,8965,98,70665,69472,11258,71220,108666,51,1,1
20717,18163,20126,119,47932,45734,1833,48654,88870,101,1,1
20718,15440,15796,104,43276,41503,1758,43897,76986,82,1,1
20719,4701,209,96,35965,35744,1811,36256,43058,1,1,1
20720,41820,31015,131,104267,101195,25984,105147,204063,143,1,2
20721,23042,4521,153,58290,57569,13030,58766,99636,27,1,1
20722,21103,22319,113,45901,43629,1724,46645,91931,109,1,1
20723,11943,12084,91,43844,42350,1782,44396,70291,65,1,1
20724,4548,209,127,36830,36622,2477,37156,44481,1,1,1
20725,12701,2395,98,55542,55014,33109,55908,104204,16,1,1
20726,13468,13812,102,86754,84969,1849,87380,116603,73,1,1
20727,10421,2175,112,26276,25769,34414,26667,73772,16,1,1
20728,20466,3543,98,18629,18024,28079,19012,71185,22,1,1
20729,34954,18163,97,42486,40657,18723,43121,115045,88,1,1
20730,9526,1202,96,23476,23115,16868,23810,51491,9,1,1
20731,19764,9280,105,24270,23124,12388,24774,66290,50,1,1
20732,27804,16120,95,31408,29754,2981,31986,78981,77,1,1
20733,28213,26480,103,78299,75532,1744,79099,135630,128,1,1
20734,15713,12868,226,73082,71379,1839,73791,104305,71,1,1
20735,19193,19332,135,43781,41826,1805,44486,84912,94,1,1
20736,12721,11340,103,38811,37423,2470,39357,65973,60,1,1
20737,29096,28686,126,79751,76970,1713,80586,140178,136,1,1
20738,9125,6258,150,67566,66641,2019,68079,85576,38,1,1
20739,13640,11558,107,44968,43569,1767,45525,72582,62,1,1
20740,9263,7041,107,30724,29730,2254,31187,49830,41,1,1
20741,4361,215,99,23717,23495,1715,24013,30382,1,1,1
20742,22698,23650,96,75363,72973,1769,76102,124310,118,1,1
20743,9927,8544,161,48777,47624,3481,49343,71386,50,1,1
20744,15103,10709,97,61547,60246,2345,62073,90322,59,1,1
20745,14335,11703,112,39732,38333,1735,40299,68165,63,1,1
20746,10266,7305,94,38417,37377,1735,38889,58293,43,1,1
20747,7283,3019,117,92031,91262,1716,92461,104577,21,1,2
20748,14161,14083,169,71237,69598,2261,71906,102504,74,1,1
20749,11758,10687,118,31955,30659,1756,32507,56807,58,1,1
20750,9942,6965,102,28909,27916,1779,29374,48144,41,1,1
20751,4281,212,118,24903,24661,1705,25227,31516,1,1,1
20752,20426,21546,121,74950,72775,1709,75679,119454,107,1,1
20753,10892,8458,140,53179,52066,2312,53721,75478,47,1,1
20754,11064,8949,95,58908,57767,1735,59400,81239,51,1,1
20755,10810,6690,142,29895,28947,1736,30409,49743,39,1,1
20756,7434,5631,92,31188,30344,1702,31613,46468,34,1,1
20757,4388,216,117,24933,24724,1697,25262,31652,1,1,1
20758,21590,23145,118,80795,78507,1727,81545,128101,113,1,1
20759,9885,9066,190,52717,51531,1714,53323,74083,53,1,1
20760,12251,4742,92,57944,57201,7533,58365,82983,30,1,1
20761,9918,4796,113,32214,31433,1724,32654,49183,30,1,1
20762,4318,341,91,22760,22502,1874,23062,29680,3,1,1
20763,4356,218,95,23724,23519,1711,24014,30384,1,1,1
20764,4518,212,92,18486,18301,1704,18770,25286,1,1,1
20765,25314,27323,117,83281,80712,1782,84084,138596,128,1,1
20766,10474,8753,150,74322,73186,1709,74877,95905,49,1,1
20767,8572,5043,130,31343,30560,1924,31813,47486,31,1,1
20768,4565,752,98,26381,26055,1784,26709,33894,6,1,1
20769,4660,193,139,26477,26251,1712,26829,33489,1,1,1
20770,4617,219,92,17300,17097,1821,17582,24322,1,1,1
20771,22737,25715,95,60876,58321,2426,61636,112605,123,1,1
20772,6429,209,136,55729,55527,1722,56071,64513,1,1,1
20773,11207,11852,108,58731,57266,1690,59292,84127,64,1,1
20774,11563,2074,101,55835,55385,1780,56221,71736,14,1,1
20775,4372,214,103,23438,23222,1717,23748,30142,1,1,1
20776,4422,212,106,19541,19347,1716,19851,26298,1,1,1
20777,4492,295,89,22771,22541,1684,23068,29633,2,1,1
20778,3612,1306,98,45064,44691,6796,45415,57214,10,1,1
20779,5363,211,182,54946,54743,1686,55338,62681,1,1,1
20780,12189,12372,107,58084,56619,1745,58662,85062,67,1,1
20781,37148,42288,112,76941,73180,1743,77960,159233,191,1,1
20782,4421,209,103,23041,22828,1852,23347,29992,1,1,1
20783,21047,21056,108,75519,73403,1723,76264,120187,104,1,1
20784,15409,15597,112,64595,62805,1752,65223,98072,81,1,1
20785,4643,211,108,56631,56424,1703,56960,63607,1,1,1
20786,40621,45380,109,78017,74077,2142,79066,167306,200,1,1
20787,17552,27416,139,62095,60258,1773,62778,109615,88,1,1
20788,11751,10813,103,62488,61105,1739,63028,87422,61,1,1
20789,41863,32006,115,73490,70519,12572,74362,160893,149,1,1
20790,25227,22290,129,68605,66362,7294,69359,124266,109,1,1
20791,19362,17989,139,64053,62081,1756,64750,103962,93,1,1
20792,10048,8037,96,47695,46633,2336,48177,68684,47,1,1
20793,4565,210,93,34073,33871,1729,34362,40947,1,1,1
20794,41561,33921,127,73696,70597,11709,74600,161885,154,1,1
20795,13412,8833,99,58575,57505,12508,59074,93919,47,1,1
20796,25118,26819,179,67863,65249,1786,68729,122552,127,1,1
20797,9112,8248,98,58070,56973,1731,58577,77761,48,1,1
20798,8405,2697,128,57433,56887,31368,57853,100420,18,1,1
20799,12823,7583,100,59764,58766,15695,60346,96537,42,1,1
20800,22657,24402,170,66871,64467,1733,67687,116573,116,1,1
20801,12847,11125,93,55730,54382,1738,56274,82074,62,1,1
20802,9223,3026,122,59390,58804,19802,59815,91961,20,1,1
20803,13490,7876,102,59132,58068,13229,59617,94304,44,1,1
20804,20362,20736,171,63113,61003,1818,63864,106883,102,1,1
20805,12951,13557,105,57238,55684,1696,57828,86123,73,1,1
20806,10454,3766,128,60021,59370,32027,60462,106803,24,1,1
20807,13661,8111,104,61478,60397,14465,61990,98315,46,1,1
20808,22663,23865,144,64599,62148,1787,65373,113787,114,1,1
20809,10015,8124,103,57341,56211,1441,57820,77491,48,1,1
20810,2631,1186,127,57596,57190,32607,57975,94491,9,1,1
20811,14627,9073,99,59768,58628,14177,60269,98238,49,1,1
20812,3663,539,163,50035,49721,35824,50433,90554,4,1,1
20813,20205,1513,103,27176,26771,29712,27543,79072,11,1,1
20814,27109,11974,98,63227,61769,21434,63776,124383,62,1,1
20815,11053,3268,97,29188,28608,16769,29560,60750,21,1,1
20816,30636,16006,104,49867,48158,9631,50478,106837,79,1,1
20817,42210,29203,130,103937,101114,20159,104761,196432,132,1,2
20818,11398,3887,171,56943,56261,12231,57426,85036,24,1,1
20819,19642,18976,117,59602,57611,2550,60277,101542,94,1,1
20820,11335,9901,110,54173,52915,1732,54692,77755,55,1,1
20821,3226,1516,128,56416,55993,33755,56799,95391,11,1,1
20822,15431,5826,157,57624,56738,13115,58130,92595,35,1,1
20823,19607,21165,115,58951,56764,2521,59668,103057,105,1,1
20824,14209,12475,104,41331,39560,1980,41896,70644,66,1,1
20825,4511,214,128,36561,36353,1770,36906,43493,1,1,1
20826,42058,26338,117,70579,68016,28381,71389,168262,124,1,1
20827,11820,1860,152,56737,56282,14561,57158,85493,13,1,1
20828,20809,22196,108,50058,47697,1771,50789,95664,109,1,1
20829,11975,9959,97,39470,38202,2056,39977,64052,55,1,1
20830,4577,291,93,37006,36761,1730,37314,43998,2,1,1
20831,41628,27521,121,69952,67323,26243,70777,166267,128,1,1
20832,10302,9235,158,46142,44932,1750,46699,68082,49,1,1
20833,17791,9426,95,58115,56976,15575,58623,101507,51,1,1
20834,19421,19299,135,44855,42915,1787,45554,86159,94,1,1
20835,11155,9017,98,38511,37366,2254,38995,61505,50,1,1
20836,23216,22930,131,78751,76437,1692,79513,127444,114,1,1
20837,12121,11229,167,71040,69674,1723,71659,96825,62,1,1
20838,18065,17115,132,43772,41968,1694,44440,81412,86,1,1
20839,13028,12574,103,39290,37878,2158,39849,67696,66,1,1
20840,27324,27558,127,78191,75530,1715,79011,135704,133,1,1
20841,10160,8816,166,69413,68247,3081,69993,92145,52,1,1
20842,20048,18978,137,42952,41000,1758,43651,84531,93,1,1
20843,10596,9540,102,37610,36418,2388,38123,60732,53,1,1
20844,25281,25280,139,79721,77249,1745,80529,132931,122,1,1
20845,7912,6555,152,68163,67214,1794,68686,85039,39,1,1
20846,14216,12560,109,43610,42144,1807,44189,72867,67,1,1
20847,10022,8415,100,32762,31676,2361,33252,54135,48,1,1
20848,4182,215,92,24398,24196,1783,24707,31212,1,1,1
20849,19535,20497,105,77814,75699,1836,78510,120472,103,1,1
20850,10759,10114,154,48990,47739,2500,49632,73099,56,1,1
20851,15038,10546,96,61520,60251,2273,62041,89991,57,1,1
20852,15073,10863,108,40109,38849,1705,40649,68387,57,1,1
20853,10040,7547,97,30085,29111,1825,30538,50074,42,1,1
20854,24282,26533,128,78102,75534,1851,78913,131676,128,1,1
20855,13592,13696,162,75758,74117,2642,76408,106431,74,1,1
20856,13869,11053,131,33034,31738,1698,33601,60315,59,1,1
20857,7636,3700,100,29575,28907,1790,29970,43182,24,1,1
20858,4324,257,107,25859,25648,1853,26187,32715,1,1,1
20859,7641,5948,96,46045,45150,5557,46478,65709,36,1,1
20860,8340,4624,95,69038,68323,1767,69490,84315,29,1,1
20861,14648,14183,112,75347,73652,1789,75957,106668,77,1,1
20862,8654,4907,127,29657,28893,1727,30115,45498,30,1,1
20863,7949,5024,101,30374,29606,2335,30782,46175,30,1,1
20864,4249,215,111,25046,24841,1746,25509,31810,1,1,1
20865,19267,17202,124,84636,82794,1783,85300,123649,88,1,1
20866,10988,10114,165,73347,71994,1848,73944,96988,57,1,1
20867,8930,2982,103,30177,29594,2222,30580,44807,19,1,1
20868,4554,208,90,24893,24688,1800,25180,31824,1,1,1
20869,4469,355,95,40823,40466,1756,41132,47797,3,1,2
20870,24593,26847,112,80228,77642,1738,81029,134298,127,1,1
20871,8562,6371,155,57098,56143,1731,57619,74377,39,1,1
20872,4213,216,120,54303,54101,1693,54631,60887,1,1,1
20873,9256,3945,104,30534,29821,1711,30957,45966,26,1,1
20874,4229,215,96,21867,21667,1798,22156,28478,1,1,1
20875,26807,29526,107,84491,81764,1717,85310,143456,136,1,1
20876,9736,7931,166,57725,56670,1722,58284,77769,46,1,1
20877,10172,1286,124,56408,56046,1778,56787,70156,9,1,1
20878,4328,219,107,22832,22619,1729,23139,29509,1,1,1
20879,4237,212,106,19272,19076,1680,19575,25796,1,1,1
20880,4672,212,93,22573,22386,1685,22943,29592,1,1,1
20881,9189,7367,98,55123,54142,5673,55584,77899,42,1,1
20882,11573,9495,98,67992,66668,1725,68556,91442,55,1,1
20883,8931,494,108,55055,54789,1688,55399,66600,4,1,1
20884,41328,42171,112,78986,75223,4809,80001,168404,190,1,1
20885,4573,210,106,24165,23952,1725,24471,31072,1,1,1
20886,31395,26158,140,65924,63416,1720,66746,126115,125,1,1
20887,11337,10096,189,61186,59822,1764,61806,85098,57,1,1
20888,5838,213,105,56380,56170,1681,56695,64520,1,1,1
20889,13002,10423,100,62705,61382,8201,63231,94950,59,1,1
20890,19543,17749,110,61872,59935,1718,62535,101639,92,1,1
20891,12067,9981,171,63959,62693,1749,64566,88459,57,1,1
20892,41804,31103,124,73439,70632,11615,74293,158911,141,1,1
20893,13882,9248,100,60821,59649,10389,61327,94937,52,1,1
20894,42037,23468,110,59274,57011,10956,60006,136562,109,1,1
20895,9385,4524,153,34537,33826,15126,35005,64137,27,1,1
20896,27937,15683,97,59766,58062,8856,60362,112924,80,1,1
20897,41569,33894,108,73134,70020,11511,74006,161075,153,1,1
20898,14103,9278,109,60854,59685,9729,61371,94570,51,1,1
20899,18468,18666,109,72614,70501,1792,73329,112350,94,1,1
20900,9988,8798,111,58830,57660,1719,59354,79953,51,1,1
20901,42240,31467,106,75090,72048,14806,75958,164567,146,1,1
20902,12803,7267,103,67446,66415,14792,67930,102898,42,1,1
20903,19182,20970,138,64005,61787,1676,64768,106691,106,1,1
20904,16223,15923,102,58485,56693,2072,59101,93407,85,1,1
20905,42262,30152,110,71147,68295,18914,71986,163410,141,1,1
20906,14964,7625,102,59928,58898,10309,60416,93405,44,1,1
20907,22403,23053,175,64042,61653,1784,64856,112222,115,1,1
20908,12411,11311,102,57659,56290,1766,58209,83788,63,1,1
20909,6959,2688,105,57053,56515,28721,57445,95904,18,1,1
20910,13781,7220,105,58352,57354,13270,58819,93182,41,1,1
20911,16855,14799,181,61613,59922,1775,62313,95844,78,1,1
20912,13226,13015,100,55807,54250,1756,56371,84462,70,1,1
20913,41761,28067,112,70662,68016,23209,71469,164602,130,1,1
20914,17262,11914,101,61824,60427,10311,62375,101953,62,1,1
20915,14835,14795,172,60635,58959,1799,61306,92836,76,1,1
20916,11671,10356,100,54526,53202,1726,55049,78893,57,1,1
20917,7740,1588,128,56907,56475,30034,57297,96756,11,1,1
20918,13024,5249,130,61115,60273,12411,61592,92369,32,1,1
20919,20453,20386,156,63855,61706,1711,64604,107253,101,1,1
20920,11187,10156,103,53144,51868,1820,53673,76928,57,1,1
20921,4964,1637,108,56995,56555,34528,57371,98594,12,1,1
20922,6365,1735,100,55217,54689,13249,55575,77015,13,1,1
20923,18795,21333,144,59850,57624,1724,60603,102552,106,1,1
20924,16364,17190,182,45183,43320,2204,45901,81751,89,1,1
20925,4156,209,108,37608,37404,1717,37926,44100,1,1,1
20926,42010,26221,106,70064,67534,28224,70831,167383,122,1,1
20927,17907,10014,103,59607,58418,12450,60125,100591,53,1,1
20928,22237,23540,151,46866,44553,1802,47644,95322,112,1,1
20929,13055,12231,97,41720,40249,1705,42280,69364,66,1,1
20930,4427,222,110,37615,37415,1730,37941,44412,1,1,1
20931,41957,22180,106,71873,69647,25021,72584,161837,108,1,1
20932,12112,8734,100,70263,69038,1739,70770,93447,50,1,1
20933,22468,24258,157,47864,45414,1821,48671,97316,117,1,1
20934,12759,11053,101,43856,42479,1774,44417,70095,63,1,1
20935,10851,9298,129,72433,71237,4464,72982,97692,52,1,1
20936,14225,13132,105,72957,71346,1965,73551,102969,71,1,1
20937,19790,19423,434,65319,63475,1862,66805,107998,84,1,1
20938,12025,11048,120,41145,39782,1824,41704,66694,60,1,1
20939,23886,22357,125,80004,77677,1692,80768,128799,111,1,1
20940,13296,12323,107,72081,70539,1715,72675,100102,69,1,1
20941,18337,17448,149,44262,42429,1790,44958,82625,88,1,1
20942,10618,8050,97,37288,36237,1688,37754,58201,46,1,1
20943,23249,24380,137,78290,75875,1700,79069,128497,117,1,1
20944,10070,7985,100,70919,69814,1675,71408,91230,47,1,1
20945,14615,13406,171,43406,41867,1734,44072,73922,71,1,1
20946,12508,10229,100,33920,32670,1743,34444,59017,57,1,1
20947,4361,215,107,26547,26331,1774,26869,33312,1,1,1
20948,21722,22439,105,77181,74911,1727,77914,123897,110,1,1
20949,9772,7937,100,77716,76655,4115,78258,100176,46,1,1
20950,14015,9601,142,33740,32560,1769,34310,59791,52,1,1
20951,8715,5694,97,28876,28014,1729,29312,45552,34,1,1
20952,5032,217,95,23796,23594,1764,24107,31201,1,1,1
20953,20493,20192,106,75005,72945,1765,75707,118254,100,1,1
20954,11663,10544,112,75322,73953,1708,75894,99902,60,1,1
20955,13487,10552,189,33385,32125,1725,34007,59869,57,1,1
20956,8107,5185,102,28184,27387,1696,28611,43683,32,1,1
20957,4280,361,140,25829,25562,1857,26191,32783,3,1,1
20958,18553,20598,102,71956,69868,2813,72656,114713,101,1,1
20959,12058,11621,102,55284,53882,2817,55842,82429,63,1,1
20960,10299,6049,144,57952,57113,1772,58442,76659,35,1,1
20961,10197,6561,128,29839,28901,1729,30340,48921,38,1,1
20962,7552,3494,95,31220,30573,1734,31611,44485,23,1,1
20963,4715,212,129,25909,25698,1729,26248,32999,1,1,1
20964,5706,2556,92,46886,46362,5814,47250,61411,18,1,1
20965,17405,9842,90,59751,58585,2598,60260,90196,53,1,1
20966,15001,12717,100,57422,56013,6602,58033,92447,65,1,1
20967,8110,4722,108,56899,56157,1751,57326,72001,29,1,1
20968,8768,1120,134,55519,55149,9165,55906,75055,8,1,1
20969,13159,3464,103,23934,23335,3289,24324,44331,22,1,1
20970,4345,278,88,40511,40166,2360,40816,47894,2,1,2
20971,25808,28340,103,81748,78966,1766,82563,138571,133,1,1
20972,8443,16994,153,74622,73531,1830,75152,102510,43,1,1
20973,4124,210,106,22783,22570,1700,23106,29274,1,1,1
20974,4268,208,95,17633,17438,2250,17924,24740,1,1,1
20975,4525,208,95,20906,20724,1786,21196,27804,1,1,1
20976,24833,24978,133,81297,78855,2120,82085,134115,120,1,1
20977,11301,9760,107,66562,65310,1732,67147,90037,54,1,1
20978,11847,1298,135,55979,55594,3008,56387,72640,10,1,1
20979,4245,212,105,23230,23012,1719,23534,29801,1,1,1
20980,4196,282,111,40229,39903,1884,40568,47024,2,1,2
20981,18295,21051,97,60615,58459,3575,61309,104324,104,1,1
20982,11685,8096,101,44711,43629,8078,45202,73161,46,1,1
20983,18457,14213,97,49348,47749,1704,49939,84407,76,1,1
20984,21983,3601,176,57739,57139,1775,58225,85684,21,1,1
20985,41488,40166,108,76820,73142,4625,77801,164188,183,1,1
20986,4712,211,104,23729,23516,1721,24053,30790,1,1,1
20987,24931,23962,120,64077,61758,1730,64843,115558,114,1,1
20988,11763,9800,94,68706,67491,1795,69251,92703,54,1,1
20989,41768,31619,104,75242,72342,12615,76094,162189,146,1,1
20990,12687,7453,100,59329,58334,10730,59796,90757,43,1,1
20991,18331,15700,140,60240,58540,1759,60895,96784,80,1,1
20992,10000,8800,95,64563,63422,1850,65101,85844,51,1,1
20993,41915,30566,121,74101,71220,14687,74955,162217,143,1,1
20994,16456,11217,106,61222,59878,10156,61762,99683,61,1,1
20995,27411,20099,147,65104,63009,1778,65852,115239,99,1,1
20996,7883,4702,164,53011,52190,2009,53517,68204,30,1,1
20997,41634,32896,114,74226,71169,9300,75112,159078,151,1,1
20998,11178,6458,101,59383,58487,11948,59842,89521,37,1,1
20999,21111,21905,118,62121,59826,1839,62860,107813,110,1,1
21000,10419,9780,160,57933,56645,1726,58524,80544,55,1,1
21001,6655,1467,105,57816,57385,24943,58203,91363,11,1,1
21002,13578,7270,98,60327,59318,15001,60796,96738,42,1,1
21003,21966,22350,135,62994,60664,1779,63747,109936,111,1,1
21004,12905,12660,170,62136,60621,1820,62790,90271,70,1,1
21005,9739,2053,106,57371,56897,18537,57758,88185,14,1,1
21006,14573,6712,105,58498,57551,11680,58973,92028,39,1,1
21007,18825,20250,139,61516,59410,1740,62241,103150,101,1,1
21008,11347,10748,148,57317,56002,1719,57911,81819,60,1,1
21009,8409,3642,108,56684,56071,26761,57103,96009,22,1,1
21010,10161,3457,103,58045,57419,16250,58450,88410,23,1,1
21011,20193,30696,137,62834,60640,1749,63604,116341,104,1,1
21012,14100,13914,167,59331,57716,1785,59993,89888,73,1,1
21013,9284,2770,106,59030,58476,28508,59435,100092,18,1,1
21014,14580,10320,103,61520,60246,11723,62051,98767,55,1,1
21015,21201,22286,118,62162,59821,1865,62901,108349,109,1,1
21016,14183,13320,170,56088,54581,1802,56742,86146,70,1,1
21017,41663,28961,120,71880,69072,23363,72702,166784,135,1,1
21018,14379,7155,138,59651,58687,11000,60147,92773,40,1,1
21019,18817,16570,113,57567,55704,1748,58218,95454,85,1,1
21020,10210,8068,164,53373,52301,1741,53932,74048,46,1,1
21021,4778,1650,105,57044,56580,34734,57417,98677,12,1,1
21022,13932,7290,103,58894,57936,13649,59368,94331,40,1,1
21023,18267,17610,109,57616,55721,1793,58273,96040,88,1,1
21024,15218,15882,147,42809,41038,1831,43492,76516,85,1,1
21025,4293,212,106,37818,37604,1808,38140,44547,1,1,1
21026,9505,2367,94,59177,58628,19770,59551,91284,17,1,1
21027,14766,9518,106,61023,59827,6598,61542,92517,53,1,1
21028,29037,23909,147,48134,45676,1846,48935,103826,115,1,1
21029,14568,14724,101,56261,54592,1734,56895,88017,77,1,1
21030,4279,208,114,37639,37427,1736,37953,44269,1,1,1
21031,41816,33494,106,71663,68547,11346,72537,159294,152,1,1
21032,16742,16196,102,74214,72334,1908,74849,109788,86,1,1
21033,17361,17834,114,43628,41742,1715,44291,81299,91,1,1
21034,14016,12946,153,41845,40368,1756,42474,71286,69,1,1
21035,23104,22622,106,75686,73402,1692,76422,123936,112,1,1
21036,12858,11248,104,72308,70926,1730,72863,98792,63,1,1
21037,18850,18427,110,42543,40631,1706,43214,82294,92,1,1
21038,14393,15131,154,43477,41840,1755,44151,75526,78,1,1
21039,22618,24238,109,78194,75799,1722,78953,127628,119,1,1
21040,9671,9505,100,70938,69685,2525,71458,93252,54,1,1
21041,6693,674,121,24053,23749,33222,24405,65089,5,1,1
21042,26921,3444,147,35600,35012,25461,36044,91955,21,1,1
21043,30102,9527,95,29050,27947,4774,29550,74045,50,1,1
21044,13536,3272,93,30121,29529,14008,30496,61402,21,1,1
21045,19057,10818,100,39012,37778,7009,39526,76504,56,1,1
21046,22737,26253,127,77582,75092,1798,78381,129266,125,1,1
21047,12574,12540,100,79095,77561,1778,79669,106663,69,1,1
21048,13357,12696,179,44566,43074,1853,45220,73222,67,1,1
21049,11071,9070,94,31733,30607,1743,32224,54199,50,1,1
21050,4398,213,107,25825,25625,1700,26135,32538,1,1,1
21051,21024,22721,128,75938,73699,1717,76686,122243,111,1,1
21052,13098,13222,103,72100,70539,1758,72690,100858,71,1,1
21053,12625,8990,188,31306,30146,1764,31897,55371,51,1,1
21054,8296,4917,94,29076,28288,1711,29491,44507,31,1,1
21055,4267,212,102,24071,23846,1703,24382,30646,1,1,1
21056,23997,26230,106,77824,75290,1809,78602,130733,126,1,1
21057,9924,9244,103,71519,70298,2079,72031,93367,53,1,1
21058,17833,14794,314,39456,37917,1825,40460,75034,65,1,1
21059,9804,6649,102,29048,28066,1680,29514,47733,40,1,1
21060,24708,21019,118,80944,78645,1819,81655,129300,104,1,1
21061,8777,7636,99,53422,52328,2477,53909,72894,45,1,1
21062,12126,7912,99,69378,68366,1740,69900,91773,43,1,1
21063,8569,6316,131,31353,30451,1700,31837,48520,37,1,1
21064,7834,4296,97,29977,29280,1726,30378,44327,27,1,1
21065,4461,215,113,25391,25178,1693,25706,32169,1,1,1
21066,16643,17865,98,58877,56920,3121,59525,97248,91,1,1
21067,17464,8676,96,102776,101538,1831,103270,131332,47,1,2
21068,9901,2549,108,66700,66160,1845,67141,81537,17,1,1
21069,9982,4631,109,31506,30744,2600,31942,49250,29,1,1
21070,4358,350,96,23635,23388,1736,23948,30484,3,1,1
21071,4292,217,115,24973,24763,1805,25295,31698,1,1,1
21072,4531,347,90,17876,17632,1786,18163,24912,3,1,1
21073,25423,27708,109,79094,76385,2216,79899,135343,132,1,1
21074,11526,11688,106,59271,57882,1738,59822,84867,63,1,1
21075,4176,293,146,78340,77992,1751,78708,85027,2,1,2
21076,1740,214,99,17531,17339,2524,17834,22391,1,1,1
21077,4159,210,91,21177,20983,1775,21475,27711,1,1,1
21078,22530,23643,125,83313,80911,1736,84073,132118,115,1,1
21079,9083,7800,105,51510,50444,1797,51999,70770,45,1,1
21080,7594,211,180,54502,54288,1729,54895,64529,1,1,1
21081,2031,214,98,22385,22191,2456,22695,27487,1,1,1
21082,10716,9433,128,57871,56642,3674,58424,82342,52,1,1
21083,10921,10088,93,63618,62296,1727,64151,86978,56,1,1
21084,6758,208,112,56281,56059,1695,56606,65358,1,1,1
21085,50117,48708,165,80349,76041,4426,81532,184880,219,1,1
21086,4196,207,130,23373,23153,1696,23705,29897,1,1,1
21087,6838,4982,92,53095,52319,4684,53511,70098,31,1,1
21088,11641,10877,97,60825,59496,1788,61364,85755,60,1,1
21089,40950,36060,124,77781,74531,19600,78717,175424,163,1,1
21090,10449,6322,138,58416,57531,10925,58910,86701,37,1,1
21091,17222,15442,112,60715,58940,1580,61360,95697,80,1,1
21092,11210,9691,162,61850,60499,1714,62430,85147,54,1,1
21093,41288,34629,113,87179,84017,11514,88125,175653,159,1,1
21094,14850,10484,115,62264,60963,9916,62811,98152,58,1,1
21095,18060,16236,120,62601,60829,1814,63266,99473,83,1,1
21096,8744,7759,95,55079,53993,1728,55558,73881,45,1,1
21097,9368,5334,114,60639,59840,21299,61085,97182,32,1,1
21098,7092,2748,136,56432,55901,14116,56854,80895,18,1,1
21099,20837,21174,119,61769,59555,1764,62489,106359,103,1,1
21100,12365,11186,98,59479,58020,1766,60018,85429,63,1,1
21101,10993,4252,113,59269,58577,23939,59703,98983,26,1,1
21102,12936,5033,147,57694,56918,15968,58174,92206,30,1,1
21103,22652,25772,118,62539,59997,1827,63323,113670,122,1,1
21104,12673,12391,104,58708,57227,1708,59287,86149,69,1,1
21105,8210,3221,138,60858,60264,32836,61309,105673,20,1,1
21106,10158,5914,155,58147,57277,15195,58662,90023,34,1,1
21107,17088,16254,146,59381,57598,1833,60057,95328,83,1,1
21108,9624,8471,96,55017,53877,1802,55517,75506,50,1,1
21109,9635,2778,156,60596,60021,32230,61055,105802,18,1,1
21110,13600,6699,200,59879,58950,14373,60450,95216,37,1,1
21111,22064,21269,121,59987,57790,1854,60711,105992,102,1,1
21112,12788,11645,100,59847,58372,1735,60406,86665,64,1,1
21113,6424,2124,112,56470,55982,33462,56849,98954,15,1,1
21114,11450,6309,159,57533,56611,16313,58054,92210,36,1,1
21115,19949,19096,111,60591,58504,1744,61277,102161,95,1,1
21116,11474,10556,102,56143,54819,1724,56669,80515,59,1,1
21117,10023,2264,107,57598,57126,32939,57984,103302,15,1,1
21118,42233,30994,200,70004,67061,7402,70948,151671,144,1,1
21119,9494,253,109,49299,49085,34566,49622,94031,1,1,1
21120,20392,4048,98,34838,34175,28386,35231,88348,24,1,1
21121,25289,13566,97,48697,47205,16584,49264,104796,69,1,1
21122,9911,2919,99,32772,32202,16857,33147,62931,19,1,1
21123,29960,10124,109,41250,40048,10325,41770,92277,54,1,1
21124,5342,308,91,36267,36022,1589,36569,43895,2,1,1
21125,42054,31177,171,73820,70797,14196,74748,162276,145,1,1
21126,17039,9401,99,60957,59749,7601,61464,95596,51,1,1
21127,19190,19648,112,58047,55936,2198,58749,99881,98,1,1
21128,15011,15364,106,42466,40720,1720,43086,75270,81,1,1
21129,4475,213,145,38387,38156,1783,38743,45311,1,1,1
21130,14347,6285,87,61544,60684,12541,61974,95236,35,1,1
21131,12767,8363,105,60306,59209,6785,60809,88814,47,1,1
21132,22364,24063,118,45780,43343,1775,46545,94844,116,1,1
21133,16267,15538,99,41763,40039,1689,42375,75961,82,1,1
21134,4686,216,109,36548,36344,11002,36857,52854,1,1,1
21135,41699,27067,190,105216,102512,18456,106098,193421,128,1,2
21136,11411,6103,105,57645,56786,11401,58100,87108,34,1,1
21137,16623,17898,134,43201,41353,1786,43880,80281,87,1,1
21138,14341,13735,104,40462,38884,1752,41047,70966,75,1,1
21139,9667,7149,171,47251,46261,5756,47790,70458,43,1,1
21140,19813,16416,96,64733,62978,2366,65352,104037,85,1,1
21141,8874,7189,100,45354,44381,6113,45820,68087,42,1,1
21142,15910,13630,100,61865,60345,1780,62456,93868,72,1,1
21143,18648,16461,118,44141,42343,1794,44802,81804,85,1,1
21144,11219,10870,100,49658,48320,2283,50240,74711,60,1,1
21145,26444,23565,117,78842,76499,1711,79593,131408,114,1,1
21146,14478,13964,154,72675,71007,2174,73332,104050,76,1,1
21147,16790,15226,117,41677,40045,1844,42291,76247,76,1,1
21148,12272,9852,103,49990,48703,2706,50558,75483,55,1,1
21149,25541,27673,237,87283,84577,1768,88507,143598,130,1,1
21150,16392,12074,168,71940,70418,1824,72583,102976,66,1,1
21151,14129,12895,126,43254,41751,1814,43854,72787,67,1,1
21152,9754,8021,166,32200,31093,2395,32756,53026,46,1,1
21153,4553,343,129,26047,25795,1788,26402,33182,3,1,1
21154,7740,5874,94,45669,44796,5488,46110,65305,36,1,1
21155,13632,8734,95,61145,59995,1794,61634,85884,49,1,1
21156,16827,17620,105,70333,68447,3218,70980,108738,91,1,1
21157,13387,10554,112,34844,33533,1730,35385,61152,57,1,1
21158,10107,6981,208,31207,30232,1834,31788,50803,41,1,1
21159,3830,218,96,23963,23740,2116,24267,30510,1,1,1
21160,25229,26119,114,77009,74390,2281,77794,131553,125,1,1
21161,13164,11485,103,73886,72499,1746,74437,100924,62,1,1
21162,10248,7123,118,30705,29742,1723,31216,50407,40,1,1
21163,7859,5406,152,31528,30710,1754,32018,47130,32,1,1
21164,4448,324,90,24541,24290,2210,24835,31903,3,1,1
21165,26112,24165,125,79347,76959,1734,80105,132217,115,1,1
21166,11478,9656,104,73937,72638,1772,74464,97461,55,1,1
21167,9654,5703,112,28465,27631,2116,28918,46485,34,1,1
21168,7505,3951,144,32657,31957,2362,33129,47040,26,1,1
21169,4607,213,136,25145,24939,1735,25492,32144,1,1,1
21170,17352,17428,95,78026,76095,1769,78664,115303,89,1,1
21171,9831,9149,104,54824,53611,1790,55339,76201,53,1,1
21172,3521,476,92,53255,53000,2991,53577,60651,4,1,1
21173,9034,4589,135,30777,30004,11162,31244,56127,29,1,1
21174,4755,300,178,23917,23679,1737,24316,31191,2,1,1
21175,4224,211,114,25238,25037,1789,25554,31870,1,1,1
21176,4207,209,93,17673,17476,2413,17961,24871,1,1,1
21177,4836,2486,92,47337,46818,5570,47706,60688,17,1,1
21178,11190,4372,95,56792,56081,2034,57206,74895,28,1,1
21179,14075,14724,108,76031,74395,1784,76628,107302,77,1,1
21180,3427,251,135,32288,32065,2446,32675,38896,1,1,1
21181,4191,214,113,19248,19054,1757,19565,25819,1,1,1
21182,4413,210,95,21314,21125,1750,21610,28077,1,1,1
21183,23217,24775,121,81212,78787,1814,81989,131891,118,1,1
21184,10688,8102,99,56730,55640,2164,57222,78270,48,1,1
21185,10411,924,104,63539,63204,1818,63902,77160,7,1,1
21186,13222,199,186,24017,23799,1788,24427,39728,1,1,1
21187,26778,28611,108,67736,65023,1930,68553,125968,135,1,1
21188,13697,13767,90,60267,58670,1906,60848,90303,73,1,1
21189,9453,376,128,54422,54159,1391,54777,66091,3,1,1
21190,26081,31252,108,76400,73420,1910,77257,136597,144,1,1
21191,4584,209,139,24083,23869,1738,24423,31050,1,1,1
21192,15313,15180,100,58359,56711,4633,58961,94179,79,1,1
21193,10052,9249,94,61151,59964,1774,61645,82810,53,1,1
21194,42166,30841,142,73589,70760,12240,74459,159802,142,1,1
21195,16367,11350,102,69823,68502,9356,70394,107563,60,1,1
21196,18669,16780,150,62659,60857,2252,63343,101140,85,1,1
21197,9465,8469,102,57021,55919,1727,57517,77268,49,1,1
21198,42293,30601,130,74056,71274,14835,74908,162734,140,1,1
21199,10452,4000,96,66954,66269,12539,67391,94476,25,1,1
21200,25102,29610,211,75324,72647,2362,76668,133864,124,1,1
21201,9764,8596,104,62881,61651,1731,63393,83572,50,1,1
21202,48687,38869,161,77709,74155,8697,78739,175098,177,1,1
21203,14090,8501,161,60293,59166,12673,60853,96212,46,1,1
21204,4286,376,112,25568,25289,36062,25899,66718,3,1,1
21205,20609,4983,96,28834,28097,29641,29257,84580,29,1,1
21206,26986,11643,96,62680,61324,22694,63209,124624,58,1,1
21207,9573,4347,95,33101,32401,15647,33511,63168,26,1,1
21208,22608,10164,95,56632,55485,11238,57132,101233,51,1,1
21209,14693,6018,95,57408,56521,1790,57891,80487,36,1,1
21210,41258,31909,116,75222,72235,19674,76078,169017,145,1,1
21211,13885,5699,99,56026,55199,15929,56468,92076,33,1,1
21212,22493,24903,118,63595,61149,2339,64374,114206,118,1,1
21213,11242,10204,106,55936,54620,1751,56477,79766,57,1,1
21214,10290,3614,170,60091,59486,24218,60568,98791,22,1,1
21215,14493,5619,97,58127,57297,14021,58554,92776,33,1,1
21216,23832,26152,123,61390,58832,2216,62195,114489,124,1,1
21217,10878,9837,115,55269,53977,1711,55812,78330,57,1,1
21218,41921,28261,183,73479,70755,21656,74383,166333,130,1,1
21219,13080,8675,102,58688,57572,12702,59195,93749,48,1,1
21220,20786,22821,122,61968,59642,2259,62711,108670,110,1,1
21221,16332,18294,114,70078,68127,1792,70794,107307,92,1,1
21222,8145,2967,110,60105,59557,24248,60512,95967,18,1,1
21223,12462,7083,100,58987,58060,13677,59458,92772,38,1,1
21224,17084,15483,123,57561,55782,2465,58205,93333,78,1,1
21225,10381,8244,101,53516,52393,1691,53998,74406,47,1,1
21226,2517,1508,166,58395,57977,34686,58826,97636,11,1,1
21227,13579,4918,108,58203,57403,13073,58627,90288,29,1,1
21228,15454,13004,118,56169,54624,2365,56759,87676,69,1,1
21229,13839,12192,100,40144,38721,1750,40701,68572,65,1,1
21230,1211,211,98,46765,46538,1077,47113,49711,1,1,1
21231,4102,223,103,585,398,7741,871,13019,1,1,1
21232,41306,43035,102,71515,67821,10410,72495,167340,187,1,1
21233,13847,10381,108,63374,62047,5081,63918,93321,58,1,1
21234,22878,24888,149,59654,57228,1785,60448,110095,117,1,1
21235,17701,17837,100,52548,50660,1780,53243,90659,90,1,1
21236,7584,2793,137,59510,58932,32036,59941,102452,19,1,1
21237,11634,10201,102,72429,71123,1881,72970,96778,57,1,1
21238,4920,3491,109,38999,38367,4333,39406,52247,22,1,1
21239,12726,12468,115,47623,46130,1802,48210,75302,67,1,1
21240,4482,222,113,46984,46738,1712,47358,53867,1,1,1
21241,42144,31168,136,71362,68516,27946,72239,173607,142,1,1
21242,9596,7430,100,68605,67527,1739,69070,87928,43,1,1
21243,17929,16744,122,46151,44364,1796,46823,83387,85,1,1
21244,9949,8646,102,37926,36803,1707,38428,58822,50,1,1
21245,21331,18820,228,79429,77459,1719,80231,122199,95,1,1
21246,12355,12210,95,70561,69035,1706,71122,97486,67,1,1
21247,18479,17674,119,43543,41730,1798,44198,82248,87,1,1
21248,11333,9965,96,39270,38049,1726,39789,62905,55,1,1
21249,21421,22907,178,79874,77602,1732,80686,126844,111,1,1
21250,11990,9877,101,69740,68501,2655,70261,94877,56,1,1
21251,16821,15559,119,42791,41112,1758,43424,77658,79,1,1
21252,11057,9232,96,37044,35848,1780,37549,59710,53,1,1
21253,9267,8048,215,48622,47549,4505,49234,71153,47,1,1
21254,10771,8090,95,60557,59497,1705,61031,81688,47,1,1
21255,13822,12427,105,70910,69438,1757,71482,99582,68,1,1
21256,14554,13177,123,48377,46877,1738,48975,78551,69,1,1
21257,11887,10413,102,31560,30290,1736,32092,56214,57,1,1
21258,4402,210,186,25313,25109,1704,25708,32107,1,1,1
21259,19825,21204,94,73290,71182,3303,73979,118402,104,1,1
21260,14387,14865,106,48104,46449,3834,48713,81894,79,1,1
21261,9801,7473,102,58815,57820,1750,59298,78414,43,1,1
21262,14666,12555,141,32268,30784,1768,32887,61971,67,1,1
21263,8866,4349,95,28846,28113,1769,29249,44325,28,1,1
21264,4397,214,140,24473,24271,1715,24822,31235,1,1,1
21265,24054,25291,143,77295,74872,1723,78095,129260,121,1,1
21266,7898,6403,99,51051,50143,3089,51500,68974,38,1,1
21267,12261,7637,94,57935,56911,1700,58414,80104,44,1,1
21268,8352,5841,117,29083,28213,1693,29550,45534,35,1,1
21269,7884,4720,95,40501,39729,1798,40968,55469,29,1,1
21270,4206,207,100,24231,24035,1754,24528,30777,1,1,1
21271,25618,23851,140,77138,74823,1705,77906,129213,113,1,1
21272,12903,10126,99,73634,72342,1745,74174,99038,58,1,1
21273,9497,5357,112,29404,28555,1742,29849,46536,33,1,1
21274,7825,5220,94,38964,38150,1863,39437,54442,33,1,1
21275,23176,23601,146,79921,77572,1692,80717,129282,114,1,1
21276,12370,11841,103,76736,75330,1701,77303,103307,65,1,1
21277,10247,4851,130,32539,31774,1416,33022,49631,30,1,1
21278,4624,892,97,24531,24207,2028,24865,32497,7,1,1
21279,4544,377,136,52746,52336,1826,53160,60025,3,1,2
21280,7135,4525,100,49367,48621,5521,49795,67072,29,1,1
21281,13188,5177,95,101816,100918,2243,102235,122936,30,1,2
21282,5290,214,99,52811,52606,3353,53115,62056,1,1,1
21283,13362,2126,134,46609,46137,1772,47020,64371,14,1,1
21284,4871,213,112,19532,19321,1732,19845,26754,1,1,1
21285,11680,1259,93,26151,25772,1723,26483,41244,9,1,1
21286,24110,25625,210,83514,80986,1722,84401,135954,123,1,1
21287,10338,8840,101,58854,57609,1753,59357,80381,51,1,1
21288,5843,209,130,55846,55654,1694,56181,64021,1,1,1
21289,4131,210,100,21525,21319,2092,21837,28363,1,1,1
21290,23778,21023,150,70811,68622,1765,71602,118261,105,1,1
21291,12623,10896,105,59493,58180,1742,60042,85398,60,1,1
21292,5444,212,136,54235,54034,1718,54577,62043,1,1,1
21293,41362,39609,124,76870,73343,3905,77847,162817,178,1,1
21294,29219,21053,189,64430,62269,1778,65231,117374,104,1,1
21295,9509,9119,101,54350,53232,1726,54856,75302,50,1,1
21296,42174,31832,128,74382,71512,12190,75245,161540,144,1,1
21297,13522,8757,110,62153,61037,10195,62671,95235,48,1,1
21298,19561,16650,178,60953,59148,1851,61664,99819,84,1,1
21299,9401,7964,100,56624,55533,1724,57108,76287,46,1,1
21300,41796,35428,150,74209,71120,10804,75133,163267,154,1,1
21301,13646,7348,99,59242,58223,11851,59711,92647,42,1,1
21302,22052,23237,172,64652,62294,1759,65454,112600,111,1,1
21303,9936,8978,103,57002,55814,1774,57503,78282,52,1,1
21304,10481,4694,111,60827,60113,17239,61267,93775,28,1,1
21305,13975,9409,108,58752,57623,10205,59267,92948,50,1,1
21306,19488,20099,144,62499,60419,1793,63229,104703,98,1,1
21307,10728,8995,101,58121,56883,1722,58621,80159,52,1,1
21308,6233,2224,134,57990,57512,25953,58407,92908,15,1,1
21309,14368,9770,105,60171,59009,15980,60698,100906,52,1,1
21310,22141,24292,156,62664,60236,1830,63463,111821,117,1,1
21311,12260,11393,96,54646,53294,1739,55195,80681,62,1,1
21312,4699,1210,112,56198,55826,31769,56559,94333,9,1,1
21313,12035,7341,104,58035,57055,13179,58513,91159,42,1,1
21314,22957,26210,175,65259,62702,1809,66110,117183,125,1,1
21315,15567,16669,105,60048,58156,2105,60671,95103,85,1,1
21316,3149,822,134,56556,56244,33605,56933,94607,6,1,1
21317,13528,9400,105,60312,59138,14504,60819,98344,51,1,1
21318,18268,18581,148,61344,59329,2233,62061,101240,93,1,1
21319,12924,12197,97,55123,53637,1757,55692,82662,68,1,1
21320,6928,1506,135,55937,55558,26940,56337,91799,11,1,1
21321,17479,9082,102,58851,57714,9701,59364,95719,49,1,1
21322,20621,21480,174,63168,60982,1798,63937,107931,104,1,1
21323,11902,11250,100,54971,53598,2025,55525,80795,62,1,1
21324,7484,2320,131,58828,58333,35198,59236,104336,16,1,1
21325,12531,4523,105,58006,57269,14176,58435,89957,28,1,1
21326,29135,18798,152,58794,56750,1850,59516,109394,93,1,1
21327,13188,12190,107,41550,40107,2546,42112,70135,66,1,1
21328,4213,215,128,36969,36761,1791,37303,43649,1,1,1
21329,41772,17814,119,67689,65837,26995,68355,155031,88,1,1
21330,13476,8327,108,59374,58299,12532,59882,94310,45,1,1
21331,16424,16791,169,47344,45317,1789,48058,83157,85,1,1
21332,15605,17210,105,80464,78459,1770,81100,115778,87,1,2
21333,6357,2554,129,57133,56582,32232,57553,98796,18,1,1
21334,9703,7393,102,70950,69862,1829,71413,90430,42,1,1
21335,9883,9723,180,41317,40096,4964,41925,66591,54,1,1
21336,12146,9462,97,39253,38051,1782,39770,63250,54,1,1
21337,4225,214,133,37301,37087,1870,37637,44035,1,1,1
21338,11830,5006,96,58258,57477,23427,58673,99029,30,1,1
21339,15744,16100,106,72703,70924,2353,73325,107613,84,1,1
21340,3415,1684,147,35544,35099,4824,35953,45961,13,1,1
21341,11337,10609,103,39511,38219,1776,40049,63858,59,1,1
21342,21671,20767,105,78200,75992,1705,78903,123135,105,1,1
21343,10034,8671,103,60295,59134,2491,60803,82089,51,1,1
21344,12397,9229,95,67108,65860,1699,67612,91027,52,1,1
21345,17432,16959,193,43505,41734,1760,44233,80476,84,1,1
21346,10992,8721,100,36529,35411,1726,37030,58562,49,1,1
21347,22464,20461,107,76884,74795,2375,77585,122975,102,1,1
21348,9968,6777,99,74779,73788,1729,75242,93816,41,1,1
21349,6466,3603,152,29994,29359,3095,30464,43726,23,1,1
21350,4197,216,92,24456,24239,1766,24744,31004,1,1,1
21351,11097,8965,97,31862,30719,2636,32358,55156,50,1,1
21352,4157,334,88,24180,23923,1837,24490,30904,3,1,1
21353,25640,26903,120,77624,74965,1758,78436,132831,128,1,1
21354,4862,2317,99,43486,42964,4346,43852,55463,17,1,1
21355,10310,7602,95,57771,56767,2216,58261,78480,44,1,1
21356,42317,15838,153,47623,45863,24891,48290,131441,78,1,1
21357,12319,3193,96,30011,29430,11160,30399,57162,20,1,1
21358,21740,7955,97,28641,27610,3592,29107,62487,44,1,1
21359,12521,7908,137,94086,92853,1760,94628,116950,46,1,2
21360,15200,15939,105,70521,68765,1700,71143,104073,82,1,1
21361,16542,11940,161,33766,32323,1748,34392,64720,63,1,1
21362,7971,6452,100,30723,29778,1769,31170,47455,39,1,1
21363,4184,208,132,26681,26474,1732,27025,33243,1,1,1
21364,23602,24555,113,75622,73228,1698,76391,126343,117,1,1
21365,11604,9988,99,73241,71962,2191,73761,97633,56,1,1
21366,11224,7388,146,31335,30332,1754,31851,52318,42,1,1
21367,7515,4520,95,30579,29847,1800,30979,44906,28,1,1
21368,4304,217,135,25054,24844,1705,25399,31717,1,1,1
21369,18377,18716,115,76721,74771,1704,77392,116285,93,1,1
21370,11669,9902,106,73792,72514,1731,74328,97723,56,1,1
21371,9058,3012,184,32821,32246,2540,33303,48008,20,1,1
21372,4161,211,95,21845,21644,1466,22136,28061,1,1,1
21373,4730,210,95,23718,23513,1583,24014,30617,1,1,1
21374,4577,338,94,17505,17260,1692,17801,24493,3,1,1
21375,22900,24635,113,80934,78494,1413,81712,130762,119,1,1
21376,11389,9294,96,55970,54712,2330,56472,79575,52,1,1
21377,6855,1689,92,66999,66549,1797,67416,77855,13,1,1
21378,8504,4187,133,30198,29494,1736,30655,45176,27,1,1
21379,4226,212,90,22453,22245,1715,22743,28984,1,1,1
21380,4347,223,134,24705,24495,1706,25037,31406,1,1,1
21381,4086,217,95,16688,16490,1697,16971,23052,1,1,1
21382,20099,23444,97,59235,56826,2022,59965,105621,115,1,1
21383,8768,2195,97,101325,100685,1744,101692,114492,15,1,2
21384,10249,628,146,55912,55613,1735,56297,69018,5,1,1
21385,4448,210,111,22550,22328,1714,22858,29326,1,1,1
21386,4267,311,134,19666,19424,2402,20017,27093,2,1,1
21387,4371,208,90,20999,20810,1718,21279,27658,1,1,1
21388,2597,764,95,44868,44525,910,45202,49558,7,1,1
21389,33275,36642,93,117108,113636,2814,118016,190838,167,1,2
21390,30490,34125,151,76431,73184,1728,77379,143822,159,1,1
21391,4293,298,111,23066,22808,1727,23401,29813,2,1,1
21392,29555,29394,118,66747,64002,1686,67575,128305,138,1,1
21393,9813,7124,99,55250,54252,1726,55707,74468,42,1,1
21394,12386,8702,114,48857,47725,1737,49386,72306,49,1,1
21395,5043,347,111,65508,65234,1773,65883,73182,3,1,1
21396,2680,569,113,54355,54024,10509,54702,68546,5,1,1
21397,15354,15243,120,58210,56520,1725,58825,91242,78,1,1
21398,11333,9428,95,58082,56868,1746,58599,81198,54,1,1
21399,41948,34772,133,87135,83869,11755,88097,176713,159,1,1
21400,14762,10629,112,61209,59874,10704,61747,97934,58,1,1
21401,20545,21991,119,64255,62034,1833,64981,109445,106,1,1
21402,11534,9563,103,58245,57051,1708,58756,81651,54,1,1
21403,51644,31909,227,73990,71127,13153,74954,171760,142,1,1
21404,16407,10326,104,58517,57321,11201,59031,97048,53,1,1
21405,19054,19123,123,62399,60446,1729,63089,103093,94,1,1
21406,10102,9365,102,58963,57722,1724,59478,80762,53,1,1
21407,41716,32158,190,74417,71428,21127,75362,170461,147,1,1
21408,9561,5812,101,59013,58137,16585,59449,91489,35,1,1
21409,20927,21542,122,67167,64957,1734,67895,112196,106,1,1
21410,14514,14194,141,61905,60230,1721,62535,93062,74,1,1
21411,42190,32061,222,75554,72542,16789,76538,167676,147,1,1
21412,13550,6534,101,58374,57473,15740,58828,94740,37,1,1
21413,18558,19508,123,60348,58327,1722,61043,100923,95,1,1
21414,13450,14131,102,56225,54614,1770,56818,86261,76,1,1
21415,41481,25630,210,72893,70403,21775,73760,162751,120,1,1
21416,7622,2786,101,55476,54945,16947,55854,83295,18,1,1
21417,23509,24966,146,61972,59517,1781,62773,113171,119,1,1
21418,12941,13028,105,67185,65575,1759,67807,95631,70,1,1
21419,42137,30659,144,71625,68703,16812,72506,162213,142,1,1
21420,13466,8314,102,58963,57872,10124,59447,91441,46,1,1
21421,15209,14218,141,55797,54137,1745,56428,87695,75,1,1
21422,14477,25799,167,58399,56642,1760,59083,101213,81,1,1
21423,42414,28601,137,70908,68160,26963,71795,169871,132,1,1
21424,14396,6326,99,57372,56447,13538,57825,92379,38,1,1
21425,20785,21467,140,63710,61508,1740,64467,108554,104,1,1
21426,10615,9233,169,55446,54261,1808,56036,77790,52,1,1
21427,42173,32568,147,73321,70327,25921,74223,174984,150,1,1
21428,13137,7570,101,58241,57233,12230,58729,91756,43,1,1
21429,19837,20129,125,58727,56665,1816,59441,101325,100,1,1
21430,14094,13829,210,46082,44468,1746,46792,76558,74,1,1
21431,4377,349,125,37495,37238,1804,37847,44477,3,1,1
21432,42228,22540,113,68965,66745,27625,69699,162189,109,1,1
21433,12192,4379,100,57573,56829,14144,57995,88802,28,1,1
21434,42856,15760,119,72737,70984,28260,73404,160427,78,1,1
21435,14003,5698,114,32105,31244,15317,32560,67674,34,1,1
21436,26940,15646,100,36262,34599,7784,36866,87327,78,1,1
21437,4765,296,92,36034,35800,1748,36334,43227,2,1,1
21438,42194,23086,117,68380,66084,21938,69130,156448,112,1,1
21439,10946,9078,104,69826,68610,1744,70344,92207,52,1,1
21440,19739,23805,158,47341,45050,1787,48127,93554,112,1,1
21441,14173,13358,107,40454,38917,1729,41026,70376,71,1,1
21442,21881,21874,140,76920,74715,1707,77668,123224,107,1,1
21443,18194,11493,104,73442,72021,1754,74022,105559,65,1,1
21444,17777,15021,191,44004,42333,1764,44718,79378,79,1,1
21445,14008,12570,113,43612,42118,1708,44195,72574,69,1,1
21446,24581,22420,148,78678,76363,1827,79465,128389,111,1,1
21447,13546,12777,114,71019,69506,1702,71607,99725,70,1,1
21448,17766,17500,150,42543,40663,1823,43246,80435,88,1,1
21449,11380,10484,101,39196,37951,1718,39726,63403,56,1,1
21450,23088,24199,150,78045,75706,1750,78835,127969,114,1,1
21451,10328,9623,101,70828,69573,1671,71367,93082,56,1,1
21452,15799,13141,147,40752,39260,1769,41377,72185,69,1,1
21453,12072,9689,100,30410,29166,1745,30923,54522,55,1,1
21454,3263,210,94,24429,24227,2198,24732,30487,1,1,1
21455,27648,32780,114,79192,76164,1704,80088,142315,153,1,1
21456,14505,14695,107,70262,68569,3526,70869,103685,76,1,1
21457,14236,12114,154,43663,42223,1728,44292,72466,64,1,1
21458,12543,9339,104,31773,30566,1804,32275,56053,52,1,1
21459,25067,27520,138,77622,74985,1727,78445,132856,130,1,1
21460,13837,14324,169,78014,76282,2309,78678,109244,77,1,1
21461,12913,8722,153,31914,30793,1714,32472,55921,49,1,1
21462,8724,5753,101,28935,28076,1382,29375,45326,36,1,1
21463,4229,216,131,25226,25017,2178,25572,32292,1,1,1
21464,7823,4452,96,45171,44414,5009,45582,62957,29,1,1
21465,8636,4627,91,59811,59081,1726,60222,75302,29,1,1
21466,10259,10133,101,72324,71055,1394,72847,94726,58,1,1
21467,10920,5966,210,30224,29317,1733,30786,49503,36,1,1
21468,7383,4805,95,32895,32111,1729,33301,47310,30,1,1
21469,4266,354,127,25527,25253,1714,25874,32304,3,1,1
21470,23768,25289,117,79995,77507,1709,80771,131633,122,1,1
21471,12827,13765,102,53925,52322,2104,54502,83291,73,1,1
21472,11896,8394,170,58166,57091,1725,58730,80844,46,1,1
21473,10593,4012,129,31349,30628,1757,31795,48253,27,1,1
21474,4318,204,91,21903,21696,1768,22203,28576,1,1,1
21475,4328,252,96,40202,39868,1724,40507,46896,2,1,2
21476,24607,28922,128,82109,79395,1753,82951,138327,134,1,1
21477,11533,10369,105,86083,84687,2337,86672,111009,59,1,1
21478,10015,3959,115,31695,30985,1806,32134,48009,25,1,1
21479,4576,352,91,23712,23443,1724,24005,30749,3,1,1
21480,22493,22703,137,81616,79327,1800,82367,129554,108,1,1
21481,8732,7634,115,55354,54246,2488,55870,74819,45,1,1
21482,6852,213,188,56040,55840,1719,56460,65340,1,1,1
21483,4092,265,110,23286,23027,1768,23614,29837,2,1,1
21484,4256,215,112,18545,18337,1695,18868,25127,1,1,1
21485,4416,207,93,20760,20575,2187,21044,27944,1,1,1
21486,13627,12993,100,55583,54122,4027,56131,86865,67,1,1
21487,11083,11713,94,56358,54956,4947,56896,84727,63,1,1
21488,8948,211,93,54786,54586,1719,55078,66043,1,1,1
21489,41733,42569,152,78875,75041,5442,79932,169989,191,1,1
21490,4181,213,113,25769,25546,1740,26092,32319,1,1,1
21491,27140,26857,120,66190,63581,1832,67000,122964,128,1,1
21492,15063,15250,98,61000,59262,1758,61596,93753,80,1,1
21493,9986,661,204,56078,55782,2244,56527,69517,5,1,1
21494,11628,9055,103,61330,60087,7998,61839,90611,52,1,1
21495,17477,16002,120,61490,59739,1741,62133,97449,83,1,1
21496,11791,10961,103,56515,55196,1998,57055,81895,61,1,1
21497,42652,32422,234,74814,71853,12939,75795,163906,148,1,1
21498,12935,8210,104,61413,60296,9536,61904,92676,46,1,1
21499,17923,18138,122,59146,57282,1818,59832,97807,90,1,1
21500,7190,5389,98,51787,50945,1810,52242,66731,34,1,1
21501,8465,6231,95,58682,57786,2237,59215,76244,37,1,1
21502,41416,35647,133,76143,72879,8608,77072,162846,161,1,1
21503,11257,5479,99,59552,58703,13293,59983,90104,33,1,1
21504,19824,18983,122,61957,60000,1756,62645,103303,93,1,1
21505,9777,8858,104,65187,63518,3654,65784,88182,52,1,1
21506,42491,29762,141,72881,70073,21079,73748,167187,137,1,1
21507,14470,8882,98,57642,56529,15818,58132,97394,47,1,1
21508,20221,20476,119,61904,59808,1763,62625,105185,101,1,1
21509,13971,13517,413,71640,70071,2289,72578,102456,72,1,1
21510,41915,32086,136,75853,72879,14035,76743,164874,146,1,1
21511,13530,7095,100,57029,56035,15480,57485,93683,41,1,1
21512,42538,10816,122,39834,38548,26296,40394,120138,57,1,1
21513,20579,6760,98,51875,50943,8303,52388,88127,38,1,1
21514,9535,2742,109,38613,38073,14047,39001,65416,18,1,1
21515,19501,11191,101,53246,51927,8267,53773,92818,59,1,1
21516,41550,35524,113,73134,69833,10854,74045,162069,160,1,1
21517,11932,8050,103,60678,59627,20354,61171,101599,45,1,1
21518,19537,18405,123,73539,71533,1790,74271,114100,92,1,1
21519,12437,12779,118,55821,54301,1831,56411,83546,68,1,1
21520,41921,26122,144,72087,69508,23653,72908,164701,123,1,1
21521,14898,8534,101,57594,56483,12770,58076,94368,47,1,1
21522,14246,12467,178,58879,57464,1777,59530,88120,64,1,1
21523,13273,11870,102,54305,52935,1733,54866,81836,64,1,1
21524,42381,25119,140,69035,66556,29129,69834,166560,119,1,1
21525,13792,7219,102,58026,57034,14725,58495,94325,41,1,1
21526,23871,24166,179,61517,59153,1801,62344,112280,117,1,1
21527,13720,14059,106,59165,57608,1864,59748,89481,73,1,1
21528,42337,26440,135,71511,68950,25012,72309,166196,124,1,1
21529,11158,6276,101,56746,55867,13413,57191,88124,36,1,1
21530,20074,21289,162,59377,57205,1825,60151,103437,105,1,1
21531,14251,14243,107,40811,39214,1745,41414,71745,75,1,1
21532,4785,350,130,37616,37360,1695,37965,44889,3,1,1
21533,41697,29301,114,78604,75822,28538,79423,179061,135,1,1
21534,13360,6688,105,72050,71114,13407,72561,106114,39,1,1
21535,19907,21404,135,46943,44720,1825,47681,90912,103,1,1
21536,10747,7922,98,39948,38868,1764,40437,60962,47,1,1
21537,3417,212,93,36298,36093,2726,36600,43037,1,1,1
21538,42230,27724,115,69146,66424,27822,69957,167828,130,1,1
21539,11502,9934,98,82832,81560,1786,83393,106713,55,1,1
21540,20090,20588,143,47024,44907,1794,47767,90334,102,1,1
21541,12547,11950,101,40658,39224,2236,41226,68050,67,1,1
21542,26809,26745,140,78760,76079,1752,79609,135012,131,1,1
21543,14775,13007,100,81529,79985,1809,82145,111833,72,1,1
21544,16121,13024,119,43059,41580,1828,43664,74730,69,1,1
21545,11506,10058,100,43178,41926,2270,43700,67618,57,1,1
21546,26309,25038,141,78479,76006,1719,79289,132448,122,1,1
21547,11326,20410,157,71615,70341,2519,72211,106557,57,1,1
21548,14770,12836,136,40653,39155,1846,41269,70814,68,1,1
21549,8661,7402,99,38032,37019,2257,38500,56912,43,1,1
21550,25067,24293,137,77183,74748,1718,77976,129149,121,1,1
21551,8896,6722,10258,72763,71644,1784,83478,100984,42,1,1
21552,15303,12855,118,40450,38914,1789,41043,71086,68,1,1
21553,11432,8833,95,32078,30878,2559,32561,55471,50,1,1
21554,4931,212,96,24248,24036,1360,24552,31141,1,1,1
21555,20841,23125,116,86625,84208,1892,87373,133334,115,1,1
21556,13585,11377,167,73328,71828,1775,73954,100791,62,1,1
21557,12112,9623,123,35512,34310,2432,36045,60307,52,1,1
21558,8841,5784,100,28080,27211,1718,28512,44948,35,1,1
21559,5061,219,91,24288,24080,1770,24574,31711,1,1,1
21560,21937,23772,137,77838,75441,1748,78623,126178,116,1,1
21561,8328,6525,100,64000,62956,3425,64511,82885,40,1,1
21562,16228,8983,109,59915,58797,1718,60418,87439,50,1,1
21563,12324,9797,141,31633,30373,1759,32206,56183,55,1,1
21564,9550,6301,102,28491,27577,1722,28935,46600,38,1,1
21565,4213,221,109,25047,24831,2166,25371,32066,1,1,1
21566,18461,19349,95,71492,69519,3123,72160,113184,97,1,1
21567,11431,10968,159,54992,53597,3092,55602,81190,62,1,1
21568,7773,4869,134,68487,67775,1742,69047,83540,26,1,1
21569,10711,6196,113,33010,32114,2383,33488,52873,36,1,1
21570,7957,3744,95,30074,29360,1722,30463,43979,25,1,1
21571,4058,214,134,24998,24780,2033,25340,31740,1,1,1
21572,5117,2475,94,46945,46393,6811,47315,61802,17,1,1
21573,14865,7584,108,60439,59400,2465,60937,85947,43,1,1
21574,18262,20760,180,76742,74489,1712,77520,118352,103,1,1
21575,9813,3389,109,30293,29665,1766,30690,45752,22,1,1
21576,4169,212,96,22043,21834,1737,22332,28539,1,1,1
21577,3225,212,95,23638,23443,3200,23936,30653,1,1,1
21578,4392,210,96,16782,16593,1706,17094,23482,1,1,1
21579,23357,22989,133,98356,95841,1790,99133,147372,113,1,1
21580,10010,8637,212,61046,59809,1770,61669,82186,49,1,1
21581,4250,258,111,54379,54169,2235,54713,61552,1,1,1
21582,4192,209,95,22407,22200,1709,22693,28892,1,1,1
21583,4210,216,96,16991,16787,1775,17281,23565,1,1,1
21584,4151,212,90,21194,21014,1778,21473,27696,1,1,1
21585,22790,20562,120,60779,58682,2374,61493,107316,100,1,1
21586,11502,10189,98,118025,116619,5373,118604,145770,57,1,2
21587,14263,2503,132,54834,54294,1803,55249,73918,17,1,1
21588,4303,217,141,24348,24121,1733,24712,31066,1,1,1
21589,4084,212,110,19037,18822,1715,19346,25453,1,1,1
21590,6728,3374,96,73940,73099,1749,74334,86277,23,1,2
21591,8646,7898,104,56964,55863,1814,57458,75902,45,1,1
21592,6580,339,142,54250,53988,2551,54622,64178,3,1,1
21593,41273,47510,117,79477,75255,2389,80590,171859,212,1,1
21594,13549,1701,135,44586,44152,1776,44994,62118,12,1,1
21595,23212,23758,123,71406,69002,1691,72170,120934,113,1,1
21596,17641,2759,167,41106,40544,12343,41575,74427,16,1,1
21597,20050,14298,105,60560,58904,6732,61158,102334,74,1,1
21598,42021,36997,134,75663,72377,13375,76601,169090,162,1,1
21599,12600,8664,100,58821,57715,12123,59301,92783,47,1,1
21600,18185,16750,143,61216,59399,2404,61890,99326,84,1,1
21601,11038,9925,153,56105,54822,1750,56687,79498,56,1,1
21602,41457,33013,147,75011,71971,11447,75919,162008,151,1,1
21603,12930,6000,104,58601,57727,9910,59058,87991,36,1,1
21604,18712,17946,125,69304,67446,2312,70000,109065,87,1,1
21605,9204,7964,110,54952,53858,1746,55453,74451,46,1,1
21606,41264,39769,144,76924,73270,8691,77932,167751,180,1,1
21607,12051,5010,97,58447,57651,13172,58879,89204,32,1,1
21608,20153,31473,177,61576,59358,2644,62359,116726,104,1,1
21609,12549,11224,102,57797,56387,1733,58339,83938,64,1,1
21610,42373,27717,136,71612,69011,21598,72444,164228,128,1,1
21611,19148,13864,109,63293,61765,14991,63896,111993,70,1,1
21612,21024,22185,155,65968,63614,2413,66755,112476,111,1,1
21613,13055,14076,101,64707,63008,1790,65295,94309,75,1,1
21614,42254,28558,135,73424,70716,29867,74262,175045,132,1,1
21615,13767,7330,102,57715,56730,15036,58176,94405,41,1,1
21616,17570,18019,150,60815,58850,2466,61541,99697,93,1,1
21617,9372,6676,99,54219,53251,1739,54682,72564,41,1,1
21618,41984,27853,115,70850,68147,14434,71680,156047,131,1,1
21619,18116,10431,100,71787,70533,12238,72353,113235,56,1,1
21620,18126,19515,143,60750,58670,2334,61479,101550,97,1,1
21621,12388,11703,100,54146,52706,1779,54702,80663,65,1,1
21622,42265,27329,120,72243,69597,26570,73043,169304,128,1,1
21623,14539,8344,96,69298,68209,13738,69817,106536,46,1,1
21624,17844,17072,119,57748,55880,2234,58407,95656,87,1,1
21625,10650,9993,103,55247,53951,1723,55774,78225,57,1,1
21626,42373,33409,148,71913,69267,24437,72766,173084,125,1,1
21627,8180,2439,156,56867,56307,13696,57312,81716,17,1,1
21628,17075,14751,122,177419,175685,2547,178040,212516,76,1,1
21629,13464,12225,101,168163,166617,1696,168727,196218,67,1,1
21630,43271,40049,539,284249,279353,9339,286400,379357,169,1,1
21631,10577,9089,116,145353,144002,11211,145914,176890,50,1,1
21632,14861,13933,111,59746,57971,3714,60338,92939,73,1,1
21633,3011,210,98,74812,74579,3650,75167,82145,1,1,1
21634,28316,29491,118,77235,73820,1880,78083,137871,142,1,1
21635,4709,188,134,24684,24428,1822,25035,31856,1,1,1
21636,5413,3692,92,51001,50271,5203,51385,65787,24,1,1
21637,12377,12048,94,61690,60256,1898,62245,88659,66,1,1
21638,41972,31589,151,74998,72106,11791,75892,161352,145,1,1
21639,13632,8124,99,59727,58446,9727,60223,91799,47,1,1
21640,17493,16620,113,60148,58385,1931,60783,96923,84,1,1
21641,10259,7555,94,40539,39502,1834,41001,60743,45,1,1
21642,12802,11024,103,55681,54320,1745,56253,81924,61,1,1
21643,42093,34202,109,76601,73534,15139,77486,169216,156,1,1
21644,12792,9042,108,59537,58438,11015,60047,92991,48,1,1
21645,19249,19108,102,58908,56953,1823,59561,99837,94,1,1
21646,9157,7748,128,55984,54948,1858,56499,75359,45,1,1
21647,41272,38085,144,76712,73340,6467,77702,163624,172,1,1
21648,11528,8151,102,58267,57208,10932,58767,89471,46,1,1
21649,17457,16786,110,61958,60157,1776,62611,98726,86,1,1
21650,12505,12409,98,70501,69021,1762,71146,97918,68,1,1
21651,5241,1688,111,58485,58036,23788,58872,89677,13,1,1
21652,11456,5485,101,58486,57690,13996,58919,89945,32,1,1
21653,8786,7041,107,53499,52495,3990,53986,73891,42,1,1
21654,9367,7110,90,54779,53759,1783,55254,73790,43,1,1
21655,41740,33049,183,72863,69874,14393,73817,163273,151,1,1
21656,14763,8075,103,58897,57866,15349,59384,97663,45,1,1
21657,21106,20421,101,60402,58274,1753,61103,104472,103,1,1
21658,12238,10230,97,62662,61349,1926,63223,87714,58,1,1
21659,6065,2408,115,57046,56542,32159,57440,98168,16,1,1
21660,13416,8846,100,59847,58714,12360,60361,95071,50,1,1
21661,20636,20073,110,60250,58177,1784,60940,103524,101,1,1
21662,15638,14747,108,69669,67951,1780,70333,102593,79,1,1
21663,2553,852,110,57027,56694,35171,57384,96050,7,1,1
21664,13056,8500,109,58765,57579,14379,59271,95489,48,1,1
21665,9331,9823,105,54224,52998,4885,54755,78886,55,1,1
21666,13362,13718,100,55640,54075,2410,56216,85795,73,1,1
21667,6406,1828,174,59555,59104,20939,60004,89272,13,1,1
21668,15333,9369,102,59598,58452,6699,60122,91612,51,1,1
21669,10096,9054,107,54581,53372,4203,55101,78541,53,1,1
21670,12349,11974,97,41223,39823,1862,41779,68049,65,1,1
21671,11958,196,129,36451,36239,1744,36799,50790,1,1,1
21672,41608,24692,94,68905,66497,18646,69653,154881,120,1,1
21673,15138,10536,107,62271,61023,10375,62797,98934,56,1,1
21674,6177,4059,95,51596,50903,4127,51988,66440,26,1,1
21675,14456,14921,101,44042,42383,1907,44636,76008,77,1,1
21676,4306,385,173,92306,91869,2974,92718,100475,3,1,2
21677,13383,14033,102,63368,61774,2256,63964,93723,75,1,1
21678,7319,5316,100,38632,37793,4518,39069,56311,33,1,1
21679,10377,7461,98,46579,45416,2185,47044,67175,45,1,1
21680,4319,235,97,37081,36870,1951,37388,43983,1,1,1
21681,41759,32241,188,106475,103405,16326,107405,198011,142,1,2
21682,12853,7245,94,58833,57876,11456,59291,90937,40,1,1
21683,16001,13469,117,42511,40971,1504,43104,74175,71,1,1
21684,12498,11839,98,40070,38648,2051,40609,67091,65,1,1
21685,28586,25843,112,94592,92029,1924,95420,151871,126,1,1
21686,13488,11938,109,73101,71668,1894,73683,101100,66,1,1
21687,16671,13313,106,41778,40264,1800,42358,74231,71,1,1
21688,10794,9576,99,37825,36604,1753,38342,60553,55,1,1
21689,27286,38909,165,78983,76188,1836,79902,148025,140,1,1
21690,10009,8738,102,69429,68271,2230,69939,91007,51,1,1
21691,17406,16149,104,41695,39955,1882,42315,77839,83,1,1
21692,8820,7397,96,36333,35336,1707,36809,54820,43,1,1
21693,22254,28809,148,76516,74278,1709,77288,130148,110,1,1
21694,7581,5856,100,46010,45101,3808,46452,63783,37,1,1
21695,12458,9490,95,59268,58079,1773,59777,83585,53,1,1
21696,9805,7297,100,36596,35591,2838,37070,57098,43,1,1
21697,12970,10144,121,34730,33512,1782,35269,60254,55,1,1
21698,4190,195,93,25107,24894,1846,25394,31712,1,1,1
21699,6224,3412,171,44035,43396,5581,44510,59815,23,1,1
21700,23741,14073,90,62418,60861,3134,62996,104038,73,1,1
21701,17873,18045,107,71534,69580,2471,72200,110681,94,1,1
21702,42605,9911,97,32087,30897,21925,32585,107318,53,1,1
21703,11968,2357,99,23651,23157,11569,24012,49993,16,1,1
21704,24106,8524,103,23689,22647,5487,24172,62376,46,1,1
21705,4254,199,157,25062,24859,1818,25432,31794,1,1,1
21706,22541,23911,115,77168,74799,1768,77933,126248,118,1,1
21707,12462,10680,100,73139,71847,1751,73666,98647,59,1,1
21708,4275,2552,105,28472,27930,3135,28852,38904,18,1,1
21709,8025,4260,100,29662,28982,1774,30060,44204,26,1,1
21710,4481,195,96,33332,33121,1857,33684,40313,1,1,1
21711,21795,20364,114,80640,78561,1848,81339,125438,101,1,1
21712,10467,8217,104,53534,52417,1813,54026,74612,49,1,1
21713,7403,3324,96,57079,56469,5862,57467,74144,22,1,1
21714,10499,7009,102,30038,29101,1882,30501,49988,39,1,1
21715,8292,4285,97,39363,38656,1836,39820,54329,27,1,1
21716,4574,196,108,25406,25194,1835,25720,32411,1,1,1
21717,22568,24776,100,80376,77971,1803,81137,130379,120,1,1
21718,11524,10508,101,54592,53257,2315,55138,79577,60,1,1
21719,9381,2893,94,56133,55566,2026,56512,70899,19,1,1
21720,8873,4767,120,32433,31659,1817,32890,48442,30,1,1
21721,15959,618,130,24226,23927,2291,24586,43549,5,1,1
21722,4028,230,89,24402,24189,1865,24687,30898,1,1,1
21723,4537,195,93,17560,17365,1850,17870,24538,1,1,1
21724,4869,2805,90,45230,44685,5577,45600,58941,19,1,1
21725,13309,4257,91,82868,82061,4425,83264,105350,25,1,2
21726,14879,13358,101,68552,67016,2007,69132,99460,70,1,1
21727,4259,223,104,22820,22613,1779,23125,29476,1,1,1
21728,4223,194,99,17957,17747,11576,18256,34334,1,1,1
21729,5669,172,184,23808,23613,2162,24212,32309,1,1,1
21730,20555,19445,99,78906,76810,1752,79570,121410,97,1,1
21731,9744,8985,96,56483,55154,1880,56976,77673,52,1,1
21732,7853,221,96,54891,54680,1799,55189,65153,1,1,1
21733,1784,206,93,20955,20750,2595,21258,25926,1,1,1
21734,36731,30397,161,67102,64273,1855,67987,137065,142,1,1
21735,9722,9013,103,56862,55729,1738,57364,77924,50,1,1
21736,12399,848,94,54680,54356,1730,55016,70081,6,1,1
21737,34949,38653,116,78631,74916,1920,79615,155232,180,1,1
21738,4188,202,198,24195,23918,1806,24610,30905,1,1,1
21739,16356,16527,102,61203,59401,3055,61841,97872,87,1,1
21740,10725,11060,96,61869,60357,2009,62411,86300,62,1,1
21741,42026,31640,101,73881,70997,13410,74715,162072,145,1,1
21742,14151,9827,113,61761,60568,9899,62286,96254,53,1,1
21743,17079,13207,178,62902,61278,1823,63580,95807,70,1,1
21744,10286,8507,98,59622,58467,2126,60126,81136,50,1,1
21745,41595,33744,100,76057,72963,10670,76941,163046,155,1,1
21746,13970,7829,105,75354,74323,12011,75877,109790,44,1,1
21747,21636,21383,121,64929,62687,1761,65664,110541,106,1,1
21748,9784,9129,92,56885,55703,1764,57391,78163,53,1,1
21749,41821,34587,103,75143,71984,10103,76047,162653,159,1,1
21750,22315,9874,154,60569,59342,11911,61144,105341,55,1,1
21751,18836,19821,100,60678,58632,1797,61361,101909,100,1,1
21752,10714,8627,101,55201,54057,1709,55706,76852,51,1,1
21753,2197,756,98,54510,54189,33989,54850,91882,6,1,1
21754,13150,7001,107,67731,66769,16219,68286,104753,40,1,1
21755,8485,7948,114,55402,54332,4909,55901,77338,47,1,1
21756,15511,14103,104,55565,53949,2248,56163,88111,76,1,1
21757,5261,1221,103,56115,55734,34317,56468,97356,9,1,1
21758,13584,7424,106,67642,66688,14893,68170,104167,40,1,1
21759,25212,27539,113,63903,61283,1791,64710,119346,131,1,1
21760,14479,13923,99,56485,54863,1837,57074,87399,76,1,1
21761,2030,1150,97,56411,56029,33419,56765,93452,9,1,1
21762,15199,8610,188,57834,56762,25741,58406,108043,47,1,1
21763,10498,9477,155,55979,54803,2993,56543,79609,52,1,1
21764,12837,12503,100,55100,53685,1796,55655,82877,66,1,1
21765,2004,336,94,57425,57169,32653,57748,92831,2,1,1
21766,13794,8840,101,60553,59453,13247,61059,97035,48,1,1
21767,3606,2221,172,36624,36111,3917,37100,46933,16,1,1
21768,9098,3394,94,38923,38294,1716,39316,53609,23,1,1
21769,10902,9191,94,53515,52341,1790,54017,75987,53,1,1
21770,2200,859,99,56466,56119,31649,56810,91606,7,1,1
21771,12019,4529,107,56862,56119,12253,57291,86179,29,1,1
21772,8591,6693,133,53224,52273,4167,53728,73273,40,1,1
21773,13386,13058,101,43245,41736,1802,43807,72141,70,1,1
21774,4235,197,89,36037,35801,1801,36336,42656,1,1,1
21775,42135,30150,99,68445,65670,24265,69262,165903,139,1,1
21776,15266,6190,101,57853,56966,12248,58306,92101,36,1,1
21777,9953,9484,190,55787,54589,2797,56398,78727,54,1,1
21778,13227,13636,104,44525,42974,1676,45108,73732,73,1,1
21779,5299,2415,96,93939,93269,31051,94306,133161,16,1,2
21780,8403,3167,98,55866,55263,12866,56247,80772,21,1,1
21781,3908,977,409,46299,45962,35655,46992,87643,6,1,1
21782,24077,3084,95,22214,21631,27205,22614,77072,20,1,1
21783,33759,11946,106,31841,30450,10827,32389,89016,61,1,1
21784,13834,5102,95,30857,30085,16249,31280,66559,31,1,1
21785,25667,11420,106,32974,31643,9054,33517,79754,61,1,1
21786,4262,194,88,36701,36494,1785,36999,43336,1,1,1
21787,41750,29348,98,68112,65389,26246,68925,166368,137,1,1
21788,14301,12927,104,79557,78030,1799,80172,109296,71,1,1
21789,9324,8127,116,40471,39393,2446,40975,60971,47,1,1
21790,11421,9538,90,38381,37168,1800,38877,61728,54,1,1
21791,6190,4199,99,44603,43892,5999,45013,61496,27,1,1
21792,15245,11930,93,62570,61169,1783,63117,92356,65,1,1
21793,14596,14547,98,78154,76512,1754,78794,109788,78,1,1
21794,19342,16692,114,42231,40420,1777,42879,80788,87,1,1
21795,9641,7753,97,37006,35992,1729,37467,56687,44,1,1
21796,5957,4926,94,46139,45353,5586,46557,63123,31,1,1
21797,17235,12777,96,68024,66520,1722,68598,100432,70,1,1
21798,11481,9484,108,78575,69711,1784,79180,102028,55,1,1
21799,18367,17143,191,42841,41068,1750,43558,80918,85,1,1
21800,9588,7412,93,37537,36520,1750,38006,56852,44,1,1
21801,21417,17537,110,75122,73233,1828,75780,116660,91,1,1
21802,10782,9553,104,84966,83711,2551,85529,108511,56,1,1
21803,13458,11617,123,39260,37913,1872,39831,66880,62,1,1
21804,11285,7254,93,30541,29545,1804,30995,51433,43,1,1
21805,4118,244,101,25216,24964,1844,25515,31818,1,1,1
21806,9173,7579,92,45979,44958,3341,46430,66620,44,1,1
21807,14139,5127,92,95728,94829,11552,96185,127101,29,1,2
21808,8996,3008,126,58398,57829,9343,58815,80258,19,1,1
21809,15322,11881,109,31736,30359,1832,32285,61419,63,1,1
21810,8582,5001,100,27902,27122,1775,28317,43955,31,1,1
21811,4140,230,100,24503,24286,1705,24813,30984,1,1,1
21812,24769,26738,111,77656,75075,1792,78465,131860,129,1,1
21813,10645,9325,105,82292,81090,2214,82845,105128,53,1,1
21814,5486,3462,105,27974,27345,2771,28377,40193,23,1,1
21815,7934,3673,99,30331,29683,1807,30726,44234,24,1,1
21816,3775,196,89,23626,23398,2334,23924,30320,1,1,1
21817,21596,21089,105,79398,77266,1810,80094,124688,105,1,1
21818,11180,9487,106,83117,81901,2105,83689,106561,54,1,1
21819,10590,6194,115,30791,29924,1858,31256,49996,36,1,1
21820,9265,5174,92,33211,32419,2035,33618,50187,31,1,1
21821,6162,4402,105,50769,50041,5520,51189,67371,28,1,1
21822,18855,7220,97,57280,56328,1762,57739,85672,40,1,1
21823,15586,16521,106,71727,69904,2133,72396,106733,86,1,1
21824,10053,1982,109,55884,55425,1705,56270,70106,14,1,1
21825,9659,3324,95,30457,29835,1773,30865,45720,22,1,1
21826,4320,349,93,22503,22240,1761,22806,29328,3,1,1
21827,4227,245,90,24279,24062,1737,24581,30886,1,1,1
21828,4305,209,87,17028,16833,1876,17310,23794,1,1,1
21829,8612,7029,92,51606,50621,4618,52068,72423,43,1,1
21830,10877,4402,95,102872,102035,1750,103317,120443,28,1,2
21831,6483,573,169,54700,54400,2224,55111,64489,5,1,1
21832,4074,220,104,22390,22172,1759,22701,28852,1,1,1
21833,4232,193,103,18575,18366,1744,18887,25151,1,1,1
21834,4961,184,94,20718,20520,2005,21002,28252,1,1,1
21835,24678,22442,97,81973,79713,1770,82690,131677,111,1,1
21836,9929,7681,103,53352,52317,1759,53840,73303,45,1,1
21837,5581,341,170,55614,55333,1767,56020,63805,3,1,1
21838,4442,201,93,22853,22642,1801,23138,29675,1,1,1
21839,24018,25401,104,61959,59487,1986,62724,114225,123,1,1
21840,10934,9943,94,60291,59062,1767,60812,83549,56,1,1
21841,5470,196,132,57730,57511,1891,58104,65756,1,1,1
21842,29809,37648,186,79384,75958,1846,80429,149839,174,1,1
21843,18019,18509,139,65797,63919,1773,66489,104895,91,1,1
21844,10580,9696,97,57601,56381,1825,58115,80312,55,1,1
21845,54134,33996,211,76944,73792,10605,77942,176787,156,1,1
21846,12758,7552,104,59347,58371,10761,59817,90981,42,1,1
21847,18745,14658,108,58307,56686,1760,58914,94170,77,1,1
21848,9954,7986,98,55792,54698,1720,56288,76219,48,1,1
21849,11145,4856,197,61230,60466,17956,61757,95810,30,1,1
21850,13868,8655,100,60249,59151,12014,60753,95382,48,1,1
21851,24071,24980,105,62728,60287,1851,63483,114482,121,1,1
21852,12489,12183,98,60168,58724,1761,60727,87256,67,1,1
21853,1559,362,136,57183,56895,15296,57554,74858,3,1,1
21854,14960,10999,104,63052,61638,10848,63596,100497,61,1,1
21855,16877,17082,108,59211,57365,1827,59851,95731,89,1,1
21856,14336,14493,99,67488,65860,1807,68088,98825,77,1,1
21857,41942,28521,193,73907,71217,22960,74814,168520,134,1,1
21858,15065,9827,101,59597,58369,16059,60120,101163,55,1,1
21859,22855,20679,106,61949,59858,1809,62653,108091,102,1,1
21860,8909,7279,98,58537,57524,1746,58997,77023,43,1,1
21861,7927,2265,182,59385,58868,30103,59849,100244,16,1,1
21862,18062,10248,108,60637,59406,14240,61167,103811,55,1,1
21863,1600,233,105,22645,22426,35708,22963,60598,1,1,1
21864,21140,4124,97,27204,26538,29102,27597,82057,25,1,1
21865,27067,16147,97,62320,60635,21750,62920,127977,81,1,1
21866,10523,4124,96,27662,26985,15965,28100,58803,26,1,1
21867,41781,33949,136,57710,54614,4360,58636,139013,157,1,1
21868,10173,2526,96,56801,56306,25261,57174,95229,16,1,1
21869,12341,6505,106,56281,55378,15888,56735,91563,38,1,1
21870,8993,7587,102,53981,52940,3789,54466,74929,45,1,1
21871,13060,12431,102,63539,62100,1790,64144,91521,67,1,1
21872,7394,3360,109,58083,57502,29205,58484,98540,20,1,1
21873,10684,5082,104,57438,56641,13712,57864,87436,30,1,1
21874,17043,16678,106,55939,54141,1770,56579,92160,86,1,1
21875,11210,9607,109,62435,61216,1898,63078,85889,54,1,1
21876,41498,29361,121,74912,72086,27812,75747,174523,137,1,1
21877,11375,3620,98,56994,56331,13166,57383,85637,23,1,1
21878,9222,7269,108,44040,43015,3460,44513,64562,43,1,1
21879,4505,201,90,36160,35922,1769,36454,43027,1,1,1
21880,17871,32165,223,44766,42774,1620,45558,97318,97,1,1
21881,4063,235,99,36375,36162,1855,36673,42915,1,1,1
21882,41955,20018,96,66929,64887,20678,67597,150523,98,1,1
21883,12262,4147,97,56977,56260,11446,57395,85342,27,1,1
21884,14817,14356,110,42825,41191,1728,43429,74421,77,1,1
21885,16052,16471,100,87776,85880,1779,88443,122851,84,1,2
21886,41755,30436,103,70775,67899,24673,71610,168751,144,1,1
21887,10790,9787,102,69959,68722,1826,70475,92970,55,1,1
21888,4231,3795,103,36709,36016,4548,37127,49797,26,1,1
21889,10608,9491,99,48181,46973,1801,48731,70733,54,1,1
21890,4236,196,110,36624,36410,1752,36930,43212,1,1,1
21891,11993,3800,101,57323,56671,29801,57716,103408,23,1,1
21892,13540,12071,109,72327,70878,1730,72900,100334,67,1,1
21893,18959,17670,126,44184,42315,2063,44854,83647,89,1,1
21894,10367,9212,99,49869,48704,1826,50422,71920,52,1,1
21895,27761,26034,118,79124,76546,1918,79920,135726,128,1,1
21896,14025,12360,105,71715,70259,1736,72282,100496,68,1,1
21897,14366,14240,105,41087,39403,1730,41684,72106,75,1,1
21898,21244,8140,197,42344,41268,1839,42927,74388,47,1,1
21899,25109,26873,98,77851,75213,1965,78648,132866,132,1,1
21900,13515,13075,136,71803,70254,1704,72417,100806,73,1,1
21901,15498,13064,109,39703,38236,1756,40289,70693,68,1,1
21902,9575,8195,208,31616,30535,1794,32221,51878,48,1,1
21903,4405,199,88,24234,24027,1883,24538,31107,1,1,1
21904,24185,25949,97,76473,73938,1780,77240,129245,127,1,1
21905,15758,14710,100,68252,66600,3085,68853,102498,78,1,1
21906,2028,838,105,27261,26914,4698,27605,35266,7,1,1
21907,4290,195,97,23917,23713,1715,24223,30504,1,1,1
21908,11171,9778,132,31136,29924,1807,31700,54549,55,1,1
21909,6385,3185,97,88729,87989,1826,89128,100611,22,1,2
21910,8896,7560,109,47062,46029,2729,47540,66822,45,1,1
21911,11321,6985,88,58170,57229,1709,58614,78722,40,1,1
21912,13329,9106,123,32136,30980,1757,32666,56946,52,1,1
21913,9068,5660,95,28300,27455,1744,28733,45294,35,1,1
21914,4246,242,173,24963,24742,1770,25340,31684,1,1,1
21915,21720,21576,99,74154,71969,1812,74867,120248,108,1,1
21916,8978,6855,104,76101,75120,1830,76570,94520,42,1,1
21917,7265,3860,167,30058,29379,2861,30529,44809,25,1,1
21918,7536,3775,98,34102,33434,1797,34495,47690,25,1,1
21919,5589,541,228,26221,25866,1818,26675,34728,1,1,1
21920,19606,18651,107,80149,78215,1851,80820,121013,94,1,1
21921,11487,11569,97,73071,71652,1680,73628,98458,65,1,1
21922,9435,3989,107,30604,29889,1737,31019,46273,27,1,1
21923,4515,587,93,22413,22109,1756,22733,29677,5,1,1
21924,4910,191,96,23905,23704,1817,24193,31197,1,1,1
21925,4372,490,171,18642,18382,1806,19045,25799,4,1,1
21926,20201,20155,107,78563,76541,1846,79238,121533,99,1,1
21927,10457,10131,100,77822,76525,1834,78358,100874,59,1,1
21928,8112,3500,105,29655,29024,1991,30054,43743,23,1,1
21929,4337,201,88,21910,21700,1732,22206,28561,1,1,1
21930,4281,232,101,34473,34257,1756,34832,41193,1,1,1
21931,4318,206,102,17470,17275,1729,17772,24107,1,1,1
21932,21953,24643,95,59743,57342,2300,60480,109470,120,1,1
21933,12966,4302,92,108017,107200,2195,108413,127971,26,1,2
21934,8970,370,98,54081,53822,1924,54407,65764,3,1,1
21935,4255,196,138,23907,23657,1770,24276,30587,1,1,1
21936,4187,341,104,18883,18641,1755,19213,25583,2,1,1
21937,4390,200,95,27083,26883,1745,27413,33838,1,1,1
21938,3305,1244,97,46882,46498,1030,47235,52901,10,1,1
21939,34307,28573,97,113240,110372,1809,114058,178839,137,1,2
21940,41044,44247,105,78384,74559,3625,79427,168634,196,1,1
21941,4287,229,99,36904,36642,1770,37265,43648,1,1,1
21942,28539,27442,114,69003,66371,1880,69826,127777,132,1,1
21943,13956,15058,99,65164,63480,2534,65757,97401,80,1,1
21944,12468,1625,98,56126,55708,1753,56478,72419,11,1,1
21945,5334,2637,96,57937,57399,9082,58312,75452,18,1,1
21946,7076,808,140,63972,63655,21975,64352,94322,6,1,1
21947,20206,8444,105,66998,65990,15033,67478,111260,44,1,1
21948,9555,1613,95,25176,24774,11257,25517,48039,11,1,1
21949,21157,12930,96,60218,58785,6109,60773,101065,66,1,1
21950,41455,32566,98,73720,70792,10789,74564,159657,148,1,1
21951,14193,8313,103,66984,65909,9734,67534,99876,47,1,1
21952,21300,21110,116,63335,61249,1867,64052,108428,102,1,1
21953,11445,10382,97,56662,55281,1786,57181,80889,58,1,1
21954,6038,2178,99,57877,57390,25070,58241,91623,15,1,1
21955,13770,9445,98,68486,67348,12039,69035,104387,51,1,1
21956,23171,24687,115,67182,64761,1816,67954,117728,120,1,1
21957,9874,7682,93,56619,55549,1789,57079,76517,46,1,1
21958,897,236,101,54953,54743,30987,55270,87486,1,1,1
21959,14011,8235,108,57191,56147,15707,57686,95736,45,1,1
21960,21720,21907,151,62858,60638,1827,63634,109189,109,1,1
21961,11322,10703,100,55924,54599,1748,56454,80321,61,1,1
21962,5260,2236,104,59192,58707,24474,59574,91641,15,1,1
21963,13316,5848,99,57787,56931,15300,58234,92794,35,1,1
21964,7945,6278,136,56479,55578,4809,56969,76096,37,1,1
21965,11532,10571,97,55880,54567,1859,56407,80652,60,1,1
21966,41697,29170,102,71712,68975,24393,72525,168069,136,1,1
21967,13653,6311,102,57803,56923,13998,58260,92318,37,1,1
21968,5674,4604,137,39726,38958,4877,40193,55444,30,1,1
21969,8886,6068,118,40857,39977,1778,41317,58149,37,1,1
21970,12694,10844,94,56522,55181,1779,57053,82464,62,1,1
21971,4393,1387,97,56502,56088,34779,56861,97516,11,1,1
21972,11930,8328,114,59918,58869,14357,60417,95131,46,1,1
21973,5257,3105,171,39173,38576,4264,39641,52366,21,1,1
21974,10192,2850,99,37340,36809,1422,37712,52275,18,1,1
21975,12007,12514,93,55849,54402,1489,56399,82503,68,1,1
21976,3538,1303,102,55627,55232,33256,55985,94179,10,1,1
21977,13932,5510,100,57613,56760,12752,58050,90343,35,1,1
21978,19549,20905,167,61188,59079,2232,61972,104755,102,1,1
21979,11630,9312,105,61050,59841,1793,61568,84400,53,1,1
21980,4754,1470,102,57617,57187,30481,57980,94787,11,1,1
21981,15477,8248,103,59526,58451,11683,60017,95521,46,1,1
21982,14142,11561,150,44398,43039,1853,44997,72650,62,1,1
21983,12419,9213,98,41084,39884,1860,41595,65181,54,1,1
21984,4617,234,93,36615,36392,1809,36918,43672,1,1,1
21985,5393,159,88,35172,34989,1795,35468,43091,1,1,1
21986,42559,22917,97,67322,65049,26478,68047,160287,111,1,1
21987,12756,7614,102,57913,56920,13421,58390,92279,42,1,1
21988,9990,10036,142,40817,39569,3117,41392,64630,56,1,1
21989,13951,13169,96,39878,38401,1857,40430,69501,69,1,1
21990,4494,199,88,36446,36247,1732,36742,43259,1,1,1
21991,40878,25685,95,102213,99550,19111,102974,188948,123,1,2
21992,11681,6229,113,60269,59410,11001,60741,89751,36,1,1
21993,10235,8990,171,40441,39300,3714,41027,64062,51,1,1
21994,13279,12412,98,40436,38902,1758,40993,68536,68,1,1
21995,21717,19833,101,77504,75479,1818,78180,121648,98,1,1
21996,8949,7479,103,68178,67154,2020,68645,87188,44,1,1
21997,19978,19466,185,46687,44676,2227,47449,89221,97,1,1
21998,14250,13856,92,39965,38278,1817,40539,70547,75,1,1
21999,26068,24998,106,80498,77979,1821,81278,134258,124,1,1
22000,13866,12570,100,71440,69933,1723,72013,100264,70,1,1
22001,9143,8778,136,38764,37628,3960,39318,61293,50,1,1
22002,10125,9553,102,41816,40607,1812,42326,63906,54,1,1
22003,7540,5853,103,46009,45138,5429,46452,65370,36,1,1
22004,15798,12315,95,62616,61169,1702,63177,93267,68,1,1
22005,12136,9014,102,67964,66806,1707,68468,91594,52,1,1
22006,5295,2587,170,28101,27556,3148,28559,39864,18,1,1
22007,4478,203,86,24375,24170,1739,24656,31159,1,1,1
22008,9530,7143,99,29089,28107,1784,29554,48104,43,1,1
22009,3696,196,89,23557,23344,2167,23856,30000,1,1,1
22010,18937,18096,96,73052,71151,2126,73710,112961,92,1,1
22011,14813,13668,125,70747,69166,1386,71362,101494,75,1,1
22012,3317,2296,172,35917,35400,3968,36371,46041,16,1,1
22013,11381,7489,95,29339,28333,1691,29800,50448,44,1,1
22014,23922,22983,104,74407,72064,1996,75147,124145,115,1,1
22015,14539,14529,103,75110,73469,1673,75713,106550,78,1,1
22016,6536,5133,179,31093,30280,3078,31614,46461,32,1,1
22017,9096,5948,95,30712,29870,1980,31139,48250,35,1,1
22018,4237,235,104,25635,25384,1749,25946,32266,1,1,1
22019,7515,5373,96,45846,45007,4437,46271,63686,34,1,1
22020,10836,6947,94,56917,55949,1724,57371,76973,42,1,1
22021,10794,10282,104,72312,71044,1738,72846,95754,58,1,1
22022,504,246,173,23667,23450,1023,24061,25921,1,1,1
22023,42680,14168,101,25002,23504,16925,25576,99620,71,1,1
22024,14339,5828,94,24668,23825,5913,25090,51256,35,1,1
22025,18312,5421,94,20279,19471,1809,20703,46333,33,1,1
22026,4042,232,95,24541,24332,1859,24847,31066,1,1,1
22027,22085,22113,97,78349,76143,1699,79059,125051,109,1,1
22028,12274,12384,103,71737,70281,1758,72308,98818,68,1,1
22029,5449,2932,175,29676,29097,2626,30143,41240,20,1,1
22030,4348,953,95,21946,21598,1808,22278,29483,8,1,1
22031,4263,347,94,40786,40421,1781,41097,47574,3,1,2
22032,22351,22468,89,58814,56589,1838,59527,106281,110,1,1
22033,12351,10537,95,106547,105142,9788,107072,139841,59,1,2
22034,14863,4220,184,58161,57453,1792,58682,79652,27,1,1
22035,9621,4628,100,30815,30077,1754,31245,47344,28,1,1
22036,4529,276,95,21977,21737,1948,22282,29127,2,1,1
22037,23024,24948,102,81969,79521,1792,82729,132588,122,1,1
22038,11415,11246,106,61943,60566,1876,62489,87305,64,1,1
22039,13302,2111,207,57834,57361,1767,58323,75601,14,1,1
22040,4051,242,99,22855,22633,1806,23157,29347,1,1,1
22041,4082,236,119,19307,19096,1804,19642,25857,1,1,1
22042,4162,193,94,21519,21327,1777,21805,28028,1,1,1
22043,7047,4972,95,50218,49418,4344,50654,67105,32,1,1
22044,16973,18311,97,61298,59358,2530,61947,99848,94,1,1
22045,6184,200,89,53679,53478,1728,53969,62165,1,1,1
22046,41391,43261,168,78410,74605,2301,79525,166567,195,1,1
22047,4523,226,97,22473,22251,1758,22800,29396,1,1,1
22048,22074,19832,103,60846,58808,1704,61521,105219,99,1,1
22049,12502,12893,101,60169,58719,1737,60731,87957,68,1,1
22050,4885,201,91,62718,62503,1823,63059,70059,1,1,1
22051,13294,11384,104,66073,64691,5432,66630,96832,64,1,1
22052,15692,12896,106,63365,61855,1844,63944,94471,70,1,1
22053,9400,7715,95,57679,56627,1768,58148,77127,46,1,1
22054,41677,35565,144,86920,83742,9679,87908,175120,161,1,1
22055,18399,13361,103,63483,61899,9277,64077,105206,71,1,1
22056,16201,13190,103,55688,54165,1925,56270,87675,71,1,1
22057,8508,6887,101,54907,53944,1750,55362,72610,41,1,1
22058,8868,5389,100,47339,46530,2268,47802,64421,33,1,1
22059,41784,34011,253,77101,74007,8138,78141,162172,156,1,1
22060,13480,7638,97,59448,58460,12888,59925,94219,43,1,1
22061,20732,20729,109,62626,60540,1761,63310,106629,102,1,1
22062,10330,9084,107,57879,56700,1762,58376,79825,53,1,1
22063,2863,916,176,56798,56457,28715,57252,89837,7,1,1
22064,17404,10990,106,61640,60375,14993,62180,105658,58,1,1
22065,8586,7944,108,55210,54165,4907,55704,77234,45,1,1
22066,10250,9085,96,54640,53460,1746,55139,76308,52,1,1
22067,41594,33647,185,74348,71243,21624,75327,172288,157,1,1
22068,15023,8538,101,58951,57829,13172,59454,96279,49,1,1
22069,20099,20808,109,61854,59760,1780,62550,105334,102,1,1
22070,12016,11345,108,59946,58584,1855,60505,85817,62,1,1
22071,3543,1090,260,57465,57113,34814,57978,97521,8,1,1
22072,15903,8374,100,60207,59131,15748,60687,100806,47,1,1
22073,21041,22245,182,62825,60609,2326,63624,109333,108,1,1
22074,14640,15919,103,56046,54335,1663,56658,88973,82,1,1
22075,42177,24673,215,70274,67840,21444,71134,159718,117,1,1
22076,14312,7335,98,58866,57827,13220,59328,94287,43,1,1
22077,20016,22099,112,58856,56654,1796,59569,103577,107,1,1
22078,12833,13088,100,56205,54730,2095,56785,84894,69,1,1
22079,6504,1442,204,58418,58010,31818,58905,98770,9,1,1
22080,13436,4153,97,59646,58942,13962,60050,91696,25,1,1
22081,9386,8403,105,54705,53381,3778,55190,76850,48,1,1
22082,10905,10052,97,54791,53442,1850,55310,78205,56,1,1
22083,2730,837,177,70366,69896,18384,70800,92877,7,1,1
22084,14528,9224,115,62725,61417,6203,63633,93680,51,1,1
22085,19127,18980,102,59203,57054,1849,59866,99915,96,1,1
22086,13856,20284,113,47307,45784,1842,47897,83973,71,1,1
22087,4165,213,94,36866,36657,1737,37175,43373,1,1,1
22088,41944,28128,193,72089,69311,23748,72996,167100,132,1,1
22089,13904,7933,102,59324,58230,12491,59817,94236,46,1,1
22090,8471,8582,103,40512,39321,4034,41001,62179,49,1,1
22091,13578,13481,100,41043,39509,1751,41613,70515,72,1,1
22092,4411,230,97,36460,36246,1855,36758,43338,1,1,1
22093,41863,29330,206,71287,68564,23027,72208,166708,134,1,1
22094,11708,10335,105,71395,70092,1771,71932,95839,58,1,1
22095,8600,8462,103,39395,38295,5125,39881,62157,48,1,1
22096,15013,14818,97,43275,41523,1826,43870,75615,79,1,1
22097,21214,20884,111,87684,85407,1820,88494,132507,107,1,1
22098,10924,8672,180,69394,68254,3192,69976,92859,50,1,1
22099,1848,254,145,48271,48052,31251,48641,82092,1,1,1
22100,16254,1565,106,29194,28696,24132,29549,71596,11,1,1
22101,26048,11064,91,42000,40646,13422,42512,93141,59,1,1
22102,16515,11579,95,122859,121503,9672,123438,161302,61,1,1
22103,682,394,112,40198,39938,1201,40542,42916,3,1,1
22104,32164,30318,101,68684,65790,1795,69529,134088,146,1,1
22105,11605,10825,104,70726,69352,1838,71270,95637,62,1,1
22106,13532,11813,137,42073,40591,1790,42679,69909,64,1,1
22107,9307,7043,92,48306,47287,1984,48830,67263,42,1,1
22108,26106,28557,117,80571,77713,1797,81411,137966,137,1,1
22109,12628,11970,103,72228,70776,1725,72785,99204,67,1,1
22110,15203,11570,113,38333,36994,1760,38896,67528,61,1,1
22111,22152,9772,196,31228,30193,1873,31811,65725,45,1,1
22112,4662,203,98,26161,25947,1867,26481,33310,1,1,1
22113,21225,21429,102,74567,72424,1876,75269,119896,104,1,1
22114,15050,14090,101,69550,67923,2385,70150,101772,77,1,1
22115,8955,7920,100,31507,30444,2799,32014,51785,46,1,1
22116,9414,6056,101,38232,37301,1917,38707,56194,35,1,1
22117,5196,337,102,25435,25179,1848,25758,33232,3,1,1
22118,19366,17781,107,73661,71737,1771,74324,113340,92,1,1
22119,12505,10610,102,72632,71311,1796,73176,98184,60,1,1
22120,8170,5875,178,29536,28660,3426,30057,47815,36,1,1
22121,8804,5039,92,27041,26249,1770,27447,43155,31,1,1
22122,4141,232,174,24956,24739,1780,25339,31589,1,1,1
22123,17578,18453,95,71571,69643,3432,72221,111780,94,1,1
22124,16242,16359,105,75976,74188,2314,76600,111612,86,1,1
22125,9716,5271,128,29882,29070,2124,30363,47571,32,1,1
22126,7593,4675,98,30273,29533,1777,30681,44819,29,1,1
22127,4125,243,177,25263,25044,1885,25646,31997,1,1,1
22128,4757,2688,92,49161,48587,6046,49539,63125,19,1,1
22129,12909,6597,95,57788,56877,1781,58270,79652,39,1,1
22130,13151,11415,105,73505,72139,1779,74138,100578,63,1,1
22131,9234,4444,99,34459,33748,1877,34882,50536,27,1,1
22132,4203,793,98,22653,22319,1824,22979,29893,6,1,1
22133,1831,210,90,23797,23588,3049,24091,29265,1,1,1
22134,4421,194,198,19276,19078,1891,19678,26279,1,1,1
22135,25829,26438,96,78951,76331,2007,79731,134102,126,1,1
22136,12721,12237,107,75825,74366,1736,76383,103173,67,1,1
22137,4076,230,100,22825,22600,1772,23130,29305,1,1,1
22138,4533,199,91,17220,17015,1760,17501,24083,1,1,1
22139,4288,194,96,23533,23342,1901,23823,30297,1,1,1
22140,32436,21079,206,61442,59258,1829,62260,117705,106,1,1
22141,8910,760,94,73628,73177,1836,73958,85559,6,1,2
22142,15981,15685,103,54871,53140,1777,55484,89023,83,1,1
22143,19180,4229,97,56234,55545,1808,56643,81958,26,1,1
22144,4124,198,100,22686,22435,1936,22992,29342,1,1,1
22145,4223,314,195,29617,29396,1804,30061,36496,1,1,1
22146,5828,1282,100,70621,70091,2148,70974,80328,10,1,2
22147,10293,9537,101,57783,56536,1787,58287,79998,54,1,1
22148,7083,593,92,55431,55142,2172,55756,65704,5,1,1
22149,40763,46280,185,78647,74811,3295,79705,170328,179,1,1
22150,4301,220,174,23841,23626,2013,24231,31050,1,1,1
22151,27683,28548,99,65128,62321,1771,65935,124223,136,1,1
22152,11168,11028,97,60570,59209,1833,61107,85229,60,1,1
22153,41614,32495,102,74215,71289,10865,75063,160321,147,1,1
22154,10524,7228,105,59447,58488,10561,59921,88516,41,1,1
22155,20041,19674,184,66071,63564,1901,66850,108561,101,1,1
22156,11812,11664,102,61156,59690,2114,61711,87394,67,1,1
22157,42005,29099,96,71147,68355,10490,71953,153841,136,1,1
22158,13975,9608,100,68824,67619,10020,69415,103113,54,1,1
22159,19866,16261,116,59898,58142,1824,60542,98589,84,1,1
22160,7990,6450,97,37754,36827,1913,38198,54643,39,1,1
22161,11094,8536,97,44611,43506,1822,45086,66632,49,1,1
22162,41525,38367,98,77114,73656,8094,78060,166142,176,1,1
22163,13785,8022,137,60139,59100,12151,60657,94713,45,1,1
22164,9224,7369,110,55488,54466,3866,55976,76731,44,1,1
22165,13233,11480,101,57694,56247,1791,58229,84827,63,1,1
22166,42146,28706,138,73813,71116,17871,74662,163667,133,1,1
22167,13592,6765,154,58426,57518,14970,58944,94551,38,1,1
22168,21303,24058,103,64959,62567,1482,65707,112646,118,1,1
22169,14071,13601,101,57453,55849,1771,58033,87572,74,1,1
22170,41690,27446,103,83687,69881,26529,84570,180551,131,1,1
22171,19077,12494,113,62713,61286,13333,63286,108287,65,1,1
22172,21773,24153,99,62845,60410,1814,63579,111414,117,1,1
22173,12187,11414,102,59990,58574,1763,60543,85999,64,1,1
22174,5906,2384,99,65530,65027,29457,65965,103807,16,1,1
22175,14628,7811,114,59856,58862,16073,60344,98948,43,1,1
22176,19608,19928,102,59098,57061,1825,59772,101228,98,1,1
22177,12422,11604,100,57900,56484,2018,58448,84590,64,1,1
22178,5045,1703,103,57995,57561,27610,58361,92812,12,1,1
22179,14123,8415,147,60263,59180,12346,60803,95782,47,1,1
22180,41964,33787,111,228837,225619,20175,229747,325778,153,1,1
22181,1302,224,106,25871,25643,1025,26192,28829,1,1,1
22182,41860,35936,112,58830,56074,23457,59636,160984,131,1,1
22183,41852,36288,148,74789,71363,7292,75759,161469,165,1,1
22184,14406,6424,100,58376,57464,8475,58822,88220,37,1,1
22185,14195,9742,108,42941,41590,1784,43465,69281,55,1,1
22186,11011,4820,93,38747,37996,1915,39167,57004,29,1,1
22187,10096,8260,92,52450,51317,1731,52926,73106,48,1,1
22188,6587,2909,173,59142,58582,33179,59600,102372,18,1,1
22189,11966,5387,102,57455,56616,12980,57887,88311,33,1,1
22190,7885,7093,102,53293,52209,3514,53769,72359,43,1,1
22191,14625,15778,94,41910,40198,2064,42504,75057,81,1,1
22192,4484,246,101,36215,35934,1791,36515,43125,1,1,1
22193,9259,2830,176,58123,57559,13459,58589,84230,19,1,1
22194,11149,6919,107,59609,58656,6193,60067,84421,40,1,1
22195,10047,8776,103,40321,39173,3443,40826,63189,51,1,1
22196,11447,9545,103,39222,38006,1833,39745,62658,54,1,1
22197,4423,202,95,35456,35244,1783,35756,42253,1,1,1
22198,42152,41543,170,70478,67367,12753,71423,168161,148,1,1
22199,10061,8894,111,69156,68010,1815,69668,90528,50,1,1
22200,5503,3737,101,38261,37589,4319,38668,52316,25,1,1
22201,12474,11390,94,38184,36838,1821,38716,64486,62,1,1
22202,6211,2841,130,45156,44575,6249,45584,60973,20,1,1
22203,17467,13815,144,64374,62851,1816,65013,98205,71,1,1
22204,18460,18588,104,72965,70973,1821,73642,112607,97,1,1
22205,15207,15276,121,46543,44819,1801,47172,79545,80,1,1
22206,11196,9130,96,38794,37626,1935,39296,61832,52,1,1
22207,5885,3676,99,45293,44659,5525,45692,60871,23,1,1
22208,22382,13519,168,63633,62126,4274,64287,104561,71,1,1
22209,10149,8724,101,70039,68867,1740,70531,91236,50,1,1
22210,17411,15423,110,41262,39564,1859,41880,76659,81,1,1
22211,9513,7568,99,36998,35980,1750,37463,56378,44,1,1
22212,31039,40442,191,78816,75754,1803,79799,153174,154,1,1
22213,11364,8486,103,67662,66542,1690,68172,89802,50,1,1
22214,7179,3805,98,37789,37118,3548,38194,52812,25,1,1
22215,10646,7905,95,31259,30224,2086,31724,52448,45,1,1
22216,4094,252,94,24950,24732,1743,25252,31431,1,1,1
22217,21843,29401,144,76508,74347,1793,77252,130376,105,1,1
22218,9960,7418,103,67635,66572,2524,68113,88108,45,1,1
22219,9007,6665,99,30133,29191,2640,30590,48989,40,1,1
22220,9763,6643,100,28073,27155,1887,28523,46899,39,1,1
22221,4668,199,96,24816,24602,1789,25120,31859,1,1,1
22222,23812,25962,112,84451,81960,2238,85275,137390,124,1,1
22223,11499,11024,101,63418,62108,2207,63948,88770,60,1,1
22224,6076,1903,89,59678,59222,1779,60033,69874,14,1,1
22225,9487,6521,100,29991,29077,2510,30443,49055,38,1,1
22226,7899,4989,95,28749,27955,1830,29166,43968,32,1,1
22227,26191,25221,96,90991,79107,2273,91826,145637,121,1,1
22228,11926,10960,121,55125,53796,2416,55677,81072,61,1,1
22229,14271,7845,92,57976,56955,1813,58443,82462,44,1,1
22230,9866,7311,107,30018,29033,1767,30490,49555,42,1,1
22231,7902,4767,95,29605,28821,1796,30018,44757,29,1,1
22232,4263,199,94,24602,24383,1793,24902,31239,1,1,1
22233,17467,16026,92,63743,62003,3026,64401,101011,84,1,1
22234,10964,4986,94,97747,96862,3271,98163,117481,29,1,2
22235,9806,1910,96,54632,54187,2008,54996,68815,13,1,1
22236,8884,3867,106,30147,29460,2194,30563,45600,26,1,1
22237,4546,910,92,21729,21397,1802,22060,29405,7,1,1
22238,4686,199,94,24260,24047,1715,24563,31243,1,1,1
22239,4386,199,95,17065,16872,1716,17354,23736,1,1,1
22240,23862,24289,100,86011,83675,1758,86794,136794,116,1,1
22241,11447,10128,102,56346,55062,2255,56874,80796,58,1,1
22242,9606,1794,92,54122,53685,1788,54468,67750,13,1,1
22243,4411,199,120,23048,22831,1783,23378,29857,1,1,1
22244,4124,191,91,17194,16997,1771,17482,23657,1,1,1
22245,4389,328,93,21359,21109,1993,21667,28471,3,1,1
22246,16156,14185,105,57401,55805,1829,57986,90246,74,1,1
22247,12426,10925,169,109570,108106,6362,110193,139997,61,1,2
22248,4427,227,100,54315,54038,1740,54608,61086,1,1,1
22249,4415,325,95,22293,22044,1807,22606,29245,2,1,1
22250,21755,21041,117,62713,60583,1919,63430,108240,102,1,1
22251,13410,14029,206,64792,63032,2525,65494,95749,73,1,1
22252,5338,245,96,53651,53406,1751,53947,61370,1,1,1
22253,40753,44438,116,79194,75198,3499,80253,169228,202,1,1
22254,4391,225,98,22055,21837,1755,22346,28811,1,1,1
22255,6844,4960,97,52767,51990,4862,53190,69947,31,1,1
22256,9710,7694,176,57508,56415,1800,58075,77374,46,1,1
22257,41592,31573,109,72265,69374,13827,73112,160392,146,1,1
22258,13459,8489,107,60376,59285,10519,60861,93420,48,1,1
22259,20831,18574,118,68997,67004,1854,69717,111070,95,1,1
22260,9797,9013,112,60406,59187,1783,60928,81613,53,1,1
22261,41416,33533,95,119455,115886,10966,120336,206547,155,1,1
22262,13784,9851,106,70209,69033,9150,70724,103614,53,1,1
22263,50269,20461,204,81026,78954,14754,81806,167387,96,1,1
22264,9714,3619,97,34814,34167,14401,35201,63038,23,1,1
22265,36764,24376,130,66547,64051,7608,67327,136340,118,1,1
22266,41406,31977,116,75024,72040,9339,75886,158702,148,1,1
22267,14662,8366,107,71433,70091,11407,71998,106559,47,1,1
22268,21404,21245,132,65669,63342,1607,66420,110767,106,1,1
22269,11182,11417,103,56965,55458,1918,57512,82122,63,1,1
22270,41796,29906,102,72190,69376,19002,73014,163995,141,1,1
22271,12413,7469,105,67376,66400,15128,67887,102990,42,1,1
22272,8543,8294,116,55334,54205,4414,55837,77180,48,1,1
22273,12034,11367,97,57712,56302,1863,58259,83608,63,1,1
22274,41605,30391,106,71098,68260,27884,71943,172099,143,1,1
22275,13457,5400,137,57986,57184,16446,58461,93857,32,1,1
22276,7465,5449,106,53288,52423,4325,53740,71065,35,1,1
22277,9630,8589,104,54793,53634,2015,55294,75615,51,1,1
22278,1191,390,101,55705,55435,27924,56026,85615,3,1,1
22279,13891,8792,103,68734,67612,11591,69293,103657,50,1,1
22280,7152,6453,111,55070,54167,4358,55537,73589,38,1,1
22281,13760,13769,100,56208,54626,2186,56779,86584,73,1,1
22282,42157,24077,109,69844,67432,25507,70595,162426,117,1,1
22283,13085,8940,107,74854,73727,15913,75401,113452,50,1,1
22284,19242,17386,116,59491,57613,1860,60154,98749,87,1,1
22285,9814,7583,100,52433,51340,1918,52917,72325,45,1,1
22286,6219,2712,101,59191,58649,28762,59573,97357,18,1,1
22287,15917,8517,100,58784,57676,20980,59286,104792,49,1,1
22288,5908,4206,135,52718,51958,4200,53182,67780,27,1,1
22289,8305,5201,92,39153,38325,1920,39574,55095,33,1,1
22290,4398,196,101,36315,36102,1807,36606,43090,1,1,1
22291,42167,28946,93,69171,66378,24314,69967,165674,134,1,1
22292,14065,6603,108,65776,64863,11208,66289,98258,38,1,1
22293,5838,4038,107,38493,37777,4021,38915,52903,27,1,1
22294,4155,200,99,36714,36503,1819,37018,43273,1,1,1
22295,15266,16058,101,44925,43203,2060,45525,79000,82,1,1
22296,30961,21403,113,104439,102092,1878,105166,159499,107,1,2
22297,12326,7780,107,62152,61096,12756,62647,95603,46,1,1
22298,9955,9080,182,46687,45499,4435,47279,71042,53,1,1
22299,11382,10663,108,42056,40782,1908,42594,66629,58,1,1
22300,4450,203,94,36585,36368,2046,36877,43659,1,1,1
22301,41874,34847,99,71289,68275,10990,72171,159975,153,1,1
22302,10429,8266,104,67433,66345,1874,67923,88585,47,1,1
22303,9618,8204,203,40451,39362,3156,41045,62120,47,1,1
22304,10992,8847,100,41521,40397,1821,42019,63765,50,1,1
22305,8100,5659,103,46192,45300,4362,46637,64852,36,1,1
22306,20839,13677,98,62972,61438,3151,63538,101298,71,1,1
22307,9970,8214,106,68230,67120,1778,68740,88981,49,1,1
22308,18595,19073,145,45969,43967,1804,46689,86255,97,1,1
22309,12469,10921,99,39647,38265,1789,40187,65450,62,1,1
22310,8740,8197,92,46054,44983,5191,46530,68751,47,1,1
22311,14103,11840,95,61161,59760,1820,61719,89572,65,1,1
22312,8580,6200,98,67848,66938,9104,68299,92276,38,1,1
22313,6506,5695,173,37805,36953,3954,38326,54573,35,1,1
22314,10869,10142,99,38214,36961,1832,38736,61665,57,1,1
22315,6653,5090,98,45600,44820,5344,46024,63206,31,1,1
22316,12667,8130,98,60081,59015,1752,60566,83207,47,1,1
22317,15284,14133,128,72441,70849,1882,73066,104460,75,1,1
22318,8661,8607,170,39505,38407,3040,40074,60477,49,1,1
22319,9815,7908,94,30531,29463,1898,31006,50713,47,1,1
22320,4273,304,97,25452,25204,2038,25773,32478,2,1,1
22321,5822,3234,96,42480,41837,5480,42860,57480,23,1,1
22322,11356,7612,93,59971,58965,1841,60427,81327,44,1,1
22323,9777,7467,105,66893,65873,5463,67374,90173,44,1,1
22324,13633,11246,177,34246,32876,2089,34873,61940,62,1,1
22325,9558,6570,97,29701,28761,1868,30153,48245,40,1,1
22326,4473,207,99,23809,23594,2443,24112,31320,1,1,1
22327,23019,24031,95,77780,75331,1880,78527,127553,119,1,1
22328,10615,9973,102,71582,70302,1760,72113,94553,57,1,1
22329,9159,6059,175,29804,28925,1821,30338,47468,36,1,1
22330,7977,4249,87,30432,29694,1783,30828,44928,28,1,1
22331,4490,314,92,24137,23873,1732,24440,31064,3,1,1
22332,25931,24836,101,80553,78095,1786,81307,133954,120,1,1
22333,12110,10425,103,72260,70966,1770,72796,97193,59,1,1
22334,9840,6409,175,29527,28632,2193,30070,48606,37,1,1
22335,8113,4253,100,32279,31577,1882,32683,47023,27,1,1
22336,4593,237,104,24368,24152,1830,24677,31430,1,1,1
22337,21524,23905,92,59315,56960,1824,60034,107379,116,1,1
22338,17679,9505,97,110074,108782,6946,110576,144811,52,1,2
22339,10923,2860,184,55184,54632,3772,55661,73311,18,1,1
22340,42421,9012,96,32308,31224,4864,32790,89180,48,1,1
22341,11717,4070,99,27414,26701,4212,27812,47903,27,1,1
22342,4085,197,95,24495,24278,1887,24804,31056,1,1,1
22343,4265,212,87,17270,17065,1934,17546,24038,1,1,1
22344,3878,1997,94,47320,46855,1162,47673,54800,15,1,1
22345,33151,28928,95,65687,62913,1739,66506,130418,139,1,1
22346,23198,10795,216,78626,77292,1789,79275,115464,61,1,1
22347,4063,199,100,22947,22733,1788,23246,29380,1,1,1
22348,4395,237,101,17981,17770,1858,18290,24869,1,1,1
22349,4346,186,94,20935,20742,1756,21230,27611,1,1,1
22350,20898,20963,103,79871,77726,1720,80564,124233,105,1,1
22351,9858,8214,103,65168,64030,1758,65703,85627,50,1,1
22352,12697,2488,110,56030,55520,1729,56425,73431,17,1,1
22353,4676,202,96,21545,21343,1848,21833,28649,1,1,1
22354,22241,19076,105,63043,61044,1764,63705,106873,97,1,1
22355,14295,15588,95,62820,61135,1968,63425,95547,80,1,1
22356,9590,419,105,66154,65887,1780,66592,78474,3,1,1
22357,37169,39708,112,76669,73050,1828,77691,156678,184,1,1
22358,4237,242,112,23854,23640,2114,24188,30880,1,1,1
22359,16536,16103,100,60867,59091,3163,61489,97383,84,1,1
22360,11002,11146,123,62504,61152,1865,63079,87186,62,1,1
22361,42305,32250,194,76489,73524,11953,77447,164043,150,1,1
22362,13637,7581,114,59362,58335,9753,59858,90921,44,1,1
22363,19297,17511,106,62887,60988,1470,63543,101914,90,1,1
22364,9814,8749,102,59506,58361,1880,60009,80546,50,1,1
22365,41594,30812,183,75084,72287,13367,76012,161883,140,1,1
22366,13478,7510,98,60281,59284,12623,60756,94461,43,1,1
22367,19533,18516,105,60796,58808,1845,61459,101446,95,1,1
22368,7227,5761,93,53040,52161,10545,53474,77099,36,1,1
22369,5147,2646,149,57485,56943,15080,57930,80889,18,1,1
22370,11247,3740,98,58014,57368,13461,58404,87134,24,1,1
22371,22896,26163,108,62338,59770,1832,63128,114112,128,1,1
22372,14511,14246,94,57389,55766,2143,57983,88974,77,1,1
22373,41878,30580,143,74714,71854,19543,75600,167894,143,1,1
22374,13751,3767,103,58422,57778,14859,58822,91291,24,1,1
22375,9460,7365,102,54433,53413,4394,54912,76218,43,1,1
22376,14931,15221,107,70695,68967,1850,71377,103475,82,1,1
22377,41948,30703,115,73736,70974,21933,74582,169455,139,1,1
22378,15009,4710,104,57958,57215,15329,58377,93519,29,1,1
22379,4799,2936,100,42003,41426,5372,42388,55584,20,1,1
22380,10296,3622,95,36780,36149,1868,37166,53044,23,1,1
22381,24001,10907,201,58685,57347,2180,59340,96692,60,1,1
22382,9425,3404,97,58764,58116,31548,59167,103634,23,1,1
22383,14884,7826,109,58837,57802,13662,59326,95794,45,1,1
22384,19079,17681,107,61503,59577,2022,62160,101034,89,1,1
22385,12208,20027,177,58529,57132,1789,59145,93263,60,1,1
22386,41935,30202,105,71514,68657,22193,72345,166953,139,1,1
22387,14921,10454,109,61621,60370,11998,62158,99625,57,1,1
22388,8685,8024,97,52981,51924,4392,53465,74659,46,1,1
22389,11094,10205,147,53466,52213,1803,54040,77236,56,1,1
22390,41901,28625,115,70889,68246,23529,71710,166039,132,1,1
22391,13167,7895,98,58436,57417,11435,58910,91686,44,1,1
22392,16888,17714,123,59895,57997,1812,60571,97072,90,1,1
22393,13151,12569,179,41911,40431,1786,42564,70164,68,1,1
22394,2099,200,98,36732,36522,2650,37037,42073,1,1,1
22395,41596,30657,96,71888,69076,17690,72717,162950,142,1,1
22396,14540,7241,105,58522,57577,8921,58986,89777,40,1,1
22397,8947,8424,96,52542,51433,3628,53019,74108,48,1,1
22398,15096,14351,172,43453,41827,1917,44126,75586,76,1,1
22399,5228,1611,96,95214,94621,22677,95563,125168,12,1,2
22400,14373,8987,106,58457,57375,8831,58965,91247,48,1,1
22401,18965,18237,104,44312,42378,1805,44966,84068,92,1,1
22402,12249,12121,95,50642,49198,1732,51238,77433,65,1,1
22403,4264,195,99,37374,37162,1869,37684,44104,1,1,1
22404,41393,31848,90,71045,68060,22344,71885,167743,149,1,1
22405,9864,7440,102,67925,66894,1815,68392,87602,44,1,1
22406,17558,15210,109,41198,39532,1821,41803,76485,79,1,1
22407,9994,7813,170,38160,37103,1836,38721,58459,46,1,1
22408,7084,4858,102,45835,45057,4722,46261,63019,31,1,1
22409,20034,15888,97,63710,62022,1906,64318,102240,81,1,1
22410,14936,12192,101,72168,70710,1929,72742,101890,68,1,1
22411,17867,16316,141,55772,54004,1929,56533,92739,83,1,1
22412,10061,7770,103,40098,39080,1870,40574,60370,44,1,1
22413,25465,24342,96,78711,76275,1957,79458,131314,120,1,1
22414,13408,10778,105,71955,70608,1828,72494,98780,61,1,1
22415,42887,14062,106,73622,72084,25523,74263,157029,71,1,1
22416,9882,3015,112,24236,23643,16580,24637,54198,20,1,1
22417,20872,8061,89,23904,22864,11232,24373,64623,45,1,1
22418,18330,5796,97,27138,26317,2250,27563,54031,34,1,1
22419,22426,24533,100,76163,73753,1912,76910,125874,120,1,1
22420,16076,18737,209,128962,126841,2510,129991,167459,71,1,1
22421,23089,21456,384,81991,79404,2685,83557,131196,72,1,1
22422,14165,11394,205,45008,43506,2266,45758,73703,53,1,1
22423,4862,317,112,30136,29906,1950,30511,37748,1,1,1
22424,27476,16608,111,75448,73432,4013,76094,124285,87,1,1
22425,11896,11559,102,68057,66574,3004,68603,95157,63,1,1
22426,13791,8627,167,32292,31158,1864,32876,57261,49,1,1
22427,9327,6672,99,29300,28373,2021,29756,47870,38,1,1
22428,4284,194,95,24982,24766,1857,25301,31734,1,1,1
22429,24049,26523,94,76677,74066,1862,77453,129981,130,1,1
22430,10761,7958,158,74462,73354,2143,75028,95987,47,1,1
22431,6009,3819,141,29444,28792,2820,29895,42637,24,1,1
22432,7556,4107,100,30810,30098,1937,31209,44900,27,1,1
22433,3811,197,88,23956,23750,2267,24245,30609,1,1,1
22434,23574,22949,100,81663,79401,1883,82391,130893,112,1,1
22435,12646,10670,100,72697,71370,2088,73237,98733,61,1,1
22436,10770,7835,207,32069,31033,1887,32666,53254,44,1,1
22437,7875,4217,102,30759,30066,1880,31163,45229,27,1,1
22438,21536,23638,114,80414,78117,1848,81164,128283,113,1,1
22439,9902,8457,100,56299,55213,1861,56793,77106,48,1,1
22440,11757,2498,187,56836,56342,3264,57297,74914,16,1,1
22441,9244,4516,102,30592,29878,1912,31007,46772,28,1,1
22442,4270,330,99,22446,22188,1848,22759,29299,3,1,1
22443,4224,386,93,42292,41903,1908,42589,49205,3,1,2
22444,8628,5369,97,47519,46711,4848,47952,66893,33,1,1
22445,7555,1387,95,78593,78086,1791,78938,89762,10,1,2
22446,11611,10411,104,55130,53849,1755,55653,79526,58,1,1
22447,6032,197,140,53998,53796,1792,54355,62468,1,1,1
22448,4193,236,96,22423,22208,1766,22716,29007,1,1,1
22449,4397,233,104,18487,18284,1844,18794,25365,1,1,1
22450,4518,186,87,20586,20394,1740,20866,27399,1,1,1
22451,23283,21743,100,62215,60078,1825,62904,109849,105,1,1
22452,11603,9391,95,52334,51199,7929,52840,81856,51,1,1
22453,4394,198,122,54189,53979,1757,54527,60969,1,1,1
22454,9659,865,178,55177,54857,1880,55590,68090,6,1,1
22455,4762,196,102,21740,21538,1737,22038,28823,1,1,1
22456,18016,16495,103,61352,59603,1733,61975,98314,84,1,1
22457,10983,9993,164,60985,59754,2182,61568,84818,56,1,1
22458,9550,375,96,54690,54430,2209,55005,67233,3,1,1
22459,33859,38531,170,77065,73483,1569,78105,152165,181,1,1
22460,20845,18154,139,61917,60059,1859,62619,103578,90,1,1
22461,9755,8884,106,55698,54544,1880,56198,76813,51,1,1
22462,42196,29494,182,85013,82273,12227,85942,169970,136,1,1
22463,14217,5728,107,59862,59030,11054,60320,91431,34,1,1
22464,15932,14614,104,57198,55572,1878,57805,90508,76,1,1
22465,11262,8712,94,45166,43997,1832,45663,67565,51,1,1
22466,12894,11196,105,46049,44664,1829,46598,72611,63,1,1
22467,50056,35565,196,75788,72603,11421,76791,174105,162,1,1
22468,12598,7515,105,57113,56141,12101,57598,89907,41,1,1
22469,19407,20097,107,66266,64186,1788,66941,108330,100,1,1
22470,17144,9023,125,59370,58164,1810,59928,88154,53,1,1
22471,41945,33491,184,76191,73154,10752,77136,163615,152,1,1
22472,13481,7994,98,60189,59154,11973,60661,94209,45,1,1
22473,22419,22423,107,62590,60350,1756,63305,110000,110,1,1
22474,13558,12852,100,56081,54536,1853,56646,85185,71,1,1
22475,42136,28571,193,75149,72454,19707,76068,166777,135,1,1
22476,14233,9129,102,59801,58693,14491,60305,98248,49,1,1
22477,9016,6794,103,55684,54732,3978,56136,76020,40,1,1
22478,10984,9643,165,53850,52620,1817,54420,76957,55,1,1
22479,2700,886,173,57140,56815,26305,57568,87555,7,1,1
22480,13088,7213,103,60611,59637,11418,61094,92907,42,1,1
22481,7942,7674,104,54207,53170,4460,54690,74859,44,1,1
22482,12287,12244,103,55681,54219,1800,56243,82665,68,1,1
22483,1549,395,179,56923,56667,30275,57330,89647,3,1,1
22484,11790,7394,102,58921,57944,14940,59379,93603,42,1,1
22485,9620,8979,177,52672,51531,3478,53237,75412,50,1,1
22486,12771,17510,109,56835,55492,2480,57385,90241,61,1,1
22487,42246,28518,185,72103,69483,27819,72996,171863,132,1,1
22488,12640,5812,102,58384,57544,14384,58835,91764,34,1,1
22489,23943,25524,112,61286,58794,1488,62073,113125,124,1,1
22490,13655,12471,103,56623,55180,1622,57204,85047,67,1,1
22491,2599,744,174,57856,57539,29910,58281,91622,6,1,1
22492,13033,3888,98,57395,56737,11517,57791,86322,24,1,1
22493,525,234,106,23046,22829,1079,23361,25293,1,1,1
22494,41816,9646,102,33111,31935,58264,33611,143429,52,1,1
22495,8811,476,97,36384,36111,2055,36705,48132,4,1,1
22496,14009,4294,97,28896,28199,14453,29294,62142,27,1,1
22497,19955,6881,99,30147,29252,9522,30630,67082,38,1,1
22498,1704,196,137,36490,36283,2589,36847,41422,1,1,1
22499,42009,26970,107,69299,66787,14169,70078,153510,126,1,1
22500,11201,5822,141,59724,58848,9443,60204,86762,36,1,1
22501,22433,22447,103,46625,44375,1797,47351,94124,111,1,1
22502,15141,14590,97,77222,75471,1696,77814,109332,76,1,2
22503,42462,29955,199,70802,68029,28233,71735,172471,139,1,1
22504,10157,8731,102,68489,67349,1717,68993,89688,51,1,1
22505,2802,1740,102,35641,35187,5808,36004,46638,13,1,1
22506,13829,12354,103,44342,42906,2407,44912,73598,67,1,1
22507,4110,236,174,37085,36880,1848,37475,43756,1,1,1
22508,11966,391,85,55469,55216,27283,55764,95496,3,1,1
22509,14060,13791,104,71175,69620,1759,71763,101649,73,1,1
22510,10060,8111,104,39528,38452,2980,40012,61250,47,1,1
22511,13123,12715,101,38655,37173,1816,39222,66960,69,1,1
22512,2035,822,95,52150,51816,6282,52530,61767,7,1,1
22513,16012,10664,108,63773,62433,1812,64306,92892,59,1,1
22514,10583,9041,105,69954,68770,1911,70465,92092,52,1,1
22515,19210,20029,108,45842,43815,1794,46518,87638,98,1,1
22516,10964,9069,93,37098,35953,2079,37597,59794,51,1,1
22517,27044,26808,182,77204,74582,1776,78087,133808,129,1,1
22518,11956,10777,102,70571,69224,2088,71124,96038,62,1,1
22519,10690,8671,108,37802,36690,3119,38288,60858,49,1,1
22520,10988,9841,95,30757,29545,1799,31253,53967,55,1,1
22521,4630,313,92,24562,24306,1771,24858,31659,3,1,1
22522,19980,17956,212,76920,74990,1931,77707,117847,93,1,1
22523,11010,9139,98,67892,66700,1727,68407,90375,53,1,1
22524,9316,6907,106,37207,36239,3198,37667,57177,40,1,1
22525,10472,7569,110,29822,28806,1832,30310,50276,44,1,1
22526,7158,2612,102,96186,95533,1740,96620,108225,18,1,2
22527,7553,5179,102,45026,44211,3539,45463,61832,33,1,1
22528,14523,9268,99,57922,56787,1741,58427,84051,51,1,1
22529,8878,5412,98,29148,28308,2889,29582,46848,34,1,1
22530,7532,4181,100,28599,27890,1873,29000,42672,28,1,1
22531,4214,236,106,25112,24899,1836,25437,31818,1,1,1
22532,17752,18491,109,90149,88216,1857,90863,129062,93,1,1
22533,10544,9692,107,75232,74013,1829,75757,97914,55,1,1
22534,7259,4308,102,28371,27624,2643,28786,43090,29,1,1
22535,7936,4087,96,30489,29807,2092,30884,45091,26,1,1
22536,4093,198,95,24611,24390,2088,24901,31364,1,1,1
22537,26292,28392,107,92709,89992,1859,93565,150201,136,1,1
22538,14204,13589,107,74057,72514,1723,74648,104256,72,1,1
22539,6261,2240,99,29462,28955,2398,29829,40816,16,1,1
22540,4349,337,92,23635,23380,1823,23942,30536,3,1,1
22541,4530,197,95,23690,23458,1701,23985,30495,1,1,1
22542,4459,207,86,16803,16607,1716,17080,23544,1,1,1
22543,21128,19664,101,77863,75816,1727,78536,121150,98,1,1
22544,12612,12026,147,76517,75078,1784,77131,103649,67,1,1
22545,8267,3868,101,29572,28907,1796,29969,43989,25,1,1
22546,4168,591,100,21726,21433,1798,22041,28680,5,1,1
22547,4294,197,128,25170,24956,1886,25519,31981,1,1,1
22548,5256,1117,94,57562,57061,1753,57907,66125,9,1,2
22549,13105,12123,102,80231,78839,1791,80872,107986,64,1,1
22550,11332,11417,112,56667,55307,1751,57214,81806,63,1,1
22551,5569,199,86,52421,52217,3017,52724,61591,1,1,1
22552,4302,209,132,24981,24749,1776,25315,31688,1,1,1
22553,4476,233,96,18367,18162,1439,18669,24911,1,1,1
22554,4530,186,90,21647,21453,1857,21938,28602,1,1,1
22555,1774,504,93,38221,37955,1057,38535,41961,4,1,1
22556,41687,54818,191,95570,91898,1792,96656,195047,189,1,1
22557,10314,9447,102,58454,57255,2004,58953,80809,54,1,1
22558,6955,4468,97,58430,57724,10000,58832,80344,27,1,1
22559,4056,199,96,22459,22229,1733,22766,28839,1,1,1
22560,28168,27708,101,74283,71594,1787,75143,132900,135,1,1
22561,14006,13480,107,60873,59298,1964,61458,91000,73,1,1
22562,6552,807,92,56513,56199,1845,56839,66135,6,1,1
22563,1583,207,103,53712,53500,12387,54028,68286,1,1,1
22564,16614,16046,98,60738,59000,1772,61344,95864,83,1,1
22565,11324,9209,140,57212,56026,1834,57762,80224,53,1,1
22566,41396,38117,94,76964,73515,9169,77895,166859,175,1,1
22567,13146,7425,106,59241,58219,9611,59728,90203,44,1,1
22568,16465,15968,142,63387,61652,1776,64039,98336,82,1,1
22569,11097,9012,183,58896,57729,1956,59504,81664,52,1,1
22570,9427,4384,97,59266,58555,17370,59681,90956,27,1,1
22571,13825,9029,103,60607,59458,11616,61104,95667,51,1,1
22572,25106,24781,108,61065,58644,1814,61816,113610,120,1,1
22573,8595,7066,212,59410,58417,1930,59997,77684,42,1,1
22574,41753,32481,96,74207,71162,23529,75064,173122,152,1,1
22575,14480,7128,99,60058,59076,15824,60526,98059,41,1,1
22576,42316,17383,107,77572,75671,20471,78257,158716,85,1,1
22577,21865,10313,110,43158,41916,4891,43676,80840,56,1,1
22578,8282,2128,94,28644,28171,14888,29009,54402,15,1,1
22579,21073,12906,101,52001,50604,10070,52551,96694,65,1,1
22580,41478,38737,140,75911,72324,10555,76923,167991,178,1,1
22581,17471,10040,100,59094,57915,14740,59614,101959,53,1,1
22582,8425,7133,148,54670,53652,4658,55206,75519,42,1,1
22583,9981,8614,99,54941,53799,1824,55441,75953,50,1,1
22584,41736,30058,109,71805,69061,28769,72635,173294,137,1,1
22585,11146,4394,101,58254,57534,24094,58672,98401,28,1,1
22586,7016,4081,138,54266,53580,4927,54714,70833,26,1,1
22587,12140,11068,103,55112,53766,1856,55660,80815,61,1,1
22588,42286,26701,112,70466,67908,26167,71264,166706,128,1,1
22589,13866,8175,107,74971,73911,14330,75541,112006,46,1,1
22590,18223,19626,115,63271,61223,2008,63951,103903,99,1,1
22591,12363,12142,103,60075,58643,1850,60634,87082,66,1,1
22592,42104,29076,104,72687,70002,22688,73494,167653,134,1,1
22593,23880,6248,139,60338,59428,10601,60832,101662,37,1,1
22594,19903,21604,105,61418,59231,1820,62127,105548,107,1,1
22595,10559,10070,95,53484,52251,1892,53998,76614,56,1,1
22596,2553,596,102,56630,56296,29401,56957,89603,5,1,1
22597,14217,4666,100,65314,64587,9887,65769,94637,28,1,1
22598,22290,22839,112,57594,55309,1775,58320,105329,112,1,1
22599,17090,16992,99,42300,40454,1780,42920,78877,88,1,1
22600,4566,210,104,37020,36806,1744,37340,43955,1,1,1
22601,48340,24479,137,70637,68229,16211,71439,160716,118,1,1
22602,17832,13084,147,62591,61098,8417,63198,102817,68,1,1
22603,5687,4261,102,38996,38264,4639,39409,54091,28,1,1
22604,11686,8989,104,40467,39293,1813,40977,63558,52,1,1
22605,4621,294,87,36566,36330,1893,36869,43770,2,1,1
22606,42217,26651,96,69012,66431,25903,69791,164848,127,1,1
22607,14231,13181,167,72383,70800,1821,73038,102367,72,1,1
22608,23453,25486,103,50474,47962,2007,51232,102275,122,1,1
22609,13101,13344,100,44670,43126,2549,45250,74335,73,1,1
22610,6968,4764,94,46966,46209,5107,47391,64324,30,1,1
22611,18690,12951,93,63211,61715,1708,63775,97400,69,1,1
22612,15394,16098,143,71881,70119,1718,72554,106041,85,1,1
22613,18874,17246,105,41933,40091,1756,42583,80554,89,1,1
22614,12754,12677,98,39674,38190,1737,40237,67496,69,1,1
22615,9567,8165,104,67883,66791,4946,68382,91157,48,1,1
22616,16771,16325,143,74635,72806,1716,75316,110223,87,1,1
22617,9521,7429,101,40182,39177,3526,40657,61228,44,1,1
22618,9783,7870,96,38548,37481,1794,39025,58566,46,1,1
22619,8927,6495,105,46602,45698,4968,47064,67548,38,1,1
22620,14670,10693,104,63830,62530,1701,64370,91531,60,1,1
22621,9813,7805,176,69536,68464,1702,70097,89509,47,1,1
22622,15874,12814,102,39045,37568,1784,39617,70182,69,1,1
22623,11662,10009,100,30426,29181,1684,30942,54387,57,1,1
22624,2978,195,91,24791,24585,2328,25089,30672,1,1,1
22625,24728,28866,98,75315,72556,1748,76128,131751,138,1,1
22626,14993,13338,154,69391,67877,3022,70021,101471,71,1,1
22627,9196,7263,107,37923,36940,3018,38394,57963,42,1,1
22628,10544,7007,96,29816,28841,2302,30264,50211,42,1,1
22629,20366,19784,108,73734,71653,1746,74428,116417,100,1,1
22630,21796,12600,189,75341,73850,1755,76029,112275,70,1,1
22631,13655,10633,105,34382,33123,1720,34916,61011,57,1,1
22632,8400,3719,94,27529,26872,1815,27924,41948,24,1,1
22633,4129,236,101,24759,24550,1754,25064,31270,1,1,1
22634,8732,6163,94,46033,45121,4040,46478,65506,38,1,1
22635,16989,10307,92,60693,59462,1688,61201,90276,56,1,1
22636,11190,9262,143,73696,72533,1714,74279,96542,52,1,1
22637,9986,5739,103,28686,27837,1697,29130,46643,35,1,1
22638,7367,4364,92,29572,28838,1742,29970,43529,28,1,1
22639,4436,224,101,24577,24367,1735,24876,31357,1,1,1
22640,21170,19154,96,78304,76337,1661,78962,121042,96,1,1
22641,10242,7930,153,74032,72965,1760,74585,94617,46,1,1
22642,9165,3826,105,32150,31490,1756,32570,47412,25,1,1
22643,4370,1134,98,22404,22040,1750,22741,30079,9,1,1
22644,4624,533,97,41529,41064,1722,41845,48809,5,1,2
22645,23290,24749,97,82184,79780,1497,82933,132556,120,1,1
22646,11272,8843,215,58787,57620,1737,59420,81372,52,1,1
22647,4156,228,98,54249,54033,2305,54547,61324,1,1,1
22648,1722,314,96,27202,26940,945,27517,30589,3,1,1
22649,12166,3217,93,25740,25072,1792,26110,43377,20,1,2
22650,19643,20134,106,82350,80339,1759,83031,124659,98,1,1
22651,10843,8238,102,63584,62498,2214,64113,85502,47,1,1
22652,13786,3613,104,55468,54859,1712,55880,75083,22,1,1
22653,9653,198,107,22672,22454,1706,22980,34632,1,1,1
22654,4380,319,146,19658,19412,1724,20027,26549,2,1,1
22655,11661,1320,93,22800,22401,2156,23144,38368,11,1,1
22656,16470,15282,104,58022,56318,3381,58637,94045,81,1,1
22657,11420,9204,93,50416,49280,8850,50899,80477,51,1,1
22658,17652,23567,157,61192,59677,1873,61831,105022,71,1,1
22659,9827,557,89,53677,53397,2224,53988,66684,4,1,1
22660,41531,42618,109,77603,73790,4802,78623,167662,193,1,1
22661,4222,231,101,21910,21687,1728,22202,28477,1,1,1
22662,26290,27741,112,72972,70239,1750,73788,129854,135,1,1
22663,20020,10459,198,62332,60999,2353,62990,95915,60,1,1
22664,6750,196,95,55067,54853,1711,55363,64108,1,1,1
22665,12792,12517,103,66581,65111,5741,67151,98291,68,1,1
22666,17727,15828,105,62302,60564,1749,62931,98321,83,1,1
22667,10114,20413,146,58089,56908,2157,58636,91414,52,1,1
22668,42019,33306,96,72355,69323,13369,73208,161989,153,1,1
22669,13021,9219,100,60062,58876,10000,60577,92906,53,1,1
22670,14665,12194,104,59304,57831,1780,59874,88606,69,1,1
22671,8312,6465,168,58304,57380,2263,58831,75965,39,1,1
22672,7313,4669,98,59393,58665,14043,59814,85929,28,1,1
22673,12985,7064,105,58857,57900,13248,59329,92717,40,1,1
22674,22987,22080,104,63969,61686,1700,64685,111539,110,1,1
22675,10241,9654,183,59447,58206,2441,60046,82477,55,1,1
22676,9759,3769,96,59701,59042,29716,60104,103442,24,1,1
22677,14021,7338,106,58949,57954,16702,59411,97566,42,1,1
22678,10256,10081,100,61384,60117,3670,61910,86013,56,1,1
22679,13213,19561,177,58794,57326,2271,59436,94762,67,1,1
22680,4698,596,98,56907,56623,27289,57232,89901,5,1,1
22681,12831,7561,98,57794,56751,12763,58270,91519,44,1,1
22682,7677,6478,96,53302,52373,4186,53741,72167,39,1,1
22683,13094,13114,104,70838,69308,2476,71469,100248,72,1,1
22684,4104,1921,109,58505,58013,30214,58871,95196,14,1,1
22685,13625,7609,107,59201,58185,14356,59677,95358,43,1,1
22686,19040,19711,105,59647,57650,1834,60323,100996,97,1,1
22687,12936,13180,99,56257,54717,2236,56819,85255,72,1,1
22688,41950,25581,140,69280,66800,23848,70075,161733,122,1,1
22689,13941,8644,104,59433,58300,12916,59932,95528,48,1,1
22690,20579,23323,96,59215,56925,1780,59943,105719,113,1,1
22691,12247,11316,100,62686,61340,2215,63274,89146,62,1,1
22692,1377,496,102,56560,56288,31004,56895,89858,4,1,1
22693,10277,4012,102,57460,56756,13050,57853,85283,25,1,1
22694,7805,6710,105,53792,52825,4319,54256,73179,41,1,1
22695,9570,7711,112,56236,55195,2309,56735,76419,45,1,1
22696,41653,29268,183,71828,69107,24868,72741,168624,136,1,1
22697,14739,7675,106,58787,57767,12149,59279,93932,42,1,1
22698,5935,4824,105,51707,50924,3693,52126,66681,31,1,1
22699,13023,12371,101,40198,38764,2301,40754,68538,67,1,1
22700,4476,200,190,37764,37552,2080,38161,45010,1,1,1
22701,42212,27904,97,69684,67014,27804,70465,168670,132,1,1
22702,11614,5415,100,58259,57428,14168,58693,89980,33,1,1
22703,9510,9100,101,40600,39405,4514,41104,64322,53,1,1
22704,14582,13169,104,39590,38037,1761,40173,69769,73,1,1
22705,4375,204,176,37187,36977,1738,37562,43961,1,1,1
22706,42466,25317,98,68652,66135,26114,69408,163601,122,1,1
22707,9534,8961,105,69702,68511,2223,70212,91023,52,1,1
22708,2133,1488,101,36187,35780,947,36537,41193,11,1,1
22709,26856,28309,97,44937,42125,1722,45740,102896,135,1,2
22710,3991,2452,166,45001,44491,5678,45444,57839,17,1,1
22711,16203,9472,94,63887,62699,5268,64393,95430,53,1,1
22712,14245,13018,100,71046,69493,1751,71622,100728,72,1,1
22713,18985,19511,135,47585,45530,1810,48296,88689,99,1,1
22714,13794,12358,102,46639,45206,1770,47245,75263,67,1,1
22715,24266,25237,120,77886,75405,2349,78672,130611,124,1,1
22716,12322,10931,104,69710,68351,1667,70257,95270,62,1,1
22717,9134,8317,102,39863,38796,3582,40350,61475,46,1,1
22718,9402,7473,95,49843,48819,1921,50349,69243,44,1,1
22719,19836,17133,116,76403,74577,2382,77051,116497,87,1,1
22720,9230,7192,99,66415,65385,2184,66891,85588,44,1,1
22721,6326,4638,107,35129,34373,3577,35544,50176,29,1,1
22722,12107,9370,94,31721,30539,1745,32208,55515,53,1,1
22723,4427,236,141,25289,25077,2134,25627,32511,1,1,1
22724,17391,16584,116,73507,71674,1747,74151,109973,86,1,1
22725,14490,13946,104,71638,70037,1762,72233,102520,75,1,1
22726,1804,230,97,40767,40549,32003,41080,75226,1,1,1
22727,16440,4114,109,22625,21968,20466,23044,64157,25,1,1
22728,19515,6582,96,62372,61356,3328,62864,92577,37,1,2
22729,23580,25240,103,77264,74803,1932,78015,128861,121,1,1
22730,11522,9733,98,71968,70738,1718,72484,95551,55,1,1
22731,7206,4855,124,30693,29924,3404,31145,46707,30,1,1
22732,9569,4765,93,27311,26560,1749,27711,43887,30,1,1
22733,4581,200,168,24407,24201,1764,24773,31414,1,1,1
22734,17827,19100,96,71633,69671,2573,72297,111891,96,1,1
22735,13731,13179,106,76245,74710,2699,76834,106536,72,1,1
22736,9633,6352,103,28409,27515,1948,28855,46885,37,1,1
22737,7581,3604,93,29152,28495,1940,29534,42752,24,1,1
22738,4098,241,90,24276,24065,1709,24573,30717,1,1,1
22739,23550,21351,210,81215,79038,2128,82043,129171,106,1,1
22740,11076,9308,104,73230,72014,1392,73748,95618,54,1,1
22741,8677,2455,100,29005,28466,1743,29374,42344,17,1,1
22742,4556,199,88,20829,20618,1704,21117,27668,1,1,1
22743,2193,200,94,24223,24004,2359,24537,29369,1,1,1
22744,4123,215,88,16886,16691,1746,17178,23352,1,1,1
22745,25986,27275,180,80913,78301,1787,81773,136917,130,1,1
22746,12648,11088,101,59106,57778,1709,59646,85185,61,1,1
22747,4051,226,87,53647,53439,1692,53928,59992,1,1,1
22748,4199,200,95,21612,21410,1687,21901,28078,1,1,1
22749,4581,212,92,17065,16861,1697,17354,23931,1,1,1
22750,4309,191,95,20474,20277,1682,20765,27038,1,1,1
22751,25032,32539,147,79509,77040,1703,80319,139688,122,1,1
22752,11367,10064,103,58359,57105,1715,58884,82124,57,1,1
22753,13883,2892,91,56396,55859,1688,56760,75317,18,1,1
22754,4189,198,122,23995,23779,1681,24329,30490,1,1,1
22755,4060,205,140,19783,19578,1692,20137,26189,1,1,1
22756,4260,195,93,24417,24228,1687,24707,30950,1,1,1
22757,31692,20388,188,61516,59392,2860,62318,117355,102,1,1
22758,10888,9701,103,54810,53569,7080,55328,83089,56,1,1
22759,5503,335,90,54735,54482,2586,55045,63562,3,1,1
22760,38068,46632,108,78585,74419,1701,79659,166347,210,1,1
22761,4611,185,155,23552,23339,1794,23926,30613,1,1,1
22762,16422,14401,100,55611,54042,1724,56194,88838,75,1,1
22763,9380,7067,94,55314,54314,1708,55772,74020,43,1,1
22764,41531,32357,109,73963,71001,13903,74827,162898,150,1,1
22765,11271,7075,104,57189,56233,10644,57655,86738,40,1,1
22766,20287,19344,183,60755,58743,1716,61524,102966,98,1,1
22767,9040,7068,95,42289,41284,1702,42755,60657,43,1,1
22768,12864,12874,101,45554,44105,1685,46110,73628,68,1,1
22769,41748,27923,96,72879,70209,12931,73661,156547,133,1,1
22770,13957,9042,107,59500,58351,17558,60010,100664,51,1,1
22771,17829,15874,181,61290,59589,1722,61980,97516,81,1,1
22772,9475,7244,96,56536,55547,1728,57005,75545,43,1,1
22773,7491,3215,102,57903,57309,15906,58304,85014,21,1,1
22774,12110,6499,104,59001,58112,12139,59472,90313,37,1,1
22775,9654,7682,184,56628,55580,4293,57208,78931,45,1,1
22776,8333,6686,101,43682,42749,1750,44136,60989,40,1,1
22777,9616,5265,92,39088,38263,1756,39505,56234,32,1,1
22778,8849,4148,96,57173,56472,24043,57591,94727,27,1,1
22779,11767,8214,110,59933,58859,15978,60428,96479,46,1,1
22780,19073,17162,145,59197,57392,1716,59890,98123,87,1,1
22781,11186,10136,100,56468,55207,1705,56998,80118,58,1,1
22782,41880,27804,107,70899,68252,25787,71710,167460,132,1,1
22783,13625,6546,102,58803,57891,14853,59260,94377,37,1,1
22784,7770,6952,134,53962,52996,4561,54460,73835,41,1,1
22785,12297,11812,97,57066,55639,1801,57614,83608,66,1,1
22786,2166,867,99,55227,54894,24053,55569,82749,7,1,1
22787,15446,9801,108,61179,60003,13659,61689,100685,52,1,1
22788,6096,5658,132,52824,51969,4695,53301,69844,35,1,1
22789,11953,10118,104,53202,51955,1749,53736,77640,57,1,1
22790,310,236,94,54702,54489,952,55011,56605,1,1,1
22791,48178,28550,121,10280,7573,38933,11095,126993,135,1,1
22792,25786,22340,92,77512,75295,10751,78250,137218,110,1,1
22793,8505,6741,99,53422,52475,3800,53880,73020,40,1,1
22794,9603,8004,98,53284,52215,1735,53758,73187,47,1,1
22795,41942,27139,109,69990,67401,27026,70784,167184,129,1,1
22796,16052,7094,111,74064,73081,13027,74586,110856,41,1,1
22797,9202,8208,117,58643,57558,3125,59139,79767,47,1,1
22798,7925,4433,98,51829,51093,1746,52240,66431,29,1,1
22799,41781,27790,113,70255,67612,28287,71063,169203,131,1,1
22800,14926,8212,107,66367,65288,12672,66909,102815,46,1,1
22801,6611,5546,107,52014,51186,3914,52459,68617,34,1,1
22802,12770,12328,100,42552,41100,1777,43098,70055,67,1,1
22803,4384,237,103,36640,36431,2237,36955,43901,1,1,1
22804,1374,190,95,52824,52602,947,53133,55736,1,1,1
22805,42235,39283,143,10651,7813,29277,11508,122594,141,1,1
22806,26733,17305,95,64683,62873,7820,65311,117264,88,1,1
22807,5548,1212,102,23678,23306,34325,24037,65208,9,1,1
22808,20061,1254,98,21053,20705,26804,21392,69595,9,1,1
22809,34492,15532,92,32965,31333,10411,33553,94082,78,1,1
22810,14532,4183,92,30469,29809,16064,30852,65718,25,1,1
22811,28142,13401,104,41725,40204,8604,42307,92537,71,1,1
22812,4472,205,119,38423,38211,1806,38769,45336,1,1,1
22813,42109,35632,202,69024,66400,13036,69923,160795,130,1,1
22814,12756,11619,97,70681,69246,1803,71236,97503,65,1,1
22815,6459,5264,104,38490,37672,4245,38932,54988,33,1,1
22816,9990,8001,90,37733,36667,1756,38190,58022,46,1,1
22817,10105,6963,100,47278,46318,3603,47742,68506,41,1,1
22818,25455,10859,167,62771,61405,1814,63397,101794,61,1,1
22819,14033,11427,99,71171,69766,1686,71718,98954,64,1,1
22820,19093,16898,108,43350,41559,1778,43989,81851,86,1,1
22821,13466,11482,101,38936,37559,1700,39469,66202,63,1,1
22822,7808,6560,104,45796,44855,4387,46260,65111,40,1,1
22823,14259,11311,180,60664,59326,1765,61302,88731,61,1,1
22824,14375,12238,108,72415,70975,1726,72984,101416,67,1,1
22825,19002,17787,106,44525,42652,1688,45174,83744,91,1,1
22826,11176,10297,110,37804,36568,1706,38327,61592,56,1,1
22827,25213,27233,113,86479,83806,1733,87359,141632,133,1,1
22828,13397,13376,101,72337,70770,2088,72926,101879,74,1,1
22829,6933,5171,102,36212,35404,2896,36632,51726,32,1,1
22830,16607,6409,107,30617,29689,1747,31110,55967,39,1,1
22831,4079,199,93,24921,24716,1705,25221,31287,1,1,1
22832,22735,29209,198,75816,73610,1722,76624,130375,109,1,1
22833,13658,13332,106,72131,70553,1673,72718,101472,74,1,1
22834,15538,11113,105,31100,29787,1730,31641,60108,60,1,1
22835,7573,3982,91,27098,26416,1748,27492,40878,26,1,1
22836,4365,209,95,24206,24002,2092,24498,31244,1,1,1
22837,24134,24621,104,87847,85404,1377,88686,138913,121,1,1
22838,10495,9657,109,71231,70014,2087,71752,94083,55,1,1
22839,5438,3387,103,28358,27750,4108,28746,41773,22,1,1
22840,8252,5544,100,31134,30290,1430,31557,46868,34,1,1
22841,20496,19302,104,76755,74771,1716,77418,119026,96,1,1
22842,10911,8896,183,50932,49796,1793,51512,73208,51,1,1
22843,6530,2429,95,54289,53791,7312,54655,71019,16,1,1
22844,11757,7045,106,29707,28767,1722,30157,50770,40,1,1
22845,7512,3329,97,31735,31126,1711,32121,44757,22,1,1
22846,4181,232,94,24482,24272,1711,24802,31013,1,1,1
22847,15991,15120,96,55031,53395,4121,55628,90951,78,1,1
22848,10610,4120,146,57401,56705,1874,57862,74560,27,1,1
22849,14216,12832,98,71686,70194,1701,72273,101116,70,1,1
22850,9031,3878,105,29976,29287,2060,30380,45435,26,1,1
22851,5002,334,95,30648,30380,1900,30955,38294,3,1,1
22852,4305,204,102,25799,25595,1724,26125,32444,1,1,1
22853,4747,196,95,16977,16782,1681,17265,23972,1,1,1
22854,21429,21605,100,67054,64883,1748,67808,112683,107,1,1
22855,11778,197,91,53445,53252,5811,53745,71620,1,1,1
22856,10751,8793,106,53992,52859,1646,54494,75769,50,1,1
22857,14386,4060,95,56421,55777,2241,56825,77606,24,1,1
22858,4532,228,104,22019,21809,1722,22318,28885,1,1,1
22859,4379,370,96,39729,39335,2468,40037,47338,3,1,2
22860,28783,27609,98,97693,95074,2113,98539,157143,131,1,1
22861,11048,8978,97,52305,51114,1754,52799,74670,52,1,1
22862,14360,2500,94,56160,55666,1764,56527,75247,16,1,1
22863,3297,193,92,21534,21320,3084,21831,28497,1,1,1
22864,5887,4568,96,52726,51995,6053,53148,69743,29,1,1
22865,13680,13457,155,62063,60550,1705,62688,91623,71,1,1
22866,5366,198,102,54693,54483,1687,54995,62329,1,1,1
22867,41276,45943,117,78232,74108,3424,79312,170049,209,1,1
22868,4264,197,98,22039,21821,1728,22339,28620,1,1,1
22869,2093,642,93,28624,28336,996,28938,32763,5,1,1
22870,37480,29043,192,54994,52140,1794,55919,124329,142,1,1
22871,11513,10940,90,61124,59803,2400,61644,86588,61,1,1
22872,41969,29268,104,73818,71091,14471,74669,160471,137,1,1
22873,8159,5293,98,65319,64541,12003,65733,91289,31,1,1
22874,21431,20947,116,73180,71048,1851,73936,118259,102,1,1
22875,10902,8616,110,56411,55278,2307,56927,78837,51,1,1
22876,41759,30434,95,74981,72130,12157,75812,160456,143,1,1
22877,14645,8187,99,60035,59019,10035,60497,93457,44,1,1
22878,18359,18132,166,59501,57582,1851,60215,98654,91,1,1
22879,8359,6748,95,54083,53134,2185,54525,71903,40,1,1
22880,41634,39184,101,76407,72890,5489,77356,163944,178,1,1
22881,11339,7759,101,59222,58181,12202,59706,91099,45,1,1
22882,7471,6130,138,54127,53201,4691,54629,73017,38,1,1
22883,12173,11551,100,57749,56360,2240,58302,84349,64,1,1
22884,10553,3550,103,58284,57677,22164,58674,95032,22,1,1
22885,15048,7886,102,60332,59281,12079,60826,95930,46,1,1
22886,7192,5542,177,42343,41504,4030,42861,59717,34,1,1
22887,15721,12517,101,44576,43193,2318,45122,75958,64,1,1
22888,14357,12490,100,58499,57053,1788,59057,87779,67,1,1
22889,7208,1685,96,56450,56009,28115,56805,93899,13,1,1
22890,42346,34684,119,73330,70219,9493,74235,161028,158,1,1
22891,1338,370,137,44066,43812,36741,44416,82963,3,1,1
22892,20643,3798,100,34756,34156,29984,35146,89665,22,1,1
22893,34748,23436,98,53756,51444,18776,54471,131525,114,1,1
22894,9078,3842,94,29869,29225,15886,30251,59150,24,1,1
22895,28730,14063,102,41826,40184,10209,42405,95499,73,1,1
22896,22724,8157,94,40870,39774,1745,41348,74069,47,1,1
22897,41665,38906,96,88555,85060,8714,89543,178921,177,1,1
22898,11857,7045,100,60224,59281,7382,60681,87058,40,1,1
22899,18972,20387,107,59422,57320,2215,60104,101775,101,1,1
22900,14710,14112,112,55284,53696,1729,55888,86531,74,1,1
22901,526,317,90,55762,55505,1010,56066,58016,2,1,1
22902,54301,37637,252,11180,8267,40937,12163,145358,143,1,1
22903,42433,35689,328,82032,79211,7653,83745,169821,130,1,1
22904,19294,22447,113,66572,64280,1805,67293,110935,109,1,1
22905,12180,10771,99,54730,53396,1753,55263,80067,59,1,1
22906,3376,252,140,55987,55777,20935,56346,80998,1,1,1
22907,11825,7517,99,61306,60291,8817,61777,90032,43,1,1
22908,8615,7770,106,55392,54322,3241,55885,75607,45,1,1
22909,8735,6644,106,41794,40854,1778,42275,59521,40,1,1
22910,4539,203,89,36745,36546,10542,37046,52414,1,1,1
22911,42028,23037,136,68593,66350,24175,69352,158687,109,1,1
22912,12235,4478,103,57567,56867,13452,57982,88240,27,1,1
22913,8549,7410,104,39247,38255,4034,39707,59795,42,1,1
22914,4305,201,90,35595,35393,1708,35899,42197,1,1,1
22915,17311,18118,98,42742,40892,2089,43372,80982,90,1,1
22916,3441,241,177,37612,37403,1688,38007,43474,1,1,1
22917,10378,5413,93,58624,57839,24581,59048,99514,32,1,1
22918,13829,7062,105,58233,57278,11369,58692,91045,40,1,1
22919,5635,4269,95,38168,37468,4167,38580,52947,27,1,1
22920,11980,11465,103,40428,39085,2403,40966,66905,62,1,1
22921,4035,199,92,35800,35594,1718,36095,42134,1,1,1
22922,41516,28541,181,69449,66808,18991,70322,159667,131,1,1
22923,11918,9963,102,70389,69175,1708,70909,94589,54,1,1
22924,10225,8697,102,40010,38863,3281,40513,62811,51,1,1
22925,11836,10159,98,38977,37732,1728,39489,63306,57,1,1
22926,5756,4219,99,51905,51202,5589,52370,68030,27,1,1
22927,16803,14390,103,62758,61160,1712,63360,96358,75,1,1
22928,14462,14509,103,72872,71235,1652,73467,104182,77,1,1
22929,10434,9288,105,39356,38170,3093,39863,62773,53,1,1
22930,13719,12160,124,47050,45649,1772,47624,75370,65,1,1
22931,38441,31738,187,80804,77879,1708,81752,153735,148,1,1
22932,9946,8550,106,69032,67880,1994,69534,90300,50,1,1
22933,10317,8915,100,40739,39604,3332,41233,64081,50,1,1
22934,12784,10770,98,39274,38023,1749,39799,65188,57,1,1
22935,35747,22348,171,77470,75212,1453,78263,138095,109,1,1
22936,10408,8891,102,69598,68465,1447,70091,90930,50,1,1
22937,13337,9946,105,38047,36810,1507,38561,63447,54,1,1
22938,11648,8537,93,32436,31355,1715,32915,54902,48,1,1
22939,4609,195,93,25059,24843,1718,25364,31989,1,1,1
22940,25033,23161,192,76267,73939,1695,77098,127098,114,1,1
22941,17147,16621,98,72463,70637,2528,73100,109488,86,1,1
22942,15192,11816,102,31326,29961,2141,31876,61121,63,1,1
22943,8790,5905,93,27209,26334,1698,27643,44128,36,1,1
22944,1952,196,90,24152,23900,2434,24444,29110,1,1,1
22945,25023,35126,166,76638,74078,1709,77492,139445,128,1,1
22946,10732,9337,97,71840,70647,2146,72340,94646,53,1,1
22947,5876,3777,102,27242,26570,2774,27652,40174,25,1,1
22948,7661,3463,101,31191,30575,1825,31600,44638,23,1,1
22949,4091,196,96,23649,23433,1704,23948,30021,1,1,1
22950,16445,15807,96,85249,83553,1859,85903,120109,81,1,1
22951,12955,12757,110,56095,54611,1744,56670,84219,69,1,1
22952,12912,3822,98,56062,55426,4681,56456,77966,24,1,1
22953,11837,7682,109,29632,28613,1707,30124,51442,44,1,1
22954,8113,4824,93,29437,28673,1692,29844,44559,30,1,1
22955,4141,200,102,24231,24033,1727,24530,30682,1,1,1
22956,31030,24875,203,80736,78410,1771,81578,139524,114,1,1
22957,8884,7878,102,54149,53081,2639,54633,74126,47,1,1
22958,10114,1744,93,55486,55068,1779,55838,69749,12,1,1
22959,8205,2649,100,30954,30414,1715,31339,44000,18,1,1
22960,4287,326,95,22769,22520,1671,23082,29453,3,1,1
22961,4170,226,92,24894,24677,1697,25185,31366,1,1,1
22962,4680,197,94,25307,25115,1797,25651,32417,1,1,1
22963,5733,3405,103,49642,49025,5841,50050,65115,23,1,1
22964,10400,3307,97,56606,56003,1719,57000,72517,22,1,1
22965,14984,15203,106,75343,73669,1692,75950,107914,80,1,1
22966,3523,299,100,22434,22215,1734,22729,28374,1,1,1
22967,4203,195,101,18321,18118,1704,18618,24805,1,1,1
22968,4288,196,94,20931,20739,1714,21221,27502,1,1,1
22969,24208,25864,98,89316,86800,1709,90120,141993,126,1,1
22970,11204,10231,103,56644,55360,1756,57174,80460,59,1,1
22971,6276,196,92,53509,53299,1699,53817,62069,1,1,1
22972,1472,201,95,22699,22493,1000,23019,25781,1,1,1
22973,4313,196,99,492,318,6295,764,11650,1,1,1
22974,24701,26343,100,64971,62410,1755,65735,118625,128,1,1
22975,13434,13999,192,63329,61746,1768,64018,93311,75,1,1
22976,11574,1290,112,56195,55833,2272,56568,71796,9,1,1
22977,33530,38956,111,76947,73445,1442,77927,152123,179,1,1
22978,13893,2397,142,28385,27861,1455,28812,46655,16,1,1
22979,27606,10566,214,61076,59759,4274,61747,104445,59,1,1
22980,15620,9170,92,38660,37492,10741,39150,74770,51,1,1
22981,25137,14562,97,46941,45406,1675,47523,88990,72,1,1
22982,41968,28673,100,71927,69280,13675,72719,157316,133,1,1
22983,15310,9032,105,59899,58768,9936,60408,94780,50,1,1
22984,20793,19868,140,59395,57374,2334,60119,103208,97,1,1
22985,9109,7686,96,42561,41503,1720,43025,61632,46,1,1
22986,11736,9521,94,41927,40756,1719,42415,65667,53,1,1
22987,9099,3845,98,57861,57219,18280,58256,89775,24,1,1
22988,13424,7538,108,59110,58112,12908,59588,93548,43,1,1
22989,23840,23903,186,65442,63112,1770,66263,115872,115,1,1
22990,10230,9254,101,59325,58172,1721,59829,81125,51,1,1
22991,4125,2324,102,57747,57248,15635,58130,80301,16,1,1
22992,15007,8731,103,60377,59290,11371,60883,96087,48,1,1
22993,19480,19882,191,60886,58857,1760,61659,102874,99,1,1
22994,13624,13878,96,58133,56574,1751,58718,88056,74,1,1
22995,3315,1339,100,57480,57075,29471,57910,92124,11,1,1
22996,14528,8421,101,59393,58306,15353,59890,98283,47,1,1
22997,10345,9852,172,55119,53910,3884,55711,79879,54,1,1
22998,11600,10993,94,56859,55505,1823,57392,81891,62,1,1
22999,2953,594,102,54962,54648,26342,55302,85279,5,1,1
23000,14164,6972,102,58834,57910,14569,59287,95083,39,1,1
23001,22779,27246,150,62221,59634,1778,63054,114950,129,1,1
23002,12849,11150,96,55502,54168,1720,56048,82043,62,1,1
23003,6011,1322,99,56873,56468,21399,57230,86049,10,1,1
23004,13767,8920,100,59655,58506,9830,60166,92775,51,1,1
23005,14661,6530,137,54887,53954,4497,55390,81172,39,1,1
23006,13313,12831,96,56029,54582,1750,56584,84565,68,1,1
23007,2329,881,100,54582,54248,35063,54931,93290,7,1,1
23008,12065,6651,100,56076,55169,24328,56526,99661,38,1,1
23009,9013,7273,107,41769,40763,4042,42273,62690,43,1,1
23010,10097,4402,175,39851,39144,2084,40344,57019,28,1,1
23011,12421,11169,95,56490,55175,1836,57011,82522,60,1,1
23012,7116,1259,95,56371,56002,34600,56717,99786,9,1,1
23013,10085,4793,105,57789,57021,14055,58211,87234,29,1,1
23014,5358,4561,98,50427,49683,4815,50850,65670,29,1,1
23015,12614,12582,195,45515,44095,1763,46180,73239,66,1,1
23016,3638,196,88,36302,36100,2950,36607,43473,1,1,1
23017,41173,22817,104,68557,66299,19509,69271,152866,108,1,1
23018,15780,6838,100,59918,58959,10690,60369,93769,39,1,1
23019,9898,9556,104,52778,51574,3117,53347,76010,54,1,1
23020,15213,15495,116,45504,43798,2378,46128,79305,81,1,1
23021,19949,18971,102,74474,72486,1704,75150,115865,96,1,1
23022,11038,10297,104,72851,71539,1829,73400,96656,59,1,1
23023,17280,17804,115,50964,49090,1738,51664,88579,89,1,1
23024,11955,9585,111,39021,37799,2499,39547,63671,55,1,1
23025,4672,232,94,36824,36611,1745,37114,43852,1,1,1
23026,42266,29112,96,69219,66479,27308,70027,168994,137,1,1
23027,13363,12825,113,70217,68690,1712,70804,98796,71,1,1
23028,16907,6044,181,40710,39814,5364,41277,69685,37,1,1
23029,13258,11940,99,39689,38278,1765,40232,67282,66,1,1
23030,18029,17848,101,75424,73507,1787,76086,113844,93,1,1
23031,11444,9794,102,69980,68715,1779,70546,93656,56,1,1
23032,17196,28484,163,44046,42338,2428,44734,92939,81,1,1
23033,11509,9920,93,38033,36800,1709,38547,61776,56,1,1
23034,24714,24564,121,77607,75145,1481,78384,129234,121,1,1
23035,6916,5169,97,44619,43786,2299,45042,59511,33,1,1
23036,12157,10932,94,61693,60394,2482,62218,87882,59,1,1
23037,6261,5119,169,41161,40341,4490,41666,57630,32,1,1
23038,11888,10382,96,37772,36510,1742,38309,62414,58,1,1
23039,5206,3354,97,44820,44184,5198,45213,59065,24,1,1
23040,10945,7552,90,59804,58768,2187,60350,81123,44,1,1
23041,13049,12463,103,69491,68007,1699,70066,97370,68,1,1
23042,9023,7144,177,37530,36565,3100,38076,57439,41,1,1
23043,10169,9315,94,30302,29149,1773,30799,52148,52,1,1
23044,4488,332,94,25503,25263,2203,25811,32921,2,1,1
23045,14929,12544,100,73802,72325,3175,74371,105111,69,1,1
23046,10093,8041,103,46809,45710,2642,47286,68152,48,1,1
23047,15048,9418,124,62022,60840,1677,62571,88808,52,1,1
23048,14280,11264,180,32793,31449,2215,33426,61278,62,1,1
23049,8459,5462,98,30684,29857,1744,31113,46872,34,1,1
23050,4377,207,91,25702,25492,1773,26004,32445,1,1,1
23051,25389,28647,99,76915,74208,1708,77719,133557,136,1,1
23052,10184,8201,94,72679,71606,2210,73169,93855,47,1,1
23053,42811,13284,204,54888,53438,8691,55558,120649,67,1,1
23054,12140,4128,102,30764,30067,6493,31170,54038,27,1,1
23055,4735,316,111,24705,24455,1744,25033,31920,3,1,1
23056,22899,24152,95,79560,77135,2226,80304,129696,119,1,1
23057,15328,15994,105,74695,72936,1995,75329,108739,85,1,1
23058,7062,3614,187,32670,31987,2252,33163,46187,24,1,1
23059,7850,5710,95,30347,29524,1863,30790,46494,34,1,1
23060,7495,6048,96,52758,51838,6125,53214,73166,38,1,1
23061,18365,8126,93,57035,56008,3865,57514,87964,45,1,1
23062,11186,10164,132,58410,57126,1764,58980,82186,59,1,1
23063,4120,330,90,61629,61385,1831,61980,68356,2,1,1
23064,9142,3381,110,30466,29822,2260,30884,45763,22,1,1
23065,4324,587,100,22289,21982,1741,22606,29352,5,1,1
23066,4378,486,96,41578,41157,1787,41904,48651,4,1,2
23067,7140,4401,95,47183,46465,5765,47580,64982,28,1,1
23068,5550,333,95,54703,54451,1690,55019,62684,3,1,1
23069,17888,11486,118,57653,56270,1755,58230,89601,63,1,1
23070,14655,305,179,54660,54391,4381,55052,74488,3,1,1
23071,4218,234,99,22992,22779,1702,23294,29542,1,1,1
23072,4612,199,95,19628,19427,1744,19930,26577,1,1,1
23073,4218,196,93,21592,21397,1703,21895,28104,1,1,1
23074,24807,23263,108,80734,78433,1681,81461,131306,112,1,1
23075,10615,9520,96,58276,57059,1719,58777,80722,54,1,1
23076,10071,585,200,57150,56849,1701,57592,70051,5,1,1
23077,3783,209,99,21615,21407,2131,21920,28142,1,1,1
23078,23457,23519,105,65792,63462,1751,66531,115353,115,1,1
23079,11520,10891,93,57768,56412,1743,58305,82550,63,1,1
23080,4727,199,96,54959,54749,1670,55265,61952,1,1,1
23081,4268,1577,189,54940,54514,10281,55385,71606,12,1,1
23082,21374,20621,102,63473,61382,1780,64148,108018,101,1,1
23083,9931,8189,90,57033,55986,2114,57504,77830,46,1,1
23084,41770,31229,102,75373,72565,13164,76195,162647,142,1,1
23085,14458,8279,137,59300,58209,10239,59816,93073,47,1,1
23086,15824,15422,108,63129,61447,1754,63757,96851,80,1,1
23087,11587,11292,100,55458,54095,2185,56003,81158,63,1,1
23088,41950,28974,147,73802,71149,9686,74680,155578,133,1,1
23089,15287,10959,151,60866,59575,11691,61449,99482,58,1,1
23090,25079,28628,102,65357,62647,1787,66157,121748,136,1,1
23091,13291,13929,98,63272,61662,1712,63850,92875,75,1,1
23092,4477,2258,102,58780,58279,16129,59156,82116,16,1,1
23093,12546,6848,141,59198,58237,13963,59706,93157,40,1,1
23094,8959,7878,100,57083,56010,4690,57569,79193,47,1,1
23095,15415,15866,98,58380,56615,1767,59004,92320,85,1,1
23096,5370,1909,100,57282,56819,21420,57650,86641,14,1,1
23097,18445,11791,156,62737,61338,11209,63354,104896,63,1,1
23098,7175,5788,106,54156,53247,4637,54608,72303,37,1,1
23099,12103,11476,97,59835,58453,1785,60381,85838,64,1,1
23100,1716,342,95,55734,55472,26338,56041,84523,3,1,1
23101,21631,6962,136,60749,59771,12225,61251,102163,41,1,1
23102,8898,8849,101,54126,52975,4119,54632,76586,51,1,1
23103,11968,10459,93,54270,53001,1733,54800,79046,58,1,1
23104,2998,333,99,62295,62040,34643,62607,100682,3,1,1
23105,13325,8123,99,71014,69963,15997,71551,109090,45,1,1
23106,8069,7355,112,53939,52961,4553,54412,74483,42,1,1
23107,12932,11484,95,54974,53583,1734,55524,81761,65,1,1
23108,528,232,99,54411,54201,1027,54723,56596,1,1,1
23109,42154,28796,105,10172,7496,46089,10955,128078,134,1,1
23110,31738,23956,131,68693,66360,8485,69449,133901,115,1,1
23111,17696,16836,99,59014,57229,1830,59637,96086,86,1,1
23112,10994,10001,101,53988,52738,2206,54512,77798,57,1,1
23113,41708,30098,98,69774,67019,23101,70579,165765,137,1,1
23114,15819,6813,185,58854,57915,12287,59416,94621,39,1,1
23115,9535,8300,105,53393,52307,3419,53874,75217,48,1,1
23116,14913,14996,99,41382,39765,2317,41968,74277,77,1,1
23117,4668,227,91,37125,36914,1747,37424,44154,1,1,1
23118,42012,30105,97,77908,75080,15260,78780,166438,142,1,1
23119,13874,8264,99,60137,59070,8086,60622,91126,46,1,1
23120,10570,9645,105,41286,40063,5015,41814,67139,55,1,1
23121,16387,17234,96,44193,42374,1762,44807,80281,88,1,1
23122,4293,196,89,35876,35653,1687,36177,42433,1,1,1
23123,9374,2076,107,57590,57123,27690,57973,97206,14,1,1
23124,11250,9170,143,69542,68366,2238,70104,92857,52,1,1
23125,8316,7760,101,40633,39583,3578,41117,60857,46,1,1
23126,13816,12961,98,45658,44190,1802,46221,74885,69,1,1
23127,4149,237,96,36547,36341,1726,36860,43062,1,1,1
23128,10397,4055,133,61003,60365,31709,61427,107684,24,1,1
23129,12369,12133,192,73425,71993,1943,74075,100618,66,1,1
23130,42505,14410,106,41279,39711,27900,41873,126992,74,1,1
23131,12270,2956,95,25036,24485,16767,25403,57482,19,1,1
23132,24334,8955,100,38328,37215,12604,38811,84788,49,1,1
23133,27452,14155,98,31539,30005,2195,32108,76003,72,1,1
23134,25676,23573,98,79527,77137,1773,80267,131383,117,1,1
23135,12765,9520,189,71153,69917,2139,71770,96285,55,1,1
23136,18416,18982,101,43485,41537,2261,44147,83899,94,1,1
23137,9412,8107,97,38613,37563,1791,39075,58665,46,1,1
23138,24732,27634,110,76518,73884,1879,77324,131663,132,1,1
23139,13562,11983,144,71513,70069,1980,72124,99743,66,1,1
23140,15956,15365,109,45925,44282,2414,46533,80363,78,1,1
23141,9383,6664,95,30290,29367,1732,30734,48604,39,1,1
23142,4561,625,106,25736,25456,1828,26077,33187,5,1,1
23143,24221,22987,100,85009,82701,1798,85807,134907,115,1,1
23144,9503,6778,107,66728,65769,3571,67194,87141,41,1,1
23145,9439,8347,103,38552,37455,2803,39050,59726,48,1,1
23146,10969,7864,98,29821,28777,1726,30285,50930,45,1,1
23147,7137,3672,100,90477,89674,1871,90878,103651,25,1,2
23148,12861,12899,148,70710,69239,2045,71327,99228,69,1,1
23149,13357,9557,100,32806,31565,1765,33310,58075,55,1,1
23150,8787,5497,96,28780,27934,1704,29199,45272,34,1,1
23151,4200,230,90,24264,24053,1744,24559,30822,1,1,1
23152,18607,17200,99,72278,70438,1694,72918,110507,89,1,1
23153,11861,10590,183,75907,74567,1700,76525,100770,60,1,1
23154,7201,3782,100,27814,27164,2542,28223,41834,24,1,1
23155,7430,3963,98,29625,28947,1739,30031,43249,26,1,1
23156,4377,196,104,25589,25375,1686,25906,32251,1,1,1
23157,23366,23649,95,79890,77556,1727,80623,129461,116,1,1
23158,10162,8777,187,72552,71377,1811,73143,93986,52,1,1
23159,5849,2526,100,29524,28991,2652,29896,41019,18,1,1
23160,4666,200,91,22144,21938,1707,22437,29099,1,1,1
23161,4589,196,90,23903,23685,1670,24185,30728,1,1,1
23162,4299,268,91,17356,17122,1768,17659,24081,2,1,1
23163,27880,28860,98,85529,82809,1753,86332,144927,135,1,1
23164,11214,9860,185,79365,78155,1697,79990,102855,55,1,1
23165,8817,4367,107,30280,29541,1721,30704,45696,29,1,1
23166,4142,198,95,24712,24502,1754,25016,31194,1,1,1
23167,4386,228,93,24639,24444,1714,24944,31359,1,1,1
23168,4821,135,93,17835,17645,2011,18120,25370,1,1,1
23169,21539,24114,96,60442,58054,2028,61169,109132,118,1,1
23170,12532,4304,92,100783,99935,1805,101227,119974,27,1,2
23171,12902,11833,102,48702,47342,3519,49254,77602,63,1,1
23172,2755,208,90,53692,53491,2999,54006,60049,1,1,1
23173,4188,233,100,22691,22463,1736,22988,29245,1,1,1
23174,4359,234,100,18451,18246,1716,18750,25153,1,1,1
23175,4646,183,86,21488,21289,2184,21765,28871,1,1,1
23176,2950,1281,96,38930,38541,924,39271,44513,10,1,1
23177,34830,30353,96,69451,66587,1787,70282,137346,144,1,1
23178,18838,20689,152,57999,55871,5868,58760,104248,104,1,1
23179,36119,43967,95,78232,74362,2059,79255,161495,198,1,1
23180,4157,231,105,23010,22792,1707,23320,29506,1,1,1
23181,24940,24830,107,64678,62307,1735,65422,117012,118,1,1
23182,10732,9906,190,61816,60593,1744,62428,84903,55,1,1
23183,5036,225,95,54202,53995,2493,54512,62351,1,1,1
23184,41334,43402,100,78525,74708,2359,79541,166922,196,1,1
23185,20081,18041,140,63125,61207,1733,63825,103953,92,1,1
23186,8422,6997,177,42481,41514,2085,43025,60624,41,1,1
23187,12151,11728,101,47012,45648,2197,47553,73722,64,1,1
23188,42404,30309,96,72783,69977,14110,73608,160716,141,1,1
23189,14164,9110,105,60590,59444,10668,61104,95319,51,1,1
23190,16832,15633,108,72810,71099,1858,73482,107902,81,1,1
23191,11576,11363,104,60528,59161,2331,61073,86428,62,1,1
23192,41901,33435,97,73329,70386,13218,74180,163017,149,1,1
23193,13873,7253,98,60473,59506,12134,60928,94280,41,1,1
23194,21775,21585,149,63905,61687,1765,64668,109886,108,1,1
23195,10572,8885,100,58056,56897,2283,58565,80397,52,1,1
23196,4369,1732,101,58268,57828,31588,58642,96419,13,1,1
23197,14407,8740,108,59147,58049,14403,59634,97274,48,1,1
23198,8429,14257,144,55937,54956,5012,56470,84259,41,1,1
23199,13144,12771,135,59084,57597,2344,59693,88037,70,1,1
23200,6091,2720,100,56918,56380,21868,57301,88068,18,1,1
23201,14478,6639,99,63501,62361,14232,63981,99460,39,1,1
23202,22873,23842,113,70694,68342,1779,71537,120124,116,1,1
23203,11575,11026,96,55334,53997,2372,55875,80931,62,1,1
23204,2024,702,103,56080,55767,35456,56412,94678,6,1,1
23205,13780,6768,99,57797,56858,14656,58245,93543,39,1,1
23206,9638,9822,100,54687,53436,14317,55202,89063,56,1,1
23207,12338,11958,174,60737,59298,2294,61380,88065,66,1,1
23208,4287,1159,102,56067,55699,25056,56415,87006,9,1,1
23209,13180,9025,96,60204,59112,14069,60689,97054,48,1,1
23210,42051,11188,99,62103,60819,37420,62622,153392,58,1,1
23211,26371,8728,165,49396,48330,6196,50026,91828,40,1,1
23212,9821,4698,107,41944,41186,17012,42376,74008,29,1,1
23213,22323,11058,97,44740,43441,9929,45255,88667,55,1,1
23214,27384,16281,98,48796,47112,2121,49433,95314,78,1,1
23215,42198,27809,97,69282,66836,28329,70075,168707,122,1,1
23216,11329,2891,104,55938,55360,22275,56323,92914,19,1,1
23217,16544,14486,172,56324,54643,1819,56991,89938,75,1,1
23218,8574,5759,96,52635,51762,1813,53061,69299,35,1,1
23219,4453,338,93,54893,54634,27400,55198,87486,3,1,1
23220,14609,5197,109,59750,58957,11037,60229,91168,31,1,1
23221,18559,20645,177,59724,57623,1761,60487,101546,101,1,1
23222,14156,13561,99,44902,43381,1736,45482,75030,72,1,1
23223,4252,198,92,37238,37029,2229,37552,44324,1,1,1
23224,41952,22750,107,68901,66657,27316,69627,161741,109,1,1
23225,11755,6834,98,58052,57139,25838,58494,103016,38,1,1
23226,17156,15603,186,48690,46921,1474,49421,83753,80,1,1
23227,12767,11665,101,41432,40029,2302,42002,68827,64,1,1
23228,4182,199,92,36357,36153,2032,36654,43156,1,1,1
23229,41981,25642,106,104829,102263,27901,105591,201403,119,1,2
23230,12937,6675,104,67312,66406,13826,67815,101352,38,1,1
23231,10633,10094,113,41429,40159,4216,41970,67009,55,1,1
23232,13166,12306,107,40425,38957,1720,40988,68274,67,1,1
23233,4588,2781,98,44880,44331,4936,45254,57657,19,1,1
23234,15978,10255,96,61756,60510,1715,62266,90496,56,1,1
23235,14480,13703,97,71786,70184,1708,72371,102355,75,1,1
23236,10065,9056,145,40640,39491,2984,41201,63590,51,1,1
23237,13746,13336,92,40314,38809,2033,40883,70089,71,1,1
23238,7395,4664,97,45076,44316,4664,45499,62317,30,1,1
23239,12120,9007,96,62274,61135,1745,62781,85747,51,1,1
23240,17562,17495,129,82111,80178,2189,82835,120177,93,1,1
23241,9232,7269,108,38727,37704,3262,39209,59069,43,1,1
23242,10631,8481,97,39439,38359,1730,39921,60858,48,1,1
23243,8190,6603,96,46577,45637,5250,47041,67179,40,1,1
23244,14004,11354,96,60859,59518,1686,61403,88542,62,1,1
23245,11374,9980,99,84239,82997,1787,84811,108047,56,1,1
23246,14806,11496,113,42043,40697,1725,42598,70724,62,1,1
23247,10575,8946,104,33947,32802,1734,34447,55795,51,1,1
23248,4413,197,92,24051,23849,1987,24352,31037,1,1,1
23249,18178,17917,91,74456,72550,1880,75100,113170,91,1,1
23250,12769,11401,101,78220,76817,1725,78821,104813,65,1,1
23251,10803,9073,113,39499,38369,1716,40012,61704,50,1,1
23252,10919,8655,99,31322,30189,1720,31816,53202,49,1,1
23253,8097,6822,98,45557,44607,3917,46019,64953,41,1,1
23254,10138,6328,92,58391,57473,1677,58852,77088,39,1,1
23255,11146,10710,98,73168,71818,1669,73710,97332,62,1,1
23256,2971,1767,178,28786,28335,3969,29226,38027,13,1,1
23257,8469,5613,92,32549,31476,2089,33006,49286,35,1,1
23258,4482,214,133,27043,26822,1845,27412,34050,1,1,1
23259,6844,4122,96,44730,44036,5227,45137,61421,27,1,1
23260,9416,4671,93,57764,57017,1677,58176,74035,29,1,1
23261,18651,16787,113,76254,74401,1681,76896,114112,87,1,1
23262,5384,3204,136,28623,28025,2863,29058,40603,21,1,1
23263,8061,4500,100,31127,30398,1702,31537,45898,28,1,1
23264,4369,203,94,24315,24104,1669,24606,30935,1,1,1
23265,30992,24849,162,84035,81562,1789,84859,142766,119,1,1
23266,10538,8981,101,75153,73980,1711,75653,96982,52,1,1
23267,9152,4446,138,32635,31877,1802,33096,48594,28,1,1
23268,4245,618,94,26085,25782,1708,26407,33070,5,1,1
23269,4691,820,95,41281,40804,1775,41612,48994,7,1,2
23270,21631,22347,97,78469,76195,2317,79169,125562,110,1,1
23271,11396,9996,106,56349,55074,1758,56874,80117,57,1,1
23272,6895,1613,177,55153,54725,3814,55592,68008,12,1,1
23273,8088,3436,102,29852,29216,1715,30244,43578,22,1,1
23274,4183,334,92,21998,21746,2258,22293,29159,3,1,1
23275,25981,25385,108,82292,79832,1701,83050,136213,122,1,1
23276,12072,11459,105,57521,56117,1723,58072,83419,64,1,1
23277,10248,695,173,54190,53879,1749,54605,67394,5,1,1
23278,4040,245,108,23324,23078,2102,23650,30139,1,1,1
23279,4384,294,144,19746,19502,1733,20118,26625,2,1,1
23280,4287,329,92,21553,21297,1793,21871,28376,3,1,1
23281,10891,7938,96,54223,53209,5252,54685,78861,44,1,1
23282,12386,11380,93,54191,52838,5491,54729,84084,62,1,1
23283,10528,825,105,55661,55347,1772,56012,69233,6,1,1
23284,41489,39174,206,77766,74172,4471,78859,164294,180,1,1
23285,4194,197,98,22361,22148,1828,22653,28969,1,1,1
23286,20529,20508,103,60508,58438,2208,61195,104724,101,1,1
23287,12334,12958,97,58112,56651,1739,58663,85787,67,1,1
23288,5520,230,88,68104,67858,1692,68481,76019,1,1,1
23289,8427,6404,106,59600,58687,7981,60064,82975,37,1,1
23290,18883,17618,106,60820,58978,2190,61458,100244,88,1,1
23291,8704,6822,98,43322,42369,1736,43781,61138,41,1,1
23292,12548,11524,103,44752,43397,1762,45297,71225,63,1,1
23293,49592,26239,183,73051,70561,12524,73900,162350,122,1,1
23294,13905,9210,108,59862,58660,10794,60381,94386,51,1,1
23295,6853,2243,104,29971,29465,20343,30341,59873,15,1,1
23296,26419,11332,94,43708,42464,13323,44226,95392,57,1,1
23297,24130,16436,92,46774,45063,3635,47368,91664,81,1,1
23298,13118,6937,92,31980,31023,11515,32466,64129,41,1,1
23299,21327,13778,144,49329,47866,4923,49947,90071,69,1,1
23300,41642,36699,96,74924,71651,6410,75837,160883,166,1,1
23301,12877,9136,102,60202,59065,11142,60695,93946,50,1,1
23302,8129,5655,101,62246,61378,4889,62689,81461,35,1,1
23303,9708,8154,176,59603,58523,1763,60165,79890,46,1,1
23304,7920,1816,97,57076,56642,20400,57447,87678,12,1,1
23305,15416,11529,103,61829,60500,13832,62379,103251,61,1,1
23306,18454,18982,111,60831,58867,2319,61501,101341,95,1,1
23307,26957,14729,215,61018,59277,1784,61748,105616,79,1,1
23308,8176,3658,96,59031,58406,26376,59425,97728,23,1,1
23309,14751,10823,109,60575,59278,13218,61124,100006,59,1,1
23310,10395,9050,105,56425,55225,4909,56924,81373,52,1,1
23311,14696,22748,143,57172,55507,1761,57837,97136,79,1,1
23312,870,420,96,57785,57495,1023,58099,60502,3,1,1
23313,42531,26825,101,9644,7102,32244,10396,112080,126,1,1
23314,26341,21416,94,67770,65656,8942,68458,125435,104,1,1
23315,19238,17659,107,60727,58871,1786,61369,100141,89,1,1
23316,12124,10506,190,56017,54694,1783,56655,81161,59,1,1
23317,2395,479,94,57684,57413,33703,58010,94676,4,1,1
23318,14718,8326,107,59347,58305,13527,59837,96502,44,1,1
23319,19709,19587,140,47977,45941,1800,48691,89874,99,1,1
23320,9973,4519,97,46991,46252,1721,47444,63938,28,1,1
23321,12340,11876,97,56759,55366,2508,57325,84138,65,1,1
23322,2542,501,96,56826,56546,32951,57155,93237,4,1,1
23323,13532,6017,101,59807,58901,12452,60244,92338,37,1,1
23324,6968,5630,103,39044,38185,4071,39486,56250,35,1,1
23325,9813,4207,96,50792,49954,2042,51608,67773,27,1,1
23326,11813,11211,109,54768,53458,2417,55310,80844,60,1,1
23327,41618,26193,103,70306,67806,27637,71067,166791,123,1,1
23328,16202,8720,105,58117,57046,12501,58600,96113,46,1,1
23329,4982,3577,98,50919,50245,3958,51317,64114,24,1,1
23330,12721,11890,143,43058,41677,1737,43665,70106,64,1,1
23331,4084,235,93,37211,37010,1691,37507,43602,1,1,1
23332,42359,29028,98,70277,67572,26916,71076,169662,135,1,1
23333,13048,5115,100,58140,57346,12786,58556,89595,31,1,1
23334,6907,5330,102,38580,37748,4333,39021,55679,34,1,1
23335,15367,15674,150,42841,41127,1752,43511,76396,81,1,1
23336,2595,204,91,35858,35647,2360,36155,41395,1,1,1
23337,42182,27155,94,67854,65315,21564,68617,159805,127,1,1
23338,12366,10145,108,70938,69693,1730,71466,95801,56,1,1
23339,1395,855,105,31183,30834,5741,31539,39613,7,1,1
23340,12523,7544,167,37919,36925,1727,38461,60347,43,1,1
23341,14557,13782,94,42584,41063,1790,43152,73367,72,1,1
23342,21742,20973,102,77882,75730,1907,78584,123291,105,1,1
23343,15454,15487,106,73171,71423,1697,73792,106709,83,1,1
23344,27863,19225,190,44749,42882,1744,45493,94434,90,1,1
23345,11560,9804,95,39605,38382,1772,40114,63335,56,1,1
23346,22542,22614,102,75036,72789,1745,75755,122744,111,1,1
23347,13769,12049,103,71878,70439,1749,72442,100102,66,1,1
23348,8980,6447,133,37686,36776,3133,38177,56830,38,1,1
23349,9128,6635,100,37828,36894,1746,38275,55869,40,1,1
23350,8905,7615,98,46388,45379,5321,46873,68805,44,1,1
23351,14841,12462,103,61495,60070,1708,62059,91161,67,1,1
23352,14518,11053,140,80502,79182,1828,81199,108882,58,1,1
23353,15721,12994,140,43960,42497,1706,44579,75098,68,1,1
23354,11815,8002,98,33642,32631,1762,34100,55773,44,1,1
23355,4153,197,100,25320,25105,1729,25626,31799,1,1,1
23356,24789,23911,108,76029,73728,1887,76784,127467,114,1,1
23357,9110,6987,104,45487,44488,8116,45953,70262,42,1,1
23358,16341,13177,102,63113,61641,1786,63692,95096,69,1,1
23359,13191,11072,169,33901,32586,1754,34523,60636,58,1,1
23360,9617,7710,97,29859,28841,1683,30320,49426,44,1,1
23361,4981,200,92,23977,23776,1770,24273,31312,1,1,1
23362,20961,21232,99,75045,72914,1711,75744,119746,105,1,1
23363,13211,12907,104,74967,73495,1689,75553,103455,69,1,1
23364,9505,7972,171,31768,30690,2424,32332,52328,46,1,1
23365,7905,4804,94,27875,27111,1750,28292,42842,30,1,1
23366,4224,224,93,24745,24533,1681,25046,31270,1,1,1
23367,17837,19279,95,73391,71413,2864,74048,114125,96,1,1
23368,12456,12053,98,54950,53553,4144,55498,84444,65,1,1
23369,9401,5362,96,57114,56310,1778,57541,74176,33,1,1
23370,5760,3801,134,28301,27617,2766,28751,41173,25,1,1
23371,7854,3964,94,31889,31179,1785,32289,45985,27,1,1
23372,4279,274,99,24607,24369,1683,24917,31246,2,1,1
23373,7230,3380,95,47494,46863,5447,47878,64029,23,1,1
23374,20173,9187,95,57504,56421,3427,57982,90862,48,1,1
23375,13963,13297,107,73413,71905,1857,74001,103213,71,1,1
23376,42653,9008,170,54991,53903,5253,55551,112763,47,1,1
23377,12083,2468,96,22955,22464,3920,23317,41881,16,1,1
23378,4327,201,96,23778,23580,1691,24079,30390,1,1,1
23379,4223,200,95,17522,17332,1677,17809,23997,1,1,1
23380,23376,22458,97,76927,74684,1698,77631,125445,108,1,1
23381,8627,7651,108,54986,53937,1792,55497,73664,45,1,1
23382,7701,2153,183,56227,55752,3774,56694,70416,15,1,1
23383,4501,227,99,23623,23410,1701,23927,30454,1,1,1
23384,4629,198,94,17277,17079,1707,17572,24196,1,1,1
23385,4521,199,92,20928,20726,1790,21205,27805,1,1,1
23386,22691,22575,110,81600,79344,1702,82322,129383,111,1,1
23387,12601,12413,178,56877,55386,1694,57523,84323,70,1,1
23388,13601,1713,154,55848,55421,1722,56291,73422,12,1,1
23389,4327,224,105,22671,22460,1726,22971,29346,1,1,1
23390,4275,205,141,19097,18890,2025,19447,26046,1,1,1
23391,4185,194,94,23983,23791,1662,24268,30409,1,1,1
23392,19981,23109,98,61176,58880,2696,61895,107960,113,1,1
23393,10785,10313,90,53999,52747,5366,54510,81068,56,1,1
23394,5459,203,87,54090,53887,2206,54373,62332,1,1,1
23395,41494,42513,168,76833,73122,3852,77888,165846,186,1,1
23396,4708,224,99,22420,22209,1697,22716,29441,1,1,1
23397,28194,27529,105,64503,61898,1682,65292,122980,129,1,1
23398,12576,11925,92,59265,57874,1711,59795,86099,64,1,1
23399,49160,31757,142,73930,71104,10286,74816,166117,142,1,1
23400,13397,9145,104,60040,58915,8962,60534,92132,50,1,1
23401,16119,11898,104,56978,55595,1753,57527,87393,64,1,1
23402,9312,7435,111,41165,40136,1727,41654,60395,44,1,1
23403,12612,10458,100,45610,44349,9454,46133,78753,58,1,1
23404,41871,26043,189,71170,68741,11302,72026,151522,121,1,1
23405,13632,9237,105,59359,58214,9905,59875,92928,51,1,1
23406,16038,16412,112,63652,61872,1752,64278,98577,84,1,1
23407,8080,6701,94,56454,55489,1701,56897,73472,40,1,1
23408,5351,3814,199,59710,59064,13794,60218,83272,24,1,1
23409,15102,12176,107,62447,61083,13332,62991,103877,63,1,1
23410,22550,23857,110,62669,60291,1753,63413,111658,116,1,1
23411,12307,12442,97,60206,58773,1744,60759,87391,67,1,1
23412,42013,29765,153,73469,70772,19316,74354,165729,136,1,1
23413,15268,8683,107,59925,58839,15964,60424,100432,48,1,1
23414,19201,19277,109,60948,58973,1760,61617,102139,96,1,1
23415,11102,10897,97,69399,68035,1792,69979,94098,63,1,1
23416,4211,2013,111,58619,58164,26198,58996,91508,14,1,1
23417,14184,3975,101,58023,57361,14989,58421,91659,25,1,1
23418,10206,8776,105,54553,53441,3887,55050,78006,49,1,1
23419,10506,9155,102,58118,56959,1805,58634,80187,52,1,1
23420,4126,629,183,55228,54938,29306,55669,89818,5,1,1
23421,12150,3448,99,58624,57993,15309,59020,90021,23,1,1
23422,7447,6344,105,53148,52240,4133,53598,71610,38,1,1
23423,12066,11869,107,57609,56217,1731,58154,83904,65,1,1
23424,1758,378,140,58184,57931,28554,58562,89346,3,1,1
23425,18968,12312,100,63441,62016,11884,63992,107246,64,1,1
23426,9676,8687,109,53731,52572,4254,54235,76938,51,1,1
23427,11337,10031,94,54669,53443,1779,55164,78399,55,1,1
23428,42516,28491,191,70329,67663,24467,71222,166790,131,1,1
23429,14651,6185,106,58144,57225,12399,58586,91914,36,1,1
23430,7610,6925,100,39499,38554,3759,39968,58347,40,1,1
23431,10396,4166,92,39305,38608,1741,39700,56094,26,1,1
23432,10123,8502,92,53305,52196,1710,53793,74214,49,1,1
23433,41514,25522,181,69574,67124,23931,70422,161477,121,1,1
23434,11158,4853,103,57475,56726,12369,57892,86363,29,1,1
23435,10350,8755,102,53957,52787,3170,54462,76827,51,1,1
23436,14376,14880,124,42799,41184,2006,43426,74785,77,1,1
23437,11802,190,182,37676,37470,1894,38073,52051,1,1,1
23438,8110,2598,92,57890,57380,10568,58258,79626,17,1,1
23439,16215,11331,100,63807,62458,3955,64357,95951,62,1,1
23440,19358,19083,101,44464,42476,1772,45121,85422,95,1,1
23441,11411,10134,92,42122,40896,1812,42623,66067,56,1,1
23442,4437,223,92,36363,36151,1733,36652,43134,1,1,1
23443,41739,29878,187,71945,69149,12969,72849,157719,138,1,1
23444,12322,10268,97,70529,69168,1767,71058,95504,58,1,1
23445,10307,10386,103,40852,39565,2907,41381,65070,58,1,1
23446,14325,13828,104,39787,38225,1735,40375,70358,74,1,1
23447,8812,6300,104,56077,55167,5212,56589,77007,38,1,1
23448,18224,14645,101,63178,61582,2646,63769,99381,74,1,1
23449,16954,16062,107,74183,72413,1813,74818,109740,85,1,1
23450,10208,10416,100,40220,38941,3589,40729,65038,58,1,1
23451,13768,12507,100,39871,38403,1765,40438,68562,69,1,1
23452,5674,4286,171,45910,45206,5768,46395,62216,27,1,1
23453,17516,12766,96,61861,60433,5167,62418,97958,67,1,1
23454,19282,20132,97,72894,70797,1687,73571,114765,103,1,1
23455,48110,15670,123,43312,41717,25988,43935,133799,75,1,1
23456,12433,3186,95,32905,32322,21978,33279,70974,21,1,1
23457,27983,17669,179,42177,40359,5268,42895,94100,88,1,1
23458,24664,24923,96,76666,74263,2149,77409,129236,120,1,1
23459,10896,10340,187,70111,68808,1702,70733,93761,59,1,1
23460,7212,5584,98,38357,37499,2770,38794,54446,34,1,1
23461,12821,8232,190,31455,30406,1788,32038,55161,46,1,1
23462,4224,236,103,25476,25272,1440,25792,31787,1,1,1
23463,19149,22129,100,76774,74619,1784,77473,120630,106,1,1
23464,10583,9123,103,66486,65339,3251,66979,90030,51,1,1
23465,7106,4923,98,29431,28649,3131,29845,45091,31,1,1
23466,9658,6452,97,36564,35614,1766,37046,55018,39,1,1
23467,4501,200,96,24683,24475,1726,24977,31486,1,1,1
23468,22234,20161,108,73356,71309,1705,74042,118229,100,1,1
23469,11232,9323,104,72316,71104,1759,72844,95250,54,1,1
23470,5207,3278,104,28533,27916,3557,28939,41070,22,1,1
23471,8822,7813,95,29070,28022,1729,29548,48000,46,1,1
23472,9868,8117,175,52580,51508,4627,53138,75842,47,1,1
23473,8967,4470,89,58022,57293,1688,58429,73647,29,1,1
23474,15378,15636,105,75148,73420,1676,75771,108550,83,1,1
23475,6831,4309,98,30236,29532,2434,30648,44316,27,1,1
23476,8424,4778,93,30712,29961,1768,31115,46175,30,1,1
23477,4088,197,169,24965,24757,1765,25340,31475,1,1,1
23478,17500,19204,98,57602,55643,3077,58261,98131,96,1,1
23479,11941,3861,93,56753,56098,1706,57151,74751,25,1,1
23480,14309,12076,102,73827,72385,1705,74398,102579,67,1,1
23481,6821,3033,96,29153,28575,2555,29533,42031,20,1,1
23482,4334,155,88,20672,20465,1696,20955,27413,1,1,1
23483,5375,201,204,28113,27860,1734,28558,36154,1,1,1
23484,4314,197,89,17308,17106,1707,17589,23891,1,1,1
23485,23271,23316,99,78957,76656,1818,79673,128166,114,1,1
23486,11864,11362,105,56311,54960,2067,56849,82228,62,1,1
23487,11815,3885,92,55910,55274,1699,56298,73790,24,1,1
23488,3593,228,104,25255,25036,1729,25563,31201,1,1,1
23489,4215,196,168,18143,17949,1686,25976,32165,1,1,1
23490,4190,197,87,21239,21042,1705,21522,27706,1,1,1
23491,25611,25535,100,82160,79717,1722,82919,135880,121,1,1
23492,12021,10349,104,57240,55959,1716,57773,81944,58,1,1
23493,8751,584,92,54463,54166,1784,54786,65998,5,1,1
23494,3660,199,101,21180,20973,2158,21488,27588,1,1,1
23495,6632,5750,133,55286,54449,5463,55774,73712,35,1,1
23496,13655,13093,97,63539,62049,1729,64117,92690,70,1,1
23497,5647,197,101,54887,54673,1713,55210,62854,1,1,1
23498,41165,52819,155,80360,76300,3060,81493,178633,207,1,1
23499,4439,199,201,23845,23623,1713,24250,30683,1,1,1
23500,7088,4447,100,53654,52927,4515,54080,70218,29,1,1
23501,11655,11186,96,62733,61360,2290,63266,88483,63,1,1
23502,41872,32821,102,75326,72315,11075,76197,162253,152,1,1
23503,12357,7224,100,58177,57215,10295,58633,88787,41,1,1
23504,20786,19354,189,64598,62651,1799,65371,107407,94,1,1
23505,10798,10159,99,59787,58519,1745,60306,83099,58,1,1
23506,41775,32267,103,74446,71449,10826,75316,160279,151,1,1
23507,13574,8854,98,59479,58335,17711,59977,100209,50,1,1
23508,17994,18608,141,61760,59808,1783,62464,100940,94,1,1
23509,8594,7510,92,55504,54480,1748,55963,73904,44,1,1
23510,3734,1258,97,55094,54724,16544,55441,77064,9,1,1
23511,12389,4489,102,58321,57606,10297,58733,85999,27,1,1
23512,29084,29202,212,70698,67847,1789,71664,132033,137,1,1
23513,12448,12377,100,61645,60157,1714,62199,88832,67,1,1
23514,6320,1768,100,57526,57078,23481,57904,89568,13,1,1
23515,14254,9181,102,62584,61428,14063,63100,100897,51,1,1
23516,19843,19867,179,66558,64422,1961,67335,109109,98,1,1
23517,15780,16598,99,59291,57451,1800,59915,94187,87,1,1
23518,1191,237,103,54932,54711,35014,55250,91788,1,1,1
23519,11588,5551,130,59879,59010,15541,60351,93125,33,1,1
23520,24857,26330,178,66561,63966,1928,67432,120648,127,1,1
23521,16950,17616,99,57960,56132,2121,58593,95373,88,1,1
23522,41979,30195,109,72314,69582,22752,73130,168153,135,1,1
23523,15025,10282,103,74946,73701,11830,75510,112747,55,1,1
23524,10063,10714,118,56845,55550,3209,57394,81475,59,1,1
23525,10539,9652,101,57712,56461,1752,58234,80271,56,1,1
23526,42101,25514,102,69780,67371,26944,70545,165391,118,1,1
23527,11293,6084,101,70832,69962,15701,71323,104500,36,1,1
23528,18705,18226,115,59310,57444,1791,59970,98788,89,1,1
23529,12699,12150,95,55331,53941,1743,55869,82552,64,1,1
23530,329,232,93,54939,54724,944,55251,56853,1,1,1
23531,41930,30393,112,10502,7713,50428,11332,134173,139,1,1
23532,26793,19252,138,67880,65910,11076,68596,125813,95,1,1
23533,3377,583,101,45381,45085,32697,45712,82483,5,1,1
23534,19665,3404,106,35068,34483,26274,35464,85100,21,1,1
23535,35703,24746,97,51200,48885,13152,51937,125632,116,1,1
23536,8342,1938,99,29103,28646,15767,29458,55598,14,1,1
23537,27866,12165,99,43304,41988,7550,43845,91699,61,1,1
23538,4953,200,93,35818,35616,1732,36122,43086,1,1,1
23539,41960,30234,180,72125,69279,12040,73043,157578,139,1,1
23540,12287,7461,98,58910,57887,7037,59381,86260,43,1,1
23541,9155,9496,108,40441,39207,2527,40963,62229,54,1,1
23542,4489,199,90,36228,36028,1789,36516,43078,1,1,1
23543,15398,15714,99,42739,41056,2809,43335,77339,80,1,1
23544,16210,9686,197,100590,99159,1788,101218,128997,54,1,2
23545,10976,9305,102,61704,60548,3758,62213,86345,52,1,1
23546,8568,8080,100,39950,38878,3941,40450,61132,47,1,1
23547,12250,11790,96,42906,41501,1770,43448,69344,64,1,1
23548,4246,352,160,40207,39952,1760,40632,47077,3,1,1
23549,54030,30034,178,70973,68172,13141,71877,169342,136,1,1
23550,11216,9296,100,69980,68764,1743,70493,92849,53,1,1
23551,17249,16739,115,42478,40717,1716,43128,78920,84,1,1
23552,13262,12476,107,41263,39805,1728,41846,69408,67,1,1
23553,25556,33241,183,78538,76055,1778,79387,140051,121,1,1
23554,12354,11222,106,70935,69561,1773,71495,96936,63,1,1
23555,9609,8042,105,39731,38650,3126,40218,61083,46,1,1
23556,12193,10722,96,39383,38086,1718,39917,64633,59,1,1
23557,30840,43991,167,79839,76882,1714,80783,157426,149,1,1
23558,11876,10140,104,70395,69144,2390,70931,95427,57,1,1
23559,20417,21078,106,43793,41716,1783,44489,87855,101,1,1
23560,9659,7948,102,37577,36521,1723,38056,57661,45,1,1
23561,5282,3915,102,54292,53608,6979,54748,71209,26,1,1
23562,12216,8752,93,61470,60388,1746,61961,84767,48,1,1
23563,14722,15638,107,71221,69546,3054,71842,105342,80,1,1
23564,14682,13847,106,42355,40843,1739,42942,73298,71,1,1
23565,10686,9271,96,30744,29568,2010,31244,53296,53,1,1
23566,4145,200,89,24986,24776,1698,25290,31421,1,1,1
23567,9896,7629,180,47058,46052,4780,47612,70013,44,1,1
23568,14071,9488,92,59856,58666,1700,60362,85713,53,1,1
23569,9021,7995,105,67435,66390,4024,67927,89059,45,1,1
23570,6560,3340,99,30720,30091,3422,31113,44527,22,1,1
23571,8961,6718,108,32430,31489,1827,32902,50501,40,1,1
23572,2370,198,91,24239,24037,2426,24533,29627,1,1,1
23573,33571,24146,162,76038,73683,1800,76849,136459,117,1,1
23574,9461,7822,105,51503,50470,2814,51989,72177,45,1,1
23575,15444,7817,92,58801,57810,1688,59262,84304,43,1,1
23576,5516,3674,100,27799,27131,2877,28201,40356,25,1,1
23577,7826,3715,99,29382,28720,1712,29793,43132,25,1,1
23578,4400,197,94,23570,23363,1702,23873,30253,1,1,1
23579,33646,20691,206,81036,78987,1700,81839,138136,100,1,1
23580,12958,12696,108,74477,73008,1686,75059,102493,69,1,1
23581,10370,7709,102,29401,28377,1809,29871,49845,44,1,1
23582,7883,4280,97,31093,30377,1706,31501,45456,28,1,1
23583,4647,346,100,56630,56226,1729,56980,63805,3,1,2
23584,21875,20136,104,71878,69898,4614,72551,119261,97,1,1
23585,10390,8731,110,74013,72888,1803,74518,95737,50,1,1
23586,7532,3677,101,29803,29148,2873,30198,44557,24,1,1
23587,4383,295,99,21512,21276,1713,21823,28297,2,1,1
23588,4458,224,100,24396,24184,1735,24686,31190,1,1,1
23589,4271,196,94,17060,16857,1699,17344,23594,1,1,1
23590,5078,1951,95,54870,54412,6912,55324,69360,14,1,1
23591,14531,4466,108,56431,55718,1697,56875,77656,28,1,1
23592,12444,10563,103,73856,72572,1693,74379,99171,58,1,1
23593,4479,198,123,23640,23430,1700,23975,30437,1,1,1
23594,4364,231,94,18063,17866,2185,18349,25215,1,1,1
23595,4360,205,93,21227,21033,1750,21510,27907,1,1,1
23596,23438,23571,104,74048,71768,1752,74824,123678,113,1,1
23597,12512,12429,100,60198,58767,3961,60759,89752,67,1,1
23598,4368,234,89,54488,54280,2504,54775,61968,1,1,1
23599,10905,1307,98,54730,54340,2123,55074,69494,10,1,1
23600,3768,202,100,21141,20928,2055,21447,27555,1,1,1
23601,18395,17396,108,59646,57826,1708,60284,97867,88,1,1
23602,10887,9165,148,50691,49566,2180,51234,73565,50,1,1
23603,12035,10332,101,51261,50000,1738,51779,75973,57,1,1
23604,9931,668,92,53612,53320,1781,53928,66402,5,1,1
23605,28874,32733,126,74617,71540,1692,75523,138914,155,1,1
23606,4263,200,140,24026,23811,2248,24432,31239,1,1,1
23607,26450,15978,159,61075,59335,2882,61768,107172,84,1,1
23608,10727,11016,96,58023,56721,1848,58549,82286,60,1,1
23609,41896,28861,108,72249,69586,13252,73136,157420,133,1,1
23610,11700,6201,105,57130,56241,11102,57578,86676,36,1,1
23611,17220,16231,148,60481,58690,1730,61156,96430,85,1,1
23612,10085,9363,97,57589,56374,1752,58118,79411,55,1,1
23613,9797,5707,98,60065,59235,17771,60506,93874,34,1,1
23614,14838,18224,203,62586,61482,11919,63209,108471,48,1,1
23615,22650,24814,184,64284,61859,1770,65118,114448,119,1,1
23616,10131,8275,100,60751,59611,1786,61243,81520,51,1,1
23617,1212,335,93,55192,54933,19449,55510,76594,3,1,1
23618,13686,8708,104,60435,59289,13577,60938,97001,49,1,1
23619,42156,11023,150,44624,43343,28359,45208,126844,57,1,1
23620,21100,7288,99,47179,46204,15087,47641,91201,41,1,1
23621,6698,1602,92,25456,25018,16710,25804,50907,13,1,1
23622,20403,9253,97,35213,34090,13842,35695,79285,50,1,1
23623,25003,16435,97,53622,51850,6817,54230,102570,83,1,1
23624,41641,30162,108,73732,70903,22545,74564,169195,141,1,1
23625,14747,10724,144,60688,59417,15453,61259,102276,57,1,1
23626,9404,8127,108,56120,54973,5199,56602,79434,47,1,1
23627,12254,12721,100,57086,55607,1779,57652,84506,69,1,1
23628,3076,813,96,57387,57074,27111,57723,88808,6,1,1
23629,17640,7508,106,67616,66598,11813,68152,105207,43,1,1
23630,8920,7652,105,53779,52724,5568,54255,76490,45,1,1
23631,10825,9763,92,55209,53975,1772,55715,78158,55,1,1
23632,1340,466,93,56393,56102,30553,56712,89157,4,1,1
23633,13466,7736,103,69790,68777,13381,70352,105030,43,1,1
23634,7521,5960,111,52126,51256,5423,52590,71589,36,1,1
23635,13817,14151,97,56878,55303,1766,57462,87281,74,1,1
23636,2325,834,97,57116,56785,32361,57454,93059,7,1,1
23637,9587,5012,95,57050,56267,15623,57474,87790,30,1,1
23638,7040,6480,137,41244,40314,5415,41747,60779,39,1,1
23639,11578,4265,93,39914,39191,1767,40311,58200,27,1,1
23640,11865,11450,94,52198,50879,1820,52724,77944,61,1,1
23641,2340,469,90,54700,54420,31903,55021,90024,4,1,1
23642,12887,4982,108,56475,55654,12393,56905,87258,31,1,1
23643,7722,6114,133,53102,52210,2900,53590,70419,37,1,1
23644,12885,13298,96,42270,40773,1732,42834,70834,71,1,1
23645,4599,296,91,36780,36522,1732,37088,43803,2,1,1
23646,42295,25938,134,70959,68390,23666,71770,163765,123,1,1
23647,18549,9308,104,59162,58000,11208,59658,98815,51,1,1
23648,19679,21173,143,59396,57243,1858,60144,102941,105,1,1
23649,13328,13526,101,41266,39728,1776,41843,70559,73,1,1
23650,3906,1309,101,56509,56087,35175,56870,97348,10,1,1
23651,12194,11773,94,83662,82232,1705,84210,109978,64,1,1
23652,2978,2166,175,37535,37055,4991,38014,48244,15,1,1
23653,13532,12784,99,44422,42977,1845,44995,73253,68,1,1
23654,4165,201,96,38085,37871,2379,38391,45224,1,1,1
23655,41886,29693,97,70144,67379,26149,70949,168953,137,1,1
23656,13941,12171,107,70862,69413,1822,71430,99651,67,1,1
23657,15567,14081,209,45198,43660,1790,45887,77422,72,1,1
23658,11330,10195,100,37990,36743,2212,38504,62336,57,1,1
23659,21846,23021,103,78428,76059,1933,79159,126046,114,1,1
23660,13994,12944,105,73612,72103,2056,74178,103261,70,1,1
23661,17279,17799,180,41600,39770,1758,42318,79249,88,1,1
23662,10170,8978,95,40824,39655,2259,41317,62810,52,1,1
23663,9818,7813,96,47288,46244,4777,47759,70262,45,1,1
23664,11326,8455,93,60753,59637,1862,61229,82966,49,1,1
23665,13389,12262,100,72485,71014,1752,73035,100529,67,1,1
23666,8388,7422,138,38330,37306,4457,38843,59202,44,1,1
23667,9277,7365,94,37759,36775,1743,38225,56695,43,1,1
23668,8996,6799,100,46218,45245,4334,46671,66893,42,1,1
23669,12384,9578,139,59540,58366,1685,60087,83826,52,1,1
23670,16638,17420,129,73768,71905,2745,74431,111328,89,1,1
23671,7131,4510,170,37955,37215,3702,38452,53881,29,1,1
23672,10746,9077,99,30649,29512,1797,31144,52850,51,1,1
23673,4427,228,91,24754,24537,1811,25054,31606,1,1,1
23674,17086,17796,97,71735,69846,3304,72382,110660,92,1,1
23675,12909,12163,102,68924,67520,1697,69478,96342,65,1,1
23676,15031,9033,174,31382,30247,1744,31952,58054,50,1,1
23677,9963,6715,92,28940,27991,1691,29385,47839,40,1,1
23678,4086,223,95,25887,25669,2456,26176,33027,1,1,1
23679,25837,28673,101,77499,74830,1803,78295,134698,134,1,1
23680,7845,5931,102,48016,47164,3565,48454,65890,35,1,1
23681,14187,8987,97,68141,67019,1703,68678,93649,50,1,1
23682,8397,5471,166,28361,27547,2316,28853,45129,33,1,1
23683,7582,4577,95,29761,29027,1706,30174,44125,29,1,1
23684,4224,195,89,23562,23324,1993,23847,30340,1,1,1
23685,16011,15764,98,76160,74487,1763,76759,110383,80,1,1
23686,11290,9543,103,57343,56130,2217,57856,80998,54,1,1
23687,4305,360,145,53249,52993,1739,53623,60114,3,1,1
23688,11136,7370,101,29079,28097,1721,29549,49876,42,1,1
23689,7475,4425,96,28965,28231,1699,29365,43049,28,1,1
23690,9758,9209,98,53697,52498,4858,54201,78121,54,1,1
23691,12953,6269,93,55822,54943,1719,56260,77293,37,1,1
23692,12247,12454,105,78667,77190,1780,79231,105805,69,1,1
23693,8458,3459,180,30963,30343,2123,31461,45596,23,1,1
23694,4250,307,95,23807,23555,2329,24106,31076,3,1,1
23695,4386,821,97,41243,40768,1737,41587,48618,7,1,2
23696,9397,7637,94,51281,50256,4487,51755,73372,45,1,1
23697,13930,6942,94,104627,103574,2595,105084,128642,39,1,2
23698,4353,197,97,64017,63814,2733,64356,71734,1,1,1
23699,11021,241,115,41372,41166,1814,41708,54881,1,1,1
23700,4174,197,98,18821,18624,1818,19116,25397,1,1,1
23701,10870,1109,93,25870,25528,2582,26198,40853,8,1,1
23702,1633,328,92,32657,32408,946,32966,35963,3,1,1
23703,32144,31755,95,87917,85093,1798,88824,154607,143,1,1
23704,10156,9223,101,57789,56595,1685,58308,79459,53,1,1
23705,7730,646,141,54742,54449,2574,55129,66173,5,1,1
23706,3449,200,93,22673,22464,2285,22974,28998,1,1,1
23707,22853,24194,103,63172,60768,1821,63921,112876,119,1,1
23708,11905,10712,93,59923,58602,1723,60440,84866,60,1,1
23709,4962,222,93,54809,54598,2171,55104,62546,1,1,1
23710,41409,43326,145,78225,74425,5417,79299,169744,194,1,1
23711,15993,16233,108,59771,58036,1748,60389,94639,83,1,1
23712,10753,10109,102,57811,56561,1695,58343,80985,57,1,1
23713,42200,31917,133,84224,81330,13339,85153,172702,146,1,1
23714,13417,7361,104,58565,57620,10503,59034,90602,40,1,1
23715,19862,18948,110,63053,61063,1804,63725,104433,96,1,1
23716,9854,7855,93,54336,53253,1796,54801,74396,47,1,1
23717,8947,4114,98,71629,70947,19354,72089,104601,26,1,1
23718,14337,8404,106,59657,58605,11491,60153,94477,46,1,1
23719,18068,16003,113,59455,57727,1523,60081,95768,82,1,1
23720,9026,6813,95,53610,52658,1428,54053,71403,40,1,1
23721,41813,42924,167,76108,73039,11124,77077,173032,156,1,1
23722,13287,9581,98,59647,58487,11437,60150,94545,52,1,1
23723,22425,22772,109,62507,60203,1815,63228,110335,112,1,1
23724,11119,9588,104,59574,58362,1790,60097,82687,55,1,1
23725,1407,374,150,56916,56656,26230,57307,85403,3,1,1
23726,13442,7577,97,58494,57484,16281,58968,96360,43,1,1
23727,7064,5462,108,52940,52099,4570,53394,70581,34,1,1
23728,15443,16271,103,63356,61589,1942,63993,97750,85,1,1
23729,5538,1378,101,65565,65195,27616,66023,100648,9,1,1
23730,15068,10781,102,61772,60480,10649,62324,98911,58,1,1
23731,23175,24150,105,63924,61557,1827,64676,113914,117,1,1
23732,8485,7366,94,58623,57589,2871,59090,77897,44,1,1
23733,4535,1545,96,56923,56492,42794,57282,106243,12,1,1
23734,13781,8913,136,59686,58553,13642,60224,96658,48,1,1
23735,10168,8401,107,54264,53138,3781,54760,77197,50,1,1
23736,12415,12155,100,54854,53441,1784,55406,81847,65,1,1
23737,901,250,100,55193,54978,31127,55504,87869,1,1,1
23738,15355,7694,176,58197,57168,10951,58748,92841,43,1,1
23739,10148,9757,107,56051,54814,4517,56571,81081,55,1,1
23740,12721,13767,101,58034,56472,1746,58619,86937,73,1,1
23741,3713,1334,96,57810,57421,34775,58166,98074,10,1,1
23742,12133,5070,177,58348,57552,14435,58852,90587,31,1,1
23743,6772,4029,101,37993,37309,3363,38401,52657,26,1,1
23744,4260,202,95,35906,35683,1705,36208,42458,1,1,1
23745,14890,15292,94,41406,39756,2163,41998,74434,79,1,1
23746,4061,233,96,35941,35729,1697,36255,42335,1,1,1
23747,42181,28122,134,69886,67166,21348,70743,162680,134,1,1
23748,12147,6373,148,60593,59709,10454,61081,90341,37,1,1
23749,19755,20290,111,46013,43915,2516,46707,89367,103,1,1
23750,12429,11752,96,75217,73684,1821,75763,101857,64,1,2
23751,1041,327,96,54423,54183,35153,54733,91342,2,1,1
23752,12367,8855,98,83111,81937,1740,83644,106704,50,1,1
23753,6641,4859,112,39128,38353,4600,39578,55766,31,1,1
23754,11422,10631,94,40104,38820,1710,40631,64481,59,1,1
23755,4361,234,100,36232,36021,1686,36531,42898,1,1,1
23756,10794,3136,98,57873,57274,29632,58258,101914,21,1,1
23757,11612,11632,105,79135,77734,1746,79743,104827,64,1,1
23758,19386,18175,116,42800,40902,1777,43470,82903,92,1,1
23759,13781,11469,99,38511,37149,1714,39056,66106,63,1,1
23760,8069,5644,95,44178,43356,5592,44600,63997,34,1,1
23761,14385,12663,94,61830,60379,1686,62382,91406,68,1,1
23762,14044,19282,154,71980,70516,1722,72597,107737,68,1,1
23763,17832,18136,109,42737,40872,1757,43386,81199,90,1,1
23764,8381,6224,93,36606,35694,1719,37046,53457,38,1,1
23765,9701,7448,99,46611,45599,4607,47077,68930,44,1,1
23766,19396,11428,122,62468,61130,1717,63049,95841,62,1,1
23767,14477,12749,190,72695,71255,1758,73363,102443,67,1,1
23768,8906,6288,95,36537,35625,3450,36980,55712,38,1,1
23769,11286,9928,101,33303,32070,1766,33816,56882,56,1,1
23770,4735,199,88,23911,23705,1685,24215,30918,1,1,1
23771,23097,22630,96,76003,73678,1870,76723,124415,114,1,1
23772,11308,10299,190,48166,46872,3286,48796,73789,59,1,1
23773,15235,8707,99,61178,60072,1698,61676,87407,49,1,1
23774,5224,197,98,24857,24636,32868,25155,63534,1,1,1
23775,20440,3764,98,22773,22152,22919,23160,70404,23,1,1
23776,15021,2311,95,25138,24649,1714,25499,44636,16,1,1
23777,15181,4506,93,30125,29412,11083,30527,61389,28,1,1
23778,20980,8230,94,28488,27460,4099,28990,62384,45,1,1
23779,9578,5305,91,91947,90990,1844,92418,109241,33,1,2
23780,12250,12178,152,69705,68251,2795,70319,97637,67,1,1
23781,13167,10333,108,31021,29768,1767,31553,56908,57,1,1
23782,8341,6290,92,30164,29238,1750,30609,47077,39,1,1
23783,4239,231,99,24643,24434,1742,24960,31258,1,1,1
23784,18509,17453,99,74355,72519,2166,74990,113212,89,1,1
23785,9506,8688,173,60930,59806,1711,61504,81502,50,1,1
23786,13236,4227,85,61206,60499,2033,61597,81187,27,1,1
23787,7830,4936,106,28892,28095,1720,29327,43900,31,1,1
23788,8032,5251,90,29593,28807,2176,29998,45542,32,1,1
23789,4228,207,101,24241,24027,1719,24538,30777,1,1,1
23790,25761,16698,126,76436,74658,1750,77099,121546,85,1,1
23791,9418,7412,145,50384,49371,1709,50902,69538,44,1,1
23792,4320,1568,92,54095,53655,8704,54443,69122,13,1,1
23793,9895,4926,105,30470,29695,1744,30886,47547,30,1,1
23794,4339,369,96,22321,22052,1742,22627,29162,3,1,1
23795,4489,196,96,23837,23635,1764,24136,30668,1,1,1
23796,4221,202,86,16755,16560,2186,17046,23738,1,1,1
23797,22073,23880,94,77413,75078,1733,78146,125924,116,1,1
23798,14338,13541,208,76882,75327,1806,77575,107357,73,1,1
23799,8877,3482,104,29726,29109,1723,30110,44282,22,1,1
23800,4166,318,94,21397,21140,2467,21692,28727,3,1,1
23801,4046,201,95,24490,24283,1735,24779,30846,1,1,1
23802,4729,204,93,17461,17253,1792,17746,24553,1,1,1
23803,20031,21886,90,79493,77208,1687,80205,123904,111,1,1
23804,11960,11730,137,58584,57149,2164,59194,85140,67,1,1
23805,9293,346,90,53533,53275,1711,53832,65268,3,1,1
23806,4084,231,106,22766,22514,1712,23075,29199,1,1,1
23807,4353,202,179,18331,18128,1685,18708,25032,1,1,1
23808,4438,184,84,20781,20579,2327,21057,28098,1,1,1
23809,23378,21012,101,80462,78339,1716,81155,127352,104,1,1
23810,9518,9171,209,58991,57806,1755,59623,80161,53,1,1
23811,38047,43679,98,77693,73800,1716,78731,162465,201,1,1
23812,4545,248,104,29580,29358,2220,29896,37009,1,1,1
23813,24463,25093,116,64933,62479,1745,65709,117097,121,1,1
23814,12807,11172,179,59806,58439,3143,60438,87655,62,1,1
23815,4560,237,107,55194,54994,1765,55506,62169,1,1,1
23816,23862,27649,116,74144,71432,2205,74968,128777,136,1,1
23817,16520,12142,120,58722,57319,1716,59302,89781,65,1,1
23818,9922,8190,201,59334,58245,1818,59927,79958,47,1,1
23819,41518,31864,101,74931,72044,11716,75775,161156,145,1,1
23820,19780,13181,105,61466,59939,9877,62044,104974,71,1,1
23821,18351,19052,108,62388,60451,1690,63052,102238,94,1,1
23822,8494,7242,191,57269,56250,2702,57834,76365,44,1,1
23823,41788,37783,103,77438,74152,10821,78360,169045,168,1,1
23824,14282,8981,108,59183,58048,10614,59697,93666,50,1,1
23825,20700,21976,106,71617,69400,1768,72384,116921,108,1,1
23826,11376,11299,97,60020,58667,1768,60565,85093,63,1,1
23827,10162,4508,97,59121,58423,27682,59542,101989,27,1,1
23828,11066,5345,95,57359,56532,25204,57798,99506,33,1,1
23829,22045,23087,136,74325,72029,1806,75180,122211,113,1,1
23830,13183,13410,103,60574,59036,1815,61154,89648,72,1,1
23831,2232,609,95,55206,54913,25761,55537,84228,5,1,1
23832,12147,6515,100,56238,55341,16209,56686,91650,37,1,1
23833,8066,6085,97,51670,50773,4725,52102,71067,36,1,1
23834,10690,9775,198,56408,55174,1798,57021,79383,56,1,1
23835,4845,1488,97,56713,56293,20425,57070,83917,11,1,1
23836,10514,4602,104,56550,55782,12405,56973,84585,30,1,1
23837,8793,7736,100,42205,41161,3545,42685,62845,45,1,1
23838,17794,4338,132,38940,38241,1735,39391,63351,28,1,1
23839,11331,10829,94,54551,53266,1735,55066,79048,59,1,1
23840,10096,3748,106,58934,58266,29562,59336,102835,25,1,1
23841,12123,4967,105,56676,55904,12730,57101,87013,30,1,1
23842,7198,5880,104,53971,53052,4401,54410,71975,37,1,1
23843,12379,12719,186,55935,54483,1814,56595,83601,67,1,1
23844,3746,1811,101,58879,58422,31689,59243,96577,14,1,1
23845,14177,6574,100,56388,55479,12845,56851,90537,38,1,1
23846,7226,6133,98,61826,60918,5240,62277,80972,38,1,1
23847,14752,14105,169,54533,52944,1784,55189,85925,74,1,1
23848,4493,409,98,54581,54328,28074,54904,87967,3,1,1
23849,14648,8718,101,59773,58680,10759,60277,94494,48,1,1
23850,8244,7689,100,39789,38772,3930,40261,60215,44,1,1
23851,4445,320,96,36971,36726,1793,37279,43925,3,1,1
23852,15188,27089,203,44703,43002,2557,45407,90337,81,1,1
23853,4398,198,91,36006,35774,1749,36315,42751,1,1,1
23854,41892,27343,102,69090,66570,28555,69861,167946,125,1,1
23855,12367,4906,99,57401,56636,13306,57814,88484,30,1,1
23856,2838,586,108,41449,41141,31594,41783,76898,5,1,1
23857,19239,3891,97,31393,30729,23554,31782,78552,24,1,1
23858,9360,2232,140,33457,32959,14148,33876,59711,16,1,1
23859,23171,13494,104,41027,39561,7520,41594,85863,68,1,1
23860,5304,275,92,35801,35563,2449,36102,44214,2,1,1
23861,42009,30511,91,104198,101248,21791,105004,199598,141,1,2
23862,12025,7357,105,57891,56941,10963,58356,88793,40,1,1
23863,10135,10137,103,48463,47163,3183,49034,72585,56,1,1
23864,12898,12973,109,40421,38922,1983,40998,68945,69,1,1
23865,17660,16713,101,73018,71268,1762,73640,109871,84,1,1
23866,11414,10344,107,71183,69926,1731,71709,95289,57,1,1
23867,17223,16014,123,43507,41826,1781,44148,79255,80,1,1
23868,11756,9526,169,44373,43173,1745,44961,68080,54,1,1
23869,5592,2970,93,43964,43400,6718,44339,59708,19,1,1
23870,18305,15013,97,63987,62360,1752,64579,99740,78,1,1
23871,14591,13717,104,72231,70688,1678,72810,102888,73,1,1
23872,7693,5325,108,37985,37165,13928,38415,65454,33,1,1
23873,9508,6754,169,38844,37896,2043,39376,57778,40,1,1
23874,9123,7248,105,46306,45347,4805,46783,68053,41,1,1
23875,14352,13691,100,63259,61739,1735,63832,93701,71,1,1
23876,11261,8924,106,70387,69236,1696,70901,92874,51,1,1
23877,8488,6468,96,36558,35646,3569,37006,55619,38,1,1
23878,11826,9109,167,31110,29946,1794,31679,54502,52,1,1
23879,3648,196,96,24215,24014,2113,24541,30580,1,1,1
23880,22671,24207,100,78096,75708,1710,78840,127523,119,1,1
23881,11532,10720,103,68837,67515,2805,69384,94532,60,1,1
23882,7808,5174,108,37440,36649,3395,37862,54326,32,1,1
23883,12264,9240,170,30639,29471,1767,31208,54573,52,1,1
23884,24022,23929,96,77469,75119,1918,78203,128167,117,1,1
23885,10255,9790,101,72079,70873,1673,72599,94410,54,1,1
23886,5705,3377,104,29493,28868,3526,29906,42606,23,1,1
23887,15534,5990,168,29869,28968,1755,30383,53757,37,1,1
23888,4504,231,94,25825,25619,1699,26124,32646,1,1,1
23889,7842,5626,94,45992,45140,4751,46432,64743,35,1,1
23890,15924,7192,97,59090,58123,1705,59554,84466,41,1,1
23891,14482,13931,99,74422,72829,1715,75025,105244,75,1,1
23892,6523,4450,106,28712,27968,2768,29141,42976,29,1,1
23893,9291,4516,190,35398,34651,1733,35917,51743,29,1,1
23894,4280,318,96,25218,24980,1787,25533,32009,2,1,1
23895,25002,25458,96,80291,77811,1722,81043,133319,122,1,1
23896,11567,10630,103,54160,52815,2396,54703,79389,61,1,1
23897,12155,5617,91,56450,55631,1724,56872,76458,33,1,1
23898,17138,4777,138,30964,30175,1798,31433,55243,31,1,1
23899,4342,245,90,22066,21831,1694,22366,28739,2,1,1
23900,4757,346,88,40419,40051,1845,40725,47759,3,1,2
23901,21455,19744,88,57338,55299,1684,57995,100971,99,1,1
23902,13245,10783,95,107469,106044,8849,107990,140961,60,1,2
23903,11543,3741,98,56292,55641,2855,56687,74918,24,1,1
23904,9588,3731,140,30134,29463,1717,30580,45706,25,1,1
23905,4733,488,89,22731,22444,1700,23039,30052,4,1,1
23906,23044,23249,108,80982,78730,1687,81704,129777,111,1,1
23907,12304,10897,98,59370,58058,1675,59897,84864,60,1,1
23908,5886,198,120,56573,56366,1771,56931,64875,1,1,1
23909,4316,270,182,24710,24468,1806,25110,31601,2,1,1
23910,4370,194,141,19019,18810,1684,19373,25716,1,1,1
23911,4498,110,87,22689,22488,1750,22968,29595,1,1,1
23912,9833,7027,102,54322,53369,4876,54786,76607,41,1,1
23913,12071,11183,95,57329,55966,4504,57868,85712,62,1,1
23914,4968,200,88,54031,53826,1724,54314,61286,1,1,1
23915,41399,46281,100,78755,74662,4092,79823,171683,209,1,1
23916,4315,199,195,25886,25666,1802,26306,32713,1,1,1
23917,25616,28261,111,66318,63658,1746,67132,123027,133,1,1
23918,13747,13525,101,60836,59253,1725,61419,90507,74,1,1
23919,6811,199,102,55792,55580,1724,56109,64941,1,1,1
23920,18334,16299,110,73195,71429,6668,73900,115294,83,1,1
23921,17707,18048,118,62662,60744,1546,63327,100721,93,1,1
23922,11008,8998,93,56534,55349,1709,57041,78839,53,1,1
23923,41580,35025,106,75189,72009,9365,76132,162390,161,1,1
23924,21689,11356,133,60436,59126,10021,61005,104165,60,1,1
23925,17146,17196,110,58171,56394,1839,58811,95080,86,1,1
23926,9294,7589,92,38292,37277,1728,38769,57464,44,1,1
23927,10352,9424,100,44478,43324,1677,44990,66535,52,1,1
23928,41225,37909,128,75612,72204,9252,76597,165070,174,1,1
23929,10954,6500,179,60422,59540,14375,60955,92878,37,1,1
23930,9508,8357,107,57847,56762,4082,58338,80572,48,1,1
23931,9933,9057,96,56270,55069,1734,56774,77588,53,1,1
23932,3806,1142,96,54659,54285,23430,55002,83470,9,1,1
23933,15145,7216,148,59270,58314,14451,59776,96687,41,1,1
23934,10618,9167,97,55391,54212,4332,55888,80107,52,1,1
23935,12324,11909,104,62141,60742,1754,62697,88777,65,1,1
23936,3312,278,92,56494,56253,23463,56801,83943,2,1,1
23937,22054,8748,186,60917,59811,12777,61502,105175,48,1,1
23938,42743,13560,99,40492,39016,27414,41050,125044,69,1,1
23939,23860,8659,103,42780,41717,7101,43270,82985,46,1,1
23940,8066,1047,95,31212,30865,16589,31540,57332,8,1,1
23941,27972,15437,112,50530,48911,10053,51174,104727,78,1,1
23942,8902,3369,96,57028,56420,25038,57458,94858,22,1,1
23943,13293,11456,145,70382,68999,1792,70972,97608,63,1,1
23944,8160,8029,100,54464,53409,4156,54951,75382,46,1,1
23945,14595,14695,100,56034,54389,1779,56632,87787,77,1,1
23946,4606,1722,107,57225,56799,19439,57613,83466,12,1,1
23947,13709,8171,180,60701,59624,9602,61267,92842,47,1,1
23948,14628,15364,100,58421,56712,1773,59031,90882,80,1,1
23949,12637,11963,99,56446,54995,1771,57018,83472,67,1,1
23950,42371,27887,104,71178,68582,39918,71983,182443,130,1,1
23951,11118,3937,181,59881,59179,15148,60366,90666,25,1,1
23952,20097,20385,115,59016,56992,1761,59706,102048,98,1,1
23953,11023,9272,99,56856,55700,2139,57347,79867,52,1,1
23954,3000,777,90,56171,55847,34574,56497,94937,6,1,1
23955,15895,8103,181,59135,58103,13189,59692,96972,44,1,1
23956,6542,5570,105,53267,52408,4069,53709,69995,34,1,1
23957,14515,14193,103,40691,39113,1820,41275,72073,75,1,1
23958,4258,368,95,36696,36436,1755,37004,43473,3,1,1
23959,42182,29739,104,72260,69527,31667,73070,176937,136,1,1
23960,13386,6014,180,58541,57693,11873,59073,90441,35,1,1
23961,6164,5138,100,37617,36821,4535,38049,53981,32,1,1
23962,14652,13438,104,39744,38216,1725,40330,70238,72,1,1
23963,4086,240,104,36932,36718,1744,37251,43416,1,1,1
23964,42097,25302,151,69465,67057,26897,70277,164673,119,1,1
23965,8926,7154,143,68601,67599,1810,69121,87109,42,1,1
23966,6465,5587,102,39181,38282,4405,39627,56171,35,1,1
23967,12854,12021,102,41858,40396,1774,42411,69145,66,1,1
23968,9087,7119,104,46519,45545,4334,46983,67616,42,1,1
23969,12940,11930,96,62874,61456,1732,63426,90120,66,1,1
23970,17800,17758,165,72861,70913,1707,73578,110940,94,1,1
23971,16252,15906,106,42823,41099,1715,43434,77400,82,1,1
23972,10053,8835,110,42415,41290,1842,42911,63727,50,1,1
23973,27315,25173,101,77553,75141,1713,78299,132593,120,1,1
23974,9246,7690,180,68434,67413,1687,68986,87701,44,1,1
23975,10175,9236,103,40864,39667,3300,41381,64186,53,1,1
23976,11222,9295,103,37499,36325,1707,38005,60319,53,1,1
23977,9677,7785,100,47279,46236,4348,47758,69662,46,1,1
23978,13650,10181,90,61891,60646,1691,62403,88017,57,1,1
23979,10274,7975,168,70473,69402,1683,71037,91064,47,1,1
23980,9238,9133,109,37561,36407,3128,38068,59661,52,1,1
23981,13035,9834,92,31707,30500,1822,32208,56984,54,1,1
23982,4353,238,104,25237,25025,1732,25553,31970,1,1,1
23983,27463,25239,130,78502,76011,1700,79306,133941,123,1,1
23984,11080,10428,180,68313,67034,3185,68927,93712,59,1,1
23985,13552,11383,110,34157,32850,1769,34698,61489,60,1,1
23986,9559,5860,99,28322,27465,1692,28758,45955,35,1,1
23987,4507,201,88,24821,24619,1725,25110,31624,1,1,1
23988,20676,21478,96,75848,73659,1701,76534,120484,106,1,1
23989,11580,11612,189,55499,54086,2344,56144,81778,65,1,1
23990,14450,6814,97,57273,56321,1983,57730,81069,40,1,1
23991,9537,6803,110,31502,30522,2390,31968,50787,41,1,1
23992,7713,5224,90,28265,27456,1809,28683,43517,32,1,1
23993,4203,198,95,24311,24098,1712,24603,30801,1,1,1
23994,17908,18067,100,71204,69317,2803,71864,110732,92,1,1
23995,8627,7328,183,52347,51358,4470,52896,73417,43,1,1
23996,7378,4161,92,55236,54542,1702,55636,69154,27,1,1
23997,10096,7197,108,31546,30563,2325,32011,51907,42,1,1
23998,7537,4430,101,29808,29060,1901,30217,44171,29,1,1
23999,4470,233,104,26043,25821,1735,26345,32870,1,1,1
24000,2980,1332,92,45635,45255,933,45969,51299,10,1,1
24001,32901,27729,166,71864,69200,1748,72808,135281,134,1,1
24002,18814,21260,106,75617,73447,2783,76332,119280,107,1,1
24003,9528,3927,100,30043,29333,1782,30446,45771,27,1,1
24004,4176,194,95,21081,20867,1708,21396,27560,1,1,1
24005,1722,205,100,23507,23307,2488,23814,28315,1,1,1
24006,4524,211,84,22168,21974,1761,22449,29040,1,1,1
24007,28279,31061,106,81851,79044,1732,82687,143855,142,1,1
24008,10769,9464,170,57142,55936,2035,57724,80084,54,1,1
24009,4186,205,93,52729,52524,1757,53023,59255,1,1,1
24010,4343,196,92,21244,21039,1692,21535,27850,1,1,1
24011,4425,200,97,17558,17367,1674,17844,24224,1,1,1
24012,4361,192,95,20773,20577,1717,21065,27417,1,1,1
24013,21771,21487,107,60600,58446,1693,61307,106348,106,1,1
24014,13870,4546,143,104629,103811,2145,105085,125750,26,1,2
24015,16633,3577,101,56024,55394,1723,56414,78435,22,1,1
24016,4370,234,100,22830,22611,1801,23135,29628,1,1,1
24017,4311,200,123,18903,18693,1738,19235,25580,1,1,1
24018,5495,1013,90,64508,64023,2014,64828,73454,8,1,2
24019,17723,16942,101,71900,70148,3928,72509,111196,84,1,1
24020,7789,6242,144,57116,56200,5281,57616,77027,39,1,1
24021,7152,200,90,56063,55863,3442,56356,67231,1,1,1
24022,41034,44763,103,78183,74194,3272,79219,168577,202,1,1
24023,11038,406,93,40720,40456,1749,41028,54523,3,1,1
24024,21635,22972,101,73723,71379,1767,74533,121000,115,1,1
24025,6867,2866,93,39876,39320,10954,40244,61022,19,1,1
24026,21365,14291,106,66170,64596,6045,66756,108548,75,1,1
24027,42077,33975,91,73386,70412,14174,74234,164744,150,1,1
24028,11314,8187,101,64938,63869,11668,65462,96729,46,1,1
24029,15769,15194,148,61935,60271,1763,62597,95416,79,1,1
24030,10714,9404,148,57038,55826,1764,57604,79573,55,1,1
24031,41704,32123,99,73375,70514,13895,74194,162201,144,1,1
24032,13252,8197,103,59595,58516,11076,60090,92709,47,1,1
24033,16949,15661,151,60267,58605,1872,60928,95513,78,1,1
24034,8967,7606,98,55778,54739,1720,56246,74625,45,1,1
24035,4644,1901,101,57905,57434,14563,58285,79479,14,1,1
24036,11083,5567,99,56452,55638,13341,56880,86963,33,1,1
24037,28599,21604,186,64045,61840,1969,64843,117108,107,1,1
24038,12331,11965,101,57574,56141,1740,58128,84247,67,1,1
24039,4924,2613,104,56917,56383,24021,57308,88959,18,1,1
24040,13595,8923,100,60812,59641,15078,61307,98996,50,1,1
24041,8146,6835,128,63645,62673,4360,64179,83614,41,1,1
24042,12905,13040,100,62467,60980,1729,63039,90798,70,1,1
24043,3174,924,94,57335,56984,34534,57683,96402,8,1,1
24044,17297,7925,104,58817,57758,20116,59295,104912,44,1,1
24045,9291,7311,134,67399,66376,3869,67952,88522,43,1,1
24046,9192,7974,98,54778,53710,1777,55267,74305,47,1,1
24047,2324,827,102,55979,55645,27219,56331,86789,7,1,1
24048,15349,6390,99,61017,60074,10939,61469,94239,38,1,1
24049,5890,4432,98,51123,50396,4198,51535,66148,28,1,1
24050,14545,14216,185,59579,57883,1781,60268,91090,76,1,1
24051,2890,935,98,55533,55183,34669,55882,94465,8,1,1
24052,21277,13498,105,61629,60099,13497,62210,110575,70,1,1
24053,6585,4741,101,38242,37463,3925,38678,54023,31,1,1
24054,10001,4579,94,48332,47580,1753,48782,65207,29,1,1
24055,10157,9506,96,56023,54818,1794,56536,78083,53,1,1
24056,2938,1046,101,57959,57572,30579,58314,92962,9,1,1
24057,11902,6997,100,59605,58604,10957,60060,90008,40,1,1
24058,10390,9056,107,183452,182293,3754,184011,207315,51,1,1
24059,12800,12395,97,167981,166574,2561,168542,196573,66,1,1
